{"type":"FeatureCollection","name":"CHN_R3164669","crs":{"type":"name","properties":{"name":"urn:ogc:def:crs:OGC:1.3:CRS84"}},"features":[{"type":"Feature","properties":{"uesi_id":"CHN_R3164669","nbhd_code":"CHN_R3164669_5","nbhd_name":"\u9752\u9633\u53bf"},"geometry":{"type":"MultiPolygon","coordinates":[[[[117.82987,30.69374,0.0],[117.82884,30.69649,0.0],[117.82808,30.69829,0.0],[117.82468,30.70205,0.0],[117.82152,30.70522,0.0],[117.82026,30.70673,0.0],[117.81914,30.70736,0.0],[117.81464,30.70915,0.0],[117.81313,30.70951,0.0],[117.81193,30.70992,0.0],[117.81015,30.70998,0.0],[117.80936,30.70979,0.0],[117.80877,30.70958,0.0],[117.80847,30.70937,0.0],[117.80842,30.70882,0.0],[117.80856,30.70839,0.0],[117.8086,30.70752,0.0],[117.80853,30.70739,0.0],[117.80828,30.70737,0.0],[117.80772,30.70759,0.0],[117.80654,30.70855,0.0],[117.80443,30.70956,0.0],[117.80379,30.70972,0.0],[117.8034,30.7101,0.0],[117.80292,30.71108,0.0],[117.80258,30.71142,0.0],[117.80231,30.71162,0.0],[117.80142,30.7119,0.0],[117.80118,30.71212,0.0],[117.80089,30.71252,0.0],[117.80105,30.71315,0.0],[117.80103,30.71396,0.0],[117.80066,30.71443,0.0],[117.79965,30.71459,0.0],[117.79743,30.7146,0.0],[117.79601,30.7145,0.0],[117.79532,30.71431,0.0],[117.7949,30.71432,0.0],[117.79438,30.71445,0.0],[117.79384,30.71498,0.0],[117.79385,30.71607,0.0],[117.7941,30.71647,0.0],[117.79534,30.7174,0.0],[117.79606,30.71771,0.0],[117.79618,30.71803,0.0],[117.79616,30.71839,0.0],[117.79584,30.71861,0.0],[117.79518,30.7187,0.0],[117.7938,30.71858,0.0],[117.79283,30.71835,0.0],[117.79143,30.71857,0.0],[117.79099,30.71915,0.0],[117.79087,30.71957,0.0],[117.7909,30.72015,0.0],[117.79108,30.72097,0.0],[117.79158,30.72181,0.0],[117.79237,30.72226,0.0],[117.79338,30.72236,0.0],[117.7941,30.72233,0.0],[117.79439,30.72241,0.0],[117.79489,30.72284,0.0],[117.79524,30.72364,0.0],[117.79564,30.72404,0.0],[117.79735,30.72516,0.0],[117.79866,30.72622,0.0],[117.80027,30.72695,0.0],[117.80124,30.72757,0.0],[117.80158,30.72786,0.0],[117.80191,30.72836,0.0],[117.80202,30.72902,0.0],[117.8019,30.72931,0.0],[117.80148,30.72972,0.0],[117.80047,30.73017,0.0],[117.79893,30.73072,0.0],[117.79861,30.73095,0.0],[117.79812,30.73166,0.0],[117.79798,30.73225,0.0],[117.79815,30.73278,0.0],[117.79913,30.73388,0.0],[117.7993,30.73427,0.0],[117.79933,30.73454,0.0],[117.79909,30.73614,0.0],[117.79913,30.73745,0.0],[117.79903,30.73765,0.0],[117.79832,30.73814,0.0],[117.79825,30.73848,0.0],[117.79833,30.73925,0.0],[117.79872,30.74094,0.0],[117.79845,30.74173,0.0],[117.79852,30.74373,0.0],[117.79825,30.74433,0.0],[117.79668,30.74515,0.0],[117.79641,30.74538,0.0],[117.79617,30.74576,0.0],[117.79559,30.74738,0.0],[117.79538,30.74885,0.0],[117.79541,30.75026,0.0],[117.79562,30.75098,0.0],[117.79734,30.7536,0.0],[117.79744,30.75401,0.0],[117.7973,30.75528,0.0],[117.79713,30.75579,0.0],[117.79701,30.75604,0.0],[117.79693,30.75646,0.0],[117.79693,30.757,0.0],[117.79708,30.75746,0.0],[117.79714,30.75811,0.0],[117.79739,30.7591,0.0],[117.79773,30.75986,0.0],[117.79788,30.75998,0.0],[117.79903,30.75987,0.0],[117.7991,30.75987,0.0],[117.7995,30.7599,0.0],[117.79993,30.75986,0.0],[117.80047,30.75969,0.0],[117.80067,30.75971,0.0],[117.80086,30.75971,0.0],[117.80119,30.75975,0.0],[117.80134,30.75987,0.0],[117.80145,30.76006,0.0],[117.80157,30.76048,0.0],[117.80164,30.76067,0.0],[117.80169,30.76073,0.0],[117.80194,30.76081,0.0],[117.8022,30.7609,0.0],[117.8026,30.76104,0.0],[117.80284,30.7611,0.0],[117.80334,30.76116,0.0],[117.80375,30.76127,0.0],[117.80403,30.76137,0.0],[117.80441,30.76156,0.0],[117.80509,30.76184,0.0],[117.80596,30.76222,0.0],[117.80676,30.76268,0.0],[117.80736,30.76291,0.0],[117.80816,30.76312,0.0],[117.80835,30.76318,0.0],[117.80849,30.76318,0.0],[117.80959,30.7628,0.0],[117.81025,30.76242,0.0],[117.81043,30.7623,0.0],[117.81085,30.76214,0.0],[117.81384,30.76183,0.0],[117.81777,30.76346,0.0],[117.82438,30.76861,0.0],[117.82557,30.76908,0.0],[117.82677,30.76887,0.0],[117.82755,30.77007,0.0],[117.83052,30.7709,0.0],[117.83307,30.7701,0.0],[117.83382,30.76894,0.0],[117.83511,30.76881,0.0],[117.83629,30.76996,0.0],[117.83792,30.77036,0.0],[117.83903,30.77132,0.0],[117.83941,30.77242,0.0],[117.84031,30.77376,0.0],[117.84035,30.77434,0.0],[117.8393,30.77692,0.0],[117.84106,30.77866,0.0],[117.84077,30.78207,0.0],[117.84137,30.78318,0.0],[117.84384,30.78461,0.0],[117.84387,30.78572,0.0],[117.84312,30.78719,0.0],[117.84114,30.78812,0.0],[117.83995,30.78932,0.0],[117.84135,30.79012,0.0],[117.84355,30.79061,0.0],[117.84764,30.79251,0.0],[117.85084,30.79578,0.0],[117.85304,30.80059,0.0],[117.85619,30.80457,0.0],[117.85737,30.80478,0.0],[117.85784,30.80528,0.0],[117.85974,30.80566,0.0],[117.86287,30.80603,0.0],[117.86405,30.80581,0.0],[117.86476,30.80519,0.0],[117.86576,30.80499,0.0],[117.86649,30.80544,0.0],[117.86726,30.80561,0.0],[117.86946,30.80706,0.0],[117.87028,30.80802,0.0],[117.87272,30.80982,0.0],[117.87475,30.81167,0.0],[117.87633,30.81197,0.0],[117.87726,30.81247,0.0],[117.8779,30.81248,0.0],[117.87857,30.81295,0.0],[117.87931,30.81596,0.0],[117.87976,30.81618,0.0],[117.88153,30.81615,0.0],[117.88456,30.81668,0.0],[117.88675,30.81671,0.0],[117.88785,30.81632,0.0],[117.88943,30.81453,0.0],[117.89213,30.81309,0.0],[117.89462,30.81202,0.0],[117.89604,30.81219,0.0],[117.90026,30.81339,0.0],[117.90593,30.81616,0.0],[117.91378,30.82255,0.0],[117.91884,30.82838,0.0],[117.92052,30.83186,0.0],[117.92327,30.83611,0.0],[117.92748,30.84044,0.0],[117.92904,30.84185,0.0],[117.93255,30.8429,0.0],[117.935,30.84132,0.0],[117.9372,30.83793,0.0],[117.93845,30.83476,0.0],[117.93997,30.83283,0.0],[117.94173,30.83221,0.0],[117.94507,30.83344,0.0],[117.94725,30.83346,0.0],[117.94834,30.83236,0.0],[117.94956,30.83072,0.0],[117.94963,30.82807,0.0],[117.94802,30.82545,0.0],[117.94701,30.8219,0.0],[117.94768,30.82095,0.0],[117.95018,30.81998,0.0],[117.95353,30.8194,0.0],[117.95611,30.8207,0.0],[117.95834,30.82814,0.0],[117.96162,30.83253,0.0],[117.9651,30.83417,0.0],[117.97044,30.83966,0.0],[117.97281,30.84268,0.0],[117.97368,30.84584,0.0],[117.98005,30.84597,0.0],[117.98119,30.83787,0.0],[117.98593,30.83231,0.0],[117.98643,30.82942,0.0],[117.98542,30.82691,0.0],[117.98046,30.82323,0.0],[117.97827,30.82022,0.0],[117.96671,30.81246,0.0],[117.96488,30.81097,0.0],[117.96304,30.80833,0.0],[117.96235,30.80349,0.0],[117.96358,30.79737,0.0],[117.96704,30.79571,0.0],[117.97478,30.79836,0.0],[117.9811,30.79787,0.0],[117.9885,30.7893,0.0],[117.99165,30.78546,0.0],[117.9924,30.78321,0.0],[117.99078,30.78096,0.0],[117.99115,30.77984,0.0],[117.99168,30.77768,0.0],[117.99421,30.7777,0.0],[117.99683,30.77962,0.0],[117.99876,30.78056,0.0],[117.99968,30.78134,0.0],[118.00115,30.78307,0.0],[118.00404,30.78284,0.0],[118.00878,30.78005,0.0],[118.01251,30.77869,0.0],[118.01756,30.7786,0.0],[118.0199,30.77941,0.0],[118.02305,30.77952,0.0],[118.02487,30.77906,0.0],[118.03406,30.77503,0.0],[118.0369,30.77217,0.0],[118.03988,30.77036,0.0],[118.04181,30.77057,0.0],[118.04325,30.77048,0.0],[118.04613,30.76873,0.0],[118.05161,30.76477,0.0],[118.05803,30.76287,0.0],[118.06032,30.76068,0.0],[118.0604,30.75232,0.0],[118.06214,30.75125,0.0],[118.06175,30.75015,0.0],[118.0609,30.74937,0.0],[118.06064,30.74834,0.0],[118.06222,30.74745,0.0],[118.0633,30.74782,0.0],[118.06334,30.74642,0.0],[118.06484,30.74682,0.0],[118.06583,30.74675,0.0],[118.06681,30.74608,0.0],[118.0678,30.74453,0.0],[118.06904,30.74505,0.0],[118.07063,30.74482,0.0],[118.07183,30.74578,0.0],[118.07204,30.74457,0.0],[118.0726,30.74434,0.0],[118.07264,30.74327,0.0],[118.07363,30.74206,0.0],[118.0747,30.7422,0.0],[118.07539,30.74283,0.0],[118.07603,30.74279,0.0],[118.07672,30.7446,0.0],[118.07869,30.74482,0.0],[118.08208,30.74168,0.0],[118.08276,30.74205,0.0],[118.08332,30.74197,0.0],[118.08379,30.74072,0.0],[118.08731,30.74146,0.0],[118.08697,30.74241,0.0],[118.08796,30.74529,0.0],[118.08933,30.74456,0.0],[118.09182,30.74596,0.0],[118.09414,30.74632,0.0],[118.09594,30.74249,0.0],[118.09989,30.74146,0.0],[118.1017,30.74168,0.0],[118.10281,30.74087,0.0],[118.10247,30.73873,0.0],[118.10376,30.73711,0.0],[118.1023,30.73541,0.0],[118.10049,30.73526,0.0],[118.09972,30.73239,0.0],[118.10426,30.72996,0.0],[118.10761,30.72577,0.0],[118.10977,30.72162,0.0],[118.11398,30.72199,0.0],[118.1169,30.72251,0.0],[118.11948,30.72001,0.0],[118.12,30.71743,0.0],[118.12154,30.71647,0.0],[118.12043,30.71536,0.0],[118.12137,30.71094,0.0],[118.12123,30.70672,0.0],[118.12309,30.70349,0.0],[118.12954,30.70247,0.0],[118.12859,30.70025,0.0],[118.12541,30.69649,0.0],[118.12063,30.69297,0.0],[118.1176,30.6889,0.0],[118.11639,30.68623,0.0],[118.11656,30.68194,0.0],[118.11716,30.68062,0.0],[118.11312,30.67685,0.0],[118.10878,30.67668,0.0],[118.10576,30.67284,0.0],[118.10245,30.66786,0.0],[118.10025,30.66514,0.0],[118.09859,30.66242,0.0],[118.09784,30.66009,0.0],[118.09354,30.65862,0.0],[118.0926,30.657,0.0],[118.09483,30.65486,0.0],[118.09526,30.65198,0.0],[118.0944,30.64836,0.0],[118.09346,30.64526,0.0],[118.0938,30.64149,0.0],[118.09223,30.63802,0.0],[118.09056,30.63741,0.0],[118.08749,30.6344,0.0],[118.08707,30.63441,0.0],[118.08614,30.63364,0.0],[118.08604,30.63282,0.0],[118.08458,30.63123,0.0],[118.08379,30.63121,0.0],[118.08179,30.62917,0.0],[118.08157,30.62869,0.0],[118.08074,30.628,0.0],[118.07842,30.62778,0.0],[118.07436,30.62599,0.0],[118.07276,30.62433,0.0],[118.07174,30.62246,0.0],[118.0709,30.61592,0.0],[118.06874,30.61502,0.0],[118.06725,30.61234,0.0],[118.06739,30.60995,0.0],[118.0641,30.60765,0.0],[118.06557,30.604,0.0],[118.06669,30.60317,0.0],[118.06629,30.60209,0.0],[118.06581,30.60232,0.0],[118.06438,30.6023,0.0],[118.0629,30.60199,0.0],[118.06033,30.60214,0.0],[118.05902,30.60043,0.0],[118.0576,30.59815,0.0],[118.05552,30.59851,0.0],[118.05129,30.60036,0.0],[118.04627,30.60445,0.0],[118.04185,30.6061,0.0],[118.04007,30.60599,0.0],[118.03741,30.60683,0.0],[118.03589,30.6065,0.0],[118.03529,30.60524,0.0],[118.03395,30.60241,0.0],[118.03638,30.59515,0.0],[118.03312,30.59223,0.0],[118.03095,30.59117,0.0],[118.02828,30.58952,0.0],[118.0267,30.58748,0.0],[118.02449,30.58675,0.0],[118.02331,30.58186,0.0],[118.02033,30.57962,0.0],[118.01987,30.57868,0.0],[118.01929,30.57823,0.0],[118.01758,30.5761,0.0],[118.01696,30.57606,0.0],[118.01487,30.57678,0.0],[118.0138,30.57686,0.0],[118.01274,30.57553,0.0],[118.0122,30.57541,0.0],[118.01023,30.5753,0.0],[118.0095,30.57485,0.0],[118.00856,30.57455,0.0],[118.00641,30.57452,0.0],[118.00533,30.57428,0.0],[118.00312,30.57423,0.0],[118.00192,30.57451,0.0],[118.00019,30.57472,0.0],[117.99903,30.57461,0.0],[117.99857,30.57514,0.0],[117.99698,30.57627,0.0],[117.99639,30.57603,0.0],[117.99582,30.57603,0.0],[117.99513,30.57561,0.0],[117.99462,30.5756,0.0],[117.994,30.57553,0.0],[117.99276,30.57566,0.0],[117.99156,30.57489,0.0],[117.99117,30.57422,0.0],[117.99061,30.57396,0.0],[117.98997,30.5739,0.0],[117.98819,30.57425,0.0],[117.98737,30.5745,0.0],[117.98696,30.57483,0.0],[117.98514,30.57425,0.0],[117.98359,30.57476,0.0],[117.98267,30.57394,0.0],[117.98188,30.57395,0.0],[117.98096,30.57364,0.0],[117.97961,30.57138,0.0],[117.97958,30.56963,0.0],[117.97833,30.56665,0.0],[117.97807,30.56395,0.0],[117.98002,30.55901,0.0],[117.97997,30.55351,0.0],[117.98098,30.54844,0.0],[117.98127,30.5452,0.0],[117.97995,30.54342,0.0],[117.98,30.54057,0.0],[117.97835,30.53745,0.0],[117.97827,30.53191,0.0],[117.97754,30.52953,0.0],[117.97718,30.5277,0.0],[117.97509,30.52681,0.0],[117.97182,30.52606,0.0],[117.9712,30.52633,0.0],[117.97067,30.52615,0.0],[117.97034,30.52532,0.0],[117.97031,30.52477,0.0],[117.96931,30.5233,0.0],[117.96686,30.52139,0.0],[117.96443,30.52028,0.0],[117.96229,30.51714,0.0],[117.96198,30.51611,0.0],[117.95965,30.50848,0.0],[117.95714,30.50513,0.0],[117.95548,30.50181,0.0],[117.95291,30.50023,0.0],[117.95117,30.49814,0.0],[117.95227,30.49391,0.0],[117.95387,30.49086,0.0],[117.95177,30.4884,0.0],[117.94252,30.48594,0.0],[117.94139,30.48106,0.0],[117.93825,30.47484,0.0],[117.93641,30.47019,0.0],[117.93639,30.46739,0.0],[117.93539,30.46388,0.0],[117.93304,30.46271,0.0],[117.92937,30.4577,0.0],[117.92908,30.45602,0.0],[117.93629,30.4554,0.0],[117.94025,30.45539,0.0],[117.94185,30.4546,0.0],[117.94301,30.45361,0.0],[117.94469,30.45213,0.0],[117.94594,30.45023,0.0],[117.94434,30.44815,0.0],[117.94087,30.441,0.0],[117.93851,30.43535,0.0],[117.9363,30.43287,0.0],[117.93429,30.43025,0.0],[117.93469,30.42462,0.0],[117.9378,30.42144,0.0],[117.9407,30.42024,0.0],[117.94175,30.41907,0.0],[117.94115,30.41528,0.0],[117.94274,30.41191,0.0],[117.94424,30.40897,0.0],[117.94778,30.40617,0.0],[117.95242,30.40388,0.0],[117.94999,30.39433,0.0],[117.94624,30.39166,0.0],[117.94089,30.38628,0.0],[117.93875,30.38102,0.0],[117.93314,30.38074,0.0],[117.92802,30.37706,0.0],[117.9251,30.37251,0.0],[117.91995,30.37276,0.0],[117.91733,30.36984,0.0],[117.9154,30.36926,0.0],[117.91394,30.36651,0.0],[117.91143,30.36662,0.0],[117.90892,30.36645,0.0],[117.90879,30.36129,0.0],[117.90849,30.35864,0.0],[117.91047,30.35449,0.0],[117.91167,30.35356,0.0],[117.91311,30.35129,0.0],[117.91065,30.34765,0.0],[117.90557,30.3454,0.0],[117.90122,30.34645,0.0],[117.89532,30.34951,0.0],[117.88641,30.35356,0.0],[117.87903,30.35603,0.0],[117.87511,30.35742,0.0],[117.86837,30.35831,0.0],[117.86266,30.35795,0.0],[117.86231,30.3516,0.0],[117.86146,30.35027,0.0],[117.86109,30.34723,0.0],[117.86167,30.34673,0.0],[117.86152,30.34564,0.0],[117.8588,30.34575,0.0],[117.85395,30.34566,0.0],[117.84521,30.34691,0.0],[117.83701,30.3475,0.0],[117.83019,30.34781,0.0],[117.82461,30.34786,0.0],[117.81944,30.34793,0.0],[117.81661,30.34497,0.0],[117.81899,30.34038,0.0],[117.82088,30.33501,0.0],[117.82047,30.33212,0.0],[117.81867,30.33157,0.0],[117.81702,30.33171,0.0],[117.8127,30.32951,0.0],[117.80616,30.32632,0.0],[117.8002,30.32356,0.0],[117.79659,30.32303,0.0],[117.79361,30.32347,0.0],[117.78743,30.32782,0.0],[117.78646,30.33073,0.0],[117.78713,30.33538,0.0],[117.78153,30.34079,0.0],[117.7755,30.34221,0.0],[117.77679,30.34562,0.0],[117.77988,30.35099,0.0],[117.78056,30.35384,0.0],[117.78311,30.35667,0.0],[117.78384,30.35914,0.0],[117.78168,30.36566,0.0],[117.78123,30.36973,0.0],[117.77882,30.37247,0.0],[117.78155,30.37741,0.0],[117.78256,30.37976,0.0],[117.78157,30.38159,0.0],[117.78567,30.38818,0.0],[117.78584,30.39707,0.0],[117.78506,30.40156,0.0],[117.78524,30.40338,0.0],[117.78655,30.40414,0.0],[117.78773,30.41067,0.0],[117.78801,30.41239,0.0],[117.78318,30.42235,0.0],[117.78587,30.42631,0.0],[117.79011,30.42964,0.0],[117.79213,30.43041,0.0],[117.79266,30.43378,0.0],[117.79043,30.43706,0.0],[117.7912,30.44022,0.0],[117.78895,30.44399,0.0],[117.79051,30.44553,0.0],[117.7912,30.44827,0.0],[117.78953,30.45304,0.0],[117.78507,30.45444,0.0],[117.78327,30.45661,0.0],[117.78234,30.45718,0.0],[117.78069,30.45772,0.0],[117.77743,30.45678,0.0],[117.77481,30.45687,0.0],[117.77172,30.45753,0.0],[117.77011,30.45888,0.0],[117.7617,30.46156,0.0],[117.75541,30.4651,0.0],[117.7503,30.46741,0.0],[117.74863,30.46881,0.0],[117.74631,30.47009,0.0],[117.74498,30.47116,0.0],[117.74477,30.47141,0.0],[117.74454,30.47202,0.0],[117.7443,30.47382,0.0],[117.74424,30.47391,0.0],[117.74359,30.47485,0.0],[117.74309,30.47519,0.0],[117.74267,30.47563,0.0],[117.74217,30.47588,0.0],[117.74181,30.47601,0.0],[117.74077,30.47601,0.0],[117.74027,30.47596,0.0],[117.73958,30.47571,0.0],[117.7366,30.47408,0.0],[117.73383,30.47271,0.0],[117.7325,30.47231,0.0],[117.73142,30.47241,0.0],[117.72635,30.47414,0.0],[117.72556,30.47408,0.0],[117.72477,30.47455,0.0],[117.72438,30.47456,0.0],[117.7238,30.47428,0.0],[117.72356,30.47434,0.0],[117.72274,30.47506,0.0],[117.72181,30.47541,0.0],[117.72109,30.47594,0.0],[117.72038,30.47625,0.0],[117.71874,30.47659,0.0],[117.71685,30.4776,0.0],[117.71638,30.47772,0.0],[117.71619,30.47788,0.0],[117.71471,30.47833,0.0],[117.7139,30.47901,0.0],[117.71377,30.4795,0.0],[117.7139,30.47969,0.0],[117.71371,30.48023,0.0],[117.71353,30.48049,0.0],[117.71313,30.4808,0.0],[117.71277,30.48087,0.0],[117.71264,30.48106,0.0],[117.71224,30.48124,0.0],[117.71216,30.48138,0.0],[117.71136,30.48156,0.0],[117.71097,30.48178,0.0],[117.70795,30.48667,0.0],[117.70582,30.48904,0.0],[117.70561,30.4896,0.0],[117.70533,30.48982,0.0],[117.70504,30.48997,0.0],[117.70461,30.48997,0.0],[117.7041,30.48973,0.0],[117.70393,30.4893,0.0],[117.70314,30.48861,0.0],[117.70196,30.48707,0.0],[117.70091,30.48717,0.0],[117.70202,30.4892,0.0],[117.7021,30.48989,0.0],[117.70167,30.49079,0.0],[117.70303,30.49081,0.0],[117.70321,30.49087,0.0],[117.70329,30.49106,0.0],[117.70069,30.49451,0.0],[117.70073,30.49519,0.0],[117.70135,30.49613,0.0],[117.70248,30.49823,0.0],[117.70413,30.49868,0.0],[117.70468,30.49924,0.0],[117.70471,30.49955,0.0],[117.70449,30.49971,0.0],[117.70186,30.49987,0.0],[117.70177,30.50012,0.0],[117.70193,30.50078,0.0],[117.70257,30.5017,0.0],[117.70269,30.50239,0.0],[117.70258,30.50322,0.0],[117.70205,30.50336,0.0],[117.70162,30.50336,0.0],[117.7011,30.50369,0.0],[117.70118,30.50408,0.0],[117.70148,30.50563,0.0],[117.70148,30.50623,0.0],[117.70138,30.50669,0.0],[117.6992,30.50813,0.0],[117.69904,30.50841,0.0],[117.69895,30.50956,0.0],[117.69879,30.50984,0.0],[117.69804,30.51017,0.0],[117.69736,30.51117,0.0],[117.69682,30.51117,0.0],[117.69626,30.51298,0.0],[117.69609,30.51312,0.0],[117.69457,30.51188,0.0],[117.69441,30.51191,0.0],[117.69387,30.51247,0.0],[117.69341,30.51319,0.0],[117.69312,30.51347,0.0],[117.69283,30.5136,0.0],[117.69265,30.5139,0.0],[117.69259,30.51467,0.0],[117.69295,30.51502,0.0],[117.69285,30.51513,0.0],[117.69294,30.51557,0.0],[117.69535,30.51711,0.0],[117.69542,30.5174,0.0],[117.69537,30.51797,0.0],[117.69533,30.51851,0.0],[117.6951,30.51929,0.0],[117.6948,30.51979,0.0],[117.69403,30.52049,0.0],[117.69343,30.52085,0.0],[117.69214,30.52116,0.0],[117.69187,30.52116,0.0],[117.69173,30.52105,0.0],[117.69109,30.52006,0.0],[117.69088,30.51997,0.0],[117.69072,30.52003,0.0],[117.69062,30.52044,0.0],[117.69066,30.52123,0.0],[117.69056,30.52146,0.0],[117.68791,30.5224,0.0],[117.68764,30.52238,0.0],[117.6874,30.52232,0.0],[117.68703,30.522,0.0],[117.68659,30.52105,0.0],[117.68567,30.51983,0.0],[117.68543,30.5184,0.0],[117.68488,30.51788,0.0],[117.68431,30.51745,0.0],[117.68198,30.51659,0.0],[117.68104,30.51641,0.0],[117.67986,30.5164,0.0],[117.67965,30.52018,0.0],[117.67976,30.52056,0.0],[117.68027,30.52128,0.0],[117.68034,30.52169,0.0],[117.68021,30.52245,0.0],[117.67964,30.52335,0.0],[117.67948,30.52385,0.0],[117.67955,30.52437,0.0],[117.68043,30.5275,0.0],[117.68004,30.52785,0.0],[117.6792,30.52816,0.0],[117.67798,30.52886,0.0],[117.6778,30.52906,0.0],[117.67789,30.52955,0.0],[117.6782,30.5299,0.0],[117.678,30.53055,0.0],[117.678,30.53112,0.0],[117.67782,30.5315,0.0],[117.67762,30.53164,0.0],[117.67761,30.53177,0.0],[117.67799,30.53229,0.0],[117.67809,30.53258,0.0],[117.67809,30.5329,0.0],[117.67796,30.53307,0.0],[117.67796,30.5336,0.0],[117.67925,30.53469,0.0],[117.68131,30.53588,0.0],[117.68238,30.53613,0.0],[117.68397,30.53618,0.0],[117.68544,30.53597,0.0],[117.68564,30.53609,0.0],[117.68555,30.53635,0.0],[117.68485,30.53725,0.0],[117.68301,30.5386,0.0],[117.68262,30.53978,0.0],[117.6821,30.54066,0.0],[117.68138,30.54242,0.0],[117.68129,30.54303,0.0],[117.68143,30.54344,0.0],[117.6821,30.54405,0.0],[117.68224,30.54445,0.0],[117.68191,30.54524,0.0],[117.68063,30.54752,0.0],[117.67867,30.54895,0.0],[117.67841,30.54951,0.0],[117.67844,30.54997,0.0],[117.67865,30.55055,0.0],[117.68024,30.55203,0.0],[117.68095,30.55243,0.0],[117.68157,30.55376,0.0],[117.6819,30.55403,0.0],[117.68268,30.55428,0.0],[117.68454,30.55517,0.0],[117.68676,30.55604,0.0],[117.69001,30.5571,0.0],[117.6907,30.55716,0.0],[117.69158,30.55706,0.0],[117.69272,30.5572,0.0],[117.69371,30.55865,0.0],[117.69435,30.55896,0.0],[117.697,30.55923,0.0],[117.69741,30.55955,0.0],[117.69753,30.55987,0.0],[117.69782,30.56059,0.0],[117.69793,30.56243,0.0],[117.69777,30.56342,0.0],[117.69781,30.56385,0.0],[117.69801,30.56405,0.0],[117.69852,30.56426,0.0],[117.7002,30.56454,0.0],[117.70081,30.56474,0.0],[117.70276,30.56569,0.0],[117.70352,30.56611,0.0],[117.70442,30.56661,0.0],[117.70483,30.56696,0.0],[117.70517,30.56765,0.0],[117.70525,30.56952,0.0],[117.70583,30.57067,0.0],[117.70967,30.57267,0.0],[117.71344,30.57513,0.0],[117.71693,30.57714,0.0],[117.72044,30.57961,0.0],[117.72263,30.58278,0.0],[117.73005,30.59295,0.0],[117.73462,30.5971,0.0],[117.74052,30.59987,0.0],[117.74535,30.60214,0.0],[117.74441,30.60602,0.0],[117.74372,30.61097,0.0],[117.74378,30.61439,0.0],[117.74496,30.61771,0.0],[117.7487,30.62235,0.0],[117.74932,30.62454,0.0],[117.75397,30.62798,0.0],[117.75653,30.63352,0.0],[117.75859,30.63461,0.0],[117.76091,30.63525,0.0],[117.7653,30.63631,0.0],[117.76934,30.63861,0.0],[117.77333,30.64075,0.0],[117.77822,30.6409,0.0],[117.78133,30.63907,0.0],[117.78837,30.63322,0.0],[117.79161,30.63418,0.0],[117.79942,30.63869,0.0],[117.80288,30.64105,0.0],[117.80442,30.64316,0.0],[117.80781,30.64873,0.0],[117.81167,30.65268,0.0],[117.81414,30.65735,0.0],[117.81582,30.65981,0.0],[117.8164,30.66149,0.0],[117.81755,30.66363,0.0],[117.82002,30.66477,0.0],[117.82157,30.66632,0.0],[117.82294,30.66916,0.0],[117.82861,30.6774,0.0],[117.82918,30.67845,0.0],[117.82943,30.67949,0.0],[117.82931,30.68016,0.0],[117.82959,30.6812,0.0],[117.83037,30.68155,0.0],[117.83129,30.68136,0.0],[117.8318,30.68116,0.0],[117.8324,30.68129,0.0],[117.83204,30.68369,0.0],[117.83112,30.68574,0.0],[117.83118,30.68751,0.0],[117.83086,30.68878,0.0],[117.82994,30.68987,0.0],[117.82998,30.69075,0.0],[117.82987,30.69374,0.0]]]]}},{"type":"Feature","properties":{"uesi_id":"CHN_R3164669","nbhd_code":"CHN_R3164669_6","nbhd_name":"\u4e1c\u81f3\u53bf"},"geometry":{"type":"MultiPolygon","coordinates":[[[[117.08331,29.69989,0.0],[117.08152,29.70063,0.0],[117.08061,29.7009,0.0],[117.0796,29.70096,0.0],[117.07906,29.70059,0.0],[117.0787,29.70044,0.0],[117.07695,29.70119,0.0],[117.07608,29.70135,0.0],[117.0753,29.70114,0.0],[117.07476,29.70117,0.0],[117.07339,29.70183,0.0],[117.07083,29.70145,0.0],[117.06943,29.70093,0.0],[117.06857,29.70041,0.0],[117.06663,29.69896,0.0],[117.0656,29.69848,0.0],[117.06511,29.69743,0.0],[117.06457,29.6965,0.0],[117.05998,29.69233,0.0],[117.05951,29.692,0.0],[117.0592,29.6921,0.0],[117.05894,29.69244,0.0],[117.05869,29.69259,0.0],[117.05855,29.69259,0.0],[117.05781,29.69299,0.0],[117.05729,29.69296,0.0],[117.05676,29.69278,0.0],[117.05613,29.69284,0.0],[117.05506,29.69281,0.0],[117.05427,29.69245,0.0],[117.05324,29.69157,0.0],[117.05206,29.6907,0.0],[117.0513,29.69051,0.0],[117.04978,29.69072,0.0],[117.04848,29.69107,0.0],[117.04666,29.69162,0.0],[117.04627,29.69209,0.0],[117.04601,29.69212,0.0],[117.04548,29.69172,0.0],[117.04461,29.69119,0.0],[117.04284,29.69011,0.0],[117.04135,29.68912,0.0],[117.03988,29.68819,0.0],[117.03958,29.68749,0.0],[117.0396,29.68673,0.0],[117.03904,29.68549,0.0],[117.03794,29.68514,0.0],[117.03585,29.6841,0.0],[117.0345,29.68311,0.0],[117.03282,29.68241,0.0],[117.03158,29.68236,0.0],[117.03051,29.68283,0.0],[117.02856,29.68425,0.0],[117.02737,29.68536,0.0],[117.02536,29.68797,0.0],[117.02484,29.68824,0.0],[117.02344,29.68811,0.0],[117.02222,29.6879,0.0],[117.0194,29.68835,0.0],[117.01874,29.68887,0.0],[117.01658,29.68889,0.0],[117.01505,29.6893,0.0],[117.01361,29.68956,0.0],[117.01197,29.68941,0.0],[117.00984,29.68893,0.0],[117.0085,29.68843,0.0],[117.00752,29.68807,0.0],[117.00561,29.68718,0.0],[117.00434,29.68723,0.0],[117.00316,29.68639,0.0],[117.00155,29.68603,0.0],[117.00077,29.68616,0.0],[116.99888,29.68722,0.0],[116.99674,29.6869,0.0],[116.9909,29.68593,0.0],[116.98618,29.68168,0.0],[116.98452,29.68019,0.0],[116.98392,29.67979,0.0],[116.98349,29.67938,0.0],[116.98323,29.67903,0.0],[116.98307,29.67864,0.0],[116.98291,29.67794,0.0],[116.98274,29.67726,0.0],[116.98243,29.67663,0.0],[116.98219,29.67643,0.0],[116.97844,29.67432,0.0],[116.97813,29.67405,0.0],[116.97808,29.67379,0.0],[116.97817,29.67342,0.0],[116.97909,29.67145,0.0],[116.97898,29.67086,0.0],[116.97645,29.66852,0.0],[116.9755,29.66675,0.0],[116.97412,29.6661,0.0],[116.9715,29.66467,0.0],[116.97122,29.66405,0.0],[116.97127,29.66218,0.0],[116.97111,29.66112,0.0],[116.97142,29.66058,0.0],[116.9716,29.6595,0.0],[116.972,29.65789,0.0],[116.97186,29.65564,0.0],[116.97213,29.65475,0.0],[116.97207,29.65393,0.0],[116.97087,29.6521,0.0],[116.97049,29.65154,0.0],[116.9699,29.6507,0.0],[116.96975,29.65053,0.0],[116.9695,29.65043,0.0],[116.96939,29.65044,0.0],[116.96885,29.65079,0.0],[116.96728,29.65144,0.0],[116.96541,29.65238,0.0],[116.9632,29.65303,0.0],[116.96266,29.65397,0.0],[116.96193,29.65538,0.0],[116.96135,29.65561,0.0],[116.96003,29.65497,0.0],[116.9577,29.654,0.0],[116.95526,29.65326,0.0],[116.95349,29.65267,0.0],[116.95139,29.65237,0.0],[116.95044,29.65223,0.0],[116.9495,29.6523,0.0],[116.94767,29.65314,0.0],[116.94619,29.65338,0.0],[116.94482,29.65355,0.0],[116.94334,29.65407,0.0],[116.94289,29.65396,0.0],[116.94231,29.65376,0.0],[116.94121,29.65303,0.0],[116.93904,29.65165,0.0],[116.93803,29.651,0.0],[116.93668,29.64971,0.0],[116.93437,29.64739,0.0],[116.9338,29.64701,0.0],[116.93336,29.64699,0.0],[116.93238,29.64729,0.0],[116.93094,29.64836,0.0],[116.9297,29.64892,0.0],[116.9284,29.64939,0.0],[116.92717,29.64996,0.0],[116.92654,29.64995,0.0],[116.9258,29.64982,0.0],[116.92523,29.64947,0.0],[116.92412,29.64833,0.0],[116.92276,29.64641,0.0],[116.9217,29.64497,0.0],[116.92053,29.64305,0.0],[116.92027,29.64224,0.0],[116.91913,29.6413,0.0],[116.91659,29.64102,0.0],[116.91535,29.64056,0.0],[116.91405,29.64034,0.0],[116.91261,29.63968,0.0],[116.91208,29.6391,0.0],[116.91191,29.63885,0.0],[116.91162,29.638,0.0],[116.91148,29.63759,0.0],[116.91121,29.63728,0.0],[116.91089,29.63715,0.0],[116.91016,29.63712,0.0],[116.90953,29.63703,0.0],[116.90905,29.63686,0.0],[116.90688,29.63546,0.0],[116.90536,29.63436,0.0],[116.90424,29.63311,0.0],[116.90384,29.63198,0.0],[116.90382,29.63127,0.0],[116.90393,29.63059,0.0],[116.90422,29.62877,0.0],[116.90395,29.62837,0.0],[116.90286,29.62737,0.0],[116.90023,29.62541,0.0],[116.89933,29.62529,0.0],[116.89861,29.62548,0.0],[116.89644,29.62591,0.0],[116.89517,29.62622,0.0],[116.89386,29.62666,0.0],[116.89275,29.62672,0.0],[116.89195,29.62647,0.0],[116.89136,29.6258,0.0],[116.89059,29.62451,0.0],[116.89025,29.62435,0.0],[116.88861,29.62442,0.0],[116.88665,29.62386,0.0],[116.88525,29.62355,0.0],[116.88479,29.62328,0.0],[116.88417,29.62304,0.0],[116.88361,29.62304,0.0],[116.88306,29.62304,0.0],[116.8827,29.62296,0.0],[116.88227,29.62244,0.0],[116.8814,29.62155,0.0],[116.88043,29.62101,0.0],[116.87942,29.62075,0.0],[116.87842,29.62055,0.0],[116.87697,29.61994,0.0],[116.87548,29.61969,0.0],[116.87461,29.6187,0.0],[116.87348,29.61745,0.0],[116.8731,29.61616,0.0],[116.87255,29.61587,0.0],[116.87151,29.61576,0.0],[116.87092,29.61545,0.0],[116.87077,29.61422,0.0],[116.87018,29.61327,0.0],[116.86985,29.61161,0.0],[116.86784,29.61,0.0],[116.86763,29.60946,0.0],[116.86771,29.60852,0.0],[116.86765,29.60722,0.0],[116.8674,29.60564,0.0],[116.86668,29.60456,0.0],[116.86654,29.60398,0.0],[116.86592,29.60347,0.0],[116.86441,29.60311,0.0],[116.86208,29.60253,0.0],[116.86032,29.60212,0.0],[116.85948,29.60171,0.0],[116.8588,29.60097,0.0],[116.85814,29.60082,0.0],[116.85691,29.60072,0.0],[116.85662,29.6008,0.0],[116.85545,29.60153,0.0],[116.85478,29.60237,0.0],[116.85403,29.60261,0.0],[116.85363,29.60262,0.0],[116.85343,29.6023,0.0],[116.85338,29.60183,0.0],[116.85313,29.60155,0.0],[116.85279,29.60101,0.0],[116.85277,29.60041,0.0],[116.85332,29.59959,0.0],[116.85387,29.59912,0.0],[116.85361,29.59889,0.0],[116.8527,29.597,0.0],[116.85223,29.59637,0.0],[116.85152,29.59544,0.0],[116.85138,29.59439,0.0],[116.85113,29.59409,0.0],[116.85006,29.59372,0.0],[116.84935,29.59342,0.0],[116.8486,29.5925,0.0],[116.84766,29.59076,0.0],[116.8463,29.58855,0.0],[116.84565,29.58777,0.0],[116.84533,29.58761,0.0],[116.84451,29.5875,0.0],[116.84408,29.58728,0.0],[116.84413,29.58549,0.0],[116.84404,29.58469,0.0],[116.8443,29.58327,0.0],[116.84426,29.58276,0.0],[116.84443,29.58229,0.0],[116.8444,29.58197,0.0],[116.84426,29.58181,0.0],[116.84376,29.58196,0.0],[116.84359,29.58191,0.0],[116.84343,29.5817,0.0],[116.84334,29.58113,0.0],[116.84292,29.57901,0.0],[116.84271,29.57875,0.0],[116.84105,29.57788,0.0],[116.83795,29.57613,0.0],[116.837,29.57559,0.0],[116.83546,29.57471,0.0],[116.8345,29.57326,0.0],[116.83368,29.57284,0.0],[116.83179,29.57209,0.0],[116.83033,29.57163,0.0],[116.82767,29.57127,0.0],[116.82572,29.57113,0.0],[116.82403,29.57074,0.0],[116.82183,29.57011,0.0],[116.8208,29.5699,0.0],[116.81753,29.56921,0.0],[116.81623,29.56894,0.0],[116.81341,29.56816,0.0],[116.81296,29.56817,0.0],[116.81211,29.568,0.0],[116.81131,29.56792,0.0],[116.81057,29.5682,0.0],[116.81005,29.56834,0.0],[116.80927,29.56867,0.0],[116.80875,29.56926,0.0],[116.8082,29.56957,0.0],[116.80775,29.56965,0.0],[116.80708,29.56952,0.0],[116.80673,29.56932,0.0],[116.80611,29.56875,0.0],[116.8057,29.56846,0.0],[116.80539,29.56812,0.0],[116.80518,29.56819,0.0],[116.80496,29.56845,0.0],[116.80455,29.56885,0.0],[116.80436,29.56886,0.0],[116.80408,29.56873,0.0],[116.80302,29.56846,0.0],[116.80196,29.56828,0.0],[116.80105,29.56835,0.0],[116.80057,29.56841,0.0],[116.80027,29.56833,0.0],[116.79986,29.56805,0.0],[116.79897,29.56701,0.0],[116.79862,29.56686,0.0],[116.79823,29.56692,0.0],[116.79763,29.56703,0.0],[116.79727,29.56698,0.0],[116.79698,29.5666,0.0],[116.79663,29.56617,0.0],[116.79514,29.56532,0.0],[116.79466,29.56511,0.0],[116.79438,29.56507,0.0],[116.79414,29.56512,0.0],[116.79375,29.56529,0.0],[116.79284,29.56648,0.0],[116.79159,29.56805,0.0],[116.7909,29.56917,0.0],[116.78921,29.571,0.0],[116.78798,29.57223,0.0],[116.78743,29.57289,0.0],[116.78709,29.57311,0.0],[116.78682,29.57311,0.0],[116.78644,29.573,0.0],[116.78605,29.57289,0.0],[116.78472,29.57288,0.0],[116.78407,29.57277,0.0],[116.78386,29.57265,0.0],[116.78378,29.57229,0.0],[116.78361,29.57195,0.0],[116.7832,29.57162,0.0],[116.78201,29.57117,0.0],[116.78111,29.57094,0.0],[116.78034,29.57102,0.0],[116.77943,29.57119,0.0],[116.77855,29.57128,0.0],[116.77774,29.57146,0.0],[116.77672,29.57199,0.0],[116.77624,29.57243,0.0],[116.77586,29.57254,0.0],[116.77504,29.57253,0.0],[116.77491,29.57253,0.0],[116.77469,29.5726,0.0],[116.77465,29.57268,0.0],[116.77469,29.5728,0.0],[116.77474,29.57288,0.0],[116.77499,29.57312,0.0],[116.77516,29.57336,0.0],[116.7755,29.57406,0.0],[116.77554,29.57418,0.0],[116.7758,29.57495,0.0],[116.77593,29.57544,0.0],[116.77597,29.57571,0.0],[116.77594,29.57588,0.0],[116.77584,29.5761,0.0],[116.77556,29.57643,0.0],[116.77533,29.57674,0.0],[116.77484,29.57748,0.0],[116.77442,29.57815,0.0],[116.77412,29.57881,0.0],[116.77409,29.57926,0.0],[116.77411,29.57959,0.0],[116.77425,29.58032,0.0],[116.77446,29.58095,0.0],[116.77598,29.58203,0.0],[116.77678,29.58423,0.0],[116.77731,29.58617,0.0],[116.77741,29.58668,0.0],[116.77773,29.5872,0.0],[116.77781,29.5874,0.0],[116.77794,29.58787,0.0],[116.77802,29.58809,0.0],[116.77841,29.58891,0.0],[116.77951,29.59076,0.0],[116.7811,29.59207,0.0],[116.7815,29.59313,0.0],[116.78154,29.59323,0.0],[116.78163,29.59343,0.0],[116.78179,29.59385,0.0],[116.78192,29.59415,0.0],[116.78206,29.59441,0.0],[116.78224,29.59471,0.0],[116.78226,29.59478,0.0],[116.78221,29.59482,0.0],[116.78179,29.5948,0.0],[116.78147,29.59483,0.0],[116.78083,29.5948,0.0],[116.78036,29.59496,0.0],[116.77974,29.59537,0.0],[116.77956,29.59545,0.0],[116.77927,29.59547,0.0],[116.77899,29.59544,0.0],[116.77877,29.59538,0.0],[116.77773,29.59503,0.0],[116.77742,29.59502,0.0],[116.77625,29.59528,0.0],[116.77428,29.59607,0.0],[116.77382,29.59609,0.0],[116.77357,29.59621,0.0],[116.77337,29.59637,0.0],[116.77324,29.59678,0.0],[116.77304,29.5973,0.0],[116.77271,29.59742,0.0],[116.77206,29.59759,0.0],[116.77152,29.59795,0.0],[116.77097,29.59816,0.0],[116.77051,29.59814,0.0],[116.76983,29.59805,0.0],[116.76782,29.597,0.0],[116.76705,29.59652,0.0],[116.76669,29.59586,0.0],[116.76654,29.59542,0.0],[116.76643,29.59496,0.0],[116.76623,29.5948,0.0],[116.76596,29.59482,0.0],[116.7652,29.59502,0.0],[116.76409,29.59503,0.0],[116.76385,29.59491,0.0],[116.76375,29.595,0.0],[116.76381,29.59556,0.0],[116.76405,29.59623,0.0],[116.7642,29.59753,0.0],[116.76447,29.59883,0.0],[116.76471,29.59961,0.0],[116.7648,29.60027,0.0],[116.76497,29.60082,0.0],[116.76558,29.60261,0.0],[116.76563,29.60291,0.0],[116.76543,29.60309,0.0],[116.7652,29.60305,0.0],[116.76471,29.60288,0.0],[116.76435,29.60273,0.0],[116.76394,29.60264,0.0],[116.76351,29.60263,0.0],[116.7627,29.60294,0.0],[116.76182,29.60317,0.0],[116.76144,29.6032,0.0],[116.76108,29.60317,0.0],[116.76058,29.60303,0.0],[116.76033,29.60302,0.0],[116.75999,29.60314,0.0],[116.75812,29.60413,0.0],[116.75725,29.60482,0.0],[116.75669,29.60504,0.0],[116.75576,29.60524,0.0],[116.75539,29.60532,0.0],[116.75503,29.60524,0.0],[116.75481,29.60499,0.0],[116.7549,29.6046,0.0],[116.75501,29.60436,0.0],[116.75462,29.60378,0.0],[116.75435,29.60302,0.0],[116.75403,29.60248,0.0],[116.75356,29.60184,0.0],[116.75356,29.60157,0.0],[116.75359,29.60131,0.0],[116.75381,29.6011,0.0],[116.75402,29.60106,0.0],[116.7543,29.60115,0.0],[116.75477,29.6013,0.0],[116.75507,29.60122,0.0],[116.75522,29.60101,0.0],[116.75535,29.60063,0.0],[116.75543,29.6004,0.0],[116.75574,29.60018,0.0],[116.75608,29.60011,0.0],[116.7565,29.60013,0.0],[116.7569,29.59996,0.0],[116.75714,29.59966,0.0],[116.75727,29.59924,0.0],[116.75728,29.59888,0.0],[116.75724,29.59826,0.0],[116.75698,29.59756,0.0],[116.75691,29.59707,0.0],[116.75691,29.59623,0.0],[116.75671,29.59577,0.0],[116.75648,29.59513,0.0],[116.75639,29.59479,0.0],[116.75635,29.59426,0.0],[116.75627,29.59395,0.0],[116.75619,29.59379,0.0],[116.75604,29.59366,0.0],[116.7555,29.59321,0.0],[116.75536,29.59308,0.0],[116.75522,29.59302,0.0],[116.75511,29.59301,0.0],[116.75466,29.59307,0.0],[116.75447,29.59307,0.0],[116.7541,29.59305,0.0],[116.7538,29.59322,0.0],[116.75308,29.59378,0.0],[116.75269,29.59417,0.0],[116.75243,29.59465,0.0],[116.75229,29.59512,0.0],[116.75227,29.59569,0.0],[116.75234,29.59664,0.0],[116.75227,29.59684,0.0],[116.75202,29.59705,0.0],[116.75154,29.59723,0.0],[116.7506,29.59738,0.0],[116.74949,29.59769,0.0],[116.74895,29.59779,0.0],[116.74845,29.59779,0.0],[116.74708,29.59781,0.0],[116.74653,29.59779,0.0],[116.74612,29.59773,0.0],[116.74554,29.59744,0.0],[116.74506,29.59697,0.0],[116.74489,29.59658,0.0],[116.74475,29.59597,0.0],[116.74465,29.59559,0.0],[116.74469,29.5949,0.0],[116.74466,29.59467,0.0],[116.7446,29.59454,0.0],[116.74442,29.59449,0.0],[116.74421,29.5945,0.0],[116.74403,29.5946,0.0],[116.74394,29.59476,0.0],[116.7439,29.59499,0.0],[116.74391,29.5954,0.0],[116.74378,29.59578,0.0],[116.74358,29.59602,0.0],[116.74325,29.59616,0.0],[116.74303,29.59621,0.0],[116.74248,29.59626,0.0],[116.74202,29.59629,0.0],[116.74146,29.59645,0.0],[116.74119,29.59642,0.0],[116.74096,29.59628,0.0],[116.74056,29.59594,0.0],[116.74026,29.5958,0.0],[116.74001,29.59573,0.0],[116.73963,29.5957,0.0],[116.7391,29.59583,0.0],[116.73824,29.59608,0.0],[116.73793,29.59608,0.0],[116.73766,29.59598,0.0],[116.73744,29.59573,0.0],[116.73749,29.59533,0.0],[116.73793,29.59489,0.0],[116.73816,29.59453,0.0],[116.73819,29.59429,0.0],[116.7381,29.59417,0.0],[116.73792,29.59413,0.0],[116.73776,29.59412,0.0],[116.73761,29.5943,0.0],[116.73743,29.59464,0.0],[116.73708,29.59536,0.0],[116.73693,29.59557,0.0],[116.73675,29.59559,0.0],[116.73645,29.59551,0.0],[116.73631,29.59539,0.0],[116.73604,29.59496,0.0],[116.73582,29.59489,0.0],[116.73337,29.59444,0.0],[116.73323,29.59337,0.0],[116.73584,29.59185,0.0],[116.73604,29.59178,0.0],[116.73607,29.5916,0.0],[116.73602,29.59142,0.0],[116.73588,29.59132,0.0],[116.73555,29.59126,0.0],[116.73512,29.59136,0.0],[116.73458,29.59156,0.0],[116.73406,29.59188,0.0],[116.73368,29.59204,0.0],[116.7334,29.59208,0.0],[116.73303,29.59193,0.0],[116.73288,29.59174,0.0],[116.73285,29.59146,0.0],[116.73297,29.5912,0.0],[116.73325,29.59093,0.0],[116.7332,29.59087,0.0],[116.7327,29.59088,0.0],[116.73253,29.59077,0.0],[116.73244,29.59063,0.0],[116.7324,29.59043,0.0],[116.73248,29.59019,0.0],[116.7326,29.58999,0.0],[116.73282,29.58975,0.0],[116.73278,29.5896,0.0],[116.73261,29.58955,0.0],[116.73245,29.58935,0.0],[116.73246,29.58918,0.0],[116.73291,29.58849,0.0],[116.73297,29.58817,0.0],[116.73304,29.5877,0.0],[116.73331,29.58747,0.0],[116.7337,29.58735,0.0],[116.73403,29.58732,0.0],[116.73425,29.58738,0.0],[116.73455,29.58747,0.0],[116.73532,29.58798,0.0],[116.7357,29.58825,0.0],[116.73614,29.58843,0.0],[116.73648,29.58854,0.0],[116.73693,29.58854,0.0],[116.73737,29.58847,0.0],[116.73754,29.5884,0.0],[116.73758,29.58834,0.0],[116.73749,29.58823,0.0],[116.73726,29.58811,0.0],[116.73684,29.58801,0.0],[116.73658,29.58793,0.0],[116.73622,29.58774,0.0],[116.73564,29.58753,0.0],[116.73463,29.58725,0.0],[116.7343,29.58699,0.0],[116.73393,29.58662,0.0],[116.73307,29.58587,0.0],[116.73244,29.58488,0.0],[116.73242,29.58475,0.0],[116.73249,29.58471,0.0],[116.73267,29.58473,0.0],[116.73286,29.58478,0.0],[116.7331,29.58484,0.0],[116.73357,29.58508,0.0],[116.73415,29.58525,0.0],[116.73465,29.58536,0.0],[116.73505,29.58543,0.0],[116.7352,29.58543,0.0],[116.73538,29.58538,0.0],[116.73549,29.5852,0.0],[116.73543,29.58508,0.0],[116.73532,29.58499,0.0],[116.73441,29.58474,0.0],[116.73225,29.58395,0.0],[116.73179,29.58362,0.0],[116.73133,29.58332,0.0],[116.73115,29.58309,0.0],[116.73112,29.58245,0.0],[116.73126,29.58214,0.0],[116.73147,29.58191,0.0],[116.73176,29.58181,0.0],[116.73202,29.58176,0.0],[116.73239,29.58182,0.0],[116.73247,29.58173,0.0],[116.73242,29.58156,0.0],[116.7322,29.58146,0.0],[116.73167,29.58146,0.0],[116.73058,29.5815,0.0],[116.73014,29.5815,0.0],[116.72986,29.58139,0.0],[116.72964,29.58126,0.0],[116.72948,29.58101,0.0],[116.72938,29.5805,0.0],[116.72929,29.58006,0.0],[116.72928,29.57924,0.0],[116.72928,29.57906,0.0],[116.72921,29.57889,0.0],[116.72904,29.57862,0.0],[116.72876,29.5784,0.0],[116.7284,29.57824,0.0],[116.7281,29.57815,0.0],[116.72762,29.57804,0.0],[116.72722,29.57799,0.0],[116.72687,29.57803,0.0],[116.72658,29.57813,0.0],[116.72626,29.57837,0.0],[116.72587,29.57868,0.0],[116.72568,29.57878,0.0],[116.72552,29.57887,0.0],[116.72539,29.57899,0.0],[116.72523,29.57911,0.0],[116.72514,29.57913,0.0],[116.72499,29.5791,0.0],[116.72488,29.57905,0.0],[116.72479,29.57896,0.0],[116.72477,29.57868,0.0],[116.72486,29.57777,0.0],[116.72488,29.57736,0.0],[116.72475,29.57706,0.0],[116.7246,29.5769,0.0],[116.72451,29.57663,0.0],[116.72449,29.57639,0.0],[116.72464,29.57589,0.0],[116.72474,29.57556,0.0],[116.72491,29.57542,0.0],[116.72516,29.57528,0.0],[116.72526,29.57518,0.0],[116.72529,29.57504,0.0],[116.72522,29.57496,0.0],[116.7251,29.57487,0.0],[116.72484,29.57484,0.0],[116.72458,29.5749,0.0],[116.72438,29.57486,0.0],[116.72421,29.57477,0.0],[116.72405,29.57448,0.0],[116.72401,29.57369,0.0],[116.72405,29.57344,0.0],[116.72416,29.5733,0.0],[116.72428,29.57323,0.0],[116.72441,29.57322,0.0],[116.72464,29.57331,0.0],[116.72504,29.57356,0.0],[116.72607,29.57421,0.0],[116.72659,29.57467,0.0],[116.72686,29.5748,0.0],[116.72732,29.57493,0.0],[116.72776,29.57508,0.0],[116.7279,29.57507,0.0],[116.72799,29.57499,0.0],[116.72803,29.57485,0.0],[116.72799,29.57471,0.0],[116.72788,29.57463,0.0],[116.72752,29.57445,0.0],[116.72731,29.57429,0.0],[116.72682,29.57364,0.0],[116.72661,29.57344,0.0],[116.72564,29.57274,0.0],[116.7254,29.57254,0.0],[116.7249,29.57198,0.0],[116.72434,29.57116,0.0],[116.72392,29.57042,0.0],[116.72377,29.5701,0.0],[116.72359,29.56931,0.0],[116.72343,29.56896,0.0],[116.72302,29.56825,0.0],[116.7227,29.56754,0.0],[116.72253,29.56716,0.0],[116.72237,29.56692,0.0],[116.72216,29.56673,0.0],[116.72196,29.56661,0.0],[116.72167,29.56646,0.0],[116.72125,29.56631,0.0],[116.72076,29.56613,0.0],[116.72049,29.56607,0.0],[116.7202,29.56607,0.0],[116.71991,29.56612,0.0],[116.71944,29.56632,0.0],[116.71906,29.56669,0.0],[116.71884,29.56701,0.0],[116.71859,29.56758,0.0],[116.71818,29.56839,0.0],[116.7179,29.56893,0.0],[116.71779,29.56909,0.0],[116.71769,29.56918,0.0],[116.71758,29.56923,0.0],[116.71739,29.56925,0.0],[116.71718,29.56921,0.0],[116.71651,29.569,0.0],[116.7162,29.56892,0.0],[116.71595,29.5689,0.0],[116.71574,29.56885,0.0],[116.71523,29.56918,0.0],[116.71492,29.56967,0.0],[116.71558,29.57064,0.0],[116.71581,29.57123,0.0],[116.71568,29.5713,0.0],[116.715,29.57168,0.0],[116.71456,29.57221,0.0],[116.71456,29.57247,0.0],[116.71468,29.57277,0.0],[116.71501,29.57284,0.0],[116.71523,29.57335,0.0],[116.71499,29.57393,0.0],[116.71507,29.5747,0.0],[116.71516,29.57497,0.0],[116.71573,29.5753,0.0],[116.71594,29.57575,0.0],[116.71572,29.57635,0.0],[116.7157,29.57686,0.0],[116.71611,29.5772,0.0],[116.71615,29.57788,0.0],[116.71593,29.57887,0.0],[116.71567,29.57934,0.0],[116.71543,29.57979,0.0],[116.71496,29.58003,0.0],[116.71419,29.58019,0.0],[116.71386,29.58022,0.0],[116.71375,29.58058,0.0],[116.71408,29.58114,0.0],[116.7144,29.58179,0.0],[116.71449,29.58292,0.0],[116.71455,29.58342,0.0],[116.71495,29.5843,0.0],[116.71497,29.58458,0.0],[116.71474,29.58476,0.0],[116.71449,29.5847,0.0],[116.71403,29.58452,0.0],[116.71353,29.5844,0.0],[116.71329,29.58436,0.0],[116.71317,29.58438,0.0],[116.71306,29.5845,0.0],[116.71304,29.5847,0.0],[116.71313,29.58488,0.0],[116.71358,29.58504,0.0],[116.71406,29.58541,0.0],[116.7146,29.58566,0.0],[116.71463,29.58612,0.0],[116.71451,29.58652,0.0],[116.71409,29.58686,0.0],[116.71376,29.58731,0.0],[116.71335,29.58802,0.0],[116.71307,29.58828,0.0],[116.71307,29.58867,0.0],[116.71281,29.58891,0.0],[116.71175,29.58887,0.0],[116.71153,29.58904,0.0],[116.71099,29.5893,0.0],[116.71051,29.5901,0.0],[116.71052,29.59073,0.0],[116.71024,29.59102,0.0],[116.71027,29.59136,0.0],[116.71116,29.59135,0.0],[116.71132,29.59165,0.0],[116.71136,29.5921,0.0],[116.71163,29.59266,0.0],[116.71157,29.59294,0.0],[116.71136,29.59327,0.0],[116.71055,29.5934,0.0],[116.70931,29.5938,0.0],[116.70834,29.59405,0.0],[116.70789,29.59447,0.0],[116.70819,29.59509,0.0],[116.70806,29.59536,0.0],[116.70758,29.59546,0.0],[116.70679,29.59555,0.0],[116.70593,29.59554,0.0],[116.70425,29.59591,0.0],[116.70385,29.59617,0.0],[116.70342,29.59674,0.0],[116.70298,29.59706,0.0],[116.70249,29.59728,0.0],[116.70107,29.59766,0.0],[116.70027,29.59796,0.0],[116.69924,29.59834,0.0],[116.69761,29.59917,0.0],[116.69622,29.59972,0.0],[116.69424,29.60034,0.0],[116.69381,29.60059,0.0],[116.69316,29.60112,0.0],[116.69227,29.60144,0.0],[116.69082,29.60234,0.0],[116.69051,29.60262,0.0],[116.69008,29.60312,0.0],[116.68973,29.60325,0.0],[116.68799,29.60377,0.0],[116.68758,29.60396,0.0],[116.68707,29.60435,0.0],[116.68632,29.60462,0.0],[116.68585,29.60474,0.0],[116.68554,29.60472,0.0],[116.68513,29.60452,0.0],[116.68444,29.60405,0.0],[116.68336,29.60343,0.0],[116.68295,29.60303,0.0],[116.68273,29.60236,0.0],[116.68224,29.60196,0.0],[116.68195,29.60166,0.0],[116.68182,29.60131,0.0],[116.68186,29.60083,0.0],[116.68207,29.60026,0.0],[116.68219,29.59989,0.0],[116.68206,29.59977,0.0],[116.68175,29.59962,0.0],[116.68116,29.59947,0.0],[116.68065,29.59944,0.0],[116.68031,29.59949,0.0],[116.67984,29.59981,0.0],[116.67941,29.60039,0.0],[116.67889,29.60079,0.0],[116.67837,29.60104,0.0],[116.67799,29.60109,0.0],[116.67717,29.60094,0.0],[116.67642,29.60094,0.0],[116.67581,29.601,0.0],[116.67548,29.60123,0.0],[116.67551,29.60133,0.0],[116.67583,29.60164,0.0],[116.67601,29.60209,0.0],[116.67606,29.60245,0.0],[116.67596,29.603,0.0],[116.67572,29.6032,0.0],[116.67518,29.60364,0.0],[116.67468,29.60414,0.0],[116.67426,29.60491,0.0],[116.67393,29.60543,0.0],[116.67392,29.60553,0.0],[116.67395,29.60565,0.0],[116.674,29.60573,0.0],[116.67406,29.60578,0.0],[116.67417,29.60585,0.0],[116.67427,29.60588,0.0],[116.67494,29.60591,0.0],[116.67533,29.60602,0.0],[116.67547,29.60614,0.0],[116.6756,29.60639,0.0],[116.67569,29.60695,0.0],[116.67576,29.60727,0.0],[116.67584,29.60751,0.0],[116.676,29.60763,0.0],[116.67636,29.60777,0.0],[116.67721,29.60792,0.0],[116.67782,29.6081,0.0],[116.67878,29.60836,0.0],[116.67898,29.60851,0.0],[116.67902,29.60872,0.0],[116.67896,29.60928,0.0],[116.67874,29.61042,0.0],[116.67868,29.61175,0.0],[116.67838,29.61387,0.0],[116.67826,29.6149,0.0],[116.67822,29.6168,0.0],[116.67776,29.61881,0.0],[116.67772,29.61916,0.0],[116.67814,29.62004,0.0],[116.67853,29.62104,0.0],[116.67833,29.62186,0.0],[116.67789,29.62211,0.0],[116.67669,29.62248,0.0],[116.67556,29.6226,0.0],[116.67512,29.62258,0.0],[116.67465,29.62256,0.0],[116.67405,29.62239,0.0],[116.67378,29.62238,0.0],[116.67357,29.62252,0.0],[116.67367,29.62273,0.0],[116.67375,29.62293,0.0],[116.67374,29.62315,0.0],[116.67357,29.62344,0.0],[116.66895,29.62654,0.0],[116.66709,29.62737,0.0],[116.66615,29.62756,0.0],[116.66565,29.62735,0.0],[116.66544,29.62745,0.0],[116.66425,29.62889,0.0],[116.66313,29.62995,0.0],[116.66156,29.63121,0.0],[116.6606,29.632,0.0],[116.66029,29.63264,0.0],[116.65977,29.63407,0.0],[116.65861,29.6351,0.0],[116.65675,29.63622,0.0],[116.6559,29.63653,0.0],[116.65508,29.63691,0.0],[116.65402,29.63733,0.0],[116.65282,29.63749,0.0],[116.65158,29.63735,0.0],[116.65091,29.63739,0.0],[116.65048,29.63765,0.0],[116.65015,29.63804,0.0],[116.65005,29.63886,0.0],[116.64977,29.63942,0.0],[116.64935,29.63998,0.0],[116.64904,29.64035,0.0],[116.64849,29.64077,0.0],[116.64588,29.6427,0.0],[116.64556,29.64315,0.0],[116.64538,29.64376,0.0],[116.64512,29.64516,0.0],[116.64519,29.64562,0.0],[116.64536,29.64599,0.0],[116.64587,29.64643,0.0],[116.64665,29.64713,0.0],[116.64756,29.6482,0.0],[116.64821,29.64977,0.0],[116.6488,29.65066,0.0],[116.64853,29.65232,0.0],[116.64857,29.65318,0.0],[116.64881,29.65421,0.0],[116.64888,29.65491,0.0],[116.64897,29.65518,0.0],[116.64905,29.6553,0.0],[116.64922,29.65535,0.0],[116.65111,29.65519,0.0],[116.65135,29.65524,0.0],[116.65166,29.65548,0.0],[116.65187,29.65585,0.0],[116.65202,29.65641,0.0],[116.65237,29.6571,0.0],[116.65252,29.65793,0.0],[116.65273,29.65849,0.0],[116.65288,29.65879,0.0],[116.65328,29.65943,0.0],[116.6539,29.66078,0.0],[116.65447,29.66154,0.0],[116.65507,29.66196,0.0],[116.65603,29.66241,0.0],[116.65678,29.66224,0.0],[116.65708,29.66231,0.0],[116.65752,29.66267,0.0],[116.65774,29.66318,0.0],[116.65795,29.66361,0.0],[116.65827,29.66382,0.0],[116.65905,29.66385,0.0],[116.65957,29.66389,0.0],[116.66136,29.6653,0.0],[116.66192,29.66555,0.0],[116.66232,29.66558,0.0],[116.66412,29.66545,0.0],[116.66438,29.66548,0.0],[116.66462,29.66565,0.0],[116.66553,29.66679,0.0],[116.66666,29.66809,0.0],[116.66739,29.66935,0.0],[116.66808,29.67025,0.0],[116.66863,29.6708,0.0],[116.66929,29.67119,0.0],[116.6701,29.67151,0.0],[116.67116,29.67198,0.0],[116.67229,29.67218,0.0],[116.67333,29.67256,0.0],[116.67454,29.6731,0.0],[116.67578,29.67379,0.0],[116.67762,29.67449,0.0],[116.67829,29.67453,0.0],[116.67999,29.67423,0.0],[116.68165,29.67403,0.0],[116.68213,29.67404,0.0],[116.68268,29.67418,0.0],[116.68324,29.67452,0.0],[116.68373,29.67506,0.0],[116.68387,29.67546,0.0],[116.68385,29.67611,0.0],[116.68363,29.67683,0.0],[116.68336,29.67743,0.0],[116.68281,29.67835,0.0],[116.68264,29.6787,0.0],[116.68255,29.67931,0.0],[116.68248,29.67954,0.0],[116.68233,29.67985,0.0],[116.6817,29.6806,0.0],[116.68055,29.68185,0.0],[116.67968,29.68296,0.0],[116.6791,29.68387,0.0],[116.67769,29.68521,0.0],[116.67634,29.68662,0.0],[116.67587,29.68692,0.0],[116.67489,29.68717,0.0],[116.67394,29.68738,0.0],[116.67321,29.68759,0.0],[116.67233,29.68813,0.0],[116.67044,29.6899,0.0],[116.66923,29.69082,0.0],[116.66852,29.69119,0.0],[116.66784,29.69136,0.0],[116.66722,29.69142,0.0],[116.66648,29.69133,0.0],[116.66436,29.691,0.0],[116.66305,29.69048,0.0],[116.66253,29.69041,0.0],[116.6622,29.69043,0.0],[116.66158,29.69057,0.0],[116.66088,29.69078,0.0],[116.66023,29.69092,0.0],[116.65843,29.69075,0.0],[116.65697,29.69071,0.0],[116.65644,29.69074,0.0],[116.65589,29.6909,0.0],[116.65534,29.69123,0.0],[116.65475,29.69148,0.0],[116.65451,29.69153,0.0],[116.65414,29.69147,0.0],[116.65297,29.69102,0.0],[116.65205,29.69057,0.0],[116.65163,29.69051,0.0],[116.65127,29.69059,0.0],[116.65067,29.69082,0.0],[116.65007,29.69112,0.0],[116.64947,29.69134,0.0],[116.64901,29.6913,0.0],[116.64853,29.69107,0.0],[116.64806,29.69076,0.0],[116.64769,29.69065,0.0],[116.64728,29.69072,0.0],[116.64678,29.69098,0.0],[116.64514,29.69207,0.0],[116.64473,29.69254,0.0],[116.6446,29.69296,0.0],[116.64472,29.69371,0.0],[116.64466,29.69548,0.0],[116.64451,29.69667,0.0],[116.64406,29.69786,0.0],[116.64418,29.69852,0.0],[116.64462,29.69901,0.0],[116.64514,29.69924,0.0],[116.64722,29.70002,0.0],[116.64783,29.70067,0.0],[116.64818,29.70085,0.0],[116.6484,29.70105,0.0],[116.64888,29.70177,0.0],[116.6496,29.70281,0.0],[116.65064,29.70399,0.0],[116.65159,29.70453,0.0],[116.6526,29.70472,0.0],[116.65443,29.70452,0.0],[116.65547,29.70446,0.0],[116.65627,29.7042,0.0],[116.65703,29.70363,0.0],[116.65829,29.703,0.0],[116.65855,29.70281,0.0],[116.65883,29.70244,0.0],[116.65892,29.70243,0.0],[116.65905,29.70273,0.0],[116.6594,29.70301,0.0],[116.66002,29.70313,0.0],[116.66108,29.70314,0.0],[116.66174,29.70307,0.0],[116.66216,29.70297,0.0],[116.66268,29.70258,0.0],[116.6628,29.70246,0.0],[116.663,29.70194,0.0],[116.66306,29.70174,0.0],[116.66337,29.70168,0.0],[116.6636,29.70176,0.0],[116.66384,29.70215,0.0],[116.66432,29.70336,0.0],[116.66578,29.70563,0.0],[116.666,29.70656,0.0],[116.66595,29.70787,0.0],[116.66588,29.70917,0.0],[116.66595,29.71028,0.0],[116.66582,29.71065,0.0],[116.66555,29.71101,0.0],[116.66524,29.7115,0.0],[116.66519,29.71195,0.0],[116.66541,29.71252,0.0],[116.66562,29.71303,0.0],[116.66594,29.71415,0.0],[116.66648,29.71483,0.0],[116.66703,29.71525,0.0],[116.66757,29.71542,0.0],[116.66819,29.71541,0.0],[116.66902,29.71522,0.0],[116.66978,29.71514,0.0],[116.67037,29.71515,0.0],[116.67058,29.71532,0.0],[116.67082,29.7157,0.0],[116.67139,29.71686,0.0],[116.67167,29.71807,0.0],[116.67191,29.71979,0.0],[116.67181,29.72089,0.0],[116.67177,29.72158,0.0],[116.67178,29.7221,0.0],[116.67176,29.72414,0.0],[116.67161,29.72581,0.0],[116.67159,29.72746,0.0],[116.67139,29.72833,0.0],[116.67123,29.7293,0.0],[116.67168,29.72923,0.0],[116.67224,29.72914,0.0],[116.67309,29.72929,0.0],[116.67378,29.72969,0.0],[116.6746,29.73025,0.0],[116.67488,29.7317,0.0],[116.67565,29.73203,0.0],[116.67584,29.73276,0.0],[116.67679,29.73343,0.0],[116.67665,29.73401,0.0],[116.67754,29.73558,0.0],[116.67805,29.73713,0.0],[116.67852,29.73803,0.0],[116.67957,29.73935,0.0],[116.6798,29.73966,0.0],[116.68046,29.74007,0.0],[116.68082,29.74061,0.0],[116.68149,29.74129,0.0],[116.68229,29.74218,0.0],[116.68268,29.74256,0.0],[116.68314,29.74296,0.0],[116.68354,29.74315,0.0],[116.6839,29.74325,0.0],[116.6847,29.74328,0.0],[116.6855,29.74341,0.0],[116.68635,29.74346,0.0],[116.68707,29.74343,0.0],[116.68813,29.74316,0.0],[116.68861,29.74299,0.0],[116.6892,29.74288,0.0],[116.69029,29.74283,0.0],[116.69078,29.74291,0.0],[116.69128,29.74308,0.0],[116.69266,29.74415,0.0],[116.69391,29.74469,0.0],[116.69455,29.74487,0.0],[116.69684,29.74428,0.0],[116.69821,29.74535,0.0],[116.6994,29.74585,0.0],[116.703,29.74576,0.0],[116.70412,29.74615,0.0],[116.70462,29.74846,0.0],[116.70459,29.74916,0.0],[116.70469,29.74971,0.0],[116.70535,29.75042,0.0],[116.70507,29.75212,0.0],[116.7062,29.75382,0.0],[116.70832,29.75518,0.0],[116.7089,29.75689,0.0],[116.70979,29.75709,0.0],[116.71122,29.75712,0.0],[116.71176,29.75778,0.0],[116.71238,29.75904,0.0],[116.71122,29.76036,0.0],[116.71041,29.76184,0.0],[116.71041,29.76251,0.0],[116.7117,29.76378,0.0],[116.71352,29.76515,0.0],[116.7142,29.76536,0.0],[116.71478,29.76614,0.0],[116.71594,29.76664,0.0],[116.71723,29.76791,0.0],[116.7187,29.77065,0.0],[116.71869,29.77144,0.0],[116.7198,29.77337,0.0],[116.72164,29.77569,0.0],[116.72237,29.77575,0.0],[116.72284,29.77588,0.0],[116.72413,29.77511,0.0],[116.72671,29.77478,0.0],[116.72826,29.77543,0.0],[116.73027,29.77553,0.0],[116.73161,29.77582,0.0],[116.73213,29.77647,0.0],[116.73318,29.77632,0.0],[116.73421,29.77691,0.0],[116.73547,29.77749,0.0],[116.73595,29.77855,0.0],[116.73675,29.77889,0.0],[116.7371,29.77964,0.0],[116.73685,29.78114,0.0],[116.73713,29.78258,0.0],[116.73704,29.78363,0.0],[116.73648,29.78499,0.0],[116.73627,29.78609,0.0],[116.73639,29.78655,0.0],[116.73706,29.78727,0.0],[116.73783,29.78755,0.0],[116.7381,29.78827,0.0],[116.73922,29.78866,0.0],[116.73879,29.79002,0.0],[116.73737,29.79107,0.0],[116.73747,29.79249,0.0],[116.73878,29.79285,0.0],[116.73982,29.79338,0.0],[116.74111,29.79463,0.0],[116.74169,29.79571,0.0],[116.74338,29.79733,0.0],[116.74697,29.79965,0.0],[116.7503,29.80057,0.0],[116.75118,29.80029,0.0],[116.75229,29.80032,0.0],[116.75362,29.80209,0.0],[116.75423,29.80235,0.0],[116.75461,29.80414,0.0],[116.75549,29.80442,0.0],[116.7563,29.80639,0.0],[116.75703,29.80671,0.0],[116.75733,29.80807,0.0],[116.75888,29.80782,0.0],[116.76047,29.80728,0.0],[116.76202,29.80571,0.0],[116.76379,29.80484,0.0],[116.76534,29.80307,0.0],[116.76636,29.80272,0.0],[116.7691,29.80134,0.0],[116.77154,29.79937,0.0],[116.77454,29.79865,0.0],[116.77523,29.79818,0.0],[116.77523,29.79593,0.0],[116.77627,29.79472,0.0],[116.77924,29.79415,0.0],[116.78261,29.79421,0.0],[116.78345,29.79649,0.0],[116.78487,29.79839,0.0],[116.78775,29.80139,0.0],[116.79083,29.80412,0.0],[116.79193,29.80464,0.0],[116.79435,29.80419,0.0],[116.79606,29.80351,0.0],[116.79791,29.80321,0.0],[116.79927,29.80501,0.0],[116.79939,29.80552,0.0],[116.79865,29.80652,0.0],[116.79776,29.80738,0.0],[116.7977,29.81092,0.0],[116.79923,29.81214,0.0],[116.79996,29.81391,0.0],[116.80109,29.81427,0.0],[116.8022,29.81517,0.0],[116.80325,29.81628,0.0],[116.80252,29.81779,0.0],[116.80411,29.81946,0.0],[116.80737,29.81947,0.0],[116.81582,29.81816,0.0],[116.81831,29.82136,0.0],[116.82355,29.82225,0.0],[116.82363,29.82739,0.0],[116.81823,29.83387,0.0],[116.8172,29.83707,0.0],[116.81951,29.83953,0.0],[116.82183,29.83893,0.0],[116.82335,29.84041,0.0],[116.82412,29.8409,0.0],[116.82504,29.84051,0.0],[116.82567,29.84088,0.0],[116.82689,29.84114,0.0],[116.82739,29.84217,0.0],[116.82808,29.84242,0.0],[116.82908,29.84362,0.0],[116.83037,29.8439,0.0],[116.84151,29.85078,0.0],[116.84508,29.85941,0.0],[116.84866,29.86279,0.0],[116.85044,29.86695,0.0],[116.85362,29.86791,0.0],[116.855,29.8694,0.0],[116.85582,29.86975,0.0],[116.85662,29.87124,0.0],[116.85999,29.87518,0.0],[116.86176,29.87591,0.0],[116.86315,29.88181,0.0],[116.86553,29.88355,0.0],[116.87087,29.88497,0.0],[116.87198,29.88699,0.0],[116.87499,29.89098,0.0],[116.8773,29.89526,0.0],[116.87938,29.8955,0.0],[116.88059,29.89751,0.0],[116.88094,29.90144,0.0],[116.88102,29.90813,0.0],[116.88495,29.91241,0.0],[116.8913,29.91367,0.0],[116.89279,29.91899,0.0],[116.89105,29.92215,0.0],[116.88681,29.92531,0.0],[116.88851,29.92827,0.0],[116.88907,29.93113,0.0],[116.8887,29.93547,0.0],[116.88974,29.94177,0.0],[116.89093,29.94333,0.0],[116.89427,29.94415,0.0],[116.8989,29.94682,0.0],[116.89951,29.95099,0.0],[116.89653,29.95602,0.0],[116.89445,29.96126,0.0],[116.89376,29.96386,0.0],[116.89424,29.96835,0.0],[116.8914,29.97133,0.0],[116.88878,29.97159,0.0],[116.882,29.97018,0.0],[116.88174,29.97367,0.0],[116.87994,29.97806,0.0],[116.87723,29.977,0.0],[116.8731,29.97634,0.0],[116.87101,29.98111,0.0],[116.86397,29.98408,0.0],[116.85972,29.98178,0.0],[116.85426,29.97801,0.0],[116.85145,29.97746,0.0],[116.85,29.97653,0.0],[116.84838,29.97391,0.0],[116.84381,29.97382,0.0],[116.84017,29.97205,0.0],[116.83813,29.97267,0.0],[116.83587,29.97299,0.0],[116.83426,29.97351,0.0],[116.83276,29.9732,0.0],[116.83042,29.9733,0.0],[116.82981,29.9675,0.0],[116.8299,29.96448,0.0],[116.83007,29.96401,0.0],[116.83111,29.96274,0.0],[116.83144,29.96181,0.0],[116.83097,29.96105,0.0],[116.83013,29.96007,0.0],[116.82899,29.96022,0.0],[116.82814,29.96071,0.0],[116.82739,29.96122,0.0],[116.82512,29.96443,0.0],[116.82393,29.96578,0.0],[116.82361,29.96698,0.0],[116.82353,29.9683,0.0],[116.82409,29.96982,0.0],[116.82367,29.97176,0.0],[116.82267,29.97316,0.0],[116.82269,29.97488,0.0],[116.82311,29.97667,0.0],[116.82355,29.97751,0.0],[116.82361,29.97836,0.0],[116.82327,29.97871,0.0],[116.82165,29.97948,0.0],[116.82174,29.97991,0.0],[116.82273,29.98084,0.0],[116.82288,29.98143,0.0],[116.82244,29.98267,0.0],[116.82253,29.98357,0.0],[116.82319,29.98519,0.0],[116.82431,29.98657,0.0],[116.82444,29.98731,0.0],[116.82429,29.98948,0.0],[116.82491,29.99172,0.0],[116.82448,29.9936,0.0],[116.82363,29.99531,0.0],[116.82359,29.99589,0.0],[116.82404,29.99714,0.0],[116.82313,29.99826,0.0],[116.82308,30.00008,0.0],[116.82484,30.00371,0.0],[116.82488,30.00453,0.0],[116.82501,30.00698,0.0],[116.82503,30.00827,0.0],[116.82503,30.00839,0.0],[116.82464,30.00921,0.0],[116.82484,30.01352,0.0],[116.8202,30.01255,0.0],[116.8172,30.00549,0.0],[116.81308,30.00415,0.0],[116.80947,30.0017,0.0],[116.80587,30.00267,0.0],[116.8028,30.00127,0.0],[116.7985,29.99943,0.0],[116.79682,29.99891,0.0],[116.79584,29.99919,0.0],[116.79524,29.99969,0.0],[116.79454,30.00108,0.0],[116.79428,30.00393,0.0],[116.79282,30.00668,0.0],[116.79076,30.00683,0.0],[116.78844,30.00594,0.0],[116.78664,30.00631,0.0],[116.7851,30.00846,0.0],[116.78784,30.00995,0.0],[116.78681,30.01307,0.0],[116.78355,30.01694,0.0],[116.78534,30.01738,0.0],[116.78716,30.01783,0.0],[116.78544,30.02154,0.0],[116.78338,30.02229,0.0],[116.78055,30.02466,0.0],[116.77806,30.02979,0.0],[116.77797,30.03277,0.0],[116.77574,30.0341,0.0],[116.77385,30.03715,0.0],[116.77257,30.03863,0.0],[116.77059,30.04116,0.0],[116.76948,30.04384,0.0],[116.7645,30.04673,0.0],[116.76081,30.04659,0.0],[116.76046,30.04852,0.0],[116.75918,30.05008,0.0],[116.75763,30.05171,0.0],[116.7548,30.05171,0.0],[116.75205,30.05245,0.0],[116.75042,30.05245,0.0],[116.74819,30.05468,0.0],[116.74244,30.05936,0.0],[116.74464,30.06067,0.0],[116.74694,30.06219,0.0],[116.7539,30.06601,0.0],[116.75881,30.06902,0.0],[116.76321,30.07218,0.0],[116.76735,30.0752,0.0],[116.77364,30.08135,0.0],[116.77587,30.08415,0.0],[116.77752,30.08699,0.0],[116.77975,30.09015,0.0],[116.78257,30.09288,0.0],[116.78681,30.09769,0.0],[116.79178,30.10024,0.0],[116.79765,30.10546,0.0],[116.80432,30.11068,0.0],[116.8087,30.11549,0.0],[116.81327,30.11954,0.0],[116.81576,30.12026,0.0],[116.82046,30.12254,0.0],[116.82291,30.12451,0.0],[116.82421,30.12637,0.0],[116.83222,30.13496,0.0],[116.83964,30.1432,0.0],[116.84239,30.14773,0.0],[116.84411,30.1517,0.0],[116.84514,30.15604,0.0],[116.84694,30.16283,0.0],[116.84951,30.16806,0.0],[116.85166,30.17119,0.0],[116.85462,30.17552,0.0],[116.85765,30.17906,0.0],[116.85926,30.18045,0.0],[116.86582,30.18383,0.0],[116.86842,30.18516,0.0],[116.87455,30.18822,0.0],[116.8764,30.18954,0.0],[116.87736,30.19089,0.0],[116.87827,30.19349,0.0],[116.87333,30.1969,0.0],[116.87904,30.2054,0.0],[116.88661,30.21302,0.0],[116.89445,30.21854,0.0],[116.89908,30.22284,0.0],[116.90088,30.22563,0.0],[116.90243,30.23289,0.0],[116.90642,30.24394,0.0],[116.91007,30.2521,0.0],[116.91667,30.26129,0.0],[116.92156,30.26758,0.0],[116.92341,30.27223,0.0],[116.92534,30.27953,0.0],[116.92779,30.28872,0.0],[116.92818,30.29209,0.0],[116.92771,30.29546,0.0],[116.9265,30.29854,0.0],[116.92414,30.30309,0.0],[116.92238,30.30599,0.0],[116.9205,30.3091,0.0],[116.91706,30.31443,0.0],[116.91406,30.31914,0.0],[116.90964,30.32736,0.0],[116.90595,30.33447,0.0],[116.90376,30.34203,0.0],[116.9005,30.35408,0.0],[116.89848,30.36004,0.0],[116.89629,30.36456,0.0],[116.89239,30.37262,0.0],[116.88642,30.39287,0.0],[116.88342,30.40382,0.0],[116.8832,30.40656,0.0],[116.88352,30.40891,0.0],[116.88543,30.41554,0.0],[116.88586,30.41809,0.0],[116.88611,30.42329,0.0],[116.88621,30.42912,0.0],[116.8867,30.43188,0.0],[116.88764,30.43402,0.0],[116.88977,30.43661,0.0],[116.89159,30.43798,0.0],[116.89372,30.43911,0.0],[116.89517,30.43984,0.0],[116.89654,30.44046,0.0],[116.89812,30.44101,0.0],[116.90574,30.43317,0.0],[116.90992,30.42847,0.0],[116.91745,30.43439,0.0],[116.92573,30.4415,0.0],[116.92816,30.44209,0.0],[116.93202,30.44298,0.0],[116.9371,30.44314,0.0],[116.94084,30.44388,0.0],[116.9488,30.4471,0.0],[116.95489,30.45113,0.0],[116.96489,30.4567,0.0],[116.96781,30.45838,0.0],[116.97774,30.46645,0.0],[116.98746,30.47401,0.0],[116.99592,30.48099,0.0],[117.00643,30.48944,0.0],[117.01178,30.49297,0.0],[117.01611,30.4948,0.0],[117.02021,30.49565,0.0],[117.02274,30.49569,0.0],[117.02974,30.49609,0.0],[117.03712,30.49711,0.0],[117.04297,30.49729,0.0],[117.05053,30.49794,0.0],[117.06319,30.49893,0.0],[117.07606,30.49883,0.0],[117.09329,30.49848,0.0],[117.10452,30.49785,0.0],[117.11344,30.49763,0.0],[117.12013,30.49737,0.0],[117.12426,30.49735,0.0],[117.12522,30.49707,0.0],[117.12698,30.49582,0.0],[117.1282,30.4945,0.0],[117.13082,30.49284,0.0],[117.14119,30.48749,0.0],[117.15765,30.47943,0.0],[117.17331,30.47311,0.0],[117.1788,30.47152,0.0],[117.1828,30.47086,0.0],[117.18724,30.47057,0.0],[117.18924,30.47072,0.0],[117.19498,30.47206,0.0],[117.19433,30.46859,0.0],[117.19414,30.46808,0.0],[117.19265,30.46667,0.0],[117.19051,30.46477,0.0],[117.19019,30.46419,0.0],[117.18931,30.46312,0.0],[117.18851,30.46257,0.0],[117.1863,30.4617,0.0],[117.18199,30.46043,0.0],[117.18249,30.4593,0.0],[117.18251,30.45749,0.0],[117.18279,30.45624,0.0],[117.18531,30.44888,0.0],[117.18379,30.4489,0.0],[117.18315,30.44882,0.0],[117.18257,30.44859,0.0],[117.18195,30.44814,0.0],[117.18133,30.44765,0.0],[117.18081,30.44717,0.0],[117.1805,30.4467,0.0],[117.18033,30.44627,0.0],[117.18026,30.44576,0.0],[117.18025,30.44538,0.0],[117.18034,30.44509,0.0],[117.1808,30.44414,0.0],[117.18107,30.4438,0.0],[117.18151,30.44345,0.0],[117.18393,30.44175,0.0],[117.18508,30.44102,0.0],[117.18599,30.44057,0.0],[117.18708,30.4401,0.0],[117.18755,30.43985,0.0],[117.18791,30.43954,0.0],[117.18815,30.43918,0.0],[117.18831,30.43879,0.0],[117.1884,30.43834,0.0],[117.18844,30.43788,0.0],[117.18838,30.43749,0.0],[117.18824,30.43713,0.0],[117.18807,30.4368,0.0],[117.18782,30.43646,0.0],[117.18717,30.43591,0.0],[117.18636,30.43537,0.0],[117.18557,30.43491,0.0],[117.18502,30.43471,0.0],[117.18292,30.43424,0.0],[117.17988,30.43356,0.0],[117.17813,30.43321,0.0],[117.17609,30.43308,0.0],[117.17479,30.43321,0.0],[117.17297,30.43351,0.0],[117.17179,30.43356,0.0],[117.17057,30.43346,0.0],[117.16915,30.43316,0.0],[117.16813,30.43277,0.0],[117.16577,30.43164,0.0],[117.16459,30.43122,0.0],[117.16342,30.431,0.0],[117.16247,30.43093,0.0],[117.16112,30.43106,0.0],[117.1606,30.43119,0.0],[117.16027,30.43138,0.0],[117.15999,30.43168,0.0],[117.15987,30.432,0.0],[117.15985,30.43238,0.0],[117.15991,30.43277,0.0],[117.16012,30.43319,0.0],[117.16046,30.43368,0.0],[117.16099,30.43419,0.0],[117.16181,30.43479,0.0],[117.16267,30.4354,0.0],[117.16312,30.43593,0.0],[117.16338,30.43642,0.0],[117.16353,30.43688,0.0],[117.16353,30.43737,0.0],[117.16341,30.4378,0.0],[117.16309,30.43824,0.0],[117.16266,30.43866,0.0],[117.16203,30.43904,0.0],[117.16133,30.43929,0.0],[117.16068,30.43944,0.0],[117.15973,30.43953,0.0],[117.1568,30.43962,0.0],[117.15593,30.43977,0.0],[117.15476,30.4401,0.0],[117.15301,30.44083,0.0],[117.15074,30.44206,0.0],[117.15,30.44229,0.0],[117.14941,30.44238,0.0],[117.14886,30.44239,0.0],[117.14836,30.44233,0.0],[117.14796,30.44222,0.0],[117.14749,30.44203,0.0],[117.14706,30.44172,0.0],[117.14673,30.4414,0.0],[117.14632,30.44078,0.0],[117.14583,30.43974,0.0],[117.1454,30.43848,0.0],[117.14501,30.43806,0.0],[117.14452,30.43774,0.0],[117.14338,30.43728,0.0],[117.13911,30.43593,0.0],[117.13778,30.435,0.0],[117.13713,30.43408,0.0],[117.13696,30.43056,0.0],[117.13726,30.42462,0.0],[117.13499,30.41941,0.0],[117.13117,30.41445,0.0],[117.1275,30.41095,0.0],[117.124,30.40804,0.0],[117.11838,30.40423,0.0],[117.11207,30.40023,0.0],[117.10799,30.39744,0.0],[117.10638,30.39592,0.0],[117.10532,30.3945,0.0],[117.10485,30.39296,0.0],[117.10486,30.39165,0.0],[117.10537,30.38987,0.0],[117.10665,30.3877,0.0],[117.10928,30.3852,0.0],[117.11314,30.38346,0.0],[117.12031,30.38198,0.0],[117.12898,30.38069,0.0],[117.13649,30.38028,0.0],[117.14349,30.38106,0.0],[117.15224,30.38365,0.0],[117.15696,30.38487,0.0],[117.16013,30.38491,0.0],[117.16739,30.38326,0.0],[117.17267,30.38124,0.0],[117.1752,30.37909,0.0],[117.17599,30.3763,0.0],[117.17552,30.37434,0.0],[117.17246,30.37041,0.0],[117.1663,30.36566,0.0],[117.16361,30.36317,0.0],[117.16222,30.36058,0.0],[117.16234,30.35614,0.0],[117.16204,30.35155,0.0],[117.16367,30.34753,0.0],[117.16681,30.34132,0.0],[117.17221,30.33825,0.0],[117.17668,30.33775,0.0],[117.17696,30.33186,0.0],[117.17539,30.33155,0.0],[117.17305,30.33099,0.0],[117.16576,30.32799,0.0],[117.16857,30.32116,0.0],[117.17145,30.32149,0.0],[117.17221,30.32232,0.0],[117.1736,30.32244,0.0],[117.17429,30.32334,0.0],[117.17509,30.32318,0.0],[117.17667,30.32262,0.0],[117.17756,30.32161,0.0],[117.17749,30.31935,0.0],[117.17816,30.31538,0.0],[117.17674,30.31012,0.0],[117.17687,30.30587,0.0],[117.17781,30.30259,0.0],[117.17771,30.3002,0.0],[117.1793,30.29746,0.0],[117.18337,30.29315,0.0],[117.18425,30.29306,0.0],[117.18498,30.29325,0.0],[117.18594,30.29319,0.0],[117.18685,30.29358,0.0],[117.18829,30.29337,0.0],[117.19196,30.29348,0.0],[117.19429,30.29233,0.0],[117.19515,30.29244,0.0],[117.19629,30.29396,0.0],[117.20706,30.29765,0.0],[117.20968,30.29943,0.0],[117.2123,30.3,0.0],[117.21539,30.30009,0.0],[117.21816,30.30095,0.0],[117.22271,30.29924,0.0],[117.22284,30.29771,0.0],[117.22539,30.29001,0.0],[117.22811,30.28657,0.0],[117.23562,30.28701,0.0],[117.24033,30.28649,0.0],[117.24395,30.28561,0.0],[117.24589,30.28595,0.0],[117.24694,30.28668,0.0],[117.26079,30.27997,0.0],[117.26079,30.27856,0.0],[117.26041,30.27753,0.0],[117.26006,30.27723,0.0],[117.25969,30.2764,0.0],[117.25868,30.27501,0.0],[117.25866,30.274,0.0],[117.25795,30.27366,0.0],[117.25766,30.27335,0.0],[117.25722,30.27266,0.0],[117.25647,30.2722,0.0],[117.25588,30.27195,0.0],[117.25564,30.2717,0.0],[117.25488,30.27141,0.0],[117.25439,30.27051,0.0],[117.24788,30.26925,0.0],[117.24725,30.26978,0.0],[117.2465,30.26971,0.0],[117.2457,30.2703,0.0],[117.24333,30.27066,0.0],[117.24164,30.27109,0.0],[117.24083,30.27093,0.0],[117.2407,30.27062,0.0],[117.23988,30.27026,0.0],[117.23883,30.27015,0.0],[117.23756,30.26971,0.0],[117.23713,30.26935,0.0],[117.23583,30.26901,0.0],[117.23314,30.26677,0.0],[117.22903,30.26699,0.0],[117.22836,30.26612,0.0],[117.22621,30.26549,0.0],[117.2242,30.26536,0.0],[117.22366,30.26577,0.0],[117.22267,30.26593,0.0],[117.22206,30.26544,0.0],[117.22081,30.26505,0.0],[117.21989,30.26437,0.0],[117.21789,30.26464,0.0],[117.21658,30.26363,0.0],[117.21567,30.26313,0.0],[117.21363,30.26279,0.0],[117.21377,30.26083,0.0],[117.21306,30.25969,0.0],[117.21171,30.2596,0.0],[117.21028,30.25942,0.0],[117.20921,30.25909,0.0],[117.20851,30.25863,0.0],[117.20816,30.25799,0.0],[117.20859,30.25715,0.0],[117.20901,30.25508,0.0],[117.21163,30.25248,0.0],[117.21794,30.24717,0.0],[117.21953,30.24462,0.0],[117.2212,30.24299,0.0],[117.22591,30.2402,0.0],[117.22804,30.2383,0.0],[117.22871,30.23694,0.0],[117.22834,30.23313,0.0],[117.22894,30.22627,0.0],[117.23003,30.22092,0.0],[117.23022,30.21647,0.0],[117.23298,30.21205,0.0],[117.23423,30.20653,0.0],[117.23264,30.20371,0.0],[117.2269,30.20161,0.0],[117.22354,30.19917,0.0],[117.2241,30.19805,0.0],[117.22796,30.1972,0.0],[117.22882,30.19544,0.0],[117.23268,30.19496,0.0],[117.23944,30.19727,0.0],[117.24294,30.20041,0.0],[117.24654,30.20271,0.0],[117.24871,30.20312,0.0],[117.25219,30.20263,0.0],[117.255,30.20388,0.0],[117.25821,30.20719,0.0],[117.26354,30.20708,0.0],[117.26796,30.20527,0.0],[117.2718,30.20341,0.0],[117.27326,30.20334,0.0],[117.27452,30.20232,0.0],[117.27532,30.2003,0.0],[117.27869,30.19746,0.0],[117.28488,30.19515,0.0],[117.28731,30.19334,0.0],[117.29036,30.19048,0.0],[117.2947,30.18526,0.0],[117.29905,30.17383,0.0],[117.2989,30.17155,0.0],[117.29751,30.1698,0.0],[117.29404,30.16731,0.0],[117.29367,30.16619,0.0],[117.29191,30.16446,0.0],[117.29257,30.16377,0.0],[117.29261,30.15843,0.0],[117.29221,30.15194,0.0],[117.28903,30.15069,0.0],[117.28495,30.14878,0.0],[117.28276,30.14123,0.0],[117.28144,30.1396,0.0],[117.28064,30.13724,0.0],[117.27862,30.13479,0.0],[117.27867,30.13356,0.0],[117.28019,30.12987,0.0],[117.28157,30.12685,0.0],[117.28429,30.12455,0.0],[117.28708,30.12069,0.0],[117.29124,30.11696,0.0],[117.29465,30.11657,0.0],[117.29671,30.11577,0.0],[117.29779,30.11415,0.0],[117.30146,30.11211,0.0],[117.30272,30.11213,0.0],[117.30268,30.11139,0.0],[117.30319,30.10955,0.0],[117.30261,30.1066,0.0],[117.30197,30.10563,0.0],[117.29954,30.10454,0.0],[117.295,30.10107,0.0],[117.29332,30.09991,0.0],[117.28952,30.10013,0.0],[117.28776,30.09914,0.0],[117.28704,30.09691,0.0],[117.2857,30.09618,0.0],[117.2848,30.09433,0.0],[117.28493,30.09162,0.0],[117.28407,30.08983,0.0],[117.28424,30.08891,0.0],[117.28328,30.08863,0.0],[117.28285,30.08796,0.0],[117.28043,30.08686,0.0],[117.27774,30.08452,0.0],[117.27607,30.08341,0.0],[117.27538,30.08241,0.0],[117.27386,30.07973,0.0],[117.27129,30.07673,0.0],[117.27049,30.07387,0.0],[117.27004,30.07281,0.0],[117.27043,30.07141,0.0],[117.27292,30.06711,0.0],[117.2742,30.06284,0.0],[117.27193,30.06146,0.0],[117.26987,30.0604,0.0],[117.26798,30.06031,0.0],[117.26631,30.05873,0.0],[117.26594,30.05702,0.0],[117.26463,30.05578,0.0],[117.26363,30.05426,0.0],[117.2642,30.0503,0.0],[117.26165,30.0479,0.0],[117.26238,30.0433,0.0],[117.25996,30.04138,0.0],[117.2591,30.03808,0.0],[117.26326,30.03486,0.0],[117.26341,30.03432,0.0],[117.26511,30.03379,0.0],[117.26511,30.03252,0.0],[117.26395,30.03176,0.0],[117.2633,30.02942,0.0],[117.26444,30.02723,0.0],[117.26174,30.02104,0.0],[117.26493,30.01616,0.0],[117.27352,30.00973,0.0],[117.2721,30.00735,0.0],[117.27032,30.00573,0.0],[117.27008,30.00439,0.0],[117.26895,30.00242,0.0],[117.26844,29.99932,0.0],[117.24492,29.98479,0.0],[117.2439,29.98303,0.0],[117.24205,29.98276,0.0],[117.24106,29.98312,0.0],[117.23898,29.98442,0.0],[117.23601,29.98359,0.0],[117.23333,29.98364,0.0],[117.22878,29.98217,0.0],[117.22541,29.98302,0.0],[117.22087,29.9838,0.0],[117.21875,29.98235,0.0],[117.21393,29.98218,0.0],[117.21096,29.98347,0.0],[117.20695,29.98377,0.0],[117.20266,29.98103,0.0],[117.20007,29.97839,0.0],[117.19985,29.97657,0.0],[117.19825,29.97198,0.0],[117.19908,29.96776,0.0],[117.19938,29.96297,0.0],[117.19807,29.96113,0.0],[117.1982,29.95897,0.0],[117.2003,29.95696,0.0],[117.20101,29.95003,0.0],[117.2008,29.9475,0.0],[117.20374,29.94484,0.0],[117.20531,29.944,0.0],[117.20543,29.94173,0.0],[117.20372,29.93807,0.0],[117.20206,29.93696,0.0],[117.20161,29.93342,0.0],[117.19554,29.92715,0.0],[117.19138,29.92632,0.0],[117.18914,29.92755,0.0],[117.18605,29.92732,0.0],[117.17973,29.92466,0.0],[117.17709,29.92424,0.0],[117.17543,29.92478,0.0],[117.17458,29.92476,0.0],[117.17035,29.92219,0.0],[117.16589,29.92029,0.0],[117.16455,29.92039,0.0],[117.16159,29.922,0.0],[117.15859,29.9228,0.0],[117.15704,29.92357,0.0],[117.15213,29.91908,0.0],[117.14679,29.91936,0.0],[117.14199,29.91563,0.0],[117.13947,29.91445,0.0],[117.13774,29.91471,0.0],[117.13682,29.91428,0.0],[117.1329,29.90926,0.0],[117.13115,29.90806,0.0],[117.12891,29.9073,0.0],[117.1272,29.90585,0.0],[117.12479,29.90596,0.0],[117.1246,29.90392,0.0],[117.12424,29.90306,0.0],[117.12297,29.90194,0.0],[117.12234,29.89883,0.0],[117.12104,29.89548,0.0],[117.11986,29.89353,0.0],[117.12082,29.89131,0.0],[117.1213,29.88957,0.0],[117.12803,29.88374,0.0],[117.1287,29.88022,0.0],[117.12818,29.87758,0.0],[117.12587,29.87459,0.0],[117.12473,29.87005,0.0],[117.12374,29.867,0.0],[117.12342,29.86454,0.0],[117.11883,29.86388,0.0],[117.11718,29.86253,0.0],[117.11381,29.86208,0.0],[117.11077,29.86118,0.0],[117.10793,29.85808,0.0],[117.10384,29.85635,0.0],[117.10085,29.85627,0.0],[117.09965,29.85503,0.0],[117.09733,29.85419,0.0],[117.09476,29.84705,0.0],[117.09145,29.84469,0.0],[117.09052,29.8437,0.0],[117.08871,29.84304,0.0],[117.08777,29.84084,0.0],[117.08502,29.83935,0.0],[117.07853,29.83905,0.0],[117.07626,29.84034,0.0],[117.07187,29.83758,0.0],[117.0695,29.83559,0.0],[117.06861,29.83408,0.0],[117.06776,29.83267,0.0],[117.06658,29.83083,0.0],[117.06679,29.82833,0.0],[117.06798,29.82702,0.0],[117.06827,29.82495,0.0],[117.076,29.82245,0.0],[117.0805,29.82221,0.0],[117.08311,29.81968,0.0],[117.08264,29.81734,0.0],[117.08479,29.81657,0.0],[117.08738,29.8171,0.0],[117.08967,29.81478,0.0],[117.09357,29.81155,0.0],[117.09522,29.80793,0.0],[117.09889,29.80811,0.0],[117.10172,29.80438,0.0],[117.10248,29.79971,0.0],[117.10536,29.80064,0.0],[117.11405,29.80216,0.0],[117.11866,29.80294,0.0],[117.12104,29.7979,0.0],[117.12113,29.79473,0.0],[117.12706,29.78993,0.0],[117.13105,29.78926,0.0],[117.13365,29.78588,0.0],[117.13287,29.78241,0.0],[117.13103,29.77759,0.0],[117.12793,29.77323,0.0],[117.12307,29.77044,0.0],[117.12021,29.76758,0.0],[117.11275,29.76434,0.0],[117.11032,29.76125,0.0],[117.10962,29.75764,0.0],[117.10693,29.75395,0.0],[117.10129,29.75297,0.0],[117.0995,29.75157,0.0],[117.10106,29.74998,0.0],[117.10179,29.74876,0.0],[117.1022,29.74809,0.0],[117.10296,29.74698,0.0],[117.10346,29.74613,0.0],[117.10408,29.74447,0.0],[117.10459,29.74365,0.0],[117.1049,29.74287,0.0],[117.1054,29.74228,0.0],[117.10576,29.74199,0.0],[117.10607,29.74182,0.0],[117.10689,29.74162,0.0],[117.10761,29.74142,0.0],[117.10828,29.74112,0.0],[117.1089,29.74069,0.0],[117.10956,29.74004,0.0],[117.10986,29.73957,0.0],[117.11066,29.73787,0.0],[117.11097,29.73668,0.0],[117.11125,29.73586,0.0],[117.11155,29.73518,0.0],[117.11219,29.73378,0.0],[117.11266,29.7319,0.0],[117.11302,29.73118,0.0],[117.11368,29.73015,0.0],[117.11422,29.72938,0.0],[117.11489,29.72844,0.0],[117.11504,29.7281,0.0],[117.11508,29.72774,0.0],[117.11481,29.72686,0.0],[117.11471,29.72632,0.0],[117.11439,29.72428,0.0],[117.11426,29.72339,0.0],[117.11341,29.72147,0.0],[117.11167,29.71787,0.0],[117.1114,29.71724,0.0],[117.11109,29.7163,0.0],[117.11095,29.71533,0.0],[117.11099,29.71472,0.0],[117.11118,29.71355,0.0],[117.11119,29.7131,0.0],[117.11111,29.71258,0.0],[117.1107,29.71193,0.0],[117.10973,29.71098,0.0],[117.10832,29.70982,0.0],[117.10734,29.70913,0.0],[117.10648,29.70877,0.0],[117.10562,29.70852,0.0],[117.10486,29.70834,0.0],[117.10346,29.70847,0.0],[117.1028,29.70849,0.0],[117.10187,29.70842,0.0],[117.10134,29.70851,0.0],[117.10054,29.70874,0.0],[117.09891,29.70921,0.0],[117.0978,29.70954,0.0],[117.09584,29.71033,0.0],[117.09529,29.71044,0.0],[117.09489,29.71044,0.0],[117.0943,29.71031,0.0],[117.09363,29.71005,0.0],[117.09227,29.70927,0.0],[117.09181,29.709,0.0],[117.09141,29.70867,0.0],[117.09095,29.70827,0.0],[117.09056,29.70805,0.0],[117.09017,29.70795,0.0],[117.08969,29.70797,0.0],[117.08932,29.70802,0.0],[117.0891,29.70802,0.0],[117.08889,29.70794,0.0],[117.08873,29.70779,0.0],[117.08856,29.70757,0.0],[117.0885,29.70719,0.0],[117.08841,29.70696,0.0],[117.08779,29.70625,0.0],[117.08695,29.70516,0.0],[117.08667,29.7048,0.0],[117.08631,29.70418,0.0],[117.08575,29.7027,0.0],[117.08509,29.70032,0.0],[117.08501,29.69987,0.0],[117.0848,29.69961,0.0],[117.08446,29.69947,0.0],[117.08419,29.6995,0.0],[117.08331,29.69989,0.0]],[[116.71089,29.69176,0.0],[116.71136,29.69226,0.0],[116.71205,29.69287,0.0],[116.71241,29.6933,0.0],[116.71255,29.69367,0.0],[116.71261,29.69392,0.0],[116.7126,29.69423,0.0],[116.71258,29.69456,0.0],[116.71235,29.69603,0.0],[116.71215,29.69724,0.0],[116.71194,29.69803,0.0],[116.7117,29.69865,0.0],[116.7115,29.69893,0.0],[116.71132,29.69919,0.0],[116.71105,29.69938,0.0],[116.71067,29.69955,0.0],[116.71022,29.69964,0.0],[116.70936,29.69971,0.0],[116.70815,29.69967,0.0],[116.70757,29.69965,0.0],[116.70674,29.69964,0.0],[116.7063,29.69966,0.0],[116.70558,29.69981,0.0],[116.70441,29.70013,0.0],[116.70395,29.7002,0.0],[116.70347,29.70022,0.0],[116.7033,29.70022,0.0],[116.70318,29.70019,0.0],[116.7028,29.70014,0.0],[116.70246,29.70003,0.0],[116.70211,29.69985,0.0],[116.70182,29.69966,0.0],[116.70159,29.69943,0.0],[116.7015,29.69931,0.0],[116.7014,29.69917,0.0],[116.70132,29.69898,0.0],[116.7013,29.69871,0.0],[116.70135,29.69822,0.0],[116.70153,29.69735,0.0],[116.70159,29.69671,0.0],[116.70153,29.69614,0.0],[116.70139,29.69559,0.0],[116.70116,29.6948,0.0],[116.70114,29.69466,0.0],[116.70121,29.69439,0.0],[116.70139,29.69413,0.0],[116.70146,29.69399,0.0],[116.7015,29.69381,0.0],[116.7015,29.69363,0.0],[116.70149,29.69354,0.0],[116.70141,29.6933,0.0],[116.70128,29.69308,0.0],[116.70117,29.69297,0.0],[116.70101,29.6928,0.0],[116.70069,29.69261,0.0],[116.70039,29.69247,0.0],[116.70014,29.69236,0.0],[116.70002,29.69227,0.0],[116.69995,29.69221,0.0],[116.69991,29.69213,0.0],[116.69988,29.69196,0.0],[116.6999,29.69177,0.0],[116.7,29.69153,0.0],[116.70017,29.69127,0.0],[116.70046,29.69101,0.0],[116.70058,29.69093,0.0],[116.70065,29.6909,0.0],[116.70073,29.69089,0.0],[116.7008,29.69091,0.0],[116.7009,29.691,0.0],[116.70102,29.69121,0.0],[116.70111,29.69131,0.0],[116.70125,29.69135,0.0],[116.70137,29.69135,0.0],[116.70147,29.69132,0.0],[116.70168,29.69116,0.0],[116.70191,29.69105,0.0],[116.70224,29.69102,0.0],[116.70274,29.69106,0.0],[116.70312,29.69111,0.0],[116.70361,29.69115,0.0],[116.70404,29.69111,0.0],[116.70423,29.69107,0.0],[116.70466,29.69102,0.0],[116.7048,29.69103,0.0],[116.70493,29.69107,0.0],[116.705,29.69114,0.0],[116.70507,29.69127,0.0],[116.70509,29.69138,0.0],[116.7051,29.69151,0.0],[116.70505,29.6917,0.0],[116.70498,29.69189,0.0],[116.70489,29.69205,0.0],[116.70469,29.69235,0.0],[116.70454,29.69261,0.0],[116.70448,29.69276,0.0],[116.70439,29.69302,0.0],[116.70439,29.69311,0.0],[116.70439,29.69316,0.0],[116.70441,29.69318,0.0],[116.7045,29.69318,0.0],[116.70459,29.69314,0.0],[116.70505,29.69293,0.0],[116.70571,29.69269,0.0],[116.70628,29.69232,0.0],[116.70701,29.69176,0.0],[116.7081,29.69079,0.0],[116.70851,29.69032,0.0],[116.70884,29.68996,0.0],[116.70891,29.68992,0.0],[116.70897,29.68992,0.0],[116.70903,29.68995,0.0],[116.70909,29.68998,0.0],[116.70942,29.69035,0.0],[116.71001,29.69096,0.0],[116.71089,29.69176,0.0]],[[116.69383,29.71192,0.0],[116.69365,29.71175,0.0],[116.69359,29.71152,0.0],[116.69372,29.71085,0.0],[116.69387,29.71039,0.0],[116.69417,29.70986,0.0],[116.69404,29.70935,0.0],[116.69408,29.70879,0.0],[116.69423,29.70865,0.0],[116.6944,29.7085,0.0],[116.69483,29.70829,0.0],[116.69497,29.70818,0.0],[116.6951,29.70799,0.0],[116.69513,29.7077,0.0],[116.69508,29.70742,0.0],[116.69482,29.70661,0.0],[116.69482,29.70626,0.0],[116.6949,29.70603,0.0],[116.69515,29.70569,0.0],[116.69566,29.70524,0.0],[116.69646,29.70469,0.0],[116.69696,29.70418,0.0],[116.69724,29.7038,0.0],[116.69741,29.70348,0.0],[116.69756,29.70301,0.0],[116.69766,29.70235,0.0],[116.69774,29.70166,0.0],[116.6976,29.7002,0.0],[116.69754,29.69951,0.0],[116.69757,29.69902,0.0],[116.69769,29.69859,0.0],[116.69784,29.69828,0.0],[116.69817,29.69773,0.0],[116.69828,29.69746,0.0],[116.69832,29.69705,0.0],[116.6984,29.69691,0.0],[116.69852,29.697,0.0],[116.69929,29.69778,0.0],[116.69949,29.69805,0.0],[116.69957,29.69834,0.0],[116.69957,29.69884,0.0],[116.69962,29.699,0.0],[116.69967,29.69903,0.0],[116.69985,29.69893,0.0],[116.70002,29.69892,0.0],[116.70022,29.699,0.0],[116.70036,29.69922,0.0],[116.7005,29.69959,0.0],[116.70092,29.70019,0.0],[116.70098,29.70034,0.0],[116.70098,29.70054,0.0],[116.70084,29.70097,0.0],[116.7008,29.70124,0.0],[116.70092,29.70155,0.0],[116.70116,29.70191,0.0],[116.70117,29.70224,0.0],[116.70112,29.70249,0.0],[116.70074,29.70324,0.0],[116.70047,29.70375,0.0],[116.70039,29.70401,0.0],[116.70039,29.7042,0.0],[116.70042,29.70441,0.0],[116.70059,29.7049,0.0],[116.70055,29.70519,0.0],[116.70035,29.70561,0.0],[116.69996,29.70598,0.0],[116.69934,29.70642,0.0],[116.69929,29.70656,0.0],[116.69932,29.70673,0.0],[116.69951,29.70697,0.0],[116.69966,29.70723,0.0],[116.69968,29.70748,0.0],[116.69962,29.70773,0.0],[116.69954,29.70792,0.0],[116.6994,29.70813,0.0],[116.69905,29.70835,0.0],[116.69891,29.70846,0.0],[116.69883,29.70863,0.0],[116.69882,29.70877,0.0],[116.69889,29.70891,0.0],[116.69926,29.70912,0.0],[116.69933,29.7092,0.0],[116.69933,29.70932,0.0],[116.69907,29.70995,0.0],[116.69895,29.71026,0.0],[116.69871,29.71092,0.0],[116.69859,29.71136,0.0],[116.6985,29.71209,0.0],[116.69842,29.71258,0.0],[116.69833,29.7128,0.0],[116.69805,29.71294,0.0],[116.69782,29.71298,0.0],[116.69748,29.71299,0.0],[116.69713,29.71294,0.0],[116.69683,29.71281,0.0],[116.69637,29.71262,0.0],[116.69584,29.71242,0.0],[116.69428,29.71213,0.0],[116.69383,29.71192,0.0]],[[116.82758,30.00534,0.0],[116.82741,30.00467,0.0],[116.83514,30.00571,0.0],[116.83745,30.00482,0.0],[116.84278,30.00497,0.0],[116.84389,30.00584,0.0],[116.84431,30.00636,0.0],[116.84324,30.00653,0.0],[116.84183,30.00653,0.0],[116.83883,30.00698,0.0],[116.83471,30.00861,0.0],[116.83273,30.00765,0.0],[116.82758,30.00534,0.0]]]]}},{"type":"Feature","properties":{"uesi_id":"CHN_R3164669","nbhd_code":"CHN_R3164669_7","nbhd_name":"\u8d35\u6c60\u533a"},"geometry":{"type":"MultiPolygon","coordinates":[[[[117.10486,30.39165,0.0],[117.10485,30.39296,0.0],[117.10532,30.3945,0.0],[117.10638,30.39592,0.0],[117.10799,30.39744,0.0],[117.11207,30.40023,0.0],[117.11838,30.40423,0.0],[117.124,30.40804,0.0],[117.1275,30.41095,0.0],[117.13117,30.41445,0.0],[117.13499,30.41941,0.0],[117.13726,30.42462,0.0],[117.13696,30.43056,0.0],[117.13713,30.43408,0.0],[117.13778,30.435,0.0],[117.13911,30.43593,0.0],[117.14338,30.43728,0.0],[117.14452,30.43774,0.0],[117.14501,30.43806,0.0],[117.1454,30.43848,0.0],[117.14583,30.43974,0.0],[117.14632,30.44078,0.0],[117.14673,30.4414,0.0],[117.14706,30.44172,0.0],[117.14749,30.44203,0.0],[117.14796,30.44222,0.0],[117.14836,30.44233,0.0],[117.14886,30.44239,0.0],[117.14941,30.44238,0.0],[117.15,30.44229,0.0],[117.15074,30.44206,0.0],[117.15301,30.44083,0.0],[117.15476,30.4401,0.0],[117.15593,30.43977,0.0],[117.1568,30.43962,0.0],[117.15973,30.43953,0.0],[117.16068,30.43944,0.0],[117.16133,30.43929,0.0],[117.16203,30.43904,0.0],[117.16266,30.43866,0.0],[117.16309,30.43824,0.0],[117.16341,30.4378,0.0],[117.16353,30.43737,0.0],[117.16353,30.43688,0.0],[117.16338,30.43642,0.0],[117.16312,30.43593,0.0],[117.16267,30.4354,0.0],[117.16181,30.43479,0.0],[117.16099,30.43419,0.0],[117.16046,30.43368,0.0],[117.16012,30.43319,0.0],[117.15991,30.43277,0.0],[117.15985,30.43238,0.0],[117.15987,30.432,0.0],[117.15999,30.43168,0.0],[117.16027,30.43138,0.0],[117.1606,30.43119,0.0],[117.16112,30.43106,0.0],[117.16247,30.43093,0.0],[117.16342,30.431,0.0],[117.16459,30.43122,0.0],[117.16577,30.43164,0.0],[117.16813,30.43277,0.0],[117.16915,30.43316,0.0],[117.17057,30.43346,0.0],[117.17179,30.43356,0.0],[117.17297,30.43351,0.0],[117.17479,30.43321,0.0],[117.17609,30.43308,0.0],[117.17813,30.43321,0.0],[117.17988,30.43356,0.0],[117.18292,30.43424,0.0],[117.18502,30.43471,0.0],[117.18557,30.43491,0.0],[117.18636,30.43537,0.0],[117.18717,30.43591,0.0],[117.18782,30.43646,0.0],[117.18807,30.4368,0.0],[117.18824,30.43713,0.0],[117.18838,30.43749,0.0],[117.18844,30.43788,0.0],[117.1884,30.43834,0.0],[117.18831,30.43879,0.0],[117.18815,30.43918,0.0],[117.18791,30.43954,0.0],[117.18755,30.43985,0.0],[117.18708,30.4401,0.0],[117.18599,30.44057,0.0],[117.18508,30.44102,0.0],[117.18393,30.44175,0.0],[117.18151,30.44345,0.0],[117.18107,30.4438,0.0],[117.1808,30.44414,0.0],[117.18034,30.44509,0.0],[117.18025,30.44538,0.0],[117.18026,30.44576,0.0],[117.18033,30.44627,0.0],[117.1805,30.4467,0.0],[117.18081,30.44717,0.0],[117.18133,30.44765,0.0],[117.18195,30.44814,0.0],[117.18257,30.44859,0.0],[117.18315,30.44882,0.0],[117.18379,30.4489,0.0],[117.18531,30.44888,0.0],[117.18279,30.45624,0.0],[117.18251,30.45749,0.0],[117.18249,30.4593,0.0],[117.18199,30.46043,0.0],[117.1863,30.4617,0.0],[117.18851,30.46257,0.0],[117.18931,30.46312,0.0],[117.19019,30.46419,0.0],[117.19051,30.46477,0.0],[117.19265,30.46667,0.0],[117.19414,30.46808,0.0],[117.19433,30.46859,0.0],[117.19498,30.47206,0.0],[117.19635,30.47211,0.0],[117.19908,30.47281,0.0],[117.20813,30.47738,0.0],[117.21369,30.48121,0.0],[117.22079,30.48827,0.0],[117.22483,30.49284,0.0],[117.22895,30.49975,0.0],[117.231,30.50719,0.0],[117.23288,30.51256,0.0],[117.23416,30.51716,0.0],[117.23553,30.52396,0.0],[117.23678,30.52919,0.0],[117.23777,30.53337,0.0],[117.23876,30.5375,0.0],[117.24114,30.54631,0.0],[117.24262,30.55076,0.0],[117.24474,30.5561,0.0],[117.24596,30.56102,0.0],[117.24686,30.5664,0.0],[117.24722,30.57373,0.0],[117.24668,30.57842,0.0],[117.24609,30.58185,0.0],[117.24458,30.58644,0.0],[117.24255,30.59172,0.0],[117.23769,30.59752,0.0],[117.23488,30.60077,0.0],[117.23084,30.60479,0.0],[117.22706,30.60805,0.0],[117.22253,30.61317,0.0],[117.22133,30.61749,0.0],[117.22065,30.62211,0.0],[117.22073,30.62713,0.0],[117.22133,30.63051,0.0],[117.22236,30.6323,0.0],[117.22545,30.63614,0.0],[117.22987,30.64005,0.0],[117.23601,30.64404,0.0],[117.24734,30.6488,0.0],[117.26163,30.65656,0.0],[117.27455,30.6615,0.0],[117.28237,30.6655,0.0],[117.291,30.67114,0.0],[117.29508,30.66894,0.0],[117.29834,30.66961,0.0],[117.3015,30.67162,0.0],[117.30332,30.67411,0.0],[117.30461,30.67769,0.0],[117.31072,30.68042,0.0],[117.31957,30.68389,0.0],[117.32787,30.68671,0.0],[117.33107,30.6878,0.0],[117.342,30.69131,0.0],[117.354,30.69443,0.0],[117.36778,30.69674,0.0],[117.37316,30.69384,0.0],[117.37823,30.69155,0.0],[117.38294,30.69012,0.0],[117.38711,30.68931,0.0],[117.3943,30.68839,0.0],[117.40361,30.68705,0.0],[117.4118,30.68573,0.0],[117.42347,30.68462,0.0],[117.43114,30.68222,0.0],[117.43864,30.68138,0.0],[117.44691,30.68048,0.0],[117.45813,30.67952,0.0],[117.46368,30.68001,0.0],[117.46494,30.68012,0.0],[117.46857,30.68132,0.0],[117.47335,30.68385,0.0],[117.4774,30.68608,0.0],[117.48089,30.68871,0.0],[117.48259,30.69057,0.0],[117.4834,30.69147,0.0],[117.48701,30.69599,0.0],[117.4904,30.70199,0.0],[117.49343,30.70699,0.0],[117.49511,30.71201,0.0],[117.49718,30.71839,0.0],[117.49818,30.72423,0.0],[117.50507,30.72653,0.0],[117.51305,30.72995,0.0],[117.52396,30.73522,0.0],[117.53432,30.74033,0.0],[117.54771,30.74816,0.0],[117.55839,30.75305,0.0],[117.57093,30.7579,0.0],[117.58755,30.76368,0.0],[117.60094,30.76809,0.0],[117.60794,30.77059,0.0],[117.62564,30.77488,0.0],[117.64601,30.77936,0.0],[117.66393,30.78414,0.0],[117.66787,30.7855,0.0],[117.67156,30.78952,0.0],[117.67834,30.7963,0.0],[117.68679,30.80216,0.0],[117.69586,30.80668,0.0],[117.69576,30.79958,0.0],[117.69559,30.79012,0.0],[117.69645,30.78891,0.0],[117.69823,30.78817,0.0],[117.70296,30.78977,0.0],[117.71114,30.79294,0.0],[117.71925,30.7959,0.0],[117.72816,30.8017,0.0],[117.73154,30.80499,0.0],[117.734,30.80684,0.0],[117.73826,30.81001,0.0],[117.73928,30.81098,0.0],[117.73999,30.81024,0.0],[117.74058,30.80839,0.0],[117.74139,30.8071,0.0],[117.74263,30.80641,0.0],[117.74417,30.80641,0.0],[117.74574,30.80694,0.0],[117.74738,30.8072,0.0],[117.74879,30.80678,0.0],[117.74954,30.80596,0.0],[117.75004,30.80433,0.0],[117.75113,30.80136,0.0],[117.75308,30.79651,0.0],[117.75312,30.79643,0.0],[117.75336,30.79334,0.0],[117.7529,30.79153,0.0],[117.75202,30.78953,0.0],[117.74966,30.78678,0.0],[117.74696,30.78516,0.0],[117.746,30.78465,0.0],[117.7455,30.78392,0.0],[117.74536,30.78309,0.0],[117.74554,30.78238,0.0],[117.74605,30.78162,0.0],[117.74747,30.78054,0.0],[117.75157,30.77803,0.0],[117.75296,30.77679,0.0],[117.75376,30.7756,0.0],[117.75404,30.77463,0.0],[117.75428,30.77328,0.0],[117.75392,30.77131,0.0],[117.75186,30.76754,0.0],[117.75157,30.76675,0.0],[117.75151,30.76585,0.0],[117.7518,30.76515,0.0],[117.75259,30.76449,0.0],[117.75361,30.76424,0.0],[117.75525,30.76414,0.0],[117.76011,30.7644,0.0],[117.76593,30.76473,0.0],[117.76965,30.76514,0.0],[117.77392,30.76583,0.0],[117.77645,30.76631,0.0],[117.77761,30.76619,0.0],[117.77875,30.7658,0.0],[117.77962,30.76509,0.0],[117.77994,30.76405,0.0],[117.77989,30.76292,0.0],[117.77952,30.76139,0.0],[117.77795,30.75772,0.0],[117.77693,30.75499,0.0],[117.77677,30.75399,0.0],[117.77689,30.75333,0.0],[117.77731,30.75268,0.0],[117.77817,30.75214,0.0],[117.77907,30.75186,0.0],[117.78086,30.75195,0.0],[117.78303,30.75202,0.0],[117.78716,30.75137,0.0],[117.7895,30.75124,0.0],[117.79071,30.75151,0.0],[117.79186,30.75226,0.0],[117.79257,30.75311,0.0],[117.79285,30.75453,0.0],[117.79291,30.75615,0.0],[117.79323,30.75683,0.0],[117.7937,30.75728,0.0],[117.79425,30.75759,0.0],[117.79516,30.75787,0.0],[117.79714,30.75811,0.0],[117.79708,30.75746,0.0],[117.79693,30.757,0.0],[117.79693,30.75646,0.0],[117.79701,30.75604,0.0],[117.79713,30.75579,0.0],[117.7973,30.75528,0.0],[117.79744,30.75401,0.0],[117.79734,30.7536,0.0],[117.79562,30.75098,0.0],[117.79541,30.75026,0.0],[117.79538,30.74885,0.0],[117.79559,30.74738,0.0],[117.79617,30.74576,0.0],[117.79641,30.74538,0.0],[117.79668,30.74515,0.0],[117.79825,30.74433,0.0],[117.79852,30.74373,0.0],[117.79845,30.74173,0.0],[117.79872,30.74094,0.0],[117.79833,30.73925,0.0],[117.79825,30.73848,0.0],[117.79832,30.73814,0.0],[117.79903,30.73765,0.0],[117.79913,30.73745,0.0],[117.79909,30.73614,0.0],[117.79933,30.73454,0.0],[117.7993,30.73427,0.0],[117.79913,30.73388,0.0],[117.79815,30.73278,0.0],[117.79798,30.73225,0.0],[117.79812,30.73166,0.0],[117.79861,30.73095,0.0],[117.79893,30.73072,0.0],[117.80047,30.73017,0.0],[117.80148,30.72972,0.0],[117.8019,30.72931,0.0],[117.80202,30.72902,0.0],[117.80191,30.72836,0.0],[117.80158,30.72786,0.0],[117.80124,30.72757,0.0],[117.80027,30.72695,0.0],[117.79866,30.72622,0.0],[117.79735,30.72516,0.0],[117.79564,30.72404,0.0],[117.79524,30.72364,0.0],[117.79489,30.72284,0.0],[117.79439,30.72241,0.0],[117.7941,30.72233,0.0],[117.79338,30.72236,0.0],[117.79237,30.72226,0.0],[117.79158,30.72181,0.0],[117.79108,30.72097,0.0],[117.7909,30.72015,0.0],[117.79087,30.71957,0.0],[117.79099,30.71915,0.0],[117.79143,30.71857,0.0],[117.79283,30.71835,0.0],[117.7938,30.71858,0.0],[117.79518,30.7187,0.0],[117.79584,30.71861,0.0],[117.79616,30.71839,0.0],[117.79618,30.71803,0.0],[117.79606,30.71771,0.0],[117.79534,30.7174,0.0],[117.7941,30.71647,0.0],[117.79385,30.71607,0.0],[117.79384,30.71498,0.0],[117.79438,30.71445,0.0],[117.7949,30.71432,0.0],[117.79532,30.71431,0.0],[117.79601,30.7145,0.0],[117.79743,30.7146,0.0],[117.79965,30.71459,0.0],[117.80066,30.71443,0.0],[117.80103,30.71396,0.0],[117.80105,30.71315,0.0],[117.80089,30.71252,0.0],[117.80118,30.71212,0.0],[117.80142,30.7119,0.0],[117.80231,30.71162,0.0],[117.80258,30.71142,0.0],[117.80292,30.71108,0.0],[117.8034,30.7101,0.0],[117.80379,30.70972,0.0],[117.80443,30.70956,0.0],[117.80654,30.70855,0.0],[117.80772,30.70759,0.0],[117.80828,30.70737,0.0],[117.80853,30.70739,0.0],[117.8086,30.70752,0.0],[117.80856,30.70839,0.0],[117.80842,30.70882,0.0],[117.80847,30.70937,0.0],[117.80877,30.70958,0.0],[117.80936,30.70979,0.0],[117.81015,30.70998,0.0],[117.81193,30.70992,0.0],[117.81313,30.70951,0.0],[117.81464,30.70915,0.0],[117.81914,30.70736,0.0],[117.82026,30.70673,0.0],[117.82152,30.70522,0.0],[117.82468,30.70205,0.0],[117.82808,30.69829,0.0],[117.82884,30.69649,0.0],[117.82987,30.69374,0.0],[117.82998,30.69075,0.0],[117.82994,30.68987,0.0],[117.83086,30.68878,0.0],[117.83118,30.68751,0.0],[117.83112,30.68574,0.0],[117.83204,30.68369,0.0],[117.8324,30.68129,0.0],[117.8318,30.68116,0.0],[117.83129,30.68136,0.0],[117.83037,30.68155,0.0],[117.82959,30.6812,0.0],[117.82931,30.68016,0.0],[117.82943,30.67949,0.0],[117.82918,30.67845,0.0],[117.82861,30.6774,0.0],[117.82294,30.66916,0.0],[117.82157,30.66632,0.0],[117.82002,30.66477,0.0],[117.81755,30.66363,0.0],[117.8164,30.66149,0.0],[117.81582,30.65981,0.0],[117.81414,30.65735,0.0],[117.81167,30.65268,0.0],[117.80781,30.64873,0.0],[117.80442,30.64316,0.0],[117.80288,30.64105,0.0],[117.79942,30.63869,0.0],[117.79161,30.63418,0.0],[117.78837,30.63322,0.0],[117.78133,30.63907,0.0],[117.77822,30.6409,0.0],[117.77333,30.64075,0.0],[117.76934,30.63861,0.0],[117.7653,30.63631,0.0],[117.76091,30.63525,0.0],[117.75859,30.63461,0.0],[117.75653,30.63352,0.0],[117.75397,30.62798,0.0],[117.74932,30.62454,0.0],[117.7487,30.62235,0.0],[117.74496,30.61771,0.0],[117.74378,30.61439,0.0],[117.74372,30.61097,0.0],[117.74441,30.60602,0.0],[117.74535,30.60214,0.0],[117.74052,30.59987,0.0],[117.73462,30.5971,0.0],[117.73005,30.59295,0.0],[117.72263,30.58278,0.0],[117.72044,30.57961,0.0],[117.71693,30.57714,0.0],[117.71344,30.57513,0.0],[117.70967,30.57267,0.0],[117.70583,30.57067,0.0],[117.70525,30.56952,0.0],[117.70517,30.56765,0.0],[117.70483,30.56696,0.0],[117.70442,30.56661,0.0],[117.70352,30.56611,0.0],[117.70276,30.56569,0.0],[117.70081,30.56474,0.0],[117.7002,30.56454,0.0],[117.69852,30.56426,0.0],[117.69801,30.56405,0.0],[117.69781,30.56385,0.0],[117.69777,30.56342,0.0],[117.69793,30.56243,0.0],[117.69782,30.56059,0.0],[117.69753,30.55987,0.0],[117.69741,30.55955,0.0],[117.697,30.55923,0.0],[117.69435,30.55896,0.0],[117.69371,30.55865,0.0],[117.69272,30.5572,0.0],[117.69158,30.55706,0.0],[117.6907,30.55716,0.0],[117.69001,30.5571,0.0],[117.68676,30.55604,0.0],[117.68454,30.55517,0.0],[117.68268,30.55428,0.0],[117.6819,30.55403,0.0],[117.68157,30.55376,0.0],[117.68095,30.55243,0.0],[117.68024,30.55203,0.0],[117.67865,30.55055,0.0],[117.67844,30.54997,0.0],[117.67841,30.54951,0.0],[117.67867,30.54895,0.0],[117.68063,30.54752,0.0],[117.68191,30.54524,0.0],[117.68224,30.54445,0.0],[117.6821,30.54405,0.0],[117.68143,30.54344,0.0],[117.68129,30.54303,0.0],[117.68138,30.54242,0.0],[117.6821,30.54066,0.0],[117.68262,30.53978,0.0],[117.68301,30.5386,0.0],[117.68485,30.53725,0.0],[117.68555,30.53635,0.0],[117.68564,30.53609,0.0],[117.68544,30.53597,0.0],[117.68397,30.53618,0.0],[117.68238,30.53613,0.0],[117.68131,30.53588,0.0],[117.67925,30.53469,0.0],[117.67796,30.5336,0.0],[117.67796,30.53307,0.0],[117.67809,30.5329,0.0],[117.67809,30.53258,0.0],[117.67799,30.53229,0.0],[117.67761,30.53177,0.0],[117.67762,30.53164,0.0],[117.67782,30.5315,0.0],[117.678,30.53112,0.0],[117.678,30.53055,0.0],[117.6782,30.5299,0.0],[117.67789,30.52955,0.0],[117.6778,30.52906,0.0],[117.67798,30.52886,0.0],[117.6792,30.52816,0.0],[117.68004,30.52785,0.0],[117.68043,30.5275,0.0],[117.67955,30.52437,0.0],[117.67948,30.52385,0.0],[117.67964,30.52335,0.0],[117.68021,30.52245,0.0],[117.68034,30.52169,0.0],[117.68027,30.52128,0.0],[117.67976,30.52056,0.0],[117.67965,30.52018,0.0],[117.67986,30.5164,0.0],[117.68104,30.51641,0.0],[117.68198,30.51659,0.0],[117.68431,30.51745,0.0],[117.68488,30.51788,0.0],[117.68543,30.5184,0.0],[117.68567,30.51983,0.0],[117.68659,30.52105,0.0],[117.68703,30.522,0.0],[117.6874,30.52232,0.0],[117.68764,30.52238,0.0],[117.68791,30.5224,0.0],[117.69056,30.52146,0.0],[117.69066,30.52123,0.0],[117.69062,30.52044,0.0],[117.69072,30.52003,0.0],[117.69088,30.51997,0.0],[117.69109,30.52006,0.0],[117.69173,30.52105,0.0],[117.69187,30.52116,0.0],[117.69214,30.52116,0.0],[117.69343,30.52085,0.0],[117.69403,30.52049,0.0],[117.6948,30.51979,0.0],[117.6951,30.51929,0.0],[117.69533,30.51851,0.0],[117.69537,30.51797,0.0],[117.69542,30.5174,0.0],[117.69535,30.51711,0.0],[117.69294,30.51557,0.0],[117.69285,30.51513,0.0],[117.69295,30.51502,0.0],[117.69259,30.51467,0.0],[117.69265,30.5139,0.0],[117.69283,30.5136,0.0],[117.69312,30.51347,0.0],[117.69341,30.51319,0.0],[117.69387,30.51247,0.0],[117.69441,30.51191,0.0],[117.69457,30.51188,0.0],[117.69609,30.51312,0.0],[117.69626,30.51298,0.0],[117.69682,30.51117,0.0],[117.69736,30.51117,0.0],[117.69804,30.51017,0.0],[117.69879,30.50984,0.0],[117.69895,30.50956,0.0],[117.69904,30.50841,0.0],[117.6992,30.50813,0.0],[117.70138,30.50669,0.0],[117.70148,30.50623,0.0],[117.70148,30.50563,0.0],[117.70118,30.50408,0.0],[117.7011,30.50369,0.0],[117.70162,30.50336,0.0],[117.70205,30.50336,0.0],[117.70258,30.50322,0.0],[117.70269,30.50239,0.0],[117.70257,30.5017,0.0],[117.70193,30.50078,0.0],[117.70177,30.50012,0.0],[117.70186,30.49987,0.0],[117.70449,30.49971,0.0],[117.70471,30.49955,0.0],[117.70468,30.49924,0.0],[117.70413,30.49868,0.0],[117.70248,30.49823,0.0],[117.70135,30.49613,0.0],[117.70073,30.49519,0.0],[117.70069,30.49451,0.0],[117.70329,30.49106,0.0],[117.70321,30.49087,0.0],[117.70303,30.49081,0.0],[117.70167,30.49079,0.0],[117.7021,30.48989,0.0],[117.70202,30.4892,0.0],[117.70091,30.48717,0.0],[117.70196,30.48707,0.0],[117.70314,30.48861,0.0],[117.70393,30.4893,0.0],[117.7041,30.48973,0.0],[117.70461,30.48997,0.0],[117.70504,30.48997,0.0],[117.70533,30.48982,0.0],[117.70561,30.4896,0.0],[117.70582,30.48904,0.0],[117.70795,30.48667,0.0],[117.71097,30.48178,0.0],[117.71136,30.48156,0.0],[117.71216,30.48138,0.0],[117.71224,30.48124,0.0],[117.71264,30.48106,0.0],[117.71277,30.48087,0.0],[117.71313,30.4808,0.0],[117.71353,30.48049,0.0],[117.71371,30.48023,0.0],[117.7139,30.47969,0.0],[117.71377,30.4795,0.0],[117.7139,30.47901,0.0],[117.71471,30.47833,0.0],[117.71619,30.47788,0.0],[117.71638,30.47772,0.0],[117.71685,30.4776,0.0],[117.71874,30.47659,0.0],[117.72038,30.47625,0.0],[117.72109,30.47594,0.0],[117.72181,30.47541,0.0],[117.72274,30.47506,0.0],[117.72356,30.47434,0.0],[117.7238,30.47428,0.0],[117.72438,30.47456,0.0],[117.72477,30.47455,0.0],[117.72556,30.47408,0.0],[117.72635,30.47414,0.0],[117.73142,30.47241,0.0],[117.7325,30.47231,0.0],[117.73383,30.47271,0.0],[117.7366,30.47408,0.0],[117.73958,30.47571,0.0],[117.74027,30.47596,0.0],[117.74077,30.47601,0.0],[117.74181,30.47601,0.0],[117.74217,30.47588,0.0],[117.74267,30.47563,0.0],[117.74309,30.47519,0.0],[117.74359,30.47485,0.0],[117.74424,30.47391,0.0],[117.7443,30.47382,0.0],[117.74454,30.47202,0.0],[117.74477,30.47141,0.0],[117.74498,30.47116,0.0],[117.74631,30.47009,0.0],[117.74863,30.46881,0.0],[117.7503,30.46741,0.0],[117.75541,30.4651,0.0],[117.7617,30.46156,0.0],[117.77011,30.45888,0.0],[117.77172,30.45753,0.0],[117.77481,30.45687,0.0],[117.77743,30.45678,0.0],[117.78069,30.45772,0.0],[117.78234,30.45718,0.0],[117.78327,30.45661,0.0],[117.78507,30.45444,0.0],[117.78953,30.45304,0.0],[117.7912,30.44827,0.0],[117.79051,30.44553,0.0],[117.78895,30.44399,0.0],[117.7912,30.44022,0.0],[117.79043,30.43706,0.0],[117.79266,30.43378,0.0],[117.79213,30.43041,0.0],[117.79011,30.42964,0.0],[117.78587,30.42631,0.0],[117.78318,30.42235,0.0],[117.78801,30.41239,0.0],[117.78773,30.41067,0.0],[117.78655,30.40414,0.0],[117.78524,30.40338,0.0],[117.78506,30.40156,0.0],[117.78584,30.39707,0.0],[117.78567,30.38818,0.0],[117.78157,30.38159,0.0],[117.78256,30.37976,0.0],[117.78155,30.37741,0.0],[117.77882,30.37247,0.0],[117.78123,30.36973,0.0],[117.78168,30.36566,0.0],[117.78384,30.35914,0.0],[117.78311,30.35667,0.0],[117.78056,30.35384,0.0],[117.77988,30.35099,0.0],[117.77679,30.34562,0.0],[117.7755,30.34221,0.0],[117.77361,30.34105,0.0],[117.76913,30.33863,0.0],[117.76517,30.33464,0.0],[117.76449,30.33339,0.0],[117.76272,30.33143,0.0],[117.75959,30.33026,0.0],[117.75542,30.32608,0.0],[117.7533,30.32473,0.0],[117.74887,30.32298,0.0],[117.74438,30.32186,0.0],[117.74139,30.32368,0.0],[117.74,30.32544,0.0],[117.73533,30.32511,0.0],[117.73374,30.32433,0.0],[117.73194,30.32422,0.0],[117.73134,30.32278,0.0],[117.72945,30.31959,0.0],[117.72764,30.31992,0.0],[117.71918,30.32074,0.0],[117.71311,30.32198,0.0],[117.70972,30.32432,0.0],[117.70501,30.32715,0.0],[117.70083,30.32973,0.0],[117.69742,30.33185,0.0],[117.69478,30.33212,0.0],[117.69378,30.33087,0.0],[117.69243,30.33018,0.0],[117.69213,30.32975,0.0],[117.692,30.32898,0.0],[117.69221,30.32848,0.0],[117.69246,30.32804,0.0],[117.69312,30.32734,0.0],[117.69299,30.32709,0.0],[117.69268,30.32695,0.0],[117.69174,30.3269,0.0],[117.69152,30.32553,0.0],[117.6913,30.32517,0.0],[117.69092,30.32499,0.0],[117.69033,30.32409,0.0],[117.68974,30.3234,0.0],[117.68887,30.32152,0.0],[117.68709,30.31877,0.0],[117.68553,30.31765,0.0],[117.68338,30.31653,0.0],[117.68312,30.31574,0.0],[117.68294,30.31356,0.0],[117.6831,30.31315,0.0],[117.68406,30.31209,0.0],[117.68415,30.31138,0.0],[117.6846,30.31046,0.0],[117.68453,30.31014,0.0],[117.684,30.3098,0.0],[117.68388,30.30955,0.0],[117.68372,30.30943,0.0],[117.68271,30.30899,0.0],[117.68257,30.30847,0.0],[117.68219,30.30794,0.0],[117.68147,30.30733,0.0],[117.68122,30.30692,0.0],[117.68063,30.30665,0.0],[117.68028,30.3066,0.0],[117.67688,30.3071,0.0],[117.6726,30.30577,0.0],[117.67037,30.30531,0.0],[117.66617,30.30355,0.0],[117.6652,30.30337,0.0],[117.66184,30.30335,0.0],[117.66101,30.3031,0.0],[117.66137,30.30124,0.0],[117.66182,30.30004,0.0],[117.66236,30.29935,0.0],[117.66483,30.29781,0.0],[117.66646,30.29693,0.0],[117.6685,30.29518,0.0],[117.66971,30.29394,0.0],[117.67091,30.2924,0.0],[117.67212,30.29141,0.0],[117.67279,30.29101,0.0],[117.67291,30.29068,0.0],[117.67295,30.29025,0.0],[117.67155,30.28796,0.0],[117.67125,30.28702,0.0],[117.67129,30.28647,0.0],[117.67146,30.28611,0.0],[117.672,30.28592,0.0],[117.67217,30.28574,0.0],[117.67233,30.28512,0.0],[117.67241,30.28392,0.0],[117.67178,30.284,0.0],[117.67149,30.28425,0.0],[117.67073,30.28466,0.0],[117.66994,30.28448,0.0],[117.66927,30.28452,0.0],[117.66885,30.28485,0.0],[117.66802,30.28576,0.0],[117.66718,30.28624,0.0],[117.66622,30.28646,0.0],[117.66479,30.28625,0.0],[117.66437,30.28596,0.0],[117.66344,30.28502,0.0],[117.66292,30.28273,0.0],[117.66324,30.28088,0.0],[117.66387,30.27943,0.0],[117.66453,30.27851,0.0],[117.66536,30.27797,0.0],[117.66578,30.27774,0.0],[117.66671,30.27774,0.0],[117.66683,30.27734,0.0],[117.66666,30.27665,0.0],[117.66698,30.27621,0.0],[117.66738,30.27617,0.0],[117.66867,30.27654,0.0],[117.66935,30.27641,0.0],[117.67015,30.27644,0.0],[117.67158,30.27621,0.0],[117.67408,30.27512,0.0],[117.67532,30.2747,0.0],[117.67612,30.27424,0.0],[117.67529,30.26992,0.0],[117.67536,30.26864,0.0],[117.6762,30.26827,0.0],[117.67638,30.26792,0.0],[117.67643,30.26744,0.0],[117.6766,30.26704,0.0],[117.67732,30.26663,0.0],[117.67778,30.26648,0.0],[117.67837,30.26634,0.0],[117.67891,30.26637,0.0],[117.67933,30.26619,0.0],[117.68141,30.26462,0.0],[117.68162,30.2644,0.0],[117.68179,30.26398,0.0],[117.68169,30.26358,0.0],[117.68104,30.26246,0.0],[117.68027,30.2608,0.0],[117.68002,30.26006,0.0],[117.67999,30.25968,0.0],[117.68028,30.25906,0.0],[117.6809,30.25811,0.0],[117.68099,30.25782,0.0],[117.68073,30.25742,0.0],[117.68014,30.25695,0.0],[117.67892,30.25674,0.0],[117.6783,30.25685,0.0],[117.67758,30.25722,0.0],[117.67717,30.2573,0.0],[117.67691,30.25679,0.0],[117.67653,30.25643,0.0],[117.67456,30.25622,0.0],[117.67272,30.25645,0.0],[117.67158,30.25634,0.0],[117.67112,30.25613,0.0],[117.67104,30.25587,0.0],[117.67102,30.25369,0.0],[117.67118,30.25282,0.0],[117.6716,30.25242,0.0],[117.67176,30.25107,0.0],[117.67163,30.25067,0.0],[117.67116,30.25005,0.0],[117.67074,30.24984,0.0],[117.6702,30.24992,0.0],[117.66933,30.25123,0.0],[117.66778,30.25286,0.0],[117.66902,30.25508,0.0],[117.66872,30.25527,0.0],[117.66789,30.2556,0.0],[117.66669,30.25633,0.0],[117.66554,30.25671,0.0],[117.66488,30.25638,0.0],[117.66429,30.25594,0.0],[117.66395,30.2558,0.0],[117.6637,30.2558,0.0],[117.66316,30.25664,0.0],[117.66254,30.25737,0.0],[117.66137,30.25829,0.0],[117.66049,30.25873,0.0],[117.65706,30.25966,0.0],[117.65511,30.26038,0.0],[117.65406,30.25992,0.0],[117.65399,30.26071,0.0],[117.65412,30.26147,0.0],[117.65493,30.26354,0.0],[117.65552,30.26477,0.0],[117.65634,30.26728,0.0],[117.65613,30.26746,0.0],[117.65588,30.26761,0.0],[117.65436,30.267,0.0],[117.65344,30.26682,0.0],[117.65155,30.26606,0.0],[117.65088,30.26603,0.0],[117.64988,30.26698,0.0],[117.64942,30.26724,0.0],[117.64887,30.26724,0.0],[117.64829,30.26746,0.0],[117.64808,30.26768,0.0],[117.64671,30.26998,0.0],[117.64663,30.27082,0.0],[117.64672,30.27189,0.0],[117.64518,30.27257,0.0],[117.64388,30.27261,0.0],[117.64321,30.2728,0.0],[117.6426,30.27318,0.0],[117.64188,30.27334,0.0],[117.63989,30.27267,0.0],[117.63863,30.27245,0.0],[117.63738,30.27242,0.0],[117.63616,30.27268,0.0],[117.63524,30.27334,0.0],[117.635,30.274,0.0],[117.63616,30.27795,0.0],[117.63587,30.27832,0.0],[117.63299,30.28062,0.0],[117.62928,30.28326,0.0],[117.62882,30.2833,0.0],[117.62772,30.28301,0.0],[117.6263,30.28327,0.0],[117.62559,30.2832,0.0],[117.62265,30.28227,0.0],[117.62127,30.28224,0.0],[117.62046,30.28234,0.0],[117.61917,30.2828,0.0],[117.61875,30.28272,0.0],[117.61805,30.28245,0.0],[117.61657,30.28215,0.0],[117.61362,30.28159,0.0],[117.61253,30.28123,0.0],[117.61132,30.28123,0.0],[117.61014,30.28157,0.0],[117.60943,30.28161,0.0],[117.60842,30.28157,0.0],[117.60696,30.28125,0.0],[117.60599,30.28119,0.0],[117.60545,30.28144,0.0],[117.60474,30.28163,0.0],[117.60373,30.28138,0.0],[117.60293,30.28131,0.0],[117.6018,30.28153,0.0],[117.60134,30.28153,0.0],[117.59974,30.28071,0.0],[117.59911,30.28061,0.0],[117.59811,30.28054,0.0],[117.59752,30.28061,0.0],[117.59698,30.28087,0.0],[117.59622,30.2808,0.0],[117.59426,30.28041,0.0],[117.59102,30.27995,0.0],[117.59072,30.27966,0.0],[117.59051,30.27926,0.0],[117.59001,30.27898,0.0],[117.58938,30.27887,0.0],[117.5887,30.27887,0.0],[117.58824,30.27898,0.0],[117.58787,30.27935,0.0],[117.58718,30.28045,0.0],[117.58683,30.28077,0.0],[117.58637,30.28081,0.0],[117.58498,30.28038,0.0],[117.58452,30.28038,0.0],[117.5841,30.28071,0.0],[117.58322,30.28167,0.0],[117.58209,30.28197,0.0],[117.58162,30.28238,0.0],[117.58139,30.28265,0.0],[117.58132,30.28509,0.0],[117.58099,30.28632,0.0],[117.58061,30.28691,0.0],[117.58012,30.28735,0.0],[117.57852,30.28772,0.0],[117.57697,30.28794,0.0],[117.57559,30.28842,0.0],[117.57292,30.29029,0.0],[117.57237,30.2904,0.0],[117.569,30.29058,0.0],[117.56827,30.29096,0.0],[117.5677,30.29351,0.0],[117.56704,30.29551,0.0],[117.56675,30.29581,0.0],[117.56621,30.29603,0.0],[117.56462,30.29643,0.0],[117.56365,30.29647,0.0],[117.55983,30.29634,0.0],[117.558,30.29642,0.0],[117.55689,30.29672,0.0],[117.55548,30.29695,0.0],[117.55459,30.29695,0.0],[117.55212,30.29663,0.0],[117.55128,30.29671,0.0],[117.55015,30.297,0.0],[117.54927,30.29744,0.0],[117.5491,30.29741,0.0],[117.54922,30.29603,0.0],[117.54959,30.29508,0.0],[117.55062,30.29151,0.0],[117.55066,30.29071,0.0],[117.54894,30.28992,0.0],[117.54649,30.28822,0.0],[117.54372,30.28718,0.0],[117.54267,30.28689,0.0],[117.54019,30.28661,0.0],[117.53402,30.28562,0.0],[117.53032,30.28244,0.0],[117.528,30.28014,0.0],[117.52763,30.28003,0.0],[117.52687,30.28014,0.0],[117.52449,30.28144,0.0],[117.52353,30.28219,0.0],[117.5229,30.28234,0.0],[117.52244,30.28231,0.0],[117.52231,30.2822,0.0],[117.52101,30.2818,0.0],[117.5195,30.28155,0.0],[117.51903,30.28153,0.0],[117.51788,30.2813,0.0],[117.51366,30.28205,0.0],[117.50941,30.28386,0.0],[117.50968,30.28723,0.0],[117.49983,30.29413,0.0],[117.49687,30.29889,0.0],[117.49751,30.30256,0.0],[117.49496,30.31219,0.0],[117.49477,30.31515,0.0],[117.492,30.31591,0.0],[117.48708,30.31651,0.0],[117.48636,30.31988,0.0],[117.48837,30.32614,0.0],[117.4912,30.33071,0.0],[117.49114,30.33618,0.0],[117.48676,30.3387,0.0],[117.48185,30.34073,0.0],[117.47844,30.33826,0.0],[117.47095,30.33143,0.0],[117.46679,30.32888,0.0],[117.46183,30.32862,0.0],[117.45576,30.32679,0.0],[117.45284,30.3214,0.0],[117.44567,30.31586,0.0],[117.44355,30.31236,0.0],[117.4426,30.30539,0.0],[117.439,30.30456,0.0],[117.43632,30.30235,0.0],[117.42898,30.29894,0.0],[117.42447,30.29926,0.0],[117.412,30.30272,0.0],[117.4087,30.30632,0.0],[117.4011,30.31043,0.0],[117.39031,30.31023,0.0],[117.38885,30.31008,0.0],[117.3872,30.31071,0.0],[117.38514,30.31115,0.0],[117.3842,30.31039,0.0],[117.38254,30.3101,0.0],[117.38121,30.30921,0.0],[117.3799,30.30793,0.0],[117.38005,30.30688,0.0],[117.37917,30.30432,0.0],[117.37792,30.30222,0.0],[117.37666,30.30085,0.0],[117.37542,30.30083,0.0],[117.37178,30.30189,0.0],[117.37047,30.30095,0.0],[117.36634,30.29381,0.0],[117.36106,30.29139,0.0],[117.35984,30.28966,0.0],[117.35819,30.28937,0.0],[117.35636,30.29009,0.0],[117.35416,30.29009,0.0],[117.35274,30.29169,0.0],[117.35273,30.29225,0.0],[117.35206,30.2929,0.0],[117.35004,30.29448,0.0],[117.34951,30.29547,0.0],[117.34965,30.29595,0.0],[117.34993,30.29643,0.0],[117.35005,30.29712,0.0],[117.34998,30.29795,0.0],[117.34971,30.29883,0.0],[117.34909,30.29945,0.0],[117.34752,30.30034,0.0],[117.34697,30.30086,0.0],[117.34629,30.30218,0.0],[117.34601,30.30306,0.0],[117.34583,30.30326,0.0],[117.34532,30.30318,0.0],[117.34371,30.30262,0.0],[117.34343,30.30234,0.0],[117.34306,30.30219,0.0],[117.342,30.30207,0.0],[117.34172,30.30195,0.0],[117.34158,30.30159,0.0],[117.34158,30.30071,0.0],[117.33965,30.30008,0.0],[117.33923,30.29932,0.0],[117.33895,30.29912,0.0],[117.33826,30.29888,0.0],[117.33554,30.29857,0.0],[117.33438,30.29765,0.0],[117.33406,30.29758,0.0],[117.33369,30.29762,0.0],[117.3331,30.29798,0.0],[117.33282,30.29802,0.0],[117.33245,30.29798,0.0],[117.33194,30.29754,0.0],[117.33153,30.29746,0.0],[117.33079,30.2975,0.0],[117.32945,30.29779,0.0],[117.32913,30.29775,0.0],[117.32849,30.29731,0.0],[117.32798,30.29731,0.0],[117.32701,30.29763,0.0],[117.32651,30.29803,0.0],[117.32614,30.29847,0.0],[117.326,30.29935,0.0],[117.32503,30.30062,0.0],[117.32422,30.30223,0.0],[117.32403,30.30247,0.0],[117.32344,30.30276,0.0],[117.32293,30.30319,0.0],[117.32252,30.30391,0.0],[117.32248,30.30611,0.0],[117.32239,30.30631,0.0],[117.32197,30.30671,0.0],[117.32161,30.30867,0.0],[117.32147,30.30887,0.0],[117.31978,30.30906,0.0],[117.31948,30.3092,0.0],[117.31917,30.30944,0.0],[117.31858,30.31048,0.0],[117.31849,30.31091,0.0],[117.31851,30.31179,0.0],[117.31865,30.3125,0.0],[117.31846,30.31318,0.0],[117.31823,30.31374,0.0],[117.31695,30.31514,0.0],[117.31607,30.31566,0.0],[117.31589,30.31634,0.0],[117.3159,30.31806,0.0],[117.31569,30.31844,0.0],[117.31333,30.3194,0.0],[117.31235,30.32001,0.0],[117.31185,30.32114,0.0],[117.31158,30.32138,0.0],[117.31109,30.32149,0.0],[117.30949,30.32061,0.0],[117.30882,30.31962,0.0],[117.30864,30.31893,0.0],[117.30891,30.3187,0.0],[117.30993,30.31839,0.0],[117.30989,30.3182,0.0],[117.30904,30.31782,0.0],[117.3085,30.31786,0.0],[117.30823,30.31778,0.0],[117.3081,30.31759,0.0],[117.30801,30.31699,0.0],[117.30792,30.31687,0.0],[117.3076,30.31676,0.0],[117.30599,30.31672,0.0],[117.30525,30.31708,0.0],[117.30497,30.31733,0.0],[117.30484,30.3177,0.0],[117.3049,30.31845,0.0],[117.30528,30.31921,0.0],[117.30569,30.31977,0.0],[117.30587,30.32039,0.0],[117.3065,30.32115,0.0],[117.3066,30.32135,0.0],[117.30654,30.32157,0.0],[117.30582,30.32176,0.0],[117.30467,30.3218,0.0],[117.30328,30.32156,0.0],[117.30067,30.32157,0.0],[117.30004,30.32142,0.0],[117.29923,30.32068,0.0],[117.29705,30.31799,0.0],[117.29613,30.31715,0.0],[117.29488,30.31711,0.0],[117.2917,30.3166,0.0],[117.29119,30.31644,0.0],[117.28953,30.31536,0.0],[117.28791,30.31353,0.0],[117.28708,30.31277,0.0],[117.28496,30.31134,0.0],[117.2833,30.31034,0.0],[117.28205,30.30991,0.0],[117.28039,30.30863,0.0],[117.27882,30.30796,0.0],[117.27772,30.30726,0.0],[117.27606,30.3062,0.0],[117.27523,30.30549,0.0],[117.27413,30.3049,0.0],[117.27201,30.30418,0.0],[117.26941,30.30269,0.0],[117.26859,30.30211,0.0],[117.26848,30.30179,0.0],[117.26866,30.30157,0.0],[117.27038,30.30059,0.0],[117.2713,30.29947,0.0],[117.27181,30.29863,0.0],[117.27194,30.29727,0.0],[117.27217,30.29683,0.0],[117.27258,30.29655,0.0],[117.27351,30.29631,0.0],[117.27461,30.29627,0.0],[117.27526,30.29611,0.0],[117.27558,30.29591,0.0],[117.27553,30.29567,0.0],[117.27535,30.29555,0.0],[117.27525,30.29527,0.0],[117.2753,30.29491,0.0],[117.27378,30.29404,0.0],[117.27336,30.2934,0.0],[117.27322,30.29288,0.0],[117.27271,30.29248,0.0],[117.27165,30.292,0.0],[117.27126,30.29171,0.0],[117.27129,30.29144,0.0],[117.27166,30.29115,0.0],[117.27178,30.29072,0.0],[117.27203,30.29051,0.0],[117.27255,30.2897,0.0],[117.27247,30.2892,0.0],[117.27099,30.28852,0.0],[117.26927,30.2869,0.0],[117.26746,30.28573,0.0],[117.26543,30.28422,0.0],[117.26351,30.28352,0.0],[117.26236,30.28189,0.0],[117.26232,30.2809,0.0],[117.26188,30.28033,0.0],[117.26079,30.27997,0.0],[117.24694,30.28668,0.0],[117.24589,30.28595,0.0],[117.24395,30.28561,0.0],[117.24033,30.28649,0.0],[117.23562,30.28701,0.0],[117.22811,30.28657,0.0],[117.22539,30.29001,0.0],[117.22284,30.29771,0.0],[117.22271,30.29924,0.0],[117.21816,30.30095,0.0],[117.21539,30.30009,0.0],[117.2123,30.3,0.0],[117.20968,30.29943,0.0],[117.20706,30.29765,0.0],[117.19629,30.29396,0.0],[117.19515,30.29244,0.0],[117.19429,30.29233,0.0],[117.19196,30.29348,0.0],[117.18829,30.29337,0.0],[117.18685,30.29358,0.0],[117.18594,30.29319,0.0],[117.18498,30.29325,0.0],[117.18425,30.29306,0.0],[117.18337,30.29315,0.0],[117.1793,30.29746,0.0],[117.17771,30.3002,0.0],[117.17781,30.30259,0.0],[117.17687,30.30587,0.0],[117.17674,30.31012,0.0],[117.17816,30.31538,0.0],[117.17749,30.31935,0.0],[117.17756,30.32161,0.0],[117.17667,30.32262,0.0],[117.17509,30.32318,0.0],[117.17429,30.32334,0.0],[117.1736,30.32244,0.0],[117.17221,30.32232,0.0],[117.17145,30.32149,0.0],[117.16857,30.32116,0.0],[117.16576,30.32799,0.0],[117.17305,30.33099,0.0],[117.17539,30.33155,0.0],[117.17696,30.33186,0.0],[117.17668,30.33775,0.0],[117.17221,30.33825,0.0],[117.16681,30.34132,0.0],[117.16367,30.34753,0.0],[117.16204,30.35155,0.0],[117.16234,30.35614,0.0],[117.16222,30.36058,0.0],[117.16361,30.36317,0.0],[117.1663,30.36566,0.0],[117.17246,30.37041,0.0],[117.17552,30.37434,0.0],[117.17599,30.3763,0.0],[117.1752,30.37909,0.0],[117.17267,30.38124,0.0],[117.16739,30.38326,0.0],[117.16013,30.38491,0.0],[117.15696,30.38487,0.0],[117.15224,30.38365,0.0],[117.14349,30.38106,0.0],[117.13649,30.38028,0.0],[117.12898,30.38069,0.0],[117.12031,30.38198,0.0],[117.11314,30.38346,0.0],[117.10928,30.3852,0.0],[117.10665,30.3877,0.0],[117.10537,30.38987,0.0],[117.10486,30.39165,0.0]],[[117.26272,30.42279,0.0],[117.26792,30.42831,0.0],[117.27154,30.43091,0.0],[117.28013,30.43547,0.0],[117.28279,30.4372,0.0],[117.28755,30.43819,0.0],[117.29323,30.44313,0.0],[117.29705,30.44605,0.0],[117.30366,30.44902,0.0],[117.30502,30.45017,0.0],[117.30611,30.45319,0.0],[117.30912,30.46404,0.0],[117.3161,30.46351,0.0],[117.31815,30.46728,0.0],[117.31877,30.47192,0.0],[117.32411,30.47579,0.0],[117.32396,30.47819,0.0],[117.31984,30.49526,0.0],[117.31864,30.49755,0.0],[117.31618,30.49907,0.0],[117.31386,30.49591,0.0],[117.31139,30.49463,0.0],[117.305,30.49489,0.0],[117.29364,30.49103,0.0],[117.29049,30.48718,0.0],[117.28637,30.48184,0.0],[117.28139,30.4794,0.0],[117.27935,30.47361,0.0],[117.27693,30.47044,0.0],[117.27103,30.46736,0.0],[117.26665,30.46743,0.0],[117.26167,30.46985,0.0],[117.25395,30.46715,0.0],[117.24137,30.46625,0.0],[117.24086,30.46373,0.0],[117.24363,30.45885,0.0],[117.25169,30.44978,0.0],[117.25599,30.4483,0.0],[117.26,30.44762,0.0],[117.25961,30.44192,0.0],[117.25577,30.4377,0.0],[117.25395,30.43182,0.0],[117.24545,30.43041,0.0],[117.24034,30.42647,0.0],[117.24133,30.42327,0.0],[117.24635,30.42116,0.0],[117.25137,30.42512,0.0],[117.25631,30.42477,0.0],[117.25719,30.42248,0.0],[117.25858,30.42077,0.0],[117.26272,30.42279,0.0]]]]}},{"type":"Feature","properties":{"uesi_id":"CHN_R3164669","nbhd_code":"CHN_R3164669_8","nbhd_name":"\u77f3\u53f0\u53bf"},"geometry":{"type":"MultiPolygon","coordinates":[[[[117.91394,30.36651,0.0],[117.91583,30.36402,0.0],[117.91871,30.36126,0.0],[117.92137,30.36008,0.0],[117.9236,30.35729,0.0],[117.92448,30.35358,0.0],[117.9289,30.34836,0.0],[117.92963,30.34681,0.0],[117.93017,30.34601,0.0],[117.9305,30.34572,0.0],[117.93174,30.34504,0.0],[117.93258,30.3436,0.0],[117.9331,30.343,0.0],[117.93414,30.3423,0.0],[117.93428,30.34211,0.0],[117.93438,30.34146,0.0],[117.9343,30.33946,0.0],[117.93441,30.33917,0.0],[117.93555,30.33797,0.0],[117.93552,30.33766,0.0],[117.93527,30.33739,0.0],[117.935,30.33735,0.0],[117.93354,30.3382,0.0],[117.93193,30.33876,0.0],[117.93092,30.33884,0.0],[117.93059,30.33877,0.0],[117.9302,30.33851,0.0],[117.92956,30.33757,0.0],[117.92722,30.33675,0.0],[117.92651,30.3362,0.0],[117.92539,30.33467,0.0],[117.92526,30.33435,0.0],[117.925,30.33426,0.0],[117.92459,30.33428,0.0],[117.92348,30.3346,0.0],[117.92218,30.33461,0.0],[117.92116,30.33438,0.0],[117.92067,30.33411,0.0],[117.9203,30.33372,0.0],[117.92024,30.33346,0.0],[117.92176,30.3312,0.0],[117.92221,30.33091,0.0],[117.92383,30.33035,0.0],[117.92694,30.32899,0.0],[117.9275,30.32865,0.0],[117.92846,30.32867,0.0],[117.92847,30.32793,0.0],[117.92815,30.3276,0.0],[117.92449,30.32713,0.0],[117.92396,30.32697,0.0],[117.92376,30.32674,0.0],[117.92371,30.32642,0.0],[117.92387,30.32571,0.0],[117.92428,30.32496,0.0],[117.92438,30.32442,0.0],[117.92414,30.32316,0.0],[117.92389,30.32274,0.0],[117.92338,30.32241,0.0],[117.92183,30.3223,0.0],[117.91824,30.32268,0.0],[117.91595,30.3228,0.0],[117.91523,30.32268,0.0],[117.91477,30.32224,0.0],[117.91401,30.32119,0.0],[117.91366,30.32044,0.0],[117.91354,30.31958,0.0],[117.91332,30.3191,0.0],[117.91183,30.31793,0.0],[117.90972,30.3157,0.0],[117.90918,30.31452,0.0],[117.90806,30.31347,0.0],[117.90256,30.31246,0.0],[117.90177,30.31194,0.0],[117.90156,30.30994,0.0],[117.90333,30.30632,0.0],[117.90716,30.30305,0.0],[117.90782,30.30195,0.0],[117.90663,30.30076,0.0],[117.90338,30.29876,0.0],[117.90053,30.29757,0.0],[117.89709,30.2969,0.0],[117.89299,30.29731,0.0],[117.88657,30.29837,0.0],[117.88347,30.2978,0.0],[117.88142,30.2968,0.0],[117.88127,30.29591,0.0],[117.88225,30.29315,0.0],[117.88504,30.29019,0.0],[117.88525,30.28544,0.0],[117.88645,30.28255,0.0],[117.88694,30.27947,0.0],[117.88855,30.27723,0.0],[117.89032,30.27371,0.0],[117.88619,30.27339,0.0],[117.88135,30.27243,0.0],[117.87752,30.27311,0.0],[117.87372,30.27125,0.0],[117.87137,30.26847,0.0],[117.86665,30.27052,0.0],[117.85925,30.27126,0.0],[117.85597,30.27063,0.0],[117.85415,30.2691,0.0],[117.85209,30.26798,0.0],[117.85316,30.26558,0.0],[117.85283,30.2649,0.0],[117.8496,30.26291,0.0],[117.84866,30.26277,0.0],[117.84484,30.2648,0.0],[117.84313,30.26421,0.0],[117.84169,30.26166,0.0],[117.84168,30.2611,0.0],[117.84222,30.26056,0.0],[117.84241,30.25986,0.0],[117.83995,30.25643,0.0],[117.83915,30.25579,0.0],[117.83727,30.25589,0.0],[117.83271,30.2514,0.0],[117.83089,30.25139,0.0],[117.82953,30.2517,0.0],[117.82724,30.2518,0.0],[117.82543,30.25164,0.0],[117.82379,30.2508,0.0],[117.82258,30.24913,0.0],[117.82064,30.24785,0.0],[117.81994,30.24668,0.0],[117.81981,30.245,0.0],[117.81872,30.24161,0.0],[117.8189,30.23871,0.0],[117.81925,30.23728,0.0],[117.82059,30.23419,0.0],[117.82142,30.23346,0.0],[117.82124,30.23256,0.0],[117.82099,30.23232,0.0],[117.82067,30.23098,0.0],[117.82132,30.23044,0.0],[117.82094,30.22923,0.0],[117.81982,30.22862,0.0],[117.81932,30.22771,0.0],[117.8194,30.22657,0.0],[117.82259,30.22565,0.0],[117.82417,30.2247,0.0],[117.82679,30.22429,0.0],[117.82742,30.22482,0.0],[117.82989,30.22483,0.0],[117.82981,30.22597,0.0],[117.83194,30.22585,0.0],[117.83574,30.22488,0.0],[117.83691,30.22522,0.0],[117.83959,30.22433,0.0],[117.84139,30.22435,0.0],[117.8429,30.22348,0.0],[117.84566,30.22196,0.0],[117.84687,30.22253,0.0],[117.84973,30.22255,0.0],[117.85124,30.22079,0.0],[117.85339,30.21982,0.0],[117.85514,30.21881,0.0],[117.85562,30.21723,0.0],[117.85626,30.21561,0.0],[117.85586,30.21461,0.0],[117.85644,30.21218,0.0],[117.85444,30.21087,0.0],[117.8539,30.21016,0.0],[117.85382,30.20946,0.0],[117.8512,30.20623,0.0],[117.85036,30.20437,0.0],[117.85164,30.2034,0.0],[117.85161,30.20217,0.0],[117.84993,30.19931,0.0],[117.84923,30.19696,0.0],[117.84946,30.1961,0.0],[117.84903,30.19586,0.0],[117.84762,30.19557,0.0],[117.84683,30.19494,0.0],[117.84486,30.19522,0.0],[117.84239,30.19514,0.0],[117.84136,30.19528,0.0],[117.84034,30.19362,0.0],[117.83791,30.19345,0.0],[117.83785,30.19212,0.0],[117.83746,30.1916,0.0],[117.83664,30.19151,0.0],[117.83645,30.19093,0.0],[117.83616,30.19064,0.0],[117.83574,30.18959,0.0],[117.83362,30.19008,0.0],[117.83298,30.19004,0.0],[117.83251,30.18957,0.0],[117.83144,30.18906,0.0],[117.82959,30.18763,0.0],[117.82856,30.18616,0.0],[117.82652,30.18438,0.0],[117.82245,30.18214,0.0],[117.82059,30.18325,0.0],[117.82066,30.18437,0.0],[117.81952,30.18477,0.0],[117.81774,30.18418,0.0],[117.81603,30.18519,0.0],[117.81512,30.18526,0.0],[117.81487,30.18646,0.0],[117.8136,30.18705,0.0],[117.8119,30.18574,0.0],[117.81151,30.18485,0.0],[117.81041,30.18414,0.0],[117.80827,30.18378,0.0],[117.80737,30.18196,0.0],[117.80468,30.17935,0.0],[117.8021,30.17751,0.0],[117.80377,30.17576,0.0],[117.80253,30.17448,0.0],[117.80031,30.17255,0.0],[117.80106,30.17149,0.0],[117.79998,30.17067,0.0],[117.79944,30.17032,0.0],[117.79905,30.17034,0.0],[117.79847,30.17068,0.0],[117.79721,30.1704,0.0],[117.79498,30.17132,0.0],[117.79368,30.17068,0.0],[117.79228,30.17043,0.0],[117.7903,30.17069,0.0],[117.78906,30.16926,0.0],[117.78537,30.16745,0.0],[117.78442,30.165,0.0],[117.78317,30.16331,0.0],[117.78188,30.16211,0.0],[117.78144,30.16119,0.0],[117.78007,30.16001,0.0],[117.77914,30.1596,0.0],[117.77801,30.15845,0.0],[117.77732,30.15656,0.0],[117.77579,30.15607,0.0],[117.77359,30.15607,0.0],[117.77184,30.15807,0.0],[117.76975,30.15882,0.0],[117.76816,30.15901,0.0],[117.76687,30.15912,0.0],[117.76562,30.15897,0.0],[117.76469,30.15921,0.0],[117.76492,30.16074,0.0],[117.76511,30.16114,0.0],[117.76413,30.16213,0.0],[117.76192,30.16213,0.0],[117.76109,30.16205,0.0],[117.75953,30.16194,0.0],[117.7573,30.16085,0.0],[117.75633,30.16145,0.0],[117.75548,30.16141,0.0],[117.75458,30.16181,0.0],[117.75355,30.16062,0.0],[117.74996,30.15773,0.0],[117.74895,30.15691,0.0],[117.74747,30.15656,0.0],[117.74683,30.15598,0.0],[117.74597,30.15594,0.0],[117.74507,30.15641,0.0],[117.74252,30.15602,0.0],[117.74127,30.15611,0.0],[117.73962,30.15585,0.0],[117.7375,30.15505,0.0],[117.73612,30.15476,0.0],[117.73556,30.15498,0.0],[117.73432,30.15479,0.0],[117.73329,30.15413,0.0],[117.73155,30.15379,0.0],[117.72805,30.15374,0.0],[117.72745,30.15457,0.0],[117.72647,30.15485,0.0],[117.72524,30.15429,0.0],[117.72409,30.15351,0.0],[117.72267,30.15301,0.0],[117.72162,30.15361,0.0],[117.71967,30.15272,0.0],[117.71878,30.15218,0.0],[117.7175,30.15194,0.0],[117.7154,30.14995,0.0],[117.71282,30.15008,0.0],[117.71157,30.15001,0.0],[117.71078,30.14986,0.0],[117.70958,30.14926,0.0],[117.70879,30.14928,0.0],[117.70787,30.14831,0.0],[117.70662,30.14737,0.0],[117.70542,30.14675,0.0],[117.7042,30.14658,0.0],[117.70148,30.14705,0.0],[117.70062,30.14686,0.0],[117.69906,30.14633,0.0],[117.69835,30.14622,0.0],[117.69782,30.14622,0.0],[117.697,30.1464,0.0],[117.69649,30.14634,0.0],[117.69581,30.14612,0.0],[117.69364,30.14601,0.0],[117.69323,30.1459,0.0],[117.69296,30.14572,0.0],[117.69282,30.1454,0.0],[117.69298,30.14357,0.0],[117.69201,30.14199,0.0],[117.69138,30.14147,0.0],[117.68811,30.1406,0.0],[117.68573,30.13953,0.0],[117.68515,30.13911,0.0],[117.68349,30.13857,0.0],[117.68263,30.13801,0.0],[117.68173,30.13721,0.0],[117.67997,30.13586,0.0],[117.67922,30.13584,0.0],[117.67825,30.13597,0.0],[117.67766,30.13592,0.0],[117.6774,30.13574,0.0],[117.67731,30.13529,0.0],[117.67809,30.13355,0.0],[117.67866,30.13285,0.0],[117.68052,30.13172,0.0],[117.6811,30.13087,0.0],[117.68135,30.12956,0.0],[117.6813,30.12871,0.0],[117.68099,30.1284,0.0],[117.67964,30.12747,0.0],[117.6791,30.12693,0.0],[117.67845,30.12605,0.0],[117.67808,30.12576,0.0],[117.67617,30.12542,0.0],[117.67377,30.12535,0.0],[117.67333,30.1252,0.0],[117.67003,30.12476,0.0],[117.66799,30.12473,0.0],[117.66802,30.12287,0.0],[117.67208,30.12001,0.0],[117.67208,30.11989,0.0],[117.67181,30.11978,0.0],[117.67052,30.11947,0.0],[117.67012,30.11917,0.0],[117.66985,30.1189,0.0],[117.66918,30.11782,0.0],[117.66784,30.11686,0.0],[117.66757,30.11617,0.0],[117.66757,30.11602,0.0],[117.6677,30.11594,0.0],[117.66779,30.11567,0.0],[117.67004,30.11449,0.0],[117.67083,30.11394,0.0],[117.67201,30.1129,0.0],[117.67258,30.11201,0.0],[117.6726,30.11147,0.0],[117.67242,30.11124,0.0],[117.67193,30.1109,0.0],[117.67139,30.10963,0.0],[117.67121,30.10951,0.0],[117.67104,30.10964,0.0],[117.67094,30.11055,0.0],[117.66868,30.11129,0.0],[117.66878,30.11191,0.0],[117.66856,30.11214,0.0],[117.66786,30.11183,0.0],[117.66758,30.11189,0.0],[117.66695,30.11273,0.0],[117.66669,30.11297,0.0],[117.66629,30.11317,0.0],[117.66616,30.11286,0.0],[117.66597,30.11271,0.0],[117.6659,30.11176,0.0],[117.66539,30.1112,0.0],[117.66513,30.11116,0.0],[117.66442,30.11113,0.0],[117.66189,30.11141,0.0],[117.65723,30.11151,0.0],[117.65651,30.11168,0.0],[117.65555,30.11201,0.0],[117.65393,30.11323,0.0],[117.65294,30.11423,0.0],[117.65063,30.11808,0.0],[117.64575,30.11872,0.0],[117.64092,30.11713,0.0],[117.6394,30.11455,0.0],[117.6377,30.10829,0.0],[117.637,30.10778,0.0],[117.63511,30.10708,0.0],[117.63474,30.1068,0.0],[117.63455,30.1065,0.0],[117.63449,30.10631,0.0],[117.63552,30.1046,0.0],[117.6356,30.10437,0.0],[117.63546,30.10421,0.0],[117.63407,30.10299,0.0],[117.63389,30.10294,0.0],[117.63373,30.10299,0.0],[117.63211,30.10457,0.0],[117.63177,30.10462,0.0],[117.62999,30.10236,0.0],[117.62893,30.10197,0.0],[117.62815,30.10179,0.0],[117.62601,30.10196,0.0],[117.62597,30.1038,0.0],[117.62566,30.10551,0.0],[117.62542,30.10567,0.0],[117.62394,30.10616,0.0],[117.62103,30.10636,0.0],[117.62034,30.10664,0.0],[117.61853,30.10836,0.0],[117.61659,30.11052,0.0],[117.61475,30.11281,0.0],[117.61345,30.11345,0.0],[117.61175,30.11369,0.0],[117.61084,30.11397,0.0],[117.61018,30.11436,0.0],[117.60992,30.11476,0.0],[117.60963,30.11525,0.0],[117.60937,30.11652,0.0],[117.60941,30.11913,0.0],[117.60844,30.12101,0.0],[117.60811,30.12189,0.0],[117.60843,30.12351,0.0],[117.60843,30.12388,0.0],[117.60827,30.1244,0.0],[117.60774,30.1252,0.0],[117.60752,30.12573,0.0],[117.60766,30.12712,0.0],[117.60756,30.12779,0.0],[117.60722,30.12839,0.0],[117.60702,30.12953,0.0],[117.6072,30.12997,0.0],[117.60733,30.13084,0.0],[117.60724,30.13131,0.0],[117.60669,30.13236,0.0],[117.60579,30.13377,0.0],[117.60531,30.13417,0.0],[117.60453,30.13333,0.0],[117.60413,30.13308,0.0],[117.60267,30.13269,0.0],[117.60157,30.13254,0.0],[117.60085,30.13222,0.0],[117.59915,30.13225,0.0],[117.59729,30.1326,0.0],[117.59598,30.13247,0.0],[117.59457,30.13245,0.0],[117.59417,30.13215,0.0],[117.59403,30.13192,0.0],[117.59387,30.13091,0.0],[117.59424,30.13084,0.0],[117.59463,30.13092,0.0],[117.59526,30.13126,0.0],[117.59558,30.13134,0.0],[117.5958,30.13114,0.0],[117.5958,30.13095,0.0],[117.59454,30.12955,0.0],[117.59441,30.12927,0.0],[117.59356,30.1297,0.0],[117.59045,30.13052,0.0],[117.58958,30.13008,0.0],[117.58718,30.12837,0.0],[117.58611,30.12793,0.0],[117.58537,30.12739,0.0],[117.5843,30.1261,0.0],[117.58386,30.12584,0.0],[117.58292,30.12565,0.0],[117.58242,30.12545,0.0],[117.58208,30.12427,0.0],[117.58019,30.12161,0.0],[117.57968,30.12072,0.0],[117.57865,30.11993,0.0],[117.57822,30.11974,0.0],[117.57727,30.11959,0.0],[117.57538,30.11896,0.0],[117.575,30.11896,0.0],[117.57284,30.11952,0.0],[117.57199,30.11964,0.0],[117.57127,30.11921,0.0],[117.56993,30.11877,0.0],[117.56845,30.11863,0.0],[117.56755,30.11839,0.0],[117.56693,30.11795,0.0],[117.56585,30.11696,0.0],[117.56513,30.1155,0.0],[117.56474,30.115,0.0],[117.56326,30.11438,0.0],[117.56292,30.11406,0.0],[117.56292,30.11378,0.0],[117.5637,30.11309,0.0],[117.56342,30.11128,0.0],[117.56341,30.11068,0.0],[117.56352,30.11007,0.0],[117.56327,30.10971,0.0],[117.56242,30.10925,0.0],[117.56003,30.10843,0.0],[117.55931,30.10832,0.0],[117.5583,30.10832,0.0],[117.55705,30.10846,0.0],[117.55623,30.10833,0.0],[117.55561,30.10798,0.0],[117.55524,30.10757,0.0],[117.5551,30.10641,0.0],[117.55917,30.10614,0.0],[117.56279,30.10511,0.0],[117.56438,30.10503,0.0],[117.56587,30.10445,0.0],[117.56603,30.10408,0.0],[117.56592,30.10322,0.0],[117.56529,30.10149,0.0],[117.5647,30.1002,0.0],[117.56427,30.09976,0.0],[117.56382,30.09953,0.0],[117.56376,30.0993,0.0],[117.5641,30.098,0.0],[117.5642,30.09567,0.0],[117.56465,30.09451,0.0],[117.5648,30.09366,0.0],[117.56472,30.09303,0.0],[117.56392,30.09227,0.0],[117.56381,30.09151,0.0],[117.56364,30.09123,0.0],[117.56324,30.09088,0.0],[117.56279,30.09068,0.0],[117.56162,30.09036,0.0],[117.56119,30.09015,0.0],[117.56081,30.08961,0.0],[117.55977,30.08942,0.0],[117.55882,30.08947,0.0],[117.55817,30.0885,0.0],[117.55756,30.08779,0.0],[117.55558,30.08634,0.0],[117.55512,30.08611,0.0],[117.55472,30.08606,0.0],[117.55397,30.08706,0.0],[117.55312,30.08788,0.0],[117.55246,30.08832,0.0],[117.55246,30.08853,0.0],[117.55372,30.08986,0.0],[117.55405,30.09067,0.0],[117.5541,30.09109,0.0],[117.55408,30.09132,0.0],[117.55384,30.09157,0.0],[117.55288,30.09222,0.0],[117.55235,30.09246,0.0],[117.55203,30.09236,0.0],[117.55132,30.09153,0.0],[117.55067,30.09127,0.0],[117.54987,30.09132,0.0],[117.54931,30.09192,0.0],[117.54921,30.09224,0.0],[117.54926,30.09248,0.0],[117.54966,30.09312,0.0],[117.55141,30.09457,0.0],[117.55143,30.09505,0.0],[117.55133,30.09538,0.0],[117.55115,30.09545,0.0],[117.55055,30.09524,0.0],[117.54677,30.09332,0.0],[117.54642,30.09345,0.0],[117.5461,30.09371,0.0],[117.54587,30.09401,0.0],[117.54571,30.09441,0.0],[117.54569,30.09517,0.0],[117.54609,30.09623,0.0],[117.54668,30.09713,0.0],[117.54689,30.09738,0.0],[117.54847,30.09804,0.0],[117.54924,30.09874,0.0],[117.5497,30.09977,0.0],[117.55004,30.10098,0.0],[117.55036,30.10135,0.0],[117.55002,30.102,0.0],[117.54977,30.10328,0.0],[117.54947,30.10385,0.0],[117.54904,30.10424,0.0],[117.54739,30.10504,0.0],[117.54693,30.10501,0.0],[117.54412,30.10534,0.0],[117.54338,30.10529,0.0],[117.54258,30.10506,0.0],[117.54033,30.1042,0.0],[117.53976,30.10513,0.0],[117.5393,30.10566,0.0],[117.53915,30.10612,0.0],[117.53915,30.10654,0.0],[117.53931,30.10691,0.0],[117.53931,30.10741,0.0],[117.53894,30.10897,0.0],[117.53869,30.10952,0.0],[117.5371,30.11099,0.0],[117.53691,30.11157,0.0],[117.53662,30.11201,0.0],[117.53601,30.11261,0.0],[117.53578,30.11323,0.0],[117.53501,30.11335,0.0],[117.53362,30.11324,0.0],[117.5333,30.11313,0.0],[117.5333,30.11304,0.0],[117.53373,30.11286,0.0],[117.53391,30.11257,0.0],[117.53394,30.11211,0.0],[117.53377,30.11017,0.0],[117.53396,30.10908,0.0],[117.5339,30.10856,0.0],[117.53274,30.10809,0.0],[117.53143,30.10742,0.0],[117.53071,30.10722,0.0],[117.5301,30.10678,0.0],[117.5286,30.10468,0.0],[117.52483,30.1034,0.0],[117.52382,30.10229,0.0],[117.52386,30.1005,0.0],[117.5233,30.09937,0.0],[117.52287,30.09614,0.0],[117.5233,30.09548,0.0],[117.52372,30.09403,0.0],[117.52495,30.0918,0.0],[117.5255,30.09168,0.0],[117.526,30.09137,0.0],[117.52744,30.09024,0.0],[117.52841,30.08973,0.0],[117.5293,30.08979,0.0],[117.53037,30.09072,0.0],[117.5307,30.09065,0.0],[117.53089,30.09003,0.0],[117.53091,30.08947,0.0],[117.53065,30.08835,0.0],[117.53012,30.08697,0.0],[117.53001,30.08644,0.0],[117.53011,30.08639,0.0],[117.53382,30.08765,0.0],[117.53513,30.08785,0.0],[117.5362,30.0882,0.0],[117.53841,30.08944,0.0],[117.53877,30.08949,0.0],[117.53899,30.08806,0.0],[117.53891,30.08713,0.0],[117.53859,30.08675,0.0],[117.53789,30.08613,0.0],[117.53707,30.08571,0.0],[117.53658,30.0854,0.0],[117.53487,30.08333,0.0],[117.53424,30.08294,0.0],[117.53354,30.08227,0.0],[117.53258,30.08113,0.0],[117.53119,30.07985,0.0],[117.53074,30.07935,0.0],[117.53069,30.07911,0.0],[117.53165,30.07503,0.0],[117.53367,30.06978,0.0],[117.5338,30.06469,0.0],[117.53392,30.06164,0.0],[117.53362,30.06005,0.0],[117.53378,30.05814,0.0],[117.53137,30.05489,0.0],[117.53112,30.05336,0.0],[117.52882,30.05127,0.0],[117.52614,30.05119,0.0],[117.5217,30.05134,0.0],[117.51733,30.0478,0.0],[117.50927,30.04386,0.0],[117.50908,30.04096,0.0],[117.50085,30.03855,0.0],[117.49929,30.03819,0.0],[117.49396,30.03973,0.0],[117.4918,30.03784,0.0],[117.48893,30.03423,0.0],[117.48513,30.03424,0.0],[117.48131,30.03693,0.0],[117.47618,30.04059,0.0],[117.47376,30.04079,0.0],[117.46859,30.03942,0.0],[117.4647,30.03908,0.0],[117.46123,30.04083,0.0],[117.45906,30.04339,0.0],[117.45849,30.04565,0.0],[117.45819,30.04922,0.0],[117.45794,30.04885,0.0],[117.45775,30.04606,0.0],[117.45492,30.04334,0.0],[117.45247,30.04058,0.0],[117.4517,30.04071,0.0],[117.45041,30.0364,0.0],[117.45079,30.03391,0.0],[117.45038,30.03212,0.0],[117.44667,30.02751,0.0],[117.4426,30.02636,0.0],[117.4407,30.02612,0.0],[117.43801,30.02527,0.0],[117.43544,30.02519,0.0],[117.4347,30.0241,0.0],[117.43382,30.02349,0.0],[117.42876,30.02313,0.0],[117.42263,30.02485,0.0],[117.42004,30.02574,0.0],[117.41407,30.02942,0.0],[117.40737,30.03403,0.0],[117.40022,30.03488,0.0],[117.39495,30.03471,0.0],[117.39074,30.03501,0.0],[117.3892,30.03375,0.0],[117.38802,30.03331,0.0],[117.38583,30.03295,0.0],[117.38461,30.03168,0.0],[117.38431,30.03112,0.0],[117.38528,30.02934,0.0],[117.38456,30.02584,0.0],[117.38621,30.02307,0.0],[117.38508,30.02225,0.0],[117.38368,30.02182,0.0],[117.38046,30.02149,0.0],[117.3798,30.02024,0.0],[117.38218,30.01857,0.0],[117.38297,30.01554,0.0],[117.38229,30.01264,0.0],[117.38038,30.01006,0.0],[117.37729,30.00882,0.0],[117.37525,30.00887,0.0],[117.36939,30.01151,0.0],[117.36521,30.01355,0.0],[117.36212,30.01422,0.0],[117.35641,30.0143,0.0],[117.34946,30.01493,0.0],[117.34383,30.01315,0.0],[117.33523,30.01146,0.0],[117.33321,30.00963,0.0],[117.3298,30.00597,0.0],[117.32705,30.00595,0.0],[117.32321,30.00659,0.0],[117.32175,30.00601,0.0],[117.31839,30.00136,0.0],[117.31424,30.00386,0.0],[117.31019,30.00281,0.0],[117.3027,30.00237,0.0],[117.29961,30.00073,0.0],[117.2948,30.0014,0.0],[117.29141,29.99925,0.0],[117.28798,29.99847,0.0],[117.28558,29.99642,0.0],[117.2824,29.99505,0.0],[117.27922,29.99423,0.0],[117.27626,29.99564,0.0],[117.27326,29.99809,0.0],[117.27101,29.99949,0.0],[117.26844,29.99932,0.0],[117.26895,30.00242,0.0],[117.27008,30.00439,0.0],[117.27032,30.00573,0.0],[117.2721,30.00735,0.0],[117.27352,30.00973,0.0],[117.26493,30.01616,0.0],[117.26174,30.02104,0.0],[117.26444,30.02723,0.0],[117.2633,30.02942,0.0],[117.26395,30.03176,0.0],[117.26511,30.03252,0.0],[117.26511,30.03379,0.0],[117.26341,30.03432,0.0],[117.26326,30.03486,0.0],[117.2591,30.03808,0.0],[117.25996,30.04138,0.0],[117.26238,30.0433,0.0],[117.26165,30.0479,0.0],[117.2642,30.0503,0.0],[117.26363,30.05426,0.0],[117.26463,30.05578,0.0],[117.26594,30.05702,0.0],[117.26631,30.05873,0.0],[117.26798,30.06031,0.0],[117.26987,30.0604,0.0],[117.27193,30.06146,0.0],[117.2742,30.06284,0.0],[117.27292,30.06711,0.0],[117.27043,30.07141,0.0],[117.27004,30.07281,0.0],[117.27049,30.07387,0.0],[117.27129,30.07673,0.0],[117.27386,30.07973,0.0],[117.27538,30.08241,0.0],[117.27607,30.08341,0.0],[117.27774,30.08452,0.0],[117.28043,30.08686,0.0],[117.28285,30.08796,0.0],[117.28328,30.08863,0.0],[117.28424,30.08891,0.0],[117.28407,30.08983,0.0],[117.28493,30.09162,0.0],[117.2848,30.09433,0.0],[117.2857,30.09618,0.0],[117.28704,30.09691,0.0],[117.28776,30.09914,0.0],[117.28952,30.10013,0.0],[117.29332,30.09991,0.0],[117.295,30.10107,0.0],[117.29954,30.10454,0.0],[117.30197,30.10563,0.0],[117.30261,30.1066,0.0],[117.30319,30.10955,0.0],[117.30268,30.11139,0.0],[117.30272,30.11213,0.0],[117.30146,30.11211,0.0],[117.29779,30.11415,0.0],[117.29671,30.11577,0.0],[117.29465,30.11657,0.0],[117.29124,30.11696,0.0],[117.28708,30.12069,0.0],[117.28429,30.12455,0.0],[117.28157,30.12685,0.0],[117.28019,30.12987,0.0],[117.27867,30.13356,0.0],[117.27862,30.13479,0.0],[117.28064,30.13724,0.0],[117.28144,30.1396,0.0],[117.28276,30.14123,0.0],[117.28495,30.14878,0.0],[117.28903,30.15069,0.0],[117.29221,30.15194,0.0],[117.29261,30.15843,0.0],[117.29257,30.16377,0.0],[117.29191,30.16446,0.0],[117.29367,30.16619,0.0],[117.29404,30.16731,0.0],[117.29751,30.1698,0.0],[117.2989,30.17155,0.0],[117.29905,30.17383,0.0],[117.2947,30.18526,0.0],[117.29036,30.19048,0.0],[117.28731,30.19334,0.0],[117.28488,30.19515,0.0],[117.27869,30.19746,0.0],[117.27532,30.2003,0.0],[117.27452,30.20232,0.0],[117.27326,30.20334,0.0],[117.2718,30.20341,0.0],[117.26796,30.20527,0.0],[117.26354,30.20708,0.0],[117.25821,30.20719,0.0],[117.255,30.20388,0.0],[117.25219,30.20263,0.0],[117.24871,30.20312,0.0],[117.24654,30.20271,0.0],[117.24294,30.20041,0.0],[117.23944,30.19727,0.0],[117.23268,30.19496,0.0],[117.22882,30.19544,0.0],[117.22796,30.1972,0.0],[117.2241,30.19805,0.0],[117.22354,30.19917,0.0],[117.2269,30.20161,0.0],[117.23264,30.20371,0.0],[117.23423,30.20653,0.0],[117.23298,30.21205,0.0],[117.23022,30.21647,0.0],[117.23003,30.22092,0.0],[117.22894,30.22627,0.0],[117.22834,30.23313,0.0],[117.22871,30.23694,0.0],[117.22804,30.2383,0.0],[117.22591,30.2402,0.0],[117.2212,30.24299,0.0],[117.21953,30.24462,0.0],[117.21794,30.24717,0.0],[117.21163,30.25248,0.0],[117.20901,30.25508,0.0],[117.20859,30.25715,0.0],[117.20816,30.25799,0.0],[117.20851,30.25863,0.0],[117.20921,30.25909,0.0],[117.21028,30.25942,0.0],[117.21171,30.2596,0.0],[117.21306,30.25969,0.0],[117.21377,30.26083,0.0],[117.21363,30.26279,0.0],[117.21567,30.26313,0.0],[117.21658,30.26363,0.0],[117.21789,30.26464,0.0],[117.21989,30.26437,0.0],[117.22081,30.26505,0.0],[117.22206,30.26544,0.0],[117.22267,30.26593,0.0],[117.22366,30.26577,0.0],[117.2242,30.26536,0.0],[117.22621,30.26549,0.0],[117.22836,30.26612,0.0],[117.22903,30.26699,0.0],[117.23314,30.26677,0.0],[117.23583,30.26901,0.0],[117.23713,30.26935,0.0],[117.23756,30.26971,0.0],[117.23883,30.27015,0.0],[117.23988,30.27026,0.0],[117.2407,30.27062,0.0],[117.24083,30.27093,0.0],[117.24164,30.27109,0.0],[117.24333,30.27066,0.0],[117.2457,30.2703,0.0],[117.2465,30.26971,0.0],[117.24725,30.26978,0.0],[117.24788,30.26925,0.0],[117.25439,30.27051,0.0],[117.25488,30.27141,0.0],[117.25564,30.2717,0.0],[117.25588,30.27195,0.0],[117.25647,30.2722,0.0],[117.25722,30.27266,0.0],[117.25766,30.27335,0.0],[117.25795,30.27366,0.0],[117.25866,30.274,0.0],[117.25868,30.27501,0.0],[117.25969,30.2764,0.0],[117.26006,30.27723,0.0],[117.26041,30.27753,0.0],[117.26079,30.27856,0.0],[117.26079,30.27997,0.0],[117.26188,30.28033,0.0],[117.26232,30.2809,0.0],[117.26236,30.28189,0.0],[117.26351,30.28352,0.0],[117.26543,30.28422,0.0],[117.26746,30.28573,0.0],[117.26927,30.2869,0.0],[117.27099,30.28852,0.0],[117.27247,30.2892,0.0],[117.27255,30.2897,0.0],[117.27203,30.29051,0.0],[117.27178,30.29072,0.0],[117.27166,30.29115,0.0],[117.27129,30.29144,0.0],[117.27126,30.29171,0.0],[117.27165,30.292,0.0],[117.27271,30.29248,0.0],[117.27322,30.29288,0.0],[117.27336,30.2934,0.0],[117.27378,30.29404,0.0],[117.2753,30.29491,0.0],[117.27525,30.29527,0.0],[117.27535,30.29555,0.0],[117.27553,30.29567,0.0],[117.27558,30.29591,0.0],[117.27526,30.29611,0.0],[117.27461,30.29627,0.0],[117.27351,30.29631,0.0],[117.27258,30.29655,0.0],[117.27217,30.29683,0.0],[117.27194,30.29727,0.0],[117.27181,30.29863,0.0],[117.2713,30.29947,0.0],[117.27038,30.30059,0.0],[117.26866,30.30157,0.0],[117.26848,30.30179,0.0],[117.26859,30.30211,0.0],[117.26941,30.30269,0.0],[117.27201,30.30418,0.0],[117.27413,30.3049,0.0],[117.27523,30.30549,0.0],[117.27606,30.3062,0.0],[117.27772,30.30726,0.0],[117.27882,30.30796,0.0],[117.28039,30.30863,0.0],[117.28205,30.30991,0.0],[117.2833,30.31034,0.0],[117.28496,30.31134,0.0],[117.28708,30.31277,0.0],[117.28791,30.31353,0.0],[117.28953,30.31536,0.0],[117.29119,30.31644,0.0],[117.2917,30.3166,0.0],[117.29488,30.31711,0.0],[117.29613,30.31715,0.0],[117.29705,30.31799,0.0],[117.29923,30.32068,0.0],[117.30004,30.32142,0.0],[117.30067,30.32157,0.0],[117.30328,30.32156,0.0],[117.30467,30.3218,0.0],[117.30582,30.32176,0.0],[117.30654,30.32157,0.0],[117.3066,30.32135,0.0],[117.3065,30.32115,0.0],[117.30587,30.32039,0.0],[117.30569,30.31977,0.0],[117.30528,30.31921,0.0],[117.3049,30.31845,0.0],[117.30484,30.3177,0.0],[117.30497,30.31733,0.0],[117.30525,30.31708,0.0],[117.30599,30.31672,0.0],[117.3076,30.31676,0.0],[117.30792,30.31687,0.0],[117.30801,30.31699,0.0],[117.3081,30.31759,0.0],[117.30823,30.31778,0.0],[117.3085,30.31786,0.0],[117.30904,30.31782,0.0],[117.30989,30.3182,0.0],[117.30993,30.31839,0.0],[117.30891,30.3187,0.0],[117.30864,30.31893,0.0],[117.30882,30.31962,0.0],[117.30949,30.32061,0.0],[117.31109,30.32149,0.0],[117.31158,30.32138,0.0],[117.31185,30.32114,0.0],[117.31235,30.32001,0.0],[117.31333,30.3194,0.0],[117.31569,30.31844,0.0],[117.3159,30.31806,0.0],[117.31589,30.31634,0.0],[117.31607,30.31566,0.0],[117.31695,30.31514,0.0],[117.31823,30.31374,0.0],[117.31846,30.31318,0.0],[117.31865,30.3125,0.0],[117.31851,30.31179,0.0],[117.31849,30.31091,0.0],[117.31858,30.31048,0.0],[117.31917,30.30944,0.0],[117.31948,30.3092,0.0],[117.31978,30.30906,0.0],[117.32147,30.30887,0.0],[117.32161,30.30867,0.0],[117.32197,30.30671,0.0],[117.32239,30.30631,0.0],[117.32248,30.30611,0.0],[117.32252,30.30391,0.0],[117.32293,30.30319,0.0],[117.32344,30.30276,0.0],[117.32403,30.30247,0.0],[117.32422,30.30223,0.0],[117.32503,30.30062,0.0],[117.326,30.29935,0.0],[117.32614,30.29847,0.0],[117.32651,30.29803,0.0],[117.32701,30.29763,0.0],[117.32798,30.29731,0.0],[117.32849,30.29731,0.0],[117.32913,30.29775,0.0],[117.32945,30.29779,0.0],[117.33079,30.2975,0.0],[117.33153,30.29746,0.0],[117.33194,30.29754,0.0],[117.33245,30.29798,0.0],[117.33282,30.29802,0.0],[117.3331,30.29798,0.0],[117.33369,30.29762,0.0],[117.33406,30.29758,0.0],[117.33438,30.29765,0.0],[117.33554,30.29857,0.0],[117.33826,30.29888,0.0],[117.33895,30.29912,0.0],[117.33923,30.29932,0.0],[117.33965,30.30008,0.0],[117.34158,30.30071,0.0],[117.34158,30.30159,0.0],[117.34172,30.30195,0.0],[117.342,30.30207,0.0],[117.34306,30.30219,0.0],[117.34343,30.30234,0.0],[117.34371,30.30262,0.0],[117.34532,30.30318,0.0],[117.34583,30.30326,0.0],[117.34601,30.30306,0.0],[117.34629,30.30218,0.0],[117.34697,30.30086,0.0],[117.34752,30.30034,0.0],[117.34909,30.29945,0.0],[117.34971,30.29883,0.0],[117.34998,30.29795,0.0],[117.35005,30.29712,0.0],[117.34993,30.29643,0.0],[117.34965,30.29595,0.0],[117.34951,30.29547,0.0],[117.35004,30.29448,0.0],[117.35206,30.2929,0.0],[117.35273,30.29225,0.0],[117.35274,30.29169,0.0],[117.35416,30.29009,0.0],[117.35636,30.29009,0.0],[117.35819,30.28937,0.0],[117.35984,30.28966,0.0],[117.36106,30.29139,0.0],[117.36634,30.29381,0.0],[117.37047,30.30095,0.0],[117.37178,30.30189,0.0],[117.37542,30.30083,0.0],[117.37666,30.30085,0.0],[117.37792,30.30222,0.0],[117.37917,30.30432,0.0],[117.38005,30.30688,0.0],[117.3799,30.30793,0.0],[117.38121,30.30921,0.0],[117.38254,30.3101,0.0],[117.3842,30.31039,0.0],[117.38514,30.31115,0.0],[117.3872,30.31071,0.0],[117.38885,30.31008,0.0],[117.39031,30.31023,0.0],[117.4011,30.31043,0.0],[117.4087,30.30632,0.0],[117.412,30.30272,0.0],[117.42447,30.29926,0.0],[117.42898,30.29894,0.0],[117.43632,30.30235,0.0],[117.439,30.30456,0.0],[117.4426,30.30539,0.0],[117.44355,30.31236,0.0],[117.44567,30.31586,0.0],[117.45284,30.3214,0.0],[117.45576,30.32679,0.0],[117.46183,30.32862,0.0],[117.46679,30.32888,0.0],[117.47095,30.33143,0.0],[117.47844,30.33826,0.0],[117.48185,30.34073,0.0],[117.48676,30.3387,0.0],[117.49114,30.33618,0.0],[117.4912,30.33071,0.0],[117.48837,30.32614,0.0],[117.48636,30.31988,0.0],[117.48708,30.31651,0.0],[117.492,30.31591,0.0],[117.49477,30.31515,0.0],[117.49496,30.31219,0.0],[117.49751,30.30256,0.0],[117.49687,30.29889,0.0],[117.49983,30.29413,0.0],[117.50968,30.28723,0.0],[117.50941,30.28386,0.0],[117.51366,30.28205,0.0],[117.51788,30.2813,0.0],[117.51903,30.28153,0.0],[117.5195,30.28155,0.0],[117.52101,30.2818,0.0],[117.52231,30.2822,0.0],[117.52244,30.28231,0.0],[117.5229,30.28234,0.0],[117.52353,30.28219,0.0],[117.52449,30.28144,0.0],[117.52687,30.28014,0.0],[117.52763,30.28003,0.0],[117.528,30.28014,0.0],[117.53032,30.28244,0.0],[117.53402,30.28562,0.0],[117.54019,30.28661,0.0],[117.54267,30.28689,0.0],[117.54372,30.28718,0.0],[117.54649,30.28822,0.0],[117.54894,30.28992,0.0],[117.55066,30.29071,0.0],[117.55062,30.29151,0.0],[117.54959,30.29508,0.0],[117.54922,30.29603,0.0],[117.5491,30.29741,0.0],[117.54927,30.29744,0.0],[117.55015,30.297,0.0],[117.55128,30.29671,0.0],[117.55212,30.29663,0.0],[117.55459,30.29695,0.0],[117.55548,30.29695,0.0],[117.55689,30.29672,0.0],[117.558,30.29642,0.0],[117.55983,30.29634,0.0],[117.56365,30.29647,0.0],[117.56462,30.29643,0.0],[117.56621,30.29603,0.0],[117.56675,30.29581,0.0],[117.56704,30.29551,0.0],[117.5677,30.29351,0.0],[117.56827,30.29096,0.0],[117.569,30.29058,0.0],[117.57237,30.2904,0.0],[117.57292,30.29029,0.0],[117.57559,30.28842,0.0],[117.57697,30.28794,0.0],[117.57852,30.28772,0.0],[117.58012,30.28735,0.0],[117.58061,30.28691,0.0],[117.58099,30.28632,0.0],[117.58132,30.28509,0.0],[117.58139,30.28265,0.0],[117.58162,30.28238,0.0],[117.58209,30.28197,0.0],[117.58322,30.28167,0.0],[117.5841,30.28071,0.0],[117.58452,30.28038,0.0],[117.58498,30.28038,0.0],[117.58637,30.28081,0.0],[117.58683,30.28077,0.0],[117.58718,30.28045,0.0],[117.58787,30.27935,0.0],[117.58824,30.27898,0.0],[117.5887,30.27887,0.0],[117.58938,30.27887,0.0],[117.59001,30.27898,0.0],[117.59051,30.27926,0.0],[117.59072,30.27966,0.0],[117.59102,30.27995,0.0],[117.59426,30.28041,0.0],[117.59622,30.2808,0.0],[117.59698,30.28087,0.0],[117.59752,30.28061,0.0],[117.59811,30.28054,0.0],[117.59911,30.28061,0.0],[117.59974,30.28071,0.0],[117.60134,30.28153,0.0],[117.6018,30.28153,0.0],[117.60293,30.28131,0.0],[117.60373,30.28138,0.0],[117.60474,30.28163,0.0],[117.60545,30.28144,0.0],[117.60599,30.28119,0.0],[117.60696,30.28125,0.0],[117.60842,30.28157,0.0],[117.60943,30.28161,0.0],[117.61014,30.28157,0.0],[117.61132,30.28123,0.0],[117.61253,30.28123,0.0],[117.61362,30.28159,0.0],[117.61657,30.28215,0.0],[117.61805,30.28245,0.0],[117.61875,30.28272,0.0],[117.61917,30.2828,0.0],[117.62046,30.28234,0.0],[117.62127,30.28224,0.0],[117.62265,30.28227,0.0],[117.62559,30.2832,0.0],[117.6263,30.28327,0.0],[117.62772,30.28301,0.0],[117.62882,30.2833,0.0],[117.62928,30.28326,0.0],[117.63299,30.28062,0.0],[117.63587,30.27832,0.0],[117.63616,30.27795,0.0],[117.635,30.274,0.0],[117.63524,30.27334,0.0],[117.63616,30.27268,0.0],[117.63738,30.27242,0.0],[117.63863,30.27245,0.0],[117.63989,30.27267,0.0],[117.64188,30.27334,0.0],[117.6426,30.27318,0.0],[117.64321,30.2728,0.0],[117.64388,30.27261,0.0],[117.64518,30.27257,0.0],[117.64672,30.27189,0.0],[117.64663,30.27082,0.0],[117.64671,30.26998,0.0],[117.64808,30.26768,0.0],[117.64829,30.26746,0.0],[117.64887,30.26724,0.0],[117.64942,30.26724,0.0],[117.64988,30.26698,0.0],[117.65088,30.26603,0.0],[117.65155,30.26606,0.0],[117.65344,30.26682,0.0],[117.65436,30.267,0.0],[117.65588,30.26761,0.0],[117.65613,30.26746,0.0],[117.65634,30.26728,0.0],[117.65552,30.26477,0.0],[117.65493,30.26354,0.0],[117.65412,30.26147,0.0],[117.65399,30.26071,0.0],[117.65406,30.25992,0.0],[117.65511,30.26038,0.0],[117.65706,30.25966,0.0],[117.66049,30.25873,0.0],[117.66137,30.25829,0.0],[117.66254,30.25737,0.0],[117.66316,30.25664,0.0],[117.6637,30.2558,0.0],[117.66395,30.2558,0.0],[117.66429,30.25594,0.0],[117.66488,30.25638,0.0],[117.66554,30.25671,0.0],[117.66669,30.25633,0.0],[117.66789,30.2556,0.0],[117.66872,30.25527,0.0],[117.66902,30.25508,0.0],[117.66778,30.25286,0.0],[117.66933,30.25123,0.0],[117.6702,30.24992,0.0],[117.67074,30.24984,0.0],[117.67116,30.25005,0.0],[117.67163,30.25067,0.0],[117.67176,30.25107,0.0],[117.6716,30.25242,0.0],[117.67118,30.25282,0.0],[117.67102,30.25369,0.0],[117.67104,30.25587,0.0],[117.67112,30.25613,0.0],[117.67158,30.25634,0.0],[117.67272,30.25645,0.0],[117.67456,30.25622,0.0],[117.67653,30.25643,0.0],[117.67691,30.25679,0.0],[117.67717,30.2573,0.0],[117.67758,30.25722,0.0],[117.6783,30.25685,0.0],[117.67892,30.25674,0.0],[117.68014,30.25695,0.0],[117.68073,30.25742,0.0],[117.68099,30.25782,0.0],[117.6809,30.25811,0.0],[117.68028,30.25906,0.0],[117.67999,30.25968,0.0],[117.68002,30.26006,0.0],[117.68027,30.2608,0.0],[117.68104,30.26246,0.0],[117.68169,30.26358,0.0],[117.68179,30.26398,0.0],[117.68162,30.2644,0.0],[117.68141,30.26462,0.0],[117.67933,30.26619,0.0],[117.67891,30.26637,0.0],[117.67837,30.26634,0.0],[117.67778,30.26648,0.0],[117.67732,30.26663,0.0],[117.6766,30.26704,0.0],[117.67643,30.26744,0.0],[117.67638,30.26792,0.0],[117.6762,30.26827,0.0],[117.67536,30.26864,0.0],[117.67529,30.26992,0.0],[117.67612,30.27424,0.0],[117.67532,30.2747,0.0],[117.67408,30.27512,0.0],[117.67158,30.27621,0.0],[117.67015,30.27644,0.0],[117.66935,30.27641,0.0],[117.66867,30.27654,0.0],[117.66738,30.27617,0.0],[117.66698,30.27621,0.0],[117.66666,30.27665,0.0],[117.66683,30.27734,0.0],[117.66671,30.27774,0.0],[117.66578,30.27774,0.0],[117.66536,30.27797,0.0],[117.66453,30.27851,0.0],[117.66387,30.27943,0.0],[117.66324,30.28088,0.0],[117.66292,30.28273,0.0],[117.66344,30.28502,0.0],[117.66437,30.28596,0.0],[117.66479,30.28625,0.0],[117.66622,30.28646,0.0],[117.66718,30.28624,0.0],[117.66802,30.28576,0.0],[117.66885,30.28485,0.0],[117.66927,30.28452,0.0],[117.66994,30.28448,0.0],[117.67073,30.28466,0.0],[117.67149,30.28425,0.0],[117.67178,30.284,0.0],[117.67241,30.28392,0.0],[117.67233,30.28512,0.0],[117.67217,30.28574,0.0],[117.672,30.28592,0.0],[117.67146,30.28611,0.0],[117.67129,30.28647,0.0],[117.67125,30.28702,0.0],[117.67155,30.28796,0.0],[117.67295,30.29025,0.0],[117.67291,30.29068,0.0],[117.67279,30.29101,0.0],[117.67212,30.29141,0.0],[117.67091,30.2924,0.0],[117.66971,30.29394,0.0],[117.6685,30.29518,0.0],[117.66646,30.29693,0.0],[117.66483,30.29781,0.0],[117.66236,30.29935,0.0],[117.66182,30.30004,0.0],[117.66137,30.30124,0.0],[117.66101,30.3031,0.0],[117.66184,30.30335,0.0],[117.6652,30.30337,0.0],[117.66617,30.30355,0.0],[117.67037,30.30531,0.0],[117.6726,30.30577,0.0],[117.67688,30.3071,0.0],[117.68028,30.3066,0.0],[117.68063,30.30665,0.0],[117.68122,30.30692,0.0],[117.68147,30.30733,0.0],[117.68219,30.30794,0.0],[117.68257,30.30847,0.0],[117.68271,30.30899,0.0],[117.68372,30.30943,0.0],[117.68388,30.30955,0.0],[117.684,30.3098,0.0],[117.68453,30.31014,0.0],[117.6846,30.31046,0.0],[117.68415,30.31138,0.0],[117.68406,30.31209,0.0],[117.6831,30.31315,0.0],[117.68294,30.31356,0.0],[117.68312,30.31574,0.0],[117.68338,30.31653,0.0],[117.68553,30.31765,0.0],[117.68709,30.31877,0.0],[117.68887,30.32152,0.0],[117.68974,30.3234,0.0],[117.69033,30.32409,0.0],[117.69092,30.32499,0.0],[117.6913,30.32517,0.0],[117.69152,30.32553,0.0],[117.69174,30.3269,0.0],[117.69268,30.32695,0.0],[117.69299,30.32709,0.0],[117.69312,30.32734,0.0],[117.69246,30.32804,0.0],[117.69221,30.32848,0.0],[117.692,30.32898,0.0],[117.69213,30.32975,0.0],[117.69243,30.33018,0.0],[117.69378,30.33087,0.0],[117.69478,30.33212,0.0],[117.69742,30.33185,0.0],[117.70083,30.32973,0.0],[117.70501,30.32715,0.0],[117.70972,30.32432,0.0],[117.71311,30.32198,0.0],[117.71918,30.32074,0.0],[117.72764,30.31992,0.0],[117.72945,30.31959,0.0],[117.73134,30.32278,0.0],[117.73194,30.32422,0.0],[117.73374,30.32433,0.0],[117.73533,30.32511,0.0],[117.74,30.32544,0.0],[117.74139,30.32368,0.0],[117.74438,30.32186,0.0],[117.74887,30.32298,0.0],[117.7533,30.32473,0.0],[117.75542,30.32608,0.0],[117.75959,30.33026,0.0],[117.76272,30.33143,0.0],[117.76449,30.33339,0.0],[117.76517,30.33464,0.0],[117.76913,30.33863,0.0],[117.77361,30.34105,0.0],[117.7755,30.34221,0.0],[117.78153,30.34079,0.0],[117.78713,30.33538,0.0],[117.78646,30.33073,0.0],[117.78743,30.32782,0.0],[117.79361,30.32347,0.0],[117.79659,30.32303,0.0],[117.8002,30.32356,0.0],[117.80616,30.32632,0.0],[117.8127,30.32951,0.0],[117.81702,30.33171,0.0],[117.81867,30.33157,0.0],[117.82047,30.33212,0.0],[117.82088,30.33501,0.0],[117.81899,30.34038,0.0],[117.81661,30.34497,0.0],[117.81944,30.34793,0.0],[117.82461,30.34786,0.0],[117.83019,30.34781,0.0],[117.83701,30.3475,0.0],[117.84521,30.34691,0.0],[117.85395,30.34566,0.0],[117.8588,30.34575,0.0],[117.86152,30.34564,0.0],[117.86167,30.34673,0.0],[117.86109,30.34723,0.0],[117.86146,30.35027,0.0],[117.86231,30.3516,0.0],[117.86266,30.35795,0.0],[117.86837,30.35831,0.0],[117.87511,30.35742,0.0],[117.87903,30.35603,0.0],[117.88641,30.35356,0.0],[117.89532,30.34951,0.0],[117.90122,30.34645,0.0],[117.90557,30.3454,0.0],[117.91065,30.34765,0.0],[117.91311,30.35129,0.0],[117.91167,30.35356,0.0],[117.91047,30.35449,0.0],[117.90849,30.35864,0.0],[117.90879,30.36129,0.0],[117.90892,30.36645,0.0],[117.91143,30.36662,0.0],[117.91394,30.36651,0.0]]]]}}]}