{"type":"FeatureCollection","name":"CHN_R913069","crs":{"type":"name","properties":{"name":"urn:ogc:def:crs:OGC:1.3:CRS84"}},"features":[{"type":"Feature","properties":{"uesi_id":"CHN_R913069","nbhd_code":"CHN_R913069_123","nbhd_name":"Banan District"},"geometry":{"type":"MultiPolygon","coordinates":[[[[106.43377,29.35714,0.0],[106.43837,29.36309,0.0],[106.44132,29.37021,0.0],[106.44301,29.37431,0.0],[106.45024,29.38181,0.0],[106.45523,29.38676,0.0],[106.4659,29.39231,0.0],[106.47638,29.39785,0.0],[106.48602,29.40055,0.0],[106.49464,29.4016,0.0],[106.50413,29.40055,0.0],[106.51239,29.39635,0.0],[106.52063,29.39186,0.0],[106.52549,29.38996,0.0],[106.52779,29.39284,0.0],[106.52762,29.39832,0.0],[106.52677,29.40293,0.0],[106.52301,29.40978,0.0],[106.50636,29.43041,0.0],[106.49364,29.44808,0.0],[106.49295,29.45335,0.0],[106.49381,29.46293,0.0],[106.49535,29.47146,0.0],[106.4969,29.47671,0.0],[106.49985,29.48215,0.0],[106.5075,29.48457,0.0],[106.51443,29.48366,0.0],[106.51812,29.48189,0.0],[106.52285,29.47962,0.0],[106.53039,29.47679,0.0],[106.53584,29.4759,0.0],[106.54108,29.47678,0.0],[106.54515,29.48151,0.0],[106.54788,29.48923,0.0],[106.54699,29.49476,0.0],[106.54953,29.49595,0.0],[106.55068,29.49729,0.0],[106.55415,29.49705,0.0],[106.55667,29.49562,0.0],[106.5592,29.49505,0.0],[106.55997,29.49342,0.0],[106.56228,29.49036,0.0],[106.56651,29.48983,0.0],[106.56694,29.48826,0.0],[106.56887,29.48792,0.0],[106.56953,29.48716,0.0],[106.56804,29.48572,0.0],[106.56799,29.48347,0.0],[106.57035,29.48285,0.0],[106.57084,29.48075,0.0],[106.57156,29.48013,0.0],[106.57277,29.47984,0.0],[106.57518,29.48127,0.0],[106.57617,29.48309,0.0],[106.57821,29.48295,0.0],[106.5787,29.48223,0.0],[106.58101,29.48151,0.0],[106.58194,29.4806,0.0],[106.58073,29.47917,0.0],[106.58315,29.47773,0.0],[106.58705,29.47448,0.0],[106.58908,29.4762,0.0],[106.59128,29.4807,0.0],[106.5943,29.48099,0.0],[106.59727,29.48405,0.0],[106.5993,29.48405,0.0],[106.60012,29.48304,0.0],[106.60243,29.48285,0.0],[106.60419,29.48185,0.0],[106.60628,29.48161,0.0],[106.60628,29.47898,0.0],[106.60765,29.47764,0.0],[106.60952,29.4774,0.0],[106.61062,29.47687,0.0],[106.61314,29.47587,0.0],[106.61369,29.47692,0.0],[106.61545,29.4775,0.0],[106.61798,29.47754,0.0],[106.61902,29.47788,0.0],[106.62078,29.47807,0.0],[106.62083,29.4763,0.0],[106.6221,29.4762,0.0],[106.62446,29.47754,0.0],[106.62649,29.47788,0.0],[106.62885,29.48027,0.0],[106.63056,29.48041,0.0],[106.63182,29.48013,0.0],[106.63506,29.48013,0.0],[106.63605,29.47965,0.0],[106.63644,29.47855,0.0],[106.63748,29.47826,0.0],[106.63852,29.47697,0.0],[106.63913,29.47525,0.0],[106.63979,29.47506,0.0],[106.64034,29.47587,0.0],[106.64182,29.47573,0.0],[106.64204,29.4752,0.0],[106.64325,29.47496,0.0],[106.6444,29.47396,0.0],[106.64446,29.47271,0.0],[106.64841,29.47152,0.0],[106.64923,29.47257,0.0],[106.64858,29.47334,0.0],[106.6483,29.4742,0.0],[106.65017,29.47472,0.0],[106.65083,29.47654,0.0],[106.65226,29.47668,0.0],[106.65313,29.4764,0.0],[106.65352,29.47472,0.0],[106.6555,29.47257,0.0],[106.66126,29.47209,0.0],[106.66187,29.47133,0.0],[106.66121,29.47047,0.0],[106.6611,29.46956,0.0],[106.65901,29.46779,0.0],[106.66165,29.46726,0.0],[106.66275,29.4665,0.0],[106.6611,29.4663,0.0],[106.66209,29.4654,0.0],[106.66368,29.46511,0.0],[106.66528,29.46535,0.0],[106.66533,29.46726,0.0],[106.66945,29.46755,0.0],[106.67044,29.46913,0.0],[106.67264,29.4708,0.0],[106.67461,29.4719,0.0],[106.67604,29.47319,0.0],[106.67813,29.47343,0.0],[106.68143,29.47482,0.0],[106.6839,29.4751,0.0],[106.68434,29.47625,0.0],[106.68329,29.47754,0.0],[106.68088,29.47869,0.0],[106.67939,29.48147,0.0],[106.67709,29.48218,0.0],[106.67626,29.48319,0.0],[106.67626,29.48414,0.0],[106.67857,29.48534,0.0],[106.68373,29.48519,0.0],[106.68357,29.48634,0.0],[106.68296,29.48725,0.0],[106.68434,29.48797,0.0],[106.68631,29.48816,0.0],[106.68923,29.48979,0.0],[106.68928,29.49136,0.0],[106.68774,29.49318,0.0],[106.68593,29.49361,0.0],[106.68549,29.49447,0.0],[106.68725,29.49514,0.0],[106.6878,29.49614,0.0],[106.68912,29.49634,0.0],[106.68961,29.49505,0.0],[106.69263,29.49495,0.0],[106.69401,29.4961,0.0],[106.69587,29.49605,0.0],[106.69653,29.49533,0.0],[106.69851,29.49466,0.0],[106.69966,29.49366,0.0],[106.70054,29.49452,0.0],[106.70197,29.49371,0.0],[106.70235,29.49122,0.0],[106.69889,29.49093,0.0],[106.69911,29.48601,0.0],[106.70032,29.48496,0.0],[106.70148,29.48572,0.0],[106.70164,29.48849,0.0],[106.70384,29.48926,0.0],[106.7056,29.48955,0.0],[106.70686,29.4906,0.0],[106.7079,29.49084,0.0],[106.71027,29.48979,0.0],[106.71439,29.48988,0.0],[106.71444,29.49103,0.0],[106.714,29.49165,0.0],[106.71224,29.49184,0.0],[106.71219,29.49256,0.0],[106.71389,29.49356,0.0],[106.7151,29.49361,0.0],[106.71609,29.49198,0.0],[106.71757,29.49179,0.0],[106.71801,29.49256,0.0],[106.71873,29.49318,0.0],[106.71977,29.4928,0.0],[106.72015,29.49184,0.0],[106.72147,29.49074,0.0],[106.7229,29.4917,0.0],[106.72356,29.49261,0.0],[106.72565,29.4928,0.0],[106.72697,29.49184,0.0],[106.72828,29.49208,0.0],[106.7307,29.49175,0.0],[106.73229,29.49084,0.0],[106.73339,29.49069,0.0],[106.73345,29.49237,0.0],[106.73559,29.4927,0.0],[106.73663,29.49299,0.0],[106.73696,29.49562,0.0],[106.73786,29.49957,0.0],[106.74083,29.50259,0.0],[106.74187,29.50526,0.0],[106.74525,29.50731,0.0],[106.7461,29.51144,0.0],[106.74887,29.51392,0.0],[106.74973,29.51765,0.0],[106.75184,29.52014,0.0],[106.75347,29.52243,0.0],[106.75391,29.52539,0.0],[106.75618,29.52744,0.0],[106.75632,29.53037,0.0],[106.75764,29.53094,0.0],[106.75775,29.53362,0.0],[106.76083,29.53495,0.0],[106.76193,29.53763,0.0],[106.76279,29.53976,0.0],[106.76412,29.5425,0.0],[106.76423,29.54518,0.0],[106.76555,29.54681,0.0],[106.76632,29.54862,0.0],[106.76907,29.55149,0.0],[106.76962,29.55579,0.0],[106.77258,29.55904,0.0],[106.77368,29.56114,0.0],[106.77797,29.56764,0.0],[106.77884,29.57137,0.0],[106.78192,29.5729,0.0],[106.78346,29.57548,0.0],[106.78401,29.57949,0.0],[106.78774,29.58064,0.0],[106.79203,29.58427,0.0],[106.79269,29.58618,0.0],[106.79744,29.58763,0.0],[106.79886,29.58893,0.0],[106.79987,29.59165,0.0],[106.80841,29.59269,0.0],[106.8154,29.59386,0.0],[106.81771,29.59419,0.0],[106.82757,29.59148,0.0],[106.83514,29.58281,0.0],[106.8433,29.57867,0.0],[106.84807,29.57987,0.0],[106.85603,29.5965,0.0],[106.8608,29.60682,0.0],[106.87028,29.62128,0.0],[106.88229,29.64396,0.0],[106.89112,29.65959,0.0],[106.90639,29.68299,0.0],[106.92843,29.69676,0.0],[106.93581,29.7067,0.0],[106.94247,29.73253,0.0],[106.97054,29.76952,0.0],[106.97895,29.77321,0.0],[106.9884,29.77119,0.0],[106.99038,29.765,0.0],[106.9894,29.75226,0.0],[106.98746,29.74406,0.0],[106.99176,29.74129,0.0],[106.99526,29.73804,0.0],[106.99845,29.73344,0.0],[106.99793,29.72544,0.0],[106.99924,29.71966,0.0],[107.00176,29.71662,0.0],[106.99927,29.71301,0.0],[106.99593,29.70782,0.0],[106.99279,29.7008,0.0],[106.99151,29.69418,0.0],[106.98998,29.68826,0.0],[106.9876,29.68029,0.0],[106.98465,29.67096,0.0],[106.98196,29.66163,0.0],[106.97877,29.65323,0.0],[106.97482,29.64553,0.0],[106.97083,29.63669,0.0],[106.96786,29.62668,0.0],[106.96494,29.61827,0.0],[106.96209,29.61192,0.0],[106.96003,29.60555,0.0],[106.9577,29.59897,0.0],[106.9558,29.58938,0.0],[106.95422,29.58185,0.0],[106.95263,29.57387,0.0],[106.95129,29.56468,0.0],[106.94849,29.55878,0.0],[106.94892,29.55304,0.0],[106.94927,29.54506,0.0],[106.94904,29.53841,0.0],[106.94716,29.53136,0.0],[106.94659,29.52668,0.0],[106.94464,29.51873,0.0],[106.94239,29.51396,0.0],[106.94335,29.51035,0.0],[106.94189,29.50603,0.0],[106.94082,29.49954,0.0],[106.94184,29.49503,0.0],[106.93953,29.48669,0.0],[106.93602,29.48026,0.0],[106.93526,29.4734,0.0],[106.93499,29.46986,0.0],[106.93231,29.46711,0.0],[106.93183,29.46278,0.0],[106.93168,29.45784,0.0],[106.93067,29.44928,0.0],[106.93231,29.44502,0.0],[106.93366,29.44047,0.0],[106.93245,29.43536,0.0],[106.93286,29.42938,0.0],[106.93059,29.42274,0.0],[106.93045,29.41599,0.0],[106.93054,29.41036,0.0],[106.93032,29.40564,0.0],[106.92566,29.40201,0.0],[106.91951,29.40685,0.0],[106.91815,29.40649,0.0],[106.91753,29.3917,0.0],[106.91784,29.38312,0.0],[106.91778,29.37889,0.0],[106.91845,29.37026,0.0],[106.91856,29.35985,0.0],[106.91655,29.35055,0.0],[106.91697,29.34535,0.0],[106.91748,29.33801,0.0],[106.91823,29.33182,0.0],[106.91785,29.32183,0.0],[106.91838,29.31695,0.0],[106.92072,29.30864,0.0],[106.92423,29.30419,0.0],[106.9253,29.29705,0.0],[106.92585,29.29015,0.0],[106.92931,29.2763,0.0],[106.93271,29.26842,0.0],[106.9362,29.26328,0.0],[106.93897,29.25999,0.0],[106.94358,29.25689,0.0],[106.94634,29.25338,0.0],[106.94907,29.24895,0.0],[106.94994,29.24388,0.0],[106.95111,29.23972,0.0],[106.95153,29.23673,0.0],[106.95164,29.23237,0.0],[106.95299,29.22568,0.0],[106.95573,29.22171,0.0],[106.95898,29.21727,0.0],[106.96095,29.21319,0.0],[106.95747,29.20454,0.0],[106.94929,29.20329,0.0],[106.94823,29.20031,0.0],[106.94961,29.19912,0.0],[106.9507,29.19722,0.0],[106.95144,29.197,0.0],[106.95355,29.19771,0.0],[106.95461,29.19666,0.0],[106.95521,29.1955,0.0],[106.9511,29.19362,0.0],[106.94776,29.19208,0.0],[106.94549,29.18888,0.0],[106.94273,29.18926,0.0],[106.93982,29.18783,0.0],[106.93992,29.18489,0.0],[106.93576,29.18455,0.0],[106.93464,29.18658,0.0],[106.92755,29.18513,0.0],[106.92534,29.18377,0.0],[106.92277,29.18472,0.0],[106.9194,29.1861,0.0],[106.91808,29.18666,0.0],[106.91522,29.18228,0.0],[106.91163,29.18754,0.0],[106.91029,29.19177,0.0],[106.90713,29.19258,0.0],[106.9062,29.19591,0.0],[106.90676,29.19948,0.0],[106.90174,29.1998,0.0],[106.90202,29.19534,0.0],[106.89477,29.1925,0.0],[106.89224,29.19499,0.0],[106.89003,29.19275,0.0],[106.8903,29.18763,0.0],[106.89142,29.18601,0.0],[106.89123,29.18236,0.0],[106.89639,29.18044,0.0],[106.90146,29.18049,0.0],[106.90249,29.18208,0.0],[106.90298,29.18212,0.0],[106.90293,29.17779,0.0],[106.90527,29.1753,0.0],[106.90341,29.17343,0.0],[106.9036,29.16889,0.0],[106.90488,29.1641,0.0],[106.90315,29.16272,0.0],[106.89976,29.15946,0.0],[106.89359,29.15808,0.0],[106.89323,29.15248,0.0],[106.89156,29.14979,0.0],[106.89034,29.14612,0.0],[106.88852,29.1453,0.0],[106.88628,29.1421,0.0],[106.88187,29.14336,0.0],[106.87723,29.14531,0.0],[106.87418,29.14814,0.0],[106.86959,29.1517,0.0],[106.86679,29.15406,0.0],[106.86186,29.15534,0.0],[106.85692,29.15615,0.0],[106.84857,29.15683,0.0],[106.84047,29.15726,0.0],[106.83551,29.15762,0.0],[106.82999,29.15684,0.0],[106.82657,29.15624,0.0],[106.82185,29.15613,0.0],[106.81797,29.15737,0.0],[106.8149,29.15951,0.0],[106.81056,29.16283,0.0],[106.80885,29.16632,0.0],[106.80587,29.17121,0.0],[106.80257,29.17427,0.0],[106.79948,29.17596,0.0],[106.79477,29.17608,0.0],[106.78744,29.1758,0.0],[106.78059,29.1746,0.0],[106.77242,29.17297,0.0],[106.7653,29.17131,0.0],[106.75981,29.17144,0.0],[106.75623,29.17383,0.0],[106.75163,29.17738,0.0],[106.74749,29.17886,0.0],[106.74203,29.18014,0.0],[106.73679,29.17958,0.0],[106.72889,29.17817,0.0],[106.72386,29.17646,0.0],[106.71992,29.17587,0.0],[106.71577,29.17735,0.0],[106.71083,29.17816,0.0],[106.70614,29.17896,0.0],[106.70073,29.18161,0.0],[106.69716,29.18445,0.0],[106.69306,29.1873,0.0],[106.69096,29.18736,0.0],[106.68781,29.18697,0.0],[106.68384,29.18547,0.0],[106.68033,29.18188,0.0],[106.67869,29.17985,0.0],[106.67545,29.17649,0.0],[106.67242,29.17175,0.0],[106.66576,29.16801,0.0],[106.65917,29.1668,0.0],[106.65578,29.16711,0.0],[106.65266,29.16787,0.0],[106.64934,29.17024,0.0],[106.64548,29.17217,0.0],[106.63946,29.17231,0.0],[106.63261,29.1711,0.0],[106.62936,29.16728,0.0],[106.62632,29.16208,0.0],[106.62408,29.15754,0.0],[106.62081,29.15327,0.0],[106.61852,29.1469,0.0],[106.61739,29.14417,0.0],[106.61518,29.14055,0.0],[106.61193,29.13673,0.0],[106.60871,29.13428,0.0],[106.60394,29.13233,0.0],[106.59866,29.13086,0.0],[106.59341,29.13006,0.0],[106.58815,29.12904,0.0],[106.58516,29.12911,0.0],[106.58488,29.12983,0.0],[106.58344,29.12965,0.0],[106.58199,29.131,0.0],[106.58199,29.13335,0.0],[106.58096,29.13452,0.0],[106.58029,29.1356,0.0],[106.57936,29.13574,0.0],[106.57745,29.13533,0.0],[106.57513,29.13416,0.0],[106.57435,29.13263,0.0],[106.57337,29.13182,0.0],[106.57234,29.13281,0.0],[106.57151,29.13177,0.0],[106.57043,29.13123,0.0],[106.56916,29.1327,0.0],[106.56585,29.13553,0.0],[106.56155,29.14044,0.0],[106.55859,29.14624,0.0],[106.55637,29.15088,0.0],[106.55379,29.16057,0.0],[106.55138,29.16751,0.0],[106.54968,29.17191,0.0],[106.54696,29.17702,0.0],[106.54504,29.18279,0.0],[106.54397,29.19062,0.0],[106.54367,29.19796,0.0],[106.54335,29.20462,0.0],[106.54273,29.21037,0.0],[106.54205,29.21382,0.0],[106.54034,29.21776,0.0],[106.53576,29.222,0.0],[106.53498,29.22243,0.0],[106.52751,29.22655,0.0],[106.52103,29.22853,0.0],[106.51346,29.22939,0.0],[106.50774,29.23067,0.0],[106.50518,29.23256,0.0],[106.50002,29.23497,0.0],[106.49773,29.23732,0.0],[106.49631,29.24239,0.0],[106.49519,29.24907,0.0],[106.4933,29.25576,0.0],[106.493,29.26311,0.0],[106.49136,29.2698,0.0],[106.49049,29.27601,0.0],[106.48911,29.28201,0.0],[106.48801,29.28914,0.0],[106.48633,29.29445,0.0],[106.48392,29.30185,0.0],[106.48181,29.30992,0.0],[106.48021,29.31775,0.0],[106.47597,29.32104,0.0],[106.47534,29.32154,0.0],[106.47406,29.33143,0.0],[106.47065,29.34022,0.0],[106.46822,29.34646,0.0],[106.46548,29.35134,0.0],[106.46346,29.35437,0.0],[106.46013,29.35674,0.0],[106.45782,29.3584,0.0],[106.44862,29.35768,0.0],[106.44073,29.35694,0.0],[106.43732,29.35702,0.0],[106.43377,29.35714,0.0]]]]}},{"type":"Feature","properties":{"uesi_id":"CHN_R913069","nbhd_code":"CHN_R913069_124","nbhd_name":"Beibei District"},"geometry":{"type":"MultiPolygon","coordinates":[[[[106.30143,29.74186,0.0],[106.3025,29.74437,0.0],[106.30562,29.74983,0.0],[106.30774,29.75225,0.0],[106.30752,29.75562,0.0],[106.30963,29.75812,0.0],[106.31096,29.76245,0.0],[106.31129,29.76735,0.0],[106.31328,29.76956,0.0],[106.31661,29.77312,0.0],[106.31816,29.77649,0.0],[106.3206,29.77774,0.0],[106.32436,29.77707,0.0],[106.32592,29.77457,0.0],[106.32957,29.7738,0.0],[106.33245,29.77591,0.0],[106.33578,29.77639,0.0],[106.33533,29.77899,0.0],[106.33932,29.7812,0.0],[106.33921,29.78409,0.0],[106.3401,29.78562,0.0],[106.34364,29.78832,0.0],[106.34619,29.79264,0.0],[106.35151,29.79774,0.0],[106.35361,29.79687,0.0],[106.35616,29.79495,0.0],[106.35683,29.79687,0.0],[106.35561,29.79918,0.0],[106.35428,29.80139,0.0],[106.35882,29.80716,0.0],[106.36192,29.81014,0.0],[106.36702,29.81706,0.0],[106.36403,29.81639,0.0],[106.36181,29.81658,0.0],[106.35816,29.81553,0.0],[106.35384,29.81822,0.0],[106.35162,29.81735,0.0],[106.3483,29.81754,0.0],[106.34586,29.81543,0.0],[106.34176,29.81533,0.0],[106.33976,29.81677,0.0],[106.33843,29.81793,0.0],[106.33699,29.81889,0.0],[106.33688,29.82283,0.0],[106.33688,29.82475,0.0],[106.33567,29.82523,0.0],[106.33589,29.82658,0.0],[106.33932,29.82639,0.0],[106.34023,29.82721,0.0],[106.33945,29.82823,0.0],[106.33757,29.82789,0.0],[106.33694,29.82885,0.0],[106.33812,29.83034,0.0],[106.33522,29.82993,0.0],[106.33655,29.83231,0.0],[106.34023,29.83517,0.0],[106.34157,29.83748,0.0],[106.34086,29.83843,0.0],[106.33655,29.83469,0.0],[106.33271,29.83612,0.0],[106.33209,29.83788,0.0],[106.33412,29.83952,0.0],[106.33522,29.84128,0.0],[106.33757,29.84516,0.0],[106.33757,29.84719,0.0],[106.33405,29.84876,0.0],[106.33075,29.8474,0.0],[106.32872,29.85073,0.0],[106.32676,29.84991,0.0],[106.32519,29.85046,0.0],[106.32551,29.85209,0.0],[106.32958,29.85745,0.0],[106.33044,29.86269,0.0],[106.3295,29.8637,0.0],[106.32621,29.86269,0.0],[106.32386,29.86119,0.0],[106.32018,29.86615,0.0],[106.32175,29.86921,0.0],[106.32128,29.87274,0.0],[106.32049,29.87349,0.0],[106.31877,29.87356,0.0],[106.31798,29.87498,0.0],[106.31798,29.87614,0.0],[106.31665,29.87688,0.0],[106.31509,29.87824,0.0],[106.31305,29.87865,0.0],[106.31313,29.87967,0.0],[106.31133,29.88191,0.0],[106.31187,29.88395,0.0],[106.30952,29.88538,0.0],[106.30973,29.88643,0.0],[106.30993,29.88815,0.0],[106.31963,29.89172,0.0],[106.32554,29.89589,0.0],[106.32664,29.89879,0.0],[106.33173,29.90026,0.0],[106.33597,29.9038,0.0],[106.34397,29.90788,0.0],[106.35528,29.91635,0.0],[106.36116,29.91921,0.0],[106.36819,29.92514,0.0],[106.377,29.93016,0.0],[106.38482,29.92578,0.0],[106.38767,29.9218,0.0],[106.38798,29.91767,0.0],[106.38657,29.91061,0.0],[106.38644,29.90903,0.0],[106.38708,29.90296,0.0],[106.39136,29.89914,0.0],[106.4001,29.89515,0.0],[106.40199,29.89229,0.0],[106.40816,29.89064,0.0],[106.41129,29.88857,0.0],[106.41417,29.88822,0.0],[106.41564,29.88729,0.0],[106.4195,29.88722,0.0],[106.42057,29.8885,0.0],[106.42074,29.89057,0.0],[106.4218,29.89235,0.0],[106.42435,29.89441,0.0],[106.4246,29.89576,0.0],[106.4218,29.8994,0.0],[106.42213,29.90125,0.0],[106.42345,29.90331,0.0],[106.42279,29.90424,0.0],[106.41885,29.90488,0.0],[106.4177,29.90652,0.0],[106.41942,29.90758,0.0],[106.4209,29.9078,0.0],[106.42098,29.90936,0.0],[106.42271,29.91015,0.0],[106.42501,29.91,0.0],[106.42583,29.90886,0.0],[106.42764,29.90481,0.0],[106.42977,29.90431,0.0],[106.4338,29.90488,0.0],[106.43815,29.90765,0.0],[106.43889,29.90951,0.0],[106.44037,29.91079,0.0],[106.43987,29.9125,0.0],[106.44143,29.91527,0.0],[106.44152,29.91648,0.0],[106.44423,29.91883,0.0],[106.44431,29.92139,0.0],[106.44669,29.92474,0.0],[106.44513,29.92588,0.0],[106.44456,29.92702,0.0],[106.44341,29.92823,0.0],[106.44415,29.92915,0.0],[106.45146,29.92923,0.0],[106.45121,29.92737,0.0],[106.45392,29.92688,0.0],[106.45671,29.92745,0.0],[106.45343,29.92018,0.0],[106.45326,29.91755,0.0],[106.45219,29.91627,0.0],[106.4517,29.91342,0.0],[106.44965,29.91378,0.0],[106.44833,29.91107,0.0],[106.45014,29.91015,0.0],[106.44858,29.90509,0.0],[106.4448,29.89975,0.0],[106.44497,29.89811,0.0],[106.43979,29.89569,0.0],[106.43922,29.89441,0.0],[106.44061,29.8942,0.0],[106.44283,29.8942,0.0],[106.44308,29.89306,0.0],[106.44193,29.89092,0.0],[106.44209,29.889,0.0],[106.4393,29.88757,0.0],[106.43905,29.88629,0.0],[106.4407,29.88537,0.0],[106.44242,29.88501,0.0],[106.44316,29.8843,0.0],[106.44209,29.88359,0.0],[106.44168,29.88209,0.0],[106.44283,29.88052,0.0],[106.44456,29.88045,0.0],[106.44669,29.88259,0.0],[106.45012,29.88323,0.0],[106.45118,29.88515,0.0],[106.45268,29.88755,0.0],[106.45331,29.88883,0.0],[106.4539,29.88992,0.0],[106.4577,29.8875,0.0],[106.44718,29.87276,0.0],[106.44647,29.87088,0.0],[106.44626,29.86969,0.0],[106.4476,29.86913,0.0],[106.44891,29.86806,0.0],[106.45137,29.8687,0.0],[106.45326,29.87091,0.0],[106.45909,29.87305,0.0],[106.46197,29.87433,0.0],[106.46369,29.8776,0.0],[106.46328,29.8796,0.0],[106.46197,29.88188,0.0],[106.46271,29.88465,0.0],[106.4646,29.88675,0.0],[106.46508,29.88874,0.0],[106.46583,29.88886,0.0],[106.46668,29.88844,0.0],[106.46913,29.88852,0.0],[106.46994,29.89028,0.0],[106.47061,29.89232,0.0],[106.473,29.89391,0.0],[106.47119,29.8952,0.0],[106.47346,29.89753,0.0],[106.47232,29.89804,0.0],[106.46868,29.8982,0.0],[106.46893,29.89947,0.0],[106.47322,29.89996,0.0],[106.47388,29.90231,0.0],[106.47554,29.90356,0.0],[106.47421,29.90566,0.0],[106.47224,29.90751,0.0],[106.47363,29.90908,0.0],[106.47503,29.91143,0.0],[106.47831,29.91242,0.0],[106.48152,29.91235,0.0],[106.48324,29.91129,0.0],[106.48727,29.91335,0.0],[106.48776,29.91648,0.0],[106.48973,29.91805,0.0],[106.49088,29.92132,0.0],[106.49318,29.92481,0.0],[106.49581,29.92538,0.0],[106.50074,29.93449,0.0],[106.50189,29.93528,0.0],[106.5055,29.93193,0.0],[106.50895,29.93157,0.0],[106.51306,29.92979,0.0],[106.51454,29.93051,0.0],[106.51577,29.93641,0.0],[106.5193,29.94204,0.0],[106.52127,29.94873,0.0],[106.52332,29.94965,0.0],[106.52792,29.94823,0.0],[106.53647,29.94346,0.0],[106.53926,29.94019,0.0],[106.54082,29.93947,0.0],[106.54657,29.94517,0.0],[106.5538,29.9599,0.0],[106.55881,29.97342,0.0],[106.5593,29.97876,0.0],[106.56144,29.98011,0.0],[106.56439,29.98822,0.0],[106.56653,29.99313,0.0],[106.5671,29.99775,0.0],[106.5685,30.00373,0.0],[106.57105,30.00678,0.0],[106.57088,30.00821,0.0],[106.5662,30.00906,0.0],[106.56587,30.01062,0.0],[106.5699,30.01383,0.0],[106.56981,30.01688,0.0],[106.57146,30.01816,0.0],[106.57556,30.01816,0.0],[106.57581,30.01951,0.0],[106.57655,30.02158,0.0],[106.57983,30.02271,0.0],[106.58148,30.02407,0.0],[106.58378,30.02456,0.0],[106.58476,30.02705,0.0],[106.58895,30.02883,0.0],[106.59207,30.02961,0.0],[106.59404,30.03168,0.0],[106.59528,30.03267,0.0],[106.59766,30.03288,0.0],[106.59692,30.03523,0.0],[106.59684,30.03879,0.0],[106.59741,30.04056,0.0],[106.59643,30.04113,0.0],[106.59355,30.0412,0.0],[106.58788,30.04597,0.0],[106.58846,30.04888,0.0],[106.59027,30.05087,0.0],[106.5938,30.05258,0.0],[106.60152,30.06061,0.0],[106.60612,30.06338,0.0],[106.62213,30.07831,0.0],[106.6292,30.08357,0.0],[106.63166,30.084,0.0],[106.63593,30.08343,0.0],[106.63971,30.0845,0.0],[106.64152,30.08457,0.0],[106.64439,30.08336,0.0],[106.64817,30.08378,0.0],[106.64993,30.084,0.0],[106.6508,30.0813,0.0],[106.65326,30.07941,0.0],[106.65826,30.07824,0.0],[106.6678,30.07483,0.0],[106.6687,30.07267,0.0],[106.66995,30.0681,0.0],[106.67406,30.06482,0.0],[106.67585,30.06587,0.0],[106.67626,30.06516,0.0],[106.67172,30.05629,0.0],[106.6684,30.05068,0.0],[106.66855,30.04812,0.0],[106.67032,30.04489,0.0],[106.67157,30.04248,0.0],[106.66441,30.03706,0.0],[106.66502,30.03443,0.0],[106.66796,30.03401,0.0],[106.67099,30.0353,0.0],[106.67432,30.03484,0.0],[106.67605,30.03389,0.0],[106.67738,30.03213,0.0],[106.67631,30.02853,0.0],[106.67317,30.02424,0.0],[106.67246,30.01912,0.0],[106.67347,30.01536,0.0],[106.67298,29.99486,0.0],[106.67463,29.98172,0.0],[106.67306,29.97288,0.0],[106.66948,29.95821,0.0],[106.67109,29.94708,0.0],[106.67073,29.94235,0.0],[106.67158,29.94173,0.0],[106.67434,29.94246,0.0],[106.67499,29.94184,0.0],[106.67086,29.93991,0.0],[106.66824,29.93564,0.0],[106.66922,29.9349,0.0],[106.67079,29.93621,0.0],[106.67335,29.93564,0.0],[106.67683,29.93729,0.0],[106.68011,29.93724,0.0],[106.68352,29.9382,0.0],[106.68378,29.9349,0.0],[106.68109,29.93451,0.0],[106.67525,29.93206,0.0],[106.67528,29.93069,0.0],[106.67748,29.92939,0.0],[106.67532,29.92632,0.0],[106.67309,29.9249,0.0],[106.67276,29.92246,0.0],[106.66686,29.92132,0.0],[106.66572,29.91489,0.0],[106.67545,29.91239,0.0],[106.67545,29.90381,0.0],[106.67401,29.90074,0.0],[106.67106,29.90051,0.0],[106.6704,29.90244,0.0],[106.66837,29.90233,0.0],[106.66496,29.90403,0.0],[106.66378,29.90261,0.0],[106.66471,29.90164,0.0],[106.6624,29.89789,0.0],[106.66273,29.8942,0.0],[106.66496,29.89334,0.0],[106.66424,29.89113,0.0],[106.66594,29.88874,0.0],[106.66279,29.88902,0.0],[106.65927,29.89225,0.0],[106.6582,29.89181,0.0],[106.65827,29.88789,0.0],[106.65595,29.88741,0.0],[106.65768,29.88476,0.0],[106.65905,29.8788,0.0],[106.65623,29.87793,0.0],[106.65282,29.87901,0.0],[106.65361,29.87708,0.0],[106.65656,29.87458,0.0],[106.65604,29.87344,0.0],[106.65676,29.87088,0.0],[106.65551,29.87037,0.0],[106.65499,29.87355,0.0],[106.65282,29.87298,0.0],[106.65276,29.87111,0.0],[106.65079,29.87219,0.0],[106.64843,29.86861,0.0],[106.64344,29.86508,0.0],[106.64561,29.86332,0.0],[106.64316,29.85714,0.0],[106.64246,29.8512,0.0],[106.63949,29.84764,0.0],[106.63383,29.85063,0.0],[106.63433,29.84773,0.0],[106.63301,29.84773,0.0],[106.63242,29.84517,0.0],[106.62921,29.84221,0.0],[106.62574,29.84123,0.0],[106.62462,29.8442,0.0],[106.62245,29.84619,0.0],[106.62042,29.84488,0.0],[106.61584,29.84357,0.0],[106.61675,29.83715,0.0],[106.61845,29.8351,0.0],[106.6176,29.8314,0.0],[106.61609,29.83259,0.0],[106.6157,29.83464,0.0],[106.61484,29.83464,0.0],[106.61373,29.83584,0.0],[106.60894,29.83635,0.0],[106.60697,29.83527,0.0],[106.60468,29.83703,0.0],[106.60323,29.83652,0.0],[106.6031,29.83584,0.0],[106.60413,29.83503,0.0],[106.60402,29.8343,0.0],[106.60225,29.83379,0.0],[106.59936,29.83163,0.0],[106.59569,29.83089,0.0],[106.59438,29.82651,0.0],[106.59445,29.82394,0.0],[106.59615,29.82247,0.0],[106.59431,29.82144,0.0],[106.59556,29.81996,0.0],[106.59235,29.81888,0.0],[106.59044,29.82025,0.0],[106.58775,29.81956,0.0],[106.5848,29.8199,0.0],[106.58448,29.81672,0.0],[106.58126,29.81091,0.0],[106.58225,29.80921,0.0],[106.58139,29.80761,0.0],[106.58146,29.803,0.0],[106.5768,29.80211,0.0],[106.57792,29.8001,0.0],[106.58415,29.80027,0.0],[106.58507,29.80209,0.0],[106.59038,29.80329,0.0],[106.58789,29.81216,0.0],[106.59123,29.80784,0.0],[106.59176,29.80943,0.0],[106.59353,29.80801,0.0],[106.59445,29.80619,0.0],[106.59576,29.80607,0.0],[106.59635,29.80824,0.0],[106.59917,29.80556,0.0],[106.597,29.80289,0.0],[106.60133,29.80277,0.0],[106.60399,29.80326,0.0],[106.60576,29.79995,0.0],[106.60087,29.79919,0.0],[106.60015,29.79833,0.0],[106.60061,29.79663,0.0],[106.59995,29.79532,0.0],[106.59884,29.79515,0.0],[106.59851,29.79327,0.0],[106.59648,29.79213,0.0],[106.59445,29.79475,0.0],[106.59405,29.79429,0.0],[106.59497,29.78991,0.0],[106.59274,29.78917,0.0],[106.59018,29.79002,0.0],[106.5888,29.78911,0.0],[106.5892,29.78763,0.0],[106.59117,29.78615,0.0],[106.59195,29.78262,0.0],[106.59425,29.78268,0.0],[106.59464,29.78137,0.0],[106.59648,29.78131,0.0],[106.59681,29.77887,0.0],[106.59864,29.77795,0.0],[106.59818,29.77425,0.0],[106.59997,29.77526,0.0],[106.59997,29.77358,0.0],[106.60075,29.77217,0.0],[106.60242,29.77095,0.0],[106.6027,29.77047,0.0],[106.6027,29.76996,0.0],[106.59152,29.77015,0.0],[106.58637,29.76648,0.0],[106.58451,29.76417,0.0],[106.58425,29.76258,0.0],[106.58565,29.76021,0.0],[106.5863,29.75837,0.0],[106.58583,29.75788,0.0],[106.58432,29.75849,0.0],[106.58229,29.76015,0.0],[106.58122,29.76008,0.0],[106.58019,29.7595,0.0],[106.57841,29.76018,0.0],[106.57468,29.76132,0.0],[106.5731,29.76377,0.0],[106.56989,29.76428,0.0],[106.5693,29.76582,0.0],[106.5672,29.76645,0.0],[106.56353,29.76434,0.0],[106.56267,29.76138,0.0],[106.56149,29.76087,0.0],[106.55966,29.76218,0.0],[106.55795,29.76417,0.0],[106.55788,29.76414,0.0],[106.55769,29.76132,0.0],[106.55277,29.76053,0.0],[106.55323,29.75819,0.0],[106.55159,29.75682,0.0],[106.5476,29.75732,0.0],[106.54785,29.75489,0.0],[106.54634,29.75375,0.0],[106.54588,29.75438,0.0],[106.54555,29.75591,0.0],[106.54437,29.75648,0.0],[106.54168,29.75677,0.0],[106.53768,29.75768,0.0],[106.53703,29.75739,0.0],[106.53617,29.75557,0.0],[106.53237,29.75233,0.0],[106.52935,29.75102,0.0],[106.52824,29.75233,0.0],[106.52784,29.75278,0.0],[106.52856,29.75591,0.0],[106.52784,29.75705,0.0],[106.5266,29.75762,0.0],[106.52633,29.75893,0.0],[106.5264,29.76058,0.0],[106.52686,29.76104,0.0],[106.52929,29.76098,0.0],[106.53014,29.76201,0.0],[106.5327,29.76309,0.0],[106.53453,29.76434,0.0],[106.53585,29.7644,0.0],[106.53683,29.76525,0.0],[106.53683,29.7665,0.0],[106.53552,29.76685,0.0],[106.53106,29.76554,0.0],[106.5302,29.76565,0.0],[106.5304,29.76633,0.0],[106.53184,29.76696,0.0],[106.53191,29.76742,0.0],[106.5302,29.76719,0.0],[106.52988,29.76759,0.0],[106.53145,29.76787,0.0],[106.53138,29.76844,0.0],[106.53047,29.76907,0.0],[106.53079,29.76998,0.0],[106.52981,29.77021,0.0],[106.52765,29.76975,0.0],[106.52684,29.77325,0.0],[106.52738,29.77328,0.0],[106.5285,29.77186,0.0],[106.52929,29.77186,0.0],[106.52633,29.77533,0.0],[106.52712,29.77766,0.0],[106.52653,29.77818,0.0],[106.52542,29.77823,0.0],[106.52463,29.77635,0.0],[106.52115,29.77448,0.0],[106.52037,29.77339,0.0],[106.52089,29.77083,0.0],[106.52109,29.77026,0.0],[106.52056,29.76975,0.0],[106.51964,29.76975,0.0],[106.51846,29.77106,0.0],[106.51761,29.77203,0.0],[106.51623,29.77345,0.0],[106.51459,29.77374,0.0],[106.51223,29.77305,0.0],[106.51144,29.77154,0.0],[106.5161,29.76679,0.0],[106.5165,29.76224,0.0],[106.51677,29.75682,0.0],[106.51764,29.7502,0.0],[106.52129,29.74537,0.0],[106.52731,29.7397,0.0],[106.53072,29.73599,0.0],[106.5335,29.73165,0.0],[106.53368,29.72655,0.0],[106.53121,29.72291,0.0],[106.52651,29.71977,0.0],[106.51811,29.71605,0.0],[106.51049,29.71184,0.0],[106.50853,29.70889,0.0],[106.50905,29.70343,0.0],[106.51076,29.69883,0.0],[106.51008,29.69459,0.0],[106.50723,29.68875,0.0],[106.50469,29.68806,0.0],[106.49233,29.69203,0.0],[106.48963,29.69585,0.0],[106.48686,29.699,0.0],[106.48301,29.70235,0.0],[106.47877,29.70281,0.0],[106.47219,29.70236,0.0],[106.46509,29.70041,0.0],[106.45953,29.69739,0.0],[106.45555,29.69348,0.0],[106.45208,29.68926,0.0],[106.45034,29.68352,0.0],[106.45017,29.679,0.0],[106.45086,29.67638,0.0],[106.45225,29.67409,0.0],[106.45402,29.67174,0.0],[106.4523,29.67005,0.0],[106.4505,29.66955,0.0],[106.44964,29.6653,0.0],[106.44584,29.66593,0.0],[106.445,29.66506,0.0],[106.44611,29.66371,0.0],[106.44576,29.66328,0.0],[106.44424,29.66145,0.0],[106.44077,29.65402,0.0],[106.4368,29.65687,0.0],[106.43236,29.6571,0.0],[106.42521,29.65907,0.0],[106.4209,29.65893,0.0],[106.41981,29.6724,0.0],[106.41963,29.68031,0.0],[106.42048,29.68692,0.0],[106.42125,29.69327,0.0],[106.42516,29.71032,0.0],[106.42871,29.72122,0.0],[106.43354,29.74004,0.0],[106.4358,29.74798,0.0],[106.43352,29.74984,0.0],[106.43379,29.7516,0.0],[106.42791,29.75275,0.0],[106.42313,29.75148,0.0],[106.42151,29.74901,0.0],[106.41472,29.75347,0.0],[106.40909,29.74285,0.0],[106.39517,29.74543,0.0],[106.38858,29.73927,0.0],[106.38478,29.7414,0.0],[106.38149,29.74296,0.0],[106.38385,29.74391,0.0],[106.38674,29.74204,0.0],[106.38672,29.74551,0.0],[106.38331,29.74841,0.0],[106.37826,29.74995,0.0],[106.37746,29.74693,0.0],[106.37675,29.74646,0.0],[106.37528,29.74689,0.0],[106.37323,29.74858,0.0],[106.37184,29.74882,0.0],[106.37094,29.74847,0.0],[106.37083,29.74735,0.0],[106.36826,29.74718,0.0],[106.36498,29.75059,0.0],[106.36254,29.74942,0.0],[106.36243,29.74821,0.0],[106.36604,29.74755,0.0],[106.36729,29.74583,0.0],[106.36333,29.74623,0.0],[106.36458,29.73837,0.0],[106.36241,29.73817,0.0],[106.36179,29.73812,0.0],[106.35954,29.73792,0.0],[106.35921,29.73802,0.0],[106.35331,29.73985,0.0],[106.3507,29.73499,0.0],[106.34345,29.73763,0.0],[106.34188,29.73625,0.0],[106.33779,29.73715,0.0],[106.33399,29.73699,0.0],[106.32683,29.73621,0.0],[106.32441,29.73133,0.0],[106.31917,29.73186,0.0],[106.31638,29.73465,0.0],[106.31353,29.73589,0.0],[106.31451,29.7409,0.0],[106.30889,29.74153,0.0],[106.30671,29.74177,0.0],[106.3052,29.73763,0.0],[106.30162,29.73895,0.0],[106.30143,29.74186,0.0]]]]}},{"type":"Feature","properties":{"uesi_id":"CHN_R913069","nbhd_code":"CHN_R913069_125","nbhd_name":"Bishan District"},"geometry":{"type":"MultiPolygon","coordinates":[[[[106.0382,29.33138,0.0],[106.03855,29.33481,0.0],[106.04023,29.33914,0.0],[106.04323,29.34366,0.0],[106.04569,29.34775,0.0],[106.04735,29.35115,0.0],[106.04933,29.35685,0.0],[106.05239,29.36367,0.0],[106.05515,29.36935,0.0],[106.05717,29.37642,0.0],[106.05814,29.38351,0.0],[106.05837,29.39268,0.0],[106.06044,29.40181,0.0],[106.06176,29.41256,0.0],[106.06194,29.41944,0.0],[106.06158,29.42587,0.0],[106.06361,29.43362,0.0],[106.06725,29.44272,0.0],[106.06858,29.4537,0.0],[106.06908,29.46264,0.0],[106.06969,29.47661,0.0],[106.07098,29.48576,0.0],[106.07336,29.49695,0.0],[106.07446,29.50909,0.0],[106.07476,29.52078,0.0],[106.07639,29.53267,0.0],[106.07951,29.539,0.0],[106.07724,29.54549,0.0],[106.08873,29.54628,0.0],[106.08624,29.55284,0.0],[106.09491,29.55866,0.0],[106.10306,29.57401,0.0],[106.10757,29.58591,0.0],[106.11106,29.59603,0.0],[106.11328,29.61081,0.0],[106.11025,29.61772,0.0],[106.11412,29.62544,0.0],[106.12133,29.64062,0.0],[106.13085,29.65259,0.0],[106.141,29.66195,0.0],[106.15241,29.66801,0.0],[106.16252,29.67788,0.0],[106.15964,29.68122,0.0],[106.16499,29.69291,0.0],[106.16061,29.70481,0.0],[106.15373,29.70483,0.0],[106.15382,29.71223,0.0],[106.16117,29.72338,0.0],[106.16568,29.75358,0.0],[106.15852,29.76395,0.0],[106.16771,29.76752,0.0],[106.1761,29.77257,0.0],[106.18012,29.77873,0.0],[106.19194,29.78891,0.0],[106.20709,29.79469,0.0],[106.21454,29.79893,0.0],[106.22152,29.80059,0.0],[106.22984,29.80615,0.0],[106.23235,29.81084,0.0],[106.24005,29.81963,0.0],[106.24827,29.82526,0.0],[106.25729,29.83723,0.0],[106.26353,29.84375,0.0],[106.26569,29.84554,0.0],[106.26758,29.84733,0.0],[106.27194,29.85275,0.0],[106.27548,29.8568,0.0],[106.28036,29.86174,0.0],[106.2858,29.86759,0.0],[106.29413,29.87361,0.0],[106.30193,29.87918,0.0],[106.30785,29.88364,0.0],[106.30973,29.88643,0.0],[106.30952,29.88538,0.0],[106.31187,29.88395,0.0],[106.31133,29.88191,0.0],[106.31313,29.87967,0.0],[106.31305,29.87865,0.0],[106.31509,29.87824,0.0],[106.31665,29.87688,0.0],[106.31798,29.87614,0.0],[106.31798,29.87498,0.0],[106.31877,29.87356,0.0],[106.32049,29.87349,0.0],[106.32128,29.87274,0.0],[106.32175,29.86921,0.0],[106.32018,29.86615,0.0],[106.32386,29.86119,0.0],[106.32621,29.86269,0.0],[106.3295,29.8637,0.0],[106.33044,29.86269,0.0],[106.32958,29.85745,0.0],[106.32551,29.85209,0.0],[106.32519,29.85046,0.0],[106.32676,29.84991,0.0],[106.32872,29.85073,0.0],[106.33075,29.8474,0.0],[106.33405,29.84876,0.0],[106.33757,29.84719,0.0],[106.33757,29.84516,0.0],[106.33522,29.84128,0.0],[106.33412,29.83952,0.0],[106.33209,29.83788,0.0],[106.33271,29.83612,0.0],[106.33655,29.83469,0.0],[106.34086,29.83843,0.0],[106.34157,29.83748,0.0],[106.34023,29.83517,0.0],[106.33655,29.83231,0.0],[106.33522,29.82993,0.0],[106.33812,29.83034,0.0],[106.33694,29.82885,0.0],[106.33757,29.82789,0.0],[106.33945,29.82823,0.0],[106.34023,29.82721,0.0],[106.33932,29.82639,0.0],[106.33589,29.82658,0.0],[106.33567,29.82523,0.0],[106.33688,29.82475,0.0],[106.33688,29.82283,0.0],[106.33699,29.81889,0.0],[106.33843,29.81793,0.0],[106.33976,29.81677,0.0],[106.34176,29.81533,0.0],[106.34586,29.81543,0.0],[106.3483,29.81754,0.0],[106.35162,29.81735,0.0],[106.35384,29.81822,0.0],[106.35816,29.81553,0.0],[106.36181,29.81658,0.0],[106.36403,29.81639,0.0],[106.36702,29.81706,0.0],[106.36192,29.81014,0.0],[106.35882,29.80716,0.0],[106.35428,29.80139,0.0],[106.35561,29.79918,0.0],[106.35683,29.79687,0.0],[106.35616,29.79495,0.0],[106.35361,29.79687,0.0],[106.35151,29.79774,0.0],[106.34619,29.79264,0.0],[106.34364,29.78832,0.0],[106.3401,29.78562,0.0],[106.33921,29.78409,0.0],[106.33932,29.7812,0.0],[106.33533,29.77899,0.0],[106.33578,29.77639,0.0],[106.33245,29.77591,0.0],[106.32957,29.7738,0.0],[106.32592,29.77457,0.0],[106.32436,29.77707,0.0],[106.3206,29.77774,0.0],[106.31816,29.77649,0.0],[106.31661,29.77312,0.0],[106.31328,29.76956,0.0],[106.31129,29.76735,0.0],[106.31096,29.76245,0.0],[106.30963,29.75812,0.0],[106.30752,29.75562,0.0],[106.30774,29.75225,0.0],[106.30562,29.74983,0.0],[106.3025,29.74437,0.0],[106.30143,29.74186,0.0],[106.30162,29.73895,0.0],[106.30117,29.73303,0.0],[106.29767,29.72706,0.0],[106.29635,29.71844,0.0],[106.29249,29.70689,0.0],[106.28766,29.70573,0.0],[106.28565,29.7081,0.0],[106.28338,29.70005,0.0],[106.27799,29.70185,0.0],[106.27794,29.70501,0.0],[106.27695,29.70579,0.0],[106.27426,29.68711,0.0],[106.27315,29.68171,0.0],[106.27574,29.68051,0.0],[106.27535,29.67856,0.0],[106.27656,29.67725,0.0],[106.27993,29.67924,0.0],[106.28095,29.67427,0.0],[106.28062,29.66997,0.0],[106.28312,29.66885,0.0],[106.28425,29.66569,0.0],[106.28053,29.65889,0.0],[106.27717,29.65935,0.0],[106.27488,29.65192,0.0],[106.27609,29.64864,0.0],[106.27609,29.64562,0.0],[106.27993,29.64521,0.0],[106.28541,29.64067,0.0],[106.28502,29.63879,0.0],[106.27807,29.6404,0.0],[106.27263,29.63954,0.0],[106.26918,29.63316,0.0],[106.27862,29.62849,0.0],[106.27166,29.61789,0.0],[106.26953,29.6127,0.0],[106.26611,29.61272,0.0],[106.2611,29.60858,0.0],[106.26076,29.60475,0.0],[106.25752,29.60062,0.0],[106.25936,29.5974,0.0],[106.25559,29.58614,0.0],[106.2538,29.58072,0.0],[106.24983,29.57377,0.0],[106.24608,29.55817,0.0],[106.24927,29.55109,0.0],[106.24841,29.54094,0.0],[106.24934,29.53505,0.0],[106.25234,29.52066,0.0],[106.26249,29.49652,0.0],[106.26874,29.48643,0.0],[106.269,29.4819,0.0],[106.25976,29.47249,0.0],[106.25898,29.46126,0.0],[106.26249,29.45559,0.0],[106.2608,29.45128,0.0],[106.26145,29.44267,0.0],[106.2555,29.43778,0.0],[106.25319,29.43003,0.0],[106.24958,29.42276,0.0],[106.24733,29.41708,0.0],[106.24348,29.41074,0.0],[106.24047,29.40599,0.0],[106.23608,29.39897,0.0],[106.23354,29.39214,0.0],[106.23096,29.38416,0.0],[106.23074,29.37591,0.0],[106.22707,29.36636,0.0],[106.22421,29.3577,0.0],[106.22034,29.35045,0.0],[106.21385,29.34301,0.0],[106.20766,29.33695,0.0],[106.20251,29.33086,0.0],[106.20238,29.33076,0.0],[106.19449,29.32483,0.0],[106.18825,29.32137,0.0],[106.18651,29.32041,0.0],[106.17725,29.31739,0.0],[106.16771,29.31322,0.0],[106.16158,29.30945,0.0],[106.15491,29.30477,0.0],[106.14846,29.29871,0.0],[106.14201,29.29242,0.0],[106.13535,29.28796,0.0],[106.12926,29.28556,0.0],[106.12161,29.28365,0.0],[106.11193,29.28407,0.0],[106.10362,29.28722,0.0],[106.09615,29.29172,0.0],[106.09232,29.2957,0.0],[106.08646,29.30223,0.0],[106.08418,29.30549,0.0],[106.07991,29.31245,0.0],[106.07614,29.31872,0.0],[106.06892,29.32299,0.0],[106.05694,29.3262,0.0],[106.04753,29.3273,0.0],[106.0384,29.32885,0.0],[106.0382,29.33138,0.0]]]]}},{"type":"Feature","properties":{"uesi_id":"CHN_R913069","nbhd_code":"CHN_R913069_126","nbhd_name":"Changshou District"},"geometry":{"type":"MultiPolygon","coordinates":[[[[106.85738,30.02495,0.0],[106.86218,30.0297,0.0],[106.87515,30.03466,0.0],[106.90153,30.03439,0.0],[106.90954,30.02688,0.0],[106.91603,30.02811,0.0],[106.92537,30.03742,0.0],[106.94375,30.04016,0.0],[106.94933,30.05033,0.0],[106.95793,30.06228,0.0],[106.96229,30.07588,0.0],[106.97193,30.08255,0.0],[106.98133,30.0831,0.0],[106.99335,30.06016,0.0],[107.01008,30.04215,0.0],[107.02135,30.03444,0.0],[107.02864,30.03338,0.0],[107.03679,30.03943,0.0],[107.04066,30.05022,0.0],[107.05518,30.05251,0.0],[107.07037,30.06112,0.0],[107.08018,30.07289,0.0],[107.07289,30.09131,0.0],[107.07694,30.09274,0.0],[107.09519,30.09168,0.0],[107.09932,30.10064,0.0],[107.10737,30.11239,0.0],[107.12522,30.12187,0.0],[107.14141,30.14684,0.0],[107.18098,30.18089,0.0],[107.19397,30.19493,0.0],[107.22763,30.22744,0.0],[107.23361,30.22655,0.0],[107.23885,30.22193,0.0],[107.24217,30.21866,0.0],[107.24942,30.20292,0.0],[107.25466,30.19388,0.0],[107.26261,30.18723,0.0],[107.26826,30.18271,0.0],[107.2729,30.17959,0.0],[107.27543,30.17654,0.0],[107.27744,30.17396,0.0],[107.27786,30.17097,0.0],[107.27722,30.16801,0.0],[107.27609,30.1662,0.0],[107.27251,30.1624,0.0],[107.27023,30.15811,0.0],[107.26822,30.15381,0.0],[107.26617,30.14836,0.0],[107.26411,30.14292,0.0],[107.26476,30.13923,0.0],[107.26867,30.13774,0.0],[107.27372,30.13851,0.0],[107.27825,30.13953,0.0],[107.28463,30.1405,0.0],[107.28859,30.14038,0.0],[107.29144,30.1387,0.0],[107.29159,30.13571,0.0],[107.2896,30.1321,0.0],[107.29165,30.12759,0.0],[107.29374,30.12289,0.0],[107.2928,30.11674,0.0],[107.29148,30.11248,0.0],[107.28877,30.10869,0.0],[107.2869,30.10281,0.0],[107.28535,30.09776,0.0],[107.28158,30.09395,0.0],[107.27722,30.09418,0.0],[107.26602,30.09561,0.0],[107.26421,30.09343,0.0],[107.264,30.09115,0.0],[107.26484,30.08707,0.0],[107.26549,30.0845,0.0],[107.26258,30.08272,0.0],[107.25707,30.08266,0.0],[107.25136,30.07961,0.0],[107.23836,30.07751,0.0],[107.24392,30.07307,0.0],[107.2579,30.06546,0.0],[107.25899,30.05929,0.0],[107.26585,30.05616,0.0],[107.26994,30.05261,0.0],[107.27569,30.05084,0.0],[107.28171,30.04952,0.0],[107.2877,30.04728,0.0],[107.29343,30.04528,0.0],[107.29681,30.04404,0.0],[107.30013,30.04096,0.0],[107.30241,30.0386,0.0],[107.30438,30.03488,0.0],[107.30503,30.03096,0.0],[107.30566,30.02658,0.0],[107.30473,30.02294,0.0],[107.30168,30.01936,0.0],[107.29868,30.01692,0.0],[107.29546,30.01541,0.0],[107.2875,30.01438,0.0],[107.28387,30.01339,0.0],[107.28064,30.01121,0.0],[107.28121,30.00779,0.0],[107.28347,30.00543,0.0],[107.28599,30.00237,0.0],[107.28776,30.00026,0.0],[107.29238,29.99692,0.0],[107.2989,29.99466,0.0],[107.30902,29.99024,0.0],[107.31936,29.98467,0.0],[107.32797,29.98213,0.0],[107.33475,29.98009,0.0],[107.34053,29.97947,0.0],[107.34738,29.97904,0.0],[107.3542,29.97815,0.0],[107.36054,29.9782,0.0],[107.36612,29.97918,0.0],[107.371,29.98271,0.0],[107.37509,29.98603,0.0],[107.38054,29.99046,0.0],[107.38383,29.99357,0.0],[107.39111,29.99749,0.0],[107.39543,30.00011,0.0],[107.398,30.00508,0.0],[107.40347,30.00974,0.0],[107.41067,30.01182,0.0],[107.41714,30.0153,0.0],[107.42139,30.01609,0.0],[107.42641,30.01594,0.0],[107.43271,30.01506,0.0],[107.43504,30.01408,0.0],[107.43831,30.00985,0.0],[107.43983,30.0082,0.0],[107.44042,30.00444,0.0],[107.43254,29.99779,0.0],[107.42545,29.98985,0.0],[107.42079,29.98441,0.0],[107.41457,29.97851,0.0],[107.41153,29.97366,0.0],[107.4046,29.96467,0.0],[107.40085,29.95911,0.0],[107.39816,29.95507,0.0],[107.39129,29.94697,0.0],[107.38798,29.94058,0.0],[107.38032,29.93282,0.0],[107.37215,29.92149,0.0],[107.3549,29.89908,0.0],[107.35172,29.90001,0.0],[107.34818,29.89712,0.0],[107.34376,29.89198,0.0],[107.33828,29.88663,0.0],[107.33351,29.87897,0.0],[107.33066,29.87332,0.0],[107.32777,29.86675,0.0],[107.32579,29.86337,0.0],[107.32189,29.85775,0.0],[107.31637,29.85279,0.0],[107.31151,29.85164,0.0],[107.30665,29.84651,0.0],[107.29966,29.84471,0.0],[107.2927,29.84397,0.0],[107.28686,29.84347,0.0],[107.27572,29.84056,0.0],[107.27148,29.84199,0.0],[107.26683,29.84442,0.0],[107.26227,29.84914,0.0],[107.25789,29.85178,0.0],[107.25206,29.85465,0.0],[107.24174,29.85036,0.0],[107.22951,29.8497,0.0],[107.22363,29.84872,0.0],[107.21512,29.84732,0.0],[107.2134,29.83882,0.0],[107.20901,29.83413,0.0],[107.20506,29.82713,0.0],[107.203,29.82122,0.0],[107.19762,29.81105,0.0],[107.19086,29.80642,0.0],[107.18623,29.80242,0.0],[107.18138,29.79935,0.0],[107.17626,29.79628,0.0],[107.17088,29.79322,0.0],[107.16447,29.79064,0.0],[107.15861,29.78874,0.0],[107.14796,29.7856,0.0],[107.14338,29.78274,0.0],[107.1385,29.77897,0.0],[107.1339,29.77566,0.0],[107.12883,29.77373,0.0],[107.12453,29.77156,0.0],[107.1192,29.76964,0.0],[107.11063,29.76552,0.0],[107.10589,29.76542,0.0],[107.10062,29.76556,0.0],[107.09425,29.76413,0.0],[107.08741,29.76409,0.0],[107.08347,29.76442,0.0],[107.07716,29.76459,0.0],[107.07028,29.76003,0.0],[107.06447,29.7554,0.0],[107.06,29.75105,0.0],[107.05415,29.74805,0.0],[107.0487,29.74218,0.0],[107.04406,29.7392,0.0],[107.03963,29.73808,0.0],[107.03555,29.72945,0.0],[107.02888,29.72345,0.0],[107.0221,29.72215,0.0],[107.01549,29.7208,0.0],[107.00954,29.71959,0.0],[107.00624,29.71761,0.0],[107.00176,29.71662,0.0],[106.99924,29.71966,0.0],[106.99793,29.72544,0.0],[106.99845,29.73344,0.0],[106.99526,29.73804,0.0],[106.99176,29.74129,0.0],[106.98746,29.74406,0.0],[106.9894,29.75226,0.0],[106.99038,29.765,0.0],[106.9884,29.77119,0.0],[106.97895,29.77321,0.0],[106.97054,29.76952,0.0],[106.96548,29.77608,0.0],[106.9596,29.78408,0.0],[106.95581,29.78666,0.0],[106.95375,29.79242,0.0],[106.94879,29.79805,0.0],[106.94085,29.80089,0.0],[106.94261,29.80534,0.0],[106.94517,29.81112,0.0],[106.94558,29.82007,0.0],[106.94497,29.83316,0.0],[106.94264,29.83788,0.0],[106.93845,29.84347,0.0],[106.93638,29.85091,0.0],[106.94117,29.85488,0.0],[106.94233,29.86517,0.0],[106.94558,29.87413,0.0],[106.9486,29.88078,0.0],[106.94949,29.88749,0.0],[106.95369,29.89449,0.0],[106.95702,29.89922,0.0],[106.96339,29.90823,0.0],[106.96703,29.91433,0.0],[106.96932,29.91954,0.0],[106.9738,29.92531,0.0],[106.97698,29.92801,0.0],[106.97714,29.9362,0.0],[106.96892,29.93813,0.0],[106.96744,29.94115,0.0],[106.96368,29.94698,0.0],[106.96258,29.95237,0.0],[106.95811,29.95517,0.0],[106.95287,29.95461,0.0],[106.94294,29.95363,0.0],[106.93729,29.96189,0.0],[106.92799,29.96741,0.0],[106.92716,29.97405,0.0],[106.91299,29.97381,0.0],[106.90337,29.97478,0.0],[106.89481,29.97989,0.0],[106.89,29.98716,0.0],[106.88488,29.98756,0.0],[106.87934,29.9877,0.0],[106.87454,29.98621,0.0],[106.86937,29.98067,0.0],[106.86435,29.9812,0.0],[106.86201,29.9824,0.0],[106.86048,29.98382,0.0],[106.85954,29.98728,0.0],[106.85966,29.99072,0.0],[106.85876,29.99533,0.0],[106.85967,30.00155,0.0],[106.86223,30.00696,0.0],[106.86215,30.01529,0.0],[106.86149,30.02049,0.0],[106.85738,30.02495,0.0]]]]}},{"type":"Feature","properties":{"uesi_id":"CHN_R913069","nbhd_code":"CHN_R913069_127","nbhd_name":"Chengkou County"},"geometry":{"type":"MultiPolygon","coordinates":[[[[108.25563,31.96834,0.0],[108.26138,31.97214,0.0],[108.26117,31.98379,0.0],[108.26361,31.98702,0.0],[108.27476,31.98104,0.0],[108.28054,31.9832,0.0],[108.27983,31.98831,0.0],[108.28785,31.99285,0.0],[108.29211,31.99004,0.0],[108.30333,31.99933,0.0],[108.30968,31.99585,0.0],[108.32069,31.98729,0.0],[108.33411,31.9832,0.0],[108.34811,31.97379,0.0],[108.35757,31.98402,0.0],[108.36898,31.99013,0.0],[108.35874,31.99658,0.0],[108.35425,32.0014,0.0],[108.34946,32.00235,0.0],[108.3356,32.00951,0.0],[108.32972,32.0191,0.0],[108.32464,32.02074,0.0],[108.32601,32.02179,0.0],[108.33454,32.02431,0.0],[108.34068,32.02969,0.0],[108.3498,32.03122,0.0],[108.36023,32.03843,0.0],[108.36183,32.04661,0.0],[108.35456,32.05235,0.0],[108.35176,32.05726,0.0],[108.34164,32.06064,0.0],[108.33989,32.06926,0.0],[108.34573,32.07168,0.0],[108.35278,32.07067,0.0],[108.35848,32.07216,0.0],[108.37049,32.07981,0.0],[108.38174,32.07364,0.0],[108.39205,32.06956,0.0],[108.40579,32.07211,0.0],[108.40861,32.07209,0.0],[108.41281,32.06874,0.0],[108.41364,32.06702,0.0],[108.4166,32.06563,0.0],[108.42097,32.06431,0.0],[108.42258,32.06407,0.0],[108.42553,32.06232,0.0],[108.44014,32.07204,0.0],[108.43965,32.07275,0.0],[108.44074,32.0738,0.0],[108.4436,32.07429,0.0],[108.44589,32.07642,0.0],[108.44768,32.08318,0.0],[108.44699,32.08578,0.0],[108.44701,32.08849,0.0],[108.44791,32.09133,0.0],[108.44763,32.09304,0.0],[108.44613,32.09407,0.0],[108.43778,32.09536,0.0],[108.43439,32.09704,0.0],[108.43105,32.10031,0.0],[108.42793,32.10285,0.0],[108.42598,32.10578,0.0],[108.42302,32.10958,0.0],[108.42227,32.11247,0.0],[108.41825,32.11501,0.0],[108.41795,32.11653,0.0],[108.41823,32.11718,0.0],[108.41914,32.11768,0.0],[108.41921,32.11871,0.0],[108.41859,32.11979,0.0],[108.40897,32.13053,0.0],[108.40773,32.13627,0.0],[108.40117,32.14423,0.0],[108.39536,32.14859,0.0],[108.39255,32.15013,0.0],[108.38969,32.15004,0.0],[108.3881,32.1496,0.0],[108.38632,32.15004,0.0],[108.38624,32.15351,0.0],[108.38491,32.15407,0.0],[108.37851,32.15387,0.0],[108.37668,32.15481,0.0],[108.37517,32.1561,0.0],[108.37498,32.1566,0.0],[108.37626,32.15586,0.0],[108.37689,32.15574,0.0],[108.37734,32.15613,0.0],[108.37746,32.1566,0.0],[108.37771,32.15664,0.0],[108.37879,32.156,0.0],[108.37881,32.1555,0.0],[108.3798,32.15561,0.0],[108.38015,32.15595,0.0],[108.38021,32.15625,0.0],[108.3801,32.15658,0.0],[108.38121,32.15736,0.0],[108.38192,32.15727,0.0],[108.38262,32.15838,0.0],[108.38339,32.15941,0.0],[108.38329,32.16185,0.0],[108.37704,32.16522,0.0],[108.36485,32.17547,0.0],[108.36446,32.17746,0.0],[108.36588,32.17866,0.0],[108.37159,32.17877,0.0],[108.37486,32.17837,0.0],[108.38203,32.18645,0.0],[108.38384,32.18638,0.0],[108.38659,32.18866,0.0],[108.38859,32.18906,0.0],[108.39435,32.19561,0.0],[108.40139,32.198,0.0],[108.40504,32.19554,0.0],[108.40706,32.19509,0.0],[108.41199,32.19293,0.0],[108.42202,32.18818,0.0],[108.42571,32.19308,0.0],[108.428,32.19369,0.0],[108.43318,32.19122,0.0],[108.43881,32.191,0.0],[108.45272,32.18233,0.0],[108.46159,32.18526,0.0],[108.46446,32.18419,0.0],[108.46898,32.18422,0.0],[108.47595,32.18308,0.0],[108.47909,32.18623,0.0],[108.48149,32.19012,0.0],[108.48726,32.19606,0.0],[108.49611,32.19844,0.0],[108.49932,32.19844,0.0],[108.50426,32.20366,0.0],[108.51779,32.19561,0.0],[108.53104,32.18809,0.0],[108.53791,32.1801,0.0],[108.54735,32.17748,0.0],[108.55456,32.17937,0.0],[108.56074,32.17588,0.0],[108.56405,32.17641,0.0],[108.57181,32.17495,0.0],[108.58141,32.17344,0.0],[108.59115,32.15907,0.0],[108.59455,32.16005,0.0],[108.59624,32.15757,0.0],[108.60056,32.15787,0.0],[108.60671,32.15325,0.0],[108.61206,32.15104,0.0],[108.61348,32.14863,0.0],[108.62498,32.1417,0.0],[108.6265,32.13739,0.0],[108.62949,32.13545,0.0],[108.6328,32.13469,0.0],[108.64127,32.13171,0.0],[108.64322,32.13007,0.0],[108.64787,32.12689,0.0],[108.64921,32.12365,0.0],[108.65041,32.11842,0.0],[108.66409,32.1118,0.0],[108.6686,32.10475,0.0],[108.68733,32.10532,0.0],[108.69693,32.10679,0.0],[108.70877,32.10592,0.0],[108.71888,32.1072,0.0],[108.72442,32.10739,0.0],[108.72972,32.10882,0.0],[108.74013,32.10462,0.0],[108.74568,32.09966,0.0],[108.74713,32.09504,0.0],[108.74487,32.09131,0.0],[108.74808,32.08745,0.0],[108.74722,32.07552,0.0],[108.76353,32.06679,0.0],[108.77023,32.05719,0.0],[108.78293,32.04977,0.0],[108.80816,32.04759,0.0],[108.8153,32.04467,0.0],[108.81846,32.04295,0.0],[108.83391,32.04089,0.0],[108.84174,32.04083,0.0],[108.84555,32.03953,0.0],[108.84627,32.03765,0.0],[108.84842,32.03336,0.0],[108.84721,32.03209,0.0],[108.84701,32.03095,0.0],[108.84596,32.03039,0.0],[108.84742,32.02585,0.0],[108.85458,32.01854,0.0],[108.85738,32.01291,0.0],[108.86085,32.01176,0.0],[108.86118,32.01064,0.0],[108.86114,32.00945,0.0],[108.86202,32.00829,0.0],[108.86501,32.0076,0.0],[108.86491,32.00406,0.0],[108.87282,31.99646,0.0],[108.88356,31.99667,0.0],[108.88518,31.99223,0.0],[108.89608,31.9876,0.0],[108.90006,31.9884,0.0],[108.90345,31.99147,0.0],[108.90882,31.99021,0.0],[108.91283,31.9908,0.0],[108.92199,31.98975,0.0],[108.93418,31.99136,0.0],[108.94979,31.98078,0.0],[108.96008,31.98456,0.0],[108.97553,31.98049,0.0],[108.97794,31.98342,0.0],[108.98571,31.98308,0.0],[108.99965,31.97262,0.0],[109.00841,31.97153,0.0],[109.01407,31.96629,0.0],[109.03021,31.95974,0.0],[109.03493,31.96243,0.0],[109.05552,31.94377,0.0],[109.06566,31.94177,0.0],[109.07253,31.93801,0.0],[109.07705,31.93464,0.0],[109.09038,31.91982,0.0],[109.09624,31.91643,0.0],[109.09959,31.9132,0.0],[109.10439,31.91213,0.0],[109.11999,31.89454,0.0],[109.12748,31.89253,0.0],[109.1466,31.88536,0.0],[109.15921,31.87945,0.0],[109.169,31.87085,0.0],[109.18685,31.85722,0.0],[109.18591,31.85277,0.0],[109.18917,31.84854,0.0],[109.19569,31.84706,0.0],[109.1956,31.84468,0.0],[109.18676,31.82754,0.0],[109.19166,31.81894,0.0],[109.21134,31.81914,0.0],[109.2155,31.81676,0.0],[109.22871,31.81099,0.0],[109.23559,31.8136,0.0],[109.23885,31.81276,0.0],[109.25116,31.80584,0.0],[109.25758,31.80622,0.0],[109.27123,31.80243,0.0],[109.27204,31.80001,0.0],[109.27083,31.79308,0.0],[109.27194,31.78586,0.0],[109.2755,31.78032,0.0],[109.27161,31.77747,0.0],[109.25848,31.77506,0.0],[109.25762,31.7693,0.0],[109.24835,31.7674,0.0],[109.25006,31.76105,0.0],[109.26775,31.75791,0.0],[109.26903,31.75339,0.0],[109.26646,31.75076,0.0],[109.27779,31.74609,0.0],[109.27916,31.74324,0.0],[109.27453,31.72828,0.0],[109.27787,31.71857,0.0],[109.27198,31.7199,0.0],[109.26795,31.71921,0.0],[109.25666,31.7192,0.0],[109.25021,31.7208,0.0],[109.24269,31.72561,0.0],[109.2365,31.72491,0.0],[109.2314,31.72697,0.0],[109.2263,31.72765,0.0],[109.22253,31.7265,0.0],[109.22038,31.72329,0.0],[109.21904,31.71802,0.0],[109.21904,31.71458,0.0],[109.2185,31.71046,0.0],[109.22253,31.7045,0.0],[109.2263,31.69946,0.0],[109.2271,31.69717,0.0],[109.22469,31.69694,0.0],[109.22119,31.69854,0.0],[109.21447,31.70083,0.0],[109.20506,31.70219,0.0],[109.19835,31.70264,0.0],[109.19056,31.70217,0.0],[109.18304,31.70194,0.0],[109.17471,31.6994,0.0],[109.16208,31.69778,0.0],[109.15617,31.70052,0.0],[109.15133,31.70189,0.0],[109.14864,31.70395,0.0],[109.14353,31.70761,0.0],[109.13708,31.71379,0.0],[109.13116,31.71905,0.0],[109.12552,31.71812,0.0],[109.10349,31.71007,0.0],[109.09383,31.705,0.0],[109.08737,31.70614,0.0],[109.08012,31.70796,0.0],[109.07223,31.70762,0.0],[109.06482,31.70887,0.0],[109.05694,31.7074,0.0],[109.05118,31.70596,0.0],[109.04488,31.70407,0.0],[109.03753,31.70306,0.0],[109.02912,31.70159,0.0],[109.02021,31.6992,0.0],[109.0135,31.69657,0.0],[109.00679,31.69357,0.0],[109.00143,31.68737,0.0],[108.99876,31.68141,0.0],[108.99877,31.67476,0.0],[109.00093,31.67087,0.0],[109.00094,31.66698,0.0],[108.99772,31.66375,0.0],[108.99316,31.6626,0.0],[108.98833,31.6619,0.0],[108.98161,31.66188,0.0],[108.97301,31.66117,0.0],[108.96765,31.66047,0.0],[108.9612,31.6609,0.0],[108.95475,31.66272,0.0],[108.94642,31.66315,0.0],[108.9424,31.66268,0.0],[108.93649,31.66312,0.0],[108.9295,31.66127,0.0],[108.92118,31.6617,0.0],[108.90936,31.66189,0.0],[108.89889,31.66162,0.0],[108.8919,31.66321,0.0],[108.88196,31.66432,0.0],[108.87685,31.66522,0.0],[108.8712,31.66795,0.0],[108.86554,31.67205,0.0],[108.86122,31.67914,0.0],[108.85698,31.68343,0.0],[108.85287,31.68603,0.0],[108.84968,31.68892,0.0],[108.84563,31.68912,0.0],[108.83782,31.68979,0.0],[108.82847,31.68811,0.0],[108.82221,31.6865,0.0],[108.81416,31.68872,0.0],[108.79979,31.6889,0.0],[108.7907,31.68719,0.0],[108.77799,31.68748,0.0],[108.77239,31.68685,0.0],[108.76745,31.68464,0.0],[108.76253,31.68136,0.0],[108.75834,31.67689,0.0],[108.75516,31.6684,0.0],[108.75304,31.66128,0.0],[108.75172,31.65761,0.0],[108.74772,31.65186,0.0],[108.74236,31.64863,0.0],[108.73433,31.64401,0.0],[108.72977,31.64215,0.0],[108.72495,31.64075,0.0],[108.71503,31.63704,0.0],[108.71046,31.63702,0.0],[108.70104,31.64133,0.0],[108.69379,31.64336,0.0],[108.68815,31.64195,0.0],[108.68629,31.63942,0.0],[108.68737,31.6369,0.0],[108.68766,31.63324,0.0],[108.68552,31.63231,0.0],[108.6815,31.63183,0.0],[108.67693,31.63158,0.0],[108.66836,31.6281,0.0],[108.66113,31.626,0.0],[108.65227,31.62504,0.0],[108.64716,31.62639,0.0],[108.64259,31.6275,0.0],[108.63715,31.62893,0.0],[108.63555,31.63618,0.0],[108.63445,31.64053,0.0],[108.63227,31.64602,0.0],[108.62821,31.65127,0.0],[108.62202,31.65398,0.0],[108.61502,31.65647,0.0],[108.6083,31.65735,0.0],[108.60293,31.65755,0.0],[108.59621,31.6582,0.0],[108.58948,31.66091,0.0],[108.58327,31.66454,0.0],[108.57733,31.67024,0.0],[108.5714,31.67318,0.0],[108.56626,31.67865,0.0],[108.55872,31.68205,0.0],[108.55281,31.6811,0.0],[108.54637,31.67968,0.0],[108.54288,31.67989,0.0],[108.53883,31.67677,0.0],[108.52716,31.6805,0.0],[108.52348,31.68699,0.0],[108.51862,31.68833,0.0],[108.51849,31.69202,0.0],[108.51234,31.69576,0.0],[108.51087,31.69839,0.0],[108.52191,31.70309,0.0],[108.52029,31.71071,0.0],[108.51718,31.72309,0.0],[108.5156,31.72846,0.0],[108.50222,31.73435,0.0],[108.50299,31.73762,0.0],[108.51718,31.74913,0.0],[108.52611,31.7561,0.0],[108.53045,31.75916,0.0],[108.53106,31.7598,0.0],[108.52724,31.75955,0.0],[108.52454,31.75996,0.0],[108.5235,31.76074,0.0],[108.52219,31.76269,0.0],[108.51977,31.7634,0.0],[108.51468,31.76388,0.0],[108.51179,31.76332,0.0],[108.50575,31.76736,0.0],[108.50171,31.76801,0.0],[108.49948,31.77065,0.0],[108.49302,31.77245,0.0],[108.48814,31.77548,0.0],[108.48608,31.77594,0.0],[108.48465,31.77421,0.0],[108.48388,31.77519,0.0],[108.48487,31.77687,0.0],[108.48461,31.77705,0.0],[108.48378,31.77774,0.0],[108.4833,31.77954,0.0],[108.48331,31.78066,0.0],[108.48442,31.78264,0.0],[108.4838,31.78321,0.0],[108.48246,31.78321,0.0],[108.48013,31.78205,0.0],[108.47191,31.78081,0.0],[108.46875,31.78294,0.0],[108.46615,31.78358,0.0],[108.45918,31.78334,0.0],[108.4466,31.78881,0.0],[108.45018,31.79353,0.0],[108.4607,31.80806,0.0],[108.45606,31.81342,0.0],[108.44719,31.81417,0.0],[108.43843,31.81216,0.0],[108.42227,31.81198,0.0],[108.41677,31.8167,0.0],[108.39144,31.82683,0.0],[108.38675,31.832,0.0],[108.38504,31.8421,0.0],[108.37995,31.84962,0.0],[108.38197,31.85691,0.0],[108.37215,31.85789,0.0],[108.36698,31.85402,0.0],[108.35585,31.85573,0.0],[108.34756,31.86006,0.0],[108.33849,31.86474,0.0],[108.332,31.87129,0.0],[108.3306,31.87933,0.0],[108.32218,31.8835,0.0],[108.31395,31.89499,0.0],[108.30377,31.90821,0.0],[108.2979,31.91134,0.0],[108.28966,31.91275,0.0],[108.28545,31.91297,0.0],[108.27835,31.91908,0.0],[108.28247,31.93315,0.0],[108.28282,31.93931,0.0],[108.27766,31.95603,0.0],[108.26851,31.9613,0.0],[108.25563,31.96834,0.0]]]]}},{"type":"Feature","properties":{"uesi_id":"CHN_R913069","nbhd_code":"CHN_R913069_128","nbhd_name":"Dadukou District"},"geometry":{"type":"MultiPolygon","coordinates":[[[[106.38934,29.4134,0.0],[106.39078,29.41528,0.0],[106.39142,29.42129,0.0],[106.39013,29.42467,0.0],[106.39106,29.42949,0.0],[106.39243,29.43606,0.0],[106.39264,29.44045,0.0],[106.39437,29.4432,0.0],[106.39883,29.44114,0.0],[106.40213,29.44095,0.0],[106.40472,29.44251,0.0],[106.40558,29.44214,0.0],[106.40465,29.43863,0.0],[106.40573,29.43819,0.0],[106.40609,29.43525,0.0],[106.40738,29.43594,0.0],[106.40853,29.4345,0.0],[106.41263,29.43394,0.0],[106.41162,29.4298,0.0],[106.4132,29.42743,0.0],[106.4104,29.42555,0.0],[106.41342,29.42436,0.0],[106.41378,29.42198,0.0],[106.41486,29.42329,0.0],[106.41615,29.42317,0.0],[106.41687,29.42142,0.0],[106.4178,29.42267,0.0],[106.41938,29.42198,0.0],[106.41953,29.42611,0.0],[106.4173,29.42498,0.0],[106.41665,29.42661,0.0],[106.41852,29.42918,0.0],[106.41953,29.42924,0.0],[106.41974,29.42768,0.0],[106.42053,29.42905,0.0],[106.42118,29.42599,0.0],[106.42219,29.42793,0.0],[106.42319,29.4248,0.0],[106.42708,29.42461,0.0],[106.42607,29.41866,0.0],[106.42693,29.41728,0.0],[106.42974,29.41709,0.0],[106.43074,29.41828,0.0],[106.43017,29.41998,0.0],[106.43124,29.4196,0.0],[106.43211,29.42079,0.0],[106.43556,29.42048,0.0],[106.43541,29.41835,0.0],[106.43764,29.41778,0.0],[106.43735,29.42079,0.0],[106.43635,29.42417,0.0],[106.43656,29.42624,0.0],[106.44009,29.42523,0.0],[106.4421,29.42342,0.0],[106.44116,29.42192,0.0],[106.44239,29.42104,0.0],[106.44397,29.42142,0.0],[106.44663,29.42073,0.0],[106.4462,29.41922,0.0],[106.44469,29.41822,0.0],[106.44828,29.41634,0.0],[106.44922,29.41741,0.0],[106.4508,29.42041,0.0],[106.45432,29.42304,0.0],[106.45209,29.4253,0.0],[106.45274,29.4263,0.0],[106.45468,29.42743,0.0],[106.45238,29.4278,0.0],[106.45346,29.42887,0.0],[106.45166,29.43005,0.0],[106.44993,29.4315,0.0],[106.45101,29.43456,0.0],[106.4541,29.43832,0.0],[106.45418,29.44045,0.0],[106.4518,29.44201,0.0],[106.45317,29.44345,0.0],[106.45267,29.44658,0.0],[106.45432,29.44884,0.0],[106.45784,29.44852,0.0],[106.4587,29.44934,0.0],[106.4536,29.45065,0.0],[106.45166,29.45641,0.0],[106.44979,29.45553,0.0],[106.44799,29.4591,0.0],[106.44821,29.46041,0.0],[106.44957,29.46142,0.0],[106.4495,29.46298,0.0],[106.45144,29.46361,0.0],[106.45144,29.46523,0.0],[106.45281,29.46617,0.0],[106.45231,29.46836,0.0],[106.45446,29.4703,0.0],[106.45374,29.47174,0.0],[106.45432,29.47512,0.0],[106.45993,29.47312,0.0],[106.46294,29.47324,0.0],[106.46043,29.47481,0.0],[106.4623,29.47568,0.0],[106.46647,29.47575,0.0],[106.46647,29.47938,0.0],[106.46424,29.48326,0.0],[106.46409,29.4852,0.0],[106.46208,29.48613,0.0],[106.45985,29.4862,0.0],[106.46007,29.48801,0.0],[106.45698,29.48638,0.0],[106.4559,29.48351,0.0],[106.45468,29.48357,0.0],[106.45231,29.48488,0.0],[106.45195,29.48745,0.0],[106.45116,29.48876,0.0],[106.45123,29.49127,0.0],[106.44972,29.49508,0.0],[106.45159,29.49596,0.0],[106.45223,29.49339,0.0],[106.4554,29.49245,0.0],[106.45698,29.49433,0.0],[106.45741,29.49765,0.0],[106.46007,29.49834,0.0],[106.4633,29.49796,0.0],[106.46381,29.50059,0.0],[106.46697,29.50027,0.0],[106.46726,29.49902,0.0],[106.46913,29.49921,0.0],[106.46957,29.49902,0.0],[106.47128,29.49827,0.0],[106.4738,29.49815,0.0],[106.4738,29.49539,0.0],[106.47574,29.49389,0.0],[106.4766,29.4927,0.0],[106.47969,29.49252,0.0],[106.48242,29.49458,0.0],[106.48437,29.49458,0.0],[106.48451,29.49596,0.0],[106.48595,29.49508,0.0],[106.48645,29.49327,0.0],[106.4876,29.49427,0.0],[106.49091,29.49483,0.0],[106.49213,29.49677,0.0],[106.49349,29.49646,0.0],[106.49328,29.49496,0.0],[106.49587,29.49452,0.0],[106.4945,29.4932,0.0],[106.49486,29.49202,0.0],[106.49702,29.49233,0.0],[106.49896,29.49177,0.0],[106.49896,29.49364,0.0],[106.50011,29.49458,0.0],[106.49889,29.49546,0.0],[106.49917,29.4979,0.0],[106.50061,29.49783,0.0],[106.50061,29.49633,0.0],[106.50629,29.49283,0.0],[106.50902,29.49339,0.0],[106.50981,29.49177,0.0],[106.50744,29.49051,0.0],[106.51146,29.48945,0.0],[106.51456,29.49008,0.0],[106.51678,29.48976,0.0],[106.51743,29.4907,0.0],[106.51506,29.4927,0.0],[106.51499,29.49389,0.0],[106.51729,29.49352,0.0],[106.51908,29.49101,0.0],[106.52045,29.49039,0.0],[106.52095,29.48876,0.0],[106.51901,29.48726,0.0],[106.51972,29.48681,0.0],[106.52038,29.48638,0.0],[106.52031,29.48488,0.0],[106.51812,29.48189,0.0],[106.51443,29.48366,0.0],[106.5075,29.48457,0.0],[106.49985,29.48215,0.0],[106.4969,29.47671,0.0],[106.49535,29.47146,0.0],[106.49381,29.46293,0.0],[106.49295,29.45335,0.0],[106.49364,29.44808,0.0],[106.50636,29.43041,0.0],[106.52301,29.40978,0.0],[106.52677,29.40293,0.0],[106.52762,29.39832,0.0],[106.52779,29.39284,0.0],[106.52549,29.38996,0.0],[106.52063,29.39186,0.0],[106.51239,29.39635,0.0],[106.50413,29.40055,0.0],[106.49464,29.4016,0.0],[106.48602,29.40055,0.0],[106.47638,29.39785,0.0],[106.4659,29.39231,0.0],[106.45523,29.38676,0.0],[106.45024,29.38181,0.0],[106.44301,29.37431,0.0],[106.44132,29.37021,0.0],[106.43837,29.36309,0.0],[106.43377,29.35714,0.0],[106.42247,29.35252,0.0],[106.41509,29.34833,0.0],[106.40842,29.34549,0.0],[106.40312,29.34445,0.0],[106.39663,29.34358,0.0],[106.39696,29.34832,0.0],[106.39545,29.3497,0.0],[106.3943,29.35283,0.0],[106.39315,29.35509,0.0],[106.39257,29.36073,0.0],[106.39602,29.36135,0.0],[106.39611,29.36147,0.0],[106.39782,29.36386,0.0],[106.40012,29.36323,0.0],[106.40069,29.36517,0.0],[106.40292,29.36555,0.0],[106.40422,29.36712,0.0],[106.4045,29.36837,0.0],[106.40565,29.36943,0.0],[106.40551,29.37075,0.0],[106.40328,29.3715,0.0],[106.40264,29.37263,0.0],[106.40264,29.37338,0.0],[106.40458,29.37582,0.0],[106.40393,29.37683,0.0],[106.40141,29.37871,0.0],[106.40285,29.38265,0.0],[106.39969,29.38403,0.0],[106.39847,29.38616,0.0],[106.39459,29.38772,0.0],[106.39264,29.3901,0.0],[106.39149,29.39267,0.0],[106.3943,29.3933,0.0],[106.39387,29.39637,0.0],[106.39092,29.40088,0.0],[106.38927,29.40852,0.0],[106.38934,29.4134,0.0]]],[[[106.51132,29.49615,0.0],[106.51139,29.49765,0.0],[106.5124,29.49871,0.0],[106.5147,29.49683,0.0],[106.51369,29.49615,0.0],[106.51341,29.49439,0.0],[106.51197,29.49433,0.0],[106.51132,29.49371,0.0],[106.51017,29.49458,0.0],[106.51132,29.49615,0.0]]]]}},{"type":"Feature","properties":{"uesi_id":"CHN_R913069","nbhd_code":"CHN_R913069_129","nbhd_name":"Dazu District"},"geometry":{"type":"MultiPolygon","coordinates":[[[[105.46905,29.70926,0.0],[105.47544,29.71896,0.0],[105.48316,29.72125,0.0],[105.48828,29.72316,0.0],[105.49532,29.71188,0.0],[105.51691,29.70622,0.0],[105.51891,29.701,0.0],[105.52421,29.69441,0.0],[105.52823,29.69648,0.0],[105.53591,29.69663,0.0],[105.53546,29.70021,0.0],[105.52979,29.70402,0.0],[105.526,29.70949,0.0],[105.53564,29.71506,0.0],[105.53793,29.71968,0.0],[105.54637,29.72439,0.0],[105.54693,29.72583,0.0],[105.54542,29.72693,0.0],[105.53939,29.72939,0.0],[105.53879,29.73037,0.0],[105.53939,29.73499,0.0],[105.53993,29.73626,0.0],[105.54609,29.74081,0.0],[105.55019,29.73397,0.0],[105.55461,29.72948,0.0],[105.55723,29.72901,0.0],[105.56177,29.7269,0.0],[105.56289,29.7277,0.0],[105.56305,29.7289,0.0],[105.56392,29.73092,0.0],[105.56359,29.73272,0.0],[105.56298,29.73305,0.0],[105.56279,29.73379,0.0],[105.56284,29.73612,0.0],[105.56146,29.73716,0.0],[105.5606,29.73909,0.0],[105.56043,29.74028,0.0],[105.56111,29.74144,0.0],[105.56249,29.7423,0.0],[105.56257,29.74275,0.0],[105.56141,29.7433,0.0],[105.56073,29.74411,0.0],[105.56177,29.74455,0.0],[105.56194,29.74501,0.0],[105.56333,29.74552,0.0],[105.57213,29.74769,0.0],[105.57214,29.75956,0.0],[105.56784,29.76368,0.0],[105.56751,29.76855,0.0],[105.58348,29.78733,0.0],[105.58275,29.78979,0.0],[105.57717,29.7932,0.0],[105.58053,29.80919,0.0],[105.58036,29.81526,0.0],[105.582,29.81828,0.0],[105.5799,29.82193,0.0],[105.58383,29.82304,0.0],[105.58548,29.82589,0.0],[105.59453,29.82058,0.0],[105.60056,29.81963,0.0],[105.60614,29.82375,0.0],[105.60605,29.8274,0.0],[105.60245,29.83088,0.0],[105.60431,29.83208,0.0],[105.60797,29.83152,0.0],[105.60815,29.83295,0.0],[105.60678,29.83644,0.0],[105.60696,29.83946,0.0],[105.60989,29.84112,0.0],[105.61053,29.8435,0.0],[105.61336,29.84604,0.0],[105.61483,29.84992,0.0],[105.61812,29.84794,0.0],[105.61839,29.84509,0.0],[105.62159,29.8431,0.0],[105.63787,29.83946,0.0],[105.64015,29.84247,0.0],[105.64774,29.84429,0.0],[105.65259,29.84699,0.0],[105.6557,29.8462,0.0],[105.65624,29.84437,0.0],[105.65807,29.84374,0.0],[105.66255,29.84731,0.0],[105.66612,29.84683,0.0],[105.66731,29.84945,0.0],[105.66587,29.85159,0.0],[105.6672,29.85358,0.0],[105.67425,29.85697,0.0],[105.68047,29.85524,0.0],[105.6867,29.8551,0.0],[105.68824,29.84842,0.0],[105.69318,29.84596,0.0],[105.69586,29.84502,0.0],[105.69858,29.84755,0.0],[105.7005,29.84715,0.0],[105.70493,29.84334,0.0],[105.70833,29.84408,0.0],[105.70805,29.84621,0.0],[105.71625,29.85112,0.0],[105.71749,29.85248,0.0],[105.71537,29.85633,0.0],[105.71565,29.85911,0.0],[105.71961,29.86108,0.0],[105.72692,29.86317,0.0],[105.73142,29.86329,0.0],[105.73387,29.86566,0.0],[105.73635,29.86092,0.0],[105.73704,29.85001,0.0],[105.73445,29.84516,0.0],[105.73199,29.84745,0.0],[105.72646,29.84458,0.0],[105.72286,29.83811,0.0],[105.72744,29.83412,0.0],[105.73104,29.82916,0.0],[105.73104,29.82574,0.0],[105.7342,29.82403,0.0],[105.73459,29.82232,0.0],[105.73301,29.8201,0.0],[105.72907,29.82078,0.0],[105.72611,29.81616,0.0],[105.71724,29.81034,0.0],[105.71152,29.79991,0.0],[105.71034,29.79203,0.0],[105.71882,29.79186,0.0],[105.72828,29.79631,0.0],[105.73518,29.79973,0.0],[105.73952,29.80025,0.0],[105.74386,29.80418,0.0],[105.74662,29.8023,0.0],[105.75037,29.80264,0.0],[105.76378,29.79614,0.0],[105.76595,29.79888,0.0],[105.7691,29.80042,0.0],[105.77107,29.8047,0.0],[105.77522,29.80418,0.0],[105.77791,29.81404,0.0],[105.78151,29.81152,0.0],[105.78193,29.80638,0.0],[105.78144,29.80407,0.0],[105.78893,29.80167,0.0],[105.78872,29.79692,0.0],[105.79718,29.7938,0.0],[105.79987,29.78827,0.0],[105.8048,29.79015,0.0],[105.80815,29.78844,0.0],[105.80697,29.78519,0.0],[105.8042,29.7804,0.0],[105.80539,29.77372,0.0],[105.80992,29.77132,0.0],[105.82097,29.77321,0.0],[105.82392,29.77081,0.0],[105.82077,29.76516,0.0],[105.82925,29.76105,0.0],[105.84049,29.76054,0.0],[105.8466,29.76037,0.0],[105.85587,29.76139,0.0],[105.86356,29.76157,0.0],[105.86672,29.76054,0.0],[105.87007,29.76259,0.0],[105.87421,29.7679,0.0],[105.87717,29.77167,0.0],[105.87579,29.7768,0.0],[105.88506,29.778,0.0],[105.89354,29.7946,0.0],[105.8894,29.80076,0.0],[105.8888,29.80453,0.0],[105.89117,29.80555,0.0],[105.89472,29.80521,0.0],[105.89768,29.80487,0.0],[105.90044,29.80076,0.0],[105.9034,29.79751,0.0],[105.89847,29.79238,0.0],[105.90143,29.7881,0.0],[105.90793,29.78964,0.0],[105.92075,29.79032,0.0],[105.92312,29.78912,0.0],[105.92312,29.78639,0.0],[105.92844,29.78656,0.0],[105.93179,29.78365,0.0],[105.93574,29.78296,0.0],[105.94106,29.77903,0.0],[105.94343,29.78194,0.0],[105.94915,29.78228,0.0],[105.95211,29.78433,0.0],[105.96019,29.78296,0.0],[105.96729,29.78245,0.0],[105.97104,29.78639,0.0],[105.97577,29.7869,0.0],[105.98228,29.78621,0.0],[105.98681,29.78194,0.0],[105.99234,29.77766,0.0],[105.99372,29.77492,0.0],[105.99312,29.77201,0.0],[105.99727,29.76961,0.0],[105.99549,29.76465,0.0],[105.99549,29.75831,0.0],[105.99924,29.7578,0.0],[105.99766,29.75164,0.0],[106.00772,29.74941,0.0],[106.01146,29.7542,0.0],[106.01423,29.75489,0.0],[106.01482,29.75318,0.0],[106.01856,29.75249,0.0],[106.01994,29.75489,0.0],[106.02645,29.75232,0.0],[106.02349,29.7477,0.0],[106.02507,29.74599,0.0],[106.02428,29.74222,0.0],[106.02586,29.74068,0.0],[106.02448,29.73606,0.0],[106.03414,29.72818,0.0],[106.02403,29.71759,0.0],[106.01552,29.70378,0.0],[106.01015,29.69837,0.0],[106.00681,29.69109,0.0],[106.00163,29.68362,0.0],[105.99629,29.67112,0.0],[105.99373,29.66663,0.0],[105.97889,29.67401,0.0],[105.97591,29.66462,0.0],[105.97158,29.65772,0.0],[105.96535,29.647,0.0],[105.9602,29.64328,0.0],[105.95555,29.63852,0.0],[105.95106,29.63362,0.0],[105.94719,29.62921,0.0],[105.94354,29.6311,0.0],[105.93745,29.61855,0.0],[105.93175,29.61109,0.0],[105.91991,29.59633,0.0],[105.91651,29.59633,0.0],[105.91539,29.59199,0.0],[105.90951,29.58989,0.0],[105.90576,29.58474,0.0],[105.90157,29.58418,0.0],[105.8961,29.57805,0.0],[105.89238,29.57742,0.0],[105.8847,29.56984,0.0],[105.8801,29.56112,0.0],[105.8774,29.55796,0.0],[105.8714,29.55566,0.0],[105.86815,29.54885,0.0],[105.87269,29.5433,0.0],[105.86632,29.53877,0.0],[105.85748,29.53964,0.0],[105.8519,29.54256,0.0],[105.84542,29.53963,0.0],[105.83974,29.53111,0.0],[105.83308,29.5271,0.0],[105.82829,29.52421,0.0],[105.82476,29.51922,0.0],[105.822,29.51331,0.0],[105.81951,29.50785,0.0],[105.81646,29.5008,0.0],[105.81423,29.4951,0.0],[105.81306,29.48985,0.0],[105.81219,29.48643,0.0],[105.8105,29.48141,0.0],[105.80989,29.47775,0.0],[105.80931,29.47524,0.0],[105.80737,29.47092,0.0],[105.80681,29.46909,0.0],[105.80621,29.46612,0.0],[105.80454,29.46202,0.0],[105.80341,29.45837,0.0],[105.80151,29.45565,0.0],[105.79741,29.44839,0.0],[105.79864,29.44362,0.0],[105.79454,29.43692,0.0],[105.78898,29.42894,0.0],[105.78546,29.41924,0.0],[105.78351,29.414,0.0],[105.7832,29.41321,0.0],[105.78101,29.40763,0.0],[105.77799,29.40217,0.0],[105.77422,29.39765,0.0],[105.76915,29.39384,0.0],[105.76647,29.39137,0.0],[105.76089,29.38825,0.0],[105.75641,29.38672,0.0],[105.75063,29.38613,0.0],[105.74616,29.38598,0.0],[105.73983,29.38425,0.0],[105.73717,29.40052,0.0],[105.73786,29.40333,0.0],[105.73096,29.40327,0.0],[105.72735,29.40072,0.0],[105.72165,29.40048,0.0],[105.7191,29.40211,0.0],[105.72707,29.41176,0.0],[105.72596,29.41568,0.0],[105.7307,29.41742,0.0],[105.73053,29.42292,0.0],[105.72767,29.42711,0.0],[105.72678,29.43435,0.0],[105.73523,29.44076,0.0],[105.73315,29.44729,0.0],[105.73106,29.44999,0.0],[105.72455,29.4507,0.0],[105.72131,29.45382,0.0],[105.722,29.45754,0.0],[105.71875,29.46259,0.0],[105.7104,29.46749,0.0],[105.70852,29.46511,0.0],[105.70442,29.46482,0.0],[105.69828,29.45828,0.0],[105.69351,29.45783,0.0],[105.68907,29.45635,0.0],[105.6889,29.451,0.0],[105.68446,29.44877,0.0],[105.68446,29.45293,0.0],[105.67747,29.45427,0.0],[105.6645,29.46006,0.0],[105.66809,29.46259,0.0],[105.66553,29.46333,0.0],[105.66467,29.46897,0.0],[105.66041,29.46808,0.0],[105.6599,29.46333,0.0],[105.65393,29.47046,0.0],[105.65529,29.47506,0.0],[105.65324,29.47685,0.0],[105.65478,29.48041,0.0],[105.65563,29.48383,0.0],[105.64966,29.48828,0.0],[105.65324,29.49511,0.0],[105.65529,29.49778,0.0],[105.6587,29.49511,0.0],[105.66092,29.49689,0.0],[105.6599,29.49986,0.0],[105.66212,29.50209,0.0],[105.65956,29.50372,0.0],[105.65683,29.50135,0.0],[105.65118,29.50015,0.0],[105.65086,29.49927,0.0],[105.64631,29.49792,0.0],[105.64523,29.49667,0.0],[105.64216,29.50001,0.0],[105.63994,29.50803,0.0],[105.63687,29.50862,0.0],[105.63482,29.5055,0.0],[105.63721,29.50194,0.0],[105.63448,29.50105,0.0],[105.63414,29.49927,0.0],[105.63584,29.49719,0.0],[105.63618,29.49051,0.0],[105.64309,29.48917,0.0],[105.64397,29.48585,0.0],[105.64369,29.48438,0.0],[105.64209,29.48411,0.0],[105.63655,29.48604,0.0],[105.63584,29.48605,0.0],[105.63574,29.48507,0.0],[105.63653,29.48353,0.0],[105.63655,29.48099,0.0],[105.63546,29.47896,0.0],[105.63396,29.47751,0.0],[105.63375,29.47698,0.0],[105.63319,29.47745,0.0],[105.63274,29.47915,0.0],[105.63218,29.47937,0.0],[105.63112,29.47923,0.0],[105.63121,29.47882,0.0],[105.63148,29.47864,0.0],[105.6324,29.47851,0.0],[105.63227,29.47821,0.0],[105.63082,29.47798,0.0],[105.62997,29.47831,0.0],[105.63123,29.48135,0.0],[105.63051,29.48157,0.0],[105.63051,29.48108,0.0],[105.62731,29.481,0.0],[105.62629,29.48576,0.0],[105.62834,29.48932,0.0],[105.6268,29.49184,0.0],[105.62244,29.49181,0.0],[105.61891,29.49408,0.0],[105.61768,29.49735,0.0],[105.61773,29.50476,0.0],[105.61654,29.50842,0.0],[105.60994,29.51116,0.0],[105.60394,29.51146,0.0],[105.59436,29.50775,0.0],[105.59086,29.508,0.0],[105.59512,29.51481,0.0],[105.59018,29.52054,0.0],[105.58735,29.5208,0.0],[105.58281,29.5177,0.0],[105.58047,29.51876,0.0],[105.58061,29.52365,0.0],[105.5822,29.52663,0.0],[105.5859,29.52642,0.0],[105.58772,29.5276,0.0],[105.59357,29.543,0.0],[105.5878,29.55047,0.0],[105.59087,29.55528,0.0],[105.59645,29.55717,0.0],[105.5985,29.55754,0.0],[105.59947,29.56005,0.0],[105.5982,29.56289,0.0],[105.59566,29.56368,0.0],[105.59672,29.57767,0.0],[105.59292,29.57951,0.0],[105.59465,29.58325,0.0],[105.59296,29.58644,0.0],[105.5894,29.5877,0.0],[105.58891,29.59074,0.0],[105.59018,29.59195,0.0],[105.59066,29.59368,0.0],[105.58879,29.5942,0.0],[105.58217,29.59195,0.0],[105.58041,29.59373,0.0],[105.57585,29.59602,0.0],[105.57313,29.59483,0.0],[105.56493,29.59555,0.0],[105.55971,29.59242,0.0],[105.55837,29.58831,0.0],[105.5511,29.58268,0.0],[105.55257,29.57862,0.0],[105.5454,29.57567,0.0],[105.54099,29.57852,0.0],[105.53942,29.58261,0.0],[105.5419,29.592,0.0],[105.53565,29.59508,0.0],[105.53419,29.59408,0.0],[105.53226,29.59166,0.0],[105.52922,29.59124,0.0],[105.52762,29.59172,0.0],[105.52937,29.59495,0.0],[105.52705,29.59536,0.0],[105.52578,29.59415,0.0],[105.52521,29.59282,0.0],[105.52322,29.59287,0.0],[105.52306,29.59447,0.0],[105.52107,29.59415,0.0],[105.52104,29.59111,0.0],[105.51709,29.58934,0.0],[105.51044,29.60042,0.0],[105.50912,29.60729,0.0],[105.50151,29.6136,0.0],[105.50448,29.61754,0.0],[105.50494,29.62283,0.0],[105.50377,29.62973,0.0],[105.50595,29.6372,0.0],[105.50162,29.64054,0.0],[105.50011,29.64423,0.0],[105.50137,29.64951,0.0],[105.49615,29.6569,0.0],[105.49255,29.66062,0.0],[105.49214,29.66473,0.0],[105.4948,29.66781,0.0],[105.49379,29.67103,0.0],[105.49198,29.6746,0.0],[105.48612,29.67762,0.0],[105.48265,29.67999,0.0],[105.47949,29.6822,0.0],[105.47661,29.68856,0.0],[105.47804,29.69556,0.0],[105.47626,29.69734,0.0],[105.47176,29.69863,0.0],[105.46923,29.70222,0.0],[105.46905,29.70926,0.0]]]]}},{"type":"Feature","properties":{"uesi_id":"CHN_R913069","nbhd_code":"CHN_R913069_130","nbhd_name":"Dianjiang County"},"geometry":{"type":"MultiPolygon","coordinates":[[[[107.22763,30.22744,0.0],[107.252,30.25906,0.0],[107.287,30.32446,0.0],[107.30036,30.35729,0.0],[107.30611,30.36165,0.0],[107.31537,30.36714,0.0],[107.33432,30.38971,0.0],[107.33532,30.39631,0.0],[107.33884,30.404,0.0],[107.33687,30.41361,0.0],[107.34042,30.41895,0.0],[107.34064,30.42756,0.0],[107.34563,30.43483,0.0],[107.34724,30.441,0.0],[107.36371,30.47087,0.0],[107.38353,30.49434,0.0],[107.40344,30.52419,0.0],[107.40368,30.51759,0.0],[107.40604,30.5136,0.0],[107.41362,30.51085,0.0],[107.42067,30.50812,0.0],[107.42426,30.50504,0.0],[107.42943,30.50144,0.0],[107.43455,30.4967,0.0],[107.43887,30.49199,0.0],[107.44484,30.48883,0.0],[107.45133,30.4852,0.0],[107.45441,30.48258,0.0],[107.4586,30.48131,0.0],[107.4634,30.48208,0.0],[107.46906,30.48421,0.0],[107.47315,30.48707,0.0],[107.47881,30.48919,0.0],[107.48394,30.49156,0.0],[107.48882,30.49417,0.0],[107.49683,30.49553,0.0],[107.50416,30.49302,0.0],[107.50889,30.49196,0.0],[107.51498,30.49177,0.0],[107.52088,30.49343,0.0],[107.52553,30.49673,0.0],[107.52907,30.49892,0.0],[107.53445,30.50082,0.0],[107.53789,30.50071,0.0],[107.54285,30.49873,0.0],[107.55015,30.49553,0.0],[107.55664,30.49211,0.0],[107.56493,30.4875,0.0],[107.57114,30.48342,0.0],[107.57757,30.47863,0.0],[107.58253,30.47664,0.0],[107.58784,30.47694,0.0],[107.59766,30.47686,0.0],[107.60697,30.47772,0.0],[107.61097,30.47829,0.0],[107.61998,30.47801,0.0],[107.62634,30.47804,0.0],[107.63912,30.48246,0.0],[107.65413,30.48043,0.0],[107.66223,30.4772,0.0],[107.66541,30.4716,0.0],[107.66582,30.4661,0.0],[107.66172,30.46062,0.0],[107.65905,30.45477,0.0],[107.65618,30.45223,0.0],[107.64861,30.44527,0.0],[107.64797,30.44047,0.0],[107.65293,30.43524,0.0],[107.65146,30.43161,0.0],[107.64898,30.4294,0.0],[107.64835,30.42712,0.0],[107.64691,30.42441,0.0],[107.64172,30.41425,0.0],[107.63648,30.40937,0.0],[107.63276,30.40283,0.0],[107.62881,30.39699,0.0],[107.62438,30.39254,0.0],[107.61888,30.38767,0.0],[107.61149,30.38193,0.0],[107.60408,30.37574,0.0],[107.59714,30.36792,0.0],[107.58802,30.3588,0.0],[107.57943,30.34966,0.0],[107.57278,30.34252,0.0],[107.5699,30.33688,0.0],[107.56898,30.33392,0.0],[107.56691,30.32848,0.0],[107.56622,30.32461,0.0],[107.56772,30.32227,0.0],[107.5716,30.32008,0.0],[107.57757,30.31715,0.0],[107.5846,30.31441,0.0],[107.58824,30.31269,0.0],[107.59281,30.30796,0.0],[107.59637,30.30418,0.0],[107.59805,30.3,0.0],[107.5984,30.29563,0.0],[107.59711,30.29016,0.0],[107.59483,30.2861,0.0],[107.59145,30.28139,0.0],[107.58381,30.27567,0.0],[107.57684,30.27359,0.0],[107.56886,30.27268,0.0],[107.56611,30.27002,0.0],[107.56618,30.2652,0.0],[107.56629,30.26152,0.0],[107.56691,30.25715,0.0],[107.56769,30.25047,0.0],[107.56538,30.24572,0.0],[107.56238,30.24352,0.0],[107.55915,30.24224,0.0],[107.5509,30.24089,0.0],[107.54784,30.23731,0.0],[107.54686,30.23276,0.0],[107.54637,30.22726,0.0],[107.54613,30.22131,0.0],[107.54476,30.21355,0.0],[107.54423,30.20691,0.0],[107.54597,30.20434,0.0],[107.54913,30.20401,0.0],[107.55556,30.20611,0.0],[107.56073,30.20962,0.0],[107.56714,30.21103,0.0],[107.57023,30.20887,0.0],[107.57458,30.2053,0.0],[107.57897,30.20287,0.0],[107.58371,30.20226,0.0],[107.59003,30.20184,0.0],[107.59637,30.20164,0.0],[107.60217,30.201,0.0],[107.59937,30.19742,0.0],[107.59955,30.19512,0.0],[107.59864,30.1924,0.0],[107.59608,30.18812,0.0],[107.59142,30.18413,0.0],[107.58678,30.1806,0.0],[107.58082,30.17689,0.0],[107.57571,30.17498,0.0],[107.57083,30.17192,0.0],[107.56675,30.16906,0.0],[107.56319,30.16596,0.0],[107.56192,30.16095,0.0],[107.56097,30.15708,0.0],[107.56341,30.15196,0.0],[107.56488,30.14916,0.0],[107.56634,30.14614,0.0],[107.568,30.1415,0.0],[107.56996,30.13777,0.0],[107.57027,30.13225,0.0],[107.56934,30.12884,0.0],[107.56573,30.12482,0.0],[107.56138,30.12174,0.0],[107.55828,30.11702,0.0],[107.55668,30.11019,0.0],[107.55545,30.10587,0.0],[107.55048,30.10075,0.0],[107.54561,30.09768,0.0],[107.53808,30.09447,0.0],[107.53374,30.09185,0.0],[107.53089,30.08666,0.0],[107.52822,30.0794,0.0],[107.52535,30.07375,0.0],[107.52136,30.06654,0.0],[107.51743,30.06069,0.0],[107.51338,30.05187,0.0],[107.50916,30.04557,0.0],[107.50311,30.03933,0.0],[107.49914,30.03257,0.0],[107.49635,30.02876,0.0],[107.48739,30.0226,0.0],[107.47932,30.01895,0.0],[107.47227,30.01434,0.0],[107.46735,30.0099,0.0],[107.46222,30.00707,0.0],[107.45715,30.00585,0.0],[107.45183,30.00463,0.0],[107.44809,30.0036,0.0],[107.44376,30.00097,0.0],[107.44042,30.00444,0.0],[107.43983,30.0082,0.0],[107.43831,30.00985,0.0],[107.43504,30.01408,0.0],[107.43271,30.01506,0.0],[107.42641,30.01594,0.0],[107.42139,30.01609,0.0],[107.41714,30.0153,0.0],[107.41067,30.01182,0.0],[107.40347,30.00974,0.0],[107.398,30.00508,0.0],[107.39543,30.00011,0.0],[107.39111,29.99749,0.0],[107.38383,29.99357,0.0],[107.38054,29.99046,0.0],[107.37509,29.98603,0.0],[107.371,29.98271,0.0],[107.36612,29.97918,0.0],[107.36054,29.9782,0.0],[107.3542,29.97815,0.0],[107.34738,29.97904,0.0],[107.34053,29.97947,0.0],[107.33475,29.98009,0.0],[107.32797,29.98213,0.0],[107.31936,29.98467,0.0],[107.30902,29.99024,0.0],[107.2989,29.99466,0.0],[107.29238,29.99692,0.0],[107.28776,30.00026,0.0],[107.28599,30.00237,0.0],[107.28347,30.00543,0.0],[107.28121,30.00779,0.0],[107.28064,30.01121,0.0],[107.28387,30.01339,0.0],[107.2875,30.01438,0.0],[107.29546,30.01541,0.0],[107.29868,30.01692,0.0],[107.30168,30.01936,0.0],[107.30473,30.02294,0.0],[107.30566,30.02658,0.0],[107.30503,30.03096,0.0],[107.30438,30.03488,0.0],[107.30241,30.0386,0.0],[107.30013,30.04096,0.0],[107.29681,30.04404,0.0],[107.29343,30.04528,0.0],[107.2877,30.04728,0.0],[107.28171,30.04952,0.0],[107.27569,30.05084,0.0],[107.26994,30.05261,0.0],[107.26585,30.05616,0.0],[107.25899,30.05929,0.0],[107.2579,30.06546,0.0],[107.24392,30.07307,0.0],[107.23836,30.07751,0.0],[107.25136,30.07961,0.0],[107.25707,30.08266,0.0],[107.26258,30.08272,0.0],[107.26549,30.0845,0.0],[107.26484,30.08707,0.0],[107.264,30.09115,0.0],[107.26421,30.09343,0.0],[107.26602,30.09561,0.0],[107.27722,30.09418,0.0],[107.28158,30.09395,0.0],[107.28535,30.09776,0.0],[107.2869,30.10281,0.0],[107.28877,30.10869,0.0],[107.29148,30.11248,0.0],[107.2928,30.11674,0.0],[107.29374,30.12289,0.0],[107.29165,30.12759,0.0],[107.2896,30.1321,0.0],[107.29159,30.13571,0.0],[107.29144,30.1387,0.0],[107.28859,30.14038,0.0],[107.28463,30.1405,0.0],[107.27825,30.13953,0.0],[107.27372,30.13851,0.0],[107.26867,30.13774,0.0],[107.26476,30.13923,0.0],[107.26411,30.14292,0.0],[107.26617,30.14836,0.0],[107.26822,30.15381,0.0],[107.27023,30.15811,0.0],[107.27251,30.1624,0.0],[107.27609,30.1662,0.0],[107.27722,30.16801,0.0],[107.27786,30.17097,0.0],[107.27744,30.17396,0.0],[107.27543,30.17654,0.0],[107.2729,30.17959,0.0],[107.26826,30.18271,0.0],[107.26261,30.18723,0.0],[107.25466,30.19388,0.0],[107.24942,30.20292,0.0],[107.24217,30.21866,0.0],[107.23885,30.22193,0.0],[107.23361,30.22655,0.0],[107.22763,30.22744,0.0]]]]}},{"type":"Feature","properties":{"uesi_id":"CHN_R913069","nbhd_code":"CHN_R913069_131","nbhd_name":"Fengdu County"},"geometry":{"type":"MultiPolygon","coordinates":[[[[107.46222,30.00707,0.0],[107.46735,30.0099,0.0],[107.47227,30.01434,0.0],[107.47932,30.01895,0.0],[107.48739,30.0226,0.0],[107.49635,30.02876,0.0],[107.49914,30.03257,0.0],[107.50311,30.03933,0.0],[107.50916,30.04557,0.0],[107.51338,30.05187,0.0],[107.51743,30.06069,0.0],[107.52136,30.06654,0.0],[107.52535,30.07375,0.0],[107.52822,30.0794,0.0],[107.53089,30.08666,0.0],[107.53374,30.09185,0.0],[107.53808,30.09447,0.0],[107.54561,30.09768,0.0],[107.55048,30.10075,0.0],[107.55545,30.10587,0.0],[107.55668,30.11019,0.0],[107.55828,30.11702,0.0],[107.56138,30.12174,0.0],[107.56573,30.12482,0.0],[107.56934,30.12884,0.0],[107.57027,30.13225,0.0],[107.56996,30.13777,0.0],[107.568,30.1415,0.0],[107.56634,30.14614,0.0],[107.56488,30.14916,0.0],[107.56341,30.15196,0.0],[107.56097,30.15708,0.0],[107.56192,30.16095,0.0],[107.56319,30.16596,0.0],[107.56675,30.16906,0.0],[107.57083,30.17192,0.0],[107.57571,30.17498,0.0],[107.58082,30.17689,0.0],[107.58678,30.1806,0.0],[107.59142,30.18413,0.0],[107.59608,30.18812,0.0],[107.59864,30.1924,0.0],[107.59955,30.19512,0.0],[107.59937,30.19742,0.0],[107.60217,30.201,0.0],[107.60459,30.20208,0.0],[107.6073,30.2036,0.0],[107.61281,30.20419,0.0],[107.61436,30.20339,0.0],[107.61528,30.20361,0.0],[107.61675,30.20316,0.0],[107.61679,30.20405,0.0],[107.61578,30.20436,0.0],[107.61592,30.20487,0.0],[107.61483,30.20691,0.0],[107.61512,30.20694,0.0],[107.61769,30.20558,0.0],[107.61803,30.20658,0.0],[107.61791,30.20742,0.0],[107.61829,30.20762,0.0],[107.61908,30.20757,0.0],[107.62037,30.20795,0.0],[107.62086,30.20797,0.0],[107.62225,30.20876,0.0],[107.62313,30.21016,0.0],[107.62291,30.21049,0.0],[107.62328,30.21156,0.0],[107.62449,30.212,0.0],[107.625,30.21158,0.0],[107.62554,30.21154,0.0],[107.62493,30.21229,0.0],[107.62511,30.21256,0.0],[107.62536,30.21288,0.0],[107.62478,30.21524,0.0],[107.6266,30.21599,0.0],[107.62752,30.21596,0.0],[107.62847,30.21626,0.0],[107.62917,30.21703,0.0],[107.6299,30.21734,0.0],[107.62981,30.2181,0.0],[107.63043,30.21858,0.0],[107.63051,30.21949,0.0],[107.63149,30.22029,0.0],[107.63166,30.22096,0.0],[107.63259,30.22068,0.0],[107.633,30.2209,0.0],[107.63303,30.22121,0.0],[107.63271,30.22169,0.0],[107.63268,30.22273,0.0],[107.63242,30.22348,0.0],[107.63263,30.22388,0.0],[107.63258,30.22446,0.0],[107.63298,30.22457,0.0],[107.63773,30.22443,0.0],[107.64029,30.22541,0.0],[107.64025,30.22623,0.0],[107.64043,30.22663,0.0],[107.64218,30.22809,0.0],[107.64412,30.22789,0.0],[107.64457,30.22923,0.0],[107.64579,30.23074,0.0],[107.64539,30.23544,0.0],[107.64715,30.23952,0.0],[107.65037,30.24699,0.0],[107.65202,30.25474,0.0],[107.65307,30.2609,0.0],[107.6562,30.26607,0.0],[107.65945,30.26804,0.0],[107.66344,30.26837,0.0],[107.6675,30.26434,0.0],[107.66866,30.26041,0.0],[107.66848,30.25605,0.0],[107.66691,30.25014,0.0],[107.66665,30.24395,0.0],[107.66692,30.23798,0.0],[107.66863,30.23448,0.0],[107.67178,30.2337,0.0],[107.67469,30.23384,0.0],[107.67875,30.236,0.0],[107.68223,30.23704,0.0],[107.68626,30.23852,0.0],[107.68946,30.2391,0.0],[107.695,30.2387,0.0],[107.69968,30.23672,0.0],[107.70454,30.23289,0.0],[107.70949,30.2309,0.0],[107.71423,30.23052,0.0],[107.71905,30.23174,0.0],[107.72253,30.23278,0.0],[107.73079,30.23412,0.0],[107.73746,30.23529,0.0],[107.74253,30.2365,0.0],[107.74917,30.23698,0.0],[107.75229,30.23573,0.0],[107.75502,30.23151,0.0],[107.75665,30.22641,0.0],[107.75668,30.22067,0.0],[107.75758,30.21101,0.0],[107.75848,30.20731,0.0],[107.76385,30.20301,0.0],[107.7792,30.19701,0.0],[107.79037,30.19229,0.0],[107.80179,30.18733,0.0],[107.80589,30.18444,0.0],[107.81295,30.18238,0.0],[107.81866,30.1799,0.0],[107.8261,30.17461,0.0],[107.82985,30.16967,0.0],[107.83121,30.16435,0.0],[107.83022,30.15979,0.0],[107.82818,30.1555,0.0],[107.82232,30.14858,0.0],[107.81548,30.14307,0.0],[107.81208,30.1379,0.0],[107.81059,30.13405,0.0],[107.81088,30.12853,0.0],[107.81006,30.12168,0.0],[107.812,30.11771,0.0],[107.81614,30.11575,0.0],[107.82061,30.11514,0.0],[107.82806,30.1165,0.0],[107.83508,30.11971,0.0],[107.84018,30.12161,0.0],[107.84721,30.11932,0.0],[107.85359,30.11406,0.0],[107.85865,30.10885,0.0],[107.86771,30.10442,0.0],[107.87384,30.10582,0.0],[107.8826,30.10668,0.0],[107.89033,30.10803,0.0],[107.89693,30.10804,0.0],[107.90331,30.10301,0.0],[107.90776,30.09598,0.0],[107.91367,30.08614,0.0],[107.92142,30.07648,0.0],[107.92502,30.07692,0.0],[107.93132,30.0672,0.0],[107.93955,30.06233,0.0],[107.94992,30.05786,0.0],[107.95926,30.0541,0.0],[107.9684,30.05173,0.0],[107.97891,30.05068,0.0],[107.98637,30.05204,0.0],[107.99715,30.05098,0.0],[108.0,30.05384,0.0],[108.00415,30.05893,0.0],[108.00642,30.05163,0.0],[108.00673,30.04773,0.0],[108.00652,30.04268,0.0],[108.0119,30.04493,0.0],[108.02222,30.03328,0.0],[108.02285,30.02915,0.0],[108.01538,30.02607,0.0],[108.01509,30.01783,0.0],[108.01476,30.01476,0.0],[108.01823,30.01089,0.0],[108.02144,30.0077,0.0],[108.0257,30.00453,0.0],[108.02611,29.99732,0.0],[108.02853,29.99217,0.0],[108.02566,29.98837,0.0],[108.02211,29.98547,0.0],[108.01764,29.98074,0.0],[108.01546,29.97438,0.0],[108.01229,29.97481,0.0],[108.00883,29.97661,0.0],[108.00671,29.9782,0.0],[108.00618,29.9786,0.0],[108.00245,29.98137,0.0],[108.0,29.9849,0.0],[107.9965,29.98572,0.0],[107.99281,29.98391,0.0],[107.98971,29.97942,0.0],[107.98711,29.97469,0.0],[107.98613,29.97037,0.0],[107.98624,29.96692,0.0],[107.98715,29.96368,0.0],[107.98994,29.96106,0.0],[107.99381,29.95932,0.0],[107.99745,29.95805,0.0],[108.0,29.9533,0.0],[108.00504,29.95366,0.0],[108.01142,29.95005,0.0],[108.01623,29.94598,0.0],[108.01971,29.94188,0.0],[108.02242,29.93595,0.0],[108.02727,29.92751,0.0],[108.02919,29.92133,0.0],[108.03119,29.91533,0.0],[108.03211,29.91416,0.0],[108.03382,29.91376,0.0],[108.03647,29.91374,0.0],[108.04189,29.91477,0.0],[108.04563,29.91151,0.0],[108.0466,29.90881,0.0],[108.04531,29.90743,0.0],[108.04396,29.90586,0.0],[108.04229,29.90465,0.0],[108.04131,29.90494,0.0],[108.04057,29.90556,0.0],[108.04038,29.90657,0.0],[108.03814,29.9071,0.0],[108.03536,29.90655,0.0],[108.03321,29.90502,0.0],[108.03817,29.89872,0.0],[108.0427,29.89486,0.0],[108.0504,29.89058,0.0],[108.05518,29.88833,0.0],[108.06155,29.88518,0.0],[108.06555,29.88133,0.0],[108.06849,29.87768,0.0],[108.06985,29.87449,0.0],[108.06935,29.87196,0.0],[108.06754,29.86873,0.0],[108.05996,29.86292,0.0],[108.05658,29.85899,0.0],[108.05634,29.85669,0.0],[108.06772,29.85089,0.0],[108.0725,29.84852,0.0],[108.07497,29.84265,0.0],[108.07999,29.84064,0.0],[108.08474,29.84114,0.0],[108.09157,29.8435,0.0],[108.09944,29.84679,0.0],[108.10706,29.84984,0.0],[108.1131,29.85196,0.0],[108.11967,29.85317,0.0],[108.12599,29.85461,0.0],[108.12996,29.85373,0.0],[108.13366,29.85262,0.0],[108.1366,29.84897,0.0],[108.14227,29.84748,0.0],[108.1404,29.83937,0.0],[108.14229,29.83503,0.0],[108.14522,29.83231,0.0],[108.15021,29.83419,0.0],[108.15363,29.83491,0.0],[108.15732,29.83873,0.0],[108.16588,29.84345,0.0],[108.16813,29.83961,0.0],[108.17052,29.83391,0.0],[108.17188,29.83002,0.0],[108.17484,29.82432,0.0],[108.18498,29.82359,0.0],[108.18903,29.81533,0.0],[108.18553,29.80973,0.0],[108.18136,29.80561,0.0],[108.18668,29.80103,0.0],[108.18699,29.7969,0.0],[108.1881,29.79209,0.0],[108.1926,29.78915,0.0],[108.19736,29.78828,0.0],[108.20211,29.7874,0.0],[108.2072,29.78718,0.0],[108.21278,29.78026,0.0],[108.2036,29.7709,0.0],[108.20206,29.76676,0.0],[108.19604,29.76166,0.0],[108.18975,29.75571,0.0],[108.18529,29.74659,0.0],[108.18002,29.74682,0.0],[108.17582,29.75209,0.0],[108.17162,29.75456,0.0],[108.16692,29.75085,0.0],[108.16457,29.74876,0.0],[108.16621,29.74327,0.0],[108.16889,29.73802,0.0],[108.17077,29.73551,0.0],[108.17665,29.73585,0.0],[108.16771,29.72585,0.0],[108.1646,29.72101,0.0],[108.16438,29.71642,0.0],[108.16573,29.71345,0.0],[108.16842,29.70843,0.0],[108.17163,29.70364,0.0],[108.17301,29.697,0.0],[108.17201,29.69194,0.0],[108.17021,29.6878,0.0],[108.1655,29.68477,0.0],[108.16315,29.68292,0.0],[108.15233,29.68223,0.0],[108.15244,29.67525,0.0],[108.14435,29.66898,0.0],[108.13861,29.66457,0.0],[108.14051,29.65885,0.0],[108.14284,29.65379,0.0],[108.14622,29.65067,0.0],[108.15064,29.64675,0.0],[108.1611,29.65465,0.0],[108.16191,29.65148,0.0],[108.16561,29.65014,0.0],[108.17285,29.65159,0.0],[108.17645,29.64588,0.0],[108.17484,29.63938,0.0],[108.17646,29.63403,0.0],[108.17595,29.63068,0.0],[108.17747,29.62766,0.0],[108.17437,29.62141,0.0],[108.16628,29.62117,0.0],[108.16162,29.61971,0.0],[108.16014,29.60663,0.0],[108.15136,29.60482,0.0],[108.14375,29.60315,0.0],[108.13795,29.60447,0.0],[108.13163,29.60487,0.0],[108.12651,29.60775,0.0],[108.11914,29.6065,0.0],[108.12049,29.60539,0.0],[108.11335,29.60218,0.0],[108.10085,29.6021,0.0],[108.09511,29.60123,0.0],[108.08756,29.60327,0.0],[108.08606,29.60671,0.0],[108.08383,29.60966,0.0],[108.08261,29.61281,0.0],[108.07597,29.61557,0.0],[108.07349,29.62117,0.0],[108.0685,29.61775,0.0],[108.06156,29.61531,0.0],[108.04879,29.62403,0.0],[108.04456,29.62605,0.0],[108.03849,29.62737,0.0],[108.03271,29.62685,0.0],[108.02881,29.62454,0.0],[108.02088,29.62241,0.0],[108.01694,29.62265,0.0],[108.01019,29.62442,0.0],[108.00056,29.63398,0.0],[107.9967,29.6309,0.0],[107.9931,29.63286,0.0],[107.98864,29.63166,0.0],[107.98394,29.62997,0.0],[107.97755,29.63201,0.0],[107.97338,29.62711,0.0],[107.96848,29.62315,0.0],[107.96463,29.6196,0.0],[107.96079,29.61606,0.0],[107.95802,29.61295,0.0],[107.95156,29.60949,0.0],[107.94757,29.60556,0.0],[107.94368,29.60976,0.0],[107.94225,29.61302,0.0],[107.94195,29.61808,0.0],[107.94141,29.62383,0.0],[107.94041,29.63075,0.0],[107.93866,29.63884,0.0],[107.93761,29.64484,0.0],[107.93502,29.65158,0.0],[107.93185,29.65742,0.0],[107.92567,29.65834,0.0],[107.91873,29.65889,0.0],[107.91062,29.66385,0.0],[107.90707,29.66471,0.0],[107.89926,29.66464,0.0],[107.89357,29.66396,0.0],[107.88317,29.66729,0.0],[107.87315,29.66974,0.0],[107.86454,29.67062,0.0],[107.85484,29.671,0.0],[107.85025,29.66817,0.0],[107.84642,29.66486,0.0],[107.84176,29.66042,0.0],[107.83964,29.65407,0.0],[107.83768,29.64519,0.0],[107.84297,29.64108,0.0],[107.84155,29.62904,0.0],[107.83539,29.61612,0.0],[107.83501,29.60798,0.0],[107.82779,29.59719,0.0],[107.82778,29.58179,0.0],[107.8333,29.57744,0.0],[107.83051,29.56287,0.0],[107.82306,29.5606,0.0],[107.82472,29.55022,0.0],[107.82052,29.54922,0.0],[107.8139,29.55741,0.0],[107.8057,29.55607,0.0],[107.80125,29.55645,0.0],[107.79939,29.56587,0.0],[107.78661,29.5645,0.0],[107.79149,29.57234,0.0],[107.77577,29.57517,0.0],[107.7651,29.58217,0.0],[107.76682,29.58462,0.0],[107.77579,29.5812,0.0],[107.77582,29.58834,0.0],[107.76842,29.58757,0.0],[107.76711,29.59404,0.0],[107.76494,29.59847,0.0],[107.76188,29.60086,0.0],[107.75774,29.60237,0.0],[107.75043,29.60654,0.0],[107.74309,29.5978,0.0],[107.73458,29.5936,0.0],[107.7309,29.58794,0.0],[107.71925,29.59352,0.0],[107.7128,29.59647,0.0],[107.71156,29.5996,0.0],[107.70689,29.60611,0.0],[107.70425,29.61448,0.0],[107.69718,29.6128,0.0],[107.69587,29.61316,0.0],[107.69491,29.61681,0.0],[107.69787,29.61702,0.0],[107.69799,29.61844,0.0],[107.69654,29.61996,0.0],[107.6972,29.62775,0.0],[107.7011,29.63103,0.0],[107.70265,29.63227,0.0],[107.70423,29.63667,0.0],[107.70453,29.63927,0.0],[107.7066,29.64279,0.0],[107.70895,29.64579,0.0],[107.71229,29.64939,0.0],[107.71262,29.65306,0.0],[107.71439,29.65805,0.0],[107.70282,29.66121,0.0],[107.69128,29.6632,0.0],[107.68633,29.66752,0.0],[107.67954,29.6705,0.0],[107.67562,29.66801,0.0],[107.67148,29.66842,0.0],[107.67094,29.66672,0.0],[107.6684,29.66709,0.0],[107.6661,29.66866,0.0],[107.6652,29.67408,0.0],[107.6655,29.67787,0.0],[107.66498,29.67994,0.0],[107.65533,29.68486,0.0],[107.65498,29.68869,0.0],[107.647,29.6895,0.0],[107.64118,29.69021,0.0],[107.63632,29.69219,0.0],[107.63375,29.69629,0.0],[107.6321,29.69701,0.0],[107.62797,29.69917,0.0],[107.62586,29.70362,0.0],[107.62683,29.70794,0.0],[107.62761,29.7109,0.0],[107.62919,29.71405,0.0],[107.62889,29.71732,0.0],[107.62777,29.7212,0.0],[107.62889,29.72333,0.0],[107.63217,29.72654,0.0],[107.63379,29.73126,0.0],[107.63314,29.73339,0.0],[107.63322,29.73577,0.0],[107.63305,29.73936,0.0],[107.63375,29.74278,0.0],[107.63266,29.74446,0.0],[107.62786,29.74778,0.0],[107.62587,29.7492,0.0],[107.62701,29.75036,0.0],[107.62495,29.75384,0.0],[107.62246,29.75426,0.0],[107.62107,29.75531,0.0],[107.62058,29.75589,0.0],[107.62113,29.75652,0.0],[107.62428,29.75663,0.0],[107.6277,29.76119,0.0],[107.6298,29.76068,0.0],[107.63132,29.76348,0.0],[107.63035,29.76469,0.0],[107.63405,29.76769,0.0],[107.63581,29.76553,0.0],[107.63818,29.76606,0.0],[107.63854,29.7669,0.0],[107.63642,29.76643,0.0],[107.63575,29.76706,0.0],[107.63569,29.77285,0.0],[107.63326,29.77533,0.0],[107.63196,29.77787,0.0],[107.6332,29.7827,0.0],[107.63335,29.78619,0.0],[107.63284,29.79309,0.0],[107.63326,29.79636,0.0],[107.63482,29.79966,0.0],[107.63507,29.80415,0.0],[107.63363,29.80665,0.0],[107.63496,29.80839,0.0],[107.6349,29.81139,0.0],[107.63526,29.81313,0.0],[107.63441,29.81566,0.0],[107.63314,29.81608,0.0],[107.62908,29.81508,0.0],[107.62696,29.81212,0.0],[107.62356,29.81009,0.0],[107.61972,29.80648,0.0],[107.61779,29.80486,0.0],[107.61579,29.80465,0.0],[107.61288,29.80517,0.0],[107.60918,29.80513,0.0],[107.60479,29.80863,0.0],[107.60398,29.80851,0.0],[107.60305,29.80966,0.0],[107.60177,29.81039,0.0],[107.59989,29.8106,0.0],[107.59938,29.81203,0.0],[107.59789,29.81513,0.0],[107.59805,29.81826,0.0],[107.60018,29.82079,0.0],[107.60089,29.82273,0.0],[107.59884,29.83075,0.0],[107.60068,29.8335,0.0],[107.60023,29.83626,0.0],[107.59874,29.83734,0.0],[107.5934,29.83806,0.0],[107.59023,29.83895,0.0],[107.58988,29.83985,0.0],[107.58988,29.84096,0.0],[107.59947,29.84681,0.0],[107.5982,29.84937,0.0],[107.59958,29.85265,0.0],[107.59984,29.8557,0.0],[107.60181,29.85681,0.0],[107.60395,29.85589,0.0],[107.60455,29.85704,0.0],[107.60955,29.85992,0.0],[107.60964,29.86346,0.0],[107.61133,29.86701,0.0],[107.61288,29.86738,0.0],[107.61193,29.86872,0.0],[107.61365,29.87095,0.0],[107.61382,29.87207,0.0],[107.61579,29.8714,0.0],[107.61768,29.87333,0.0],[107.62189,29.87705,0.0],[107.62218,29.87824,0.0],[107.6176,29.87839,0.0],[107.61271,29.87966,0.0],[107.6097,29.87936,0.0],[107.60576,29.88033,0.0],[107.60558,29.88144,0.0],[107.60387,29.88256,0.0],[107.60352,29.88434,0.0],[107.60179,29.88482,0.0],[107.60147,29.88695,0.0],[107.5946,29.89226,0.0],[107.59832,29.89888,0.0],[107.59849,29.90281,0.0],[107.59589,29.90592,0.0],[107.59546,29.90718,0.0],[107.59709,29.91127,0.0],[107.593,29.91436,0.0],[107.57982,29.92022,0.0],[107.5763,29.92446,0.0],[107.57344,29.93189,0.0],[107.57346,29.93877,0.0],[107.57402,29.9461,0.0],[107.57504,29.9518,0.0],[107.57489,29.95456,0.0],[107.57452,29.95824,0.0],[107.57114,29.95972,0.0],[107.56477,29.95877,0.0],[107.55871,29.95873,0.0],[107.55215,29.95985,0.0],[107.54642,29.96162,0.0],[107.53911,29.96345,0.0],[107.53471,29.96542,0.0],[107.52872,29.96744,0.0],[107.52541,29.97053,0.0],[107.52284,29.97221,0.0],[107.51966,29.97185,0.0],[107.51459,29.9704,0.0],[107.50847,29.96921,0.0],[107.5013,29.96805,0.0],[107.49496,29.96778,0.0],[107.49132,29.96904,0.0],[107.48727,29.97352,0.0],[107.48248,29.97917,0.0],[107.47848,29.98456,0.0],[107.47472,29.98949,0.0],[107.47147,29.99418,0.0],[107.46871,29.9977,0.0],[107.46677,30.00189,0.0],[107.46451,30.00494,0.0],[107.46222,30.00707,0.0]]]]}},{"type":"Feature","properties":{"uesi_id":"CHN_R913069","nbhd_code":"CHN_R913069_132","nbhd_name":"Fengjie County"},"geometry":{"type":"MultiPolygon","coordinates":[[[[109.01128,30.65113,0.0],[109.01355,30.65442,0.0],[109.01312,30.65675,0.0],[109.01311,30.65767,0.0],[109.01551,30.65965,0.0],[109.01609,30.66283,0.0],[109.02008,30.66619,0.0],[109.0184,30.67064,0.0],[109.01813,30.67309,0.0],[109.01309,30.67659,0.0],[109.01392,30.67872,0.0],[109.01984,30.68211,0.0],[109.02033,30.68723,0.0],[109.02028,30.68837,0.0],[109.02006,30.68992,0.0],[109.01924,30.69149,0.0],[109.01486,30.69329,0.0],[109.01416,30.6948,0.0],[109.01398,30.69629,0.0],[109.01383,30.69765,0.0],[109.0147,30.69968,0.0],[109.01549,30.7012,0.0],[109.01752,30.70189,0.0],[109.01876,30.70327,0.0],[109.02052,30.70416,0.0],[109.02282,30.70558,0.0],[109.02309,30.70689,0.0],[109.02375,30.70803,0.0],[109.02604,30.70871,0.0],[109.02538,30.71312,0.0],[109.02398,30.71337,0.0],[109.02105,30.71465,0.0],[109.01884,30.71283,0.0],[109.01745,30.71291,0.0],[109.01715,30.71407,0.0],[109.01559,30.71366,0.0],[109.01491,30.71425,0.0],[109.01542,30.71538,0.0],[109.01568,30.717,0.0],[109.01452,30.72097,0.0],[109.01507,30.72179,0.0],[109.01595,30.72175,0.0],[109.01976,30.72373,0.0],[109.02515,30.72637,0.0],[109.02621,30.72558,0.0],[109.0272,30.72555,0.0],[109.02798,30.72696,0.0],[109.03055,30.72897,0.0],[109.03193,30.72973,0.0],[109.03369,30.72946,0.0],[109.0367,30.73043,0.0],[109.03852,30.73284,0.0],[109.04,30.73354,0.0],[109.04173,30.73255,0.0],[109.04489,30.73452,0.0],[109.04592,30.73639,0.0],[109.04422,30.73816,0.0],[109.04359,30.73931,0.0],[109.04242,30.74086,0.0],[109.04219,30.74279,0.0],[109.04304,30.74491,0.0],[109.04336,30.7478,0.0],[109.04438,30.74884,0.0],[109.04751,30.75024,0.0],[109.04768,30.753,0.0],[109.0496,30.7539,0.0],[109.05242,30.75644,0.0],[109.05326,30.7608,0.0],[109.05598,30.76481,0.0],[109.05589,30.76644,0.0],[109.05346,30.76894,0.0],[109.05129,30.77158,0.0],[109.05147,30.77374,0.0],[109.05083,30.77485,0.0],[109.04719,30.77751,0.0],[109.04429,30.77914,0.0],[109.04651,30.78206,0.0],[109.04558,30.78696,0.0],[109.04715,30.7912,0.0],[109.04543,30.79145,0.0],[109.04279,30.79348,0.0],[109.04218,30.79508,0.0],[109.04343,30.79727,0.0],[109.04304,30.7982,0.0],[109.04313,30.80195,0.0],[109.04171,30.80482,0.0],[109.04109,30.80722,0.0],[109.03912,30.80933,0.0],[109.03996,30.81025,0.0],[109.04032,30.81411,0.0],[109.04316,30.81528,0.0],[109.0416,30.81562,0.0],[109.04171,30.81666,0.0],[109.04375,30.81699,0.0],[109.04757,30.81606,0.0],[109.04738,30.81773,0.0],[109.04444,30.81892,0.0],[109.04389,30.81972,0.0],[109.04211,30.82046,0.0],[109.04174,30.82111,0.0],[109.04212,30.82213,0.0],[109.04418,30.82293,0.0],[109.04669,30.82455,0.0],[109.04749,30.82567,0.0],[109.04698,30.82721,0.0],[109.04563,30.82848,0.0],[109.04278,30.82963,0.0],[109.04039,30.83137,0.0],[109.03865,30.83354,0.0],[109.03919,30.83451,0.0],[109.04133,30.83517,0.0],[109.04247,30.83711,0.0],[109.04305,30.83931,0.0],[109.04448,30.84046,0.0],[109.04709,30.84128,0.0],[109.04674,30.84362,0.0],[109.04842,30.84563,0.0],[109.04815,30.84624,0.0],[109.04703,30.84681,0.0],[109.04471,30.84611,0.0],[109.04367,30.84778,0.0],[109.04362,30.84904,0.0],[109.04536,30.85029,0.0],[109.04785,30.85213,0.0],[109.04746,30.85397,0.0],[109.04786,30.85718,0.0],[109.04907,30.85921,0.0],[109.04946,30.86118,0.0],[109.04913,30.86224,0.0],[109.05577,30.86632,0.0],[109.06004,30.86748,0.0],[109.06483,30.86978,0.0],[109.06882,30.86979,0.0],[109.07578,30.87131,0.0],[109.07927,30.86727,0.0],[109.07849,30.86304,0.0],[109.08016,30.86098,0.0],[109.08679,30.8612,0.0],[109.09244,30.861,0.0],[109.09765,30.86141,0.0],[109.10582,30.8629,0.0],[109.11115,30.86309,0.0],[109.11824,30.86453,0.0],[109.12557,30.86592,0.0],[109.13216,30.86821,0.0],[109.12876,30.87632,0.0],[109.12797,30.88135,0.0],[109.13116,30.88137,0.0],[109.13605,30.87947,0.0],[109.14009,30.87953,0.0],[109.14537,30.87983,0.0],[109.14448,30.88713,0.0],[109.14447,30.88965,0.0],[109.1434,30.89217,0.0],[109.14153,30.89698,0.0],[109.1394,30.89927,0.0],[109.1386,30.90156,0.0],[109.1395,30.90395,0.0],[109.14107,30.90593,0.0],[109.144,30.90856,0.0],[109.14778,30.90992,0.0],[109.15797,30.90581,0.0],[109.15807,30.90874,0.0],[109.1553,30.91823,0.0],[109.15473,30.92179,0.0],[109.1498,30.92611,0.0],[109.14845,30.92789,0.0],[109.14818,30.93127,0.0],[109.14608,30.93825,0.0],[109.14467,30.941,0.0],[109.14816,30.9417,0.0],[109.15136,30.94263,0.0],[109.15681,30.94167,0.0],[109.16322,30.94272,0.0],[109.16789,30.94288,0.0],[109.17776,30.94129,0.0],[109.18096,30.94037,0.0],[109.19109,30.93878,0.0],[109.19533,30.93564,0.0],[109.19843,30.92937,0.0],[109.21119,30.92409,0.0],[109.21421,30.92926,0.0],[109.21454,30.9365,0.0],[109.21455,30.94133,0.0],[109.21402,30.94477,0.0],[109.21349,30.95004,0.0],[109.21268,30.95646,0.0],[109.21188,30.96265,0.0],[109.21149,30.96623,0.0],[109.21135,30.96747,0.0],[109.20895,30.97044,0.0],[109.20868,30.97526,0.0],[109.21001,30.97985,0.0],[109.21106,30.98337,0.0],[109.21817,30.98859,0.0],[109.21962,30.9927,0.0],[109.21996,30.99913,0.0],[109.22526,31.00243,0.0],[109.22922,31.00417,0.0],[109.23242,31.01014,0.0],[109.23616,31.01541,0.0],[109.23947,31.01861,0.0],[109.243,31.02397,0.0],[109.24513,31.03147,0.0],[109.24177,31.0333,0.0],[109.24177,31.03789,0.0],[109.23883,31.04361,0.0],[109.23616,31.04705,0.0],[109.23208,31.04792,0.0],[109.22941,31.04869,0.0],[109.22466,31.04773,0.0],[109.21959,31.04803,0.0],[109.20737,31.05088,0.0],[109.19758,31.05078,0.0],[109.19373,31.05324,0.0],[109.19358,31.05703,0.0],[109.19292,31.06008,0.0],[109.19131,31.06237,0.0],[109.18811,31.06672,0.0],[109.18597,31.06901,0.0],[109.18224,31.07084,0.0],[109.17743,31.07198,0.0],[109.17209,31.07174,0.0],[109.16368,31.06846,0.0],[109.15848,31.07149,0.0],[109.15527,31.06722,0.0],[109.14527,31.06631,0.0],[109.143,31.06322,0.0],[109.14274,31.06069,0.0],[109.14067,31.05711,0.0],[109.12786,31.05613,0.0],[109.1229,31.05675,0.0],[109.11364,31.06034,0.0],[109.10616,31.06033,0.0],[109.09805,31.06228,0.0],[109.09521,31.06611,0.0],[109.08902,31.06556,0.0],[109.09066,31.07229,0.0],[109.09056,31.07964,0.0],[109.09114,31.08255,0.0],[109.09135,31.09072,0.0],[109.09116,31.09912,0.0],[109.09222,31.10646,0.0],[109.09408,31.11311,0.0],[109.09434,31.11678,0.0],[109.09406,31.12091,0.0],[109.09353,31.12366,0.0],[109.09166,31.12323,0.0],[109.08772,31.12609,0.0],[109.08229,31.12611,0.0],[109.07864,31.12829,0.0],[109.06964,31.13041,0.0],[109.06262,31.13152,0.0],[109.0553,31.13192,0.0],[109.04829,31.13383,0.0],[109.05209,31.14283,0.0],[109.05433,31.14573,0.0],[109.05477,31.14806,0.0],[109.05313,31.15207,0.0],[109.05009,31.15649,0.0],[109.04645,31.15956,0.0],[109.04591,31.16322,0.0],[109.04483,31.16826,0.0],[109.04401,31.17537,0.0],[109.04374,31.17904,0.0],[109.0432,31.18339,0.0],[109.04399,31.1889,0.0],[109.04586,31.19005,0.0],[109.05717,31.18397,0.0],[109.06582,31.18319,0.0],[109.06844,31.18941,0.0],[109.07281,31.19155,0.0],[109.08016,31.19315,0.0],[109.08673,31.19311,0.0],[109.08638,31.19823,0.0],[109.08674,31.2032,0.0],[109.08727,31.20641,0.0],[109.08727,31.20985,0.0],[109.08699,31.21283,0.0],[109.08646,31.21558,0.0],[109.08565,31.21948,0.0],[109.08408,31.22399,0.0],[109.0843,31.22773,0.0],[109.08242,31.23254,0.0],[109.07974,31.23574,0.0],[109.07494,31.2387,0.0],[109.07331,31.24284,0.0],[109.07063,31.24581,0.0],[109.06849,31.25016,0.0],[109.06678,31.25475,0.0],[109.06793,31.25956,0.0],[109.06739,31.26346,0.0],[109.06632,31.26552,0.0],[109.06578,31.26941,0.0],[109.06551,31.27125,0.0],[109.06363,31.27506,0.0],[109.05989,31.2777,0.0],[109.0542,31.28233,0.0],[109.0493,31.28325,0.0],[109.03878,31.28597,0.0],[109.03767,31.28987,0.0],[109.03571,31.29215,0.0],[109.02957,31.29261,0.0],[109.03496,31.29984,0.0],[109.03683,31.30465,0.0],[109.03964,31.31137,0.0],[109.03867,31.31612,0.0],[109.03947,31.31842,0.0],[109.0424,31.32278,0.0],[109.04454,31.32645,0.0],[109.0464,31.33333,0.0],[109.04693,31.33975,0.0],[109.04772,31.34365,0.0],[109.04852,31.34962,0.0],[109.04877,31.35191,0.0],[109.04877,31.35558,0.0],[109.04849,31.36016,0.0],[109.04902,31.36612,0.0],[109.04805,31.36884,0.0],[109.05403,31.36793,0.0],[109.06171,31.36809,0.0],[109.06808,31.37076,0.0],[109.06972,31.37325,0.0],[109.07387,31.373,0.0],[109.07592,31.37333,0.0],[109.08075,31.37102,0.0],[109.0852,31.37158,0.0],[109.08764,31.37128,0.0],[109.08696,31.36902,0.0],[109.08789,31.36734,0.0],[109.08881,31.36572,0.0],[109.09145,31.36497,0.0],[109.0978,31.3671,0.0],[109.10631,31.36783,0.0],[109.112,31.37118,0.0],[109.11451,31.37357,0.0],[109.11998,31.37476,0.0],[109.12506,31.37217,0.0],[109.1338,31.3687,0.0],[109.14128,31.36976,0.0],[109.1423,31.37091,0.0],[109.14796,31.37111,0.0],[109.1525,31.36674,0.0],[109.15968,31.36669,0.0],[109.16653,31.36682,0.0],[109.17059,31.3668,0.0],[109.17503,31.36363,0.0],[109.18074,31.36279,0.0],[109.18361,31.36388,0.0],[109.18748,31.3633,0.0],[109.19334,31.36514,0.0],[109.19843,31.36491,0.0],[109.20591,31.36069,0.0],[109.21059,31.36054,0.0],[109.21129,31.36338,0.0],[109.21763,31.3642,0.0],[109.21989,31.36568,0.0],[109.22264,31.36527,0.0],[109.22859,31.35895,0.0],[109.23289,31.36025,0.0],[109.23838,31.35942,0.0],[109.23755,31.36529,0.0],[109.24075,31.36639,0.0],[109.24469,31.36388,0.0],[109.24918,31.36283,0.0],[109.25665,31.36376,0.0],[109.25964,31.36342,0.0],[109.26436,31.3612,0.0],[109.26818,31.35998,0.0],[109.26821,31.35778,0.0],[109.27231,31.35878,0.0],[109.27502,31.35681,0.0],[109.28225,31.35476,0.0],[109.28824,31.35348,0.0],[109.28948,31.35499,0.0],[109.29193,31.35605,0.0],[109.29845,31.35356,0.0],[109.3016,31.35417,0.0],[109.30781,31.35137,0.0],[109.31069,31.35271,0.0],[109.32027,31.35,0.0],[109.32022,31.34423,0.0],[109.32114,31.33676,0.0],[109.32219,31.3337,0.0],[109.32176,31.3263,0.0],[109.32816,31.31805,0.0],[109.32838,31.31561,0.0],[109.32933,31.31257,0.0],[109.3324,31.30759,0.0],[109.3357,31.30692,0.0],[109.34003,31.30342,0.0],[109.34155,31.30162,0.0],[109.34785,31.30224,0.0],[109.35105,31.29988,0.0],[109.35222,31.29819,0.0],[109.35111,31.29452,0.0],[109.34712,31.29299,0.0],[109.34729,31.2911,0.0],[109.35222,31.28931,0.0],[109.35738,31.29002,0.0],[109.36274,31.28921,0.0],[109.37263,31.28845,0.0],[109.37305,31.28636,0.0],[109.37393,31.27679,0.0],[109.37611,31.27511,0.0],[109.38212,31.2737,0.0],[109.38439,31.26619,0.0],[109.38575,31.26383,0.0],[109.38517,31.25848,0.0],[109.38611,31.25626,0.0],[109.38562,31.25387,0.0],[109.38337,31.25096,0.0],[109.38544,31.24783,0.0],[109.38772,31.24514,0.0],[109.39165,31.24393,0.0],[109.39516,31.24405,0.0],[109.39633,31.24372,0.0],[109.40415,31.24452,0.0],[109.40941,31.24808,0.0],[109.41254,31.24772,0.0],[109.41474,31.24586,0.0],[109.41705,31.24625,0.0],[109.42438,31.24261,0.0],[109.42868,31.24259,0.0],[109.43004,31.23936,0.0],[109.43023,31.23578,0.0],[109.43256,31.23299,0.0],[109.43853,31.23599,0.0],[109.44623,31.24015,0.0],[109.44722,31.2482,0.0],[109.45337,31.25157,0.0],[109.45883,31.25136,0.0],[109.46198,31.25348,0.0],[109.46528,31.25672,0.0],[109.46873,31.25487,0.0],[109.47332,31.25571,0.0],[109.47713,31.25437,0.0],[109.47976,31.2521,0.0],[109.48362,31.25272,0.0],[109.49008,31.25198,0.0],[109.49435,31.24816,0.0],[109.49944,31.24742,0.0],[109.50285,31.24625,0.0],[109.50946,31.24569,0.0],[109.51524,31.2528,0.0],[109.52106,31.25519,0.0],[109.52379,31.25503,0.0],[109.52606,31.25624,0.0],[109.52711,31.25561,0.0],[109.52988,31.25603,0.0],[109.53197,31.25677,0.0],[109.53473,31.25593,0.0],[109.53708,31.25364,0.0],[109.54039,31.25447,0.0],[109.54409,31.25377,0.0],[109.54925,31.25429,0.0],[109.55348,31.25254,0.0],[109.55491,31.25038,0.0],[109.55498,31.24788,0.0],[109.5579,31.24604,0.0],[109.56391,31.24712,0.0],[109.56726,31.24586,0.0],[109.56915,31.24387,0.0],[109.57062,31.23859,0.0],[109.57444,31.23177,0.0],[109.5805,31.22309,0.0],[109.58745,31.22798,0.0],[109.5948,31.22911,0.0],[109.60366,31.22937,0.0],[109.61027,31.23274,0.0],[109.61569,31.23202,0.0],[109.62255,31.23079,0.0],[109.62578,31.22871,0.0],[109.62872,31.22427,0.0],[109.62737,31.22107,0.0],[109.62627,31.2158,0.0],[109.62111,31.21167,0.0],[109.61746,31.20562,0.0],[109.61828,31.20185,0.0],[109.61973,31.19485,0.0],[109.62162,31.19354,0.0],[109.63095,31.18844,0.0],[109.63582,31.18659,0.0],[109.64148,31.19041,0.0],[109.64817,31.18807,0.0],[109.65686,31.18788,0.0],[109.66305,31.18881,0.0],[109.66718,31.18475,0.0],[109.67749,31.18117,0.0],[109.68436,31.17647,0.0],[109.68853,31.17328,0.0],[109.69888,31.16992,0.0],[109.70918,31.17352,0.0],[109.72343,31.17343,0.0],[109.72711,31.17702,0.0],[109.73261,31.17976,0.0],[109.74059,31.17907,0.0],[109.74798,31.17847,0.0],[109.75165,31.17726,0.0],[109.75522,31.1778,0.0],[109.75974,31.17602,0.0],[109.7621,31.17224,0.0],[109.76427,31.16816,0.0],[109.76455,31.16488,0.0],[109.76743,31.1627,0.0],[109.7674,31.15834,0.0],[109.76466,31.15607,0.0],[109.76601,31.14803,0.0],[109.76438,31.14436,0.0],[109.76169,31.14071,0.0],[109.75793,31.1359,0.0],[109.75844,31.13154,0.0],[109.75948,31.12719,0.0],[109.7627,31.12443,0.0],[109.76434,31.12004,0.0],[109.76695,31.1149,0.0],[109.75322,31.11529,0.0],[109.75229,31.11177,0.0],[109.75183,31.10882,0.0],[109.73479,31.10157,0.0],[109.73157,31.10117,0.0],[109.72855,31.09846,0.0],[109.72569,31.09573,0.0],[109.72464,31.09084,0.0],[109.71947,31.08511,0.0],[109.71995,31.08099,0.0],[109.72018,31.07761,0.0],[109.71578,31.07434,0.0],[109.71045,31.06966,0.0],[109.70598,31.06459,0.0],[109.69919,31.06149,0.0],[109.69086,31.05645,0.0],[109.6702,31.05498,0.0],[109.65817,31.05088,0.0],[109.65228,31.04814,0.0],[109.64454,31.04366,0.0],[109.63544,31.03869,0.0],[109.62919,31.03304,0.0],[109.62352,31.03159,0.0],[109.61758,31.02843,0.0],[109.60743,31.0228,0.0],[109.60827,31.02005,0.0],[109.6136,31.01496,0.0],[109.62528,31.00785,0.0],[109.62484,31.00229,0.0],[109.61352,31.00027,0.0],[109.60697,30.99504,0.0],[109.60696,30.99114,0.0],[109.60641,30.9877,0.0],[109.60079,30.98569,0.0],[109.59548,30.98079,0.0],[109.59782,30.97698,0.0],[109.59501,30.97382,0.0],[109.59773,30.96607,0.0],[109.59966,30.96594,0.0],[109.59622,30.96181,0.0],[109.59461,30.95819,0.0],[109.59149,30.9554,0.0],[109.59776,30.94531,0.0],[109.59604,30.9421,0.0],[109.60043,30.93494,0.0],[109.60667,30.92955,0.0],[109.60448,30.92635,0.0],[109.6065,30.92061,0.0],[109.60667,30.91545,0.0],[109.60857,30.91082,0.0],[109.60892,30.90522,0.0],[109.59438,30.90622,0.0],[109.5931,30.90361,0.0],[109.58271,30.90361,0.0],[109.57421,30.90138,0.0],[109.56508,30.89766,0.0],[109.56607,30.89239,0.0],[109.56957,30.89125,0.0],[109.56975,30.88604,0.0],[109.57037,30.88227,0.0],[109.57401,30.87655,0.0],[109.57472,30.8742,0.0],[109.58442,30.87237,0.0],[109.5884,30.86767,0.0],[109.59501,30.86478,0.0],[109.60397,30.86582,0.0],[109.60717,30.86367,0.0],[109.61179,30.86341,0.0],[109.61258,30.85998,0.0],[109.61301,30.85687,0.0],[109.61241,30.85061,0.0],[109.60901,30.84856,0.0],[109.60453,30.84623,0.0],[109.60452,30.84348,0.0],[109.60744,30.83958,0.0],[109.61063,30.83728,0.0],[109.61461,30.83406,0.0],[109.61853,30.8325,0.0],[109.61911,30.8278,0.0],[109.61644,30.82193,0.0],[109.61992,30.82139,0.0],[109.63134,30.82279,0.0],[109.63531,30.81774,0.0],[109.63715,30.81246,0.0],[109.63899,30.80672,0.0],[109.64624,30.8045,0.0],[109.64437,30.79914,0.0],[109.64493,30.79585,0.0],[109.64828,30.78813,0.0],[109.65024,30.7823,0.0],[109.64872,30.77666,0.0],[109.6495,30.77322,0.0],[109.65321,30.76909,0.0],[109.65258,30.76327,0.0],[109.65309,30.75534,0.0],[109.65625,30.74902,0.0],[109.65642,30.73766,0.0],[109.65759,30.73405,0.0],[109.65063,30.72469,0.0],[109.64247,30.71885,0.0],[109.63263,30.71168,0.0],[109.6138,30.70154,0.0],[109.59604,30.70285,0.0],[109.58459,30.69722,0.0],[109.58333,30.68693,0.0],[109.57836,30.67788,0.0],[109.57728,30.67434,0.0],[109.58003,30.67006,0.0],[109.58346,30.6691,0.0],[109.58398,30.66674,0.0],[109.5726,30.65777,0.0],[109.57376,30.65275,0.0],[109.56986,30.64898,0.0],[109.56311,30.6477,0.0],[109.55796,30.6488,0.0],[109.53307,30.6395,0.0],[109.52852,30.64194,0.0],[109.53659,30.65383,0.0],[109.53513,30.6618,0.0],[109.5323,30.66682,0.0],[109.5232,30.66571,0.0],[109.50286,30.65072,0.0],[109.48758,30.63758,0.0],[109.47985,30.62554,0.0],[109.45754,30.6203,0.0],[109.45204,30.61675,0.0],[109.44217,30.60375,0.0],[109.43222,30.60006,0.0],[109.41934,30.57065,0.0],[109.37415,30.51746,0.0],[109.36136,30.49883,0.0],[109.35098,30.48951,0.0],[109.34677,30.48914,0.0],[109.34308,30.4935,0.0],[109.33759,30.49683,0.0],[109.33553,30.508,0.0],[109.33639,30.51576,0.0],[109.33192,30.52197,0.0],[109.33639,30.52981,0.0],[109.35621,30.55317,0.0],[109.35621,30.55627,0.0],[109.34729,30.5667,0.0],[109.34411,30.57475,0.0],[109.32926,30.58813,0.0],[109.31021,30.59987,0.0],[109.30987,30.60283,0.0],[109.31845,30.60637,0.0],[109.32403,30.61856,0.0],[109.3212,30.61974,0.0],[109.30841,30.61191,0.0],[109.30188,30.62026,0.0],[109.29682,30.62713,0.0],[109.29785,30.63319,0.0],[109.2945,30.63245,0.0],[109.28751,30.62625,0.0],[109.2781,30.62374,0.0],[109.26681,30.60854,0.0],[109.25555,30.59691,0.0],[109.24695,30.59418,0.0],[109.23997,30.59594,0.0],[109.23082,30.59175,0.0],[109.22223,30.58739,0.0],[109.22063,30.58371,0.0],[109.22778,30.58334,0.0],[109.23537,30.58672,0.0],[109.24279,30.5879,0.0],[109.24241,30.58452,0.0],[109.21991,30.5728,0.0],[109.18726,30.54789,0.0],[109.18365,30.54973,0.0],[109.17782,30.54862,0.0],[109.16571,30.54907,0.0],[109.16314,30.54537,0.0],[109.1573,30.5368,0.0],[109.14683,30.53051,0.0],[109.14297,30.52334,0.0],[109.13876,30.52231,0.0],[109.13593,30.52866,0.0],[109.13627,30.53628,0.0],[109.13275,30.53613,0.0],[109.12675,30.53266,0.0],[109.11919,30.5334,0.0],[109.12057,30.54101,0.0],[109.10829,30.55151,0.0],[109.10031,30.5654,0.0],[109.09078,30.57516,0.0],[109.08443,30.59053,0.0],[109.07885,30.59939,0.0],[109.0804,30.60582,0.0],[109.08907,30.61069,0.0],[109.10864,30.61395,0.0],[109.11224,30.62133,0.0],[109.11258,30.62687,0.0],[109.11842,30.633,0.0],[109.11379,30.64172,0.0],[109.11342,30.64206,0.0],[109.11296,30.64213,0.0],[109.11248,30.64225,0.0],[109.1116,30.64348,0.0],[109.11174,30.64415,0.0],[109.11176,30.64478,0.0],[109.11077,30.64512,0.0],[109.11063,30.64611,0.0],[109.11008,30.64656,0.0],[109.1076,30.6469,0.0],[109.10674,30.64717,0.0],[109.10574,30.64723,0.0],[109.10466,30.64707,0.0],[109.1037,30.64669,0.0],[109.10242,30.64613,0.0],[109.10072,30.64496,0.0],[109.10044,30.64449,0.0],[109.10049,30.64373,0.0],[109.10024,30.64237,0.0],[109.09903,30.64143,0.0],[109.09849,30.64114,0.0],[109.09774,30.64161,0.0],[109.09739,30.64182,0.0],[109.09703,30.6418,0.0],[109.09624,30.64107,0.0],[109.09546,30.64068,0.0],[109.09378,30.64036,0.0],[109.09247,30.64091,0.0],[109.09178,30.64154,0.0],[109.09156,30.64262,0.0],[109.09127,30.64303,0.0],[109.09095,30.64343,0.0],[109.09154,30.64414,0.0],[109.09181,30.64451,0.0],[109.09172,30.64477,0.0],[109.09109,30.64507,0.0],[109.09061,30.64555,0.0],[109.09,30.64593,0.0],[109.08919,30.6472,0.0],[109.08854,30.64738,0.0],[109.0878,30.64777,0.0],[109.08759,30.64854,0.0],[109.08699,30.64881,0.0],[109.0865,30.64871,0.0],[109.0859,30.648,0.0],[109.08552,30.64784,0.0],[109.08479,30.64878,0.0],[109.08397,30.6492,0.0],[109.08346,30.64911,0.0],[109.08328,30.64879,0.0],[109.083,30.64851,0.0],[109.08153,30.64829,0.0],[109.08052,30.6481,0.0],[109.07974,30.64811,0.0],[109.07786,30.64751,0.0],[109.0773,30.64708,0.0],[109.07609,30.64673,0.0],[109.07544,30.64637,0.0],[109.07449,30.64504,0.0],[109.07368,30.64434,0.0],[109.07215,30.64495,0.0],[109.07185,30.64565,0.0],[109.07237,30.64655,0.0],[109.07216,30.64681,0.0],[109.07148,30.64672,0.0],[109.07061,30.64566,0.0],[109.06984,30.64476,0.0],[109.06863,30.64378,0.0],[109.06749,30.64361,0.0],[109.0667,30.64331,0.0],[109.06608,30.64273,0.0],[109.06532,30.64229,0.0],[109.0651,30.64309,0.0],[109.06349,30.64502,0.0],[109.06312,30.64498,0.0],[109.06222,30.64409,0.0],[109.06188,30.64413,0.0],[109.0615,30.64458,0.0],[109.06123,30.64462,0.0],[109.05866,30.64397,0.0],[109.05839,30.64407,0.0],[109.05824,30.64441,0.0],[109.05785,30.64458,0.0],[109.05761,30.64453,0.0],[109.05723,30.64389,0.0],[109.05688,30.6438,0.0],[109.05631,30.64476,0.0],[109.05603,30.64501,0.0],[109.05465,30.64535,0.0],[109.05393,30.64533,0.0],[109.05321,30.64499,0.0],[109.05294,30.64402,0.0],[109.05134,30.64424,0.0],[109.05016,30.64494,0.0],[109.04895,30.64575,0.0],[109.04563,30.6467,0.0],[109.04449,30.64954,0.0],[109.042,30.65134,0.0],[109.04123,30.65596,0.0],[109.03857,30.65758,0.0],[109.03702,30.65718,0.0],[109.03359,30.65219,0.0],[109.02904,30.65031,0.0],[109.02429,30.64926,0.0],[109.02274,30.64802,0.0],[109.02064,30.64714,0.0],[109.01898,30.64587,0.0],[109.01819,30.64491,0.0],[109.01678,30.64533,0.0],[109.01556,30.64713,0.0],[109.01428,30.64768,0.0],[109.01338,30.64917,0.0],[109.01171,30.65012,0.0],[109.01128,30.65113,0.0]]]]}},{"type":"Feature","properties":{"uesi_id":"CHN_R913069","nbhd_code":"CHN_R913069_133","nbhd_name":"Fuling District"},"geometry":{"type":"MultiPolygon","coordinates":[[[[106.94082,29.49954,0.0],[106.94189,29.50603,0.0],[106.94335,29.51035,0.0],[106.94239,29.51396,0.0],[106.94464,29.51873,0.0],[106.94659,29.52668,0.0],[106.94716,29.53136,0.0],[106.94904,29.53841,0.0],[106.94927,29.54506,0.0],[106.94892,29.55304,0.0],[106.94849,29.55878,0.0],[106.95129,29.56468,0.0],[106.95263,29.57387,0.0],[106.95422,29.58185,0.0],[106.9558,29.58938,0.0],[106.9577,29.59897,0.0],[106.96003,29.60555,0.0],[106.96209,29.61192,0.0],[106.96494,29.61827,0.0],[106.96786,29.62668,0.0],[106.97083,29.63669,0.0],[106.97482,29.64553,0.0],[106.97877,29.65323,0.0],[106.98196,29.66163,0.0],[106.98465,29.67096,0.0],[106.9876,29.68029,0.0],[106.98998,29.68826,0.0],[106.99151,29.69418,0.0],[106.99279,29.7008,0.0],[106.99593,29.70782,0.0],[106.99927,29.71301,0.0],[107.00176,29.71662,0.0],[107.00624,29.71761,0.0],[107.00954,29.71959,0.0],[107.01549,29.7208,0.0],[107.0221,29.72215,0.0],[107.02888,29.72345,0.0],[107.03555,29.72945,0.0],[107.03963,29.73808,0.0],[107.04406,29.7392,0.0],[107.0487,29.74218,0.0],[107.05415,29.74805,0.0],[107.06,29.75105,0.0],[107.06447,29.7554,0.0],[107.07028,29.76003,0.0],[107.07716,29.76459,0.0],[107.08347,29.76442,0.0],[107.08741,29.76409,0.0],[107.09425,29.76413,0.0],[107.10062,29.76556,0.0],[107.10589,29.76542,0.0],[107.11063,29.76552,0.0],[107.1192,29.76964,0.0],[107.12453,29.77156,0.0],[107.12883,29.77373,0.0],[107.1339,29.77566,0.0],[107.1385,29.77897,0.0],[107.14338,29.78274,0.0],[107.14796,29.7856,0.0],[107.15861,29.78874,0.0],[107.16447,29.79064,0.0],[107.17088,29.79322,0.0],[107.17626,29.79628,0.0],[107.18138,29.79935,0.0],[107.18623,29.80242,0.0],[107.19086,29.80642,0.0],[107.19762,29.81105,0.0],[107.203,29.82122,0.0],[107.20506,29.82713,0.0],[107.20901,29.83413,0.0],[107.2134,29.83882,0.0],[107.21512,29.84732,0.0],[107.22363,29.84872,0.0],[107.22951,29.8497,0.0],[107.24174,29.85036,0.0],[107.25206,29.85465,0.0],[107.25789,29.85178,0.0],[107.26227,29.84914,0.0],[107.26683,29.84442,0.0],[107.27148,29.84199,0.0],[107.27572,29.84056,0.0],[107.28686,29.84347,0.0],[107.2927,29.84397,0.0],[107.29966,29.84471,0.0],[107.30665,29.84651,0.0],[107.31151,29.85164,0.0],[107.31637,29.85279,0.0],[107.32189,29.85775,0.0],[107.32579,29.86337,0.0],[107.32777,29.86675,0.0],[107.33066,29.87332,0.0],[107.33351,29.87897,0.0],[107.33828,29.88663,0.0],[107.34376,29.89198,0.0],[107.34818,29.89712,0.0],[107.35172,29.90001,0.0],[107.3549,29.89908,0.0],[107.37215,29.92149,0.0],[107.38032,29.93282,0.0],[107.38798,29.94058,0.0],[107.39129,29.94697,0.0],[107.39816,29.95507,0.0],[107.40085,29.95911,0.0],[107.4046,29.96467,0.0],[107.41153,29.97366,0.0],[107.41457,29.97851,0.0],[107.42079,29.98441,0.0],[107.42545,29.98985,0.0],[107.43254,29.99779,0.0],[107.44042,30.00444,0.0],[107.44376,30.00097,0.0],[107.44809,30.0036,0.0],[107.45183,30.00463,0.0],[107.45715,30.00585,0.0],[107.46222,30.00707,0.0],[107.46451,30.00494,0.0],[107.46677,30.00189,0.0],[107.46871,29.9977,0.0],[107.47147,29.99418,0.0],[107.47472,29.98949,0.0],[107.47848,29.98456,0.0],[107.48248,29.97917,0.0],[107.48727,29.97352,0.0],[107.49132,29.96904,0.0],[107.49496,29.96778,0.0],[107.5013,29.96805,0.0],[107.50847,29.96921,0.0],[107.51459,29.9704,0.0],[107.51966,29.97185,0.0],[107.52284,29.97221,0.0],[107.52541,29.97053,0.0],[107.52872,29.96744,0.0],[107.53471,29.96542,0.0],[107.53911,29.96345,0.0],[107.54642,29.96162,0.0],[107.55215,29.95985,0.0],[107.55871,29.95873,0.0],[107.56477,29.95877,0.0],[107.57114,29.95972,0.0],[107.57452,29.95824,0.0],[107.57489,29.95456,0.0],[107.57504,29.9518,0.0],[107.57402,29.9461,0.0],[107.57346,29.93877,0.0],[107.57344,29.93189,0.0],[107.5763,29.92446,0.0],[107.57982,29.92022,0.0],[107.593,29.91436,0.0],[107.59709,29.91127,0.0],[107.59546,29.90718,0.0],[107.59589,29.90592,0.0],[107.59849,29.90281,0.0],[107.59832,29.89888,0.0],[107.5946,29.89226,0.0],[107.60147,29.88695,0.0],[107.60179,29.88482,0.0],[107.60352,29.88434,0.0],[107.60387,29.88256,0.0],[107.60558,29.88144,0.0],[107.60576,29.88033,0.0],[107.6097,29.87936,0.0],[107.61271,29.87966,0.0],[107.6176,29.87839,0.0],[107.62218,29.87824,0.0],[107.62189,29.87705,0.0],[107.61768,29.87333,0.0],[107.61579,29.8714,0.0],[107.61382,29.87207,0.0],[107.61365,29.87095,0.0],[107.61193,29.86872,0.0],[107.61288,29.86738,0.0],[107.61133,29.86701,0.0],[107.60964,29.86346,0.0],[107.60955,29.85992,0.0],[107.60455,29.85704,0.0],[107.60395,29.85589,0.0],[107.60181,29.85681,0.0],[107.59984,29.8557,0.0],[107.59958,29.85265,0.0],[107.5982,29.84937,0.0],[107.59947,29.84681,0.0],[107.58988,29.84096,0.0],[107.58988,29.83985,0.0],[107.59023,29.83895,0.0],[107.5934,29.83806,0.0],[107.59874,29.83734,0.0],[107.60023,29.83626,0.0],[107.60068,29.8335,0.0],[107.59884,29.83075,0.0],[107.60089,29.82273,0.0],[107.60018,29.82079,0.0],[107.59805,29.81826,0.0],[107.59789,29.81513,0.0],[107.59938,29.81203,0.0],[107.59989,29.8106,0.0],[107.60177,29.81039,0.0],[107.60305,29.80966,0.0],[107.60398,29.80851,0.0],[107.60479,29.80863,0.0],[107.60918,29.80513,0.0],[107.61288,29.80517,0.0],[107.61579,29.80465,0.0],[107.61779,29.80486,0.0],[107.61972,29.80648,0.0],[107.62356,29.81009,0.0],[107.62696,29.81212,0.0],[107.62908,29.81508,0.0],[107.63314,29.81608,0.0],[107.63441,29.81566,0.0],[107.63526,29.81313,0.0],[107.6349,29.81139,0.0],[107.63496,29.80839,0.0],[107.63363,29.80665,0.0],[107.63507,29.80415,0.0],[107.63482,29.79966,0.0],[107.63326,29.79636,0.0],[107.63284,29.79309,0.0],[107.63335,29.78619,0.0],[107.6332,29.7827,0.0],[107.63196,29.77787,0.0],[107.63326,29.77533,0.0],[107.63569,29.77285,0.0],[107.63575,29.76706,0.0],[107.63642,29.76643,0.0],[107.63854,29.7669,0.0],[107.63818,29.76606,0.0],[107.63581,29.76553,0.0],[107.63405,29.76769,0.0],[107.63035,29.76469,0.0],[107.63132,29.76348,0.0],[107.6298,29.76068,0.0],[107.6277,29.76119,0.0],[107.62428,29.75663,0.0],[107.62113,29.75652,0.0],[107.62058,29.75589,0.0],[107.62107,29.75531,0.0],[107.62246,29.75426,0.0],[107.62495,29.75384,0.0],[107.62701,29.75036,0.0],[107.62587,29.7492,0.0],[107.62786,29.74778,0.0],[107.63266,29.74446,0.0],[107.63375,29.74278,0.0],[107.63305,29.73936,0.0],[107.63322,29.73577,0.0],[107.63314,29.73339,0.0],[107.63379,29.73126,0.0],[107.63217,29.72654,0.0],[107.62889,29.72333,0.0],[107.62777,29.7212,0.0],[107.62889,29.71732,0.0],[107.62919,29.71405,0.0],[107.62761,29.7109,0.0],[107.62683,29.70794,0.0],[107.62586,29.70362,0.0],[107.62797,29.69917,0.0],[107.6321,29.69701,0.0],[107.63375,29.69629,0.0],[107.63632,29.69219,0.0],[107.64118,29.69021,0.0],[107.647,29.6895,0.0],[107.65498,29.68869,0.0],[107.65533,29.68486,0.0],[107.66498,29.67994,0.0],[107.6655,29.67787,0.0],[107.6652,29.67408,0.0],[107.6661,29.66866,0.0],[107.6684,29.66709,0.0],[107.67094,29.66672,0.0],[107.67148,29.66842,0.0],[107.67562,29.66801,0.0],[107.67954,29.6705,0.0],[107.68633,29.66752,0.0],[107.69128,29.6632,0.0],[107.70282,29.66121,0.0],[107.71439,29.65805,0.0],[107.71262,29.65306,0.0],[107.71229,29.64939,0.0],[107.70895,29.64579,0.0],[107.7066,29.64279,0.0],[107.70453,29.63927,0.0],[107.70423,29.63667,0.0],[107.70265,29.63227,0.0],[107.7011,29.63103,0.0],[107.6972,29.62775,0.0],[107.69654,29.61996,0.0],[107.69799,29.61844,0.0],[107.69787,29.61702,0.0],[107.69491,29.61681,0.0],[107.69587,29.61316,0.0],[107.69116,29.61339,0.0],[107.68825,29.60876,0.0],[107.68735,29.60494,0.0],[107.68409,29.60267,0.0],[107.67998,29.59491,0.0],[107.67326,29.59154,0.0],[107.67016,29.58555,0.0],[107.66511,29.5811,0.0],[107.66302,29.57734,0.0],[107.66093,29.57541,0.0],[107.65179,29.56677,0.0],[107.64904,29.56119,0.0],[107.6514,29.55834,0.0],[107.652,29.55408,0.0],[107.64905,29.55292,0.0],[107.6373,29.55333,0.0],[107.62913,29.54797,0.0],[107.62441,29.54576,0.0],[107.62252,29.5417,0.0],[107.6169,29.53806,0.0],[107.61365,29.53591,0.0],[107.60686,29.52986,0.0],[107.60438,29.52704,0.0],[107.60387,29.52629,0.0],[107.60498,29.52257,0.0],[107.60447,29.52063,0.0],[107.60232,29.51873,0.0],[107.6043,29.51706,0.0],[107.61207,29.5141,0.0],[107.6132,29.50529,0.0],[107.61268,29.5036,0.0],[107.61445,29.49997,0.0],[107.61294,29.49813,0.0],[107.61249,29.49194,0.0],[107.61207,29.48388,0.0],[107.60669,29.48144,0.0],[107.60087,29.48234,0.0],[107.59758,29.48485,0.0],[107.59515,29.48388,0.0],[107.59077,29.48301,0.0],[107.58627,29.48016,0.0],[107.5828,29.47446,0.0],[107.58024,29.47302,0.0],[107.57896,29.46944,0.0],[107.57156,29.46359,0.0],[107.56771,29.46241,0.0],[107.56441,29.46386,0.0],[107.5597,29.4605,0.0],[107.55782,29.45774,0.0],[107.55336,29.45566,0.0],[107.55148,29.45215,0.0],[107.54723,29.45181,0.0],[107.54378,29.44298,0.0],[107.541,29.44002,0.0],[107.54227,29.43573,0.0],[107.53898,29.43348,0.0],[107.53442,29.42973,0.0],[107.52911,29.42533,0.0],[107.5228,29.43642,0.0],[107.51981,29.44134,0.0],[107.51469,29.45224,0.0],[107.51038,29.46204,0.0],[107.49715,29.47513,0.0],[107.4854,29.48889,0.0],[107.47638,29.49683,0.0],[107.47101,29.50958,0.0],[107.46712,29.50934,0.0],[107.46362,29.50694,0.0],[107.45832,29.50578,0.0],[107.45786,29.50441,0.0],[107.45901,29.50253,0.0],[107.45905,29.50184,0.0],[107.45953,29.50067,0.0],[107.45456,29.49898,0.0],[107.45168,29.4973,0.0],[107.44762,29.49425,0.0],[107.44643,29.49239,0.0],[107.4448,29.4918,0.0],[107.44249,29.49321,0.0],[107.43986,29.49534,0.0],[107.43779,29.49555,0.0],[107.43642,29.49408,0.0],[107.43698,29.49163,0.0],[107.43754,29.48907,0.0],[107.42672,29.48586,0.0],[107.42553,29.48902,0.0],[107.42647,29.4912,0.0],[107.42541,29.49272,0.0],[107.42518,29.49457,0.0],[107.42378,29.49588,0.0],[107.42281,29.49928,0.0],[107.42178,29.50399,0.0],[107.42265,29.5065,0.0],[107.42228,29.5096,0.0],[107.42138,29.51085,0.0],[107.41702,29.51047,0.0],[107.41573,29.51094,0.0],[107.41514,29.51494,0.0],[107.41444,29.51619,0.0],[107.4084,29.5175,0.0],[107.40639,29.5178,0.0],[107.40451,29.52229,0.0],[107.40084,29.52659,0.0],[107.39869,29.52683,0.0],[107.39668,29.52686,0.0],[107.39435,29.52796,0.0],[107.3922,29.52947,0.0],[107.39138,29.53116,0.0],[107.39005,29.53237,0.0],[107.38911,29.53258,0.0],[107.38793,29.53371,0.0],[107.38659,29.53427,0.0],[107.38596,29.53408,0.0],[107.38424,29.53277,0.0],[107.38156,29.53072,0.0],[107.38043,29.52971,0.0],[107.3803,29.52813,0.0],[107.3798,29.52828,0.0],[107.37903,29.52925,0.0],[107.37803,29.52856,0.0],[107.3759,29.52555,0.0],[107.37393,29.52445,0.0],[107.37184,29.52419,0.0],[107.36981,29.52459,0.0],[107.36738,29.52443,0.0],[107.36302,29.52569,0.0],[107.36238,29.52651,0.0],[107.36178,29.52625,0.0],[107.36205,29.52532,0.0],[107.36278,29.52348,0.0],[107.3625,29.52245,0.0],[107.36129,29.52174,0.0],[107.35875,29.52103,0.0],[107.3555,29.51987,0.0],[107.35247,29.51749,0.0],[107.35099,29.51683,0.0],[107.3489,29.51686,0.0],[107.34487,29.5181,0.0],[107.34271,29.51797,0.0],[107.33884,29.51702,0.0],[107.33341,29.51488,0.0],[107.33141,29.51485,0.0],[107.32882,29.51495,0.0],[107.32256,29.50997,0.0],[107.31812,29.50391,0.0],[107.31364,29.4967,0.0],[107.30885,29.48812,0.0],[107.30486,29.47952,0.0],[107.30348,29.47107,0.0],[107.29874,29.46364,0.0],[107.28949,29.45519,0.0],[107.28117,29.45015,0.0],[107.26883,29.44317,0.0],[107.2637,29.43941,0.0],[107.25024,29.43039,0.0],[107.24458,29.42642,0.0],[107.24007,29.42577,0.0],[107.23328,29.42348,0.0],[107.22973,29.42414,0.0],[107.22328,29.41922,0.0],[107.22556,29.41583,0.0],[107.22537,29.41422,0.0],[107.22227,29.40895,0.0],[107.22633,29.4066,0.0],[107.22798,29.40233,0.0],[107.2339,29.39774,0.0],[107.23504,29.39111,0.0],[107.23697,29.38304,0.0],[107.23705,29.38109,0.0],[107.23863,29.3713,0.0],[107.23631,29.36763,0.0],[107.23349,29.36704,0.0],[107.22798,29.36739,0.0],[107.22167,29.37008,0.0],[107.21886,29.37065,0.0],[107.21002,29.36877,0.0],[107.20126,29.36868,0.0],[107.20112,29.36962,0.0],[107.20694,29.37479,0.0],[107.20351,29.37738,0.0],[107.20252,29.38156,0.0],[107.20448,29.38401,0.0],[107.20388,29.38996,0.0],[107.20642,29.39493,0.0],[107.20839,29.39624,0.0],[107.20877,29.40159,0.0],[107.202,29.40197,0.0],[107.19884,29.3991,0.0],[107.19521,29.40004,0.0],[107.19705,29.40798,0.0],[107.20099,29.40987,0.0],[107.19991,29.41256,0.0],[107.19535,29.41408,0.0],[107.19427,29.41525,0.0],[107.19253,29.41572,0.0],[107.18883,29.41239,0.0],[107.18299,29.41513,0.0],[107.18246,29.41747,0.0],[107.17987,29.41753,0.0],[107.1784,29.41502,0.0],[107.17923,29.41338,0.0],[107.18044,29.41127,0.0],[107.1791,29.41033,0.0],[107.17722,29.41373,0.0],[107.17373,29.41302,0.0],[107.17238,29.41069,0.0],[107.16929,29.40987,0.0],[107.16661,29.41291,0.0],[107.16352,29.41794,0.0],[107.16382,29.42067,0.0],[107.16137,29.42507,0.0],[107.15761,29.42554,0.0],[107.15483,29.42556,0.0],[107.15479,29.42227,0.0],[107.15143,29.41922,0.0],[107.14593,29.42168,0.0],[107.14382,29.42179,0.0],[107.14311,29.41993,0.0],[107.13834,29.41836,0.0],[107.13787,29.41548,0.0],[107.13518,29.41607,0.0],[107.13505,29.41443,0.0],[107.13129,29.41548,0.0],[107.12998,29.41378,0.0],[107.13944,29.4069,0.0],[107.14085,29.40553,0.0],[107.13935,29.40109,0.0],[107.14238,29.40099,0.0],[107.14271,29.39793,0.0],[107.13997,29.39835,0.0],[107.1388,29.39484,0.0],[107.12807,29.39689,0.0],[107.12097,29.39117,0.0],[107.12029,29.388,0.0],[107.1176,29.38928,0.0],[107.11303,29.39126,0.0],[107.1098,29.39173,0.0],[107.10717,29.39039,0.0],[107.10591,29.39126,0.0],[107.10779,29.3936,0.0],[107.10578,29.3936,0.0],[107.10013,29.38857,0.0],[107.10175,29.38354,0.0],[107.10472,29.38568,0.0],[107.10578,29.38062,0.0],[107.10582,29.37703,0.0],[107.10846,29.37547,0.0],[107.10933,29.36924,0.0],[107.10765,29.36548,0.0],[107.0996,29.36447,0.0],[107.08967,29.36344,0.0],[107.08536,29.36245,0.0],[107.07809,29.36189,0.0],[107.07555,29.36341,0.0],[107.07059,29.36423,0.0],[107.06735,29.36831,0.0],[107.06629,29.37137,0.0],[107.06013,29.37147,0.0],[107.0577,29.37278,0.0],[107.05719,29.37435,0.0],[107.04991,29.37617,0.0],[107.04271,29.37958,0.0],[107.04024,29.3805,0.0],[107.03944,29.38214,0.0],[107.04279,29.38272,0.0],[107.04158,29.3853,0.0],[107.04346,29.3881,0.0],[107.04602,29.38729,0.0],[107.04669,29.38963,0.0],[107.04749,29.3908,0.0],[107.04749,29.3915,0.0],[107.04722,29.3929,0.0],[107.04964,29.39454,0.0],[107.04722,29.39688,0.0],[107.04283,29.39445,0.0],[107.04024,29.39536,0.0],[107.03822,29.39436,0.0],[107.03522,29.39987,0.0],[107.03272,29.39934,0.0],[107.03178,29.39384,0.0],[107.03057,29.39337,0.0],[107.02829,29.39454,0.0],[107.02896,29.39863,0.0],[107.02641,29.397,0.0],[107.02305,29.39922,0.0],[107.02144,29.39945,0.0],[107.02533,29.40273,0.0],[107.02269,29.40445,0.0],[107.02305,29.40542,0.0],[107.02802,29.40636,0.0],[107.03097,29.41029,0.0],[107.0295,29.4115,0.0],[107.02614,29.4108,0.0],[107.02439,29.41523,0.0],[107.0256,29.41794,0.0],[107.02141,29.42038,0.0],[107.02439,29.42227,0.0],[107.02077,29.43034,0.0],[107.02356,29.43138,0.0],[107.02092,29.43347,0.0],[107.01943,29.44215,0.0],[107.02218,29.44427,0.0],[107.02665,29.44866,0.0],[107.0276,29.4496,0.0],[107.03035,29.45445,0.0],[107.02923,29.45887,0.0],[107.02829,29.46296,0.0],[107.02556,29.46427,0.0],[107.0299,29.46881,0.0],[107.02587,29.47056,0.0],[107.02238,29.47068,0.0],[107.02171,29.47263,0.0],[107.01217,29.47091,0.0],[107.01072,29.47692,0.0],[107.01297,29.47948,0.0],[107.01258,29.48377,0.0],[107.01459,29.48997,0.0],[107.00855,29.48962,0.0],[107.00546,29.4874,0.0],[107.00415,29.4842,0.0],[107.00248,29.47418,0.0],[106.99995,29.47267,0.0],[106.99445,29.47325,0.0],[106.99579,29.47769,0.0],[106.9902,29.48511,0.0],[106.98211,29.484,0.0],[106.98156,29.4874,0.0],[106.97565,29.49055,0.0],[106.97077,29.49082,0.0],[106.96316,29.49207,0.0],[106.95997,29.4902,0.0],[106.95685,29.49429,0.0],[106.95201,29.49535,0.0],[106.94732,29.49822,0.0],[106.94295,29.49897,0.0],[106.94082,29.49954,0.0]]]]}},{"type":"Feature","properties":{"uesi_id":"CHN_R913069","nbhd_code":"CHN_R913069_134","nbhd_name":"Hechuan District"},"geometry":{"type":"MultiPolygon","coordinates":[[[[105.96002,30.30261,0.0],[105.96088,30.30512,0.0],[105.96304,30.30714,0.0],[105.96704,30.30821,0.0],[105.97105,30.30975,0.0],[105.97533,30.31173,0.0],[105.97752,30.31467,0.0],[105.97918,30.31739,0.0],[105.9798,30.32128,0.0],[105.97966,30.3261,0.0],[105.97877,30.33276,0.0],[105.97739,30.34127,0.0],[105.97623,30.34794,0.0],[105.97511,30.35622,0.0],[105.9742,30.36197,0.0],[105.97356,30.36817,0.0],[105.97234,30.37278,0.0],[105.99666,30.37891,0.0],[105.99946,30.37913,0.0],[106.01245,30.3738,0.0],[106.01508,30.37368,0.0],[106.01911,30.37396,0.0],[106.0231,30.37689,0.0],[106.02757,30.37666,0.0],[106.0303,30.36372,0.0],[106.03182,30.36195,0.0],[106.03821,30.36036,0.0],[106.0393,30.35318,0.0],[106.04073,30.35244,0.0],[106.04306,30.35461,0.0],[106.04433,30.35573,0.0],[106.04579,30.35255,0.0],[106.05756,30.34441,0.0],[106.0572,30.34283,0.0],[106.05631,30.34151,0.0],[106.05761,30.34109,0.0],[106.05962,30.34097,0.0],[106.0594,30.34317,0.0],[106.0606,30.34395,0.0],[106.06316,30.34352,0.0],[106.06387,30.34344,0.0],[106.06535,30.34487,0.0],[106.06692,30.34371,0.0],[106.06548,30.34259,0.0],[106.06436,30.33997,0.0],[106.06736,30.33846,0.0],[106.06915,30.3361,0.0],[106.07282,30.339,0.0],[106.07493,30.34661,0.0],[106.07717,30.34731,0.0],[106.08375,30.34847,0.0],[106.08578,30.34769,0.0],[106.08755,30.33572,0.0],[106.0858,30.3327,0.0],[106.08527,30.3278,0.0],[106.08254,30.32799,0.0],[106.08392,30.32548,0.0],[106.08679,30.32641,0.0],[106.0884,30.32482,0.0],[106.08997,30.32536,0.0],[106.0901,30.32668,0.0],[106.09261,30.32525,0.0],[106.09453,30.32583,0.0],[106.09467,30.32532,0.0],[106.0944,30.32448,0.0],[106.09446,30.3243,0.0],[106.09504,30.32387,0.0],[106.09538,30.32379,0.0],[106.09585,30.32392,0.0],[106.09733,30.32421,0.0],[106.09858,30.32423,0.0],[106.09924,30.32405,0.0],[106.09962,30.32345,0.0],[106.09992,30.32255,0.0],[106.09984,30.32198,0.0],[106.09888,30.32055,0.0],[106.09845,30.32024,0.0],[106.0972,30.32009,0.0],[106.09662,30.3203,0.0],[106.09648,30.32075,0.0],[106.0966,30.32132,0.0],[106.09651,30.32163,0.0],[106.09626,30.32172,0.0],[106.09591,30.32166,0.0],[106.09516,30.32126,0.0],[106.09489,30.32091,0.0],[106.09515,30.32043,0.0],[106.09595,30.31977,0.0],[106.09725,30.31897,0.0],[106.09786,30.31836,0.0],[106.0987,30.31713,0.0],[106.09884,30.31707,0.0],[106.09904,30.31714,0.0],[106.0994,30.31791,0.0],[106.0997,30.31824,0.0],[106.10039,30.31812,0.0],[106.10076,30.31695,0.0],[106.10139,30.31572,0.0],[106.10176,30.31427,0.0],[106.10214,30.31372,0.0],[106.10238,30.31362,0.0],[106.10366,30.31389,0.0],[106.10433,30.31426,0.0],[106.10436,30.31447,0.0],[106.10398,30.31497,0.0],[106.10367,30.31567,0.0],[106.10391,30.31663,0.0],[106.10431,30.31707,0.0],[106.1054,30.31737,0.0],[106.10692,30.31732,0.0],[106.10783,30.31721,0.0],[106.10895,30.31665,0.0],[106.10934,30.3165,0.0],[106.10977,30.31665,0.0],[106.10981,30.31679,0.0],[106.1097,30.31699,0.0],[106.10866,30.31751,0.0],[106.10737,30.31817,0.0],[106.10695,30.31869,0.0],[106.10712,30.31927,0.0],[106.10752,30.31978,0.0],[106.10874,30.32037,0.0],[106.11018,30.32056,0.0],[106.11116,30.32058,0.0],[106.11181,30.32026,0.0],[106.11252,30.31875,0.0],[106.11286,30.31819,0.0],[106.11364,30.31788,0.0],[106.11467,30.31784,0.0],[106.11554,30.31763,0.0],[106.11606,30.31698,0.0],[106.11652,30.31681,0.0],[106.11687,30.31691,0.0],[106.11794,30.31679,0.0],[106.11946,30.31586,0.0],[106.12027,30.31447,0.0],[106.12023,30.31312,0.0],[106.11857,30.3106,0.0],[106.11857,30.30956,0.0],[106.11964,30.30871,0.0],[106.12094,30.30832,0.0],[106.12322,30.30898,0.0],[106.12401,30.30849,0.0],[106.12367,30.30755,0.0],[106.12197,30.30639,0.0],[106.12193,30.30535,0.0],[106.1226,30.30454,0.0],[106.1243,30.30485,0.0],[106.12797,30.30423,0.0],[106.12913,30.30539,0.0],[106.13016,30.30829,0.0],[106.13083,30.31103,0.0],[106.12913,30.31246,0.0],[106.1273,30.31381,0.0],[106.12613,30.31652,0.0],[106.1251,30.31798,0.0],[106.1226,30.31903,0.0],[106.12121,30.3205,0.0],[106.12072,30.32101,0.0],[106.12098,30.32124,0.0],[106.12118,30.32185,0.0],[106.12129,30.32212,0.0],[106.12136,30.32246,0.0],[106.12166,30.32294,0.0],[106.12174,30.32367,0.0],[106.12173,30.32451,0.0],[106.12154,30.3252,0.0],[106.12089,30.32603,0.0],[106.11969,30.32746,0.0],[106.11971,30.32767,0.0],[106.11989,30.32781,0.0],[106.12064,30.3279,0.0],[106.12112,30.32771,0.0],[106.12178,30.32763,0.0],[106.12236,30.32743,0.0],[106.12343,30.3268,0.0],[106.12443,30.32664,0.0],[106.12614,30.32668,0.0],[106.1276,30.32687,0.0],[106.1283,30.32648,0.0],[106.12868,30.32527,0.0],[106.12872,30.3232,0.0],[106.12912,30.32225,0.0],[106.12946,30.32159,0.0],[106.12937,30.31974,0.0],[106.13038,30.31861,0.0],[106.13076,30.31777,0.0],[106.13056,30.31724,0.0],[106.12873,30.31612,0.0],[106.12849,30.31538,0.0],[106.12994,30.31479,0.0],[106.13174,30.31479,0.0],[106.13232,30.31615,0.0],[106.13236,30.31778,0.0],[106.13307,30.31808,0.0],[106.13422,30.31709,0.0],[106.13637,30.31647,0.0],[106.138,30.3159,0.0],[106.13883,30.31457,0.0],[106.13995,30.31445,0.0],[106.14079,30.31692,0.0],[106.14123,30.31723,0.0],[106.14427,30.31675,0.0],[106.1455,30.31586,0.0],[106.14592,30.315,0.0],[106.14501,30.31321,0.0],[106.1451,30.31216,0.0],[106.14597,30.31145,0.0],[106.1472,30.31173,0.0],[106.14834,30.31336,0.0],[106.14998,30.31547,0.0],[106.15229,30.31558,0.0],[106.15288,30.31434,0.0],[106.15358,30.31317,0.0],[106.1554,30.31089,0.0],[106.15874,30.31136,0.0],[106.15964,30.31038,0.0],[106.15947,30.30869,0.0],[106.15782,30.30718,0.0],[106.15806,30.30648,0.0],[106.15931,30.30652,0.0],[106.16135,30.30939,0.0],[106.16273,30.30904,0.0],[106.16425,30.3067,0.0],[106.16566,30.30709,0.0],[106.16672,30.30827,0.0],[106.16713,30.30917,0.0],[106.16781,30.30894,0.0],[106.16752,30.30779,0.0],[106.1666,30.30644,0.0],[106.16513,30.30255,0.0],[106.16379,30.3007,0.0],[106.16339,30.29976,0.0],[106.16451,30.29886,0.0],[106.16456,30.29764,0.0],[106.16524,30.29744,0.0],[106.16701,30.29884,0.0],[106.16954,30.29976,0.0],[106.17095,30.29972,0.0],[106.17203,30.29925,0.0],[106.17087,30.29805,0.0],[106.1699,30.2972,0.0],[106.17142,30.29389,0.0],[106.17129,30.29101,0.0],[106.17049,30.29004,0.0],[106.16915,30.28997,0.0],[106.16825,30.29031,0.0],[106.16759,30.28974,0.0],[106.16764,30.28803,0.0],[106.16843,30.28767,0.0],[106.17086,30.28767,0.0],[106.17259,30.28692,0.0],[106.17378,30.28689,0.0],[106.17401,30.28642,0.0],[106.17325,30.28533,0.0],[106.17134,30.28402,0.0],[106.1708,30.28308,0.0],[106.17136,30.28239,0.0],[106.17386,30.2822,0.0],[106.1771,30.28128,0.0],[106.17702,30.28053,0.0],[106.17614,30.28009,0.0],[106.17295,30.27844,0.0],[106.17181,30.27646,0.0],[106.1715,30.27456,0.0],[106.17235,30.27347,0.0],[106.17407,30.27319,0.0],[106.17518,30.27416,0.0],[106.17642,30.27544,0.0],[106.17735,30.2753,0.0],[106.17787,30.27461,0.0],[106.17751,30.27408,0.0],[106.17675,30.27343,0.0],[106.17732,30.26884,0.0],[106.17698,30.26766,0.0],[106.17518,30.2665,0.0],[106.17522,30.26546,0.0],[106.17606,30.26457,0.0],[106.17537,30.26379,0.0],[106.17466,30.26329,0.0],[106.17462,30.26289,0.0],[106.17496,30.26174,0.0],[106.17449,30.26059,0.0],[106.17329,30.25936,0.0],[106.17072,30.25781,0.0],[106.16683,30.25386,0.0],[106.16675,30.25249,0.0],[106.16806,30.25149,0.0],[106.17027,30.25169,0.0],[106.17226,30.25065,0.0],[106.17557,30.25151,0.0],[106.17604,30.2506,0.0],[106.17469,30.24809,0.0],[106.17479,30.2434,0.0],[106.17602,30.24242,0.0],[106.17745,30.24261,0.0],[106.17883,30.24292,0.0],[106.17936,30.24112,0.0],[106.17866,30.24003,0.0],[106.17793,30.23922,0.0],[106.17666,30.23736,0.0],[106.1761,30.23415,0.0],[106.17903,30.23463,0.0],[106.18217,30.2354,0.0],[106.18419,30.23569,0.0],[106.18541,30.23436,0.0],[106.18657,30.23393,0.0],[106.18951,30.23523,0.0],[106.19563,30.23649,0.0],[106.19795,30.23695,0.0],[106.19773,30.23341,0.0],[106.19617,30.23352,0.0],[106.19597,30.23271,0.0],[106.19717,30.23163,0.0],[106.19687,30.23004,0.0],[106.19389,30.22655,0.0],[106.19262,30.2237,0.0],[106.1881,30.2193,0.0],[106.18915,30.21669,0.0],[106.19104,30.21554,0.0],[106.1937,30.21443,0.0],[106.19739,30.21569,0.0],[106.19919,30.21558,0.0],[106.20069,30.21432,0.0],[106.1993,30.21085,0.0],[106.19988,30.2092,0.0],[106.19971,30.20738,0.0],[106.20061,30.20675,0.0],[106.20245,30.20781,0.0],[106.20368,30.20725,0.0],[106.20492,30.20721,0.0],[106.2064,30.20564,0.0],[106.20795,30.20621,0.0],[106.20994,30.20504,0.0],[106.21522,30.20809,0.0],[106.22277,30.21354,0.0],[106.22415,30.21628,0.0],[106.22683,30.21554,0.0],[106.229,30.21457,0.0],[106.22964,30.21235,0.0],[106.23525,30.20662,0.0],[106.23655,30.2031,0.0],[106.23577,30.19965,0.0],[106.23464,30.1983,0.0],[106.23325,30.1989,0.0],[106.23247,30.1962,0.0],[106.231,30.1959,0.0],[106.23143,30.19501,0.0],[106.23065,30.19463,0.0],[106.22987,30.19486,0.0],[106.22952,30.19328,0.0],[106.22718,30.19328,0.0],[106.22631,30.19238,0.0],[106.2271,30.19148,0.0],[106.22744,30.18968,0.0],[106.23013,30.18758,0.0],[106.23343,30.18751,0.0],[106.23724,30.18706,0.0],[106.2375,30.18466,0.0],[106.23802,30.18001,0.0],[106.2388,30.17904,0.0],[106.24158,30.17971,0.0],[106.2434,30.18218,0.0],[106.24253,30.18451,0.0],[106.24106,30.18623,0.0],[106.24193,30.18796,0.0],[106.24531,30.19013,0.0],[106.24609,30.19148,0.0],[106.2421,30.19628,0.0],[106.2421,30.19785,0.0],[106.24268,30.20032,0.0],[106.2438,30.20129,0.0],[106.24372,30.20017,0.0],[106.24467,30.19957,0.0],[106.24562,30.20084,0.0],[106.2471,30.19964,0.0],[106.2484,30.20062,0.0],[106.24875,30.20182,0.0],[106.25031,30.20167,0.0],[106.24918,30.20084,0.0],[106.24953,30.20017,0.0],[106.25022,30.20107,0.0],[106.2523,30.19882,0.0],[106.25369,30.19852,0.0],[106.25708,30.19927,0.0],[106.25985,30.19792,0.0],[106.26054,30.19612,0.0],[106.25942,30.19215,0.0],[106.25985,30.1893,0.0],[106.26141,30.1872,0.0],[106.2648,30.18682,0.0],[106.26705,30.18765,0.0],[106.26757,30.189,0.0],[106.26662,30.1905,0.0],[106.26323,30.1929,0.0],[106.2628,30.19462,0.0],[106.26375,30.1956,0.0],[106.2661,30.19695,0.0],[106.26644,30.19807,0.0],[106.26575,30.20107,0.0],[106.26627,30.20227,0.0],[106.26809,30.20369,0.0],[106.268,30.20617,0.0],[106.2667,30.20872,0.0],[106.26506,30.21059,0.0],[106.26089,30.21231,0.0],[106.25829,30.21501,0.0],[106.25864,30.21659,0.0],[106.26219,30.21726,0.0],[106.26514,30.21681,0.0],[106.2667,30.21614,0.0],[106.26705,30.21254,0.0],[106.26853,30.21246,0.0],[106.27095,30.21344,0.0],[106.27286,30.21321,0.0],[106.27564,30.21156,0.0],[106.27625,30.20864,0.0],[106.27564,30.20707,0.0],[106.27451,30.20077,0.0],[106.27494,30.19777,0.0],[106.27651,30.1971,0.0],[106.28032,30.19792,0.0],[106.28128,30.19927,0.0],[106.28076,30.20444,0.0],[106.2824,30.20452,0.0],[106.28648,30.20572,0.0],[106.28822,30.20422,0.0],[106.2896,30.20422,0.0],[106.28952,30.20572,0.0],[106.2916,30.20632,0.0],[106.29255,30.20797,0.0],[106.28787,30.21794,0.0],[106.28735,30.21966,0.0],[106.28856,30.22213,0.0],[106.30175,30.2279,0.0],[106.30253,30.22903,0.0],[106.30149,30.23083,0.0],[106.29923,30.23353,0.0],[106.29646,30.2351,0.0],[106.29706,30.2372,0.0],[106.29585,30.2396,0.0],[106.29646,30.24072,0.0],[106.30079,30.24034,0.0],[106.30253,30.24049,0.0],[106.30383,30.23982,0.0],[106.30565,30.23975,0.0],[106.30799,30.23795,0.0],[106.31077,30.23675,0.0],[106.31268,30.23472,0.0],[106.31398,30.23195,0.0],[106.31597,30.2315,0.0],[106.31944,30.23233,0.0],[106.32196,30.23165,0.0],[106.32491,30.2297,0.0],[106.32803,30.22873,0.0],[106.33072,30.22828,0.0],[106.33133,30.2309,0.0],[106.33315,30.23457,0.0],[106.33202,30.23802,0.0],[106.3328,30.24012,0.0],[106.33514,30.24109,0.0],[106.33775,30.23937,0.0],[106.34061,30.23967,0.0],[106.34122,30.24072,0.0],[106.34148,30.24282,0.0],[106.34503,30.24731,0.0],[106.34668,30.24716,0.0],[106.35327,30.24409,0.0],[106.3544,30.24507,0.0],[106.35579,30.24364,0.0],[106.3616,30.24357,0.0],[106.36212,30.24454,0.0],[106.36073,30.24641,0.0],[106.36151,30.24724,0.0],[106.36472,30.24814,0.0],[106.36741,30.25046,0.0],[106.37895,30.24814,0.0],[106.38077,30.25024,0.0],[106.3819,30.24874,0.0],[106.38164,30.24649,0.0],[106.38311,30.24544,0.0],[106.38641,30.24529,0.0],[106.38684,30.24634,0.0],[106.38268,30.25203,0.0],[106.37973,30.25316,0.0],[106.37912,30.25488,0.0],[106.37904,30.25683,0.0],[106.38355,30.25825,0.0],[106.38676,30.25743,0.0],[106.38936,30.25406,0.0],[106.39413,30.25144,0.0],[106.3976,30.24529,0.0],[106.39925,30.24439,0.0],[106.40506,30.24582,0.0],[106.4074,30.24597,0.0],[106.40896,30.24694,0.0],[106.41148,30.25196,0.0],[106.41087,30.25406,0.0],[106.41243,30.25563,0.0],[106.41937,30.25533,0.0],[106.42423,30.25586,0.0],[106.42518,30.2584,0.0],[106.4257,30.26125,0.0],[106.42605,30.26312,0.0],[106.42458,30.26485,0.0],[106.41946,30.26462,0.0],[106.41772,30.2653,0.0],[106.41607,30.26739,0.0],[106.41746,30.27039,0.0],[106.41668,30.27219,0.0],[106.41529,30.27249,0.0],[106.41269,30.27151,0.0],[106.41044,30.27121,0.0],[106.40957,30.27294,0.0],[106.40827,30.27429,0.0],[106.40575,30.27533,0.0],[106.40402,30.27841,0.0],[106.40671,30.27803,0.0],[106.40966,30.27721,0.0],[106.41087,30.27811,0.0],[106.41382,30.28088,0.0],[106.41573,30.28148,0.0],[106.41633,30.27975,0.0],[106.41868,30.2799,0.0],[106.42137,30.2808,0.0],[106.42683,30.28035,0.0],[106.42891,30.2796,0.0],[106.43039,30.27946,0.0],[106.43221,30.2805,0.0],[106.43186,30.2832,0.0],[106.43047,30.28605,0.0],[106.42518,30.29219,0.0],[106.42484,30.29466,0.0],[106.42709,30.29721,0.0],[106.42978,30.29811,0.0],[106.4323,30.29728,0.0],[106.43689,30.29249,0.0],[106.43828,30.29189,0.0],[106.44019,30.29226,0.0],[106.44114,30.29414,0.0],[106.44108,30.29698,0.0],[106.43834,30.30172,0.0],[106.43203,30.3061,0.0],[106.43595,30.31002,0.0],[106.43683,30.31236,0.0],[106.44134,30.30925,0.0],[106.44417,30.31054,0.0],[106.44692,30.31065,0.0],[106.45173,30.3085,0.0],[106.44559,30.30661,0.0],[106.44387,30.30176,0.0],[106.45044,30.29972,0.0],[106.45211,30.30465,0.0],[106.45409,30.30502,0.0],[106.45718,30.30421,0.0],[106.464,30.30154,0.0],[106.46868,30.30265,0.0],[106.47134,30.31006,0.0],[106.47769,30.30791,0.0],[106.47752,30.30228,0.0],[106.48078,30.2982,0.0],[106.48833,30.30109,0.0],[106.49417,30.29843,0.0],[106.49348,30.29035,0.0],[106.50867,30.29176,0.0],[106.5079,30.29998,0.0],[106.51134,30.30139,0.0],[106.51752,30.29739,0.0],[106.52018,30.30243,0.0],[106.52661,30.30183,0.0],[106.53391,30.30339,0.0],[106.54078,30.29969,0.0],[106.54198,30.31028,0.0],[106.54447,30.31391,0.0],[106.55159,30.31851,0.0],[106.55605,30.3188,0.0],[106.56567,30.31058,0.0],[106.57605,30.30695,0.0],[106.58257,30.30673,0.0],[106.58772,30.29576,0.0],[106.5982,30.29502,0.0],[106.60755,30.29568,0.0],[106.6194,30.28427,0.0],[106.61845,30.27545,0.0],[106.62043,30.26878,0.0],[106.63193,30.26663,0.0],[106.63737,30.25765,0.0],[106.63846,30.25537,0.0],[106.64353,30.24784,0.0],[106.64193,30.24664,0.0],[106.63469,30.24679,0.0],[106.63102,30.24561,0.0],[106.62914,30.24173,0.0],[106.62311,30.23975,0.0],[106.62133,30.23649,0.0],[106.61017,30.23535,0.0],[106.60711,30.23149,0.0],[106.60858,30.22956,0.0],[106.61023,30.2305,0.0],[106.6114,30.23008,0.0],[106.61088,30.22855,0.0],[106.61162,30.22799,0.0],[106.61869,30.2296,0.0],[106.61934,30.22881,0.0],[106.61908,30.2251,0.0],[106.62176,30.22503,0.0],[106.62302,30.2278,0.0],[106.6245,30.22694,0.0],[106.62406,30.22536,0.0],[106.62385,30.22465,0.0],[106.62584,30.22334,0.0],[106.62601,30.22169,0.0],[106.62324,30.21959,0.0],[106.62519,30.21914,0.0],[106.62723,30.21761,0.0],[106.62992,30.21873,0.0],[106.63213,30.21738,0.0],[106.63252,30.21611,0.0],[106.63039,30.21573,0.0],[106.62914,30.21495,0.0],[106.62675,30.21214,0.0],[106.62406,30.21116,0.0],[106.62341,30.20955,0.0],[106.62398,30.20828,0.0],[106.62489,30.20772,0.0],[106.62623,30.20697,0.0],[106.62593,30.20607,0.0],[106.62324,30.20566,0.0],[106.62294,30.20449,0.0],[106.62619,30.19869,0.0],[106.62788,30.1976,0.0],[106.62918,30.19767,0.0],[106.62996,30.20015,0.0],[106.63152,30.20086,0.0],[106.63351,30.19988,0.0],[106.63534,30.19441,0.0],[106.63438,30.19351,0.0],[106.63091,30.19288,0.0],[106.62966,30.18894,0.0],[106.63052,30.18733,0.0],[106.63161,30.18654,0.0],[106.63425,30.18868,0.0],[106.6411,30.19183,0.0],[106.64548,30.19168,0.0],[106.64704,30.19112,0.0],[106.647,30.18909,0.0],[106.63902,30.17987,0.0],[106.63906,30.17864,0.0],[106.64036,30.17774,0.0],[106.64327,30.17699,0.0],[106.65038,30.17669,0.0],[106.65299,30.17492,0.0],[106.65407,30.16915,0.0],[106.64908,30.1678,0.0],[106.64813,30.16642,0.0],[106.64843,30.16507,0.0],[106.64899,30.16432,0.0],[106.65034,30.16409,0.0],[106.65179,30.16436,0.0],[106.65541,30.16769,0.0],[106.662,30.17024,0.0],[106.66434,30.16855,0.0],[106.66278,30.16297,0.0],[106.66474,30.15985,0.0],[106.66616,30.15869,0.0],[106.66885,30.15907,0.0],[106.67193,30.16139,0.0],[106.67457,30.16132,0.0],[106.67692,30.15948,0.0],[106.67748,30.15757,0.0],[106.67375,30.15431,0.0],[106.67262,30.15206,0.0],[106.67527,30.14683,0.0],[106.67374,30.14041,0.0],[106.67378,30.13274,0.0],[106.67276,30.12593,0.0],[106.66804,30.12444,0.0],[106.66511,30.12145,0.0],[106.66351,30.11308,0.0],[106.66071,30.10731,0.0],[106.65838,30.10048,0.0],[106.64928,30.08933,0.0],[106.64817,30.08378,0.0],[106.64439,30.08336,0.0],[106.64152,30.08457,0.0],[106.63971,30.0845,0.0],[106.63593,30.08343,0.0],[106.63166,30.084,0.0],[106.6292,30.08357,0.0],[106.62213,30.07831,0.0],[106.60612,30.06338,0.0],[106.60152,30.06061,0.0],[106.5938,30.05258,0.0],[106.59027,30.05087,0.0],[106.58846,30.04888,0.0],[106.58788,30.04597,0.0],[106.59355,30.0412,0.0],[106.59643,30.04113,0.0],[106.59741,30.04056,0.0],[106.59684,30.03879,0.0],[106.59692,30.03523,0.0],[106.59766,30.03288,0.0],[106.59528,30.03267,0.0],[106.59404,30.03168,0.0],[106.59207,30.02961,0.0],[106.58895,30.02883,0.0],[106.58476,30.02705,0.0],[106.58378,30.02456,0.0],[106.58148,30.02407,0.0],[106.57983,30.02271,0.0],[106.57655,30.02158,0.0],[106.57581,30.01951,0.0],[106.57556,30.01816,0.0],[106.57146,30.01816,0.0],[106.56981,30.01688,0.0],[106.5699,30.01383,0.0],[106.56587,30.01062,0.0],[106.5662,30.00906,0.0],[106.57088,30.00821,0.0],[106.57105,30.00678,0.0],[106.5685,30.00373,0.0],[106.5671,29.99775,0.0],[106.56653,29.99313,0.0],[106.56439,29.98822,0.0],[106.56144,29.98011,0.0],[106.5593,29.97876,0.0],[106.55881,29.97342,0.0],[106.5538,29.9599,0.0],[106.54657,29.94517,0.0],[106.54082,29.93947,0.0],[106.53926,29.94019,0.0],[106.53647,29.94346,0.0],[106.52792,29.94823,0.0],[106.52332,29.94965,0.0],[106.52127,29.94873,0.0],[106.5193,29.94204,0.0],[106.51577,29.93641,0.0],[106.51454,29.93051,0.0],[106.51306,29.92979,0.0],[106.50895,29.93157,0.0],[106.5055,29.93193,0.0],[106.50189,29.93528,0.0],[106.50074,29.93449,0.0],[106.49581,29.92538,0.0],[106.49318,29.92481,0.0],[106.49088,29.92132,0.0],[106.48973,29.91805,0.0],[106.48776,29.91648,0.0],[106.48727,29.91335,0.0],[106.48324,29.91129,0.0],[106.48152,29.91235,0.0],[106.47831,29.91242,0.0],[106.47503,29.91143,0.0],[106.47363,29.90908,0.0],[106.47224,29.90751,0.0],[106.47421,29.90566,0.0],[106.47554,29.90356,0.0],[106.47388,29.90231,0.0],[106.47322,29.89996,0.0],[106.46893,29.89947,0.0],[106.46868,29.8982,0.0],[106.47232,29.89804,0.0],[106.47346,29.89753,0.0],[106.47119,29.8952,0.0],[106.473,29.89391,0.0],[106.47061,29.89232,0.0],[106.46994,29.89028,0.0],[106.46913,29.88852,0.0],[106.46668,29.88844,0.0],[106.46583,29.88886,0.0],[106.46508,29.88874,0.0],[106.4646,29.88675,0.0],[106.46271,29.88465,0.0],[106.46197,29.88188,0.0],[106.46328,29.8796,0.0],[106.46369,29.8776,0.0],[106.46197,29.87433,0.0],[106.45909,29.87305,0.0],[106.45326,29.87091,0.0],[106.45137,29.8687,0.0],[106.44891,29.86806,0.0],[106.4476,29.86913,0.0],[106.44626,29.86969,0.0],[106.44647,29.87088,0.0],[106.44718,29.87276,0.0],[106.4577,29.8875,0.0],[106.4539,29.88992,0.0],[106.45331,29.88883,0.0],[106.45268,29.88755,0.0],[106.45118,29.88515,0.0],[106.45012,29.88323,0.0],[106.44669,29.88259,0.0],[106.44456,29.88045,0.0],[106.44283,29.88052,0.0],[106.44168,29.88209,0.0],[106.44209,29.88359,0.0],[106.44316,29.8843,0.0],[106.44242,29.88501,0.0],[106.4407,29.88537,0.0],[106.43905,29.88629,0.0],[106.4393,29.88757,0.0],[106.44209,29.889,0.0],[106.44193,29.89092,0.0],[106.44308,29.89306,0.0],[106.44283,29.8942,0.0],[106.44061,29.8942,0.0],[106.43922,29.89441,0.0],[106.43979,29.89569,0.0],[106.44497,29.89811,0.0],[106.4448,29.89975,0.0],[106.44858,29.90509,0.0],[106.45014,29.91015,0.0],[106.44833,29.91107,0.0],[106.44965,29.91378,0.0],[106.4517,29.91342,0.0],[106.45219,29.91627,0.0],[106.45326,29.91755,0.0],[106.45343,29.92018,0.0],[106.45671,29.92745,0.0],[106.45392,29.92688,0.0],[106.45121,29.92737,0.0],[106.45146,29.92923,0.0],[106.44415,29.92915,0.0],[106.44341,29.92823,0.0],[106.44456,29.92702,0.0],[106.44513,29.92588,0.0],[106.44669,29.92474,0.0],[106.44431,29.92139,0.0],[106.44423,29.91883,0.0],[106.44152,29.91648,0.0],[106.44143,29.91527,0.0],[106.43987,29.9125,0.0],[106.44037,29.91079,0.0],[106.43889,29.90951,0.0],[106.43815,29.90765,0.0],[106.4338,29.90488,0.0],[106.42977,29.90431,0.0],[106.42764,29.90481,0.0],[106.42583,29.90886,0.0],[106.42501,29.91,0.0],[106.42271,29.91015,0.0],[106.42098,29.90936,0.0],[106.4209,29.9078,0.0],[106.41942,29.90758,0.0],[106.4177,29.90652,0.0],[106.41885,29.90488,0.0],[106.42279,29.90424,0.0],[106.42345,29.90331,0.0],[106.42213,29.90125,0.0],[106.4218,29.8994,0.0],[106.4246,29.89576,0.0],[106.42435,29.89441,0.0],[106.4218,29.89235,0.0],[106.42074,29.89057,0.0],[106.42057,29.8885,0.0],[106.4195,29.88722,0.0],[106.41564,29.88729,0.0],[106.41417,29.88822,0.0],[106.41129,29.88857,0.0],[106.40816,29.89064,0.0],[106.40199,29.89229,0.0],[106.4001,29.89515,0.0],[106.39136,29.89914,0.0],[106.38708,29.90296,0.0],[106.38644,29.90903,0.0],[106.38657,29.91061,0.0],[106.38798,29.91767,0.0],[106.38767,29.9218,0.0],[106.38482,29.92578,0.0],[106.377,29.93016,0.0],[106.36819,29.92514,0.0],[106.36116,29.91921,0.0],[106.35528,29.91635,0.0],[106.34397,29.90788,0.0],[106.33597,29.9038,0.0],[106.33173,29.90026,0.0],[106.32664,29.89879,0.0],[106.32554,29.89589,0.0],[106.31963,29.89172,0.0],[106.30993,29.88815,0.0],[106.30973,29.88643,0.0],[106.30785,29.88364,0.0],[106.30193,29.87918,0.0],[106.29413,29.87361,0.0],[106.2858,29.86759,0.0],[106.28036,29.86174,0.0],[106.27548,29.8568,0.0],[106.27194,29.85275,0.0],[106.26758,29.84733,0.0],[106.26569,29.84554,0.0],[106.26353,29.84375,0.0],[106.26126,29.84747,0.0],[106.26106,29.84976,0.0],[106.26066,29.85413,0.0],[106.26098,29.85641,0.0],[106.26216,29.86098,0.0],[106.26439,29.86529,0.0],[106.26771,29.87095,0.0],[106.27156,29.87683,0.0],[106.27545,29.88409,0.0],[106.27813,29.88933,0.0],[106.27824,29.88954,0.0],[106.27943,29.89433,0.0],[106.27953,29.89822,0.0],[106.27853,29.90031,0.0],[106.27387,29.90339,0.0],[106.27019,29.90346,0.0],[106.26516,29.90265,0.0],[106.26041,29.90229,0.0],[106.2562,29.90307,0.0],[106.25257,29.90498,0.0],[106.24897,29.90826,0.0],[106.24489,29.91316,0.0],[106.24062,29.92082,0.0],[106.23914,29.92475,0.0],[106.23445,29.92691,0.0],[106.22947,29.92793,0.0],[106.22318,29.92921,0.0],[106.21586,29.93142,0.0],[106.2088,29.93386,0.0],[106.20197,29.93469,0.0],[106.19349,29.93302,0.0],[106.18552,29.93112,0.0],[106.17832,29.92783,0.0],[106.17195,29.92635,0.0],[106.16348,29.92469,0.0],[106.15848,29.92525,0.0],[106.15402,29.92625,0.0],[106.14877,29.92728,0.0],[106.14462,29.92942,0.0],[106.14224,29.92947,0.0],[106.13428,29.92757,0.0],[106.12961,29.93018,0.0],[106.12495,29.93371,0.0],[106.12077,29.93517,0.0],[106.11533,29.93872,0.0],[106.1102,29.94409,0.0],[106.10802,29.95193,0.0],[106.10763,29.95676,0.0],[106.10807,29.96363,0.0],[106.11087,29.96999,0.0],[106.11341,29.97636,0.0],[106.11522,29.98481,0.0],[106.11674,29.99281,0.0],[106.11606,29.99672,0.0],[106.11299,30.00068,0.0],[106.10938,30.00373,0.0],[106.10402,30.00447,0.0],[106.09159,30.00531,0.0],[106.08379,30.00356,0.0],[106.07006,30.0037,0.0],[106.04318,29.99958,0.0],[106.03772,30.00021,0.0],[106.0365,30.0029,0.0],[106.03768,30.00615,0.0],[106.04585,30.01271,0.0],[106.04505,30.01566,0.0],[106.04206,30.0178,0.0],[106.02865,30.02164,0.0],[106.01457,30.03148,0.0],[105.99094,30.03253,0.0],[105.98311,30.04157,0.0],[105.97825,30.05236,0.0],[105.97803,30.05936,0.0],[105.97794,30.06554,0.0],[105.98374,30.07402,0.0],[105.98234,30.07682,0.0],[105.97856,30.08141,0.0],[105.97715,30.08442,0.0],[105.97836,30.08882,0.0],[105.98045,30.09153,0.0],[105.98199,30.09438,0.0],[105.98405,30.10072,0.0],[105.98504,30.10679,0.0],[105.98672,30.11065,0.0],[105.98895,30.11542,0.0],[105.99172,30.12065,0.0],[105.99181,30.12408,0.0],[105.99087,30.12869,0.0],[105.98988,30.13169,0.0],[105.98861,30.13355,0.0],[105.98577,30.13635,0.0],[105.98135,30.13919,0.0],[105.9772,30.14247,0.0],[105.97334,30.14644,0.0],[105.97237,30.15013,0.0],[105.97355,30.1547,0.0],[105.97678,30.15739,0.0],[105.98002,30.15985,0.0],[105.98008,30.16237,0.0],[105.97963,30.16559,0.0],[105.97898,30.17133,0.0],[105.97935,30.17568,0.0],[105.98236,30.17975,0.0],[105.98612,30.1822,0.0],[105.99012,30.18351,0.0],[105.9957,30.18478,0.0],[105.99943,30.18585,0.0],[106.0024,30.18809,0.0],[106.00623,30.19352,0.0],[106.00849,30.19944,0.0],[106.00993,30.20423,0.0],[106.00846,30.20861,0.0],[106.00665,30.21026,0.0],[106.00194,30.21195,0.0],[105.9964,30.21274,0.0],[105.99064,30.21468,0.0],[105.98613,30.21431,0.0],[105.98328,30.21642,0.0],[105.98175,30.21874,0.0],[105.98206,30.22058,0.0],[105.98346,30.22376,0.0],[105.98593,30.22761,0.0],[105.98734,30.23102,0.0],[105.98846,30.23352,0.0],[105.98856,30.23765,0.0],[105.98896,30.24292,0.0],[105.99068,30.24839,0.0],[105.99319,30.25339,0.0],[105.99648,30.25791,0.0],[106.00058,30.26333,0.0],[106.00309,30.26833,0.0],[106.00371,30.27199,0.0],[106.00166,30.27455,0.0],[105.99856,30.27759,0.0],[105.99515,30.2788,0.0],[105.99171,30.2791,0.0],[105.98404,30.27901,0.0],[105.97854,30.28117,0.0],[105.9728,30.28449,0.0],[105.96786,30.28825,0.0],[105.96403,30.2936,0.0],[105.96123,30.29801,0.0],[105.96002,30.30261,0.0]]]]}},{"type":"Feature","properties":{"uesi_id":"CHN_R913069","nbhd_code":"CHN_R913069_135","nbhd_name":"Jiangbei District"},"geometry":{"type":"MultiPolygon","coordinates":[[[[106.44628,29.59304,0.0],[106.44888,29.5971,0.0],[106.45797,29.61455,0.0],[106.46214,29.61453,0.0],[106.46896,29.61245,0.0],[106.47407,29.61274,0.0],[106.47517,29.61241,0.0],[106.47613,29.61449,0.0],[106.47805,29.61806,0.0],[106.48024,29.61711,0.0],[106.48069,29.61473,0.0],[106.48291,29.61029,0.0],[106.48367,29.60901,0.0],[106.48634,29.60717,0.0],[106.48702,29.60443,0.0],[106.48907,29.60217,0.0],[106.48901,29.59889,0.0],[106.48428,29.59728,0.0],[106.48428,29.58794,0.0],[106.48442,29.58612,0.0],[106.48651,29.58612,0.0],[106.4876,29.5765,0.0],[106.49017,29.57656,0.0],[106.49421,29.57508,0.0],[106.49756,29.57555,0.0],[106.50078,29.57502,0.0],[106.50393,29.57645,0.0],[106.50736,29.57829,0.0],[106.51037,29.58103,0.0],[106.51215,29.58121,0.0],[106.51454,29.5793,0.0],[106.51605,29.57984,0.0],[106.51694,29.58258,0.0],[106.51804,29.58454,0.0],[106.52221,29.58734,0.0],[106.52543,29.58865,0.0],[106.52961,29.59032,0.0],[106.53043,29.59095,0.0],[106.53156,29.5913,0.0],[106.53346,29.59139,0.0],[106.5344,29.59121,0.0],[106.53437,29.58847,0.0],[106.54624,29.58588,0.0],[106.54645,29.58729,0.0],[106.54734,29.58785,0.0],[106.55312,29.58841,0.0],[106.55348,29.58997,0.0],[106.55665,29.59294,0.0],[106.56131,29.59937,0.0],[106.55939,29.60687,0.0],[106.55974,29.61062,0.0],[106.57192,29.61723,0.0],[106.57589,29.62151,0.0],[106.57795,29.628,0.0],[106.58171,29.63068,0.0],[106.59185,29.63461,0.0],[106.60376,29.63574,0.0],[106.61691,29.63812,0.0],[106.62074,29.63788,0.0],[106.62581,29.63859,0.0],[106.62807,29.638,0.0],[106.63197,29.63752,0.0],[106.63341,29.63842,0.0],[106.63416,29.63937,0.0],[106.63594,29.63931,0.0],[106.63957,29.63675,0.0],[106.64121,29.63812,0.0],[106.64265,29.63848,0.0],[106.6443,29.63978,0.0],[106.64608,29.63961,0.0],[106.64443,29.6374,0.0],[106.64491,29.63562,0.0],[106.64765,29.63473,0.0],[106.64998,29.63776,0.0],[106.65374,29.6377,0.0],[106.65991,29.63473,0.0],[106.66271,29.63217,0.0],[106.6697,29.62913,0.0],[106.67182,29.62925,0.0],[106.67155,29.63008,0.0],[106.66929,29.63235,0.0],[106.67025,29.63365,0.0],[106.6723,29.63371,0.0],[106.67607,29.63252,0.0],[106.68175,29.62967,0.0],[106.68606,29.63008,0.0],[106.6888,29.63163,0.0],[106.69031,29.63163,0.0],[106.69469,29.62991,0.0],[106.69661,29.63032,0.0],[106.69928,29.63169,0.0],[106.70236,29.63098,0.0],[106.70599,29.63348,0.0],[106.70729,29.63889,0.0],[106.70948,29.64097,0.0],[106.70873,29.64407,0.0],[106.70948,29.64722,0.0],[106.71133,29.64788,0.0],[106.71612,29.64663,0.0],[106.72037,29.64335,0.0],[106.72235,29.64514,0.0],[106.72468,29.64871,0.0],[106.72755,29.64925,0.0],[106.72817,29.65436,0.0],[106.73187,29.66995,0.0],[106.73474,29.66977,0.0],[106.73721,29.6646,0.0],[106.73995,29.66591,0.0],[106.74221,29.67287,0.0],[106.74323,29.67352,0.0],[106.7444,29.67174,0.0],[106.74467,29.66632,0.0],[106.74722,29.66645,0.0],[106.74707,29.66448,0.0],[106.74673,29.66156,0.0],[106.74529,29.65871,0.0],[106.74892,29.6552,0.0],[106.75378,29.65407,0.0],[106.75563,29.65883,0.0],[106.75761,29.65859,0.0],[106.75789,29.65496,0.0],[106.76193,29.65555,0.0],[106.76391,29.6549,0.0],[106.76528,29.65936,0.0],[106.76795,29.66091,0.0],[106.7709,29.66121,0.0],[106.77261,29.66121,0.0],[106.77685,29.66388,0.0],[106.78021,29.66591,0.0],[106.78137,29.66793,0.0],[106.78343,29.66995,0.0],[106.78267,29.67138,0.0],[106.78048,29.67305,0.0],[106.78349,29.67727,0.0],[106.78849,29.6809,0.0],[106.79151,29.68137,0.0],[106.79411,29.68078,0.0],[106.7965,29.67947,0.0],[106.7983,29.67786,0.0],[106.79772,29.67514,0.0],[106.79952,29.67413,0.0],[106.80219,29.67365,0.0],[106.80332,29.67513,0.0],[106.80551,29.67789,0.0],[106.81194,29.67789,0.0],[106.81671,29.67699,0.0],[106.81769,29.67607,0.0],[106.818,29.67514,0.0],[106.81565,29.66734,0.0],[106.81661,29.66523,0.0],[106.82056,29.66239,0.0],[106.82203,29.66244,0.0],[106.82454,29.66399,0.0],[106.82572,29.66521,0.0],[106.82915,29.66603,0.0],[106.83825,29.66361,0.0],[106.84282,29.66327,0.0],[106.84582,29.66312,0.0],[106.8476,29.66252,0.0],[106.84814,29.66071,0.0],[106.85195,29.65938,0.0],[106.85441,29.65713,0.0],[106.85584,29.65486,0.0],[106.85936,29.65386,0.0],[106.86063,29.65291,0.0],[106.86058,29.65039,0.0],[106.86149,29.6498,0.0],[106.86312,29.65029,0.0],[106.86664,29.65559,0.0],[106.87262,29.66177,0.0],[106.87939,29.66342,0.0],[106.8814,29.66316,0.0],[106.88192,29.6621,0.0],[106.88145,29.6594,0.0],[106.88211,29.65741,0.0],[106.88388,29.65686,0.0],[106.88647,29.65991,0.0],[106.88841,29.66025,0.0],[106.89112,29.65959,0.0],[106.88229,29.64396,0.0],[106.87028,29.62128,0.0],[106.8608,29.60682,0.0],[106.85603,29.5965,0.0],[106.84807,29.57987,0.0],[106.8433,29.57867,0.0],[106.83514,29.58281,0.0],[106.82757,29.59148,0.0],[106.81771,29.59419,0.0],[106.8154,29.59386,0.0],[106.80841,29.59269,0.0],[106.79987,29.59165,0.0],[106.7936,29.59401,0.0],[106.79089,29.59783,0.0],[106.78933,29.60729,0.0],[106.77723,29.61,0.0],[106.76795,29.61224,0.0],[106.75971,29.61269,0.0],[106.75319,29.61441,0.0],[106.74661,29.61261,0.0],[106.74363,29.60824,0.0],[106.73845,29.59785,0.0],[106.73195,29.58923,0.0],[106.72307,29.58462,0.0],[106.71209,29.58268,0.0],[106.70141,29.57879,0.0],[106.69418,29.5728,0.0],[106.68683,29.56596,0.0],[106.67902,29.56507,0.0],[106.67066,29.56745,0.0],[106.66505,29.57218,0.0],[106.65767,29.59024,0.0],[106.65348,29.5948,0.0],[106.646,29.59313,0.0],[106.63865,29.5909,0.0],[106.63189,29.59208,0.0],[106.62437,29.60589,0.0],[106.62196,29.61472,0.0],[106.61676,29.61865,0.0],[106.60846,29.6206,0.0],[106.60034,29.61953,0.0],[106.59759,29.6188,0.0],[106.58741,29.61296,0.0],[106.58051,29.60561,0.0],[106.57758,29.59693,0.0],[106.5762,29.59004,0.0],[106.57689,29.58222,0.0],[106.58347,29.5748,0.0],[106.58058,29.57046,0.0],[106.57752,29.56927,0.0],[106.57254,29.5673,0.0],[106.5689,29.56763,0.0],[106.56601,29.56771,0.0],[106.55988,29.56957,0.0],[106.55476,29.57054,0.0],[106.54711,29.57054,0.0],[106.54255,29.57024,0.0],[106.54022,29.5685,0.0],[106.53854,29.56675,0.0],[106.53562,29.56062,0.0],[106.53266,29.55775,0.0],[106.52865,29.55501,0.0],[106.52236,29.55456,0.0],[106.50808,29.5574,0.0],[106.49901,29.55934,0.0],[106.496,29.55919,0.0],[106.49243,29.55786,0.0],[106.49005,29.55717,0.0],[106.48653,29.55706,0.0],[106.48395,29.55773,0.0],[106.48079,29.55964,0.0],[106.47834,29.56239,0.0],[106.47242,29.56815,0.0],[106.46674,29.57546,0.0],[106.46126,29.58001,0.0],[106.45903,29.58241,0.0],[106.45647,29.58414,0.0],[106.45314,29.58577,0.0],[106.45,29.58653,0.0],[106.44669,29.59027,0.0],[106.44628,29.59304,0.0]]]]}},{"type":"Feature","properties":{"uesi_id":"CHN_R913069","nbhd_code":"CHN_R913069_136","nbhd_name":"Jiangjin District"},"geometry":{"type":"MultiPolygon","coordinates":[[[[105.81998,28.96003,0.0],[105.82056,28.963,0.0],[105.82298,28.96548,0.0],[105.82617,28.9684,0.0],[105.82964,28.97132,0.0],[105.83466,28.97376,0.0],[105.8412,28.97679,0.0],[105.84768,28.98025,0.0],[105.85109,28.984,0.0],[105.85358,28.98722,0.0],[105.85545,28.99044,0.0],[105.8558,28.99476,0.0],[105.85493,28.99935,0.0],[105.85466,29.0034,0.0],[105.85378,29.00799,0.0],[105.85413,29.01203,0.0],[105.85417,29.01635,0.0],[105.85391,29.02094,0.0],[105.85487,29.0239,0.0],[105.85643,29.02686,0.0],[105.86059,29.03007,0.0],[105.86616,29.034,0.0],[105.87603,29.039,0.0],[105.88939,29.04877,0.0],[105.89633,29.05307,0.0],[105.9034,29.05616,0.0],[105.91016,29.05637,0.0],[105.9119,29.05881,0.0],[105.91351,29.06107,0.0],[105.91356,29.06291,0.0],[105.91394,29.06771,0.0],[105.91405,29.07253,0.0],[105.91313,29.07782,0.0],[105.91196,29.08334,0.0],[105.91077,29.08841,0.0],[105.90933,29.09371,0.0],[105.90923,29.10059,0.0],[105.90914,29.1077,0.0],[105.91159,29.11179,0.0],[105.91452,29.11379,0.0],[105.91799,29.11671,0.0],[105.92488,29.12071,0.0],[105.93019,29.12382,0.0],[105.93555,29.129,0.0],[105.93855,29.13422,0.0],[105.94474,29.14167,0.0],[105.94961,29.148,0.0],[105.9548,29.15708,0.0],[105.96021,29.16431,0.0],[105.96641,29.17176,0.0],[105.97208,29.179,0.0],[105.97668,29.18487,0.0],[105.98235,29.19233,0.0],[105.98615,29.19753,0.0],[105.99025,29.20479,0.0],[105.99595,29.21294,0.0],[105.99927,29.22022,0.0],[106.0052,29.22698,0.0],[106.01115,29.2349,0.0],[106.01364,29.24012,0.0],[106.01693,29.24602,0.0],[106.02052,29.25329,0.0],[106.02624,29.26189,0.0],[106.0285,29.26873,0.0],[106.03104,29.27579,0.0],[106.03149,29.28335,0.0],[106.03175,29.29344,0.0],[106.03192,29.30054,0.0],[106.03319,29.30923,0.0],[106.03494,29.31654,0.0],[106.03746,29.32268,0.0],[106.0384,29.32885,0.0],[106.04753,29.3273,0.0],[106.05694,29.3262,0.0],[106.06892,29.32299,0.0],[106.07614,29.31872,0.0],[106.07991,29.31245,0.0],[106.08418,29.30549,0.0],[106.08646,29.30223,0.0],[106.09232,29.2957,0.0],[106.09615,29.29172,0.0],[106.10362,29.28722,0.0],[106.11193,29.28407,0.0],[106.12161,29.28365,0.0],[106.12926,29.28556,0.0],[106.13535,29.28796,0.0],[106.14201,29.29242,0.0],[106.14846,29.29871,0.0],[106.15491,29.30477,0.0],[106.16158,29.30945,0.0],[106.16771,29.31322,0.0],[106.17725,29.31739,0.0],[106.18651,29.32041,0.0],[106.18825,29.32137,0.0],[106.19449,29.32483,0.0],[106.20238,29.33076,0.0],[106.20251,29.33086,0.0],[106.20766,29.33695,0.0],[106.21385,29.34301,0.0],[106.22034,29.35045,0.0],[106.22421,29.3577,0.0],[106.22707,29.36636,0.0],[106.23074,29.37591,0.0],[106.23096,29.38416,0.0],[106.23354,29.39214,0.0],[106.23608,29.39897,0.0],[106.24047,29.40599,0.0],[106.24348,29.41074,0.0],[106.24733,29.41708,0.0],[106.24958,29.42276,0.0],[106.25319,29.43003,0.0],[106.2555,29.43778,0.0],[106.26145,29.44267,0.0],[106.26253,29.44193,0.0],[106.26445,29.44062,0.0],[106.26874,29.44301,0.0],[106.27304,29.44108,0.0],[106.27838,29.44085,0.0],[106.28463,29.43722,0.0],[106.3,29.43677,0.0],[106.30337,29.43127,0.0],[106.30436,29.42869,0.0],[106.30598,29.42892,0.0],[106.31331,29.43004,0.0],[106.31975,29.42847,0.0],[106.32005,29.42358,0.0],[106.31642,29.42154,0.0],[106.31732,29.41522,0.0],[106.31862,29.41306,0.0],[106.3293,29.40047,0.0],[106.32943,29.39627,0.0],[106.32513,29.39207,0.0],[106.31419,29.38402,0.0],[106.30638,29.37687,0.0],[106.29792,29.37664,0.0],[106.2914,29.3746,0.0],[106.28828,29.36654,0.0],[106.27877,29.36563,0.0],[106.27617,29.36245,0.0],[106.27617,29.35632,0.0],[106.2634,29.34702,0.0],[106.2595,29.3393,0.0],[106.25807,29.32976,0.0],[106.26835,29.32851,0.0],[106.26913,29.3192,0.0],[106.27565,29.31409,0.0],[106.28489,29.31738,0.0],[106.28958,29.31682,0.0],[106.2888,29.31159,0.0],[106.28385,29.30853,0.0],[106.28177,29.28888,0.0],[106.28137,29.28379,0.0],[106.28792,29.27417,0.0],[106.29101,29.26235,0.0],[106.29421,29.25927,0.0],[106.30289,29.25868,0.0],[106.31144,29.25987,0.0],[106.3212,29.26241,0.0],[106.33474,29.26929,0.0],[106.34452,29.27572,0.0],[106.35244,29.28053,0.0],[106.35969,29.28174,0.0],[106.3727,29.28293,0.0],[106.38329,29.28963,0.0],[106.38771,29.29615,0.0],[106.38412,29.30897,0.0],[106.38119,29.31664,0.0],[106.38169,29.31799,0.0],[106.38429,29.32506,0.0],[106.3878,29.33291,0.0],[106.39014,29.34172,0.0],[106.39418,29.34325,0.0],[106.39663,29.34358,0.0],[106.40312,29.34445,0.0],[106.40842,29.34549,0.0],[106.41509,29.34833,0.0],[106.42247,29.35252,0.0],[106.43377,29.35714,0.0],[106.43732,29.35702,0.0],[106.44073,29.35694,0.0],[106.44862,29.35768,0.0],[106.45782,29.3584,0.0],[106.46013,29.35674,0.0],[106.46346,29.35437,0.0],[106.46548,29.35134,0.0],[106.46822,29.34646,0.0],[106.47065,29.34022,0.0],[106.47406,29.33143,0.0],[106.47534,29.32154,0.0],[106.47597,29.32104,0.0],[106.48021,29.31775,0.0],[106.48181,29.30992,0.0],[106.48392,29.30185,0.0],[106.48633,29.29445,0.0],[106.48801,29.28914,0.0],[106.48911,29.28201,0.0],[106.49049,29.27601,0.0],[106.49136,29.2698,0.0],[106.493,29.26311,0.0],[106.4933,29.25576,0.0],[106.49519,29.24907,0.0],[106.49631,29.24239,0.0],[106.49773,29.23732,0.0],[106.50002,29.23497,0.0],[106.50518,29.23256,0.0],[106.50774,29.23067,0.0],[106.51346,29.22939,0.0],[106.52103,29.22853,0.0],[106.52751,29.22655,0.0],[106.53498,29.22243,0.0],[106.53576,29.222,0.0],[106.54034,29.21776,0.0],[106.54205,29.21382,0.0],[106.54273,29.21037,0.0],[106.54335,29.20462,0.0],[106.54367,29.19796,0.0],[106.54397,29.19062,0.0],[106.54504,29.18279,0.0],[106.54696,29.17702,0.0],[106.54968,29.17191,0.0],[106.55138,29.16751,0.0],[106.55379,29.16057,0.0],[106.55637,29.15088,0.0],[106.55859,29.14624,0.0],[106.56155,29.14044,0.0],[106.56585,29.13553,0.0],[106.56916,29.1327,0.0],[106.57043,29.13123,0.0],[106.5726,29.1292,0.0],[106.57301,29.12789,0.0],[106.57213,29.12392,0.0],[106.57032,29.1209,0.0],[106.57053,29.11896,0.0],[106.57105,29.11752,0.0],[106.57668,29.11391,0.0],[106.5774,29.11283,0.0],[106.57797,29.11125,0.0],[106.57781,29.11039,0.0],[106.57642,29.1089,0.0],[106.57611,29.10692,0.0],[106.57533,29.10516,0.0],[106.57595,29.10358,0.0],[106.57544,29.10227,0.0],[106.57518,29.09979,0.0],[106.57415,29.09835,0.0],[106.57415,29.0969,0.0],[106.57415,29.09532,0.0],[106.57564,29.09257,0.0],[106.57647,29.08996,0.0],[106.57828,29.08896,0.0],[106.57946,29.08747,0.0],[106.57972,29.08499,0.0],[106.58044,29.08396,0.0],[106.58075,29.0826,0.0],[106.58003,29.08156,0.0],[106.57884,29.08089,0.0],[106.57791,29.07904,0.0],[106.57735,29.07755,0.0],[106.57776,29.07615,0.0],[106.57884,29.07518,0.0],[106.57931,29.07475,0.0],[106.58039,29.07407,0.0],[106.5806,29.07299,0.0],[106.58003,29.07101,0.0],[106.58034,29.0701,0.0],[106.58173,29.06861,0.0],[106.5822,29.0673,0.0],[106.58204,29.06487,0.0],[106.58246,29.06415,0.0],[106.58437,29.06311,0.0],[106.58561,29.06063,0.0],[106.58561,29.05977,0.0],[106.58437,29.05891,0.0],[106.58251,29.05796,0.0],[106.58148,29.05557,0.0],[106.58117,29.0544,0.0],[106.58117,29.0525,0.0],[106.58292,29.05119,0.0],[106.58344,29.04442,0.0],[106.58463,29.03973,0.0],[106.58612,29.03697,0.0],[106.58618,29.03585,0.0],[106.58437,29.0344,0.0],[106.5839,29.033,0.0],[106.5839,29.03174,0.0],[106.58457,29.02998,0.0],[106.58468,29.02907,0.0],[106.58535,29.02831,0.0],[106.58628,29.02912,0.0],[106.58752,29.02912,0.0],[106.58932,29.0265,0.0],[106.58943,29.02393,0.0],[106.59082,29.02154,0.0],[106.59201,29.02104,0.0],[106.5934,29.02005,0.0],[106.59888,29.01928,0.0],[106.5997,29.01847,0.0],[106.60084,29.01856,0.0],[106.60218,29.02005,0.0],[106.60347,29.01982,0.0],[106.60399,29.01919,0.0],[106.60471,29.01779,0.0],[106.60346,29.0174,0.0],[106.60038,29.01399,0.0],[106.59538,29.01113,0.0],[106.58957,29.00922,0.0],[106.58485,29.0089,0.0],[106.58167,29.01097,0.0],[106.58113,29.0143,0.0],[106.58058,29.017,0.0],[106.57631,29.02312,0.0],[106.57404,29.02669,0.0],[106.57141,29.02383,0.0],[106.56923,29.02502,0.0],[106.56742,29.02558,0.0],[106.5646,29.02304,0.0],[106.56206,29.01994,0.0],[106.56088,29.0182,0.0],[106.55933,29.01994,0.0],[106.55834,29.01931,0.0],[106.55743,29.01597,0.0],[106.55649,29.01672,0.0],[106.55421,29.01929,0.0],[106.55254,29.02461,0.0],[106.55164,29.02921,0.0],[106.55124,29.03335,0.0],[106.55006,29.03728,0.0],[106.54906,29.03913,0.0],[106.54624,29.04081,0.0],[106.54066,29.03795,0.0],[106.53844,29.03365,0.0],[106.53439,29.02916,0.0],[106.52789,29.02999,0.0],[106.52246,29.03218,0.0],[106.5171,29.03643,0.0],[106.5116,29.04482,0.0],[106.50686,29.05226,0.0],[106.5013,29.05858,0.0],[106.49647,29.06328,0.0],[106.49217,29.06819,0.0],[106.48935,29.07009,0.0],[106.48621,29.06994,0.0],[106.48351,29.06679,0.0],[106.48209,29.06338,0.0],[106.48141,29.05812,0.0],[106.48147,29.05101,0.0],[106.4821,29.04595,0.0],[106.48351,29.04064,0.0],[106.48336,29.0356,0.0],[106.48004,29.02925,0.0],[106.47762,29.02679,0.0],[106.47386,29.02366,0.0],[106.46909,29.02125,0.0],[106.46332,29.02046,0.0],[106.45753,29.01898,0.0],[106.45184,29.02118,0.0],[106.44754,29.02609,0.0],[106.44321,29.02986,0.0],[106.43863,29.03409,0.0],[106.43354,29.03879,0.0],[106.4295,29.04346,0.0],[106.42586,29.04423,0.0],[106.41882,29.04462,0.0],[106.40987,29.04252,0.0],[106.40434,29.04104,0.0],[106.39536,29.03803,0.0],[106.3916,29.03444,0.0],[106.38702,29.02973,0.0],[106.38323,29.02499,0.0],[106.38203,29.01975,0.0],[106.38293,29.01422,0.0],[106.38564,29.00889,0.0],[106.38887,29.00286,0.0],[106.39104,28.99662,0.0],[106.39194,28.99132,0.0],[106.39153,28.98652,0.0],[106.39138,28.98125,0.0],[106.39378,28.97385,0.0],[106.39539,28.96625,0.0],[106.39807,28.95954,0.0],[106.39948,28.95401,0.0],[106.40036,28.94825,0.0],[106.40176,28.94226,0.0],[106.4034,28.93603,0.0],[106.4043,28.93097,0.0],[106.40517,28.92475,0.0],[106.40553,28.91925,0.0],[106.4064,28.91326,0.0],[106.40646,28.90638,0.0],[106.40811,28.90015,0.0],[106.40905,28.89646,0.0],[106.41071,28.89092,0.0],[106.41346,28.8865,0.0],[106.41878,28.88088,0.0],[106.42381,28.87435,0.0],[106.42783,28.86898,0.0],[106.43138,28.86569,0.0],[106.43414,28.86196,0.0],[106.43511,28.85942,0.0],[106.43682,28.85525,0.0],[106.43728,28.85318,0.0],[106.43793,28.84881,0.0],[106.43915,28.8458,0.0],[106.44038,28.84325,0.0],[106.44316,28.8402,0.0],[106.45791,28.83471,0.0],[106.458,28.83339,0.0],[106.46349,28.83241,0.0],[106.46478,28.83053,0.0],[106.46336,28.82832,0.0],[106.44834,28.81978,0.0],[106.44868,28.81715,0.0],[106.45092,28.81595,0.0],[106.44765,28.81117,0.0],[106.44967,28.80974,0.0],[106.45388,28.8097,0.0],[106.45602,28.80918,0.0],[106.45658,28.80812,0.0],[106.45529,28.80493,0.0],[106.45662,28.80387,0.0],[106.4595,28.80369,0.0],[106.4598,28.8029,0.0],[106.45898,28.80102,0.0],[106.45371,28.79714,0.0],[106.44795,28.79639,0.0],[106.44843,28.79173,0.0],[106.4504,28.78669,0.0],[106.45027,28.77947,0.0],[106.45319,28.77484,0.0],[106.45714,28.76942,0.0],[106.45983,28.76306,0.0],[106.46314,28.76102,0.0],[106.47047,28.75572,0.0],[106.47468,28.75211,0.0],[106.47832,28.75084,0.0],[106.47975,28.74939,0.0],[106.48274,28.74945,0.0],[106.4836,28.74728,0.0],[106.48587,28.74613,0.0],[106.48669,28.74512,0.0],[106.48793,28.74589,0.0],[106.48894,28.74497,0.0],[106.49018,28.74284,0.0],[106.48885,28.74203,0.0],[106.48887,28.74145,0.0],[106.48985,28.74095,0.0],[106.48953,28.73928,0.0],[106.48996,28.73726,0.0],[106.4924,28.73243,0.0],[106.49358,28.7319,0.0],[106.49569,28.7322,0.0],[106.49685,28.73201,0.0],[106.49747,28.73098,0.0],[106.49642,28.72983,0.0],[106.49335,28.72765,0.0],[106.49331,28.72659,0.0],[106.495,28.72605,0.0],[106.49614,28.72426,0.0],[106.49625,28.72276,0.0],[106.4944,28.72104,0.0],[106.49946,28.72001,0.0],[106.50039,28.71916,0.0],[106.50298,28.71901,0.0],[106.50624,28.71976,0.0],[106.50674,28.71882,0.0],[106.50384,28.71626,0.0],[106.50661,28.71579,0.0],[106.50822,28.71519,0.0],[106.50863,28.71404,0.0],[106.50547,28.71348,0.0],[106.5056,28.71288,0.0],[106.50762,28.71248,0.0],[106.50734,28.71081,0.0],[106.50912,28.70763,0.0],[106.51032,28.70648,0.0],[106.51019,28.70501,0.0],[106.5112,28.70392,0.0],[106.50938,28.69852,0.0],[106.51004,28.69735,0.0],[106.51167,28.69189,0.0],[106.51403,28.68999,0.0],[106.51629,28.68839,0.0],[106.51672,28.68709,0.0],[106.51901,28.68632,0.0],[106.52435,28.68139,0.0],[106.52596,28.6764,0.0],[106.52575,28.67536,0.0],[106.52182,28.6745,0.0],[106.51963,28.67331,0.0],[106.51835,28.6686,0.0],[106.51697,28.66623,0.0],[106.51294,28.66416,0.0],[106.50446,28.66478,0.0],[106.50129,28.66567,0.0],[106.49861,28.66433,0.0],[106.49897,28.66377,0.0],[106.49964,28.661,0.0],[106.50084,28.6593,0.0],[106.50148,28.65757,0.0],[106.50124,28.6562,0.0],[106.50131,28.65343,0.0],[106.50054,28.65151,0.0],[106.50232,28.6506,0.0],[106.50245,28.64898,0.0],[106.50298,28.6474,0.0],[106.50219,28.64629,0.0],[106.50148,28.64364,0.0],[106.5027,28.64186,0.0],[106.50233,28.6403,0.0],[106.5032,28.63929,0.0],[106.50288,28.63864,0.0],[106.50283,28.63801,0.0],[106.50216,28.63746,0.0],[106.50193,28.63613,0.0],[106.50072,28.63574,0.0],[106.50036,28.6349,0.0],[106.49985,28.6345,0.0],[106.4999,28.63356,0.0],[106.49947,28.63302,0.0],[106.49861,28.63246,0.0],[106.49798,28.6325,0.0],[106.49731,28.632,0.0],[106.49719,28.63129,0.0],[106.49738,28.63065,0.0],[106.49739,28.62972,0.0],[106.49693,28.62908,0.0],[106.49807,28.62817,0.0],[106.49866,28.62722,0.0],[106.49857,28.62663,0.0],[106.49799,28.62601,0.0],[106.4983,28.62536,0.0],[106.49825,28.62504,0.0],[106.49708,28.62406,0.0],[106.497,28.62348,0.0],[106.49756,28.62265,0.0],[106.49735,28.62201,0.0],[106.49739,28.62127,0.0],[106.49697,28.62121,0.0],[106.49534,28.62166,0.0],[106.4945,28.62123,0.0],[106.49316,28.62071,0.0],[106.49264,28.62016,0.0],[106.49234,28.61958,0.0],[106.49142,28.61918,0.0],[106.49088,28.61807,0.0],[106.49167,28.61547,0.0],[106.49062,28.61456,0.0],[106.49046,28.61372,0.0],[106.49018,28.61344,0.0],[106.49045,28.61258,0.0],[106.48988,28.61143,0.0],[106.49001,28.61063,0.0],[106.48957,28.6074,0.0],[106.4903,28.60382,0.0],[106.49656,28.59625,0.0],[106.50197,28.59045,0.0],[106.50303,28.58678,0.0],[106.50503,28.58354,0.0],[106.5102,28.58068,0.0],[106.51981,28.58128,0.0],[106.52144,28.58083,0.0],[106.52144,28.57789,0.0],[106.51681,28.57563,0.0],[106.51372,28.57721,0.0],[106.51166,28.57616,0.0],[106.51303,28.57028,0.0],[106.51191,28.56809,0.0],[106.50445,28.56839,0.0],[106.49947,28.5754,0.0],[106.49506,28.58542,0.0],[106.48869,28.59296,0.0],[106.48308,28.5926,0.0],[106.47822,28.59615,0.0],[106.47478,28.60268,0.0],[106.47166,28.60314,0.0],[106.46745,28.60065,0.0],[106.46291,28.59002,0.0],[106.47612,28.57691,0.0],[106.48179,28.56786,0.0],[106.48222,28.56387,0.0],[106.49707,28.55324,0.0],[106.50222,28.54623,0.0],[106.50076,28.54072,0.0],[106.49689,28.53748,0.0],[106.48951,28.54223,0.0],[106.48745,28.53673,0.0],[106.48299,28.53733,0.0],[106.47999,28.53386,0.0],[106.47157,28.53446,0.0],[106.46574,28.53725,0.0],[106.46385,28.54525,0.0],[106.45364,28.54856,0.0],[106.45072,28.5466,0.0],[106.44909,28.54781,0.0],[106.4502,28.55407,0.0],[106.4448,28.55663,0.0],[106.43741,28.56342,0.0],[106.42995,28.56055,0.0],[106.41905,28.56636,0.0],[106.41578,28.56605,0.0],[106.40617,28.56681,0.0],[106.39518,28.5748,0.0],[106.38866,28.57171,0.0],[106.38325,28.56575,0.0],[106.37922,28.56568,0.0],[106.37896,28.565,0.0],[106.38231,28.56394,0.0],[106.38222,28.56161,0.0],[106.383,28.5598,0.0],[106.38583,28.55829,0.0],[106.38583,28.55708,0.0],[106.38205,28.5555,0.0],[106.38411,28.55166,0.0],[106.37956,28.54924,0.0],[106.38154,28.5454,0.0],[106.38068,28.54291,0.0],[106.37381,28.54585,0.0],[106.36935,28.5411,0.0],[106.37493,28.53786,0.0],[106.3701,28.52753,0.0],[106.3677,28.52911,0.0],[106.36615,28.52851,0.0],[106.36379,28.52606,0.0],[106.36186,28.52821,0.0],[106.35937,28.52866,0.0],[106.35654,28.53179,0.0],[106.35568,28.53465,0.0],[106.35096,28.53997,0.0],[106.34577,28.5437,0.0],[106.33821,28.5362,0.0],[106.33375,28.54212,0.0],[106.33422,28.55147,0.0],[106.3274,28.55633,0.0],[106.34045,28.56541,0.0],[106.34079,28.56711,0.0],[106.34113,28.56858,0.0],[106.33834,28.56888,0.0],[106.3374,28.56964,0.0],[106.33521,28.56956,0.0],[106.33577,28.57095,0.0],[106.34122,28.57597,0.0],[106.34238,28.58324,0.0],[106.34203,28.59029,0.0],[106.3365,28.59496,0.0],[106.33761,28.59963,0.0],[106.33646,28.60201,0.0],[106.32689,28.60766,0.0],[106.32053,28.61979,0.0],[106.32126,28.62612,0.0],[106.32143,28.63068,0.0],[106.3259,28.63764,0.0],[106.32289,28.64081,0.0],[106.31264,28.64062,0.0],[106.30267,28.64585,0.0],[106.29981,28.65459,0.0],[106.30504,28.66303,0.0],[106.31491,28.66529,0.0],[106.3171,28.66702,0.0],[106.31744,28.66864,0.0],[106.30915,28.67323,0.0],[106.30217,28.67877,0.0],[106.3038,28.69172,0.0],[106.30161,28.69691,0.0],[106.30066,28.69804,0.0],[106.29985,28.70504,0.0],[106.30122,28.70862,0.0],[106.2983,28.71434,0.0],[106.29335,28.71685,0.0],[106.29335,28.71921,0.0],[106.29132,28.72001,0.0],[106.28988,28.71753,0.0],[106.28751,28.71755,0.0],[106.28811,28.72117,0.0],[106.28494,28.72099,0.0],[106.28186,28.72155,0.0],[106.28115,28.72325,0.0],[106.28245,28.72451,0.0],[106.28701,28.72515,0.0],[106.28883,28.72425,0.0],[106.28934,28.72515,0.0],[106.29111,28.72555,0.0],[106.28811,28.72719,0.0],[106.28539,28.73026,0.0],[106.28273,28.73308,0.0],[106.28412,28.7363,0.0],[106.2832,28.73764,0.0],[106.2812,28.73744,0.0],[106.27715,28.73922,0.0],[106.27427,28.74267,0.0],[106.26985,28.74226,0.0],[106.26895,28.74433,0.0],[106.26974,28.74705,0.0],[106.26803,28.75055,0.0],[106.26882,28.75884,0.0],[106.26732,28.76543,0.0],[106.27062,28.76805,0.0],[106.27473,28.76917,0.0],[106.27641,28.77362,0.0],[106.27372,28.7761,0.0],[106.27211,28.77674,0.0],[106.2698,28.77862,0.0],[106.26484,28.77704,0.0],[106.26264,28.7797,0.0],[106.26515,28.78299,0.0],[106.2559,28.78865,0.0],[106.2507,28.78731,0.0],[106.2482,28.78823,0.0],[106.24624,28.79106,0.0],[106.24802,28.79326,0.0],[106.24428,28.79713,0.0],[106.24619,28.80109,0.0],[106.24389,28.80347,0.0],[106.24542,28.80612,0.0],[106.24314,28.8086,0.0],[106.24367,28.81211,0.0],[106.24032,28.81697,0.0],[106.24018,28.81814,0.0],[106.23849,28.81998,0.0],[106.24214,28.82114,0.0],[106.24492,28.82102,0.0],[106.24733,28.8185,0.0],[106.24861,28.81938,0.0],[106.2533,28.82066,0.0],[106.25349,28.82126,0.0],[106.25183,28.8214,0.0],[106.24788,28.8221,0.0],[106.24482,28.82689,0.0],[106.24314,28.82996,0.0],[106.24305,28.83348,0.0],[106.24624,28.83428,0.0],[106.24943,28.83132,0.0],[106.25285,28.83436,0.0],[106.25093,28.83691,0.0],[106.25089,28.84314,0.0],[106.25266,28.8437,0.0],[106.2605,28.84043,0.0],[106.26101,28.84083,0.0],[106.259,28.84206,0.0],[106.25599,28.84482,0.0],[106.2564,28.84606,0.0],[106.25869,28.84697,0.0],[106.26142,28.85073,0.0],[106.255,28.85557,0.0],[106.25084,28.86155,0.0],[106.25175,28.86717,0.0],[106.24669,28.87081,0.0],[106.24355,28.86969,0.0],[106.24163,28.87105,0.0],[106.23844,28.87252,0.0],[106.23657,28.87081,0.0],[106.2322,28.8722,0.0],[106.23245,28.87639,0.0],[106.22992,28.87786,0.0],[106.22623,28.88466,0.0],[106.22381,28.88518,0.0],[106.22189,28.88861,0.0],[106.22288,28.8921,0.0],[106.22125,28.89326,0.0],[106.21095,28.89443,0.0],[106.20481,28.8998,0.0],[106.20241,28.90758,0.0],[106.1988,28.90893,0.0],[106.19661,28.90796,0.0],[106.19468,28.91021,0.0],[106.19189,28.91111,0.0],[106.18953,28.91051,0.0],[106.18696,28.91134,0.0],[106.18812,28.91511,0.0],[106.18229,28.91586,0.0],[106.1785,28.91858,0.0],[106.17691,28.91878,0.0],[106.17618,28.92057,0.0],[106.17317,28.91898,0.0],[106.17253,28.92245,0.0],[106.1698,28.92464,0.0],[106.16893,28.91989,0.0],[106.1667,28.91566,0.0],[106.15816,28.91186,0.0],[106.15104,28.91212,0.0],[106.14795,28.90995,0.0],[106.14687,28.90748,0.0],[106.14049,28.90657,0.0],[106.13073,28.9082,0.0],[106.12297,28.90611,0.0],[106.11503,28.90604,0.0],[106.11207,28.90533,0.0],[106.10744,28.90242,0.0],[106.10033,28.90106,0.0],[106.09878,28.90333,0.0],[106.09604,28.90321,0.0],[106.09595,28.9013,0.0],[106.09345,28.90238,0.0],[106.0898,28.90274,0.0],[106.08267,28.90687,0.0],[106.08392,28.90928,0.0],[106.08497,28.91459,0.0],[106.08451,28.91778,0.0],[106.08305,28.91846,0.0],[106.08369,28.91491,0.0],[106.08333,28.91299,0.0],[106.0805,28.91602,0.0],[106.07986,28.91423,0.0],[106.07758,28.9157,0.0],[106.07494,28.91511,0.0],[106.0723,28.91818,0.0],[106.0722,28.92113,0.0],[106.06879,28.92364,0.0],[106.06518,28.92277,0.0],[106.0599,28.92009,0.0],[106.05589,28.92009,0.0],[106.05476,28.9162,0.0],[106.05589,28.91403,0.0],[106.04444,28.90924,0.0],[106.04482,28.90954,0.0],[106.04317,28.91144,0.0],[106.04116,28.91084,0.0],[106.03738,28.91403,0.0],[106.03314,28.91399,0.0],[106.03337,28.91646,0.0],[106.03715,28.91706,0.0],[106.03687,28.91802,0.0],[106.03546,28.9207,0.0],[106.03644,28.92472,0.0],[106.03838,28.92728,0.0],[106.03842,28.92833,0.0],[106.0378,28.92942,0.0],[106.03505,28.92913,0.0],[106.03406,28.93005,0.0],[106.03509,28.93152,0.0],[106.03662,28.93235,0.0],[106.03923,28.93244,0.0],[106.04046,28.9312,0.0],[106.04072,28.92947,0.0],[106.04106,28.92878,0.0],[106.04269,28.92816,0.0],[106.0443,28.92872,0.0],[106.04492,28.93041,0.0],[106.04282,28.93214,0.0],[106.04144,28.93383,0.0],[106.04046,28.93533,0.0],[106.03732,28.93635,0.0],[106.0363,28.93703,0.0],[106.03452,28.93811,0.0],[106.03439,28.93875,0.0],[106.03607,28.94323,0.0],[106.03697,28.94439,0.0],[106.04332,28.94642,0.0],[106.04371,28.94852,0.0],[106.04276,28.9522,0.0],[106.04238,28.95438,0.0],[106.04155,28.95584,0.0],[106.04071,28.956,0.0],[106.0395,28.95749,0.0],[106.03781,28.95761,0.0],[106.03633,28.95887,0.0],[106.03435,28.95893,0.0],[106.03332,28.95813,0.0],[106.03154,28.95839,0.0],[106.02643,28.95682,0.0],[106.02421,28.95779,0.0],[106.02261,28.95707,0.0],[106.0227,28.95592,0.0],[106.02457,28.95436,0.0],[106.02416,28.95157,0.0],[106.02316,28.95101,0.0],[106.0212,28.953,0.0],[106.01782,28.95384,0.0],[106.0142,28.95572,0.0],[106.01274,28.95697,0.0],[106.01037,28.95699,0.0],[106.01046,28.95734,0.0],[106.01051,28.95755,0.0],[106.01162,28.95837,0.0],[106.01147,28.95919,0.0],[106.00957,28.96132,0.0],[106.00935,28.96224,0.0],[106.01012,28.9628,0.0],[106.00978,28.96401,0.0],[106.00718,28.96465,0.0],[106.00438,28.96624,0.0],[106.00449,28.96756,0.0],[106.00638,28.96862,0.0],[106.00278,28.96965,0.0],[106.00119,28.97484,0.0],[105.99711,28.97741,0.0],[105.99212,28.97978,0.0],[105.98972,28.97913,0.0],[105.9884,28.97939,0.0],[105.98685,28.97971,0.0],[105.98546,28.9799,0.0],[105.98366,28.97895,0.0],[105.98302,28.98136,0.0],[105.98323,28.98196,0.0],[105.98108,28.98407,0.0],[105.9802,28.98319,0.0],[105.97903,28.98321,0.0],[105.97746,28.981,0.0],[105.97375,28.98024,0.0],[105.97198,28.9783,0.0],[105.97115,28.97731,0.0],[105.96942,28.97695,0.0],[105.96932,28.97568,0.0],[105.96985,28.97508,0.0],[105.9742,28.97512,0.0],[105.9778,28.97342,0.0],[105.98275,28.97289,0.0],[105.98587,28.97061,0.0],[105.98651,28.96842,0.0],[105.98521,28.96541,0.0],[105.98013,28.96634,0.0],[105.97935,28.96621,0.0],[105.97928,28.96553,0.0],[105.98017,28.96483,0.0],[105.97992,28.96429,0.0],[105.97915,28.96433,0.0],[105.97824,28.96605,0.0],[105.97609,28.96491,0.0],[105.97375,28.9645,0.0],[105.97347,28.96445,0.0],[105.97233,28.96152,0.0],[105.97176,28.96148,0.0],[105.96973,28.96551,0.0],[105.96855,28.96559,0.0],[105.96889,28.96658,0.0],[105.96812,28.97045,0.0],[105.96538,28.97143,0.0],[105.96335,28.96934,0.0],[105.96028,28.96694,0.0],[105.96007,28.96591,0.0],[105.95948,28.96443,0.0],[105.95909,28.96152,0.0],[105.95419,28.95566,0.0],[105.9497,28.94933,0.0],[105.94877,28.9485,0.0],[105.94517,28.94843,0.0],[105.94376,28.94612,0.0],[105.94381,28.94548,0.0],[105.94396,28.94487,0.0],[105.94115,28.94335,0.0],[105.93958,28.94395,0.0],[105.93714,28.94279,0.0],[105.93815,28.94217,0.0],[105.93785,28.94142,0.0],[105.93525,28.94229,0.0],[105.93418,28.94217,0.0],[105.93527,28.94052,0.0],[105.93165,28.9385,0.0],[105.93047,28.94108,0.0],[105.92903,28.93982,0.0],[105.9268,28.93978,0.0],[105.92313,28.93731,0.0],[105.92226,28.93509,0.0],[105.92005,28.93418,0.0],[105.9188,28.93553,0.0],[105.91577,28.93194,0.0],[105.91483,28.92989,0.0],[105.91524,28.92733,0.0],[105.91709,28.92534,0.0],[105.91586,28.92362,0.0],[105.9133,28.92536,0.0],[105.90666,28.92377,0.0],[105.90355,28.92267,0.0],[105.90585,28.91983,0.0],[105.90583,28.91898,0.0],[105.90781,28.91766,0.0],[105.91075,28.91616,0.0],[105.91045,28.91269,0.0],[105.9126,28.91161,0.0],[105.91276,28.90978,0.0],[105.91326,28.9081,0.0],[105.91283,28.90557,0.0],[105.91112,28.90391,0.0],[105.90699,28.9021,0.0],[105.90478,28.90365,0.0],[105.90232,28.90417,0.0],[105.90218,28.90577,0.0],[105.89986,28.90597,0.0],[105.90214,28.90884,0.0],[105.89812,28.90984,0.0],[105.89737,28.91035,0.0],[105.89443,28.91231,0.0],[105.88778,28.91124,0.0],[105.88636,28.91435,0.0],[105.88249,28.9161,0.0],[105.88564,28.9234,0.0],[105.88456,28.92967,0.0],[105.88354,28.93346,0.0],[105.88012,28.93713,0.0],[105.87465,28.93761,0.0],[105.87201,28.93864,0.0],[105.86449,28.9345,0.0],[105.85496,28.93238,0.0],[105.8514,28.93067,0.0],[105.84174,28.93354,0.0],[105.83946,28.93685,0.0],[105.83671,28.93977,0.0],[105.8261,28.9487,0.0],[105.82553,28.94884,0.0],[105.82493,28.94967,0.0],[105.82394,28.95079,0.0],[105.82168,28.95472,0.0],[105.82043,28.95727,0.0],[105.81998,28.96003,0.0]]]]}},{"type":"Feature","properties":{"uesi_id":"CHN_R913069","nbhd_code":"CHN_R913069_137","nbhd_name":"Jiulongpo District"},"geometry":{"type":"MultiPolygon","coordinates":[[[[106.25143,29.53463,0.0],[106.25195,29.53306,0.0],[106.25299,29.53238,0.0],[106.25407,29.53302,0.0],[106.25355,29.5346,0.0],[106.25683,29.53486,0.0],[106.25717,29.53133,0.0],[106.26002,29.53099,0.0],[106.25946,29.52892,0.0],[106.26015,29.52742,0.0],[106.26154,29.52858,0.0],[106.26331,29.53013,0.0],[106.26546,29.53167,0.0],[106.26564,29.52952,0.0],[106.26836,29.5299,0.0],[106.26875,29.5317,0.0],[106.27095,29.53148,0.0],[106.2719,29.53321,0.0],[106.27298,29.53324,0.0],[106.27341,29.53272,0.0],[106.27578,29.53223,0.0],[106.27596,29.53276,0.0],[106.27742,29.53276,0.0],[106.27764,29.53185,0.0],[106.27885,29.53185,0.0],[106.27885,29.53302,0.0],[106.28058,29.53324,0.0],[106.28062,29.53516,0.0],[106.2823,29.53516,0.0],[106.28731,29.53272,0.0],[106.28951,29.53347,0.0],[106.29038,29.53501,0.0],[106.29008,29.53734,0.0],[106.29141,29.53756,0.0],[106.29133,29.53892,0.0],[106.29055,29.54057,0.0],[106.29113,29.54192,0.0],[106.29053,29.54266,0.0],[106.29192,29.54311,0.0],[106.29372,29.54307,0.0],[106.29331,29.54381,0.0],[106.29375,29.54521,0.0],[106.29482,29.5444,0.0],[106.29517,29.54375,0.0],[106.29513,29.54269,0.0],[106.29557,29.54266,0.0],[106.2956,29.54167,0.0],[106.29598,29.54149,0.0],[106.29659,29.54201,0.0],[106.2967,29.54156,0.0],[106.29647,29.54039,0.0],[106.2969,29.54041,0.0],[106.29717,29.54108,0.0],[106.29771,29.54114,0.0],[106.29789,29.5405,0.0],[106.29859,29.54047,0.0],[106.29963,29.54179,0.0],[106.29985,29.54107,0.0],[106.30044,29.54118,0.0],[106.30111,29.54209,0.0],[106.3007,29.54378,0.0],[106.3012,29.54414,0.0],[106.30149,29.54396,0.0],[106.30122,29.54337,0.0],[106.3016,29.54232,0.0],[106.30253,29.54362,0.0],[106.30357,29.54341,0.0],[106.30455,29.54408,0.0],[106.30491,29.54483,0.0],[106.30519,29.5446,0.0],[106.30537,29.54367,0.0],[106.30643,29.54341,0.0],[106.30711,29.54381,0.0],[106.3072,29.54456,0.0],[106.30853,29.54458,0.0],[106.30769,29.54634,0.0],[106.30861,29.54629,0.0],[106.30847,29.54697,0.0],[106.30905,29.5474,0.0],[106.30994,29.54747,0.0],[106.31052,29.54689,0.0],[106.31131,29.54667,0.0],[106.31166,29.54578,0.0],[106.31287,29.54515,0.0],[106.31297,29.54539,0.0],[106.31232,29.54641,0.0],[106.31342,29.54678,0.0],[106.31368,29.54651,0.0],[106.3141,29.54637,0.0],[106.31442,29.5459,0.0],[106.31453,29.54524,0.0],[106.31511,29.54533,0.0],[106.31494,29.54643,0.0],[106.31581,29.54686,0.0],[106.31624,29.54743,0.0],[106.31723,29.54728,0.0],[106.31801,29.54736,0.0],[106.31861,29.54699,0.0],[106.31929,29.54705,0.0],[106.32045,29.54833,0.0],[106.32053,29.54856,0.0],[106.32057,29.54865,0.0],[106.32068,29.54898,0.0],[106.32094,29.54863,0.0],[106.32099,29.54784,0.0],[106.32111,29.54772,0.0],[106.32105,29.54728,0.0],[106.32135,29.54727,0.0],[106.32181,29.54778,0.0],[106.32178,29.54902,0.0],[106.32212,29.54916,0.0],[106.32212,29.54799,0.0],[106.32248,29.5474,0.0],[106.32284,29.54803,0.0],[106.32345,29.54802,0.0],[106.32371,29.54861,0.0],[106.32438,29.54831,0.0],[106.32441,29.54766,0.0],[106.32343,29.54759,0.0],[106.32355,29.54671,0.0],[106.32433,29.54566,0.0],[106.32558,29.5452,0.0],[106.32532,29.54596,0.0],[106.32566,29.54682,0.0],[106.32529,29.54731,0.0],[106.32554,29.5478,0.0],[106.32639,29.54735,0.0],[106.32682,29.5476,0.0],[106.32711,29.54715,0.0],[106.32903,29.54663,0.0],[106.33064,29.54659,0.0],[106.33135,29.54731,0.0],[106.3321,29.54872,0.0],[106.33364,29.54958,0.0],[106.33398,29.55013,0.0],[106.33525,29.5511,0.0],[106.33601,29.55209,0.0],[106.33636,29.55384,0.0],[106.33662,29.55462,0.0],[106.33633,29.55505,0.0],[106.33654,29.55525,0.0],[106.33741,29.555,0.0],[106.33839,29.55529,0.0],[106.33889,29.55592,0.0],[106.34019,29.55597,0.0],[106.34062,29.55629,0.0],[106.33961,29.5576,0.0],[106.34442,29.56009,0.0],[106.34575,29.56098,0.0],[106.34805,29.56155,0.0],[106.34902,29.55955,0.0],[106.35007,29.5594,0.0],[106.35056,29.55884,0.0],[106.35111,29.55859,0.0],[106.35118,29.55894,0.0],[106.351,29.55965,0.0],[106.35146,29.56043,0.0],[106.35103,29.56156,0.0],[106.35143,29.5623,0.0],[106.35242,29.56217,0.0],[106.35308,29.56147,0.0],[106.3541,29.56103,0.0],[106.35476,29.56026,0.0],[106.35555,29.55974,0.0],[106.35714,29.5573,0.0],[106.35811,29.55698,0.0],[106.35967,29.55654,0.0],[106.36072,29.55581,0.0],[106.36321,29.55398,0.0],[106.36504,29.55366,0.0],[106.36708,29.55297,0.0],[106.36704,29.55363,0.0],[106.3679,29.55345,0.0],[106.36865,29.55172,0.0],[106.36837,29.55056,0.0],[106.36871,29.55001,0.0],[106.36845,29.5497,0.0],[106.36811,29.54945,0.0],[106.36853,29.54914,0.0],[106.36978,29.549,0.0],[106.3708,29.54944,0.0],[106.37083,29.55025,0.0],[106.37126,29.55051,0.0],[106.37294,29.55045,0.0],[106.37314,29.55051,0.0],[106.37355,29.55064,0.0],[106.3743,29.5503,0.0],[106.37431,29.54979,0.0],[106.37422,29.54948,0.0],[106.37469,29.54865,0.0],[106.37439,29.54763,0.0],[106.37488,29.54732,0.0],[106.37436,29.5461,0.0],[106.37444,29.54503,0.0],[106.37445,29.54496,0.0],[106.37425,29.54406,0.0],[106.37285,29.54337,0.0],[106.37254,29.5426,0.0],[106.37349,29.54213,0.0],[106.37422,29.54219,0.0],[106.37474,29.54351,0.0],[106.3752,29.54173,0.0],[106.37485,29.54075,0.0],[106.37349,29.54026,0.0],[106.37625,29.53817,0.0],[106.37739,29.53828,0.0],[106.37819,29.53768,0.0],[106.37889,29.538,0.0],[106.38023,29.53782,0.0],[106.38156,29.53829,0.0],[106.38266,29.54147,0.0],[106.38347,29.54104,0.0],[106.38381,29.54188,0.0],[106.38509,29.54171,0.0],[106.38571,29.54216,0.0],[106.38581,29.54303,0.0],[106.38759,29.54254,0.0],[106.38753,29.54099,0.0],[106.38878,29.54141,0.0],[106.38947,29.53986,0.0],[106.39119,29.53925,0.0],[106.39188,29.5396,0.0],[106.39246,29.54446,0.0],[106.39237,29.5454,0.0],[106.39254,29.54601,0.0],[106.39228,29.54625,0.0],[106.39162,29.54515,0.0],[106.3909,29.54507,0.0],[106.3904,29.54597,0.0],[106.39023,29.54762,0.0],[106.39242,29.5524,0.0],[106.39252,29.55234,0.0],[106.39287,29.55218,0.0],[106.39312,29.55205,0.0],[106.39416,29.55228,0.0],[106.39487,29.55199,0.0],[106.39472,29.54957,0.0],[106.39423,29.54728,0.0],[106.39501,29.54647,0.0],[106.39532,29.54505,0.0],[106.39787,29.54407,0.0],[106.39999,29.54116,0.0],[106.40003,29.542,0.0],[106.40164,29.54381,0.0],[106.40261,29.544,0.0],[106.40455,29.54365,0.0],[106.40838,29.54353,0.0],[106.40875,29.54317,0.0],[106.40913,29.54362,0.0],[106.41029,29.54351,0.0],[106.41049,29.54282,0.0],[106.40919,29.54095,0.0],[106.41008,29.53981,0.0],[106.41031,29.53835,0.0],[106.40916,29.53694,0.0],[106.40948,29.53605,0.0],[106.40948,29.53484,0.0],[106.40993,29.53407,0.0],[106.40919,29.53402,0.0],[106.40979,29.53314,0.0],[106.40873,29.53192,0.0],[106.40851,29.53111,0.0],[106.40906,29.53056,0.0],[106.40835,29.52974,0.0],[106.40895,29.52873,0.0],[106.40855,29.5268,0.0],[106.4087,29.52427,0.0],[106.40841,29.52332,0.0],[106.40852,29.5221,0.0],[106.40811,29.52149,0.0],[106.40837,29.52034,0.0],[106.40815,29.51864,0.0],[106.40828,29.51772,0.0],[106.40802,29.51694,0.0],[106.40764,29.51636,0.0],[106.40805,29.51486,0.0],[106.40773,29.51412,0.0],[106.40815,29.51348,0.0],[106.40782,29.51268,0.0],[106.40686,29.51292,0.0],[106.40664,29.51255,0.0],[106.40733,29.51211,0.0],[106.40739,29.51138,0.0],[106.40638,29.51093,0.0],[106.40565,29.51025,0.0],[106.40557,29.50845,0.0],[106.40718,29.50854,0.0],[106.40709,29.50716,0.0],[106.4067,29.50607,0.0],[106.4068,29.50381,0.0],[106.40651,29.50369,0.0],[106.40576,29.50423,0.0],[106.40515,29.50362,0.0],[106.40371,29.50368,0.0],[106.40319,29.50462,0.0],[106.40277,29.50469,0.0],[106.4027,29.50346,0.0],[106.40261,29.50279,0.0],[106.40292,29.50218,0.0],[106.40287,29.50154,0.0],[106.40232,29.50082,0.0],[106.4024,29.49986,0.0],[106.40295,29.49868,0.0],[106.40303,29.49697,0.0],[106.40252,29.49576,0.0],[106.4029,29.49536,0.0],[106.4031,29.49487,0.0],[106.40422,29.4945,0.0],[106.40504,29.4954,0.0],[106.40699,29.49515,0.0],[106.40884,29.49523,0.0],[106.41144,29.49512,0.0],[106.41276,29.49456,0.0],[106.4135,29.49456,0.0],[106.41542,29.49537,0.0],[106.41615,29.49556,0.0],[106.41626,29.49617,0.0],[106.41658,29.49645,0.0],[106.41861,29.49596,0.0],[106.41937,29.49644,0.0],[106.42017,29.49629,0.0],[106.42053,29.49597,0.0],[106.42137,29.49576,0.0],[106.4216,29.49657,0.0],[106.42234,29.49759,0.0],[106.4224,29.49905,0.0],[106.42266,29.49956,0.0],[106.42377,29.49937,0.0],[106.42354,29.50046,0.0],[106.42362,29.50115,0.0],[106.42519,29.50099,0.0],[106.42647,29.50131,0.0],[106.42736,29.50083,0.0],[106.4276,29.50139,0.0],[106.42809,29.50134,0.0],[106.42879,29.50057,0.0],[106.42885,29.49985,0.0],[106.42927,29.4997,0.0],[106.42937,29.50055,0.0],[106.43029,29.50034,0.0],[106.43046,29.49776,0.0],[106.43171,29.49766,0.0],[106.43188,29.49681,0.0],[106.4343,29.49915,0.0],[106.43519,29.49911,0.0],[106.43513,29.49814,0.0],[106.43672,29.49798,0.0],[106.43771,29.49662,0.0],[106.43908,29.49653,0.0],[106.43864,29.49834,0.0],[106.43934,29.4981,0.0],[106.43948,29.49865,0.0],[106.43888,29.49904,0.0],[106.43896,29.49919,0.0],[106.44041,29.49988,0.0],[106.44078,29.50067,0.0],[106.44014,29.50199,0.0],[106.44125,29.50373,0.0],[106.44214,29.50277,0.0],[106.44276,29.50311,0.0],[106.44328,29.50188,0.0],[106.44368,29.50218,0.0],[106.44346,29.50271,0.0],[106.44372,29.50309,0.0],[106.44325,29.50384,0.0],[106.44323,29.50486,0.0],[106.44372,29.5049,0.0],[106.44392,29.50451,0.0],[106.44472,29.50503,0.0],[106.44409,29.50605,0.0],[106.44438,29.50701,0.0],[106.44365,29.50758,0.0],[106.444,29.50809,0.0],[106.4447,29.50783,0.0],[106.44592,29.50872,0.0],[106.4456,29.50886,0.0],[106.44484,29.50915,0.0],[106.4447,29.50952,0.0],[106.44511,29.51,0.0],[106.44446,29.51126,0.0],[106.44397,29.51252,0.0],[106.4449,29.51364,0.0],[106.44511,29.51509,0.0],[106.44581,29.5149,0.0],[106.44759,29.5159,0.0],[106.44768,29.51749,0.0],[106.44809,29.51785,0.0],[106.4482,29.51942,0.0],[106.44936,29.51987,0.0],[106.44836,29.52046,0.0],[106.44794,29.52182,0.0],[106.44888,29.52132,0.0],[106.45033,29.52157,0.0],[106.45041,29.5225,0.0],[106.4514,29.52301,0.0],[106.45158,29.52419,0.0],[106.4525,29.52509,0.0],[106.45267,29.5261,0.0],[106.45213,29.52728,0.0],[106.45255,29.52819,0.0],[106.45333,29.52807,0.0],[106.45473,29.52897,0.0],[106.45615,29.52868,0.0],[106.45725,29.52973,0.0],[106.45726,29.53244,0.0],[106.45667,29.53214,0.0],[106.45624,29.53345,0.0],[106.45561,29.53396,0.0],[106.45586,29.53468,0.0],[106.45753,29.53423,0.0],[106.45798,29.53559,0.0],[106.4564,29.53564,0.0],[106.45762,29.53648,0.0],[106.45857,29.53713,0.0],[106.45866,29.53859,0.0],[106.46037,29.53907,0.0],[106.46007,29.53754,0.0],[106.46,29.53716,0.0],[106.461,29.53702,0.0],[106.46096,29.53638,0.0],[106.46163,29.5366,0.0],[106.4618,29.53752,0.0],[106.46243,29.53769,0.0],[106.46243,29.53694,0.0],[106.4631,29.53737,0.0],[106.46396,29.53717,0.0],[106.46489,29.53792,0.0],[106.46629,29.53747,0.0],[106.46705,29.53811,0.0],[106.46804,29.5376,0.0],[106.46834,29.53841,0.0],[106.47031,29.53811,0.0],[106.47048,29.53764,0.0],[106.47156,29.53756,0.0],[106.47182,29.53942,0.0],[106.47052,29.54207,0.0],[106.47097,29.54309,0.0],[106.47149,29.54427,0.0],[106.47106,29.54583,0.0],[106.47126,29.54755,0.0],[106.47283,29.54701,0.0],[106.47193,29.54583,0.0],[106.47268,29.54519,0.0],[106.47227,29.54462,0.0],[106.47281,29.54395,0.0],[106.47193,29.54301,0.0],[106.47186,29.54235,0.0],[106.47326,29.54288,0.0],[106.47398,29.54434,0.0],[106.47456,29.544,0.0],[106.47395,29.54299,0.0],[106.474,29.54233,0.0],[106.47333,29.54181,0.0],[106.47246,29.54076,0.0],[106.47439,29.54047,0.0],[106.47417,29.54151,0.0],[106.47562,29.54186,0.0],[106.47564,29.54068,0.0],[106.477,29.54019,0.0],[106.47939,29.54042,0.0],[106.47929,29.54141,0.0],[106.47894,29.54239,0.0],[106.47963,29.54288,0.0],[106.47944,29.54431,0.0],[106.47827,29.54543,0.0],[106.47883,29.5459,0.0],[106.47886,29.54658,0.0],[106.47747,29.54714,0.0],[106.47715,29.549,0.0],[106.47568,29.54986,0.0],[106.47745,29.55062,0.0],[106.47803,29.55026,0.0],[106.4789,29.55065,0.0],[106.48017,29.55053,0.0],[106.48076,29.55071,0.0],[106.48268,29.55059,0.0],[106.4832,29.55006,0.0],[106.48471,29.55007,0.0],[106.48576,29.54963,0.0],[106.4864,29.54959,0.0],[106.48849,29.55023,0.0],[106.49169,29.54957,0.0],[106.4919,29.5504,0.0],[106.4928,29.54996,0.0],[106.4925,29.54912,0.0],[106.49365,29.54785,0.0],[106.49485,29.54765,0.0],[106.49463,29.54568,0.0],[106.49535,29.54485,0.0],[106.49526,29.54394,0.0],[106.49613,29.54371,0.0],[106.49589,29.5431,0.0],[106.49503,29.54265,0.0],[106.4946,29.54197,0.0],[106.49496,29.54127,0.0],[106.49476,29.54057,0.0],[106.49541,29.54013,0.0],[106.49584,29.54013,0.0],[106.4969,29.54005,0.0],[106.49713,29.54025,0.0],[106.49765,29.53966,0.0],[106.4985,29.53944,0.0],[106.4992,29.53855,0.0],[106.50003,29.53816,0.0],[106.49988,29.53732,0.0],[106.49925,29.53821,0.0],[106.49778,29.53816,0.0],[106.49773,29.53785,0.0],[106.49713,29.53786,0.0],[106.49727,29.53556,0.0],[106.49738,29.53361,0.0],[106.496,29.53311,0.0],[106.49649,29.53244,0.0],[106.49864,29.53128,0.0],[106.49976,29.53084,0.0],[106.50227,29.53086,0.0],[106.50263,29.53166,0.0],[106.50251,29.53241,0.0],[106.50261,29.53327,0.0],[106.5038,29.53302,0.0],[106.5041,29.53403,0.0],[106.50511,29.53389,0.0],[106.50534,29.53303,0.0],[106.50712,29.53302,0.0],[106.50723,29.53211,0.0],[106.50978,29.53206,0.0],[106.51014,29.53173,0.0],[106.51304,29.53187,0.0],[106.51381,29.53216,0.0],[106.51544,29.53103,0.0],[106.51568,29.53153,0.0],[106.51476,29.53219,0.0],[106.51437,29.53308,0.0],[106.51501,29.53328,0.0],[106.5142,29.53378,0.0],[106.51429,29.53472,0.0],[106.51494,29.53541,0.0],[106.51492,29.53625,0.0],[106.51667,29.53703,0.0],[106.51756,29.53328,0.0],[106.52033,29.53294,0.0],[106.52125,29.53374,0.0],[106.52161,29.53445,0.0],[106.52331,29.53377,0.0],[106.52253,29.53172,0.0],[106.52312,29.53164,0.0],[106.52322,29.53163,0.0],[106.52375,29.53156,0.0],[106.52824,29.53152,0.0],[106.52797,29.52463,0.0],[106.52866,29.51458,0.0],[106.53247,29.50873,0.0],[106.53812,29.50678,0.0],[106.54607,29.50047,0.0],[106.54699,29.49476,0.0],[106.54788,29.48923,0.0],[106.54515,29.48151,0.0],[106.54108,29.47678,0.0],[106.53584,29.4759,0.0],[106.53039,29.47679,0.0],[106.52285,29.47962,0.0],[106.51812,29.48189,0.0],[106.52031,29.48488,0.0],[106.52038,29.48638,0.0],[106.51972,29.48681,0.0],[106.51901,29.48726,0.0],[106.52095,29.48876,0.0],[106.52045,29.49039,0.0],[106.51908,29.49101,0.0],[106.51729,29.49352,0.0],[106.51499,29.49389,0.0],[106.51506,29.4927,0.0],[106.51743,29.4907,0.0],[106.51678,29.48976,0.0],[106.51456,29.49008,0.0],[106.51146,29.48945,0.0],[106.50744,29.49051,0.0],[106.50981,29.49177,0.0],[106.50902,29.49339,0.0],[106.50629,29.49283,0.0],[106.50061,29.49633,0.0],[106.50061,29.49783,0.0],[106.49917,29.4979,0.0],[106.49889,29.49546,0.0],[106.50011,29.49458,0.0],[106.49896,29.49364,0.0],[106.49896,29.49177,0.0],[106.49702,29.49233,0.0],[106.49486,29.49202,0.0],[106.4945,29.4932,0.0],[106.49587,29.49452,0.0],[106.49328,29.49496,0.0],[106.49349,29.49646,0.0],[106.49213,29.49677,0.0],[106.49091,29.49483,0.0],[106.4876,29.49427,0.0],[106.48645,29.49327,0.0],[106.48595,29.49508,0.0],[106.48451,29.49596,0.0],[106.48437,29.49458,0.0],[106.48242,29.49458,0.0],[106.47969,29.49252,0.0],[106.4766,29.4927,0.0],[106.47574,29.49389,0.0],[106.4738,29.49539,0.0],[106.4738,29.49815,0.0],[106.47128,29.49827,0.0],[106.46957,29.49902,0.0],[106.46913,29.49921,0.0],[106.46726,29.49902,0.0],[106.46697,29.50027,0.0],[106.46381,29.50059,0.0],[106.4633,29.49796,0.0],[106.46007,29.49834,0.0],[106.45741,29.49765,0.0],[106.45698,29.49433,0.0],[106.4554,29.49245,0.0],[106.45223,29.49339,0.0],[106.45159,29.49596,0.0],[106.44972,29.49508,0.0],[106.45123,29.49127,0.0],[106.45116,29.48876,0.0],[106.45195,29.48745,0.0],[106.45231,29.48488,0.0],[106.45468,29.48357,0.0],[106.4559,29.48351,0.0],[106.45698,29.48638,0.0],[106.46007,29.48801,0.0],[106.45985,29.4862,0.0],[106.46208,29.48613,0.0],[106.46409,29.4852,0.0],[106.46424,29.48326,0.0],[106.46647,29.47938,0.0],[106.46647,29.47575,0.0],[106.4623,29.47568,0.0],[106.46043,29.47481,0.0],[106.46294,29.47324,0.0],[106.45993,29.47312,0.0],[106.45432,29.47512,0.0],[106.45374,29.47174,0.0],[106.45446,29.4703,0.0],[106.45231,29.46836,0.0],[106.45281,29.46617,0.0],[106.45144,29.46523,0.0],[106.45144,29.46361,0.0],[106.4495,29.46298,0.0],[106.44957,29.46142,0.0],[106.44821,29.46041,0.0],[106.44799,29.4591,0.0],[106.44979,29.45553,0.0],[106.45166,29.45641,0.0],[106.4536,29.45065,0.0],[106.4587,29.44934,0.0],[106.45784,29.44852,0.0],[106.45432,29.44884,0.0],[106.45267,29.44658,0.0],[106.45317,29.44345,0.0],[106.4518,29.44201,0.0],[106.45418,29.44045,0.0],[106.4541,29.43832,0.0],[106.45101,29.43456,0.0],[106.44993,29.4315,0.0],[106.45166,29.43005,0.0],[106.45346,29.42887,0.0],[106.45238,29.4278,0.0],[106.45468,29.42743,0.0],[106.45274,29.4263,0.0],[106.45209,29.4253,0.0],[106.45432,29.42304,0.0],[106.4508,29.42041,0.0],[106.44922,29.41741,0.0],[106.44828,29.41634,0.0],[106.44469,29.41822,0.0],[106.4462,29.41922,0.0],[106.44663,29.42073,0.0],[106.44397,29.42142,0.0],[106.44239,29.42104,0.0],[106.44116,29.42192,0.0],[106.4421,29.42342,0.0],[106.44009,29.42523,0.0],[106.43656,29.42624,0.0],[106.43635,29.42417,0.0],[106.43735,29.42079,0.0],[106.43764,29.41778,0.0],[106.43541,29.41835,0.0],[106.43556,29.42048,0.0],[106.43211,29.42079,0.0],[106.43124,29.4196,0.0],[106.43017,29.41998,0.0],[106.43074,29.41828,0.0],[106.42974,29.41709,0.0],[106.42693,29.41728,0.0],[106.42607,29.41866,0.0],[106.42708,29.42461,0.0],[106.42319,29.4248,0.0],[106.42219,29.42793,0.0],[106.42118,29.42599,0.0],[106.42053,29.42905,0.0],[106.41974,29.42768,0.0],[106.41953,29.42924,0.0],[106.41852,29.42918,0.0],[106.41665,29.42661,0.0],[106.4173,29.42498,0.0],[106.41953,29.42611,0.0],[106.41938,29.42198,0.0],[106.4178,29.42267,0.0],[106.41687,29.42142,0.0],[106.41615,29.42317,0.0],[106.41486,29.42329,0.0],[106.41378,29.42198,0.0],[106.41342,29.42436,0.0],[106.4104,29.42555,0.0],[106.4132,29.42743,0.0],[106.41162,29.4298,0.0],[106.41263,29.43394,0.0],[106.40853,29.4345,0.0],[106.40738,29.43594,0.0],[106.40609,29.43525,0.0],[106.40573,29.43819,0.0],[106.40465,29.43863,0.0],[106.40558,29.44214,0.0],[106.40472,29.44251,0.0],[106.40213,29.44095,0.0],[106.39883,29.44114,0.0],[106.39437,29.4432,0.0],[106.39264,29.44045,0.0],[106.39243,29.43606,0.0],[106.39106,29.42949,0.0],[106.39013,29.42467,0.0],[106.39142,29.42129,0.0],[106.39078,29.41528,0.0],[106.38934,29.4134,0.0],[106.38927,29.40852,0.0],[106.39092,29.40088,0.0],[106.39387,29.39637,0.0],[106.3943,29.3933,0.0],[106.39149,29.39267,0.0],[106.39264,29.3901,0.0],[106.39459,29.38772,0.0],[106.39847,29.38616,0.0],[106.39969,29.38403,0.0],[106.40285,29.38265,0.0],[106.40141,29.37871,0.0],[106.40393,29.37683,0.0],[106.40458,29.37582,0.0],[106.40264,29.37338,0.0],[106.40264,29.37263,0.0],[106.40328,29.3715,0.0],[106.40551,29.37075,0.0],[106.40565,29.36943,0.0],[106.4045,29.36837,0.0],[106.40422,29.36712,0.0],[106.40292,29.36555,0.0],[106.40069,29.36517,0.0],[106.40012,29.36323,0.0],[106.39782,29.36386,0.0],[106.39611,29.36147,0.0],[106.39602,29.36135,0.0],[106.39257,29.36073,0.0],[106.39315,29.35509,0.0],[106.3943,29.35283,0.0],[106.39545,29.3497,0.0],[106.39696,29.34832,0.0],[106.39663,29.34358,0.0],[106.39418,29.34325,0.0],[106.39014,29.34172,0.0],[106.3878,29.33291,0.0],[106.38429,29.32506,0.0],[106.38169,29.31799,0.0],[106.38119,29.31664,0.0],[106.38412,29.30897,0.0],[106.38771,29.29615,0.0],[106.38329,29.28963,0.0],[106.3727,29.28293,0.0],[106.35969,29.28174,0.0],[106.35244,29.28053,0.0],[106.34452,29.27572,0.0],[106.33474,29.26929,0.0],[106.3212,29.26241,0.0],[106.31144,29.25987,0.0],[106.30289,29.25868,0.0],[106.29421,29.25927,0.0],[106.29101,29.26235,0.0],[106.28792,29.27417,0.0],[106.28137,29.28379,0.0],[106.28177,29.28888,0.0],[106.28385,29.30853,0.0],[106.2888,29.31159,0.0],[106.28958,29.31682,0.0],[106.28489,29.31738,0.0],[106.27565,29.31409,0.0],[106.26913,29.3192,0.0],[106.26835,29.32851,0.0],[106.25807,29.32976,0.0],[106.2595,29.3393,0.0],[106.2634,29.34702,0.0],[106.27617,29.35632,0.0],[106.27617,29.36245,0.0],[106.27877,29.36563,0.0],[106.28828,29.36654,0.0],[106.2914,29.3746,0.0],[106.29792,29.37664,0.0],[106.30638,29.37687,0.0],[106.31419,29.38402,0.0],[106.32513,29.39207,0.0],[106.32943,29.39627,0.0],[106.3293,29.40047,0.0],[106.31862,29.41306,0.0],[106.31732,29.41522,0.0],[106.31642,29.42154,0.0],[106.32005,29.42358,0.0],[106.31975,29.42847,0.0],[106.31331,29.43004,0.0],[106.30598,29.42892,0.0],[106.30436,29.42869,0.0],[106.30337,29.43127,0.0],[106.3,29.43677,0.0],[106.28463,29.43722,0.0],[106.27838,29.44085,0.0],[106.27304,29.44108,0.0],[106.26874,29.44301,0.0],[106.26445,29.44062,0.0],[106.26253,29.44193,0.0],[106.26145,29.44267,0.0],[106.2608,29.45128,0.0],[106.26249,29.45559,0.0],[106.25898,29.46126,0.0],[106.25976,29.47249,0.0],[106.269,29.4819,0.0],[106.26874,29.48643,0.0],[106.26249,29.49652,0.0],[106.25234,29.52066,0.0],[106.24934,29.53505,0.0],[106.25143,29.53463,0.0]],[[106.51132,29.49371,0.0],[106.51197,29.49433,0.0],[106.51341,29.49439,0.0],[106.51369,29.49615,0.0],[106.5147,29.49683,0.0],[106.5124,29.49871,0.0],[106.51139,29.49765,0.0],[106.51132,29.49615,0.0],[106.51017,29.49458,0.0],[106.51132,29.49371,0.0]]]]}},{"type":"Feature","properties":{"uesi_id":"CHN_R913069","nbhd_code":"CHN_R913069_138","nbhd_name":"Kaizhou District"},"geometry":{"type":"MultiPolygon","coordinates":[[[[107.93281,30.95537,0.0],[107.93385,30.9718,0.0],[107.9379,30.9856,0.0],[107.93894,30.99195,0.0],[107.95858,30.98702,0.0],[107.96798,30.98501,0.0],[107.98121,30.98664,0.0],[107.98765,31.00034,0.0],[107.99131,31.0056,0.0],[107.99367,31.01404,0.0],[108.00026,31.0264,0.0],[108.00881,31.02597,0.0],[108.01735,31.03067,0.0],[108.01987,31.03515,0.0],[108.03041,31.03896,0.0],[108.03545,31.03664,0.0],[108.04033,31.03836,0.0],[108.0432,31.04097,0.0],[108.04947,31.04328,0.0],[108.05378,31.05095,0.0],[108.05557,31.05405,0.0],[108.05043,31.0582,0.0],[108.04817,31.06185,0.0],[108.04294,31.06424,0.0],[108.02222,31.06341,0.0],[108.02136,31.06417,0.0],[108.02121,31.06564,0.0],[108.01923,31.06856,0.0],[108.02144,31.06996,0.0],[108.02103,31.07236,0.0],[108.02207,31.07423,0.0],[108.02173,31.08455,0.0],[108.01978,31.09056,0.0],[108.0183,31.09556,0.0],[108.01378,31.09667,0.0],[108.01003,31.10085,0.0],[108.00927,31.10789,0.0],[108.00629,31.11054,0.0],[108.00646,31.11307,0.0],[108.01012,31.11837,0.0],[108.01629,31.11538,0.0],[108.02396,31.1203,0.0],[108.02396,31.12627,0.0],[108.02526,31.12952,0.0],[108.02823,31.13126,0.0],[108.03093,31.13115,0.0],[108.03241,31.13215,0.0],[108.03049,31.13856,0.0],[108.03485,31.1443,0.0],[108.04254,31.14858,0.0],[108.05461,31.14749,0.0],[108.05126,31.15907,0.0],[108.06374,31.17018,0.0],[108.0688,31.1744,0.0],[108.0634,31.17552,0.0],[108.06532,31.17879,0.0],[108.07462,31.18926,0.0],[108.07993,31.19056,0.0],[108.08552,31.20099,0.0],[108.08534,31.20732,0.0],[108.0818,31.21045,0.0],[108.08012,31.21566,0.0],[108.07663,31.22176,0.0],[108.06773,31.22015,0.0],[108.06479,31.224,0.0],[108.06558,31.22586,0.0],[108.0715,31.22675,0.0],[108.07498,31.23055,0.0],[108.07455,31.23323,0.0],[108.07289,31.23412,0.0],[108.05856,31.22838,0.0],[108.03669,31.2218,0.0],[108.02745,31.21941,0.0],[108.02443,31.22559,0.0],[108.02739,31.23612,0.0],[108.02776,31.2396,0.0],[108.02431,31.24423,0.0],[108.01658,31.24499,0.0],[108.0173,31.24734,0.0],[108.02875,31.25234,0.0],[108.03909,31.2555,0.0],[108.05638,31.2573,0.0],[108.06049,31.26317,0.0],[108.0697,31.26506,0.0],[108.07555,31.26365,0.0],[108.08941,31.26843,0.0],[108.09157,31.27158,0.0],[108.08928,31.27615,0.0],[108.09641,31.27941,0.0],[108.0992,31.28387,0.0],[108.11363,31.2894,0.0],[108.14005,31.30414,0.0],[108.14817,31.31147,0.0],[108.15771,31.31506,0.0],[108.15914,31.32303,0.0],[108.17758,31.32867,0.0],[108.18189,31.34019,0.0],[108.17429,31.34706,0.0],[108.17637,31.35267,0.0],[108.17586,31.3544,0.0],[108.16899,31.35864,0.0],[108.15459,31.36269,0.0],[108.1548,31.36904,0.0],[108.14992,31.37569,0.0],[108.15577,31.38112,0.0],[108.15958,31.38112,0.0],[108.16467,31.3809,0.0],[108.16976,31.38351,0.0],[108.17472,31.39426,0.0],[108.1826,31.39632,0.0],[108.19812,31.39751,0.0],[108.20511,31.40294,0.0],[108.20824,31.41046,0.0],[108.21236,31.41347,0.0],[108.21287,31.43192,0.0],[108.20842,31.43431,0.0],[108.20651,31.44115,0.0],[108.22178,31.45427,0.0],[108.22067,31.46607,0.0],[108.20804,31.47131,0.0],[108.20181,31.46621,0.0],[108.19723,31.46968,0.0],[108.1896,31.4699,0.0],[108.19023,31.4789,0.0],[108.1854,31.48465,0.0],[108.18796,31.49458,0.0],[108.19332,31.49451,0.0],[108.20575,31.49517,0.0],[108.21821,31.5007,0.0],[108.22089,31.50883,0.0],[108.23201,31.50964,0.0],[108.24314,31.50439,0.0],[108.24658,31.50048,0.0],[108.25141,31.50178,0.0],[108.25586,31.50558,0.0],[108.27418,31.50428,0.0],[108.2785,31.51024,0.0],[108.29109,31.50493,0.0],[108.3089,31.50959,0.0],[108.31917,31.50404,0.0],[108.32772,31.51013,0.0],[108.33637,31.51122,0.0],[108.34362,31.51848,0.0],[108.34297,31.52814,0.0],[108.3379,31.53095,0.0],[108.33726,31.53648,0.0],[108.33599,31.5406,0.0],[108.34305,31.54515,0.0],[108.34566,31.5497,0.0],[108.35227,31.54732,0.0],[108.36003,31.54764,0.0],[108.37516,31.54418,0.0],[108.3851,31.54793,0.0],[108.38852,31.56401,0.0],[108.38368,31.56769,0.0],[108.37453,31.57225,0.0],[108.37986,31.57355,0.0],[108.38336,31.57634,0.0],[108.38574,31.57938,0.0],[108.3893,31.5806,0.0],[108.38547,31.58536,0.0],[108.38442,31.59164,0.0],[108.39589,31.60464,0.0],[108.41383,31.61276,0.0],[108.41726,31.6171,0.0],[108.41853,31.62392,0.0],[108.43277,31.63342,0.0],[108.44039,31.63633,0.0],[108.44817,31.63453,0.0],[108.45249,31.63204,0.0],[108.45656,31.62403,0.0],[108.46012,31.6211,0.0],[108.46318,31.62284,0.0],[108.46521,31.62822,0.0],[108.46417,31.63742,0.0],[108.46922,31.6422,0.0],[108.47882,31.642,0.0],[108.48836,31.64417,0.0],[108.49141,31.6524,0.0],[108.50057,31.65857,0.0],[108.51176,31.659,0.0],[108.51532,31.66831,0.0],[108.52601,31.66831,0.0],[108.52992,31.67133,0.0],[108.53859,31.66697,0.0],[108.54267,31.6672,0.0],[108.53883,31.67677,0.0],[108.54288,31.67989,0.0],[108.54637,31.67968,0.0],[108.55281,31.6811,0.0],[108.55872,31.68205,0.0],[108.56626,31.67865,0.0],[108.5714,31.67318,0.0],[108.57733,31.67024,0.0],[108.58327,31.66454,0.0],[108.58948,31.66091,0.0],[108.59621,31.6582,0.0],[108.60293,31.65755,0.0],[108.6083,31.65735,0.0],[108.61502,31.65647,0.0],[108.62202,31.65398,0.0],[108.62821,31.65127,0.0],[108.63227,31.64602,0.0],[108.63445,31.64053,0.0],[108.63555,31.63618,0.0],[108.63715,31.62893,0.0],[108.64259,31.6275,0.0],[108.64716,31.62639,0.0],[108.65227,31.62504,0.0],[108.66113,31.626,0.0],[108.66836,31.6281,0.0],[108.67693,31.63158,0.0],[108.6815,31.63183,0.0],[108.68552,31.63231,0.0],[108.68766,31.63324,0.0],[108.68737,31.6369,0.0],[108.68629,31.63942,0.0],[108.68815,31.64195,0.0],[108.69379,31.64336,0.0],[108.70104,31.64133,0.0],[108.71046,31.63702,0.0],[108.71503,31.63704,0.0],[108.72495,31.64075,0.0],[108.72977,31.64215,0.0],[108.73433,31.64401,0.0],[108.74236,31.64863,0.0],[108.74772,31.65186,0.0],[108.75172,31.65761,0.0],[108.75304,31.66128,0.0],[108.75516,31.6684,0.0],[108.75834,31.67689,0.0],[108.76253,31.68136,0.0],[108.76745,31.68464,0.0],[108.77239,31.68685,0.0],[108.77799,31.68748,0.0],[108.7907,31.68719,0.0],[108.79979,31.6889,0.0],[108.81416,31.68872,0.0],[108.82221,31.6865,0.0],[108.82847,31.68811,0.0],[108.83782,31.68979,0.0],[108.84563,31.68912,0.0],[108.84968,31.68892,0.0],[108.85287,31.68603,0.0],[108.85698,31.68343,0.0],[108.86122,31.67914,0.0],[108.86554,31.67205,0.0],[108.8712,31.66795,0.0],[108.87685,31.66522,0.0],[108.88196,31.66432,0.0],[108.8919,31.66321,0.0],[108.89889,31.66162,0.0],[108.90936,31.66189,0.0],[108.92118,31.6617,0.0],[108.9295,31.66127,0.0],[108.93649,31.66312,0.0],[108.9424,31.66268,0.0],[108.9408,31.65557,0.0],[108.93733,31.64891,0.0],[108.93655,31.64249,0.0],[108.93227,31.63744,0.0],[108.92557,31.631,0.0],[108.91968,31.62617,0.0],[108.91218,31.62064,0.0],[108.90548,31.61672,0.0],[108.89878,31.61372,0.0],[108.89127,31.61278,0.0],[108.88295,31.61092,0.0],[108.8757,31.60951,0.0],[108.87061,31.60789,0.0],[108.86499,31.60306,0.0],[108.86205,31.59824,0.0],[108.85617,31.59225,0.0],[108.85269,31.58949,0.0],[108.84814,31.58764,0.0],[108.83902,31.58554,0.0],[108.82856,31.58413,0.0],[108.82212,31.58387,0.0],[108.8173,31.58248,0.0],[108.81033,31.5813,0.0],[108.80362,31.58036,0.0],[108.79799,31.5785,0.0],[108.79559,31.57505,0.0],[108.7932,31.56931,0.0],[108.79214,31.56449,0.0],[108.79137,31.55922,0.0],[108.78977,31.55554,0.0],[108.78737,31.55347,0.0],[108.78362,31.55162,0.0],[108.77773,31.54954,0.0],[108.77211,31.54676,0.0],[108.76917,31.54446,0.0],[108.76784,31.54124,0.0],[108.76704,31.53849,0.0],[108.76573,31.53367,0.0],[108.76067,31.52585,0.0],[108.75642,31.51735,0.0],[108.75215,31.51252,0.0],[108.74599,31.50974,0.0],[108.72947,31.50021,0.0],[108.71261,31.50339,0.0],[108.70846,31.5041,0.0],[108.69515,31.50211,0.0],[108.69452,31.49894,0.0],[108.69405,31.49551,0.0],[108.6946,31.49322,0.0],[108.69515,31.48933,0.0],[108.69304,31.48336,0.0],[108.69414,31.47855,0.0],[108.69389,31.47534,0.0],[108.69687,31.46985,0.0],[108.70064,31.46712,0.0],[108.70734,31.46555,0.0],[108.71352,31.4626,0.0],[108.71809,31.46055,0.0],[108.72212,31.45874,0.0],[108.72562,31.45669,0.0],[108.7318,31.45237,0.0],[108.73501,31.44425,0.0],[108.73989,31.44529,0.0],[108.74262,31.44438,0.0],[108.74915,31.44597,0.0],[108.75142,31.44406,0.0],[108.75615,31.4412,0.0],[108.75626,31.43804,0.0],[108.75307,31.43389,0.0],[108.75093,31.43205,0.0],[108.74827,31.42906,0.0],[108.74454,31.42423,0.0],[108.74027,31.42031,0.0],[108.7376,31.41778,0.0],[108.73573,31.41639,0.0],[108.73333,31.41478,0.0],[108.73039,31.41362,0.0],[108.72638,31.41222,0.0],[108.72344,31.41015,0.0],[108.72292,31.40831,0.0],[108.72212,31.40579,0.0],[108.72322,31.40167,0.0],[108.72243,31.39684,0.0],[108.72137,31.39524,0.0],[108.71763,31.3943,0.0],[108.71468,31.39589,0.0],[108.71091,31.39794,0.0],[108.70689,31.39906,0.0],[108.70368,31.39836,0.0],[108.69994,31.39605,0.0],[108.69594,31.39328,0.0],[108.69193,31.39074,0.0],[108.69008,31.38775,0.0],[108.68822,31.38476,0.0],[108.68743,31.38132,0.0],[108.68986,31.37904,0.0],[108.69389,31.37722,0.0],[108.69899,31.37358,0.0],[108.6982,31.37014,0.0],[108.69903,31.36624,0.0],[108.69852,31.36051,0.0],[108.69774,31.35798,0.0],[108.69642,31.35385,0.0],[108.69376,31.35017,0.0],[108.69083,31.34855,0.0],[108.68093,31.3469,0.0],[108.6713,31.34662,0.0],[108.66514,31.34613,0.0],[108.65416,31.34561,0.0],[108.64587,31.34489,0.0],[108.63838,31.34255,0.0],[108.63385,31.33977,0.0],[108.63092,31.33678,0.0],[108.6296,31.33402,0.0],[108.63177,31.32991,0.0],[108.63421,31.3251,0.0],[108.63746,31.31893,0.0],[108.6423,31.31323,0.0],[108.64822,31.30776,0.0],[108.65092,31.30387,0.0],[108.65068,31.30043,0.0],[108.64856,31.29698,0.0],[108.6459,31.29468,0.0],[108.64056,31.29144,0.0],[108.63121,31.28978,0.0],[108.63525,31.28476,0.0],[108.63661,31.28087,0.0],[108.63796,31.27836,0.0],[108.63852,31.27538,0.0],[108.63532,31.27261,0.0],[108.63186,31.2703,0.0],[108.62679,31.26775,0.0],[108.62227,31.26383,0.0],[108.61828,31.26083,0.0],[108.61349,31.25598,0.0],[108.60897,31.25206,0.0],[108.60445,31.24768,0.0],[108.59939,31.24444,0.0],[108.5978,31.24145,0.0],[108.59462,31.23777,0.0],[108.59329,31.23547,0.0],[108.5909,31.23224,0.0],[108.58853,31.22696,0.0],[108.58643,31.22076,0.0],[108.58566,31.21617,0.0],[108.58464,31.20859,0.0],[108.58468,31.20355,0.0],[108.5847,31.19988,0.0],[108.58365,31.1969,0.0],[108.581,31.19298,0.0],[108.57649,31.18814,0.0],[108.57517,31.18561,0.0],[108.57573,31.18126,0.0],[108.57736,31.17714,0.0],[108.58379,31.1758,0.0],[108.58861,31.17423,0.0],[108.59156,31.17218,0.0],[108.59451,31.1699,0.0],[108.59587,31.16716,0.0],[108.59349,31.16302,0.0],[108.59003,31.15956,0.0],[108.5826,31.15402,0.0],[108.57541,31.14939,0.0],[108.56981,31.14752,0.0],[108.56555,31.14521,0.0],[108.56343,31.14244,0.0],[108.56293,31.13808,0.0],[108.56268,31.1351,0.0],[108.56165,31.13051,0.0],[108.56085,31.12867,0.0],[108.56168,31.125,0.0],[108.56277,31.1218,0.0],[108.56225,31.11951,0.0],[108.56146,31.11698,0.0],[108.55854,31.11467,0.0],[108.55561,31.11373,0.0],[108.55241,31.11234,0.0],[108.55003,31.11026,0.0],[108.55084,31.10774,0.0],[108.55273,31.10523,0.0],[108.5565,31.10136,0.0],[108.55705,31.09792,0.0],[108.5536,31.09446,0.0],[108.54534,31.09212,0.0],[108.54161,31.09118,0.0],[108.53362,31.08884,0.0],[108.52402,31.08672,0.0],[108.52055,31.08578,0.0],[108.51044,31.08205,0.0],[108.50271,31.07993,0.0],[108.49686,31.07508,0.0],[108.49128,31.07298,0.0],[108.48701,31.07135,0.0],[108.4817,31.06902,0.0],[108.47345,31.0653,0.0],[108.47054,31.06184,0.0],[108.4695,31.05839,0.0],[108.47113,31.05405,0.0],[108.47248,31.05154,0.0],[108.47438,31.04742,0.0],[108.47415,31.04329,0.0],[108.47557,31.03734,0.0],[108.47139,31.03212,0.0],[108.47308,31.02944,0.0],[108.46993,31.02479,0.0],[108.46525,31.02301,0.0],[108.46149,31.02217,0.0],[108.45535,31.0199,0.0],[108.4465,31.01624,0.0],[108.43437,31.01628,0.0],[108.43005,31.01685,0.0],[108.424,31.01325,0.0],[108.41553,31.01076,0.0],[108.41111,31.00659,0.0],[108.40989,31.00087,0.0],[108.40599,30.99903,0.0],[108.40298,30.99924,0.0],[108.39739,30.99759,0.0],[108.39155,30.99526,0.0],[108.38676,30.9927,0.0],[108.38225,30.99083,0.0],[108.38041,30.98761,0.0],[108.37936,30.98531,0.0],[108.38019,30.98233,0.0],[108.3794,30.98049,0.0],[108.37942,30.97866,0.0],[108.37756,30.97658,0.0],[108.37171,30.97539,0.0],[108.36932,30.97446,0.0],[108.36639,30.97398,0.0],[108.36427,30.97259,0.0],[108.35947,30.97209,0.0],[108.35735,30.97024,0.0],[108.3539,30.96884,0.0],[108.34991,30.96766,0.0],[108.34457,30.96808,0.0],[108.33948,30.97079,0.0],[108.33545,30.97374,0.0],[108.33304,30.97487,0.0],[108.3328,30.9712,0.0],[108.33257,30.96776,0.0],[108.33527,30.96388,0.0],[108.33692,30.95862,0.0],[108.33802,30.95473,0.0],[108.33914,30.94855,0.0],[108.3427,30.93871,0.0],[108.34274,30.93367,0.0],[108.34224,30.93,0.0],[108.34014,30.92631,0.0],[108.33617,30.92353,0.0],[108.32766,30.92117,0.0],[108.32102,30.91768,0.0],[108.31439,30.91465,0.0],[108.30881,30.91277,0.0],[108.30537,30.91045,0.0],[108.30139,30.90767,0.0],[108.29874,30.90604,0.0],[108.29346,30.90164,0.0],[108.28922,30.89863,0.0],[108.27888,30.89281,0.0],[108.27067,30.8877,0.0],[108.26775,30.88607,0.0],[108.25795,30.8798,0.0],[108.25265,30.88869,0.0],[108.24062,30.89243,0.0],[108.22454,30.88525,0.0],[108.22738,30.88051,0.0],[108.21985,30.86363,0.0],[108.21423,30.85513,0.0],[108.20897,30.84958,0.0],[108.20341,30.84517,0.0],[108.196,30.84121,0.0],[108.18833,30.8361,0.0],[108.18278,30.83215,0.0],[108.1767,30.82797,0.0],[108.16953,30.82607,0.0],[108.16209,30.82463,0.0],[108.15434,30.82617,0.0],[108.14659,30.82885,0.0],[108.13936,30.83245,0.0],[108.13371,30.83744,0.0],[108.12888,30.84061,0.0],[108.12462,30.8408,0.0],[108.12249,30.84032,0.0],[108.11877,30.84029,0.0],[108.11531,30.83957,0.0],[108.10812,30.83881,0.0],[108.10332,30.83968,0.0],[108.10038,30.84034,0.0],[108.09637,30.84214,0.0],[108.09339,30.84624,0.0],[108.09068,30.85011,0.0],[108.09039,30.85263,0.0],[108.08734,30.86247,0.0],[108.08541,30.86795,0.0],[108.08591,30.87071,0.0],[108.08802,30.87279,0.0],[108.08907,30.87486,0.0],[108.09437,30.87721,0.0],[108.09674,30.87929,0.0],[108.09859,30.88046,0.0],[108.09802,30.88366,0.0],[108.0964,30.8864,0.0],[108.0927,30.88789,0.0],[108.08638,30.88915,0.0],[108.08401,30.89424,0.0],[108.08313,30.89739,0.0],[108.07777,30.89843,0.0],[108.07651,30.89873,0.0],[108.07243,30.89592,0.0],[108.07036,30.89656,0.0],[108.06903,30.89612,0.0],[108.06801,30.89659,0.0],[108.06548,30.89497,0.0],[108.06481,30.89294,0.0],[108.06459,30.88983,0.0],[108.06058,30.89004,0.0],[108.05532,30.88845,0.0],[108.05052,30.88512,0.0],[108.04729,30.88512,0.0],[108.04496,30.88359,0.0],[108.04381,30.87898,0.0],[108.04216,30.87893,0.0],[108.03924,30.88005,0.0],[108.03572,30.87916,0.0],[108.03494,30.87726,0.0],[108.03468,30.87663,0.0],[108.0312,30.8782,0.0],[108.02824,30.88138,0.0],[108.02255,30.88843,0.0],[108.0174,30.89526,0.0],[108.01469,30.89959,0.0],[108.01251,30.90301,0.0],[108.009,30.9071,0.0],[108.00684,30.90937,0.0],[108.00494,30.9121,0.0],[108.00195,30.9162,0.0],[108.0,30.91921,0.0],[107.99645,30.91379,0.0],[107.9913,30.91131,0.0],[107.97959,30.91576,0.0],[107.96511,30.91445,0.0],[107.9539,30.92243,0.0],[107.94526,30.92072,0.0],[107.94047,30.92685,0.0],[107.94033,30.93272,0.0],[107.93943,30.93349,0.0],[107.9389,30.93805,0.0],[107.93368,30.93835,0.0],[107.9349,30.94529,0.0],[107.93281,30.95537,0.0]]]]}},{"type":"Feature","properties":{"uesi_id":"CHN_R913069","nbhd_code":"CHN_R913069_139","nbhd_name":"Liangping District"},"geometry":{"type":"MultiPolygon","coordinates":[[[[107.40344,30.52419,0.0],[107.41613,30.51884,0.0],[107.42791,30.52523,0.0],[107.43901,30.53626,0.0],[107.43149,30.54092,0.0],[107.42344,30.55131,0.0],[107.42947,30.55514,0.0],[107.43942,30.56606,0.0],[107.46199,30.58378,0.0],[107.46231,30.58879,0.0],[107.48105,30.60028,0.0],[107.48903,30.62248,0.0],[107.49609,30.62744,0.0],[107.50033,30.63446,0.0],[107.50703,30.64293,0.0],[107.51272,30.65031,0.0],[107.50378,30.65473,0.0],[107.4944,30.66216,0.0],[107.48476,30.66626,0.0],[107.47226,30.6669,0.0],[107.46732,30.67281,0.0],[107.4676,30.67764,0.0],[107.46411,30.68083,0.0],[107.46146,30.68156,0.0],[107.45532,30.68211,0.0],[107.45457,30.68329,0.0],[107.45203,30.68539,0.0],[107.45659,30.68967,0.0],[107.45712,30.69313,0.0],[107.45595,30.69568,0.0],[107.45828,30.69613,0.0],[107.4587,30.69786,0.0],[107.45627,30.69768,0.0],[107.45383,30.69613,0.0],[107.4532,30.69786,0.0],[107.45489,30.70214,0.0],[107.4533,30.70752,0.0],[107.44843,30.70861,0.0],[107.43178,30.72399,0.0],[107.41994,30.74484,0.0],[107.42085,30.74915,0.0],[107.42656,30.74821,0.0],[107.43471,30.74925,0.0],[107.43446,30.75239,0.0],[107.4409,30.75541,0.0],[107.4403,30.75688,0.0],[107.43604,30.75782,0.0],[107.43543,30.76001,0.0],[107.43531,30.76314,0.0],[107.4367,30.76519,0.0],[107.43967,30.76708,0.0],[107.44139,30.77077,0.0],[107.44115,30.78032,0.0],[107.4417,30.7804,0.0],[107.44266,30.78101,0.0],[107.44296,30.78113,0.0],[107.44327,30.78115,0.0],[107.4435,30.78099,0.0],[107.44337,30.78009,0.0],[107.4435,30.77956,0.0],[107.44381,30.77921,0.0],[107.44544,30.7787,0.0],[107.4458,30.77848,0.0],[107.44615,30.77747,0.0],[107.44614,30.77666,0.0],[107.44632,30.77591,0.0],[107.44695,30.77537,0.0],[107.44795,30.77516,0.0],[107.44862,30.77479,0.0],[107.44894,30.77419,0.0],[107.4495,30.77386,0.0],[107.44999,30.77391,0.0],[107.45157,30.77499,0.0],[107.45206,30.77518,0.0],[107.4533,30.77528,0.0],[107.45396,30.77526,0.0],[107.45494,30.77494,0.0],[107.45557,30.77442,0.0],[107.45681,30.77232,0.0],[107.45729,30.77219,0.0],[107.45764,30.77226,0.0],[107.45808,30.77251,0.0],[107.45894,30.77452,0.0],[107.4598,30.77553,0.0],[107.46176,30.77628,0.0],[107.46201,30.77681,0.0],[107.46182,30.7783,0.0],[107.46101,30.78008,0.0],[107.45923,30.78181,0.0],[107.45848,30.78278,0.0],[107.45837,30.7846,0.0],[107.45784,30.78521,0.0],[107.45609,30.78633,0.0],[107.45544,30.78701,0.0],[107.45516,30.78763,0.0],[107.45564,30.78819,0.0],[107.45667,30.78856,0.0],[107.45903,30.78742,0.0],[107.46028,30.78704,0.0],[107.46324,30.7872,0.0],[107.46709,30.78771,0.0],[107.46867,30.78805,0.0],[107.46914,30.78878,0.0],[107.46868,30.79213,0.0],[107.46883,30.7934,0.0],[107.46922,30.7938,0.0],[107.47129,30.79342,0.0],[107.47221,30.79383,0.0],[107.47256,30.79492,0.0],[107.4723,30.79638,0.0],[107.47201,30.79986,0.0],[107.47207,30.80107,0.0],[107.47293,30.80158,0.0],[107.47351,30.80213,0.0],[107.47451,30.80261,0.0],[107.47886,30.80333,0.0],[107.47962,30.80412,0.0],[107.4806,30.80496,0.0],[107.48184,30.80551,0.0],[107.48383,30.80619,0.0],[107.48499,30.80624,0.0],[107.48723,30.80498,0.0],[107.4881,30.80488,0.0],[107.48913,30.80565,0.0],[107.4893,30.80643,0.0],[107.48833,30.80983,0.0],[107.48751,30.8106,0.0],[107.48494,30.81119,0.0],[107.4839,30.81121,0.0],[107.48272,30.81082,0.0],[107.48199,30.81081,0.0],[107.48156,30.81122,0.0],[107.4816,30.81158,0.0],[107.48236,30.812,0.0],[107.48349,30.81284,0.0],[107.48427,30.81319,0.0],[107.48591,30.81321,0.0],[107.4904,30.81198,0.0],[107.49267,30.8117,0.0],[107.49408,30.81179,0.0],[107.49466,30.81259,0.0],[107.49463,30.81359,0.0],[107.49414,30.81439,0.0],[107.49184,30.81572,0.0],[107.48819,30.81715,0.0],[107.48773,30.81776,0.0],[107.4881,30.81936,0.0],[107.49043,30.82219,0.0],[107.49079,30.82316,0.0],[107.49034,30.82363,0.0],[107.48631,30.82359,0.0],[107.48545,30.82363,0.0],[107.48502,30.82414,0.0],[107.48456,30.82719,0.0],[107.48511,30.82814,0.0],[107.4867,30.83029,0.0],[107.48781,30.83058,0.0],[107.48815,30.83181,0.0],[107.48756,30.83622,0.0],[107.48681,30.83669,0.0],[107.48552,30.83704,0.0],[107.48443,30.83695,0.0],[107.48269,30.83606,0.0],[107.4821,30.83607,0.0],[107.48047,30.83723,0.0],[107.47903,30.83782,0.0],[107.47726,30.83897,0.0],[107.47594,30.83995,0.0],[107.47562,30.84064,0.0],[107.47577,30.84108,0.0],[107.47627,30.8412,0.0],[107.47689,30.8408,0.0],[107.47752,30.84047,0.0],[107.47835,30.84047,0.0],[107.47896,30.84087,0.0],[107.4796,30.84006,0.0],[107.48464,30.84335,0.0],[107.48495,30.84492,0.0],[107.48971,30.84687,0.0],[107.49278,30.84962,0.0],[107.49724,30.85008,0.0],[107.50004,30.84989,0.0],[107.50392,30.85043,0.0],[107.50797,30.8531,0.0],[107.50882,30.85528,0.0],[107.5126,30.85838,0.0],[107.52111,30.84614,0.0],[107.52169,30.84205,0.0],[107.52698,30.84113,0.0],[107.52743,30.84599,0.0],[107.53001,30.84935,0.0],[107.53331,30.8502,0.0],[107.54048,30.8487,0.0],[107.54435,30.85012,0.0],[107.55036,30.84886,0.0],[107.55357,30.84962,0.0],[107.5562,30.85314,0.0],[107.56199,30.8502,0.0],[107.5668,30.84985,0.0],[107.57005,30.8502,0.0],[107.57178,30.85142,0.0],[107.57486,30.84802,0.0],[107.57895,30.84286,0.0],[107.59004,30.83964,0.0],[107.59467,30.83853,0.0],[107.60621,30.84515,0.0],[107.61093,30.83834,0.0],[107.61213,30.83081,0.0],[107.61917,30.82442,0.0],[107.6311,30.8167,0.0],[107.63208,30.81456,0.0],[107.63961,30.81498,0.0],[107.63573,30.81934,0.0],[107.64473,30.82848,0.0],[107.64869,30.82756,0.0],[107.65466,30.83792,0.0],[107.6661,30.85004,0.0],[107.67269,30.85945,0.0],[107.67734,30.86431,0.0],[107.68249,30.87156,0.0],[107.68993,30.87527,0.0],[107.6991,30.87355,0.0],[107.70765,30.88299,0.0],[107.71175,30.89236,0.0],[107.72074,30.88811,0.0],[107.72952,30.88647,0.0],[107.73401,30.88632,0.0],[107.73807,30.88487,0.0],[107.73829,30.88169,0.0],[107.73758,30.88024,0.0],[107.74051,30.87699,0.0],[107.74488,30.87546,0.0],[107.74439,30.86732,0.0],[107.74181,30.86564,0.0],[107.74385,30.86266,0.0],[107.74679,30.86182,0.0],[107.75361,30.86713,0.0],[107.75628,30.86495,0.0],[107.75312,30.86201,0.0],[107.7537,30.85952,0.0],[107.75281,30.85734,0.0],[107.74938,30.8562,0.0],[107.74791,30.84947,0.0],[107.74951,30.84557,0.0],[107.75062,30.84614,0.0],[107.75316,30.8427,0.0],[107.75,30.84022,0.0],[107.75013,30.83918,0.0],[107.75263,30.83995,0.0],[107.75436,30.83815,0.0],[107.75191,30.83819,0.0],[107.75236,30.83559,0.0],[107.75423,30.83437,0.0],[107.75107,30.83127,0.0],[107.75735,30.82775,0.0],[107.76029,30.81861,0.0],[107.77062,30.8172,0.0],[107.77903,30.8214,0.0],[107.78469,30.82137,0.0],[107.78674,30.81884,0.0],[107.79471,30.81689,0.0],[107.80063,30.81115,0.0],[107.80994,30.81601,0.0],[107.81252,30.81486,0.0],[107.80696,30.80744,0.0],[107.80878,30.80243,0.0],[107.81341,30.80461,0.0],[107.8213,30.80293,0.0],[107.82281,30.80075,0.0],[107.82855,30.80014,0.0],[107.83657,30.79505,0.0],[107.84472,30.79432,0.0],[107.85456,30.80052,0.0],[107.85786,30.80454,0.0],[107.8669,30.81104,0.0],[107.87225,30.80416,0.0],[107.87621,30.79737,0.0],[107.88251,30.78937,0.0],[107.88831,30.7823,0.0],[107.89558,30.77242,0.0],[107.90142,30.76604,0.0],[107.91299,30.75694,0.0],[107.92097,30.75094,0.0],[107.92898,30.74585,0.0],[107.93492,30.74199,0.0],[107.94083,30.7372,0.0],[107.94622,30.73289,0.0],[107.9532,30.72853,0.0],[107.95888,30.72467,0.0],[107.96433,30.72174,0.0],[107.97274,30.71962,0.0],[107.98092,30.7182,0.0],[107.9867,30.71663,0.0],[107.99091,30.7158,0.0],[107.99406,30.71477,0.0],[108.0,30.71553,0.0],[108.01268,30.71542,0.0],[108.01746,30.71639,0.0],[108.0209,30.71757,0.0],[108.03019,30.71927,0.0],[108.03547,30.72276,0.0],[108.04317,30.72399,0.0],[108.04796,30.72426,0.0],[108.05515,30.72387,0.0],[108.06364,30.72556,0.0],[108.06897,30.7247,0.0],[108.07247,30.72152,0.0],[108.07278,30.71717,0.0],[108.07202,30.71418,0.0],[108.07343,30.70754,0.0],[108.07348,30.70295,0.0],[108.07222,30.69721,0.0],[108.07172,30.69468,0.0],[108.07069,30.69192,0.0],[108.07156,30.68574,0.0],[108.0719,30.67932,0.0],[108.0714,30.6761,0.0],[108.07038,30.67219,0.0],[108.06882,30.66874,0.0],[108.06487,30.66595,0.0],[108.05984,30.66407,0.0],[108.05133,30.66398,0.0],[108.04202,30.66435,0.0],[108.03777,30.66476,0.0],[108.03271,30.66449,0.0],[108.02906,30.65917,0.0],[108.01679,30.64048,0.0],[108.01231,30.63722,0.0],[108.01021,30.63537,0.0],[108.01079,30.63147,0.0],[108.01137,30.62758,0.0],[108.01519,30.61913,0.0],[108.02063,30.60909,0.0],[108.02283,30.60201,0.0],[108.02264,30.59627,0.0],[108.0211,30.5919,0.0],[108.02116,30.58663,0.0],[108.02306,30.5832,0.0],[108.02682,30.58072,0.0],[108.02896,30.57913,0.0],[108.02824,30.57271,0.0],[108.02567,30.56603,0.0],[108.022,30.56118,0.0],[108.01623,30.55561,0.0],[108.01015,30.55326,0.0],[108.00568,30.55,0.0],[108.0,30.54742,0.0],[107.99741,30.54261,0.0],[107.99473,30.54201,0.0],[107.99014,30.54034,0.0],[107.98579,30.53819,0.0],[107.98228,30.5367,0.0],[107.9763,30.53346,0.0],[107.97256,30.53313,0.0],[107.96678,30.53447,0.0],[107.96265,30.53713,0.0],[107.95896,30.53749,0.0],[107.95464,30.53603,0.0],[107.95161,30.5336,0.0],[107.95071,30.53111,0.0],[107.94722,30.52435,0.0],[107.94866,30.51598,0.0],[107.94391,30.50954,0.0],[107.94183,30.50457,0.0],[107.93913,30.50086,0.0],[107.93817,30.49471,0.0],[107.93518,30.48869,0.0],[107.92651,30.49086,0.0],[107.92554,30.49199,0.0],[107.92528,30.4931,0.0],[107.92466,30.49369,0.0],[107.9234,30.49399,0.0],[107.92235,30.49477,0.0],[107.92082,30.49671,0.0],[107.91889,30.49737,0.0],[107.91743,30.49817,0.0],[107.91608,30.49653,0.0],[107.91404,30.49659,0.0],[107.91107,30.49821,0.0],[107.90795,30.50279,0.0],[107.90343,30.50657,0.0],[107.89805,30.5074,0.0],[107.89727,30.50554,0.0],[107.89381,30.50562,0.0],[107.88641,30.50973,0.0],[107.88151,30.5137,0.0],[107.88321,30.51588,0.0],[107.88255,30.51975,0.0],[107.87898,30.52937,0.0],[107.87733,30.53423,0.0],[107.87894,30.54055,0.0],[107.87754,30.54756,0.0],[107.87883,30.55531,0.0],[107.87336,30.56049,0.0],[107.86738,30.55521,0.0],[107.86373,30.55671,0.0],[107.85832,30.56241,0.0],[107.8535,30.56677,0.0],[107.84322,30.56505,0.0],[107.83611,30.56377,0.0],[107.82389,30.56386,0.0],[107.81603,30.55852,0.0],[107.81721,30.5483,0.0],[107.81348,30.54083,0.0],[107.81307,30.5313,0.0],[107.81217,30.52591,0.0],[107.80964,30.52035,0.0],[107.81361,30.51807,0.0],[107.81458,30.49954,0.0],[107.80881,30.49764,0.0],[107.81198,30.4949,0.0],[107.8079,30.49022,0.0],[107.80796,30.48741,0.0],[107.80657,30.48473,0.0],[107.80507,30.48338,0.0],[107.80095,30.48626,0.0],[107.79741,30.49028,0.0],[107.79332,30.49385,0.0],[107.78906,30.49972,0.0],[107.78133,30.50479,0.0],[107.7756,30.50727,0.0],[107.76822,30.50842,0.0],[107.7606,30.51028,0.0],[107.75435,30.513,0.0],[107.74563,30.51374,0.0],[107.73846,30.51374,0.0],[107.73064,30.51077,0.0],[107.72495,30.50797,0.0],[107.71973,30.50355,0.0],[107.71551,30.49795,0.0],[107.71317,30.49298,0.0],[107.71001,30.48711,0.0],[107.70604,30.48105,0.0],[107.70227,30.47359,0.0],[107.69855,30.46729,0.0],[107.69299,30.46104,0.0],[107.68636,30.4546,0.0],[107.68142,30.45063,0.0],[107.67214,30.4445,0.0],[107.66397,30.43925,0.0],[107.6555,30.43332,0.0],[107.65146,30.43161,0.0],[107.65293,30.43524,0.0],[107.64797,30.44047,0.0],[107.64861,30.44527,0.0],[107.65618,30.45223,0.0],[107.65905,30.45477,0.0],[107.66172,30.46062,0.0],[107.66582,30.4661,0.0],[107.66541,30.4716,0.0],[107.66223,30.4772,0.0],[107.65413,30.48043,0.0],[107.63912,30.48246,0.0],[107.62634,30.47804,0.0],[107.61998,30.47801,0.0],[107.61097,30.47829,0.0],[107.60697,30.47772,0.0],[107.59766,30.47686,0.0],[107.58784,30.47694,0.0],[107.58253,30.47664,0.0],[107.57757,30.47863,0.0],[107.57114,30.48342,0.0],[107.56493,30.4875,0.0],[107.55664,30.49211,0.0],[107.55015,30.49553,0.0],[107.54285,30.49873,0.0],[107.53789,30.50071,0.0],[107.53445,30.50082,0.0],[107.52907,30.49892,0.0],[107.52553,30.49673,0.0],[107.52088,30.49343,0.0],[107.51498,30.49177,0.0],[107.50889,30.49196,0.0],[107.50416,30.49302,0.0],[107.49683,30.49553,0.0],[107.48882,30.49417,0.0],[107.48394,30.49156,0.0],[107.47881,30.48919,0.0],[107.47315,30.48707,0.0],[107.46906,30.48421,0.0],[107.4634,30.48208,0.0],[107.4586,30.48131,0.0],[107.45441,30.48258,0.0],[107.45133,30.4852,0.0],[107.44484,30.48883,0.0],[107.43887,30.49199,0.0],[107.43455,30.4967,0.0],[107.42943,30.50144,0.0],[107.42426,30.50504,0.0],[107.42067,30.50812,0.0],[107.41362,30.51085,0.0],[107.40604,30.5136,0.0],[107.40368,30.51759,0.0],[107.40344,30.52419,0.0]]]]}},{"type":"Feature","properties":{"uesi_id":"CHN_R913069","nbhd_code":"CHN_R913069_140","nbhd_name":"Nanan District"},"geometry":{"type":"MultiPolygon","coordinates":[[[[106.52797,29.52463,0.0],[106.52824,29.53152,0.0],[106.52831,29.53332,0.0],[106.53229,29.53994,0.0],[106.53749,29.54416,0.0],[106.54697,29.54506,0.0],[106.55625,29.54641,0.0],[106.56808,29.54701,0.0],[106.57714,29.54968,0.0],[106.58446,29.55412,0.0],[106.5883,29.56668,0.0],[106.58565,29.57236,0.0],[106.58347,29.5748,0.0],[106.57689,29.58222,0.0],[106.5762,29.59004,0.0],[106.57758,29.59693,0.0],[106.58051,29.60561,0.0],[106.58741,29.61296,0.0],[106.59759,29.6188,0.0],[106.60034,29.61953,0.0],[106.60846,29.6206,0.0],[106.61676,29.61865,0.0],[106.62196,29.61472,0.0],[106.62437,29.60589,0.0],[106.63189,29.59208,0.0],[106.63865,29.5909,0.0],[106.646,29.59313,0.0],[106.65348,29.5948,0.0],[106.65767,29.59024,0.0],[106.66505,29.57218,0.0],[106.67066,29.56745,0.0],[106.67902,29.56507,0.0],[106.68683,29.56596,0.0],[106.69418,29.5728,0.0],[106.70141,29.57879,0.0],[106.71209,29.58268,0.0],[106.72307,29.58462,0.0],[106.73195,29.58923,0.0],[106.73845,29.59785,0.0],[106.74363,29.60824,0.0],[106.74661,29.61261,0.0],[106.75319,29.61441,0.0],[106.75971,29.61269,0.0],[106.76795,29.61224,0.0],[106.77723,29.61,0.0],[106.78933,29.60729,0.0],[106.79089,29.59783,0.0],[106.7936,29.59401,0.0],[106.79987,29.59165,0.0],[106.79886,29.58893,0.0],[106.79744,29.58763,0.0],[106.79269,29.58618,0.0],[106.79203,29.58427,0.0],[106.78774,29.58064,0.0],[106.78401,29.57949,0.0],[106.78346,29.57548,0.0],[106.78192,29.5729,0.0],[106.77884,29.57137,0.0],[106.77797,29.56764,0.0],[106.77368,29.56114,0.0],[106.77258,29.55904,0.0],[106.76962,29.55579,0.0],[106.76907,29.55149,0.0],[106.76632,29.54862,0.0],[106.76555,29.54681,0.0],[106.76423,29.54518,0.0],[106.76412,29.5425,0.0],[106.76279,29.53976,0.0],[106.76193,29.53763,0.0],[106.76083,29.53495,0.0],[106.75775,29.53362,0.0],[106.75764,29.53094,0.0],[106.75632,29.53037,0.0],[106.75618,29.52744,0.0],[106.75391,29.52539,0.0],[106.75347,29.52243,0.0],[106.75184,29.52014,0.0],[106.74973,29.51765,0.0],[106.74887,29.51392,0.0],[106.7461,29.51144,0.0],[106.74525,29.50731,0.0],[106.74187,29.50526,0.0],[106.74083,29.50259,0.0],[106.73786,29.49957,0.0],[106.73696,29.49562,0.0],[106.73663,29.49299,0.0],[106.73559,29.4927,0.0],[106.73345,29.49237,0.0],[106.73339,29.49069,0.0],[106.73229,29.49084,0.0],[106.7307,29.49175,0.0],[106.72828,29.49208,0.0],[106.72697,29.49184,0.0],[106.72565,29.4928,0.0],[106.72356,29.49261,0.0],[106.7229,29.4917,0.0],[106.72147,29.49074,0.0],[106.72015,29.49184,0.0],[106.71977,29.4928,0.0],[106.71873,29.49318,0.0],[106.71801,29.49256,0.0],[106.71757,29.49179,0.0],[106.71609,29.49198,0.0],[106.7151,29.49361,0.0],[106.71389,29.49356,0.0],[106.71219,29.49256,0.0],[106.71224,29.49184,0.0],[106.714,29.49165,0.0],[106.71444,29.49103,0.0],[106.71439,29.48988,0.0],[106.71027,29.48979,0.0],[106.7079,29.49084,0.0],[106.70686,29.4906,0.0],[106.7056,29.48955,0.0],[106.70384,29.48926,0.0],[106.70164,29.48849,0.0],[106.70148,29.48572,0.0],[106.70032,29.48496,0.0],[106.69911,29.48601,0.0],[106.69889,29.49093,0.0],[106.70235,29.49122,0.0],[106.70197,29.49371,0.0],[106.70054,29.49452,0.0],[106.69966,29.49366,0.0],[106.69851,29.49466,0.0],[106.69653,29.49533,0.0],[106.69587,29.49605,0.0],[106.69401,29.4961,0.0],[106.69263,29.49495,0.0],[106.68961,29.49505,0.0],[106.68912,29.49634,0.0],[106.6878,29.49614,0.0],[106.68725,29.49514,0.0],[106.68549,29.49447,0.0],[106.68593,29.49361,0.0],[106.68774,29.49318,0.0],[106.68928,29.49136,0.0],[106.68923,29.48979,0.0],[106.68631,29.48816,0.0],[106.68434,29.48797,0.0],[106.68296,29.48725,0.0],[106.68357,29.48634,0.0],[106.68373,29.48519,0.0],[106.67857,29.48534,0.0],[106.67626,29.48414,0.0],[106.67626,29.48319,0.0],[106.67709,29.48218,0.0],[106.67939,29.48147,0.0],[106.68088,29.47869,0.0],[106.68329,29.47754,0.0],[106.68434,29.47625,0.0],[106.6839,29.4751,0.0],[106.68143,29.47482,0.0],[106.67813,29.47343,0.0],[106.67604,29.47319,0.0],[106.67461,29.4719,0.0],[106.67264,29.4708,0.0],[106.67044,29.46913,0.0],[106.66945,29.46755,0.0],[106.66533,29.46726,0.0],[106.66528,29.46535,0.0],[106.66368,29.46511,0.0],[106.66209,29.4654,0.0],[106.6611,29.4663,0.0],[106.66275,29.4665,0.0],[106.66165,29.46726,0.0],[106.65901,29.46779,0.0],[106.6611,29.46956,0.0],[106.66121,29.47047,0.0],[106.66187,29.47133,0.0],[106.66126,29.47209,0.0],[106.6555,29.47257,0.0],[106.65352,29.47472,0.0],[106.65313,29.4764,0.0],[106.65226,29.47668,0.0],[106.65083,29.47654,0.0],[106.65017,29.47472,0.0],[106.6483,29.4742,0.0],[106.64858,29.47334,0.0],[106.64923,29.47257,0.0],[106.64841,29.47152,0.0],[106.64446,29.47271,0.0],[106.6444,29.47396,0.0],[106.64325,29.47496,0.0],[106.64204,29.4752,0.0],[106.64182,29.47573,0.0],[106.64034,29.47587,0.0],[106.63979,29.47506,0.0],[106.63913,29.47525,0.0],[106.63852,29.47697,0.0],[106.63748,29.47826,0.0],[106.63644,29.47855,0.0],[106.63605,29.47965,0.0],[106.63506,29.48013,0.0],[106.63182,29.48013,0.0],[106.63056,29.48041,0.0],[106.62885,29.48027,0.0],[106.62649,29.47788,0.0],[106.62446,29.47754,0.0],[106.6221,29.4762,0.0],[106.62083,29.4763,0.0],[106.62078,29.47807,0.0],[106.61902,29.47788,0.0],[106.61798,29.47754,0.0],[106.61545,29.4775,0.0],[106.61369,29.47692,0.0],[106.61314,29.47587,0.0],[106.61062,29.47687,0.0],[106.60952,29.4774,0.0],[106.60765,29.47764,0.0],[106.60628,29.47898,0.0],[106.60628,29.48161,0.0],[106.60419,29.48185,0.0],[106.60243,29.48285,0.0],[106.60012,29.48304,0.0],[106.5993,29.48405,0.0],[106.59727,29.48405,0.0],[106.5943,29.48099,0.0],[106.59128,29.4807,0.0],[106.58908,29.4762,0.0],[106.58705,29.47448,0.0],[106.58315,29.47773,0.0],[106.58073,29.47917,0.0],[106.58194,29.4806,0.0],[106.58101,29.48151,0.0],[106.5787,29.48223,0.0],[106.57821,29.48295,0.0],[106.57617,29.48309,0.0],[106.57518,29.48127,0.0],[106.57277,29.47984,0.0],[106.57156,29.48013,0.0],[106.57084,29.48075,0.0],[106.57035,29.48285,0.0],[106.56799,29.48347,0.0],[106.56804,29.48572,0.0],[106.56953,29.48716,0.0],[106.56887,29.48792,0.0],[106.56694,29.48826,0.0],[106.56651,29.48983,0.0],[106.56228,29.49036,0.0],[106.55997,29.49342,0.0],[106.5592,29.49505,0.0],[106.55667,29.49562,0.0],[106.55415,29.49705,0.0],[106.55068,29.49729,0.0],[106.54953,29.49595,0.0],[106.54699,29.49476,0.0],[106.54607,29.50047,0.0],[106.53812,29.50678,0.0],[106.53247,29.50873,0.0],[106.52866,29.51458,0.0],[106.52797,29.52463,0.0]]]]}},{"type":"Feature","properties":{"uesi_id":"CHN_R913069","nbhd_code":"CHN_R913069_141","nbhd_name":"Nanchuan District"},"geometry":{"type":"MultiPolygon","coordinates":[[[[106.88628,29.1421,0.0],[106.88852,29.1453,0.0],[106.89034,29.14612,0.0],[106.89156,29.14979,0.0],[106.89323,29.15248,0.0],[106.89359,29.15808,0.0],[106.89976,29.15946,0.0],[106.90315,29.16272,0.0],[106.90488,29.1641,0.0],[106.9036,29.16889,0.0],[106.90341,29.17343,0.0],[106.90527,29.1753,0.0],[106.90293,29.17779,0.0],[106.90298,29.18212,0.0],[106.90249,29.18208,0.0],[106.90146,29.18049,0.0],[106.89639,29.18044,0.0],[106.89123,29.18236,0.0],[106.89142,29.18601,0.0],[106.8903,29.18763,0.0],[106.89003,29.19275,0.0],[106.89224,29.19499,0.0],[106.89477,29.1925,0.0],[106.90202,29.19534,0.0],[106.90174,29.1998,0.0],[106.90676,29.19948,0.0],[106.9062,29.19591,0.0],[106.90713,29.19258,0.0],[106.91029,29.19177,0.0],[106.91163,29.18754,0.0],[106.91522,29.18228,0.0],[106.91808,29.18666,0.0],[106.9194,29.1861,0.0],[106.92277,29.18472,0.0],[106.92534,29.18377,0.0],[106.92755,29.18513,0.0],[106.93464,29.18658,0.0],[106.93576,29.18455,0.0],[106.93992,29.18489,0.0],[106.93982,29.18783,0.0],[106.94273,29.18926,0.0],[106.94549,29.18888,0.0],[106.94776,29.19208,0.0],[106.9511,29.19362,0.0],[106.95521,29.1955,0.0],[106.95461,29.19666,0.0],[106.95355,29.19771,0.0],[106.95144,29.197,0.0],[106.9507,29.19722,0.0],[106.94961,29.19912,0.0],[106.94823,29.20031,0.0],[106.94929,29.20329,0.0],[106.95747,29.20454,0.0],[106.96095,29.21319,0.0],[106.95898,29.21727,0.0],[106.95573,29.22171,0.0],[106.95299,29.22568,0.0],[106.95164,29.23237,0.0],[106.95153,29.23673,0.0],[106.95111,29.23972,0.0],[106.94994,29.24388,0.0],[106.94907,29.24895,0.0],[106.94634,29.25338,0.0],[106.94358,29.25689,0.0],[106.93897,29.25999,0.0],[106.9362,29.26328,0.0],[106.93271,29.26842,0.0],[106.92931,29.2763,0.0],[106.92585,29.29015,0.0],[106.9253,29.29705,0.0],[106.92423,29.30419,0.0],[106.92072,29.30864,0.0],[106.91838,29.31695,0.0],[106.91785,29.32183,0.0],[106.91823,29.33182,0.0],[106.91748,29.33801,0.0],[106.91697,29.34535,0.0],[106.91655,29.35055,0.0],[106.91856,29.35985,0.0],[106.91845,29.37026,0.0],[106.91778,29.37889,0.0],[106.91784,29.38312,0.0],[106.91753,29.3917,0.0],[106.91815,29.40649,0.0],[106.91951,29.40685,0.0],[106.92566,29.40201,0.0],[106.93032,29.40564,0.0],[106.93054,29.41036,0.0],[106.93045,29.41599,0.0],[106.93059,29.42274,0.0],[106.93286,29.42938,0.0],[106.93245,29.43536,0.0],[106.93366,29.44047,0.0],[106.93231,29.44502,0.0],[106.93067,29.44928,0.0],[106.93168,29.45784,0.0],[106.93183,29.46278,0.0],[106.93231,29.46711,0.0],[106.93499,29.46986,0.0],[106.93526,29.4734,0.0],[106.93602,29.48026,0.0],[106.93953,29.48669,0.0],[106.94184,29.49503,0.0],[106.94082,29.49954,0.0],[106.94295,29.49897,0.0],[106.94732,29.49822,0.0],[106.95201,29.49535,0.0],[106.95685,29.49429,0.0],[106.95997,29.4902,0.0],[106.96316,29.49207,0.0],[106.97077,29.49082,0.0],[106.97565,29.49055,0.0],[106.98156,29.4874,0.0],[106.98211,29.484,0.0],[106.9902,29.48511,0.0],[106.99579,29.47769,0.0],[106.99445,29.47325,0.0],[106.99995,29.47267,0.0],[107.00248,29.47418,0.0],[107.00415,29.4842,0.0],[107.00546,29.4874,0.0],[107.00855,29.48962,0.0],[107.01459,29.48997,0.0],[107.01258,29.48377,0.0],[107.01297,29.47948,0.0],[107.01072,29.47692,0.0],[107.01217,29.47091,0.0],[107.02171,29.47263,0.0],[107.02238,29.47068,0.0],[107.02587,29.47056,0.0],[107.0299,29.46881,0.0],[107.02556,29.46427,0.0],[107.02829,29.46296,0.0],[107.02923,29.45887,0.0],[107.03035,29.45445,0.0],[107.0276,29.4496,0.0],[107.02665,29.44866,0.0],[107.02218,29.44427,0.0],[107.01943,29.44215,0.0],[107.02092,29.43347,0.0],[107.02356,29.43138,0.0],[107.02077,29.43034,0.0],[107.02439,29.42227,0.0],[107.02141,29.42038,0.0],[107.0256,29.41794,0.0],[107.02439,29.41523,0.0],[107.02614,29.4108,0.0],[107.0295,29.4115,0.0],[107.03097,29.41029,0.0],[107.02802,29.40636,0.0],[107.02305,29.40542,0.0],[107.02269,29.40445,0.0],[107.02533,29.40273,0.0],[107.02144,29.39945,0.0],[107.02305,29.39922,0.0],[107.02641,29.397,0.0],[107.02896,29.39863,0.0],[107.02829,29.39454,0.0],[107.03057,29.39337,0.0],[107.03178,29.39384,0.0],[107.03272,29.39934,0.0],[107.03522,29.39987,0.0],[107.03822,29.39436,0.0],[107.04024,29.39536,0.0],[107.04283,29.39445,0.0],[107.04722,29.39688,0.0],[107.04964,29.39454,0.0],[107.04722,29.3929,0.0],[107.04749,29.3915,0.0],[107.04749,29.3908,0.0],[107.04669,29.38963,0.0],[107.04602,29.38729,0.0],[107.04346,29.3881,0.0],[107.04158,29.3853,0.0],[107.04279,29.38272,0.0],[107.03944,29.38214,0.0],[107.04024,29.3805,0.0],[107.04271,29.37958,0.0],[107.04991,29.37617,0.0],[107.05719,29.37435,0.0],[107.0577,29.37278,0.0],[107.06013,29.37147,0.0],[107.06629,29.37137,0.0],[107.06735,29.36831,0.0],[107.07059,29.36423,0.0],[107.07555,29.36341,0.0],[107.07809,29.36189,0.0],[107.08536,29.36245,0.0],[107.08967,29.36344,0.0],[107.0996,29.36447,0.0],[107.10765,29.36548,0.0],[107.10933,29.36924,0.0],[107.10846,29.37547,0.0],[107.10582,29.37703,0.0],[107.10578,29.38062,0.0],[107.10472,29.38568,0.0],[107.10175,29.38354,0.0],[107.10013,29.38857,0.0],[107.10578,29.3936,0.0],[107.10779,29.3936,0.0],[107.10591,29.39126,0.0],[107.10717,29.39039,0.0],[107.1098,29.39173,0.0],[107.11303,29.39126,0.0],[107.1176,29.38928,0.0],[107.12029,29.388,0.0],[107.12097,29.39117,0.0],[107.12807,29.39689,0.0],[107.1388,29.39484,0.0],[107.13997,29.39835,0.0],[107.14271,29.39793,0.0],[107.14238,29.40099,0.0],[107.13935,29.40109,0.0],[107.14085,29.40553,0.0],[107.13944,29.4069,0.0],[107.12998,29.41378,0.0],[107.13129,29.41548,0.0],[107.13505,29.41443,0.0],[107.13518,29.41607,0.0],[107.13787,29.41548,0.0],[107.13834,29.41836,0.0],[107.14311,29.41993,0.0],[107.14382,29.42179,0.0],[107.14593,29.42168,0.0],[107.15143,29.41922,0.0],[107.15479,29.42227,0.0],[107.15483,29.42556,0.0],[107.15761,29.42554,0.0],[107.16137,29.42507,0.0],[107.16382,29.42067,0.0],[107.16352,29.41794,0.0],[107.16661,29.41291,0.0],[107.16929,29.40987,0.0],[107.17238,29.41069,0.0],[107.17373,29.41302,0.0],[107.17722,29.41373,0.0],[107.1791,29.41033,0.0],[107.18044,29.41127,0.0],[107.17923,29.41338,0.0],[107.1784,29.41502,0.0],[107.17987,29.41753,0.0],[107.18246,29.41747,0.0],[107.18299,29.41513,0.0],[107.18883,29.41239,0.0],[107.19253,29.41572,0.0],[107.19427,29.41525,0.0],[107.19535,29.41408,0.0],[107.19991,29.41256,0.0],[107.20099,29.40987,0.0],[107.19705,29.40798,0.0],[107.19521,29.40004,0.0],[107.19884,29.3991,0.0],[107.202,29.40197,0.0],[107.20877,29.40159,0.0],[107.20839,29.39624,0.0],[107.20642,29.39493,0.0],[107.20388,29.38996,0.0],[107.20448,29.38401,0.0],[107.20252,29.38156,0.0],[107.20351,29.37738,0.0],[107.20694,29.37479,0.0],[107.20112,29.36962,0.0],[107.20126,29.36868,0.0],[107.21002,29.36877,0.0],[107.21886,29.37065,0.0],[107.22167,29.37008,0.0],[107.22798,29.36739,0.0],[107.23349,29.36704,0.0],[107.23631,29.36763,0.0],[107.23863,29.3713,0.0],[107.23705,29.38109,0.0],[107.24064,29.38225,0.0],[107.2458,29.38305,0.0],[107.25083,29.38592,0.0],[107.25663,29.38601,0.0],[107.26013,29.38311,0.0],[107.26147,29.37273,0.0],[107.26733,29.3682,0.0],[107.2732,29.3639,0.0],[107.27856,29.35985,0.0],[107.28417,29.35579,0.0],[107.29057,29.35148,0.0],[107.29703,29.34899,0.0],[107.30405,29.34741,0.0],[107.3124,29.34648,0.0],[107.32205,29.34529,0.0],[107.33147,29.34455,0.0],[107.33983,29.34385,0.0],[107.35079,29.34261,0.0],[107.35914,29.34145,0.0],[107.36935,29.34092,0.0],[107.37714,29.33908,0.0],[107.38464,29.33657,0.0],[107.38896,29.333,0.0],[107.39185,29.32626,0.0],[107.39168,29.31502,0.0],[107.39128,29.3116,0.0],[107.39005,29.30682,0.0],[107.38799,29.30114,0.0],[107.3848,29.29298,0.0],[107.3832,29.28569,0.0],[107.3841,29.28176,0.0],[107.38691,29.27984,0.0],[107.39215,29.27991,0.0],[107.39758,29.27815,0.0],[107.40136,29.27414,0.0],[107.40331,29.27041,0.0],[107.40237,29.26631,0.0],[107.39928,29.26112,0.0],[107.39677,29.25707,0.0],[107.39705,29.25087,0.0],[107.39861,29.24371,0.0],[107.40233,29.23832,0.0],[107.40503,29.23365,0.0],[107.40681,29.22557,0.0],[107.40241,29.2202,0.0],[107.39856,29.21549,0.0],[107.39621,29.20891,0.0],[107.39628,29.20386,0.0],[107.39888,29.19667,0.0],[107.40014,29.19381,0.0],[107.40087,29.19111,0.0],[107.39676,29.18748,0.0],[107.39676,29.18086,0.0],[107.4019,29.17711,0.0],[107.4048,29.17066,0.0],[107.40845,29.16527,0.0],[107.40288,29.15467,0.0],[107.40377,29.14118,0.0],[107.4077,29.1384,0.0],[107.41574,29.13897,0.0],[107.42051,29.13391,0.0],[107.42266,29.13227,0.0],[107.41242,29.1108,0.0],[107.40639,29.09763,0.0],[107.402,29.09771,0.0],[107.39049,29.09428,0.0],[107.38348,29.09812,0.0],[107.37759,29.1009,0.0],[107.37076,29.10106,0.0],[107.36629,29.09834,0.0],[107.3658,29.09543,0.0],[107.37201,29.07855,0.0],[107.37385,29.06085,0.0],[107.38582,29.06298,0.0],[107.38965,29.05154,0.0],[107.39059,29.04312,0.0],[107.38792,29.03834,0.0],[107.38404,29.03551,0.0],[107.37492,29.03115,0.0],[107.37441,29.0266,0.0],[107.3731,29.02398,0.0],[107.36983,29.02415,0.0],[107.36562,29.02145,0.0],[107.3644,29.01736,0.0],[107.35973,29.01245,0.0],[107.36701,28.99695,0.0],[107.38741,28.99852,0.0],[107.39302,28.99659,0.0],[107.40106,28.98505,0.0],[107.40079,28.97493,0.0],[107.41219,28.96043,0.0],[107.41836,28.95773,0.0],[107.4279,28.95789,0.0],[107.43519,28.95863,0.0],[107.43744,28.95069,0.0],[107.43622,28.94706,0.0],[107.43042,28.93776,0.0],[107.42304,28.93506,0.0],[107.41733,28.92982,0.0],[107.41527,28.92237,0.0],[107.41047,28.91573,0.0],[107.41069,28.90592,0.0],[107.41032,28.90109,0.0],[107.4135,28.89716,0.0],[107.41144,28.89364,0.0],[107.40779,28.89323,0.0],[107.40583,28.89552,0.0],[107.40181,28.89552,0.0],[107.39572,28.88534,0.0],[107.38816,28.87186,0.0],[107.38261,28.85504,0.0],[107.38068,28.85127,0.0],[107.36929,28.8506,0.0],[107.36374,28.84677,0.0],[107.35523,28.8521,0.0],[107.34289,28.84661,0.0],[107.33641,28.84772,0.0],[107.32579,28.84711,0.0],[107.32712,28.84062,0.0],[107.33206,28.83746,0.0],[107.34042,28.83214,0.0],[107.33909,28.82814,0.0],[107.33035,28.82232,0.0],[107.32807,28.81649,0.0],[107.32294,28.81216,0.0],[107.31307,28.80901,0.0],[107.29826,28.80851,0.0],[107.28762,28.80335,0.0],[107.27452,28.80185,0.0],[107.26201,28.797,0.0],[107.25536,28.79478,0.0],[107.24892,28.78703,0.0],[107.2463,28.78252,0.0],[107.24793,28.77616,0.0],[107.24751,28.76856,0.0],[107.24167,28.76356,0.0],[107.21324,28.77411,0.0],[107.21023,28.78193,0.0],[107.21311,28.78795,0.0],[107.21148,28.79258,0.0],[107.20701,28.79653,0.0],[107.20487,28.80694,0.0],[107.20431,28.81702,0.0],[107.20663,28.82341,0.0],[107.20929,28.8268,0.0],[107.21015,28.83048,0.0],[107.21774,28.83153,0.0],[107.21822,28.8362,0.0],[107.22092,28.83879,0.0],[107.2098,28.83785,0.0],[107.20159,28.84041,0.0],[107.18865,28.84003,0.0],[107.19011,28.84834,0.0],[107.19835,28.86668,0.0],[107.20019,28.8686,0.0],[107.1977,28.87326,0.0],[107.18736,28.87889,0.0],[107.19204,28.88021,0.0],[107.18762,28.89066,0.0],[107.18461,28.89066,0.0],[107.18114,28.8872,0.0],[107.17779,28.88111,0.0],[107.17624,28.88186,0.0],[107.17603,28.88314,0.0],[107.17762,28.88833,0.0],[107.17667,28.88927,0.0],[107.17237,28.88456,0.0],[107.16073,28.88237,0.0],[107.15206,28.88564,0.0],[107.14889,28.88478,0.0],[107.14695,28.87888,0.0],[107.14022,28.87805,0.0],[107.13807,28.88083,0.0],[107.13803,28.88865,0.0],[107.13082,28.89018,0.0],[107.10441,28.8902,0.0],[107.09476,28.89178,0.0],[107.08888,28.89151,0.0],[107.08639,28.88516,0.0],[107.08313,28.87543,0.0],[107.07909,28.87359,0.0],[107.06965,28.87224,0.0],[107.06566,28.86821,0.0],[107.06017,28.86818,0.0],[107.05416,28.869,0.0],[107.05381,28.87254,0.0],[107.05673,28.87877,0.0],[107.05965,28.88058,0.0],[107.06613,28.88095,0.0],[107.06866,28.8849,0.0],[107.07081,28.88813,0.0],[107.06656,28.88776,0.0],[107.06433,28.89185,0.0],[107.0612,28.89598,0.0],[107.06025,28.89749,0.0],[107.05352,28.90183,0.0],[107.04938,28.90652,0.0],[107.04726,28.91421,0.0],[107.04745,28.91948,0.0],[107.04764,28.92475,0.0],[107.04884,28.92908,0.0],[107.04974,28.93272,0.0],[107.05068,28.93705,0.0],[107.05054,28.9405,0.0],[107.04829,28.94331,0.0],[107.04388,28.94412,0.0],[107.03935,28.94149,0.0],[107.03356,28.94027,0.0],[107.0291,28.9397,0.0],[107.0257,28.93933,0.0],[107.02289,28.94125,0.0],[107.02039,28.9443,0.0],[107.01913,28.94593,0.0],[107.01792,28.94849,0.0],[107.017,28.95195,0.0],[107.01662,28.95609,0.0],[107.01723,28.95883,0.0],[107.01895,28.96314,0.0],[107.02171,28.96742,0.0],[107.02475,28.97216,0.0],[107.0267,28.97555,0.0],[107.0284,28.9794,0.0],[107.02956,28.98258,0.0],[107.03049,28.98691,0.0],[107.03056,28.98898,0.0],[107.02838,28.99385,0.0],[107.02617,28.99758,0.0],[107.02265,29.0018,0.0],[107.01812,29.00674,0.0],[107.01483,29.00981,0.0],[107.01003,29.0143,0.0],[107.00549,29.01901,0.0],[106.99659,29.02613,0.0],[106.98945,29.03136,0.0],[106.98615,29.0342,0.0],[106.98466,29.03631,0.0],[106.98216,29.03981,0.0],[106.9721,29.05109,0.0],[106.96861,29.056,0.0],[106.96458,29.06069,0.0],[106.95922,29.0645,0.0],[106.95385,29.06786,0.0],[106.94847,29.07121,0.0],[106.94485,29.07222,0.0],[106.94221,29.0716,0.0],[106.94327,29.06934,0.0],[106.94042,29.06818,0.0],[106.94207,29.06655,0.0],[106.9407,29.06373,0.0],[106.94039,29.06036,0.0],[106.93903,29.05744,0.0],[106.93975,29.05453,0.0],[106.93941,29.05291,0.0],[106.937,29.05318,0.0],[106.93658,29.05112,0.0],[106.93725,29.05023,0.0],[106.93947,29.04922,0.0],[106.93923,29.04712,0.0],[106.93574,29.04606,0.0],[106.93502,29.04491,0.0],[106.93423,29.04448,0.0],[106.93375,29.04601,0.0],[106.9358,29.04685,0.0],[106.93429,29.05001,0.0],[106.9323,29.04849,0.0],[106.93122,29.04922,0.0],[106.92905,29.04901,0.0],[106.92995,29.04685,0.0],[106.92953,29.04633,0.0],[106.92851,29.04717,0.0],[106.927,29.04959,0.0],[106.92345,29.05017,0.0],[106.92351,29.05144,0.0],[106.92278,29.0517,0.0],[106.92164,29.05044,0.0],[106.92037,29.04907,0.0],[106.91881,29.0487,0.0],[106.91772,29.04891,0.0],[106.91736,29.04959,0.0],[106.91634,29.04965,0.0],[106.91537,29.04896,0.0],[106.91507,29.04954,0.0],[106.91598,29.05091,0.0],[106.91718,29.0507,0.0],[106.91748,29.05128,0.0],[106.91682,29.05175,0.0],[106.91574,29.05175,0.0],[106.91339,29.05344,0.0],[106.91248,29.05476,0.0],[106.91302,29.05555,0.0],[106.90935,29.05944,0.0],[106.90778,29.05955,0.0],[106.90694,29.05923,0.0],[106.90555,29.05918,0.0],[106.90507,29.05823,0.0],[106.90429,29.05797,0.0],[106.90447,29.05586,0.0],[106.90525,29.05476,0.0],[106.90537,29.05386,0.0],[106.90375,29.05365,0.0],[106.90296,29.05423,0.0],[106.90272,29.05507,0.0],[106.90302,29.05591,0.0],[106.90302,29.05655,0.0],[106.90188,29.05676,0.0],[106.90194,29.05855,0.0],[106.9029,29.0615,0.0],[106.90344,29.06424,0.0],[106.90314,29.06566,0.0],[106.902,29.06671,0.0],[106.90061,29.06729,0.0],[106.90097,29.06792,0.0],[106.90314,29.06882,0.0],[106.90573,29.07077,0.0],[106.90622,29.0724,0.0],[106.90591,29.07371,0.0],[106.90616,29.07482,0.0],[106.90597,29.0755,0.0],[106.90555,29.07635,0.0],[106.90447,29.07703,0.0],[106.90531,29.07782,0.0],[106.9079,29.07819,0.0],[106.90863,29.07898,0.0],[106.90863,29.08056,0.0],[106.91067,29.08103,0.0],[106.912,29.08203,0.0],[106.91206,29.08288,0.0],[106.91025,29.08514,0.0],[106.91164,29.08609,0.0],[106.91152,29.0883,0.0],[106.91314,29.0893,0.0],[106.91459,29.08977,0.0],[106.91507,29.09056,0.0],[106.91435,29.09341,0.0],[106.91296,29.09467,0.0],[106.91116,29.09588,0.0],[106.91146,29.09641,0.0],[106.91375,29.09641,0.0],[106.91592,29.09767,0.0],[106.91628,29.09846,0.0],[106.91706,29.09951,0.0],[106.91555,29.10283,0.0],[106.9173,29.10315,0.0],[106.91736,29.1062,0.0],[106.91333,29.11268,0.0],[106.91188,29.11531,0.0],[106.91049,29.11689,0.0],[106.90947,29.11725,0.0],[106.9076,29.11699,0.0],[106.90648,29.11781,0.0],[106.90413,29.11707,0.0],[106.90378,29.11871,0.0],[106.90028,29.11842,0.0],[106.8952,29.1227,0.0],[106.89382,29.12526,0.0],[106.89011,29.12908,0.0],[106.88773,29.1322,0.0],[106.88732,29.13465,0.0],[106.88868,29.13867,0.0],[106.88628,29.1421,0.0]]]]}},{"type":"Feature","properties":{"uesi_id":"CHN_R913069","nbhd_code":"CHN_R913069_142","nbhd_name":"Pengshui Miao and Tujia Autonomous County"},"geometry":{"type":"MultiPolygon","coordinates":[[[[107.80551,28.98692,0.0],[107.80869,28.99244,0.0],[107.81693,29.0093,0.0],[107.81748,29.01813,0.0],[107.81836,29.03483,0.0],[107.81943,29.03732,0.0],[107.82166,29.04053,0.0],[107.82291,29.04111,0.0],[107.82753,29.04141,0.0],[107.83406,29.04456,0.0],[107.83577,29.04265,0.0],[107.83988,29.04231,0.0],[107.84522,29.04261,0.0],[107.84883,29.04411,0.0],[107.85262,29.04637,0.0],[107.85674,29.05163,0.0],[107.86257,29.05612,0.0],[107.87031,29.06033,0.0],[107.87066,29.06367,0.0],[107.86842,29.06742,0.0],[107.86654,29.07311,0.0],[107.86756,29.07699,0.0],[107.86978,29.07908,0.0],[107.87491,29.08162,0.0],[107.87644,29.08117,0.0],[107.87852,29.08132,0.0],[107.88111,29.08208,0.0],[107.88387,29.08479,0.0],[107.8849,29.0869,0.0],[107.8849,29.08947,0.0],[107.88284,29.09263,0.0],[107.87992,29.10117,0.0],[107.8789,29.10881,0.0],[107.87958,29.11134,0.0],[107.8818,29.11343,0.0],[107.88591,29.11568,0.0],[107.88833,29.11748,0.0],[107.89056,29.12094,0.0],[107.8916,29.12321,0.0],[107.89074,29.12652,0.0],[107.88851,29.13236,0.0],[107.88782,29.13805,0.0],[107.88758,29.14067,0.0],[107.88792,29.14352,0.0],[107.88843,29.14547,0.0],[107.88895,29.14862,0.0],[107.88878,29.15147,0.0],[107.88998,29.1555,0.0],[107.89152,29.1579,0.0],[107.89358,29.16421,0.0],[107.89347,29.16703,0.0],[107.8941,29.17043,0.0],[107.89729,29.17444,0.0],[107.89793,29.17689,0.0],[107.89704,29.17901,0.0],[107.89474,29.18146,0.0],[107.89461,29.18447,0.0],[107.89295,29.18747,0.0],[107.89239,29.18861,0.0],[107.89347,29.19042,0.0],[107.89519,29.19074,0.0],[107.89546,29.18892,0.0],[107.89708,29.18877,0.0],[107.90069,29.1905,0.0],[107.90304,29.19278,0.0],[107.90701,29.19278,0.0],[107.91143,29.19334,0.0],[107.91413,29.19278,0.0],[107.91684,29.19137,0.0],[107.9181,29.19105,0.0],[107.92126,29.18829,0.0],[107.92216,29.18806,0.0],[107.9237,29.18806,0.0],[107.92676,29.18814,0.0],[107.92848,29.18735,0.0],[107.93461,29.18215,0.0],[107.93714,29.1805,0.0],[107.93948,29.18144,0.0],[107.94201,29.18199,0.0],[107.94571,29.18436,0.0],[107.94869,29.18625,0.0],[107.94968,29.18814,0.0],[107.9513,29.18963,0.0],[107.95464,29.19152,0.0],[107.95726,29.19302,0.0],[107.95951,29.19664,0.0],[107.96276,29.19916,0.0],[107.96583,29.20145,0.0],[107.96529,29.20286,0.0],[107.96583,29.20633,0.0],[107.96691,29.20798,0.0],[107.96872,29.20948,0.0],[107.97187,29.21239,0.0],[107.97223,29.21365,0.0],[107.97584,29.21602,0.0],[107.98198,29.21995,0.0],[107.98351,29.22318,0.0],[107.98559,29.22704,0.0],[107.98595,29.22916,0.0],[107.98775,29.23168,0.0],[107.98847,29.23586,0.0],[107.99064,29.23845,0.0],[107.99326,29.23948,0.0],[107.99551,29.23838,0.0],[107.99659,29.23625,0.0],[107.99686,29.23452,0.0],[107.99641,29.23168,0.0],[107.99659,29.23058,0.0],[107.99903,29.23066,0.0],[108.00318,29.23444,0.0],[108.00381,29.23688,0.0],[108.00417,29.24105,0.0],[108.00517,29.24436,0.0],[108.00598,29.24696,0.0],[108.00471,29.25042,0.0],[108.00426,29.25247,0.0],[108.00174,29.25451,0.0],[107.99605,29.25766,0.0],[107.9956,29.25916,0.0],[107.9956,29.26152,0.0],[107.99542,29.26349,0.0],[107.99281,29.26467,0.0],[107.99109,29.26687,0.0],[107.99064,29.26907,0.0],[107.99046,29.27033,0.0],[107.99181,29.27332,0.0],[107.99226,29.27569,0.0],[107.99253,29.27852,0.0],[107.99317,29.28009,0.0],[107.99308,29.28159,0.0],[107.99091,29.28584,0.0],[107.98992,29.28906,0.0],[107.99019,29.29197,0.0],[107.99154,29.29575,0.0],[107.99308,29.30362,0.0],[107.99605,29.30708,0.0],[107.9975,29.31031,0.0],[108.00002,29.3133,0.0],[108.00219,29.31684,0.0],[108.00255,29.31794,0.0],[107.99948,29.31802,0.0],[107.9975,29.3188,0.0],[107.99686,29.31967,0.0],[107.99705,29.321,0.0],[107.99497,29.32179,0.0],[107.99416,29.32384,0.0],[107.99127,29.32659,0.0],[107.98911,29.32793,0.0],[107.98342,29.33021,0.0],[107.98162,29.33186,0.0],[107.98117,29.33351,0.0],[107.97936,29.33508,0.0],[107.97963,29.33839,0.0],[107.979,29.34106,0.0],[107.97936,29.34232,0.0],[107.98072,29.34429,0.0],[107.98044,29.34539,0.0],[107.97882,29.34578,0.0],[107.9762,29.34586,0.0],[107.97566,29.34704,0.0],[107.97738,29.35034,0.0],[107.97945,29.3527,0.0],[107.97936,29.35364,0.0],[107.97864,29.35687,0.0],[107.97774,29.35868,0.0],[107.97431,29.36072,0.0],[107.97205,29.36214,0.0],[107.97115,29.36442,0.0],[107.97287,29.36725,0.0],[107.97575,29.37149,0.0],[107.97864,29.37692,0.0],[107.97981,29.37825,0.0],[107.98035,29.38038,0.0],[107.98008,29.38502,0.0],[107.98035,29.38777,0.0],[107.98577,29.38832,0.0],[107.98739,29.39068,0.0],[107.98802,29.39492,0.0],[107.98802,29.40239,0.0],[107.98739,29.40451,0.0],[107.98667,29.4075,0.0],[107.9855,29.41119,0.0],[107.98568,29.41418,0.0],[107.98514,29.41638,0.0],[107.98505,29.41811,0.0],[107.98487,29.41968,0.0],[107.98613,29.42117,0.0],[107.98733,29.42215,0.0],[107.9895,29.42415,0.0],[107.98982,29.42543,0.0],[107.99084,29.4261,0.0],[107.99409,29.42621,0.0],[107.99467,29.42688,0.0],[107.99441,29.42771,0.0],[107.99511,29.42843,0.0],[107.99709,29.42865,0.0],[107.99824,29.43049,0.0],[108.00015,29.4316,0.0],[107.99945,29.43354,0.0],[107.99905,29.4346,0.0],[107.99824,29.43515,0.0],[107.99703,29.43649,0.0],[107.99696,29.43882,0.0],[107.99786,29.44115,0.0],[107.99888,29.44182,0.0],[107.9999,29.44149,0.0],[108.00137,29.44104,0.0],[108.002,29.4421,0.0],[108.00156,29.4431,0.0],[108.00054,29.44377,0.0],[107.99952,29.44416,0.0],[107.99894,29.44477,0.0],[107.99977,29.44543,0.0],[108.00226,29.44649,0.0],[108.00366,29.44943,0.0],[108.00717,29.45065,0.0],[108.00877,29.4516,0.0],[108.00877,29.45238,0.0],[108.00755,29.45293,0.0],[108.00736,29.45377,0.0],[108.0096,29.45632,0.0],[108.0094,29.4581,0.0],[108.00851,29.45949,0.0],[108.00768,29.4601,0.0],[108.00653,29.46054,0.0],[108.00679,29.46126,0.0],[108.00883,29.46138,0.0],[108.00921,29.46199,0.0],[108.00787,29.4626,0.0],[108.00621,29.46415,0.0],[108.00507,29.4651,0.0],[108.00529,29.46553,0.0],[108.00625,29.46587,0.0],[108.00743,29.46599,0.0],[108.00911,29.46566,0.0],[108.00959,29.46535,0.0],[108.01092,29.46569,0.0],[108.01114,29.4659,0.0],[108.01152,29.46824,0.0],[108.01202,29.47037,0.0],[108.01062,29.47132,0.0],[108.00908,29.4721,0.0],[108.00877,29.47265,0.0],[108.01004,29.47482,0.0],[108.00979,29.47676,0.0],[108.01049,29.48048,0.0],[108.0124,29.4842,0.0],[108.01285,29.48642,0.0],[108.01278,29.48842,0.0],[108.01176,29.48953,0.0],[108.01234,29.49148,0.0],[108.0117,29.4922,0.0],[108.01259,29.49448,0.0],[108.0131,29.49614,0.0],[108.01426,29.49696,0.0],[108.01437,29.49812,0.0],[108.01323,29.50042,0.0],[108.01367,29.50193,0.0],[108.01258,29.50374,0.0],[108.01211,29.50594,0.0],[108.01374,29.50752,0.0],[108.01546,29.50858,0.0],[108.01674,29.51024,0.0],[108.01987,29.51185,0.0],[108.02286,29.51269,0.0],[108.02523,29.51352,0.0],[108.0288,29.51613,0.0],[108.0309,29.51979,0.0],[108.03358,29.52296,0.0],[108.0355,29.52357,0.0],[108.03805,29.52529,0.0],[108.04047,29.52657,0.0],[108.04143,29.52806,0.0],[108.04366,29.52845,0.0],[108.04475,29.53117,0.0],[108.04755,29.53178,0.0],[108.04896,29.53317,0.0],[108.05151,29.53417,0.0],[108.0533,29.53739,0.0],[108.05521,29.54078,0.0],[108.05897,29.54283,0.0],[108.06025,29.54383,0.0],[108.06248,29.5446,0.0],[108.06344,29.5456,0.0],[108.06656,29.54843,0.0],[108.06829,29.5506,0.0],[108.06848,29.55204,0.0],[108.06924,29.55348,0.0],[108.06956,29.55559,0.0],[108.07052,29.55831,0.0],[108.07186,29.55931,0.0],[108.0718,29.56075,0.0],[108.06892,29.56186,0.0],[108.06765,29.56347,0.0],[108.06656,29.56458,0.0],[108.06554,29.56614,0.0],[108.06357,29.56625,0.0],[108.06261,29.56741,0.0],[108.06184,29.5688,0.0],[108.06063,29.57113,0.0],[108.05948,29.57279,0.0],[108.05961,29.57457,0.0],[108.06018,29.57579,0.0],[108.05955,29.57712,0.0],[108.06165,29.58062,0.0],[108.06433,29.58151,0.0],[108.06656,29.58128,0.0],[108.07039,29.58023,0.0],[108.07205,29.58095,0.0],[108.07282,29.58262,0.0],[108.07486,29.58639,0.0],[108.07722,29.58905,0.0],[108.07932,29.5911,0.0],[108.08111,29.59232,0.0],[108.08073,29.59316,0.0],[108.07983,29.59454,0.0],[108.079,29.59648,0.0],[108.07613,29.59754,0.0],[108.07518,29.59898,0.0],[108.07294,29.60059,0.0],[108.07211,29.60242,0.0],[108.07231,29.60453,0.0],[108.07186,29.60547,0.0],[108.07173,29.60774,0.0],[108.0702,29.60908,0.0],[108.06848,29.61091,0.0],[108.0672,29.61246,0.0],[108.0644,29.61351,0.0],[108.06325,29.61462,0.0],[108.06156,29.61531,0.0],[108.0685,29.61775,0.0],[108.07349,29.62117,0.0],[108.07597,29.61557,0.0],[108.08261,29.61281,0.0],[108.08383,29.60966,0.0],[108.08606,29.60671,0.0],[108.08756,29.60327,0.0],[108.09511,29.60123,0.0],[108.10085,29.6021,0.0],[108.11335,29.60218,0.0],[108.12049,29.60539,0.0],[108.11914,29.6065,0.0],[108.12651,29.60775,0.0],[108.13163,29.60487,0.0],[108.13795,29.60447,0.0],[108.14375,29.60315,0.0],[108.15136,29.60482,0.0],[108.16014,29.60663,0.0],[108.16162,29.61971,0.0],[108.16628,29.62117,0.0],[108.17437,29.62141,0.0],[108.17747,29.62766,0.0],[108.17595,29.63068,0.0],[108.17646,29.63403,0.0],[108.17484,29.63938,0.0],[108.17645,29.64588,0.0],[108.17285,29.65159,0.0],[108.16561,29.65014,0.0],[108.16191,29.65148,0.0],[108.1611,29.65465,0.0],[108.16368,29.65838,0.0],[108.17126,29.66326,0.0],[108.17966,29.66609,0.0],[108.18193,29.66963,0.0],[108.19148,29.6697,0.0],[108.19286,29.67704,0.0],[108.19958,29.6786,0.0],[108.20026,29.68517,0.0],[108.20298,29.68833,0.0],[108.20531,29.69197,0.0],[108.19949,29.6954,0.0],[108.19958,29.70061,0.0],[108.2017,29.7044,0.0],[108.20721,29.70642,0.0],[108.21156,29.71271,0.0],[108.21566,29.71166,0.0],[108.21674,29.71608,0.0],[108.21352,29.71942,0.0],[108.22048,29.72737,0.0],[108.21677,29.7367,0.0],[108.21577,29.73889,0.0],[108.21864,29.74236,0.0],[108.22135,29.74962,0.0],[108.22963,29.75002,0.0],[108.2383,29.74824,0.0],[108.24216,29.75421,0.0],[108.24914,29.74835,0.0],[108.25179,29.74723,0.0],[108.26431,29.74017,0.0],[108.26376,29.73494,0.0],[108.2672,29.73359,0.0],[108.27367,29.73422,0.0],[108.27827,29.73185,0.0],[108.29232,29.7294,0.0],[108.29491,29.73616,0.0],[108.3007,29.72859,0.0],[108.30705,29.72497,0.0],[108.31159,29.72471,0.0],[108.32133,29.71405,0.0],[108.33163,29.7153,0.0],[108.34182,29.72008,0.0],[108.34692,29.72426,0.0],[108.35377,29.7214,0.0],[108.36036,29.71907,0.0],[108.36298,29.71734,0.0],[108.36873,29.71599,0.0],[108.36583,29.72038,0.0],[108.365,29.72473,0.0],[108.36356,29.73304,0.0],[108.36271,29.7422,0.0],[108.36023,29.74484,0.0],[108.36052,29.75096,0.0],[108.36048,29.75423,0.0],[108.35724,29.76135,0.0],[108.35702,29.76435,0.0],[108.36223,29.77055,0.0],[108.36827,29.77292,0.0],[108.37295,29.78122,0.0],[108.37499,29.78857,0.0],[108.37654,29.79271,0.0],[108.38044,29.7987,0.0],[108.38357,29.80332,0.0],[108.38351,29.80974,0.0],[108.3896,29.8197,0.0],[108.39132,29.83418,0.0],[108.38937,29.83979,0.0],[108.39268,29.84127,0.0],[108.39677,29.84106,0.0],[108.40011,29.83848,0.0],[108.4011,29.82977,0.0],[108.40358,29.82526,0.0],[108.41188,29.82139,0.0],[108.41721,29.82161,0.0],[108.41969,29.81828,0.0],[108.42025,29.80952,0.0],[108.41956,29.80484,0.0],[108.41498,29.80258,0.0],[108.41535,29.79678,0.0],[108.41225,29.7928,0.0],[108.41247,29.78642,0.0],[108.41733,29.77732,0.0],[108.42154,29.77764,0.0],[108.43715,29.78248,0.0],[108.44074,29.77893,0.0],[108.44167,29.76999,0.0],[108.43851,29.76431,0.0],[108.4348,29.76022,0.0],[108.43517,29.75323,0.0],[108.43516,29.74334,0.0],[108.44446,29.74105,0.0],[108.45324,29.74373,0.0],[108.45771,29.7399,0.0],[108.46221,29.73408,0.0],[108.48645,29.72624,0.0],[108.50226,29.71077,0.0],[108.50286,29.70973,0.0],[108.50568,29.70828,0.0],[108.50741,29.70669,0.0],[108.50962,29.70689,0.0],[108.51162,29.70601,0.0],[108.51417,29.70334,0.0],[108.51711,29.70306,0.0],[108.52,29.70189,0.0],[108.52237,29.7017,0.0],[108.52291,29.70104,0.0],[108.52216,29.69657,0.0],[108.52248,29.69411,0.0],[108.52167,29.68928,0.0],[108.52148,29.68524,0.0],[108.51843,29.68365,0.0],[108.51397,29.68134,0.0],[108.50789,29.68017,0.0],[108.5037,29.68007,0.0],[108.4986,29.67958,0.0],[108.49701,29.67715,0.0],[108.49784,29.67489,0.0],[108.49967,29.67222,0.0],[108.49927,29.67071,0.0],[108.50012,29.66896,0.0],[108.4984,29.66598,0.0],[108.49752,29.66389,0.0],[108.49379,29.663,0.0],[108.49078,29.66175,0.0],[108.49078,29.66014,0.0],[108.49184,29.65878,0.0],[108.49087,29.65597,0.0],[108.49121,29.6524,0.0],[108.48436,29.64255,0.0],[108.48445,29.63357,0.0],[108.48352,29.63129,0.0],[108.48252,29.62712,0.0],[108.48321,29.62631,0.0],[108.48405,29.62619,0.0],[108.48798,29.62648,0.0],[108.49602,29.62311,0.0],[108.49917,29.622,0.0],[108.50033,29.62074,0.0],[108.5001,29.61787,0.0],[108.50027,29.61545,0.0],[108.50325,29.61351,0.0],[108.50778,29.61769,0.0],[108.50976,29.61804,0.0],[108.51029,29.61661,0.0],[108.50913,29.61579,0.0],[108.509,29.6151,0.0],[108.51192,29.61146,0.0],[108.51179,29.60803,0.0],[108.51255,29.6051,0.0],[108.51469,29.60247,0.0],[108.51664,29.60014,0.0],[108.51707,29.59857,0.0],[108.51814,29.59786,0.0],[108.52077,29.59774,0.0],[108.52499,29.59425,0.0],[108.52574,29.59225,0.0],[108.527,29.59286,0.0],[108.52786,29.59288,0.0],[108.53076,29.58958,0.0],[108.53078,29.58546,0.0],[108.53188,29.58129,0.0],[108.53095,29.58029,0.0],[108.53055,29.57901,0.0],[108.532,29.57645,0.0],[108.53196,29.57596,0.0],[108.53138,29.57547,0.0],[108.53125,29.57467,0.0],[108.53218,29.5731,0.0],[108.53329,29.57288,0.0],[108.53565,29.57099,0.0],[108.5387,29.57047,0.0],[108.53962,29.56864,0.0],[108.5393,29.56728,0.0],[108.54001,29.56554,0.0],[108.54239,29.56312,0.0],[108.54419,29.56334,0.0],[108.54464,29.56246,0.0],[108.54535,29.56075,0.0],[108.54366,29.55929,0.0],[108.54434,29.5567,0.0],[108.54342,29.55341,0.0],[108.54344,29.55201,0.0],[108.54451,29.55059,0.0],[108.54501,29.55009,0.0],[108.53786,29.54878,0.0],[108.53593,29.54792,0.0],[108.53378,29.54788,0.0],[108.53331,29.54748,0.0],[108.53258,29.54333,0.0],[108.53183,29.5425,0.0],[108.53016,29.54283,0.0],[108.52834,29.54399,0.0],[108.52452,29.54397,0.0],[108.52231,29.54552,0.0],[108.52145,29.54567,0.0],[108.51915,29.54511,0.0],[108.51555,29.54787,0.0],[108.51411,29.54774,0.0],[108.51252,29.54649,0.0],[108.51029,29.54634,0.0],[108.50814,29.54421,0.0],[108.50364,29.5426,0.0],[108.50289,29.54044,0.0],[108.50156,29.53829,0.0],[108.4998,29.53667,0.0],[108.49965,29.53362,0.0],[108.49883,29.53084,0.0],[108.49769,29.52864,0.0],[108.49628,29.52744,0.0],[108.49332,29.52705,0.0],[108.49263,29.5267,0.0],[108.49229,29.52451,0.0],[108.49166,29.52289,0.0],[108.49025,29.52216,0.0],[108.48988,29.51751,0.0],[108.49025,29.51577,0.0],[108.4931,29.51232,0.0],[108.49295,29.51012,0.0],[108.49351,29.50552,0.0],[108.49486,29.50405,0.0],[108.4981,29.50267,0.0],[108.50023,29.50242,0.0],[108.50108,29.50296,0.0],[108.5022,29.50556,0.0],[108.50329,29.5069,0.0],[108.50523,29.50722,0.0],[108.50789,29.50601,0.0],[108.50984,29.50442,0.0],[108.51082,29.5031,0.0],[108.5125,29.50323,0.0],[108.51473,29.50204,0.0],[108.51647,29.50179,0.0],[108.51758,29.50065,0.0],[108.51877,29.50054,0.0],[108.52155,29.49917,0.0],[108.52327,29.49897,0.0],[108.52589,29.49818,0.0],[108.52885,29.49874,0.0],[108.5316,29.49695,0.0],[108.53451,29.49654,0.0],[108.53529,29.49519,0.0],[108.53803,29.49589,0.0],[108.5428,29.49488,0.0],[108.54477,29.49523,0.0],[108.54614,29.49407,0.0],[108.54775,29.49452,0.0],[108.55248,29.49402,0.0],[108.55372,29.49452,0.0],[108.55496,29.49449,0.0],[108.55606,29.49477,0.0],[108.55762,29.49432,0.0],[108.55938,29.49176,0.0],[108.56071,29.49025,0.0],[108.56172,29.49026,0.0],[108.56398,29.49131,0.0],[108.5673,29.49,0.0],[108.57059,29.48883,0.0],[108.57391,29.4866,0.0],[108.57614,29.48531,0.0],[108.57885,29.48272,0.0],[108.58129,29.47947,0.0],[108.58138,29.47674,0.0],[108.58084,29.4759,0.0],[108.57904,29.47513,0.0],[108.57818,29.47439,0.0],[108.57818,29.47409,0.0],[108.57715,29.47289,0.0],[108.57715,29.4717,0.0],[108.57749,29.4714,0.0],[108.57749,29.4705,0.0],[108.57784,29.4702,0.0],[108.57715,29.46901,0.0],[108.57749,29.46841,0.0],[108.57749,29.46691,0.0],[108.57715,29.46662,0.0],[108.57715,29.46572,0.0],[108.57973,29.46407,0.0],[108.58007,29.46407,0.0],[108.58127,29.46303,0.0],[108.58127,29.46243,0.0],[108.58196,29.46153,0.0],[108.58196,29.46064,0.0],[108.5823,29.46034,0.0],[108.5823,29.45974,0.0],[108.58299,29.45854,0.0],[108.58299,29.45765,0.0],[108.58333,29.45735,0.0],[108.58367,29.45585,0.0],[108.58453,29.45511,0.0],[108.58591,29.45451,0.0],[108.58711,29.45346,0.0],[108.58745,29.45227,0.0],[108.58779,29.45197,0.0],[108.58779,29.45077,0.0],[108.58848,29.44958,0.0],[108.58855,29.44724,0.0],[108.58848,29.44599,0.0],[108.58608,29.4418,0.0],[108.58436,29.44001,0.0],[108.58367,29.43881,0.0],[108.58264,29.43792,0.0],[108.58196,29.43672,0.0],[108.58196,29.43612,0.0],[108.58127,29.43522,0.0],[108.58093,29.43373,0.0],[108.58024,29.43283,0.0],[108.58024,29.43194,0.0],[108.5799,29.43134,0.0],[108.57818,29.42984,0.0],[108.57818,29.42865,0.0],[108.57784,29.42835,0.0],[108.57784,29.42715,0.0],[108.57749,29.42685,0.0],[108.57749,29.42625,0.0],[108.57715,29.42566,0.0],[108.57578,29.42446,0.0],[108.57543,29.42296,0.0],[108.57475,29.42237,0.0],[108.5744,29.42147,0.0],[108.57337,29.42057,0.0],[108.57337,29.42027,0.0],[108.57217,29.41923,0.0],[108.57011,29.41833,0.0],[108.56771,29.41833,0.0],[108.56737,29.41803,0.0],[108.56016,29.41803,0.0],[108.55947,29.41743,0.0],[108.55672,29.41624,0.0],[108.55535,29.41624,0.0],[108.55398,29.41564,0.0],[108.55329,29.41504,0.0],[108.5526,29.41474,0.0],[108.55157,29.41474,0.0],[108.55037,29.41399,0.0],[108.55037,29.4134,0.0],[108.5514,29.4119,0.0],[108.5514,29.4107,0.0],[108.55106,29.4104,0.0],[108.55106,29.40861,0.0],[108.5514,29.40831,0.0],[108.5514,29.40562,0.0],[108.55106,29.40532,0.0],[108.55106,29.40382,0.0],[108.55072,29.40353,0.0],[108.55072,29.40293,0.0],[108.55037,29.40263,0.0],[108.55037,29.40143,0.0],[108.55003,29.40113,0.0],[108.55003,29.39934,0.0],[108.55037,29.39904,0.0],[108.55037,29.39635,0.0],[108.55003,29.39605,0.0],[108.55003,29.39515,0.0],[108.54969,29.39485,0.0],[108.54934,29.39306,0.0],[108.54454,29.38887,0.0],[108.54385,29.38767,0.0],[108.54385,29.38707,0.0],[108.54351,29.38677,0.0],[108.54488,29.38438,0.0],[108.54866,29.38109,0.0],[108.54866,29.38079,0.0],[108.54934,29.38019,0.0],[108.54934,29.3787,0.0],[108.54866,29.37773,0.0],[108.54823,29.37735,0.0],[108.54823,29.3772,0.0],[108.54754,29.37645,0.0],[108.54737,29.376,0.0],[108.54668,29.37526,0.0],[108.54668,29.37493,0.0],[108.5466,29.37481,0.0],[108.54667,29.37434,0.0],[108.54651,29.37406,0.0],[108.54668,29.37391,0.0],[108.54668,29.37301,0.0],[108.54685,29.37286,0.0],[108.54685,29.37256,0.0],[108.54883,29.37084,0.0],[108.54934,29.37039,0.0],[108.54951,29.37039,0.0],[108.55063,29.36927,0.0],[108.5508,29.36838,0.0],[108.55097,29.36823,0.0],[108.55097,29.36763,0.0],[108.55114,29.36748,0.0],[108.55114,29.36718,0.0],[108.55149,29.36658,0.0],[108.5532,29.36538,0.0],[108.55406,29.36389,0.0],[108.55441,29.36359,0.0],[108.55509,29.36239,0.0],[108.55509,29.36209,0.0],[108.55578,29.36104,0.0],[108.55578,29.36075,0.0],[108.55612,29.3603,0.0],[108.55629,29.35955,0.0],[108.55664,29.3591,0.0],[108.55664,29.35865,0.0],[108.55681,29.3585,0.0],[108.55681,29.35805,0.0],[108.55698,29.3579,0.0],[108.55698,29.35745,0.0],[108.55715,29.3573,0.0],[108.55715,29.35671,0.0],[108.55732,29.35656,0.0],[108.55732,29.35484,0.0],[108.55715,29.35461,0.0],[108.55715,29.35416,0.0],[108.55681,29.35356,0.0],[108.55681,29.35311,0.0],[108.55647,29.35252,0.0],[108.55647,29.35207,0.0],[108.55629,29.35192,0.0],[108.55613,29.35122,0.0],[108.55578,29.35072,0.0],[108.55578,29.35042,0.0],[108.55544,29.34997,0.0],[108.55526,29.34922,0.0],[108.55492,29.34878,0.0],[108.55475,29.34803,0.0],[108.55423,29.34713,0.0],[108.55423,29.34646,0.0],[108.55406,29.34623,0.0],[108.55406,29.34369,0.0],[108.55278,29.34219,0.0],[108.55278,29.34212,0.0],[108.55217,29.34159,0.0],[108.55217,29.34144,0.0],[108.55042,29.33984,0.0],[108.55003,29.33972,0.0],[108.5496,29.33935,0.0],[108.54874,29.33785,0.0],[108.54874,29.33755,0.0],[108.54805,29.33636,0.0],[108.54754,29.33576,0.0],[108.54737,29.33486,0.0],[108.5472,29.33471,0.0],[108.54702,29.33396,0.0],[108.54668,29.33351,0.0],[108.54668,29.33321,0.0],[108.54685,29.33306,0.0],[108.54685,29.33157,0.0],[108.54668,29.33127,0.0],[108.54591,29.33059,0.0],[108.54574,29.33059,0.0],[108.54522,29.33015,0.0],[108.54505,29.33015,0.0],[108.54376,29.32902,0.0],[108.54359,29.32872,0.0],[108.54359,29.32852,0.0],[108.54342,29.32827,0.0],[108.54342,29.32768,0.0],[108.54325,29.32753,0.0],[108.54325,29.32483,0.0],[108.54411,29.32364,0.0],[108.54411,29.32274,0.0],[108.54419,29.32266,0.0],[108.54419,29.32206,0.0],[108.54411,29.32199,0.0],[108.54411,29.32064,0.0],[108.54462,29.32004,0.0],[108.54462,29.31989,0.0],[108.54582,29.31885,0.0],[108.54668,29.3172,0.0],[108.54745,29.31653,0.0],[108.54763,29.31653,0.0],[108.54797,29.31623,0.0],[108.54814,29.31623,0.0],[108.54848,29.31593,0.0],[108.54866,29.31593,0.0],[108.549,29.31563,0.0],[108.5502,29.31503,0.0],[108.55072,29.31458,0.0],[108.55089,29.31458,0.0],[108.55269,29.31301,0.0],[108.55269,29.31271,0.0],[108.55303,29.31226,0.0],[108.5532,29.31166,0.0],[108.55458,29.31031,0.0],[108.55492,29.30957,0.0],[108.55518,29.30934,0.0],[108.55587,29.30934,0.0],[108.55604,29.30919,0.0],[108.56067,29.30919,0.0],[108.56239,29.30844,0.0],[108.56308,29.30844,0.0],[108.56359,29.30814,0.0],[108.56393,29.30814,0.0],[108.5641,29.30799,0.0],[108.56445,29.30799,0.0],[108.56462,29.30784,0.0],[108.56599,29.30754,0.0],[108.56651,29.30725,0.0],[108.56685,29.30725,0.0],[108.56737,29.3068,0.0],[108.56754,29.3068,0.0],[108.56805,29.30635,0.0],[108.56822,29.30635,0.0],[108.57003,29.30478,0.0],[108.57003,29.30463,0.0],[108.57106,29.30343,0.0],[108.5714,29.30223,0.0],[108.57183,29.30186,0.0],[108.572,29.30186,0.0],[108.5726,29.30118,0.0],[108.57277,29.30028,0.0],[108.57295,29.30013,0.0],[108.57295,29.29969,0.0],[108.57312,29.29954,0.0],[108.57312,29.29909,0.0],[108.57329,29.29894,0.0],[108.57329,29.29849,0.0],[108.57363,29.29804,0.0],[108.57363,29.29774,0.0],[108.57449,29.29624,0.0],[108.57466,29.29519,0.0],[108.57638,29.2934,0.0],[108.57741,29.2913,0.0],[108.57861,29.28981,0.0],[108.57861,29.28951,0.0],[108.5793,29.28831,0.0],[108.57953,29.28811,0.0],[108.57998,29.28741,0.0],[108.57998,29.28651,0.0],[108.57981,29.28636,0.0],[108.57981,29.28591,0.0],[108.5805,29.28516,0.0],[108.58067,29.28456,0.0],[108.58084,29.28442,0.0],[108.58084,29.28322,0.0],[108.58067,29.28307,0.0],[108.58067,29.28247,0.0],[108.58007,29.28165,0.0],[108.5787,29.28135,0.0],[108.57835,29.28105,0.0],[108.57818,29.28105,0.0],[108.57784,29.28075,0.0],[108.57664,29.28015,0.0],[108.57612,29.2797,0.0],[108.57595,29.2797,0.0],[108.57518,29.27902,0.0],[108.57518,29.27828,0.0],[108.57501,29.27813,0.0],[108.57501,29.27768,0.0],[108.5738,29.27558,0.0],[108.5738,29.27528,0.0],[108.57363,29.27513,0.0],[108.57363,29.27438,0.0],[108.57346,29.27408,0.0],[108.57252,29.27341,0.0],[108.572,29.27341,0.0],[108.57183,29.27326,0.0],[108.57097,29.27311,0.0],[108.56968,29.27199,0.0],[108.56968,29.27184,0.0],[108.56934,29.27154,0.0],[108.56934,29.27124,0.0],[108.569,29.27079,0.0],[108.569,29.27049,0.0],[108.56865,29.27019,0.0],[108.56814,29.26929,0.0],[108.56728,29.26824,0.0],[108.56711,29.2663,0.0],[108.56694,29.26615,0.0],[108.56677,29.2654,0.0],[108.56642,29.26495,0.0],[108.56642,29.2639,0.0],[108.56659,29.2636,0.0],[108.56934,29.26091,0.0],[108.56934,29.25911,0.0],[108.57054,29.25761,0.0],[108.57054,29.25746,0.0],[108.57089,29.25716,0.0],[108.57157,29.25596,0.0],[108.57174,29.25507,0.0],[108.57192,29.25492,0.0],[108.57192,29.25327,0.0],[108.57157,29.25267,0.0],[108.57157,29.25222,0.0],[108.5714,29.25207,0.0],[108.57123,29.25132,0.0],[108.5702,29.24952,0.0],[108.56925,29.24885,0.0],[108.56874,29.2487,0.0],[108.56797,29.24803,0.0],[108.56797,29.24698,0.0],[108.56814,29.24683,0.0],[108.56814,29.24608,0.0],[108.56797,29.24593,0.0],[108.5678,29.24488,0.0],[108.56694,29.24338,0.0],[108.56694,29.24308,0.0],[108.56574,29.24114,0.0],[108.56574,29.24084,0.0],[108.56505,29.23979,0.0],[108.56488,29.23889,0.0],[108.56471,29.23874,0.0],[108.56471,29.23829,0.0],[108.56436,29.23784,0.0],[108.56436,29.23679,0.0],[108.56453,29.23664,0.0],[108.56453,29.23634,0.0],[108.56471,29.23619,0.0],[108.56505,29.23499,0.0],[108.56591,29.2341,0.0],[108.56642,29.2332,0.0],[108.56642,29.2317,0.0],[108.56625,29.23155,0.0],[108.56625,29.23095,0.0],[108.56591,29.2305,0.0],[108.56574,29.22975,0.0],[108.56522,29.22885,0.0],[108.56282,29.22646,0.0],[108.56282,29.22631,0.0],[108.56196,29.22556,0.0],[108.56196,29.22541,0.0],[108.56144,29.22496,0.0],[108.56144,29.22481,0.0],[108.56016,29.22368,0.0],[108.55793,29.22264,0.0],[108.55741,29.22264,0.0],[108.55724,29.22249,0.0],[108.5569,29.22249,0.0],[108.55621,29.22219,0.0],[108.55535,29.22219,0.0],[108.55518,29.22204,0.0],[108.55329,29.22189,0.0],[108.55312,29.22174,0.0],[108.5526,29.22174,0.0],[108.55243,29.22159,0.0],[108.55157,29.22144,0.0],[108.55054,29.22099,0.0],[108.5496,29.22016,0.0],[108.54943,29.21956,0.0],[108.54908,29.21911,0.0],[108.54908,29.21882,0.0],[108.54874,29.21822,0.0],[108.54788,29.21732,0.0],[108.54771,29.21642,0.0],[108.5472,29.21552,0.0],[108.54685,29.21522,0.0],[108.54582,29.21342,0.0],[108.54548,29.21312,0.0],[108.54548,29.21282,0.0],[108.54479,29.21162,0.0],[108.54479,29.21132,0.0],[108.54462,29.21117,0.0],[108.54462,29.21057,0.0],[108.54445,29.21042,0.0],[108.54445,29.20998,0.0],[108.54462,29.20983,0.0],[108.54462,29.20938,0.0],[108.54479,29.20923,0.0],[108.54514,29.20803,0.0],[108.54565,29.20743,0.0],[108.54565,29.20728,0.0],[108.54617,29.20683,0.0],[108.54617,29.20653,0.0],[108.54634,29.20638,0.0],[108.54634,29.20578,0.0],[108.54651,29.20563,0.0],[108.54651,29.20218,0.0],[108.54668,29.20197,0.0],[108.54668,29.20158,0.0],[108.54685,29.20143,0.0],[108.54685,29.20113,0.0],[108.54737,29.20024,0.0],[108.54857,29.19904,0.0],[108.54926,29.19784,0.0],[108.54943,29.19709,0.0],[108.54977,29.19664,0.0],[108.54977,29.19619,0.0],[108.54994,29.19604,0.0],[108.54994,29.19559,0.0],[108.55011,29.19544,0.0],[108.55011,29.19499,0.0],[108.55029,29.19484,0.0],[108.55029,29.19229,0.0],[108.55046,29.19214,0.0],[108.55046,29.19154,0.0],[108.55132,29.19005,0.0],[108.55217,29.18915,0.0],[108.55252,29.18855,0.0],[108.55303,29.1881,0.0],[108.55492,29.18465,0.0],[108.55535,29.18428,0.0],[108.55587,29.18413,0.0],[108.55621,29.18383,0.0],[108.55741,29.18323,0.0],[108.55973,29.1812,0.0],[108.55973,29.18105,0.0],[108.56059,29.18,0.0],[108.56076,29.17926,0.0],[108.56127,29.17836,0.0],[108.56402,29.17596,0.0],[108.56419,29.17551,0.0],[108.56453,29.17521,0.0],[108.56471,29.17476,0.0],[108.56505,29.17446,0.0],[108.56522,29.17401,0.0],[108.56556,29.17371,0.0],[108.56591,29.17311,0.0],[108.56831,29.17056,0.0],[108.5702,29.16726,0.0],[108.5702,29.16696,0.0],[108.57037,29.16681,0.0],[108.57047,29.16633,0.0],[108.57054,29.16607,0.0],[108.57054,29.16532,0.0],[108.57071,29.16517,0.0],[108.57071,29.16367,0.0],[108.57003,29.16292,0.0],[108.57003,29.16277,0.0],[108.56968,29.16247,0.0],[108.569,29.16142,0.0],[108.56848,29.16097,0.0],[108.56762,29.15962,0.0],[108.56762,29.15932,0.0],[108.56745,29.15917,0.0],[108.56745,29.15887,0.0],[108.56728,29.15872,0.0],[108.56728,29.15842,0.0],[108.56694,29.15782,0.0],[108.56694,29.15662,0.0],[108.56677,29.15647,0.0],[108.56677,29.15542,0.0],[108.56659,29.15527,0.0],[108.56659,29.15467,0.0],[108.56642,29.15452,0.0],[108.56625,29.15377,0.0],[108.56591,29.15332,0.0],[108.56591,29.15302,0.0],[108.56539,29.15212,0.0],[108.56428,29.15115,0.0],[108.56342,29.15085,0.0],[108.56308,29.15055,0.0],[108.5617,29.14995,0.0],[108.55947,29.14995,0.0],[108.5593,29.1501,0.0],[108.55896,29.1501,0.0],[108.5587,29.14988,0.0],[108.5587,29.14838,0.0],[108.55887,29.14823,0.0],[108.55887,29.14733,0.0],[108.5587,29.14718,0.0],[108.5587,29.14568,0.0],[108.55818,29.14478,0.0],[108.55741,29.1441,0.0],[108.55707,29.14395,0.0],[108.55501,29.14395,0.0],[108.554,29.14283,0.0],[108.54726,29.14177,0.0],[108.53996,29.1376,0.0],[108.53318,29.1332,0.0],[108.52692,29.13041,0.0],[108.52222,29.12762,0.0],[108.51964,29.12279,0.0],[108.51759,29.11613,0.0],[108.5179,29.11039,0.0],[108.51295,29.10555,0.0],[108.5041,29.10021,0.0],[108.49757,29.09719,0.0],[108.48896,29.09392,0.0],[108.4874,29.0923,0.0],[108.47983,29.08973,0.0],[108.47565,29.08741,0.0],[108.47121,29.08715,0.0],[108.46677,29.08666,0.0],[108.46363,29.08618,0.0],[108.45868,29.0834,0.0],[108.45451,29.08084,0.0],[108.45532,29.07764,0.0],[108.45482,29.07443,0.0],[108.45328,29.07074,0.0],[108.45146,29.06821,0.0],[108.44309,29.06769,0.0],[108.43577,29.0681,0.0],[108.42923,29.06737,0.0],[108.42635,29.06688,0.0],[108.42245,29.06433,0.0],[108.42116,29.06203,0.0],[108.41961,29.06019,0.0],[108.41596,29.05741,0.0],[108.41389,29.05533,0.0],[108.40997,29.05415,0.0],[108.40501,29.05412,0.0],[108.40186,29.05409,0.0],[108.39452,29.05542,0.0],[108.38931,29.054,0.0],[108.38434,29.05351,0.0],[108.37859,29.05232,0.0],[108.37234,29.04883,0.0],[108.36636,29.04512,0.0],[108.36298,29.04234,0.0],[108.35857,29.03886,0.0],[108.35258,29.034,0.0],[108.34557,29.02936,0.0],[108.34063,29.02519,0.0],[108.337,29.02195,0.0],[108.3305,29.01755,0.0],[108.32818,29.01363,0.0],[108.32507,29.01016,0.0],[108.31962,29.00645,0.0],[108.3165,29.0039,0.0],[108.31259,29.00249,0.0],[108.30759,29.00005,0.0],[108.3037,29.00991,0.0],[108.30436,29.02177,0.0],[108.29393,29.05127,0.0],[108.2984,29.06922,0.0],[108.3012,29.07383,0.0],[108.30298,29.07995,0.0],[108.29377,29.08943,0.0],[108.27266,29.09461,0.0],[108.26467,29.09371,0.0],[108.26304,29.08853,0.0],[108.26459,29.08455,0.0],[108.26407,29.0808,0.0],[108.25643,29.06985,0.0],[108.25601,29.05297,0.0],[108.25051,29.04277,0.0],[108.24116,29.03639,0.0],[108.2391,29.03136,0.0],[108.22725,29.03076,0.0],[108.22099,29.03361,0.0],[108.2203,29.04127,0.0],[108.22305,29.04232,0.0],[108.22614,29.0502,0.0],[108.22167,29.0538,0.0],[108.20957,29.05957,0.0],[108.20107,29.05927,0.0],[108.19223,29.0748,0.0],[108.17695,29.07218,0.0],[108.1767,29.0682,0.0],[108.16803,29.06865,0.0],[108.14957,29.05717,0.0],[108.12898,29.05575,0.0],[108.12589,29.0685,0.0],[108.10898,29.07758,0.0],[108.07814,29.08593,0.0],[108.06467,29.08993,0.0],[108.06355,29.08882,0.0],[108.06307,29.08817,0.0],[108.0626,29.0879,0.0],[108.06144,29.08783,0.0],[108.06106,29.08822,0.0],[108.06066,29.08836,0.0],[108.06015,29.08819,0.0],[108.05992,29.08773,0.0],[108.05993,29.08706,0.0],[108.05936,29.08591,0.0],[108.05894,29.08473,0.0],[108.0584,29.08406,0.0],[108.05666,29.08354,0.0],[108.05648,29.08288,0.0],[108.05612,29.08185,0.0],[108.05608,29.08037,0.0],[108.05572,29.07973,0.0],[108.0555,29.07915,0.0],[108.05509,29.07878,0.0],[108.05372,29.07777,0.0],[108.05292,29.07696,0.0],[108.05232,29.07582,0.0],[108.05156,29.07481,0.0],[108.0502,29.07413,0.0],[108.04978,29.07378,0.0],[108.04831,29.0728,0.0],[108.04752,29.07151,0.0],[108.04676,29.07102,0.0],[108.04634,29.07055,0.0],[108.04616,29.06983,0.0],[108.04588,29.06929,0.0],[108.04505,29.06904,0.0],[108.04419,29.06934,0.0],[108.04371,29.06938,0.0],[108.04319,29.06917,0.0],[108.04201,29.06788,0.0],[108.04131,29.06728,0.0],[108.04012,29.06669,0.0],[108.03985,29.06644,0.0],[108.03948,29.06492,0.0],[108.03897,29.06408,0.0],[108.03818,29.06369,0.0],[108.03737,29.06316,0.0],[108.03706,29.06285,0.0],[108.03703,29.06185,0.0],[108.03695,29.0613,0.0],[108.03623,29.06046,0.0],[108.03564,29.05988,0.0],[108.03488,29.05952,0.0],[108.03425,29.05939,0.0],[108.03336,29.05875,0.0],[108.03323,29.05809,0.0],[108.03301,29.05749,0.0],[108.03241,29.05716,0.0],[108.03204,29.05686,0.0],[108.03172,29.05628,0.0],[108.03109,29.05572,0.0],[108.03102,29.05527,0.0],[108.03133,29.05496,0.0],[108.03192,29.05488,0.0],[108.03197,29.0544,0.0],[108.03178,29.05367,0.0],[108.03141,29.05318,0.0],[108.03068,29.05183,0.0],[108.03055,29.0503,0.0],[108.03042,29.04995,0.0],[108.02981,29.04952,0.0],[108.02867,29.04917,0.0],[108.0274,29.04914,0.0],[108.02666,29.04901,0.0],[108.02604,29.04856,0.0],[108.02522,29.04714,0.0],[108.02487,29.04674,0.0],[108.02449,29.04606,0.0],[108.02395,29.04583,0.0],[108.02338,29.04562,0.0],[108.02298,29.04468,0.0],[108.02271,29.04394,0.0],[108.0218,29.04316,0.0],[108.02013,29.04229,0.0],[108.01927,29.0415,0.0],[108.01081,29.04215,0.0],[108.00565,29.03861,0.0],[107.99902,29.03909,0.0],[107.98824,29.03755,0.0],[107.94369,29.03717,0.0],[107.93513,29.03893,0.0],[107.92703,29.03957,0.0],[107.92206,29.03635,0.0],[107.92026,29.02979,0.0],[107.90917,29.01526,0.0],[107.90364,29.00932,0.0],[107.88413,29.01172,0.0],[107.88045,29.01172,0.0],[107.87934,29.01011,0.0],[107.88045,29.00737,0.0],[107.88395,29.00399,0.0],[107.88266,28.99996,0.0],[107.88192,28.99304,0.0],[107.87724,28.98809,0.0],[107.87327,28.98815,0.0],[107.86867,28.98756,0.0],[107.86369,28.97323,0.0],[107.86347,28.96285,0.0],[107.85946,28.9663,0.0],[107.84547,28.96509,0.0],[107.83737,28.96888,0.0],[107.83865,28.9721,0.0],[107.8335,28.97226,0.0],[107.82816,28.97516,0.0],[107.82349,28.98048,0.0],[107.80551,28.98692,0.0]]]]}},{"type":"Feature","properties":{"uesi_id":"CHN_R913069","nbhd_code":"CHN_R913069_143","nbhd_name":"Qianjiang District"},"geometry":{"type":"MultiPolygon","coordinates":[[[[108.48252,29.62712,0.0],[108.48352,29.63129,0.0],[108.48445,29.63357,0.0],[108.48436,29.64255,0.0],[108.49121,29.6524,0.0],[108.49087,29.65597,0.0],[108.49184,29.65878,0.0],[108.49078,29.66014,0.0],[108.49078,29.66175,0.0],[108.49379,29.663,0.0],[108.49752,29.66389,0.0],[108.4984,29.66598,0.0],[108.50012,29.66896,0.0],[108.49927,29.67071,0.0],[108.49967,29.67222,0.0],[108.49784,29.67489,0.0],[108.49701,29.67715,0.0],[108.4986,29.67958,0.0],[108.5037,29.68007,0.0],[108.50789,29.68017,0.0],[108.51397,29.68134,0.0],[108.51843,29.68365,0.0],[108.52148,29.68524,0.0],[108.52167,29.68928,0.0],[108.52248,29.69411,0.0],[108.52216,29.69657,0.0],[108.52291,29.70104,0.0],[108.52237,29.7017,0.0],[108.52,29.70189,0.0],[108.51711,29.70306,0.0],[108.51417,29.70334,0.0],[108.51162,29.70601,0.0],[108.50962,29.70689,0.0],[108.50741,29.70669,0.0],[108.50568,29.70828,0.0],[108.50286,29.70973,0.0],[108.50226,29.71077,0.0],[108.50853,29.71403,0.0],[108.5105,29.71612,0.0],[108.51136,29.72052,0.0],[108.50952,29.7244,0.0],[108.50547,29.72925,0.0],[108.50001,29.7322,0.0],[108.50018,29.73334,0.0],[108.50313,29.73402,0.0],[108.50748,29.73586,0.0],[108.5087,29.73753,0.0],[108.50971,29.73908,0.0],[108.51128,29.73921,0.0],[108.51331,29.73746,0.0],[108.51458,29.73494,0.0],[108.51664,29.73304,0.0],[108.51916,29.73551,0.0],[108.52375,29.73832,0.0],[108.52772,29.73824,0.0],[108.5338,29.73979,0.0],[108.53447,29.74247,0.0],[108.54249,29.74544,0.0],[108.54397,29.74719,0.0],[108.54474,29.7481,0.0],[108.54447,29.75209,0.0],[108.54213,29.75506,0.0],[108.53573,29.75959,0.0],[108.52763,29.76124,0.0],[108.52213,29.76225,0.0],[108.52029,29.76482,0.0],[108.51849,29.76646,0.0],[108.52089,29.77336,0.0],[108.52801,29.78438,0.0],[108.53016,29.79015,0.0],[108.53935,29.80497,0.0],[108.54483,29.81228,0.0],[108.55179,29.82121,0.0],[108.55333,29.82199,0.0],[108.55625,29.82199,0.0],[108.55996,29.82117,0.0],[108.56166,29.82389,0.0],[108.56807,29.8276,0.0],[108.57561,29.83413,0.0],[108.57664,29.83816,0.0],[108.57475,29.8428,0.0],[108.57325,29.84712,0.0],[108.57471,29.84965,0.0],[108.5815,29.84966,0.0],[108.58386,29.85029,0.0],[108.58426,29.85223,0.0],[108.58388,29.85688,0.0],[108.58649,29.85987,0.0],[108.58949,29.86095,0.0],[108.59176,29.86201,0.0],[108.5947,29.86404,0.0],[108.59676,29.86649,0.0],[108.59691,29.86815,0.0],[108.59719,29.86845,0.0],[108.59859,29.86839,0.0],[108.6035,29.86576,0.0],[108.60441,29.86572,0.0],[108.60808,29.8676,0.0],[108.61659,29.86801,0.0],[108.61803,29.86863,0.0],[108.61905,29.87018,0.0],[108.62145,29.86955,0.0],[108.62298,29.86975,0.0],[108.62358,29.86916,0.0],[108.62455,29.86856,0.0],[108.62625,29.86832,0.0],[108.62854,29.86815,0.0],[108.62953,29.86754,0.0],[108.63004,29.86567,0.0],[108.63,29.86489,0.0],[108.62863,29.86219,0.0],[108.62931,29.86087,0.0],[108.62867,29.85985,0.0],[108.62869,29.85898,0.0],[108.63067,29.85791,0.0],[108.63103,29.85751,0.0],[108.63371,29.85767,0.0],[108.63706,29.85855,0.0],[108.63867,29.85855,0.0],[108.64148,29.85737,0.0],[108.64464,29.85528,0.0],[108.64659,29.85528,0.0],[108.65238,29.85728,0.0],[108.65543,29.85736,0.0],[108.6574,29.85665,0.0],[108.65847,29.8552,0.0],[108.65751,29.85268,0.0],[108.65354,29.85099,0.0],[108.65766,29.84574,0.0],[108.66247,29.84541,0.0],[108.66405,29.84332,0.0],[108.66448,29.84061,0.0],[108.66404,29.83748,0.0],[108.66172,29.83523,0.0],[108.66162,29.83297,0.0],[108.66348,29.83161,0.0],[108.66562,29.83185,0.0],[108.66659,29.83082,0.0],[108.66727,29.82825,0.0],[108.66693,29.82359,0.0],[108.66534,29.82073,0.0],[108.66367,29.82006,0.0],[108.65856,29.82009,0.0],[108.65346,29.8209,0.0],[108.65262,29.81953,0.0],[108.65466,29.81663,0.0],[108.66181,29.81429,0.0],[108.66659,29.81477,0.0],[108.67302,29.80959,0.0],[108.67654,29.80419,0.0],[108.67462,29.79472,0.0],[108.67462,29.77909,0.0],[108.67573,29.77589,0.0],[108.67822,29.77216,0.0],[108.67671,29.76866,0.0],[108.67323,29.76443,0.0],[108.67294,29.75924,0.0],[108.67137,29.75698,0.0],[108.67165,29.75467,0.0],[108.67356,29.75361,0.0],[108.67446,29.75324,0.0],[108.67601,29.75311,0.0],[108.67734,29.75231,0.0],[108.67991,29.7499,0.0],[108.68102,29.74847,0.0],[108.68212,29.74562,0.0],[108.68251,29.74284,0.0],[108.68047,29.73638,0.0],[108.68019,29.73233,0.0],[108.67869,29.72898,0.0],[108.67641,29.72663,0.0],[108.67641,29.72544,0.0],[108.67662,29.72508,0.0],[108.67766,29.72328,0.0],[108.68223,29.71599,0.0],[108.68753,29.71236,0.0],[108.68856,29.70986,0.0],[108.68886,29.70658,0.0],[108.68667,29.7027,0.0],[108.68247,29.69927,0.0],[108.68028,29.69624,0.0],[108.68255,29.69301,0.0],[108.68706,29.69229,0.0],[108.69504,29.69624,0.0],[108.70015,29.69907,0.0],[108.70053,29.69918,0.0],[108.7027,29.69918,0.0],[108.70362,29.69972,0.0],[108.70448,29.70101,0.0],[108.70528,29.70151,0.0],[108.70626,29.70252,0.0],[108.70875,29.70293,0.0],[108.70931,29.70241,0.0],[108.70976,29.70119,0.0],[108.70978,29.69853,0.0],[108.71058,29.69812,0.0],[108.71332,29.69721,0.0],[108.71422,29.69657,0.0],[108.71407,29.69594,0.0],[108.71476,29.69443,0.0],[108.7148,29.69387,0.0],[108.71414,29.6929,0.0],[108.71444,29.69186,0.0],[108.71409,29.69145,0.0],[108.71281,29.69126,0.0],[108.71214,29.69048,0.0],[108.7121,29.68994,0.0],[108.71122,29.68949,0.0],[108.71064,29.68816,0.0],[108.70959,29.68708,0.0],[108.70888,29.68712,0.0],[108.70867,29.68682,0.0],[108.70813,29.68667,0.0],[108.70684,29.68591,0.0],[108.7045,29.68621,0.0],[108.70431,29.68591,0.0],[108.70568,29.6824,0.0],[108.7062,29.68203,0.0],[108.70785,29.68218,0.0],[108.7089,29.68106,0.0],[108.70961,29.68041,0.0],[108.71145,29.67989,0.0],[108.71397,29.67905,0.0],[108.71667,29.67886,0.0],[108.71899,29.67808,0.0],[108.72218,29.67625,0.0],[108.72399,29.67508,0.0],[108.72463,29.67504,0.0],[108.72602,29.6758,0.0],[108.72665,29.6759,0.0],[108.72736,29.67551,0.0],[108.72854,29.67459,0.0],[108.72907,29.67295,0.0],[108.72961,29.67215,0.0],[108.73107,29.67135,0.0],[108.73665,29.66984,0.0],[108.73703,29.66956,0.0],[108.73701,29.66846,0.0],[108.73796,29.667,0.0],[108.7383,29.66536,0.0],[108.73873,29.66473,0.0],[108.73982,29.66356,0.0],[108.7401,29.66268,0.0],[108.73918,29.66001,0.0],[108.73853,29.65927,0.0],[108.73856,29.65878,0.0],[108.73798,29.65526,0.0],[108.73858,29.65434,0.0],[108.73993,29.65487,0.0],[108.74077,29.65533,0.0],[108.74158,29.65518,0.0],[108.74412,29.65448,0.0],[108.746,29.65437,0.0],[108.74725,29.65302,0.0],[108.74862,29.65223,0.0],[108.74949,29.65219,0.0],[108.75029,29.65208,0.0],[108.75116,29.65158,0.0],[108.75168,29.6515,0.0],[108.7525,29.65193,0.0],[108.75321,29.65265,0.0],[108.75461,29.65298,0.0],[108.75512,29.65264,0.0],[108.75513,29.65234,0.0],[108.75496,29.65218,0.0],[108.75442,29.65198,0.0],[108.75428,29.65146,0.0],[108.75461,29.65119,0.0],[108.75501,29.65071,0.0],[108.75504,29.65043,0.0],[108.75332,29.65017,0.0],[108.75287,29.64968,0.0],[108.75267,29.64892,0.0],[108.75265,29.64819,0.0],[108.75313,29.64726,0.0],[108.75383,29.64653,0.0],[108.75437,29.64625,0.0],[108.75465,29.64633,0.0],[108.75469,29.6467,0.0],[108.75448,29.64756,0.0],[108.75443,29.64843,0.0],[108.75465,29.6489,0.0],[108.75542,29.64927,0.0],[108.756,29.64942,0.0],[108.75654,29.64905,0.0],[108.75695,29.64854,0.0],[108.75716,29.64757,0.0],[108.75699,29.64687,0.0],[108.75602,29.64608,0.0],[108.75551,29.64575,0.0],[108.75525,29.64523,0.0],[108.75587,29.64371,0.0],[108.75619,29.64269,0.0],[108.75647,29.64094,0.0],[108.75703,29.64082,0.0],[108.75755,29.64142,0.0],[108.75877,29.64232,0.0],[108.75956,29.64258,0.0],[108.76016,29.64232,0.0],[108.76055,29.64163,0.0],[108.76068,29.63937,0.0],[108.76091,29.63875,0.0],[108.76139,29.63874,0.0],[108.76235,29.63907,0.0],[108.76274,29.63959,0.0],[108.76246,29.64088,0.0],[108.76267,29.64148,0.0],[108.76407,29.64226,0.0],[108.764,29.64291,0.0],[108.7636,29.64338,0.0],[108.76274,29.64364,0.0],[108.76214,29.64401,0.0],[108.76167,29.64493,0.0],[108.76173,29.64562,0.0],[108.76222,29.64675,0.0],[108.76197,29.64763,0.0],[108.7619,29.64802,0.0],[108.76203,29.64886,0.0],[108.76173,29.6491,0.0],[108.76117,29.64895,0.0],[108.76029,29.64868,0.0],[108.75971,29.64897,0.0],[108.75976,29.64963,0.0],[108.76023,29.65108,0.0],[108.76122,29.65311,0.0],[108.76105,29.6535,0.0],[108.75993,29.65381,0.0],[108.76035,29.65405,0.0],[108.76054,29.65439,0.0],[108.76081,29.65502,0.0],[108.76066,29.65579,0.0],[108.76078,29.65607,0.0],[108.75844,29.65705,0.0],[108.75749,29.65762,0.0],[108.75742,29.6579,0.0],[108.7575,29.65815,0.0],[108.75782,29.65832,0.0],[108.75809,29.65873,0.0],[108.75737,29.65987,0.0],[108.757,29.6606,0.0],[108.75675,29.66127,0.0],[108.75628,29.66168,0.0],[108.75541,29.66157,0.0],[108.75464,29.66147,0.0],[108.75379,29.66177,0.0],[108.75372,29.6621,0.0],[108.75406,29.66279,0.0],[108.75484,29.66354,0.0],[108.75602,29.66407,0.0],[108.75699,29.66413,0.0],[108.75922,29.6634,0.0],[108.76091,29.66376,0.0],[108.76354,29.66456,0.0],[108.764,29.6641,0.0],[108.76447,29.66294,0.0],[108.76496,29.66113,0.0],[108.7656,29.65966,0.0],[108.76691,29.65886,0.0],[108.76694,29.65691,0.0],[108.76809,29.6559,0.0],[108.76849,29.6551,0.0],[108.76839,29.65435,0.0],[108.76854,29.65354,0.0],[108.76869,29.65343,0.0],[108.76982,29.65446,0.0],[108.77011,29.65481,0.0],[108.77048,29.65497,0.0],[108.77116,29.65494,0.0],[108.77179,29.65466,0.0],[108.77235,29.6547,0.0],[108.77344,29.65536,0.0],[108.77379,29.65531,0.0],[108.77459,29.65499,0.0],[108.77509,29.65442,0.0],[108.77578,29.65359,0.0],[108.77659,29.65311,0.0],[108.7786,29.65448,0.0],[108.77948,29.65612,0.0],[108.77992,29.65675,0.0],[108.78158,29.65767,0.0],[108.78132,29.65853,0.0],[108.78019,29.65936,0.0],[108.77775,29.66009,0.0],[108.77513,29.66012,0.0],[108.77346,29.65893,0.0],[108.77237,29.65914,0.0],[108.7718,29.65947,0.0],[108.77098,29.66026,0.0],[108.7701,29.66121,0.0],[108.76991,29.66188,0.0],[108.77006,29.66258,0.0],[108.76989,29.66303,0.0],[108.76988,29.66389,0.0],[108.77025,29.66468,0.0],[108.77025,29.66522,0.0],[108.76968,29.66669,0.0],[108.7704,29.66725,0.0],[108.771,29.66806,0.0],[108.77106,29.66924,0.0],[108.77116,29.66975,0.0],[108.77187,29.67075,0.0],[108.77305,29.67195,0.0],[108.7734,29.67273,0.0],[108.77329,29.67351,0.0],[108.77237,29.675,0.0],[108.7722,29.67561,0.0],[108.77226,29.67602,0.0],[108.77248,29.67657,0.0],[108.77247,29.67749,0.0],[108.77198,29.67808,0.0],[108.77081,29.67845,0.0],[108.77029,29.6788,0.0],[108.77009,29.67916,0.0],[108.76973,29.68023,0.0],[108.76708,29.68247,0.0],[108.76562,29.68418,0.0],[108.76434,29.68493,0.0],[108.76272,29.68607,0.0],[108.76176,29.68619,0.0],[108.76137,29.68614,0.0],[108.76014,29.68547,0.0],[108.75947,29.68527,0.0],[108.75858,29.68529,0.0],[108.75814,29.68532,0.0],[108.75765,29.68485,0.0],[108.75703,29.68383,0.0],[108.75631,29.68175,0.0],[108.75626,29.6812,0.0],[108.75612,29.68075,0.0],[108.75598,29.68041,0.0],[108.75482,29.68024,0.0],[108.75401,29.68113,0.0],[108.75127,29.68387,0.0],[108.75028,29.6855,0.0],[108.7505,29.68713,0.0],[108.75019,29.68738,0.0],[108.74971,29.6876,0.0],[108.74963,29.68788,0.0],[108.75005,29.68861,0.0],[108.7499,29.68898,0.0],[108.74864,29.69006,0.0],[108.74904,29.69124,0.0],[108.74887,29.69175,0.0],[108.74917,29.69187,0.0],[108.74955,29.69199,0.0],[108.74975,29.69267,0.0],[108.74992,29.69284,0.0],[108.75093,29.69296,0.0],[108.75159,29.69347,0.0],[108.75345,29.69445,0.0],[108.75454,29.69472,0.0],[108.75593,29.69543,0.0],[108.757,29.69546,0.0],[108.75869,29.69536,0.0],[108.76081,29.69534,0.0],[108.76405,29.69664,0.0],[108.76534,29.69701,0.0],[108.76728,29.69705,0.0],[108.7687,29.69672,0.0],[108.76973,29.69676,0.0],[108.77218,29.69734,0.0],[108.77315,29.69712,0.0],[108.77517,29.69638,0.0],[108.77892,29.69515,0.0],[108.78109,29.69486,0.0],[108.78318,29.69421,0.0],[108.78376,29.69336,0.0],[108.78478,29.69196,0.0],[108.78417,29.68992,0.0],[108.78379,29.68822,0.0],[108.78323,29.68686,0.0],[108.78192,29.68522,0.0],[108.78224,29.68343,0.0],[108.78218,29.68129,0.0],[108.78006,29.678,0.0],[108.78008,29.67733,0.0],[108.78083,29.67687,0.0],[108.7834,29.67664,0.0],[108.78458,29.67621,0.0],[108.78675,29.675,0.0],[108.78748,29.67482,0.0],[108.78793,29.67487,0.0],[108.7887,29.67476,0.0],[108.7899,29.67553,0.0],[108.79048,29.67545,0.0],[108.79085,29.67478,0.0],[108.79074,29.67269,0.0],[108.79121,29.67129,0.0],[108.79203,29.66898,0.0],[108.79214,29.66799,0.0],[108.79263,29.66686,0.0],[108.79314,29.66572,0.0],[108.79398,29.66436,0.0],[108.79351,29.66344,0.0],[108.79207,29.66205,0.0],[108.79081,29.65921,0.0],[108.79057,29.65763,0.0],[108.78943,29.65617,0.0],[108.78887,29.65576,0.0],[108.78844,29.65483,0.0],[108.78831,29.65366,0.0],[108.7885,29.65236,0.0],[108.78842,29.65113,0.0],[108.78806,29.65028,0.0],[108.78755,29.64973,0.0],[108.78703,29.64959,0.0],[108.7866,29.64961,0.0],[108.78537,29.65028,0.0],[108.78451,29.65155,0.0],[108.78392,29.65252,0.0],[108.78325,29.65326,0.0],[108.78218,29.65395,0.0],[108.78171,29.65387,0.0],[108.7815,29.65363,0.0],[108.77962,29.65151,0.0],[108.77907,29.65063,0.0],[108.77827,29.64927,0.0],[108.77538,29.64799,0.0],[108.77407,29.64774,0.0],[108.77482,29.64612,0.0],[108.77518,29.64526,0.0],[108.77572,29.6433,0.0],[108.77606,29.64256,0.0],[108.77671,29.64233,0.0],[108.77757,29.64219,0.0],[108.77825,29.64215,0.0],[108.77862,29.64187,0.0],[108.7787,29.64135,0.0],[108.77819,29.64077,0.0],[108.77765,29.64019,0.0],[108.77722,29.63928,0.0],[108.77709,29.63841,0.0],[108.77705,29.63758,0.0],[108.77767,29.63667,0.0],[108.77857,29.63631,0.0],[108.77952,29.63637,0.0],[108.78117,29.63713,0.0],[108.78364,29.63739,0.0],[108.78452,29.63791,0.0],[108.78514,29.63797,0.0],[108.78574,29.63844,0.0],[108.78613,29.63849,0.0],[108.78651,29.63799,0.0],[108.78731,29.63681,0.0],[108.78799,29.63685,0.0],[108.78887,29.63745,0.0],[108.79008,29.6378,0.0],[108.79203,29.63916,0.0],[108.79366,29.63926,0.0],[108.7946,29.63894,0.0],[108.79555,29.63851,0.0],[108.79606,29.63868,0.0],[108.79707,29.63985,0.0],[108.79825,29.64181,0.0],[108.79892,29.6436,0.0],[108.79898,29.64424,0.0],[108.79945,29.64454,0.0],[108.80003,29.64457,0.0],[108.80068,29.64396,0.0],[108.80192,29.6417,0.0],[108.80389,29.64109,0.0],[108.80447,29.6406,0.0],[108.80477,29.6398,0.0],[108.805,29.63771,0.0],[108.80507,29.6369,0.0],[108.80535,29.63603,0.0],[108.80603,29.63524,0.0],[108.8079,29.63485,0.0],[108.80904,29.63467,0.0],[108.81132,29.63387,0.0],[108.81374,29.63394,0.0],[108.81439,29.63407,0.0],[108.81581,29.63462,0.0],[108.81626,29.63444,0.0],[108.81651,29.63417,0.0],[108.81685,29.63399,0.0],[108.81708,29.63406,0.0],[108.8171,29.63516,0.0],[108.81716,29.6356,0.0],[108.81745,29.63645,0.0],[108.8175,29.63682,0.0],[108.81728,29.63718,0.0],[108.81699,29.63727,0.0],[108.81593,29.63667,0.0],[108.81429,29.63616,0.0],[108.81381,29.63622,0.0],[108.8133,29.63649,0.0],[108.81321,29.63696,0.0],[108.81324,29.63763,0.0],[108.81189,29.63748,0.0],[108.81146,29.63794,0.0],[108.81184,29.63853,0.0],[108.81334,29.64071,0.0],[108.81366,29.64166,0.0],[108.81375,29.64301,0.0],[108.8132,29.64404,0.0],[108.8119,29.64563,0.0],[108.81187,29.64641,0.0],[108.81274,29.64928,0.0],[108.81352,29.65072,0.0],[108.81374,29.65213,0.0],[108.81426,29.65308,0.0],[108.81482,29.65338,0.0],[108.81714,29.65324,0.0],[108.81756,29.65347,0.0],[108.81777,29.65414,0.0],[108.81736,29.65712,0.0],[108.81751,29.65745,0.0],[108.818,29.65748,0.0],[108.81838,29.65703,0.0],[108.8194,29.65623,0.0],[108.81961,29.65627,0.0],[108.8199,29.65641,0.0],[108.82096,29.65835,0.0],[108.82147,29.65966,0.0],[108.82153,29.6615,0.0],[108.8208,29.66374,0.0],[108.82104,29.66424,0.0],[108.8228,29.66665,0.0],[108.82349,29.66915,0.0],[108.82389,29.66988,0.0],[108.82462,29.67064,0.0],[108.82454,29.67161,0.0],[108.82368,29.67301,0.0],[108.82325,29.67402,0.0],[108.82336,29.67439,0.0],[108.82398,29.67457,0.0],[108.82467,29.6745,0.0],[108.82836,29.6723,0.0],[108.8299,29.67189,0.0],[108.83185,29.67152,0.0],[108.83203,29.6712,0.0],[108.83153,29.67038,0.0],[108.83027,29.66911,0.0],[108.83007,29.66852,0.0],[108.83016,29.66809,0.0],[108.8296,29.66695,0.0],[108.82934,29.66572,0.0],[108.82737,29.66413,0.0],[108.82692,29.66333,0.0],[108.82655,29.66193,0.0],[108.82529,29.66029,0.0],[108.82452,29.65951,0.0],[108.82391,29.6591,0.0],[108.82374,29.6585,0.0],[108.82331,29.65794,0.0],[108.82258,29.65632,0.0],[108.82297,29.65533,0.0],[108.82449,29.65459,0.0],[108.8257,29.65352,0.0],[108.82919,29.65412,0.0],[108.83188,29.65457,0.0],[108.83379,29.65552,0.0],[108.83537,29.65578,0.0],[108.83615,29.65632,0.0],[108.83703,29.658,0.0],[108.8376,29.65839,0.0],[108.839,29.65843,0.0],[108.83945,29.65897,0.0],[108.84003,29.65949,0.0],[108.83986,29.66005,0.0],[108.8393,29.66011,0.0],[108.83921,29.66024,0.0],[108.83932,29.66052,0.0],[108.83993,29.66092,0.0],[108.84091,29.66158,0.0],[108.84151,29.66164,0.0],[108.84198,29.66124,0.0],[108.84241,29.6604,0.0],[108.84312,29.66003,0.0],[108.84346,29.65951,0.0],[108.84366,29.65828,0.0],[108.8446,29.6572,0.0],[108.84503,29.65567,0.0],[108.84503,29.6544,0.0],[108.84494,29.65287,0.0],[108.84516,29.65015,0.0],[108.84533,29.64957,0.0],[108.84584,29.64895,0.0],[108.84756,29.64858,0.0],[108.84778,29.64802,0.0],[108.84778,29.64599,0.0],[108.84968,29.64083,0.0],[108.85016,29.63972,0.0],[108.85155,29.63887,0.0],[108.85267,29.63937,0.0],[108.85398,29.6397,0.0],[108.85486,29.6403,0.0],[108.8555,29.64112,0.0],[108.85586,29.64123,0.0],[108.85617,29.64073,0.0],[108.85632,29.63984,0.0],[108.85606,29.63862,0.0],[108.85638,29.63812,0.0],[108.857,29.63799,0.0],[108.85786,29.6381,0.0],[108.85938,29.63916,0.0],[108.86338,29.64319,0.0],[108.86548,29.6444,0.0],[108.8688,29.64534,0.0],[108.87119,29.64526,0.0],[108.87155,29.64491,0.0],[108.87142,29.64401,0.0],[108.8717,29.64332,0.0],[108.87239,29.64228,0.0],[108.87277,29.64161,0.0],[108.87299,29.64064,0.0],[108.87325,29.64036,0.0],[108.8737,29.64026,0.0],[108.87475,29.64043,0.0],[108.87526,29.64026,0.0],[108.87558,29.63991,0.0],[108.87604,29.63907,0.0],[108.87687,29.63875,0.0],[108.87758,29.6387,0.0],[108.87803,29.63771,0.0],[108.87919,29.63698,0.0],[108.87981,29.63599,0.0],[108.88043,29.63607,0.0],[108.88157,29.63717,0.0],[108.88187,29.6373,0.0],[108.88202,29.63722,0.0],[108.88228,29.63665,0.0],[108.88228,29.63577,0.0],[108.88273,29.63525,0.0],[108.88301,29.63446,0.0],[108.88273,29.63357,0.0],[108.88286,29.63299,0.0],[108.88329,29.63239,0.0],[108.88425,29.63185,0.0],[108.88415,29.63064,0.0],[108.88122,29.62347,0.0],[108.8691,29.60607,0.0],[108.86451,29.60376,0.0],[108.86378,29.60169,0.0],[108.86428,29.60051,0.0],[108.86662,29.59895,0.0],[108.87752,29.59447,0.0],[108.87902,29.59201,0.0],[108.88031,29.59111,0.0],[108.88219,29.5912,0.0],[108.88494,29.59671,0.0],[108.88728,29.59689,0.0],[108.89076,29.59732,0.0],[108.89462,29.59967,0.0],[108.89485,29.60053,0.0],[108.89344,29.6007,0.0],[108.89112,29.60331,0.0],[108.89342,29.60382,0.0],[108.89603,29.60512,0.0],[108.89766,29.60365,0.0],[108.89719,29.60236,0.0],[108.89724,29.60085,0.0],[108.90236,29.59794,0.0],[108.90481,29.59734,0.0],[108.90505,29.59635,0.0],[108.90447,29.59581,0.0],[108.89606,29.58831,0.0],[108.89552,29.58704,0.0],[108.89623,29.58536,0.0],[108.90191,29.58012,0.0],[108.90228,29.58096,0.0],[108.90316,29.58249,0.0],[108.90466,29.5837,0.0],[108.90535,29.5829,0.0],[108.90509,29.5812,0.0],[108.90524,29.58006,0.0],[108.90773,29.57894,0.0],[108.90919,29.57678,0.0],[108.90764,29.5745,0.0],[108.90202,29.57099,0.0],[108.89704,29.56517,0.0],[108.88222,29.5557,0.0],[108.87347,29.54204,0.0],[108.87566,29.5382,0.0],[108.88334,29.53322,0.0],[108.8839,29.52739,0.0],[108.88241,29.52149,0.0],[108.88412,29.51443,0.0],[108.88451,29.50633,0.0],[108.88334,29.5026,0.0],[108.88082,29.49983,0.0],[108.8758,29.49688,0.0],[108.87421,29.49452,0.0],[108.87558,29.49378,0.0],[108.87503,29.49262,0.0],[108.87398,29.4919,0.0],[108.86756,29.49178,0.0],[108.86351,29.48132,0.0],[108.86226,29.47502,0.0],[108.86232,29.4745,0.0],[108.8625,29.47355,0.0],[108.86507,29.47173,0.0],[108.86631,29.47043,0.0],[108.86958,29.46568,0.0],[108.86947,29.46415,0.0],[108.86893,29.4635,0.0],[108.86707,29.4631,0.0],[108.8682,29.45585,0.0],[108.86928,29.45245,0.0],[108.87292,29.45144,0.0],[108.87516,29.44703,0.0],[108.8779,29.44472,0.0],[108.88258,29.44337,0.0],[108.89465,29.44448,0.0],[108.90401,29.43949,0.0],[108.917,29.43949,0.0],[108.92426,29.43779,0.0],[108.92601,29.43631,0.0],[108.92859,29.43414,0.0],[108.93438,29.42212,0.0],[108.93487,29.41735,0.0],[108.93948,29.41382,0.0],[108.9297,29.40177,0.0],[108.9312,29.39795,0.0],[108.93086,29.39582,0.0],[108.9288,29.3944,0.0],[108.93052,29.39227,0.0],[108.92957,29.38693,0.0],[108.92655,29.38394,0.0],[108.92635,29.37282,0.0],[108.92216,29.36624,0.0],[108.92384,29.35346,0.0],[108.91993,29.35334,0.0],[108.91854,29.34709,0.0],[108.91236,29.33654,0.0],[108.91425,29.33086,0.0],[108.91593,29.32925,0.0],[108.91284,29.32702,0.0],[108.91125,29.3242,0.0],[108.90979,29.3209,0.0],[108.90502,29.31615,0.0],[108.90485,29.31518,0.0],[108.9055,29.31383,0.0],[108.90464,29.31151,0.0],[108.90472,29.30942,0.0],[108.90357,29.30616,0.0],[108.90249,29.30489,0.0],[108.90095,29.30204,0.0],[108.9006,29.30174,0.0],[108.8994,29.29965,0.0],[108.89957,29.29875,0.0],[108.89992,29.29845,0.0],[108.90009,29.298,0.0],[108.90069,29.29748,0.0],[108.90155,29.29748,0.0],[108.90172,29.29733,0.0],[108.90532,29.29733,0.0],[108.9055,29.29718,0.0],[108.90653,29.29703,0.0],[108.9067,29.29688,0.0],[108.90721,29.29688,0.0],[108.90738,29.29673,0.0],[108.90979,29.29658,0.0],[108.90996,29.29643,0.0],[108.91082,29.29643,0.0],[108.91099,29.29628,0.0],[108.9115,29.29628,0.0],[108.91185,29.29613,0.0],[108.91245,29.29561,0.0],[108.91262,29.29501,0.0],[108.91296,29.29456,0.0],[108.91296,29.29426,0.0],[108.91314,29.29411,0.0],[108.91314,29.29381,0.0],[108.91331,29.29366,0.0],[108.91348,29.29246,0.0],[108.91365,29.29231,0.0],[108.91365,29.29171,0.0],[108.91382,29.29156,0.0],[108.91399,29.28902,0.0],[108.91417,29.28887,0.0],[108.91417,29.28812,0.0],[108.91434,29.28797,0.0],[108.91434,29.28752,0.0],[108.91451,29.28722,0.0],[108.91562,29.28625,0.0],[108.9158,29.28625,0.0],[108.91631,29.2858,0.0],[108.91648,29.2858,0.0],[108.9182,29.2846,0.0],[108.91957,29.284,0.0],[108.92043,29.28385,0.0],[108.9206,29.2837,0.0],[108.92112,29.2837,0.0],[108.92129,29.28355,0.0],[108.92198,29.28355,0.0],[108.92215,29.2834,0.0],[108.92283,29.28325,0.0],[108.92575,29.28146,0.0],[108.92592,29.28146,0.0],[108.92781,29.28011,0.0],[108.93004,29.27921,0.0],[108.93039,29.27891,0.0],[108.9309,29.27876,0.0],[108.93228,29.27786,0.0],[108.93245,29.27786,0.0],[108.93296,29.27742,0.0],[108.93468,29.27667,0.0],[108.93554,29.27652,0.0],[108.93605,29.27622,0.0],[108.93743,29.27592,0.0],[108.9376,29.27577,0.0],[108.93811,29.27577,0.0],[108.93828,29.27562,0.0],[108.93966,29.27562,0.0],[108.93983,29.27547,0.0],[108.94206,29.27547,0.0],[108.94275,29.27502,0.0],[108.94292,29.27502,0.0],[108.94352,29.2745,0.0],[108.94369,29.2739,0.0],[108.94386,29.27375,0.0],[108.94386,29.2733,0.0],[108.94403,29.27315,0.0],[108.94403,29.2709,0.0],[108.94386,29.27075,0.0],[108.94386,29.26925,0.0],[108.94369,29.2691,0.0],[108.94369,29.26866,0.0],[108.94352,29.26851,0.0],[108.94352,29.26821,0.0],[108.94318,29.26776,0.0],[108.94318,29.26746,0.0],[108.94283,29.26686,0.0],[108.94215,29.26611,0.0],[108.93991,29.26207,0.0],[108.93906,29.26102,0.0],[108.93888,29.26057,0.0],[108.93854,29.26027,0.0],[108.93837,29.25982,0.0],[108.93768,29.25922,0.0],[108.937,29.25817,0.0],[108.93665,29.25787,0.0],[108.93665,29.25757,0.0],[108.93562,29.25638,0.0],[108.93494,29.25518,0.0],[108.93459,29.25488,0.0],[108.93442,29.25443,0.0],[108.93236,29.25188,0.0],[108.9315,29.25038,0.0],[108.92979,29.24874,0.0],[108.9291,29.24769,0.0],[108.92876,29.24739,0.0],[108.92876,29.24724,0.0],[108.92756,29.24604,0.0],[108.92738,29.24559,0.0],[108.92601,29.24394,0.0],[108.92601,29.24379,0.0],[108.92481,29.2426,0.0],[108.92395,29.2411,0.0],[108.92103,29.2384,0.0],[108.92103,29.23825,0.0],[108.92035,29.23765,0.0],[108.92035,29.2375,0.0],[108.91914,29.23645,0.0],[108.9188,29.23586,0.0],[108.91794,29.23496,0.0],[108.91794,29.23481,0.0],[108.91623,29.23316,0.0],[108.91623,29.23271,0.0],[108.91605,29.23256,0.0],[108.91605,29.23166,0.0],[108.91588,29.23151,0.0],[108.91588,29.23016,0.0],[108.91571,29.23001,0.0],[108.91571,29.22896,0.0],[108.91554,29.22882,0.0],[108.91554,29.22807,0.0],[108.91537,29.22792,0.0],[108.9152,29.22687,0.0],[108.91485,29.22627,0.0],[108.91485,29.22582,0.0],[108.91468,29.22567,0.0],[108.91468,29.22522,0.0],[108.91434,29.22462,0.0],[108.91434,29.22432,0.0],[108.91348,29.22327,0.0],[108.91314,29.22252,0.0],[108.91279,29.22222,0.0],[108.91211,29.22088,0.0],[108.91176,29.22058,0.0],[108.91159,29.21998,0.0],[108.91125,29.21953,0.0],[108.91125,29.21923,0.0],[108.9109,29.21893,0.0],[108.91073,29.21848,0.0],[108.91013,29.21795,0.0],[108.90962,29.2178,0.0],[108.90927,29.2175,0.0],[108.90893,29.2175,0.0],[108.90841,29.2172,0.0],[108.90807,29.2172,0.0],[108.90756,29.2169,0.0],[108.90618,29.21661,0.0],[108.90601,29.21646,0.0],[108.90567,29.21646,0.0],[108.9043,29.21586,0.0],[108.90352,29.21586,0.0],[108.90309,29.21563,0.0],[108.90035,29.21503,0.0],[108.9,29.21473,0.0],[108.89794,29.21443,0.0],[108.89691,29.21383,0.0],[108.89623,29.21383,0.0],[108.89485,29.21293,0.0],[108.89176,29.21174,0.0],[108.89125,29.21129,0.0],[108.89091,29.21009,0.0],[108.89056,29.20979,0.0],[108.89022,29.20799,0.0],[108.88988,29.20769,0.0],[108.88988,29.20709,0.0],[108.88953,29.20679,0.0],[108.88953,29.20619,0.0],[108.88919,29.20589,0.0],[108.88919,29.20529,0.0],[108.8885,29.20439,0.0],[108.8885,29.2035,0.0],[108.88644,29.2002,0.0],[108.88644,29.1996,0.0],[108.88576,29.1987,0.0],[108.88576,29.1981,0.0],[108.88473,29.1963,0.0],[108.88473,29.1957,0.0],[108.88232,29.19151,0.0],[108.88232,29.19091,0.0],[108.87992,29.18701,0.0],[108.87992,29.18641,0.0],[108.87923,29.18551,0.0],[108.87923,29.18491,0.0],[108.8782,29.18341,0.0],[108.8782,29.18281,0.0],[108.87717,29.18102,0.0],[108.87649,29.18042,0.0],[108.87614,29.17952,0.0],[108.87443,29.17772,0.0],[108.87374,29.17652,0.0],[108.8734,29.17502,0.0],[108.87237,29.17352,0.0],[108.87237,29.17292,0.0],[108.87134,29.17142,0.0],[108.87099,29.17022,0.0],[108.8679,29.16693,0.0],[108.8679,29.16483,0.0],[108.86722,29.16363,0.0],[108.86447,29.16063,0.0],[108.86378,29.15943,0.0],[108.86138,29.15733,0.0],[108.86138,29.15703,0.0],[108.86069,29.15643,0.0],[108.86035,29.15523,0.0],[108.85898,29.15314,0.0],[108.85898,29.15224,0.0],[108.85829,29.15104,0.0],[108.85829,29.15014,0.0],[108.85795,29.14984,0.0],[108.85795,29.14804,0.0],[108.85829,29.14774,0.0],[108.85829,29.14654,0.0],[108.85623,29.14474,0.0],[108.85623,29.14414,0.0],[108.85589,29.14384,0.0],[108.85589,29.14264,0.0],[108.85451,29.14114,0.0],[108.85348,29.13874,0.0],[108.85177,29.13724,0.0],[108.85177,29.13694,0.0],[108.85005,29.13514,0.0],[108.85005,29.13484,0.0],[108.84971,29.13454,0.0],[108.84971,29.13394,0.0],[108.85039,29.13305,0.0],[108.85039,29.13185,0.0],[108.85074,29.13155,0.0],[108.85074,29.13095,0.0],[108.85039,29.13065,0.0],[108.85005,29.12945,0.0],[108.84868,29.12795,0.0],[108.84868,29.12675,0.0],[108.84954,29.1257,0.0],[108.85022,29.1257,0.0],[108.85108,29.12495,0.0],[108.85005,29.12345,0.0],[108.84971,29.12195,0.0],[108.84936,29.12165,0.0],[108.84936,29.12075,0.0],[108.84902,29.12045,0.0],[108.84902,29.11955,0.0],[108.84868,29.11925,0.0],[108.84868,29.11715,0.0],[108.84833,29.11685,0.0],[108.84833,29.11535,0.0],[108.84765,29.11445,0.0],[108.84696,29.11205,0.0],[108.84627,29.11115,0.0],[108.84593,29.10995,0.0],[108.84404,29.108,0.0],[108.84027,29.108,0.0],[108.83958,29.1086,0.0],[108.83821,29.1089,0.0],[108.83752,29.1095,0.0],[108.83615,29.1101,0.0],[108.83443,29.1098,0.0],[108.83409,29.1095,0.0],[108.83306,29.1095,0.0],[108.83254,29.10995,0.0],[108.83254,29.11115,0.0],[108.83357,29.11295,0.0],[108.83357,29.11355,0.0],[108.83237,29.1146,0.0],[108.831,29.1146,0.0],[108.82894,29.1137,0.0],[108.82842,29.11415,0.0],[108.82842,29.11685,0.0],[108.82876,29.11715,0.0],[108.82876,29.11925,0.0],[108.82842,29.11955,0.0],[108.82842,29.12045,0.0],[108.82688,29.1215,0.0],[108.8255,29.1218,0.0],[108.82447,29.1224,0.0],[108.82379,29.1224,0.0],[108.82276,29.123,0.0],[108.82001,29.1236,0.0],[108.81726,29.1248,0.0],[108.81349,29.1248,0.0],[108.81211,29.1242,0.0],[108.8104,29.1242,0.0],[108.80851,29.12525,0.0],[108.80782,29.12705,0.0],[108.80645,29.12825,0.0],[108.80576,29.12975,0.0],[108.80422,29.1311,0.0],[108.80284,29.1317,0.0],[108.80216,29.1323,0.0],[108.80147,29.1323,0.0],[108.80113,29.1326,0.0],[108.7946,29.1326,0.0],[108.79426,29.1323,0.0],[108.79289,29.1323,0.0],[108.79151,29.1317,0.0],[108.78997,29.13035,0.0],[108.78963,29.12945,0.0],[108.78877,29.1287,0.0],[108.78636,29.1287,0.0],[108.78362,29.1275,0.0],[108.78293,29.1275,0.0],[108.7819,29.1269,0.0],[108.78121,29.1269,0.0],[108.78087,29.1266,0.0],[108.77812,29.1269,0.0],[108.77744,29.1272,0.0],[108.77606,29.1284,0.0],[108.77538,29.1284,0.0],[108.77503,29.1287,0.0],[108.77297,29.1287,0.0],[108.77263,29.12862,0.0],[108.77194,29.12877,0.0],[108.77151,29.1284,0.0],[108.77151,29.1242,0.0],[108.77169,29.12405,0.0],[108.77169,29.1212,0.0],[108.77151,29.12105,0.0],[108.77151,29.12,0.0],[108.77134,29.11985,0.0],[108.77117,29.11805,0.0],[108.771,29.1179,0.0],[108.771,29.11685,0.0],[108.77083,29.1167,0.0],[108.77083,29.1143,0.0],[108.77031,29.1134,0.0],[108.77031,29.1131,0.0],[108.76997,29.11265,0.0],[108.76997,29.11235,0.0],[108.7698,29.1122,0.0],[108.7698,29.11175,0.0],[108.76963,29.1116,0.0],[108.76963,29.11085,0.0],[108.76945,29.1107,0.0],[108.76945,29.1101,0.0],[108.76928,29.10995,0.0],[108.76928,29.1092,0.0],[108.76911,29.10905,0.0],[108.76911,29.108,0.0],[108.76894,29.10785,0.0],[108.76894,29.1059,0.0],[108.76851,29.10553,0.0],[108.76765,29.10613,0.0],[108.76714,29.10613,0.0],[108.76628,29.10553,0.0],[108.76611,29.10553,0.0],[108.76559,29.10508,0.0],[108.76491,29.10508,0.0],[108.7637,29.10628,0.0],[108.76336,29.10643,0.0],[108.76199,29.10628,0.0],[108.76173,29.1065,0.0],[108.76173,29.1068,0.0],[108.76156,29.10695,0.0],[108.76156,29.10838,0.0],[108.76147,29.10845,0.0],[108.76147,29.10913,0.0],[108.76139,29.1092,0.0],[108.76139,29.10995,0.0],[108.76087,29.11055,0.0],[108.76079,29.11093,0.0],[108.75941,29.11153,0.0],[108.75787,29.11168,0.0],[108.7577,29.11183,0.0],[108.75684,29.11183,0.0],[108.75667,29.11198,0.0],[108.75598,29.11198,0.0],[108.75581,29.11213,0.0],[108.75495,29.11213,0.0],[108.75478,29.11228,0.0],[108.75409,29.11228,0.0],[108.75392,29.11243,0.0],[108.75289,29.11243,0.0],[108.7522,29.11213,0.0],[108.75074,29.111,0.0],[108.75074,29.11085,0.0],[108.75023,29.1104,0.0],[108.75023,29.10995,0.0],[108.75006,29.1098,0.0],[108.75006,29.1086,0.0],[108.7498,29.10838,0.0],[108.74963,29.10838,0.0],[108.74903,29.1089,0.0],[108.74834,29.1101,0.0],[108.74817,29.1113,0.0],[108.748,29.1116,0.0],[108.74757,29.11198,0.0],[108.74619,29.11243,0.0],[108.74585,29.11273,0.0],[108.74534,29.11273,0.0],[108.74508,29.1125,0.0],[108.74508,29.1122,0.0],[108.74491,29.11205,0.0],[108.74491,29.1098,0.0],[108.74508,29.10965,0.0],[108.74508,29.1089,0.0],[108.74525,29.10875,0.0],[108.74525,29.10815,0.0],[108.74542,29.108,0.0],[108.74542,29.10725,0.0],[108.74559,29.1071,0.0],[108.74559,29.10665,0.0],[108.74594,29.10605,0.0],[108.74594,29.10575,0.0],[108.74611,29.1056,0.0],[108.74611,29.1053,0.0],[108.7468,29.10455,0.0],[108.7468,29.10245,0.0],[108.74662,29.1023,0.0],[108.74662,29.1014,0.0],[108.74594,29.10035,0.0],[108.74577,29.099,0.0],[108.74551,29.09878,0.0],[108.74482,29.09878,0.0],[108.74276,29.10058,0.0],[108.74259,29.10058,0.0],[108.7419,29.10103,0.0],[108.74122,29.10103,0.0],[108.74104,29.10118,0.0],[108.7407,29.10118,0.0],[108.74053,29.10103,0.0],[108.73984,29.10088,0.0],[108.7389,29.10005,0.0],[108.73856,29.09945,0.0],[108.73821,29.09915,0.0],[108.73821,29.0981,0.0],[108.73838,29.0978,0.0],[108.74019,29.09608,0.0],[108.7407,29.09593,0.0],[108.74104,29.09563,0.0],[108.7419,29.09548,0.0],[108.74207,29.09533,0.0],[108.74276,29.09533,0.0],[108.74293,29.09518,0.0],[108.74396,29.09518,0.0],[108.74422,29.09503,0.0],[108.74465,29.09503,0.0],[108.74508,29.09465,0.0],[108.74508,29.0939,0.0],[108.74448,29.09338,0.0],[108.7431,29.09278,0.0],[108.74285,29.09255,0.0],[108.74268,29.09195,0.0],[108.7425,29.0918,0.0],[108.7425,29.0915,0.0],[108.74233,29.09135,0.0],[108.74233,29.0906,0.0],[108.74216,29.09045,0.0],[108.74216,29.09015,0.0],[108.74199,29.08985,0.0],[108.74104,29.08903,0.0],[108.74036,29.08888,0.0],[108.74019,29.08873,0.0],[108.73933,29.08873,0.0],[108.73761,29.08948,0.0],[108.73727,29.08948,0.0],[108.73641,29.08993,0.0],[108.73607,29.08993,0.0],[108.73555,29.09023,0.0],[108.73521,29.09023,0.0],[108.73435,29.09068,0.0],[108.73332,29.09068,0.0],[108.73212,29.09008,0.0],[108.73143,29.09008,0.0],[108.73126,29.08993,0.0],[108.73023,29.08993,0.0],[108.7292,29.08918,0.0],[108.72903,29.08918,0.0],[108.72834,29.08858,0.0],[108.72817,29.08858,0.0],[108.72654,29.08715,0.0],[108.72654,29.087,0.0],[108.72568,29.0861,0.0],[108.72551,29.08565,0.0],[108.72517,29.08535,0.0],[108.72499,29.0849,0.0],[108.72465,29.0846,0.0],[108.72448,29.08415,0.0],[108.72371,29.08333,0.0],[108.72354,29.08333,0.0],[108.72302,29.08288,0.0],[108.72199,29.08288,0.0],[108.72165,29.08318,0.0],[108.72148,29.08318,0.0],[108.7201,29.08438,0.0],[108.71804,29.08528,0.0],[108.7177,29.08528,0.0],[108.71753,29.08543,0.0],[108.7153,29.08543,0.0],[108.71427,29.08588,0.0],[108.71255,29.08708,0.0],[108.71203,29.08723,0.0],[108.71169,29.08753,0.0],[108.71118,29.08768,0.0],[108.71083,29.08798,0.0],[108.7098,29.08843,0.0],[108.70946,29.08843,0.0],[108.70894,29.08873,0.0],[108.7086,29.08873,0.0],[108.70723,29.08978,0.0],[108.70706,29.08978,0.0],[108.70543,29.0912,0.0],[108.70525,29.09165,0.0],[108.70491,29.09195,0.0],[108.70474,29.0924,0.0],[108.70422,29.093,0.0],[108.70422,29.0933,0.0],[108.70371,29.0942,0.0],[108.70311,29.09473,0.0],[108.70122,29.09473,0.0],[108.70105,29.09488,0.0],[108.7007,29.09488,0.0],[108.69899,29.09563,0.0],[108.69847,29.09608,0.0],[108.6983,29.09608,0.0],[108.69667,29.0975,0.0],[108.6965,29.09825,0.0],[108.69633,29.0984,0.0],[108.69616,29.1002,0.0],[108.69598,29.10035,0.0],[108.69598,29.10125,0.0],[108.69581,29.1014,0.0],[108.69581,29.1023,0.0],[108.69564,29.10245,0.0],[108.69564,29.10305,0.0],[108.69547,29.1032,0.0],[108.6953,29.1044,0.0],[108.69461,29.10545,0.0],[108.69307,29.1071,0.0],[108.69307,29.10725,0.0],[108.69006,29.10958,0.0],[108.68731,29.11078,0.0],[108.68628,29.11093,0.0],[108.6856,29.11123,0.0],[108.68508,29.11123,0.0],[108.6844,29.11153,0.0],[108.68388,29.11153,0.0],[108.6832,29.11183,0.0],[108.68199,29.11198,0.0],[108.68105,29.1113,0.0],[108.68105,29.11115,0.0],[108.68002,29.11017,0.0],[108.68002,29.1101,0.0],[108.67908,29.10928,0.0],[108.6789,29.10928,0.0],[108.67839,29.10883,0.0],[108.6777,29.10853,0.0],[108.67719,29.10853,0.0],[108.6765,29.10823,0.0],[108.6741,29.10823,0.0],[108.67393,29.10838,0.0],[108.67307,29.10838,0.0],[108.6729,29.10853,0.0],[108.67238,29.10853,0.0],[108.67229,29.1086,0.0],[108.67169,29.10868,0.0],[108.67118,29.10898,0.0],[108.67032,29.10913,0.0],[108.6662,29.11093,0.0],[108.66569,29.11093,0.0],[108.66551,29.11108,0.0],[108.66311,29.11108,0.0],[108.66294,29.11093,0.0],[108.66225,29.11093,0.0],[108.66157,29.11048,0.0],[108.66105,29.11033,0.0],[108.66028,29.10965,0.0],[108.66011,29.10905,0.0],[108.65994,29.1089,0.0],[108.65994,29.1071,0.0],[108.66011,29.10695,0.0],[108.66011,29.10635,0.0],[108.66062,29.1056,0.0],[108.66062,29.1053,0.0],[108.66114,29.1047,0.0],[108.66148,29.10395,0.0],[108.66268,29.10275,0.0],[108.66302,29.10215,0.0],[108.66354,29.1017,0.0],[108.66388,29.1011,0.0],[108.6644,29.10065,0.0],[108.66474,29.10005,0.0],[108.6656,29.09915,0.0],[108.66611,29.09825,0.0],[108.66611,29.09795,0.0],[108.66629,29.0978,0.0],[108.66646,29.0966,0.0],[108.66629,29.09645,0.0],[108.66629,29.09615,0.0],[108.66534,29.09533,0.0],[108.66466,29.09503,0.0],[108.66242,29.09458,0.0],[108.66225,29.09443,0.0],[108.66088,29.09428,0.0],[108.65951,29.09368,0.0],[108.65899,29.09353,0.0],[108.65856,29.093,0.0],[108.65856,29.09195,0.0],[108.65959,29.09015,0.0],[108.65994,29.08985,0.0],[108.66028,29.0891,0.0],[108.66062,29.0888,0.0],[108.66114,29.0879,0.0],[108.66114,29.0876,0.0],[108.66182,29.08655,0.0],[108.66182,29.08625,0.0],[108.66217,29.0858,0.0],[108.66251,29.0846,0.0],[108.66302,29.0825,0.0],[108.6632,29.08235,0.0],[108.6632,29.07845,0.0],[108.66302,29.0783,0.0],[108.66302,29.078,0.0],[108.66217,29.07665,0.0],[108.66071,29.07538,0.0],[108.65951,29.07478,0.0],[108.65916,29.07478,0.0],[108.65899,29.07463,0.0],[108.65762,29.07463,0.0],[108.65719,29.075,0.0],[108.65667,29.07605,0.0],[108.65582,29.0771,0.0],[108.65564,29.07755,0.0],[108.65367,29.07943,0.0],[108.6523,29.08003,0.0],[108.65195,29.08033,0.0],[108.65109,29.08048,0.0],[108.65058,29.08078,0.0],[108.64972,29.08093,0.0],[108.64903,29.08123,0.0],[108.64869,29.08153,0.0],[108.64783,29.08183,0.0],[108.6468,29.08258,0.0],[108.64663,29.08258,0.0],[108.6456,29.08348,0.0],[108.64543,29.08348,0.0],[108.64406,29.08453,0.0],[108.64337,29.08468,0.0],[108.6432,29.08483,0.0],[108.64268,29.08483,0.0],[108.64251,29.08498,0.0],[108.64148,29.08483,0.0],[108.63839,29.08318,0.0],[108.63805,29.08318,0.0],[108.63685,29.08258,0.0],[108.63599,29.08243,0.0],[108.63547,29.08213,0.0],[108.63513,29.08213,0.0],[108.63341,29.08138,0.0],[108.63307,29.08108,0.0],[108.63255,29.08093,0.0],[108.63067,29.07973,0.0],[108.6305,29.07973,0.0],[108.62998,29.07928,0.0],[108.62981,29.07928,0.0],[108.62861,29.07823,0.0],[108.62844,29.07823,0.0],[108.62775,29.07763,0.0],[108.62758,29.07763,0.0],[108.62732,29.0774,0.0],[108.62732,29.07725,0.0],[108.6262,29.07628,0.0],[108.62517,29.07583,0.0],[108.6214,29.07598,0.0],[108.62123,29.07613,0.0],[108.62071,29.07613,0.0],[108.62054,29.07628,0.0],[108.61985,29.07628,0.0],[108.61968,29.07643,0.0],[108.61865,29.07643,0.0],[108.61822,29.0768,0.0],[108.61805,29.0774,0.0],[108.61788,29.07755,0.0],[108.61788,29.07875,0.0],[108.61805,29.0789,0.0],[108.61822,29.0798,0.0],[108.61839,29.07995,0.0],[108.61856,29.081,0.0],[108.61908,29.0819,0.0],[108.6208,29.0867,0.0],[108.6208,29.08715,0.0],[108.62097,29.0873,0.0],[108.62097,29.0882,0.0],[108.62114,29.08835,0.0],[108.62131,29.08925,0.0],[108.62148,29.0894,0.0],[108.62165,29.0903,0.0],[108.62183,29.09045,0.0],[108.62177,29.0918,0.0],[108.62165,29.0921,0.0],[108.6214,29.09233,0.0],[108.62037,29.09278,0.0],[108.62002,29.09278,0.0],[108.61934,29.09248,0.0],[108.61856,29.0918,0.0],[108.61805,29.0909,0.0],[108.61711,29.08993,0.0],[108.61676,29.08978,0.0],[108.61608,29.08978,0.0],[108.61573,29.08993,0.0],[108.6153,29.0903,0.0],[108.61462,29.09135,0.0],[108.61427,29.09165,0.0],[108.6141,29.0921,0.0],[108.61341,29.09285,0.0],[108.61273,29.09405,0.0],[108.61238,29.09435,0.0],[108.61221,29.0948,0.0],[108.61187,29.0951,0.0],[108.6117,29.0954,0.0],[108.61153,29.09585,0.0],[108.61118,29.09615,0.0],[108.61118,29.09623,0.0],[108.61084,29.0966,0.0],[108.61067,29.0972,0.0],[108.6105,29.09735,0.0],[108.6105,29.09765,0.0],[108.61015,29.0981,0.0],[108.61015,29.09885,0.0],[108.60998,29.099,0.0],[108.60998,29.1011,0.0],[108.61015,29.10125,0.0],[108.61015,29.10215,0.0],[108.61118,29.1038,0.0],[108.61118,29.10455,0.0],[108.61133,29.1048,0.0],[108.6113,29.1049,0.0],[108.61118,29.105,0.0],[108.61101,29.1059,0.0],[108.61015,29.10725,0.0],[108.61015,29.1083,0.0],[108.61032,29.10845,0.0],[108.61032,29.10905,0.0],[108.6105,29.1092,0.0],[108.6105,29.1095,0.0],[108.61187,29.111,0.0],[108.61256,29.11232,0.0],[108.61256,29.1125,0.0],[108.61273,29.11265,0.0],[108.61273,29.11325,0.0],[108.6123,29.11363,0.0],[108.61196,29.11363,0.0],[108.61161,29.11333,0.0],[108.61075,29.11318,0.0],[108.61058,29.11303,0.0],[108.61007,29.11303,0.0],[108.60938,29.11273,0.0],[108.60578,29.11258,0.0],[108.60234,29.11108,0.0],[108.60166,29.11093,0.0],[108.60088,29.1104,0.0],[108.60054,29.1098,0.0],[108.60054,29.1095,0.0],[108.60037,29.10935,0.0],[108.60037,29.10905,0.0],[108.6002,29.1089,0.0],[108.6002,29.10845,0.0],[108.59865,29.1071,0.0],[108.59865,29.10605,0.0],[108.59908,29.10568,0.0],[108.60251,29.10418,0.0],[108.6032,29.10403,0.0],[108.6038,29.1035,0.0],[108.6038,29.10185,0.0],[108.60363,29.1017,0.0],[108.60363,29.10125,0.0],[108.60329,29.10065,0.0],[108.60329,29.10035,0.0],[108.60226,29.09915,0.0],[108.60191,29.0981,0.0],[108.60088,29.09735,0.0],[108.60088,29.0972,0.0],[108.60037,29.0966,0.0],[108.59951,29.0951,0.0],[108.599,29.0945,0.0],[108.599,29.09405,0.0],[108.59839,29.09353,0.0],[108.59788,29.09338,0.0],[108.59762,29.09315,0.0],[108.59745,29.09285,0.0],[108.59745,29.0924,0.0],[108.59728,29.09225,0.0],[108.59728,29.0918,0.0],[108.59694,29.0912,0.0],[108.59694,29.0909,0.0],[108.59676,29.09075,0.0],[108.59676,29.09045,0.0],[108.59599,29.08948,0.0],[108.59565,29.08948,0.0],[108.59513,29.09008,0.0],[108.59393,29.09068,0.0],[108.59153,29.09278,0.0],[108.59136,29.09278,0.0],[108.59084,29.09323,0.0],[108.59067,29.09323,0.0],[108.59015,29.09368,0.0],[108.58895,29.09428,0.0],[108.58769,29.09518,0.0],[108.58758,29.09518,0.0],[108.58706,29.09563,0.0],[108.58638,29.09593,0.0],[108.58603,29.09623,0.0],[108.58552,29.09638,0.0],[108.58518,29.09668,0.0],[108.585,29.09668,0.0],[108.58466,29.09698,0.0],[108.58363,29.09743,0.0],[108.58337,29.09765,0.0],[108.58355,29.09825,0.0],[108.58389,29.0987,0.0],[108.58389,29.099,0.0],[108.58423,29.0993,0.0],[108.58509,29.1008,0.0],[108.58509,29.10125,0.0],[108.58543,29.10155,0.0],[108.58543,29.10185,0.0],[108.58612,29.10305,0.0],[108.58646,29.10335,0.0],[108.58664,29.1038,0.0],[108.58775,29.10478,0.0],[108.58827,29.10478,0.0],[108.58895,29.10508,0.0],[108.5893,29.10508,0.0],[108.58947,29.10523,0.0],[108.5905,29.10538,0.0],[108.59204,29.10613,0.0],[108.5935,29.1074,0.0],[108.5935,29.10755,0.0],[108.59419,29.10815,0.0],[108.59419,29.1083,0.0],[108.59488,29.1089,0.0],[108.59522,29.1095,0.0],[108.59522,29.10995,0.0],[108.59505,29.1101,0.0],[108.59488,29.1107,0.0],[108.5941,29.11153,0.0],[108.59376,29.11153,0.0],[108.59239,29.11213,0.0],[108.59161,29.11265,0.0],[108.59093,29.11385,0.0],[108.59093,29.1143,0.0],[108.59076,29.11445,0.0],[108.59076,29.1155,0.0],[108.59058,29.1158,0.0],[108.58912,29.11707,0.0],[108.58827,29.11722,0.0],[108.58809,29.11707,0.0],[108.58775,29.11707,0.0],[108.58586,29.11558,0.0],[108.58518,29.11558,0.0],[108.58449,29.11587,0.0],[108.58415,29.11587,0.0],[108.58397,29.11603,0.0],[108.58363,29.11603,0.0],[108.58346,29.11617,0.0],[108.58312,29.11617,0.0],[108.58252,29.11662,0.0],[108.58243,29.11662,0.0],[108.5822,29.11687,0.0],[108.58183,29.11715,0.0],[108.58183,29.11726,0.0],[108.5808,29.11835,0.0],[108.58011,29.1194,0.0],[108.57977,29.1197,0.0],[108.57977,29.11985,0.0],[108.57943,29.12015,0.0],[108.57943,29.1203,0.0],[108.57882,29.12082,0.0],[108.57848,29.12097,0.0],[108.57762,29.12097,0.0],[108.57745,29.12082,0.0],[108.57732,29.12084,0.0],[108.57659,29.12052,0.0],[108.57625,29.12052,0.0],[108.57599,29.12075,0.0],[108.57599,29.1224,0.0],[108.57582,29.12255,0.0],[108.57582,29.1233,0.0],[108.57565,29.12345,0.0],[108.57565,29.12525,0.0],[108.57599,29.12555,0.0],[108.57616,29.126,0.0],[108.57685,29.12675,0.0],[108.57685,29.1269,0.0],[108.57719,29.12735,0.0],[108.57719,29.12795,0.0],[108.57659,29.12862,0.0],[108.57625,29.12877,0.0],[108.57574,29.12877,0.0],[108.57368,29.12787,0.0],[108.57196,29.12787,0.0],[108.57179,29.12772,0.0],[108.57144,29.12772,0.0],[108.57024,29.12712,0.0],[108.56853,29.12577,0.0],[108.56818,29.12577,0.0],[108.56724,29.12705,0.0],[108.56707,29.1281,0.0],[108.56655,29.1299,0.0],[108.56621,29.1305,0.0],[108.56569,29.13215,0.0],[108.56535,29.1326,0.0],[108.56449,29.13409,0.0],[108.56363,29.13529,0.0],[108.56363,29.13544,0.0],[108.56071,29.13844,0.0],[108.55968,29.14024,0.0],[108.55968,29.14054,0.0],[108.55934,29.14114,0.0],[108.55857,29.14167,0.0],[108.55805,29.14167,0.0],[108.55702,29.14077,0.0],[108.55685,29.14077,0.0],[108.55651,29.14092,0.0],[108.554,29.14283,0.0],[108.55501,29.14395,0.0],[108.55707,29.14395,0.0],[108.55741,29.1441,0.0],[108.55818,29.14478,0.0],[108.5587,29.14568,0.0],[108.5587,29.14718,0.0],[108.55887,29.14733,0.0],[108.55887,29.14823,0.0],[108.5587,29.14838,0.0],[108.5587,29.14988,0.0],[108.55896,29.1501,0.0],[108.5593,29.1501,0.0],[108.55947,29.14995,0.0],[108.5617,29.14995,0.0],[108.56308,29.15055,0.0],[108.56342,29.15085,0.0],[108.56428,29.15115,0.0],[108.56539,29.15212,0.0],[108.56591,29.15302,0.0],[108.56591,29.15332,0.0],[108.56625,29.15377,0.0],[108.56642,29.15452,0.0],[108.56659,29.15467,0.0],[108.56659,29.15527,0.0],[108.56677,29.15542,0.0],[108.56677,29.15647,0.0],[108.56694,29.15662,0.0],[108.56694,29.15782,0.0],[108.56728,29.15842,0.0],[108.56728,29.15872,0.0],[108.56745,29.15887,0.0],[108.56745,29.15917,0.0],[108.56762,29.15932,0.0],[108.56762,29.15962,0.0],[108.56848,29.16097,0.0],[108.569,29.16142,0.0],[108.56968,29.16247,0.0],[108.57003,29.16277,0.0],[108.57003,29.16292,0.0],[108.57071,29.16367,0.0],[108.57071,29.16517,0.0],[108.57054,29.16532,0.0],[108.57054,29.16607,0.0],[108.57047,29.16633,0.0],[108.57037,29.16681,0.0],[108.5702,29.16696,0.0],[108.5702,29.16726,0.0],[108.56831,29.17056,0.0],[108.56591,29.17311,0.0],[108.56556,29.17371,0.0],[108.56522,29.17401,0.0],[108.56505,29.17446,0.0],[108.56471,29.17476,0.0],[108.56453,29.17521,0.0],[108.56419,29.17551,0.0],[108.56402,29.17596,0.0],[108.56127,29.17836,0.0],[108.56076,29.17926,0.0],[108.56059,29.18,0.0],[108.55973,29.18105,0.0],[108.55973,29.1812,0.0],[108.55741,29.18323,0.0],[108.55621,29.18383,0.0],[108.55587,29.18413,0.0],[108.55535,29.18428,0.0],[108.55492,29.18465,0.0],[108.55303,29.1881,0.0],[108.55252,29.18855,0.0],[108.55217,29.18915,0.0],[108.55132,29.19005,0.0],[108.55046,29.19154,0.0],[108.55046,29.19214,0.0],[108.55029,29.19229,0.0],[108.55029,29.19484,0.0],[108.55011,29.19499,0.0],[108.55011,29.19544,0.0],[108.54994,29.19559,0.0],[108.54994,29.19604,0.0],[108.54977,29.19619,0.0],[108.54977,29.19664,0.0],[108.54943,29.19709,0.0],[108.54926,29.19784,0.0],[108.54857,29.19904,0.0],[108.54737,29.20024,0.0],[108.54685,29.20113,0.0],[108.54685,29.20143,0.0],[108.54668,29.20158,0.0],[108.54668,29.20197,0.0],[108.54651,29.20218,0.0],[108.54651,29.20563,0.0],[108.54634,29.20578,0.0],[108.54634,29.20638,0.0],[108.54617,29.20653,0.0],[108.54617,29.20683,0.0],[108.54565,29.20728,0.0],[108.54565,29.20743,0.0],[108.54514,29.20803,0.0],[108.54479,29.20923,0.0],[108.54462,29.20938,0.0],[108.54462,29.20983,0.0],[108.54445,29.20998,0.0],[108.54445,29.21042,0.0],[108.54462,29.21057,0.0],[108.54462,29.21117,0.0],[108.54479,29.21132,0.0],[108.54479,29.21162,0.0],[108.54548,29.21282,0.0],[108.54548,29.21312,0.0],[108.54582,29.21342,0.0],[108.54685,29.21522,0.0],[108.5472,29.21552,0.0],[108.54771,29.21642,0.0],[108.54788,29.21732,0.0],[108.54874,29.21822,0.0],[108.54908,29.21882,0.0],[108.54908,29.21911,0.0],[108.54943,29.21956,0.0],[108.5496,29.22016,0.0],[108.55054,29.22099,0.0],[108.55157,29.22144,0.0],[108.55243,29.22159,0.0],[108.5526,29.22174,0.0],[108.55312,29.22174,0.0],[108.55329,29.22189,0.0],[108.55518,29.22204,0.0],[108.55535,29.22219,0.0],[108.55621,29.22219,0.0],[108.5569,29.22249,0.0],[108.55724,29.22249,0.0],[108.55741,29.22264,0.0],[108.55793,29.22264,0.0],[108.56016,29.22368,0.0],[108.56144,29.22481,0.0],[108.56144,29.22496,0.0],[108.56196,29.22541,0.0],[108.56196,29.22556,0.0],[108.56282,29.22631,0.0],[108.56282,29.22646,0.0],[108.56522,29.22885,0.0],[108.56574,29.22975,0.0],[108.56591,29.2305,0.0],[108.56625,29.23095,0.0],[108.56625,29.23155,0.0],[108.56642,29.2317,0.0],[108.56642,29.2332,0.0],[108.56591,29.2341,0.0],[108.56505,29.23499,0.0],[108.56471,29.23619,0.0],[108.56453,29.23634,0.0],[108.56453,29.23664,0.0],[108.56436,29.23679,0.0],[108.56436,29.23784,0.0],[108.56471,29.23829,0.0],[108.56471,29.23874,0.0],[108.56488,29.23889,0.0],[108.56505,29.23979,0.0],[108.56574,29.24084,0.0],[108.56574,29.24114,0.0],[108.56694,29.24308,0.0],[108.56694,29.24338,0.0],[108.5678,29.24488,0.0],[108.56797,29.24593,0.0],[108.56814,29.24608,0.0],[108.56814,29.24683,0.0],[108.56797,29.24698,0.0],[108.56797,29.24803,0.0],[108.56874,29.2487,0.0],[108.56925,29.24885,0.0],[108.5702,29.24952,0.0],[108.57123,29.25132,0.0],[108.5714,29.25207,0.0],[108.57157,29.25222,0.0],[108.57157,29.25267,0.0],[108.57192,29.25327,0.0],[108.57192,29.25492,0.0],[108.57174,29.25507,0.0],[108.57157,29.25596,0.0],[108.57089,29.25716,0.0],[108.57054,29.25746,0.0],[108.57054,29.25761,0.0],[108.56934,29.25911,0.0],[108.56934,29.26091,0.0],[108.56659,29.2636,0.0],[108.56642,29.2639,0.0],[108.56642,29.26495,0.0],[108.56677,29.2654,0.0],[108.56694,29.26615,0.0],[108.56711,29.2663,0.0],[108.56728,29.26824,0.0],[108.56814,29.26929,0.0],[108.56865,29.27019,0.0],[108.569,29.27049,0.0],[108.569,29.27079,0.0],[108.56934,29.27124,0.0],[108.56934,29.27154,0.0],[108.56968,29.27184,0.0],[108.56968,29.27199,0.0],[108.57097,29.27311,0.0],[108.57183,29.27326,0.0],[108.572,29.27341,0.0],[108.57252,29.27341,0.0],[108.57346,29.27408,0.0],[108.57363,29.27438,0.0],[108.57363,29.27513,0.0],[108.5738,29.27528,0.0],[108.5738,29.27558,0.0],[108.57501,29.27768,0.0],[108.57501,29.27813,0.0],[108.57518,29.27828,0.0],[108.57518,29.27902,0.0],[108.57595,29.2797,0.0],[108.57612,29.2797,0.0],[108.57664,29.28015,0.0],[108.57784,29.28075,0.0],[108.57818,29.28105,0.0],[108.57835,29.28105,0.0],[108.5787,29.28135,0.0],[108.58007,29.28165,0.0],[108.58067,29.28247,0.0],[108.58067,29.28307,0.0],[108.58084,29.28322,0.0],[108.58084,29.28442,0.0],[108.58067,29.28456,0.0],[108.5805,29.28516,0.0],[108.57981,29.28591,0.0],[108.57981,29.28636,0.0],[108.57998,29.28651,0.0],[108.57998,29.28741,0.0],[108.57953,29.28811,0.0],[108.5793,29.28831,0.0],[108.57861,29.28951,0.0],[108.57861,29.28981,0.0],[108.57741,29.2913,0.0],[108.57638,29.2934,0.0],[108.57466,29.29519,0.0],[108.57449,29.29624,0.0],[108.57363,29.29774,0.0],[108.57363,29.29804,0.0],[108.57329,29.29849,0.0],[108.57329,29.29894,0.0],[108.57312,29.29909,0.0],[108.57312,29.29954,0.0],[108.57295,29.29969,0.0],[108.57295,29.30013,0.0],[108.57277,29.30028,0.0],[108.5726,29.30118,0.0],[108.572,29.30186,0.0],[108.57183,29.30186,0.0],[108.5714,29.30223,0.0],[108.57106,29.30343,0.0],[108.57003,29.30463,0.0],[108.57003,29.30478,0.0],[108.56822,29.30635,0.0],[108.56805,29.30635,0.0],[108.56754,29.3068,0.0],[108.56737,29.3068,0.0],[108.56685,29.30725,0.0],[108.56651,29.30725,0.0],[108.56599,29.30754,0.0],[108.56462,29.30784,0.0],[108.56445,29.30799,0.0],[108.5641,29.30799,0.0],[108.56393,29.30814,0.0],[108.56359,29.30814,0.0],[108.56308,29.30844,0.0],[108.56239,29.30844,0.0],[108.56067,29.30919,0.0],[108.55604,29.30919,0.0],[108.55587,29.30934,0.0],[108.55518,29.30934,0.0],[108.55492,29.30957,0.0],[108.55458,29.31031,0.0],[108.5532,29.31166,0.0],[108.55303,29.31226,0.0],[108.55269,29.31271,0.0],[108.55269,29.31301,0.0],[108.55089,29.31458,0.0],[108.55072,29.31458,0.0],[108.5502,29.31503,0.0],[108.549,29.31563,0.0],[108.54866,29.31593,0.0],[108.54848,29.31593,0.0],[108.54814,29.31623,0.0],[108.54797,29.31623,0.0],[108.54763,29.31653,0.0],[108.54745,29.31653,0.0],[108.54668,29.3172,0.0],[108.54582,29.31885,0.0],[108.54462,29.31989,0.0],[108.54462,29.32004,0.0],[108.54411,29.32064,0.0],[108.54411,29.32199,0.0],[108.54419,29.32206,0.0],[108.54419,29.32266,0.0],[108.54411,29.32274,0.0],[108.54411,29.32364,0.0],[108.54325,29.32483,0.0],[108.54325,29.32753,0.0],[108.54342,29.32768,0.0],[108.54342,29.32827,0.0],[108.54359,29.32852,0.0],[108.54359,29.32872,0.0],[108.54376,29.32902,0.0],[108.54505,29.33015,0.0],[108.54522,29.33015,0.0],[108.54574,29.33059,0.0],[108.54591,29.33059,0.0],[108.54668,29.33127,0.0],[108.54685,29.33157,0.0],[108.54685,29.33306,0.0],[108.54668,29.33321,0.0],[108.54668,29.33351,0.0],[108.54702,29.33396,0.0],[108.5472,29.33471,0.0],[108.54737,29.33486,0.0],[108.54754,29.33576,0.0],[108.54805,29.33636,0.0],[108.54874,29.33755,0.0],[108.54874,29.33785,0.0],[108.5496,29.33935,0.0],[108.55003,29.33972,0.0],[108.55042,29.33984,0.0],[108.55217,29.34144,0.0],[108.55217,29.34159,0.0],[108.55278,29.34212,0.0],[108.55278,29.34219,0.0],[108.55406,29.34369,0.0],[108.55406,29.34623,0.0],[108.55423,29.34646,0.0],[108.55423,29.34713,0.0],[108.55475,29.34803,0.0],[108.55492,29.34878,0.0],[108.55526,29.34922,0.0],[108.55544,29.34997,0.0],[108.55578,29.35042,0.0],[108.55578,29.35072,0.0],[108.55613,29.35122,0.0],[108.55629,29.35192,0.0],[108.55647,29.35207,0.0],[108.55647,29.35252,0.0],[108.55681,29.35311,0.0],[108.55681,29.35356,0.0],[108.55715,29.35416,0.0],[108.55715,29.35461,0.0],[108.55732,29.35484,0.0],[108.55732,29.35656,0.0],[108.55715,29.35671,0.0],[108.55715,29.3573,0.0],[108.55698,29.35745,0.0],[108.55698,29.3579,0.0],[108.55681,29.35805,0.0],[108.55681,29.3585,0.0],[108.55664,29.35865,0.0],[108.55664,29.3591,0.0],[108.55629,29.35955,0.0],[108.55612,29.3603,0.0],[108.55578,29.36075,0.0],[108.55578,29.36104,0.0],[108.55509,29.36209,0.0],[108.55509,29.36239,0.0],[108.55441,29.36359,0.0],[108.55406,29.36389,0.0],[108.5532,29.36538,0.0],[108.55149,29.36658,0.0],[108.55114,29.36718,0.0],[108.55114,29.36748,0.0],[108.55097,29.36763,0.0],[108.55097,29.36823,0.0],[108.5508,29.36838,0.0],[108.55063,29.36927,0.0],[108.54951,29.37039,0.0],[108.54934,29.37039,0.0],[108.54883,29.37084,0.0],[108.54685,29.37256,0.0],[108.54685,29.37286,0.0],[108.54668,29.37301,0.0],[108.54668,29.37391,0.0],[108.54651,29.37406,0.0],[108.54667,29.37434,0.0],[108.5466,29.37481,0.0],[108.54668,29.37493,0.0],[108.54668,29.37526,0.0],[108.54737,29.376,0.0],[108.54754,29.37645,0.0],[108.54823,29.3772,0.0],[108.54823,29.37735,0.0],[108.54866,29.37773,0.0],[108.54934,29.3787,0.0],[108.54934,29.38019,0.0],[108.54866,29.38079,0.0],[108.54866,29.38109,0.0],[108.54488,29.38438,0.0],[108.54351,29.38677,0.0],[108.54385,29.38707,0.0],[108.54385,29.38767,0.0],[108.54454,29.38887,0.0],[108.54934,29.39306,0.0],[108.54969,29.39485,0.0],[108.55003,29.39515,0.0],[108.55003,29.39605,0.0],[108.55037,29.39635,0.0],[108.55037,29.39904,0.0],[108.55003,29.39934,0.0],[108.55003,29.40113,0.0],[108.55037,29.40143,0.0],[108.55037,29.40263,0.0],[108.55072,29.40293,0.0],[108.55072,29.40353,0.0],[108.55106,29.40382,0.0],[108.55106,29.40532,0.0],[108.5514,29.40562,0.0],[108.5514,29.40831,0.0],[108.55106,29.40861,0.0],[108.55106,29.4104,0.0],[108.5514,29.4107,0.0],[108.5514,29.4119,0.0],[108.55037,29.4134,0.0],[108.55037,29.41399,0.0],[108.55157,29.41474,0.0],[108.5526,29.41474,0.0],[108.55329,29.41504,0.0],[108.55398,29.41564,0.0],[108.55535,29.41624,0.0],[108.55672,29.41624,0.0],[108.55947,29.41743,0.0],[108.56016,29.41803,0.0],[108.56737,29.41803,0.0],[108.56771,29.41833,0.0],[108.57011,29.41833,0.0],[108.57217,29.41923,0.0],[108.57337,29.42027,0.0],[108.57337,29.42057,0.0],[108.5744,29.42147,0.0],[108.57475,29.42237,0.0],[108.57543,29.42296,0.0],[108.57578,29.42446,0.0],[108.57715,29.42566,0.0],[108.57749,29.42625,0.0],[108.57749,29.42685,0.0],[108.57784,29.42715,0.0],[108.57784,29.42835,0.0],[108.57818,29.42865,0.0],[108.57818,29.42984,0.0],[108.5799,29.43134,0.0],[108.58024,29.43194,0.0],[108.58024,29.43283,0.0],[108.58093,29.43373,0.0],[108.58127,29.43522,0.0],[108.58196,29.43612,0.0],[108.58196,29.43672,0.0],[108.58264,29.43792,0.0],[108.58367,29.43881,0.0],[108.58436,29.44001,0.0],[108.58608,29.4418,0.0],[108.58848,29.44599,0.0],[108.58855,29.44724,0.0],[108.58848,29.44958,0.0],[108.58779,29.45077,0.0],[108.58779,29.45197,0.0],[108.58745,29.45227,0.0],[108.58711,29.45346,0.0],[108.58591,29.45451,0.0],[108.58453,29.45511,0.0],[108.58367,29.45585,0.0],[108.58333,29.45735,0.0],[108.58299,29.45765,0.0],[108.58299,29.45854,0.0],[108.5823,29.45974,0.0],[108.5823,29.46034,0.0],[108.58196,29.46064,0.0],[108.58196,29.46153,0.0],[108.58127,29.46243,0.0],[108.58127,29.46303,0.0],[108.58007,29.46407,0.0],[108.57973,29.46407,0.0],[108.57715,29.46572,0.0],[108.57715,29.46662,0.0],[108.57749,29.46691,0.0],[108.57749,29.46841,0.0],[108.57715,29.46901,0.0],[108.57784,29.4702,0.0],[108.57749,29.4705,0.0],[108.57749,29.4714,0.0],[108.57715,29.4717,0.0],[108.57715,29.47289,0.0],[108.57818,29.47409,0.0],[108.57818,29.47439,0.0],[108.57904,29.47513,0.0],[108.58084,29.4759,0.0],[108.58138,29.47674,0.0],[108.58129,29.47947,0.0],[108.57885,29.48272,0.0],[108.57614,29.48531,0.0],[108.57391,29.4866,0.0],[108.57059,29.48883,0.0],[108.5673,29.49,0.0],[108.56398,29.49131,0.0],[108.56172,29.49026,0.0],[108.56071,29.49025,0.0],[108.55938,29.49176,0.0],[108.55762,29.49432,0.0],[108.55606,29.49477,0.0],[108.55496,29.49449,0.0],[108.55372,29.49452,0.0],[108.55248,29.49402,0.0],[108.54775,29.49452,0.0],[108.54614,29.49407,0.0],[108.54477,29.49523,0.0],[108.5428,29.49488,0.0],[108.53803,29.49589,0.0],[108.53529,29.49519,0.0],[108.53451,29.49654,0.0],[108.5316,29.49695,0.0],[108.52885,29.49874,0.0],[108.52589,29.49818,0.0],[108.52327,29.49897,0.0],[108.52155,29.49917,0.0],[108.51877,29.50054,0.0],[108.51758,29.50065,0.0],[108.51647,29.50179,0.0],[108.51473,29.50204,0.0],[108.5125,29.50323,0.0],[108.51082,29.5031,0.0],[108.50984,29.50442,0.0],[108.50789,29.50601,0.0],[108.50523,29.50722,0.0],[108.50329,29.5069,0.0],[108.5022,29.50556,0.0],[108.50108,29.50296,0.0],[108.50023,29.50242,0.0],[108.4981,29.50267,0.0],[108.49486,29.50405,0.0],[108.49351,29.50552,0.0],[108.49295,29.51012,0.0],[108.4931,29.51232,0.0],[108.49025,29.51577,0.0],[108.48988,29.51751,0.0],[108.49025,29.52216,0.0],[108.49166,29.52289,0.0],[108.49229,29.52451,0.0],[108.49263,29.5267,0.0],[108.49332,29.52705,0.0],[108.49628,29.52744,0.0],[108.49769,29.52864,0.0],[108.49883,29.53084,0.0],[108.49965,29.53362,0.0],[108.4998,29.53667,0.0],[108.50156,29.53829,0.0],[108.50289,29.54044,0.0],[108.50364,29.5426,0.0],[108.50814,29.54421,0.0],[108.51029,29.54634,0.0],[108.51252,29.54649,0.0],[108.51411,29.54774,0.0],[108.51555,29.54787,0.0],[108.51915,29.54511,0.0],[108.52145,29.54567,0.0],[108.52231,29.54552,0.0],[108.52452,29.54397,0.0],[108.52834,29.54399,0.0],[108.53016,29.54283,0.0],[108.53183,29.5425,0.0],[108.53258,29.54333,0.0],[108.53331,29.54748,0.0],[108.53378,29.54788,0.0],[108.53593,29.54792,0.0],[108.53786,29.54878,0.0],[108.54501,29.55009,0.0],[108.54451,29.55059,0.0],[108.54344,29.55201,0.0],[108.54342,29.55341,0.0],[108.54434,29.5567,0.0],[108.54366,29.55929,0.0],[108.54535,29.56075,0.0],[108.54464,29.56246,0.0],[108.54419,29.56334,0.0],[108.54239,29.56312,0.0],[108.54001,29.56554,0.0],[108.5393,29.56728,0.0],[108.53962,29.56864,0.0],[108.5387,29.57047,0.0],[108.53565,29.57099,0.0],[108.53329,29.57288,0.0],[108.53218,29.5731,0.0],[108.53125,29.57467,0.0],[108.53138,29.57547,0.0],[108.53196,29.57596,0.0],[108.532,29.57645,0.0],[108.53055,29.57901,0.0],[108.53095,29.58029,0.0],[108.53188,29.58129,0.0],[108.53078,29.58546,0.0],[108.53076,29.58958,0.0],[108.52786,29.59288,0.0],[108.527,29.59286,0.0],[108.52574,29.59225,0.0],[108.52499,29.59425,0.0],[108.52077,29.59774,0.0],[108.51814,29.59786,0.0],[108.51707,29.59857,0.0],[108.51664,29.60014,0.0],[108.51469,29.60247,0.0],[108.51255,29.6051,0.0],[108.51179,29.60803,0.0],[108.51192,29.61146,0.0],[108.509,29.6151,0.0],[108.50913,29.61579,0.0],[108.51029,29.61661,0.0],[108.50976,29.61804,0.0],[108.50778,29.61769,0.0],[108.50325,29.61351,0.0],[108.50027,29.61545,0.0],[108.5001,29.61787,0.0],[108.50033,29.62074,0.0],[108.49917,29.622,0.0],[108.49602,29.62311,0.0],[108.48798,29.62648,0.0],[108.48405,29.62619,0.0],[108.48321,29.62631,0.0],[108.48252,29.62712,0.0]]]]}},{"type":"Feature","properties":{"uesi_id":"CHN_R913069","nbhd_code":"CHN_R913069_144","nbhd_name":"Qijiang District"},"geometry":{"type":"MultiPolygon","coordinates":[[[[106.38203,29.01975,0.0],[106.38323,29.02499,0.0],[106.38702,29.02973,0.0],[106.3916,29.03444,0.0],[106.39536,29.03803,0.0],[106.40434,29.04104,0.0],[106.40987,29.04252,0.0],[106.41882,29.04462,0.0],[106.42586,29.04423,0.0],[106.4295,29.04346,0.0],[106.43354,29.03879,0.0],[106.43863,29.03409,0.0],[106.44321,29.02986,0.0],[106.44754,29.02609,0.0],[106.45184,29.02118,0.0],[106.45753,29.01898,0.0],[106.46332,29.02046,0.0],[106.46909,29.02125,0.0],[106.47386,29.02366,0.0],[106.47762,29.02679,0.0],[106.48004,29.02925,0.0],[106.48336,29.0356,0.0],[106.48351,29.04064,0.0],[106.4821,29.04595,0.0],[106.48147,29.05101,0.0],[106.48141,29.05812,0.0],[106.48209,29.06338,0.0],[106.48351,29.06679,0.0],[106.48621,29.06994,0.0],[106.48935,29.07009,0.0],[106.49217,29.06819,0.0],[106.49647,29.06328,0.0],[106.5013,29.05858,0.0],[106.50686,29.05226,0.0],[106.5116,29.04482,0.0],[106.5171,29.03643,0.0],[106.52246,29.03218,0.0],[106.52789,29.02999,0.0],[106.53439,29.02916,0.0],[106.53844,29.03365,0.0],[106.54066,29.03795,0.0],[106.54624,29.04081,0.0],[106.54906,29.03913,0.0],[106.55006,29.03728,0.0],[106.55124,29.03335,0.0],[106.55164,29.02921,0.0],[106.55254,29.02461,0.0],[106.55421,29.01929,0.0],[106.55649,29.01672,0.0],[106.55743,29.01597,0.0],[106.55834,29.01931,0.0],[106.55933,29.01994,0.0],[106.56088,29.0182,0.0],[106.56206,29.01994,0.0],[106.5646,29.02304,0.0],[106.56742,29.02558,0.0],[106.56923,29.02502,0.0],[106.57141,29.02383,0.0],[106.57404,29.02669,0.0],[106.57631,29.02312,0.0],[106.58058,29.017,0.0],[106.58113,29.0143,0.0],[106.58167,29.01097,0.0],[106.58485,29.0089,0.0],[106.58957,29.00922,0.0],[106.59538,29.01113,0.0],[106.60038,29.01399,0.0],[106.60346,29.0174,0.0],[106.60471,29.01779,0.0],[106.60399,29.01919,0.0],[106.60347,29.01982,0.0],[106.60218,29.02005,0.0],[106.60084,29.01856,0.0],[106.5997,29.01847,0.0],[106.59888,29.01928,0.0],[106.5934,29.02005,0.0],[106.59201,29.02104,0.0],[106.59082,29.02154,0.0],[106.58943,29.02393,0.0],[106.58932,29.0265,0.0],[106.58752,29.02912,0.0],[106.58628,29.02912,0.0],[106.58535,29.02831,0.0],[106.58468,29.02907,0.0],[106.58457,29.02998,0.0],[106.5839,29.03174,0.0],[106.5839,29.033,0.0],[106.58437,29.0344,0.0],[106.58618,29.03585,0.0],[106.58612,29.03697,0.0],[106.58463,29.03973,0.0],[106.58344,29.04442,0.0],[106.58292,29.05119,0.0],[106.58117,29.0525,0.0],[106.58117,29.0544,0.0],[106.58148,29.05557,0.0],[106.58251,29.05796,0.0],[106.58437,29.05891,0.0],[106.58561,29.05977,0.0],[106.58561,29.06063,0.0],[106.58437,29.06311,0.0],[106.58246,29.06415,0.0],[106.58204,29.06487,0.0],[106.5822,29.0673,0.0],[106.58173,29.06861,0.0],[106.58034,29.0701,0.0],[106.58003,29.07101,0.0],[106.5806,29.07299,0.0],[106.58039,29.07407,0.0],[106.57931,29.07475,0.0],[106.57884,29.07518,0.0],[106.57776,29.07615,0.0],[106.57735,29.07755,0.0],[106.57791,29.07904,0.0],[106.57884,29.08089,0.0],[106.58003,29.08156,0.0],[106.58075,29.0826,0.0],[106.58044,29.08396,0.0],[106.57972,29.08499,0.0],[106.57946,29.08747,0.0],[106.57828,29.08896,0.0],[106.57647,29.08996,0.0],[106.57564,29.09257,0.0],[106.57415,29.09532,0.0],[106.57415,29.0969,0.0],[106.57415,29.09835,0.0],[106.57518,29.09979,0.0],[106.57544,29.10227,0.0],[106.57595,29.10358,0.0],[106.57533,29.10516,0.0],[106.57611,29.10692,0.0],[106.57642,29.1089,0.0],[106.57781,29.11039,0.0],[106.57797,29.11125,0.0],[106.5774,29.11283,0.0],[106.57668,29.11391,0.0],[106.57105,29.11752,0.0],[106.57053,29.11896,0.0],[106.57032,29.1209,0.0],[106.57213,29.12392,0.0],[106.57301,29.12789,0.0],[106.5726,29.1292,0.0],[106.57043,29.13123,0.0],[106.57151,29.13177,0.0],[106.57234,29.13281,0.0],[106.57337,29.13182,0.0],[106.57435,29.13263,0.0],[106.57513,29.13416,0.0],[106.57745,29.13533,0.0],[106.57936,29.13574,0.0],[106.58029,29.1356,0.0],[106.58096,29.13452,0.0],[106.58199,29.13335,0.0],[106.58199,29.131,0.0],[106.58344,29.12965,0.0],[106.58488,29.12983,0.0],[106.58516,29.12911,0.0],[106.58815,29.12904,0.0],[106.59341,29.13006,0.0],[106.59866,29.13086,0.0],[106.60394,29.13233,0.0],[106.60871,29.13428,0.0],[106.61193,29.13673,0.0],[106.61518,29.14055,0.0],[106.61739,29.14417,0.0],[106.61852,29.1469,0.0],[106.62081,29.15327,0.0],[106.62408,29.15754,0.0],[106.62632,29.16208,0.0],[106.62936,29.16728,0.0],[106.63261,29.1711,0.0],[106.63946,29.17231,0.0],[106.64548,29.17217,0.0],[106.64934,29.17024,0.0],[106.65266,29.16787,0.0],[106.65578,29.16711,0.0],[106.65917,29.1668,0.0],[106.66576,29.16801,0.0],[106.67242,29.17175,0.0],[106.67545,29.17649,0.0],[106.67869,29.17985,0.0],[106.68033,29.18188,0.0],[106.68384,29.18547,0.0],[106.68781,29.18697,0.0],[106.69096,29.18736,0.0],[106.69306,29.1873,0.0],[106.69716,29.18445,0.0],[106.70073,29.18161,0.0],[106.70614,29.17896,0.0],[106.71083,29.17816,0.0],[106.71577,29.17735,0.0],[106.71992,29.17587,0.0],[106.72386,29.17646,0.0],[106.72889,29.17817,0.0],[106.73679,29.17958,0.0],[106.74203,29.18014,0.0],[106.74749,29.17886,0.0],[106.75163,29.17738,0.0],[106.75623,29.17383,0.0],[106.75981,29.17144,0.0],[106.7653,29.17131,0.0],[106.77242,29.17297,0.0],[106.78059,29.1746,0.0],[106.78744,29.1758,0.0],[106.79477,29.17608,0.0],[106.79948,29.17596,0.0],[106.80257,29.17427,0.0],[106.80587,29.17121,0.0],[106.80885,29.16632,0.0],[106.81056,29.16283,0.0],[106.8149,29.15951,0.0],[106.81797,29.15737,0.0],[106.82185,29.15613,0.0],[106.82657,29.15624,0.0],[106.82999,29.15684,0.0],[106.83551,29.15762,0.0],[106.84047,29.15726,0.0],[106.84857,29.15683,0.0],[106.85692,29.15615,0.0],[106.86186,29.15534,0.0],[106.86679,29.15406,0.0],[106.86959,29.1517,0.0],[106.87418,29.14814,0.0],[106.87723,29.14531,0.0],[106.88187,29.14336,0.0],[106.88628,29.1421,0.0],[106.88868,29.13867,0.0],[106.88732,29.13465,0.0],[106.88773,29.1322,0.0],[106.89011,29.12908,0.0],[106.89382,29.12526,0.0],[106.8952,29.1227,0.0],[106.90028,29.11842,0.0],[106.90378,29.11871,0.0],[106.90413,29.11707,0.0],[106.90648,29.11781,0.0],[106.9076,29.11699,0.0],[106.90947,29.11725,0.0],[106.91049,29.11689,0.0],[106.91188,29.11531,0.0],[106.91333,29.11268,0.0],[106.91736,29.1062,0.0],[106.9173,29.10315,0.0],[106.91555,29.10283,0.0],[106.91706,29.09951,0.0],[106.91628,29.09846,0.0],[106.91592,29.09767,0.0],[106.91375,29.09641,0.0],[106.91146,29.09641,0.0],[106.91116,29.09588,0.0],[106.91296,29.09467,0.0],[106.91435,29.09341,0.0],[106.91507,29.09056,0.0],[106.91459,29.08977,0.0],[106.91314,29.0893,0.0],[106.91152,29.0883,0.0],[106.91164,29.08609,0.0],[106.91025,29.08514,0.0],[106.91206,29.08288,0.0],[106.912,29.08203,0.0],[106.91067,29.08103,0.0],[106.90863,29.08056,0.0],[106.90863,29.07898,0.0],[106.9079,29.07819,0.0],[106.90531,29.07782,0.0],[106.90447,29.07703,0.0],[106.90555,29.07635,0.0],[106.90597,29.0755,0.0],[106.90616,29.07482,0.0],[106.90591,29.07371,0.0],[106.90622,29.0724,0.0],[106.90573,29.07077,0.0],[106.90314,29.06882,0.0],[106.90097,29.06792,0.0],[106.90061,29.06729,0.0],[106.902,29.06671,0.0],[106.90314,29.06566,0.0],[106.90344,29.06424,0.0],[106.9029,29.0615,0.0],[106.90194,29.05855,0.0],[106.90188,29.05676,0.0],[106.90302,29.05655,0.0],[106.90302,29.05591,0.0],[106.90272,29.05507,0.0],[106.90296,29.05423,0.0],[106.90375,29.05365,0.0],[106.90537,29.05386,0.0],[106.90525,29.05476,0.0],[106.90447,29.05586,0.0],[106.90429,29.05797,0.0],[106.90507,29.05823,0.0],[106.90555,29.05918,0.0],[106.90694,29.05923,0.0],[106.90778,29.05955,0.0],[106.90935,29.05944,0.0],[106.91302,29.05555,0.0],[106.91248,29.05476,0.0],[106.91339,29.05344,0.0],[106.91574,29.05175,0.0],[106.91682,29.05175,0.0],[106.91748,29.05128,0.0],[106.91718,29.0507,0.0],[106.91598,29.05091,0.0],[106.91507,29.04954,0.0],[106.91537,29.04896,0.0],[106.91634,29.04965,0.0],[106.91736,29.04959,0.0],[106.91772,29.04891,0.0],[106.91881,29.0487,0.0],[106.92037,29.04907,0.0],[106.92164,29.05044,0.0],[106.92278,29.0517,0.0],[106.92351,29.05144,0.0],[106.92345,29.05017,0.0],[106.927,29.04959,0.0],[106.92851,29.04717,0.0],[106.92953,29.04633,0.0],[106.92995,29.04685,0.0],[106.92905,29.04901,0.0],[106.93122,29.04922,0.0],[106.9323,29.04849,0.0],[106.93429,29.05001,0.0],[106.9358,29.04685,0.0],[106.93375,29.04601,0.0],[106.93423,29.04448,0.0],[106.93502,29.04491,0.0],[106.93574,29.04606,0.0],[106.93923,29.04712,0.0],[106.93947,29.04922,0.0],[106.93725,29.05023,0.0],[106.93658,29.05112,0.0],[106.937,29.05318,0.0],[106.93941,29.05291,0.0],[106.93975,29.05453,0.0],[106.93903,29.05744,0.0],[106.94039,29.06036,0.0],[106.9407,29.06373,0.0],[106.94207,29.06655,0.0],[106.94042,29.06818,0.0],[106.94327,29.06934,0.0],[106.94221,29.0716,0.0],[106.94485,29.07222,0.0],[106.94847,29.07121,0.0],[106.95385,29.06786,0.0],[106.95922,29.0645,0.0],[106.96458,29.06069,0.0],[106.96861,29.056,0.0],[106.9721,29.05109,0.0],[106.98216,29.03981,0.0],[106.98466,29.03631,0.0],[106.98615,29.0342,0.0],[106.98945,29.03136,0.0],[106.99659,29.02613,0.0],[107.00549,29.01901,0.0],[107.01003,29.0143,0.0],[107.01483,29.00981,0.0],[107.01812,29.00674,0.0],[107.02265,29.0018,0.0],[107.02617,28.99758,0.0],[107.02838,28.99385,0.0],[107.03056,28.98898,0.0],[107.03049,28.98691,0.0],[107.02956,28.98258,0.0],[107.0284,28.9794,0.0],[107.0267,28.97555,0.0],[107.02475,28.97216,0.0],[107.02171,28.96742,0.0],[107.01895,28.96314,0.0],[107.01723,28.95883,0.0],[107.01662,28.95609,0.0],[107.017,28.95195,0.0],[107.01792,28.94849,0.0],[107.01913,28.94593,0.0],[107.02039,28.9443,0.0],[107.02289,28.94125,0.0],[107.0257,28.93933,0.0],[107.0291,28.9397,0.0],[107.03356,28.94027,0.0],[107.03935,28.94149,0.0],[107.04388,28.94412,0.0],[107.04829,28.94331,0.0],[107.05054,28.9405,0.0],[107.05068,28.93705,0.0],[107.04974,28.93272,0.0],[107.04884,28.92908,0.0],[107.04764,28.92475,0.0],[107.04745,28.91948,0.0],[107.04726,28.91421,0.0],[107.04938,28.90652,0.0],[107.05352,28.90183,0.0],[107.06025,28.89749,0.0],[107.05849,28.89587,0.0],[107.05678,28.89546,0.0],[107.05489,28.89677,0.0],[107.05115,28.89666,0.0],[107.04633,28.89255,0.0],[107.04375,28.88871,0.0],[107.04255,28.88278,0.0],[107.03903,28.87631,0.0],[107.05229,28.87083,0.0],[107.04562,28.87026,0.0],[107.04184,28.8688,0.0],[107.03622,28.86641,0.0],[107.03272,28.86562,0.0],[107.03112,28.86675,0.0],[107.03036,28.8705,0.0],[107.03168,28.87427,0.0],[107.03267,28.88002,0.0],[107.03018,28.8828,0.0],[107.02053,28.88491,0.0],[107.01426,28.88502,0.0],[107.01014,28.88453,0.0],[107.00838,28.8798,0.0],[107.01096,28.87611,0.0],[107.01336,28.86243,0.0],[107.01083,28.86033,0.0],[107.00276,28.86037,0.0],[106.99885,28.86116,0.0],[106.99808,28.85819,0.0],[106.99649,28.85631,0.0],[106.99388,28.85563,0.0],[106.98242,28.85586,0.0],[106.97917,28.8541,0.0],[106.97994,28.85113,0.0],[106.98007,28.84859,0.0],[106.98141,28.84398,0.0],[106.98149,28.84251,0.0],[106.98158,28.84127,0.0],[106.98335,28.83889,0.0],[106.98387,28.83701,0.0],[106.98442,28.83619,0.0],[106.9847,28.83404,0.0],[106.98536,28.83304,0.0],[106.98321,28.82932,0.0],[106.98055,28.82811,0.0],[106.98128,28.82556,0.0],[106.98012,28.82349,0.0],[106.98008,28.82086,0.0],[106.9769,28.81657,0.0],[106.97759,28.81465,0.0],[106.97707,28.81206,0.0],[106.97819,28.81063,0.0],[106.97755,28.80807,0.0],[106.97975,28.80366,0.0],[106.97854,28.80201,0.0],[106.98048,28.80176,0.0],[106.98151,28.80071,0.0],[106.98114,28.79862,0.0],[106.98306,28.79751,0.0],[106.98265,28.79589,0.0],[106.98477,28.79454,0.0],[106.98494,28.79206,0.0],[106.9858,28.79011,0.0],[106.98582,28.78636,0.0],[106.98463,28.78382,0.0],[106.98446,28.77979,0.0],[106.9827,28.77704,0.0],[106.97308,28.77565,0.0],[106.97119,28.77693,0.0],[106.9636,28.77727,0.0],[106.95965,28.77287,0.0],[106.94781,28.76982,0.0],[106.94652,28.77392,0.0],[106.94592,28.7822,0.0],[106.93643,28.7869,0.0],[106.93394,28.79668,0.0],[106.92678,28.80676,0.0],[106.92098,28.8139,0.0],[106.91746,28.81292,0.0],[106.9148,28.80882,0.0],[106.90759,28.80476,0.0],[106.90193,28.7995,0.0],[106.89378,28.80473,0.0],[106.88678,28.80149,0.0],[106.87627,28.79243,0.0],[106.87009,28.78257,0.0],[106.86219,28.77783,0.0],[106.85936,28.77866,0.0],[106.85906,28.78348,0.0],[106.85627,28.78464,0.0],[106.8494,28.78321,0.0],[106.84159,28.78438,0.0],[106.83618,28.78043,0.0],[106.83605,28.77212,0.0],[106.83429,28.76952,0.0],[106.82945,28.77219,0.0],[106.8202,28.75761,0.0],[106.8244,28.74144,0.0],[106.82732,28.73677,0.0],[106.83058,28.73669,0.0],[106.8329,28.73812,0.0],[106.8347,28.73722,0.0],[106.83633,28.73406,0.0],[106.84346,28.73188,0.0],[106.84947,28.72774,0.0],[106.85959,28.71043,0.0],[106.85341,28.71088,0.0],[106.84964,28.71035,0.0],[106.84861,28.70681,0.0],[106.84929,28.70222,0.0],[106.85427,28.6971,0.0],[106.86131,28.69364,0.0],[106.86775,28.6974,0.0],[106.87444,28.6977,0.0],[106.88067,28.69813,0.0],[106.88371,28.69751,0.0],[106.88181,28.69324,0.0],[106.87813,28.69206,0.0],[106.87659,28.68852,0.0],[106.87727,28.68535,0.0],[106.87329,28.68158,0.0],[106.87202,28.67328,0.0],[106.86882,28.66718,0.0],[106.86474,28.66119,0.0],[106.86327,28.65643,0.0],[106.86307,28.6535,0.0],[106.86608,28.65279,0.0],[106.8658,28.64677,0.0],[106.86558,28.64461,0.0],[106.86316,28.63297,0.0],[106.86431,28.63086,0.0],[106.8632,28.62823,0.0],[106.85404,28.62617,0.0],[106.83498,28.6261,0.0],[106.82829,28.62715,0.0],[106.82494,28.62595,0.0],[106.8246,28.61977,0.0],[106.83009,28.61608,0.0],[106.82357,28.60673,0.0],[106.82365,28.60206,0.0],[106.81481,28.60018,0.0],[106.80975,28.59287,0.0],[106.80385,28.59262,0.0],[106.80204,28.59666,0.0],[106.80093,28.59978,0.0],[106.79629,28.60555,0.0],[106.7914,28.60792,0.0],[106.78745,28.61485,0.0],[106.78737,28.61745,0.0],[106.78878,28.61998,0.0],[106.7808,28.63022,0.0],[106.77758,28.62924,0.0],[106.77269,28.62329,0.0],[106.77383,28.61856,0.0],[106.77258,28.61612,0.0],[106.77082,28.61555,0.0],[106.76361,28.61751,0.0],[106.75791,28.61627,0.0],[106.75353,28.61299,0.0],[106.754,28.60858,0.0],[106.7546,28.60319,0.0],[106.75632,28.60089,0.0],[106.75426,28.59287,0.0],[106.76602,28.58134,0.0],[106.7782,28.57983,0.0],[106.77889,28.57342,0.0],[106.77572,28.56754,0.0],[106.76645,28.56656,0.0],[106.75932,28.56106,0.0],[106.74986,28.56127,0.0],[106.74902,28.56129,0.0],[106.74207,28.55631,0.0],[106.7352,28.55804,0.0],[106.72439,28.54606,0.0],[106.7235,28.54022,0.0],[106.7201,28.53301,0.0],[106.72156,28.52329,0.0],[106.72662,28.51514,0.0],[106.73168,28.50511,0.0],[106.73907,28.49877,0.0],[106.74121,28.49214,0.0],[106.74044,28.47788,0.0],[106.74344,28.46988,0.0],[106.72774,28.46679,0.0],[106.72671,28.46173,0.0],[106.72237,28.45788,0.0],[106.714,28.46003,0.0],[106.70842,28.45935,0.0],[106.70478,28.45381,0.0],[106.70044,28.45551,0.0],[106.69873,28.45924,0.0],[106.69006,28.45992,0.0],[106.68817,28.46324,0.0],[106.69297,28.4689,0.0],[106.69409,28.48022,0.0],[106.68971,28.48459,0.0],[106.68516,28.48814,0.0],[106.67941,28.48633,0.0],[106.67341,28.48482,0.0],[106.66328,28.49085,0.0],[106.66053,28.49696,0.0],[106.65804,28.49734,0.0],[106.65409,28.48776,0.0],[106.64609,28.48304,0.0],[106.63854,28.48802,0.0],[106.63159,28.4887,0.0],[106.62732,28.49317,0.0],[106.62659,28.49856,0.0],[106.62749,28.50162,0.0],[106.62899,28.5023,0.0],[106.63148,28.50343,0.0],[106.6314,28.50395,0.0],[106.63011,28.50444,0.0],[106.62959,28.50599,0.0],[106.62882,28.50705,0.0],[106.62607,28.50539,0.0],[106.6232,28.50411,0.0],[106.61788,28.50663,0.0],[106.60539,28.50184,0.0],[106.60136,28.50803,0.0],[106.59672,28.50988,0.0],[106.59051,28.51361,0.0],[106.5814,28.51044,0.0],[106.58114,28.5078,0.0],[106.58767,28.50354,0.0],[106.58831,28.49509,0.0],[106.58531,28.49238,0.0],[106.57745,28.49219,0.0],[106.57003,28.4886,0.0],[106.56406,28.48721,0.0],[106.56016,28.48925,0.0],[106.56127,28.49769,0.0],[106.55917,28.50011,0.0],[106.55896,28.50403,0.0],[106.56376,28.50859,0.0],[106.56316,28.51112,0.0],[106.55728,28.51285,0.0],[106.55625,28.51663,0.0],[106.56269,28.52288,0.0],[106.56235,28.52515,0.0],[106.56368,28.52711,0.0],[106.57406,28.5279,0.0],[106.58071,28.52669,0.0],[106.58453,28.52884,0.0],[106.58445,28.53457,0.0],[106.59539,28.53917,0.0],[106.59827,28.54645,0.0],[106.61178,28.55289,0.0],[106.61307,28.5665,0.0],[106.61084,28.57212,0.0],[106.6093,28.58312,0.0],[106.60342,28.59292,0.0],[106.60299,28.59646,0.0],[106.60741,28.60999,0.0],[106.60964,28.6127,0.0],[106.61277,28.61289,0.0],[106.6205,28.60803,0.0],[106.62419,28.60765,0.0],[106.62934,28.60988,0.0],[106.63324,28.61673,0.0],[106.63088,28.6217,0.0],[106.63328,28.62766,0.0],[106.63045,28.63353,0.0],[106.62449,28.63319,0.0],[106.62474,28.63805,0.0],[106.61633,28.64031,0.0],[106.61376,28.64205,0.0],[106.61329,28.64664,0.0],[106.61509,28.6489,0.0],[106.62234,28.6495,0.0],[106.63457,28.64769,0.0],[106.64358,28.64882,0.0],[106.64775,28.6524,0.0],[106.64625,28.65707,0.0],[106.64486,28.65971,0.0],[106.64234,28.66449,0.0],[106.63904,28.66829,0.0],[106.63607,28.66822,0.0],[106.63127,28.66174,0.0],[106.62749,28.66106,0.0],[106.62084,28.66438,0.0],[106.6141,28.66988,0.0],[106.61406,28.67537,0.0],[106.61011,28.67982,0.0],[106.6105,28.68396,0.0],[106.615,28.68874,0.0],[106.61551,28.69098,0.0],[106.61573,28.69198,0.0],[106.61406,28.69472,0.0],[106.61157,28.69465,0.0],[106.60764,28.69215,0.0],[106.60266,28.68853,0.0],[106.59794,28.69011,0.0],[106.59644,28.69327,0.0],[106.59361,28.69561,0.0],[106.58969,28.69598,0.0],[106.58218,28.69146,0.0],[106.58373,28.6953,0.0],[106.5783,28.70527,0.0],[106.5736,28.70569,0.0],[106.57038,28.70723,0.0],[106.56845,28.70911,0.0],[106.57025,28.71201,0.0],[106.56474,28.7138,0.0],[106.5562,28.72411,0.0],[106.55534,28.73514,0.0],[106.55831,28.74443,0.0],[106.56006,28.74993,0.0],[106.5583,28.75982,0.0],[106.55337,28.76505,0.0],[106.54367,28.77385,0.0],[106.53985,28.77284,0.0],[106.53551,28.77238,0.0],[106.5303,28.77412,0.0],[106.52893,28.77711,0.0],[106.53066,28.77912,0.0],[106.53008,28.78211,0.0],[106.52648,28.78373,0.0],[106.52373,28.78384,0.0],[106.52285,28.78329,0.0],[106.52174,28.78331,0.0],[106.51917,28.78452,0.0],[106.51934,28.78667,0.0],[106.51866,28.78938,0.0],[106.51754,28.7899,0.0],[106.51746,28.79336,0.0],[106.51677,28.79577,0.0],[106.51741,28.79761,0.0],[106.5148,28.79822,0.0],[106.51325,28.79667,0.0],[106.51149,28.79795,0.0],[106.50793,28.79927,0.0],[106.50467,28.79953,0.0],[106.50244,28.80145,0.0],[106.49638,28.80585,0.0],[106.49308,28.80713,0.0],[106.49029,28.80927,0.0],[106.48677,28.81017,0.0],[106.4863,28.81224,0.0],[106.47673,28.82499,0.0],[106.4745,28.82642,0.0],[106.47209,28.83018,0.0],[106.4724,28.83281,0.0],[106.47036,28.83693,0.0],[106.46435,28.83775,0.0],[106.45791,28.83471,0.0],[106.44316,28.8402,0.0],[106.44038,28.84325,0.0],[106.43915,28.8458,0.0],[106.43793,28.84881,0.0],[106.43728,28.85318,0.0],[106.43682,28.85525,0.0],[106.43511,28.85942,0.0],[106.43414,28.86196,0.0],[106.43138,28.86569,0.0],[106.42783,28.86898,0.0],[106.42381,28.87435,0.0],[106.41878,28.88088,0.0],[106.41346,28.8865,0.0],[106.41071,28.89092,0.0],[106.40905,28.89646,0.0],[106.40811,28.90015,0.0],[106.40646,28.90638,0.0],[106.4064,28.91326,0.0],[106.40553,28.91925,0.0],[106.40517,28.92475,0.0],[106.4043,28.93097,0.0],[106.4034,28.93603,0.0],[106.40176,28.94226,0.0],[106.40036,28.94825,0.0],[106.39948,28.95401,0.0],[106.39807,28.95954,0.0],[106.39539,28.96625,0.0],[106.39378,28.97385,0.0],[106.39138,28.98125,0.0],[106.39153,28.98652,0.0],[106.39194,28.99132,0.0],[106.39104,28.99662,0.0],[106.38887,29.00286,0.0],[106.38564,29.00889,0.0],[106.38293,29.01422,0.0],[106.38203,29.01975,0.0]]]]}},{"type":"Feature","properties":{"uesi_id":"CHN_R913069","nbhd_code":"CHN_R913069_145","nbhd_name":"Rongchang District"},"geometry":{"type":"MultiPolygon","coordinates":[[[[105.28683,29.55555,0.0],[105.28716,29.55624,0.0],[105.28796,29.55598,0.0],[105.28854,29.55729,0.0],[105.289,29.5575,0.0],[105.28984,29.55614,0.0],[105.29091,29.55663,0.0],[105.29066,29.55816,0.0],[105.29111,29.55859,0.0],[105.29262,29.55884,0.0],[105.29281,29.55972,0.0],[105.29109,29.56277,0.0],[105.29115,29.56484,0.0],[105.29264,29.56851,0.0],[105.29312,29.57284,0.0],[105.30452,29.57959,0.0],[105.31073,29.57822,0.0],[105.31352,29.57984,0.0],[105.31247,29.58676,0.0],[105.30988,29.58926,0.0],[105.30777,29.59284,0.0],[105.3074,29.598,0.0],[105.31488,29.60243,0.0],[105.31597,29.60292,0.0],[105.31699,29.60382,0.0],[105.31748,29.60584,0.0],[105.31737,29.60896,0.0],[105.31702,29.61093,0.0],[105.31739,29.61213,0.0],[105.31889,29.61272,0.0],[105.32091,29.61179,0.0],[105.32573,29.60767,0.0],[105.32649,29.60642,0.0],[105.32649,29.60496,0.0],[105.3255,29.60334,0.0],[105.32335,29.60205,0.0],[105.32106,29.5998,0.0],[105.32125,29.59883,0.0],[105.32262,29.5984,0.0],[105.32777,29.59983,0.0],[105.32891,29.59957,0.0],[105.32983,29.59802,0.0],[105.32951,29.59509,0.0],[105.33035,29.5945,0.0],[105.33234,29.5941,0.0],[105.33284,29.5947,0.0],[105.33213,29.59711,0.0],[105.33228,29.5986,0.0],[105.33322,29.60058,0.0],[105.33509,29.6028,0.0],[105.33719,29.60435,0.0],[105.33827,29.60606,0.0],[105.33794,29.60707,0.0],[105.33468,29.60909,0.0],[105.33357,29.61019,0.0],[105.33385,29.61074,0.0],[105.3352,29.61127,0.0],[105.33854,29.61095,0.0],[105.33977,29.61123,0.0],[105.33995,29.61316,0.0],[105.34039,29.61672,0.0],[105.342,29.62115,0.0],[105.34417,29.62411,0.0],[105.34715,29.62605,0.0],[105.35174,29.62972,0.0],[105.35738,29.6317,0.0],[105.3591,29.63166,0.0],[105.36221,29.63046,0.0],[105.36292,29.62924,0.0],[105.36367,29.62631,0.0],[105.36477,29.62438,0.0],[105.36637,29.62363,0.0],[105.36846,29.62324,0.0],[105.37246,29.62382,0.0],[105.37511,29.62565,0.0],[105.37637,29.62771,0.0],[105.37661,29.62957,0.0],[105.37732,29.63091,0.0],[105.37625,29.63347,0.0],[105.37457,29.63619,0.0],[105.37331,29.64505,0.0],[105.37401,29.64579,0.0],[105.37595,29.64689,0.0],[105.37936,29.64775,0.0],[105.38296,29.64977,0.0],[105.38382,29.64956,0.0],[105.38446,29.65023,0.0],[105.38614,29.65075,0.0],[105.38974,29.65348,0.0],[105.38815,29.65689,0.0],[105.38721,29.66181,0.0],[105.38554,29.66502,0.0],[105.38204,29.66683,0.0],[105.38118,29.66852,0.0],[105.3823,29.66934,0.0],[105.3821,29.67017,0.0],[105.37979,29.67149,0.0],[105.38041,29.6725,0.0],[105.3817,29.6727,0.0],[105.38371,29.67255,0.0],[105.38483,29.67333,0.0],[105.38472,29.67436,0.0],[105.38401,29.67665,0.0],[105.38412,29.6774,0.0],[105.38586,29.67786,0.0],[105.38601,29.67924,0.0],[105.397,29.67419,0.0],[105.4032,29.67804,0.0],[105.40728,29.68336,0.0],[105.41655,29.69053,0.0],[105.42047,29.69054,0.0],[105.42566,29.68437,0.0],[105.43334,29.67968,0.0],[105.44175,29.67952,0.0],[105.44545,29.67745,0.0],[105.45312,29.67906,0.0],[105.4617,29.6766,0.0],[105.46746,29.67876,0.0],[105.47279,29.67749,0.0],[105.47597,29.68026,0.0],[105.47949,29.6822,0.0],[105.48265,29.67999,0.0],[105.48612,29.67762,0.0],[105.49198,29.6746,0.0],[105.49379,29.67103,0.0],[105.4948,29.66781,0.0],[105.49214,29.66473,0.0],[105.49255,29.66062,0.0],[105.49615,29.6569,0.0],[105.50137,29.64951,0.0],[105.50011,29.64423,0.0],[105.50162,29.64054,0.0],[105.50595,29.6372,0.0],[105.50377,29.62973,0.0],[105.50494,29.62283,0.0],[105.50448,29.61754,0.0],[105.50151,29.6136,0.0],[105.50912,29.60729,0.0],[105.51044,29.60042,0.0],[105.51709,29.58934,0.0],[105.52104,29.59111,0.0],[105.52107,29.59415,0.0],[105.52306,29.59447,0.0],[105.52322,29.59287,0.0],[105.52521,29.59282,0.0],[105.52578,29.59415,0.0],[105.52705,29.59536,0.0],[105.52937,29.59495,0.0],[105.52762,29.59172,0.0],[105.52922,29.59124,0.0],[105.53226,29.59166,0.0],[105.53419,29.59408,0.0],[105.53565,29.59508,0.0],[105.5419,29.592,0.0],[105.53942,29.58261,0.0],[105.54099,29.57852,0.0],[105.5454,29.57567,0.0],[105.55257,29.57862,0.0],[105.5511,29.58268,0.0],[105.55837,29.58831,0.0],[105.55971,29.59242,0.0],[105.56493,29.59555,0.0],[105.57313,29.59483,0.0],[105.57585,29.59602,0.0],[105.58041,29.59373,0.0],[105.58217,29.59195,0.0],[105.58879,29.5942,0.0],[105.59066,29.59368,0.0],[105.59018,29.59195,0.0],[105.58891,29.59074,0.0],[105.5894,29.5877,0.0],[105.59296,29.58644,0.0],[105.59465,29.58325,0.0],[105.59292,29.57951,0.0],[105.59672,29.57767,0.0],[105.59566,29.56368,0.0],[105.5982,29.56289,0.0],[105.59947,29.56005,0.0],[105.5985,29.55754,0.0],[105.59645,29.55717,0.0],[105.59087,29.55528,0.0],[105.5878,29.55047,0.0],[105.59357,29.543,0.0],[105.58772,29.5276,0.0],[105.5859,29.52642,0.0],[105.5822,29.52663,0.0],[105.58061,29.52365,0.0],[105.58047,29.51876,0.0],[105.58281,29.5177,0.0],[105.58735,29.5208,0.0],[105.59018,29.52054,0.0],[105.59512,29.51481,0.0],[105.59086,29.508,0.0],[105.59436,29.50775,0.0],[105.60394,29.51146,0.0],[105.60994,29.51116,0.0],[105.61654,29.50842,0.0],[105.61773,29.50476,0.0],[105.61768,29.49735,0.0],[105.61891,29.49408,0.0],[105.62244,29.49181,0.0],[105.6268,29.49184,0.0],[105.62834,29.48932,0.0],[105.62629,29.48576,0.0],[105.62731,29.481,0.0],[105.63051,29.48108,0.0],[105.63051,29.48157,0.0],[105.63123,29.48135,0.0],[105.62997,29.47831,0.0],[105.63082,29.47798,0.0],[105.63227,29.47821,0.0],[105.6324,29.47851,0.0],[105.63148,29.47864,0.0],[105.63121,29.47882,0.0],[105.63112,29.47923,0.0],[105.63218,29.47937,0.0],[105.63274,29.47915,0.0],[105.63319,29.47745,0.0],[105.63375,29.47698,0.0],[105.63396,29.47751,0.0],[105.63546,29.47896,0.0],[105.63655,29.48099,0.0],[105.63653,29.48353,0.0],[105.63574,29.48507,0.0],[105.63584,29.48605,0.0],[105.63655,29.48604,0.0],[105.64209,29.48411,0.0],[105.64369,29.48438,0.0],[105.64397,29.48585,0.0],[105.64309,29.48917,0.0],[105.63618,29.49051,0.0],[105.63584,29.49719,0.0],[105.63414,29.49927,0.0],[105.63448,29.50105,0.0],[105.63721,29.50194,0.0],[105.63482,29.5055,0.0],[105.63687,29.50862,0.0],[105.63994,29.50803,0.0],[105.64216,29.50001,0.0],[105.64523,29.49667,0.0],[105.64631,29.49792,0.0],[105.65086,29.49927,0.0],[105.65118,29.50015,0.0],[105.65683,29.50135,0.0],[105.65956,29.50372,0.0],[105.66212,29.50209,0.0],[105.6599,29.49986,0.0],[105.66092,29.49689,0.0],[105.6587,29.49511,0.0],[105.65529,29.49778,0.0],[105.65324,29.49511,0.0],[105.64966,29.48828,0.0],[105.65563,29.48383,0.0],[105.65478,29.48041,0.0],[105.65324,29.47685,0.0],[105.65529,29.47506,0.0],[105.65393,29.47046,0.0],[105.6599,29.46333,0.0],[105.66041,29.46808,0.0],[105.66467,29.46897,0.0],[105.66553,29.46333,0.0],[105.66809,29.46259,0.0],[105.6645,29.46006,0.0],[105.67747,29.45427,0.0],[105.68446,29.45293,0.0],[105.68446,29.44877,0.0],[105.6889,29.451,0.0],[105.68907,29.45635,0.0],[105.69351,29.45783,0.0],[105.69828,29.45828,0.0],[105.70442,29.46482,0.0],[105.70852,29.46511,0.0],[105.7104,29.46749,0.0],[105.71875,29.46259,0.0],[105.722,29.45754,0.0],[105.72131,29.45382,0.0],[105.72455,29.4507,0.0],[105.73106,29.44999,0.0],[105.73315,29.44729,0.0],[105.73523,29.44076,0.0],[105.72678,29.43435,0.0],[105.72767,29.42711,0.0],[105.73053,29.42292,0.0],[105.7307,29.41742,0.0],[105.72596,29.41568,0.0],[105.72707,29.41176,0.0],[105.7191,29.40211,0.0],[105.72165,29.40048,0.0],[105.72735,29.40072,0.0],[105.73096,29.40327,0.0],[105.73786,29.40333,0.0],[105.73717,29.40052,0.0],[105.73011,29.3965,0.0],[105.72848,29.3926,0.0],[105.72452,29.38702,0.0],[105.71936,29.38322,0.0],[105.71728,29.38083,0.0],[105.70979,29.37903,0.0],[105.70285,29.37499,0.0],[105.69691,29.37626,0.0],[105.69186,29.37314,0.0],[105.68786,29.36953,0.0],[105.68012,29.36347,0.0],[105.67081,29.35697,0.0],[105.6623,29.35138,0.0],[105.65671,29.34735,0.0],[105.65004,29.34195,0.0],[105.6455,29.33813,0.0],[105.6404,29.33248,0.0],[105.63369,29.32479,0.0],[105.63045,29.32003,0.0],[105.62879,29.31638,0.0],[105.6279,29.31113,0.0],[105.63091,29.30489,0.0],[105.63523,29.29862,0.0],[105.63934,29.29443,0.0],[105.64368,29.28955,0.0],[105.64806,29.2858,0.0],[105.65294,29.2816,0.0],[105.66044,29.28668,0.0],[105.66937,29.28501,0.0],[105.68061,29.28432,0.0],[105.67729,29.28121,0.0],[105.67673,29.27883,0.0],[105.67726,29.27651,0.0],[105.67512,29.27448,0.0],[105.67309,29.27077,0.0],[105.67117,29.26639,0.0],[105.66957,29.26324,0.0],[105.66616,29.26177,0.0],[105.66405,29.25663,0.0],[105.6536,29.25436,0.0],[105.64914,29.25777,0.0],[105.64742,29.25799,0.0],[105.64247,29.25465,0.0],[105.63536,29.25828,0.0],[105.63526,29.26607,0.0],[105.64217,29.27289,0.0],[105.64221,29.27815,0.0],[105.64074,29.28031,0.0],[105.63523,29.28006,0.0],[105.6276,29.27684,0.0],[105.62378,29.27577,0.0],[105.61807,29.27683,0.0],[105.6149,29.27605,0.0],[105.60781,29.27437,0.0],[105.60241,29.27395,0.0],[105.59819,29.27459,0.0],[105.59384,29.27821,0.0],[105.5761,29.27345,0.0],[105.56835,29.27836,0.0],[105.56442,29.2787,0.0],[105.56406,29.27873,0.0],[105.55338,29.28174,0.0],[105.55221,29.27906,0.0],[105.55272,29.27659,0.0],[105.54948,29.27559,0.0],[105.54204,29.27687,0.0],[105.53737,29.27684,0.0],[105.52641,29.27343,0.0],[105.52117,29.26936,0.0],[105.5189,29.27047,0.0],[105.51631,29.27345,0.0],[105.51498,29.27617,0.0],[105.51352,29.28358,0.0],[105.51113,29.28502,0.0],[105.51003,29.28731,0.0],[105.50591,29.28898,0.0],[105.50252,29.28882,0.0],[105.49566,29.28837,0.0],[105.48504,29.28108,0.0],[105.47973,29.27836,0.0],[105.47421,29.27898,0.0],[105.47168,29.28139,0.0],[105.47247,29.28353,0.0],[105.47243,29.28491,0.0],[105.47163,29.28617,0.0],[105.46794,29.28841,0.0],[105.46197,29.29039,0.0],[105.45666,29.29078,0.0],[105.4552,29.29184,0.0],[105.45604,29.29328,0.0],[105.46136,29.29517,0.0],[105.46207,29.29542,0.0],[105.46406,29.29706,0.0],[105.46923,29.29995,0.0],[105.47321,29.29981,0.0],[105.47801,29.30302,0.0],[105.47694,29.30491,0.0],[105.47238,29.3055,0.0],[105.46985,29.30366,0.0],[105.46799,29.30323,0.0],[105.46613,29.30141,0.0],[105.46393,29.30145,0.0],[105.4634,29.30303,0.0],[105.46331,29.30426,0.0],[105.462,29.30621,0.0],[105.46165,29.30696,0.0],[105.462,29.30819,0.0],[105.46481,29.30898,0.0],[105.46951,29.30959,0.0],[105.46996,29.31017,0.0],[105.47094,29.31251,0.0],[105.47058,29.31352,0.0],[105.46938,29.3141,0.0],[105.46715,29.31414,0.0],[105.46423,29.31356,0.0],[105.46328,29.31418,0.0],[105.46251,29.31554,0.0],[105.46291,29.31692,0.0],[105.46292,29.31875,0.0],[105.46035,29.32051,0.0],[105.45807,29.32285,0.0],[105.45662,29.32427,0.0],[105.45243,29.3281,0.0],[105.45001,29.32841,0.0],[105.44996,29.32489,0.0],[105.44739,29.32106,0.0],[105.44277,29.31935,0.0],[105.44038,29.32361,0.0],[105.43274,29.3224,0.0],[105.42693,29.32032,0.0],[105.42171,29.31734,0.0],[105.41765,29.32039,0.0],[105.41765,29.32282,0.0],[105.4207,29.32829,0.0],[105.41846,29.33291,0.0],[105.41449,29.34535,0.0],[105.41431,29.35453,0.0],[105.4342,29.3684,0.0],[105.43567,29.37336,0.0],[105.42967,29.37897,0.0],[105.42929,29.38219,0.0],[105.44105,29.38993,0.0],[105.43809,29.39622,0.0],[105.44031,29.40194,0.0],[105.43104,29.40896,0.0],[105.42744,29.41307,0.0],[105.42467,29.42193,0.0],[105.41208,29.42709,0.0],[105.41051,29.42177,0.0],[105.40841,29.42103,0.0],[105.3933,29.42636,0.0],[105.36956,29.42383,0.0],[105.3686,29.42685,0.0],[105.37544,29.43176,0.0],[105.38608,29.43563,0.0],[105.38479,29.4425,0.0],[105.38581,29.44393,0.0],[105.39312,29.44079,0.0],[105.39626,29.44192,0.0],[105.39524,29.44643,0.0],[105.3909,29.44836,0.0],[105.39386,29.44981,0.0],[105.38688,29.45898,0.0],[105.38081,29.45827,0.0],[105.37526,29.4615,0.0],[105.35999,29.46085,0.0],[105.35907,29.4482,0.0],[105.35398,29.44683,0.0],[105.35194,29.44724,0.0],[105.34861,29.45151,0.0],[105.34574,29.45304,0.0],[105.34278,29.45223,0.0],[105.34056,29.44691,0.0],[105.33433,29.44458,0.0],[105.33121,29.44433,0.0],[105.32266,29.44968,0.0],[105.32141,29.4532,0.0],[105.32511,29.45562,0.0],[105.33001,29.45642,0.0],[105.33408,29.46013,0.0],[105.33482,29.46399,0.0],[105.33427,29.46778,0.0],[105.32862,29.47455,0.0],[105.32196,29.47664,0.0],[105.31826,29.47849,0.0],[105.31733,29.48365,0.0],[105.31695,29.48732,0.0],[105.32057,29.4979,0.0],[105.31817,29.50934,0.0],[105.3165,29.51498,0.0],[105.30748,29.5259,0.0],[105.30531,29.52919,0.0],[105.30477,29.5295,0.0],[105.30371,29.52923,0.0],[105.30307,29.52927,0.0],[105.30191,29.53043,0.0],[105.3004,29.53183,0.0],[105.30008,29.5322,0.0],[105.30003,29.53294,0.0],[105.30179,29.53422,0.0],[105.30198,29.53496,0.0],[105.30143,29.53519,0.0],[105.29971,29.53485,0.0],[105.29804,29.53584,0.0],[105.29139,29.53697,0.0],[105.29139,29.53799,0.0],[105.28797,29.55153,0.0],[105.28785,29.55346,0.0],[105.28683,29.55555,0.0]]]]}},{"type":"Feature","properties":{"uesi_id":"CHN_R913069","nbhd_code":"CHN_R913069_146","nbhd_name":"Shapingba District"},"geometry":{"type":"MultiPolygon","coordinates":[[[[106.24608,29.55817,0.0],[106.24983,29.57377,0.0],[106.2538,29.58072,0.0],[106.25559,29.58614,0.0],[106.25936,29.5974,0.0],[106.25752,29.60062,0.0],[106.26076,29.60475,0.0],[106.2611,29.60858,0.0],[106.26611,29.61272,0.0],[106.26953,29.6127,0.0],[106.27166,29.61789,0.0],[106.27862,29.62849,0.0],[106.26918,29.63316,0.0],[106.27263,29.63954,0.0],[106.27807,29.6404,0.0],[106.28502,29.63879,0.0],[106.28541,29.64067,0.0],[106.27993,29.64521,0.0],[106.27609,29.64562,0.0],[106.27609,29.64864,0.0],[106.27488,29.65192,0.0],[106.27717,29.65935,0.0],[106.28053,29.65889,0.0],[106.28425,29.66569,0.0],[106.28312,29.66885,0.0],[106.28062,29.66997,0.0],[106.28095,29.67427,0.0],[106.27993,29.67924,0.0],[106.27656,29.67725,0.0],[106.27535,29.67856,0.0],[106.27574,29.68051,0.0],[106.27315,29.68171,0.0],[106.27426,29.68711,0.0],[106.27695,29.70579,0.0],[106.27794,29.70501,0.0],[106.27799,29.70185,0.0],[106.28338,29.70005,0.0],[106.28565,29.7081,0.0],[106.28766,29.70573,0.0],[106.29249,29.70689,0.0],[106.29635,29.71844,0.0],[106.29767,29.72706,0.0],[106.30117,29.73303,0.0],[106.30162,29.73895,0.0],[106.3052,29.73763,0.0],[106.30671,29.74177,0.0],[106.30889,29.74153,0.0],[106.31451,29.7409,0.0],[106.31353,29.73589,0.0],[106.31638,29.73465,0.0],[106.31917,29.73186,0.0],[106.32441,29.73133,0.0],[106.32683,29.73621,0.0],[106.33399,29.73699,0.0],[106.33779,29.73715,0.0],[106.34188,29.73625,0.0],[106.34345,29.73763,0.0],[106.3507,29.73499,0.0],[106.35331,29.73985,0.0],[106.35921,29.73802,0.0],[106.35954,29.73792,0.0],[106.36179,29.73812,0.0],[106.36241,29.73817,0.0],[106.36458,29.73837,0.0],[106.36333,29.74623,0.0],[106.36729,29.74583,0.0],[106.36604,29.74755,0.0],[106.36243,29.74821,0.0],[106.36254,29.74942,0.0],[106.36498,29.75059,0.0],[106.36826,29.74718,0.0],[106.37083,29.74735,0.0],[106.37094,29.74847,0.0],[106.37184,29.74882,0.0],[106.37323,29.74858,0.0],[106.37528,29.74689,0.0],[106.37675,29.74646,0.0],[106.37746,29.74693,0.0],[106.37826,29.74995,0.0],[106.38331,29.74841,0.0],[106.38672,29.74551,0.0],[106.38674,29.74204,0.0],[106.38385,29.74391,0.0],[106.38149,29.74296,0.0],[106.38478,29.7414,0.0],[106.38858,29.73927,0.0],[106.39517,29.74543,0.0],[106.40909,29.74285,0.0],[106.41472,29.75347,0.0],[106.42151,29.74901,0.0],[106.42313,29.75148,0.0],[106.42791,29.75275,0.0],[106.43379,29.7516,0.0],[106.43352,29.74984,0.0],[106.4358,29.74798,0.0],[106.43354,29.74004,0.0],[106.42871,29.72122,0.0],[106.42516,29.71032,0.0],[106.42125,29.69327,0.0],[106.42048,29.68692,0.0],[106.41963,29.68031,0.0],[106.41981,29.6724,0.0],[106.4209,29.65893,0.0],[106.42521,29.65907,0.0],[106.43236,29.6571,0.0],[106.4368,29.65687,0.0],[106.44077,29.65402,0.0],[106.44424,29.66145,0.0],[106.44576,29.66328,0.0],[106.44611,29.66371,0.0],[106.445,29.66506,0.0],[106.44584,29.66593,0.0],[106.44964,29.6653,0.0],[106.4505,29.66955,0.0],[106.4523,29.67005,0.0],[106.45402,29.67174,0.0],[106.45927,29.66629,0.0],[106.46261,29.6625,0.0],[106.46647,29.65813,0.0],[106.46479,29.65187,0.0],[106.45866,29.64387,0.0],[106.4508,29.63705,0.0],[106.44823,29.63402,0.0],[106.44684,29.63142,0.0],[106.44589,29.62805,0.0],[106.44607,29.62376,0.0],[106.45,29.62096,0.0],[106.45534,29.62021,0.0],[106.45841,29.61867,0.0],[106.45797,29.61455,0.0],[106.44888,29.5971,0.0],[106.44628,29.59304,0.0],[106.44669,29.59027,0.0],[106.45,29.58653,0.0],[106.45314,29.58577,0.0],[106.45647,29.58414,0.0],[106.45903,29.58241,0.0],[106.46126,29.58001,0.0],[106.46674,29.57546,0.0],[106.47242,29.56815,0.0],[106.47834,29.56239,0.0],[106.48079,29.55964,0.0],[106.48395,29.55773,0.0],[106.48653,29.55706,0.0],[106.49005,29.55717,0.0],[106.49082,29.55524,0.0],[106.48961,29.55452,0.0],[106.48788,29.55422,0.0],[106.48652,29.5536,0.0],[106.48071,29.55255,0.0],[106.47799,29.55232,0.0],[106.47791,29.55148,0.0],[106.4789,29.55065,0.0],[106.47803,29.55026,0.0],[106.47745,29.55062,0.0],[106.47568,29.54986,0.0],[106.47715,29.549,0.0],[106.47747,29.54714,0.0],[106.47886,29.54658,0.0],[106.47883,29.5459,0.0],[106.47827,29.54543,0.0],[106.47944,29.54431,0.0],[106.47963,29.54288,0.0],[106.47894,29.54239,0.0],[106.47929,29.54141,0.0],[106.47939,29.54042,0.0],[106.477,29.54019,0.0],[106.47564,29.54068,0.0],[106.47562,29.54186,0.0],[106.47417,29.54151,0.0],[106.47439,29.54047,0.0],[106.47246,29.54076,0.0],[106.47333,29.54181,0.0],[106.474,29.54233,0.0],[106.47395,29.54299,0.0],[106.47456,29.544,0.0],[106.47398,29.54434,0.0],[106.47326,29.54288,0.0],[106.47186,29.54235,0.0],[106.47193,29.54301,0.0],[106.47281,29.54395,0.0],[106.47227,29.54462,0.0],[106.47268,29.54519,0.0],[106.47193,29.54583,0.0],[106.47283,29.54701,0.0],[106.47126,29.54755,0.0],[106.47106,29.54583,0.0],[106.47149,29.54427,0.0],[106.47097,29.54309,0.0],[106.47052,29.54207,0.0],[106.47182,29.53942,0.0],[106.47156,29.53756,0.0],[106.47048,29.53764,0.0],[106.47031,29.53811,0.0],[106.46834,29.53841,0.0],[106.46804,29.5376,0.0],[106.46705,29.53811,0.0],[106.46629,29.53747,0.0],[106.46489,29.53792,0.0],[106.46396,29.53717,0.0],[106.4631,29.53737,0.0],[106.46243,29.53694,0.0],[106.46243,29.53769,0.0],[106.4618,29.53752,0.0],[106.46163,29.5366,0.0],[106.46096,29.53638,0.0],[106.461,29.53702,0.0],[106.46,29.53716,0.0],[106.46007,29.53754,0.0],[106.46037,29.53907,0.0],[106.45866,29.53859,0.0],[106.45857,29.53713,0.0],[106.45762,29.53648,0.0],[106.4564,29.53564,0.0],[106.45798,29.53559,0.0],[106.45753,29.53423,0.0],[106.45586,29.53468,0.0],[106.45561,29.53396,0.0],[106.45624,29.53345,0.0],[106.45667,29.53214,0.0],[106.45726,29.53244,0.0],[106.45725,29.52973,0.0],[106.45615,29.52868,0.0],[106.45473,29.52897,0.0],[106.45333,29.52807,0.0],[106.45255,29.52819,0.0],[106.45213,29.52728,0.0],[106.45267,29.5261,0.0],[106.4525,29.52509,0.0],[106.45158,29.52419,0.0],[106.4514,29.52301,0.0],[106.45041,29.5225,0.0],[106.45033,29.52157,0.0],[106.44888,29.52132,0.0],[106.44794,29.52182,0.0],[106.44836,29.52046,0.0],[106.44936,29.51987,0.0],[106.4482,29.51942,0.0],[106.44809,29.51785,0.0],[106.44768,29.51749,0.0],[106.44759,29.5159,0.0],[106.44581,29.5149,0.0],[106.44511,29.51509,0.0],[106.4449,29.51364,0.0],[106.44397,29.51252,0.0],[106.44446,29.51126,0.0],[106.44511,29.51,0.0],[106.4447,29.50952,0.0],[106.44484,29.50915,0.0],[106.4456,29.50886,0.0],[106.44592,29.50872,0.0],[106.4447,29.50783,0.0],[106.444,29.50809,0.0],[106.44365,29.50758,0.0],[106.44438,29.50701,0.0],[106.44409,29.50605,0.0],[106.44472,29.50503,0.0],[106.44392,29.50451,0.0],[106.44372,29.5049,0.0],[106.44323,29.50486,0.0],[106.44325,29.50384,0.0],[106.44372,29.50309,0.0],[106.44346,29.50271,0.0],[106.44368,29.50218,0.0],[106.44328,29.50188,0.0],[106.44276,29.50311,0.0],[106.44214,29.50277,0.0],[106.44125,29.50373,0.0],[106.44014,29.50199,0.0],[106.44078,29.50067,0.0],[106.44041,29.49988,0.0],[106.43896,29.49919,0.0],[106.43888,29.49904,0.0],[106.43948,29.49865,0.0],[106.43934,29.4981,0.0],[106.43864,29.49834,0.0],[106.43908,29.49653,0.0],[106.43771,29.49662,0.0],[106.43672,29.49798,0.0],[106.43513,29.49814,0.0],[106.43519,29.49911,0.0],[106.4343,29.49915,0.0],[106.43188,29.49681,0.0],[106.43171,29.49766,0.0],[106.43046,29.49776,0.0],[106.43029,29.50034,0.0],[106.42937,29.50055,0.0],[106.42927,29.4997,0.0],[106.42885,29.49985,0.0],[106.42879,29.50057,0.0],[106.42809,29.50134,0.0],[106.4276,29.50139,0.0],[106.42736,29.50083,0.0],[106.42647,29.50131,0.0],[106.42519,29.50099,0.0],[106.42362,29.50115,0.0],[106.42354,29.50046,0.0],[106.42377,29.49937,0.0],[106.42266,29.49956,0.0],[106.4224,29.49905,0.0],[106.42234,29.49759,0.0],[106.4216,29.49657,0.0],[106.42137,29.49576,0.0],[106.42053,29.49597,0.0],[106.42017,29.49629,0.0],[106.41937,29.49644,0.0],[106.41861,29.49596,0.0],[106.41658,29.49645,0.0],[106.41626,29.49617,0.0],[106.41615,29.49556,0.0],[106.41542,29.49537,0.0],[106.4135,29.49456,0.0],[106.41276,29.49456,0.0],[106.41144,29.49512,0.0],[106.40884,29.49523,0.0],[106.40699,29.49515,0.0],[106.40504,29.4954,0.0],[106.40422,29.4945,0.0],[106.4031,29.49487,0.0],[106.4029,29.49536,0.0],[106.40252,29.49576,0.0],[106.40303,29.49697,0.0],[106.40295,29.49868,0.0],[106.4024,29.49986,0.0],[106.40232,29.50082,0.0],[106.40287,29.50154,0.0],[106.40292,29.50218,0.0],[106.40261,29.50279,0.0],[106.4027,29.50346,0.0],[106.40277,29.50469,0.0],[106.40319,29.50462,0.0],[106.40371,29.50368,0.0],[106.40515,29.50362,0.0],[106.40576,29.50423,0.0],[106.40651,29.50369,0.0],[106.4068,29.50381,0.0],[106.4067,29.50607,0.0],[106.40709,29.50716,0.0],[106.40718,29.50854,0.0],[106.40557,29.50845,0.0],[106.40565,29.51025,0.0],[106.40638,29.51093,0.0],[106.40739,29.51138,0.0],[106.40733,29.51211,0.0],[106.40664,29.51255,0.0],[106.40686,29.51292,0.0],[106.40782,29.51268,0.0],[106.40815,29.51348,0.0],[106.40773,29.51412,0.0],[106.40805,29.51486,0.0],[106.40764,29.51636,0.0],[106.40802,29.51694,0.0],[106.40828,29.51772,0.0],[106.40815,29.51864,0.0],[106.40837,29.52034,0.0],[106.40811,29.52149,0.0],[106.40852,29.5221,0.0],[106.40841,29.52332,0.0],[106.4087,29.52427,0.0],[106.40855,29.5268,0.0],[106.40895,29.52873,0.0],[106.40835,29.52974,0.0],[106.40906,29.53056,0.0],[106.40851,29.53111,0.0],[106.40873,29.53192,0.0],[106.40979,29.53314,0.0],[106.40919,29.53402,0.0],[106.40993,29.53407,0.0],[106.40948,29.53484,0.0],[106.40948,29.53605,0.0],[106.40916,29.53694,0.0],[106.41031,29.53835,0.0],[106.41008,29.53981,0.0],[106.40919,29.54095,0.0],[106.41049,29.54282,0.0],[106.41029,29.54351,0.0],[106.40913,29.54362,0.0],[106.40875,29.54317,0.0],[106.40838,29.54353,0.0],[106.40455,29.54365,0.0],[106.40261,29.544,0.0],[106.40164,29.54381,0.0],[106.40003,29.542,0.0],[106.39999,29.54116,0.0],[106.39787,29.54407,0.0],[106.39532,29.54505,0.0],[106.39501,29.54647,0.0],[106.39423,29.54728,0.0],[106.39472,29.54957,0.0],[106.39487,29.55199,0.0],[106.39416,29.55228,0.0],[106.39312,29.55205,0.0],[106.39287,29.55218,0.0],[106.39252,29.55234,0.0],[106.39242,29.5524,0.0],[106.39023,29.54762,0.0],[106.3904,29.54597,0.0],[106.3909,29.54507,0.0],[106.39162,29.54515,0.0],[106.39228,29.54625,0.0],[106.39254,29.54601,0.0],[106.39237,29.5454,0.0],[106.39246,29.54446,0.0],[106.39188,29.5396,0.0],[106.39119,29.53925,0.0],[106.38947,29.53986,0.0],[106.38878,29.54141,0.0],[106.38753,29.54099,0.0],[106.38759,29.54254,0.0],[106.38581,29.54303,0.0],[106.38571,29.54216,0.0],[106.38509,29.54171,0.0],[106.38381,29.54188,0.0],[106.38347,29.54104,0.0],[106.38266,29.54147,0.0],[106.38156,29.53829,0.0],[106.38023,29.53782,0.0],[106.37889,29.538,0.0],[106.37819,29.53768,0.0],[106.37739,29.53828,0.0],[106.37625,29.53817,0.0],[106.37349,29.54026,0.0],[106.37485,29.54075,0.0],[106.3752,29.54173,0.0],[106.37474,29.54351,0.0],[106.37422,29.54219,0.0],[106.37349,29.54213,0.0],[106.37254,29.5426,0.0],[106.37285,29.54337,0.0],[106.37425,29.54406,0.0],[106.37445,29.54496,0.0],[106.37444,29.54503,0.0],[106.37436,29.5461,0.0],[106.37488,29.54732,0.0],[106.37439,29.54763,0.0],[106.37469,29.54865,0.0],[106.37422,29.54948,0.0],[106.37431,29.54979,0.0],[106.3743,29.5503,0.0],[106.37355,29.55064,0.0],[106.37314,29.55051,0.0],[106.37294,29.55045,0.0],[106.37126,29.55051,0.0],[106.37083,29.55025,0.0],[106.3708,29.54944,0.0],[106.36978,29.549,0.0],[106.36853,29.54914,0.0],[106.36811,29.54945,0.0],[106.36845,29.5497,0.0],[106.36871,29.55001,0.0],[106.36837,29.55056,0.0],[106.36865,29.55172,0.0],[106.3679,29.55345,0.0],[106.36704,29.55363,0.0],[106.36708,29.55297,0.0],[106.36504,29.55366,0.0],[106.36321,29.55398,0.0],[106.36072,29.55581,0.0],[106.35967,29.55654,0.0],[106.35811,29.55698,0.0],[106.35714,29.5573,0.0],[106.35555,29.55974,0.0],[106.35476,29.56026,0.0],[106.3541,29.56103,0.0],[106.35308,29.56147,0.0],[106.35242,29.56217,0.0],[106.35143,29.5623,0.0],[106.35103,29.56156,0.0],[106.35146,29.56043,0.0],[106.351,29.55965,0.0],[106.35118,29.55894,0.0],[106.35111,29.55859,0.0],[106.35056,29.55884,0.0],[106.35007,29.5594,0.0],[106.34902,29.55955,0.0],[106.34805,29.56155,0.0],[106.34575,29.56098,0.0],[106.34442,29.56009,0.0],[106.33961,29.5576,0.0],[106.34062,29.55629,0.0],[106.34019,29.55597,0.0],[106.33889,29.55592,0.0],[106.33839,29.55529,0.0],[106.33741,29.555,0.0],[106.33654,29.55525,0.0],[106.33633,29.55505,0.0],[106.33662,29.55462,0.0],[106.33636,29.55384,0.0],[106.33601,29.55209,0.0],[106.33525,29.5511,0.0],[106.33398,29.55013,0.0],[106.33364,29.54958,0.0],[106.3321,29.54872,0.0],[106.33135,29.54731,0.0],[106.33064,29.54659,0.0],[106.32903,29.54663,0.0],[106.32711,29.54715,0.0],[106.32682,29.5476,0.0],[106.32639,29.54735,0.0],[106.32554,29.5478,0.0],[106.32529,29.54731,0.0],[106.32566,29.54682,0.0],[106.32532,29.54596,0.0],[106.32558,29.5452,0.0],[106.32433,29.54566,0.0],[106.32355,29.54671,0.0],[106.32343,29.54759,0.0],[106.32441,29.54766,0.0],[106.32438,29.54831,0.0],[106.32371,29.54861,0.0],[106.32345,29.54802,0.0],[106.32284,29.54803,0.0],[106.32248,29.5474,0.0],[106.32212,29.54799,0.0],[106.32212,29.54916,0.0],[106.32178,29.54902,0.0],[106.32181,29.54778,0.0],[106.32135,29.54727,0.0],[106.32105,29.54728,0.0],[106.32111,29.54772,0.0],[106.32099,29.54784,0.0],[106.32094,29.54863,0.0],[106.32068,29.54898,0.0],[106.32057,29.54865,0.0],[106.32053,29.54856,0.0],[106.32045,29.54833,0.0],[106.31929,29.54705,0.0],[106.31861,29.54699,0.0],[106.31801,29.54736,0.0],[106.31723,29.54728,0.0],[106.31624,29.54743,0.0],[106.31581,29.54686,0.0],[106.31494,29.54643,0.0],[106.31511,29.54533,0.0],[106.31453,29.54524,0.0],[106.31442,29.5459,0.0],[106.3141,29.54637,0.0],[106.31368,29.54651,0.0],[106.31342,29.54678,0.0],[106.31232,29.54641,0.0],[106.31297,29.54539,0.0],[106.31287,29.54515,0.0],[106.31166,29.54578,0.0],[106.31131,29.54667,0.0],[106.31052,29.54689,0.0],[106.30994,29.54747,0.0],[106.30905,29.5474,0.0],[106.30847,29.54697,0.0],[106.30861,29.54629,0.0],[106.30769,29.54634,0.0],[106.30853,29.54458,0.0],[106.3072,29.54456,0.0],[106.30711,29.54381,0.0],[106.30643,29.54341,0.0],[106.30537,29.54367,0.0],[106.30519,29.5446,0.0],[106.30491,29.54483,0.0],[106.30455,29.54408,0.0],[106.30357,29.54341,0.0],[106.30253,29.54362,0.0],[106.3016,29.54232,0.0],[106.30122,29.54337,0.0],[106.30149,29.54396,0.0],[106.3012,29.54414,0.0],[106.3007,29.54378,0.0],[106.30111,29.54209,0.0],[106.30044,29.54118,0.0],[106.29985,29.54107,0.0],[106.29963,29.54179,0.0],[106.29859,29.54047,0.0],[106.29789,29.5405,0.0],[106.29771,29.54114,0.0],[106.29717,29.54108,0.0],[106.2969,29.54041,0.0],[106.29647,29.54039,0.0],[106.2967,29.54156,0.0],[106.29659,29.54201,0.0],[106.29598,29.54149,0.0],[106.2956,29.54167,0.0],[106.29557,29.54266,0.0],[106.29513,29.54269,0.0],[106.29517,29.54375,0.0],[106.29482,29.5444,0.0],[106.29375,29.54521,0.0],[106.29331,29.54381,0.0],[106.29372,29.54307,0.0],[106.29192,29.54311,0.0],[106.29053,29.54266,0.0],[106.29113,29.54192,0.0],[106.29055,29.54057,0.0],[106.29133,29.53892,0.0],[106.29141,29.53756,0.0],[106.29008,29.53734,0.0],[106.29038,29.53501,0.0],[106.28951,29.53347,0.0],[106.28731,29.53272,0.0],[106.2823,29.53516,0.0],[106.28062,29.53516,0.0],[106.28058,29.53324,0.0],[106.27885,29.53302,0.0],[106.27885,29.53185,0.0],[106.27764,29.53185,0.0],[106.27742,29.53276,0.0],[106.27596,29.53276,0.0],[106.27578,29.53223,0.0],[106.27341,29.53272,0.0],[106.27298,29.53324,0.0],[106.2719,29.53321,0.0],[106.27095,29.53148,0.0],[106.26875,29.5317,0.0],[106.26836,29.5299,0.0],[106.26564,29.52952,0.0],[106.26546,29.53167,0.0],[106.26331,29.53013,0.0],[106.26154,29.52858,0.0],[106.26015,29.52742,0.0],[106.25946,29.52892,0.0],[106.26002,29.53099,0.0],[106.25717,29.53133,0.0],[106.25683,29.53486,0.0],[106.25355,29.5346,0.0],[106.25407,29.53302,0.0],[106.25299,29.53238,0.0],[106.25195,29.53306,0.0],[106.25143,29.53463,0.0],[106.24934,29.53505,0.0],[106.24841,29.54094,0.0],[106.24927,29.55109,0.0],[106.24608,29.55817,0.0]]]]}},{"type":"Feature","properties":{"uesi_id":"CHN_R913069","nbhd_code":"CHN_R913069_147","nbhd_name":"Shizhu Tujia Autonomous County"},"geometry":{"type":"MultiPolygon","coordinates":[[[[107.98613,29.97037,0.0],[107.98711,29.97469,0.0],[107.98971,29.97942,0.0],[107.99281,29.98391,0.0],[107.9965,29.98572,0.0],[108.0,29.9849,0.0],[108.00245,29.98137,0.0],[108.00618,29.9786,0.0],[108.00671,29.9782,0.0],[108.00883,29.97661,0.0],[108.01229,29.97481,0.0],[108.01546,29.97438,0.0],[108.01764,29.98074,0.0],[108.02211,29.98547,0.0],[108.02566,29.98837,0.0],[108.02853,29.99217,0.0],[108.02611,29.99732,0.0],[108.0257,30.00453,0.0],[108.02144,30.0077,0.0],[108.01823,30.01089,0.0],[108.01476,30.01476,0.0],[108.01509,30.01783,0.0],[108.01538,30.02607,0.0],[108.02285,30.02915,0.0],[108.02222,30.03328,0.0],[108.0119,30.04493,0.0],[108.00652,30.04268,0.0],[108.00673,30.04773,0.0],[108.00642,30.05163,0.0],[108.00415,30.05893,0.0],[108.00597,30.0617,0.0],[108.00854,30.06723,0.0],[108.0106,30.07207,0.0],[108.01397,30.07715,0.0],[108.01708,30.08223,0.0],[108.01997,30.08409,0.0],[108.02343,30.08183,0.0],[108.02478,30.07932,0.0],[108.02904,30.0773,0.0],[108.03356,30.07436,0.0],[108.03992,30.07351,0.0],[108.04362,30.07378,0.0],[108.04835,30.07612,0.0],[108.0528,30.07914,0.0],[108.05541,30.08169,0.0],[108.05775,30.08561,0.0],[108.06194,30.08886,0.0],[108.06585,30.09349,0.0],[108.06976,30.09811,0.0],[108.0742,30.10297,0.0],[108.07785,30.10759,0.0],[108.08173,30.11451,0.0],[108.08353,30.11843,0.0],[108.08507,30.12349,0.0],[108.08661,30.1274,0.0],[108.0863,30.13107,0.0],[108.08547,30.13427,0.0],[108.08489,30.13839,0.0],[108.0838,30.14159,0.0],[108.08138,30.14547,0.0],[108.07841,30.14957,0.0],[108.07362,30.15227,0.0],[108.07015,30.15499,0.0],[108.06349,30.15929,0.0],[108.0579,30.16221,0.0],[108.05577,30.16357,0.0],[108.05759,30.16565,0.0],[108.06102,30.16683,0.0],[108.06524,30.16802,0.0],[108.06968,30.17288,0.0],[108.07203,30.17588,0.0],[108.07568,30.18004,0.0],[108.08014,30.1833,0.0],[108.08381,30.18677,0.0],[108.08562,30.18977,0.0],[108.08796,30.19392,0.0],[108.09003,30.19738,0.0],[108.0913,30.20198,0.0],[108.0939,30.20613,0.0],[108.09652,30.20868,0.0],[108.09915,30.20985,0.0],[108.10179,30.21079,0.0],[108.10549,30.21106,0.0],[108.10815,30.21016,0.0],[108.11187,30.20882,0.0],[108.11611,30.20795,0.0],[108.12247,30.20686,0.0],[108.12618,30.20667,0.0],[108.12884,30.206,0.0],[108.13095,30.20625,0.0],[108.13359,30.20696,0.0],[108.13648,30.20882,0.0],[108.13432,30.2127,0.0],[108.13168,30.21291,0.0],[108.12769,30.21379,0.0],[108.12319,30.21398,0.0],[108.11868,30.21577,0.0],[108.11971,30.21807,0.0],[108.12154,30.22015,0.0],[108.12203,30.22314,0.0],[108.12121,30.22565,0.0],[108.11802,30.22654,0.0],[108.11512,30.22537,0.0],[108.1109,30.22418,0.0],[108.10799,30.2237,0.0],[108.10349,30.22365,0.0],[108.10083,30.22523,0.0],[108.09842,30.22773,0.0],[108.09679,30.23093,0.0],[108.0957,30.23413,0.0],[108.09354,30.23732,0.0],[108.0919,30.24212,0.0],[108.09399,30.24489,0.0],[108.09634,30.24698,0.0],[108.0995,30.24907,0.0],[108.10239,30.25047,0.0],[108.10608,30.25234,0.0],[108.10871,30.25374,0.0],[108.11217,30.25286,0.0],[108.11378,30.24989,0.0],[108.11541,30.24716,0.0],[108.11729,30.24465,0.0],[108.11998,30.24101,0.0],[108.12101,30.24331,0.0],[108.12178,30.24584,0.0],[108.12279,30.25021,0.0],[108.1238,30.25411,0.0],[108.12508,30.25802,0.0],[108.12559,30.26055,0.0],[108.12794,30.26333,0.0],[108.13189,30.26497,0.0],[108.13425,30.26705,0.0],[108.13634,30.26959,0.0],[108.13657,30.27304,0.0],[108.13627,30.27624,0.0],[108.13435,30.28173,0.0],[108.13061,30.28491,0.0],[108.12656,30.29129,0.0],[108.12521,30.29449,0.0],[108.12226,30.29696,0.0],[108.12476,30.29949,0.0],[108.12649,30.30065,0.0],[108.1297,30.30016,0.0],[108.13127,30.30089,0.0],[108.13549,30.30185,0.0],[108.13848,30.30222,0.0],[108.1401,30.30321,0.0],[108.14502,30.30416,0.0],[108.14743,30.30789,0.0],[108.15156,30.31108,0.0],[108.15838,30.32066,0.0],[108.15968,30.32243,0.0],[108.1625,30.32395,0.0],[108.16035,30.32737,0.0],[108.15691,30.33719,0.0],[108.1473,30.33949,0.0],[108.13675,30.33606,0.0],[108.12848,30.33374,0.0],[108.12105,30.33435,0.0],[108.11442,30.33498,0.0],[108.10938,30.33562,0.0],[108.08817,30.34316,0.0],[108.0838,30.35039,0.0],[108.08489,30.35597,0.0],[108.08926,30.35935,0.0],[108.11932,30.3621,0.0],[108.13217,30.36744,0.0],[108.14046,30.38238,0.0],[108.14419,30.39346,0.0],[108.15348,30.40501,0.0],[108.16817,30.41245,0.0],[108.1803,30.41621,0.0],[108.19566,30.41152,0.0],[108.2065,30.41192,0.0],[108.21627,30.42046,0.0],[108.21981,30.42031,0.0],[108.22381,30.41805,0.0],[108.22993,30.41604,0.0],[108.23163,30.41143,0.0],[108.24219,30.41018,0.0],[108.24858,30.40771,0.0],[108.25469,30.39282,0.0],[108.25814,30.39316,0.0],[108.27011,30.40697,0.0],[108.27448,30.41005,0.0],[108.28945,30.40295,0.0],[108.2918,30.40807,0.0],[108.29626,30.41292,0.0],[108.30074,30.41708,0.0],[108.30491,30.42399,0.0],[108.31015,30.43091,0.0],[108.31486,30.43852,0.0],[108.32063,30.4459,0.0],[108.32587,30.45167,0.0],[108.32903,30.45559,0.0],[108.3327,30.46044,0.0],[108.33007,30.46317,0.0],[108.33232,30.46921,0.0],[108.33647,30.47474,0.0],[108.34064,30.48096,0.0],[108.34184,30.48742,0.0],[108.34874,30.4961,0.0],[108.35562,30.50895,0.0],[108.36073,30.51636,0.0],[108.36758,30.52592,0.0],[108.37121,30.5297,0.0],[108.37409,30.53721,0.0],[108.37958,30.53976,0.0],[108.38508,30.53972,0.0],[108.38953,30.53877,0.0],[108.39645,30.54553,0.0],[108.40044,30.5511,0.0],[108.4046,30.54907,0.0],[108.40645,30.54393,0.0],[108.40543,30.5361,0.0],[108.39514,30.53168,0.0],[108.39634,30.52741,0.0],[108.39547,30.5243,0.0],[108.39958,30.51855,0.0],[108.40588,30.52056,0.0],[108.40661,30.51519,0.0],[108.40676,30.50986,0.0],[108.4091,30.50562,0.0],[108.42304,30.51612,0.0],[108.42564,30.51113,0.0],[108.41798,30.50399,0.0],[108.41624,30.49777,0.0],[108.41632,30.49624,0.0],[108.41679,30.49511,0.0],[108.418,30.49316,0.0],[108.41893,30.49157,0.0],[108.41807,30.49114,0.0],[108.41744,30.49036,0.0],[108.41725,30.48817,0.0],[108.41599,30.48794,0.0],[108.41412,30.48727,0.0],[108.41342,30.4865,0.0],[108.41275,30.48517,0.0],[108.4132,30.48414,0.0],[108.41296,30.48299,0.0],[108.41044,30.48207,0.0],[108.41037,30.47988,0.0],[108.40947,30.47852,0.0],[108.41167,30.4751,0.0],[108.41173,30.47351,0.0],[108.41128,30.46991,0.0],[108.41614,30.46862,0.0],[108.41436,30.46081,0.0],[108.41773,30.4526,0.0],[108.41651,30.4497,0.0],[108.41315,30.44906,0.0],[108.40868,30.44544,0.0],[108.40661,30.43996,0.0],[108.41044,30.43504,0.0],[108.41847,30.43053,0.0],[108.42539,30.41869,0.0],[108.42426,30.41595,0.0],[108.4168,30.4138,0.0],[108.41651,30.40951,0.0],[108.41782,30.40347,0.0],[108.42006,30.40081,0.0],[108.41801,30.39605,0.0],[108.4139,30.39493,0.0],[108.40512,30.39372,0.0],[108.39895,30.3942,0.0],[108.39559,30.39243,0.0],[108.39577,30.38985,0.0],[108.39788,30.38478,0.0],[108.39755,30.37978,0.0],[108.39605,30.37736,0.0],[108.40241,30.37663,0.0],[108.41119,30.37051,0.0],[108.41941,30.36809,0.0],[108.42474,30.36208,0.0],[108.42707,30.35616,0.0],[108.43846,30.35729,0.0],[108.4478,30.35608,0.0],[108.45117,30.36011,0.0],[108.45683,30.36092,0.0],[108.46098,30.35528,0.0],[108.4648,30.34569,0.0],[108.47928,30.33754,0.0],[108.48059,30.33432,0.0],[108.48517,30.33085,0.0],[108.48956,30.32601,0.0],[108.49423,30.31948,0.0],[108.49975,30.31709,0.0],[108.50101,30.318,0.0],[108.50319,30.31789,0.0],[108.50576,30.31623,0.0],[108.50668,30.31635,0.0],[108.50747,30.31857,0.0],[108.50886,30.31902,0.0],[108.51077,30.31891,0.0],[108.514,30.31737,0.0],[108.51723,30.31362,0.0],[108.51881,30.31333,0.0],[108.5198,30.31271,0.0],[108.51934,30.31157,0.0],[108.52277,30.30821,0.0],[108.51934,30.30496,0.0],[108.52215,30.30266,0.0],[108.51914,30.30073,0.0],[108.52008,30.29912,0.0],[108.5201,30.29755,0.0],[108.52531,30.29821,0.0],[108.52615,30.29652,0.0],[108.5282,30.29564,0.0],[108.52997,30.29387,0.0],[108.52857,30.29218,0.0],[108.52932,30.29032,0.0],[108.5302,30.28583,0.0],[108.53379,30.28243,0.0],[108.53771,30.28243,0.0],[108.54181,30.27978,0.0],[108.54116,30.27358,0.0],[108.54745,30.26806,0.0],[108.55794,30.26633,0.0],[108.56092,30.25949,0.0],[108.56418,30.2586,0.0],[108.57323,30.25997,0.0],[108.57705,30.25957,0.0],[108.57761,30.25683,0.0],[108.57407,30.24808,0.0],[108.5695,30.24145,0.0],[108.56391,30.23968,0.0],[108.56168,30.23255,0.0],[108.56458,30.22766,0.0],[108.55505,30.19698,0.0],[108.54964,30.17723,0.0],[108.54777,30.16769,0.0],[108.55729,30.16168,0.0],[108.56279,30.16103,0.0],[108.55708,30.14675,0.0],[108.54331,30.11146,0.0],[108.52973,30.08811,0.0],[108.52832,30.07759,0.0],[108.52436,30.07545,0.0],[108.52089,30.07684,0.0],[108.51148,30.06794,0.0],[108.50884,30.05871,0.0],[108.51135,30.05669,0.0],[108.52052,30.06183,0.0],[108.52262,30.06269,0.0],[108.52662,30.06007,0.0],[108.52746,30.05572,0.0],[108.52139,30.05315,0.0],[108.52126,30.0509,0.0],[108.52461,30.05122,0.0],[108.52746,30.04854,0.0],[108.52584,30.04554,0.0],[108.52423,30.02945,0.0],[108.52506,30.00817,0.0],[108.53266,30.00693,0.0],[108.53736,30.0021,0.0],[108.53848,29.99373,0.0],[108.53279,29.98827,0.0],[108.52931,29.97485,0.0],[108.52399,29.96594,0.0],[108.51358,29.94552,0.0],[108.51148,29.93224,0.0],[108.5199,29.91495,0.0],[108.51965,29.90969,0.0],[108.51618,29.9069,0.0],[108.51998,29.90041,0.0],[108.51903,29.89627,0.0],[108.51234,29.89004,0.0],[108.51544,29.87791,0.0],[108.51356,29.87009,0.0],[108.51123,29.86974,0.0],[108.50801,29.87458,0.0],[108.50714,29.87844,0.0],[108.50503,29.88166,0.0],[108.50144,29.88381,0.0],[108.49371,29.88317,0.0],[108.48985,29.877,0.0],[108.48769,29.87146,0.0],[108.47753,29.87039,0.0],[108.46037,29.86763,0.0],[108.45264,29.86835,0.0],[108.44954,29.87586,0.0],[108.42666,29.88475,0.0],[108.42031,29.88252,0.0],[108.42117,29.8764,0.0],[108.40829,29.86835,0.0],[108.40333,29.86169,0.0],[108.39886,29.86041,0.0],[108.39293,29.86254,0.0],[108.38784,29.86758,0.0],[108.38203,29.8648,0.0],[108.38735,29.85793,0.0],[108.37546,29.84965,0.0],[108.36741,29.846,0.0],[108.36605,29.84256,0.0],[108.36815,29.83837,0.0],[108.36553,29.83669,0.0],[108.36258,29.82343,0.0],[108.37212,29.82107,0.0],[108.3896,29.8197,0.0],[108.38351,29.80974,0.0],[108.38357,29.80332,0.0],[108.38044,29.7987,0.0],[108.37654,29.79271,0.0],[108.37499,29.78857,0.0],[108.37295,29.78122,0.0],[108.36827,29.77292,0.0],[108.36223,29.77055,0.0],[108.35702,29.76435,0.0],[108.35724,29.76135,0.0],[108.36048,29.75423,0.0],[108.36052,29.75096,0.0],[108.36023,29.74484,0.0],[108.36271,29.7422,0.0],[108.36356,29.73304,0.0],[108.365,29.72473,0.0],[108.36583,29.72038,0.0],[108.36873,29.71599,0.0],[108.36298,29.71734,0.0],[108.36036,29.71907,0.0],[108.35377,29.7214,0.0],[108.34692,29.72426,0.0],[108.34182,29.72008,0.0],[108.33163,29.7153,0.0],[108.32133,29.71405,0.0],[108.31159,29.72471,0.0],[108.30705,29.72497,0.0],[108.3007,29.72859,0.0],[108.29491,29.73616,0.0],[108.29232,29.7294,0.0],[108.27827,29.73185,0.0],[108.27367,29.73422,0.0],[108.2672,29.73359,0.0],[108.26376,29.73494,0.0],[108.26431,29.74017,0.0],[108.25179,29.74723,0.0],[108.24914,29.74835,0.0],[108.24216,29.75421,0.0],[108.2383,29.74824,0.0],[108.22963,29.75002,0.0],[108.22135,29.74962,0.0],[108.21864,29.74236,0.0],[108.21577,29.73889,0.0],[108.21677,29.7367,0.0],[108.22048,29.72737,0.0],[108.21352,29.71942,0.0],[108.21674,29.71608,0.0],[108.21566,29.71166,0.0],[108.21156,29.71271,0.0],[108.20721,29.70642,0.0],[108.2017,29.7044,0.0],[108.19958,29.70061,0.0],[108.19949,29.6954,0.0],[108.20531,29.69197,0.0],[108.20298,29.68833,0.0],[108.20026,29.68517,0.0],[108.19958,29.6786,0.0],[108.19286,29.67704,0.0],[108.19148,29.6697,0.0],[108.18193,29.66963,0.0],[108.17966,29.66609,0.0],[108.17126,29.66326,0.0],[108.16368,29.65838,0.0],[108.1611,29.65465,0.0],[108.15064,29.64675,0.0],[108.14622,29.65067,0.0],[108.14284,29.65379,0.0],[108.14051,29.65885,0.0],[108.13861,29.66457,0.0],[108.14435,29.66898,0.0],[108.15244,29.67525,0.0],[108.15233,29.68223,0.0],[108.16315,29.68292,0.0],[108.1655,29.68477,0.0],[108.17021,29.6878,0.0],[108.17201,29.69194,0.0],[108.17301,29.697,0.0],[108.17163,29.70364,0.0],[108.16842,29.70843,0.0],[108.16573,29.71345,0.0],[108.16438,29.71642,0.0],[108.1646,29.72101,0.0],[108.16771,29.72585,0.0],[108.17665,29.73585,0.0],[108.17077,29.73551,0.0],[108.16889,29.73802,0.0],[108.16621,29.74327,0.0],[108.16457,29.74876,0.0],[108.16692,29.75085,0.0],[108.17162,29.75456,0.0],[108.17582,29.75209,0.0],[108.18002,29.74682,0.0],[108.18529,29.74659,0.0],[108.18975,29.75571,0.0],[108.19604,29.76166,0.0],[108.20206,29.76676,0.0],[108.2036,29.7709,0.0],[108.21278,29.78026,0.0],[108.2072,29.78718,0.0],[108.20211,29.7874,0.0],[108.19736,29.78828,0.0],[108.1926,29.78915,0.0],[108.1881,29.79209,0.0],[108.18699,29.7969,0.0],[108.18668,29.80103,0.0],[108.18136,29.80561,0.0],[108.18553,29.80973,0.0],[108.18903,29.81533,0.0],[108.18498,29.82359,0.0],[108.17484,29.82432,0.0],[108.17188,29.83002,0.0],[108.17052,29.83391,0.0],[108.16813,29.83961,0.0],[108.16588,29.84345,0.0],[108.15732,29.83873,0.0],[108.15363,29.83491,0.0],[108.15021,29.83419,0.0],[108.14522,29.83231,0.0],[108.14229,29.83503,0.0],[108.1404,29.83937,0.0],[108.14227,29.84748,0.0],[108.1366,29.84897,0.0],[108.13366,29.85262,0.0],[108.12996,29.85373,0.0],[108.12599,29.85461,0.0],[108.11967,29.85317,0.0],[108.1131,29.85196,0.0],[108.10706,29.84984,0.0],[108.09944,29.84679,0.0],[108.09157,29.8435,0.0],[108.08474,29.84114,0.0],[108.07999,29.84064,0.0],[108.07497,29.84265,0.0],[108.0725,29.84852,0.0],[108.06772,29.85089,0.0],[108.05634,29.85669,0.0],[108.05658,29.85899,0.0],[108.05996,29.86292,0.0],[108.06754,29.86873,0.0],[108.06935,29.87196,0.0],[108.06985,29.87449,0.0],[108.06849,29.87768,0.0],[108.06555,29.88133,0.0],[108.06155,29.88518,0.0],[108.05518,29.88833,0.0],[108.0504,29.89058,0.0],[108.0427,29.89486,0.0],[108.03817,29.89872,0.0],[108.03321,29.90502,0.0],[108.03536,29.90655,0.0],[108.03814,29.9071,0.0],[108.04038,29.90657,0.0],[108.04057,29.90556,0.0],[108.04131,29.90494,0.0],[108.04229,29.90465,0.0],[108.04396,29.90586,0.0],[108.04531,29.90743,0.0],[108.0466,29.90881,0.0],[108.04563,29.91151,0.0],[108.04189,29.91477,0.0],[108.03647,29.91374,0.0],[108.03382,29.91376,0.0],[108.03211,29.91416,0.0],[108.03119,29.91533,0.0],[108.02919,29.92133,0.0],[108.02727,29.92751,0.0],[108.02242,29.93595,0.0],[108.01971,29.94188,0.0],[108.01623,29.94598,0.0],[108.01142,29.95005,0.0],[108.00504,29.95366,0.0],[108.0,29.9533,0.0],[107.99745,29.95805,0.0],[107.99381,29.95932,0.0],[107.98994,29.96106,0.0],[107.98715,29.96368,0.0],[107.98624,29.96692,0.0],[107.98613,29.97037,0.0]]]]}},{"type":"Feature","properties":{"uesi_id":"CHN_R913069","nbhd_code":"CHN_R913069_148","nbhd_name":"Tongliang District"},"geometry":{"type":"MultiPolygon","coordinates":[[[[105.77531,29.81677,0.0],[105.78221,29.82027,0.0],[105.78806,29.83039,0.0],[105.79175,29.83281,0.0],[105.79789,29.83637,0.0],[105.80385,29.83405,0.0],[105.80712,29.83736,0.0],[105.80762,29.84669,0.0],[105.81329,29.8533,0.0],[105.81841,29.85913,0.0],[105.81835,29.86697,0.0],[105.82192,29.8731,0.0],[105.82417,29.8858,0.0],[105.82686,29.88802,0.0],[105.83352,29.88275,0.0],[105.83855,29.88327,0.0],[105.84026,29.89135,0.0],[105.84661,29.89964,0.0],[105.85488,29.8986,0.0],[105.85898,29.90042,0.0],[105.86462,29.89596,0.0],[105.87173,29.89538,0.0],[105.87506,29.90115,0.0],[105.87789,29.89989,0.0],[105.87642,29.89346,0.0],[105.87818,29.89216,0.0],[105.88329,29.894,0.0],[105.89837,29.89328,0.0],[105.89863,29.89058,0.0],[105.89479,29.88814,0.0],[105.89813,29.88272,0.0],[105.90616,29.88352,0.0],[105.90804,29.88122,0.0],[105.90549,29.87505,0.0],[105.90864,29.87089,0.0],[105.91447,29.86915,0.0],[105.92194,29.86999,0.0],[105.9278,29.87568,0.0],[105.92482,29.88304,0.0],[105.9275,29.88652,0.0],[105.93287,29.89541,0.0],[105.93801,29.90316,0.0],[105.9454,29.91162,0.0],[105.938,29.92215,0.0],[105.93415,29.92907,0.0],[105.92927,29.93201,0.0],[105.92675,29.93471,0.0],[105.93297,29.93484,0.0],[105.93726,29.93894,0.0],[105.94022,29.94189,0.0],[105.93904,29.94574,0.0],[105.93548,29.95022,0.0],[105.93134,29.95074,0.0],[105.93001,29.9533,0.0],[105.93282,29.9583,0.0],[105.9306,29.96035,0.0],[105.92815,29.95908,0.0],[105.92548,29.95949,0.0],[105.92182,29.95917,0.0],[105.92098,29.96035,0.0],[105.9226,29.96353,0.0],[105.92089,29.96601,0.0],[105.91805,29.96719,0.0],[105.9158,29.96687,0.0],[105.91172,29.96411,0.0],[105.90915,29.96397,0.0],[105.90717,29.96515,0.0],[105.90638,29.96687,0.0],[105.90669,29.9691,0.0],[105.90816,29.97154,0.0],[105.90737,29.97286,0.0],[105.90607,29.97354,0.0],[105.90382,29.97404,0.0],[105.90303,29.97476,0.0],[105.90314,29.97943,0.0],[105.90424,29.98337,0.0],[105.90696,29.98736,0.0],[105.90879,29.99126,0.0],[105.91015,29.99303,0.0],[105.9124,29.99443,0.0],[105.91224,29.99565,0.0],[105.91078,29.99629,0.0],[105.9069,29.99629,0.0],[105.90246,29.99742,0.0],[105.89968,29.99919,0.0],[105.89843,30.00159,0.0],[105.89722,30.00209,0.0],[105.89555,30.00123,0.0],[105.8934,29.99914,0.0],[105.88948,29.99783,0.0],[105.88545,29.99742,0.0],[105.87577,29.99334,0.0],[105.87363,29.99366,0.0],[105.8731,29.99502,0.0],[105.87211,29.99851,0.0],[105.87221,30.00037,0.0],[105.87352,30.002,0.0],[105.87598,30.00336,0.0],[105.88399,30.00576,0.0],[105.88482,30.00716,0.0],[105.88425,30.00857,0.0],[105.88331,30.0092,0.0],[105.87776,30.0097,0.0],[105.87535,30.01043,0.0],[105.873,30.01024,0.0],[105.86808,30.00848,0.0],[105.86567,30.00821,0.0],[105.86384,30.00938,0.0],[105.86301,30.01151,0.0],[105.86332,30.01423,0.0],[105.86484,30.01695,0.0],[105.86641,30.02039,0.0],[105.86949,30.02538,0.0],[105.87169,30.02755,0.0],[105.87216,30.029,0.0],[105.87153,30.03018,0.0],[105.86855,30.03208,0.0],[105.86651,30.03412,0.0],[105.8662,30.03665,0.0],[105.86803,30.04019,0.0],[105.8686,30.04204,0.0],[105.86996,30.04345,0.0],[105.86991,30.04431,0.0],[105.8685,30.04472,0.0],[105.86871,30.0463,0.0],[105.86803,30.04698,0.0],[105.86719,30.04757,0.0],[105.8673,30.04834,0.0],[105.86975,30.0483,0.0],[105.87127,30.04911,0.0],[105.87182,30.04863,0.0],[105.87241,30.04786,0.0],[105.87404,30.04905,0.0],[105.87415,30.04956,0.0],[105.87396,30.0501,0.0],[105.87437,30.05055,0.0],[105.87537,30.05074,0.0],[105.87581,30.05036,0.0],[105.8762,30.04899,0.0],[105.87649,30.04876,0.0],[105.87693,30.04886,0.0],[105.8773,30.04926,0.0],[105.87725,30.04997,0.0],[105.878,30.05062,0.0],[105.87811,30.05107,0.0],[105.878,30.05237,0.0],[105.87841,30.05262,0.0],[105.87906,30.05267,0.0],[105.87934,30.05261,0.0],[105.87935,30.05225,0.0],[105.87895,30.05192,0.0],[105.87902,30.05156,0.0],[105.87954,30.05123,0.0],[105.87971,30.05142,0.0],[105.87985,30.05196,0.0],[105.88061,30.05237,0.0],[105.88169,30.05229,0.0],[105.88233,30.05214,0.0],[105.88246,30.05172,0.0],[105.88191,30.05104,0.0],[105.88209,30.05062,0.0],[105.8827,30.0504,0.0],[105.88333,30.05064,0.0],[105.88372,30.05065,0.0],[105.8842,30.0504,0.0],[105.88425,30.05005,0.0],[105.88415,30.04962,0.0],[105.88438,30.04938,0.0],[105.88509,30.04945,0.0],[105.88573,30.04984,0.0],[105.88625,30.0503,0.0],[105.88651,30.05029,0.0],[105.88655,30.05002,0.0],[105.88557,30.04899,0.0],[105.88553,30.04867,0.0],[105.88587,30.04823,0.0],[105.88587,30.04753,0.0],[105.88604,30.04745,0.0],[105.88657,30.04782,0.0],[105.88689,30.04837,0.0],[105.88718,30.04842,0.0],[105.88743,30.04817,0.0],[105.88811,30.04786,0.0],[105.88838,30.04778,0.0],[105.88869,30.04757,0.0],[105.88904,30.04701,0.0],[105.88969,30.04663,0.0],[105.89001,30.04661,0.0],[105.89012,30.04685,0.0],[105.88974,30.04772,0.0],[105.88982,30.04792,0.0],[105.89008,30.04809,0.0],[105.89002,30.04831,0.0],[105.88903,30.04877,0.0],[105.88914,30.05011,0.0],[105.88874,30.05085,0.0],[105.88882,30.05103,0.0],[105.88977,30.05073,0.0],[105.88995,30.05079,0.0],[105.8901,30.05102,0.0],[105.89033,30.05103,0.0],[105.89052,30.05073,0.0],[105.89062,30.05035,0.0],[105.89079,30.05005,0.0],[105.89118,30.04932,0.0],[105.89142,30.04925,0.0],[105.89206,30.04909,0.0],[105.89218,30.04892,0.0],[105.89179,30.04815,0.0],[105.89194,30.04799,0.0],[105.89261,30.04777,0.0],[105.89291,30.04796,0.0],[105.89328,30.04848,0.0],[105.89333,30.04909,0.0],[105.89355,30.04958,0.0],[105.89372,30.04954,0.0],[105.89418,30.04877,0.0],[105.89475,30.04872,0.0],[105.89491,30.04855,0.0],[105.89509,30.04831,0.0],[105.89584,30.04807,0.0],[105.89597,30.0482,0.0],[105.89598,30.04852,0.0],[105.89583,30.04886,0.0],[105.89587,30.04929,0.0],[105.8961,30.04949,0.0],[105.89728,30.05012,0.0],[105.89721,30.05023,0.0],[105.89687,30.05029,0.0],[105.89629,30.05032,0.0],[105.89558,30.05073,0.0],[105.89538,30.05113,0.0],[105.8954,30.05133,0.0],[105.8955,30.05146,0.0],[105.89589,30.0515,0.0],[105.89621,30.05155,0.0],[105.89629,30.05176,0.0],[105.89576,30.05216,0.0],[105.89591,30.05272,0.0],[105.89631,30.05298,0.0],[105.89652,30.05334,0.0],[105.89655,30.05373,0.0],[105.89602,30.05451,0.0],[105.89587,30.0549,0.0],[105.89623,30.05517,0.0],[105.89681,30.05551,0.0],[105.89681,30.05565,0.0],[105.89662,30.05601,0.0],[105.89682,30.05618,0.0],[105.89708,30.05645,0.0],[105.89752,30.05721,0.0],[105.8961,30.0595,0.0],[105.89381,30.06355,0.0],[105.89093,30.06752,0.0],[105.89026,30.06983,0.0],[105.88915,30.07123,0.0],[105.88974,30.07386,0.0],[105.89374,30.07687,0.0],[105.89581,30.07757,0.0],[105.89655,30.07892,0.0],[105.89603,30.08033,0.0],[105.89448,30.08142,0.0],[105.89514,30.0827,0.0],[105.89788,30.08462,0.0],[105.89906,30.0875,0.0],[105.90173,30.0898,0.0],[105.90225,30.09243,0.0],[105.9041,30.09454,0.0],[105.9055,30.09492,0.0],[105.90669,30.09422,0.0],[105.9078,30.09544,0.0],[105.90831,30.09653,0.0],[105.91009,30.09646,0.0],[105.91142,30.09697,0.0],[105.91335,30.09685,0.0],[105.91416,30.09537,0.0],[105.91601,30.09416,0.0],[105.91853,30.09326,0.0],[105.91919,30.0939,0.0],[105.91897,30.09524,0.0],[105.92186,30.09512,0.0],[105.9263,30.09384,0.0],[105.9297,30.0914,0.0],[105.92985,30.09019,0.0],[105.93281,30.08916,0.0],[105.93155,30.08641,0.0],[105.93177,30.08334,0.0],[105.93473,30.08103,0.0],[105.94028,30.07629,0.0],[105.93932,30.07424,0.0],[105.93947,30.06861,0.0],[105.94035,30.0672,0.0],[105.94457,30.06707,0.0],[105.95042,30.07047,0.0],[105.95212,30.07271,0.0],[105.95848,30.07597,0.0],[105.95634,30.07937,0.0],[105.9587,30.08135,0.0],[105.96329,30.07898,0.0],[105.96884,30.07597,0.0],[105.97794,30.06554,0.0],[105.97803,30.05936,0.0],[105.97825,30.05236,0.0],[105.98311,30.04157,0.0],[105.99094,30.03253,0.0],[106.01457,30.03148,0.0],[106.02865,30.02164,0.0],[106.04206,30.0178,0.0],[106.04505,30.01566,0.0],[106.04585,30.01271,0.0],[106.03768,30.00615,0.0],[106.0365,30.0029,0.0],[106.03772,30.00021,0.0],[106.04318,29.99958,0.0],[106.07006,30.0037,0.0],[106.08379,30.00356,0.0],[106.09159,30.00531,0.0],[106.10402,30.00447,0.0],[106.10938,30.00373,0.0],[106.11299,30.00068,0.0],[106.11606,29.99672,0.0],[106.11674,29.99281,0.0],[106.11522,29.98481,0.0],[106.11341,29.97636,0.0],[106.11087,29.96999,0.0],[106.10807,29.96363,0.0],[106.10763,29.95676,0.0],[106.10802,29.95193,0.0],[106.1102,29.94409,0.0],[106.11533,29.93872,0.0],[106.12077,29.93517,0.0],[106.12495,29.93371,0.0],[106.12961,29.93018,0.0],[106.13428,29.92757,0.0],[106.14224,29.92947,0.0],[106.14462,29.92942,0.0],[106.14877,29.92728,0.0],[106.15402,29.92625,0.0],[106.15848,29.92525,0.0],[106.16348,29.92469,0.0],[106.17195,29.92635,0.0],[106.17832,29.92783,0.0],[106.18552,29.93112,0.0],[106.19349,29.93302,0.0],[106.20197,29.93469,0.0],[106.2088,29.93386,0.0],[106.21586,29.93142,0.0],[106.22318,29.92921,0.0],[106.22947,29.92793,0.0],[106.23445,29.92691,0.0],[106.23914,29.92475,0.0],[106.24062,29.92082,0.0],[106.24489,29.91316,0.0],[106.24897,29.90826,0.0],[106.25257,29.90498,0.0],[106.2562,29.90307,0.0],[106.26041,29.90229,0.0],[106.26516,29.90265,0.0],[106.27019,29.90346,0.0],[106.27387,29.90339,0.0],[106.27853,29.90031,0.0],[106.27953,29.89822,0.0],[106.27943,29.89433,0.0],[106.27824,29.88954,0.0],[106.27813,29.88933,0.0],[106.27545,29.88409,0.0],[106.27156,29.87683,0.0],[106.26771,29.87095,0.0],[106.26439,29.86529,0.0],[106.26216,29.86098,0.0],[106.26098,29.85641,0.0],[106.26066,29.85413,0.0],[106.26106,29.84976,0.0],[106.26126,29.84747,0.0],[106.26353,29.84375,0.0],[106.25729,29.83723,0.0],[106.24827,29.82526,0.0],[106.24005,29.81963,0.0],[106.23235,29.81084,0.0],[106.22984,29.80615,0.0],[106.22152,29.80059,0.0],[106.21454,29.79893,0.0],[106.20709,29.79469,0.0],[106.19194,29.78891,0.0],[106.18012,29.77873,0.0],[106.1761,29.77257,0.0],[106.16771,29.76752,0.0],[106.15852,29.76395,0.0],[106.16568,29.75358,0.0],[106.16117,29.72338,0.0],[106.15382,29.71223,0.0],[106.15373,29.70483,0.0],[106.16061,29.70481,0.0],[106.16499,29.69291,0.0],[106.15964,29.68122,0.0],[106.16252,29.67788,0.0],[106.15241,29.66801,0.0],[106.141,29.66195,0.0],[106.13085,29.65259,0.0],[106.12133,29.64062,0.0],[106.11412,29.62544,0.0],[106.11025,29.61772,0.0],[106.11328,29.61081,0.0],[106.11106,29.59603,0.0],[106.10757,29.58591,0.0],[106.10306,29.57401,0.0],[106.09491,29.55866,0.0],[106.08624,29.55284,0.0],[106.08873,29.54628,0.0],[106.07724,29.54549,0.0],[106.07389,29.54192,0.0],[106.06857,29.53719,0.0],[106.06574,29.53282,0.0],[106.04991,29.53069,0.0],[106.03907,29.52905,0.0],[106.02942,29.52923,0.0],[106.01754,29.52927,0.0],[106.00514,29.52016,0.0],[105.99373,29.52411,0.0],[105.9913,29.53516,0.0],[105.99324,29.54002,0.0],[105.98717,29.54171,0.0],[105.97917,29.53184,0.0],[105.97834,29.5348,0.0],[105.9777,29.53876,0.0],[105.97493,29.53817,0.0],[105.97327,29.54157,0.0],[105.96264,29.53474,0.0],[105.9539,29.53707,0.0],[105.95269,29.53432,0.0],[105.94857,29.53878,0.0],[105.95251,29.54136,0.0],[105.94883,29.54743,0.0],[105.94255,29.54314,0.0],[105.94049,29.54815,0.0],[105.93102,29.54827,0.0],[105.93183,29.54163,0.0],[105.91938,29.53627,0.0],[105.90724,29.53748,0.0],[105.90036,29.5448,0.0],[105.89906,29.5516,0.0],[105.9024,29.56247,0.0],[105.89162,29.5652,0.0],[105.89196,29.5699,0.0],[105.8847,29.56984,0.0],[105.89238,29.57742,0.0],[105.8961,29.57805,0.0],[105.90157,29.58418,0.0],[105.90576,29.58474,0.0],[105.90951,29.58989,0.0],[105.91539,29.59199,0.0],[105.91651,29.59633,0.0],[105.91991,29.59633,0.0],[105.93175,29.61109,0.0],[105.93745,29.61855,0.0],[105.94354,29.6311,0.0],[105.94719,29.62921,0.0],[105.95106,29.63362,0.0],[105.95555,29.63852,0.0],[105.9602,29.64328,0.0],[105.96535,29.647,0.0],[105.97158,29.65772,0.0],[105.97591,29.66462,0.0],[105.97889,29.67401,0.0],[105.99373,29.66663,0.0],[105.99629,29.67112,0.0],[106.00163,29.68362,0.0],[106.00681,29.69109,0.0],[106.01015,29.69837,0.0],[106.01552,29.70378,0.0],[106.02403,29.71759,0.0],[106.03414,29.72818,0.0],[106.02448,29.73606,0.0],[106.02586,29.74068,0.0],[106.02428,29.74222,0.0],[106.02507,29.74599,0.0],[106.02349,29.7477,0.0],[106.02645,29.75232,0.0],[106.01994,29.75489,0.0],[106.01856,29.75249,0.0],[106.01482,29.75318,0.0],[106.01423,29.75489,0.0],[106.01146,29.7542,0.0],[106.00772,29.74941,0.0],[105.99766,29.75164,0.0],[105.99924,29.7578,0.0],[105.99549,29.75831,0.0],[105.99549,29.76465,0.0],[105.99727,29.76961,0.0],[105.99312,29.77201,0.0],[105.99372,29.77492,0.0],[105.99234,29.77766,0.0],[105.98681,29.78194,0.0],[105.98228,29.78621,0.0],[105.97577,29.7869,0.0],[105.97104,29.78639,0.0],[105.96729,29.78245,0.0],[105.96019,29.78296,0.0],[105.95211,29.78433,0.0],[105.94915,29.78228,0.0],[105.94343,29.78194,0.0],[105.94106,29.77903,0.0],[105.93574,29.78296,0.0],[105.93179,29.78365,0.0],[105.92844,29.78656,0.0],[105.92312,29.78639,0.0],[105.92312,29.78912,0.0],[105.92075,29.79032,0.0],[105.90793,29.78964,0.0],[105.90143,29.7881,0.0],[105.89847,29.79238,0.0],[105.9034,29.79751,0.0],[105.90044,29.80076,0.0],[105.89768,29.80487,0.0],[105.89472,29.80521,0.0],[105.89117,29.80555,0.0],[105.8888,29.80453,0.0],[105.8894,29.80076,0.0],[105.89354,29.7946,0.0],[105.88506,29.778,0.0],[105.87579,29.7768,0.0],[105.87717,29.77167,0.0],[105.87421,29.7679,0.0],[105.87007,29.76259,0.0],[105.86672,29.76054,0.0],[105.86356,29.76157,0.0],[105.85587,29.76139,0.0],[105.8466,29.76037,0.0],[105.84049,29.76054,0.0],[105.82925,29.76105,0.0],[105.82077,29.76516,0.0],[105.82392,29.77081,0.0],[105.82097,29.77321,0.0],[105.80992,29.77132,0.0],[105.80539,29.77372,0.0],[105.8042,29.7804,0.0],[105.80697,29.78519,0.0],[105.80815,29.78844,0.0],[105.8048,29.79015,0.0],[105.79987,29.78827,0.0],[105.79718,29.7938,0.0],[105.78872,29.79692,0.0],[105.78893,29.80167,0.0],[105.78144,29.80407,0.0],[105.78193,29.80638,0.0],[105.78151,29.81152,0.0],[105.77791,29.81404,0.0],[105.77531,29.81677,0.0]]]]}},{"type":"Feature","properties":{"uesi_id":"CHN_R913069","nbhd_code":"CHN_R913069_149","nbhd_name":"Tongnan District"},"geometry":{"type":"MultiPolygon","coordinates":[[[[105.53272,30.15932,0.0],[105.5342,30.16096,0.0],[105.53427,30.16244,0.0],[105.53315,30.16445,0.0],[105.53302,30.16777,0.0],[105.53433,30.16986,0.0],[105.54045,30.17593,0.0],[105.54154,30.17971,0.0],[105.54344,30.18346,0.0],[105.54481,30.18352,0.0],[105.54502,30.1822,0.0],[105.54916,30.18207,0.0],[105.55173,30.18382,0.0],[105.55839,30.18657,0.0],[105.56378,30.18571,0.0],[105.56773,30.18278,0.0],[105.57009,30.17763,0.0],[105.57807,30.17622,0.0],[105.58116,30.17837,0.0],[105.58651,30.18549,0.0],[105.59275,30.18653,0.0],[105.60047,30.18193,0.0],[105.60614,30.18141,0.0],[105.61063,30.18385,0.0],[105.61489,30.18861,0.0],[105.61961,30.18913,0.0],[105.62678,30.18668,0.0],[105.62948,30.1866,0.0],[105.63848,30.18913,0.0],[105.64021,30.19046,0.0],[105.64202,30.19588,0.0],[105.64027,30.20643,0.0],[105.64162,30.2095,0.0],[105.6459,30.2119,0.0],[105.65441,30.21014,0.0],[105.65585,30.20993,0.0],[105.6576,30.21145,0.0],[105.65897,30.21298,0.0],[105.65721,30.21646,0.0],[105.65275,30.22243,0.0],[105.65187,30.22374,0.0],[105.65061,30.2245,0.0],[105.64766,30.22346,0.0],[105.64357,30.22167,0.0],[105.63816,30.22129,0.0],[105.63276,30.22227,0.0],[105.62615,30.22814,0.0],[105.62576,30.22937,0.0],[105.62461,30.23233,0.0],[105.62157,30.23447,0.0],[105.61605,30.23726,0.0],[105.61605,30.24154,0.0],[105.61833,30.24384,0.0],[105.61814,30.24549,0.0],[105.61605,30.24615,0.0],[105.61776,30.25075,0.0],[105.61547,30.25421,0.0],[105.60919,30.25519,0.0],[105.60767,30.25667,0.0],[105.60805,30.25881,0.0],[105.61757,30.26424,0.0],[105.61852,30.26671,0.0],[105.61814,30.27295,0.0],[105.62023,30.2769,0.0],[105.62328,30.27855,0.0],[105.62614,30.27838,0.0],[105.62785,30.27707,0.0],[105.62956,30.2746,0.0],[105.63718,30.27493,0.0],[105.64175,30.27608,0.0],[105.64442,30.2746,0.0],[105.64746,30.27164,0.0],[105.64956,30.26983,0.0],[105.6526,30.27082,0.0],[105.65565,30.26934,0.0],[105.65813,30.26621,0.0],[105.66174,30.26687,0.0],[105.66308,30.26819,0.0],[105.66536,30.2672,0.0],[105.66727,30.25684,0.0],[105.67069,30.25519,0.0],[105.67564,30.25602,0.0],[105.68021,30.25536,0.0],[105.68526,30.25819,0.0],[105.68559,30.25794,0.0],[105.68661,30.25792,0.0],[105.68683,30.25819,0.0],[105.68729,30.25813,0.0],[105.68755,30.25815,0.0],[105.6878,30.25811,0.0],[105.6881,30.25812,0.0],[105.68834,30.25827,0.0],[105.68826,30.25884,0.0],[105.68858,30.2592,0.0],[105.68907,30.2595,0.0],[105.68963,30.25946,0.0],[105.68995,30.25957,0.0],[105.69009,30.25974,0.0],[105.69069,30.25993,0.0],[105.6911,30.25993,0.0],[105.69157,30.26002,0.0],[105.6919,30.25988,0.0],[105.69218,30.25982,0.0],[105.69268,30.26012,0.0],[105.69294,30.26005,0.0],[105.69343,30.25994,0.0],[105.69377,30.26007,0.0],[105.69511,30.26006,0.0],[105.69604,30.25982,0.0],[105.69659,30.25982,0.0],[105.69762,30.26042,0.0],[105.69804,30.26057,0.0],[105.69869,30.2603,0.0],[105.6991,30.25987,0.0],[105.69953,30.25963,0.0],[105.70014,30.25914,0.0],[105.70072,30.25898,0.0],[105.70096,30.25899,0.0],[105.70124,30.25933,0.0],[105.70122,30.25994,0.0],[105.70132,30.26013,0.0],[105.70169,30.26022,0.0],[105.70218,30.26017,0.0],[105.70246,30.25992,0.0],[105.70259,30.25922,0.0],[105.70306,30.25889,0.0],[105.70394,30.25864,0.0],[105.70415,30.25864,0.0],[105.70475,30.25897,0.0],[105.70543,30.25934,0.0],[105.70605,30.25945,0.0],[105.70616,30.25933,0.0],[105.70625,30.25904,0.0],[105.70615,30.25863,0.0],[105.70666,30.25828,0.0],[105.70751,30.25859,0.0],[105.70841,30.25947,0.0],[105.70892,30.25956,0.0],[105.70957,30.25949,0.0],[105.70983,30.25909,0.0],[105.71004,30.25857,0.0],[105.71035,30.25839,0.0],[105.71085,30.25841,0.0],[105.71167,30.25875,0.0],[105.71227,30.25872,0.0],[105.71247,30.25841,0.0],[105.71248,30.25787,0.0],[105.71195,30.25716,0.0],[105.71119,30.25645,0.0],[105.71109,30.25597,0.0],[105.71115,30.2554,0.0],[105.7113,30.25516,0.0],[105.71165,30.25522,0.0],[105.71231,30.25548,0.0],[105.71266,30.25545,0.0],[105.71327,30.25514,0.0],[105.71398,30.25479,0.0],[105.71484,30.25477,0.0],[105.71554,30.2549,0.0],[105.71608,30.25535,0.0],[105.71639,30.25568,0.0],[105.71695,30.2559,0.0],[105.71705,30.25579,0.0],[105.71693,30.2545,0.0],[105.71824,30.25503,0.0],[105.71953,30.25619,0.0],[105.72032,30.25777,0.0],[105.72038,30.25977,0.0],[105.71879,30.26277,0.0],[105.71782,30.26446,0.0],[105.71757,30.26561,0.0],[105.718,30.26688,0.0],[105.71965,30.26761,0.0],[105.72196,30.26746,0.0],[105.72599,30.26372,0.0],[105.72812,30.26246,0.0],[105.73086,30.26261,0.0],[105.73172,30.26367,0.0],[105.73159,30.26456,0.0],[105.72897,30.26619,0.0],[105.72708,30.2673,0.0],[105.72672,30.26872,0.0],[105.72861,30.27198,0.0],[105.73056,30.27441,0.0],[105.72842,30.27651,0.0],[105.72507,30.27714,0.0],[105.72489,30.27804,0.0],[105.7269,30.27893,0.0],[105.72593,30.28057,0.0],[105.72477,30.28072,0.0],[105.72337,30.27983,0.0],[105.72105,30.27893,0.0],[105.71898,30.27841,0.0],[105.7155,30.28088,0.0],[105.71514,30.2823,0.0],[105.71508,30.2843,0.0],[105.7144,30.28541,0.0],[105.71312,30.2852,0.0],[105.71233,30.28393,0.0],[105.71166,30.2832,0.0],[105.7088,30.2842,0.0],[105.70813,30.2862,0.0],[105.70855,30.2873,0.0],[105.71063,30.28783,0.0],[105.71081,30.28872,0.0],[105.70953,30.28909,0.0],[105.71032,30.29015,0.0],[105.70874,30.2933,0.0],[105.70764,30.29672,0.0],[105.708,30.29804,0.0],[105.71056,30.29936,0.0],[105.71123,30.29957,0.0],[105.71081,30.30088,0.0],[105.7066,30.30236,0.0],[105.70435,30.30393,0.0],[105.70429,30.3052,0.0],[105.70508,30.30646,0.0],[105.70691,30.30688,0.0],[105.71184,30.30562,0.0],[105.7138,30.30599,0.0],[105.71514,30.31004,0.0],[105.71501,30.31146,0.0],[105.70971,30.31467,0.0],[105.70855,30.31672,0.0],[105.70831,30.31898,0.0],[105.71063,30.32461,0.0],[105.71154,30.32604,0.0],[105.71404,30.32688,0.0],[105.71654,30.32551,0.0],[105.7194,30.32509,0.0],[105.72154,30.32325,0.0],[105.72251,30.32251,0.0],[105.72257,30.32146,0.0],[105.723,30.32051,0.0],[105.72525,30.31972,0.0],[105.72641,30.3193,0.0],[105.72868,30.32222,0.0],[105.73043,30.32355,0.0],[105.73301,30.32279,0.0],[105.73686,30.32148,0.0],[105.73869,30.32159,0.0],[105.73888,30.323,0.0],[105.73756,30.32507,0.0],[105.73308,30.33085,0.0],[105.72973,30.33629,0.0],[105.73046,30.3391,0.0],[105.74191,30.34157,0.0],[105.75049,30.34478,0.0],[105.75302,30.34866,0.0],[105.74718,30.36073,0.0],[105.75834,30.37006,0.0],[105.76547,30.37858,0.0],[105.76451,30.38186,0.0],[105.76062,30.38413,0.0],[105.75514,30.3888,0.0],[105.76031,30.39069,0.0],[105.76164,30.39142,0.0],[105.76197,30.39153,0.0],[105.7621,30.39199,0.0],[105.76178,30.39233,0.0],[105.76094,30.39184,0.0],[105.76034,30.39164,0.0],[105.75981,30.3916,0.0],[105.75896,30.39195,0.0],[105.75885,30.39258,0.0],[105.75942,30.39341,0.0],[105.76062,30.39401,0.0],[105.76136,30.39504,0.0],[105.76153,30.39565,0.0],[105.76321,30.39861,0.0],[105.76296,30.39901,0.0],[105.76126,30.4001,0.0],[105.76129,30.40048,0.0],[105.76161,30.40063,0.0],[105.76276,30.40062,0.0],[105.76306,30.40105,0.0],[105.76377,30.40281,0.0],[105.76624,30.40656,0.0],[105.76649,30.40673,0.0],[105.76758,30.40663,0.0],[105.76825,30.40684,0.0],[105.76856,30.40728,0.0],[105.7695,30.40997,0.0],[105.77,30.4107,0.0],[105.77004,30.41161,0.0],[105.77051,30.41188,0.0],[105.77143,30.41164,0.0],[105.77247,30.41181,0.0],[105.77447,30.41075,0.0],[105.77843,30.41126,0.0],[105.78349,30.41174,0.0],[105.79096,30.42103,0.0],[105.79079,30.42348,0.0],[105.78684,30.42973,0.0],[105.79276,30.43365,0.0],[105.79654,30.4301,0.0],[105.804,30.43421,0.0],[105.81392,30.43931,0.0],[105.82108,30.43946,0.0],[105.82387,30.43565,0.0],[105.82709,30.43506,0.0],[105.82967,30.4271,0.0],[105.83113,30.42159,0.0],[105.83804,30.41644,0.0],[105.84229,30.41493,0.0],[105.84267,30.40967,0.0],[105.83924,30.40745,0.0],[105.83512,30.40867,0.0],[105.83426,30.40664,0.0],[105.83593,30.40016,0.0],[105.83778,30.39675,0.0],[105.84228,30.39347,0.0],[105.84791,30.39764,0.0],[105.84937,30.40294,0.0],[105.85735,30.40901,0.0],[105.85967,30.41322,0.0],[105.86271,30.41152,0.0],[105.86563,30.40083,0.0],[105.86666,30.39438,0.0],[105.8746,30.38891,0.0],[105.87769,30.39146,0.0],[105.87718,30.39364,0.0],[105.88263,30.39357,0.0],[105.88318,30.39846,0.0],[105.88447,30.40416,0.0],[105.88877,30.4103,0.0],[105.89387,30.39287,0.0],[105.89919,30.39028,0.0],[105.91524,30.39746,0.0],[105.92417,30.38606,0.0],[105.9397,30.37591,0.0],[105.95663,30.37856,0.0],[105.95616,30.37502,0.0],[105.95414,30.37293,0.0],[105.95659,30.37317,0.0],[105.95831,30.37702,0.0],[105.96118,30.37848,0.0],[105.96457,30.37926,0.0],[105.96502,30.37652,0.0],[105.97234,30.37278,0.0],[105.97356,30.36817,0.0],[105.9742,30.36197,0.0],[105.97511,30.35622,0.0],[105.97623,30.34794,0.0],[105.97739,30.34127,0.0],[105.97877,30.33276,0.0],[105.97966,30.3261,0.0],[105.9798,30.32128,0.0],[105.97918,30.31739,0.0],[105.97752,30.31467,0.0],[105.97533,30.31173,0.0],[105.97105,30.30975,0.0],[105.96704,30.30821,0.0],[105.96304,30.30714,0.0],[105.96088,30.30512,0.0],[105.96002,30.30261,0.0],[105.96123,30.29801,0.0],[105.96403,30.2936,0.0],[105.96786,30.28825,0.0],[105.9728,30.28449,0.0],[105.97854,30.28117,0.0],[105.98404,30.27901,0.0],[105.99171,30.2791,0.0],[105.99515,30.2788,0.0],[105.99856,30.27759,0.0],[106.00166,30.27455,0.0],[106.00371,30.27199,0.0],[106.00309,30.26833,0.0],[106.00058,30.26333,0.0],[105.99648,30.25791,0.0],[105.99319,30.25339,0.0],[105.99068,30.24839,0.0],[105.98896,30.24292,0.0],[105.98856,30.23765,0.0],[105.98846,30.23352,0.0],[105.98734,30.23102,0.0],[105.98593,30.22761,0.0],[105.98346,30.22376,0.0],[105.98206,30.22058,0.0],[105.98175,30.21874,0.0],[105.98328,30.21642,0.0],[105.98613,30.21431,0.0],[105.99064,30.21468,0.0],[105.9964,30.21274,0.0],[106.00194,30.21195,0.0],[106.00665,30.21026,0.0],[106.00846,30.20861,0.0],[106.00993,30.20423,0.0],[106.00849,30.19944,0.0],[106.00623,30.19352,0.0],[106.0024,30.18809,0.0],[105.99943,30.18585,0.0],[105.9957,30.18478,0.0],[105.99012,30.18351,0.0],[105.98612,30.1822,0.0],[105.98236,30.17975,0.0],[105.97935,30.17568,0.0],[105.97898,30.17133,0.0],[105.97963,30.16559,0.0],[105.98008,30.16237,0.0],[105.98002,30.15985,0.0],[105.97678,30.15739,0.0],[105.97355,30.1547,0.0],[105.97237,30.15013,0.0],[105.97334,30.14644,0.0],[105.9772,30.14247,0.0],[105.98135,30.13919,0.0],[105.98577,30.13635,0.0],[105.98861,30.13355,0.0],[105.98988,30.13169,0.0],[105.99087,30.12869,0.0],[105.99181,30.12408,0.0],[105.99172,30.12065,0.0],[105.98895,30.11542,0.0],[105.98672,30.11065,0.0],[105.98504,30.10679,0.0],[105.98405,30.10072,0.0],[105.98199,30.09438,0.0],[105.98045,30.09153,0.0],[105.97836,30.08882,0.0],[105.97715,30.08442,0.0],[105.97856,30.08141,0.0],[105.98234,30.07682,0.0],[105.98374,30.07402,0.0],[105.97794,30.06554,0.0],[105.96884,30.07597,0.0],[105.96329,30.07898,0.0],[105.9587,30.08135,0.0],[105.95634,30.07937,0.0],[105.95848,30.07597,0.0],[105.95212,30.07271,0.0],[105.95042,30.07047,0.0],[105.94457,30.06707,0.0],[105.94035,30.0672,0.0],[105.93947,30.06861,0.0],[105.93932,30.07424,0.0],[105.94028,30.07629,0.0],[105.93473,30.08103,0.0],[105.93177,30.08334,0.0],[105.93155,30.08641,0.0],[105.93281,30.08916,0.0],[105.92985,30.09019,0.0],[105.9297,30.0914,0.0],[105.9263,30.09384,0.0],[105.92186,30.09512,0.0],[105.91897,30.09524,0.0],[105.91919,30.0939,0.0],[105.91853,30.09326,0.0],[105.91601,30.09416,0.0],[105.91416,30.09537,0.0],[105.91335,30.09685,0.0],[105.91142,30.09697,0.0],[105.91009,30.09646,0.0],[105.90831,30.09653,0.0],[105.9078,30.09544,0.0],[105.90669,30.09422,0.0],[105.9055,30.09492,0.0],[105.9041,30.09454,0.0],[105.90225,30.09243,0.0],[105.90173,30.0898,0.0],[105.89906,30.0875,0.0],[105.89788,30.08462,0.0],[105.89514,30.0827,0.0],[105.89448,30.08142,0.0],[105.89603,30.08033,0.0],[105.89655,30.07892,0.0],[105.89581,30.07757,0.0],[105.89374,30.07687,0.0],[105.88974,30.07386,0.0],[105.88915,30.07123,0.0],[105.89026,30.06983,0.0],[105.89093,30.06752,0.0],[105.89381,30.06355,0.0],[105.8961,30.0595,0.0],[105.89752,30.05721,0.0],[105.89708,30.05645,0.0],[105.89682,30.05618,0.0],[105.89662,30.05601,0.0],[105.89681,30.05565,0.0],[105.89681,30.05551,0.0],[105.89623,30.05517,0.0],[105.89587,30.0549,0.0],[105.89602,30.05451,0.0],[105.89655,30.05373,0.0],[105.89652,30.05334,0.0],[105.89631,30.05298,0.0],[105.89591,30.05272,0.0],[105.89576,30.05216,0.0],[105.89629,30.05176,0.0],[105.89621,30.05155,0.0],[105.89589,30.0515,0.0],[105.8955,30.05146,0.0],[105.8954,30.05133,0.0],[105.89538,30.05113,0.0],[105.89558,30.05073,0.0],[105.89629,30.05032,0.0],[105.89687,30.05029,0.0],[105.89721,30.05023,0.0],[105.89728,30.05012,0.0],[105.8961,30.04949,0.0],[105.89587,30.04929,0.0],[105.89583,30.04886,0.0],[105.89598,30.04852,0.0],[105.89597,30.0482,0.0],[105.89584,30.04807,0.0],[105.89509,30.04831,0.0],[105.89491,30.04855,0.0],[105.89475,30.04872,0.0],[105.89418,30.04877,0.0],[105.89372,30.04954,0.0],[105.89355,30.04958,0.0],[105.89333,30.04909,0.0],[105.89328,30.04848,0.0],[105.89291,30.04796,0.0],[105.89261,30.04777,0.0],[105.89194,30.04799,0.0],[105.89179,30.04815,0.0],[105.89218,30.04892,0.0],[105.89206,30.04909,0.0],[105.89142,30.04925,0.0],[105.89118,30.04932,0.0],[105.89079,30.05005,0.0],[105.89062,30.05035,0.0],[105.89052,30.05073,0.0],[105.89033,30.05103,0.0],[105.8901,30.05102,0.0],[105.88995,30.05079,0.0],[105.88977,30.05073,0.0],[105.88882,30.05103,0.0],[105.88874,30.05085,0.0],[105.88914,30.05011,0.0],[105.88903,30.04877,0.0],[105.89002,30.04831,0.0],[105.89008,30.04809,0.0],[105.88982,30.04792,0.0],[105.88974,30.04772,0.0],[105.89012,30.04685,0.0],[105.89001,30.04661,0.0],[105.88969,30.04663,0.0],[105.88904,30.04701,0.0],[105.88869,30.04757,0.0],[105.88838,30.04778,0.0],[105.88811,30.04786,0.0],[105.88743,30.04817,0.0],[105.88718,30.04842,0.0],[105.88689,30.04837,0.0],[105.88657,30.04782,0.0],[105.88604,30.04745,0.0],[105.88587,30.04753,0.0],[105.88587,30.04823,0.0],[105.88553,30.04867,0.0],[105.88557,30.04899,0.0],[105.88655,30.05002,0.0],[105.88651,30.05029,0.0],[105.88625,30.0503,0.0],[105.88573,30.04984,0.0],[105.88509,30.04945,0.0],[105.88438,30.04938,0.0],[105.88415,30.04962,0.0],[105.88425,30.05005,0.0],[105.8842,30.0504,0.0],[105.88372,30.05065,0.0],[105.88333,30.05064,0.0],[105.8827,30.0504,0.0],[105.88209,30.05062,0.0],[105.88191,30.05104,0.0],[105.88246,30.05172,0.0],[105.88233,30.05214,0.0],[105.88169,30.05229,0.0],[105.88061,30.05237,0.0],[105.87985,30.05196,0.0],[105.87971,30.05142,0.0],[105.87954,30.05123,0.0],[105.87902,30.05156,0.0],[105.87895,30.05192,0.0],[105.87935,30.05225,0.0],[105.87934,30.05261,0.0],[105.87906,30.05267,0.0],[105.87841,30.05262,0.0],[105.878,30.05237,0.0],[105.87811,30.05107,0.0],[105.878,30.05062,0.0],[105.87725,30.04997,0.0],[105.8773,30.04926,0.0],[105.87693,30.04886,0.0],[105.87649,30.04876,0.0],[105.8762,30.04899,0.0],[105.87581,30.05036,0.0],[105.87537,30.05074,0.0],[105.87437,30.05055,0.0],[105.87396,30.0501,0.0],[105.87415,30.04956,0.0],[105.87404,30.04905,0.0],[105.87241,30.04786,0.0],[105.87182,30.04863,0.0],[105.87127,30.04911,0.0],[105.86975,30.0483,0.0],[105.8673,30.04834,0.0],[105.86719,30.04757,0.0],[105.86803,30.04698,0.0],[105.86871,30.0463,0.0],[105.8685,30.04472,0.0],[105.86991,30.04431,0.0],[105.86996,30.04345,0.0],[105.8686,30.04204,0.0],[105.86803,30.04019,0.0],[105.8662,30.03665,0.0],[105.86651,30.03412,0.0],[105.86855,30.03208,0.0],[105.87153,30.03018,0.0],[105.87216,30.029,0.0],[105.87169,30.02755,0.0],[105.86949,30.02538,0.0],[105.86641,30.02039,0.0],[105.86484,30.01695,0.0],[105.86332,30.01423,0.0],[105.86301,30.01151,0.0],[105.86384,30.00938,0.0],[105.86567,30.00821,0.0],[105.86808,30.00848,0.0],[105.873,30.01024,0.0],[105.87535,30.01043,0.0],[105.87776,30.0097,0.0],[105.88331,30.0092,0.0],[105.88425,30.00857,0.0],[105.88482,30.00716,0.0],[105.88399,30.00576,0.0],[105.87598,30.00336,0.0],[105.87352,30.002,0.0],[105.87221,30.00037,0.0],[105.87211,29.99851,0.0],[105.8731,29.99502,0.0],[105.87363,29.99366,0.0],[105.87577,29.99334,0.0],[105.88545,29.99742,0.0],[105.88948,29.99783,0.0],[105.8934,29.99914,0.0],[105.89555,30.00123,0.0],[105.89722,30.00209,0.0],[105.89843,30.00159,0.0],[105.89968,29.99919,0.0],[105.90246,29.99742,0.0],[105.9069,29.99629,0.0],[105.91078,29.99629,0.0],[105.91224,29.99565,0.0],[105.9124,29.99443,0.0],[105.91015,29.99303,0.0],[105.90879,29.99126,0.0],[105.90696,29.98736,0.0],[105.90424,29.98337,0.0],[105.90314,29.97943,0.0],[105.90303,29.97476,0.0],[105.90382,29.97404,0.0],[105.90607,29.97354,0.0],[105.90737,29.97286,0.0],[105.90816,29.97154,0.0],[105.90669,29.9691,0.0],[105.90638,29.96687,0.0],[105.90717,29.96515,0.0],[105.90915,29.96397,0.0],[105.91172,29.96411,0.0],[105.9158,29.96687,0.0],[105.91805,29.96719,0.0],[105.92089,29.96601,0.0],[105.9226,29.96353,0.0],[105.92098,29.96035,0.0],[105.92182,29.95917,0.0],[105.92548,29.95949,0.0],[105.92815,29.95908,0.0],[105.9306,29.96035,0.0],[105.93282,29.9583,0.0],[105.93001,29.9533,0.0],[105.93134,29.95074,0.0],[105.93548,29.95022,0.0],[105.93904,29.94574,0.0],[105.94022,29.94189,0.0],[105.93726,29.93894,0.0],[105.93297,29.93484,0.0],[105.92675,29.93471,0.0],[105.92927,29.93201,0.0],[105.93415,29.92907,0.0],[105.938,29.92215,0.0],[105.9454,29.91162,0.0],[105.93801,29.90316,0.0],[105.93287,29.89541,0.0],[105.9275,29.88652,0.0],[105.92482,29.88304,0.0],[105.9278,29.87568,0.0],[105.92194,29.86999,0.0],[105.91447,29.86915,0.0],[105.90864,29.87089,0.0],[105.90549,29.87505,0.0],[105.90804,29.88122,0.0],[105.90616,29.88352,0.0],[105.89813,29.88272,0.0],[105.89479,29.88814,0.0],[105.89863,29.89058,0.0],[105.89837,29.89328,0.0],[105.88329,29.894,0.0],[105.87818,29.89216,0.0],[105.87642,29.89346,0.0],[105.87789,29.89989,0.0],[105.87506,29.90115,0.0],[105.87173,29.89538,0.0],[105.86462,29.89596,0.0],[105.85898,29.90042,0.0],[105.85488,29.8986,0.0],[105.84661,29.89964,0.0],[105.84026,29.89135,0.0],[105.83855,29.88327,0.0],[105.83352,29.88275,0.0],[105.82686,29.88802,0.0],[105.82417,29.8858,0.0],[105.82192,29.8731,0.0],[105.81835,29.86697,0.0],[105.81841,29.85913,0.0],[105.81329,29.8533,0.0],[105.80762,29.84669,0.0],[105.80712,29.83736,0.0],[105.80385,29.83405,0.0],[105.79789,29.83637,0.0],[105.79175,29.83281,0.0],[105.78806,29.83039,0.0],[105.78221,29.82027,0.0],[105.77531,29.81677,0.0],[105.77791,29.81404,0.0],[105.77522,29.80418,0.0],[105.77107,29.8047,0.0],[105.7691,29.80042,0.0],[105.76595,29.79888,0.0],[105.76378,29.79614,0.0],[105.75037,29.80264,0.0],[105.74662,29.8023,0.0],[105.74386,29.80418,0.0],[105.73952,29.80025,0.0],[105.73518,29.79973,0.0],[105.72828,29.79631,0.0],[105.71882,29.79186,0.0],[105.71034,29.79203,0.0],[105.71152,29.79991,0.0],[105.71724,29.81034,0.0],[105.72611,29.81616,0.0],[105.72907,29.82078,0.0],[105.73301,29.8201,0.0],[105.73459,29.82232,0.0],[105.7342,29.82403,0.0],[105.73104,29.82574,0.0],[105.73104,29.82916,0.0],[105.72744,29.83412,0.0],[105.72286,29.83811,0.0],[105.72646,29.84458,0.0],[105.73199,29.84745,0.0],[105.73445,29.84516,0.0],[105.73704,29.85001,0.0],[105.73635,29.86092,0.0],[105.73387,29.86566,0.0],[105.72944,29.86853,0.0],[105.72944,29.87156,0.0],[105.73141,29.87368,0.0],[105.73048,29.87688,0.0],[105.73019,29.88188,0.0],[105.72963,29.88319,0.0],[105.73151,29.88548,0.0],[105.73066,29.88761,0.0],[105.72821,29.8899,0.0],[105.72991,29.89113,0.0],[105.73217,29.89031,0.0],[105.73236,29.89178,0.0],[105.7352,29.89359,0.0],[105.72972,29.89621,0.0],[105.72524,29.89561,0.0],[105.71631,29.89547,0.0],[105.71285,29.89584,0.0],[105.71055,29.89915,0.0],[105.70724,29.90259,0.0],[105.70705,29.90546,0.0],[105.71206,29.90767,0.0],[105.7113,29.91364,0.0],[105.70894,29.91463,0.0],[105.70983,29.91568,0.0],[105.69916,29.92768,0.0],[105.70397,29.93177,0.0],[105.70623,29.93085,0.0],[105.70832,29.93202,0.0],[105.71219,29.93357,0.0],[105.71106,29.93635,0.0],[105.71625,29.93881,0.0],[105.71578,29.94233,0.0],[105.71379,29.94323,0.0],[105.71427,29.94642,0.0],[105.71754,29.95007,0.0],[105.71653,29.95223,0.0],[105.72201,29.95378,0.0],[105.72757,29.95932,0.0],[105.72601,29.96849,0.0],[105.72379,29.9708,0.0],[105.72258,29.97576,0.0],[105.71997,29.97729,0.0],[105.72008,29.98704,0.0],[105.72361,29.98771,0.0],[105.72571,29.99251,0.0],[105.72532,29.99484,0.0],[105.72552,29.99609,0.0],[105.72573,29.99655,0.0],[105.72626,29.9969,0.0],[105.72687,29.99638,0.0],[105.72732,29.99618,0.0],[105.72806,29.99663,0.0],[105.728,29.99734,0.0],[105.72845,29.99829,0.0],[105.72823,29.99869,0.0],[105.72793,29.99878,0.0],[105.72746,29.99784,0.0],[105.72684,29.99849,0.0],[105.72673,29.99894,0.0],[105.72692,29.99922,0.0],[105.72745,29.99939,0.0],[105.7285,30.00125,0.0],[105.7287,30.00157,0.0],[105.73046,30.0018,0.0],[105.73226,30.0016,0.0],[105.73297,30.00193,0.0],[105.73309,30.00256,0.0],[105.73335,30.00298,0.0],[105.7341,30.00307,0.0],[105.7342,30.00329,0.0],[105.73398,30.00366,0.0],[105.73387,30.00396,0.0],[105.73415,30.0042,0.0],[105.73461,30.00396,0.0],[105.7349,30.0034,0.0],[105.73541,30.00319,0.0],[105.73625,30.00327,0.0],[105.73665,30.00375,0.0],[105.73759,30.00603,0.0],[105.73824,30.00616,0.0],[105.73942,30.00562,0.0],[105.73994,30.00557,0.0],[105.74058,30.00643,0.0],[105.74098,30.00658,0.0],[105.74156,30.00647,0.0],[105.74169,30.00596,0.0],[105.74121,30.00559,0.0],[105.74112,30.00539,0.0],[105.74199,30.00474,0.0],[105.74355,30.005,0.0],[105.74376,30.00519,0.0],[105.74383,30.00567,0.0],[105.74332,30.00621,0.0],[105.74342,30.00671,0.0],[105.74417,30.00757,0.0],[105.74462,30.00825,0.0],[105.74522,30.00871,0.0],[105.7452,30.00938,0.0],[105.74449,30.01003,0.0],[105.74439,30.0107,0.0],[105.74422,30.01085,0.0],[105.74231,30.01214,0.0],[105.74135,30.01301,0.0],[105.74136,30.01352,0.0],[105.74184,30.01382,0.0],[105.74281,30.01403,0.0],[105.74462,30.01397,0.0],[105.74591,30.01368,0.0],[105.74691,30.0137,0.0],[105.74711,30.01422,0.0],[105.74677,30.01463,0.0],[105.74662,30.01524,0.0],[105.74577,30.01581,0.0],[105.74591,30.0166,0.0],[105.74642,30.01753,0.0],[105.7469,30.01849,0.0],[105.74725,30.01902,0.0],[105.74787,30.01915,0.0],[105.74992,30.01909,0.0],[105.75002,30.01965,0.0],[105.7498,30.02037,0.0],[105.74917,30.02074,0.0],[105.74609,30.02169,0.0],[105.7456,30.02222,0.0],[105.74558,30.02271,0.0],[105.74596,30.02317,0.0],[105.74812,30.02364,0.0],[105.74876,30.02429,0.0],[105.74807,30.02476,0.0],[105.74505,30.02612,0.0],[105.7399,30.02965,0.0],[105.7404,30.0308,0.0],[105.7426,30.03194,0.0],[105.74355,30.03352,0.0],[105.74411,30.03536,0.0],[105.74267,30.03656,0.0],[105.73785,30.03603,0.0],[105.72903,30.02962,0.0],[105.72487,30.02962,0.0],[105.72362,30.03214,0.0],[105.7232,30.03502,0.0],[105.72101,30.04142,0.0],[105.71727,30.04467,0.0],[105.71466,30.04467,0.0],[105.70883,30.03908,0.0],[105.70238,30.03818,0.0],[105.69832,30.04133,0.0],[105.69717,30.04566,0.0],[105.6959,30.04579,0.0],[105.69197,30.04214,0.0],[105.68711,30.04385,0.0],[105.68333,30.04151,0.0],[105.68291,30.04737,0.0],[105.68125,30.05016,0.0],[105.68,30.0553,0.0],[105.67864,30.05629,0.0],[105.67594,30.05629,0.0],[105.67313,30.05863,0.0],[105.67387,30.06274,0.0],[105.67396,30.06746,0.0],[105.67094,30.07422,0.0],[105.66902,30.0743,0.0],[105.66615,30.07422,0.0],[105.66043,30.06953,0.0],[105.65564,30.0689,0.0],[105.65189,30.07089,0.0],[105.64898,30.07638,0.0],[105.64564,30.07719,0.0],[105.64231,30.07575,0.0],[105.63798,30.07586,0.0],[105.63638,30.07764,0.0],[105.63544,30.08242,0.0],[105.63555,30.08908,0.0],[105.63342,30.09616,0.0],[105.63858,30.09973,0.0],[105.63902,30.10368,0.0],[105.63681,30.10457,0.0],[105.63195,30.10406,0.0],[105.6265,30.10597,0.0],[105.62432,30.10825,0.0],[105.61997,30.10755,0.0],[105.61649,30.10622,0.0],[105.61046,30.11068,0.0],[105.60324,30.11272,0.0],[105.59365,30.11178,0.0],[105.58711,30.11757,0.0],[105.58263,30.1238,0.0],[105.57742,30.12761,0.0],[105.57321,30.12685,0.0],[105.56938,30.12851,0.0],[105.57038,30.13218,0.0],[105.57012,30.13488,0.0],[105.56644,30.13717,0.0],[105.56762,30.13971,0.0],[105.57251,30.13942,0.0],[105.57763,30.14099,0.0],[105.58028,30.14506,0.0],[105.58979,30.14745,0.0],[105.59181,30.15168,0.0],[105.59348,30.16051,0.0],[105.59305,30.16158,0.0],[105.58954,30.16196,0.0],[105.58773,30.16426,0.0],[105.5861,30.16452,0.0],[105.5834,30.16377,0.0],[105.58057,30.16607,0.0],[105.57836,30.16594,0.0],[105.57468,30.16276,0.0],[105.5738,30.16276,0.0],[105.57203,30.16454,0.0],[105.56717,30.16441,0.0],[105.56497,30.16136,0.0],[105.5638,30.1605,0.0],[105.56111,30.15966,0.0],[105.55963,30.15696,0.0],[105.55873,30.15644,0.0],[105.55755,30.1566,0.0],[105.55688,30.15573,0.0],[105.55609,30.15577,0.0],[105.55508,30.1552,0.0],[105.55478,30.15471,0.0],[105.55334,30.14786,0.0],[105.5526,30.14672,0.0],[105.54745,30.14837,0.0],[105.54406,30.14926,0.0],[105.54276,30.15157,0.0],[105.54523,30.15344,0.0],[105.54626,30.15458,0.0],[105.54615,30.15747,0.0],[105.54461,30.15908,0.0],[105.54347,30.15525,0.0],[105.54263,30.15443,0.0],[105.54165,30.15441,0.0],[105.54045,30.15563,0.0],[105.53944,30.15563,0.0],[105.53864,30.15402,0.0],[105.53678,30.15408,0.0],[105.53268,30.15552,0.0],[105.53253,30.15686,0.0],[105.53317,30.15847,0.0],[105.53272,30.15932,0.0]],[[105.57645,30.12982,0.0],[105.57674,30.1303,0.0],[105.57752,30.13033,0.0],[105.57792,30.13068,0.0],[105.57899,30.13021,0.0],[105.57961,30.13017,0.0],[105.57987,30.13065,0.0],[105.57836,30.13212,0.0],[105.57792,30.13285,0.0],[105.57737,30.1332,0.0],[105.57685,30.13301,0.0],[105.57645,30.13129,0.0],[105.57549,30.13043,0.0],[105.57586,30.12966,0.0],[105.57645,30.12982,0.0]]],[[[105.55404,30.19851,0.0],[105.5582,30.19165,0.0],[105.55747,30.1902,0.0],[105.55537,30.18835,0.0],[105.55365,30.18916,0.0],[105.55129,30.19477,0.0],[105.55404,30.19851,0.0]]]]}},{"type":"Feature","properties":{"uesi_id":"CHN_R913069","nbhd_code":"CHN_R913069_150","nbhd_name":"Wanzhou"},"geometry":{"type":"MultiPolygon","coordinates":[[[[107.8669,30.81104,0.0],[107.89041,30.83528,0.0],[107.93026,30.86175,0.0],[107.95026,30.87321,0.0],[107.95133,30.88345,0.0],[107.96415,30.89274,0.0],[107.98247,30.90449,0.0],[107.98985,30.90673,0.0],[107.9913,30.91131,0.0],[107.99645,30.91379,0.0],[108.0,30.91921,0.0],[108.00195,30.9162,0.0],[108.00494,30.9121,0.0],[108.00684,30.90937,0.0],[108.009,30.9071,0.0],[108.01251,30.90301,0.0],[108.01469,30.89959,0.0],[108.0174,30.89526,0.0],[108.02255,30.88843,0.0],[108.02824,30.88138,0.0],[108.0312,30.8782,0.0],[108.03468,30.87663,0.0],[108.03494,30.87726,0.0],[108.03572,30.87916,0.0],[108.03924,30.88005,0.0],[108.04216,30.87893,0.0],[108.04381,30.87898,0.0],[108.04496,30.88359,0.0],[108.04729,30.88512,0.0],[108.05052,30.88512,0.0],[108.05532,30.88845,0.0],[108.06058,30.89004,0.0],[108.06459,30.88983,0.0],[108.06481,30.89294,0.0],[108.06548,30.89497,0.0],[108.06801,30.89659,0.0],[108.06903,30.89612,0.0],[108.07036,30.89656,0.0],[108.07243,30.89592,0.0],[108.07651,30.89873,0.0],[108.07777,30.89843,0.0],[108.08313,30.89739,0.0],[108.08401,30.89424,0.0],[108.08638,30.88915,0.0],[108.0927,30.88789,0.0],[108.0964,30.8864,0.0],[108.09802,30.88366,0.0],[108.09859,30.88046,0.0],[108.09674,30.87929,0.0],[108.09437,30.87721,0.0],[108.08907,30.87486,0.0],[108.08802,30.87279,0.0],[108.08591,30.87071,0.0],[108.08541,30.86795,0.0],[108.08734,30.86247,0.0],[108.09039,30.85263,0.0],[108.09068,30.85011,0.0],[108.09339,30.84624,0.0],[108.09637,30.84214,0.0],[108.10038,30.84034,0.0],[108.10332,30.83968,0.0],[108.10812,30.83881,0.0],[108.11531,30.83957,0.0],[108.11877,30.84029,0.0],[108.12249,30.84032,0.0],[108.12462,30.8408,0.0],[108.12888,30.84061,0.0],[108.13371,30.83744,0.0],[108.13936,30.83245,0.0],[108.14659,30.82885,0.0],[108.15434,30.82617,0.0],[108.16209,30.82463,0.0],[108.16953,30.82607,0.0],[108.1767,30.82797,0.0],[108.18278,30.83215,0.0],[108.18833,30.8361,0.0],[108.196,30.84121,0.0],[108.20341,30.84517,0.0],[108.20897,30.84958,0.0],[108.21423,30.85513,0.0],[108.21985,30.86363,0.0],[108.22738,30.88051,0.0],[108.22454,30.88525,0.0],[108.24062,30.89243,0.0],[108.25265,30.88869,0.0],[108.25795,30.8798,0.0],[108.26775,30.88607,0.0],[108.27067,30.8877,0.0],[108.27888,30.89281,0.0],[108.28922,30.89863,0.0],[108.29346,30.90164,0.0],[108.29874,30.90604,0.0],[108.30139,30.90767,0.0],[108.30537,30.91045,0.0],[108.30881,30.91277,0.0],[108.31439,30.91465,0.0],[108.32102,30.91768,0.0],[108.32766,30.92117,0.0],[108.33617,30.92353,0.0],[108.34014,30.92631,0.0],[108.34224,30.93,0.0],[108.34274,30.93367,0.0],[108.3427,30.93871,0.0],[108.33914,30.94855,0.0],[108.33802,30.95473,0.0],[108.33692,30.95862,0.0],[108.33527,30.96388,0.0],[108.33257,30.96776,0.0],[108.3328,30.9712,0.0],[108.33304,30.97487,0.0],[108.33545,30.97374,0.0],[108.33948,30.97079,0.0],[108.34457,30.96808,0.0],[108.34991,30.96766,0.0],[108.3539,30.96884,0.0],[108.35735,30.97024,0.0],[108.35947,30.97209,0.0],[108.36427,30.97259,0.0],[108.36639,30.97398,0.0],[108.36932,30.97446,0.0],[108.37171,30.97539,0.0],[108.37756,30.97658,0.0],[108.37942,30.97866,0.0],[108.3794,30.98049,0.0],[108.38019,30.98233,0.0],[108.37936,30.98531,0.0],[108.38041,30.98761,0.0],[108.38225,30.99083,0.0],[108.38676,30.9927,0.0],[108.39155,30.99526,0.0],[108.39739,30.99759,0.0],[108.40298,30.99924,0.0],[108.40599,30.99903,0.0],[108.40989,31.00087,0.0],[108.42115,31.00041,0.0],[108.42581,31.00196,0.0],[108.42923,31.00248,0.0],[108.43051,31.00455,0.0],[108.43635,31.00522,0.0],[108.43984,31.00095,0.0],[108.4435,31.00181,0.0],[108.44548,31.00159,0.0],[108.44627,31.00303,0.0],[108.4478,31.00352,0.0],[108.44913,31.00389,0.0],[108.44929,31.00266,0.0],[108.44897,31.00043,0.0],[108.45007,30.99631,0.0],[108.44844,30.98671,0.0],[108.45035,30.98099,0.0],[108.45002,30.9777,0.0],[108.45093,30.96875,0.0],[108.4576,30.96969,0.0],[108.46,30.97292,0.0],[108.46947,30.97429,0.0],[108.47705,30.97859,0.0],[108.48278,30.98124,0.0],[108.49081,30.97483,0.0],[108.50141,30.97923,0.0],[108.49611,30.98774,0.0],[108.49954,30.99515,0.0],[108.50997,30.99507,0.0],[108.51181,30.99146,0.0],[108.5188,30.99659,0.0],[108.53122,30.99973,0.0],[108.53453,30.99594,0.0],[108.53161,30.99266,0.0],[108.52861,30.99013,0.0],[108.52916,30.9852,0.0],[108.52883,30.98143,0.0],[108.5193,30.97879,0.0],[108.51901,30.97723,0.0],[108.5219,30.97229,0.0],[108.52326,30.9684,0.0],[108.52895,30.9613,0.0],[108.5282,30.95837,0.0],[108.53483,30.95782,0.0],[108.53673,30.94945,0.0],[108.54269,30.94548,0.0],[108.54152,30.9367,0.0],[108.54296,30.93481,0.0],[108.54595,30.92635,0.0],[108.54582,30.91838,0.0],[108.55114,30.91494,0.0],[108.56209,30.91613,0.0],[108.57644,30.91745,0.0],[108.58287,30.91989,0.0],[108.58958,30.92344,0.0],[108.59181,30.92687,0.0],[108.59565,30.93086,0.0],[108.60056,30.93861,0.0],[108.60079,30.93882,0.0],[108.6033,30.94069,0.0],[108.60602,30.94308,0.0],[108.61172,30.93819,0.0],[108.61308,30.93568,0.0],[108.61543,30.93097,0.0],[108.61942,30.92861,0.0],[108.61848,30.92523,0.0],[108.62005,30.92085,0.0],[108.61803,30.91583,0.0],[108.61985,30.91126,0.0],[108.61782,30.90355,0.0],[108.62082,30.90271,0.0],[108.61782,30.89736,0.0],[108.61962,30.89464,0.0],[108.61782,30.88973,0.0],[108.62018,30.88847,0.0],[108.61714,30.88364,0.0],[108.62293,30.88139,0.0],[108.62024,30.8768,0.0],[108.6322,30.88459,0.0],[108.63049,30.88738,0.0],[108.63271,30.88855,0.0],[108.63167,30.89005,0.0],[108.62978,30.89295,0.0],[108.63413,30.89183,0.0],[108.63718,30.89262,0.0],[108.64454,30.89233,0.0],[108.6488,30.8945,0.0],[108.65149,30.8859,0.0],[108.65645,30.88157,0.0],[108.65385,30.87554,0.0],[108.65983,30.874,0.0],[108.66261,30.87086,0.0],[108.66239,30.86494,0.0],[108.66457,30.8631,0.0],[108.66389,30.85937,0.0],[108.66598,30.85611,0.0],[108.67679,30.85351,0.0],[108.68177,30.84674,0.0],[108.6821,30.84341,0.0],[108.68079,30.83818,0.0],[108.68679,30.8327,0.0],[108.69128,30.83055,0.0],[108.69412,30.82542,0.0],[108.69372,30.81829,0.0],[108.6961,30.8132,0.0],[108.70356,30.81577,0.0],[108.7109,30.81805,0.0],[108.71175,30.82114,0.0],[108.71295,30.82202,0.0],[108.71461,30.82022,0.0],[108.71712,30.81858,0.0],[108.72259,30.81815,0.0],[108.72713,30.81841,0.0],[108.7315,30.8134,0.0],[108.73531,30.80798,0.0],[108.73348,30.79983,0.0],[108.73492,30.79618,0.0],[108.73497,30.79271,0.0],[108.73618,30.79061,0.0],[108.74346,30.7856,0.0],[108.73555,30.77859,0.0],[108.74022,30.76898,0.0],[108.74034,30.76567,0.0],[108.74375,30.75641,0.0],[108.74384,30.75242,0.0],[108.74817,30.74422,0.0],[108.75206,30.74214,0.0],[108.75529,30.74378,0.0],[108.76342,30.74515,0.0],[108.76336,30.73625,0.0],[108.75778,30.73216,0.0],[108.75931,30.72853,0.0],[108.76257,30.7272,0.0],[108.76283,30.72504,0.0],[108.76014,30.72542,0.0],[108.75968,30.72265,0.0],[108.76152,30.72019,0.0],[108.75929,30.7195,0.0],[108.7594,30.71493,0.0],[108.77131,30.71643,0.0],[108.78157,30.71727,0.0],[108.78775,30.71616,0.0],[108.78737,30.71158,0.0],[108.78915,30.70874,0.0],[108.77889,30.7026,0.0],[108.7744,30.698,0.0],[108.77846,30.69193,0.0],[108.77415,30.68881,0.0],[108.77677,30.68575,0.0],[108.78717,30.6881,0.0],[108.79852,30.69239,0.0],[108.80597,30.6939,0.0],[108.81098,30.69588,0.0],[108.81651,30.69642,0.0],[108.82214,30.68652,0.0],[108.82621,30.68528,0.0],[108.82651,30.68227,0.0],[108.8322,30.68341,0.0],[108.8341,30.68317,0.0],[108.83657,30.68285,0.0],[108.83761,30.68374,0.0],[108.83932,30.68383,0.0],[108.84123,30.6848,0.0],[108.84247,30.68515,0.0],[108.84354,30.68471,0.0],[108.84429,30.68476,0.0],[108.84455,30.68522,0.0],[108.84465,30.68649,0.0],[108.84586,30.68704,0.0],[108.84765,30.68684,0.0],[108.84862,30.68734,0.0],[108.84943,30.68756,0.0],[108.84972,30.68974,0.0],[108.85001,30.69021,0.0],[108.85072,30.6899,0.0],[108.85143,30.69002,0.0],[108.85213,30.68979,0.0],[108.85358,30.68995,0.0],[108.85397,30.68977,0.0],[108.85418,30.6891,0.0],[108.85531,30.6894,0.0],[108.85625,30.68912,0.0],[108.85697,30.68899,0.0],[108.8572,30.68952,0.0],[108.85634,30.69047,0.0],[108.85633,30.69074,0.0],[108.85659,30.69097,0.0],[108.85789,30.69101,0.0],[108.8588,30.69209,0.0],[108.86043,30.69163,0.0],[108.86233,30.69284,0.0],[108.86286,30.69276,0.0],[108.86303,30.69213,0.0],[108.86395,30.69201,0.0],[108.86432,30.69175,0.0],[108.86497,30.69195,0.0],[108.86561,30.69267,0.0],[108.86627,30.69235,0.0],[108.86716,30.69249,0.0],[108.86792,30.69301,0.0],[108.86841,30.69429,0.0],[108.8696,30.69372,0.0],[108.87068,30.69377,0.0],[108.87196,30.69464,0.0],[108.8723,30.69535,0.0],[108.87173,30.69709,0.0],[108.87197,30.69759,0.0],[108.87386,30.69778,0.0],[108.87571,30.69846,0.0],[108.87772,30.6989,0.0],[108.87845,30.69879,0.0],[108.87916,30.69817,0.0],[108.87829,30.69583,0.0],[108.87978,30.69077,0.0],[108.87957,30.68952,0.0],[108.8804,30.68938,0.0],[108.88144,30.68983,0.0],[108.88309,30.69158,0.0],[108.8842,30.69119,0.0],[108.88445,30.69077,0.0],[108.88462,30.68942,0.0],[108.88569,30.68899,0.0],[108.8873,30.68933,0.0],[108.88872,30.68912,0.0],[108.89191,30.68669,0.0],[108.89237,30.68583,0.0],[108.8925,30.68429,0.0],[108.8937,30.68293,0.0],[108.8955,30.67916,0.0],[108.89513,30.67569,0.0],[108.89606,30.67415,0.0],[108.89586,30.67324,0.0],[108.89568,30.67141,0.0],[108.89593,30.67036,0.0],[108.89607,30.66837,0.0],[108.89594,30.66685,0.0],[108.89615,30.66658,0.0],[108.89784,30.66629,0.0],[108.89845,30.66423,0.0],[108.89759,30.65964,0.0],[108.89739,30.65913,0.0],[108.89606,30.65864,0.0],[108.89652,30.65711,0.0],[108.89695,30.65673,0.0],[108.89643,30.65552,0.0],[108.89628,30.65381,0.0],[108.89733,30.6509,0.0],[108.89757,30.64948,0.0],[108.89486,30.64615,0.0],[108.89525,30.64512,0.0],[108.89507,30.64414,0.0],[108.89442,30.64368,0.0],[108.89347,30.6435,0.0],[108.8916,30.64361,0.0],[108.89069,30.64309,0.0],[108.89023,30.64185,0.0],[108.89047,30.64057,0.0],[108.89166,30.63937,0.0],[108.89184,30.63798,0.0],[108.891,30.63733,0.0],[108.88777,30.63736,0.0],[108.88701,30.63662,0.0],[108.88616,30.63619,0.0],[108.88444,30.6361,0.0],[108.88367,30.63602,0.0],[108.8836,30.63561,0.0],[108.88441,30.63354,0.0],[108.88305,30.63295,0.0],[108.88044,30.63196,0.0],[108.87945,30.63195,0.0],[108.87798,30.63153,0.0],[108.87755,30.63042,0.0],[108.878,30.6291,0.0],[108.87774,30.62859,0.0],[108.87698,30.62837,0.0],[108.87574,30.62878,0.0],[108.87472,30.62876,0.0],[108.87432,30.62788,0.0],[108.87369,30.62675,0.0],[108.87252,30.62657,0.0],[108.87212,30.62542,0.0],[108.87264,30.62375,0.0],[108.87251,30.62253,0.0],[108.87175,30.62153,0.0],[108.87064,30.62113,0.0],[108.86968,30.62142,0.0],[108.86818,30.62158,0.0],[108.86703,30.62096,0.0],[108.86727,30.62052,0.0],[108.86892,30.61861,0.0],[108.86884,30.61779,0.0],[108.86775,30.61654,0.0],[108.87248,30.61146,0.0],[108.87897,30.60714,0.0],[108.88297,30.6028,0.0],[108.88778,30.59708,0.0],[108.88911,30.59502,0.0],[108.89312,30.58954,0.0],[108.89526,30.58588,0.0],[108.89687,30.58152,0.0],[108.89714,30.579,0.0],[108.89856,30.57712,0.0],[108.88911,30.56718,0.0],[108.88894,30.56009,0.0],[108.86731,30.53466,0.0],[108.85049,30.52623,0.0],[108.85135,30.51988,0.0],[108.84156,30.50952,0.0],[108.80558,30.4949,0.0],[108.80129,30.49587,0.0],[108.7998,30.50302,0.0],[108.79523,30.51001,0.0],[108.78533,30.51727,0.0],[108.76652,30.50631,0.0],[108.75766,30.50896,0.0],[108.7502,30.50752,0.0],[108.74675,30.49948,0.0],[108.74098,30.49804,0.0],[108.7241,30.50679,0.0],[108.72018,30.51049,0.0],[108.72214,30.519,0.0],[108.71263,30.52382,0.0],[108.70881,30.52503,0.0],[108.70657,30.53025,0.0],[108.7075,30.53241,0.0],[108.71132,30.53418,0.0],[108.71095,30.53675,0.0],[108.70806,30.54101,0.0],[108.70228,30.54181,0.0],[108.7006,30.5443,0.0],[108.69482,30.54775,0.0],[108.69482,30.55184,0.0],[108.69389,30.55538,0.0],[108.69436,30.55771,0.0],[108.69258,30.56212,0.0],[108.69559,30.56542,0.0],[108.69058,30.57424,0.0],[108.68939,30.58483,0.0],[108.68698,30.58998,0.0],[108.67984,30.59177,0.0],[108.6689,30.59214,0.0],[108.65719,30.59122,0.0],[108.64494,30.58564,0.0],[108.6353,30.57933,0.0],[108.63545,30.57797,0.0],[108.63616,30.57737,0.0],[108.63695,30.5746,0.0],[108.63684,30.5736,0.0],[108.63756,30.57238,0.0],[108.63722,30.57019,0.0],[108.63853,30.56783,0.0],[108.63832,30.56683,0.0],[108.63954,30.56385,0.0],[108.64078,30.56338,0.0],[108.64103,30.56292,0.0],[108.64143,30.56091,0.0],[108.64296,30.56009,0.0],[108.64569,30.55692,0.0],[108.6455,30.55588,0.0],[108.64613,30.55344,0.0],[108.64571,30.55193,0.0],[108.64394,30.55008,0.0],[108.64541,30.54165,0.0],[108.64196,30.5398,0.0],[108.63962,30.53698,0.0],[108.62723,30.53298,0.0],[108.62434,30.52936,0.0],[108.61968,30.52984,0.0],[108.61567,30.52591,0.0],[108.61959,30.52382,0.0],[108.61753,30.51916,0.0],[108.60737,30.51499,0.0],[108.60008,30.51499,0.0],[108.60131,30.5096,0.0],[108.60737,30.50872,0.0],[108.60709,30.50615,0.0],[108.59451,30.49772,0.0],[108.5866,30.49843,0.0],[108.58434,30.49378,0.0],[108.57738,30.4899,0.0],[108.57222,30.48318,0.0],[108.56552,30.47513,0.0],[108.56467,30.47281,0.0],[108.56038,30.47249,0.0],[108.55917,30.4741,0.0],[108.55936,30.47852,0.0],[108.5533,30.48551,0.0],[108.54789,30.48671,0.0],[108.54705,30.48864,0.0],[108.55274,30.48968,0.0],[108.55125,30.49153,0.0],[108.54109,30.49286,0.0],[108.53903,30.49547,0.0],[108.53046,30.4949,0.0],[108.53531,30.49016,0.0],[108.53288,30.49025,0.0],[108.52822,30.4945,0.0],[108.52561,30.49499,0.0],[108.52289,30.49105,0.0],[108.52104,30.49402,0.0],[108.50846,30.50519,0.0],[108.5037,30.50717,0.0],[108.49642,30.50675,0.0],[108.49297,30.50561,0.0],[108.49018,30.50432,0.0],[108.4861,30.50402,0.0],[108.48515,30.50439,0.0],[108.48287,30.50292,0.0],[108.48189,30.49935,0.0],[108.48035,30.49834,0.0],[108.47894,30.49839,0.0],[108.47442,30.49934,0.0],[108.47176,30.49913,0.0],[108.46835,30.49661,0.0],[108.46432,30.4965,0.0],[108.46253,30.49578,0.0],[108.4621,30.49375,0.0],[108.46077,30.49069,0.0],[108.45914,30.4904,0.0],[108.45678,30.49057,0.0],[108.45553,30.49271,0.0],[108.45142,30.49061,0.0],[108.4508,30.49084,0.0],[108.45045,30.49114,0.0],[108.45031,30.49168,0.0],[108.45044,30.49308,0.0],[108.45084,30.49482,0.0],[108.45153,30.49651,0.0],[108.45143,30.49736,0.0],[108.45091,30.49812,0.0],[108.45039,30.4984,0.0],[108.44917,30.49851,0.0],[108.44865,30.49843,0.0],[108.44802,30.49797,0.0],[108.4468,30.49674,0.0],[108.44585,30.49623,0.0],[108.44459,30.49589,0.0],[108.4433,30.49538,0.0],[108.44297,30.49492,0.0],[108.44261,30.49454,0.0],[108.44206,30.49397,0.0],[108.44142,30.49375,0.0],[108.44056,30.49386,0.0],[108.43946,30.49451,0.0],[108.43882,30.49468,0.0],[108.43834,30.49468,0.0],[108.43758,30.49434,0.0],[108.43628,30.49314,0.0],[108.43598,30.49249,0.0],[108.43602,30.49095,0.0],[108.43643,30.48843,0.0],[108.43629,30.48805,0.0],[108.43523,30.48761,0.0],[108.4348,30.4877,0.0],[108.43405,30.48855,0.0],[108.43366,30.48933,0.0],[108.43314,30.49157,0.0],[108.43196,30.49391,0.0],[108.43173,30.49465,0.0],[108.43146,30.49516,0.0],[108.4309,30.49533,0.0],[108.42994,30.4952,0.0],[108.42917,30.49536,0.0],[108.42864,30.49523,0.0],[108.42639,30.49399,0.0],[108.42547,30.49392,0.0],[108.42413,30.49432,0.0],[108.42298,30.49464,0.0],[108.42241,30.49461,0.0],[108.42203,30.49425,0.0],[108.42153,30.49332,0.0],[108.4217,30.49253,0.0],[108.42269,30.49128,0.0],[108.42296,30.49081,0.0],[108.42284,30.49014,0.0],[108.42181,30.48964,0.0],[108.42038,30.49015,0.0],[108.41893,30.49157,0.0],[108.418,30.49316,0.0],[108.41679,30.49511,0.0],[108.41632,30.49624,0.0],[108.41624,30.49777,0.0],[108.41798,30.50399,0.0],[108.42564,30.51113,0.0],[108.42304,30.51612,0.0],[108.4091,30.50562,0.0],[108.40676,30.50986,0.0],[108.40661,30.51519,0.0],[108.40588,30.52056,0.0],[108.39958,30.51855,0.0],[108.39547,30.5243,0.0],[108.39634,30.52741,0.0],[108.39514,30.53168,0.0],[108.40543,30.5361,0.0],[108.40645,30.54393,0.0],[108.4046,30.54907,0.0],[108.40044,30.5511,0.0],[108.39645,30.54553,0.0],[108.38953,30.53877,0.0],[108.38508,30.53972,0.0],[108.37958,30.53976,0.0],[108.37409,30.53721,0.0],[108.37121,30.5297,0.0],[108.36758,30.52592,0.0],[108.36073,30.51636,0.0],[108.35562,30.50895,0.0],[108.34874,30.4961,0.0],[108.34184,30.48742,0.0],[108.34064,30.48096,0.0],[108.33647,30.47474,0.0],[108.33232,30.46921,0.0],[108.33007,30.46317,0.0],[108.3327,30.46044,0.0],[108.32903,30.45559,0.0],[108.32587,30.45167,0.0],[108.32063,30.4459,0.0],[108.31486,30.43852,0.0],[108.31015,30.43091,0.0],[108.30491,30.42399,0.0],[108.30074,30.41708,0.0],[108.29626,30.41292,0.0],[108.2918,30.40807,0.0],[108.28945,30.40295,0.0],[108.27448,30.41005,0.0],[108.27011,30.40697,0.0],[108.25814,30.39316,0.0],[108.25469,30.39282,0.0],[108.24858,30.40771,0.0],[108.24219,30.41018,0.0],[108.23163,30.41143,0.0],[108.22993,30.41604,0.0],[108.22381,30.41805,0.0],[108.21981,30.42031,0.0],[108.21627,30.42046,0.0],[108.21361,30.42169,0.0],[108.21279,30.42374,0.0],[108.21274,30.42925,0.0],[108.21508,30.43386,0.0],[108.22711,30.45093,0.0],[108.2289,30.4576,0.0],[108.22672,30.464,0.0],[108.22321,30.46924,0.0],[108.21969,30.4761,0.0],[108.21752,30.48043,0.0],[108.2164,30.48616,0.0],[108.21317,30.49163,0.0],[108.21208,30.49346,0.0],[108.2091,30.49939,0.0],[108.20853,30.50283,0.0],[108.20559,30.50533,0.0],[108.20239,30.50645,0.0],[108.19786,30.50801,0.0],[108.19386,30.50981,0.0],[108.19089,30.51529,0.0],[108.18661,30.51732,0.0],[108.18232,30.52187,0.0],[108.17775,30.52756,0.0],[108.17397,30.5328,0.0],[108.17262,30.53554,0.0],[108.16996,30.53575,0.0],[108.16652,30.53434,0.0],[108.16097,30.53223,0.0],[108.15646,30.53173,0.0],[108.15219,30.53375,0.0],[108.14523,30.53942,0.0],[108.14199,30.54352,0.0],[108.14221,30.54765,0.0],[108.14243,30.55224,0.0],[108.1429,30.55752,0.0],[108.14285,30.56234,0.0],[108.14092,30.56828,0.0],[108.13904,30.57079,0.0],[108.13449,30.5735,0.0],[108.12888,30.57597,0.0],[108.12222,30.57866,0.0],[108.11902,30.57932,0.0],[108.11581,30.58112,0.0],[108.11684,30.58365,0.0],[108.11734,30.58664,0.0],[108.11573,30.58846,0.0],[108.11308,30.58752,0.0],[108.10831,30.5861,0.0],[108.09849,30.58577,0.0],[108.09212,30.5848,0.0],[108.08679,30.58612,0.0],[108.07723,30.58626,0.0],[108.06767,30.58525,0.0],[108.04913,30.5814,0.0],[108.04037,30.58085,0.0],[108.03294,30.57986,0.0],[108.02896,30.57913,0.0],[108.02682,30.58072,0.0],[108.02306,30.5832,0.0],[108.02116,30.58663,0.0],[108.0211,30.5919,0.0],[108.02264,30.59627,0.0],[108.02283,30.60201,0.0],[108.02063,30.60909,0.0],[108.01519,30.61913,0.0],[108.01137,30.62758,0.0],[108.01079,30.63147,0.0],[108.01021,30.63537,0.0],[108.01231,30.63722,0.0],[108.01679,30.64048,0.0],[108.02906,30.65917,0.0],[108.03271,30.66449,0.0],[108.03777,30.66476,0.0],[108.04202,30.66435,0.0],[108.05133,30.66398,0.0],[108.05984,30.66407,0.0],[108.06487,30.66595,0.0],[108.06882,30.66874,0.0],[108.07038,30.67219,0.0],[108.0714,30.6761,0.0],[108.0719,30.67932,0.0],[108.07156,30.68574,0.0],[108.07069,30.69192,0.0],[108.07172,30.69468,0.0],[108.07222,30.69721,0.0],[108.07348,30.70295,0.0],[108.07343,30.70754,0.0],[108.07202,30.71418,0.0],[108.07278,30.71717,0.0],[108.07247,30.72152,0.0],[108.06897,30.7247,0.0],[108.06364,30.72556,0.0],[108.05515,30.72387,0.0],[108.04796,30.72426,0.0],[108.04317,30.72399,0.0],[108.03547,30.72276,0.0],[108.03019,30.71927,0.0],[108.0209,30.71757,0.0],[108.01746,30.71639,0.0],[108.01268,30.71542,0.0],[108.0,30.71553,0.0],[107.99406,30.71477,0.0],[107.99091,30.7158,0.0],[107.9867,30.71663,0.0],[107.98092,30.7182,0.0],[107.97274,30.71962,0.0],[107.96433,30.72174,0.0],[107.95888,30.72467,0.0],[107.9532,30.72853,0.0],[107.94622,30.73289,0.0],[107.94083,30.7372,0.0],[107.93492,30.74199,0.0],[107.92898,30.74585,0.0],[107.92097,30.75094,0.0],[107.91299,30.75694,0.0],[107.90142,30.76604,0.0],[107.89558,30.77242,0.0],[107.88831,30.7823,0.0],[107.88251,30.78937,0.0],[107.87621,30.79737,0.0],[107.87225,30.80416,0.0],[107.8669,30.81104,0.0]]]]}},{"type":"Feature","properties":{"uesi_id":"CHN_R913069","nbhd_code":"CHN_R913069_151","nbhd_name":"Wulong District"},"geometry":{"type":"MultiPolygon","coordinates":[[[[107.22227,29.40895,0.0],[107.22537,29.41422,0.0],[107.22556,29.41583,0.0],[107.22328,29.41922,0.0],[107.22973,29.42414,0.0],[107.23328,29.42348,0.0],[107.24007,29.42577,0.0],[107.24458,29.42642,0.0],[107.25024,29.43039,0.0],[107.2637,29.43941,0.0],[107.26883,29.44317,0.0],[107.28117,29.45015,0.0],[107.28949,29.45519,0.0],[107.29874,29.46364,0.0],[107.30348,29.47107,0.0],[107.30486,29.47952,0.0],[107.30885,29.48812,0.0],[107.31364,29.4967,0.0],[107.31812,29.50391,0.0],[107.32256,29.50997,0.0],[107.32882,29.51495,0.0],[107.33141,29.51485,0.0],[107.33341,29.51488,0.0],[107.33884,29.51702,0.0],[107.34271,29.51797,0.0],[107.34487,29.5181,0.0],[107.3489,29.51686,0.0],[107.35099,29.51683,0.0],[107.35247,29.51749,0.0],[107.3555,29.51987,0.0],[107.35875,29.52103,0.0],[107.36129,29.52174,0.0],[107.3625,29.52245,0.0],[107.36278,29.52348,0.0],[107.36205,29.52532,0.0],[107.36178,29.52625,0.0],[107.36238,29.52651,0.0],[107.36302,29.52569,0.0],[107.36738,29.52443,0.0],[107.36981,29.52459,0.0],[107.37184,29.52419,0.0],[107.37393,29.52445,0.0],[107.3759,29.52555,0.0],[107.37803,29.52856,0.0],[107.37903,29.52925,0.0],[107.3798,29.52828,0.0],[107.3803,29.52813,0.0],[107.38043,29.52971,0.0],[107.38156,29.53072,0.0],[107.38424,29.53277,0.0],[107.38596,29.53408,0.0],[107.38659,29.53427,0.0],[107.38793,29.53371,0.0],[107.38911,29.53258,0.0],[107.39005,29.53237,0.0],[107.39138,29.53116,0.0],[107.3922,29.52947,0.0],[107.39435,29.52796,0.0],[107.39668,29.52686,0.0],[107.39869,29.52683,0.0],[107.40084,29.52659,0.0],[107.40451,29.52229,0.0],[107.40639,29.5178,0.0],[107.4084,29.5175,0.0],[107.41444,29.51619,0.0],[107.41514,29.51494,0.0],[107.41573,29.51094,0.0],[107.41702,29.51047,0.0],[107.42138,29.51085,0.0],[107.42228,29.5096,0.0],[107.42265,29.5065,0.0],[107.42178,29.50399,0.0],[107.42281,29.49928,0.0],[107.42378,29.49588,0.0],[107.42518,29.49457,0.0],[107.42541,29.49272,0.0],[107.42647,29.4912,0.0],[107.42553,29.48902,0.0],[107.42672,29.48586,0.0],[107.43754,29.48907,0.0],[107.43698,29.49163,0.0],[107.43642,29.49408,0.0],[107.43779,29.49555,0.0],[107.43986,29.49534,0.0],[107.44249,29.49321,0.0],[107.4448,29.4918,0.0],[107.44643,29.49239,0.0],[107.44762,29.49425,0.0],[107.45168,29.4973,0.0],[107.45456,29.49898,0.0],[107.45953,29.50067,0.0],[107.45905,29.50184,0.0],[107.45901,29.50253,0.0],[107.45786,29.50441,0.0],[107.45832,29.50578,0.0],[107.46362,29.50694,0.0],[107.46712,29.50934,0.0],[107.47101,29.50958,0.0],[107.47638,29.49683,0.0],[107.4854,29.48889,0.0],[107.49715,29.47513,0.0],[107.51038,29.46204,0.0],[107.51469,29.45224,0.0],[107.51981,29.44134,0.0],[107.5228,29.43642,0.0],[107.52911,29.42533,0.0],[107.53442,29.42973,0.0],[107.53898,29.43348,0.0],[107.54227,29.43573,0.0],[107.541,29.44002,0.0],[107.54378,29.44298,0.0],[107.54723,29.45181,0.0],[107.55148,29.45215,0.0],[107.55336,29.45566,0.0],[107.55782,29.45774,0.0],[107.5597,29.4605,0.0],[107.56441,29.46386,0.0],[107.56771,29.46241,0.0],[107.57156,29.46359,0.0],[107.57896,29.46944,0.0],[107.58024,29.47302,0.0],[107.5828,29.47446,0.0],[107.58627,29.48016,0.0],[107.59077,29.48301,0.0],[107.59515,29.48388,0.0],[107.59758,29.48485,0.0],[107.60087,29.48234,0.0],[107.60669,29.48144,0.0],[107.61207,29.48388,0.0],[107.61249,29.49194,0.0],[107.61294,29.49813,0.0],[107.61445,29.49997,0.0],[107.61268,29.5036,0.0],[107.6132,29.50529,0.0],[107.61207,29.5141,0.0],[107.6043,29.51706,0.0],[107.60232,29.51873,0.0],[107.60447,29.52063,0.0],[107.60498,29.52257,0.0],[107.60387,29.52629,0.0],[107.60438,29.52704,0.0],[107.60686,29.52986,0.0],[107.61365,29.53591,0.0],[107.6169,29.53806,0.0],[107.62252,29.5417,0.0],[107.62441,29.54576,0.0],[107.62913,29.54797,0.0],[107.6373,29.55333,0.0],[107.64905,29.55292,0.0],[107.652,29.55408,0.0],[107.6514,29.55834,0.0],[107.64904,29.56119,0.0],[107.65179,29.56677,0.0],[107.66093,29.57541,0.0],[107.66302,29.57734,0.0],[107.66511,29.5811,0.0],[107.67016,29.58555,0.0],[107.67326,29.59154,0.0],[107.67998,29.59491,0.0],[107.68409,29.60267,0.0],[107.68735,29.60494,0.0],[107.68825,29.60876,0.0],[107.69116,29.61339,0.0],[107.69587,29.61316,0.0],[107.69718,29.6128,0.0],[107.70425,29.61448,0.0],[107.70689,29.60611,0.0],[107.71156,29.5996,0.0],[107.7128,29.59647,0.0],[107.71925,29.59352,0.0],[107.7309,29.58794,0.0],[107.73458,29.5936,0.0],[107.74309,29.5978,0.0],[107.75043,29.60654,0.0],[107.75774,29.60237,0.0],[107.76188,29.60086,0.0],[107.76494,29.59847,0.0],[107.76711,29.59404,0.0],[107.76842,29.58757,0.0],[107.77582,29.58834,0.0],[107.77579,29.5812,0.0],[107.76682,29.58462,0.0],[107.7651,29.58217,0.0],[107.77577,29.57517,0.0],[107.79149,29.57234,0.0],[107.78661,29.5645,0.0],[107.79939,29.56587,0.0],[107.80125,29.55645,0.0],[107.8057,29.55607,0.0],[107.8139,29.55741,0.0],[107.82052,29.54922,0.0],[107.82472,29.55022,0.0],[107.82306,29.5606,0.0],[107.83051,29.56287,0.0],[107.8333,29.57744,0.0],[107.82778,29.58179,0.0],[107.82779,29.59719,0.0],[107.83501,29.60798,0.0],[107.83539,29.61612,0.0],[107.84155,29.62904,0.0],[107.84297,29.64108,0.0],[107.83768,29.64519,0.0],[107.83964,29.65407,0.0],[107.84176,29.66042,0.0],[107.84642,29.66486,0.0],[107.85025,29.66817,0.0],[107.85484,29.671,0.0],[107.86454,29.67062,0.0],[107.87315,29.66974,0.0],[107.88317,29.66729,0.0],[107.89357,29.66396,0.0],[107.89926,29.66464,0.0],[107.90707,29.66471,0.0],[107.91062,29.66385,0.0],[107.91873,29.65889,0.0],[107.92567,29.65834,0.0],[107.93185,29.65742,0.0],[107.93502,29.65158,0.0],[107.93761,29.64484,0.0],[107.93866,29.63884,0.0],[107.94041,29.63075,0.0],[107.94141,29.62383,0.0],[107.94195,29.61808,0.0],[107.94225,29.61302,0.0],[107.94368,29.60976,0.0],[107.94757,29.60556,0.0],[107.95156,29.60949,0.0],[107.95802,29.61295,0.0],[107.96079,29.61606,0.0],[107.96463,29.6196,0.0],[107.96848,29.62315,0.0],[107.97338,29.62711,0.0],[107.97755,29.63201,0.0],[107.98394,29.62997,0.0],[107.98864,29.63166,0.0],[107.9931,29.63286,0.0],[107.9967,29.6309,0.0],[108.00056,29.63398,0.0],[108.01019,29.62442,0.0],[108.01694,29.62265,0.0],[108.02088,29.62241,0.0],[108.02881,29.62454,0.0],[108.03271,29.62685,0.0],[108.03849,29.62737,0.0],[108.04456,29.62605,0.0],[108.04879,29.62403,0.0],[108.06156,29.61531,0.0],[108.06325,29.61462,0.0],[108.0644,29.61351,0.0],[108.0672,29.61246,0.0],[108.06848,29.61091,0.0],[108.0702,29.60908,0.0],[108.07173,29.60774,0.0],[108.07186,29.60547,0.0],[108.07231,29.60453,0.0],[108.07211,29.60242,0.0],[108.07294,29.60059,0.0],[108.07518,29.59898,0.0],[108.07613,29.59754,0.0],[108.079,29.59648,0.0],[108.07983,29.59454,0.0],[108.08073,29.59316,0.0],[108.08111,29.59232,0.0],[108.07932,29.5911,0.0],[108.07722,29.58905,0.0],[108.07486,29.58639,0.0],[108.07282,29.58262,0.0],[108.07205,29.58095,0.0],[108.07039,29.58023,0.0],[108.06656,29.58128,0.0],[108.06433,29.58151,0.0],[108.06165,29.58062,0.0],[108.05955,29.57712,0.0],[108.06018,29.57579,0.0],[108.05961,29.57457,0.0],[108.05948,29.57279,0.0],[108.06063,29.57113,0.0],[108.06184,29.5688,0.0],[108.06261,29.56741,0.0],[108.06357,29.56625,0.0],[108.06554,29.56614,0.0],[108.06656,29.56458,0.0],[108.06765,29.56347,0.0],[108.06892,29.56186,0.0],[108.0718,29.56075,0.0],[108.07186,29.55931,0.0],[108.07052,29.55831,0.0],[108.06956,29.55559,0.0],[108.06924,29.55348,0.0],[108.06848,29.55204,0.0],[108.06829,29.5506,0.0],[108.06656,29.54843,0.0],[108.06344,29.5456,0.0],[108.06248,29.5446,0.0],[108.06025,29.54383,0.0],[108.05897,29.54283,0.0],[108.05521,29.54078,0.0],[108.0533,29.53739,0.0],[108.05151,29.53417,0.0],[108.04896,29.53317,0.0],[108.04755,29.53178,0.0],[108.04475,29.53117,0.0],[108.04366,29.52845,0.0],[108.04143,29.52806,0.0],[108.04047,29.52657,0.0],[108.03805,29.52529,0.0],[108.0355,29.52357,0.0],[108.03358,29.52296,0.0],[108.0309,29.51979,0.0],[108.0288,29.51613,0.0],[108.02523,29.51352,0.0],[108.02286,29.51269,0.0],[108.01987,29.51185,0.0],[108.01674,29.51024,0.0],[108.01546,29.50858,0.0],[108.01374,29.50752,0.0],[108.01211,29.50594,0.0],[108.01258,29.50374,0.0],[108.01367,29.50193,0.0],[108.01323,29.50042,0.0],[108.01437,29.49812,0.0],[108.01426,29.49696,0.0],[108.0131,29.49614,0.0],[108.01259,29.49448,0.0],[108.0117,29.4922,0.0],[108.01234,29.49148,0.0],[108.01176,29.48953,0.0],[108.01278,29.48842,0.0],[108.01285,29.48642,0.0],[108.0124,29.4842,0.0],[108.01049,29.48048,0.0],[108.00979,29.47676,0.0],[108.01004,29.47482,0.0],[108.00877,29.47265,0.0],[108.00908,29.4721,0.0],[108.01062,29.47132,0.0],[108.01202,29.47037,0.0],[108.01152,29.46824,0.0],[108.01114,29.4659,0.0],[108.01092,29.46569,0.0],[108.00959,29.46535,0.0],[108.00911,29.46566,0.0],[108.00743,29.46599,0.0],[108.00625,29.46587,0.0],[108.00529,29.46553,0.0],[108.00507,29.4651,0.0],[108.00621,29.46415,0.0],[108.00787,29.4626,0.0],[108.00921,29.46199,0.0],[108.00883,29.46138,0.0],[108.00679,29.46126,0.0],[108.00653,29.46054,0.0],[108.00768,29.4601,0.0],[108.00851,29.45949,0.0],[108.0094,29.4581,0.0],[108.0096,29.45632,0.0],[108.00736,29.45377,0.0],[108.00755,29.45293,0.0],[108.00877,29.45238,0.0],[108.00877,29.4516,0.0],[108.00717,29.45065,0.0],[108.00366,29.44943,0.0],[108.00226,29.44649,0.0],[107.99977,29.44543,0.0],[107.99894,29.44477,0.0],[107.99952,29.44416,0.0],[108.00054,29.44377,0.0],[108.00156,29.4431,0.0],[108.002,29.4421,0.0],[108.00137,29.44104,0.0],[107.9999,29.44149,0.0],[107.99888,29.44182,0.0],[107.99786,29.44115,0.0],[107.99696,29.43882,0.0],[107.99703,29.43649,0.0],[107.99824,29.43515,0.0],[107.99905,29.4346,0.0],[107.99945,29.43354,0.0],[108.00015,29.4316,0.0],[107.99824,29.43049,0.0],[107.99709,29.42865,0.0],[107.99511,29.42843,0.0],[107.99441,29.42771,0.0],[107.99467,29.42688,0.0],[107.99409,29.42621,0.0],[107.99084,29.4261,0.0],[107.98982,29.42543,0.0],[107.9895,29.42415,0.0],[107.98733,29.42215,0.0],[107.98613,29.42117,0.0],[107.98487,29.41968,0.0],[107.98505,29.41811,0.0],[107.98514,29.41638,0.0],[107.98568,29.41418,0.0],[107.9855,29.41119,0.0],[107.98667,29.4075,0.0],[107.98739,29.40451,0.0],[107.98802,29.40239,0.0],[107.98802,29.39492,0.0],[107.98739,29.39068,0.0],[107.98577,29.38832,0.0],[107.98035,29.38777,0.0],[107.98008,29.38502,0.0],[107.98035,29.38038,0.0],[107.97981,29.37825,0.0],[107.97864,29.37692,0.0],[107.97575,29.37149,0.0],[107.97287,29.36725,0.0],[107.97115,29.36442,0.0],[107.97205,29.36214,0.0],[107.97431,29.36072,0.0],[107.97774,29.35868,0.0],[107.97864,29.35687,0.0],[107.97936,29.35364,0.0],[107.97945,29.3527,0.0],[107.97738,29.35034,0.0],[107.97566,29.34704,0.0],[107.9762,29.34586,0.0],[107.97882,29.34578,0.0],[107.98044,29.34539,0.0],[107.98072,29.34429,0.0],[107.97936,29.34232,0.0],[107.979,29.34106,0.0],[107.97963,29.33839,0.0],[107.97936,29.33508,0.0],[107.98117,29.33351,0.0],[107.98162,29.33186,0.0],[107.98342,29.33021,0.0],[107.98911,29.32793,0.0],[107.99127,29.32659,0.0],[107.99416,29.32384,0.0],[107.99497,29.32179,0.0],[107.99705,29.321,0.0],[107.99686,29.31967,0.0],[107.9975,29.3188,0.0],[107.99948,29.31802,0.0],[108.00255,29.31794,0.0],[108.00219,29.31684,0.0],[108.00002,29.3133,0.0],[107.9975,29.31031,0.0],[107.99605,29.30708,0.0],[107.99308,29.30362,0.0],[107.99154,29.29575,0.0],[107.99019,29.29197,0.0],[107.98992,29.28906,0.0],[107.99091,29.28584,0.0],[107.99308,29.28159,0.0],[107.99317,29.28009,0.0],[107.99253,29.27852,0.0],[107.99226,29.27569,0.0],[107.99181,29.27332,0.0],[107.99046,29.27033,0.0],[107.99064,29.26907,0.0],[107.99109,29.26687,0.0],[107.99281,29.26467,0.0],[107.99542,29.26349,0.0],[107.9956,29.26152,0.0],[107.9956,29.25916,0.0],[107.99605,29.25766,0.0],[108.00174,29.25451,0.0],[108.00426,29.25247,0.0],[108.00471,29.25042,0.0],[108.00598,29.24696,0.0],[108.00517,29.24436,0.0],[108.00417,29.24105,0.0],[108.00381,29.23688,0.0],[108.00318,29.23444,0.0],[107.99903,29.23066,0.0],[107.99659,29.23058,0.0],[107.99641,29.23168,0.0],[107.99686,29.23452,0.0],[107.99659,29.23625,0.0],[107.99551,29.23838,0.0],[107.99326,29.23948,0.0],[107.99064,29.23845,0.0],[107.98847,29.23586,0.0],[107.98775,29.23168,0.0],[107.98595,29.22916,0.0],[107.98559,29.22704,0.0],[107.98351,29.22318,0.0],[107.98198,29.21995,0.0],[107.97584,29.21602,0.0],[107.97223,29.21365,0.0],[107.97187,29.21239,0.0],[107.96872,29.20948,0.0],[107.96691,29.20798,0.0],[107.96583,29.20633,0.0],[107.96529,29.20286,0.0],[107.96583,29.20145,0.0],[107.96276,29.19916,0.0],[107.95951,29.19664,0.0],[107.95726,29.19302,0.0],[107.95464,29.19152,0.0],[107.9513,29.18963,0.0],[107.94968,29.18814,0.0],[107.94869,29.18625,0.0],[107.94571,29.18436,0.0],[107.94201,29.18199,0.0],[107.93948,29.18144,0.0],[107.93714,29.1805,0.0],[107.93461,29.18215,0.0],[107.92848,29.18735,0.0],[107.92676,29.18814,0.0],[107.9237,29.18806,0.0],[107.92216,29.18806,0.0],[107.92126,29.18829,0.0],[107.9181,29.19105,0.0],[107.91684,29.19137,0.0],[107.91413,29.19278,0.0],[107.91143,29.19334,0.0],[107.90701,29.19278,0.0],[107.90304,29.19278,0.0],[107.90069,29.1905,0.0],[107.89708,29.18877,0.0],[107.89546,29.18892,0.0],[107.89519,29.19074,0.0],[107.89347,29.19042,0.0],[107.89239,29.18861,0.0],[107.89295,29.18747,0.0],[107.89461,29.18447,0.0],[107.89474,29.18146,0.0],[107.89704,29.17901,0.0],[107.89793,29.17689,0.0],[107.89729,29.17444,0.0],[107.8941,29.17043,0.0],[107.89347,29.16703,0.0],[107.89358,29.16421,0.0],[107.89152,29.1579,0.0],[107.88998,29.1555,0.0],[107.88878,29.15147,0.0],[107.88895,29.14862,0.0],[107.88843,29.14547,0.0],[107.88792,29.14352,0.0],[107.88758,29.14067,0.0],[107.88782,29.13805,0.0],[107.88851,29.13236,0.0],[107.89074,29.12652,0.0],[107.8916,29.12321,0.0],[107.89056,29.12094,0.0],[107.88833,29.11748,0.0],[107.88591,29.11568,0.0],[107.8818,29.11343,0.0],[107.87958,29.11134,0.0],[107.8789,29.10881,0.0],[107.87992,29.10117,0.0],[107.88284,29.09263,0.0],[107.8849,29.08947,0.0],[107.8849,29.0869,0.0],[107.88387,29.08479,0.0],[107.88111,29.08208,0.0],[107.87852,29.08132,0.0],[107.87644,29.08117,0.0],[107.87491,29.08162,0.0],[107.86978,29.07908,0.0],[107.86756,29.07699,0.0],[107.86654,29.07311,0.0],[107.86842,29.06742,0.0],[107.87066,29.06367,0.0],[107.87031,29.06033,0.0],[107.86257,29.05612,0.0],[107.85674,29.05163,0.0],[107.85262,29.04637,0.0],[107.84883,29.04411,0.0],[107.84522,29.04261,0.0],[107.83988,29.04231,0.0],[107.83577,29.04265,0.0],[107.83406,29.04456,0.0],[107.82753,29.04141,0.0],[107.82291,29.04111,0.0],[107.82166,29.04053,0.0],[107.81943,29.03732,0.0],[107.81133,29.03823,0.0],[107.81017,29.04018,0.0],[107.80414,29.04423,0.0],[107.79934,29.0464,0.0],[107.79355,29.04785,0.0],[107.78403,29.04893,0.0],[107.78147,29.0503,0.0],[107.78147,29.05435,0.0],[107.78302,29.06002,0.0],[107.78254,29.06455,0.0],[107.78469,29.07127,0.0],[107.78602,29.08617,0.0],[107.79138,29.09862,0.0],[107.79561,29.10663,0.0],[107.79561,29.11371,0.0],[107.79818,29.11595,0.0],[107.79834,29.12072,0.0],[107.8019,29.12397,0.0],[107.8038,29.133,0.0],[107.80695,29.14353,0.0],[107.79007,29.14948,0.0],[107.77832,29.16256,0.0],[107.76906,29.16609,0.0],[107.76683,29.17296,0.0],[107.76104,29.1791,0.0],[107.75673,29.18004,0.0],[107.7565,29.18572,0.0],[107.75624,29.19007,0.0],[107.75491,29.19657,0.0],[107.74896,29.20163,0.0],[107.74466,29.20105,0.0],[107.73977,29.19571,0.0],[107.72788,29.18678,0.0],[107.72166,29.18531,0.0],[107.72,29.18141,0.0],[107.72389,29.17946,0.0],[107.71317,29.15816,0.0],[107.70222,29.15743,0.0],[107.69949,29.15461,0.0],[107.69808,29.1502,0.0],[107.69684,29.14514,0.0],[107.69509,29.14498,0.0],[107.66615,29.14935,0.0],[107.65812,29.15128,0.0],[107.65763,29.15786,0.0],[107.65589,29.16646,0.0],[107.63833,29.16366,0.0],[107.63645,29.16696,0.0],[107.63364,29.16833,0.0],[107.62909,29.16783,0.0],[107.62462,29.16949,0.0],[107.61858,29.16877,0.0],[107.61329,29.16667,0.0],[107.60377,29.16949,0.0],[107.59707,29.164,0.0],[107.59624,29.16241,0.0],[107.59796,29.16127,0.0],[107.60055,29.16133,0.0],[107.60038,29.15844,0.0],[107.59997,29.15511,0.0],[107.5979,29.15186,0.0],[107.59517,29.15121,0.0],[107.59335,29.15316,0.0],[107.58863,29.15302,0.0],[107.58516,29.15389,0.0],[107.5821,29.15764,0.0],[107.58135,29.16219,0.0],[107.58499,29.16624,0.0],[107.5865,29.17135,0.0],[107.58466,29.17223,0.0],[107.58417,29.16992,0.0],[107.58119,29.17043,0.0],[107.57804,29.17382,0.0],[107.57242,29.18863,0.0],[107.57076,29.20358,0.0],[107.57052,29.21131,0.0],[107.56671,29.21571,0.0],[107.56692,29.21967,0.0],[107.56233,29.22156,0.0],[107.55529,29.22445,0.0],[107.55141,29.22336,0.0],[107.54826,29.21881,0.0],[107.54541,29.20963,0.0],[107.5348,29.20352,0.0],[107.52733,29.19614,0.0],[107.51004,29.19672,0.0],[107.50193,29.18805,0.0],[107.4949,29.18473,0.0],[107.49176,29.18076,0.0],[107.48845,29.18004,0.0],[107.47914,29.17563,0.0],[107.47447,29.17845,0.0],[107.46727,29.17375,0.0],[107.46463,29.17751,0.0],[107.45776,29.17989,0.0],[107.45735,29.1817,0.0],[107.46016,29.18603,0.0],[107.45941,29.1887,0.0],[107.45751,29.19267,0.0],[107.4595,29.19831,0.0],[107.45253,29.20089,0.0],[107.44775,29.20365,0.0],[107.43592,29.20618,0.0],[107.42277,29.19332,0.0],[107.4192,29.19303,0.0],[107.41565,29.1945,0.0],[107.4106,29.19352,0.0],[107.40087,29.19111,0.0],[107.40014,29.19381,0.0],[107.39888,29.19667,0.0],[107.39628,29.20386,0.0],[107.39621,29.20891,0.0],[107.39856,29.21549,0.0],[107.40241,29.2202,0.0],[107.40681,29.22557,0.0],[107.40503,29.23365,0.0],[107.40233,29.23832,0.0],[107.39861,29.24371,0.0],[107.39705,29.25087,0.0],[107.39677,29.25707,0.0],[107.39928,29.26112,0.0],[107.40237,29.26631,0.0],[107.40331,29.27041,0.0],[107.40136,29.27414,0.0],[107.39758,29.27815,0.0],[107.39215,29.27991,0.0],[107.38691,29.27984,0.0],[107.3841,29.28176,0.0],[107.3832,29.28569,0.0],[107.3848,29.29298,0.0],[107.38799,29.30114,0.0],[107.39005,29.30682,0.0],[107.39128,29.3116,0.0],[107.39168,29.31502,0.0],[107.39185,29.32626,0.0],[107.38896,29.333,0.0],[107.38464,29.33657,0.0],[107.37714,29.33908,0.0],[107.36935,29.34092,0.0],[107.35914,29.34145,0.0],[107.35079,29.34261,0.0],[107.33983,29.34385,0.0],[107.33147,29.34455,0.0],[107.32205,29.34529,0.0],[107.3124,29.34648,0.0],[107.30405,29.34741,0.0],[107.29703,29.34899,0.0],[107.29057,29.35148,0.0],[107.28417,29.35579,0.0],[107.27856,29.35985,0.0],[107.2732,29.3639,0.0],[107.26733,29.3682,0.0],[107.26147,29.37273,0.0],[107.26013,29.38311,0.0],[107.25663,29.38601,0.0],[107.25083,29.38592,0.0],[107.2458,29.38305,0.0],[107.24064,29.38225,0.0],[107.23705,29.38109,0.0],[107.23697,29.38304,0.0],[107.23504,29.39111,0.0],[107.2339,29.39774,0.0],[107.22798,29.40233,0.0],[107.22633,29.4066,0.0],[107.22227,29.40895,0.0]]]]}},{"type":"Feature","properties":{"uesi_id":"CHN_R913069","nbhd_code":"CHN_R913069_152","nbhd_name":"Wushan County"},"geometry":{"type":"MultiPolygon","coordinates":[[[[109.56391,31.24712,0.0],[109.56842,31.25103,0.0],[109.57451,31.25735,0.0],[109.57969,31.26056,0.0],[109.58228,31.26344,0.0],[109.58862,31.26244,0.0],[109.59503,31.26447,0.0],[109.59749,31.26469,0.0],[109.59801,31.26691,0.0],[109.59309,31.26765,0.0],[109.59345,31.27078,0.0],[109.59529,31.27455,0.0],[109.59619,31.27864,0.0],[109.59788,31.28064,0.0],[109.60235,31.28779,0.0],[109.60668,31.28933,0.0],[109.60897,31.28967,0.0],[109.60666,31.29734,0.0],[109.6133,31.29872,0.0],[109.61722,31.2982,0.0],[109.62365,31.2983,0.0],[109.62378,31.30176,0.0],[109.6245,31.30239,0.0],[109.62923,31.30381,0.0],[109.62957,31.30463,0.0],[109.63094,31.30596,0.0],[109.63162,31.30623,0.0],[109.63236,31.3058,0.0],[109.63477,31.30568,0.0],[109.63548,31.30695,0.0],[109.63501,31.30839,0.0],[109.63427,31.3093,0.0],[109.63622,31.31218,0.0],[109.63803,31.3134,0.0],[109.6414,31.31262,0.0],[109.64412,31.3093,0.0],[109.64684,31.30742,0.0],[109.6493,31.30322,0.0],[109.6524,31.30299,0.0],[109.65487,31.30425,0.0],[109.65668,31.30443,0.0],[109.65747,31.30373,0.0],[109.65642,31.30045,0.0],[109.65707,31.29779,0.0],[109.65863,31.29724,0.0],[109.6616,31.29713,0.0],[109.66601,31.29835,0.0],[109.67106,31.29846,0.0],[109.67559,31.29934,0.0],[109.68298,31.29846,0.0],[109.68816,31.30012,0.0],[109.69153,31.30377,0.0],[109.69748,31.30443,0.0],[109.70526,31.30189,0.0],[109.71095,31.30211,0.0],[109.70953,31.30355,0.0],[109.7094,31.30543,0.0],[109.71018,31.30797,0.0],[109.70927,31.31483,0.0],[109.70966,31.31627,0.0],[109.70798,31.31838,0.0],[109.70655,31.3197,0.0],[109.70733,31.32324,0.0],[109.70707,31.32656,0.0],[109.71186,31.3321,0.0],[109.71121,31.33542,0.0],[109.71044,31.33918,0.0],[109.71095,31.34117,0.0],[109.70668,31.34559,0.0],[109.71005,31.34858,0.0],[109.71329,31.35378,0.0],[109.72119,31.35599,0.0],[109.72455,31.35842,0.0],[109.72721,31.35793,0.0],[109.73006,31.35616,0.0],[109.73433,31.35671,0.0],[109.73718,31.35538,0.0],[109.74159,31.35527,0.0],[109.74534,31.3576,0.0],[109.7513,31.3566,0.0],[109.75428,31.35472,0.0],[109.7557,31.35185,0.0],[109.76088,31.34963,0.0],[109.76309,31.3524,0.0],[109.76723,31.35527,0.0],[109.77047,31.35627,0.0],[109.77138,31.36058,0.0],[109.77047,31.36567,0.0],[109.77339,31.3655,0.0],[109.7809,31.36418,0.0],[109.78116,31.36716,0.0],[109.7844,31.37037,0.0],[109.78258,31.3749,0.0],[109.78349,31.37789,0.0],[109.78336,31.38087,0.0],[109.78634,31.38076,0.0],[109.78984,31.38054,0.0],[109.80007,31.38209,0.0],[109.80421,31.38386,0.0],[109.81056,31.38508,0.0],[109.81548,31.3895,0.0],[109.82222,31.38928,0.0],[109.82831,31.38972,0.0],[109.83674,31.38131,0.0],[109.83972,31.38407,0.0],[109.84581,31.38286,0.0],[109.85151,31.38529,0.0],[109.85941,31.38839,0.0],[109.86524,31.39071,0.0],[109.87404,31.39104,0.0],[109.88182,31.39458,0.0],[109.89658,31.39579,0.0],[109.90539,31.39403,0.0],[109.91666,31.39502,0.0],[109.92262,31.40442,0.0],[109.9256,31.41028,0.0],[109.93091,31.41956,0.0],[109.93285,31.42608,0.0],[109.9357,31.42675,0.0],[109.93544,31.43537,0.0],[109.93401,31.43835,0.0],[109.93298,31.44299,0.0],[109.93505,31.44565,0.0],[109.93686,31.45161,0.0],[109.93503,31.45855,0.0],[109.93336,31.46109,0.0],[109.93449,31.46754,0.0],[109.93706,31.47107,0.0],[109.93711,31.47179,0.0],[109.95105,31.47014,0.0],[109.961,31.47556,0.0],[109.98109,31.47775,0.0],[109.99027,31.4719,0.0],[109.9968,31.46377,0.0],[109.99817,31.45586,0.0],[110.01508,31.44371,0.0],[110.0289,31.44173,0.0],[110.03216,31.43785,0.0],[110.02898,31.43294,0.0],[110.05044,31.41251,0.0],[110.06426,31.41002,0.0],[110.07473,31.41273,0.0],[110.08537,31.41104,0.0],[110.09516,31.41346,0.0],[110.10237,31.40972,0.0],[110.11198,31.41507,0.0],[110.1125,31.41002,0.0],[110.11387,31.40372,0.0],[110.11859,31.39646,0.0],[110.1349,31.39324,0.0],[110.13885,31.3895,0.0],[110.13979,31.38342,0.0],[110.13438,31.37104,0.0],[110.13713,31.36254,0.0],[110.14382,31.35814,0.0],[110.14194,31.34956,0.0],[110.15266,31.33512,0.0],[110.15249,31.33094,0.0],[110.1494,31.32896,0.0],[110.147,31.32068,0.0],[110.15069,31.31819,0.0],[110.1555,31.31731,0.0],[110.1579,31.30535,0.0],[110.15781,31.30073,0.0],[110.15644,31.29274,0.0],[110.1508,31.28865,0.0],[110.15058,31.28157,0.0],[110.15519,31.26501,0.0],[110.15741,31.26173,0.0],[110.1544,31.25997,0.0],[110.15612,31.2541,0.0],[110.16024,31.25432,0.0],[110.16663,31.25278,0.0],[110.16972,31.24669,0.0],[110.16728,31.23377,0.0],[110.16427,31.2305,0.0],[110.16599,31.22761,0.0],[110.1647,31.22544,0.0],[110.16543,31.2217,0.0],[110.17183,31.21513,0.0],[110.17299,31.20683,0.0],[110.17127,31.20026,0.0],[110.17389,31.19141,0.0],[110.17427,31.18268,0.0],[110.17856,31.17456,0.0],[110.18251,31.17074,0.0],[110.19213,31.16564,0.0],[110.19444,31.16189,0.0],[110.19436,31.15973,0.0],[110.18916,31.154,0.0],[110.1817,31.14805,0.0],[110.18088,31.14,0.0],[110.18359,31.13626,0.0],[110.18389,31.13141,0.0],[110.17693,31.12656,0.0],[110.17603,31.12547,0.0],[110.17492,31.12403,0.0],[110.16556,31.12215,0.0],[110.15646,31.11804,0.0],[110.15076,31.12101,0.0],[110.14097,31.11888,0.0],[110.14123,31.11219,0.0],[110.13994,31.11025,0.0],[110.13668,31.1097,0.0],[110.1296,31.1083,0.0],[110.12599,31.09981,0.0],[110.12325,31.09753,0.0],[110.11702,31.09654,0.0],[110.11453,31.09184,0.0],[110.1172,31.08666,0.0],[110.11561,31.08441,0.0],[110.11458,31.081,0.0],[110.11578,31.07732,0.0],[110.11599,31.07486,0.0],[110.11835,31.07137,0.0],[110.12093,31.07023,0.0],[110.11973,31.06725,0.0],[110.1216,31.06626,0.0],[110.12487,31.06787,0.0],[110.12688,31.06725,0.0],[110.12821,31.06379,0.0],[110.12654,31.06122,0.0],[110.12152,31.05681,0.0],[110.11963,31.05173,0.0],[110.12075,31.04655,0.0],[110.11942,31.04195,0.0],[110.1162,31.04096,0.0],[110.11512,31.03934,0.0],[110.11517,31.03442,0.0],[110.12015,31.03453,0.0],[110.13495,31.03298,0.0],[110.13491,31.03114,0.0],[110.13199,31.0296,0.0],[110.13242,31.02622,0.0],[110.13594,31.02276,0.0],[110.13581,31.00761,0.0],[110.13152,31.00246,0.0],[110.13208,30.99205,0.0],[110.13027,30.98881,0.0],[110.13796,30.9898,0.0],[110.1504,30.99219,0.0],[110.15465,30.99377,0.0],[110.15817,30.99392,0.0],[110.16138,30.99136,0.0],[110.16308,30.99131,0.0],[110.16719,30.98946,0.0],[110.16703,30.98651,0.0],[110.16781,30.98437,0.0],[110.16815,30.98203,0.0],[110.16769,30.98146,0.0],[110.16672,30.98097,0.0],[110.16632,30.97978,0.0],[110.16512,30.97928,0.0],[110.16385,30.9772,0.0],[110.16221,30.97542,0.0],[110.15822,30.97402,0.0],[110.15629,30.971,0.0],[110.15633,30.96939,0.0],[110.15727,30.9678,0.0],[110.15826,30.96714,0.0],[110.15856,30.96346,0.0],[110.15275,30.95801,0.0],[110.14865,30.95634,0.0],[110.14772,30.95422,0.0],[110.14794,30.95154,0.0],[110.14763,30.95007,0.0],[110.14742,30.94911,0.0],[110.14586,30.94741,0.0],[110.14513,30.94539,0.0],[110.14536,30.94068,0.0],[110.14255,30.93628,0.0],[110.14122,30.93218,0.0],[110.13991,30.92831,0.0],[110.13989,30.92454,0.0],[110.14287,30.92167,0.0],[110.14438,30.91988,0.0],[110.14463,30.91762,0.0],[110.14652,30.91439,0.0],[110.14468,30.9111,0.0],[110.1441,30.90953,0.0],[110.13948,30.90024,0.0],[110.13446,30.89429,0.0],[110.133,30.893,0.0],[110.13122,30.89002,0.0],[110.13084,30.88799,0.0],[110.12912,30.88539,0.0],[110.12717,30.88265,0.0],[110.12101,30.87398,0.0],[110.11869,30.87051,0.0],[110.11836,30.86948,0.0],[110.11753,30.86687,0.0],[110.11745,30.86492,0.0],[110.11599,30.86057,0.0],[110.11481,30.85939,0.0],[110.11455,30.85747,0.0],[110.11406,30.85593,0.0],[110.11262,30.85449,0.0],[110.1111,30.85394,0.0],[110.10882,30.85093,0.0],[110.10897,30.84883,0.0],[110.11009,30.84749,0.0],[110.1064,30.84469,0.0],[110.10506,30.84251,0.0],[110.10472,30.84196,0.0],[110.10112,30.84005,0.0],[110.10102,30.83995,0.0],[110.09914,30.83806,0.0],[110.0976,30.83739,0.0],[110.09721,30.8357,0.0],[110.09391,30.83341,0.0],[110.09258,30.83323,0.0],[110.09215,30.8322,0.0],[110.09076,30.83202,0.0],[110.08928,30.82852,0.0],[110.08956,30.82648,0.0],[110.09026,30.82601,0.0],[110.0906,30.82372,0.0],[110.08862,30.82336,0.0],[110.0878,30.82196,0.0],[110.08746,30.82148,0.0],[110.08727,30.82017,0.0],[110.08626,30.81988,0.0],[110.08585,30.81909,0.0],[110.08433,30.81863,0.0],[110.08401,30.81802,0.0],[110.08433,30.81719,0.0],[110.08328,30.81647,0.0],[110.08343,30.81588,0.0],[110.08439,30.8152,0.0],[110.08423,30.8144,0.0],[110.08403,30.81269,0.0],[110.08165,30.81176,0.0],[110.08107,30.81093,0.0],[110.08049,30.80882,0.0],[110.07887,30.80645,0.0],[110.07715,30.80177,0.0],[110.07522,30.80142,0.0],[110.07372,30.80321,0.0],[110.06947,30.80467,0.0],[110.06419,30.80244,0.0],[110.06222,30.80275,0.0],[110.05138,30.80181,0.0],[110.04657,30.80194,0.0],[110.04292,30.80327,0.0],[110.03844,30.80653,0.0],[110.03715,30.80931,0.0],[110.03833,30.81235,0.0],[110.0378,30.81475,0.0],[110.03434,30.81685,0.0],[110.03361,30.81818,0.0],[110.03374,30.82287,0.0],[110.02668,30.82278,0.0],[110.02477,30.82485,0.0],[110.02263,30.82542,0.0],[110.02142,30.82802,0.0],[110.01765,30.82956,0.0],[110.01439,30.83179,0.0],[110.01385,30.83352,0.0],[110.01473,30.8364,0.0],[110.01329,30.84143,0.0],[110.01426,30.8441,0.0],[110.01454,30.8495,0.0],[110.01303,30.85545,0.0],[110.01252,30.8576,0.0],[110.0104,30.85845,0.0],[110.00769,30.8635,0.0],[110.0058,30.86423,0.0],[110.00233,30.86755,0.0],[110.00095,30.87015,0.0],[109.99829,30.87173,0.0],[109.99814,30.87422,0.0],[109.99977,30.87948,0.0],[110.00027,30.88005,0.0],[110.00154,30.88454,0.0],[110.00118,30.88649,0.0],[109.99764,30.88782,0.0],[109.99536,30.88765,0.0],[109.99207,30.88585,0.0],[109.99091,30.88723,0.0],[109.98995,30.89012,0.0],[109.98828,30.89047,0.0],[109.98271,30.89098,0.0],[109.97518,30.88895,0.0],[109.97177,30.89031,0.0],[109.96983,30.88964,0.0],[109.96894,30.89023,0.0],[109.96454,30.88793,0.0],[109.96027,30.88637,0.0],[109.95783,30.88268,0.0],[109.95167,30.87967,0.0],[109.93682,30.88103,0.0],[109.93463,30.89153,0.0],[109.92724,30.88993,0.0],[109.92123,30.89421,0.0],[109.91264,30.89524,0.0],[109.89925,30.90275,0.0],[109.88827,30.90231,0.0],[109.86578,30.88876,0.0],[109.81428,30.86238,0.0],[109.79729,30.85958,0.0],[109.77617,30.85118,0.0],[109.72708,30.81846,0.0],[109.71266,30.80519,0.0],[109.7118,30.7934,0.0],[109.71626,30.78529,0.0],[109.71369,30.77998,0.0],[109.70545,30.7788,0.0],[109.69755,30.77201,0.0],[109.69652,30.77319,0.0],[109.69961,30.7813,0.0],[109.6991,30.78632,0.0],[109.68863,30.78219,0.0],[109.6821,30.77113,0.0],[109.65258,30.76327,0.0],[109.65321,30.76909,0.0],[109.6495,30.77322,0.0],[109.64872,30.77666,0.0],[109.65024,30.7823,0.0],[109.64828,30.78813,0.0],[109.64493,30.79585,0.0],[109.64437,30.79914,0.0],[109.64624,30.8045,0.0],[109.63899,30.80672,0.0],[109.63715,30.81246,0.0],[109.63531,30.81774,0.0],[109.63134,30.82279,0.0],[109.61992,30.82139,0.0],[109.61644,30.82193,0.0],[109.61911,30.8278,0.0],[109.61853,30.8325,0.0],[109.61461,30.83406,0.0],[109.61063,30.83728,0.0],[109.60744,30.83958,0.0],[109.60452,30.84348,0.0],[109.60453,30.84623,0.0],[109.60901,30.84856,0.0],[109.61241,30.85061,0.0],[109.61301,30.85687,0.0],[109.61258,30.85998,0.0],[109.61179,30.86341,0.0],[109.60717,30.86367,0.0],[109.60397,30.86582,0.0],[109.59501,30.86478,0.0],[109.5884,30.86767,0.0],[109.58442,30.87237,0.0],[109.57472,30.8742,0.0],[109.57401,30.87655,0.0],[109.57037,30.88227,0.0],[109.56975,30.88604,0.0],[109.56957,30.89125,0.0],[109.56607,30.89239,0.0],[109.56508,30.89766,0.0],[109.57421,30.90138,0.0],[109.58271,30.90361,0.0],[109.5931,30.90361,0.0],[109.59438,30.90622,0.0],[109.60892,30.90522,0.0],[109.60857,30.91082,0.0],[109.60667,30.91545,0.0],[109.6065,30.92061,0.0],[109.60448,30.92635,0.0],[109.60667,30.92955,0.0],[109.60043,30.93494,0.0],[109.59604,30.9421,0.0],[109.59776,30.94531,0.0],[109.59149,30.9554,0.0],[109.59461,30.95819,0.0],[109.59622,30.96181,0.0],[109.59966,30.96594,0.0],[109.59773,30.96607,0.0],[109.59501,30.97382,0.0],[109.59782,30.97698,0.0],[109.59548,30.98079,0.0],[109.60079,30.98569,0.0],[109.60641,30.9877,0.0],[109.60696,30.99114,0.0],[109.60697,30.99504,0.0],[109.61352,31.00027,0.0],[109.62484,31.00229,0.0],[109.62528,31.00785,0.0],[109.6136,31.01496,0.0],[109.60827,31.02005,0.0],[109.60743,31.0228,0.0],[109.61758,31.02843,0.0],[109.62352,31.03159,0.0],[109.62919,31.03304,0.0],[109.63544,31.03869,0.0],[109.64454,31.04366,0.0],[109.65228,31.04814,0.0],[109.65817,31.05088,0.0],[109.6702,31.05498,0.0],[109.69086,31.05645,0.0],[109.69919,31.06149,0.0],[109.70598,31.06459,0.0],[109.71045,31.06966,0.0],[109.71578,31.07434,0.0],[109.72018,31.07761,0.0],[109.71995,31.08099,0.0],[109.71947,31.08511,0.0],[109.72464,31.09084,0.0],[109.72569,31.09573,0.0],[109.72855,31.09846,0.0],[109.73157,31.10117,0.0],[109.73479,31.10157,0.0],[109.75183,31.10882,0.0],[109.75229,31.11177,0.0],[109.75322,31.11529,0.0],[109.76695,31.1149,0.0],[109.76434,31.12004,0.0],[109.7627,31.12443,0.0],[109.75948,31.12719,0.0],[109.75844,31.13154,0.0],[109.75793,31.1359,0.0],[109.76169,31.14071,0.0],[109.76438,31.14436,0.0],[109.76601,31.14803,0.0],[109.76466,31.15607,0.0],[109.7674,31.15834,0.0],[109.76743,31.1627,0.0],[109.76455,31.16488,0.0],[109.76427,31.16816,0.0],[109.7621,31.17224,0.0],[109.75974,31.17602,0.0],[109.75522,31.1778,0.0],[109.75165,31.17726,0.0],[109.74798,31.17847,0.0],[109.74059,31.17907,0.0],[109.73261,31.17976,0.0],[109.72711,31.17702,0.0],[109.72343,31.17343,0.0],[109.70918,31.17352,0.0],[109.69888,31.16992,0.0],[109.68853,31.17328,0.0],[109.68436,31.17647,0.0],[109.67749,31.18117,0.0],[109.66718,31.18475,0.0],[109.66305,31.18881,0.0],[109.65686,31.18788,0.0],[109.64817,31.18807,0.0],[109.64148,31.19041,0.0],[109.63582,31.18659,0.0],[109.63095,31.18844,0.0],[109.62162,31.19354,0.0],[109.61973,31.19485,0.0],[109.61828,31.20185,0.0],[109.61746,31.20562,0.0],[109.62111,31.21167,0.0],[109.62627,31.2158,0.0],[109.62737,31.22107,0.0],[109.62872,31.22427,0.0],[109.62578,31.22871,0.0],[109.62255,31.23079,0.0],[109.61569,31.23202,0.0],[109.61027,31.23274,0.0],[109.60366,31.22937,0.0],[109.5948,31.22911,0.0],[109.58745,31.22798,0.0],[109.5805,31.22309,0.0],[109.57444,31.23177,0.0],[109.57062,31.23859,0.0],[109.56915,31.24387,0.0],[109.56726,31.24586,0.0],[109.56391,31.24712,0.0]]]]}},{"type":"Feature","properties":{"uesi_id":"CHN_R913069","nbhd_code":"CHN_R913069_153","nbhd_name":"Wuxi County"},"geometry":{"type":"MultiPolygon","coordinates":[[[[108.69304,31.48336,0.0],[108.69515,31.48933,0.0],[108.6946,31.49322,0.0],[108.69405,31.49551,0.0],[108.69452,31.49894,0.0],[108.69515,31.50211,0.0],[108.70846,31.5041,0.0],[108.71261,31.50339,0.0],[108.72947,31.50021,0.0],[108.74599,31.50974,0.0],[108.75215,31.51252,0.0],[108.75642,31.51735,0.0],[108.76067,31.52585,0.0],[108.76573,31.53367,0.0],[108.76704,31.53849,0.0],[108.76784,31.54124,0.0],[108.76917,31.54446,0.0],[108.77211,31.54676,0.0],[108.77773,31.54954,0.0],[108.78362,31.55162,0.0],[108.78737,31.55347,0.0],[108.78977,31.55554,0.0],[108.79137,31.55922,0.0],[108.79214,31.56449,0.0],[108.7932,31.56931,0.0],[108.79559,31.57505,0.0],[108.79799,31.5785,0.0],[108.80362,31.58036,0.0],[108.81033,31.5813,0.0],[108.8173,31.58248,0.0],[108.82212,31.58387,0.0],[108.82856,31.58413,0.0],[108.83902,31.58554,0.0],[108.84814,31.58764,0.0],[108.85269,31.58949,0.0],[108.85617,31.59225,0.0],[108.86205,31.59824,0.0],[108.86499,31.60306,0.0],[108.87061,31.60789,0.0],[108.8757,31.60951,0.0],[108.88295,31.61092,0.0],[108.89127,31.61278,0.0],[108.89878,31.61372,0.0],[108.90548,31.61672,0.0],[108.91218,31.62064,0.0],[108.91968,31.62617,0.0],[108.92557,31.631,0.0],[108.93227,31.63744,0.0],[108.93655,31.64249,0.0],[108.93733,31.64891,0.0],[108.9408,31.65557,0.0],[108.9424,31.66268,0.0],[108.94642,31.66315,0.0],[108.95475,31.66272,0.0],[108.9612,31.6609,0.0],[108.96765,31.66047,0.0],[108.97301,31.66117,0.0],[108.98161,31.66188,0.0],[108.98833,31.6619,0.0],[108.99316,31.6626,0.0],[108.99772,31.66375,0.0],[109.00094,31.66698,0.0],[109.00093,31.67087,0.0],[108.99877,31.67476,0.0],[108.99876,31.68141,0.0],[109.00143,31.68737,0.0],[109.00679,31.69357,0.0],[109.0135,31.69657,0.0],[109.02021,31.6992,0.0],[109.02912,31.70159,0.0],[109.03753,31.70306,0.0],[109.04488,31.70407,0.0],[109.05118,31.70596,0.0],[109.05694,31.7074,0.0],[109.06482,31.70887,0.0],[109.07223,31.70762,0.0],[109.08012,31.70796,0.0],[109.08737,31.70614,0.0],[109.09383,31.705,0.0],[109.10349,31.71007,0.0],[109.12552,31.71812,0.0],[109.13116,31.71905,0.0],[109.13708,31.71379,0.0],[109.14353,31.70761,0.0],[109.14864,31.70395,0.0],[109.15133,31.70189,0.0],[109.15617,31.70052,0.0],[109.16208,31.69778,0.0],[109.17471,31.6994,0.0],[109.18304,31.70194,0.0],[109.19056,31.70217,0.0],[109.19835,31.70264,0.0],[109.20506,31.70219,0.0],[109.21447,31.70083,0.0],[109.22119,31.69854,0.0],[109.22469,31.69694,0.0],[109.2271,31.69717,0.0],[109.2263,31.69946,0.0],[109.22253,31.7045,0.0],[109.2185,31.71046,0.0],[109.21904,31.71458,0.0],[109.21904,31.71802,0.0],[109.22038,31.72329,0.0],[109.22253,31.7265,0.0],[109.2263,31.72765,0.0],[109.2314,31.72697,0.0],[109.2365,31.72491,0.0],[109.24269,31.72561,0.0],[109.25021,31.7208,0.0],[109.25666,31.7192,0.0],[109.26795,31.71921,0.0],[109.27198,31.7199,0.0],[109.27787,31.71857,0.0],[109.28071,31.71857,0.0],[109.29264,31.71302,0.0],[109.31324,31.71097,0.0],[109.34791,31.70959,0.0],[109.35512,31.70995,0.0],[109.37744,31.70667,0.0],[109.38576,31.7071,0.0],[109.39023,31.70922,0.0],[109.40261,31.70988,0.0],[109.40825,31.71052,0.0],[109.41125,31.71127,0.0],[109.4116,31.71623,0.0],[109.41452,31.72134,0.0],[109.41761,31.72266,0.0],[109.42087,31.72003,0.0],[109.4253,31.7222,0.0],[109.42979,31.72317,0.0],[109.43597,31.722,0.0],[109.43991,31.72471,0.0],[109.45151,31.72441,0.0],[109.45313,31.71935,0.0],[109.45511,31.7166,0.0],[109.46885,31.71718,0.0],[109.47049,31.7199,0.0],[109.47454,31.72153,0.0],[109.48432,31.72269,0.0],[109.48781,31.72244,0.0],[109.49253,31.71917,0.0],[109.49975,31.71806,0.0],[109.50266,31.72039,0.0],[109.51144,31.72266,0.0],[109.52189,31.72536,0.0],[109.52919,31.72441,0.0],[109.5503,31.7328,0.0],[109.55631,31.72915,0.0],[109.56523,31.72755,0.0],[109.5751,31.73054,0.0],[109.58035,31.72846,0.0],[109.58653,31.72567,0.0],[109.59075,31.7223,0.0],[109.59508,31.72035,0.0],[109.6034,31.71483,0.0],[109.60763,31.71451,0.0],[109.61172,31.71306,0.0],[109.61683,31.71338,0.0],[109.62301,31.71698,0.0],[109.62956,31.71971,0.0],[109.63416,31.72003,0.0],[109.6392,31.7225,0.0],[109.64431,31.72239,0.0],[109.64878,31.72094,0.0],[109.65017,31.71971,0.0],[109.6542,31.71832,0.0],[109.65836,31.71783,0.0],[109.67393,31.71998,0.0],[109.67834,31.72137,0.0],[109.6854,31.71944,0.0],[109.68799,31.71874,0.0],[109.68969,31.7121,0.0],[109.68975,31.7099,0.0],[109.69082,31.70856,0.0],[109.69385,31.70909,0.0],[109.70091,31.70732,0.0],[109.70254,31.70641,0.0],[109.7028,31.70395,0.0],[109.70418,31.7025,0.0],[109.70878,31.7033,0.0],[109.71175,31.70164,0.0],[109.72798,31.70164,0.0],[109.72837,31.69803,0.0],[109.72308,31.69009,0.0],[109.72497,31.68687,0.0],[109.72674,31.67411,0.0],[109.73594,31.66456,0.0],[109.73732,31.65962,0.0],[109.73443,31.65158,0.0],[109.73531,31.63677,0.0],[109.73203,31.63054,0.0],[109.74653,31.61702,0.0],[109.75018,31.61079,0.0],[109.75812,31.60832,0.0],[109.75938,31.60532,0.0],[109.74451,31.60199,0.0],[109.7401,31.59909,0.0],[109.73889,31.59742,0.0],[109.7401,31.58588,0.0],[109.74186,31.57976,0.0],[109.73153,31.57761,0.0],[109.72195,31.57246,0.0],[109.71867,31.56355,0.0],[109.71312,31.55785,0.0],[109.72157,31.55055,0.0],[109.73204,31.54814,0.0],[109.74773,31.54935,0.0],[109.75432,31.54829,0.0],[109.75949,31.55117,0.0],[109.77233,31.55026,0.0],[109.7857,31.55057,0.0],[109.79336,31.54191,0.0],[109.81636,31.5574,0.0],[109.83294,31.55756,0.0],[109.84542,31.55254,0.0],[109.85469,31.54464,0.0],[109.85922,31.53468,0.0],[109.86269,31.53194,0.0],[109.87674,31.52899,0.0],[109.88349,31.5227,0.0],[109.89105,31.52034,0.0],[109.9005,31.52082,0.0],[109.91689,31.5234,0.0],[109.92845,31.5213,0.0],[109.93218,31.51521,0.0],[109.9409,31.50762,0.0],[109.9517,31.50933,0.0],[109.96299,31.51017,0.0],[109.97239,31.51521,0.0],[109.97629,31.51525,0.0],[109.97718,31.51421,0.0],[109.96788,31.50625,0.0],[109.95621,31.49966,0.0],[109.95535,31.49381,0.0],[109.93853,31.48708,0.0],[109.93621,31.4803,0.0],[109.93849,31.47729,0.0],[109.93711,31.47179,0.0],[109.93706,31.47107,0.0],[109.93449,31.46754,0.0],[109.93336,31.46109,0.0],[109.93503,31.45855,0.0],[109.93686,31.45161,0.0],[109.93505,31.44565,0.0],[109.93298,31.44299,0.0],[109.93401,31.43835,0.0],[109.93544,31.43537,0.0],[109.9357,31.42675,0.0],[109.93285,31.42608,0.0],[109.93091,31.41956,0.0],[109.9256,31.41028,0.0],[109.92262,31.40442,0.0],[109.91666,31.39502,0.0],[109.90539,31.39403,0.0],[109.89658,31.39579,0.0],[109.88182,31.39458,0.0],[109.87404,31.39104,0.0],[109.86524,31.39071,0.0],[109.85941,31.38839,0.0],[109.85151,31.38529,0.0],[109.84581,31.38286,0.0],[109.83972,31.38407,0.0],[109.83674,31.38131,0.0],[109.82831,31.38972,0.0],[109.82222,31.38928,0.0],[109.81548,31.3895,0.0],[109.81056,31.38508,0.0],[109.80421,31.38386,0.0],[109.80007,31.38209,0.0],[109.78984,31.38054,0.0],[109.78634,31.38076,0.0],[109.78336,31.38087,0.0],[109.78349,31.37789,0.0],[109.78258,31.3749,0.0],[109.7844,31.37037,0.0],[109.78116,31.36716,0.0],[109.7809,31.36418,0.0],[109.77339,31.3655,0.0],[109.77047,31.36567,0.0],[109.77138,31.36058,0.0],[109.77047,31.35627,0.0],[109.76723,31.35527,0.0],[109.76309,31.3524,0.0],[109.76088,31.34963,0.0],[109.7557,31.35185,0.0],[109.75428,31.35472,0.0],[109.7513,31.3566,0.0],[109.74534,31.3576,0.0],[109.74159,31.35527,0.0],[109.73718,31.35538,0.0],[109.73433,31.35671,0.0],[109.73006,31.35616,0.0],[109.72721,31.35793,0.0],[109.72455,31.35842,0.0],[109.72119,31.35599,0.0],[109.71329,31.35378,0.0],[109.71005,31.34858,0.0],[109.70668,31.34559,0.0],[109.71095,31.34117,0.0],[109.71044,31.33918,0.0],[109.71121,31.33542,0.0],[109.71186,31.3321,0.0],[109.70707,31.32656,0.0],[109.70733,31.32324,0.0],[109.70655,31.3197,0.0],[109.70798,31.31838,0.0],[109.70966,31.31627,0.0],[109.70927,31.31483,0.0],[109.71018,31.30797,0.0],[109.7094,31.30543,0.0],[109.70953,31.30355,0.0],[109.71095,31.30211,0.0],[109.70526,31.30189,0.0],[109.69748,31.30443,0.0],[109.69153,31.30377,0.0],[109.68816,31.30012,0.0],[109.68298,31.29846,0.0],[109.67559,31.29934,0.0],[109.67106,31.29846,0.0],[109.66601,31.29835,0.0],[109.6616,31.29713,0.0],[109.65863,31.29724,0.0],[109.65707,31.29779,0.0],[109.65642,31.30045,0.0],[109.65747,31.30373,0.0],[109.65668,31.30443,0.0],[109.65487,31.30425,0.0],[109.6524,31.30299,0.0],[109.6493,31.30322,0.0],[109.64684,31.30742,0.0],[109.64412,31.3093,0.0],[109.6414,31.31262,0.0],[109.63803,31.3134,0.0],[109.63622,31.31218,0.0],[109.63427,31.3093,0.0],[109.63501,31.30839,0.0],[109.63548,31.30695,0.0],[109.63477,31.30568,0.0],[109.63236,31.3058,0.0],[109.63162,31.30623,0.0],[109.63094,31.30596,0.0],[109.62957,31.30463,0.0],[109.62923,31.30381,0.0],[109.6245,31.30239,0.0],[109.62378,31.30176,0.0],[109.62365,31.2983,0.0],[109.61722,31.2982,0.0],[109.6133,31.29872,0.0],[109.60666,31.29734,0.0],[109.60897,31.28967,0.0],[109.60668,31.28933,0.0],[109.60235,31.28779,0.0],[109.59788,31.28064,0.0],[109.59619,31.27864,0.0],[109.59529,31.27455,0.0],[109.59345,31.27078,0.0],[109.59309,31.26765,0.0],[109.59801,31.26691,0.0],[109.59749,31.26469,0.0],[109.59503,31.26447,0.0],[109.58862,31.26244,0.0],[109.58228,31.26344,0.0],[109.57969,31.26056,0.0],[109.57451,31.25735,0.0],[109.56842,31.25103,0.0],[109.56391,31.24712,0.0],[109.5579,31.24604,0.0],[109.55498,31.24788,0.0],[109.55491,31.25038,0.0],[109.55348,31.25254,0.0],[109.54925,31.25429,0.0],[109.54409,31.25377,0.0],[109.54039,31.25447,0.0],[109.53708,31.25364,0.0],[109.53473,31.25593,0.0],[109.53197,31.25677,0.0],[109.52988,31.25603,0.0],[109.52711,31.25561,0.0],[109.52606,31.25624,0.0],[109.52379,31.25503,0.0],[109.52106,31.25519,0.0],[109.51524,31.2528,0.0],[109.50946,31.24569,0.0],[109.50285,31.24625,0.0],[109.49944,31.24742,0.0],[109.49435,31.24816,0.0],[109.49008,31.25198,0.0],[109.48362,31.25272,0.0],[109.47976,31.2521,0.0],[109.47713,31.25437,0.0],[109.47332,31.25571,0.0],[109.46873,31.25487,0.0],[109.46528,31.25672,0.0],[109.46198,31.25348,0.0],[109.45883,31.25136,0.0],[109.45337,31.25157,0.0],[109.44722,31.2482,0.0],[109.44623,31.24015,0.0],[109.43853,31.23599,0.0],[109.43256,31.23299,0.0],[109.43023,31.23578,0.0],[109.43004,31.23936,0.0],[109.42868,31.24259,0.0],[109.42438,31.24261,0.0],[109.41705,31.24625,0.0],[109.41474,31.24586,0.0],[109.41254,31.24772,0.0],[109.40941,31.24808,0.0],[109.40415,31.24452,0.0],[109.39633,31.24372,0.0],[109.39516,31.24405,0.0],[109.39165,31.24393,0.0],[109.38772,31.24514,0.0],[109.38544,31.24783,0.0],[109.38337,31.25096,0.0],[109.38562,31.25387,0.0],[109.38611,31.25626,0.0],[109.38517,31.25848,0.0],[109.38575,31.26383,0.0],[109.38439,31.26619,0.0],[109.38212,31.2737,0.0],[109.37611,31.27511,0.0],[109.37393,31.27679,0.0],[109.37305,31.28636,0.0],[109.37263,31.28845,0.0],[109.36274,31.28921,0.0],[109.35738,31.29002,0.0],[109.35222,31.28931,0.0],[109.34729,31.2911,0.0],[109.34712,31.29299,0.0],[109.35111,31.29452,0.0],[109.35222,31.29819,0.0],[109.35105,31.29988,0.0],[109.34785,31.30224,0.0],[109.34155,31.30162,0.0],[109.34003,31.30342,0.0],[109.3357,31.30692,0.0],[109.3324,31.30759,0.0],[109.32933,31.31257,0.0],[109.32838,31.31561,0.0],[109.32816,31.31805,0.0],[109.32176,31.3263,0.0],[109.32219,31.3337,0.0],[109.32114,31.33676,0.0],[109.32022,31.34423,0.0],[109.32027,31.35,0.0],[109.31069,31.35271,0.0],[109.30781,31.35137,0.0],[109.3016,31.35417,0.0],[109.29845,31.35356,0.0],[109.29193,31.35605,0.0],[109.28948,31.35499,0.0],[109.28824,31.35348,0.0],[109.28225,31.35476,0.0],[109.27502,31.35681,0.0],[109.27231,31.35878,0.0],[109.26821,31.35778,0.0],[109.26818,31.35998,0.0],[109.26436,31.3612,0.0],[109.25964,31.36342,0.0],[109.25665,31.36376,0.0],[109.24918,31.36283,0.0],[109.24469,31.36388,0.0],[109.24075,31.36639,0.0],[109.23755,31.36529,0.0],[109.23838,31.35942,0.0],[109.23289,31.36025,0.0],[109.22859,31.35895,0.0],[109.22264,31.36527,0.0],[109.21989,31.36568,0.0],[109.21763,31.3642,0.0],[109.21129,31.36338,0.0],[109.21059,31.36054,0.0],[109.20591,31.36069,0.0],[109.19843,31.36491,0.0],[109.19334,31.36514,0.0],[109.18748,31.3633,0.0],[109.18361,31.36388,0.0],[109.18074,31.36279,0.0],[109.17503,31.36363,0.0],[109.17059,31.3668,0.0],[109.16653,31.36682,0.0],[109.15968,31.36669,0.0],[109.1525,31.36674,0.0],[109.14796,31.37111,0.0],[109.1423,31.37091,0.0],[109.14128,31.36976,0.0],[109.1338,31.3687,0.0],[109.12506,31.37217,0.0],[109.11998,31.37476,0.0],[109.11451,31.37357,0.0],[109.112,31.37118,0.0],[109.10631,31.36783,0.0],[109.0978,31.3671,0.0],[109.09145,31.36497,0.0],[109.08881,31.36572,0.0],[109.08789,31.36734,0.0],[109.08696,31.36902,0.0],[109.08764,31.37128,0.0],[109.0852,31.37158,0.0],[109.08075,31.37102,0.0],[109.07592,31.37333,0.0],[109.07387,31.373,0.0],[109.06972,31.37325,0.0],[109.06808,31.37076,0.0],[109.06171,31.36809,0.0],[109.05403,31.36793,0.0],[109.04805,31.36884,0.0],[109.03855,31.37045,0.0],[109.02934,31.37114,0.0],[109.02239,31.37341,0.0],[109.01632,31.37878,0.0],[109.01189,31.37793,0.0],[109.00498,31.3799,0.0],[108.99524,31.38016,0.0],[108.99455,31.38203,0.0],[108.98189,31.38578,0.0],[108.98122,31.38735,0.0],[108.98002,31.38836,0.0],[108.97651,31.38863,0.0],[108.96756,31.3832,0.0],[108.96352,31.38369,0.0],[108.96338,31.38798,0.0],[108.95557,31.3879,0.0],[108.95132,31.38504,0.0],[108.94837,31.38636,0.0],[108.94499,31.38537,0.0],[108.94308,31.38662,0.0],[108.93945,31.38699,0.0],[108.93717,31.38609,0.0],[108.93381,31.38988,0.0],[108.9325,31.39386,0.0],[108.92659,31.39071,0.0],[108.92377,31.38814,0.0],[108.9178,31.38872,0.0],[108.91504,31.39013,0.0],[108.91207,31.39087,0.0],[108.91278,31.38766,0.0],[108.90586,31.38657,0.0],[108.9002,31.38699,0.0],[108.89786,31.38934,0.0],[108.89543,31.38936,0.0],[108.88988,31.38763,0.0],[108.88697,31.38609,0.0],[108.88418,31.38605,0.0],[108.88332,31.3814,0.0],[108.8814,31.37799,0.0],[108.88159,31.37546,0.0],[108.88093,31.37318,0.0],[108.88204,31.37236,0.0],[108.88687,31.37001,0.0],[108.88807,31.36902,0.0],[108.88861,31.36386,0.0],[108.88621,31.35912,0.0],[108.88555,31.35527,0.0],[108.88666,31.35344,0.0],[108.8883,31.35131,0.0],[108.88775,31.34808,0.0],[108.89047,31.34597,0.0],[108.89007,31.34427,0.0],[108.88888,31.34069,0.0],[108.8869,31.33942,0.0],[108.88113,31.33848,0.0],[108.87748,31.3401,0.0],[108.86462,31.34191,0.0],[108.86298,31.347,0.0],[108.86011,31.34826,0.0],[108.85754,31.34684,0.0],[108.85354,31.34691,0.0],[108.85097,31.34753,0.0],[108.85,31.34778,0.0],[108.84768,31.34753,0.0],[108.84568,31.34829,0.0],[108.8435,31.3467,0.0],[108.83257,31.34933,0.0],[108.83162,31.35089,0.0],[108.83049,31.35772,0.0],[108.82001,31.36001,0.0],[108.81825,31.36087,0.0],[108.81767,31.36264,0.0],[108.82031,31.36918,0.0],[108.81938,31.37135,0.0],[108.81889,31.37317,0.0],[108.81941,31.37444,0.0],[108.82178,31.37374,0.0],[108.82377,31.37512,0.0],[108.82603,31.37551,0.0],[108.82735,31.37787,0.0],[108.83029,31.37796,0.0],[108.82709,31.38126,0.0],[108.82293,31.38182,0.0],[108.8208,31.38547,0.0],[108.81779,31.38624,0.0],[108.81677,31.38991,0.0],[108.8127,31.39239,0.0],[108.80438,31.39529,0.0],[108.79951,31.39639,0.0],[108.79746,31.3985,0.0],[108.79481,31.39865,0.0],[108.79141,31.40219,0.0],[108.79218,31.40657,0.0],[108.795,31.40853,0.0],[108.80067,31.41248,0.0],[108.80466,31.41894,0.0],[108.80684,31.42156,0.0],[108.80678,31.423,0.0],[108.80453,31.42677,0.0],[108.80011,31.42625,0.0],[108.79299,31.42982,0.0],[108.78929,31.43228,0.0],[108.7819,31.43189,0.0],[108.78262,31.43399,0.0],[108.7781,31.4358,0.0],[108.77608,31.43815,0.0],[108.76962,31.43841,0.0],[108.76639,31.43919,0.0],[108.76046,31.44087,0.0],[108.75615,31.4412,0.0],[108.75142,31.44406,0.0],[108.74915,31.44597,0.0],[108.74262,31.44438,0.0],[108.73989,31.44529,0.0],[108.73501,31.44425,0.0],[108.7318,31.45237,0.0],[108.72562,31.45669,0.0],[108.72212,31.45874,0.0],[108.71809,31.46055,0.0],[108.71352,31.4626,0.0],[108.70734,31.46555,0.0],[108.70064,31.46712,0.0],[108.69687,31.46985,0.0],[108.69389,31.47534,0.0],[108.69414,31.47855,0.0],[108.69304,31.48336,0.0]]]]}},{"type":"Feature","properties":{"uesi_id":"CHN_R913069","nbhd_code":"CHN_R913069_154","nbhd_name":"Xiushan Miao and Tujia Autonomous County"},"geometry":{"type":"MultiPolygon","coordinates":[[[[108.71783,28.49961,0.0],[108.72015,28.50306,0.0],[108.72273,28.50789,0.0],[108.72401,28.51317,0.0],[108.72451,28.51754,0.0],[108.72449,28.52166,0.0],[108.72707,28.52557,0.0],[108.73124,28.52536,0.0],[108.73618,28.52676,0.0],[108.74293,28.53047,0.0],[108.74812,28.5337,0.0],[108.7494,28.53669,0.0],[108.75303,28.54083,0.0],[108.75459,28.54244,0.0],[108.7616,28.54614,0.0],[108.76705,28.54823,0.0],[108.77355,28.54941,0.0],[108.77824,28.54989,0.0],[108.77979,28.5515,0.0],[108.78082,28.5538,0.0],[108.78133,28.5577,0.0],[108.78365,28.56253,0.0],[108.7865,28.56598,0.0],[108.78883,28.56897,0.0],[108.7922,28.57289,0.0],[108.7966,28.57887,0.0],[108.79891,28.58507,0.0],[108.80488,28.5922,0.0],[108.80929,28.59658,0.0],[108.81422,28.60027,0.0],[108.81967,28.60419,0.0],[108.82669,28.60858,0.0],[108.8345,28.61021,0.0],[108.83919,28.61,0.0],[108.84518,28.61049,0.0],[108.85116,28.61165,0.0],[108.85844,28.61535,0.0],[108.8652,28.61859,0.0],[108.87275,28.62159,0.0],[108.8782,28.62529,0.0],[108.88055,28.62598,0.0],[108.88316,28.62485,0.0],[108.88473,28.62325,0.0],[108.88603,28.62096,0.0],[108.885,28.6182,0.0],[108.88892,28.61615,0.0],[108.8923,28.61823,0.0],[108.89645,28.62031,0.0],[108.89958,28.62101,0.0],[108.90479,28.62125,0.0],[108.91234,28.62311,0.0],[108.9165,28.62313,0.0],[108.92381,28.62109,0.0],[108.9285,28.6195,0.0],[108.9332,28.61722,0.0],[108.93893,28.6154,0.0],[108.94337,28.61335,0.0],[108.94805,28.61406,0.0],[108.95196,28.61453,0.0],[108.95221,28.61865,0.0],[108.95324,28.62324,0.0],[108.95453,28.62783,0.0],[108.95686,28.63312,0.0],[108.95919,28.63863,0.0],[108.96282,28.64483,0.0],[108.96333,28.64759,0.0],[108.96593,28.65424,0.0],[108.96696,28.65792,0.0],[108.96955,28.66366,0.0],[108.97318,28.66848,0.0],[108.97578,28.67125,0.0],[108.97839,28.67377,0.0],[108.98411,28.68021,0.0],[108.98644,28.68251,0.0],[108.99008,28.68688,0.0],[108.99319,28.69331,0.0],[108.9958,28.69745,0.0],[108.99814,28.69975,0.0],[109.00204,28.6993,0.0],[109.00701,28.69472,0.0],[109.0091,28.69267,0.0],[109.01484,28.69199,0.0],[109.02135,28.69384,0.0],[109.02499,28.69729,0.0],[109.02733,28.70235,0.0],[109.02967,28.7074,0.0],[109.03356,28.71475,0.0],[109.03772,28.72255,0.0],[109.04656,28.73817,0.0],[109.05124,28.74827,0.0],[109.05488,28.75539,0.0],[109.05695,28.76044,0.0],[109.06086,28.76871,0.0],[109.06398,28.77284,0.0],[109.06737,28.7756,0.0],[109.0718,28.77721,0.0],[109.07597,28.78112,0.0],[109.08092,28.78572,0.0],[109.08613,28.79192,0.0],[109.09264,28.79973,0.0],[109.09525,28.80226,0.0],[109.09558,28.80442,0.0],[109.10039,28.80853,0.0],[109.10099,28.81211,0.0],[109.10291,28.81611,0.0],[109.10291,28.81905,0.0],[109.10123,28.82,0.0],[109.09822,28.81958,0.0],[109.0933,28.81432,0.0],[109.08946,28.81326,0.0],[109.08585,28.81379,0.0],[109.08862,28.8179,0.0],[109.08994,28.82168,0.0],[109.09366,28.82337,0.0],[109.09618,28.82537,0.0],[109.09871,28.82716,0.0],[109.09979,28.82947,0.0],[109.10195,28.82916,0.0],[109.10459,28.82768,0.0],[109.10723,28.82789,0.0],[109.11,28.83126,0.0],[109.11251,28.83341,0.0],[109.11843,28.83406,0.0],[109.12645,28.83526,0.0],[109.12909,28.83621,0.0],[109.12934,28.83809,0.0],[109.13165,28.83809,0.0],[109.13174,28.8421,0.0],[109.13558,28.84399,0.0],[109.13759,28.84561,0.0],[109.14153,28.84734,0.0],[109.1453,28.84925,0.0],[109.14922,28.84979,0.0],[109.15263,28.84777,0.0],[109.15659,28.85025,0.0],[109.16366,28.85441,0.0],[109.16693,28.85293,0.0],[109.17068,28.85408,0.0],[109.17188,28.8557,0.0],[109.17792,28.86181,0.0],[109.18264,28.86282,0.0],[109.18315,28.86482,0.0],[109.18564,28.86778,0.0],[109.19257,28.87191,0.0],[109.1944,28.87398,0.0],[109.19292,28.87838,0.0],[109.20044,28.88162,0.0],[109.20614,28.88416,0.0],[109.21207,28.88368,0.0],[109.22326,28.88323,0.0],[109.22831,28.88291,0.0],[109.23275,28.8831,0.0],[109.23551,28.87245,0.0],[109.23365,28.86706,0.0],[109.23876,28.86046,0.0],[109.23962,28.85713,0.0],[109.23838,28.85614,0.0],[109.23786,28.85008,0.0],[109.23716,28.84681,0.0],[109.23852,28.84071,0.0],[109.24005,28.83456,0.0],[109.2391,28.83099,0.0],[109.23944,28.82855,0.0],[109.24249,28.82569,0.0],[109.2424,28.82182,0.0],[109.24028,28.81837,0.0],[109.2427,28.80483,0.0],[109.23662,28.79745,0.0],[109.23611,28.78502,0.0],[109.23772,28.78006,0.0],[109.24396,28.77676,0.0],[109.24767,28.7785,0.0],[109.25367,28.77908,0.0],[109.25696,28.77734,0.0],[109.25627,28.77659,0.0],[109.25497,28.77604,0.0],[109.25497,28.77544,0.0],[109.25538,28.77491,0.0],[109.25606,28.77467,0.0],[109.25513,28.77237,0.0],[109.25608,28.7713,0.0],[109.25517,28.77034,0.0],[109.25258,28.77124,0.0],[109.25187,28.77143,0.0],[109.25115,28.77119,0.0],[109.25094,28.77052,0.0],[109.25107,28.76972,0.0],[109.25222,28.76868,0.0],[109.25647,28.76725,0.0],[109.25776,28.76618,0.0],[109.2597,28.76594,0.0],[109.26257,28.76463,0.0],[109.26438,28.76505,0.0],[109.26495,28.76489,0.0],[109.2655,28.76387,0.0],[109.26628,28.76332,0.0],[109.26677,28.76329,0.0],[109.26757,28.7641,0.0],[109.26842,28.76424,0.0],[109.26964,28.76314,0.0],[109.27062,28.7625,0.0],[109.27249,28.76199,0.0],[109.27288,28.76149,0.0],[109.27275,28.76121,0.0],[109.27177,28.76075,0.0],[109.27176,28.76021,0.0],[109.2726,28.75938,0.0],[109.27269,28.75851,0.0],[109.27231,28.75754,0.0],[109.27297,28.75654,0.0],[109.27385,28.7547,0.0],[109.27755,28.75362,0.0],[109.28697,28.75366,0.0],[109.29175,28.7522,0.0],[109.29487,28.74964,0.0],[109.29564,28.74447,0.0],[109.29534,28.74084,0.0],[109.28527,28.7336,0.0],[109.28403,28.7307,0.0],[109.28592,28.72763,0.0],[109.29046,28.72587,0.0],[109.29,28.7224,0.0],[109.28812,28.72234,0.0],[109.2854,28.71865,0.0],[109.28053,28.71691,0.0],[109.27632,28.71319,0.0],[109.27275,28.70926,0.0],[109.26743,28.70801,0.0],[109.26737,28.70335,0.0],[109.25762,28.70093,0.0],[109.24815,28.69504,0.0],[109.24947,28.69089,0.0],[109.25044,28.68793,0.0],[109.25368,28.68622,0.0],[109.25887,28.68525,0.0],[109.26172,28.68326,0.0],[109.26607,28.6778,0.0],[109.2665,28.67432,0.0],[109.26354,28.67274,0.0],[109.26185,28.67109,0.0],[109.2566,28.66915,0.0],[109.24869,28.6654,0.0],[109.23513,28.65914,0.0],[109.21186,28.65005,0.0],[109.19771,28.64098,0.0],[109.19175,28.64138,0.0],[109.18896,28.63973,0.0],[109.18675,28.63643,0.0],[109.18471,28.63024,0.0],[109.17638,28.62473,0.0],[109.17624,28.62197,0.0],[109.17851,28.61906,0.0],[109.18344,28.61901,0.0],[109.18383,28.6177,0.0],[109.18163,28.61508,0.0],[109.18176,28.61383,0.0],[109.18396,28.612,0.0],[109.19641,28.60466,0.0],[109.1974,28.60143,0.0],[109.19992,28.60323,0.0],[109.20147,28.6058,0.0],[109.20699,28.61012,0.0],[109.21464,28.61576,0.0],[109.22281,28.62197,0.0],[109.22949,28.62421,0.0],[109.23234,28.62276,0.0],[109.23682,28.61963,0.0],[109.24136,28.61605,0.0],[109.24583,28.61092,0.0],[109.25027,28.61074,0.0],[109.25342,28.60973,0.0],[109.26237,28.61536,0.0],[109.26575,28.61616,0.0],[109.27243,28.62117,0.0],[109.27404,28.62475,0.0],[109.27924,28.62977,0.0],[109.28014,28.63244,0.0],[109.28274,28.63284,0.0],[109.28663,28.63142,0.0],[109.28948,28.63164,0.0],[109.28981,28.63022,0.0],[109.29123,28.62971,0.0],[109.29208,28.62931,0.0],[109.29285,28.62942,0.0],[109.2926,28.62817,0.0],[109.29331,28.62817,0.0],[109.29519,28.62988,0.0],[109.29538,28.62954,0.0],[109.29564,28.62851,0.0],[109.29668,28.62857,0.0],[109.29843,28.62698,0.0],[109.29954,28.62681,0.0],[109.29856,28.62624,0.0],[109.29889,28.62572,0.0],[109.30017,28.62568,0.0],[109.30072,28.62487,0.0],[109.3021,28.62366,0.0],[109.3009,28.62295,0.0],[109.30047,28.62231,0.0],[109.30066,28.62205,0.0],[109.30134,28.62172,0.0],[109.30375,28.61886,0.0],[109.30402,28.61808,0.0],[109.30351,28.61603,0.0],[109.30399,28.61418,0.0],[109.30402,28.61267,0.0],[109.30454,28.61214,0.0],[109.30484,28.6112,0.0],[109.30409,28.6105,0.0],[109.30271,28.6103,0.0],[109.30163,28.60993,0.0],[109.30146,28.60846,0.0],[109.30054,28.60638,0.0],[109.29953,28.60515,0.0],[109.30216,28.60339,0.0],[109.30339,28.6033,0.0],[109.30432,28.60231,0.0],[109.30571,28.60166,0.0],[109.30515,28.60096,0.0],[109.30546,28.60048,0.0],[109.30627,28.59966,0.0],[109.30637,28.59848,0.0],[109.30755,28.59684,0.0],[109.30757,28.59647,0.0],[109.30747,28.59627,0.0],[109.30702,28.5959,0.0],[109.30716,28.59505,0.0],[109.30781,28.59467,0.0],[109.30843,28.59384,0.0],[109.30929,28.59365,0.0],[109.30906,28.59266,0.0],[109.30925,28.59223,0.0],[109.31034,28.5924,0.0],[109.31081,28.59197,0.0],[109.3107,28.59173,0.0],[109.31063,28.59064,0.0],[109.31109,28.59028,0.0],[109.31254,28.59051,0.0],[109.31374,28.59084,0.0],[109.31418,28.59081,0.0],[109.3141,28.59062,0.0],[109.31405,28.59032,0.0],[109.31405,28.59008,0.0],[109.31433,28.5898,0.0],[109.31566,28.58966,0.0],[109.31705,28.58857,0.0],[109.31713,28.58762,0.0],[109.31677,28.58755,0.0],[109.31599,28.58772,0.0],[109.31552,28.58738,0.0],[109.31535,28.58705,0.0],[109.31546,28.58539,0.0],[109.31682,28.58403,0.0],[109.31677,28.58359,0.0],[109.31611,28.58261,0.0],[109.31499,28.58383,0.0],[109.31363,28.58438,0.0],[109.31209,28.58441,0.0],[109.3106,28.58282,0.0],[109.30846,28.58226,0.0],[109.30502,28.58222,0.0],[109.30223,28.58265,0.0],[109.3008,28.58232,0.0],[109.29678,28.58003,0.0],[109.29607,28.57761,0.0],[109.29605,28.57516,0.0],[109.2919,28.57215,0.0],[109.29059,28.57069,0.0],[109.28971,28.56834,0.0],[109.29004,28.56355,0.0],[109.28982,28.55954,0.0],[109.28751,28.55922,0.0],[109.28549,28.5533,0.0],[109.28437,28.54842,0.0],[109.27967,28.5468,0.0],[109.27706,28.54556,0.0],[109.27386,28.54436,0.0],[109.26944,28.54171,0.0],[109.26961,28.53552,0.0],[109.26988,28.53223,0.0],[109.26956,28.5293,0.0],[109.27159,28.52693,0.0],[109.27299,28.5255,0.0],[109.27584,28.52412,0.0],[109.27558,28.52151,0.0],[109.27415,28.52007,0.0],[109.27176,28.51877,0.0],[109.26799,28.51761,0.0],[109.26709,28.51641,0.0],[109.26777,28.51293,0.0],[109.27023,28.50713,0.0],[109.27075,28.50517,0.0],[109.26919,28.50353,0.0],[109.26996,28.49789,0.0],[109.26637,28.49742,0.0],[109.25379,28.49748,0.0],[109.24883,28.49798,0.0],[109.2466,28.4976,0.0],[109.24368,28.49627,0.0],[109.24141,28.49274,0.0],[109.24104,28.49053,0.0],[109.23975,28.48882,0.0],[109.23446,28.48773,0.0],[109.22868,28.48344,0.0],[109.22528,28.48367,0.0],[109.22161,28.4856,0.0],[109.21931,28.48435,0.0],[109.21819,28.48383,0.0],[109.21732,28.4843,0.0],[109.21766,28.48685,0.0],[109.21866,28.48762,0.0],[109.21796,28.48815,0.0],[109.21556,28.48774,0.0],[109.21465,28.48819,0.0],[109.21137,28.48674,0.0],[109.21054,28.48553,0.0],[109.21093,28.48514,0.0],[109.21168,28.48521,0.0],[109.21175,28.48467,0.0],[109.21112,28.48388,0.0],[109.21047,28.48369,0.0],[109.2096,28.48445,0.0],[109.20842,28.48437,0.0],[109.20758,28.48274,0.0],[109.20596,28.48129,0.0],[109.20537,28.48034,0.0],[109.20224,28.47862,0.0],[109.20066,28.47894,0.0],[109.1996,28.47976,0.0],[109.19899,28.47977,0.0],[109.19797,28.47938,0.0],[109.19755,28.47843,0.0],[109.19439,28.4762,0.0],[109.19268,28.47633,0.0],[109.19178,28.47473,0.0],[109.1908,28.47446,0.0],[109.18935,28.47435,0.0],[109.18557,28.47281,0.0],[109.1877,28.46495,0.0],[109.18614,28.46504,0.0],[109.18605,28.46379,0.0],[109.18385,28.46303,0.0],[109.18222,28.46198,0.0],[109.18234,28.4613,0.0],[109.18264,28.46008,0.0],[109.18219,28.45932,0.0],[109.181,28.45856,0.0],[109.18007,28.45677,0.0],[109.17845,28.457,0.0],[109.1758,28.45556,0.0],[109.17465,28.45467,0.0],[109.17269,28.4539,0.0],[109.17252,28.44907,0.0],[109.1732,28.44092,0.0],[109.17046,28.43473,0.0],[109.16204,28.43428,0.0],[109.16101,28.41767,0.0],[109.1514,28.42084,0.0],[109.14608,28.41586,0.0],[109.1526,28.40499,0.0],[109.15132,28.39603,0.0],[109.14797,28.38959,0.0],[109.14282,28.37585,0.0],[109.13286,28.36286,0.0],[109.14745,28.35409,0.0],[109.13539,28.34473,0.0],[109.13762,28.33043,0.0],[109.12707,28.30981,0.0],[109.10002,28.27208,0.0],[109.08696,28.26731,0.0],[109.07644,28.25075,0.0],[109.08015,28.24804,0.0],[109.08409,28.23643,0.0],[109.09843,28.21903,0.0],[109.09726,28.20522,0.0],[109.09078,28.20331,0.0],[109.08266,28.18631,0.0],[109.07116,28.19092,0.0],[109.05765,28.20527,0.0],[109.03747,28.20714,0.0],[109.03566,28.22184,0.0],[109.02226,28.22048,0.0],[109.00744,28.2007,0.0],[109.01431,28.18365,0.0],[109.00635,28.16448,0.0],[108.98834,28.16174,0.0],[108.924,28.19623,0.0],[108.93053,28.20843,0.0],[108.92224,28.21836,0.0],[108.91644,28.22066,0.0],[108.89028,28.22182,0.0],[108.88527,28.22066,0.0],[108.88205,28.21717,0.0],[108.87953,28.21783,0.0],[108.87376,28.21569,0.0],[108.87179,28.2132,0.0],[108.86896,28.21188,0.0],[108.8606,28.20953,0.0],[108.85296,28.20491,0.0],[108.84046,28.20244,0.0],[108.83565,28.20468,0.0],[108.82987,28.22174,0.0],[108.825,28.22616,0.0],[108.82168,28.23058,0.0],[108.8177,28.24389,0.0],[108.81953,28.24895,0.0],[108.8145,28.24811,0.0],[108.81147,28.24516,0.0],[108.80236,28.24311,0.0],[108.79915,28.2331,0.0],[108.79484,28.22857,0.0],[108.78012,28.22288,0.0],[108.77482,28.22211,0.0],[108.77212,28.22204,0.0],[108.76852,28.21665,0.0],[108.76695,28.20855,0.0],[108.76538,28.20458,0.0],[108.76249,28.20304,0.0],[108.76216,28.20057,0.0],[108.76075,28.19881,0.0],[108.76026,28.19524,0.0],[108.75887,28.19465,0.0],[108.75499,28.19489,0.0],[108.75341,28.19914,0.0],[108.75181,28.2018,0.0],[108.75383,28.20663,0.0],[108.75474,28.21256,0.0],[108.75519,28.22376,0.0],[108.74799,28.23017,0.0],[108.73588,28.22879,0.0],[108.73346,28.23536,0.0],[108.73498,28.25442,0.0],[108.72734,28.25915,0.0],[108.72402,28.26357,0.0],[108.72154,28.276,0.0],[108.72261,28.28604,0.0],[108.73066,28.2898,0.0],[108.73775,28.29898,0.0],[108.74389,28.30357,0.0],[108.76326,28.30767,0.0],[108.76241,28.31451,0.0],[108.766,28.31751,0.0],[108.76578,28.32089,0.0],[108.75725,28.32432,0.0],[108.7569,28.32883,0.0],[108.75973,28.33308,0.0],[108.76277,28.33503,0.0],[108.76615,28.34108,0.0],[108.77246,28.34486,0.0],[108.77408,28.35572,0.0],[108.77399,28.36941,0.0],[108.77879,28.37739,0.0],[108.78045,28.38276,0.0],[108.7756,28.38515,0.0],[108.76694,28.38731,0.0],[108.75873,28.38996,0.0],[108.75556,28.39304,0.0],[108.7576,28.39655,0.0],[108.75731,28.39919,0.0],[108.76129,28.40446,0.0],[108.76422,28.41071,0.0],[108.76632,28.41174,0.0],[108.76586,28.41422,0.0],[108.77104,28.42205,0.0],[108.77423,28.42459,0.0],[108.77835,28.43134,0.0],[108.77514,28.43154,0.0],[108.7699,28.44256,0.0],[108.76663,28.44183,0.0],[108.74955,28.45081,0.0],[108.74338,28.45332,0.0],[108.74232,28.45611,0.0],[108.74593,28.46455,0.0],[108.74317,28.46755,0.0],[108.73956,28.47067,0.0],[108.73165,28.47254,0.0],[108.72427,28.47565,0.0],[108.72179,28.47978,0.0],[108.71936,28.48967,0.0],[108.72001,28.49461,0.0],[108.71783,28.49961,0.0]]]]}},{"type":"Feature","properties":{"uesi_id":"CHN_R913069","nbhd_code":"CHN_R913069_155","nbhd_name":"Yongchuan District"},"geometry":{"type":"MultiPolygon","coordinates":[[[[105.6279,29.31113,0.0],[105.62879,29.31638,0.0],[105.63045,29.32003,0.0],[105.63369,29.32479,0.0],[105.6404,29.33248,0.0],[105.6455,29.33813,0.0],[105.65004,29.34195,0.0],[105.65671,29.34735,0.0],[105.6623,29.35138,0.0],[105.67081,29.35697,0.0],[105.68012,29.36347,0.0],[105.68786,29.36953,0.0],[105.69186,29.37314,0.0],[105.69691,29.37626,0.0],[105.70285,29.37499,0.0],[105.70979,29.37903,0.0],[105.71728,29.38083,0.0],[105.71936,29.38322,0.0],[105.72452,29.38702,0.0],[105.72848,29.3926,0.0],[105.73011,29.3965,0.0],[105.73717,29.40052,0.0],[105.73983,29.38425,0.0],[105.74616,29.38598,0.0],[105.75063,29.38613,0.0],[105.75641,29.38672,0.0],[105.76089,29.38825,0.0],[105.76647,29.39137,0.0],[105.76915,29.39384,0.0],[105.77422,29.39765,0.0],[105.77799,29.40217,0.0],[105.78101,29.40763,0.0],[105.7832,29.41321,0.0],[105.78351,29.414,0.0],[105.78546,29.41924,0.0],[105.78898,29.42894,0.0],[105.79454,29.43692,0.0],[105.79864,29.44362,0.0],[105.79741,29.44839,0.0],[105.80151,29.45565,0.0],[105.80341,29.45837,0.0],[105.80454,29.46202,0.0],[105.80621,29.46612,0.0],[105.80681,29.46909,0.0],[105.80737,29.47092,0.0],[105.80931,29.47524,0.0],[105.80989,29.47775,0.0],[105.8105,29.48141,0.0],[105.81219,29.48643,0.0],[105.81306,29.48985,0.0],[105.81423,29.4951,0.0],[105.81646,29.5008,0.0],[105.81951,29.50785,0.0],[105.822,29.51331,0.0],[105.82476,29.51922,0.0],[105.82829,29.52421,0.0],[105.83308,29.5271,0.0],[105.83974,29.53111,0.0],[105.84542,29.53963,0.0],[105.8519,29.54256,0.0],[105.85748,29.53964,0.0],[105.86632,29.53877,0.0],[105.87269,29.5433,0.0],[105.86815,29.54885,0.0],[105.8714,29.55566,0.0],[105.8774,29.55796,0.0],[105.8801,29.56112,0.0],[105.8847,29.56984,0.0],[105.89196,29.5699,0.0],[105.89162,29.5652,0.0],[105.9024,29.56247,0.0],[105.89906,29.5516,0.0],[105.90036,29.5448,0.0],[105.90724,29.53748,0.0],[105.91938,29.53627,0.0],[105.93183,29.54163,0.0],[105.93102,29.54827,0.0],[105.94049,29.54815,0.0],[105.94255,29.54314,0.0],[105.94883,29.54743,0.0],[105.95251,29.54136,0.0],[105.94857,29.53878,0.0],[105.95269,29.53432,0.0],[105.9539,29.53707,0.0],[105.96264,29.53474,0.0],[105.97327,29.54157,0.0],[105.97493,29.53817,0.0],[105.9777,29.53876,0.0],[105.97834,29.5348,0.0],[105.97917,29.53184,0.0],[105.98717,29.54171,0.0],[105.99324,29.54002,0.0],[105.9913,29.53516,0.0],[105.99373,29.52411,0.0],[106.00514,29.52016,0.0],[106.01754,29.52927,0.0],[106.02942,29.52923,0.0],[106.03907,29.52905,0.0],[106.04991,29.53069,0.0],[106.06574,29.53282,0.0],[106.06857,29.53719,0.0],[106.07389,29.54192,0.0],[106.07724,29.54549,0.0],[106.07951,29.539,0.0],[106.07639,29.53267,0.0],[106.07476,29.52078,0.0],[106.07446,29.50909,0.0],[106.07336,29.49695,0.0],[106.07098,29.48576,0.0],[106.06969,29.47661,0.0],[106.06908,29.46264,0.0],[106.06858,29.4537,0.0],[106.06725,29.44272,0.0],[106.06361,29.43362,0.0],[106.06158,29.42587,0.0],[106.06194,29.41944,0.0],[106.06176,29.41256,0.0],[106.06044,29.40181,0.0],[106.05837,29.39268,0.0],[106.05814,29.38351,0.0],[106.05717,29.37642,0.0],[106.05515,29.36935,0.0],[106.05239,29.36367,0.0],[106.04933,29.35685,0.0],[106.04735,29.35115,0.0],[106.04569,29.34775,0.0],[106.04323,29.34366,0.0],[106.04023,29.33914,0.0],[106.03855,29.33481,0.0],[106.0382,29.33138,0.0],[106.0384,29.32885,0.0],[106.03746,29.32268,0.0],[106.03494,29.31654,0.0],[106.03319,29.30923,0.0],[106.03192,29.30054,0.0],[106.03175,29.29344,0.0],[106.03149,29.28335,0.0],[106.03104,29.27579,0.0],[106.0285,29.26873,0.0],[106.02624,29.26189,0.0],[106.02052,29.25329,0.0],[106.01693,29.24602,0.0],[106.01364,29.24012,0.0],[106.01115,29.2349,0.0],[106.0052,29.22698,0.0],[105.99927,29.22022,0.0],[105.99595,29.21294,0.0],[105.99025,29.20479,0.0],[105.98615,29.19753,0.0],[105.98235,29.19233,0.0],[105.97668,29.18487,0.0],[105.97208,29.179,0.0],[105.96641,29.17176,0.0],[105.96021,29.16431,0.0],[105.9548,29.15708,0.0],[105.94961,29.148,0.0],[105.94474,29.14167,0.0],[105.93855,29.13422,0.0],[105.93555,29.129,0.0],[105.93019,29.12382,0.0],[105.92488,29.12071,0.0],[105.91799,29.11671,0.0],[105.91452,29.11379,0.0],[105.91159,29.11179,0.0],[105.90914,29.1077,0.0],[105.90923,29.10059,0.0],[105.90933,29.09371,0.0],[105.91077,29.08841,0.0],[105.91196,29.08334,0.0],[105.91313,29.07782,0.0],[105.91405,29.07253,0.0],[105.91394,29.06771,0.0],[105.91356,29.06291,0.0],[105.91351,29.06107,0.0],[105.9119,29.05881,0.0],[105.91016,29.05637,0.0],[105.9034,29.05616,0.0],[105.89633,29.05307,0.0],[105.88939,29.04877,0.0],[105.87603,29.039,0.0],[105.86616,29.034,0.0],[105.86059,29.03007,0.0],[105.85643,29.02686,0.0],[105.85487,29.0239,0.0],[105.85391,29.02094,0.0],[105.85417,29.01635,0.0],[105.85413,29.01203,0.0],[105.85378,29.00799,0.0],[105.85466,29.0034,0.0],[105.85493,28.99935,0.0],[105.8558,28.99476,0.0],[105.85545,28.99044,0.0],[105.85358,28.98722,0.0],[105.85109,28.984,0.0],[105.84768,28.98025,0.0],[105.8412,28.97679,0.0],[105.83466,28.97376,0.0],[105.82964,28.97132,0.0],[105.82617,28.9684,0.0],[105.82298,28.96548,0.0],[105.82056,28.963,0.0],[105.81998,28.96003,0.0],[105.82043,28.95727,0.0],[105.82168,28.95472,0.0],[105.82394,28.95079,0.0],[105.82493,28.94967,0.0],[105.82553,28.94884,0.0],[105.8261,28.9487,0.0],[105.82095,28.94507,0.0],[105.81471,28.9457,0.0],[105.8127,28.94427,0.0],[105.80938,28.94343,0.0],[105.80732,28.94511,0.0],[105.80639,28.94511,0.0],[105.80605,28.94511,0.0],[105.80295,28.94247,0.0],[105.80058,28.93864,0.0],[105.79876,28.9384,0.0],[105.79652,28.93832,0.0],[105.79461,28.93817,0.0],[105.79365,28.9402,0.0],[105.79142,28.94084,0.0],[105.79055,28.94411,0.0],[105.78804,28.9473,0.0],[105.79004,28.95151,0.0],[105.79183,28.9536,0.0],[105.79409,28.9528,0.0],[105.79721,28.95169,0.0],[105.79876,28.94989,0.0],[105.80185,28.95125,0.0],[105.80327,28.95476,0.0],[105.80181,28.95568,0.0],[105.80304,28.95727,0.0],[105.80532,28.95775,0.0],[105.80682,28.96066,0.0],[105.79638,28.95974,0.0],[105.79497,28.96242,0.0],[105.79228,28.96397,0.0],[105.7929,28.96953,0.0],[105.78832,28.97199,0.0],[105.78622,28.97598,0.0],[105.78358,28.97761,0.0],[105.78453,28.98196,0.0],[105.77879,28.98363,0.0],[105.77303,28.98643,0.0],[105.7679,28.98905,0.0],[105.76275,28.98842,0.0],[105.76402,28.99312,0.0],[105.76334,28.99408,0.0],[105.76001,28.99356,0.0],[105.75832,28.99264,0.0],[105.75541,28.99196,0.0],[105.75818,28.99605,0.0],[105.75914,28.99755,0.0],[105.76151,28.99822,0.0],[105.76516,28.99834,0.0],[105.76024,29.00117,0.0],[105.76123,29.00298,0.0],[105.76131,29.00418,0.0],[105.75764,29.00699,0.0],[105.75946,29.00815,0.0],[105.76284,29.01078,0.0],[105.76258,29.01291,0.0],[105.76198,29.01392,0.0],[105.76262,29.01587,0.0],[105.76262,29.01688,0.0],[105.76125,29.01803,0.0],[105.76016,29.01996,0.0],[105.75919,29.02036,0.0],[105.75808,29.01979,0.0],[105.75726,29.01989,0.0],[105.75737,29.0205,0.0],[105.75849,29.02263,0.0],[105.75795,29.02297,0.0],[105.75612,29.02379,0.0],[105.75498,29.025,0.0],[105.75291,29.02561,0.0],[105.7523,29.02682,0.0],[105.75073,29.02719,0.0],[105.75061,29.02767,0.0],[105.75051,29.02959,0.0],[105.74854,29.03135,0.0],[105.74851,29.03281,0.0],[105.74817,29.03338,0.0],[105.74736,29.03373,0.0],[105.74599,29.03356,0.0],[105.74607,29.03412,0.0],[105.747,29.0361,0.0],[105.74663,29.03746,0.0],[105.74553,29.03776,0.0],[105.74326,29.03703,0.0],[105.7418,29.03823,0.0],[105.74313,29.03877,0.0],[105.74394,29.03965,0.0],[105.7427,29.04005,0.0],[105.74274,29.04063,0.0],[105.74405,29.04155,0.0],[105.74326,29.04219,0.0],[105.74257,29.04234,0.0],[105.74184,29.04183,0.0],[105.74088,29.04205,0.0],[105.74051,29.04234,0.0],[105.74028,29.04309,0.0],[105.73985,29.04331,0.0],[105.73888,29.04235,0.0],[105.7383,29.04245,0.0],[105.73789,29.04294,0.0],[105.73914,29.04376,0.0],[105.73955,29.04567,0.0],[105.74045,29.04691,0.0],[105.74148,29.04721,0.0],[105.74272,29.04721,0.0],[105.74337,29.04734,0.0],[105.74206,29.04914,0.0],[105.74142,29.0493,0.0],[105.74105,29.05033,0.0],[105.74236,29.05046,0.0],[105.74254,29.05157,0.0],[105.74351,29.05167,0.0],[105.74437,29.05164,0.0],[105.74599,29.05401,0.0],[105.74738,29.05427,0.0],[105.74746,29.05485,0.0],[105.74865,29.05508,0.0],[105.74849,29.05554,0.0],[105.74714,29.05656,0.0],[105.74708,29.05698,0.0],[105.751,29.06488,0.0],[105.75071,29.06622,0.0],[105.75193,29.06689,0.0],[105.75362,29.06961,0.0],[105.75399,29.07206,0.0],[105.75299,29.07473,0.0],[105.74698,29.07568,0.0],[105.74134,29.07811,0.0],[105.73831,29.08267,0.0],[105.73913,29.0908,0.0],[105.73281,29.09549,0.0],[105.73271,29.09828,0.0],[105.7266,29.0996,0.0],[105.72473,29.10123,0.0],[105.72546,29.10458,0.0],[105.72582,29.108,0.0],[105.72578,29.11019,0.0],[105.72674,29.11131,0.0],[105.72774,29.11326,0.0],[105.72874,29.11509,0.0],[105.7286,29.11728,0.0],[105.72819,29.11812,0.0],[105.72774,29.11963,0.0],[105.72614,29.11935,0.0],[105.72541,29.12146,0.0],[105.73088,29.12505,0.0],[105.73476,29.12883,0.0],[105.73681,29.13181,0.0],[105.73973,29.13002,0.0],[105.7441,29.1307,0.0],[105.74851,29.1328,0.0],[105.74966,29.13584,0.0],[105.74412,29.13693,0.0],[105.74438,29.13834,0.0],[105.74365,29.14006,0.0],[105.7431,29.14272,0.0],[105.74253,29.14318,0.0],[105.74226,29.14304,0.0],[105.74221,29.14233,0.0],[105.74116,29.14061,0.0],[105.74134,29.13994,0.0],[105.73936,29.13874,0.0],[105.73676,29.13809,0.0],[105.73624,29.13733,0.0],[105.73601,29.13592,0.0],[105.73362,29.13389,0.0],[105.73385,29.13263,0.0],[105.73323,29.13195,0.0],[105.73214,29.13203,0.0],[105.72899,29.13377,0.0],[105.72694,29.1355,0.0],[105.72514,29.13635,0.0],[105.72487,29.13838,0.0],[105.72566,29.1402,0.0],[105.72607,29.14444,0.0],[105.72758,29.14881,0.0],[105.72756,29.14945,0.0],[105.72689,29.14979,0.0],[105.72509,29.15032,0.0],[105.72432,29.15063,0.0],[105.72403,29.1513,0.0],[105.72612,29.15612,0.0],[105.72528,29.1566,0.0],[105.72447,29.15709,0.0],[105.7239,29.1573,0.0],[105.72385,29.15774,0.0],[105.72405,29.15797,0.0],[105.7253,29.15821,0.0],[105.72493,29.15905,0.0],[105.72528,29.1596,0.0],[105.72452,29.16112,0.0],[105.72468,29.16213,0.0],[105.72345,29.16386,0.0],[105.72185,29.16479,0.0],[105.72054,29.16557,0.0],[105.7207,29.16671,0.0],[105.71908,29.16997,0.0],[105.71766,29.17351,0.0],[105.71513,29.1753,0.0],[105.71479,29.1765,0.0],[105.71352,29.17702,0.0],[105.71185,29.17698,0.0],[105.71101,29.17696,0.0],[105.70925,29.17739,0.0],[105.70852,29.17837,0.0],[105.70659,29.17919,0.0],[105.70508,29.1809,0.0],[105.70615,29.18227,0.0],[105.70688,29.18241,0.0],[105.70729,29.18376,0.0],[105.70966,29.1845,0.0],[105.71077,29.18567,0.0],[105.7101,29.18862,0.0],[105.7106,29.18985,0.0],[105.71338,29.19073,0.0],[105.71484,29.19025,0.0],[105.7168,29.19009,0.0],[105.71716,29.19096,0.0],[105.72022,29.19236,0.0],[105.72022,29.19391,0.0],[105.71949,29.19502,0.0],[105.71908,29.19809,0.0],[105.71835,29.20044,0.0],[105.70278,29.20276,0.0],[105.70161,29.20579,0.0],[105.7037,29.20828,0.0],[105.70429,29.20997,0.0],[105.70486,29.21074,0.0],[105.70736,29.21906,0.0],[105.70859,29.22196,0.0],[105.70863,29.22314,0.0],[105.70353,29.22383,0.0],[105.70207,29.22689,0.0],[105.70326,29.22908,0.0],[105.70549,29.24165,0.0],[105.70664,29.25109,0.0],[105.70278,29.25193,0.0],[105.70044,29.26302,0.0],[105.70287,29.26528,0.0],[105.7159,29.26453,0.0],[105.71897,29.26646,0.0],[105.71959,29.26839,0.0],[105.71836,29.27054,0.0],[105.71909,29.27247,0.0],[105.72241,29.2745,0.0],[105.72155,29.28287,0.0],[105.72143,29.28426,0.0],[105.71934,29.29059,0.0],[105.71762,29.2922,0.0],[105.71319,29.2937,0.0],[105.71049,29.29809,0.0],[105.70496,29.29852,0.0],[105.69918,29.29938,0.0],[105.695,29.29799,0.0],[105.69217,29.29627,0.0],[105.69045,29.29498,0.0],[105.68546,29.28843,0.0],[105.68061,29.28432,0.0],[105.66937,29.28501,0.0],[105.66044,29.28668,0.0],[105.65294,29.2816,0.0],[105.64806,29.2858,0.0],[105.64368,29.28955,0.0],[105.63934,29.29443,0.0],[105.63523,29.29862,0.0],[105.63091,29.30489,0.0],[105.6279,29.31113,0.0]]]]}},{"type":"Feature","properties":{"uesi_id":"CHN_R913069","nbhd_code":"CHN_R913069_156","nbhd_name":"Youyang Miao and Tujia Autonomous County"},"geometry":{"type":"MultiPolygon","coordinates":[[[[108.30759,29.00005,0.0],[108.31259,29.00249,0.0],[108.3165,29.0039,0.0],[108.31962,29.00645,0.0],[108.32507,29.01016,0.0],[108.32818,29.01363,0.0],[108.3305,29.01755,0.0],[108.337,29.02195,0.0],[108.34063,29.02519,0.0],[108.34557,29.02936,0.0],[108.35258,29.034,0.0],[108.35857,29.03886,0.0],[108.36298,29.04234,0.0],[108.36636,29.04512,0.0],[108.37234,29.04883,0.0],[108.37859,29.05232,0.0],[108.38434,29.05351,0.0],[108.38931,29.054,0.0],[108.39452,29.05542,0.0],[108.40186,29.05409,0.0],[108.40501,29.05412,0.0],[108.40997,29.05415,0.0],[108.41389,29.05533,0.0],[108.41596,29.05741,0.0],[108.41961,29.06019,0.0],[108.42116,29.06203,0.0],[108.42245,29.06433,0.0],[108.42635,29.06688,0.0],[108.42923,29.06737,0.0],[108.43577,29.0681,0.0],[108.44309,29.06769,0.0],[108.45146,29.06821,0.0],[108.45328,29.07074,0.0],[108.45482,29.07443,0.0],[108.45532,29.07764,0.0],[108.45451,29.08084,0.0],[108.45868,29.0834,0.0],[108.46363,29.08618,0.0],[108.46677,29.08666,0.0],[108.47121,29.08715,0.0],[108.47565,29.08741,0.0],[108.47983,29.08973,0.0],[108.4874,29.0923,0.0],[108.48896,29.09392,0.0],[108.49757,29.09719,0.0],[108.5041,29.10021,0.0],[108.51295,29.10555,0.0],[108.5179,29.11039,0.0],[108.51759,29.11613,0.0],[108.51964,29.12279,0.0],[108.52222,29.12762,0.0],[108.52692,29.13041,0.0],[108.53318,29.1332,0.0],[108.53996,29.1376,0.0],[108.54726,29.14177,0.0],[108.554,29.14283,0.0],[108.55651,29.14092,0.0],[108.55685,29.14077,0.0],[108.55702,29.14077,0.0],[108.55805,29.14167,0.0],[108.55857,29.14167,0.0],[108.55934,29.14114,0.0],[108.55968,29.14054,0.0],[108.55968,29.14024,0.0],[108.56071,29.13844,0.0],[108.56363,29.13544,0.0],[108.56363,29.13529,0.0],[108.56449,29.13409,0.0],[108.56535,29.1326,0.0],[108.56569,29.13215,0.0],[108.56621,29.1305,0.0],[108.56655,29.1299,0.0],[108.56707,29.1281,0.0],[108.56724,29.12705,0.0],[108.56818,29.12577,0.0],[108.56853,29.12577,0.0],[108.57024,29.12712,0.0],[108.57144,29.12772,0.0],[108.57179,29.12772,0.0],[108.57196,29.12787,0.0],[108.57368,29.12787,0.0],[108.57574,29.12877,0.0],[108.57625,29.12877,0.0],[108.57659,29.12862,0.0],[108.57719,29.12795,0.0],[108.57719,29.12735,0.0],[108.57685,29.1269,0.0],[108.57685,29.12675,0.0],[108.57616,29.126,0.0],[108.57599,29.12555,0.0],[108.57565,29.12525,0.0],[108.57565,29.12345,0.0],[108.57582,29.1233,0.0],[108.57582,29.12255,0.0],[108.57599,29.1224,0.0],[108.57599,29.12075,0.0],[108.57625,29.12052,0.0],[108.57659,29.12052,0.0],[108.57732,29.12084,0.0],[108.57745,29.12082,0.0],[108.57762,29.12097,0.0],[108.57848,29.12097,0.0],[108.57882,29.12082,0.0],[108.57943,29.1203,0.0],[108.57943,29.12015,0.0],[108.57977,29.11985,0.0],[108.57977,29.1197,0.0],[108.58011,29.1194,0.0],[108.5808,29.11835,0.0],[108.58183,29.11726,0.0],[108.58183,29.11715,0.0],[108.5822,29.11687,0.0],[108.58243,29.11662,0.0],[108.58252,29.11662,0.0],[108.58312,29.11617,0.0],[108.58346,29.11617,0.0],[108.58363,29.11603,0.0],[108.58397,29.11603,0.0],[108.58415,29.11587,0.0],[108.58449,29.11587,0.0],[108.58518,29.11558,0.0],[108.58586,29.11558,0.0],[108.58775,29.11707,0.0],[108.58809,29.11707,0.0],[108.58827,29.11722,0.0],[108.58912,29.11707,0.0],[108.59058,29.1158,0.0],[108.59076,29.1155,0.0],[108.59076,29.11445,0.0],[108.59093,29.1143,0.0],[108.59093,29.11385,0.0],[108.59161,29.11265,0.0],[108.59239,29.11213,0.0],[108.59376,29.11153,0.0],[108.5941,29.11153,0.0],[108.59488,29.1107,0.0],[108.59505,29.1101,0.0],[108.59522,29.10995,0.0],[108.59522,29.1095,0.0],[108.59488,29.1089,0.0],[108.59419,29.1083,0.0],[108.59419,29.10815,0.0],[108.5935,29.10755,0.0],[108.5935,29.1074,0.0],[108.59204,29.10613,0.0],[108.5905,29.10538,0.0],[108.58947,29.10523,0.0],[108.5893,29.10508,0.0],[108.58895,29.10508,0.0],[108.58827,29.10478,0.0],[108.58775,29.10478,0.0],[108.58664,29.1038,0.0],[108.58646,29.10335,0.0],[108.58612,29.10305,0.0],[108.58543,29.10185,0.0],[108.58543,29.10155,0.0],[108.58509,29.10125,0.0],[108.58509,29.1008,0.0],[108.58423,29.0993,0.0],[108.58389,29.099,0.0],[108.58389,29.0987,0.0],[108.58355,29.09825,0.0],[108.58337,29.09765,0.0],[108.58363,29.09743,0.0],[108.58466,29.09698,0.0],[108.585,29.09668,0.0],[108.58518,29.09668,0.0],[108.58552,29.09638,0.0],[108.58603,29.09623,0.0],[108.58638,29.09593,0.0],[108.58706,29.09563,0.0],[108.58758,29.09518,0.0],[108.58769,29.09518,0.0],[108.58895,29.09428,0.0],[108.59015,29.09368,0.0],[108.59067,29.09323,0.0],[108.59084,29.09323,0.0],[108.59136,29.09278,0.0],[108.59153,29.09278,0.0],[108.59393,29.09068,0.0],[108.59513,29.09008,0.0],[108.59565,29.08948,0.0],[108.59599,29.08948,0.0],[108.59676,29.09045,0.0],[108.59676,29.09075,0.0],[108.59694,29.0909,0.0],[108.59694,29.0912,0.0],[108.59728,29.0918,0.0],[108.59728,29.09225,0.0],[108.59745,29.0924,0.0],[108.59745,29.09285,0.0],[108.59762,29.09315,0.0],[108.59788,29.09338,0.0],[108.59839,29.09353,0.0],[108.599,29.09405,0.0],[108.599,29.0945,0.0],[108.59951,29.0951,0.0],[108.60037,29.0966,0.0],[108.60088,29.0972,0.0],[108.60088,29.09735,0.0],[108.60191,29.0981,0.0],[108.60226,29.09915,0.0],[108.60329,29.10035,0.0],[108.60329,29.10065,0.0],[108.60363,29.10125,0.0],[108.60363,29.1017,0.0],[108.6038,29.10185,0.0],[108.6038,29.1035,0.0],[108.6032,29.10403,0.0],[108.60251,29.10418,0.0],[108.59908,29.10568,0.0],[108.59865,29.10605,0.0],[108.59865,29.1071,0.0],[108.6002,29.10845,0.0],[108.6002,29.1089,0.0],[108.60037,29.10905,0.0],[108.60037,29.10935,0.0],[108.60054,29.1095,0.0],[108.60054,29.1098,0.0],[108.60088,29.1104,0.0],[108.60166,29.11093,0.0],[108.60234,29.11108,0.0],[108.60578,29.11258,0.0],[108.60938,29.11273,0.0],[108.61007,29.11303,0.0],[108.61058,29.11303,0.0],[108.61075,29.11318,0.0],[108.61161,29.11333,0.0],[108.61196,29.11363,0.0],[108.6123,29.11363,0.0],[108.61273,29.11325,0.0],[108.61273,29.11265,0.0],[108.61256,29.1125,0.0],[108.61256,29.11232,0.0],[108.61187,29.111,0.0],[108.6105,29.1095,0.0],[108.6105,29.1092,0.0],[108.61032,29.10905,0.0],[108.61032,29.10845,0.0],[108.61015,29.1083,0.0],[108.61015,29.10725,0.0],[108.61101,29.1059,0.0],[108.61118,29.105,0.0],[108.6113,29.1049,0.0],[108.61133,29.1048,0.0],[108.61118,29.10455,0.0],[108.61118,29.1038,0.0],[108.61015,29.10215,0.0],[108.61015,29.10125,0.0],[108.60998,29.1011,0.0],[108.60998,29.099,0.0],[108.61015,29.09885,0.0],[108.61015,29.0981,0.0],[108.6105,29.09765,0.0],[108.6105,29.09735,0.0],[108.61067,29.0972,0.0],[108.61084,29.0966,0.0],[108.61118,29.09623,0.0],[108.61118,29.09615,0.0],[108.61153,29.09585,0.0],[108.6117,29.0954,0.0],[108.61187,29.0951,0.0],[108.61221,29.0948,0.0],[108.61238,29.09435,0.0],[108.61273,29.09405,0.0],[108.61341,29.09285,0.0],[108.6141,29.0921,0.0],[108.61427,29.09165,0.0],[108.61462,29.09135,0.0],[108.6153,29.0903,0.0],[108.61573,29.08993,0.0],[108.61608,29.08978,0.0],[108.61676,29.08978,0.0],[108.61711,29.08993,0.0],[108.61805,29.0909,0.0],[108.61856,29.0918,0.0],[108.61934,29.09248,0.0],[108.62002,29.09278,0.0],[108.62037,29.09278,0.0],[108.6214,29.09233,0.0],[108.62165,29.0921,0.0],[108.62177,29.0918,0.0],[108.62183,29.09045,0.0],[108.62165,29.0903,0.0],[108.62148,29.0894,0.0],[108.62131,29.08925,0.0],[108.62114,29.08835,0.0],[108.62097,29.0882,0.0],[108.62097,29.0873,0.0],[108.6208,29.08715,0.0],[108.6208,29.0867,0.0],[108.61908,29.0819,0.0],[108.61856,29.081,0.0],[108.61839,29.07995,0.0],[108.61822,29.0798,0.0],[108.61805,29.0789,0.0],[108.61788,29.07875,0.0],[108.61788,29.07755,0.0],[108.61805,29.0774,0.0],[108.61822,29.0768,0.0],[108.61865,29.07643,0.0],[108.61968,29.07643,0.0],[108.61985,29.07628,0.0],[108.62054,29.07628,0.0],[108.62071,29.07613,0.0],[108.62123,29.07613,0.0],[108.6214,29.07598,0.0],[108.62517,29.07583,0.0],[108.6262,29.07628,0.0],[108.62732,29.07725,0.0],[108.62732,29.0774,0.0],[108.62758,29.07763,0.0],[108.62775,29.07763,0.0],[108.62844,29.07823,0.0],[108.62861,29.07823,0.0],[108.62981,29.07928,0.0],[108.62998,29.07928,0.0],[108.6305,29.07973,0.0],[108.63067,29.07973,0.0],[108.63255,29.08093,0.0],[108.63307,29.08108,0.0],[108.63341,29.08138,0.0],[108.63513,29.08213,0.0],[108.63547,29.08213,0.0],[108.63599,29.08243,0.0],[108.63685,29.08258,0.0],[108.63805,29.08318,0.0],[108.63839,29.08318,0.0],[108.64148,29.08483,0.0],[108.64251,29.08498,0.0],[108.64268,29.08483,0.0],[108.6432,29.08483,0.0],[108.64337,29.08468,0.0],[108.64406,29.08453,0.0],[108.64543,29.08348,0.0],[108.6456,29.08348,0.0],[108.64663,29.08258,0.0],[108.6468,29.08258,0.0],[108.64783,29.08183,0.0],[108.64869,29.08153,0.0],[108.64903,29.08123,0.0],[108.64972,29.08093,0.0],[108.65058,29.08078,0.0],[108.65109,29.08048,0.0],[108.65195,29.08033,0.0],[108.6523,29.08003,0.0],[108.65367,29.07943,0.0],[108.65564,29.07755,0.0],[108.65582,29.0771,0.0],[108.65667,29.07605,0.0],[108.65719,29.075,0.0],[108.65762,29.07463,0.0],[108.65899,29.07463,0.0],[108.65916,29.07478,0.0],[108.65951,29.07478,0.0],[108.66071,29.07538,0.0],[108.66217,29.07665,0.0],[108.66302,29.078,0.0],[108.66302,29.0783,0.0],[108.6632,29.07845,0.0],[108.6632,29.08235,0.0],[108.66302,29.0825,0.0],[108.66251,29.0846,0.0],[108.66217,29.0858,0.0],[108.66182,29.08625,0.0],[108.66182,29.08655,0.0],[108.66114,29.0876,0.0],[108.66114,29.0879,0.0],[108.66062,29.0888,0.0],[108.66028,29.0891,0.0],[108.65994,29.08985,0.0],[108.65959,29.09015,0.0],[108.65856,29.09195,0.0],[108.65856,29.093,0.0],[108.65899,29.09353,0.0],[108.65951,29.09368,0.0],[108.66088,29.09428,0.0],[108.66225,29.09443,0.0],[108.66242,29.09458,0.0],[108.66466,29.09503,0.0],[108.66534,29.09533,0.0],[108.66629,29.09615,0.0],[108.66629,29.09645,0.0],[108.66646,29.0966,0.0],[108.66629,29.0978,0.0],[108.66611,29.09795,0.0],[108.66611,29.09825,0.0],[108.6656,29.09915,0.0],[108.66474,29.10005,0.0],[108.6644,29.10065,0.0],[108.66388,29.1011,0.0],[108.66354,29.1017,0.0],[108.66302,29.10215,0.0],[108.66268,29.10275,0.0],[108.66148,29.10395,0.0],[108.66114,29.1047,0.0],[108.66062,29.1053,0.0],[108.66062,29.1056,0.0],[108.66011,29.10635,0.0],[108.66011,29.10695,0.0],[108.65994,29.1071,0.0],[108.65994,29.1089,0.0],[108.66011,29.10905,0.0],[108.66028,29.10965,0.0],[108.66105,29.11033,0.0],[108.66157,29.11048,0.0],[108.66225,29.11093,0.0],[108.66294,29.11093,0.0],[108.66311,29.11108,0.0],[108.66551,29.11108,0.0],[108.66569,29.11093,0.0],[108.6662,29.11093,0.0],[108.67032,29.10913,0.0],[108.67118,29.10898,0.0],[108.67169,29.10868,0.0],[108.67229,29.1086,0.0],[108.67238,29.10853,0.0],[108.6729,29.10853,0.0],[108.67307,29.10838,0.0],[108.67393,29.10838,0.0],[108.6741,29.10823,0.0],[108.6765,29.10823,0.0],[108.67719,29.10853,0.0],[108.6777,29.10853,0.0],[108.67839,29.10883,0.0],[108.6789,29.10928,0.0],[108.67908,29.10928,0.0],[108.68002,29.1101,0.0],[108.68002,29.11017,0.0],[108.68105,29.11115,0.0],[108.68105,29.1113,0.0],[108.68199,29.11198,0.0],[108.6832,29.11183,0.0],[108.68388,29.11153,0.0],[108.6844,29.11153,0.0],[108.68508,29.11123,0.0],[108.6856,29.11123,0.0],[108.68628,29.11093,0.0],[108.68731,29.11078,0.0],[108.69006,29.10958,0.0],[108.69307,29.10725,0.0],[108.69307,29.1071,0.0],[108.69461,29.10545,0.0],[108.6953,29.1044,0.0],[108.69547,29.1032,0.0],[108.69564,29.10305,0.0],[108.69564,29.10245,0.0],[108.69581,29.1023,0.0],[108.69581,29.1014,0.0],[108.69598,29.10125,0.0],[108.69598,29.10035,0.0],[108.69616,29.1002,0.0],[108.69633,29.0984,0.0],[108.6965,29.09825,0.0],[108.69667,29.0975,0.0],[108.6983,29.09608,0.0],[108.69847,29.09608,0.0],[108.69899,29.09563,0.0],[108.7007,29.09488,0.0],[108.70105,29.09488,0.0],[108.70122,29.09473,0.0],[108.70311,29.09473,0.0],[108.70371,29.0942,0.0],[108.70422,29.0933,0.0],[108.70422,29.093,0.0],[108.70474,29.0924,0.0],[108.70491,29.09195,0.0],[108.70525,29.09165,0.0],[108.70543,29.0912,0.0],[108.70706,29.08978,0.0],[108.70723,29.08978,0.0],[108.7086,29.08873,0.0],[108.70894,29.08873,0.0],[108.70946,29.08843,0.0],[108.7098,29.08843,0.0],[108.71083,29.08798,0.0],[108.71118,29.08768,0.0],[108.71169,29.08753,0.0],[108.71203,29.08723,0.0],[108.71255,29.08708,0.0],[108.71427,29.08588,0.0],[108.7153,29.08543,0.0],[108.71753,29.08543,0.0],[108.7177,29.08528,0.0],[108.71804,29.08528,0.0],[108.7201,29.08438,0.0],[108.72148,29.08318,0.0],[108.72165,29.08318,0.0],[108.72199,29.08288,0.0],[108.72302,29.08288,0.0],[108.72354,29.08333,0.0],[108.72371,29.08333,0.0],[108.72448,29.08415,0.0],[108.72465,29.0846,0.0],[108.72499,29.0849,0.0],[108.72517,29.08535,0.0],[108.72551,29.08565,0.0],[108.72568,29.0861,0.0],[108.72654,29.087,0.0],[108.72654,29.08715,0.0],[108.72817,29.08858,0.0],[108.72834,29.08858,0.0],[108.72903,29.08918,0.0],[108.7292,29.08918,0.0],[108.73023,29.08993,0.0],[108.73126,29.08993,0.0],[108.73143,29.09008,0.0],[108.73212,29.09008,0.0],[108.73332,29.09068,0.0],[108.73435,29.09068,0.0],[108.73521,29.09023,0.0],[108.73555,29.09023,0.0],[108.73607,29.08993,0.0],[108.73641,29.08993,0.0],[108.73727,29.08948,0.0],[108.73761,29.08948,0.0],[108.73933,29.08873,0.0],[108.74019,29.08873,0.0],[108.74036,29.08888,0.0],[108.74104,29.08903,0.0],[108.74199,29.08985,0.0],[108.74216,29.09015,0.0],[108.74216,29.09045,0.0],[108.74233,29.0906,0.0],[108.74233,29.09135,0.0],[108.7425,29.0915,0.0],[108.7425,29.0918,0.0],[108.74268,29.09195,0.0],[108.74285,29.09255,0.0],[108.7431,29.09278,0.0],[108.74448,29.09338,0.0],[108.74508,29.0939,0.0],[108.74508,29.09465,0.0],[108.74465,29.09503,0.0],[108.74422,29.09503,0.0],[108.74396,29.09518,0.0],[108.74293,29.09518,0.0],[108.74276,29.09533,0.0],[108.74207,29.09533,0.0],[108.7419,29.09548,0.0],[108.74104,29.09563,0.0],[108.7407,29.09593,0.0],[108.74019,29.09608,0.0],[108.73838,29.0978,0.0],[108.73821,29.0981,0.0],[108.73821,29.09915,0.0],[108.73856,29.09945,0.0],[108.7389,29.10005,0.0],[108.73984,29.10088,0.0],[108.74053,29.10103,0.0],[108.7407,29.10118,0.0],[108.74104,29.10118,0.0],[108.74122,29.10103,0.0],[108.7419,29.10103,0.0],[108.74259,29.10058,0.0],[108.74276,29.10058,0.0],[108.74482,29.09878,0.0],[108.74551,29.09878,0.0],[108.74577,29.099,0.0],[108.74594,29.10035,0.0],[108.74662,29.1014,0.0],[108.74662,29.1023,0.0],[108.7468,29.10245,0.0],[108.7468,29.10455,0.0],[108.74611,29.1053,0.0],[108.74611,29.1056,0.0],[108.74594,29.10575,0.0],[108.74594,29.10605,0.0],[108.74559,29.10665,0.0],[108.74559,29.1071,0.0],[108.74542,29.10725,0.0],[108.74542,29.108,0.0],[108.74525,29.10815,0.0],[108.74525,29.10875,0.0],[108.74508,29.1089,0.0],[108.74508,29.10965,0.0],[108.74491,29.1098,0.0],[108.74491,29.11205,0.0],[108.74508,29.1122,0.0],[108.74508,29.1125,0.0],[108.74534,29.11273,0.0],[108.74585,29.11273,0.0],[108.74619,29.11243,0.0],[108.74757,29.11198,0.0],[108.748,29.1116,0.0],[108.74817,29.1113,0.0],[108.74834,29.1101,0.0],[108.74903,29.1089,0.0],[108.74963,29.10838,0.0],[108.7498,29.10838,0.0],[108.75006,29.1086,0.0],[108.75006,29.1098,0.0],[108.75023,29.10995,0.0],[108.75023,29.1104,0.0],[108.75074,29.11085,0.0],[108.75074,29.111,0.0],[108.7522,29.11213,0.0],[108.75289,29.11243,0.0],[108.75392,29.11243,0.0],[108.75409,29.11228,0.0],[108.75478,29.11228,0.0],[108.75495,29.11213,0.0],[108.75581,29.11213,0.0],[108.75598,29.11198,0.0],[108.75667,29.11198,0.0],[108.75684,29.11183,0.0],[108.7577,29.11183,0.0],[108.75787,29.11168,0.0],[108.75941,29.11153,0.0],[108.76079,29.11093,0.0],[108.76087,29.11055,0.0],[108.76139,29.10995,0.0],[108.76139,29.1092,0.0],[108.76147,29.10913,0.0],[108.76147,29.10845,0.0],[108.76156,29.10838,0.0],[108.76156,29.10695,0.0],[108.76173,29.1068,0.0],[108.76173,29.1065,0.0],[108.76199,29.10628,0.0],[108.76336,29.10643,0.0],[108.7637,29.10628,0.0],[108.76491,29.10508,0.0],[108.76559,29.10508,0.0],[108.76611,29.10553,0.0],[108.76628,29.10553,0.0],[108.76714,29.10613,0.0],[108.76765,29.10613,0.0],[108.76851,29.10553,0.0],[108.76894,29.1059,0.0],[108.76894,29.10785,0.0],[108.76911,29.108,0.0],[108.76911,29.10905,0.0],[108.76928,29.1092,0.0],[108.76928,29.10995,0.0],[108.76945,29.1101,0.0],[108.76945,29.1107,0.0],[108.76963,29.11085,0.0],[108.76963,29.1116,0.0],[108.7698,29.11175,0.0],[108.7698,29.1122,0.0],[108.76997,29.11235,0.0],[108.76997,29.11265,0.0],[108.77031,29.1131,0.0],[108.77031,29.1134,0.0],[108.77083,29.1143,0.0],[108.77083,29.1167,0.0],[108.771,29.11685,0.0],[108.771,29.1179,0.0],[108.77117,29.11805,0.0],[108.77134,29.11985,0.0],[108.77151,29.12,0.0],[108.77151,29.12105,0.0],[108.77169,29.1212,0.0],[108.77169,29.12405,0.0],[108.77151,29.1242,0.0],[108.77151,29.1284,0.0],[108.77194,29.12877,0.0],[108.77263,29.12862,0.0],[108.77297,29.1287,0.0],[108.77503,29.1287,0.0],[108.77538,29.1284,0.0],[108.77606,29.1284,0.0],[108.77744,29.1272,0.0],[108.77812,29.1269,0.0],[108.78087,29.1266,0.0],[108.78121,29.1269,0.0],[108.7819,29.1269,0.0],[108.78293,29.1275,0.0],[108.78362,29.1275,0.0],[108.78636,29.1287,0.0],[108.78877,29.1287,0.0],[108.78963,29.12945,0.0],[108.78997,29.13035,0.0],[108.79151,29.1317,0.0],[108.79289,29.1323,0.0],[108.79426,29.1323,0.0],[108.7946,29.1326,0.0],[108.80113,29.1326,0.0],[108.80147,29.1323,0.0],[108.80216,29.1323,0.0],[108.80284,29.1317,0.0],[108.80422,29.1311,0.0],[108.80576,29.12975,0.0],[108.80645,29.12825,0.0],[108.80782,29.12705,0.0],[108.80851,29.12525,0.0],[108.8104,29.1242,0.0],[108.81211,29.1242,0.0],[108.81349,29.1248,0.0],[108.81726,29.1248,0.0],[108.82001,29.1236,0.0],[108.82276,29.123,0.0],[108.82379,29.1224,0.0],[108.82447,29.1224,0.0],[108.8255,29.1218,0.0],[108.82688,29.1215,0.0],[108.82842,29.12045,0.0],[108.82842,29.11955,0.0],[108.82876,29.11925,0.0],[108.82876,29.11715,0.0],[108.82842,29.11685,0.0],[108.82842,29.11415,0.0],[108.82894,29.1137,0.0],[108.831,29.1146,0.0],[108.83237,29.1146,0.0],[108.83357,29.11355,0.0],[108.83357,29.11295,0.0],[108.83254,29.11115,0.0],[108.83254,29.10995,0.0],[108.83306,29.1095,0.0],[108.83409,29.1095,0.0],[108.83443,29.1098,0.0],[108.83615,29.1101,0.0],[108.83752,29.1095,0.0],[108.83821,29.1089,0.0],[108.83958,29.1086,0.0],[108.84027,29.108,0.0],[108.84404,29.108,0.0],[108.84593,29.10995,0.0],[108.84627,29.11115,0.0],[108.84696,29.11205,0.0],[108.84765,29.11445,0.0],[108.84833,29.11535,0.0],[108.84833,29.11685,0.0],[108.84868,29.11715,0.0],[108.84868,29.11925,0.0],[108.84902,29.11955,0.0],[108.84902,29.12045,0.0],[108.84936,29.12075,0.0],[108.84936,29.12165,0.0],[108.84971,29.12195,0.0],[108.85005,29.12345,0.0],[108.85108,29.12495,0.0],[108.85022,29.1257,0.0],[108.84954,29.1257,0.0],[108.84868,29.12675,0.0],[108.84868,29.12795,0.0],[108.85005,29.12945,0.0],[108.85039,29.13065,0.0],[108.85074,29.13095,0.0],[108.85074,29.13155,0.0],[108.85039,29.13185,0.0],[108.85039,29.13305,0.0],[108.84971,29.13394,0.0],[108.84971,29.13454,0.0],[108.85005,29.13484,0.0],[108.85005,29.13514,0.0],[108.85177,29.13694,0.0],[108.85177,29.13724,0.0],[108.85348,29.13874,0.0],[108.85451,29.14114,0.0],[108.85589,29.14264,0.0],[108.85589,29.14384,0.0],[108.85623,29.14414,0.0],[108.85623,29.14474,0.0],[108.85829,29.14654,0.0],[108.85829,29.14774,0.0],[108.85795,29.14804,0.0],[108.85795,29.14984,0.0],[108.85829,29.15014,0.0],[108.85829,29.15104,0.0],[108.85898,29.15224,0.0],[108.85898,29.15314,0.0],[108.86035,29.15523,0.0],[108.86069,29.15643,0.0],[108.86138,29.15703,0.0],[108.86138,29.15733,0.0],[108.86378,29.15943,0.0],[108.86447,29.16063,0.0],[108.86722,29.16363,0.0],[108.8679,29.16483,0.0],[108.8679,29.16693,0.0],[108.87099,29.17022,0.0],[108.87134,29.17142,0.0],[108.87237,29.17292,0.0],[108.87237,29.17352,0.0],[108.8734,29.17502,0.0],[108.87374,29.17652,0.0],[108.87443,29.17772,0.0],[108.87614,29.17952,0.0],[108.87649,29.18042,0.0],[108.87717,29.18102,0.0],[108.8782,29.18281,0.0],[108.8782,29.18341,0.0],[108.87923,29.18491,0.0],[108.87923,29.18551,0.0],[108.87992,29.18641,0.0],[108.87992,29.18701,0.0],[108.88232,29.19091,0.0],[108.88232,29.19151,0.0],[108.88473,29.1957,0.0],[108.88473,29.1963,0.0],[108.88576,29.1981,0.0],[108.88576,29.1987,0.0],[108.88644,29.1996,0.0],[108.88644,29.2002,0.0],[108.8885,29.2035,0.0],[108.8885,29.20439,0.0],[108.88919,29.20529,0.0],[108.88919,29.20589,0.0],[108.88953,29.20619,0.0],[108.88953,29.20679,0.0],[108.88988,29.20709,0.0],[108.88988,29.20769,0.0],[108.89022,29.20799,0.0],[108.89056,29.20979,0.0],[108.89091,29.21009,0.0],[108.89125,29.21129,0.0],[108.89176,29.21174,0.0],[108.89485,29.21293,0.0],[108.89623,29.21383,0.0],[108.89691,29.21383,0.0],[108.89794,29.21443,0.0],[108.9,29.21473,0.0],[108.90035,29.21503,0.0],[108.90309,29.21563,0.0],[108.90352,29.21586,0.0],[108.9043,29.21586,0.0],[108.90567,29.21646,0.0],[108.90601,29.21646,0.0],[108.90618,29.21661,0.0],[108.90756,29.2169,0.0],[108.90807,29.2172,0.0],[108.90841,29.2172,0.0],[108.90893,29.2175,0.0],[108.90927,29.2175,0.0],[108.90962,29.2178,0.0],[108.91013,29.21795,0.0],[108.91073,29.21848,0.0],[108.9109,29.21893,0.0],[108.91125,29.21923,0.0],[108.91125,29.21953,0.0],[108.91159,29.21998,0.0],[108.91176,29.22058,0.0],[108.91211,29.22088,0.0],[108.91279,29.22222,0.0],[108.91314,29.22252,0.0],[108.91348,29.22327,0.0],[108.91434,29.22432,0.0],[108.91434,29.22462,0.0],[108.91468,29.22522,0.0],[108.91468,29.22567,0.0],[108.91485,29.22582,0.0],[108.91485,29.22627,0.0],[108.9152,29.22687,0.0],[108.91537,29.22792,0.0],[108.91554,29.22807,0.0],[108.91554,29.22882,0.0],[108.91571,29.22896,0.0],[108.91571,29.23001,0.0],[108.91588,29.23016,0.0],[108.91588,29.23151,0.0],[108.91605,29.23166,0.0],[108.91605,29.23256,0.0],[108.91623,29.23271,0.0],[108.91623,29.23316,0.0],[108.91794,29.23481,0.0],[108.91794,29.23496,0.0],[108.9188,29.23586,0.0],[108.91914,29.23645,0.0],[108.92035,29.2375,0.0],[108.92035,29.23765,0.0],[108.92103,29.23825,0.0],[108.92103,29.2384,0.0],[108.92395,29.2411,0.0],[108.92481,29.2426,0.0],[108.92601,29.24379,0.0],[108.92601,29.24394,0.0],[108.92738,29.24559,0.0],[108.92756,29.24604,0.0],[108.92876,29.24724,0.0],[108.92876,29.24739,0.0],[108.9291,29.24769,0.0],[108.92979,29.24874,0.0],[108.9315,29.25038,0.0],[108.93236,29.25188,0.0],[108.93442,29.25443,0.0],[108.93459,29.25488,0.0],[108.93494,29.25518,0.0],[108.93562,29.25638,0.0],[108.93665,29.25757,0.0],[108.93665,29.25787,0.0],[108.937,29.25817,0.0],[108.93768,29.25922,0.0],[108.93837,29.25982,0.0],[108.93854,29.26027,0.0],[108.93888,29.26057,0.0],[108.93906,29.26102,0.0],[108.93991,29.26207,0.0],[108.94215,29.26611,0.0],[108.94283,29.26686,0.0],[108.94318,29.26746,0.0],[108.94318,29.26776,0.0],[108.94352,29.26821,0.0],[108.94352,29.26851,0.0],[108.94369,29.26866,0.0],[108.94369,29.2691,0.0],[108.94386,29.26925,0.0],[108.94386,29.27075,0.0],[108.94403,29.2709,0.0],[108.94403,29.27315,0.0],[108.94386,29.2733,0.0],[108.94386,29.27375,0.0],[108.94369,29.2739,0.0],[108.94352,29.2745,0.0],[108.94292,29.27502,0.0],[108.94275,29.27502,0.0],[108.94206,29.27547,0.0],[108.93983,29.27547,0.0],[108.93966,29.27562,0.0],[108.93828,29.27562,0.0],[108.93811,29.27577,0.0],[108.9376,29.27577,0.0],[108.93743,29.27592,0.0],[108.93605,29.27622,0.0],[108.93554,29.27652,0.0],[108.93468,29.27667,0.0],[108.93296,29.27742,0.0],[108.93245,29.27786,0.0],[108.93228,29.27786,0.0],[108.9309,29.27876,0.0],[108.93039,29.27891,0.0],[108.93004,29.27921,0.0],[108.92781,29.28011,0.0],[108.92592,29.28146,0.0],[108.92575,29.28146,0.0],[108.92283,29.28325,0.0],[108.92215,29.2834,0.0],[108.92198,29.28355,0.0],[108.92129,29.28355,0.0],[108.92112,29.2837,0.0],[108.9206,29.2837,0.0],[108.92043,29.28385,0.0],[108.91957,29.284,0.0],[108.9182,29.2846,0.0],[108.91648,29.2858,0.0],[108.91631,29.2858,0.0],[108.9158,29.28625,0.0],[108.91562,29.28625,0.0],[108.91451,29.28722,0.0],[108.91434,29.28752,0.0],[108.91434,29.28797,0.0],[108.91417,29.28812,0.0],[108.91417,29.28887,0.0],[108.91399,29.28902,0.0],[108.91382,29.29156,0.0],[108.91365,29.29171,0.0],[108.91365,29.29231,0.0],[108.91348,29.29246,0.0],[108.91331,29.29366,0.0],[108.91314,29.29381,0.0],[108.91314,29.29411,0.0],[108.91296,29.29426,0.0],[108.91296,29.29456,0.0],[108.91262,29.29501,0.0],[108.91245,29.29561,0.0],[108.91185,29.29613,0.0],[108.9115,29.29628,0.0],[108.91099,29.29628,0.0],[108.91082,29.29643,0.0],[108.90996,29.29643,0.0],[108.90979,29.29658,0.0],[108.90738,29.29673,0.0],[108.90721,29.29688,0.0],[108.9067,29.29688,0.0],[108.90653,29.29703,0.0],[108.9055,29.29718,0.0],[108.90532,29.29733,0.0],[108.90172,29.29733,0.0],[108.90155,29.29748,0.0],[108.90069,29.29748,0.0],[108.90009,29.298,0.0],[108.89992,29.29845,0.0],[108.89957,29.29875,0.0],[108.8994,29.29965,0.0],[108.9006,29.30174,0.0],[108.90095,29.30204,0.0],[108.90249,29.30489,0.0],[108.90357,29.30616,0.0],[108.90472,29.30942,0.0],[108.90464,29.31151,0.0],[108.9055,29.31383,0.0],[108.90485,29.31518,0.0],[108.90502,29.31615,0.0],[108.90979,29.3209,0.0],[108.91125,29.3242,0.0],[108.91284,29.32702,0.0],[108.91593,29.32925,0.0],[108.94955,29.33392,0.0],[108.96925,29.33203,0.0],[108.97134,29.33468,0.0],[108.97971,29.33594,0.0],[108.98187,29.34197,0.0],[108.98098,29.35568,0.0],[108.98302,29.35706,0.0],[108.98937,29.35744,0.0],[108.99601,29.36637,0.0],[109.00582,29.36222,0.0],[109.01202,29.36197,0.0],[109.01664,29.3636,0.0],[109.02587,29.3636,0.0],[109.02993,29.36268,0.0],[109.02919,29.38246,0.0],[109.03381,29.39164,0.0],[109.04744,29.4032,0.0],[109.05581,29.40514,0.0],[109.06681,29.39673,0.0],[109.07601,29.39184,0.0],[109.08634,29.37932,0.0],[109.09464,29.37639,0.0],[109.10026,29.36817,0.0],[109.10733,29.36295,0.0],[109.10789,29.35487,0.0],[109.10475,29.3443,0.0],[109.10901,29.33491,0.0],[109.10295,29.32199,0.0],[109.10766,29.3171,0.0],[109.09869,29.29557,0.0],[109.10232,29.29019,0.0],[109.10811,29.2895,0.0],[109.12428,29.28323,0.0],[109.13483,29.27403,0.0],[109.13082,29.26636,0.0],[109.12338,29.24994,0.0],[109.11934,29.24779,0.0],[109.11821,29.24191,0.0],[109.11238,29.23408,0.0],[109.1135,29.22996,0.0],[109.10497,29.21762,0.0],[109.10834,29.2139,0.0],[109.10828,29.2085,0.0],[109.11799,29.1992,0.0],[109.11754,29.1945,0.0],[109.13195,29.17185,0.0],[109.14807,29.17412,0.0],[109.15009,29.17765,0.0],[109.15705,29.18255,0.0],[109.16311,29.17961,0.0],[109.16521,29.17651,0.0],[109.17299,29.17451,0.0],[109.18578,29.16393,0.0],[109.19544,29.15452,0.0],[109.20845,29.14746,0.0],[109.21654,29.13962,0.0],[109.2286,29.12246,0.0],[109.227,29.11814,0.0],[109.22536,29.1157,0.0],[109.22571,29.10555,0.0],[109.22792,29.09628,0.0],[109.23928,29.08802,0.0],[109.24801,29.09093,0.0],[109.25164,29.09096,0.0],[109.26391,29.08134,0.0],[109.26778,29.0831,0.0],[109.27955,29.07532,0.0],[109.28893,29.07188,0.0],[109.29603,29.07384,0.0],[109.30172,29.07188,0.0],[109.30772,29.06824,0.0],[109.3157,29.04728,0.0],[109.30577,29.03596,0.0],[109.29902,29.02433,0.0],[109.29136,29.01952,0.0],[109.28611,28.98604,0.0],[109.28429,28.97638,0.0],[109.27597,28.97375,0.0],[109.27248,28.97245,0.0],[109.26928,28.97345,0.0],[109.26629,28.97245,0.0],[109.26718,28.96836,0.0],[109.26408,28.96802,0.0],[109.25925,28.96271,0.0],[109.25798,28.95554,0.0],[109.25317,28.93831,0.0],[109.25065,28.92903,0.0],[109.25267,28.92284,0.0],[109.25103,28.91389,0.0],[109.24946,28.90758,0.0],[109.24563,28.90606,0.0],[109.24736,28.89851,0.0],[109.23838,28.89553,0.0],[109.23275,28.8831,0.0],[109.22831,28.88291,0.0],[109.22326,28.88323,0.0],[109.21207,28.88368,0.0],[109.20614,28.88416,0.0],[109.20044,28.88162,0.0],[109.19292,28.87838,0.0],[109.1944,28.87398,0.0],[109.19257,28.87191,0.0],[109.18564,28.86778,0.0],[109.18315,28.86482,0.0],[109.18264,28.86282,0.0],[109.17792,28.86181,0.0],[109.17188,28.8557,0.0],[109.17068,28.85408,0.0],[109.16693,28.85293,0.0],[109.16366,28.85441,0.0],[109.15659,28.85025,0.0],[109.15263,28.84777,0.0],[109.14922,28.84979,0.0],[109.1453,28.84925,0.0],[109.14153,28.84734,0.0],[109.13759,28.84561,0.0],[109.13558,28.84399,0.0],[109.13174,28.8421,0.0],[109.13165,28.83809,0.0],[109.12934,28.83809,0.0],[109.12909,28.83621,0.0],[109.12645,28.83526,0.0],[109.11843,28.83406,0.0],[109.11251,28.83341,0.0],[109.11,28.83126,0.0],[109.10723,28.82789,0.0],[109.10459,28.82768,0.0],[109.10195,28.82916,0.0],[109.09979,28.82947,0.0],[109.09871,28.82716,0.0],[109.09618,28.82537,0.0],[109.09366,28.82337,0.0],[109.08994,28.82168,0.0],[109.08862,28.8179,0.0],[109.08585,28.81379,0.0],[109.08946,28.81326,0.0],[109.0933,28.81432,0.0],[109.09822,28.81958,0.0],[109.10123,28.82,0.0],[109.10291,28.81905,0.0],[109.10291,28.81611,0.0],[109.10099,28.81211,0.0],[109.10039,28.80853,0.0],[109.09558,28.80442,0.0],[109.09525,28.80226,0.0],[109.09264,28.79973,0.0],[109.08613,28.79192,0.0],[109.08092,28.78572,0.0],[109.07597,28.78112,0.0],[109.0718,28.77721,0.0],[109.06737,28.7756,0.0],[109.06398,28.77284,0.0],[109.06086,28.76871,0.0],[109.05695,28.76044,0.0],[109.05488,28.75539,0.0],[109.05124,28.74827,0.0],[109.04656,28.73817,0.0],[109.03772,28.72255,0.0],[109.03356,28.71475,0.0],[109.02967,28.7074,0.0],[109.02733,28.70235,0.0],[109.02499,28.69729,0.0],[109.02135,28.69384,0.0],[109.01484,28.69199,0.0],[109.0091,28.69267,0.0],[109.00701,28.69472,0.0],[109.00204,28.6993,0.0],[108.99814,28.69975,0.0],[108.9958,28.69745,0.0],[108.99319,28.69331,0.0],[108.99008,28.68688,0.0],[108.98644,28.68251,0.0],[108.98411,28.68021,0.0],[108.97839,28.67377,0.0],[108.97578,28.67125,0.0],[108.97318,28.66848,0.0],[108.96955,28.66366,0.0],[108.96696,28.65792,0.0],[108.96593,28.65424,0.0],[108.96333,28.64759,0.0],[108.96282,28.64483,0.0],[108.95919,28.63863,0.0],[108.95686,28.63312,0.0],[108.95453,28.62783,0.0],[108.95324,28.62324,0.0],[108.95221,28.61865,0.0],[108.95196,28.61453,0.0],[108.94805,28.61406,0.0],[108.94337,28.61335,0.0],[108.93893,28.6154,0.0],[108.9332,28.61722,0.0],[108.9285,28.6195,0.0],[108.92381,28.62109,0.0],[108.9165,28.62313,0.0],[108.91234,28.62311,0.0],[108.90479,28.62125,0.0],[108.89958,28.62101,0.0],[108.89645,28.62031,0.0],[108.8923,28.61823,0.0],[108.88892,28.61615,0.0],[108.885,28.6182,0.0],[108.88603,28.62096,0.0],[108.88473,28.62325,0.0],[108.88316,28.62485,0.0],[108.88055,28.62598,0.0],[108.8782,28.62529,0.0],[108.87275,28.62159,0.0],[108.8652,28.61859,0.0],[108.85844,28.61535,0.0],[108.85116,28.61165,0.0],[108.84518,28.61049,0.0],[108.83919,28.61,0.0],[108.8345,28.61021,0.0],[108.82669,28.60858,0.0],[108.81967,28.60419,0.0],[108.81422,28.60027,0.0],[108.80929,28.59658,0.0],[108.80488,28.5922,0.0],[108.79891,28.58507,0.0],[108.7966,28.57887,0.0],[108.7922,28.57289,0.0],[108.78883,28.56897,0.0],[108.7865,28.56598,0.0],[108.78365,28.56253,0.0],[108.78133,28.5577,0.0],[108.78082,28.5538,0.0],[108.77979,28.5515,0.0],[108.77824,28.54989,0.0],[108.77355,28.54941,0.0],[108.76705,28.54823,0.0],[108.7616,28.54614,0.0],[108.75459,28.54244,0.0],[108.75303,28.54083,0.0],[108.7494,28.53669,0.0],[108.74812,28.5337,0.0],[108.74293,28.53047,0.0],[108.73618,28.52676,0.0],[108.73124,28.52536,0.0],[108.72707,28.52557,0.0],[108.72449,28.52166,0.0],[108.72451,28.51754,0.0],[108.72401,28.51317,0.0],[108.72273,28.50789,0.0],[108.72015,28.50306,0.0],[108.71783,28.49961,0.0],[108.72001,28.49461,0.0],[108.70655,28.50501,0.0],[108.69744,28.48588,0.0],[108.68561,28.48625,0.0],[108.67474,28.4818,0.0],[108.66724,28.4787,0.0],[108.6619,28.48061,0.0],[108.6551,28.48191,0.0],[108.64842,28.47575,0.0],[108.64489,28.47369,0.0],[108.64134,28.47187,0.0],[108.63962,28.46642,0.0],[108.63704,28.46112,0.0],[108.6379,28.45908,0.0],[108.648,28.45271,0.0],[108.66092,28.44734,0.0],[108.66337,28.44421,0.0],[108.66359,28.43873,0.0],[108.66606,28.43655,0.0],[108.66585,28.43504,0.0],[108.66778,28.43485,0.0],[108.66918,28.43306,0.0],[108.67143,28.43154,0.0],[108.67526,28.43059,0.0],[108.67864,28.43079,0.0],[108.68003,28.43003,0.0],[108.68143,28.42729,0.0],[108.68476,28.42595,0.0],[108.68659,28.41926,0.0],[108.68637,28.4151,0.0],[108.68895,28.41169,0.0],[108.69175,28.41075,0.0],[108.69304,28.40716,0.0],[108.69256,28.40411,0.0],[108.68906,28.39799,0.0],[108.6795,28.39638,0.0],[108.67541,28.39203,0.0],[108.6695,28.39203,0.0],[108.66598,28.38909,0.0],[108.65972,28.38541,0.0],[108.65854,28.37974,0.0],[108.65553,28.37595,0.0],[108.6537,28.37224,0.0],[108.65069,28.36196,0.0],[108.65101,28.35628,0.0],[108.65329,28.35369,0.0],[108.6595,28.35553,0.0],[108.66477,28.3578,0.0],[108.66799,28.35798,0.0],[108.67121,28.35484,0.0],[108.67165,28.34862,0.0],[108.6661,28.34311,0.0],[108.66241,28.33812,0.0],[108.65227,28.33717,0.0],[108.64047,28.33372,0.0],[108.63664,28.33614,0.0],[108.63299,28.33641,0.0],[108.62737,28.3314,0.0],[108.61479,28.32828,0.0],[108.60716,28.32781,0.0],[108.6049,28.33944,0.0],[108.60039,28.34342,0.0],[108.59577,28.34559,0.0],[108.57558,28.34711,0.0],[108.57398,28.36169,0.0],[108.57169,28.36763,0.0],[108.57535,28.36914,0.0],[108.57588,28.37123,0.0],[108.5733,28.37406,0.0],[108.57234,28.38806,0.0],[108.57511,28.39694,0.0],[108.58373,28.40829,0.0],[108.59276,28.40933,0.0],[108.59953,28.40857,0.0],[108.60527,28.41079,0.0],[108.60791,28.42351,0.0],[108.60351,28.42937,0.0],[108.60673,28.4392,0.0],[108.59985,28.44128,0.0],[108.59663,28.44496,0.0],[108.59545,28.45545,0.0],[108.59319,28.4599,0.0],[108.58352,28.46566,0.0],[108.58595,28.47867,0.0],[108.58402,28.48406,0.0],[108.57878,28.4898,0.0],[108.57741,28.49308,0.0],[108.57415,28.49742,0.0],[108.57363,28.50058,0.0],[108.57162,28.50262,0.0],[108.5729,28.50564,0.0],[108.57814,28.51148,0.0],[108.57501,28.51359,0.0],[108.57342,28.52023,0.0],[108.57307,28.528,0.0],[108.56968,28.53305,0.0],[108.57076,28.5358,0.0],[108.57458,28.5369,0.0],[108.57337,28.53878,0.0],[108.58586,28.54349,0.0],[108.60769,28.54461,0.0],[108.60796,28.54677,0.0],[108.6102,28.54802,0.0],[108.6096,28.54941,0.0],[108.60728,28.55047,0.0],[108.60708,28.55252,0.0],[108.60494,28.55976,0.0],[108.60129,28.59703,0.0],[108.61571,28.6118,0.0],[108.63258,28.62653,0.0],[108.63125,28.6341,0.0],[108.6312,28.64152,0.0],[108.6291,28.64405,0.0],[108.61979,28.64631,0.0],[108.60543,28.63834,0.0],[108.59942,28.6377,0.0],[108.59445,28.64425,0.0],[108.58977,28.64576,0.0],[108.58166,28.64463,0.0],[108.58097,28.64651,0.0],[108.5835,28.6522,0.0],[108.58067,28.65604,0.0],[108.57175,28.66483,0.0],[108.56595,28.66745,0.0],[108.56286,28.66764,0.0],[108.55793,28.65371,0.0],[108.55295,28.65374,0.0],[108.54471,28.65265,0.0],[108.54213,28.65378,0.0],[108.53741,28.65747,0.0],[108.53432,28.65762,0.0],[108.52872,28.64969,0.0],[108.52303,28.6495,0.0],[108.5193,28.64995,0.0],[108.51733,28.64412,0.0],[108.50445,28.64143,0.0],[108.50149,28.64004,0.0],[108.50098,28.63707,0.0],[108.50434,28.63538,0.0],[108.50395,28.63237,0.0],[108.50291,28.63208,0.0],[108.49681,28.63126,0.0],[108.48785,28.63321,0.0],[108.47953,28.63296,0.0],[108.47305,28.6303,0.0],[108.46503,28.63085,0.0],[108.45644,28.63801,0.0],[108.45171,28.6386,0.0],[108.44131,28.63498,0.0],[108.43539,28.63651,0.0],[108.41842,28.6461,0.0],[108.39935,28.6523,0.0],[108.38626,28.65479,0.0],[108.37056,28.66646,0.0],[108.35848,28.6711,0.0],[108.35074,28.67798,0.0],[108.34504,28.67934,0.0],[108.34178,28.6764,0.0],[108.33704,28.67764,0.0],[108.33301,28.67779,0.0],[108.3291,28.6798,0.0],[108.32897,28.68174,0.0],[108.3282,28.68285,0.0],[108.33493,28.69156,0.0],[108.33922,28.69901,0.0],[108.34076,28.70692,0.0],[108.34394,28.71309,0.0],[108.34162,28.72912,0.0],[108.34239,28.73913,0.0],[108.34939,28.74173,0.0],[108.35422,28.74889,0.0],[108.36713,28.7619,0.0],[108.37144,28.77115,0.0],[108.38216,28.77573,0.0],[108.38267,28.78494,0.0],[108.3848,28.79237,0.0],[108.38366,28.79621,0.0],[108.38164,28.80794,0.0],[108.36008,28.81351,0.0],[108.34836,28.81721,0.0],[108.34887,28.82284,0.0],[108.34975,28.83686,0.0],[108.34272,28.85254,0.0],[108.34128,28.85985,0.0],[108.34707,28.86935,0.0],[108.35163,28.87757,0.0],[108.35204,28.88483,0.0],[108.3517,28.89663,0.0],[108.34909,28.90188,0.0],[108.34528,28.90836,0.0],[108.34477,28.91809,0.0],[108.34554,28.92654,0.0],[108.34518,28.93512,0.0],[108.34359,28.94313,0.0],[108.33555,28.95158,0.0],[108.32171,28.95468,0.0],[108.31418,28.96961,0.0],[108.30892,28.99215,0.0],[108.30759,29.00005,0.0]]]]}},{"type":"Feature","properties":{"uesi_id":"CHN_R913069","nbhd_code":"CHN_R913069_157","nbhd_name":"Yubei District"},"geometry":{"type":"MultiPolygon","coordinates":[[[[106.44589,29.62805,0.0],[106.44684,29.63142,0.0],[106.44823,29.63402,0.0],[106.4508,29.63705,0.0],[106.45866,29.64387,0.0],[106.46479,29.65187,0.0],[106.46647,29.65813,0.0],[106.46261,29.6625,0.0],[106.45927,29.66629,0.0],[106.45402,29.67174,0.0],[106.45225,29.67409,0.0],[106.45086,29.67638,0.0],[106.45017,29.679,0.0],[106.45034,29.68352,0.0],[106.45208,29.68926,0.0],[106.45555,29.69348,0.0],[106.45953,29.69739,0.0],[106.46509,29.70041,0.0],[106.47219,29.70236,0.0],[106.47877,29.70281,0.0],[106.48301,29.70235,0.0],[106.48686,29.699,0.0],[106.48963,29.69585,0.0],[106.49233,29.69203,0.0],[106.50469,29.68806,0.0],[106.50723,29.68875,0.0],[106.51008,29.69459,0.0],[106.51076,29.69883,0.0],[106.50905,29.70343,0.0],[106.50853,29.70889,0.0],[106.51049,29.71184,0.0],[106.51811,29.71605,0.0],[106.52651,29.71977,0.0],[106.53121,29.72291,0.0],[106.53368,29.72655,0.0],[106.5335,29.73165,0.0],[106.53072,29.73599,0.0],[106.52731,29.7397,0.0],[106.52129,29.74537,0.0],[106.51764,29.7502,0.0],[106.51677,29.75682,0.0],[106.5165,29.76224,0.0],[106.5161,29.76679,0.0],[106.51144,29.77154,0.0],[106.51223,29.77305,0.0],[106.51459,29.77374,0.0],[106.51623,29.77345,0.0],[106.51761,29.77203,0.0],[106.51846,29.77106,0.0],[106.51964,29.76975,0.0],[106.52056,29.76975,0.0],[106.52109,29.77026,0.0],[106.52089,29.77083,0.0],[106.52037,29.77339,0.0],[106.52115,29.77448,0.0],[106.52463,29.77635,0.0],[106.52542,29.77823,0.0],[106.52653,29.77818,0.0],[106.52712,29.77766,0.0],[106.52633,29.77533,0.0],[106.52929,29.77186,0.0],[106.5285,29.77186,0.0],[106.52738,29.77328,0.0],[106.52684,29.77325,0.0],[106.52765,29.76975,0.0],[106.52981,29.77021,0.0],[106.53079,29.76998,0.0],[106.53047,29.76907,0.0],[106.53138,29.76844,0.0],[106.53145,29.76787,0.0],[106.52988,29.76759,0.0],[106.5302,29.76719,0.0],[106.53191,29.76742,0.0],[106.53184,29.76696,0.0],[106.5304,29.76633,0.0],[106.5302,29.76565,0.0],[106.53106,29.76554,0.0],[106.53552,29.76685,0.0],[106.53683,29.7665,0.0],[106.53683,29.76525,0.0],[106.53585,29.7644,0.0],[106.53453,29.76434,0.0],[106.5327,29.76309,0.0],[106.53014,29.76201,0.0],[106.52929,29.76098,0.0],[106.52686,29.76104,0.0],[106.5264,29.76058,0.0],[106.52633,29.75893,0.0],[106.5266,29.75762,0.0],[106.52784,29.75705,0.0],[106.52856,29.75591,0.0],[106.52784,29.75278,0.0],[106.52824,29.75233,0.0],[106.52935,29.75102,0.0],[106.53237,29.75233,0.0],[106.53617,29.75557,0.0],[106.53703,29.75739,0.0],[106.53768,29.75768,0.0],[106.54168,29.75677,0.0],[106.54437,29.75648,0.0],[106.54555,29.75591,0.0],[106.54588,29.75438,0.0],[106.54634,29.75375,0.0],[106.54785,29.75489,0.0],[106.5476,29.75732,0.0],[106.55159,29.75682,0.0],[106.55323,29.75819,0.0],[106.55277,29.76053,0.0],[106.55769,29.76132,0.0],[106.55788,29.76414,0.0],[106.55795,29.76417,0.0],[106.55966,29.76218,0.0],[106.56149,29.76087,0.0],[106.56267,29.76138,0.0],[106.56353,29.76434,0.0],[106.5672,29.76645,0.0],[106.5693,29.76582,0.0],[106.56989,29.76428,0.0],[106.5731,29.76377,0.0],[106.57468,29.76132,0.0],[106.57841,29.76018,0.0],[106.58019,29.7595,0.0],[106.58122,29.76008,0.0],[106.58229,29.76015,0.0],[106.58432,29.75849,0.0],[106.58583,29.75788,0.0],[106.5863,29.75837,0.0],[106.58565,29.76021,0.0],[106.58425,29.76258,0.0],[106.58451,29.76417,0.0],[106.58637,29.76648,0.0],[106.59152,29.77015,0.0],[106.6027,29.76996,0.0],[106.6027,29.77047,0.0],[106.60242,29.77095,0.0],[106.60075,29.77217,0.0],[106.59997,29.77358,0.0],[106.59997,29.77526,0.0],[106.59818,29.77425,0.0],[106.59864,29.77795,0.0],[106.59681,29.77887,0.0],[106.59648,29.78131,0.0],[106.59464,29.78137,0.0],[106.59425,29.78268,0.0],[106.59195,29.78262,0.0],[106.59117,29.78615,0.0],[106.5892,29.78763,0.0],[106.5888,29.78911,0.0],[106.59018,29.79002,0.0],[106.59274,29.78917,0.0],[106.59497,29.78991,0.0],[106.59405,29.79429,0.0],[106.59445,29.79475,0.0],[106.59648,29.79213,0.0],[106.59851,29.79327,0.0],[106.59884,29.79515,0.0],[106.59995,29.79532,0.0],[106.60061,29.79663,0.0],[106.60015,29.79833,0.0],[106.60087,29.79919,0.0],[106.60576,29.79995,0.0],[106.60399,29.80326,0.0],[106.60133,29.80277,0.0],[106.597,29.80289,0.0],[106.59917,29.80556,0.0],[106.59635,29.80824,0.0],[106.59576,29.80607,0.0],[106.59445,29.80619,0.0],[106.59353,29.80801,0.0],[106.59176,29.80943,0.0],[106.59123,29.80784,0.0],[106.58789,29.81216,0.0],[106.59038,29.80329,0.0],[106.58507,29.80209,0.0],[106.58415,29.80027,0.0],[106.57792,29.8001,0.0],[106.5768,29.80211,0.0],[106.58146,29.803,0.0],[106.58139,29.80761,0.0],[106.58225,29.80921,0.0],[106.58126,29.81091,0.0],[106.58448,29.81672,0.0],[106.5848,29.8199,0.0],[106.58775,29.81956,0.0],[106.59044,29.82025,0.0],[106.59235,29.81888,0.0],[106.59556,29.81996,0.0],[106.59431,29.82144,0.0],[106.59615,29.82247,0.0],[106.59445,29.82394,0.0],[106.59438,29.82651,0.0],[106.59569,29.83089,0.0],[106.59936,29.83163,0.0],[106.60225,29.83379,0.0],[106.60402,29.8343,0.0],[106.60413,29.83503,0.0],[106.6031,29.83584,0.0],[106.60323,29.83652,0.0],[106.60468,29.83703,0.0],[106.60697,29.83527,0.0],[106.60894,29.83635,0.0],[106.61373,29.83584,0.0],[106.61484,29.83464,0.0],[106.6157,29.83464,0.0],[106.61609,29.83259,0.0],[106.6176,29.8314,0.0],[106.61845,29.8351,0.0],[106.61675,29.83715,0.0],[106.61584,29.84357,0.0],[106.62042,29.84488,0.0],[106.62245,29.84619,0.0],[106.62462,29.8442,0.0],[106.62574,29.84123,0.0],[106.62921,29.84221,0.0],[106.63242,29.84517,0.0],[106.63301,29.84773,0.0],[106.63433,29.84773,0.0],[106.63383,29.85063,0.0],[106.63949,29.84764,0.0],[106.64246,29.8512,0.0],[106.64316,29.85714,0.0],[106.64561,29.86332,0.0],[106.64344,29.86508,0.0],[106.64843,29.86861,0.0],[106.65079,29.87219,0.0],[106.65276,29.87111,0.0],[106.65282,29.87298,0.0],[106.65499,29.87355,0.0],[106.65551,29.87037,0.0],[106.65676,29.87088,0.0],[106.65604,29.87344,0.0],[106.65656,29.87458,0.0],[106.65361,29.87708,0.0],[106.65282,29.87901,0.0],[106.65623,29.87793,0.0],[106.65905,29.8788,0.0],[106.65768,29.88476,0.0],[106.65595,29.88741,0.0],[106.65827,29.88789,0.0],[106.6582,29.89181,0.0],[106.65927,29.89225,0.0],[106.66279,29.88902,0.0],[106.66594,29.88874,0.0],[106.66424,29.89113,0.0],[106.66496,29.89334,0.0],[106.66273,29.8942,0.0],[106.6624,29.89789,0.0],[106.66471,29.90164,0.0],[106.66378,29.90261,0.0],[106.66496,29.90403,0.0],[106.66837,29.90233,0.0],[106.6704,29.90244,0.0],[106.67106,29.90051,0.0],[106.67401,29.90074,0.0],[106.67545,29.90381,0.0],[106.67545,29.91239,0.0],[106.66572,29.91489,0.0],[106.66686,29.92132,0.0],[106.67276,29.92246,0.0],[106.67309,29.9249,0.0],[106.67532,29.92632,0.0],[106.67748,29.92939,0.0],[106.67528,29.93069,0.0],[106.67525,29.93206,0.0],[106.68109,29.93451,0.0],[106.68378,29.9349,0.0],[106.68352,29.9382,0.0],[106.68011,29.93724,0.0],[106.67683,29.93729,0.0],[106.67335,29.93564,0.0],[106.67079,29.93621,0.0],[106.66922,29.9349,0.0],[106.66824,29.93564,0.0],[106.67086,29.93991,0.0],[106.67499,29.94184,0.0],[106.67434,29.94246,0.0],[106.67158,29.94173,0.0],[106.67073,29.94235,0.0],[106.67109,29.94708,0.0],[106.66948,29.95821,0.0],[106.67306,29.97288,0.0],[106.67463,29.98172,0.0],[106.67298,29.99486,0.0],[106.67347,30.01536,0.0],[106.67246,30.01912,0.0],[106.67317,30.02424,0.0],[106.67631,30.02853,0.0],[106.67738,30.03213,0.0],[106.67605,30.03389,0.0],[106.67432,30.03484,0.0],[106.67099,30.0353,0.0],[106.66796,30.03401,0.0],[106.66502,30.03443,0.0],[106.66441,30.03706,0.0],[106.67157,30.04248,0.0],[106.67032,30.04489,0.0],[106.66855,30.04812,0.0],[106.6684,30.05068,0.0],[106.67172,30.05629,0.0],[106.67626,30.06516,0.0],[106.67585,30.06587,0.0],[106.67406,30.06482,0.0],[106.66995,30.0681,0.0],[106.6687,30.07267,0.0],[106.6678,30.07483,0.0],[106.65826,30.07824,0.0],[106.65326,30.07941,0.0],[106.6508,30.0813,0.0],[106.64993,30.084,0.0],[106.64817,30.08378,0.0],[106.64928,30.08933,0.0],[106.65838,30.10048,0.0],[106.66071,30.10731,0.0],[106.66351,30.11308,0.0],[106.66511,30.12145,0.0],[106.66804,30.12444,0.0],[106.67276,30.12593,0.0],[106.68546,30.12616,0.0],[106.70377,30.12779,0.0],[106.70303,30.1183,0.0],[106.70381,30.118,0.0],[106.70376,30.1168,0.0],[106.70051,30.11298,0.0],[106.70047,30.10881,0.0],[106.70073,30.10455,0.0],[106.69888,30.09836,0.0],[106.70047,30.08795,0.0],[106.69936,30.07748,0.0],[106.70012,30.07382,0.0],[106.70697,30.06914,0.0],[106.71307,30.06636,0.0],[106.72148,30.06026,0.0],[106.72702,30.05404,0.0],[106.72389,30.04466,0.0],[106.72575,30.03878,0.0],[106.72634,30.03287,0.0],[106.73027,30.03022,0.0],[106.73186,30.02693,0.0],[106.74303,30.02533,0.0],[106.75822,30.01929,0.0],[106.76366,30.02523,0.0],[106.76814,30.02544,0.0],[106.76875,30.01589,0.0],[106.77941,30.01992,0.0],[106.7837,30.01717,0.0],[106.78778,30.01802,0.0],[106.79281,30.02189,0.0],[106.79779,30.02353,0.0],[106.79938,30.03064,0.0],[106.80532,30.03124,0.0],[106.80685,30.02927,0.0],[106.80927,30.03023,0.0],[106.81041,30.02858,0.0],[106.81293,30.02916,0.0],[106.81403,30.03224,0.0],[106.81938,30.0298,0.0],[106.82577,30.03124,0.0],[106.82923,30.03373,0.0],[106.83055,30.03488,0.0],[106.82926,30.03583,0.0],[106.82914,30.03729,0.0],[106.8308,30.03923,0.0],[106.83544,30.0409,0.0],[106.83591,30.04136,0.0],[106.83545,30.0439,0.0],[106.83671,30.04556,0.0],[106.83693,30.04969,0.0],[106.83809,30.04986,0.0],[106.84167,30.04934,0.0],[106.84311,30.04761,0.0],[106.84486,30.04443,0.0],[106.84744,30.04329,0.0],[106.84937,30.04282,0.0],[106.85122,30.03946,0.0],[106.86218,30.0297,0.0],[106.85738,30.02495,0.0],[106.86149,30.02049,0.0],[106.86215,30.01529,0.0],[106.86223,30.00696,0.0],[106.85967,30.00155,0.0],[106.85876,29.99533,0.0],[106.85966,29.99072,0.0],[106.85954,29.98728,0.0],[106.86048,29.98382,0.0],[106.86201,29.9824,0.0],[106.86435,29.9812,0.0],[106.86937,29.98067,0.0],[106.87454,29.98621,0.0],[106.87934,29.9877,0.0],[106.88488,29.98756,0.0],[106.89,29.98716,0.0],[106.89481,29.97989,0.0],[106.90337,29.97478,0.0],[106.91299,29.97381,0.0],[106.92716,29.97405,0.0],[106.92799,29.96741,0.0],[106.93729,29.96189,0.0],[106.94294,29.95363,0.0],[106.95287,29.95461,0.0],[106.95811,29.95517,0.0],[106.96258,29.95237,0.0],[106.96368,29.94698,0.0],[106.96744,29.94115,0.0],[106.96892,29.93813,0.0],[106.97714,29.9362,0.0],[106.97698,29.92801,0.0],[106.9738,29.92531,0.0],[106.96932,29.91954,0.0],[106.96703,29.91433,0.0],[106.96339,29.90823,0.0],[106.95702,29.89922,0.0],[106.95369,29.89449,0.0],[106.94949,29.88749,0.0],[106.9486,29.88078,0.0],[106.94558,29.87413,0.0],[106.94233,29.86517,0.0],[106.94117,29.85488,0.0],[106.93638,29.85091,0.0],[106.93845,29.84347,0.0],[106.94264,29.83788,0.0],[106.94497,29.83316,0.0],[106.94558,29.82007,0.0],[106.94517,29.81112,0.0],[106.94261,29.80534,0.0],[106.94085,29.80089,0.0],[106.94879,29.79805,0.0],[106.95375,29.79242,0.0],[106.95581,29.78666,0.0],[106.9596,29.78408,0.0],[106.96548,29.77608,0.0],[106.97054,29.76952,0.0],[106.94247,29.73253,0.0],[106.93581,29.7067,0.0],[106.92843,29.69676,0.0],[106.90639,29.68299,0.0],[106.89112,29.65959,0.0],[106.88841,29.66025,0.0],[106.88647,29.65991,0.0],[106.88388,29.65686,0.0],[106.88211,29.65741,0.0],[106.88145,29.6594,0.0],[106.88192,29.6621,0.0],[106.8814,29.66316,0.0],[106.87939,29.66342,0.0],[106.87262,29.66177,0.0],[106.86664,29.65559,0.0],[106.86312,29.65029,0.0],[106.86149,29.6498,0.0],[106.86058,29.65039,0.0],[106.86063,29.65291,0.0],[106.85936,29.65386,0.0],[106.85584,29.65486,0.0],[106.85441,29.65713,0.0],[106.85195,29.65938,0.0],[106.84814,29.66071,0.0],[106.8476,29.66252,0.0],[106.84582,29.66312,0.0],[106.84282,29.66327,0.0],[106.83825,29.66361,0.0],[106.82915,29.66603,0.0],[106.82572,29.66521,0.0],[106.82454,29.66399,0.0],[106.82203,29.66244,0.0],[106.82056,29.66239,0.0],[106.81661,29.66523,0.0],[106.81565,29.66734,0.0],[106.818,29.67514,0.0],[106.81769,29.67607,0.0],[106.81671,29.67699,0.0],[106.81194,29.67789,0.0],[106.80551,29.67789,0.0],[106.80332,29.67513,0.0],[106.80219,29.67365,0.0],[106.79952,29.67413,0.0],[106.79772,29.67514,0.0],[106.7983,29.67786,0.0],[106.7965,29.67947,0.0],[106.79411,29.68078,0.0],[106.79151,29.68137,0.0],[106.78849,29.6809,0.0],[106.78349,29.67727,0.0],[106.78048,29.67305,0.0],[106.78267,29.67138,0.0],[106.78343,29.66995,0.0],[106.78137,29.66793,0.0],[106.78021,29.66591,0.0],[106.77685,29.66388,0.0],[106.77261,29.66121,0.0],[106.7709,29.66121,0.0],[106.76795,29.66091,0.0],[106.76528,29.65936,0.0],[106.76391,29.6549,0.0],[106.76193,29.65555,0.0],[106.75789,29.65496,0.0],[106.75761,29.65859,0.0],[106.75563,29.65883,0.0],[106.75378,29.65407,0.0],[106.74892,29.6552,0.0],[106.74529,29.65871,0.0],[106.74673,29.66156,0.0],[106.74707,29.66448,0.0],[106.74722,29.66645,0.0],[106.74467,29.66632,0.0],[106.7444,29.67174,0.0],[106.74323,29.67352,0.0],[106.74221,29.67287,0.0],[106.73995,29.66591,0.0],[106.73721,29.6646,0.0],[106.73474,29.66977,0.0],[106.73187,29.66995,0.0],[106.72817,29.65436,0.0],[106.72755,29.64925,0.0],[106.72468,29.64871,0.0],[106.72235,29.64514,0.0],[106.72037,29.64335,0.0],[106.71612,29.64663,0.0],[106.71133,29.64788,0.0],[106.70948,29.64722,0.0],[106.70873,29.64407,0.0],[106.70948,29.64097,0.0],[106.70729,29.63889,0.0],[106.70599,29.63348,0.0],[106.70236,29.63098,0.0],[106.69928,29.63169,0.0],[106.69661,29.63032,0.0],[106.69469,29.62991,0.0],[106.69031,29.63163,0.0],[106.6888,29.63163,0.0],[106.68606,29.63008,0.0],[106.68175,29.62967,0.0],[106.67607,29.63252,0.0],[106.6723,29.63371,0.0],[106.67025,29.63365,0.0],[106.66929,29.63235,0.0],[106.67155,29.63008,0.0],[106.67182,29.62925,0.0],[106.6697,29.62913,0.0],[106.66271,29.63217,0.0],[106.65991,29.63473,0.0],[106.65374,29.6377,0.0],[106.64998,29.63776,0.0],[106.64765,29.63473,0.0],[106.64491,29.63562,0.0],[106.64443,29.6374,0.0],[106.64608,29.63961,0.0],[106.6443,29.63978,0.0],[106.64265,29.63848,0.0],[106.64121,29.63812,0.0],[106.63957,29.63675,0.0],[106.63594,29.63931,0.0],[106.63416,29.63937,0.0],[106.63341,29.63842,0.0],[106.63197,29.63752,0.0],[106.62807,29.638,0.0],[106.62581,29.63859,0.0],[106.62074,29.63788,0.0],[106.61691,29.63812,0.0],[106.60376,29.63574,0.0],[106.59185,29.63461,0.0],[106.58171,29.63068,0.0],[106.57795,29.628,0.0],[106.57589,29.62151,0.0],[106.57192,29.61723,0.0],[106.55974,29.61062,0.0],[106.55939,29.60687,0.0],[106.56131,29.59937,0.0],[106.55665,29.59294,0.0],[106.55348,29.58997,0.0],[106.55312,29.58841,0.0],[106.54734,29.58785,0.0],[106.54645,29.58729,0.0],[106.54624,29.58588,0.0],[106.53437,29.58847,0.0],[106.5344,29.59121,0.0],[106.53346,29.59139,0.0],[106.53156,29.5913,0.0],[106.53043,29.59095,0.0],[106.52961,29.59032,0.0],[106.52543,29.58865,0.0],[106.52221,29.58734,0.0],[106.51804,29.58454,0.0],[106.51694,29.58258,0.0],[106.51605,29.57984,0.0],[106.51454,29.5793,0.0],[106.51215,29.58121,0.0],[106.51037,29.58103,0.0],[106.50736,29.57829,0.0],[106.50393,29.57645,0.0],[106.50078,29.57502,0.0],[106.49756,29.57555,0.0],[106.49421,29.57508,0.0],[106.49017,29.57656,0.0],[106.4876,29.5765,0.0],[106.48651,29.58612,0.0],[106.48442,29.58612,0.0],[106.48428,29.58794,0.0],[106.48428,29.59728,0.0],[106.48901,29.59889,0.0],[106.48907,29.60217,0.0],[106.48702,29.60443,0.0],[106.48634,29.60717,0.0],[106.48367,29.60901,0.0],[106.48291,29.61029,0.0],[106.48069,29.61473,0.0],[106.48024,29.61711,0.0],[106.47805,29.61806,0.0],[106.47613,29.61449,0.0],[106.47517,29.61241,0.0],[106.47407,29.61274,0.0],[106.46896,29.61245,0.0],[106.46214,29.61453,0.0],[106.45797,29.61455,0.0],[106.45841,29.61867,0.0],[106.45534,29.62021,0.0],[106.45,29.62096,0.0],[106.44607,29.62376,0.0],[106.44589,29.62805,0.0]]]]}},{"type":"Feature","properties":{"uesi_id":"CHN_R913069","nbhd_code":"CHN_R913069_158","nbhd_name":"Yunyang County"},"geometry":{"type":"MultiPolygon","coordinates":[[[[108.40989,31.00087,0.0],[108.41111,31.00659,0.0],[108.41553,31.01076,0.0],[108.424,31.01325,0.0],[108.43005,31.01685,0.0],[108.43437,31.01628,0.0],[108.4465,31.01624,0.0],[108.45535,31.0199,0.0],[108.46149,31.02217,0.0],[108.46525,31.02301,0.0],[108.46993,31.02479,0.0],[108.47308,31.02944,0.0],[108.47139,31.03212,0.0],[108.47557,31.03734,0.0],[108.47415,31.04329,0.0],[108.47438,31.04742,0.0],[108.47248,31.05154,0.0],[108.47113,31.05405,0.0],[108.4695,31.05839,0.0],[108.47054,31.06184,0.0],[108.47345,31.0653,0.0],[108.4817,31.06902,0.0],[108.48701,31.07135,0.0],[108.49128,31.07298,0.0],[108.49686,31.07508,0.0],[108.50271,31.07993,0.0],[108.51044,31.08205,0.0],[108.52055,31.08578,0.0],[108.52402,31.08672,0.0],[108.53362,31.08884,0.0],[108.54161,31.09118,0.0],[108.54534,31.09212,0.0],[108.5536,31.09446,0.0],[108.55705,31.09792,0.0],[108.5565,31.10136,0.0],[108.55273,31.10523,0.0],[108.55084,31.10774,0.0],[108.55003,31.11026,0.0],[108.55241,31.11234,0.0],[108.55561,31.11373,0.0],[108.55854,31.11467,0.0],[108.56146,31.11698,0.0],[108.56225,31.11951,0.0],[108.56277,31.1218,0.0],[108.56168,31.125,0.0],[108.56085,31.12867,0.0],[108.56165,31.13051,0.0],[108.56268,31.1351,0.0],[108.56293,31.13808,0.0],[108.56343,31.14244,0.0],[108.56555,31.14521,0.0],[108.56981,31.14752,0.0],[108.57541,31.14939,0.0],[108.5826,31.15402,0.0],[108.59003,31.15956,0.0],[108.59349,31.16302,0.0],[108.59587,31.16716,0.0],[108.59451,31.1699,0.0],[108.59156,31.17218,0.0],[108.58861,31.17423,0.0],[108.58379,31.1758,0.0],[108.57736,31.17714,0.0],[108.57573,31.18126,0.0],[108.57517,31.18561,0.0],[108.57649,31.18814,0.0],[108.581,31.19298,0.0],[108.58365,31.1969,0.0],[108.5847,31.19988,0.0],[108.58468,31.20355,0.0],[108.58464,31.20859,0.0],[108.58566,31.21617,0.0],[108.58643,31.22076,0.0],[108.58853,31.22696,0.0],[108.5909,31.23224,0.0],[108.59329,31.23547,0.0],[108.59462,31.23777,0.0],[108.5978,31.24145,0.0],[108.59939,31.24444,0.0],[108.60445,31.24768,0.0],[108.60897,31.25206,0.0],[108.61349,31.25598,0.0],[108.61828,31.26083,0.0],[108.62227,31.26383,0.0],[108.62679,31.26775,0.0],[108.63186,31.2703,0.0],[108.63532,31.27261,0.0],[108.63852,31.27538,0.0],[108.63796,31.27836,0.0],[108.63661,31.28087,0.0],[108.63525,31.28476,0.0],[108.63121,31.28978,0.0],[108.64056,31.29144,0.0],[108.6459,31.29468,0.0],[108.64856,31.29698,0.0],[108.65068,31.30043,0.0],[108.65092,31.30387,0.0],[108.64822,31.30776,0.0],[108.6423,31.31323,0.0],[108.63746,31.31893,0.0],[108.63421,31.3251,0.0],[108.63177,31.32991,0.0],[108.6296,31.33402,0.0],[108.63092,31.33678,0.0],[108.63385,31.33977,0.0],[108.63838,31.34255,0.0],[108.64587,31.34489,0.0],[108.65416,31.34561,0.0],[108.66514,31.34613,0.0],[108.6713,31.34662,0.0],[108.68093,31.3469,0.0],[108.69083,31.34855,0.0],[108.69376,31.35017,0.0],[108.69642,31.35385,0.0],[108.69774,31.35798,0.0],[108.69852,31.36051,0.0],[108.69903,31.36624,0.0],[108.6982,31.37014,0.0],[108.69899,31.37358,0.0],[108.69389,31.37722,0.0],[108.68986,31.37904,0.0],[108.68743,31.38132,0.0],[108.68822,31.38476,0.0],[108.69008,31.38775,0.0],[108.69193,31.39074,0.0],[108.69594,31.39328,0.0],[108.69994,31.39605,0.0],[108.70368,31.39836,0.0],[108.70689,31.39906,0.0],[108.71091,31.39794,0.0],[108.71468,31.39589,0.0],[108.71763,31.3943,0.0],[108.72137,31.39524,0.0],[108.72243,31.39684,0.0],[108.72322,31.40167,0.0],[108.72212,31.40579,0.0],[108.72292,31.40831,0.0],[108.72344,31.41015,0.0],[108.72638,31.41222,0.0],[108.73039,31.41362,0.0],[108.73333,31.41478,0.0],[108.73573,31.41639,0.0],[108.7376,31.41778,0.0],[108.74027,31.42031,0.0],[108.74454,31.42423,0.0],[108.74827,31.42906,0.0],[108.75093,31.43205,0.0],[108.75307,31.43389,0.0],[108.75626,31.43804,0.0],[108.75615,31.4412,0.0],[108.76046,31.44087,0.0],[108.76639,31.43919,0.0],[108.76962,31.43841,0.0],[108.77608,31.43815,0.0],[108.7781,31.4358,0.0],[108.78262,31.43399,0.0],[108.7819,31.43189,0.0],[108.78929,31.43228,0.0],[108.79299,31.42982,0.0],[108.80011,31.42625,0.0],[108.80453,31.42677,0.0],[108.80678,31.423,0.0],[108.80684,31.42156,0.0],[108.80466,31.41894,0.0],[108.80067,31.41248,0.0],[108.795,31.40853,0.0],[108.79218,31.40657,0.0],[108.79141,31.40219,0.0],[108.79481,31.39865,0.0],[108.79746,31.3985,0.0],[108.79951,31.39639,0.0],[108.80438,31.39529,0.0],[108.8127,31.39239,0.0],[108.81677,31.38991,0.0],[108.81779,31.38624,0.0],[108.8208,31.38547,0.0],[108.82293,31.38182,0.0],[108.82709,31.38126,0.0],[108.83029,31.37796,0.0],[108.82735,31.37787,0.0],[108.82603,31.37551,0.0],[108.82377,31.37512,0.0],[108.82178,31.37374,0.0],[108.81941,31.37444,0.0],[108.81889,31.37317,0.0],[108.81938,31.37135,0.0],[108.82031,31.36918,0.0],[108.81767,31.36264,0.0],[108.81825,31.36087,0.0],[108.82001,31.36001,0.0],[108.83049,31.35772,0.0],[108.83162,31.35089,0.0],[108.83257,31.34933,0.0],[108.8435,31.3467,0.0],[108.84568,31.34829,0.0],[108.84768,31.34753,0.0],[108.85,31.34778,0.0],[108.85097,31.34753,0.0],[108.85354,31.34691,0.0],[108.85754,31.34684,0.0],[108.86011,31.34826,0.0],[108.86298,31.347,0.0],[108.86462,31.34191,0.0],[108.87748,31.3401,0.0],[108.88113,31.33848,0.0],[108.8869,31.33942,0.0],[108.88888,31.34069,0.0],[108.89007,31.34427,0.0],[108.89047,31.34597,0.0],[108.88775,31.34808,0.0],[108.8883,31.35131,0.0],[108.88666,31.35344,0.0],[108.88555,31.35527,0.0],[108.88621,31.35912,0.0],[108.88861,31.36386,0.0],[108.88807,31.36902,0.0],[108.88687,31.37001,0.0],[108.88204,31.37236,0.0],[108.88093,31.37318,0.0],[108.88159,31.37546,0.0],[108.8814,31.37799,0.0],[108.88332,31.3814,0.0],[108.88418,31.38605,0.0],[108.88697,31.38609,0.0],[108.88988,31.38763,0.0],[108.89543,31.38936,0.0],[108.89786,31.38934,0.0],[108.9002,31.38699,0.0],[108.90586,31.38657,0.0],[108.91278,31.38766,0.0],[108.91207,31.39087,0.0],[108.91504,31.39013,0.0],[108.9178,31.38872,0.0],[108.92377,31.38814,0.0],[108.92659,31.39071,0.0],[108.9325,31.39386,0.0],[108.93381,31.38988,0.0],[108.93717,31.38609,0.0],[108.93945,31.38699,0.0],[108.94308,31.38662,0.0],[108.94499,31.38537,0.0],[108.94837,31.38636,0.0],[108.95132,31.38504,0.0],[108.95557,31.3879,0.0],[108.96338,31.38798,0.0],[108.96352,31.38369,0.0],[108.96756,31.3832,0.0],[108.97651,31.38863,0.0],[108.98002,31.38836,0.0],[108.98122,31.38735,0.0],[108.98189,31.38578,0.0],[108.99455,31.38203,0.0],[108.99524,31.38016,0.0],[109.00498,31.3799,0.0],[109.01189,31.37793,0.0],[109.01632,31.37878,0.0],[109.02239,31.37341,0.0],[109.02934,31.37114,0.0],[109.03855,31.37045,0.0],[109.04805,31.36884,0.0],[109.04902,31.36612,0.0],[109.04849,31.36016,0.0],[109.04877,31.35558,0.0],[109.04877,31.35191,0.0],[109.04852,31.34962,0.0],[109.04772,31.34365,0.0],[109.04693,31.33975,0.0],[109.0464,31.33333,0.0],[109.04454,31.32645,0.0],[109.0424,31.32278,0.0],[109.03947,31.31842,0.0],[109.03867,31.31612,0.0],[109.03964,31.31137,0.0],[109.03683,31.30465,0.0],[109.03496,31.29984,0.0],[109.02957,31.29261,0.0],[109.03571,31.29215,0.0],[109.03767,31.28987,0.0],[109.03878,31.28597,0.0],[109.0493,31.28325,0.0],[109.0542,31.28233,0.0],[109.05989,31.2777,0.0],[109.06363,31.27506,0.0],[109.06551,31.27125,0.0],[109.06578,31.26941,0.0],[109.06632,31.26552,0.0],[109.06739,31.26346,0.0],[109.06793,31.25956,0.0],[109.06678,31.25475,0.0],[109.06849,31.25016,0.0],[109.07063,31.24581,0.0],[109.07331,31.24284,0.0],[109.07494,31.2387,0.0],[109.07974,31.23574,0.0],[109.08242,31.23254,0.0],[109.0843,31.22773,0.0],[109.08408,31.22399,0.0],[109.08565,31.21948,0.0],[109.08646,31.21558,0.0],[109.08699,31.21283,0.0],[109.08727,31.20985,0.0],[109.08727,31.20641,0.0],[109.08674,31.2032,0.0],[109.08638,31.19823,0.0],[109.08673,31.19311,0.0],[109.08016,31.19315,0.0],[109.07281,31.19155,0.0],[109.06844,31.18941,0.0],[109.06582,31.18319,0.0],[109.05717,31.18397,0.0],[109.04586,31.19005,0.0],[109.04399,31.1889,0.0],[109.0432,31.18339,0.0],[109.04374,31.17904,0.0],[109.04401,31.17537,0.0],[109.04483,31.16826,0.0],[109.04591,31.16322,0.0],[109.04645,31.15956,0.0],[109.05009,31.15649,0.0],[109.05313,31.15207,0.0],[109.05477,31.14806,0.0],[109.05433,31.14573,0.0],[109.05209,31.14283,0.0],[109.04829,31.13383,0.0],[109.0553,31.13192,0.0],[109.06262,31.13152,0.0],[109.06964,31.13041,0.0],[109.07864,31.12829,0.0],[109.08229,31.12611,0.0],[109.08772,31.12609,0.0],[109.09166,31.12323,0.0],[109.09353,31.12366,0.0],[109.09406,31.12091,0.0],[109.09434,31.11678,0.0],[109.09408,31.11311,0.0],[109.09222,31.10646,0.0],[109.09116,31.09912,0.0],[109.09135,31.09072,0.0],[109.09114,31.08255,0.0],[109.09056,31.07964,0.0],[109.09066,31.07229,0.0],[109.08902,31.06556,0.0],[109.09521,31.06611,0.0],[109.09805,31.06228,0.0],[109.10616,31.06033,0.0],[109.11364,31.06034,0.0],[109.1229,31.05675,0.0],[109.12786,31.05613,0.0],[109.14067,31.05711,0.0],[109.14274,31.06069,0.0],[109.143,31.06322,0.0],[109.14527,31.06631,0.0],[109.15527,31.06722,0.0],[109.15848,31.07149,0.0],[109.16368,31.06846,0.0],[109.17209,31.07174,0.0],[109.17743,31.07198,0.0],[109.18224,31.07084,0.0],[109.18597,31.06901,0.0],[109.18811,31.06672,0.0],[109.19131,31.06237,0.0],[109.19292,31.06008,0.0],[109.19358,31.05703,0.0],[109.19373,31.05324,0.0],[109.19758,31.05078,0.0],[109.20737,31.05088,0.0],[109.21959,31.04803,0.0],[109.22466,31.04773,0.0],[109.22941,31.04869,0.0],[109.23208,31.04792,0.0],[109.23616,31.04705,0.0],[109.23883,31.04361,0.0],[109.24177,31.03789,0.0],[109.24177,31.0333,0.0],[109.24513,31.03147,0.0],[109.243,31.02397,0.0],[109.23947,31.01861,0.0],[109.23616,31.01541,0.0],[109.23242,31.01014,0.0],[109.22922,31.00417,0.0],[109.22526,31.00243,0.0],[109.21996,30.99913,0.0],[109.21962,30.9927,0.0],[109.21817,30.98859,0.0],[109.21106,30.98337,0.0],[109.21001,30.97985,0.0],[109.20868,30.97526,0.0],[109.20895,30.97044,0.0],[109.21135,30.96747,0.0],[109.21149,30.96623,0.0],[109.21188,30.96265,0.0],[109.21268,30.95646,0.0],[109.21349,30.95004,0.0],[109.21402,30.94477,0.0],[109.21455,30.94133,0.0],[109.21454,30.9365,0.0],[109.21421,30.92926,0.0],[109.21119,30.92409,0.0],[109.19843,30.92937,0.0],[109.19533,30.93564,0.0],[109.19109,30.93878,0.0],[109.18096,30.94037,0.0],[109.17776,30.94129,0.0],[109.16789,30.94288,0.0],[109.16322,30.94272,0.0],[109.15681,30.94167,0.0],[109.15136,30.94263,0.0],[109.14816,30.9417,0.0],[109.14467,30.941,0.0],[109.14608,30.93825,0.0],[109.14818,30.93127,0.0],[109.14845,30.92789,0.0],[109.1498,30.92611,0.0],[109.15473,30.92179,0.0],[109.1553,30.91823,0.0],[109.15807,30.90874,0.0],[109.15797,30.90581,0.0],[109.14778,30.90992,0.0],[109.144,30.90856,0.0],[109.14107,30.90593,0.0],[109.1395,30.90395,0.0],[109.1386,30.90156,0.0],[109.1394,30.89927,0.0],[109.14153,30.89698,0.0],[109.1434,30.89217,0.0],[109.14447,30.88965,0.0],[109.14448,30.88713,0.0],[109.14537,30.87983,0.0],[109.14009,30.87953,0.0],[109.13605,30.87947,0.0],[109.13116,30.88137,0.0],[109.12797,30.88135,0.0],[109.12876,30.87632,0.0],[109.13216,30.86821,0.0],[109.12557,30.86592,0.0],[109.11824,30.86453,0.0],[109.11115,30.86309,0.0],[109.10582,30.8629,0.0],[109.09765,30.86141,0.0],[109.09244,30.861,0.0],[109.08679,30.8612,0.0],[109.08016,30.86098,0.0],[109.07849,30.86304,0.0],[109.07927,30.86727,0.0],[109.07578,30.87131,0.0],[109.06882,30.86979,0.0],[109.06483,30.86978,0.0],[109.06004,30.86748,0.0],[109.05577,30.86632,0.0],[109.04913,30.86224,0.0],[109.04946,30.86118,0.0],[109.04907,30.85921,0.0],[109.04786,30.85718,0.0],[109.04746,30.85397,0.0],[109.04785,30.85213,0.0],[109.04536,30.85029,0.0],[109.04362,30.84904,0.0],[109.04367,30.84778,0.0],[109.04471,30.84611,0.0],[109.04703,30.84681,0.0],[109.04815,30.84624,0.0],[109.04842,30.84563,0.0],[109.04674,30.84362,0.0],[109.04709,30.84128,0.0],[109.04448,30.84046,0.0],[109.04305,30.83931,0.0],[109.04247,30.83711,0.0],[109.04133,30.83517,0.0],[109.03919,30.83451,0.0],[109.03865,30.83354,0.0],[109.04039,30.83137,0.0],[109.04278,30.82963,0.0],[109.04563,30.82848,0.0],[109.04698,30.82721,0.0],[109.04749,30.82567,0.0],[109.04669,30.82455,0.0],[109.04418,30.82293,0.0],[109.04212,30.82213,0.0],[109.04174,30.82111,0.0],[109.04211,30.82046,0.0],[109.04389,30.81972,0.0],[109.04444,30.81892,0.0],[109.04738,30.81773,0.0],[109.04757,30.81606,0.0],[109.04375,30.81699,0.0],[109.04171,30.81666,0.0],[109.0416,30.81562,0.0],[109.04316,30.81528,0.0],[109.04032,30.81411,0.0],[109.03996,30.81025,0.0],[109.03912,30.80933,0.0],[109.04109,30.80722,0.0],[109.04171,30.80482,0.0],[109.04313,30.80195,0.0],[109.04304,30.7982,0.0],[109.04343,30.79727,0.0],[109.04218,30.79508,0.0],[109.04279,30.79348,0.0],[109.04543,30.79145,0.0],[109.04715,30.7912,0.0],[109.04558,30.78696,0.0],[109.04651,30.78206,0.0],[109.04429,30.77914,0.0],[109.04719,30.77751,0.0],[109.05083,30.77485,0.0],[109.05147,30.77374,0.0],[109.05129,30.77158,0.0],[109.05346,30.76894,0.0],[109.05589,30.76644,0.0],[109.05598,30.76481,0.0],[109.05326,30.7608,0.0],[109.05242,30.75644,0.0],[109.0496,30.7539,0.0],[109.04768,30.753,0.0],[109.04751,30.75024,0.0],[109.04438,30.74884,0.0],[109.04336,30.7478,0.0],[109.04304,30.74491,0.0],[109.04219,30.74279,0.0],[109.04242,30.74086,0.0],[109.04359,30.73931,0.0],[109.04422,30.73816,0.0],[109.04592,30.73639,0.0],[109.04489,30.73452,0.0],[109.04173,30.73255,0.0],[109.04,30.73354,0.0],[109.03852,30.73284,0.0],[109.0367,30.73043,0.0],[109.03369,30.72946,0.0],[109.03193,30.72973,0.0],[109.03055,30.72897,0.0],[109.02798,30.72696,0.0],[109.0272,30.72555,0.0],[109.02621,30.72558,0.0],[109.02515,30.72637,0.0],[109.01976,30.72373,0.0],[109.01595,30.72175,0.0],[109.01507,30.72179,0.0],[109.01452,30.72097,0.0],[109.01568,30.717,0.0],[109.01542,30.71538,0.0],[109.01491,30.71425,0.0],[109.01559,30.71366,0.0],[109.01715,30.71407,0.0],[109.01745,30.71291,0.0],[109.01884,30.71283,0.0],[109.02105,30.71465,0.0],[109.02398,30.71337,0.0],[109.02538,30.71312,0.0],[109.02604,30.70871,0.0],[109.02375,30.70803,0.0],[109.02309,30.70689,0.0],[109.02282,30.70558,0.0],[109.02052,30.70416,0.0],[109.01876,30.70327,0.0],[109.01752,30.70189,0.0],[109.01549,30.7012,0.0],[109.0147,30.69968,0.0],[109.01383,30.69765,0.0],[109.01398,30.69629,0.0],[109.01416,30.6948,0.0],[109.01486,30.69329,0.0],[109.01924,30.69149,0.0],[109.02006,30.68992,0.0],[109.02028,30.68837,0.0],[109.02033,30.68723,0.0],[109.01984,30.68211,0.0],[109.01392,30.67872,0.0],[109.01309,30.67659,0.0],[109.01813,30.67309,0.0],[109.0184,30.67064,0.0],[109.02008,30.66619,0.0],[109.01609,30.66283,0.0],[109.01551,30.65965,0.0],[109.01311,30.65767,0.0],[109.01312,30.65675,0.0],[109.01355,30.65442,0.0],[109.01128,30.65113,0.0],[109.01171,30.65012,0.0],[109.01338,30.64917,0.0],[109.01428,30.64768,0.0],[109.01556,30.64713,0.0],[109.01678,30.64533,0.0],[109.01819,30.64491,0.0],[109.01823,30.64416,0.0],[109.01614,30.64431,0.0],[109.01535,30.64325,0.0],[109.01402,30.64238,0.0],[109.01345,30.64147,0.0],[109.01325,30.63963,0.0],[109.00975,30.63777,0.0],[109.00797,30.63159,0.0],[109.00509,30.62948,0.0],[109.0011,30.62923,0.0],[108.99788,30.63092,0.0],[108.99488,30.63473,0.0],[108.98252,30.62487,0.0],[108.9796,30.62686,0.0],[108.97788,30.63085,0.0],[108.97334,30.63177,0.0],[108.96694,30.62993,0.0],[108.9625,30.62688,0.0],[108.93988,30.60446,0.0],[108.91692,30.59286,0.0],[108.89856,30.57712,0.0],[108.89714,30.579,0.0],[108.89687,30.58152,0.0],[108.89526,30.58588,0.0],[108.89312,30.58954,0.0],[108.88911,30.59502,0.0],[108.88778,30.59708,0.0],[108.88297,30.6028,0.0],[108.87897,30.60714,0.0],[108.87248,30.61146,0.0],[108.86775,30.61654,0.0],[108.86884,30.61779,0.0],[108.86892,30.61861,0.0],[108.86727,30.62052,0.0],[108.86703,30.62096,0.0],[108.86818,30.62158,0.0],[108.86968,30.62142,0.0],[108.87064,30.62113,0.0],[108.87175,30.62153,0.0],[108.87251,30.62253,0.0],[108.87264,30.62375,0.0],[108.87212,30.62542,0.0],[108.87252,30.62657,0.0],[108.87369,30.62675,0.0],[108.87432,30.62788,0.0],[108.87472,30.62876,0.0],[108.87574,30.62878,0.0],[108.87698,30.62837,0.0],[108.87774,30.62859,0.0],[108.878,30.6291,0.0],[108.87755,30.63042,0.0],[108.87798,30.63153,0.0],[108.87945,30.63195,0.0],[108.88044,30.63196,0.0],[108.88305,30.63295,0.0],[108.88441,30.63354,0.0],[108.8836,30.63561,0.0],[108.88367,30.63602,0.0],[108.88444,30.6361,0.0],[108.88616,30.63619,0.0],[108.88701,30.63662,0.0],[108.88777,30.63736,0.0],[108.891,30.63733,0.0],[108.89184,30.63798,0.0],[108.89166,30.63937,0.0],[108.89047,30.64057,0.0],[108.89023,30.64185,0.0],[108.89069,30.64309,0.0],[108.8916,30.64361,0.0],[108.89347,30.6435,0.0],[108.89442,30.64368,0.0],[108.89507,30.64414,0.0],[108.89525,30.64512,0.0],[108.89486,30.64615,0.0],[108.89757,30.64948,0.0],[108.89733,30.6509,0.0],[108.89628,30.65381,0.0],[108.89643,30.65552,0.0],[108.89695,30.65673,0.0],[108.89652,30.65711,0.0],[108.89606,30.65864,0.0],[108.89739,30.65913,0.0],[108.89759,30.65964,0.0],[108.89845,30.66423,0.0],[108.89784,30.66629,0.0],[108.89615,30.66658,0.0],[108.89594,30.66685,0.0],[108.89607,30.66837,0.0],[108.89593,30.67036,0.0],[108.89568,30.67141,0.0],[108.89586,30.67324,0.0],[108.89606,30.67415,0.0],[108.89513,30.67569,0.0],[108.8955,30.67916,0.0],[108.8937,30.68293,0.0],[108.8925,30.68429,0.0],[108.89237,30.68583,0.0],[108.89191,30.68669,0.0],[108.88872,30.68912,0.0],[108.8873,30.68933,0.0],[108.88569,30.68899,0.0],[108.88462,30.68942,0.0],[108.88445,30.69077,0.0],[108.8842,30.69119,0.0],[108.88309,30.69158,0.0],[108.88144,30.68983,0.0],[108.8804,30.68938,0.0],[108.87957,30.68952,0.0],[108.87978,30.69077,0.0],[108.87829,30.69583,0.0],[108.87916,30.69817,0.0],[108.87845,30.69879,0.0],[108.87772,30.6989,0.0],[108.87571,30.69846,0.0],[108.87386,30.69778,0.0],[108.87197,30.69759,0.0],[108.87173,30.69709,0.0],[108.8723,30.69535,0.0],[108.87196,30.69464,0.0],[108.87068,30.69377,0.0],[108.8696,30.69372,0.0],[108.86841,30.69429,0.0],[108.86792,30.69301,0.0],[108.86716,30.69249,0.0],[108.86627,30.69235,0.0],[108.86561,30.69267,0.0],[108.86497,30.69195,0.0],[108.86432,30.69175,0.0],[108.86395,30.69201,0.0],[108.86303,30.69213,0.0],[108.86286,30.69276,0.0],[108.86233,30.69284,0.0],[108.86043,30.69163,0.0],[108.8588,30.69209,0.0],[108.85789,30.69101,0.0],[108.85659,30.69097,0.0],[108.85633,30.69074,0.0],[108.85634,30.69047,0.0],[108.8572,30.68952,0.0],[108.85697,30.68899,0.0],[108.85625,30.68912,0.0],[108.85531,30.6894,0.0],[108.85418,30.6891,0.0],[108.85397,30.68977,0.0],[108.85358,30.68995,0.0],[108.85213,30.68979,0.0],[108.85143,30.69002,0.0],[108.85072,30.6899,0.0],[108.85001,30.69021,0.0],[108.84972,30.68974,0.0],[108.84943,30.68756,0.0],[108.84862,30.68734,0.0],[108.84765,30.68684,0.0],[108.84586,30.68704,0.0],[108.84465,30.68649,0.0],[108.84455,30.68522,0.0],[108.84429,30.68476,0.0],[108.84354,30.68471,0.0],[108.84247,30.68515,0.0],[108.84123,30.6848,0.0],[108.83932,30.68383,0.0],[108.83761,30.68374,0.0],[108.83657,30.68285,0.0],[108.8341,30.68317,0.0],[108.8322,30.68341,0.0],[108.82651,30.68227,0.0],[108.82621,30.68528,0.0],[108.82214,30.68652,0.0],[108.81651,30.69642,0.0],[108.81098,30.69588,0.0],[108.80597,30.6939,0.0],[108.79852,30.69239,0.0],[108.78717,30.6881,0.0],[108.77677,30.68575,0.0],[108.77415,30.68881,0.0],[108.77846,30.69193,0.0],[108.7744,30.698,0.0],[108.77889,30.7026,0.0],[108.78915,30.70874,0.0],[108.78737,30.71158,0.0],[108.78775,30.71616,0.0],[108.78157,30.71727,0.0],[108.77131,30.71643,0.0],[108.7594,30.71493,0.0],[108.75929,30.7195,0.0],[108.76152,30.72019,0.0],[108.75968,30.72265,0.0],[108.76014,30.72542,0.0],[108.76283,30.72504,0.0],[108.76257,30.7272,0.0],[108.75931,30.72853,0.0],[108.75778,30.73216,0.0],[108.76336,30.73625,0.0],[108.76342,30.74515,0.0],[108.75529,30.74378,0.0],[108.75206,30.74214,0.0],[108.74817,30.74422,0.0],[108.74384,30.75242,0.0],[108.74375,30.75641,0.0],[108.74034,30.76567,0.0],[108.74022,30.76898,0.0],[108.73555,30.77859,0.0],[108.74346,30.7856,0.0],[108.73618,30.79061,0.0],[108.73497,30.79271,0.0],[108.73492,30.79618,0.0],[108.73348,30.79983,0.0],[108.73531,30.80798,0.0],[108.7315,30.8134,0.0],[108.72713,30.81841,0.0],[108.72259,30.81815,0.0],[108.71712,30.81858,0.0],[108.71461,30.82022,0.0],[108.71295,30.82202,0.0],[108.71175,30.82114,0.0],[108.7109,30.81805,0.0],[108.70356,30.81577,0.0],[108.6961,30.8132,0.0],[108.69372,30.81829,0.0],[108.69412,30.82542,0.0],[108.69128,30.83055,0.0],[108.68679,30.8327,0.0],[108.68079,30.83818,0.0],[108.6821,30.84341,0.0],[108.68177,30.84674,0.0],[108.67679,30.85351,0.0],[108.66598,30.85611,0.0],[108.66389,30.85937,0.0],[108.66457,30.8631,0.0],[108.66239,30.86494,0.0],[108.66261,30.87086,0.0],[108.65983,30.874,0.0],[108.65385,30.87554,0.0],[108.65645,30.88157,0.0],[108.65149,30.8859,0.0],[108.6488,30.8945,0.0],[108.64454,30.89233,0.0],[108.63718,30.89262,0.0],[108.63413,30.89183,0.0],[108.62978,30.89295,0.0],[108.63167,30.89005,0.0],[108.63271,30.88855,0.0],[108.63049,30.88738,0.0],[108.6322,30.88459,0.0],[108.62024,30.8768,0.0],[108.62293,30.88139,0.0],[108.61714,30.88364,0.0],[108.62018,30.88847,0.0],[108.61782,30.88973,0.0],[108.61962,30.89464,0.0],[108.61782,30.89736,0.0],[108.62082,30.90271,0.0],[108.61782,30.90355,0.0],[108.61985,30.91126,0.0],[108.61803,30.91583,0.0],[108.62005,30.92085,0.0],[108.61848,30.92523,0.0],[108.61942,30.92861,0.0],[108.61543,30.93097,0.0],[108.61308,30.93568,0.0],[108.61172,30.93819,0.0],[108.60602,30.94308,0.0],[108.6033,30.94069,0.0],[108.60079,30.93882,0.0],[108.60056,30.93861,0.0],[108.59565,30.93086,0.0],[108.59181,30.92687,0.0],[108.58958,30.92344,0.0],[108.58287,30.91989,0.0],[108.57644,30.91745,0.0],[108.56209,30.91613,0.0],[108.55114,30.91494,0.0],[108.54582,30.91838,0.0],[108.54595,30.92635,0.0],[108.54296,30.93481,0.0],[108.54152,30.9367,0.0],[108.54269,30.94548,0.0],[108.53673,30.94945,0.0],[108.53483,30.95782,0.0],[108.5282,30.95837,0.0],[108.52895,30.9613,0.0],[108.52326,30.9684,0.0],[108.5219,30.97229,0.0],[108.51901,30.97723,0.0],[108.5193,30.97879,0.0],[108.52883,30.98143,0.0],[108.52916,30.9852,0.0],[108.52861,30.99013,0.0],[108.53161,30.99266,0.0],[108.53453,30.99594,0.0],[108.53122,30.99973,0.0],[108.5188,30.99659,0.0],[108.51181,30.99146,0.0],[108.50997,30.99507,0.0],[108.49954,30.99515,0.0],[108.49611,30.98774,0.0],[108.50141,30.97923,0.0],[108.49081,30.97483,0.0],[108.48278,30.98124,0.0],[108.47705,30.97859,0.0],[108.46947,30.97429,0.0],[108.46,30.97292,0.0],[108.4576,30.96969,0.0],[108.45093,30.96875,0.0],[108.45002,30.9777,0.0],[108.45035,30.98099,0.0],[108.44844,30.98671,0.0],[108.45007,30.99631,0.0],[108.44897,31.00043,0.0],[108.44929,31.00266,0.0],[108.44913,31.00389,0.0],[108.4478,31.00352,0.0],[108.44627,31.00303,0.0],[108.44548,31.00159,0.0],[108.4435,31.00181,0.0],[108.43984,31.00095,0.0],[108.43635,31.00522,0.0],[108.43051,31.00455,0.0],[108.42923,31.00248,0.0],[108.42581,31.00196,0.0],[108.42115,31.00041,0.0],[108.40989,31.00087,0.0]]]]}},{"type":"Feature","properties":{"uesi_id":"CHN_R913069","nbhd_code":"CHN_R913069_159","nbhd_name":"Yuzhong District"},"geometry":{"type":"MultiPolygon","coordinates":[[[[106.47791,29.55148,0.0],[106.47799,29.55232,0.0],[106.48071,29.55255,0.0],[106.48652,29.5536,0.0],[106.48788,29.55422,0.0],[106.48961,29.55452,0.0],[106.49082,29.55524,0.0],[106.49005,29.55717,0.0],[106.49243,29.55786,0.0],[106.496,29.55919,0.0],[106.49901,29.55934,0.0],[106.50808,29.5574,0.0],[106.52236,29.55456,0.0],[106.52865,29.55501,0.0],[106.53266,29.55775,0.0],[106.53562,29.56062,0.0],[106.53854,29.56675,0.0],[106.54022,29.5685,0.0],[106.54255,29.57024,0.0],[106.54711,29.57054,0.0],[106.55476,29.57054,0.0],[106.55988,29.56957,0.0],[106.56601,29.56771,0.0],[106.5689,29.56763,0.0],[106.57254,29.5673,0.0],[106.57752,29.56927,0.0],[106.58058,29.57046,0.0],[106.58347,29.5748,0.0],[106.58565,29.57236,0.0],[106.5883,29.56668,0.0],[106.58446,29.55412,0.0],[106.57714,29.54968,0.0],[106.56808,29.54701,0.0],[106.55625,29.54641,0.0],[106.54697,29.54506,0.0],[106.53749,29.54416,0.0],[106.53229,29.53994,0.0],[106.52831,29.53332,0.0],[106.52824,29.53152,0.0],[106.52375,29.53156,0.0],[106.52322,29.53163,0.0],[106.52312,29.53164,0.0],[106.52253,29.53172,0.0],[106.52331,29.53377,0.0],[106.52161,29.53445,0.0],[106.52125,29.53374,0.0],[106.52033,29.53294,0.0],[106.51756,29.53328,0.0],[106.51667,29.53703,0.0],[106.51492,29.53625,0.0],[106.51494,29.53541,0.0],[106.51429,29.53472,0.0],[106.5142,29.53378,0.0],[106.51501,29.53328,0.0],[106.51437,29.53308,0.0],[106.51476,29.53219,0.0],[106.51568,29.53153,0.0],[106.51544,29.53103,0.0],[106.51381,29.53216,0.0],[106.51304,29.53187,0.0],[106.51014,29.53173,0.0],[106.50978,29.53206,0.0],[106.50723,29.53211,0.0],[106.50712,29.53302,0.0],[106.50534,29.53303,0.0],[106.50511,29.53389,0.0],[106.5041,29.53403,0.0],[106.5038,29.53302,0.0],[106.50261,29.53327,0.0],[106.50251,29.53241,0.0],[106.50263,29.53166,0.0],[106.50227,29.53086,0.0],[106.49976,29.53084,0.0],[106.49864,29.53128,0.0],[106.49649,29.53244,0.0],[106.496,29.53311,0.0],[106.49738,29.53361,0.0],[106.49727,29.53556,0.0],[106.49713,29.53786,0.0],[106.49773,29.53785,0.0],[106.49778,29.53816,0.0],[106.49925,29.53821,0.0],[106.49988,29.53732,0.0],[106.50003,29.53816,0.0],[106.4992,29.53855,0.0],[106.4985,29.53944,0.0],[106.49765,29.53966,0.0],[106.49713,29.54025,0.0],[106.4969,29.54005,0.0],[106.49584,29.54013,0.0],[106.49541,29.54013,0.0],[106.49476,29.54057,0.0],[106.49496,29.54127,0.0],[106.4946,29.54197,0.0],[106.49503,29.54265,0.0],[106.49589,29.5431,0.0],[106.49613,29.54371,0.0],[106.49526,29.54394,0.0],[106.49535,29.54485,0.0],[106.49463,29.54568,0.0],[106.49485,29.54765,0.0],[106.49365,29.54785,0.0],[106.4925,29.54912,0.0],[106.4928,29.54996,0.0],[106.4919,29.5504,0.0],[106.49169,29.54957,0.0],[106.48849,29.55023,0.0],[106.4864,29.54959,0.0],[106.48576,29.54963,0.0],[106.48471,29.55007,0.0],[106.4832,29.55006,0.0],[106.48268,29.55059,0.0],[106.48076,29.55071,0.0],[106.48017,29.55053,0.0],[106.4789,29.55065,0.0],[106.47791,29.55148,0.0]]]]}},{"type":"Feature","properties":{"uesi_id":"CHN_R913069","nbhd_code":"CHN_R913069_160","nbhd_name":"Zhong County"},"geometry":{"type":"MultiPolygon","coordinates":[[[[107.54423,30.20691,0.0],[107.54476,30.21355,0.0],[107.54613,30.22131,0.0],[107.54637,30.22726,0.0],[107.54686,30.23276,0.0],[107.54784,30.23731,0.0],[107.5509,30.24089,0.0],[107.55915,30.24224,0.0],[107.56238,30.24352,0.0],[107.56538,30.24572,0.0],[107.56769,30.25047,0.0],[107.56691,30.25715,0.0],[107.56629,30.26152,0.0],[107.56618,30.2652,0.0],[107.56611,30.27002,0.0],[107.56886,30.27268,0.0],[107.57684,30.27359,0.0],[107.58381,30.27567,0.0],[107.59145,30.28139,0.0],[107.59483,30.2861,0.0],[107.59711,30.29016,0.0],[107.5984,30.29563,0.0],[107.59805,30.3,0.0],[107.59637,30.30418,0.0],[107.59281,30.30796,0.0],[107.58824,30.31269,0.0],[107.5846,30.31441,0.0],[107.57757,30.31715,0.0],[107.5716,30.32008,0.0],[107.56772,30.32227,0.0],[107.56622,30.32461,0.0],[107.56691,30.32848,0.0],[107.56898,30.33392,0.0],[107.5699,30.33688,0.0],[107.57278,30.34252,0.0],[107.57943,30.34966,0.0],[107.58802,30.3588,0.0],[107.59714,30.36792,0.0],[107.60408,30.37574,0.0],[107.61149,30.38193,0.0],[107.61888,30.38767,0.0],[107.62438,30.39254,0.0],[107.62881,30.39699,0.0],[107.63276,30.40283,0.0],[107.63648,30.40937,0.0],[107.64172,30.41425,0.0],[107.64691,30.42441,0.0],[107.64835,30.42712,0.0],[107.64898,30.4294,0.0],[107.65146,30.43161,0.0],[107.6555,30.43332,0.0],[107.66397,30.43925,0.0],[107.67214,30.4445,0.0],[107.68142,30.45063,0.0],[107.68636,30.4546,0.0],[107.69299,30.46104,0.0],[107.69855,30.46729,0.0],[107.70227,30.47359,0.0],[107.70604,30.48105,0.0],[107.71001,30.48711,0.0],[107.71317,30.49298,0.0],[107.71551,30.49795,0.0],[107.71973,30.50355,0.0],[107.72495,30.50797,0.0],[107.73064,30.51077,0.0],[107.73846,30.51374,0.0],[107.74563,30.51374,0.0],[107.75435,30.513,0.0],[107.7606,30.51028,0.0],[107.76822,30.50842,0.0],[107.7756,30.50727,0.0],[107.78133,30.50479,0.0],[107.78906,30.49972,0.0],[107.79332,30.49385,0.0],[107.79741,30.49028,0.0],[107.80095,30.48626,0.0],[107.80507,30.48338,0.0],[107.80657,30.48473,0.0],[107.80796,30.48741,0.0],[107.8079,30.49022,0.0],[107.81198,30.4949,0.0],[107.80881,30.49764,0.0],[107.81458,30.49954,0.0],[107.81361,30.51807,0.0],[107.80964,30.52035,0.0],[107.81217,30.52591,0.0],[107.81307,30.5313,0.0],[107.81348,30.54083,0.0],[107.81721,30.5483,0.0],[107.81603,30.55852,0.0],[107.82389,30.56386,0.0],[107.83611,30.56377,0.0],[107.84322,30.56505,0.0],[107.8535,30.56677,0.0],[107.85832,30.56241,0.0],[107.86373,30.55671,0.0],[107.86738,30.55521,0.0],[107.87336,30.56049,0.0],[107.87883,30.55531,0.0],[107.87754,30.54756,0.0],[107.87894,30.54055,0.0],[107.87733,30.53423,0.0],[107.87898,30.52937,0.0],[107.88255,30.51975,0.0],[107.88321,30.51588,0.0],[107.88151,30.5137,0.0],[107.88641,30.50973,0.0],[107.89381,30.50562,0.0],[107.89727,30.50554,0.0],[107.89805,30.5074,0.0],[107.90343,30.50657,0.0],[107.90795,30.50279,0.0],[107.91107,30.49821,0.0],[107.91404,30.49659,0.0],[107.91608,30.49653,0.0],[107.91743,30.49817,0.0],[107.91889,30.49737,0.0],[107.92082,30.49671,0.0],[107.92235,30.49477,0.0],[107.9234,30.49399,0.0],[107.92466,30.49369,0.0],[107.92528,30.4931,0.0],[107.92554,30.49199,0.0],[107.92651,30.49086,0.0],[107.93518,30.48869,0.0],[107.93817,30.49471,0.0],[107.93913,30.50086,0.0],[107.94183,30.50457,0.0],[107.94391,30.50954,0.0],[107.94866,30.51598,0.0],[107.94722,30.52435,0.0],[107.95071,30.53111,0.0],[107.95161,30.5336,0.0],[107.95464,30.53603,0.0],[107.95896,30.53749,0.0],[107.96265,30.53713,0.0],[107.96678,30.53447,0.0],[107.97256,30.53313,0.0],[107.9763,30.53346,0.0],[107.98228,30.5367,0.0],[107.98579,30.53819,0.0],[107.99014,30.54034,0.0],[107.99473,30.54201,0.0],[107.99741,30.54261,0.0],[108.0,30.54742,0.0],[108.00568,30.55,0.0],[108.01015,30.55326,0.0],[108.01623,30.55561,0.0],[108.022,30.56118,0.0],[108.02567,30.56603,0.0],[108.02824,30.57271,0.0],[108.02896,30.57913,0.0],[108.03294,30.57986,0.0],[108.04037,30.58085,0.0],[108.04913,30.5814,0.0],[108.06767,30.58525,0.0],[108.07723,30.58626,0.0],[108.08679,30.58612,0.0],[108.09212,30.5848,0.0],[108.09849,30.58577,0.0],[108.10831,30.5861,0.0],[108.11308,30.58752,0.0],[108.11573,30.58846,0.0],[108.11734,30.58664,0.0],[108.11684,30.58365,0.0],[108.11581,30.58112,0.0],[108.11902,30.57932,0.0],[108.12222,30.57866,0.0],[108.12888,30.57597,0.0],[108.13449,30.5735,0.0],[108.13904,30.57079,0.0],[108.14092,30.56828,0.0],[108.14285,30.56234,0.0],[108.1429,30.55752,0.0],[108.14243,30.55224,0.0],[108.14221,30.54765,0.0],[108.14199,30.54352,0.0],[108.14523,30.53942,0.0],[108.15219,30.53375,0.0],[108.15646,30.53173,0.0],[108.16097,30.53223,0.0],[108.16652,30.53434,0.0],[108.16996,30.53575,0.0],[108.17262,30.53554,0.0],[108.17397,30.5328,0.0],[108.17775,30.52756,0.0],[108.18232,30.52187,0.0],[108.18661,30.51732,0.0],[108.19089,30.51529,0.0],[108.19386,30.50981,0.0],[108.19786,30.50801,0.0],[108.20239,30.50645,0.0],[108.20559,30.50533,0.0],[108.20853,30.50283,0.0],[108.2091,30.49939,0.0],[108.21208,30.49346,0.0],[108.21317,30.49163,0.0],[108.2164,30.48616,0.0],[108.21752,30.48043,0.0],[108.21969,30.4761,0.0],[108.22321,30.46924,0.0],[108.22672,30.464,0.0],[108.2289,30.4576,0.0],[108.22711,30.45093,0.0],[108.21508,30.43386,0.0],[108.21274,30.42925,0.0],[108.21279,30.42374,0.0],[108.21361,30.42169,0.0],[108.21627,30.42046,0.0],[108.2065,30.41192,0.0],[108.19566,30.41152,0.0],[108.1803,30.41621,0.0],[108.16817,30.41245,0.0],[108.15348,30.40501,0.0],[108.14419,30.39346,0.0],[108.14046,30.38238,0.0],[108.13217,30.36744,0.0],[108.11932,30.3621,0.0],[108.08926,30.35935,0.0],[108.08489,30.35597,0.0],[108.0838,30.35039,0.0],[108.08817,30.34316,0.0],[108.10938,30.33562,0.0],[108.11442,30.33498,0.0],[108.12105,30.33435,0.0],[108.12848,30.33374,0.0],[108.13675,30.33606,0.0],[108.1473,30.33949,0.0],[108.15691,30.33719,0.0],[108.16035,30.32737,0.0],[108.1625,30.32395,0.0],[108.15968,30.32243,0.0],[108.15838,30.32066,0.0],[108.15156,30.31108,0.0],[108.14743,30.30789,0.0],[108.14502,30.30416,0.0],[108.1401,30.30321,0.0],[108.13848,30.30222,0.0],[108.13549,30.30185,0.0],[108.13127,30.30089,0.0],[108.1297,30.30016,0.0],[108.12649,30.30065,0.0],[108.12476,30.29949,0.0],[108.12226,30.29696,0.0],[108.12521,30.29449,0.0],[108.12656,30.29129,0.0],[108.13061,30.28491,0.0],[108.13435,30.28173,0.0],[108.13627,30.27624,0.0],[108.13657,30.27304,0.0],[108.13634,30.26959,0.0],[108.13425,30.26705,0.0],[108.13189,30.26497,0.0],[108.12794,30.26333,0.0],[108.12559,30.26055,0.0],[108.12508,30.25802,0.0],[108.1238,30.25411,0.0],[108.12279,30.25021,0.0],[108.12178,30.24584,0.0],[108.12101,30.24331,0.0],[108.11998,30.24101,0.0],[108.11729,30.24465,0.0],[108.11541,30.24716,0.0],[108.11378,30.24989,0.0],[108.11217,30.25286,0.0],[108.10871,30.25374,0.0],[108.10608,30.25234,0.0],[108.10239,30.25047,0.0],[108.0995,30.24907,0.0],[108.09634,30.24698,0.0],[108.09399,30.24489,0.0],[108.0919,30.24212,0.0],[108.09354,30.23732,0.0],[108.0957,30.23413,0.0],[108.09679,30.23093,0.0],[108.09842,30.22773,0.0],[108.10083,30.22523,0.0],[108.10349,30.22365,0.0],[108.10799,30.2237,0.0],[108.1109,30.22418,0.0],[108.11512,30.22537,0.0],[108.11802,30.22654,0.0],[108.12121,30.22565,0.0],[108.12203,30.22314,0.0],[108.12154,30.22015,0.0],[108.11971,30.21807,0.0],[108.11868,30.21577,0.0],[108.12319,30.21398,0.0],[108.12769,30.21379,0.0],[108.13168,30.21291,0.0],[108.13432,30.2127,0.0],[108.13648,30.20882,0.0],[108.13359,30.20696,0.0],[108.13095,30.20625,0.0],[108.12884,30.206,0.0],[108.12618,30.20667,0.0],[108.12247,30.20686,0.0],[108.11611,30.20795,0.0],[108.11187,30.20882,0.0],[108.10815,30.21016,0.0],[108.10549,30.21106,0.0],[108.10179,30.21079,0.0],[108.09915,30.20985,0.0],[108.09652,30.20868,0.0],[108.0939,30.20613,0.0],[108.0913,30.20198,0.0],[108.09003,30.19738,0.0],[108.08796,30.19392,0.0],[108.08562,30.18977,0.0],[108.08381,30.18677,0.0],[108.08014,30.1833,0.0],[108.07568,30.18004,0.0],[108.07203,30.17588,0.0],[108.06968,30.17288,0.0],[108.06524,30.16802,0.0],[108.06102,30.16683,0.0],[108.05759,30.16565,0.0],[108.05577,30.16357,0.0],[108.0579,30.16221,0.0],[108.06349,30.15929,0.0],[108.07015,30.15499,0.0],[108.07362,30.15227,0.0],[108.07841,30.14957,0.0],[108.08138,30.14547,0.0],[108.0838,30.14159,0.0],[108.08489,30.13839,0.0],[108.08547,30.13427,0.0],[108.0863,30.13107,0.0],[108.08661,30.1274,0.0],[108.08507,30.12349,0.0],[108.08353,30.11843,0.0],[108.08173,30.11451,0.0],[108.07785,30.10759,0.0],[108.0742,30.10297,0.0],[108.06976,30.09811,0.0],[108.06585,30.09349,0.0],[108.06194,30.08886,0.0],[108.05775,30.08561,0.0],[108.05541,30.08169,0.0],[108.0528,30.07914,0.0],[108.04835,30.07612,0.0],[108.04362,30.07378,0.0],[108.03992,30.07351,0.0],[108.03356,30.07436,0.0],[108.02904,30.0773,0.0],[108.02478,30.07932,0.0],[108.02343,30.08183,0.0],[108.01997,30.08409,0.0],[108.01708,30.08223,0.0],[108.01397,30.07715,0.0],[108.0106,30.07207,0.0],[108.00854,30.06723,0.0],[108.00597,30.0617,0.0],[108.00415,30.05893,0.0],[108.0,30.05384,0.0],[107.99715,30.05098,0.0],[107.98637,30.05204,0.0],[107.97891,30.05068,0.0],[107.9684,30.05173,0.0],[107.95926,30.0541,0.0],[107.94992,30.05786,0.0],[107.93955,30.06233,0.0],[107.93132,30.0672,0.0],[107.92502,30.07692,0.0],[107.92142,30.07648,0.0],[107.91367,30.08614,0.0],[107.90776,30.09598,0.0],[107.90331,30.10301,0.0],[107.89693,30.10804,0.0],[107.89033,30.10803,0.0],[107.8826,30.10668,0.0],[107.87384,30.10582,0.0],[107.86771,30.10442,0.0],[107.85865,30.10885,0.0],[107.85359,30.11406,0.0],[107.84721,30.11932,0.0],[107.84018,30.12161,0.0],[107.83508,30.11971,0.0],[107.82806,30.1165,0.0],[107.82061,30.11514,0.0],[107.81614,30.11575,0.0],[107.812,30.11771,0.0],[107.81006,30.12168,0.0],[107.81088,30.12853,0.0],[107.81059,30.13405,0.0],[107.81208,30.1379,0.0],[107.81548,30.14307,0.0],[107.82232,30.14858,0.0],[107.82818,30.1555,0.0],[107.83022,30.15979,0.0],[107.83121,30.16435,0.0],[107.82985,30.16967,0.0],[107.8261,30.17461,0.0],[107.81866,30.1799,0.0],[107.81295,30.18238,0.0],[107.80589,30.18444,0.0],[107.80179,30.18733,0.0],[107.79037,30.19229,0.0],[107.7792,30.19701,0.0],[107.76385,30.20301,0.0],[107.75848,30.20731,0.0],[107.75758,30.21101,0.0],[107.75668,30.22067,0.0],[107.75665,30.22641,0.0],[107.75502,30.23151,0.0],[107.75229,30.23573,0.0],[107.74917,30.23698,0.0],[107.74253,30.2365,0.0],[107.73746,30.23529,0.0],[107.73079,30.23412,0.0],[107.72253,30.23278,0.0],[107.71905,30.23174,0.0],[107.71423,30.23052,0.0],[107.70949,30.2309,0.0],[107.70454,30.23289,0.0],[107.69968,30.23672,0.0],[107.695,30.2387,0.0],[107.68946,30.2391,0.0],[107.68626,30.23852,0.0],[107.68223,30.23704,0.0],[107.67875,30.236,0.0],[107.67469,30.23384,0.0],[107.67178,30.2337,0.0],[107.66863,30.23448,0.0],[107.66692,30.23798,0.0],[107.66665,30.24395,0.0],[107.66691,30.25014,0.0],[107.66848,30.25605,0.0],[107.66866,30.26041,0.0],[107.6675,30.26434,0.0],[107.66344,30.26837,0.0],[107.65945,30.26804,0.0],[107.6562,30.26607,0.0],[107.65307,30.2609,0.0],[107.65202,30.25474,0.0],[107.65037,30.24699,0.0],[107.64715,30.23952,0.0],[107.64539,30.23544,0.0],[107.64579,30.23074,0.0],[107.64457,30.22923,0.0],[107.64412,30.22789,0.0],[107.64218,30.22809,0.0],[107.64043,30.22663,0.0],[107.64025,30.22623,0.0],[107.64029,30.22541,0.0],[107.63773,30.22443,0.0],[107.63298,30.22457,0.0],[107.63258,30.22446,0.0],[107.63263,30.22388,0.0],[107.63242,30.22348,0.0],[107.63268,30.22273,0.0],[107.63271,30.22169,0.0],[107.63303,30.22121,0.0],[107.633,30.2209,0.0],[107.63259,30.22068,0.0],[107.63166,30.22096,0.0],[107.63149,30.22029,0.0],[107.63051,30.21949,0.0],[107.63043,30.21858,0.0],[107.62981,30.2181,0.0],[107.6299,30.21734,0.0],[107.62917,30.21703,0.0],[107.62847,30.21626,0.0],[107.62752,30.21596,0.0],[107.6266,30.21599,0.0],[107.62478,30.21524,0.0],[107.62536,30.21288,0.0],[107.62511,30.21256,0.0],[107.62493,30.21229,0.0],[107.62554,30.21154,0.0],[107.625,30.21158,0.0],[107.62449,30.212,0.0],[107.62328,30.21156,0.0],[107.62291,30.21049,0.0],[107.62313,30.21016,0.0],[107.62225,30.20876,0.0],[107.62086,30.20797,0.0],[107.62037,30.20795,0.0],[107.61908,30.20757,0.0],[107.61829,30.20762,0.0],[107.61791,30.20742,0.0],[107.61803,30.20658,0.0],[107.61769,30.20558,0.0],[107.61512,30.20694,0.0],[107.61483,30.20691,0.0],[107.61592,30.20487,0.0],[107.61578,30.20436,0.0],[107.61679,30.20405,0.0],[107.61675,30.20316,0.0],[107.61528,30.20361,0.0],[107.61436,30.20339,0.0],[107.61281,30.20419,0.0],[107.6073,30.2036,0.0],[107.60459,30.20208,0.0],[107.60217,30.201,0.0],[107.59637,30.20164,0.0],[107.59003,30.20184,0.0],[107.58371,30.20226,0.0],[107.57897,30.20287,0.0],[107.57458,30.2053,0.0],[107.57023,30.20887,0.0],[107.56714,30.21103,0.0],[107.56073,30.20962,0.0],[107.55556,30.20611,0.0],[107.54913,30.20401,0.0],[107.54597,30.20434,0.0],[107.54423,30.20691,0.0]]]]}}]}