{"type":"FeatureCollection","name":"CHN_R912999","crs":{"type":"name","properties":{"name":"urn:ogc:def:crs:OGC:1.3:CRS84"}},"features":[{"type":"Feature","properties":{"uesi_id":"CHN_R912999","nbhd_code":"CHN_R912999_123","nbhd_name":"Baodi District"},"geometry":{"type":"MultiPolygon","coordinates":[[[[117.14052,39.61307,0.0],[117.14342,39.61531,0.0],[117.14158,39.6212,0.0],[117.14641,39.62225,0.0],[117.14594,39.62453,0.0],[117.14786,39.62475,0.0],[117.14729,39.62512,0.0],[117.14591,39.62588,0.0],[117.14413,39.62723,0.0],[117.14455,39.62947,0.0],[117.14808,39.62943,0.0],[117.14869,39.62982,0.0],[117.15147,39.63509,0.0],[117.15313,39.6353,0.0],[117.15384,39.63503,0.0],[117.1565,39.63472,0.0],[117.16186,39.63491,0.0],[117.16184,39.63515,0.0],[117.16647,39.63519,0.0],[117.16678,39.63984,0.0],[117.16803,39.64007,0.0],[117.16809,39.64126,0.0],[117.17166,39.64169,0.0],[117.17147,39.64427,0.0],[117.16762,39.64488,0.0],[117.16687,39.64515,0.0],[117.165,39.64543,0.0],[117.16287,39.64682,0.0],[117.1631,39.65047,0.0],[117.16019,39.65015,0.0],[117.16022,39.65156,0.0],[117.15778,39.65039,0.0],[117.15782,39.65271,0.0],[117.15694,39.65271,0.0],[117.15698,39.65408,0.0],[117.15667,39.65411,0.0],[117.15669,39.65522,0.0],[117.15695,39.6552,0.0],[117.15726,39.65745,0.0],[117.15667,39.65746,0.0],[117.15691,39.65868,0.0],[117.15573,39.65869,0.0],[117.15545,39.65734,0.0],[117.15456,39.65737,0.0],[117.15478,39.65901,0.0],[117.15323,39.65923,0.0],[117.15313,39.65984,0.0],[117.1527,39.65986,0.0],[117.15245,39.66274,0.0],[117.15372,39.66271,0.0],[117.15337,39.66546,0.0],[117.15356,39.66563,0.0],[117.15575,39.66564,0.0],[117.15654,39.66548,0.0],[117.15841,39.66536,0.0],[117.15841,39.66778,0.0],[117.16034,39.66843,0.0],[117.16,39.67161,0.0],[117.16238,39.67195,0.0],[117.16391,39.67201,0.0],[117.16253,39.68099,0.0],[117.16193,39.68103,0.0],[117.16157,39.68226,0.0],[117.16215,39.68226,0.0],[117.1615,39.68555,0.0],[117.16371,39.68585,0.0],[117.1634,39.68785,0.0],[117.16419,39.68788,0.0],[117.16323,39.69696,0.0],[117.16452,39.69745,0.0],[117.1651,39.69989,0.0],[117.16398,39.70025,0.0],[117.16275,39.70128,0.0],[117.16284,39.70216,0.0],[117.16238,39.70218,0.0],[117.16244,39.70283,0.0],[117.1644,39.70302,0.0],[117.1639,39.70378,0.0],[117.16236,39.70371,0.0],[117.16222,39.70688,0.0],[117.16447,39.70697,0.0],[117.16289,39.71213,0.0],[117.16049,39.71198,0.0],[117.16049,39.71083,0.0],[117.15809,39.71051,0.0],[117.15739,39.71445,0.0],[117.15897,39.7149,0.0],[117.15936,39.71546,0.0],[117.15949,39.71616,0.0],[117.16297,39.71616,0.0],[117.16254,39.71832,0.0],[117.15825,39.71755,0.0],[117.15795,39.71904,0.0],[117.15452,39.71948,0.0],[117.15447,39.72079,0.0],[117.15111,39.72087,0.0],[117.15114,39.72133,0.0],[117.15274,39.72166,0.0],[117.1526,39.72203,0.0],[117.14696,39.72142,0.0],[117.14686,39.72263,0.0],[117.14911,39.72787,0.0],[117.14713,39.72856,0.0],[117.1482,39.73061,0.0],[117.1481,39.73123,0.0],[117.14771,39.73142,0.0],[117.14773,39.73227,0.0],[117.14688,39.73215,0.0],[117.14746,39.73495,0.0],[117.1543,39.73518,0.0],[117.15382,39.73687,0.0],[117.15415,39.73734,0.0],[117.15416,39.73764,0.0],[117.15484,39.73764,0.0],[117.15694,39.73699,0.0],[117.15741,39.73667,0.0],[117.15793,39.73589,0.0],[117.15833,39.7357,0.0],[117.15899,39.73563,0.0],[117.15924,39.73578,0.0],[117.15994,39.73662,0.0],[117.15927,39.73739,0.0],[117.15876,39.73915,0.0],[117.15791,39.74133,0.0],[117.15626,39.7435,0.0],[117.15585,39.74472,0.0],[117.15564,39.74673,0.0],[117.15675,39.74854,0.0],[117.15728,39.74849,0.0],[117.15805,39.74909,0.0],[117.15862,39.74917,0.0],[117.15996,39.74845,0.0],[117.16109,39.74823,0.0],[117.16311,39.74894,0.0],[117.16312,39.74917,0.0],[117.16673,39.75046,0.0],[117.17003,39.75083,0.0],[117.17156,39.75051,0.0],[117.17509,39.75087,0.0],[117.17856,39.7506,0.0],[117.17868,39.7513,0.0],[117.17909,39.75148,0.0],[117.18074,39.75449,0.0],[117.18659,39.75365,0.0],[117.18874,39.75856,0.0],[117.19159,39.75777,0.0],[117.19197,39.75892,0.0],[117.19553,39.75863,0.0],[117.19971,39.76254,0.0],[117.1938,39.76722,0.0],[117.1925,39.76884,0.0],[117.19253,39.77065,0.0],[117.19116,39.77067,0.0],[117.19097,39.77039,0.0],[117.18786,39.77323,0.0],[117.1825,39.77642,0.0],[117.17869,39.77788,0.0],[117.17628,39.77963,0.0],[117.17624,39.78054,0.0],[117.17549,39.78049,0.0],[117.17437,39.78118,0.0],[117.17436,39.78466,0.0],[117.17386,39.78539,0.0],[117.17253,39.79406,0.0],[117.17036,39.79399,0.0],[117.17028,39.79454,0.0],[117.16953,39.7946,0.0],[117.16928,39.79617,0.0],[117.16571,39.79581,0.0],[117.165,39.7986,0.0],[117.16159,39.79831,0.0],[117.15963,39.79537,0.0],[117.15797,39.79703,0.0],[117.1563,39.79738,0.0],[117.15543,39.79572,0.0],[117.15135,39.79569,0.0],[117.15081,39.80112,0.0],[117.15164,39.80115,0.0],[117.15102,39.80524,0.0],[117.15393,39.80508,0.0],[117.15393,39.80569,0.0],[117.15531,39.80569,0.0],[117.1511,39.81381,0.0],[117.15015,39.81604,0.0],[117.15139,39.81643,0.0],[117.15164,39.81806,0.0],[117.15277,39.81831,0.0],[117.15277,39.82058,0.0],[117.15626,39.81633,0.0],[117.15859,39.81758,0.0],[117.16105,39.81812,0.0],[117.16091,39.82241,0.0],[117.16469,39.82268,0.0],[117.16489,39.82297,0.0],[117.17456,39.82355,0.0],[117.17498,39.82416,0.0],[117.18434,39.82503,0.0],[117.18519,39.82385,0.0],[117.18765,39.82431,0.0],[117.18888,39.82416,0.0],[117.18817,39.82665,0.0],[117.18695,39.82952,0.0],[117.1866,39.82955,0.0],[117.18593,39.83175,0.0],[117.18857,39.83202,0.0],[117.19019,39.83239,0.0],[117.19149,39.83248,0.0],[117.19254,39.833,0.0],[117.19364,39.83325,0.0],[117.19442,39.83125,0.0],[117.2012,39.83366,0.0],[117.20225,39.83008,0.0],[117.20404,39.83079,0.0],[117.20611,39.83096,0.0],[117.2087,39.83075,0.0],[117.21392,39.82922,0.0],[117.21457,39.82587,0.0],[117.21807,39.82722,0.0],[117.22001,39.82965,0.0],[117.22126,39.83031,0.0],[117.22743,39.83228,0.0],[117.22956,39.83254,0.0],[117.23193,39.83246,0.0],[117.24363,39.83018,0.0],[117.25078,39.82893,0.0],[117.25098,39.82895,0.0],[117.25129,39.8289,0.0],[117.25169,39.8288,0.0],[117.25208,39.82866,0.0],[117.25226,39.82849,0.0],[117.25251,39.82822,0.0],[117.25275,39.82805,0.0],[117.25301,39.82795,0.0],[117.2532,39.8279,0.0],[117.25343,39.82789,0.0],[117.25366,39.82792,0.0],[117.25396,39.82803,0.0],[117.25429,39.82818,0.0],[117.25454,39.8283,0.0],[117.25476,39.82834,0.0],[117.25499,39.82834,0.0],[117.25518,39.8283,0.0],[117.25534,39.82821,0.0],[117.25554,39.82801,0.0],[117.25584,39.82769,0.0],[117.25608,39.82748,0.0],[117.25635,39.82731,0.0],[117.25666,39.82714,0.0],[117.2573,39.82669,0.0],[117.25784,39.82632,0.0],[117.25825,39.82615,0.0],[117.25869,39.82599,0.0],[117.25913,39.8259,0.0],[117.25952,39.82585,0.0],[117.25987,39.82588,0.0],[117.26013,39.82601,0.0],[117.26026,39.82618,0.0],[117.2605,39.82667,0.0],[117.26067,39.82685,0.0],[117.26087,39.82701,0.0],[117.26112,39.82715,0.0],[117.26142,39.82724,0.0],[117.26196,39.82736,0.0],[117.26224,39.82746,0.0],[117.26246,39.82751,0.0],[117.26263,39.82752,0.0],[117.26289,39.8275,0.0],[117.26306,39.82741,0.0],[117.26329,39.82721,0.0],[117.26352,39.82705,0.0],[117.26384,39.82692,0.0],[117.26425,39.82668,0.0],[117.26453,39.82647,0.0],[117.26484,39.82612,0.0],[117.26513,39.82576,0.0],[117.26549,39.82542,0.0],[117.26633,39.82462,0.0],[117.26689,39.82418,0.0],[117.26731,39.8239,0.0],[117.26773,39.82371,0.0],[117.26811,39.82363,0.0],[117.26839,39.82359,0.0],[117.26866,39.82361,0.0],[117.26881,39.82368,0.0],[117.26896,39.82377,0.0],[117.26941,39.82389,0.0],[117.27006,39.82403,0.0],[117.27045,39.82409,0.0],[117.27079,39.82423,0.0],[117.27121,39.82437,0.0],[117.27153,39.82444,0.0],[117.27171,39.82446,0.0],[117.27193,39.82445,0.0],[117.27213,39.82439,0.0],[117.27232,39.82428,0.0],[117.27259,39.82405,0.0],[117.27312,39.82361,0.0],[117.27353,39.82325,0.0],[117.274,39.82288,0.0],[117.27444,39.82249,0.0],[117.27466,39.82226,0.0],[117.27494,39.82203,0.0],[117.27516,39.82189,0.0],[117.27544,39.82179,0.0],[117.27574,39.82172,0.0],[117.27607,39.82161,0.0],[117.27644,39.82143,0.0],[117.27712,39.82108,0.0],[117.27756,39.82081,0.0],[117.27784,39.82059,0.0],[117.27804,39.82035,0.0],[117.27835,39.81994,0.0],[117.27865,39.81963,0.0],[117.27915,39.81915,0.0],[117.2796,39.81871,0.0],[117.27993,39.81833,0.0],[117.2801,39.81809,0.0],[117.28016,39.81791,0.0],[117.28015,39.81773,0.0],[117.28005,39.81749,0.0],[117.27985,39.81724,0.0],[117.27951,39.81693,0.0],[117.27911,39.81656,0.0],[117.27894,39.81632,0.0],[117.27867,39.81609,0.0],[117.27843,39.81583,0.0],[117.27834,39.81568,0.0],[117.2783,39.81551,0.0],[117.27833,39.8154,0.0],[117.27842,39.8153,0.0],[117.27852,39.81528,0.0],[117.27872,39.81525,0.0],[117.27888,39.81516,0.0],[117.27906,39.81494,0.0],[117.2792,39.81465,0.0],[117.27926,39.81438,0.0],[117.27929,39.814,0.0],[117.27928,39.81362,0.0],[117.27922,39.81286,0.0],[117.27921,39.81234,0.0],[117.27922,39.81204,0.0],[117.27931,39.8118,0.0],[117.27942,39.81167,0.0],[117.2796,39.81158,0.0],[117.27977,39.81154,0.0],[117.28007,39.81155,0.0],[117.2803,39.81161,0.0],[117.28058,39.81174,0.0],[117.28107,39.81202,0.0],[117.28174,39.81248,0.0],[117.28219,39.81271,0.0],[117.28248,39.81284,0.0],[117.28274,39.81292,0.0],[117.28294,39.81294,0.0],[117.28318,39.81292,0.0],[117.28335,39.81288,0.0],[117.28352,39.81277,0.0],[117.28368,39.81257,0.0],[117.28382,39.81233,0.0],[117.28391,39.81207,0.0],[117.28402,39.81166,0.0],[117.28412,39.81141,0.0],[117.28421,39.81128,0.0],[117.2843,39.8112,0.0],[117.28443,39.81114,0.0],[117.28456,39.81111,0.0],[117.28472,39.81112,0.0],[117.285,39.81122,0.0],[117.28544,39.81142,0.0],[117.28595,39.81172,0.0],[117.28628,39.81185,0.0],[117.28656,39.81194,0.0],[117.28687,39.81199,0.0],[117.28707,39.81199,0.0],[117.28724,39.81196,0.0],[117.28739,39.81189,0.0],[117.2875,39.81181,0.0],[117.28758,39.81167,0.0],[117.28767,39.81142,0.0],[117.2878,39.81095,0.0],[117.28796,39.81052,0.0],[117.28816,39.8102,0.0],[117.28836,39.81,0.0],[117.2886,39.80985,0.0],[117.28879,39.80978,0.0],[117.289,39.80979,0.0],[117.28926,39.80982,0.0],[117.2895,39.80996,0.0],[117.28968,39.81014,0.0],[117.28987,39.81043,0.0],[117.2901,39.81071,0.0],[117.29061,39.81113,0.0],[117.29109,39.8114,0.0],[117.2914,39.81152,0.0],[117.29164,39.81153,0.0],[117.2918,39.81149,0.0],[117.29192,39.81139,0.0],[117.29201,39.81122,0.0],[117.29207,39.81098,0.0],[117.29208,39.81068,0.0],[117.29199,39.81035,0.0],[117.29183,39.80996,0.0],[117.29176,39.80955,0.0],[117.29172,39.80916,0.0],[117.29175,39.80864,0.0],[117.29183,39.80826,0.0],[117.29197,39.80788,0.0],[117.29227,39.80737,0.0],[117.29283,39.80656,0.0],[117.29355,39.80557,0.0],[117.29402,39.80502,0.0],[117.29449,39.8046,0.0],[117.29493,39.80429,0.0],[117.29527,39.80413,0.0],[117.29561,39.80402,0.0],[117.29583,39.804,0.0],[117.29601,39.80401,0.0],[117.29621,39.80408,0.0],[117.29634,39.80419,0.0],[117.29644,39.80433,0.0],[117.2966,39.80469,0.0],[117.29682,39.8051,0.0],[117.29703,39.80536,0.0],[117.29718,39.80551,0.0],[117.29733,39.80555,0.0],[117.29752,39.80559,0.0],[117.29773,39.80555,0.0],[117.29791,39.80549,0.0],[117.29805,39.8054,0.0],[117.29817,39.80522,0.0],[117.29827,39.80508,0.0],[117.29843,39.80494,0.0],[117.29856,39.80489,0.0],[117.29884,39.80489,0.0],[117.29899,39.80492,0.0],[117.29921,39.80489,0.0],[117.29941,39.8049,0.0],[117.29953,39.80496,0.0],[117.29964,39.80506,0.0],[117.29969,39.80522,0.0],[117.29969,39.8054,0.0],[117.29962,39.8057,0.0],[117.29946,39.80633,0.0],[117.29945,39.80665,0.0],[117.29949,39.80686,0.0],[117.29961,39.80702,0.0],[117.29979,39.80711,0.0],[117.3,39.80715,0.0],[117.3002,39.80713,0.0],[117.30045,39.80704,0.0],[117.30068,39.80689,0.0],[117.30097,39.80671,0.0],[117.3013,39.80659,0.0],[117.30163,39.8065,0.0],[117.30198,39.80649,0.0],[117.30226,39.8065,0.0],[117.30248,39.80653,0.0],[117.30277,39.80656,0.0],[117.30304,39.80652,0.0],[117.3035,39.80643,0.0],[117.30396,39.80627,0.0],[117.30435,39.80611,0.0],[117.30471,39.80601,0.0],[117.30505,39.80596,0.0],[117.30532,39.80597,0.0],[117.30558,39.806,0.0],[117.30588,39.80608,0.0],[117.3062,39.80611,0.0],[117.30672,39.80609,0.0],[117.30717,39.80602,0.0],[117.30757,39.80592,0.0],[117.30799,39.80577,0.0],[117.30841,39.80553,0.0],[117.30903,39.80511,0.0],[117.30981,39.80461,0.0],[117.3103,39.80436,0.0],[117.31073,39.8042,0.0],[117.31118,39.80411,0.0],[117.3115,39.80411,0.0],[117.3119,39.80408,0.0],[117.31233,39.80398,0.0],[117.31273,39.80382,0.0],[117.31301,39.80364,0.0],[117.31331,39.80337,0.0],[117.31369,39.80293,0.0],[117.3142,39.8023,0.0],[117.31472,39.8018,0.0],[117.31524,39.80128,0.0],[117.31534,39.80116,0.0],[117.31542,39.80099,0.0],[117.31543,39.80081,0.0],[117.31544,39.8007,0.0],[117.31538,39.80059,0.0],[117.31529,39.8005,0.0],[117.31494,39.80031,0.0],[117.31435,39.80007,0.0],[117.31302,39.79964,0.0],[117.3128,39.79953,0.0],[117.31256,39.79937,0.0],[117.3125,39.79922,0.0],[117.31253,39.79908,0.0],[117.31261,39.79896,0.0],[117.31286,39.79877,0.0],[117.31328,39.79847,0.0],[117.31364,39.7981,0.0],[117.31382,39.79779,0.0],[117.31386,39.79756,0.0],[117.31384,39.79737,0.0],[117.3138,39.79718,0.0],[117.31378,39.79701,0.0],[117.31384,39.79683,0.0],[117.31402,39.7965,0.0],[117.31417,39.79631,0.0],[117.31438,39.79625,0.0],[117.3148,39.79615,0.0],[117.31522,39.79607,0.0],[117.31558,39.79594,0.0],[117.3159,39.79573,0.0],[117.31609,39.79552,0.0],[117.31624,39.7952,0.0],[117.31627,39.79494,0.0],[117.31623,39.79444,0.0],[117.31627,39.79367,0.0],[117.31635,39.79319,0.0],[117.31644,39.79283,0.0],[117.31659,39.79249,0.0],[117.31673,39.79227,0.0],[117.31696,39.79209,0.0],[117.31729,39.79199,0.0],[117.31767,39.79197,0.0],[117.31849,39.79197,0.0],[117.31946,39.79189,0.0],[117.32008,39.79179,0.0],[117.32033,39.79174,0.0],[117.32068,39.7916,0.0],[117.32092,39.79138,0.0],[117.32116,39.79109,0.0],[117.3215,39.7907,0.0],[117.32172,39.79057,0.0],[117.32201,39.79042,0.0],[117.32231,39.79037,0.0],[117.32253,39.79038,0.0],[117.32279,39.79046,0.0],[117.32295,39.79055,0.0],[117.32321,39.79082,0.0],[117.32373,39.79153,0.0],[117.32473,39.79283,0.0],[117.3263,39.79463,0.0],[117.32711,39.79551,0.0],[117.32739,39.79571,0.0],[117.32764,39.79576,0.0],[117.32786,39.79578,0.0],[117.32808,39.79571,0.0],[117.32844,39.79554,0.0],[117.32899,39.79538,0.0],[117.32957,39.79525,0.0],[117.33027,39.79516,0.0],[117.33069,39.79512,0.0],[117.33107,39.79513,0.0],[117.33143,39.7952,0.0],[117.33173,39.79531,0.0],[117.33187,39.79541,0.0],[117.33202,39.79565,0.0],[117.3322,39.79604,0.0],[117.33237,39.79639,0.0],[117.33255,39.79672,0.0],[117.33276,39.79699,0.0],[117.33296,39.79714,0.0],[117.33318,39.79722,0.0],[117.33348,39.79721,0.0],[117.33371,39.7971,0.0],[117.33389,39.79695,0.0],[117.33405,39.79678,0.0],[117.33418,39.79647,0.0],[117.33427,39.79613,0.0],[117.33437,39.79571,0.0],[117.33455,39.79527,0.0],[117.33475,39.79485,0.0],[117.335,39.79456,0.0],[117.33528,39.79435,0.0],[117.33552,39.79424,0.0],[117.33584,39.7942,0.0],[117.33618,39.79426,0.0],[117.33654,39.79439,0.0],[117.33678,39.79452,0.0],[117.33695,39.79469,0.0],[117.3372,39.79504,0.0],[117.33755,39.79579,0.0],[117.33775,39.79607,0.0],[117.33811,39.79651,0.0],[117.33827,39.79666,0.0],[117.33848,39.79671,0.0],[117.33864,39.7967,0.0],[117.33881,39.79663,0.0],[117.339,39.79646,0.0],[117.33936,39.79605,0.0],[117.34013,39.79528,0.0],[117.34075,39.79471,0.0],[117.34141,39.7942,0.0],[117.34212,39.79374,0.0],[117.34278,39.79349,0.0],[117.34378,39.79325,0.0],[117.34513,39.79292,0.0],[117.34668,39.79245,0.0],[117.34867,39.79187,0.0],[117.34944,39.7917,0.0],[117.34995,39.79169,0.0],[117.35069,39.79178,0.0],[117.35125,39.79192,0.0],[117.35183,39.79211,0.0],[117.35234,39.79242,0.0],[117.35296,39.79262,0.0],[117.35342,39.79271,0.0],[117.3539,39.79268,0.0],[117.35433,39.7926,0.0],[117.35484,39.79254,0.0],[117.35506,39.79256,0.0],[117.35536,39.79268,0.0],[117.35548,39.79282,0.0],[117.35552,39.79294,0.0],[117.35548,39.79307,0.0],[117.35552,39.79331,0.0],[117.35583,39.79387,0.0],[117.35626,39.79445,0.0],[117.35657,39.79471,0.0],[117.3568,39.79475,0.0],[117.35712,39.79474,0.0],[117.35751,39.7946,0.0],[117.35802,39.79435,0.0],[117.35908,39.7938,0.0],[117.35944,39.7935,0.0],[117.35964,39.79324,0.0],[117.35969,39.79299,0.0],[117.35967,39.79263,0.0],[117.35951,39.79231,0.0],[117.35932,39.79177,0.0],[117.35922,39.79131,0.0],[117.35917,39.79063,0.0],[117.35916,39.79025,0.0],[117.35929,39.78996,0.0],[117.35948,39.78975,0.0],[117.35965,39.78965,0.0],[117.35995,39.78962,0.0],[117.36057,39.78965,0.0],[117.36152,39.78965,0.0],[117.36292,39.78962,0.0],[117.36454,39.78957,0.0],[117.36638,39.78958,0.0],[117.36722,39.78959,0.0],[117.36761,39.78958,0.0],[117.36792,39.78952,0.0],[117.36809,39.78944,0.0],[117.36819,39.78928,0.0],[117.36822,39.78914,0.0],[117.3682,39.78891,0.0],[117.36813,39.78874,0.0],[117.36804,39.78832,0.0],[117.36805,39.78759,0.0],[117.36811,39.78721,0.0],[117.36821,39.78686,0.0],[117.36845,39.78666,0.0],[117.36883,39.78649,0.0],[117.36913,39.78641,0.0],[117.36972,39.7864,0.0],[117.37062,39.78645,0.0],[117.37219,39.78655,0.0],[117.37396,39.78664,0.0],[117.37497,39.78664,0.0],[117.37558,39.78658,0.0],[117.37598,39.78651,0.0],[117.3765,39.78625,0.0],[117.37703,39.7859,0.0],[117.37769,39.78534,0.0],[117.37875,39.78448,0.0],[117.37939,39.78398,0.0],[117.37983,39.78368,0.0],[117.38008,39.78359,0.0],[117.38034,39.78356,0.0],[117.38059,39.78359,0.0],[117.38076,39.78363,0.0],[117.38092,39.78373,0.0],[117.38103,39.78387,0.0],[117.38112,39.78408,0.0],[117.38112,39.78444,0.0],[117.38122,39.78483,0.0],[117.38143,39.78532,0.0],[117.38162,39.78558,0.0],[117.38178,39.7857,0.0],[117.38202,39.78576,0.0],[117.3824,39.78576,0.0],[117.38273,39.7857,0.0],[117.38292,39.78561,0.0],[117.38317,39.78542,0.0],[117.38332,39.78518,0.0],[117.38337,39.78487,0.0],[117.38335,39.78455,0.0],[117.38321,39.7842,0.0],[117.3829,39.78366,0.0],[117.38244,39.78302,0.0],[117.38192,39.7823,0.0],[117.38169,39.78187,0.0],[117.38164,39.78172,0.0],[117.38164,39.78153,0.0],[117.38167,39.78141,0.0],[117.38183,39.78127,0.0],[117.38198,39.78118,0.0],[117.38231,39.78116,0.0],[117.38273,39.78118,0.0],[117.38398,39.78136,0.0],[117.38513,39.78148,0.0],[117.38545,39.78145,0.0],[117.38574,39.78137,0.0],[117.386,39.78121,0.0],[117.38615,39.78098,0.0],[117.38617,39.78073,0.0],[117.3861,39.78035,0.0],[117.38593,39.77961,0.0],[117.38573,39.77857,0.0],[117.38545,39.77775,0.0],[117.3853,39.77717,0.0],[117.38526,39.77683,0.0],[117.38529,39.77655,0.0],[117.3854,39.77625,0.0],[117.38564,39.77597,0.0],[117.3859,39.77578,0.0],[117.38638,39.77554,0.0],[117.38675,39.77531,0.0],[117.38714,39.77499,0.0],[117.38739,39.77472,0.0],[117.38804,39.77412,0.0],[117.38896,39.77332,0.0],[117.38966,39.77288,0.0],[117.39004,39.77254,0.0],[117.39063,39.77183,0.0],[117.39139,39.77073,0.0],[117.39209,39.76984,0.0],[117.39233,39.76968,0.0],[117.39267,39.76947,0.0],[117.393,39.7694,0.0],[117.39348,39.76937,0.0],[117.39396,39.76943,0.0],[117.39453,39.76952,0.0],[117.3951,39.76971,0.0],[117.39577,39.77004,0.0],[117.39716,39.77069,0.0],[117.39763,39.7709,0.0],[117.39821,39.77104,0.0],[117.39862,39.77109,0.0],[117.39938,39.77108,0.0],[117.40044,39.771,0.0],[117.40075,39.77092,0.0],[117.40108,39.77081,0.0],[117.40168,39.77015,0.0],[117.40251,39.76963,0.0],[117.40379,39.76863,0.0],[117.40506,39.76756,0.0],[117.40567,39.76703,0.0],[117.40592,39.76668,0.0],[117.40601,39.76638,0.0],[117.40604,39.76607,0.0],[117.40597,39.76574,0.0],[117.40564,39.76497,0.0],[117.40549,39.76443,0.0],[117.40541,39.7637,0.0],[117.4054,39.76264,0.0],[117.40544,39.76206,0.0],[117.40552,39.76168,0.0],[117.40569,39.76126,0.0],[117.40614,39.76064,0.0],[117.40696,39.75976,0.0],[117.40729,39.75946,0.0],[117.40774,39.75924,0.0],[117.41558,39.75807,0.0],[117.41995,39.75702,0.0],[117.42134,39.75606,0.0],[117.42316,39.7546,0.0],[117.42683,39.7545,0.0],[117.43002,39.75371,0.0],[117.4313,39.75411,0.0],[117.43287,39.7617,0.0],[117.43357,39.76289,0.0],[117.43524,39.76395,0.0],[117.44225,39.76723,0.0],[117.44367,39.76707,0.0],[117.44659,39.76623,0.0],[117.44835,39.76648,0.0],[117.44875,39.7677,0.0],[117.45095,39.7713,0.0],[117.45481,39.77458,0.0],[117.45618,39.77491,0.0],[117.45694,39.77451,0.0],[117.45722,39.77325,0.0],[117.4566,39.77149,0.0],[117.45417,39.76844,0.0],[117.45398,39.76787,0.0],[117.45435,39.76741,0.0],[117.45504,39.76715,0.0],[117.45588,39.7671,0.0],[117.45684,39.7673,0.0],[117.4578,39.76777,0.0],[117.45958,39.76933,0.0],[117.46097,39.7704,0.0],[117.46278,39.77133,0.0],[117.46582,39.77255,0.0],[117.46611,39.77334,0.0],[117.46473,39.77412,0.0],[117.46281,39.77556,0.0],[117.46241,39.77604,0.0],[117.46279,39.77654,0.0],[117.46382,39.77671,0.0],[117.46801,39.7757,0.0],[117.47108,39.77519,0.0],[117.47142,39.77531,0.0],[117.47163,39.77601,0.0],[117.47221,39.77633,0.0],[117.47321,39.77629,0.0],[117.47414,39.77593,0.0],[117.4765,39.77396,0.0],[117.47702,39.77365,0.0],[117.47763,39.77358,0.0],[117.47869,39.77386,0.0],[117.47956,39.77453,0.0],[117.48122,39.77789,0.0],[117.48205,39.77849,0.0],[117.48291,39.77825,0.0],[117.48332,39.77757,0.0],[117.4846,39.77429,0.0],[117.48551,39.77087,0.0],[117.48595,39.77009,0.0],[117.4866,39.76982,0.0],[117.48745,39.76986,0.0],[117.48993,39.77133,0.0],[117.49236,39.77214,0.0],[117.49581,39.77283,0.0],[117.49688,39.77265,0.0],[117.49721,39.77233,0.0],[117.49697,39.77098,0.0],[117.49738,39.76959,0.0],[117.49796,39.76851,0.0],[117.50131,39.76555,0.0],[117.50213,39.7651,0.0],[117.5041,39.76429,0.0],[117.50503,39.76437,0.0],[117.50733,39.76507,0.0],[117.50809,39.76553,0.0],[117.50844,39.76625,0.0],[117.50898,39.76821,0.0],[117.5098,39.76869,0.0],[117.51062,39.7685,0.0],[117.51125,39.76813,0.0],[117.51176,39.76754,0.0],[117.51232,39.76632,0.0],[117.5129,39.76562,0.0],[117.51438,39.76405,0.0],[117.51484,39.76365,0.0],[117.51533,39.76346,0.0],[117.51592,39.76349,0.0],[117.5168,39.76381,0.0],[117.5174,39.76444,0.0],[117.5178,39.76533,0.0],[117.51827,39.76731,0.0],[117.5189,39.76779,0.0],[117.51962,39.76798,0.0],[117.52043,39.76751,0.0],[117.52078,39.76676,0.0],[117.52185,39.76531,0.0],[117.52266,39.76457,0.0],[117.52307,39.76439,0.0],[117.52366,39.7645,0.0],[117.52508,39.76528,0.0],[117.5265,39.76583,0.0],[117.52719,39.76582,0.0],[117.52786,39.76538,0.0],[117.52813,39.76492,0.0],[117.52812,39.76432,0.0],[117.52774,39.76312,0.0],[117.52709,39.76239,0.0],[117.52597,39.76183,0.0],[117.52541,39.76101,0.0],[117.52525,39.76055,0.0],[117.52563,39.7599,0.0],[117.52672,39.75922,0.0],[117.52812,39.75891,0.0],[117.53235,39.7587,0.0],[117.53323,39.75898,0.0],[117.53513,39.75974,0.0],[117.53622,39.75991,0.0],[117.53729,39.75964,0.0],[117.53961,39.75802,0.0],[117.54237,39.75606,0.0],[117.54327,39.75577,0.0],[117.5439,39.75588,0.0],[117.54437,39.75637,0.0],[117.54458,39.75722,0.0],[117.54624,39.75996,0.0],[117.547,39.76167,0.0],[117.54711,39.76183,0.0],[117.54816,39.76222,0.0],[117.54875,39.76211,0.0],[117.54965,39.7614,0.0],[117.55005,39.76061,0.0],[117.55055,39.75997,0.0],[117.55218,39.75626,0.0],[117.55301,39.75524,0.0],[117.55393,39.75458,0.0],[117.55546,39.75413,0.0],[117.55611,39.75426,0.0],[117.5591,39.7558,0.0],[117.56058,39.75617,0.0],[117.56181,39.75627,0.0],[117.56347,39.7562,0.0],[117.56483,39.75587,0.0],[117.56633,39.75489,0.0],[117.5672,39.75379,0.0],[117.56876,39.75123,0.0],[117.56968,39.75032,0.0],[117.5712,39.74959,0.0],[117.57512,39.7484,0.0],[117.58088,39.74752,0.0],[117.58919,39.74561,0.0],[117.58995,39.74505,0.0],[117.59,39.74437,0.0],[117.58938,39.74354,0.0],[117.5885,39.74311,0.0],[117.5873,39.74282,0.0],[117.58513,39.74258,0.0],[117.58422,39.74223,0.0],[117.58408,39.74181,0.0],[117.58519,39.74066,0.0],[117.58705,39.73951,0.0],[117.58976,39.73827,0.0],[117.59056,39.73743,0.0],[117.59087,39.7364,0.0],[117.5904,39.7353,0.0],[117.58943,39.73465,0.0],[117.58797,39.73444,0.0],[117.58682,39.73447,0.0],[117.58518,39.73525,0.0],[117.58417,39.73628,0.0],[117.58297,39.73744,0.0],[117.5822,39.73746,0.0],[117.58161,39.73711,0.0],[117.58162,39.73641,0.0],[117.58177,39.73505,0.0],[117.58224,39.73308,0.0],[117.58246,39.7318,0.0],[117.5823,39.7308,0.0],[117.58144,39.73026,0.0],[117.58073,39.73014,0.0],[117.57756,39.73094,0.0],[117.57666,39.73099,0.0],[117.57406,39.72914,0.0],[117.57074,39.72632,0.0],[117.57037,39.72569,0.0],[117.5703,39.72491,0.0],[117.57094,39.72351,0.0],[117.57157,39.72262,0.0],[117.57253,39.72206,0.0],[117.57356,39.72192,0.0],[117.57783,39.72241,0.0],[117.57834,39.72223,0.0],[117.57858,39.72161,0.0],[117.57805,39.7207,0.0],[117.57675,39.71993,0.0],[117.57342,39.71894,0.0],[117.57296,39.7187,0.0],[117.57292,39.71825,0.0],[117.57315,39.71799,0.0],[117.57387,39.71799,0.0],[117.57461,39.71825,0.0],[117.57594,39.71889,0.0],[117.57734,39.71919,0.0],[117.5793,39.71929,0.0],[117.58101,39.71915,0.0],[117.58212,39.71868,0.0],[117.58518,39.71658,0.0],[117.58642,39.71546,0.0],[117.58667,39.71484,0.0],[117.58668,39.71436,0.0],[117.58601,39.71325,0.0],[117.58566,39.71236,0.0],[117.58571,39.71152,0.0],[117.58607,39.71077,0.0],[117.58646,39.71018,0.0],[117.58744,39.70963,0.0],[117.5889,39.709,0.0],[117.59215,39.70778,0.0],[117.59296,39.70729,0.0],[117.59458,39.70581,0.0],[117.59705,39.7042,0.0],[117.59873,39.70431,0.0],[117.6046,39.70475,0.0],[117.60982,39.70515,0.0],[117.61345,39.70228,0.0],[117.61527,39.70191,0.0],[117.62037,39.70282,0.0],[117.62411,39.70161,0.0],[117.62776,39.70039,0.0],[117.62837,39.69907,0.0],[117.62837,39.69676,0.0],[117.62996,39.69582,0.0],[117.63157,39.69641,0.0],[117.63448,39.6979,0.0],[117.63575,39.70031,0.0],[117.63794,39.70164,0.0],[117.64147,39.69822,0.0],[117.64306,39.69422,0.0],[117.64159,39.692,0.0],[117.64007,39.69003,0.0],[117.6384,39.68845,0.0],[117.63764,39.68754,0.0],[117.63796,39.68684,0.0],[117.63915,39.68632,0.0],[117.64229,39.68542,0.0],[117.64355,39.68476,0.0],[117.64385,39.68383,0.0],[117.64385,39.68147,0.0],[117.64463,39.68069,0.0],[117.6456,39.68087,0.0],[117.64923,39.68177,0.0],[117.65132,39.68177,0.0],[117.65244,39.68128,0.0],[117.65161,39.68005,0.0],[117.6493,39.67838,0.0],[117.64673,39.67731,0.0],[117.64669,39.67651,0.0],[117.64941,39.67527,0.0],[117.65295,39.67459,0.0],[117.65347,39.67433,0.0],[117.65408,39.67354,0.0],[117.65265,39.6713,0.0],[117.651,39.66924,0.0],[117.65047,39.66833,0.0],[117.65075,39.66773,0.0],[117.65414,39.6658,0.0],[117.65589,39.66521,0.0],[117.65735,39.66502,0.0],[117.66096,39.66614,0.0],[117.66241,39.66604,0.0],[117.66286,39.66557,0.0],[117.6628,39.66359,0.0],[117.66136,39.6604,0.0],[117.65861,39.65783,0.0],[117.65719,39.65639,0.0],[117.6572,39.65553,0.0],[117.65771,39.65461,0.0],[117.6612,39.65101,0.0],[117.66146,39.64976,0.0],[117.66047,39.64914,0.0],[117.66002,39.64812,0.0],[117.65946,39.64548,0.0],[117.65981,39.64423,0.0],[117.66034,39.64288,0.0],[117.66034,39.64134,0.0],[117.65965,39.63963,0.0],[117.65807,39.63705,0.0],[117.65724,39.63594,0.0],[117.65621,39.63534,0.0],[117.65558,39.63553,0.0],[117.65392,39.63617,0.0],[117.64953,39.63685,0.0],[117.64754,39.63786,0.0],[117.64616,39.63786,0.0],[117.64536,39.63658,0.0],[117.64577,39.63298,0.0],[117.64681,39.62914,0.0],[117.6471,39.62815,0.0],[117.64553,39.62678,0.0],[117.64152,39.62645,0.0],[117.63764,39.62843,0.0],[117.63641,39.62838,0.0],[117.63575,39.62721,0.0],[117.63865,39.62253,0.0],[117.63843,39.62147,0.0],[117.63709,39.62066,0.0],[117.63455,39.6196,0.0],[117.63394,39.61835,0.0],[117.63401,39.61507,0.0],[117.63561,39.61213,0.0],[117.63516,39.61138,0.0],[117.63275,39.61094,0.0],[117.62714,39.61265,0.0],[117.62576,39.6125,0.0],[117.62529,39.61142,0.0],[117.62529,39.60651,0.0],[117.6241,39.60473,0.0],[117.62131,39.60269,0.0],[117.61834,39.60166,0.0],[117.61677,39.60281,0.0],[117.61506,39.60514,0.0],[117.6141,39.60529,0.0],[117.61311,39.60437,0.0],[117.61303,39.60087,0.0],[117.61457,39.59498,0.0],[117.61474,39.59127,0.0],[117.61598,39.5904,0.0],[117.62053,39.59278,0.0],[117.6224,39.59457,0.0],[117.62496,39.60001,0.0],[117.62606,39.60144,0.0],[117.62964,39.60269,0.0],[117.63136,39.60241,0.0],[117.63196,39.60149,0.0],[117.6311,39.59665,0.0],[117.63178,39.59364,0.0],[117.63272,39.59257,0.0],[117.634,39.59202,0.0],[117.63568,39.59188,0.0],[117.63739,39.5924,0.0],[117.64229,39.59398,0.0],[117.6439,39.59395,0.0],[117.64493,39.59317,0.0],[117.64751,39.59073,0.0],[117.65002,39.58642,0.0],[117.64929,39.58379,0.0],[117.64742,39.58047,0.0],[117.64516,39.57941,0.0],[117.64431,39.5784,0.0],[117.64598,39.57533,0.0],[117.64756,39.57417,0.0],[117.65098,39.57337,0.0],[117.65466,39.57442,0.0],[117.66407,39.57963,0.0],[117.66711,39.5834,0.0],[117.66775,39.5858,0.0],[117.66767,39.58786,0.0],[117.66818,39.58871,0.0],[117.67211,39.58928,0.0],[117.6773,39.58859,0.0],[117.67942,39.58739,0.0],[117.6833,39.58291,0.0],[117.68595,39.5805,0.0],[117.68899,39.5789,0.0],[117.69479,39.57797,0.0],[117.69892,39.57665,0.0],[117.7012,39.57515,0.0],[117.70347,39.57183,0.0],[117.70323,39.56919,0.0],[117.7003,39.56549,0.0],[117.6964,39.56386,0.0],[117.69194,39.56349,0.0],[117.68786,39.56424,0.0],[117.68377,39.56832,0.0],[117.68143,39.5676,0.0],[117.67921,39.56577,0.0],[117.67985,39.56357,0.0],[117.68105,39.56134,0.0],[117.68378,39.55856,0.0],[117.68585,39.55739,0.0],[117.68994,39.55609,0.0],[117.69266,39.55603,0.0],[117.6972,39.55634,0.0],[117.70062,39.55496,0.0],[117.70323,39.5527,0.0],[117.70371,39.54962,0.0],[117.70215,39.54768,0.0],[117.69491,39.55071,0.0],[117.69245,39.55103,0.0],[117.68867,39.55011,0.0],[117.68946,39.54831,0.0],[117.68764,39.54727,0.0],[117.68441,39.54646,0.0],[117.68427,39.54571,0.0],[117.68483,39.53651,0.0],[117.68187,39.53391,0.0],[117.6763,39.53363,0.0],[117.67479,39.53612,0.0],[117.67322,39.53604,0.0],[117.67346,39.53394,0.0],[117.67049,39.53433,0.0],[117.67068,39.53218,0.0],[117.66247,39.53133,0.0],[117.66164,39.52928,0.0],[117.65401,39.52653,0.0],[117.65146,39.52792,0.0],[117.65115,39.52861,0.0],[117.65232,39.53025,0.0],[117.64019,39.53274,0.0],[117.6283,39.53613,0.0],[117.62721,39.53563,0.0],[117.62735,39.53367,0.0],[117.63108,39.5213,0.0],[117.63096,39.52069,0.0],[117.62961,39.52023,0.0],[117.62462,39.51473,0.0],[117.60433,39.51091,0.0],[117.60278,39.49819,0.0],[117.60092,39.49809,0.0],[117.60127,39.49366,0.0],[117.59993,39.49308,0.0],[117.60036,39.49097,0.0],[117.60159,39.48864,0.0],[117.59513,39.48736,0.0],[117.59491,39.48575,0.0],[117.59172,39.48523,0.0],[117.59093,39.48541,0.0],[117.5907,39.48645,0.0],[117.5896,39.48622,0.0],[117.58158,39.48558,0.0],[117.57433,39.48391,0.0],[117.57189,39.4881,0.0],[117.57153,39.49094,0.0],[117.56773,39.48987,0.0],[117.56697,39.49015,0.0],[117.5663,39.49391,0.0],[117.56245,39.49299,0.0],[117.56158,39.49314,0.0],[117.56115,39.49663,0.0],[117.54993,39.49366,0.0],[117.55211,39.48556,0.0],[117.55603,39.48476,0.0],[117.559,39.47975,0.0],[117.55124,39.47081,0.0],[117.54454,39.46637,0.0],[117.5355,39.46341,0.0],[117.51853,39.46536,0.0],[117.51715,39.46267,0.0],[117.51188,39.46215,0.0],[117.51195,39.45989,0.0],[117.51326,39.45826,0.0],[117.50585,39.45554,0.0],[117.50343,39.45542,0.0],[117.50125,39.45713,0.0],[117.49986,39.46013,0.0],[117.49705,39.46093,0.0],[117.4911,39.45845,0.0],[117.49332,39.45352,0.0],[117.48639,39.45089,0.0],[117.48298,39.44743,0.0],[117.48168,39.44724,0.0],[117.48097,39.44813,0.0],[117.4767,39.44775,0.0],[117.47665,39.44448,0.0],[117.48449,39.41248,0.0],[117.48834,39.41329,0.0],[117.49035,39.40417,0.0],[117.48834,39.4036,0.0],[117.49134,39.39432,0.0],[117.4933,39.39186,0.0],[117.49115,39.391,0.0],[117.49437,39.38356,0.0],[117.4993,39.38477,0.0],[117.50139,39.38233,0.0],[117.49476,39.37941,0.0],[117.4936,39.38073,0.0],[117.48185,39.37916,0.0],[117.47885,39.37824,0.0],[117.47742,39.37573,0.0],[117.47722,39.37369,0.0],[117.47901,39.37324,0.0],[117.47943,39.37094,0.0],[117.47698,39.36907,0.0],[117.47243,39.36728,0.0],[117.46858,39.35952,0.0],[117.46811,39.36013,0.0],[117.4707,39.36528,0.0],[117.46644,39.36548,0.0],[117.46478,39.36396,0.0],[117.4666,39.36069,0.0],[117.46044,39.36003,0.0],[117.4587,39.35826,0.0],[117.45504,39.36105,0.0],[117.45391,39.36052,0.0],[117.45303,39.36103,0.0],[117.44967,39.35984,0.0],[117.44824,39.36084,0.0],[117.44227,39.35754,0.0],[117.43872,39.3599,0.0],[117.43514,39.36026,0.0],[117.43333,39.35918,0.0],[117.43239,39.35686,0.0],[117.43189,39.35645,0.0],[117.4298,39.35758,0.0],[117.42625,39.35882,0.0],[117.42562,39.35709,0.0],[117.42647,39.35405,0.0],[117.42994,39.35103,0.0],[117.42983,39.34981,0.0],[117.42749,39.34834,0.0],[117.42888,39.34683,0.0],[117.42715,39.34573,0.0],[117.40862,39.34522,0.0],[117.40906,39.34921,0.0],[117.40231,39.3491,0.0],[117.3982,39.35025,0.0],[117.39039,39.35127,0.0],[117.38594,39.35133,0.0],[117.38555,39.35295,0.0],[117.38282,39.35303,0.0],[117.38305,39.35896,0.0],[117.38141,39.36043,0.0],[117.37795,39.36146,0.0],[117.37732,39.35983,0.0],[117.3755,39.35893,0.0],[117.36407,39.3584,0.0],[117.36388,39.35704,0.0],[117.3622,39.35638,0.0],[117.35928,39.35927,0.0],[117.34383,39.36023,0.0],[117.33099,39.35797,0.0],[117.32839,39.35251,0.0],[117.32341,39.35225,0.0],[117.32306,39.35036,0.0],[117.32172,39.34875,0.0],[117.31779,39.34956,0.0],[117.31727,39.34874,0.0],[117.31396,39.34919,0.0],[117.31303,39.35221,0.0],[117.31135,39.35157,0.0],[117.30948,39.35458,0.0],[117.30981,39.36115,0.0],[117.3081,39.36136,0.0],[117.30805,39.365,0.0],[117.30565,39.36498,0.0],[117.30568,39.36592,0.0],[117.29632,39.36753,0.0],[117.29266,39.37787,0.0],[117.29389,39.3794,0.0],[117.29895,39.37921,0.0],[117.29968,39.38087,0.0],[117.29938,39.38176,0.0],[117.30253,39.38503,0.0],[117.30521,39.38552,0.0],[117.30447,39.38802,0.0],[117.30474,39.38833,0.0],[117.30619,39.38849,0.0],[117.30673,39.38805,0.0],[117.30525,39.39193,0.0],[117.3038,39.3952,0.0],[117.30115,39.39849,0.0],[117.30655,39.40115,0.0],[117.30636,39.40472,0.0],[117.31348,39.40032,0.0],[117.31183,39.3976,0.0],[117.31153,39.39564,0.0],[117.31233,39.39294,0.0],[117.31637,39.39475,0.0],[117.31841,39.39626,0.0],[117.31747,39.3999,0.0],[117.32119,39.3979,0.0],[117.32573,39.39375,0.0],[117.33316,39.39919,0.0],[117.33388,39.40077,0.0],[117.33052,39.40255,0.0],[117.32971,39.40449,0.0],[117.32858,39.41237,0.0],[117.32917,39.41333,0.0],[117.32773,39.41712,0.0],[117.32936,39.41808,0.0],[117.32321,39.42136,0.0],[117.32053,39.42521,0.0],[117.31881,39.43098,0.0],[117.31881,39.4351,0.0],[117.3173,39.43822,0.0],[117.31562,39.44042,0.0],[117.31906,39.44119,0.0],[117.32049,39.4424,0.0],[117.31859,39.4448,0.0],[117.31407,39.44336,0.0],[117.31198,39.44657,0.0],[117.30719,39.45209,0.0],[117.30642,39.45177,0.0],[117.30348,39.45475,0.0],[117.30078,39.45972,0.0],[117.29775,39.4608,0.0],[117.29303,39.46859,0.0],[117.2912,39.46959,0.0],[117.2906,39.46965,0.0],[117.28708,39.47179,0.0],[117.28814,39.47248,0.0],[117.28788,39.47524,0.0],[117.28875,39.4761,0.0],[117.29298,39.47709,0.0],[117.29168,39.48223,0.0],[117.28877,39.48357,0.0],[117.28814,39.49017,0.0],[117.28597,39.49219,0.0],[117.28236,39.49449,0.0],[117.27933,39.49542,0.0],[117.276,39.49432,0.0],[117.27441,39.49504,0.0],[117.27251,39.49816,0.0],[117.2697,39.4988,0.0],[117.26975,39.4971,0.0],[117.26535,39.49723,0.0],[117.26383,39.4995,0.0],[117.26072,39.49973,0.0],[117.25902,39.49933,0.0],[117.25798,39.50413,0.0],[117.25833,39.50554,0.0],[117.25989,39.50704,0.0],[117.26223,39.5074,0.0],[117.26561,39.5095,0.0],[117.26409,39.51431,0.0],[117.25977,39.51797,0.0],[117.25801,39.51785,0.0],[117.25675,39.51953,0.0],[117.25708,39.52136,0.0],[117.25278,39.52223,0.0],[117.24863,39.52229,0.0],[117.24799,39.52444,0.0],[117.24783,39.52577,0.0],[117.25509,39.5266,0.0],[117.25895,39.52607,0.0],[117.25928,39.52499,0.0],[117.26651,39.52512,0.0],[117.26949,39.52639,0.0],[117.26833,39.52919,0.0],[117.26842,39.53165,0.0],[117.25647,39.53838,0.0],[117.25102,39.54278,0.0],[117.24769,39.54426,0.0],[117.24439,39.54373,0.0],[117.24235,39.5445,0.0],[117.23908,39.5439,0.0],[117.23908,39.54309,0.0],[117.24084,39.54116,0.0],[117.23999,39.54029,0.0],[117.23872,39.54018,0.0],[117.23721,39.54129,0.0],[117.23619,39.54269,0.0],[117.23589,39.5444,0.0],[117.23539,39.54517,0.0],[117.23094,39.54702,0.0],[117.22879,39.54725,0.0],[117.22659,39.54672,0.0],[117.22573,39.54727,0.0],[117.22535,39.54882,0.0],[117.23017,39.54916,0.0],[117.23193,39.55054,0.0],[117.23129,39.55122,0.0],[117.2322,39.55222,0.0],[117.22704,39.55492,0.0],[117.17578,39.59039,0.0],[117.14534,39.61063,0.0],[117.14052,39.61307,0.0]]]]}},{"type":"Feature","properties":{"uesi_id":"CHN_R912999","nbhd_code":"CHN_R912999_124","nbhd_name":"Beichen District"},"geometry":{"type":"MultiPolygon","coordinates":[[[[116.94036,39.18967,0.0],[116.957,39.18703,0.0],[116.96154,39.18996,0.0],[116.9657,39.20169,0.0],[116.96873,39.22484,0.0],[116.97938,39.23123,0.0],[116.98681,39.24031,0.0],[117.00127,39.24273,0.0],[117.01222,39.25151,0.0],[117.02277,39.25575,0.0],[117.02316,39.26362,0.0],[117.01613,39.27391,0.0],[117.01691,39.28238,0.0],[117.02629,39.28601,0.0],[117.04662,39.28571,0.0],[117.05561,39.27996,0.0],[117.06733,39.28087,0.0],[117.07046,39.29055,0.0],[117.08492,39.29327,0.0],[117.08297,39.30749,0.0],[117.10486,39.31172,0.0],[117.12089,39.31021,0.0],[117.133,39.30235,0.0],[117.14395,39.30295,0.0],[117.15098,39.3084,0.0],[117.15724,39.32231,0.0],[117.16271,39.32715,0.0],[117.18108,39.32563,0.0],[117.19359,39.3335,0.0],[117.19555,39.34317,0.0],[117.22174,39.35405,0.0],[117.25652,39.35224,0.0],[117.26395,39.3468,0.0],[117.27685,39.34922,0.0],[117.28341,39.34825,0.0],[117.29516,39.34473,0.0],[117.3127,39.34212,0.0],[117.31553,39.33284,0.0],[117.31753,39.3283,0.0],[117.32077,39.32397,0.0],[117.32525,39.31952,0.0],[117.32805,39.32211,0.0],[117.33238,39.31768,0.0],[117.33101,39.31695,0.0],[117.33205,39.31574,0.0],[117.33018,39.31402,0.0],[117.33168,39.31223,0.0],[117.32584,39.30833,0.0],[117.33109,39.30467,0.0],[117.3365,39.30907,0.0],[117.34545,39.30146,0.0],[117.35567,39.29478,0.0],[117.35265,39.29362,0.0],[117.34958,39.2919,0.0],[117.35794,39.28607,0.0],[117.36242,39.29021,0.0],[117.36863,39.28594,0.0],[117.37225,39.28229,0.0],[117.37657,39.27898,0.0],[117.3774,39.27872,0.0],[117.37853,39.28136,0.0],[117.38029,39.28038,0.0],[117.38204,39.27994,0.0],[117.38467,39.28112,0.0],[117.39035,39.28259,0.0],[117.39494,39.28653,0.0],[117.39899,39.28126,0.0],[117.39938,39.27827,0.0],[117.40064,39.27333,0.0],[117.39386,39.25785,0.0],[117.38742,39.25599,0.0],[117.38809,39.24711,0.0],[117.38899,39.24641,0.0],[117.3909,39.24664,0.0],[117.39374,39.24554,0.0],[117.39458,39.24462,0.0],[117.39551,39.24125,0.0],[117.39621,39.24008,0.0],[117.3976,39.23898,0.0],[117.39937,39.23844,0.0],[117.401,39.23812,0.0],[117.40225,39.23754,0.0],[117.40431,39.23564,0.0],[117.40476,39.23449,0.0],[117.4046,39.23345,0.0],[117.40181,39.22854,0.0],[117.3935,39.22953,0.0],[117.38193,39.22542,0.0],[117.33663,39.2355,0.0],[117.31639,39.23475,0.0],[117.29326,39.24595,0.0],[117.28699,39.23886,0.0],[117.29615,39.23027,0.0],[117.29518,39.2187,0.0],[117.25711,39.20638,0.0],[117.23362,39.18631,0.0],[117.22755,39.19251,0.0],[117.21635,39.18298,0.0],[117.21297,39.18634,0.0],[117.20962,39.19011,0.0],[117.20734,39.18892,0.0],[117.20583,39.19044,0.0],[117.20439,39.192,0.0],[117.2036,39.19159,0.0],[117.20124,39.19037,0.0],[117.19237,39.18576,0.0],[117.18697,39.19128,0.0],[117.18256,39.18928,0.0],[117.18146,39.18895,0.0],[117.17746,39.18829,0.0],[117.17484,39.18737,0.0],[117.16377,39.18453,0.0],[117.16306,39.18423,0.0],[117.16262,39.18391,0.0],[117.16232,39.18363,0.0],[117.16161,39.18268,0.0],[117.15778,39.18453,0.0],[117.15627,39.18543,0.0],[117.15524,39.18656,0.0],[117.15456,39.18847,0.0],[117.15372,39.1891,0.0],[117.15264,39.18917,0.0],[117.14946,39.18872,0.0],[117.14373,39.18823,0.0],[117.14169,39.18801,0.0],[117.13965,39.18816,0.0],[117.13827,39.18941,0.0],[117.13755,39.19086,0.0],[117.12964,39.18654,0.0],[117.12415,39.1769,0.0],[117.12339,39.17076,0.0],[117.11828,39.17244,0.0],[117.09982,39.17477,0.0],[117.08834,39.17446,0.0],[117.07901,39.17281,0.0],[117.07112,39.16974,0.0],[117.06131,39.16551,0.0],[117.05502,39.16279,0.0],[117.04131,39.15881,0.0],[117.03224,39.15878,0.0],[117.02878,39.15776,0.0],[117.02581,39.16219,0.0],[117.02717,39.16777,0.0],[117.02401,39.16776,0.0],[117.01744,39.16189,0.0],[117.02043,39.15834,0.0],[117.01983,39.14707,0.0],[117.01406,39.14522,0.0],[117.00848,39.14552,0.0],[117.00569,39.15757,0.0],[116.99634,39.16621,0.0],[116.98578,39.16559,0.0],[116.98001,39.16343,0.0],[116.96846,39.16405,0.0],[116.96528,39.16965,0.0],[116.95537,39.17011,0.0],[116.9505,39.16471,0.0],[116.94149,39.16063,0.0],[116.93695,39.16797,0.0],[116.93582,39.1841,0.0],[116.94036,39.18967,0.0]],[[117.11996,39.19853,0.0],[117.12278,39.19484,0.0],[117.11954,39.19395,0.0],[117.12296,39.18959,0.0],[117.12352,39.18907,0.0],[117.12577,39.18798,0.0],[117.12865,39.18698,0.0],[117.12942,39.18694,0.0],[117.13023,39.18734,0.0],[117.13075,39.18791,0.0],[117.13104,39.18881,0.0],[117.13065,39.19024,0.0],[117.12954,39.19164,0.0],[117.13628,39.19221,0.0],[117.1358,39.19448,0.0],[117.13544,39.19547,0.0],[117.13342,39.19836,0.0],[117.13277,39.19933,0.0],[117.13245,39.20057,0.0],[117.13193,39.20164,0.0],[117.13126,39.20273,0.0],[117.12646,39.20108,0.0],[117.12563,39.20219,0.0],[117.1253,39.20208,0.0],[117.12229,39.20084,0.0],[117.11914,39.19957,0.0],[117.11996,39.19853,0.0]]]]}},{"type":"Feature","properties":{"uesi_id":"CHN_R912999","nbhd_code":"CHN_R912999_125","nbhd_name":"Binhai New Area"},"geometry":{"type":"MultiPolygon","coordinates":[[[[117.295,38.4436,0.0],[117.29912,38.43874,0.0],[117.29609,38.43728,0.0],[117.29239,38.44274,0.0],[117.295,38.4436,0.0]]],[[[117.38129,38.50063,0.0],[117.38212,38.4882,0.0],[117.37329,38.4859,0.0],[117.36917,38.50538,0.0],[117.37929,38.50768,0.0],[117.38129,38.50063,0.0]]],[[[117.14839,38.75871,0.0],[117.15507,38.75798,0.0],[117.1585,38.75505,0.0],[117.19308,38.77294,0.0],[117.20932,38.7826,0.0],[117.1887,38.79495,0.0],[117.19832,38.80462,0.0],[117.16847,38.82138,0.0],[117.17324,38.82683,0.0],[117.16583,38.83087,0.0],[117.16088,38.82588,0.0],[117.15276,38.82962,0.0],[117.20522,38.87966,0.0],[117.24327,38.85007,0.0],[117.29487,38.83302,0.0],[117.30588,38.82984,0.0],[117.3199,38.82287,0.0],[117.32395,38.82304,0.0],[117.32887,38.82731,0.0],[117.32384,38.82945,0.0],[117.32446,38.83253,0.0],[117.32334,38.83482,0.0],[117.32138,38.83597,0.0],[117.34326,38.8489,0.0],[117.38026,38.87071,0.0],[117.4008,38.88643,0.0],[117.41704,38.87128,0.0],[117.43027,38.85829,0.0],[117.4312,38.85868,0.0],[117.43406,38.86904,0.0],[117.44103,38.87791,0.0],[117.47913,38.904,0.0],[117.49654,38.90674,0.0],[117.49089,38.94189,0.0],[117.50451,38.94674,0.0],[117.50675,38.94446,0.0],[117.51497,38.95086,0.0],[117.51605,38.95105,0.0],[117.52286,38.95227,0.0],[117.53472,38.94434,0.0],[117.53897,38.94151,0.0],[117.54468,38.94211,0.0],[117.54321,38.95279,0.0],[117.54291,38.95368,0.0],[117.54238,38.95758,0.0],[117.54376,38.95782,0.0],[117.54342,38.96721,0.0],[117.54863,38.98042,0.0],[117.5508,38.98063,0.0],[117.55396,38.98865,0.0],[117.55203,38.99107,0.0],[117.54515,38.99016,0.0],[117.54003,38.99281,0.0],[117.53241,39.00136,0.0],[117.52774,39.00476,0.0],[117.52027,39.00556,0.0],[117.51961,39.01065,0.0],[117.51799,39.01397,0.0],[117.52006,39.02094,0.0],[117.51799,39.02161,0.0],[117.51941,39.02579,0.0],[117.51708,39.02548,0.0],[117.51592,39.02318,0.0],[117.51048,39.02532,0.0],[117.51434,39.03647,0.0],[117.51246,39.03706,0.0],[117.51739,39.04561,0.0],[117.52095,39.04552,0.0],[117.52354,39.05708,0.0],[117.54,39.05219,0.0],[117.55295,39.04902,0.0],[117.56168,39.04704,0.0],[117.56509,39.06577,0.0],[117.56459,39.07655,0.0],[117.56291,39.08551,0.0],[117.55895,39.09959,0.0],[117.55958,39.10689,0.0],[117.52978,39.10555,0.0],[117.51665,39.10518,0.0],[117.48265,39.1085,0.0],[117.46108,39.11969,0.0],[117.4613,39.13422,0.0],[117.46591,39.15341,0.0],[117.4917,39.1482,0.0],[117.50921,39.15154,0.0],[117.51683,39.14899,0.0],[117.53465,39.14157,0.0],[117.53961,39.14434,0.0],[117.54656,39.14643,0.0],[117.54673,39.15308,0.0],[117.54958,39.15826,0.0],[117.55282,39.16023,0.0],[117.56048,39.16145,0.0],[117.56035,39.17164,0.0],[117.56256,39.17618,0.0],[117.59015,39.16823,0.0],[117.60942,39.16516,0.0],[117.61037,39.1734,0.0],[117.6137,39.17739,0.0],[117.6175,39.18175,0.0],[117.61497,39.18655,0.0],[117.6118,39.18593,0.0],[117.61164,39.20393,0.0],[117.62218,39.20639,0.0],[117.62262,39.20734,0.0],[117.62725,39.20848,0.0],[117.62741,39.20922,0.0],[117.62912,39.20965,0.0],[117.62908,39.21158,0.0],[117.63225,39.21303,0.0],[117.63752,39.21419,0.0],[117.63974,39.21008,0.0],[117.64355,39.20633,0.0],[117.6458,39.20572,0.0],[117.64617,39.2044,0.0],[117.65402,39.19601,0.0],[117.6609,39.18785,0.0],[117.67469,39.18773,0.0],[117.6747,39.18758,0.0],[117.6739,39.17071,0.0],[117.67504,39.17181,0.0],[117.67727,39.17251,0.0],[117.68915,39.17249,0.0],[117.71269,39.17232,0.0],[117.71364,39.19265,0.0],[117.71005,39.19349,0.0],[117.71441,39.20596,0.0],[117.71925,39.21358,0.0],[117.72805,39.22433,0.0],[117.73419,39.23191,0.0],[117.73712,39.23695,0.0],[117.71941,39.24505,0.0],[117.72159,39.24613,0.0],[117.71945,39.25015,0.0],[117.7154,39.24917,0.0],[117.71219,39.25607,0.0],[117.70965,39.25574,0.0],[117.70452,39.26656,0.0],[117.70306,39.26658,0.0],[117.70293,39.27626,0.0],[117.70253,39.27637,0.0],[117.70276,39.28088,0.0],[117.70332,39.28214,0.0],[117.71453,39.28149,0.0],[117.71571,39.29008,0.0],[117.72571,39.28893,0.0],[117.7261,39.28945,0.0],[117.75452,39.29383,0.0],[117.75979,39.29804,0.0],[117.76803,39.30099,0.0],[117.7785,39.30341,0.0],[117.78526,39.30021,0.0],[117.78352,39.29809,0.0],[117.78364,39.28868,0.0],[117.78262,39.28666,0.0],[117.80376,39.27814,0.0],[117.80744,39.27865,0.0],[117.81254,39.27672,0.0],[117.81185,39.27554,0.0],[117.80667,39.2773,0.0],[117.79975,39.26782,0.0],[117.8174,39.26032,0.0],[117.8197,39.25946,0.0],[117.821,39.25968,0.0],[117.82188,39.26144,0.0],[117.82926,39.27123,0.0],[117.83505,39.28059,0.0],[117.84634,39.29696,0.0],[117.84442,39.29948,0.0],[117.83064,39.30507,0.0],[117.83132,39.30872,0.0],[117.83344,39.31007,0.0],[117.83654,39.31036,0.0],[117.83659,39.31103,0.0],[117.83277,39.31616,0.0],[117.83673,39.32281,0.0],[117.838,39.32255,0.0],[117.83976,39.31382,0.0],[117.84361,39.3145,0.0],[117.84341,39.31632,0.0],[117.84238,39.31787,0.0],[117.84411,39.32114,0.0],[117.84171,39.32189,0.0],[117.84137,39.32242,0.0],[117.84198,39.32411,0.0],[117.84066,39.32434,0.0],[117.83887,39.32465,0.0],[117.84063,39.32757,0.0],[117.84247,39.32709,0.0],[117.84304,39.32651,0.0],[117.84404,39.32644,0.0],[117.84568,39.32675,0.0],[117.84583,39.32761,0.0],[117.84831,39.32728,0.0],[117.84833,39.32763,0.0],[117.84914,39.32782,0.0],[117.8492,39.3281,0.0],[117.84948,39.32826,0.0],[117.84874,39.33024,0.0],[117.84934,39.3305,0.0],[117.8491,39.33133,0.0],[117.85496,39.33329,0.0],[117.8566,39.33033,0.0],[117.86088,39.32899,0.0],[117.87242,39.33108,0.0],[117.88225,39.33123,0.0],[117.88628,39.32592,0.0],[117.88568,39.32232,0.0],[117.89497,39.32018,0.0],[117.89642,39.31925,0.0],[117.89734,39.31671,0.0],[117.89966,39.31543,0.0],[117.90203,39.31655,0.0],[117.90375,39.31667,0.0],[117.90411,39.31872,0.0],[117.90688,39.31813,0.0],[117.90716,39.31773,0.0],[117.91317,39.31695,0.0],[117.91313,39.31807,0.0],[117.91906,39.31838,0.0],[117.92707,39.31807,0.0],[117.93301,39.31683,0.0],[117.94114,39.31689,0.0],[117.94242,39.31528,0.0],[117.94555,39.31447,0.0],[117.94615,39.31469,0.0],[117.94988,39.31454,0.0],[117.95004,39.31574,0.0],[117.95641,39.31475,0.0],[117.95978,39.3136,0.0],[117.95986,39.31571,0.0],[117.96178,39.31528,0.0],[117.96587,39.31342,0.0],[117.96483,39.31243,0.0],[117.96603,39.31174,0.0],[117.96847,39.31342,0.0],[117.96903,39.31305,0.0],[117.96751,39.3115,0.0],[117.96667,39.31143,0.0],[117.96679,39.31088,0.0],[117.96767,39.31078,0.0],[117.96763,39.30939,0.0],[117.96627,39.30902,0.0],[117.96695,39.30622,0.0],[117.97108,39.29987,0.0],[117.97605,39.29785,0.0],[117.97609,39.29636,0.0],[117.97733,39.2945,0.0],[117.98094,39.2958,0.0],[117.98579,39.2958,0.0],[117.98751,39.29351,0.0],[117.98907,39.29267,0.0],[117.98719,39.28948,0.0],[117.98871,39.28907,0.0],[117.98971,39.2878,0.0],[117.99256,39.28814,0.0],[117.9952,39.2896,0.0],[117.99617,39.28839,0.0],[117.99857,39.28926,0.0],[117.99957,39.28873,0.0],[117.99953,39.28644,0.0],[118.00174,39.28545,0.0],[118.00322,39.28675,0.0],[118.01059,39.28319,0.0],[118.01469,39.28115,0.0],[118.01847,39.27867,0.0],[118.02257,39.27658,0.0],[118.0226,39.27656,0.0],[118.02561,39.27503,0.0],[118.02332,39.27061,0.0],[118.02647,39.26751,0.0],[118.02675,39.26563,0.0],[118.05513,39.2565,0.0],[118.06,39.234,0.0],[118.05904,39.23244,0.0],[118.05895,39.23029,0.0],[118.03138,39.2297,0.0],[118.03017,39.2215,0.0],[118.02958,39.22129,0.0],[118.02362,39.22124,0.0],[118.00668,39.22108,0.0],[118.00547,39.22271,0.0],[118.00165,39.22161,0.0],[117.99034,39.22029,0.0],[117.9867,39.21981,0.0],[117.97811,39.21898,0.0],[117.97794,39.21847,0.0],[117.9776,39.21821,0.0],[117.97743,39.21796,0.0],[117.97512,39.21759,0.0],[117.97313,39.21735,0.0],[117.97115,39.21737,0.0],[117.97083,39.2175,0.0],[117.97067,39.21802,0.0],[117.97051,39.21827,0.0],[117.96984,39.21815,0.0],[117.96885,39.21789,0.0],[117.96819,39.21765,0.0],[117.9662,39.21715,0.0],[117.96454,39.21691,0.0],[117.96322,39.21666,0.0],[117.96157,39.21642,0.0],[117.9609,39.21617,0.0],[117.95792,39.21543,0.0],[117.9566,39.21518,0.0],[117.95461,39.21468,0.0],[117.95329,39.21444,0.0],[117.95031,39.21369,0.0],[117.94964,39.21344,0.0],[117.948,39.21319,0.0],[117.94766,39.21307,0.0],[117.94748,39.21256,0.0],[117.94732,39.2123,0.0],[117.94534,39.21245,0.0],[117.945,39.21219,0.0],[117.94434,39.2122,0.0],[117.94983,39.19583,0.0],[117.95049,39.19385,0.0],[117.93178,39.18432,0.0],[117.92744,39.19603,0.0],[117.92744,39.19603,0.0],[117.92252,39.20929,0.0],[117.92005,39.2094,0.0],[117.91981,39.20887,0.0],[117.9159,39.20806,0.0],[117.91557,39.2078,0.0],[117.91524,39.20768,0.0],[117.91516,39.20678,0.0],[117.89874,39.20122,0.0],[117.89897,39.20074,0.0],[117.88571,39.19622,0.0],[117.88505,39.1961,0.0],[117.88506,39.19661,0.0],[117.88473,39.19661,0.0],[117.88459,39.19603,0.0],[117.88455,39.19585,0.0],[117.88439,39.19559,0.0],[117.88406,39.19572,0.0],[117.88307,39.19586,0.0],[117.88308,39.19688,0.0],[117.88286,39.1968,0.0],[117.88274,39.19637,0.0],[117.88209,39.19663,0.0],[117.88224,39.19586,0.0],[117.88225,39.19583,0.0],[117.88256,39.19509,0.0],[117.88256,39.19483,0.0],[117.88223,39.19458,0.0],[117.87874,39.19319,0.0],[117.87808,39.19268,0.0],[117.87742,39.19243,0.0],[117.87675,39.19231,0.0],[117.87659,39.19282,0.0],[117.87627,39.19308,0.0],[117.87611,39.19334,0.0],[117.87576,39.19322,0.0],[117.87544,39.19296,0.0],[117.87511,39.19296,0.0],[117.87445,39.19348,0.0],[117.87413,39.19348,0.0],[117.87346,39.19323,0.0],[117.87313,39.19298,0.0],[117.87181,39.19273,0.0],[117.87114,39.19222,0.0],[117.87015,39.19197,0.0],[117.86982,39.19172,0.0],[117.86915,39.19147,0.0],[117.86816,39.19122,0.0],[117.87951,39.17362,0.0],[117.87977,39.16835,0.0],[117.87856,39.16609,0.0],[117.87831,39.16573,0.0],[117.87796,39.16525,0.0],[117.87739,39.16457,0.0],[117.87655,39.16373,0.0],[117.87607,39.16337,0.0],[117.87601,39.16316,0.0],[117.87597,39.16293,0.0],[117.876,39.1627,0.0],[117.87603,39.16251,0.0],[117.87611,39.16231,0.0],[117.87927,39.15758,0.0],[117.87914,39.15752,0.0],[117.876,39.16224,0.0],[117.87575,39.16276,0.0],[117.87569,39.16324,0.0],[117.8757,39.16365,0.0],[117.87695,39.16487,0.0],[117.87684,39.16536,0.0],[117.87658,39.16572,0.0],[117.876,39.16599,0.0],[117.87595,39.16604,0.0],[117.87589,39.1665,0.0],[117.87619,39.16689,0.0],[117.87694,39.16691,0.0],[117.8779,39.16717,0.0],[117.87841,39.16863,0.0],[117.87873,39.17008,0.0],[117.87847,39.17048,0.0],[117.87832,39.17077,0.0],[117.87836,39.17102,0.0],[117.87832,39.17109,0.0],[117.87814,39.1711,0.0],[117.87763,39.17109,0.0],[117.87645,39.1708,0.0],[117.87627,39.17079,0.0],[117.87605,39.17081,0.0],[117.87588,39.17085,0.0],[117.8757,39.17091,0.0],[117.8755,39.17108,0.0],[117.87541,39.17119,0.0],[117.87532,39.17137,0.0],[117.87527,39.17151,0.0],[117.87527,39.17162,0.0],[117.87532,39.17176,0.0],[117.87551,39.17203,0.0],[117.87571,39.1723,0.0],[117.87597,39.17262,0.0],[117.87616,39.17281,0.0],[117.87668,39.17334,0.0],[117.87668,39.17358,0.0],[117.87631,39.17418,0.0],[117.87622,39.17475,0.0],[117.87615,39.17524,0.0],[117.87611,39.17543,0.0],[117.87609,39.17555,0.0],[117.87602,39.17565,0.0],[117.87556,39.17593,0.0],[117.87496,39.17633,0.0],[117.87479,39.1764,0.0],[117.87429,39.17648,0.0],[117.8741,39.1765,0.0],[117.87381,39.17657,0.0],[117.8736,39.17664,0.0],[117.87344,39.17674,0.0],[117.87334,39.17684,0.0],[117.87323,39.17698,0.0],[117.87314,39.17721,0.0],[117.87312,39.17733,0.0],[117.87312,39.17743,0.0],[117.87321,39.17761,0.0],[117.87337,39.17791,0.0],[117.87366,39.17843,0.0],[117.87098,39.18242,0.0],[117.86953,39.18192,0.0],[117.86929,39.18225,0.0],[117.86546,39.18072,0.0],[117.8653,39.18096,0.0],[117.86492,39.18083,0.0],[117.86466,39.18072,0.0],[117.86417,39.18039,0.0],[117.86395,39.1802,0.0],[117.86376,39.17994,0.0],[117.86363,39.17964,0.0],[117.86359,39.17942,0.0],[117.86357,39.17915,0.0],[117.86349,39.17885,0.0],[117.8634,39.1786,0.0],[117.86338,39.1784,0.0],[117.86344,39.17813,0.0],[117.86361,39.17787,0.0],[117.86373,39.17766,0.0],[117.86408,39.1774,0.0],[117.86428,39.17721,0.0],[117.86437,39.17709,0.0],[117.86443,39.17694,0.0],[117.86449,39.17665,0.0],[117.86455,39.17652,0.0],[117.86465,39.17637,0.0],[117.86484,39.17625,0.0],[117.8651,39.17617,0.0],[117.86546,39.17615,0.0],[117.86589,39.17616,0.0],[117.86614,39.17619,0.0],[117.86634,39.17618,0.0],[117.86665,39.17608,0.0],[117.86685,39.17595,0.0],[117.86715,39.17559,0.0],[117.86748,39.17507,0.0],[117.86763,39.17489,0.0],[117.86782,39.17477,0.0],[117.8681,39.1746,0.0],[117.86835,39.17452,0.0],[117.86867,39.17444,0.0],[117.86896,39.17443,0.0],[117.86931,39.17441,0.0],[117.86971,39.17433,0.0],[117.87002,39.17424,0.0],[117.87032,39.17407,0.0],[117.87062,39.17385,0.0],[117.87075,39.17372,0.0],[117.871,39.17334,0.0],[117.87111,39.17316,0.0],[117.87123,39.17306,0.0],[117.87147,39.173,0.0],[117.87166,39.173,0.0],[117.87193,39.17306,0.0],[117.87228,39.17313,0.0],[117.87248,39.17313,0.0],[117.87268,39.17307,0.0],[117.87283,39.17301,0.0],[117.8731,39.17277,0.0],[117.87326,39.17259,0.0],[117.87333,39.17244,0.0],[117.87342,39.17224,0.0],[117.87343,39.17203,0.0],[117.87339,39.17179,0.0],[117.87341,39.17168,0.0],[117.87349,39.17152,0.0],[117.87361,39.1714,0.0],[117.87388,39.1712,0.0],[117.87412,39.17102,0.0],[117.87426,39.17084,0.0],[117.87437,39.17064,0.0],[117.87442,39.17045,0.0],[117.87443,39.17025,0.0],[117.87438,39.16998,0.0],[117.8743,39.16974,0.0],[117.87428,39.16965,0.0],[117.87433,39.16947,0.0],[117.87452,39.16892,0.0],[117.87453,39.16879,0.0],[117.8745,39.16864,0.0],[117.87439,39.16842,0.0],[117.87426,39.16826,0.0],[117.8741,39.16813,0.0],[117.87391,39.16804,0.0],[117.87363,39.16777,0.0],[117.87348,39.16757,0.0],[117.87334,39.16733,0.0],[117.87328,39.16715,0.0],[117.87326,39.1669,0.0],[117.87327,39.16673,0.0],[117.87332,39.16651,0.0],[117.87345,39.16626,0.0],[117.8736,39.166,0.0],[117.8737,39.16587,0.0],[117.87323,39.16532,0.0],[117.87358,39.16511,0.0],[117.87378,39.16522,0.0],[117.87436,39.16494,0.0],[117.87449,39.16486,0.0],[117.87453,39.16478,0.0],[117.87454,39.16472,0.0],[117.87449,39.16464,0.0],[117.87443,39.16459,0.0],[117.87435,39.16458,0.0],[117.87427,39.16458,0.0],[117.87413,39.16464,0.0],[117.87276,39.16542,0.0],[117.87169,39.16609,0.0],[117.87081,39.16667,0.0],[117.87004,39.16721,0.0],[117.86931,39.16775,0.0],[117.86789,39.16891,0.0],[117.86687,39.16984,0.0],[117.86609,39.1706,0.0],[117.86536,39.17138,0.0],[117.8648,39.17202,0.0],[117.8641,39.17286,0.0],[117.86347,39.17368,0.0],[117.86312,39.17417,0.0],[117.86005,39.17882,0.0],[117.85966,39.17917,0.0],[117.85947,39.17943,0.0],[117.85943,39.17942,0.0],[117.85748,39.18237,0.0],[117.85278,39.18049,0.0],[117.85459,39.17779,0.0],[117.85637,39.17851,0.0],[117.85665,39.1781,0.0],[117.85487,39.17738,0.0],[117.8551,39.17701,0.0],[117.85464,39.17672,0.0],[117.85456,39.17666,0.0],[117.85453,39.17659,0.0],[117.85454,39.17647,0.0],[117.8548,39.17606,0.0],[117.85486,39.17603,0.0],[117.85525,39.17617,0.0],[117.85548,39.17588,0.0],[117.85548,39.1758,0.0],[117.85546,39.17575,0.0],[117.85531,39.17566,0.0],[117.85519,39.17563,0.0],[117.85516,39.1756,0.0],[117.85521,39.17545,0.0],[117.85569,39.1747,0.0],[117.85663,39.17324,0.0],[117.85674,39.17317,0.0],[117.85681,39.17309,0.0],[117.85684,39.17303,0.0],[117.85683,39.17295,0.0],[117.85731,39.17224,0.0],[117.85773,39.17158,0.0],[117.85791,39.17136,0.0],[117.85795,39.17127,0.0],[117.85826,39.17082,0.0],[117.85834,39.17079,0.0],[117.85838,39.17077,0.0],[117.85841,39.17072,0.0],[117.85842,39.17067,0.0],[117.85841,39.1706,0.0],[117.85843,39.17055,0.0],[117.85866,39.17023,0.0],[117.85878,39.17005,0.0],[117.85961,39.16881,0.0],[117.85975,39.16859,0.0],[117.8599,39.16843,0.0],[117.86002,39.16831,0.0],[117.86009,39.16822,0.0],[117.86013,39.16813,0.0],[117.86015,39.16802,0.0],[117.86171,39.16566,0.0],[117.86178,39.16562,0.0],[117.86182,39.16559,0.0],[117.86184,39.16551,0.0],[117.86184,39.16545,0.0],[117.86333,39.16323,0.0],[117.8634,39.16319,0.0],[117.86345,39.16316,0.0],[117.86348,39.16311,0.0],[117.86348,39.16301,0.0],[117.86444,39.16159,0.0],[117.86473,39.16107,0.0],[117.86552,39.1611,0.0],[117.86553,39.16113,0.0],[117.86551,39.16116,0.0],[117.86549,39.16118,0.0],[117.86548,39.16123,0.0],[117.86551,39.16126,0.0],[117.86557,39.16127,0.0],[117.86979,39.16119,0.0],[117.87019,39.16101,0.0],[117.87045,39.16084,0.0],[117.87065,39.16067,0.0],[117.87087,39.16041,0.0],[117.87441,39.15511,0.0],[117.87404,39.15492,0.0],[117.8725,39.15718,0.0],[117.86521,39.15419,0.0],[117.86533,39.15394,0.0],[117.8652,39.15385,0.0],[117.86239,39.1581,0.0],[117.85952,39.16232,0.0],[117.85025,39.17559,0.0],[117.84006,39.17666,0.0],[117.8287,39.16966,0.0],[117.83315,39.16709,0.0],[117.83377,39.16764,0.0],[117.83398,39.16755,0.0],[117.83727,39.16565,0.0],[117.83747,39.16551,0.0],[117.8375,39.16528,0.0],[117.83741,39.16503,0.0],[117.83702,39.16473,0.0],[117.83616,39.164,0.0],[117.83463,39.16214,0.0],[117.83238,39.15921,0.0],[117.83248,39.15909,0.0],[117.83239,39.159,0.0],[117.83223,39.15904,0.0],[117.83103,39.15739,0.0],[117.83061,39.15716,0.0],[117.83016,39.15713,0.0],[117.8297,39.15731,0.0],[117.82811,39.15801,0.0],[117.82734,39.15824,0.0],[117.82563,39.15854,0.0],[117.82401,39.15875,0.0],[117.82094,39.15868,0.0],[117.81928,39.1585,0.0],[117.8191,39.15841,0.0],[117.81906,39.15824,0.0],[117.81912,39.1572,0.0],[117.81908,39.15634,0.0],[117.81892,39.15549,0.0],[117.81866,39.15451,0.0],[117.81817,39.15337,0.0],[117.81758,39.15228,0.0],[117.81669,39.1512,0.0],[117.81637,39.15106,0.0],[117.81605,39.15104,0.0],[117.81578,39.15112,0.0],[117.81313,39.15324,0.0],[117.81304,39.15338,0.0],[117.81308,39.15358,0.0],[117.81321,39.15378,0.0],[117.81374,39.15453,0.0],[117.81411,39.15527,0.0],[117.8144,39.15614,0.0],[117.81449,39.15708,0.0],[117.81445,39.15801,0.0],[117.81423,39.15894,0.0],[117.81388,39.1597,0.0],[117.81357,39.16024,0.0],[117.81322,39.16069,0.0],[117.80912,39.15748,0.0],[117.80906,39.1573,0.0],[117.80912,39.15721,0.0],[117.80935,39.15705,0.0],[117.80936,39.15696,0.0],[117.80928,39.15685,0.0],[117.80798,39.15581,0.0],[117.80828,39.1556,0.0],[117.80911,39.15623,0.0],[117.80923,39.15613,0.0],[117.80756,39.15489,0.0],[117.80739,39.15502,0.0],[117.80763,39.1552,0.0],[117.80741,39.15535,0.0],[117.80601,39.15431,0.0],[117.80555,39.1547,0.0],[117.80124,39.15188,0.0],[117.80189,39.15155,0.0],[117.80262,39.15126,0.0],[117.80346,39.151,0.0],[117.80433,39.1508,0.0],[117.80538,39.15069,0.0],[117.80655,39.15067,0.0],[117.80785,39.15078,0.0],[117.8093,39.15114,0.0],[117.81041,39.15157,0.0],[117.81067,39.15166,0.0],[117.81095,39.15165,0.0],[117.81118,39.15156,0.0],[117.81361,39.14961,0.0],[117.81377,39.14938,0.0],[117.81375,39.14916,0.0],[117.81366,39.14894,0.0],[117.81335,39.14875,0.0],[117.81184,39.14809,0.0],[117.81018,39.14759,0.0],[117.8083,39.14723,0.0],[117.80634,39.14708,0.0],[117.80431,39.14716,0.0],[117.80247,39.14749,0.0],[117.80095,39.14794,0.0],[117.79974,39.14841,0.0],[117.79875,39.14887,0.0],[117.79809,39.14923,0.0],[117.79765,39.14948,0.0],[117.79676,39.14888,0.0],[117.79557,39.14814,0.0],[117.79471,39.14755,0.0],[117.7938,39.1468,0.0],[117.79311,39.14598,0.0],[117.79271,39.14542,0.0],[117.79235,39.1449,0.0],[117.79193,39.14417,0.0],[117.79139,39.1431,0.0],[117.78662,39.1343,0.0],[117.80794,39.12207,0.0],[117.79456,39.11575,0.0],[117.78647,39.10558,0.0],[117.78472,39.0937,0.0],[117.79252,39.0804,0.0],[117.78017,39.08461,0.0],[117.77991,39.08418,0.0],[117.77877,39.08456,0.0],[117.77898,39.08492,0.0],[117.77738,39.08544,0.0],[117.77648,39.08465,0.0],[117.76959,39.0865,0.0],[117.77042,39.08815,0.0],[117.77511,39.08688,0.0],[117.77585,39.08822,0.0],[117.77574,39.08897,0.0],[117.77453,39.0894,0.0],[117.77464,39.08966,0.0],[117.77431,39.09013,0.0],[117.77373,39.09053,0.0],[117.77321,39.09075,0.0],[117.77243,39.09084,0.0],[117.77155,39.09075,0.0],[117.77116,39.09048,0.0],[117.77013,39.09084,0.0],[117.76897,39.08913,0.0],[117.76761,39.08692,0.0],[117.7475,39.09211,0.0],[117.74451,39.08394,0.0],[117.7416,39.08467,0.0],[117.74248,39.08638,0.0],[117.7365,39.08859,0.0],[117.73734,39.0902,0.0],[117.73708,39.09048,0.0],[117.7367,39.09055,0.0],[117.73563,39.08885,0.0],[117.73503,39.08902,0.0],[117.73602,39.09082,0.0],[117.73602,39.09117,0.0],[117.73562,39.09124,0.0],[117.73438,39.0893,0.0],[117.72731,39.09193,0.0],[117.72789,39.09356,0.0],[117.7269,39.09395,0.0],[117.72674,39.09447,0.0],[117.72642,39.09473,0.0],[117.72609,39.09524,0.0],[117.72612,39.09807,0.0],[117.72647,39.09961,0.0],[117.72646,39.10281,0.0],[117.72645,39.10358,0.0],[117.72636,39.10359,0.0],[117.72625,39.10364,0.0],[117.72619,39.10376,0.0],[117.7262,39.10443,0.0],[117.7262,39.10463,0.0],[117.72625,39.10476,0.0],[117.72643,39.10487,0.0],[117.72688,39.10808,0.0],[117.72658,39.11091,0.0],[117.72443,39.10969,0.0],[117.7222,39.10842,0.0],[117.72211,39.10837,0.0],[117.72225,39.10657,0.0],[117.72212,39.10556,0.0],[117.7221,39.1048,0.0],[117.72217,39.10472,0.0],[117.72218,39.10444,0.0],[117.72217,39.10378,0.0],[117.72211,39.10371,0.0],[117.72206,39.10366,0.0],[117.72206,39.10299,0.0],[117.72155,39.10221,0.0],[117.72152,39.09912,0.0],[117.72181,39.09553,0.0],[117.72228,39.09207,0.0],[117.72292,39.09128,0.0],[117.72308,39.09115,0.0],[117.72373,39.09012,0.0],[117.72537,39.08883,0.0],[117.72634,39.088,0.0],[117.72622,39.08785,0.0],[117.72518,39.08793,0.0],[117.72498,39.08755,0.0],[117.72767,39.08716,0.0],[117.72756,39.08678,0.0],[117.72785,39.0867,0.0],[117.72823,39.08672,0.0],[117.72797,39.08624,0.0],[117.72814,39.08611,0.0],[117.72946,39.08576,0.0],[117.7307,39.08533,0.0],[117.73113,39.08504,0.0],[117.73178,39.0843,0.0],[117.73248,39.08333,0.0],[117.73345,39.08379,0.0],[117.73678,39.082,0.0],[117.73496,39.08162,0.0],[117.73525,39.08073,0.0],[117.73696,39.08104,0.0],[117.73739,39.08056,0.0],[117.73794,39.08039,0.0],[117.73821,39.08023,0.0],[117.73886,39.07989,0.0],[117.73943,39.07961,0.0],[117.74028,39.07929,0.0],[117.74064,39.07926,0.0],[117.74126,39.08045,0.0],[117.7421,39.08021,0.0],[117.74178,39.07953,0.0],[117.74459,39.07851,0.0],[117.74751,39.07765,0.0],[117.75361,39.07585,0.0],[117.80563,39.0585,0.0],[117.80603,39.05815,0.0],[117.81411,39.05528,0.0],[117.81464,39.05468,0.0],[117.8059,39.05777,0.0],[117.80528,39.05777,0.0],[117.80837,39.0467,0.0],[117.81769,39.0134,0.0],[117.8191,39.0135,0.0],[117.82013,39.0135,0.0],[117.821,39.01345,0.0],[117.82206,39.01333,0.0],[117.82315,39.0132,0.0],[117.8239,39.01301,0.0],[117.82502,39.0127,0.0],[117.82604,39.01235,0.0],[117.82649,39.01217,0.0],[117.82768,39.01165,0.0],[117.82849,39.0112,0.0],[117.82907,39.01088,0.0],[117.83,39.01027,0.0],[117.83061,39.00979,0.0],[117.83114,39.00933,0.0],[117.8317,39.00879,0.0],[117.83231,39.00814,0.0],[117.83276,39.00757,0.0],[117.83306,39.00716,0.0],[117.8334,39.00665,0.0],[117.83376,39.00601,0.0],[117.83409,39.00536,0.0],[117.83428,39.00487,0.0],[117.83452,39.00412,0.0],[117.8347,39.0034,0.0],[117.8348,39.00284,0.0],[117.8349,39.00197,0.0],[117.83489,39.0012,0.0],[117.83483,39.00045,0.0],[117.83473,38.99975,0.0],[117.83455,38.99897,0.0],[117.83437,38.99843,0.0],[117.83435,38.99842,0.0],[117.83434,38.99842,0.0],[117.83431,38.99843,0.0],[117.83429,38.99845,0.0],[117.83428,38.99846,0.0],[117.83444,38.99896,0.0],[117.83458,38.99947,0.0],[117.83468,39.0,0.0],[117.83474,39.0007,0.0],[117.8348,39.00136,0.0],[117.83479,39.00192,0.0],[117.83476,39.00225,0.0],[117.83472,39.00261,0.0],[117.83466,39.00307,0.0],[117.83458,39.00351,0.0],[117.83444,39.00403,0.0],[117.83429,39.00452,0.0],[117.83412,39.00498,0.0],[117.83398,39.00536,0.0],[117.83379,39.00575,0.0],[117.83359,39.00616,0.0],[117.83339,39.00648,0.0],[117.83314,39.00688,0.0],[117.83287,39.00729,0.0],[117.83263,39.00761,0.0],[117.83217,39.00817,0.0],[117.8318,39.00857,0.0],[117.83138,39.00899,0.0],[117.83108,39.00928,0.0],[117.8306,39.00969,0.0],[117.83014,39.01005,0.0],[117.82986,39.01025,0.0],[117.82945,39.01053,0.0],[117.82909,39.01077,0.0],[117.8285,39.01112,0.0],[117.828,39.01138,0.0],[117.82732,39.01171,0.0],[117.82682,39.01194,0.0],[117.82619,39.01217,0.0],[117.82524,39.01246,0.0],[117.82451,39.01265,0.0],[117.82438,39.01266,0.0],[117.82416,39.0126,0.0],[117.82401,39.01249,0.0],[117.82361,39.01218,0.0],[117.82272,39.01175,0.0],[117.82219,39.01157,0.0],[117.82181,39.01139,0.0],[117.8214,39.01115,0.0],[117.82091,39.0107,0.0],[117.82073,39.01041,0.0],[117.82036,39.0099,0.0],[117.82016,39.0094,0.0],[117.82015,39.00902,0.0],[117.8202,39.00853,0.0],[117.82048,39.00759,0.0],[117.82082,39.00626,0.0],[117.82117,39.00494,0.0],[117.82192,39.00227,0.0],[117.82351,38.99706,0.0],[117.83069,38.99839,0.0],[117.83132,38.99808,0.0],[117.83118,38.99802,0.0],[117.83066,38.99826,0.0],[117.82281,38.99686,0.0],[117.82278,38.99682,0.0],[117.82266,38.99678,0.0],[117.82285,38.99609,0.0],[117.82322,38.99565,0.0],[117.82351,38.99474,0.0],[117.82395,38.99404,0.0],[117.8243,38.99366,0.0],[117.8249,38.99335,0.0],[117.82571,38.9931,0.0],[117.82654,38.99306,0.0],[117.82752,38.99317,0.0],[117.82691,38.99265,0.0],[117.82696,38.99262,0.0],[117.827,38.99257,0.0],[117.82701,38.99251,0.0],[117.82703,38.99248,0.0],[117.82781,38.99278,0.0],[117.82849,38.99309,0.0],[117.82954,38.99365,0.0],[117.83025,38.99412,0.0],[117.83045,38.99427,0.0],[117.83083,38.99455,0.0],[117.83135,38.99498,0.0],[117.83193,38.99552,0.0],[117.83239,38.99602,0.0],[117.83289,38.99662,0.0],[117.83317,38.99701,0.0],[117.83329,38.99716,0.0],[117.83248,38.99753,0.0],[117.83256,38.99763,0.0],[117.83337,38.99732,0.0],[117.8334,38.99734,0.0],[117.83345,38.99734,0.0],[117.8335,38.99731,0.0],[117.83351,38.99729,0.0],[117.83347,38.99721,0.0],[117.83295,38.99648,0.0],[117.83238,38.99579,0.0],[117.8319,38.9953,0.0],[117.83147,38.99491,0.0],[117.83108,38.99457,0.0],[117.83078,38.99434,0.0],[117.83043,38.99408,0.0],[117.8304,38.994,0.0],[117.82985,38.99365,0.0],[117.8293,38.99331,0.0],[117.82852,38.99289,0.0],[117.82776,38.99254,0.0],[117.82725,38.99232,0.0],[117.82718,38.99228,0.0],[117.82711,38.99221,0.0],[117.82699,38.99211,0.0],[117.82674,38.99201,0.0],[117.82581,38.99178,0.0],[117.8248,38.99161,0.0],[117.82449,38.99155,0.0],[117.82426,38.99144,0.0],[117.82418,38.99136,0.0],[117.82408,38.99123,0.0],[117.82909,38.97369,0.0],[117.82857,38.97377,0.0],[117.82853,38.9736,0.0],[117.82767,38.97375,0.0],[117.82772,38.9739,0.0],[117.82668,38.97406,0.0],[117.8267,38.97413,0.0],[117.8241,38.97454,0.0],[117.82393,38.97388,0.0],[117.82315,38.974,0.0],[117.8232,38.97424,0.0],[117.819,38.97492,0.0],[117.8114,38.97611,0.0],[117.81151,38.97654,0.0],[117.80981,38.97683,0.0],[117.80815,38.97524,0.0],[117.79405,38.98428,0.0],[117.79551,38.98675,0.0],[117.79449,38.98708,0.0],[117.79437,38.98712,0.0],[117.79181,38.98795,0.0],[117.79163,38.9882,0.0],[117.79144,38.98818,0.0],[117.79146,38.9881,0.0],[117.79074,38.98798,0.0],[117.78501,39.00819,0.0],[117.78566,39.00831,0.0],[117.78569,39.00823,0.0],[117.78586,39.00826,0.0],[117.78581,39.00856,0.0],[117.78589,39.00861,0.0],[117.7752,39.04592,0.0],[117.77465,39.0465,0.0],[117.77443,39.04673,0.0],[117.77442,39.0467,0.0],[117.77438,39.04663,0.0],[117.77431,39.0465,0.0],[117.7742,39.04628,0.0],[117.77357,39.0465,0.0],[117.76282,39.05029,0.0],[117.76311,39.05081,0.0],[117.76268,39.05093,0.0],[117.76171,39.05086,0.0],[117.76124,39.04956,0.0],[117.76006,39.04729,0.0],[117.76058,39.0467,0.0],[117.76278,39.04424,0.0],[117.76316,39.0426,0.0],[117.76894,39.02068,0.0],[117.76864,39.0201,0.0],[117.76882,39.02,0.0],[117.77165,39.00994,0.0],[117.77158,39.00943,0.0],[117.77183,39.00919,0.0],[117.7728,39.00936,0.0],[117.77753,38.9924,0.0],[117.77898,38.98741,0.0],[117.77946,38.98573,0.0],[117.77888,38.9849,0.0],[117.78967,38.97755,0.0],[117.78925,38.97713,0.0],[117.78851,38.97758,0.0],[117.78817,38.97734,0.0],[117.78824,38.97722,0.0],[117.78808,38.97711,0.0],[117.78842,38.97686,0.0],[117.78763,38.97543,0.0],[117.78718,38.97468,0.0],[117.78658,38.97361,0.0],[117.7849,38.97403,0.0],[117.77416,38.97723,0.0],[117.77396,38.97693,0.0],[117.76996,38.97839,0.0],[117.76969,38.97843,0.0],[117.76653,38.97953,0.0],[117.76539,38.97994,0.0],[117.76559,38.97628,0.0],[117.76242,38.97679,0.0],[117.76205,38.9816,0.0],[117.75792,38.98305,0.0],[117.75772,38.98293,0.0],[117.75723,38.97819,0.0],[117.75708,38.9782,0.0],[117.75721,38.97962,0.0],[117.75593,38.98007,0.0],[117.75581,38.97864,0.0],[117.75417,38.97922,0.0],[117.75463,38.98416,0.0],[117.75068,38.9856,0.0],[117.75048,38.98548,0.0],[117.7503,38.98493,0.0],[117.74953,38.98302,0.0],[117.74929,38.98221,0.0],[117.74887,38.98109,0.0],[117.74623,38.98205,0.0],[117.74781,38.98644,0.0],[117.74398,38.98778,0.0],[117.74356,38.98718,0.0],[117.7437,38.98714,0.0],[117.74295,38.9858,0.0],[117.74212,38.98444,0.0],[117.7419,38.98419,0.0],[117.73862,38.98537,0.0],[117.73731,38.9859,0.0],[117.73702,38.98593,0.0],[117.72808,38.9891,0.0],[117.72708,38.98943,0.0],[117.72695,38.98926,0.0],[117.72642,38.98943,0.0],[117.72659,38.98973,0.0],[117.72533,38.99014,0.0],[117.72473,38.98909,0.0],[117.7244,38.98923,0.0],[117.72543,38.99123,0.0],[117.72421,38.99163,0.0],[117.7229,38.99189,0.0],[117.72257,38.9919,0.0],[117.72223,38.99164,0.0],[117.7219,38.99151,0.0],[117.72207,38.99126,0.0],[117.72279,38.98974,0.0],[117.72257,38.9897,0.0],[117.72189,38.99103,0.0],[117.72166,38.99098,0.0],[117.72151,38.99141,0.0],[117.72091,38.99126,0.0],[117.71988,38.99326,0.0],[117.71955,38.99318,0.0],[117.72052,38.99117,0.0],[117.72036,38.99113,0.0],[117.71934,38.99306,0.0],[117.71735,38.99249,0.0],[117.71794,38.99109,0.0],[117.71774,38.99104,0.0],[117.71722,38.99228,0.0],[117.71669,38.99214,0.0],[117.71606,38.99328,0.0],[117.7158,38.99323,0.0],[117.71642,38.99206,0.0],[117.7144,38.9915,0.0],[117.71506,38.99148,0.0],[117.71513,38.99139,0.0],[117.7141,38.99147,0.0],[117.71382,38.99155,0.0],[117.71372,38.99138,0.0],[117.71399,38.99126,0.0],[117.71421,38.99089,0.0],[117.71409,38.99056,0.0],[117.71424,38.99021,0.0],[117.71447,38.99007,0.0],[117.71463,38.9899,0.0],[117.71466,38.98955,0.0],[117.7146,38.98902,0.0],[117.71436,38.98841,0.0],[117.71597,38.98774,0.0],[117.7159,38.98714,0.0],[117.71664,38.98686,0.0],[117.71697,38.98736,0.0],[117.71967,38.98638,0.0],[117.7192,38.98565,0.0],[117.72319,38.98418,0.0],[117.72241,38.98289,0.0],[117.7227,38.98279,0.0],[117.72367,38.98438,0.0],[117.72449,38.98407,0.0],[117.7239,38.983,0.0],[117.72594,38.98228,0.0],[117.72694,38.98397,0.0],[117.72725,38.98387,0.0],[117.72615,38.98209,0.0],[117.72636,38.98188,0.0],[117.72743,38.98152,0.0],[117.72772,38.98159,0.0],[117.72873,38.98325,0.0],[117.73135,38.98228,0.0],[117.73116,38.98193,0.0],[117.7289,38.98275,0.0],[117.72787,38.98112,0.0],[117.72816,38.981,0.0],[117.72831,38.98122,0.0],[117.731,38.98029,0.0],[117.73088,38.98005,0.0],[117.73121,38.97994,0.0],[117.73197,38.98128,0.0],[117.73223,38.98119,0.0],[117.73235,38.98104,0.0],[117.73242,38.98102,0.0],[117.73254,38.98097,0.0],[117.73271,38.98115,0.0],[117.73313,38.98098,0.0],[117.73305,38.98079,0.0],[117.73573,38.97985,0.0],[117.73782,38.97915,0.0],[117.73873,38.97879,0.0],[117.73885,38.97875,0.0],[117.7396,38.97849,0.0],[117.73972,38.97844,0.0],[117.74061,38.97813,0.0],[117.74073,38.97809,0.0],[117.74169,38.97775,0.0],[117.7418,38.97771,0.0],[117.74254,38.97745,0.0],[117.74265,38.97741,0.0],[117.7433,38.97718,0.0],[117.74344,38.97713,0.0],[117.74424,38.97685,0.0],[117.74441,38.97679,0.0],[117.74591,38.97626,0.0],[117.74606,38.97621,0.0],[117.74676,38.976,0.0],[117.747,38.97638,0.0],[117.75168,38.97468,0.0],[117.75151,38.97442,0.0],[117.75163,38.97437,0.0],[117.75179,38.97464,0.0],[117.75397,38.97385,0.0],[117.75379,38.97347,0.0],[117.75406,38.97316,0.0],[117.75736,38.97195,0.0],[117.7573,38.97156,0.0],[117.75997,38.97127,0.0],[117.76003,38.9715,0.0],[117.76142,38.9713,0.0],[117.76138,38.97111,0.0],[117.7625,38.97097,0.0],[117.76253,38.97107,0.0],[117.76378,38.9709,0.0],[117.76375,38.97079,0.0],[117.76629,38.9704,0.0],[117.76645,38.97014,0.0],[117.76796,38.9699,0.0],[117.76835,38.96966,0.0],[117.76852,38.97025,0.0],[117.77255,38.96961,0.0],[117.7725,38.96942,0.0],[117.77239,38.96902,0.0],[117.77402,38.96875,0.0],[117.7742,38.96872,0.0],[117.77909,38.96792,0.0],[117.77928,38.96789,0.0],[117.78265,38.96734,0.0],[117.78277,38.96777,0.0],[117.78283,38.96798,0.0],[117.799,38.96533,0.0],[117.79893,38.96479,0.0],[117.80841,38.9632,0.0],[117.80748,38.9598,0.0],[117.82319,38.95727,0.0],[117.83808,38.95494,0.0],[117.83208,38.93986,0.0],[117.81631,38.94392,0.0],[117.81582,38.94385,0.0],[117.81575,38.94369,0.0],[117.80273,38.94701,0.0],[117.77632,38.95393,0.0],[117.76118,38.95788,0.0],[117.76088,38.95796,0.0],[117.76033,38.9581,0.0],[117.75845,38.95858,0.0],[117.75826,38.95862,0.0],[117.75098,38.96048,0.0],[117.75085,38.96051,0.0],[117.75063,38.96057,0.0],[117.75058,38.96075,0.0],[117.73665,38.96368,0.0],[117.73294,38.96533,0.0],[117.72956,38.96675,0.0],[117.72624,38.96813,0.0],[117.72617,38.96801,0.0],[117.72534,38.96839,0.0],[117.72475,38.96793,0.0],[117.72122,38.96733,0.0],[117.7208,38.96785,0.0],[117.72018,38.96816,0.0],[117.71954,38.96891,0.0],[117.71934,38.96937,0.0],[117.71905,38.96945,0.0],[117.71673,38.96878,0.0],[117.71719,38.96827,0.0],[117.718,38.96751,0.0],[117.71986,38.96579,0.0],[117.72272,38.96347,0.0],[117.72285,38.96284,0.0],[117.72412,38.96162,0.0],[117.72544,38.96055,0.0],[117.73061,38.9574,0.0],[117.73737,38.95403,0.0],[117.73693,38.95357,0.0],[117.73708,38.95348,0.0],[117.7373,38.95354,0.0],[117.73858,38.95317,0.0],[117.73876,38.95312,0.0],[117.74267,38.95204,0.0],[117.74313,38.95191,0.0],[117.74419,38.95159,0.0],[117.74439,38.95154,0.0],[117.74746,38.95069,0.0],[117.74755,38.95067,0.0],[117.7505,38.9498,0.0],[117.75069,38.94975,0.0],[117.75645,38.94814,0.0],[117.75666,38.94851,0.0],[117.76238,38.94697,0.0],[117.77044,38.94476,0.0],[117.77019,38.94441,0.0],[117.77031,38.94438,0.0],[117.77042,38.94428,0.0],[117.7703,38.94419,0.0],[117.77018,38.94419,0.0],[117.77006,38.94417,0.0],[117.76995,38.94411,0.0],[117.76929,38.9426,0.0],[117.76924,38.94249,0.0],[117.76906,38.94207,0.0],[117.76901,38.94196,0.0],[117.769,38.94192,0.0],[117.76895,38.94181,0.0],[117.76863,38.9411,0.0],[117.7686,38.94104,0.0],[117.76859,38.94097,0.0],[117.76855,38.94089,0.0],[117.76841,38.94059,0.0],[117.76835,38.94046,0.0],[117.76341,38.92906,0.0],[117.76445,38.92881,0.0],[117.76474,38.92942,0.0],[117.76488,38.92938,0.0],[117.7646,38.92875,0.0],[117.7653,38.92857,0.0],[117.76616,38.92836,0.0],[117.76673,38.92821,0.0],[117.76799,38.92792,0.0],[117.76831,38.92848,0.0],[117.77067,38.92787,0.0],[117.77875,38.92564,0.0],[117.78471,38.93915,0.0],[117.78438,38.93923,0.0],[117.78464,38.93974,0.0],[117.78423,38.93987,0.0],[117.78436,38.94008,0.0],[117.78643,38.93951,0.0],[117.78614,38.93895,0.0],[117.78799,38.93836,0.0],[117.79362,38.93676,0.0],[117.79373,38.93673,0.0],[117.79675,38.93587,0.0],[117.79701,38.9358,0.0],[117.82067,38.92908,0.0],[117.81716,38.92113,0.0],[117.81788,38.92086,0.0],[117.81526,38.91462,0.0],[117.82133,38.91284,0.0],[117.81664,38.90104,0.0],[117.79653,38.89253,0.0],[117.77007,38.8927,0.0],[117.74324,38.89363,0.0],[117.73527,38.89586,0.0],[117.73306,38.89077,0.0],[117.72921,38.88926,0.0],[117.71139,38.89366,0.0],[117.71041,38.89112,0.0],[117.7073,38.89183,0.0],[117.70709,38.89174,0.0],[117.70684,38.89168,0.0],[117.70661,38.8918,0.0],[117.70647,38.89209,0.0],[117.68497,38.89737,0.0],[117.6839,38.89764,0.0],[117.68353,38.89756,0.0],[117.68334,38.89717,0.0],[117.68331,38.89712,0.0],[117.68349,38.89693,0.0],[117.6833,38.89659,0.0],[117.68201,38.89359,0.0],[117.68198,38.89352,0.0],[117.68145,38.89228,0.0],[117.68107,38.89218,0.0],[117.68062,38.89131,0.0],[117.68099,38.8912,0.0],[117.68085,38.89076,0.0],[117.68215,38.89043,0.0],[117.68227,38.89056,0.0],[117.68316,38.89031,0.0],[117.68318,38.89064,0.0],[117.68699,38.88967,0.0],[117.68712,38.88996,0.0],[117.69148,38.88887,0.0],[117.69442,38.88816,0.0],[117.69424,38.8878,0.0],[117.69706,38.88703,0.0],[117.69637,38.88534,0.0],[117.69891,38.88467,0.0],[117.69968,38.88651,0.0],[117.70641,38.88475,0.0],[117.71347,38.88299,0.0],[117.66929,38.86479,0.0],[117.66077,38.85849,0.0],[117.65329,38.84636,0.0],[117.6465,38.84804,0.0],[117.63993,38.8555,0.0],[117.63819,38.85591,0.0],[117.63379,38.85055,0.0],[117.62979,38.84638,0.0],[117.61864,38.84092,0.0],[117.60624,38.81959,0.0],[117.60318,38.81722,0.0],[117.59687,38.81231,0.0],[117.59501,38.80759,0.0],[117.59286,38.80346,0.0],[117.59071,38.79919,0.0],[117.5866,38.79004,0.0],[117.58596,38.78829,0.0],[117.58616,38.78665,0.0],[117.58405,38.78032,0.0],[117.58503,38.77857,0.0],[117.58758,38.77841,0.0],[117.58762,38.7767,0.0],[117.5886,38.77666,0.0],[117.59183,38.77593,0.0],[117.59286,38.77544,0.0],[117.59349,38.77563,0.0],[117.60257,38.77553,0.0],[117.60489,38.77449,0.0],[117.61895,38.77443,0.0],[117.61892,38.77425,0.0],[117.61334,38.77427,0.0],[117.60489,38.77427,0.0],[117.6023,38.77536,0.0],[117.59374,38.77544,0.0],[117.59291,38.77517,0.0],[117.59173,38.77574,0.0],[117.59071,38.77574,0.0],[117.58929,38.77529,0.0],[117.59124,38.77471,0.0],[117.59139,38.77273,0.0],[117.59198,38.77193,0.0],[117.5932,38.7709,0.0],[117.59697,38.76987,0.0],[117.59291,38.77071,0.0],[117.59051,38.76968,0.0],[117.58769,38.76969,0.0],[117.58085,38.77074,0.0],[117.57836,38.77047,0.0],[117.5736,38.76887,0.0],[117.57011,38.76906,0.0],[117.5679,38.77047,0.0],[117.56472,38.76935,0.0],[117.56489,38.76609,0.0],[117.57114,38.76372,0.0],[117.57987,38.76263,0.0],[117.57981,38.76469,0.0],[117.58106,38.76471,0.0],[117.5834,38.76416,0.0],[117.58339,38.76226,0.0],[117.5838,38.7622,0.0],[117.58384,38.76101,0.0],[117.58941,38.75973,0.0],[117.58957,38.76014,0.0],[117.59698,38.75849,0.0],[117.60407,38.75849,0.0],[117.60402,38.75797,0.0],[117.60905,38.7579,0.0],[117.60908,38.75152,0.0],[117.61229,38.75145,0.0],[117.6123,38.75121,0.0],[117.60901,38.75119,0.0],[117.60885,38.7146,0.0],[117.6135,38.71457,0.0],[117.61552,38.68993,0.0],[117.62055,38.66485,0.0],[117.60839,38.66488,0.0],[117.60815,38.66492,0.0],[117.60793,38.66505,0.0],[117.60806,38.6652,0.0],[117.60809,38.67398,0.0],[117.58683,38.67396,0.0],[117.58667,38.67211,0.0],[117.58659,38.66977,0.0],[117.58637,38.66753,0.0],[117.58344,38.6673,0.0],[117.57928,38.66655,0.0],[117.57923,38.66522,0.0],[117.58066,38.65997,0.0],[117.58166,38.65443,0.0],[117.58293,38.6481,0.0],[117.58274,38.64536,0.0],[117.58313,38.64138,0.0],[117.58441,38.63825,0.0],[117.58552,38.63847,0.0],[117.58714,38.63777,0.0],[117.58784,38.63815,0.0],[117.58825,38.637,0.0],[117.59831,38.63887,0.0],[117.59921,38.63857,0.0],[117.60169,38.63402,0.0],[117.60289,38.63034,0.0],[117.60286,38.62798,0.0],[117.6023,38.61731,0.0],[117.60152,38.61678,0.0],[117.60143,38.61619,0.0],[117.60114,38.61616,0.0],[117.6012,38.61669,0.0],[117.60044,38.6168,0.0],[117.60047,38.61699,0.0],[117.59563,38.61649,0.0],[117.58657,38.616,0.0],[117.57944,38.61483,0.0],[117.57849,38.61477,0.0],[117.57708,38.61445,0.0],[117.57637,38.61413,0.0],[117.57482,38.61378,0.0],[117.57216,38.61208,0.0],[117.57025,38.61132,0.0],[117.56884,38.61087,0.0],[117.56618,38.61098,0.0],[117.56145,38.61256,0.0],[117.55611,38.61228,0.0],[117.55261,38.61309,0.0],[117.55053,38.6156,0.0],[117.54745,38.6174,0.0],[117.5418,38.61848,0.0],[117.54042,38.6164,0.0],[117.5387,38.61606,0.0],[117.53618,38.61124,0.0],[117.53252,38.60969,0.0],[117.53531,38.60364,0.0],[117.53003,38.60198,0.0],[117.52194,38.6,0.0],[117.51928,38.60027,0.0],[117.51859,38.60074,0.0],[117.51799,38.60276,0.0],[117.52184,38.60474,0.0],[117.52074,38.60625,0.0],[117.51765,38.60599,0.0],[117.51698,38.607,0.0],[117.51807,38.60887,0.0],[117.51816,38.61035,0.0],[117.51764,38.61216,0.0],[117.5167,38.61378,0.0],[117.51532,38.61371,0.0],[117.51472,38.61337,0.0],[117.5148,38.6119,0.0],[117.51429,38.61035,0.0],[117.51257,38.60961,0.0],[117.51025,38.60988,0.0],[117.5069,38.61344,0.0],[117.50569,38.61357,0.0],[117.50449,38.61203,0.0],[117.50363,38.6119,0.0],[117.50096,38.61371,0.0],[117.49976,38.6131,0.0],[117.49933,38.61378,0.0],[117.50045,38.61438,0.0],[117.50028,38.61546,0.0],[117.49942,38.6168,0.0],[117.49821,38.61754,0.0],[117.49658,38.6174,0.0],[117.4946,38.61619,0.0],[117.49202,38.61485,0.0],[117.48652,38.61539,0.0],[117.47328,38.61666,0.0],[117.47561,38.61042,0.0],[117.47439,38.60967,0.0],[117.47294,38.60948,0.0],[117.47182,38.61008,0.0],[117.47079,38.60867,0.0],[117.46881,38.60813,0.0],[117.46826,38.60988,0.0],[117.46742,38.61061,0.0],[117.46589,38.61036,0.0],[117.45888,38.60915,0.0],[117.42617,38.60034,0.0],[117.41714,38.59537,0.0],[117.40985,38.59053,0.0],[117.40382,38.59342,0.0],[117.39531,38.58764,0.0],[117.3984,38.58536,0.0],[117.40356,38.58482,0.0],[117.39051,38.57422,0.0],[117.38714,38.57263,0.0],[117.36293,38.56415,0.0],[117.36327,38.58164,0.0],[117.34929,38.58003,0.0],[117.35215,38.57077,0.0],[117.34495,38.56593,0.0],[117.34476,38.56102,0.0],[117.34157,38.56096,0.0],[117.34054,38.56459,0.0],[117.32584,38.56405,0.0],[117.32609,38.56502,0.0],[117.31871,38.56425,0.0],[117.31879,38.56297,0.0],[117.30977,38.55713,0.0],[117.30283,38.55495,0.0],[117.2995,38.55655,0.0],[117.29833,38.56456,0.0],[117.29438,38.57104,0.0],[117.28913,38.57144,0.0],[117.28612,38.57117,0.0],[117.28621,38.5621,0.0],[117.27263,38.55948,0.0],[117.26669,38.55901,0.0],[117.26678,38.5578,0.0],[117.2592,38.5561,0.0],[117.25767,38.56197,0.0],[117.24709,38.55598,0.0],[117.2409,38.56627,0.0],[117.2391,38.56654,0.0],[117.23404,38.57817,0.0],[117.25672,38.58327,0.0],[117.25535,38.58583,0.0],[117.23272,38.58089,0.0],[117.23119,38.58394,0.0],[117.23961,38.59476,0.0],[117.25122,38.59792,0.0],[117.24933,38.60195,0.0],[117.2538,38.60309,0.0],[117.25297,38.60763,0.0],[117.25174,38.60746,0.0],[117.24916,38.61122,0.0],[117.2495,38.61371,0.0],[117.24085,38.61699,0.0],[117.23084,38.61828,0.0],[117.22921,38.62358,0.0],[117.22483,38.62338,0.0],[117.23016,38.62922,0.0],[117.23024,38.63043,0.0],[117.21941,38.63017,0.0],[117.2195,38.63359,0.0],[117.22165,38.63379,0.0],[117.22156,38.63453,0.0],[117.22397,38.63527,0.0],[117.22465,38.63728,0.0],[117.22431,38.64219,0.0],[117.21915,38.64339,0.0],[117.21382,38.64313,0.0],[117.21305,38.64185,0.0],[117.21073,38.64252,0.0],[117.20712,38.63977,0.0],[117.20444,38.62954,0.0],[117.19749,38.62922,0.0],[117.19792,38.6262,0.0],[117.19725,38.62393,0.0],[117.19439,38.6213,0.0],[117.19405,38.62405,0.0],[117.19276,38.62392,0.0],[117.19181,38.6211,0.0],[117.1833,38.62076,0.0],[117.18322,38.61761,0.0],[117.18055,38.61599,0.0],[117.17961,38.6213,0.0],[117.17763,38.6211,0.0],[117.17806,38.61774,0.0],[117.17127,38.61787,0.0],[117.15966,38.61418,0.0],[117.1594,38.61693,0.0],[117.15364,38.61801,0.0],[117.15253,38.61512,0.0],[117.15098,38.61519,0.0],[117.15106,38.6172,0.0],[117.14363,38.61673,0.0],[117.15034,38.62057,0.0],[117.15072,38.62693,0.0],[117.14949,38.62787,0.0],[117.1498,38.63184,0.0],[117.14807,38.63239,0.0],[117.14827,38.6339,0.0],[117.15115,38.63401,0.0],[117.15186,38.63637,0.0],[117.15501,38.64626,0.0],[117.15676,38.64746,0.0],[117.15706,38.65457,0.0],[117.15044,38.65502,0.0],[117.15436,38.6557,0.0],[117.15589,38.6572,0.0],[117.15447,38.65807,0.0],[117.15071,38.65799,0.0],[117.1503,38.6591,0.0],[117.15406,38.66021,0.0],[117.15416,38.66473,0.0],[117.15193,38.66956,0.0],[117.14716,38.67099,0.0],[117.14767,38.67574,0.0],[117.14146,38.67581,0.0],[117.14087,38.68089,0.0],[117.1433,38.68121,0.0],[117.14198,38.6866,0.0],[117.1429,38.69072,0.0],[117.14692,38.69067,0.0],[117.14864,38.68981,0.0],[117.14876,38.69336,0.0],[117.15227,38.6959,0.0],[117.15134,38.71337,0.0],[117.15416,38.72865,0.0],[117.17091,38.73015,0.0],[117.1704,38.73245,0.0],[117.15396,38.73047,0.0],[117.15375,38.7296,0.0],[117.15061,38.72905,0.0],[117.15091,38.72699,0.0],[117.14949,38.72548,0.0],[117.14026,38.7281,0.0],[117.1393,38.73329,0.0],[117.13066,38.73367,0.0],[117.1292,38.74147,0.0],[117.1465,38.74948,0.0],[117.14839,38.75871,0.0]]]]}},{"type":"Feature","properties":{"uesi_id":"CHN_R912999","nbhd_code":"CHN_R912999_126","nbhd_name":"Dongli District"},"geometry":{"type":"MultiPolygon","coordinates":[[[[117.23362,39.18631,0.0],[117.25711,39.20638,0.0],[117.29518,39.2187,0.0],[117.29615,39.23027,0.0],[117.28699,39.23886,0.0],[117.29326,39.24595,0.0],[117.31639,39.23475,0.0],[117.33663,39.2355,0.0],[117.38193,39.22542,0.0],[117.3935,39.22953,0.0],[117.40181,39.22854,0.0],[117.40232,39.22701,0.0],[117.40224,39.22493,0.0],[117.41183,39.22262,0.0],[117.41943,39.22746,0.0],[117.42013,39.23037,0.0],[117.42262,39.23055,0.0],[117.43605,39.22961,0.0],[117.44042,39.23244,0.0],[117.44179,39.231,0.0],[117.44549,39.23539,0.0],[117.4507,39.23052,0.0],[117.45973,39.22792,0.0],[117.46702,39.22848,0.0],[117.47207,39.22471,0.0],[117.4819,39.21967,0.0],[117.48119,39.20997,0.0],[117.47683,39.20585,0.0],[117.47976,39.20395,0.0],[117.48642,39.20364,0.0],[117.49252,39.20542,0.0],[117.49776,39.20788,0.0],[117.49744,39.20296,0.0],[117.49581,39.20038,0.0],[117.48963,39.19796,0.0],[117.48654,39.19897,0.0],[117.48555,39.19749,0.0],[117.49669,39.19439,0.0],[117.49776,39.19624,0.0],[117.49625,39.19851,0.0],[117.49863,39.19998,0.0],[117.50481,39.20143,0.0],[117.50513,39.20226,0.0],[117.50346,39.20591,0.0],[117.50402,39.20653,0.0],[117.50775,39.20388,0.0],[117.50793,39.19159,0.0],[117.51186,39.19029,0.0],[117.53137,39.18151,0.0],[117.54224,39.17917,0.0],[117.54359,39.18021,0.0],[117.55501,39.17818,0.0],[117.56256,39.17618,0.0],[117.56035,39.17164,0.0],[117.56048,39.16145,0.0],[117.55282,39.16023,0.0],[117.54958,39.15826,0.0],[117.54673,39.15308,0.0],[117.54656,39.14643,0.0],[117.53961,39.14434,0.0],[117.53465,39.14157,0.0],[117.51683,39.14899,0.0],[117.50921,39.15154,0.0],[117.4917,39.1482,0.0],[117.46591,39.15341,0.0],[117.4613,39.13422,0.0],[117.46108,39.11969,0.0],[117.48265,39.1085,0.0],[117.51665,39.10518,0.0],[117.52978,39.10555,0.0],[117.55958,39.10689,0.0],[117.55895,39.09959,0.0],[117.56291,39.08551,0.0],[117.56459,39.07655,0.0],[117.56509,39.06577,0.0],[117.56168,39.04704,0.0],[117.55295,39.04902,0.0],[117.54,39.05219,0.0],[117.52354,39.05708,0.0],[117.52095,39.04552,0.0],[117.51739,39.04561,0.0],[117.51246,39.03706,0.0],[117.51434,39.03647,0.0],[117.51048,39.02532,0.0],[117.51592,39.02318,0.0],[117.51708,39.02548,0.0],[117.51941,39.02579,0.0],[117.51799,39.02161,0.0],[117.52006,39.02094,0.0],[117.51799,39.01397,0.0],[117.51961,39.01065,0.0],[117.52027,39.00556,0.0],[117.51714,39.00441,0.0],[117.50498,38.99447,0.0],[117.5022,38.99452,0.0],[117.49616,39.00687,0.0],[117.48848,39.01559,0.0],[117.4848,39.01609,0.0],[117.47585,39.01243,0.0],[117.46918,39.01295,0.0],[117.46309,39.01554,0.0],[117.46547,39.02775,0.0],[117.46278,39.0321,0.0],[117.45883,39.03241,0.0],[117.44836,39.02481,0.0],[117.44015,39.01513,0.0],[117.43129,39.0191,0.0],[117.41391,39.01937,0.0],[117.39755,39.02387,0.0],[117.3829,39.0506,0.0],[117.34984,39.0506,0.0],[117.33417,39.05775,0.0],[117.33178,39.06542,0.0],[117.31849,39.06701,0.0],[117.31236,39.07257,0.0],[117.28834,39.07525,0.0],[117.2797,39.07623,0.0],[117.27087,39.07721,0.0],[117.26216,39.07859,0.0],[117.26289,39.08423,0.0],[117.26644,39.08804,0.0],[117.27315,39.08883,0.0],[117.27479,39.08539,0.0],[117.28122,39.08503,0.0],[117.28301,39.08679,0.0],[117.29386,39.08411,0.0],[117.29304,39.08182,0.0],[117.29835,39.0809,0.0],[117.30382,39.08926,0.0],[117.30468,39.09929,0.0],[117.26999,39.10716,0.0],[117.26586,39.12692,0.0],[117.28368,39.1289,0.0],[117.27596,39.14633,0.0],[117.28587,39.14993,0.0],[117.28759,39.15055,0.0],[117.28588,39.15718,0.0],[117.27249,39.16229,0.0],[117.25639,39.15808,0.0],[117.25546,39.16936,0.0],[117.24539,39.16964,0.0],[117.23817,39.17333,0.0],[117.24493,39.17793,0.0],[117.23362,39.18631,0.0]]]]}},{"type":"Feature","properties":{"uesi_id":"CHN_R912999","nbhd_code":"CHN_R912999_127","nbhd_name":"Hebei District"},"geometry":{"type":"MultiPolygon","coordinates":[[[[117.16161,39.18268,0.0],[117.16232,39.18363,0.0],[117.16262,39.18391,0.0],[117.16306,39.18423,0.0],[117.16377,39.18453,0.0],[117.17484,39.18737,0.0],[117.17746,39.18829,0.0],[117.18146,39.18895,0.0],[117.18256,39.18928,0.0],[117.18697,39.19128,0.0],[117.19237,39.18576,0.0],[117.20124,39.19037,0.0],[117.2036,39.19159,0.0],[117.20439,39.192,0.0],[117.20583,39.19044,0.0],[117.20734,39.18892,0.0],[117.20962,39.19011,0.0],[117.21297,39.18634,0.0],[117.21635,39.18298,0.0],[117.22755,39.19251,0.0],[117.23362,39.18631,0.0],[117.24493,39.17793,0.0],[117.23817,39.17333,0.0],[117.24539,39.16964,0.0],[117.25546,39.16936,0.0],[117.25639,39.15808,0.0],[117.24482,39.15726,0.0],[117.24449,39.14871,0.0],[117.22328,39.14878,0.0],[117.21556,39.14342,0.0],[117.20947,39.14986,0.0],[117.20832,39.14757,0.0],[117.19936,39.14387,0.0],[117.19772,39.14164,0.0],[117.1978,39.13973,0.0],[117.19895,39.13807,0.0],[117.20249,39.1359,0.0],[117.20668,39.13475,0.0],[117.20534,39.13262,0.0],[117.20302,39.13269,0.0],[117.2005,39.13223,0.0],[117.19823,39.13092,0.0],[117.19575,39.12993,0.0],[117.1943,39.12958,0.0],[117.192,39.12984,0.0],[117.19068,39.13049,0.0],[117.18874,39.13239,0.0],[117.18805,39.13366,0.0],[117.18788,39.13525,0.0],[117.18827,39.13929,0.0],[117.18884,39.14271,0.0],[117.18886,39.1446,0.0],[117.18843,39.1457,0.0],[117.18808,39.1461,0.0],[117.1869,39.14748,0.0],[117.18407,39.14961,0.0],[117.17866,39.1557,0.0],[117.17505,39.15847,0.0],[117.17102,39.16084,0.0],[117.16963,39.16264,0.0],[117.1695,39.16321,0.0],[117.1697,39.16367,0.0],[117.17272,39.16542,0.0],[117.17359,39.16648,0.0],[117.1738,39.16725,0.0],[117.17391,39.16808,0.0],[117.17354,39.16925,0.0],[117.17269,39.17102,0.0],[117.17222,39.1721,0.0],[117.17218,39.17337,0.0],[117.17267,39.17782,0.0],[117.17238,39.17947,0.0],[117.17165,39.1804,0.0],[117.17118,39.18073,0.0],[117.16999,39.18074,0.0],[117.16735,39.1802,0.0],[117.16654,39.18014,0.0],[117.16562,39.18024,0.0],[117.16477,39.18053,0.0],[117.16246,39.18204,0.0],[117.16161,39.18268,0.0]]]]}},{"type":"Feature","properties":{"uesi_id":"CHN_R912999","nbhd_code":"CHN_R912999_128","nbhd_name":"Hedong District"},"geometry":{"type":"MultiPolygon","coordinates":[[[[117.19772,39.14164,0.0],[117.19936,39.14387,0.0],[117.20832,39.14757,0.0],[117.20947,39.14986,0.0],[117.21556,39.14342,0.0],[117.22328,39.14878,0.0],[117.24449,39.14871,0.0],[117.24482,39.15726,0.0],[117.25639,39.15808,0.0],[117.27249,39.16229,0.0],[117.28588,39.15718,0.0],[117.28759,39.15055,0.0],[117.28587,39.14993,0.0],[117.27596,39.14633,0.0],[117.28368,39.1289,0.0],[117.26586,39.12692,0.0],[117.26999,39.10716,0.0],[117.30468,39.09929,0.0],[117.30382,39.08926,0.0],[117.29835,39.0809,0.0],[117.29304,39.08182,0.0],[117.29386,39.08411,0.0],[117.28301,39.08679,0.0],[117.28122,39.08503,0.0],[117.27479,39.08539,0.0],[117.27315,39.08883,0.0],[117.26644,39.08804,0.0],[117.26289,39.08423,0.0],[117.26216,39.07859,0.0],[117.25438,39.07986,0.0],[117.24925,39.08215,0.0],[117.24301,39.08488,0.0],[117.24102,39.08603,0.0],[117.23923,39.08777,0.0],[117.23789,39.09051,0.0],[117.23639,39.09623,0.0],[117.23477,39.09806,0.0],[117.23194,39.10135,0.0],[117.22752,39.10541,0.0],[117.22284,39.10967,0.0],[117.2167,39.11662,0.0],[117.2114,39.12106,0.0],[117.20859,39.12447,0.0],[117.20778,39.12609,0.0],[117.20743,39.1275,0.0],[117.20711,39.13095,0.0],[117.20629,39.13206,0.0],[117.20534,39.13262,0.0],[117.20668,39.13475,0.0],[117.20249,39.1359,0.0],[117.19895,39.13807,0.0],[117.1978,39.13973,0.0],[117.19772,39.14164,0.0]]]]}},{"type":"Feature","properties":{"uesi_id":"CHN_R912999","nbhd_code":"CHN_R912999_129","nbhd_name":"Heping District"},"geometry":{"type":"MultiPolygon","coordinates":[[[[117.17285,39.10098,0.0],[117.17323,39.11949,0.0],[117.17486,39.13602,0.0],[117.17747,39.13595,0.0],[117.17913,39.1359,0.0],[117.18445,39.13548,0.0],[117.18477,39.13528,0.0],[117.18542,39.13509,0.0],[117.18571,39.13481,0.0],[117.18588,39.13448,0.0],[117.18612,39.13345,0.0],[117.18805,39.13366,0.0],[117.18874,39.13239,0.0],[117.19068,39.13049,0.0],[117.192,39.12984,0.0],[117.1943,39.12958,0.0],[117.19575,39.12993,0.0],[117.19823,39.13092,0.0],[117.2005,39.13223,0.0],[117.20302,39.13269,0.0],[117.20534,39.13262,0.0],[117.20629,39.13206,0.0],[117.20711,39.13095,0.0],[117.20743,39.1275,0.0],[117.20778,39.12609,0.0],[117.20859,39.12447,0.0],[117.2114,39.12106,0.0],[117.2167,39.11662,0.0],[117.21053,39.11399,0.0],[117.20714,39.11262,0.0],[117.20713,39.11132,0.0],[117.20682,39.11094,0.0],[117.20521,39.11039,0.0],[117.20453,39.10982,0.0],[117.20333,39.10904,0.0],[117.20201,39.10841,0.0],[117.19962,39.10781,0.0],[117.19712,39.10631,0.0],[117.19596,39.10527,0.0],[117.19514,39.10441,0.0],[117.194,39.10385,0.0],[117.1919,39.10227,0.0],[117.19018,39.10117,0.0],[117.19045,39.1006,0.0],[117.19009,39.10059,0.0],[117.18844,39.10051,0.0],[117.18769,39.10043,0.0],[117.18628,39.10024,0.0],[117.18436,39.09999,0.0],[117.18341,39.09992,0.0],[117.18242,39.09995,0.0],[117.18157,39.10005,0.0],[117.18066,39.1002,0.0],[117.17833,39.10061,0.0],[117.17701,39.10065,0.0],[117.17621,39.10067,0.0],[117.17564,39.10071,0.0],[117.17285,39.10098,0.0]]]]}},{"type":"Feature","properties":{"uesi_id":"CHN_R912999","nbhd_code":"CHN_R912999_130","nbhd_name":"Hexi District"},"geometry":{"type":"MultiPolygon","coordinates":[[[[117.17285,39.10098,0.0],[117.17564,39.10071,0.0],[117.17621,39.10067,0.0],[117.17701,39.10065,0.0],[117.17833,39.10061,0.0],[117.18066,39.1002,0.0],[117.18157,39.10005,0.0],[117.18242,39.09995,0.0],[117.18341,39.09992,0.0],[117.18436,39.09999,0.0],[117.18628,39.10024,0.0],[117.18769,39.10043,0.0],[117.18844,39.10051,0.0],[117.19009,39.10059,0.0],[117.19045,39.1006,0.0],[117.19018,39.10117,0.0],[117.1919,39.10227,0.0],[117.194,39.10385,0.0],[117.19514,39.10441,0.0],[117.19596,39.10527,0.0],[117.19712,39.10631,0.0],[117.19962,39.10781,0.0],[117.20201,39.10841,0.0],[117.20333,39.10904,0.0],[117.20453,39.10982,0.0],[117.20521,39.11039,0.0],[117.20682,39.11094,0.0],[117.20713,39.11132,0.0],[117.20714,39.11262,0.0],[117.21053,39.11399,0.0],[117.2167,39.11662,0.0],[117.22284,39.10967,0.0],[117.22752,39.10541,0.0],[117.23194,39.10135,0.0],[117.23477,39.09806,0.0],[117.23639,39.09623,0.0],[117.23789,39.09051,0.0],[117.23923,39.08777,0.0],[117.24102,39.08603,0.0],[117.24301,39.08488,0.0],[117.24925,39.08215,0.0],[117.25438,39.07986,0.0],[117.26216,39.07859,0.0],[117.27087,39.07721,0.0],[117.2797,39.07623,0.0],[117.28834,39.07525,0.0],[117.28146,39.06832,0.0],[117.28117,39.05769,0.0],[117.27621,39.05535,0.0],[117.27472,39.05812,0.0],[117.2701,39.05619,0.0],[117.26553,39.05875,0.0],[117.25891,39.05685,0.0],[117.26076,39.04926,0.0],[117.24424,39.04885,0.0],[117.24182,39.04882,0.0],[117.23564,39.04841,0.0],[117.23262,39.04706,0.0],[117.22644,39.04441,0.0],[117.22187,39.04403,0.0],[117.21003,39.05636,0.0],[117.19778,39.07067,0.0],[117.18222,39.06573,0.0],[117.17875,39.06916,0.0],[117.17325,39.08956,0.0],[117.17285,39.10098,0.0]]]]}},{"type":"Feature","properties":{"uesi_id":"CHN_R912999","nbhd_code":"CHN_R912999_131","nbhd_name":"Hongqiao District"},"geometry":{"type":"MultiPolygon","coordinates":[[[[117.12227,39.16638,0.0],[117.12339,39.17076,0.0],[117.12415,39.1769,0.0],[117.12964,39.18654,0.0],[117.13755,39.19086,0.0],[117.13827,39.18941,0.0],[117.13965,39.18816,0.0],[117.14169,39.18801,0.0],[117.14373,39.18823,0.0],[117.14946,39.18872,0.0],[117.15264,39.18917,0.0],[117.15372,39.1891,0.0],[117.15456,39.18847,0.0],[117.15524,39.18656,0.0],[117.15627,39.18543,0.0],[117.15778,39.18453,0.0],[117.16161,39.18268,0.0],[117.16246,39.18204,0.0],[117.16477,39.18053,0.0],[117.16562,39.18024,0.0],[117.16654,39.18014,0.0],[117.16735,39.1802,0.0],[117.16999,39.18074,0.0],[117.17118,39.18073,0.0],[117.17165,39.1804,0.0],[117.17238,39.17947,0.0],[117.17267,39.17782,0.0],[117.17218,39.17337,0.0],[117.17222,39.1721,0.0],[117.17269,39.17102,0.0],[117.17354,39.16925,0.0],[117.17391,39.16808,0.0],[117.1738,39.16725,0.0],[117.17359,39.16648,0.0],[117.17272,39.16542,0.0],[117.1697,39.16367,0.0],[117.1695,39.16321,0.0],[117.16963,39.16264,0.0],[117.17102,39.16084,0.0],[117.17505,39.15847,0.0],[117.17866,39.1557,0.0],[117.18407,39.14961,0.0],[117.1869,39.14748,0.0],[117.18808,39.1461,0.0],[117.18319,39.1446,0.0],[117.16576,39.14549,0.0],[117.1656,39.14077,0.0],[117.16172,39.14067,0.0],[117.15743,39.14051,0.0],[117.15509,39.14043,0.0],[117.15338,39.14035,0.0],[117.15238,39.14015,0.0],[117.15178,39.13996,0.0],[117.15122,39.14064,0.0],[117.15088,39.14088,0.0],[117.14937,39.14119,0.0],[117.14637,39.14141,0.0],[117.14427,39.14195,0.0],[117.14145,39.1423,0.0],[117.13941,39.14294,0.0],[117.13779,39.14297,0.0],[117.13759,39.14303,0.0],[117.13754,39.14326,0.0],[117.13765,39.14345,0.0],[117.13855,39.14448,0.0],[117.13934,39.14507,0.0],[117.13912,39.14648,0.0],[117.13781,39.14735,0.0],[117.13712,39.14703,0.0],[117.13292,39.14592,0.0],[117.13039,39.14538,0.0],[117.12902,39.14539,0.0],[117.12789,39.14598,0.0],[117.12516,39.1495,0.0],[117.12368,39.15074,0.0],[117.12301,39.151,0.0],[117.12177,39.15112,0.0],[117.12165,39.15158,0.0],[117.1211,39.15314,0.0],[117.12043,39.15474,0.0],[117.12002,39.15883,0.0],[117.12227,39.16638,0.0]]],[[[117.12229,39.20084,0.0],[117.1253,39.20208,0.0],[117.12563,39.20219,0.0],[117.12646,39.20108,0.0],[117.13126,39.20273,0.0],[117.13193,39.20164,0.0],[117.13245,39.20057,0.0],[117.13277,39.19933,0.0],[117.13342,39.19836,0.0],[117.13544,39.19547,0.0],[117.1358,39.19448,0.0],[117.13628,39.19221,0.0],[117.12954,39.19164,0.0],[117.13065,39.19024,0.0],[117.13104,39.18881,0.0],[117.13075,39.18791,0.0],[117.13023,39.18734,0.0],[117.12942,39.18694,0.0],[117.12865,39.18698,0.0],[117.12577,39.18798,0.0],[117.12352,39.18907,0.0],[117.12296,39.18959,0.0],[117.11954,39.19395,0.0],[117.12278,39.19484,0.0],[117.11996,39.19853,0.0],[117.11914,39.19957,0.0],[117.12229,39.20084,0.0]]]]}},{"type":"Feature","properties":{"uesi_id":"CHN_R912999","nbhd_code":"CHN_R912999_132","nbhd_name":"Ji County"},"geometry":{"type":"MultiPolygon","coordinates":[[[[117.12919,39.91962,0.0],[117.13038,39.92065,0.0],[117.13606,39.92091,0.0],[117.14143,39.92256,0.0],[117.14299,39.92294,0.0],[117.14356,39.92328,0.0],[117.14139,39.9252,0.0],[117.14082,39.92597,0.0],[117.14052,39.92804,0.0],[117.13931,39.93031,0.0],[117.13976,39.93197,0.0],[117.14235,39.93423,0.0],[117.14366,39.93493,0.0],[117.14479,39.93487,0.0],[117.14601,39.93426,0.0],[117.1472,39.93334,0.0],[117.14868,39.93297,0.0],[117.14961,39.93329,0.0],[117.15052,39.9343,0.0],[117.15054,39.93591,0.0],[117.14948,39.93824,0.0],[117.14706,39.94072,0.0],[117.145,39.94231,0.0],[117.14405,39.94295,0.0],[117.14303,39.94272,0.0],[117.14184,39.94265,0.0],[117.1409,39.94298,0.0],[117.13928,39.94489,0.0],[117.14027,39.946,0.0],[117.14156,39.94545,0.0],[117.14438,39.94357,0.0],[117.14517,39.94446,0.0],[117.14715,39.94619,0.0],[117.15251,39.94988,0.0],[117.15808,39.95089,0.0],[117.15965,39.95367,0.0],[117.15849,39.95653,0.0],[117.15834,39.95877,0.0],[117.15856,39.96027,0.0],[117.1577,39.96155,0.0],[117.1583,39.9619,0.0],[117.15591,39.9634,0.0],[117.15426,39.96378,0.0],[117.15421,39.96449,0.0],[117.15486,39.9648,0.0],[117.15961,39.96177,0.0],[117.16137,39.96254,0.0],[117.1646,39.96239,0.0],[117.1657,39.96182,0.0],[117.16723,39.95808,0.0],[117.1693,39.95801,0.0],[117.17167,39.96284,0.0],[117.17245,39.96322,0.0],[117.17224,39.96388,0.0],[117.1731,39.96448,0.0],[117.17348,39.96827,0.0],[117.17185,39.9684,0.0],[117.17211,39.96962,0.0],[117.17292,39.96962,0.0],[117.17198,39.97596,0.0],[117.17301,39.97611,0.0],[117.17307,39.97654,0.0],[117.17408,39.97651,0.0],[117.17497,39.97697,0.0],[117.17894,39.97669,0.0],[117.17909,39.97725,0.0],[117.18144,39.97745,0.0],[117.18152,39.97906,0.0],[117.18303,39.97926,0.0],[117.18305,39.98053,0.0],[117.18456,39.98063,0.0],[117.18413,39.98522,0.0],[117.18684,39.98537,0.0],[117.18669,39.98811,0.0],[117.18791,39.98834,0.0],[117.18871,39.98908,0.0],[117.18964,39.98935,0.0],[117.19008,39.99138,0.0],[117.19151,39.99151,0.0],[117.19177,39.994,0.0],[117.19102,39.99736,0.0],[117.19048,39.99753,0.0],[117.19074,39.99896,0.0],[117.18943,40.00087,0.0],[117.18911,40.00278,0.0],[117.19025,40.00375,0.0],[117.1899,40.00667,0.0],[117.19106,40.00932,0.0],[117.19024,40.01,0.0],[117.18884,40.0089,0.0],[117.18902,40.01119,0.0],[117.1882,40.01191,0.0],[117.1878,40.01429,0.0],[117.18665,40.01529,0.0],[117.18756,40.02043,0.0],[117.18479,40.02234,0.0],[117.18251,40.02288,0.0],[117.18117,40.02453,0.0],[117.18163,40.02796,0.0],[117.18142,40.0298,0.0],[117.1819,40.03131,0.0],[117.18047,40.03308,0.0],[117.18054,40.03471,0.0],[117.18005,40.0359,0.0],[117.18069,40.03913,0.0],[117.18011,40.04074,0.0],[117.18081,40.04139,0.0],[117.18057,40.04249,0.0],[117.18099,40.0447,0.0],[117.18038,40.04523,0.0],[117.18215,40.04605,0.0],[117.18123,40.04812,0.0],[117.17962,40.05008,0.0],[117.17682,40.05203,0.0],[117.17755,40.05385,0.0],[117.17518,40.05718,0.0],[117.1753,40.05825,0.0],[117.17634,40.05967,0.0],[117.17737,40.06118,0.0],[117.17929,40.06027,0.0],[117.1812,40.06022,0.0],[117.18257,40.06092,0.0],[117.1854,40.06029,0.0],[117.18574,40.06502,0.0],[117.18847,40.06525,0.0],[117.19093,40.06491,0.0],[117.19569,40.06368,0.0],[117.19644,40.06242,0.0],[117.19841,40.0624,0.0],[117.20278,40.06448,0.0],[117.2056,40.06293,0.0],[117.20773,40.06406,0.0],[117.21075,40.0635,0.0],[117.21312,40.06315,0.0],[117.21656,40.06426,0.0],[117.21318,40.06978,0.0],[117.20961,40.07189,0.0],[117.20712,40.07525,0.0],[117.20622,40.07848,0.0],[117.20483,40.08015,0.0],[117.20356,40.08066,0.0],[117.20505,40.08316,0.0],[117.20909,40.08385,0.0],[117.20809,40.08722,0.0],[117.20696,40.08743,0.0],[117.20483,40.0892,0.0],[117.20496,40.09496,0.0],[117.20728,40.09517,0.0],[117.21804,40.09337,0.0],[117.21885,40.09448,0.0],[117.21844,40.09736,0.0],[117.22248,40.09854,0.0],[117.22307,40.10264,0.0],[117.22984,40.10725,0.0],[117.23297,40.11128,0.0],[117.2361,40.11198,0.0],[117.23851,40.11187,0.0],[117.243,40.11507,0.0],[117.24681,40.1143,0.0],[117.24904,40.11302,0.0],[117.24931,40.11194,0.0],[117.25408,40.11253,0.0],[117.26034,40.11059,0.0],[117.26352,40.1058,0.0],[117.26824,40.10458,0.0],[117.2706,40.10805,0.0],[117.26924,40.11184,0.0],[117.27255,40.11389,0.0],[117.27332,40.11635,0.0],[117.27564,40.11659,0.0],[117.27727,40.1194,0.0],[117.27909,40.11986,0.0],[117.28299,40.12003,0.0],[117.28612,40.11843,0.0],[117.28925,40.11819,0.0],[117.2912,40.11743,0.0],[117.29166,40.11847,0.0],[117.29093,40.11986,0.0],[117.29443,40.12319,0.0],[117.29842,40.12642,0.0],[117.29974,40.13065,0.0],[117.30065,40.131,0.0],[117.30183,40.13568,0.0],[117.30532,40.13818,0.0],[117.30791,40.13867,0.0],[117.30913,40.13745,0.0],[117.31308,40.13742,0.0],[117.3169,40.13919,0.0],[117.32121,40.1354,0.0],[117.32461,40.13443,0.0],[117.32438,40.13238,0.0],[117.33092,40.13259,0.0],[117.3326,40.13402,0.0],[117.33446,40.13398,0.0],[117.33868,40.13336,0.0],[117.34277,40.1352,0.0],[117.34495,40.13863,0.0],[117.34631,40.13967,0.0],[117.34772,40.13953,0.0],[117.34835,40.13759,0.0],[117.35017,40.1395,0.0],[117.35089,40.14245,0.0],[117.35071,40.14363,0.0],[117.34808,40.14397,0.0],[117.34495,40.14314,0.0],[117.34413,40.14359,0.0],[117.34463,40.14453,0.0],[117.3474,40.1455,0.0],[117.34917,40.1471,0.0],[117.34772,40.14758,0.0],[117.34413,40.14706,0.0],[117.34495,40.14904,0.0],[117.34862,40.15202,0.0],[117.35135,40.15362,0.0],[117.35139,40.15449,0.0],[117.35407,40.15476,0.0],[117.35439,40.1556,0.0],[117.35144,40.16038,0.0],[117.35076,40.16309,0.0],[117.34667,40.16701,0.0],[117.3464,40.16944,0.0],[117.3449,40.17051,0.0],[117.34517,40.17176,0.0],[117.3474,40.17225,0.0],[117.35135,40.17135,0.0],[117.35271,40.172,0.0],[117.35498,40.17027,0.0],[117.35652,40.17093,0.0],[117.36029,40.17083,0.0],[117.36281,40.17168,0.0],[117.36236,40.17293,0.0],[117.36517,40.1748,0.0],[117.37053,40.17529,0.0],[117.37336,40.17148,0.0],[117.37577,40.17128,0.0],[117.37454,40.17516,0.0],[117.38739,40.17343,0.0],[117.38734,40.17481,0.0],[117.38462,40.17669,0.0],[117.38739,40.17811,0.0],[117.39488,40.18214,0.0],[117.39867,40.18214,0.0],[117.40085,40.18577,0.0],[117.39198,40.19123,0.0],[117.38331,40.18926,0.0],[117.38215,40.18686,0.0],[117.37761,40.18666,0.0],[117.37734,40.1899,0.0],[117.37772,40.19186,0.0],[117.37901,40.19304,0.0],[117.37516,40.19343,0.0],[117.37355,40.2004,0.0],[117.37618,40.20284,0.0],[117.3769,40.20059,0.0],[117.38117,40.2019,0.0],[117.38729,40.20192,0.0],[117.38665,40.20319,0.0],[117.38031,40.20617,0.0],[117.37731,40.20561,0.0],[117.37472,40.20648,0.0],[117.37463,40.20901,0.0],[117.37214,40.20866,0.0],[117.37214,40.21119,0.0],[117.37282,40.21473,0.0],[117.3715,40.2173,0.0],[117.37504,40.21764,0.0],[117.37622,40.21892,0.0],[117.38199,40.21834,0.0],[117.38557,40.21941,0.0],[117.38761,40.22041,0.0],[117.38667,40.22198,0.0],[117.38657,40.22375,0.0],[117.38551,40.22431,0.0],[117.38328,40.22661,0.0],[117.38452,40.22798,0.0],[117.38622,40.22873,0.0],[117.38876,40.2321,0.0],[117.38843,40.23306,0.0],[117.39135,40.23404,0.0],[117.39325,40.23287,0.0],[117.3945,40.23274,0.0],[117.39538,40.23216,0.0],[117.3963,40.23216,0.0],[117.39649,40.23164,0.0],[117.3961,40.23091,0.0],[117.39649,40.23047,0.0],[117.39632,40.22981,0.0],[117.39824,40.22882,0.0],[117.39867,40.22886,0.0],[117.39932,40.2306,0.0],[117.4005,40.23099,0.0],[117.40141,40.23196,0.0],[117.40193,40.2319,0.0],[117.40126,40.23089,0.0],[117.40229,40.231,0.0],[117.40304,40.23185,0.0],[117.40517,40.23485,0.0],[117.40657,40.23536,0.0],[117.40748,40.23487,0.0],[117.40892,40.23577,0.0],[117.40868,40.23703,0.0],[117.40834,40.23785,0.0],[117.40839,40.23987,0.0],[117.40712,40.24055,0.0],[117.40604,40.24229,0.0],[117.40714,40.2432,0.0],[117.4076,40.24573,0.0],[117.4093,40.24763,0.0],[117.41033,40.24696,0.0],[117.41132,40.24718,0.0],[117.41271,40.2484,0.0],[117.41542,40.24707,0.0],[117.41837,40.24721,0.0],[117.42192,40.24538,0.0],[117.42348,40.24542,0.0],[117.42751,40.24694,0.0],[117.42876,40.2491,0.0],[117.43116,40.25042,0.0],[117.43188,40.25179,0.0],[117.43389,40.25201,0.0],[117.43512,40.25137,0.0],[117.44076,40.25185,0.0],[117.44114,40.25126,0.0],[117.44376,40.25121,0.0],[117.4444,40.25093,0.0],[117.4446,40.25033,0.0],[117.44599,40.25007,0.0],[117.44683,40.24888,0.0],[117.4504,40.24802,0.0],[117.45105,40.24696,0.0],[117.45491,40.24719,0.0],[117.45635,40.24611,0.0],[117.45873,40.24545,0.0],[117.45976,40.24467,0.0],[117.46074,40.24364,0.0],[117.46278,40.2432,0.0],[117.46607,40.24194,0.0],[117.46763,40.2397,0.0],[117.46833,40.2397,0.0],[117.46972,40.24075,0.0],[117.47056,40.24018,0.0],[117.47109,40.24056,0.0],[117.47133,40.24022,0.0],[117.47248,40.24042,0.0],[117.47399,40.24024,0.0],[117.47456,40.24055,0.0],[117.47627,40.23809,0.0],[117.47641,40.23672,0.0],[117.47711,40.23555,0.0],[117.47677,40.23465,0.0],[117.47756,40.23395,0.0],[117.47886,40.23401,0.0],[117.48013,40.23302,0.0],[117.48147,40.23273,0.0],[117.48198,40.23135,0.0],[117.48299,40.23139,0.0],[117.48431,40.23207,0.0],[117.48548,40.23113,0.0],[117.48954,40.23045,0.0],[117.49078,40.2297,0.0],[117.49261,40.22974,0.0],[117.49359,40.22923,0.0],[117.49414,40.22848,0.0],[117.49587,40.22787,0.0],[117.49789,40.22593,0.0],[117.50101,40.22712,0.0],[117.5041,40.22686,0.0],[117.50518,40.22705,0.0],[117.50674,40.22631,0.0],[117.50962,40.22725,0.0],[117.51127,40.22756,0.0],[117.51171,40.22796,0.0],[117.51456,40.22838,0.0],[117.5155,40.22811,0.0],[117.51679,40.22842,0.0],[117.51866,40.22763,0.0],[117.52118,40.22776,0.0],[117.52322,40.22895,0.0],[117.52613,40.22853,0.0],[117.52886,40.22899,0.0],[117.53047,40.23009,0.0],[117.53321,40.22992,0.0],[117.53532,40.23093,0.0],[117.53757,40.23073,0.0],[117.53976,40.23177,0.0],[117.54199,40.23153,0.0],[117.54151,40.22921,0.0],[117.54256,40.22903,0.0],[117.54393,40.22692,0.0],[117.54559,40.22677,0.0],[117.54667,40.22708,0.0],[117.54782,40.22853,0.0],[117.55511,40.2276,0.0],[117.55662,40.22818,0.0],[117.55962,40.22646,0.0],[117.5631,40.22439,0.0],[117.56092,40.22435,0.0],[117.56094,40.22395,0.0],[117.56272,40.22353,0.0],[117.56343,40.22283,0.0],[117.56428,40.22205,0.0],[117.56426,40.22117,0.0],[117.56506,40.22016,0.0],[117.56487,40.21949,0.0],[117.56523,40.21877,0.0],[117.56548,40.21812,0.0],[117.56536,40.21723,0.0],[117.56498,40.21684,0.0],[117.56488,40.21601,0.0],[117.56441,40.21573,0.0],[117.56385,40.21474,0.0],[117.56405,40.21451,0.0],[117.56351,40.21415,0.0],[117.5633,40.21283,0.0],[117.56241,40.21271,0.0],[117.56206,40.21242,0.0],[117.56147,40.21223,0.0],[117.56092,40.2122,0.0],[117.56042,40.21194,0.0],[117.55995,40.21203,0.0],[117.55935,40.21064,0.0],[117.55862,40.21007,0.0],[117.55827,40.20881,0.0],[117.55848,40.20802,0.0],[117.55842,40.20763,0.0],[117.55813,40.20738,0.0],[117.55796,40.20647,0.0],[117.55723,40.20569,0.0],[117.55703,40.20469,0.0],[117.55787,40.20439,0.0],[117.5591,40.20431,0.0],[117.5611,40.20455,0.0],[117.56175,40.20392,0.0],[117.56382,40.20274,0.0],[117.5654,40.20078,0.0],[117.56623,40.20052,0.0],[117.56619,40.20012,0.0],[117.56645,40.19966,0.0],[117.56684,40.19945,0.0],[117.56652,40.19884,0.0],[117.56651,40.19835,0.0],[117.56619,40.19813,0.0],[117.56623,40.197,0.0],[117.5666,40.19647,0.0],[117.56654,40.1961,0.0],[117.56623,40.19568,0.0],[117.56615,40.19528,0.0],[117.56585,40.19509,0.0],[117.56592,40.19423,0.0],[117.56655,40.19339,0.0],[117.56752,40.1936,0.0],[117.56807,40.19307,0.0],[117.56838,40.19307,0.0],[117.56872,40.19227,0.0],[117.56925,40.19216,0.0],[117.56951,40.19152,0.0],[117.56951,40.19092,0.0],[117.56932,40.19063,0.0],[117.56911,40.19056,0.0],[117.56884,40.19058,0.0],[117.56839,40.19013,0.0],[117.56816,40.19004,0.0],[117.56794,40.18986,0.0],[117.56769,40.18967,0.0],[117.56723,40.18924,0.0],[117.56704,40.18889,0.0],[117.56713,40.18856,0.0],[117.56762,40.18826,0.0],[117.56835,40.1881,0.0],[117.56738,40.18693,0.0],[117.56892,40.1855,0.0],[117.56884,40.18389,0.0],[117.56827,40.18296,0.0],[117.56803,40.18209,0.0],[117.56892,40.18147,0.0],[117.56957,40.17955,0.0],[117.5694,40.17813,0.0],[117.5703,40.17707,0.0],[117.57281,40.1767,0.0],[117.57383,40.17479,0.0],[117.57783,40.1705,0.0],[117.58169,40.16744,0.0],[117.5872,40.16937,0.0],[117.59432,40.17002,0.0],[117.59993,40.1635,0.0],[117.59989,40.16122,0.0],[117.60161,40.15876,0.0],[117.60344,40.159,0.0],[117.60361,40.16018,0.0],[117.60533,40.16018,0.0],[117.60681,40.15838,0.0],[117.60653,40.15672,0.0],[117.60863,40.15747,0.0],[117.60989,40.15736,0.0],[117.60996,40.15642,0.0],[117.612,40.15634,0.0],[117.61221,40.1524,0.0],[117.6141,40.15119,0.0],[117.61168,40.15018,0.0],[117.61302,40.14747,0.0],[117.61466,40.14543,0.0],[117.61691,40.14564,0.0],[117.618,40.14452,0.0],[117.6194,40.14578,0.0],[117.62,40.14462,0.0],[117.62172,40.14623,0.0],[117.62361,40.14658,0.0],[117.62564,40.14291,0.0],[117.62477,40.14122,0.0],[117.62533,40.13985,0.0],[117.62926,40.13768,0.0],[117.63024,40.13578,0.0],[117.62828,40.1332,0.0],[117.62813,40.13181,0.0],[117.6295,40.13084,0.0],[117.64357,40.12703,0.0],[117.64185,40.12526,0.0],[117.64283,40.12413,0.0],[117.64427,40.12373,0.0],[117.64546,40.12459,0.0],[117.64638,40.12464,0.0],[117.64543,40.12237,0.0],[117.64468,40.12243,0.0],[117.64452,40.12157,0.0],[117.6453,40.12145,0.0],[117.64524,40.12115,0.0],[117.64467,40.12116,0.0],[117.64385,40.12092,0.0],[117.64398,40.12021,0.0],[117.64462,40.1202,0.0],[117.64462,40.11985,0.0],[117.64413,40.11936,0.0],[117.64494,40.11783,0.0],[117.64504,40.11415,0.0],[117.64545,40.11322,0.0],[117.64755,40.11358,0.0],[117.64801,40.11341,0.0],[117.64759,40.11319,0.0],[117.64529,40.11245,0.0],[117.64561,40.1117,0.0],[117.64753,40.11157,0.0],[117.64825,40.11083,0.0],[117.64825,40.11046,0.0],[117.64643,40.11047,0.0],[117.64662,40.10956,0.0],[117.64778,40.10919,0.0],[117.65013,40.10937,0.0],[117.6489,40.10885,0.0],[117.64943,40.10835,0.0],[117.65153,40.10841,0.0],[117.64963,40.10823,0.0],[117.64944,40.10809,0.0],[117.64948,40.10784,0.0],[117.65087,40.10799,0.0],[117.65094,40.10776,0.0],[117.64901,40.10639,0.0],[117.64911,40.10548,0.0],[117.64392,40.10424,0.0],[117.64164,40.10242,0.0],[117.64102,40.10086,0.0],[117.64177,40.09814,0.0],[117.64147,40.09702,0.0],[117.64023,40.09601,0.0],[117.63837,40.09556,0.0],[117.63842,40.09489,0.0],[117.64113,40.09264,0.0],[117.64306,40.09,0.0],[117.6441,40.09,0.0],[117.64522,40.0903,0.0],[117.64514,40.09091,0.0],[117.64552,40.09091,0.0],[117.64561,40.09015,0.0],[117.64599,40.08971,0.0],[117.64762,40.08952,0.0],[117.64946,40.08977,0.0],[117.65015,40.08973,0.0],[117.65003,40.09129,0.0],[117.65144,40.09167,0.0],[117.65082,40.09245,0.0],[117.65085,40.09393,0.0],[117.65201,40.09582,0.0],[117.65397,40.09618,0.0],[117.65613,40.09569,0.0],[117.65611,40.09527,0.0],[117.65737,40.09522,0.0],[117.65767,40.09599,0.0],[117.65866,40.09611,0.0],[117.65936,40.09831,0.0],[117.66015,40.09918,0.0],[117.6603,40.09966,0.0],[117.66154,40.09969,0.0],[117.66156,40.09827,0.0],[117.66261,40.09736,0.0],[117.66285,40.09577,0.0],[117.66427,40.09603,0.0],[117.66472,40.09535,0.0],[117.66511,40.09525,0.0],[117.66499,40.09264,0.0],[117.66556,40.09229,0.0],[117.66568,40.09089,0.0],[117.66789,40.09089,0.0],[117.66772,40.08774,0.0],[117.67032,40.08783,0.0],[117.66887,40.08606,0.0],[117.66917,40.08499,0.0],[117.6684,40.08495,0.0],[117.66798,40.08257,0.0],[117.66829,40.08099,0.0],[117.67124,40.08083,0.0],[117.67194,40.08214,0.0],[117.67129,40.08264,0.0],[117.67207,40.08695,0.0],[117.67273,40.08677,0.0],[117.67277,40.08448,0.0],[117.67566,40.08366,0.0],[117.6771,40.0845,0.0],[117.67706,40.08229,0.0],[117.68155,40.08166,0.0],[117.68185,40.08281,0.0],[117.68257,40.08321,0.0],[117.68322,40.08551,0.0],[117.68057,40.08605,0.0],[117.68077,40.08665,0.0],[117.68326,40.08588,0.0],[117.6834,40.08642,0.0],[117.68227,40.0868,0.0],[117.68329,40.09168,0.0],[117.68505,40.09318,0.0],[117.68862,40.09286,0.0],[117.69027,40.09391,0.0],[117.69241,40.09166,0.0],[117.6968,40.09123,0.0],[117.69936,40.09147,0.0],[117.69974,40.09241,0.0],[117.70122,40.09286,0.0],[117.70269,40.08978,0.0],[117.70339,40.08709,0.0],[117.70322,40.08562,0.0],[117.70469,40.08167,0.0],[117.70606,40.08197,0.0],[117.70543,40.08462,0.0],[117.70739,40.08481,0.0],[117.70816,40.08253,0.0],[117.70971,40.08245,0.0],[117.70964,40.08097,0.0],[117.71206,40.08076,0.0],[117.71606,40.07845,0.0],[117.72034,40.0784,0.0],[117.72388,40.07928,0.0],[117.72718,40.07644,0.0],[117.7317,40.07692,0.0],[117.73903,40.07748,0.0],[117.74086,40.08044,0.0],[117.74514,40.08087,0.0],[117.74654,40.07934,0.0],[117.74872,40.07829,0.0],[117.74896,40.077,0.0],[117.75009,40.07652,0.0],[117.75023,40.07528,0.0],[117.75124,40.07432,0.0],[117.75173,40.07225,0.0],[117.74665,40.07211,0.0],[117.74756,40.06734,0.0],[117.74945,40.06752,0.0],[117.75173,40.06471,0.0],[117.76107,40.06487,0.0],[117.7625,40.06057,0.0],[117.76433,40.06046,0.0],[117.76531,40.05842,0.0],[117.76771,40.0585,0.0],[117.76768,40.05924,0.0],[117.76832,40.0594,0.0],[117.76871,40.05869,0.0],[117.76952,40.05815,0.0],[117.76948,40.05759,0.0],[117.76843,40.0563,0.0],[117.76819,40.05447,0.0],[117.76735,40.05363,0.0],[117.76787,40.05267,0.0],[117.76717,40.05065,0.0],[117.75763,40.04539,0.0],[117.75166,40.04321,0.0],[117.74637,40.04431,0.0],[117.74663,40.04697,0.0],[117.74564,40.04684,0.0],[117.74512,40.04471,0.0],[117.74393,40.04484,0.0],[117.74398,40.04644,0.0],[117.74266,40.04591,0.0],[117.74251,40.04678,0.0],[117.74177,40.04635,0.0],[117.74168,40.03919,0.0],[117.74235,40.03918,0.0],[117.74154,40.03637,0.0],[117.74196,40.03614,0.0],[117.74172,40.03576,0.0],[117.74101,40.03358,0.0],[117.73709,40.03025,0.0],[117.73818,40.02672,0.0],[117.73818,40.01744,0.0],[117.74187,40.01454,0.0],[117.74824,40.01056,0.0],[117.75092,40.00919,0.0],[117.75243,40.0108,0.0],[117.7513,40.01642,0.0],[117.75394,40.01843,0.0],[117.75548,40.01994,0.0],[117.75832,40.0183,0.0],[117.75909,40.01867,0.0],[117.76125,40.01762,0.0],[117.76144,40.02061,0.0],[117.76355,40.02104,0.0],[117.76379,40.01429,0.0],[117.76435,40.01432,0.0],[117.76446,40.02254,0.0],[117.77649,40.02238,0.0],[117.77639,40.01945,0.0],[117.77765,40.01937,0.0],[117.77793,40.01413,0.0],[117.77874,40.01488,0.0],[117.77954,40.0169,0.0],[117.7807,40.0169,0.0],[117.7827,40.01542,0.0],[117.78572,40.01502,0.0],[117.7853,40.01228,0.0],[117.78546,40.01194,0.0],[117.78563,40.01161,0.0],[117.78596,40.01094,0.0],[117.78761,40.01008,0.0],[117.79112,40.00895,0.0],[117.79081,40.00701,0.0],[117.7887,40.00699,0.0],[117.78856,40.00529,0.0],[117.78677,40.0047,0.0],[117.78747,40.00363,0.0],[117.78849,40.00287,0.0],[117.78867,39.99927,0.0],[117.79017,39.99828,0.0],[117.79035,39.99546,0.0],[117.78975,39.99497,0.0],[117.78898,39.9961,0.0],[117.78765,39.99363,0.0],[117.78547,39.9929,0.0],[117.78589,39.99078,0.0],[117.78372,39.99005,0.0],[117.7834,39.98887,0.0],[117.78368,39.98804,0.0],[117.78175,39.98473,0.0],[117.78032,39.98032,0.0],[117.78133,39.9796,0.0],[117.78091,39.97707,0.0],[117.7794,39.97567,0.0],[117.77951,39.97489,0.0],[117.78159,39.97363,0.0],[117.78123,39.9725,0.0],[117.77982,39.97196,0.0],[117.777,39.96824,0.0],[117.77588,39.96721,0.0],[117.77579,39.96528,0.0],[117.77159,39.96763,0.0],[117.76508,39.96905,0.0],[117.76339,39.9681,0.0],[117.75723,39.97152,0.0],[117.74995,39.9639,0.0],[117.74585,39.96523,0.0],[117.73723,39.9716,0.0],[117.73436,39.97243,0.0],[117.7283,39.97003,0.0],[117.72162,39.97171,0.0],[117.71789,39.97706,0.0],[117.71794,39.97899,0.0],[117.71451,39.9786,0.0],[117.71058,39.98074,0.0],[117.70107,39.98496,0.0],[117.69579,39.98469,0.0],[117.68994,39.98469,0.0],[117.68907,39.98677,0.0],[117.68835,39.98658,0.0],[117.68866,39.98438,0.0],[117.68245,39.98312,0.0],[117.67912,39.97848,0.0],[117.67619,39.97883,0.0],[117.66829,39.97365,0.0],[117.6627,39.97302,0.0],[117.65686,39.97372,0.0],[117.65142,39.97101,0.0],[117.64608,39.97196,0.0],[117.64332,39.97097,0.0],[117.63526,39.97085,0.0],[117.63439,39.97243,0.0],[117.63213,39.97125,0.0],[117.62895,39.96767,0.0],[117.62418,39.96806,0.0],[117.61372,39.96948,0.0],[117.61177,39.97144,0.0],[117.60818,39.9716,0.0],[117.60623,39.97345,0.0],[117.60536,39.97447,0.0],[117.60557,39.97663,0.0],[117.60662,39.977,0.0],[117.6071,39.97572,0.0],[117.60761,39.97549,0.0],[117.60787,39.97567,0.0],[117.60741,39.97661,0.0],[117.60754,39.97693,0.0],[117.60926,39.97762,0.0],[117.60967,39.98127,0.0],[117.60741,39.98068,0.0],[117.604,39.98203,0.0],[117.59907,39.98592,0.0],[117.59669,39.9868,0.0],[117.59659,39.98912,0.0],[117.59466,39.99034,0.0],[117.59377,39.99272,0.0],[117.59215,39.99309,0.0],[117.58928,39.99282,0.0],[117.5891,39.99368,0.0],[117.58661,39.9935,0.0],[117.58633,39.99511,0.0],[117.58507,39.9958,0.0],[117.58307,39.99578,0.0],[117.58079,39.99468,0.0],[117.57971,39.99476,0.0],[117.57984,39.99344,0.0],[117.57876,39.99348,0.0],[117.57856,39.99309,0.0],[117.57617,39.9937,0.0],[117.57279,39.99274,0.0],[117.57151,39.99358,0.0],[117.57117,39.99502,0.0],[117.56943,39.99535,0.0],[117.56897,39.99468,0.0],[117.56658,39.99504,0.0],[117.56545,39.99415,0.0],[117.56443,39.99399,0.0],[117.56366,39.99284,0.0],[117.56579,39.99187,0.0],[117.56271,39.99187,0.0],[117.56027,39.98977,0.0],[117.55745,39.99068,0.0],[117.55576,39.99209,0.0],[117.55725,39.9948,0.0],[117.5553,39.99512,0.0],[117.55453,39.99606,0.0],[117.55191,39.99543,0.0],[117.54873,39.99653,0.0],[117.54683,39.99669,0.0],[117.54478,39.99598,0.0],[117.5435,39.99606,0.0],[117.54365,39.99712,0.0],[117.54037,39.99787,0.0],[117.538,39.9931,0.0],[117.53662,39.99413,0.0],[117.53524,39.9937,0.0],[117.53206,39.99638,0.0],[117.5296,39.99496,0.0],[117.53052,39.99347,0.0],[117.53124,39.98922,0.0],[117.53596,39.98435,0.0],[117.53678,39.98215,0.0],[117.53986,39.98097,0.0],[117.54181,39.97586,0.0],[117.53289,39.9695,0.0],[117.53181,39.96606,0.0],[117.5316,39.96474,0.0],[117.53065,39.96474,0.0],[117.53054,39.96415,0.0],[117.53017,39.96405,0.0],[117.53014,39.96049,0.0],[117.5282,39.96046,0.0],[117.52783,39.95481,0.0],[117.52862,39.95449,0.0],[117.52719,39.95164,0.0],[117.52443,39.9505,0.0],[117.52114,39.95119,0.0],[117.51817,39.94558,0.0],[117.51335,39.94758,0.0],[117.51324,39.94742,0.0],[117.51318,39.94734,0.0],[117.5116,39.94522,0.0],[117.50889,39.94534,0.0],[117.50518,39.93981,0.0],[117.5063,39.93274,0.0],[117.51946,39.92853,0.0],[117.51597,39.92375,0.0],[117.51685,39.9232,0.0],[117.51655,39.92175,0.0],[117.5158,39.91959,0.0],[117.51331,39.92017,0.0],[117.51245,39.91859,0.0],[117.51183,39.91979,0.0],[117.51072,39.9201,0.0],[117.50918,39.91777,0.0],[117.50821,39.92033,0.0],[117.50502,39.92018,0.0],[117.50497,39.91893,0.0],[117.49741,39.91795,0.0],[117.49938,39.91703,0.0],[117.49861,39.91459,0.0],[117.50075,39.91401,0.0],[117.50122,39.91564,0.0],[117.50332,39.91519,0.0],[117.50305,39.91567,0.0],[117.5041,39.91558,0.0],[117.50461,39.91656,0.0],[117.50489,39.91656,0.0],[117.50656,39.91877,0.0],[117.50718,39.91889,0.0],[117.50731,39.9185,0.0],[117.50592,39.91629,0.0],[117.50742,39.91562,0.0],[117.50761,39.91423,0.0],[117.50662,39.90945,0.0],[117.50823,39.90879,0.0],[117.50815,39.90586,0.0],[117.50589,39.90658,0.0],[117.50675,39.90787,0.0],[117.50553,39.90836,0.0],[117.50397,39.90707,0.0],[117.50137,39.90789,0.0],[117.50097,39.90596,0.0],[117.50047,39.90599,0.0],[117.50007,39.90547,0.0],[117.49919,39.9056,0.0],[117.49797,39.90385,0.0],[117.50114,39.90314,0.0],[117.50165,39.90107,0.0],[117.50212,39.90096,0.0],[117.50392,39.89291,0.0],[117.50977,39.8932,0.0],[117.50978,39.89359,0.0],[117.50997,39.89359,0.0],[117.51003,39.89388,0.0],[117.51076,39.89402,0.0],[117.51258,39.89122,0.0],[117.51505,39.86961,0.0],[117.52366,39.86005,0.0],[117.5216,39.85974,0.0],[117.5221,39.85859,0.0],[117.52265,39.85863,0.0],[117.52276,39.85794,0.0],[117.52394,39.8579,0.0],[117.52433,39.85686,0.0],[117.52514,39.85693,0.0],[117.52641,39.85513,0.0],[117.5272,39.85225,0.0],[117.52788,39.85087,0.0],[117.53106,39.85166,0.0],[117.53851,39.84347,0.0],[117.53967,39.84699,0.0],[117.54055,39.84686,0.0],[117.54235,39.84534,0.0],[117.54241,39.84418,0.0],[117.54059,39.84208,0.0],[117.54094,39.84022,0.0],[117.54199,39.83903,0.0],[117.54169,39.83841,0.0],[117.53716,39.8371,0.0],[117.53678,39.83544,0.0],[117.53815,39.83191,0.0],[117.53697,39.83163,0.0],[117.53579,39.83155,0.0],[117.53481,39.83252,0.0],[117.53266,39.83263,0.0],[117.53215,39.8342,0.0],[117.53138,39.83429,0.0],[117.52992,39.83294,0.0],[117.52879,39.83307,0.0],[117.52879,39.83224,0.0],[117.53031,39.83224,0.0],[117.53037,39.83079,0.0],[117.53299,39.83056,0.0],[117.53311,39.82757,0.0],[117.53408,39.82785,0.0],[117.53468,39.82103,0.0],[117.53851,39.82132,0.0],[117.54076,39.82137,0.0],[117.54286,39.82299,0.0],[117.55197,39.81118,0.0],[117.55519,39.80216,0.0],[117.55534,39.79894,0.0],[117.5601,39.79825,0.0],[117.56217,39.7983,0.0],[117.561,39.79657,0.0],[117.55935,39.79591,0.0],[117.55883,39.79637,0.0],[117.55568,39.79467,0.0],[117.55429,39.79381,0.0],[117.55257,39.79447,0.0],[117.54818,39.79433,0.0],[117.54724,39.79214,0.0],[117.54897,39.7877,0.0],[117.54736,39.78378,0.0],[117.54274,39.78024,0.0],[117.54229,39.77845,0.0],[117.54023,39.77609,0.0],[117.54012,39.77499,0.0],[117.54612,39.77295,0.0],[117.54556,39.77151,0.0],[117.54841,39.77035,0.0],[117.54436,39.76188,0.0],[117.547,39.76167,0.0],[117.54624,39.75996,0.0],[117.54458,39.75722,0.0],[117.54437,39.75637,0.0],[117.5439,39.75588,0.0],[117.54327,39.75577,0.0],[117.54237,39.75606,0.0],[117.53961,39.75802,0.0],[117.53729,39.75964,0.0],[117.53622,39.75991,0.0],[117.53513,39.75974,0.0],[117.53323,39.75898,0.0],[117.53235,39.7587,0.0],[117.52812,39.75891,0.0],[117.52672,39.75922,0.0],[117.52563,39.7599,0.0],[117.52525,39.76055,0.0],[117.52541,39.76101,0.0],[117.52597,39.76183,0.0],[117.52709,39.76239,0.0],[117.52774,39.76312,0.0],[117.52812,39.76432,0.0],[117.52813,39.76492,0.0],[117.52786,39.76538,0.0],[117.52719,39.76582,0.0],[117.5265,39.76583,0.0],[117.52508,39.76528,0.0],[117.52366,39.7645,0.0],[117.52307,39.76439,0.0],[117.52266,39.76457,0.0],[117.52185,39.76531,0.0],[117.52078,39.76676,0.0],[117.52043,39.76751,0.0],[117.51962,39.76798,0.0],[117.5189,39.76779,0.0],[117.51827,39.76731,0.0],[117.5178,39.76533,0.0],[117.5174,39.76444,0.0],[117.5168,39.76381,0.0],[117.51592,39.76349,0.0],[117.51533,39.76346,0.0],[117.51484,39.76365,0.0],[117.51438,39.76405,0.0],[117.5129,39.76562,0.0],[117.51232,39.76632,0.0],[117.51176,39.76754,0.0],[117.51125,39.76813,0.0],[117.51062,39.7685,0.0],[117.5098,39.76869,0.0],[117.50898,39.76821,0.0],[117.50844,39.76625,0.0],[117.50809,39.76553,0.0],[117.50733,39.76507,0.0],[117.50503,39.76437,0.0],[117.5041,39.76429,0.0],[117.50213,39.7651,0.0],[117.50131,39.76555,0.0],[117.49796,39.76851,0.0],[117.49738,39.76959,0.0],[117.49697,39.77098,0.0],[117.49721,39.77233,0.0],[117.49688,39.77265,0.0],[117.49581,39.77283,0.0],[117.49236,39.77214,0.0],[117.48993,39.77133,0.0],[117.48745,39.76986,0.0],[117.4866,39.76982,0.0],[117.48595,39.77009,0.0],[117.48551,39.77087,0.0],[117.4846,39.77429,0.0],[117.48332,39.77757,0.0],[117.48291,39.77825,0.0],[117.48205,39.77849,0.0],[117.48122,39.77789,0.0],[117.47956,39.77453,0.0],[117.47869,39.77386,0.0],[117.47763,39.77358,0.0],[117.47702,39.77365,0.0],[117.4765,39.77396,0.0],[117.47414,39.77593,0.0],[117.47321,39.77629,0.0],[117.47221,39.77633,0.0],[117.47163,39.77601,0.0],[117.47142,39.77531,0.0],[117.47108,39.77519,0.0],[117.46801,39.7757,0.0],[117.46382,39.77671,0.0],[117.46279,39.77654,0.0],[117.46241,39.77604,0.0],[117.46281,39.77556,0.0],[117.46473,39.77412,0.0],[117.46611,39.77334,0.0],[117.46582,39.77255,0.0],[117.46278,39.77133,0.0],[117.46097,39.7704,0.0],[117.45958,39.76933,0.0],[117.4578,39.76777,0.0],[117.45684,39.7673,0.0],[117.45588,39.7671,0.0],[117.45504,39.76715,0.0],[117.45435,39.76741,0.0],[117.45398,39.76787,0.0],[117.45417,39.76844,0.0],[117.4566,39.77149,0.0],[117.45722,39.77325,0.0],[117.45694,39.77451,0.0],[117.45618,39.77491,0.0],[117.45481,39.77458,0.0],[117.45095,39.7713,0.0],[117.44875,39.7677,0.0],[117.44835,39.76648,0.0],[117.44659,39.76623,0.0],[117.44367,39.76707,0.0],[117.44225,39.76723,0.0],[117.43524,39.76395,0.0],[117.43357,39.76289,0.0],[117.43287,39.7617,0.0],[117.4313,39.75411,0.0],[117.43002,39.75371,0.0],[117.42683,39.7545,0.0],[117.42316,39.7546,0.0],[117.42134,39.75606,0.0],[117.41995,39.75702,0.0],[117.41558,39.75807,0.0],[117.40774,39.75924,0.0],[117.40729,39.75946,0.0],[117.40696,39.75976,0.0],[117.40614,39.76064,0.0],[117.40569,39.76126,0.0],[117.40552,39.76168,0.0],[117.40544,39.76206,0.0],[117.4054,39.76264,0.0],[117.40541,39.7637,0.0],[117.40549,39.76443,0.0],[117.40564,39.76497,0.0],[117.40597,39.76574,0.0],[117.40604,39.76607,0.0],[117.40601,39.76638,0.0],[117.40592,39.76668,0.0],[117.40567,39.76703,0.0],[117.40506,39.76756,0.0],[117.40379,39.76863,0.0],[117.40251,39.76963,0.0],[117.40168,39.77015,0.0],[117.40108,39.77081,0.0],[117.40075,39.77092,0.0],[117.40044,39.771,0.0],[117.39938,39.77108,0.0],[117.39862,39.77109,0.0],[117.39821,39.77104,0.0],[117.39763,39.7709,0.0],[117.39716,39.77069,0.0],[117.39577,39.77004,0.0],[117.3951,39.76971,0.0],[117.39453,39.76952,0.0],[117.39396,39.76943,0.0],[117.39348,39.76937,0.0],[117.393,39.7694,0.0],[117.39267,39.76947,0.0],[117.39233,39.76968,0.0],[117.39209,39.76984,0.0],[117.39139,39.77073,0.0],[117.39063,39.77183,0.0],[117.39004,39.77254,0.0],[117.38966,39.77288,0.0],[117.38896,39.77332,0.0],[117.38804,39.77412,0.0],[117.38739,39.77472,0.0],[117.38714,39.77499,0.0],[117.38675,39.77531,0.0],[117.38638,39.77554,0.0],[117.3859,39.77578,0.0],[117.38564,39.77597,0.0],[117.3854,39.77625,0.0],[117.38529,39.77655,0.0],[117.38526,39.77683,0.0],[117.3853,39.77717,0.0],[117.38545,39.77775,0.0],[117.38573,39.77857,0.0],[117.38593,39.77961,0.0],[117.3861,39.78035,0.0],[117.38617,39.78073,0.0],[117.38615,39.78098,0.0],[117.386,39.78121,0.0],[117.38574,39.78137,0.0],[117.38545,39.78145,0.0],[117.38513,39.78148,0.0],[117.38398,39.78136,0.0],[117.38273,39.78118,0.0],[117.38231,39.78116,0.0],[117.38198,39.78118,0.0],[117.38183,39.78127,0.0],[117.38167,39.78141,0.0],[117.38164,39.78153,0.0],[117.38164,39.78172,0.0],[117.38169,39.78187,0.0],[117.38192,39.7823,0.0],[117.38244,39.78302,0.0],[117.3829,39.78366,0.0],[117.38321,39.7842,0.0],[117.38335,39.78455,0.0],[117.38337,39.78487,0.0],[117.38332,39.78518,0.0],[117.38317,39.78542,0.0],[117.38292,39.78561,0.0],[117.38273,39.7857,0.0],[117.3824,39.78576,0.0],[117.38202,39.78576,0.0],[117.38178,39.7857,0.0],[117.38162,39.78558,0.0],[117.38143,39.78532,0.0],[117.38122,39.78483,0.0],[117.38112,39.78444,0.0],[117.38112,39.78408,0.0],[117.38103,39.78387,0.0],[117.38092,39.78373,0.0],[117.38076,39.78363,0.0],[117.38059,39.78359,0.0],[117.38034,39.78356,0.0],[117.38008,39.78359,0.0],[117.37983,39.78368,0.0],[117.37939,39.78398,0.0],[117.37875,39.78448,0.0],[117.37769,39.78534,0.0],[117.37703,39.7859,0.0],[117.3765,39.78625,0.0],[117.37598,39.78651,0.0],[117.37558,39.78658,0.0],[117.37497,39.78664,0.0],[117.37396,39.78664,0.0],[117.37219,39.78655,0.0],[117.37062,39.78645,0.0],[117.36972,39.7864,0.0],[117.36913,39.78641,0.0],[117.36883,39.78649,0.0],[117.36845,39.78666,0.0],[117.36821,39.78686,0.0],[117.36811,39.78721,0.0],[117.36805,39.78759,0.0],[117.36804,39.78832,0.0],[117.36813,39.78874,0.0],[117.3682,39.78891,0.0],[117.36822,39.78914,0.0],[117.36819,39.78928,0.0],[117.36809,39.78944,0.0],[117.36792,39.78952,0.0],[117.36761,39.78958,0.0],[117.36722,39.78959,0.0],[117.36638,39.78958,0.0],[117.36454,39.78957,0.0],[117.36292,39.78962,0.0],[117.36152,39.78965,0.0],[117.36057,39.78965,0.0],[117.35995,39.78962,0.0],[117.35965,39.78965,0.0],[117.35948,39.78975,0.0],[117.35929,39.78996,0.0],[117.35916,39.79025,0.0],[117.35917,39.79063,0.0],[117.35922,39.79131,0.0],[117.35932,39.79177,0.0],[117.35951,39.79231,0.0],[117.35967,39.79263,0.0],[117.35969,39.79299,0.0],[117.35964,39.79324,0.0],[117.35944,39.7935,0.0],[117.35908,39.7938,0.0],[117.35802,39.79435,0.0],[117.35751,39.7946,0.0],[117.35712,39.79474,0.0],[117.3568,39.79475,0.0],[117.35657,39.79471,0.0],[117.35626,39.79445,0.0],[117.35583,39.79387,0.0],[117.35552,39.79331,0.0],[117.35548,39.79307,0.0],[117.35552,39.79294,0.0],[117.35548,39.79282,0.0],[117.35536,39.79268,0.0],[117.35506,39.79256,0.0],[117.35484,39.79254,0.0],[117.35433,39.7926,0.0],[117.3539,39.79268,0.0],[117.35342,39.79271,0.0],[117.35296,39.79262,0.0],[117.35234,39.79242,0.0],[117.35183,39.79211,0.0],[117.35125,39.79192,0.0],[117.35069,39.79178,0.0],[117.34995,39.79169,0.0],[117.34944,39.7917,0.0],[117.34867,39.79187,0.0],[117.34668,39.79245,0.0],[117.34513,39.79292,0.0],[117.34378,39.79325,0.0],[117.34278,39.79349,0.0],[117.34212,39.79374,0.0],[117.34141,39.7942,0.0],[117.34075,39.79471,0.0],[117.34013,39.79528,0.0],[117.33936,39.79605,0.0],[117.339,39.79646,0.0],[117.33881,39.79663,0.0],[117.33864,39.7967,0.0],[117.33848,39.79671,0.0],[117.33827,39.79666,0.0],[117.33811,39.79651,0.0],[117.33775,39.79607,0.0],[117.33755,39.79579,0.0],[117.3372,39.79504,0.0],[117.33695,39.79469,0.0],[117.33678,39.79452,0.0],[117.33654,39.79439,0.0],[117.33618,39.79426,0.0],[117.33584,39.7942,0.0],[117.33552,39.79424,0.0],[117.33528,39.79435,0.0],[117.335,39.79456,0.0],[117.33475,39.79485,0.0],[117.33455,39.79527,0.0],[117.33437,39.79571,0.0],[117.33427,39.79613,0.0],[117.33418,39.79647,0.0],[117.33405,39.79678,0.0],[117.33389,39.79695,0.0],[117.33371,39.7971,0.0],[117.33348,39.79721,0.0],[117.33318,39.79722,0.0],[117.33296,39.79714,0.0],[117.33276,39.79699,0.0],[117.33255,39.79672,0.0],[117.33237,39.79639,0.0],[117.3322,39.79604,0.0],[117.33202,39.79565,0.0],[117.33187,39.79541,0.0],[117.33173,39.79531,0.0],[117.33143,39.7952,0.0],[117.33107,39.79513,0.0],[117.33069,39.79512,0.0],[117.33027,39.79516,0.0],[117.32957,39.79525,0.0],[117.32899,39.79538,0.0],[117.32844,39.79554,0.0],[117.32808,39.79571,0.0],[117.32786,39.79578,0.0],[117.32764,39.79576,0.0],[117.32739,39.79571,0.0],[117.32711,39.79551,0.0],[117.3263,39.79463,0.0],[117.32473,39.79283,0.0],[117.32373,39.79153,0.0],[117.32321,39.79082,0.0],[117.32295,39.79055,0.0],[117.32279,39.79046,0.0],[117.32253,39.79038,0.0],[117.32231,39.79037,0.0],[117.32201,39.79042,0.0],[117.32172,39.79057,0.0],[117.3215,39.7907,0.0],[117.32116,39.79109,0.0],[117.32092,39.79138,0.0],[117.32068,39.7916,0.0],[117.32033,39.79174,0.0],[117.32008,39.79179,0.0],[117.31946,39.79189,0.0],[117.31849,39.79197,0.0],[117.31767,39.79197,0.0],[117.31729,39.79199,0.0],[117.31696,39.79209,0.0],[117.31673,39.79227,0.0],[117.31659,39.79249,0.0],[117.31644,39.79283,0.0],[117.31635,39.79319,0.0],[117.31627,39.79367,0.0],[117.31623,39.79444,0.0],[117.31627,39.79494,0.0],[117.31624,39.7952,0.0],[117.31609,39.79552,0.0],[117.3159,39.79573,0.0],[117.31558,39.79594,0.0],[117.31522,39.79607,0.0],[117.3148,39.79615,0.0],[117.31438,39.79625,0.0],[117.31417,39.79631,0.0],[117.31402,39.7965,0.0],[117.31384,39.79683,0.0],[117.31378,39.79701,0.0],[117.3138,39.79718,0.0],[117.31384,39.79737,0.0],[117.31386,39.79756,0.0],[117.31382,39.79779,0.0],[117.31364,39.7981,0.0],[117.31328,39.79847,0.0],[117.31286,39.79877,0.0],[117.31261,39.79896,0.0],[117.31253,39.79908,0.0],[117.3125,39.79922,0.0],[117.31256,39.79937,0.0],[117.3128,39.79953,0.0],[117.31302,39.79964,0.0],[117.31435,39.80007,0.0],[117.31494,39.80031,0.0],[117.31529,39.8005,0.0],[117.31538,39.80059,0.0],[117.31544,39.8007,0.0],[117.31543,39.80081,0.0],[117.31542,39.80099,0.0],[117.31534,39.80116,0.0],[117.31524,39.80128,0.0],[117.31472,39.8018,0.0],[117.3142,39.8023,0.0],[117.31369,39.80293,0.0],[117.31331,39.80337,0.0],[117.31301,39.80364,0.0],[117.31273,39.80382,0.0],[117.31233,39.80398,0.0],[117.3119,39.80408,0.0],[117.3115,39.80411,0.0],[117.31118,39.80411,0.0],[117.31073,39.8042,0.0],[117.3103,39.80436,0.0],[117.30981,39.80461,0.0],[117.30903,39.80511,0.0],[117.30841,39.80553,0.0],[117.30799,39.80577,0.0],[117.30757,39.80592,0.0],[117.30717,39.80602,0.0],[117.30672,39.80609,0.0],[117.3062,39.80611,0.0],[117.30588,39.80608,0.0],[117.30558,39.806,0.0],[117.30532,39.80597,0.0],[117.30505,39.80596,0.0],[117.30471,39.80601,0.0],[117.30435,39.80611,0.0],[117.30396,39.80627,0.0],[117.3035,39.80643,0.0],[117.30304,39.80652,0.0],[117.30277,39.80656,0.0],[117.30248,39.80653,0.0],[117.30226,39.8065,0.0],[117.30198,39.80649,0.0],[117.30163,39.8065,0.0],[117.3013,39.80659,0.0],[117.30097,39.80671,0.0],[117.30068,39.80689,0.0],[117.30045,39.80704,0.0],[117.3002,39.80713,0.0],[117.3,39.80715,0.0],[117.29979,39.80711,0.0],[117.29961,39.80702,0.0],[117.29949,39.80686,0.0],[117.29945,39.80665,0.0],[117.29946,39.80633,0.0],[117.29962,39.8057,0.0],[117.29969,39.8054,0.0],[117.29969,39.80522,0.0],[117.29964,39.80506,0.0],[117.29953,39.80496,0.0],[117.29941,39.8049,0.0],[117.29921,39.80489,0.0],[117.29899,39.80492,0.0],[117.29884,39.80489,0.0],[117.29856,39.80489,0.0],[117.29843,39.80494,0.0],[117.29827,39.80508,0.0],[117.29817,39.80522,0.0],[117.29805,39.8054,0.0],[117.29791,39.80549,0.0],[117.29773,39.80555,0.0],[117.29752,39.80559,0.0],[117.29733,39.80555,0.0],[117.29718,39.80551,0.0],[117.29703,39.80536,0.0],[117.29682,39.8051,0.0],[117.2966,39.80469,0.0],[117.29644,39.80433,0.0],[117.29634,39.80419,0.0],[117.29621,39.80408,0.0],[117.29601,39.80401,0.0],[117.29583,39.804,0.0],[117.29561,39.80402,0.0],[117.29527,39.80413,0.0],[117.29493,39.80429,0.0],[117.29449,39.8046,0.0],[117.29402,39.80502,0.0],[117.29355,39.80557,0.0],[117.29283,39.80656,0.0],[117.29227,39.80737,0.0],[117.29197,39.80788,0.0],[117.29183,39.80826,0.0],[117.29175,39.80864,0.0],[117.29172,39.80916,0.0],[117.29176,39.80955,0.0],[117.29183,39.80996,0.0],[117.29199,39.81035,0.0],[117.29208,39.81068,0.0],[117.29207,39.81098,0.0],[117.29201,39.81122,0.0],[117.29192,39.81139,0.0],[117.2918,39.81149,0.0],[117.29164,39.81153,0.0],[117.2914,39.81152,0.0],[117.29109,39.8114,0.0],[117.29061,39.81113,0.0],[117.2901,39.81071,0.0],[117.28987,39.81043,0.0],[117.28968,39.81014,0.0],[117.2895,39.80996,0.0],[117.28926,39.80982,0.0],[117.289,39.80979,0.0],[117.28879,39.80978,0.0],[117.2886,39.80985,0.0],[117.28836,39.81,0.0],[117.28816,39.8102,0.0],[117.28796,39.81052,0.0],[117.2878,39.81095,0.0],[117.28767,39.81142,0.0],[117.28758,39.81167,0.0],[117.2875,39.81181,0.0],[117.28739,39.81189,0.0],[117.28724,39.81196,0.0],[117.28707,39.81199,0.0],[117.28687,39.81199,0.0],[117.28656,39.81194,0.0],[117.28628,39.81185,0.0],[117.28595,39.81172,0.0],[117.28544,39.81142,0.0],[117.285,39.81122,0.0],[117.28472,39.81112,0.0],[117.28456,39.81111,0.0],[117.28443,39.81114,0.0],[117.2843,39.8112,0.0],[117.28421,39.81128,0.0],[117.28412,39.81141,0.0],[117.28402,39.81166,0.0],[117.28391,39.81207,0.0],[117.28382,39.81233,0.0],[117.28368,39.81257,0.0],[117.28352,39.81277,0.0],[117.28335,39.81288,0.0],[117.28318,39.81292,0.0],[117.28294,39.81294,0.0],[117.28274,39.81292,0.0],[117.28248,39.81284,0.0],[117.28219,39.81271,0.0],[117.28174,39.81248,0.0],[117.28107,39.81202,0.0],[117.28058,39.81174,0.0],[117.2803,39.81161,0.0],[117.28007,39.81155,0.0],[117.27977,39.81154,0.0],[117.2796,39.81158,0.0],[117.27942,39.81167,0.0],[117.27931,39.8118,0.0],[117.27922,39.81204,0.0],[117.27921,39.81234,0.0],[117.27922,39.81286,0.0],[117.27928,39.81362,0.0],[117.27929,39.814,0.0],[117.27926,39.81438,0.0],[117.2792,39.81465,0.0],[117.27906,39.81494,0.0],[117.27888,39.81516,0.0],[117.27872,39.81525,0.0],[117.27852,39.81528,0.0],[117.27842,39.8153,0.0],[117.27833,39.8154,0.0],[117.2783,39.81551,0.0],[117.27834,39.81568,0.0],[117.27843,39.81583,0.0],[117.27867,39.81609,0.0],[117.27894,39.81632,0.0],[117.27911,39.81656,0.0],[117.27951,39.81693,0.0],[117.27985,39.81724,0.0],[117.28005,39.81749,0.0],[117.28015,39.81773,0.0],[117.28016,39.81791,0.0],[117.2801,39.81809,0.0],[117.27993,39.81833,0.0],[117.2796,39.81871,0.0],[117.27915,39.81915,0.0],[117.27865,39.81963,0.0],[117.27835,39.81994,0.0],[117.27804,39.82035,0.0],[117.27784,39.82059,0.0],[117.27756,39.82081,0.0],[117.27712,39.82108,0.0],[117.27644,39.82143,0.0],[117.27607,39.82161,0.0],[117.27574,39.82172,0.0],[117.27544,39.82179,0.0],[117.27516,39.82189,0.0],[117.27494,39.82203,0.0],[117.27466,39.82226,0.0],[117.27444,39.82249,0.0],[117.274,39.82288,0.0],[117.27353,39.82325,0.0],[117.27312,39.82361,0.0],[117.27259,39.82405,0.0],[117.27232,39.82428,0.0],[117.27213,39.82439,0.0],[117.27193,39.82445,0.0],[117.27171,39.82446,0.0],[117.27153,39.82444,0.0],[117.27121,39.82437,0.0],[117.27079,39.82423,0.0],[117.27045,39.82409,0.0],[117.27006,39.82403,0.0],[117.26941,39.82389,0.0],[117.26896,39.82377,0.0],[117.26881,39.82368,0.0],[117.26866,39.82361,0.0],[117.26839,39.82359,0.0],[117.26811,39.82363,0.0],[117.26773,39.82371,0.0],[117.26731,39.8239,0.0],[117.26689,39.82418,0.0],[117.26633,39.82462,0.0],[117.26549,39.82542,0.0],[117.26513,39.82576,0.0],[117.26484,39.82612,0.0],[117.26453,39.82647,0.0],[117.26425,39.82668,0.0],[117.26384,39.82692,0.0],[117.26352,39.82705,0.0],[117.26329,39.82721,0.0],[117.26306,39.82741,0.0],[117.26289,39.8275,0.0],[117.26263,39.82752,0.0],[117.26246,39.82751,0.0],[117.26224,39.82746,0.0],[117.26196,39.82736,0.0],[117.26142,39.82724,0.0],[117.26112,39.82715,0.0],[117.26087,39.82701,0.0],[117.26067,39.82685,0.0],[117.2605,39.82667,0.0],[117.26026,39.82618,0.0],[117.26013,39.82601,0.0],[117.25987,39.82588,0.0],[117.25952,39.82585,0.0],[117.25913,39.8259,0.0],[117.25869,39.82599,0.0],[117.25825,39.82615,0.0],[117.25784,39.82632,0.0],[117.2573,39.82669,0.0],[117.25666,39.82714,0.0],[117.25635,39.82731,0.0],[117.25608,39.82748,0.0],[117.25584,39.82769,0.0],[117.25554,39.82801,0.0],[117.25534,39.82821,0.0],[117.25518,39.8283,0.0],[117.25499,39.82834,0.0],[117.25476,39.82834,0.0],[117.25454,39.8283,0.0],[117.25429,39.82818,0.0],[117.25396,39.82803,0.0],[117.25366,39.82792,0.0],[117.25343,39.82789,0.0],[117.2532,39.8279,0.0],[117.25301,39.82795,0.0],[117.25275,39.82805,0.0],[117.25251,39.82822,0.0],[117.25226,39.82849,0.0],[117.25208,39.82866,0.0],[117.25169,39.8288,0.0],[117.25129,39.8289,0.0],[117.25098,39.82895,0.0],[117.25078,39.82893,0.0],[117.2506,39.82919,0.0],[117.25021,39.83008,0.0],[117.24984,39.8315,0.0],[117.24952,39.83171,0.0],[117.24898,39.83171,0.0],[117.24851,39.83154,0.0],[117.24736,39.831,0.0],[117.24655,39.83093,0.0],[117.24602,39.83123,0.0],[117.2453,39.83255,0.0],[117.24531,39.83313,0.0],[117.24565,39.83361,0.0],[117.24662,39.83399,0.0],[117.24809,39.83434,0.0],[117.24869,39.83483,0.0],[117.24896,39.83531,0.0],[117.24883,39.83563,0.0],[117.24783,39.83644,0.0],[117.24703,39.83711,0.0],[117.24696,39.83762,0.0],[117.24728,39.83816,0.0],[117.24817,39.83899,0.0],[117.24844,39.83943,0.0],[117.24866,39.83984,0.0],[117.24894,39.84085,0.0],[117.2491,39.84153,0.0],[117.24954,39.84192,0.0],[117.25021,39.842,0.0],[117.25074,39.84198,0.0],[117.25149,39.8417,0.0],[117.25215,39.84167,0.0],[117.25294,39.84182,0.0],[117.25351,39.84227,0.0],[117.25373,39.84269,0.0],[117.25357,39.84312,0.0],[117.25287,39.84399,0.0],[117.25156,39.8453,0.0],[117.25102,39.84689,0.0],[117.25073,39.84742,0.0],[117.24944,39.84847,0.0],[117.24901,39.84897,0.0],[117.24807,39.85073,0.0],[117.24707,39.85229,0.0],[117.24554,39.85416,0.0],[117.24509,39.85468,0.0],[117.24521,39.85492,0.0],[117.24567,39.8555,0.0],[117.24573,39.85586,0.0],[117.24535,39.85662,0.0],[117.24434,39.85756,0.0],[117.24253,39.859,0.0],[117.241,39.85986,0.0],[117.23969,39.86006,0.0],[117.2384,39.85986,0.0],[117.23575,39.85942,0.0],[117.2342,39.85934,0.0],[117.23363,39.85918,0.0],[117.2332,39.8588,0.0],[117.23288,39.85839,0.0],[117.23231,39.85696,0.0],[117.23213,39.85553,0.0],[117.23157,39.85493,0.0],[117.23086,39.85459,0.0],[117.2297,39.85454,0.0],[117.22886,39.85465,0.0],[117.22762,39.85511,0.0],[117.22589,39.85595,0.0],[117.22518,39.856,0.0],[117.22443,39.85562,0.0],[117.22399,39.85471,0.0],[117.22374,39.85341,0.0],[117.22366,39.85228,0.0],[117.22292,39.85177,0.0],[117.22139,39.85169,0.0],[117.22017,39.85211,0.0],[117.21901,39.85289,0.0],[117.21696,39.85401,0.0],[117.21161,39.85581,0.0],[117.21035,39.85589,0.0],[117.2087,39.85554,0.0],[117.20698,39.85495,0.0],[117.20611,39.8551,0.0],[117.20561,39.85545,0.0],[117.20526,39.85641,0.0],[117.20513,39.8582,0.0],[117.20484,39.85857,0.0],[117.20362,39.85879,0.0],[117.20079,39.85894,0.0],[117.19855,39.85946,0.0],[117.19436,39.86091,0.0],[117.19308,39.86102,0.0],[117.19178,39.86086,0.0],[117.18991,39.86013,0.0],[117.18888,39.86011,0.0],[117.18771,39.86033,0.0],[117.1862,39.86102,0.0],[117.18494,39.86196,0.0],[117.18325,39.86341,0.0],[117.18196,39.86465,0.0],[117.18047,39.86527,0.0],[117.1796,39.86522,0.0],[117.17925,39.86504,0.0],[117.1785,39.86392,0.0],[117.17709,39.86293,0.0],[117.17563,39.86268,0.0],[117.17456,39.86285,0.0],[117.17352,39.86342,0.0],[117.17347,39.8642,0.0],[117.17475,39.86604,0.0],[117.17483,39.86688,0.0],[117.17445,39.86769,0.0],[117.17374,39.86835,0.0],[117.17246,39.8691,0.0],[117.17127,39.86934,0.0],[117.17064,39.86916,0.0],[117.17023,39.8686,0.0],[117.16974,39.86631,0.0],[117.16899,39.8655,0.0],[117.16793,39.86502,0.0],[117.16598,39.86504,0.0],[117.16235,39.86544,0.0],[117.16083,39.86618,0.0],[117.16001,39.86676,0.0],[117.15992,39.86746,0.0],[117.16145,39.86835,0.0],[117.16563,39.87074,0.0],[117.1677,39.87241,0.0],[117.16818,39.87298,0.0],[117.16787,39.87357,0.0],[117.16548,39.87538,0.0],[117.1641,39.87648,0.0],[117.16346,39.87647,0.0],[117.16327,39.87586,0.0],[117.16285,39.87315,0.0],[117.16141,39.87137,0.0],[117.15958,39.87103,0.0],[117.15793,39.87155,0.0],[117.15677,39.87415,0.0],[117.1558,39.87547,0.0],[117.15099,39.87749,0.0],[117.15003,39.87686,0.0],[117.14934,39.87591,0.0],[117.14809,39.87518,0.0],[117.1471,39.87436,0.0],[117.14632,39.87416,0.0],[117.14584,39.87464,0.0],[117.14546,39.87611,0.0],[117.14625,39.87795,0.0],[117.14723,39.87944,0.0],[117.14838,39.88089,0.0],[117.14875,39.88402,0.0],[117.15121,39.88719,0.0],[117.15169,39.88819,0.0],[117.14745,39.89142,0.0],[117.14281,39.89485,0.0],[117.14183,39.89608,0.0],[117.14158,39.89761,0.0],[117.14221,39.89954,0.0],[117.1442,39.90099,0.0],[117.15101,39.9035,0.0],[117.15232,39.90525,0.0],[117.15265,39.90698,0.0],[117.15221,39.90795,0.0],[117.15088,39.90884,0.0],[117.14874,39.90929,0.0],[117.14601,39.90905,0.0],[117.13988,39.90904,0.0],[117.13813,39.91044,0.0],[117.13744,39.91403,0.0],[117.13609,39.91744,0.0],[117.13524,39.91784,0.0],[117.13348,39.91799,0.0],[117.13025,39.91833,0.0],[117.129,39.91888,0.0],[117.12919,39.91962,0.0]]],[[[117.66747,40.10517,0.0],[117.66747,40.10588,0.0],[117.66915,40.10634,0.0],[117.67023,40.10418,0.0],[117.66982,40.10248,0.0],[117.66961,40.10245,0.0],[117.66875,40.10233,0.0],[117.66848,40.1018,0.0],[117.66765,40.10164,0.0],[117.6666,40.10457,0.0],[117.66649,40.10488,0.0],[117.66747,40.10517,0.0]]]]}},{"type":"Feature","properties":{"uesi_id":"CHN_R912999","nbhd_code":"CHN_R912999_133","nbhd_name":"Jinghai County"},"geometry":{"type":"MultiPolygon","coordinates":[[[[116.70448,38.92686,0.0],[116.75687,39.03042,0.0],[116.75309,39.04475,0.0],[116.81974,39.05259,0.0],[116.85401,39.0485,0.0],[116.86388,39.06403,0.0],[116.87326,39.07146,0.0],[116.87817,39.06807,0.0],[116.88804,39.06732,0.0],[116.88843,39.06266,0.0],[116.87817,39.05679,0.0],[116.87817,39.05138,0.0],[116.88243,39.04792,0.0],[116.88785,39.05033,0.0],[116.89424,39.05589,0.0],[116.91167,39.05724,0.0],[116.92484,39.05394,0.0],[116.9353,39.04657,0.0],[116.94227,39.05168,0.0],[116.94982,39.05003,0.0],[116.96376,39.04205,0.0],[116.97635,39.03168,0.0],[117.00714,39.02761,0.0],[117.03542,39.01738,0.0],[117.03251,39.00926,0.0],[117.03658,39.00565,0.0],[117.03193,38.99797,0.0],[117.03735,38.98894,0.0],[117.05091,38.98969,0.0],[117.0602,38.99782,0.0],[117.1092,38.97569,0.0],[117.12566,38.96907,0.0],[117.13864,38.95356,0.0],[117.14929,38.93639,0.0],[117.16246,38.92886,0.0],[117.17989,38.89766,0.0],[117.18568,38.89294,0.0],[117.19867,38.88252,0.0],[117.20522,38.87966,0.0],[117.15276,38.82962,0.0],[117.16088,38.82588,0.0],[117.16583,38.83087,0.0],[117.17324,38.82683,0.0],[117.16847,38.82138,0.0],[117.19832,38.80462,0.0],[117.1887,38.79495,0.0],[117.20932,38.7826,0.0],[117.19308,38.77294,0.0],[117.1585,38.75505,0.0],[117.15507,38.75798,0.0],[117.14839,38.75871,0.0],[117.1465,38.74948,0.0],[117.1292,38.74147,0.0],[117.13066,38.73367,0.0],[117.1393,38.73329,0.0],[117.14026,38.7281,0.0],[117.14949,38.72548,0.0],[117.15091,38.72699,0.0],[117.15061,38.72905,0.0],[117.15375,38.7296,0.0],[117.15396,38.73047,0.0],[117.1704,38.73245,0.0],[117.17091,38.73015,0.0],[117.15416,38.72865,0.0],[117.15134,38.71337,0.0],[117.15227,38.6959,0.0],[117.14876,38.69336,0.0],[117.14864,38.68981,0.0],[117.14692,38.69067,0.0],[117.1429,38.69072,0.0],[117.14198,38.6866,0.0],[117.1433,38.68121,0.0],[117.14087,38.68089,0.0],[117.14146,38.67581,0.0],[117.14767,38.67574,0.0],[117.14716,38.67099,0.0],[117.15193,38.66956,0.0],[117.15416,38.66473,0.0],[117.15406,38.66021,0.0],[117.1503,38.6591,0.0],[117.15071,38.65799,0.0],[117.15447,38.65807,0.0],[117.15589,38.6572,0.0],[117.15436,38.6557,0.0],[117.15044,38.65502,0.0],[117.15706,38.65457,0.0],[117.15676,38.64746,0.0],[117.15501,38.64626,0.0],[117.15186,38.63637,0.0],[117.15115,38.63401,0.0],[117.14827,38.6339,0.0],[117.14807,38.63239,0.0],[117.1498,38.63184,0.0],[117.14949,38.62787,0.0],[117.15072,38.62693,0.0],[117.15034,38.62057,0.0],[117.14363,38.61673,0.0],[117.14264,38.61546,0.0],[117.1441,38.61499,0.0],[117.14496,38.60867,0.0],[117.14169,38.60881,0.0],[117.14126,38.60571,0.0],[117.13292,38.60343,0.0],[117.13172,38.60296,0.0],[117.13292,38.59927,0.0],[117.13078,38.59812,0.0],[117.11951,38.59966,0.0],[117.11848,38.59698,0.0],[117.11496,38.59712,0.0],[117.11375,38.58972,0.0],[117.10378,38.58865,0.0],[117.1043,38.58435,0.0],[117.09272,38.58648,0.0],[117.08909,38.59798,0.0],[117.06887,38.60601,0.0],[117.05917,38.6354,0.0],[117.04751,38.64182,0.0],[117.0593,38.67784,0.0],[117.03192,38.68866,0.0],[117.03884,38.70459,0.0],[117.01052,38.70151,0.0],[117.00892,38.69106,0.0],[116.98427,38.69564,0.0],[116.92395,38.68623,0.0],[116.87208,38.6837,0.0],[116.86644,38.7007,0.0],[116.86145,38.74559,0.0],[116.78824,38.74613,0.0],[116.75885,38.73958,0.0],[116.72741,38.79139,0.0],[116.74046,38.82496,0.0],[116.74436,38.83499,0.0],[116.72669,38.85069,0.0],[116.70448,38.92686,0.0]]]]}},{"type":"Feature","properties":{"uesi_id":"CHN_R912999","nbhd_code":"CHN_R912999_134","nbhd_name":"Jinnan District"},"geometry":{"type":"MultiPolygon","coordinates":[[[[117.22187,39.04403,0.0],[117.22644,39.04441,0.0],[117.23262,39.04706,0.0],[117.23564,39.04841,0.0],[117.24182,39.04882,0.0],[117.24424,39.04885,0.0],[117.26076,39.04926,0.0],[117.25891,39.05685,0.0],[117.26553,39.05875,0.0],[117.2701,39.05619,0.0],[117.27472,39.05812,0.0],[117.27621,39.05535,0.0],[117.28117,39.05769,0.0],[117.28146,39.06832,0.0],[117.28834,39.07525,0.0],[117.31236,39.07257,0.0],[117.31849,39.06701,0.0],[117.33178,39.06542,0.0],[117.33417,39.05775,0.0],[117.34984,39.0506,0.0],[117.3829,39.0506,0.0],[117.39755,39.02387,0.0],[117.41391,39.01937,0.0],[117.43129,39.0191,0.0],[117.44015,39.01513,0.0],[117.44836,39.02481,0.0],[117.45883,39.03241,0.0],[117.46278,39.0321,0.0],[117.46547,39.02775,0.0],[117.46309,39.01554,0.0],[117.46918,39.01295,0.0],[117.47585,39.01243,0.0],[117.4848,39.01609,0.0],[117.48848,39.01559,0.0],[117.49616,39.00687,0.0],[117.5022,38.99452,0.0],[117.50498,38.99447,0.0],[117.51714,39.00441,0.0],[117.52027,39.00556,0.0],[117.52774,39.00476,0.0],[117.53241,39.00136,0.0],[117.54003,38.99281,0.0],[117.54515,38.99016,0.0],[117.55203,38.99107,0.0],[117.55396,38.98865,0.0],[117.5508,38.98063,0.0],[117.54863,38.98042,0.0],[117.54342,38.96721,0.0],[117.54376,38.95782,0.0],[117.54238,38.95758,0.0],[117.54291,38.95368,0.0],[117.54321,38.95279,0.0],[117.54468,38.94211,0.0],[117.53897,38.94151,0.0],[117.53472,38.94434,0.0],[117.52286,38.95227,0.0],[117.51605,38.95105,0.0],[117.51497,38.95086,0.0],[117.50675,38.94446,0.0],[117.50451,38.94674,0.0],[117.49089,38.94189,0.0],[117.49654,38.90674,0.0],[117.47913,38.904,0.0],[117.44103,38.87791,0.0],[117.43406,38.86904,0.0],[117.4312,38.85868,0.0],[117.43027,38.85829,0.0],[117.41704,38.87128,0.0],[117.4008,38.88643,0.0],[117.38026,38.87071,0.0],[117.34326,38.8489,0.0],[117.34425,38.85325,0.0],[117.34485,38.85653,0.0],[117.32936,38.87734,0.0],[117.30263,38.88819,0.0],[117.27823,38.90929,0.0],[117.27629,38.91894,0.0],[117.26932,38.92557,0.0],[117.26893,38.93671,0.0],[117.25228,38.94635,0.0],[117.26622,38.95178,0.0],[117.27281,38.95961,0.0],[117.27048,38.97256,0.0],[117.27939,38.97436,0.0],[117.28443,38.96413,0.0],[117.2914,38.96413,0.0],[117.29295,38.97376,0.0],[117.29915,38.9852,0.0],[117.29876,38.99152,0.0],[117.28636,38.99453,0.0],[117.28133,39.00808,0.0],[117.26855,39.0129,0.0],[117.26855,39.03185,0.0],[117.24376,39.03155,0.0],[117.22982,39.03877,0.0],[117.22187,39.04403,0.0]]]]}},{"type":"Feature","properties":{"uesi_id":"CHN_R912999","nbhd_code":"CHN_R912999_135","nbhd_name":"Nankai District"},"geometry":{"type":"MultiPolygon","coordinates":[[[[117.10415,39.1326,0.0],[117.11584,39.14201,0.0],[117.1146,39.14301,0.0],[117.11447,39.145,0.0],[117.11382,39.14745,0.0],[117.11506,39.14756,0.0],[117.1165,39.14722,0.0],[117.11729,39.14724,0.0],[117.11956,39.14826,0.0],[117.12072,39.14875,0.0],[117.12111,39.15063,0.0],[117.12177,39.15112,0.0],[117.12301,39.151,0.0],[117.12368,39.15074,0.0],[117.12516,39.1495,0.0],[117.12789,39.14598,0.0],[117.12902,39.14539,0.0],[117.13039,39.14538,0.0],[117.13292,39.14592,0.0],[117.13712,39.14703,0.0],[117.13781,39.14735,0.0],[117.13912,39.14648,0.0],[117.13934,39.14507,0.0],[117.13855,39.14448,0.0],[117.13765,39.14345,0.0],[117.13754,39.14326,0.0],[117.13759,39.14303,0.0],[117.13779,39.14297,0.0],[117.13941,39.14294,0.0],[117.14145,39.1423,0.0],[117.14427,39.14195,0.0],[117.14637,39.14141,0.0],[117.14937,39.14119,0.0],[117.15088,39.14088,0.0],[117.15122,39.14064,0.0],[117.15178,39.13996,0.0],[117.15238,39.14015,0.0],[117.15338,39.14035,0.0],[117.15509,39.14043,0.0],[117.15743,39.14051,0.0],[117.16172,39.14067,0.0],[117.1656,39.14077,0.0],[117.16576,39.14549,0.0],[117.18319,39.1446,0.0],[117.18808,39.1461,0.0],[117.18843,39.1457,0.0],[117.18886,39.1446,0.0],[117.18884,39.14271,0.0],[117.18827,39.13929,0.0],[117.18788,39.13525,0.0],[117.18805,39.13366,0.0],[117.18612,39.13345,0.0],[117.18588,39.13448,0.0],[117.18571,39.13481,0.0],[117.18542,39.13509,0.0],[117.18477,39.13528,0.0],[117.18445,39.13548,0.0],[117.17913,39.1359,0.0],[117.17747,39.13595,0.0],[117.17486,39.13602,0.0],[117.17323,39.11949,0.0],[117.17285,39.10098,0.0],[117.17325,39.08956,0.0],[117.17875,39.06916,0.0],[117.18222,39.06573,0.0],[117.16357,39.06013,0.0],[117.16166,39.06016,0.0],[117.15936,39.06074,0.0],[117.15787,39.06157,0.0],[117.14437,39.07384,0.0],[117.141,39.07687,0.0],[117.13378,39.07319,0.0],[117.13371,39.07324,0.0],[117.12504,39.07816,0.0],[117.11887,39.08129,0.0],[117.116,39.08287,0.0],[117.13041,39.08998,0.0],[117.12684,39.09749,0.0],[117.12457,39.11447,0.0],[117.1229,39.11701,0.0],[117.10415,39.1326,0.0]]]]}},{"type":"Feature","properties":{"uesi_id":"CHN_R912999","nbhd_code":"CHN_R912999_136","nbhd_name":"Ninghe County"},"geometry":{"type":"MultiPolygon","coordinates":[[[[117.31931,39.3477,0.0],[117.32041,39.34865,0.0],[117.32172,39.34875,0.0],[117.32306,39.35036,0.0],[117.32341,39.35225,0.0],[117.32839,39.35251,0.0],[117.33099,39.35797,0.0],[117.34383,39.36023,0.0],[117.35928,39.35927,0.0],[117.3622,39.35638,0.0],[117.36388,39.35704,0.0],[117.36407,39.3584,0.0],[117.3755,39.35893,0.0],[117.37732,39.35983,0.0],[117.37795,39.36146,0.0],[117.38141,39.36043,0.0],[117.38305,39.35896,0.0],[117.38282,39.35303,0.0],[117.38555,39.35295,0.0],[117.38594,39.35133,0.0],[117.39039,39.35127,0.0],[117.3982,39.35025,0.0],[117.40231,39.3491,0.0],[117.40906,39.34921,0.0],[117.40862,39.34522,0.0],[117.42715,39.34573,0.0],[117.42888,39.34683,0.0],[117.42749,39.34834,0.0],[117.42983,39.34981,0.0],[117.42994,39.35103,0.0],[117.42647,39.35405,0.0],[117.42562,39.35709,0.0],[117.42625,39.35882,0.0],[117.4298,39.35758,0.0],[117.43189,39.35645,0.0],[117.43239,39.35686,0.0],[117.43333,39.35918,0.0],[117.43514,39.36026,0.0],[117.43872,39.3599,0.0],[117.44227,39.35754,0.0],[117.44824,39.36084,0.0],[117.44967,39.35984,0.0],[117.45303,39.36103,0.0],[117.45391,39.36052,0.0],[117.45504,39.36105,0.0],[117.4587,39.35826,0.0],[117.46044,39.36003,0.0],[117.4666,39.36069,0.0],[117.46478,39.36396,0.0],[117.46644,39.36548,0.0],[117.4707,39.36528,0.0],[117.46811,39.36013,0.0],[117.46858,39.35952,0.0],[117.47243,39.36728,0.0],[117.47698,39.36907,0.0],[117.47943,39.37094,0.0],[117.47901,39.37324,0.0],[117.47722,39.37369,0.0],[117.47742,39.37573,0.0],[117.47885,39.37824,0.0],[117.48185,39.37916,0.0],[117.4936,39.38073,0.0],[117.49476,39.37941,0.0],[117.50139,39.38233,0.0],[117.4993,39.38477,0.0],[117.49437,39.38356,0.0],[117.49115,39.391,0.0],[117.4933,39.39186,0.0],[117.49134,39.39432,0.0],[117.48834,39.4036,0.0],[117.49035,39.40417,0.0],[117.48834,39.41329,0.0],[117.48449,39.41248,0.0],[117.47665,39.44448,0.0],[117.4767,39.44775,0.0],[117.48097,39.44813,0.0],[117.48168,39.44724,0.0],[117.48298,39.44743,0.0],[117.48639,39.45089,0.0],[117.49332,39.45352,0.0],[117.4911,39.45845,0.0],[117.49705,39.46093,0.0],[117.49986,39.46013,0.0],[117.50125,39.45713,0.0],[117.50343,39.45542,0.0],[117.50585,39.45554,0.0],[117.51326,39.45826,0.0],[117.51195,39.45989,0.0],[117.51188,39.46215,0.0],[117.51715,39.46267,0.0],[117.51853,39.46536,0.0],[117.5355,39.46341,0.0],[117.54454,39.46637,0.0],[117.55124,39.47081,0.0],[117.559,39.47975,0.0],[117.55603,39.48476,0.0],[117.55211,39.48556,0.0],[117.54993,39.49366,0.0],[117.56115,39.49663,0.0],[117.56158,39.49314,0.0],[117.56245,39.49299,0.0],[117.5663,39.49391,0.0],[117.56697,39.49015,0.0],[117.56773,39.48987,0.0],[117.57153,39.49094,0.0],[117.57189,39.4881,0.0],[117.57433,39.48391,0.0],[117.58158,39.48558,0.0],[117.5896,39.48622,0.0],[117.5907,39.48645,0.0],[117.59093,39.48541,0.0],[117.59172,39.48523,0.0],[117.59491,39.48575,0.0],[117.59513,39.48736,0.0],[117.60159,39.48864,0.0],[117.60036,39.49097,0.0],[117.59993,39.49308,0.0],[117.60127,39.49366,0.0],[117.60092,39.49809,0.0],[117.60278,39.49819,0.0],[117.60433,39.51091,0.0],[117.62462,39.51473,0.0],[117.62961,39.52023,0.0],[117.63096,39.52069,0.0],[117.63108,39.5213,0.0],[117.62735,39.53367,0.0],[117.62721,39.53563,0.0],[117.6283,39.53613,0.0],[117.64019,39.53274,0.0],[117.65232,39.53025,0.0],[117.65115,39.52861,0.0],[117.65146,39.52792,0.0],[117.65401,39.52653,0.0],[117.66164,39.52928,0.0],[117.66247,39.53133,0.0],[117.67068,39.53218,0.0],[117.67049,39.53433,0.0],[117.67346,39.53394,0.0],[117.67322,39.53604,0.0],[117.67479,39.53612,0.0],[117.6763,39.53363,0.0],[117.68187,39.53391,0.0],[117.68483,39.53651,0.0],[117.68427,39.54571,0.0],[117.68441,39.54646,0.0],[117.68764,39.54727,0.0],[117.68946,39.54831,0.0],[117.68867,39.55011,0.0],[117.69245,39.55103,0.0],[117.69491,39.55071,0.0],[117.70215,39.54768,0.0],[117.70145,39.54551,0.0],[117.70118,39.54242,0.0],[117.70155,39.54074,0.0],[117.70296,39.53703,0.0],[117.70564,39.53312,0.0],[117.70996,39.5291,0.0],[117.71069,39.52923,0.0],[117.71666,39.53391,0.0],[117.71747,39.53406,0.0],[117.72157,39.53376,0.0],[117.72274,39.5339,0.0],[117.72696,39.5351,0.0],[117.72972,39.53763,0.0],[117.7319,39.53932,0.0],[117.73345,39.54213,0.0],[117.73634,39.54537,0.0],[117.73927,39.54705,0.0],[117.73001,39.55998,0.0],[117.72931,39.55955,0.0],[117.72965,39.56677,0.0],[117.73127,39.56646,0.0],[117.73185,39.57305,0.0],[117.74227,39.57341,0.0],[117.74281,39.57447,0.0],[117.74713,39.57502,0.0],[117.74715,39.57561,0.0],[117.74629,39.57612,0.0],[117.74596,39.57714,0.0],[117.74604,39.57812,0.0],[117.74643,39.57845,0.0],[117.74732,39.57845,0.0],[117.74774,39.57896,0.0],[117.74845,39.57874,0.0],[117.74919,39.58012,0.0],[117.74653,39.58169,0.0],[117.74536,39.58319,0.0],[117.74191,39.58849,0.0],[117.76168,39.59799,0.0],[117.76144,39.59877,0.0],[117.76543,39.5984,0.0],[117.77026,39.59795,0.0],[117.77405,39.59688,0.0],[117.77804,39.59641,0.0],[117.78335,39.59622,0.0],[117.78423,39.59694,0.0],[117.78508,39.5986,0.0],[117.78636,39.59967,0.0],[117.78761,39.59995,0.0],[117.79587,39.60072,0.0],[117.79777,39.60007,0.0],[117.81142,39.59446,0.0],[117.82033,39.58982,0.0],[117.82349,39.58904,0.0],[117.83354,39.58862,0.0],[117.84105,39.59005,0.0],[117.84544,39.58825,0.0],[117.84571,39.58885,0.0],[117.84623,39.58877,0.0],[117.84757,39.59128,0.0],[117.85106,39.59119,0.0],[117.85319,39.59176,0.0],[117.8597,39.59562,0.0],[117.86238,39.59585,0.0],[117.87773,39.58932,0.0],[117.88167,39.58882,0.0],[117.88493,39.58971,0.0],[117.88681,39.59071,0.0],[117.89486,39.58814,0.0],[117.89896,39.58602,0.0],[117.90625,39.58318,0.0],[117.9143,39.57999,0.0],[117.92381,39.57745,0.0],[117.92804,39.57315,0.0],[117.92518,39.56716,0.0],[117.92393,39.56754,0.0],[117.92115,39.56392,0.0],[117.92066,39.562,0.0],[117.91885,39.56233,0.0],[117.91563,39.55822,0.0],[117.91371,39.55509,0.0],[117.91266,39.5548,0.0],[117.91198,39.55367,0.0],[117.91115,39.54733,0.0],[117.91226,39.54705,0.0],[117.91187,39.54659,0.0],[117.91057,39.54695,0.0],[117.91002,39.54696,0.0],[117.90932,39.5468,0.0],[117.909,39.54557,0.0],[117.90806,39.54346,0.0],[117.90764,39.54226,0.0],[117.90765,39.54169,0.0],[117.90736,39.54113,0.0],[117.90592,39.54118,0.0],[117.90516,39.54128,0.0],[117.90455,39.54121,0.0],[117.90384,39.54097,0.0],[117.90346,39.5405,0.0],[117.90271,39.53895,0.0],[117.90232,39.53764,0.0],[117.90248,39.5375,0.0],[117.90248,39.53732,0.0],[117.90387,39.53695,0.0],[117.90048,39.53497,0.0],[117.899,39.5356,0.0],[117.89892,39.53532,0.0],[117.90035,39.53439,0.0],[117.90015,39.53421,0.0],[117.89942,39.53406,0.0],[117.89937,39.53383,0.0],[117.89895,39.53338,0.0],[117.89913,39.53303,0.0],[117.89898,39.5326,0.0],[117.90107,39.53142,0.0],[117.8993,39.52914,0.0],[117.90244,39.52687,0.0],[117.90331,39.5275,0.0],[117.90299,39.52792,0.0],[117.90359,39.52851,0.0],[117.90388,39.52857,0.0],[117.90421,39.52878,0.0],[117.90453,39.52864,0.0],[117.9037,39.5273,0.0],[117.90445,39.527,0.0],[117.90399,39.52593,0.0],[117.90407,39.52556,0.0],[117.90338,39.52527,0.0],[117.90307,39.52458,0.0],[117.90339,39.52407,0.0],[117.9035,39.5222,0.0],[117.90381,39.52214,0.0],[117.90457,39.52105,0.0],[117.90481,39.52103,0.0],[117.90493,39.52076,0.0],[117.9059,39.52099,0.0],[117.90674,39.52048,0.0],[117.90515,39.51683,0.0],[117.90415,39.51328,0.0],[117.9029,39.51098,0.0],[117.90227,39.51096,0.0],[117.90208,39.51043,0.0],[117.90141,39.5102,0.0],[117.90076,39.50993,0.0],[117.90002,39.50993,0.0],[117.89238,39.50866,0.0],[117.89113,39.48838,0.0],[117.8869,39.48828,0.0],[117.88633,39.48606,0.0],[117.89054,39.48453,0.0],[117.89146,39.48282,0.0],[117.89197,39.48098,0.0],[117.89262,39.47981,0.0],[117.89336,39.47665,0.0],[117.89376,39.4742,0.0],[117.89262,39.4719,0.0],[117.89121,39.47114,0.0],[117.88704,39.47007,0.0],[117.88358,39.4687,0.0],[117.88136,39.46722,0.0],[117.88005,39.46577,0.0],[117.87205,39.46614,0.0],[117.869,39.45676,0.0],[117.868,39.45398,0.0],[117.86432,39.45381,0.0],[117.86574,39.41053,0.0],[117.84095,39.40701,0.0],[117.84196,39.40088,0.0],[117.8521,39.40213,0.0],[117.85271,39.40205,0.0],[117.8532,39.40223,0.0],[117.85629,39.39616,0.0],[117.85432,39.38363,0.0],[117.85932,39.37731,0.0],[117.85192,39.37244,0.0],[117.85076,39.37366,0.0],[117.85068,39.37409,0.0],[117.84611,39.37988,0.0],[117.84312,39.37809,0.0],[117.8328,39.37619,0.0],[117.82662,39.37625,0.0],[117.81427,39.37577,0.0],[117.8077,39.37462,0.0],[117.80157,39.37244,0.0],[117.79918,39.37224,0.0],[117.7991,39.36999,0.0],[117.79818,39.36825,0.0],[117.79723,39.36113,0.0],[117.7984,39.35821,0.0],[117.80078,39.35572,0.0],[117.8077,39.35314,0.0],[117.81054,39.35333,0.0],[117.81493,39.35513,0.0],[117.81919,39.35553,0.0],[117.82683,39.35531,0.0],[117.83037,39.35258,0.0],[117.83089,39.34955,0.0],[117.84714,39.35969,0.0],[117.8439,39.36252,0.0],[117.84469,39.36307,0.0],[117.84197,39.36608,0.0],[117.84598,39.36858,0.0],[117.84865,39.36548,0.0],[117.84764,39.36454,0.0],[117.84564,39.36348,0.0],[117.84659,39.3624,0.0],[117.84704,39.36192,0.0],[117.8501,39.36351,0.0],[117.85102,39.36305,0.0],[117.8523,39.36286,0.0],[117.85322,39.36346,0.0],[117.85454,39.36379,0.0],[117.85681,39.3612,0.0],[117.85056,39.35433,0.0],[117.84749,39.35087,0.0],[117.84576,39.34879,0.0],[117.84498,39.34686,0.0],[117.84383,39.34129,0.0],[117.83997,39.34186,0.0],[117.8392,39.33879,0.0],[117.83883,39.33796,0.0],[117.83796,39.33681,0.0],[117.83706,39.33602,0.0],[117.83586,39.33541,0.0],[117.84002,39.33229,0.0],[117.8402,39.33207,0.0],[117.84036,39.33206,0.0],[117.8419,39.33112,0.0],[117.84194,39.33044,0.0],[117.84179,39.32943,0.0],[117.84063,39.32757,0.0],[117.83887,39.32465,0.0],[117.84066,39.32434,0.0],[117.84198,39.32411,0.0],[117.84137,39.32242,0.0],[117.84171,39.32189,0.0],[117.84411,39.32114,0.0],[117.84238,39.31787,0.0],[117.84341,39.31632,0.0],[117.84361,39.3145,0.0],[117.83976,39.31382,0.0],[117.838,39.32255,0.0],[117.83673,39.32281,0.0],[117.83277,39.31616,0.0],[117.83659,39.31103,0.0],[117.83654,39.31036,0.0],[117.83344,39.31007,0.0],[117.83132,39.30872,0.0],[117.83064,39.30507,0.0],[117.82685,39.30678,0.0],[117.82383,39.30222,0.0],[117.8214,39.30283,0.0],[117.8073,39.28249,0.0],[117.80632,39.28127,0.0],[117.80376,39.27814,0.0],[117.78262,39.28666,0.0],[117.78364,39.28868,0.0],[117.78352,39.29809,0.0],[117.78526,39.30021,0.0],[117.7785,39.30341,0.0],[117.76803,39.30099,0.0],[117.75979,39.29804,0.0],[117.75452,39.29383,0.0],[117.7261,39.28945,0.0],[117.72571,39.28893,0.0],[117.71571,39.29008,0.0],[117.71453,39.28149,0.0],[117.70332,39.28214,0.0],[117.70276,39.28088,0.0],[117.70253,39.27637,0.0],[117.70293,39.27626,0.0],[117.70306,39.26658,0.0],[117.70452,39.26656,0.0],[117.70965,39.25574,0.0],[117.71219,39.25607,0.0],[117.7154,39.24917,0.0],[117.71945,39.25015,0.0],[117.72159,39.24613,0.0],[117.71941,39.24505,0.0],[117.73712,39.23695,0.0],[117.73419,39.23191,0.0],[117.72805,39.22433,0.0],[117.71925,39.21358,0.0],[117.71441,39.20596,0.0],[117.71005,39.19349,0.0],[117.71364,39.19265,0.0],[117.71269,39.17232,0.0],[117.68915,39.17249,0.0],[117.67727,39.17251,0.0],[117.67504,39.17181,0.0],[117.6739,39.17071,0.0],[117.6747,39.18758,0.0],[117.67469,39.18773,0.0],[117.6609,39.18785,0.0],[117.65402,39.19601,0.0],[117.64617,39.2044,0.0],[117.6458,39.20572,0.0],[117.64355,39.20633,0.0],[117.63974,39.21008,0.0],[117.63752,39.21419,0.0],[117.63225,39.21303,0.0],[117.62908,39.21158,0.0],[117.62912,39.20965,0.0],[117.62741,39.20922,0.0],[117.62725,39.20848,0.0],[117.62262,39.20734,0.0],[117.62218,39.20639,0.0],[117.61164,39.20393,0.0],[117.6118,39.18593,0.0],[117.61497,39.18655,0.0],[117.6175,39.18175,0.0],[117.6137,39.17739,0.0],[117.61037,39.1734,0.0],[117.60942,39.16516,0.0],[117.59015,39.16823,0.0],[117.56256,39.17618,0.0],[117.55501,39.17818,0.0],[117.54359,39.18021,0.0],[117.54224,39.17917,0.0],[117.53137,39.18151,0.0],[117.51186,39.19029,0.0],[117.50793,39.19159,0.0],[117.50775,39.20388,0.0],[117.50402,39.20653,0.0],[117.50346,39.20591,0.0],[117.50513,39.20226,0.0],[117.50481,39.20143,0.0],[117.49863,39.19998,0.0],[117.49625,39.19851,0.0],[117.49776,39.19624,0.0],[117.49669,39.19439,0.0],[117.48555,39.19749,0.0],[117.48654,39.19897,0.0],[117.48963,39.19796,0.0],[117.49581,39.20038,0.0],[117.49744,39.20296,0.0],[117.49776,39.20788,0.0],[117.49252,39.20542,0.0],[117.48642,39.20364,0.0],[117.47976,39.20395,0.0],[117.47683,39.20585,0.0],[117.48119,39.20997,0.0],[117.4819,39.21967,0.0],[117.47207,39.22471,0.0],[117.46702,39.22848,0.0],[117.45973,39.22792,0.0],[117.4507,39.23052,0.0],[117.44549,39.23539,0.0],[117.44179,39.231,0.0],[117.44042,39.23244,0.0],[117.43605,39.22961,0.0],[117.42262,39.23055,0.0],[117.42013,39.23037,0.0],[117.41943,39.22746,0.0],[117.41183,39.22262,0.0],[117.40224,39.22493,0.0],[117.40232,39.22701,0.0],[117.40181,39.22854,0.0],[117.4046,39.23345,0.0],[117.40476,39.23449,0.0],[117.40431,39.23564,0.0],[117.40225,39.23754,0.0],[117.401,39.23812,0.0],[117.39937,39.23844,0.0],[117.3976,39.23898,0.0],[117.39621,39.24008,0.0],[117.39551,39.24125,0.0],[117.39458,39.24462,0.0],[117.39374,39.24554,0.0],[117.3909,39.24664,0.0],[117.38899,39.24641,0.0],[117.38809,39.24711,0.0],[117.38742,39.25599,0.0],[117.39386,39.25785,0.0],[117.40064,39.27333,0.0],[117.39938,39.27827,0.0],[117.39899,39.28126,0.0],[117.39494,39.28653,0.0],[117.39035,39.28259,0.0],[117.38467,39.28112,0.0],[117.38204,39.27994,0.0],[117.38029,39.28038,0.0],[117.37853,39.28136,0.0],[117.3774,39.27872,0.0],[117.37657,39.27898,0.0],[117.37225,39.28229,0.0],[117.36863,39.28594,0.0],[117.36242,39.29021,0.0],[117.35794,39.28607,0.0],[117.34958,39.2919,0.0],[117.35265,39.29362,0.0],[117.35567,39.29478,0.0],[117.34545,39.30146,0.0],[117.3365,39.30907,0.0],[117.33109,39.30467,0.0],[117.32584,39.30833,0.0],[117.33168,39.31223,0.0],[117.33018,39.31402,0.0],[117.33205,39.31574,0.0],[117.33101,39.31695,0.0],[117.33238,39.31768,0.0],[117.32805,39.32211,0.0],[117.32525,39.31952,0.0],[117.32077,39.32397,0.0],[117.31753,39.3283,0.0],[117.32018,39.33126,0.0],[117.31961,39.33302,0.0],[117.31901,39.33375,0.0],[117.32149,39.33888,0.0],[117.31971,39.34248,0.0],[117.31758,39.34269,0.0],[117.31608,39.34744,0.0],[117.31931,39.3477,0.0]],[[117.52321,39.34644,0.0],[117.52766,39.34805,0.0],[117.5291,39.34361,0.0],[117.53025,39.33709,0.0],[117.53828,39.33797,0.0],[117.56451,39.34187,0.0],[117.58923,39.34821,0.0],[117.59144,39.34412,0.0],[117.6009,39.34604,0.0],[117.60238,39.34254,0.0],[117.60318,39.34217,0.0],[117.61059,39.34351,0.0],[117.61115,39.34102,0.0],[117.61131,39.33711,0.0],[117.61354,39.3373,0.0],[117.61629,39.33834,0.0],[117.61671,39.33819,0.0],[117.61991,39.33934,0.0],[117.62061,39.33974,0.0],[117.62116,39.34067,0.0],[117.62165,39.34083,0.0],[117.62324,39.34067,0.0],[117.62448,39.341,0.0],[117.62678,39.3423,0.0],[117.62748,39.34254,0.0],[117.62937,39.34287,0.0],[117.63007,39.34264,0.0],[117.63094,39.34217,0.0],[117.63163,39.3423,0.0],[117.63345,39.34299,0.0],[117.63449,39.34386,0.0],[117.63606,39.3434,0.0],[117.63626,39.34256,0.0],[117.63635,39.34169,0.0],[117.63611,39.33926,0.0],[117.63615,39.33825,0.0],[117.63579,39.33826,0.0],[117.63417,39.33783,0.0],[117.63215,39.33723,0.0],[117.63232,39.33675,0.0],[117.63211,39.33662,0.0],[117.63251,39.33534,0.0],[117.63149,39.33502,0.0],[117.63275,39.33315,0.0],[117.6342,39.33218,0.0],[117.63445,39.33164,0.0],[117.63651,39.33066,0.0],[117.63808,39.32683,0.0],[117.63836,39.32658,0.0],[117.64036,39.32181,0.0],[117.64469,39.32113,0.0],[117.64611,39.31738,0.0],[117.64447,39.31721,0.0],[117.64482,39.3141,0.0],[117.64698,39.31372,0.0],[117.64967,39.31428,0.0],[117.65215,39.31432,0.0],[117.65372,39.3147,0.0],[117.65493,39.31524,0.0],[117.65782,39.31576,0.0],[117.6586,39.3162,0.0],[117.65894,39.31683,0.0],[117.65882,39.31808,0.0],[117.65901,39.31861,0.0],[117.65982,39.31906,0.0],[117.66131,39.31939,0.0],[117.66164,39.31957,0.0],[117.66112,39.3201,0.0],[117.66137,39.32066,0.0],[117.66232,39.32129,0.0],[117.66349,39.3218,0.0],[117.66334,39.32321,0.0],[117.66439,39.34705,0.0],[117.66466,39.34746,0.0],[117.66495,39.35531,0.0],[117.67676,39.355,0.0],[117.68653,39.3546,0.0],[117.68631,39.35052,0.0],[117.69965,39.35017,0.0],[117.70212,39.35061,0.0],[117.7207,39.35202,0.0],[117.73858,39.35346,0.0],[117.74545,39.35734,0.0],[117.74606,39.35724,0.0],[117.74712,39.35729,0.0],[117.74761,39.3574,0.0],[117.74858,39.35785,0.0],[117.74985,39.35642,0.0],[117.75071,39.35683,0.0],[117.74868,39.35911,0.0],[117.77838,39.37612,0.0],[117.77639,39.39349,0.0],[117.73094,39.40945,0.0],[117.69364,39.40656,0.0],[117.69593,39.38849,0.0],[117.69612,39.38825,0.0],[117.6962,39.38784,0.0],[117.69429,39.38779,0.0],[117.66696,39.38564,0.0],[117.66463,39.4042,0.0],[117.66191,39.40403,0.0],[117.6618,39.40432,0.0],[117.66177,39.40527,0.0],[117.661,39.40628,0.0],[117.66446,39.40756,0.0],[117.66296,39.411,0.0],[117.66235,39.41087,0.0],[117.66219,39.41068,0.0],[117.66111,39.41032,0.0],[117.65897,39.40942,0.0],[117.65762,39.41134,0.0],[117.64889,39.40872,0.0],[117.65017,39.40647,0.0],[117.64489,39.40473,0.0],[117.64452,39.40524,0.0],[117.64164,39.40485,0.0],[117.64133,39.40525,0.0],[117.63734,39.40481,0.0],[117.63757,39.4021,0.0],[117.63536,39.40192,0.0],[117.63571,39.39917,0.0],[117.62967,39.39742,0.0],[117.62902,39.40346,0.0],[117.62549,39.40333,0.0],[117.62474,39.40751,0.0],[117.62033,39.4072,0.0],[117.61458,39.40663,0.0],[117.60806,39.40606,0.0],[117.60779,39.40628,0.0],[117.6082,39.4101,0.0],[117.60521,39.41203,0.0],[117.60538,39.41426,0.0],[117.60607,39.41425,0.0],[117.60498,39.41616,0.0],[117.60151,39.41709,0.0],[117.59512,39.41847,0.0],[117.5956,39.41537,0.0],[117.59313,39.41411,0.0],[117.59106,39.41395,0.0],[117.59117,39.41226,0.0],[117.59096,39.41186,0.0],[117.5877,39.41084,0.0],[117.58778,39.40946,0.0],[117.58734,39.409,0.0],[117.58682,39.40769,0.0],[117.5859,39.4068,0.0],[117.58556,39.40566,0.0],[117.5846,39.40486,0.0],[117.58446,39.40446,0.0],[117.5694,39.40309,0.0],[117.56918,39.40412,0.0],[117.56497,39.40355,0.0],[117.56525,39.39929,0.0],[117.56198,39.3988,0.0],[117.56255,39.39622,0.0],[117.55423,39.39546,0.0],[117.55477,39.39201,0.0],[117.54752,39.39149,0.0],[117.54812,39.38792,0.0],[117.55122,39.3881,0.0],[117.55168,39.3846,0.0],[117.55046,39.38428,0.0],[117.54745,39.38295,0.0],[117.54668,39.38239,0.0],[117.54675,39.38158,0.0],[117.54254,39.38048,0.0],[117.53783,39.38019,0.0],[117.53827,39.37946,0.0],[117.53881,39.37894,0.0],[117.53897,39.37694,0.0],[117.53736,39.37705,0.0],[117.53608,39.37705,0.0],[117.53339,39.37619,0.0],[117.53281,39.3763,0.0],[117.53309,39.37339,0.0],[117.52918,39.37301,0.0],[117.5312,39.36272,0.0],[117.52819,39.36142,0.0],[117.52337,39.36576,0.0],[117.5201,39.36465,0.0],[117.52194,39.36182,0.0],[117.52248,39.36084,0.0],[117.52253,39.36039,0.0],[117.51484,39.35626,0.0],[117.52321,39.34644,0.0]]]]}},{"type":"Feature","properties":{"uesi_id":"CHN_R912999","nbhd_code":"CHN_R912999_137","nbhd_name":"Wuqing District"},"geometry":{"type":"MultiPolygon","coordinates":[[[[116.77899,39.46474,0.0],[116.77958,39.46554,0.0],[116.77958,39.46606,0.0],[116.78278,39.4659,0.0],[116.78042,39.46725,0.0],[116.78068,39.46756,0.0],[116.78089,39.46817,0.0],[116.78298,39.46837,0.0],[116.78284,39.46951,0.0],[116.78291,39.46996,0.0],[116.78275,39.47085,0.0],[116.78472,39.47087,0.0],[116.78501,39.4705,0.0],[116.78662,39.47053,0.0],[116.78651,39.47227,0.0],[116.79309,39.47251,0.0],[116.81294,39.4874,0.0],[116.81246,39.4903,0.0],[116.81257,39.49052,0.0],[116.81179,39.49423,0.0],[116.81135,39.49559,0.0],[116.81038,39.49568,0.0],[116.81027,39.49604,0.0],[116.80983,39.49831,0.0],[116.80524,39.49847,0.0],[116.80513,39.49981,0.0],[116.80835,39.4999,0.0],[116.80854,39.50118,0.0],[116.80965,39.50024,0.0],[116.81049,39.49991,0.0],[116.81049,39.50071,0.0],[116.80811,39.50927,0.0],[116.81238,39.50909,0.0],[116.81319,39.50986,0.0],[116.81327,39.51068,0.0],[116.81789,39.51107,0.0],[116.81804,39.5109,0.0],[116.81976,39.5113,0.0],[116.81957,39.51197,0.0],[116.82034,39.51213,0.0],[116.81985,39.51341,0.0],[116.81721,39.52635,0.0],[116.81975,39.52616,0.0],[116.819,39.52781,0.0],[116.81682,39.53156,0.0],[116.81708,39.53184,0.0],[116.81607,39.53343,0.0],[116.81251,39.53199,0.0],[116.81277,39.53087,0.0],[116.81368,39.52745,0.0],[116.81002,39.52791,0.0],[116.80979,39.52855,0.0],[116.80165,39.52793,0.0],[116.80168,39.5275,0.0],[116.8003,39.52792,0.0],[116.7971,39.52941,0.0],[116.79605,39.53571,0.0],[116.79262,39.53549,0.0],[116.79178,39.54017,0.0],[116.79079,39.54036,0.0],[116.78996,39.54181,0.0],[116.78942,39.54469,0.0],[116.78708,39.54461,0.0],[116.78689,39.54562,0.0],[116.78506,39.54573,0.0],[116.7848,39.54786,0.0],[116.78164,39.54771,0.0],[116.78112,39.55076,0.0],[116.78203,39.55095,0.0],[116.78182,39.55351,0.0],[116.78316,39.55361,0.0],[116.78323,39.55477,0.0],[116.78644,39.55523,0.0],[116.78571,39.55877,0.0],[116.78933,39.56155,0.0],[116.78898,39.56201,0.0],[116.79028,39.56297,0.0],[116.78983,39.56341,0.0],[116.79173,39.5644,0.0],[116.79266,39.56346,0.0],[116.79328,39.56373,0.0],[116.79269,39.56447,0.0],[116.79208,39.56444,0.0],[116.79123,39.56536,0.0],[116.7921,39.56578,0.0],[116.79104,39.5669,0.0],[116.7922,39.56729,0.0],[116.79306,39.56816,0.0],[116.79377,39.5678,0.0],[116.79866,39.56945,0.0],[116.80242,39.57144,0.0],[116.80194,39.57321,0.0],[116.80337,39.5731,0.0],[116.80259,39.57546,0.0],[116.80382,39.57571,0.0],[116.80403,39.57558,0.0],[116.80567,39.57597,0.0],[116.80358,39.57804,0.0],[116.80287,39.57909,0.0],[116.80109,39.57895,0.0],[116.79906,39.58232,0.0],[116.79751,39.58278,0.0],[116.79624,39.58478,0.0],[116.79401,39.58538,0.0],[116.79268,39.58809,0.0],[116.79433,39.58786,0.0],[116.79345,39.58981,0.0],[116.79286,39.59028,0.0],[116.79205,39.59335,0.0],[116.79218,39.59421,0.0],[116.79329,39.59417,0.0],[116.79258,39.59674,0.0],[116.79363,39.59704,0.0],[116.79394,39.59649,0.0],[116.79421,39.5965,0.0],[116.79464,39.59503,0.0],[116.795,39.59502,0.0],[116.79506,39.59541,0.0],[116.79664,39.59573,0.0],[116.797,39.59495,0.0],[116.79726,39.59502,0.0],[116.79696,39.59645,0.0],[116.7986,39.59689,0.0],[116.79394,39.60295,0.0],[116.79997,39.60619,0.0],[116.80389,39.60766,0.0],[116.80974,39.60432,0.0],[116.81021,39.60451,0.0],[116.80989,39.60551,0.0],[116.80782,39.60766,0.0],[116.80726,39.60892,0.0],[116.80911,39.60976,0.0],[116.80644,39.61491,0.0],[116.80682,39.61536,0.0],[116.80845,39.61575,0.0],[116.80822,39.61634,0.0],[116.81366,39.61787,0.0],[116.81462,39.61789,0.0],[116.81798,39.61611,0.0],[116.81841,39.6157,0.0],[116.81902,39.61284,0.0],[116.82375,39.61428,0.0],[116.82425,39.61495,0.0],[116.82601,39.61601,0.0],[116.82949,39.61596,0.0],[116.82989,39.61689,0.0],[116.82927,39.61929,0.0],[116.82849,39.61929,0.0],[116.82819,39.6205,0.0],[116.83252,39.62112,0.0],[116.82824,39.62523,0.0],[116.82555,39.62828,0.0],[116.82046,39.63203,0.0],[116.82322,39.63448,0.0],[116.82108,39.63712,0.0],[116.82328,39.63916,0.0],[116.824,39.63851,0.0],[116.82864,39.64081,0.0],[116.82773,39.64301,0.0],[116.82887,39.64409,0.0],[116.82974,39.64295,0.0],[116.83266,39.64247,0.0],[116.83482,39.64316,0.0],[116.83429,39.64411,0.0],[116.83472,39.6443,0.0],[116.83311,39.64649,0.0],[116.83514,39.64804,0.0],[116.83701,39.64885,0.0],[116.84393,39.64999,0.0],[116.84554,39.65154,0.0],[116.84495,39.66107,0.0],[116.84362,39.66138,0.0],[116.84395,39.66658,0.0],[116.84999,39.6666,0.0],[116.85029,39.66599,0.0],[116.85472,39.66622,0.0],[116.85493,39.6673,0.0],[116.85713,39.66785,0.0],[116.85779,39.66844,0.0],[116.85806,39.66934,0.0],[116.86524,39.66987,0.0],[116.86889,39.66726,0.0],[116.87005,39.66816,0.0],[116.86728,39.67036,0.0],[116.873,39.67229,0.0],[116.87353,39.67302,0.0],[116.87753,39.67431,0.0],[116.88298,39.67459,0.0],[116.88406,39.67424,0.0],[116.88524,39.67305,0.0],[116.88944,39.67384,0.0],[116.89001,39.67248,0.0],[116.89189,39.673,0.0],[116.89141,39.67406,0.0],[116.89702,39.67568,0.0],[116.9006,39.67656,0.0],[116.89916,39.68096,0.0],[116.90335,39.68192,0.0],[116.89882,39.6887,0.0],[116.89708,39.68867,0.0],[116.897,39.68955,0.0],[116.88715,39.68794,0.0],[116.88663,39.68885,0.0],[116.88466,39.68796,0.0],[116.88547,39.68673,0.0],[116.88403,39.68659,0.0],[116.88192,39.68991,0.0],[116.88777,39.69234,0.0],[116.8865,39.69404,0.0],[116.88793,39.69477,0.0],[116.91678,39.70415,0.0],[116.92766,39.70654,0.0],[116.94738,39.70913,0.0],[116.94382,39.68636,0.0],[116.95023,39.66714,0.0],[116.9602,39.65006,0.0],[116.97443,39.64223,0.0],[116.99435,39.64437,0.0],[117.01,39.65423,0.0],[117.03065,39.65366,0.0],[117.04728,39.64965,0.0],[117.06964,39.64104,0.0],[117.10118,39.629,0.0],[117.14052,39.61307,0.0],[117.14534,39.61063,0.0],[117.17578,39.59039,0.0],[117.22704,39.55492,0.0],[117.2322,39.55222,0.0],[117.23129,39.55122,0.0],[117.23193,39.55054,0.0],[117.23017,39.54916,0.0],[117.22535,39.54882,0.0],[117.22573,39.54727,0.0],[117.22659,39.54672,0.0],[117.22879,39.54725,0.0],[117.23094,39.54702,0.0],[117.23539,39.54517,0.0],[117.23589,39.5444,0.0],[117.23619,39.54269,0.0],[117.23721,39.54129,0.0],[117.23872,39.54018,0.0],[117.23999,39.54029,0.0],[117.24084,39.54116,0.0],[117.23908,39.54309,0.0],[117.23908,39.5439,0.0],[117.24235,39.5445,0.0],[117.24439,39.54373,0.0],[117.24769,39.54426,0.0],[117.25102,39.54278,0.0],[117.25647,39.53838,0.0],[117.26842,39.53165,0.0],[117.26833,39.52919,0.0],[117.26949,39.52639,0.0],[117.26651,39.52512,0.0],[117.25928,39.52499,0.0],[117.25895,39.52607,0.0],[117.25509,39.5266,0.0],[117.24783,39.52577,0.0],[117.24799,39.52444,0.0],[117.24863,39.52229,0.0],[117.25278,39.52223,0.0],[117.25708,39.52136,0.0],[117.25675,39.51953,0.0],[117.25801,39.51785,0.0],[117.25977,39.51797,0.0],[117.26409,39.51431,0.0],[117.26561,39.5095,0.0],[117.26223,39.5074,0.0],[117.25989,39.50704,0.0],[117.25833,39.50554,0.0],[117.25798,39.50413,0.0],[117.25902,39.49933,0.0],[117.26072,39.49973,0.0],[117.26383,39.4995,0.0],[117.26535,39.49723,0.0],[117.26975,39.4971,0.0],[117.2697,39.4988,0.0],[117.27251,39.49816,0.0],[117.27441,39.49504,0.0],[117.276,39.49432,0.0],[117.27933,39.49542,0.0],[117.28236,39.49449,0.0],[117.28597,39.49219,0.0],[117.28814,39.49017,0.0],[117.28877,39.48357,0.0],[117.29168,39.48223,0.0],[117.29298,39.47709,0.0],[117.28875,39.4761,0.0],[117.28788,39.47524,0.0],[117.28814,39.47248,0.0],[117.28708,39.47179,0.0],[117.2906,39.46965,0.0],[117.2912,39.46959,0.0],[117.29303,39.46859,0.0],[117.29775,39.4608,0.0],[117.30078,39.45972,0.0],[117.30348,39.45475,0.0],[117.30642,39.45177,0.0],[117.30719,39.45209,0.0],[117.31198,39.44657,0.0],[117.31407,39.44336,0.0],[117.31859,39.4448,0.0],[117.32049,39.4424,0.0],[117.31906,39.44119,0.0],[117.31562,39.44042,0.0],[117.3173,39.43822,0.0],[117.31881,39.4351,0.0],[117.31881,39.43098,0.0],[117.32053,39.42521,0.0],[117.32321,39.42136,0.0],[117.32936,39.41808,0.0],[117.32773,39.41712,0.0],[117.32917,39.41333,0.0],[117.32858,39.41237,0.0],[117.32971,39.40449,0.0],[117.33052,39.40255,0.0],[117.33388,39.40077,0.0],[117.33316,39.39919,0.0],[117.32573,39.39375,0.0],[117.32119,39.3979,0.0],[117.31747,39.3999,0.0],[117.31841,39.39626,0.0],[117.31637,39.39475,0.0],[117.31233,39.39294,0.0],[117.31153,39.39564,0.0],[117.31183,39.3976,0.0],[117.31348,39.40032,0.0],[117.30636,39.40472,0.0],[117.30655,39.40115,0.0],[117.30115,39.39849,0.0],[117.3038,39.3952,0.0],[117.30525,39.39193,0.0],[117.30673,39.38805,0.0],[117.30619,39.38849,0.0],[117.30474,39.38833,0.0],[117.30447,39.38802,0.0],[117.30521,39.38552,0.0],[117.30253,39.38503,0.0],[117.29938,39.38176,0.0],[117.29968,39.38087,0.0],[117.29895,39.37921,0.0],[117.29389,39.3794,0.0],[117.29266,39.37787,0.0],[117.29632,39.36753,0.0],[117.30568,39.36592,0.0],[117.30565,39.36498,0.0],[117.30805,39.365,0.0],[117.3081,39.36136,0.0],[117.30981,39.36115,0.0],[117.30948,39.35458,0.0],[117.31135,39.35157,0.0],[117.31303,39.35221,0.0],[117.31396,39.34919,0.0],[117.31727,39.34874,0.0],[117.31779,39.34956,0.0],[117.32172,39.34875,0.0],[117.32041,39.34865,0.0],[117.31931,39.3477,0.0],[117.31608,39.34744,0.0],[117.31758,39.34269,0.0],[117.31971,39.34248,0.0],[117.32149,39.33888,0.0],[117.31901,39.33375,0.0],[117.31961,39.33302,0.0],[117.32018,39.33126,0.0],[117.31753,39.3283,0.0],[117.31553,39.33284,0.0],[117.3127,39.34212,0.0],[117.29516,39.34473,0.0],[117.28341,39.34825,0.0],[117.27685,39.34922,0.0],[117.26395,39.3468,0.0],[117.25652,39.35224,0.0],[117.22174,39.35405,0.0],[117.19555,39.34317,0.0],[117.19359,39.3335,0.0],[117.18108,39.32563,0.0],[117.16271,39.32715,0.0],[117.15724,39.32231,0.0],[117.15098,39.3084,0.0],[117.14395,39.30295,0.0],[117.133,39.30235,0.0],[117.12089,39.31021,0.0],[117.10486,39.31172,0.0],[117.08297,39.30749,0.0],[117.08492,39.29327,0.0],[117.07046,39.29055,0.0],[117.06733,39.28087,0.0],[117.05561,39.27996,0.0],[117.04662,39.28571,0.0],[117.02629,39.28601,0.0],[117.01691,39.28238,0.0],[117.01613,39.27391,0.0],[117.02316,39.26362,0.0],[117.02277,39.25575,0.0],[117.01222,39.25151,0.0],[117.00127,39.24273,0.0],[116.98681,39.24031,0.0],[116.97938,39.23123,0.0],[116.96873,39.22484,0.0],[116.9657,39.20169,0.0],[116.96154,39.18996,0.0],[116.957,39.18703,0.0],[116.94036,39.18967,0.0],[116.93582,39.1841,0.0],[116.93695,39.16797,0.0],[116.94149,39.16063,0.0],[116.92371,39.15447,0.0],[116.92371,39.1486,0.0],[116.93733,39.14655,0.0],[116.92749,39.14244,0.0],[116.92504,39.13582,0.0],[116.90805,39.1328,0.0],[116.90283,39.15188,0.0],[116.86081,39.15593,0.0],[116.85996,39.15677,0.0],[116.86048,39.16329,0.0],[116.8605,39.16547,0.0],[116.86022,39.16614,0.0],[116.85928,39.1673,0.0],[116.85876,39.1691,0.0],[116.85988,39.17256,0.0],[116.85726,39.17404,0.0],[116.85781,39.17465,0.0],[116.85846,39.18121,0.0],[116.85805,39.18286,0.0],[116.85799,39.18492,0.0],[116.85737,39.18503,0.0],[116.85756,39.19089,0.0],[116.85702,39.19087,0.0],[116.85737,39.20047,0.0],[116.85657,39.20042,0.0],[116.8549,39.20479,0.0],[116.85114,39.20462,0.0],[116.84988,39.21487,0.0],[116.86584,39.21686,0.0],[116.86586,39.21545,0.0],[116.86833,39.21571,0.0],[116.86979,39.21568,0.0],[116.86936,39.22369,0.0],[116.87054,39.22403,0.0],[116.8688,39.22919,0.0],[116.87043,39.22981,0.0],[116.87357,39.22921,0.0],[116.8744,39.22481,0.0],[116.8755,39.22494,0.0],[116.87563,39.22609,0.0],[116.8761,39.22614,0.0],[116.8761,39.22529,0.0],[116.87644,39.22521,0.0],[116.8776,39.22536,0.0],[116.87786,39.22426,0.0],[116.87824,39.22421,0.0],[116.87876,39.22038,0.0],[116.87947,39.22107,0.0],[116.88065,39.22113,0.0],[116.88125,39.22138,0.0],[116.88133,39.22225,0.0],[116.88157,39.22238,0.0],[116.88159,39.22311,0.0],[116.88202,39.22311,0.0],[116.88206,39.22361,0.0],[116.88681,39.22311,0.0],[116.88691,39.22622,0.0],[116.88479,39.22655,0.0],[116.88612,39.23022,0.0],[116.88007,39.23181,0.0],[116.88024,39.23717,0.0],[116.87944,39.23718,0.0],[116.87908,39.23956,0.0],[116.87663,39.23775,0.0],[116.87474,39.2378,0.0],[116.87369,39.23971,0.0],[116.87075,39.23996,0.0],[116.87035,39.24403,0.0],[116.86994,39.25285,0.0],[116.87301,39.25437,0.0],[116.86861,39.26296,0.0],[116.86599,39.26812,0.0],[116.87056,39.26945,0.0],[116.87026,39.26995,0.0],[116.86979,39.27528,0.0],[116.86979,39.27796,0.0],[116.86897,39.28219,0.0],[116.8667,39.29025,0.0],[116.86116,39.28976,0.0],[116.86082,39.29206,0.0],[116.85743,39.29172,0.0],[116.85678,39.29646,0.0],[116.86116,39.29705,0.0],[116.86043,39.30044,0.0],[116.86127,39.30059,0.0],[116.86127,39.30109,0.0],[116.86226,39.30129,0.0],[116.86215,39.30149,0.0],[116.87406,39.30431,0.0],[116.87445,39.30263,0.0],[116.87754,39.30283,0.0],[116.87748,39.30402,0.0],[116.87839,39.30431,0.0],[116.87633,39.3127,0.0],[116.88125,39.31348,0.0],[116.88176,39.31489,0.0],[116.88343,39.31726,0.0],[116.88382,39.32151,0.0],[116.88212,39.32901,0.0],[116.88124,39.3312,0.0],[116.88424,39.33174,0.0],[116.88355,39.33359,0.0],[116.88463,39.33388,0.0],[116.8838,39.33711,0.0],[116.8805,39.33693,0.0],[116.87966,39.33734,0.0],[116.87839,39.33761,0.0],[116.87584,39.33975,0.0],[116.87005,39.33829,0.0],[116.86753,39.34262,0.0],[116.8652,39.34591,0.0],[116.86432,39.34579,0.0],[116.86417,39.34642,0.0],[116.86693,39.347,0.0],[116.86612,39.35024,0.0],[116.86721,39.35045,0.0],[116.86689,39.35185,0.0],[116.87028,39.35158,0.0],[116.86871,39.35542,0.0],[116.86603,39.35482,0.0],[116.86599,39.35601,0.0],[116.86524,39.35595,0.0],[116.86496,39.35648,0.0],[116.86262,39.35611,0.0],[116.86262,39.35568,0.0],[116.85987,39.35487,0.0],[116.86005,39.35444,0.0],[116.85447,39.35318,0.0],[116.85378,39.35556,0.0],[116.85284,39.35546,0.0],[116.85347,39.35306,0.0],[116.85312,39.35283,0.0],[116.85395,39.34995,0.0],[116.85523,39.35005,0.0],[116.85576,39.34848,0.0],[116.85187,39.348,0.0],[116.85188,39.34663,0.0],[116.85057,39.34619,0.0],[116.85078,39.34512,0.0],[116.84988,39.34492,0.0],[116.84333,39.33855,0.0],[116.84122,39.34273,0.0],[116.83702,39.33977,0.0],[116.83118,39.33864,0.0],[116.82951,39.33883,0.0],[116.82848,39.33896,0.0],[116.82337,39.33786,0.0],[116.82296,39.33962,0.0],[116.81931,39.3525,0.0],[116.81768,39.35204,0.0],[116.81678,39.35434,0.0],[116.81725,39.35685,0.0],[116.81966,39.35744,0.0],[116.82037,39.3567,0.0],[116.82305,39.35726,0.0],[116.82245,39.35851,0.0],[116.82751,39.35942,0.0],[116.8265,39.36194,0.0],[116.83099,39.36315,0.0],[116.83079,39.3635,0.0],[116.82961,39.36347,0.0],[116.82908,39.36491,0.0],[116.82515,39.36406,0.0],[116.82534,39.36376,0.0],[116.82109,39.36252,0.0],[116.81959,39.36385,0.0],[116.81865,39.36498,0.0],[116.81695,39.36458,0.0],[116.81661,39.36587,0.0],[116.81472,39.36547,0.0],[116.81399,39.36735,0.0],[116.81476,39.36766,0.0],[116.81412,39.36997,0.0],[116.81271,39.36997,0.0],[116.8123,39.37251,0.0],[116.81762,39.37284,0.0],[116.81794,39.37188,0.0],[116.83167,39.37307,0.0],[116.83088,39.3767,0.0],[116.83452,39.37722,0.0],[116.83529,39.37428,0.0],[116.83605,39.37446,0.0],[116.8353,39.37752,0.0],[116.83444,39.3802,0.0],[116.8351,39.38034,0.0],[116.83338,39.38355,0.0],[116.83234,39.38619,0.0],[116.83189,39.38998,0.0],[116.8337,39.39119,0.0],[116.83365,39.39291,0.0],[116.83058,39.39195,0.0],[116.83022,39.39357,0.0],[116.83224,39.39424,0.0],[116.83149,39.39648,0.0],[116.82906,39.39586,0.0],[116.82777,39.39787,0.0],[116.82812,39.40157,0.0],[116.83207,39.40281,0.0],[116.83192,39.40341,0.0],[116.83312,39.40352,0.0],[116.832,39.40929,0.0],[116.83497,39.40982,0.0],[116.83393,39.41246,0.0],[116.83743,39.4134,0.0],[116.8382,39.41139,0.0],[116.84583,39.41267,0.0],[116.84558,39.41392,0.0],[116.84688,39.41431,0.0],[116.84643,39.41572,0.0],[116.84727,39.41592,0.0],[116.84761,39.41707,0.0],[116.84966,39.41772,0.0],[116.84959,39.418,0.0],[116.84988,39.41811,0.0],[116.84943,39.41884,0.0],[116.85128,39.41965,0.0],[116.85141,39.42024,0.0],[116.85245,39.42058,0.0],[116.85266,39.4203,0.0],[116.85468,39.42098,0.0],[116.85449,39.42156,0.0],[116.85516,39.42179,0.0],[116.85467,39.42309,0.0],[116.85853,39.42414,0.0],[116.85694,39.42762,0.0],[116.85827,39.42935,0.0],[116.86487,39.42614,0.0],[116.86978,39.4334,0.0],[116.86262,39.4363,0.0],[116.86322,39.4365,0.0],[116.86229,39.43789,0.0],[116.85671,39.4357,0.0],[116.85633,39.43632,0.0],[116.85562,39.43628,0.0],[116.85189,39.43923,0.0],[116.8494,39.4422,0.0],[116.8411,39.44027,0.0],[116.84164,39.43859,0.0],[116.84061,39.43849,0.0],[116.84116,39.4375,0.0],[116.84029,39.43791,0.0],[116.84006,39.43773,0.0],[116.83837,39.43853,0.0],[116.83728,39.43826,0.0],[116.83731,39.43736,0.0],[116.83615,39.43719,0.0],[116.83609,39.43731,0.0],[116.83462,39.43716,0.0],[116.83406,39.43849,0.0],[116.82646,39.43431,0.0],[116.82479,39.43607,0.0],[116.82099,39.43746,0.0],[116.82067,39.43849,0.0],[116.82161,39.43864,0.0],[116.82067,39.44453,0.0],[116.82217,39.44409,0.0],[116.8223,39.44457,0.0],[116.81851,39.44592,0.0],[116.81534,39.44729,0.0],[116.80966,39.45059,0.0],[116.80884,39.45018,0.0],[116.80839,39.45024,0.0],[116.80424,39.44964,0.0],[116.804,39.45025,0.0],[116.80379,39.45024,0.0],[116.80455,39.44788,0.0],[116.8046,39.44686,0.0],[116.80096,39.44584,0.0],[116.80155,39.44463,0.0],[116.80134,39.44447,0.0],[116.79821,39.44592,0.0],[116.79377,39.44843,0.0],[116.79125,39.4476,0.0],[116.79215,39.44568,0.0],[116.79084,39.44555,0.0],[116.78988,39.44567,0.0],[116.78828,39.44865,0.0],[116.78809,39.44858,0.0],[116.78615,39.45287,0.0],[116.79189,39.44943,0.0],[116.79195,39.45066,0.0],[116.79229,39.45078,0.0],[116.79198,39.45616,0.0],[116.79152,39.45618,0.0],[116.79122,39.45696,0.0],[116.79056,39.4568,0.0],[116.79025,39.45801,0.0],[116.78893,39.45775,0.0],[116.78822,39.46001,0.0],[116.78548,39.45969,0.0],[116.78409,39.46422,0.0],[116.78349,39.46452,0.0],[116.77899,39.46474,0.0]]]]}},{"type":"Feature","properties":{"uesi_id":"CHN_R912999","nbhd_code":"CHN_R912999_138","nbhd_name":"Xiqing District"},"geometry":{"type":"MultiPolygon","coordinates":[[[[116.87326,39.07146,0.0],[116.92504,39.13582,0.0],[116.92749,39.14244,0.0],[116.93733,39.14655,0.0],[116.92371,39.1486,0.0],[116.92371,39.15447,0.0],[116.94149,39.16063,0.0],[116.9505,39.16471,0.0],[116.95537,39.17011,0.0],[116.96528,39.16965,0.0],[116.96846,39.16405,0.0],[116.98001,39.16343,0.0],[116.98578,39.16559,0.0],[116.99634,39.16621,0.0],[117.00569,39.15757,0.0],[117.00848,39.14552,0.0],[117.01406,39.14522,0.0],[117.01983,39.14707,0.0],[117.02043,39.15834,0.0],[117.01744,39.16189,0.0],[117.02401,39.16776,0.0],[117.02717,39.16777,0.0],[117.02581,39.16219,0.0],[117.02878,39.15776,0.0],[117.03224,39.15878,0.0],[117.04131,39.15881,0.0],[117.05502,39.16279,0.0],[117.06131,39.16551,0.0],[117.07112,39.16974,0.0],[117.07901,39.17281,0.0],[117.08834,39.17446,0.0],[117.09982,39.17477,0.0],[117.11828,39.17244,0.0],[117.12339,39.17076,0.0],[117.12227,39.16638,0.0],[117.12002,39.15883,0.0],[117.12043,39.15474,0.0],[117.1211,39.15314,0.0],[117.12165,39.15158,0.0],[117.12177,39.15112,0.0],[117.12111,39.15063,0.0],[117.12072,39.14875,0.0],[117.11956,39.14826,0.0],[117.11729,39.14724,0.0],[117.1165,39.14722,0.0],[117.11506,39.14756,0.0],[117.11382,39.14745,0.0],[117.11447,39.145,0.0],[117.1146,39.14301,0.0],[117.11584,39.14201,0.0],[117.10415,39.1326,0.0],[117.1229,39.11701,0.0],[117.12457,39.11447,0.0],[117.12684,39.09749,0.0],[117.13041,39.08998,0.0],[117.116,39.08287,0.0],[117.11887,39.08129,0.0],[117.12504,39.07816,0.0],[117.13371,39.07324,0.0],[117.13378,39.07319,0.0],[117.141,39.07687,0.0],[117.14437,39.07384,0.0],[117.15787,39.06157,0.0],[117.15936,39.06074,0.0],[117.16166,39.06016,0.0],[117.16357,39.06013,0.0],[117.18222,39.06573,0.0],[117.19778,39.07067,0.0],[117.21003,39.05636,0.0],[117.22187,39.04403,0.0],[117.22982,39.03877,0.0],[117.24376,39.03155,0.0],[117.26855,39.03185,0.0],[117.26855,39.0129,0.0],[117.28133,39.00808,0.0],[117.28636,38.99453,0.0],[117.29876,38.99152,0.0],[117.29915,38.9852,0.0],[117.29295,38.97376,0.0],[117.2914,38.96413,0.0],[117.28443,38.96413,0.0],[117.27939,38.97436,0.0],[117.27048,38.97256,0.0],[117.27281,38.95961,0.0],[117.26622,38.95178,0.0],[117.25228,38.94635,0.0],[117.26893,38.93671,0.0],[117.26932,38.92557,0.0],[117.27629,38.91894,0.0],[117.27823,38.90929,0.0],[117.30263,38.88819,0.0],[117.32936,38.87734,0.0],[117.34485,38.85653,0.0],[117.34425,38.85325,0.0],[117.34326,38.8489,0.0],[117.32138,38.83597,0.0],[117.32334,38.83482,0.0],[117.32446,38.83253,0.0],[117.32384,38.82945,0.0],[117.32887,38.82731,0.0],[117.32395,38.82304,0.0],[117.3199,38.82287,0.0],[117.30588,38.82984,0.0],[117.29487,38.83302,0.0],[117.24327,38.85007,0.0],[117.20522,38.87966,0.0],[117.19867,38.88252,0.0],[117.18568,38.89294,0.0],[117.17989,38.89766,0.0],[117.16246,38.92886,0.0],[117.14929,38.93639,0.0],[117.13864,38.95356,0.0],[117.12566,38.96907,0.0],[117.1092,38.97569,0.0],[117.0602,38.99782,0.0],[117.05091,38.98969,0.0],[117.03735,38.98894,0.0],[117.03193,38.99797,0.0],[117.03658,39.00565,0.0],[117.03251,39.00926,0.0],[117.03542,39.01738,0.0],[117.00714,39.02761,0.0],[116.97635,39.03168,0.0],[116.96376,39.04205,0.0],[116.94982,39.05003,0.0],[116.94227,39.05168,0.0],[116.9353,39.04657,0.0],[116.92484,39.05394,0.0],[116.91167,39.05724,0.0],[116.89424,39.05589,0.0],[116.88785,39.05033,0.0],[116.88243,39.04792,0.0],[116.87817,39.05138,0.0],[116.87817,39.05679,0.0],[116.88843,39.06266,0.0],[116.88804,39.06732,0.0],[116.87817,39.06807,0.0],[116.87326,39.07146,0.0]]]]}}]}