{"type":"FeatureCollection","name":"DNK_N13707878","crs":{"type":"name","properties":{"name":"urn:ogc:def:crs:OGC:1.3:CRS84"}},"features":[{"type":"Feature","properties":{"nbhd_name":"Middelalderbyen","uesi_id":"DNK_N13707878","nbhd_code":"DNK_N13707878_2"},"geometry":{"type":"MultiPolygon","coordinates":[[[[12.58005,55.67215],[12.58011,55.67212],[12.58011,55.67211],[12.58011,55.67211],[12.57997,55.67203],[12.5797,55.67187],[12.5795,55.67176],[12.57897,55.67146],[12.57876,55.67157],[12.57177,55.6751],[12.57111,55.67543],[12.5714,55.67555],[12.56922,55.67636],[12.56844,55.6767],[12.56738,55.67742],[12.56705,55.67774],[12.56681,55.67798],[12.56649,55.6783],[12.56625,55.67856],[12.56621,55.67862],[12.56618,55.67867],[12.56616,55.67871],[12.56615,55.67876],[12.56616,55.6788],[12.56617,55.67885],[12.56619,55.6789],[12.56622,55.67894],[12.56627,55.67898],[12.56632,55.67902],[12.56632,55.67902],[12.56827,55.68056],[12.56969,55.68163],[12.57077,55.68244],[12.57122,55.68273],[12.57151,55.68292],[12.57343,55.68416],[12.57399,55.68452],[12.57845,55.68337],[12.57863,55.68333],[12.58071,55.68271],[12.58085,55.68264],[12.58277,55.68212],[12.58355,55.68192],[12.58422,55.68175],[12.5853,55.68145],[12.58529,55.68143],[12.58491,55.68095],[12.58482,55.68081],[12.58503,55.68032],[12.58531,55.67968],[12.58623,55.6777],[12.5864,55.6775],[12.58699,55.67606],[12.58706,55.67588],[12.58721,55.67587],[12.58722,55.67587],[12.58727,55.67577],[12.58727,55.67572],[12.58728,55.67568],[12.5873,55.67564],[12.58731,55.67561],[12.58733,55.67557],[12.58734,55.67553],[12.58735,55.67549],[12.58737,55.67545],[12.58738,55.67542],[12.58738,55.67538],[12.58738,55.67534],[12.58737,55.6753],[12.58738,55.6753],[12.58739,55.67529],[12.58739,55.67529],[12.5874,55.67529],[12.5874,55.67528],[12.58741,55.67528],[12.58741,55.67527],[12.58742,55.67527],[12.58742,55.67526],[12.58742,55.67526],[12.58742,55.67525],[12.58741,55.67525],[12.58741,55.67524],[12.5874,55.67524],[12.5874,55.67523],[12.5874,55.67523],[12.58739,55.67523],[12.58738,55.67523],[12.58738,55.67523],[12.58737,55.67522],[12.58736,55.67522],[12.58735,55.67522],[12.58734,55.67522],[12.58733,55.67522],[12.58732,55.67522],[12.58732,55.67521],[12.58731,55.67521],[12.58731,55.6752],[12.5873,55.67519],[12.58729,55.67517],[12.58727,55.67516],[12.58726,55.67514],[12.58725,55.67513],[12.58723,55.67512],[12.58721,55.6751],[12.58718,55.67508],[12.58716,55.67506],[12.58714,55.67505],[12.58712,55.67504],[12.5871,55.67503],[12.58723,55.67495],[12.5872,55.67493],[12.58707,55.67501],[12.58676,55.67485],[12.58676,55.67485],[12.58673,55.67483],[12.58671,55.67482],[12.58668,55.6748],[12.58665,55.67479],[12.58659,55.67476],[12.58655,55.67474],[12.58652,55.67473],[12.58649,55.67472],[12.58645,55.6747],[12.58636,55.67466],[12.5863,55.67464],[12.58624,55.67461],[12.58618,55.67459],[12.58609,55.67455],[12.586,55.67451],[12.58581,55.67444],[12.58557,55.67431],[12.58525,55.67424],[12.58509,55.6742],[12.58509,55.6742],[12.58461,55.674],[12.58413,55.6738],[12.58353,55.67355],[12.58362,55.67347],[12.58225,55.67296],[12.58218,55.67302],[12.5821,55.67298],[12.58215,55.67294],[12.58073,55.67231],[12.58067,55.67235],[12.58048,55.67227],[12.58042,55.67227],[12.58036,55.67231],[12.58024,55.67238],[12.58014,55.67244],[12.58012,55.67245],[12.57984,55.67228],[12.58005,55.67215]]]]}},{"type":"Feature","properties":{"nbhd_name":"Metropolzonen","uesi_id":"DNK_N13707878","nbhd_code":"DNK_N13707878_3"},"geometry":{"type":"MultiPolygon","coordinates":[[[[12.5714,55.67555],[12.57111,55.67543],[12.57177,55.6751],[12.57876,55.67157],[12.57897,55.67146],[12.57825,55.67105],[12.57808,55.67096],[12.57809,55.67095],[12.5781,55.67094],[12.57817,55.6709],[12.57817,55.6709],[12.57813,55.67088],[12.57816,55.67083],[12.57815,55.67082],[12.5786,55.67059],[12.57869,55.67065],[12.57886,55.67056],[12.57876,55.67049],[12.57858,55.67058],[12.57813,55.67081],[12.57812,55.67081],[12.57809,55.6708],[12.57754,55.67061],[12.57676,55.67017],[12.57637,55.6693],[12.5763,55.66915],[12.57629,55.66914],[12.57628,55.66913],[12.57628,55.66912],[12.57627,55.66911],[12.57626,55.6691],[12.57625,55.6691],[12.57624,55.66909],[12.57623,55.66909],[12.57621,55.66908],[12.5762,55.66908],[12.57619,55.66907],[12.57588,55.66903],[12.57573,55.66902],[12.57524,55.66895],[12.57521,55.66895],[12.57518,55.66894],[12.57515,55.66893],[12.57512,55.66892],[12.57511,55.6689],[12.57509,55.66889],[12.57508,55.66887],[12.57411,55.66782],[12.57409,55.6678],[12.57407,55.66779],[12.57406,55.66778],[12.57404,55.66778],[12.57403,55.66777],[12.57279,55.66771],[12.57214,55.66818],[12.57002,55.66976],[12.5678,55.6716],[12.56774,55.67166],[12.56448,55.67461],[12.56347,55.67428],[12.56254,55.67395],[12.56114,55.67345],[12.56037,55.67465],[12.55881,55.67433],[12.55834,55.67423],[12.5579,55.67414],[12.55699,55.67396],[12.55678,55.67391],[12.55521,55.67367],[12.55525,55.67382],[12.55526,55.67387],[12.55531,55.67404],[12.55532,55.67408],[12.55546,55.67463],[12.55546,55.67466],[12.55555,55.67498],[12.55567,55.67546],[12.55573,55.67569],[12.55573,55.67569],[12.55579,55.67594],[12.55602,55.6768],[12.55604,55.67686],[12.55612,55.67714],[12.55619,55.67743],[12.5562,55.67749],[12.55632,55.67796],[12.55633,55.67801],[12.55635,55.67806],[12.55637,55.67813],[12.55637,55.67815],[12.55639,55.67823],[12.55644,55.67841],[12.55651,55.67868],[12.55653,55.67875],[12.5566,55.67903],[12.55663,55.67916],[12.55667,55.67931],[12.55669,55.67937],[12.55677,55.67966],[12.55677,55.67967],[12.55684,55.67993],[12.55684,55.67995],[12.55692,55.68027],[12.55695,55.68038],[12.55701,55.68058],[12.55702,55.68061],[12.55703,55.68067],[12.55706,55.68078],[12.55712,55.681],[12.55717,55.68115],[12.55726,55.68147],[12.55732,55.68168],[12.55732,55.68169],[12.55734,55.68175],[12.55772,55.68214],[12.55889,55.68168],[12.56035,55.68109],[12.56247,55.68027],[12.56304,55.68005],[12.56354,55.67969],[12.56473,55.6787],[12.56494,55.67854],[12.56632,55.67902],[12.56632,55.67902],[12.56627,55.67898],[12.56622,55.67894],[12.56619,55.6789],[12.56617,55.67885],[12.56616,55.6788],[12.56615,55.67876],[12.56616,55.67871],[12.56618,55.67867],[12.56621,55.67862],[12.56625,55.67856],[12.56649,55.6783],[12.56681,55.67798],[12.56705,55.67774],[12.56738,55.67742],[12.56844,55.6767],[12.56922,55.67636],[12.5714,55.67555]]]]}},{"type":"Feature","properties":{"nbhd_name":"Nansensgade-Kvarteret","uesi_id":"DNK_N13707878","nbhd_code":"DNK_N13707878_4"},"geometry":{"type":"MultiPolygon","coordinates":[[[[12.56247,55.68027],[12.56035,55.68109],[12.55889,55.68168],[12.55772,55.68214],[12.5579,55.68233],[12.55987,55.68438],[12.55991,55.68442],[12.56028,55.6848],[12.56093,55.68549],[12.56172,55.68631],[12.5619,55.68648],[12.56223,55.68679],[12.56263,55.68714],[12.56338,55.68688],[12.56365,55.68677],[12.56536,55.68612],[12.5659,55.68661],[12.56924,55.68575],[12.57056,55.6854],[12.57377,55.68457],[12.57399,55.68452],[12.57343,55.68416],[12.57151,55.68292],[12.57122,55.68273],[12.57077,55.68244],[12.56969,55.68163],[12.56827,55.68056],[12.56632,55.67902],[12.56494,55.67854],[12.56473,55.6787],[12.56354,55.67969],[12.56304,55.68005],[12.56247,55.68027]]]]}},{"type":"Feature","properties":{"nbhd_name":"\u00d8ster Farimagsgade-kvarteret","uesi_id":"DNK_N13707878","nbhd_code":"DNK_N13707878_5"},"geometry":{"type":"MultiPolygon","coordinates":[[[[12.57616,55.68629],[12.57377,55.68457],[12.57056,55.6854],[12.56924,55.68575],[12.5659,55.68661],[12.56536,55.68612],[12.56365,55.68677],[12.56338,55.68688],[12.56263,55.68714],[12.56309,55.68753],[12.56399,55.68821],[12.56415,55.68833],[12.56563,55.68945],[12.56622,55.68989],[12.56648,55.69009],[12.5685,55.69142],[12.56911,55.69182],[12.56918,55.69187],[12.56939,55.692],[12.56954,55.69209],[12.57023,55.69253],[12.57236,55.69386],[12.57299,55.69461],[12.57338,55.69509],[12.57388,55.69546],[12.57463,55.69584],[12.57514,55.69607],[12.57564,55.69631],[12.57606,55.6965],[12.57685,55.69687],[12.57848,55.69762],[12.5789,55.69781],[12.57906,55.69754],[12.57937,55.69706],[12.57988,55.69631],[12.58002,55.69612],[12.58015,55.69593],[12.58032,55.69567],[12.58221,55.69469],[12.58505,55.6932],[12.58517,55.69314],[12.58721,55.69207],[12.58689,55.69187],[12.58679,55.69181],[12.5868,55.69181],[12.58667,55.69173],[12.58669,55.69172],[12.5862,55.69142],[12.58621,55.69142],[12.58456,55.69041],[12.58471,55.69034],[12.58449,55.6902],[12.58446,55.69022],[12.58434,55.69014],[12.58427,55.69018],[12.58399,55.69009],[12.58405,55.69002],[12.58229,55.68934],[12.57892,55.68769],[12.57879,55.68764],[12.5784,55.68748],[12.5767,55.68662],[12.57616,55.68629]]]]}},{"type":"Feature","properties":{"nbhd_name":"\u00d8sterport","uesi_id":"DNK_N13707878","nbhd_code":"DNK_N13707878_6"},"geometry":{"type":"MultiPolygon","coordinates":[[[[12.59907,55.68887],[12.59912,55.6889],[12.59932,55.68877],[12.5994,55.68837],[12.59657,55.68804],[12.59026,55.68732],[12.59023,55.68737],[12.59022,55.6874],[12.58998,55.68794],[12.58923,55.68953],[12.58826,55.69152],[12.58721,55.69207],[12.58517,55.69314],[12.58505,55.6932],[12.58221,55.69469],[12.58032,55.69567],[12.58015,55.69593],[12.58002,55.69612],[12.57988,55.69631],[12.58262,55.69692],[12.58443,55.69734],[12.58551,55.69759],[12.58632,55.69778],[12.58712,55.69798],[12.5905,55.69883],[12.59279,55.69935],[12.59315,55.69722],[12.59327,55.69685],[12.59345,55.69645],[12.59359,55.69626],[12.59383,55.69596],[12.59396,55.69576],[12.59402,55.69567],[12.59402,55.69555],[12.59402,55.69542],[12.59391,55.69526],[12.5935,55.69488],[12.59374,55.69495],[12.59391,55.69495],[12.59404,55.69494],[12.59407,55.69494],[12.59409,55.69494],[12.5941,55.69494],[12.59412,55.69493],[12.59413,55.69493],[12.59414,55.69493],[12.59415,55.69493],[12.59415,55.69493],[12.59416,55.69493],[12.59417,55.69493],[12.59418,55.69492],[12.59419,55.69492],[12.59421,55.69492],[12.59422,55.69492],[12.59423,55.69492],[12.59424,55.69491],[12.59425,55.69491],[12.59427,55.69491],[12.59428,55.6949],[12.59429,55.6949],[12.59431,55.6949],[12.59432,55.6949],[12.59433,55.69489],[12.59435,55.69489],[12.59437,55.69488],[12.59439,55.69488],[12.5944,55.69487],[12.59442,55.69487],[12.59444,55.69486],[12.59446,55.69486],[12.59447,55.69485],[12.59448,55.69485],[12.5945,55.69484],[12.59452,55.69484],[12.59454,55.69483],[12.59458,55.69482],[12.5946,55.69481],[12.59461,55.69481],[12.59462,55.69481],[12.59463,55.6948],[12.59464,55.6948],[12.59465,55.6948],[12.59466,55.69479],[12.59468,55.69479],[12.59469,55.69478],[12.5947,55.69478],[12.59472,55.69478],[12.59473,55.69477],[12.59474,55.69477],[12.59475,55.69476],[12.59477,55.69476],[12.59478,55.69475],[12.59479,55.69475],[12.5948,55.69474],[12.59481,55.69474],[12.59483,55.69473],[12.59484,55.69473],[12.59485,55.69472],[12.59486,55.69472],[12.59487,55.69472],[12.59488,55.69471],[12.59488,55.69471],[12.5949,55.6947],[12.59491,55.6947],[12.59492,55.69469],[12.59494,55.69469],[12.59494,55.69468],[12.59496,55.69468],[12.59498,55.69467],[12.59511,55.6946],[12.59526,55.69452],[12.59538,55.69445],[12.59543,55.69442],[12.5955,55.69436],[12.59554,55.69432],[12.59562,55.69426],[12.59564,55.69424],[12.5957,55.69417],[12.59571,55.69417],[12.59576,55.69411],[12.59582,55.69404],[12.59582,55.69403],[12.59586,55.69396],[12.59589,55.69389],[12.59589,55.69389],[12.59591,55.69383],[12.59591,55.69377],[12.59592,55.69355],[12.59595,55.69355],[12.59595,55.69342],[12.59631,55.69342],[12.59636,55.69355],[12.59639,55.69355],[12.59644,55.69365],[12.59645,55.69367],[12.5965,55.69375],[12.59657,55.69382],[12.59658,55.69385],[12.59665,55.69391],[12.59665,55.69391],[12.59674,55.69399],[12.59677,55.69402],[12.59684,55.69407],[12.59695,55.69414],[12.59696,55.69415],[12.59706,55.69421],[12.59707,55.69421],[12.59719,55.69427],[12.59732,55.69433],[12.59747,55.69438],[12.5976,55.69443],[12.59761,55.69443],[12.59778,55.69449],[12.59785,55.69451],[12.59798,55.69455],[12.59812,55.6946],[12.59825,55.69465],[12.59841,55.6947],[12.5985,55.69473],[12.59852,55.69474],[12.59865,55.69479],[12.59872,55.69482],[12.59878,55.69486],[12.59891,55.69494],[12.59893,55.69495],[12.59902,55.69493],[12.59907,55.69491],[12.59912,55.69489],[12.59913,55.69489],[12.59914,55.6949],[12.59915,55.69491],[12.59916,55.69491],[12.59917,55.69492],[12.59918,55.69492],[12.59918,55.69493],[12.59919,55.69494],[12.5992,55.69494],[12.59921,55.69495],[12.59922,55.69496],[12.59922,55.69496],[12.59923,55.69497],[12.59924,55.69498],[12.59925,55.69498],[12.59925,55.69499],[12.59926,55.69499],[12.59927,55.695],[12.59928,55.69501],[12.59928,55.69501],[12.59929,55.69502],[12.5993,55.69503],[12.5993,55.69503],[12.59931,55.69504],[12.59932,55.69505],[12.59931,55.69505],[12.59964,55.69543],[12.59965,55.69545],[12.5998,55.69541],[12.59987,55.69549],[12.60006,55.69544],[12.59999,55.69536],[12.60018,55.69531],[12.60022,55.69523],[12.60029,55.69517],[12.60038,55.69511],[12.60046,55.69504],[12.60052,55.69497],[12.60056,55.6949],[12.60056,55.69482],[12.60053,55.69474],[12.60052,55.69466],[12.60055,55.69458],[12.60058,55.69451],[12.6006,55.69443],[12.60063,55.69435],[12.60065,55.69427],[12.60063,55.69427],[12.60065,55.69424],[12.6006,55.69419],[12.60051,55.69418],[12.60035,55.69422],[12.60002,55.69485],[12.59977,55.69489],[12.59824,55.69426],[12.59822,55.69374],[12.5996,55.69348],[12.6003,55.69404],[12.60049,55.69405],[12.60059,55.69401],[12.60061,55.69396],[12.60048,55.69377],[12.6004,55.69359],[12.60039,55.69358],[12.60036,55.69352],[12.60032,55.69347],[12.60025,55.69342],[12.59933,55.69297],[12.59927,55.69289],[12.59915,55.6928],[12.59915,55.69279],[12.59914,55.69279],[12.59914,55.69278],[12.59913,55.69278],[12.59913,55.69277],[12.59912,55.69277],[12.59912,55.69277],[12.59911,55.69276],[12.59911,55.69276],[12.5991,55.69275],[12.5991,55.69275],[12.59909,55.69275],[12.59909,55.69274],[12.59909,55.69274],[12.59908,55.69273],[12.59908,55.69273],[12.59908,55.69272],[12.59907,55.69272],[12.59907,55.69271],[12.59907,55.69271],[12.59906,55.6927],[12.59906,55.6927],[12.59906,55.69269],[12.59906,55.69269],[12.59905,55.69268],[12.59905,55.69268],[12.59905,55.69268],[12.59905,55.69267],[12.59905,55.69267],[12.59904,55.69266],[12.59904,55.69266],[12.59904,55.69265],[12.59904,55.69265],[12.59904,55.69264],[12.59904,55.69264],[12.59904,55.69263],[12.59903,55.69263],[12.59903,55.69262],[12.59903,55.69262],[12.59903,55.69261],[12.59903,55.69261],[12.59903,55.6926],[12.59903,55.6926],[12.59903,55.69259],[12.59903,55.69259],[12.59903,55.69258],[12.59903,55.69258],[12.59903,55.69257],[12.59903,55.69257],[12.59885,55.69186],[12.5988,55.69185],[12.59875,55.69185],[12.59873,55.69185],[12.59873,55.69182],[12.59875,55.69182],[12.5988,55.69182],[12.59885,55.6918],[12.59899,55.6915],[12.59901,55.69147],[12.59902,55.69145],[12.59901,55.69143],[12.59901,55.69142],[12.59902,55.69142],[12.59902,55.69141],[12.59903,55.6914],[12.59905,55.69139],[12.59906,55.69138],[12.59907,55.69137],[12.59914,55.69132],[12.59915,55.69131],[12.59916,55.69129],[12.59918,55.69128],[12.59919,55.69127],[12.5992,55.69126],[12.59922,55.69125],[12.59923,55.69124],[12.59925,55.69123],[12.59926,55.69123],[12.59928,55.69122],[12.5993,55.69121],[12.59932,55.6912],[12.59934,55.6912],[12.59936,55.69119],[12.59938,55.69118],[12.5994,55.69118],[12.59942,55.69117],[12.59944,55.69116],[12.59947,55.69115],[12.59952,55.69114],[12.59955,55.69113],[12.59959,55.69113],[12.59966,55.69111],[12.60002,55.69109],[12.60038,55.69107],[12.60039,55.69107],[12.6004,55.69106],[12.6004,55.69106],[12.59995,55.68903],[12.59994,55.68902],[12.59993,55.68902],[12.59983,55.68902],[12.59983,55.68903],[12.59981,55.68903],[12.5998,55.68903],[12.5998,55.68904],[12.59978,55.68914],[12.59979,55.68914],[12.59975,55.68934],[12.59976,55.6894],[12.59919,55.68944],[12.5992,55.6894],[12.59904,55.68926],[12.59899,55.68927],[12.59886,55.68916],[12.59891,55.68898],[12.59907,55.68887]]]]}},{"type":"Feature","properties":{"nbhd_name":"Frederiksstaden","uesi_id":"DNK_N13707878","nbhd_code":"DNK_N13707878_7"},"geometry":{"type":"MultiPolygon","coordinates":[[[[12.58422,55.68175],[12.58355,55.68192],[12.58277,55.68212],[12.58085,55.68264],[12.58071,55.68271],[12.57863,55.68333],[12.57845,55.68337],[12.57399,55.68452],[12.57377,55.68457],[12.57616,55.68629],[12.5767,55.68662],[12.5784,55.68748],[12.57879,55.68764],[12.57892,55.68769],[12.58229,55.68934],[12.58405,55.69002],[12.58399,55.69009],[12.58427,55.69018],[12.58434,55.69014],[12.58446,55.69022],[12.58449,55.6902],[12.58471,55.69034],[12.58456,55.69041],[12.58621,55.69142],[12.5862,55.69142],[12.58669,55.69172],[12.58667,55.69173],[12.5868,55.69181],[12.58679,55.69181],[12.58689,55.69187],[12.58721,55.69207],[12.58826,55.69152],[12.58923,55.68953],[12.58998,55.68794],[12.59022,55.6874],[12.59023,55.68737],[12.59026,55.68732],[12.59657,55.68804],[12.5994,55.68837],[12.59942,55.68828],[12.59936,55.68827],[12.59939,55.6882],[12.59902,55.68768],[12.59896,55.68758],[12.59884,55.68742],[12.59874,55.68727],[12.59856,55.68701],[12.59835,55.68676],[12.59814,55.68649],[12.59794,55.68625],[12.59755,55.68577],[12.59705,55.68516],[12.59665,55.68467],[12.5965,55.68449],[12.59607,55.68396],[12.59594,55.6838],[12.59565,55.68346],[12.59551,55.68328],[12.5947,55.68231],[12.59466,55.68227],[12.59436,55.68191],[12.5942,55.68171],[12.59402,55.68149],[12.5939,55.68135],[12.5939,55.68134],[12.5938,55.68123],[12.59373,55.68114],[12.59365,55.68097],[12.58861,55.68232],[12.58783,55.6814],[12.58738,55.68088],[12.58529,55.68143],[12.5853,55.68145],[12.58422,55.68175]]]]}},{"type":"Feature","properties":{"nbhd_name":"Gammelholm og Nyhavn","uesi_id":"DNK_N13707878","nbhd_code":"DNK_N13707878_8"},"geometry":{"type":"MultiPolygon","coordinates":[[[[12.58993,55.6767],[12.58911,55.67643],[12.58777,55.67599],[12.58791,55.67585],[12.58777,55.6758],[12.58777,55.6758],[12.58751,55.67572],[12.58727,55.67577],[12.58722,55.67587],[12.58721,55.67587],[12.58706,55.67588],[12.58699,55.67606],[12.5864,55.6775],[12.58623,55.6777],[12.58531,55.67968],[12.58503,55.68032],[12.58482,55.68081],[12.58491,55.68095],[12.58529,55.68143],[12.58738,55.68088],[12.58783,55.6814],[12.58861,55.68232],[12.59365,55.68097],[12.59373,55.68114],[12.5938,55.68123],[12.5939,55.68134],[12.5939,55.68135],[12.59483,55.68111],[12.59485,55.6811],[12.59534,55.6817],[12.59583,55.68229],[12.59632,55.68288],[12.59703,55.68269],[12.5964,55.68192],[12.59576,55.68115],[12.59523,55.68051],[12.59513,55.68038],[12.59526,55.68035],[12.59469,55.67965],[12.59454,55.67969],[12.59453,55.67967],[12.5942,55.67928],[12.59406,55.67911],[12.59403,55.67907],[12.59402,55.67906],[12.594,55.67906],[12.59398,55.67905],[12.59396,55.67905],[12.59394,55.67905],[12.59382,55.67909],[12.59379,55.6791],[12.59358,55.67887],[12.59362,55.67885],[12.59362,55.67885],[12.59363,55.67885],[12.59363,55.67884],[12.59287,55.67824],[12.59158,55.67749],[12.59145,55.67742],[12.59116,55.67727],[12.59071,55.67703],[12.58993,55.6767]]],[[[12.61448,55.70197],[12.61446,55.70196],[12.61399,55.70165],[12.61395,55.70163],[12.61392,55.70162],[12.61387,55.70162],[12.61383,55.70162],[12.61382,55.70162],[12.61378,55.70163],[12.61376,55.70164],[12.61374,55.70166],[12.61282,55.70255],[12.61312,55.70265],[12.61362,55.70216],[12.61425,55.70237],[12.61464,55.70295],[12.61414,55.70345],[12.61302,55.70357],[12.6124,55.70336],[12.61289,55.70288],[12.61259,55.70278],[12.6117,55.70365],[12.61169,55.70367],[12.61168,55.70369],[12.61169,55.70371],[12.61171,55.70374],[12.61173,55.70376],[12.61177,55.70377],[12.6118,55.70378],[12.61265,55.7039],[12.61275,55.70389],[12.6128,55.70388],[12.6147,55.70369],[12.61527,55.70312],[12.61458,55.70207],[12.61455,55.70202],[12.61448,55.70197]]],[[[12.72906,55.70396],[12.72912,55.70398],[12.72917,55.704],[12.72924,55.70401],[12.7293,55.70402],[12.73131,55.70417],[12.73137,55.70417],[12.73144,55.70416],[12.7315,55.70415],[12.7315,55.70415],[12.73408,55.70343],[12.73413,55.7034],[12.73418,55.70337],[12.73421,55.70334],[12.73424,55.7033],[12.73425,55.70326],[12.73425,55.70323],[12.73424,55.70319],[12.73422,55.70315],[12.73421,55.70313],[12.73392,55.7028],[12.73392,55.70279],[12.73388,55.70276],[12.73383,55.70274],[12.73377,55.70271],[12.73371,55.7027],[12.73365,55.70269],[12.73359,55.70268],[12.73352,55.70268],[12.73346,55.70269],[12.7334,55.7027],[12.7312,55.70332],[12.72951,55.7032],[12.72945,55.70319],[12.72938,55.70319],[12.72932,55.7032],[12.72926,55.70322],[12.7292,55.70324],[12.72916,55.70326],[12.72911,55.70331],[12.72907,55.70335],[12.72904,55.7034],[12.72903,55.70344],[12.72895,55.70378],[12.72895,55.70378],[12.72895,55.70382],[12.72897,55.70386],[12.72899,55.70389],[12.72902,55.70393],[12.72906,55.70396]]],[[[12.66718,55.72139],[12.66784,55.721],[12.66788,55.72098],[12.66795,55.72092],[12.66802,55.72087],[12.66808,55.7208],[12.66813,55.72074],[12.66817,55.72067],[12.6682,55.7206],[12.66821,55.72053],[12.66822,55.72046],[12.66821,55.72039],[12.6681,55.71979],[12.66807,55.71971],[12.66796,55.71959],[12.66793,55.71956],[12.66787,55.71951],[12.6678,55.71946],[12.66772,55.71941],[12.66764,55.71937],[12.66755,55.71934],[12.66745,55.71931],[12.66735,55.71929],[12.66628,55.71916],[12.66629,55.71914],[12.66603,55.71911],[12.66602,55.71911],[12.666,55.71911],[12.66597,55.71912],[12.66596,55.71913],[12.66595,55.71914],[12.66596,55.71916],[12.66598,55.71917],[12.666,55.71918],[12.66732,55.71935],[12.66747,55.71938],[12.66735,55.7195],[12.66714,55.71947],[12.66711,55.7195],[12.66668,55.71944],[12.66643,55.71954],[12.66638,55.71967],[12.66454,55.72036],[12.66431,55.72034],[12.66405,55.72044],[12.664,55.72058],[12.66371,55.72054],[12.66396,55.71973],[12.664,55.7197],[12.66553,55.71913],[12.66555,55.71912],[12.66556,55.71911],[12.66557,55.71909],[12.66556,55.71908],[12.66555,55.71907],[12.66552,55.71906],[12.6655,55.71906],[12.66547,55.71906],[12.66536,55.7191],[12.6654,55.71914],[12.66527,55.71918],[12.66516,55.7192],[12.66392,55.71966],[12.66386,55.71972],[12.66357,55.72067],[12.66366,55.72102],[12.6638,55.72116],[12.66399,55.72127],[12.66419,55.72134],[12.66509,55.72161],[12.66558,55.72167],[12.66609,55.72165],[12.66697,55.72148],[12.66718,55.72139]]]]}},{"type":"Feature","properties":{"nbhd_name":"Christianshavn Neden Vandet","uesi_id":"DNK_N13707878","nbhd_code":"DNK_N13707878_9"},"geometry":{"type":"MultiPolygon","coordinates":[[[[12.59091,55.67237],[12.5909,55.67237],[12.59077,55.67229],[12.59057,55.67218],[12.59036,55.67205],[12.59029,55.67201],[12.5902,55.67195],[12.59008,55.67188],[12.58999,55.67183],[12.58991,55.67178],[12.58973,55.67167],[12.58965,55.67162],[12.58922,55.67136],[12.58893,55.67119],[12.58894,55.67118],[12.58888,55.67115],[12.58885,55.67114],[12.58877,55.67109],[12.58875,55.67108],[12.58872,55.67105],[12.58872,55.67105],[12.58845,55.6709],[12.58833,55.67082],[12.58802,55.67063],[12.58785,55.67052],[12.58755,55.67034],[12.58719,55.67005],[12.58665,55.67019],[12.58548,55.67035],[12.58116,55.67081],[12.58125,55.67087],[12.58265,55.67176],[12.58282,55.67187],[12.58305,55.67201],[12.58355,55.67233],[12.58393,55.67257],[12.58475,55.67307],[12.58559,55.67346],[12.58577,55.67344],[12.58739,55.67421],[12.58743,55.67437],[12.58747,55.6744],[12.58733,55.67448],[12.58729,55.67446],[12.58723,55.6745],[12.58728,55.67453],[12.58749,55.67441],[12.5875,55.6744],[12.58767,55.67449],[12.5878,55.67456],[12.58781,55.67456],[12.58783,55.67457],[12.58907,55.67525],[12.58988,55.67483],[12.58979,55.67478],[12.59012,55.67461],[12.59051,55.67486],[12.58946,55.67542],[12.58946,55.67547],[12.58971,55.67562],[12.58983,55.67566],[12.5912,55.67619],[12.59129,55.67618],[12.59166,55.67628],[12.59169,55.67628],[12.59177,55.67622],[12.59182,55.67617],[12.59195,55.67608],[12.59244,55.67571],[12.59269,55.67585],[12.59204,55.67634],[12.59202,55.67633],[12.59197,55.67637],[12.59198,55.67638],[12.59295,55.67679],[12.59387,55.67718],[12.59428,55.67734],[12.59429,55.67735],[12.59441,55.67741],[12.59514,55.67773],[12.5952,55.67772],[12.59606,55.67716],[12.59663,55.67738],[12.59577,55.67793],[12.59577,55.67793],[12.59574,55.67795],[12.59573,55.67796],[12.59573,55.67798],[12.59574,55.67799],[12.59574,55.67799],[12.59613,55.67816],[12.59664,55.67838],[12.59666,55.67839],[12.59672,55.67839],[12.59673,55.67839],[12.59803,55.67796],[12.5984,55.67784],[12.59842,55.67783],[12.59843,55.67782],[12.59844,55.67776],[12.59893,55.67769],[12.59897,55.6777],[12.59933,55.67789],[12.59935,55.67787],[12.59903,55.67751],[12.59858,55.67721],[12.5984,55.67709],[12.59819,55.67695],[12.598,55.67682],[12.59702,55.67616],[12.59701,55.67616],[12.59701,55.67616],[12.597,55.67616],[12.597,55.67616],[12.59623,55.67564],[12.59601,55.67551],[12.59571,55.67532],[12.59399,55.67428],[12.59401,55.67427],[12.59267,55.67346],[12.59266,55.67347],[12.59259,55.67342],[12.5924,55.6733],[12.59135,55.67263],[12.59134,55.67264],[12.59129,55.67261],[12.59113,55.6725],[12.59091,55.67237]]]]}},{"type":"Feature","properties":{"nbhd_name":"Lyngbyvej Vest","uesi_id":"DNK_N13707878","nbhd_code":"DNK_N13707878_10"},"geometry":{"type":"MultiPolygon","coordinates":[[[[12.56104,55.70989],[12.56112,55.70972],[12.56129,55.70944],[12.56142,55.70921],[12.56161,55.70893],[12.5621,55.70805],[12.56223,55.70783],[12.56233,55.70766],[12.56237,55.7076],[12.56241,55.70754],[12.56254,55.70738],[12.56259,55.70731],[12.56271,55.70709],[12.56281,55.70691],[12.5629,55.70669],[12.56293,55.70652],[12.56293,55.70648],[12.56293,55.70642],[12.56276,55.70637],[12.56254,55.70631],[12.56233,55.70619],[12.56216,55.70609],[12.56198,55.70596],[12.56179,55.70579],[12.56151,55.70556],[12.56032,55.70448],[12.55997,55.70419],[12.55931,55.70359],[12.55899,55.70329],[12.55887,55.70319],[12.55879,55.70322],[12.55796,55.70355],[12.55795,55.70355],[12.55789,55.70359],[12.55784,55.70363],[12.55779,55.70368],[12.55775,55.70371],[12.55766,55.70383],[12.55759,55.70405],[12.55755,55.70416],[12.55752,55.70428],[12.5575,55.70434],[12.55696,55.70602],[12.55688,55.70628],[12.55687,55.70631],[12.55686,55.70632],[12.55684,55.70639],[12.55683,55.70642],[12.55682,55.70645],[12.55681,55.70647],[12.55681,55.70648],[12.5568,55.70651],[12.55666,55.70697],[12.5566,55.70715],[12.55656,55.70729],[12.55655,55.70731],[12.55655,55.70732],[12.55646,55.7076],[12.55643,55.70764],[12.55639,55.70769],[12.55634,55.70775],[12.55631,55.70786],[12.55621,55.70814],[12.55613,55.7083],[12.5561,55.70837],[12.55597,55.70863],[12.55594,55.7087],[12.55572,55.70914],[12.55542,55.70969],[12.55529,55.70984],[12.55516,55.70999],[12.55504,55.7101],[12.55502,55.71012],[12.55492,55.71023],[12.55478,55.71035],[12.55475,55.71038],[12.55452,55.71055],[12.55423,55.71074],[12.55399,55.71089],[12.55395,55.71092],[12.55393,55.71093],[12.55391,55.71094],[12.55386,55.71097],[12.55384,55.71098],[12.55383,55.71099],[12.55378,55.71101],[12.55376,55.71102],[12.55371,55.71105],[12.55367,55.71108],[12.55348,55.71119],[12.55309,55.71142],[12.5532,55.71148],[12.55379,55.71183],[12.5541,55.71204],[12.55414,55.71207],[12.55436,55.71222],[12.55441,55.71225],[12.5545,55.71232],[12.55482,55.71253],[12.55506,55.7127],[12.55601,55.71336],[12.55695,55.71402],[12.5576,55.71446],[12.55807,55.71479],[12.55858,55.71513],[12.55893,55.71442],[12.55967,55.71306],[12.55987,55.71259],[12.55993,55.71228],[12.55993,55.71227],[12.55994,55.71222],[12.55995,55.71217],[12.55996,55.71211],[12.55998,55.71206],[12.55999,55.71201],[12.56001,55.71196],[12.56094,55.7101],[12.56101,55.70995],[12.56104,55.70989]]]]}},{"type":"Feature","properties":{"nbhd_name":"Christianshavn Oven Vandet","uesi_id":"DNK_N13707878","nbhd_code":"DNK_N13707878_11"},"geometry":{"type":"MultiPolygon","coordinates":[[[[12.59547,55.66837],[12.5939,55.66812],[12.59103,55.66768],[12.59103,55.66768],[12.59101,55.66768],[12.59094,55.66766],[12.59092,55.66765],[12.59091,55.66765],[12.59086,55.66763],[12.59076,55.66759],[12.59047,55.66755],[12.58774,55.66769],[12.58743,55.66771],[12.58712,55.66775],[12.58674,55.66781],[12.58661,55.66783],[12.58271,55.6685],[12.58229,55.66861],[12.58217,55.66865],[12.58193,55.66875],[12.57994,55.66971],[12.57975,55.66981],[12.57961,55.66987],[12.5796,55.66988],[12.57976,55.66998],[12.57977,55.66998],[12.57978,55.66999],[12.57981,55.67001],[12.57982,55.67001],[12.57988,55.67],[12.58022,55.67021],[12.58116,55.67081],[12.58548,55.67035],[12.58665,55.67019],[12.58719,55.67005],[12.58755,55.67034],[12.58785,55.67052],[12.58802,55.67063],[12.58833,55.67082],[12.58845,55.6709],[12.58872,55.67105],[12.58872,55.67105],[12.58875,55.67108],[12.58877,55.67109],[12.58885,55.67114],[12.58888,55.67115],[12.58894,55.67118],[12.58893,55.67119],[12.58922,55.67136],[12.58965,55.67162],[12.58973,55.67167],[12.58991,55.67178],[12.58999,55.67183],[12.59008,55.67188],[12.5902,55.67195],[12.59029,55.67201],[12.59036,55.67205],[12.59057,55.67218],[12.59077,55.67229],[12.5909,55.67237],[12.59091,55.67237],[12.59113,55.6725],[12.59129,55.67261],[12.59134,55.67264],[12.59135,55.67263],[12.5924,55.6733],[12.59259,55.67342],[12.59266,55.67347],[12.59267,55.67346],[12.59401,55.67427],[12.59399,55.67428],[12.59571,55.67532],[12.59601,55.67551],[12.59623,55.67564],[12.597,55.67616],[12.597,55.67616],[12.59701,55.67616],[12.59701,55.67616],[12.59702,55.67616],[12.598,55.67682],[12.59819,55.67695],[12.5984,55.67709],[12.59858,55.67721],[12.59903,55.67751],[12.59935,55.67787],[12.59947,55.67783],[12.60097,55.67733],[12.60106,55.67727],[12.60111,55.67722],[12.60112,55.67697],[12.6011,55.67673],[12.60117,55.67655],[12.60121,55.67645],[12.60123,55.6764],[12.6018,55.67485],[12.60182,55.67479],[12.60224,55.67458],[12.60238,55.67456],[12.60241,55.67456],[12.60263,55.6745],[12.60303,55.67449],[12.6034,55.67452],[12.60374,55.67455],[12.6041,55.67466],[12.60436,55.67477],[12.60457,55.67486],[12.60549,55.67549],[12.60625,55.67596],[12.60676,55.6763],[12.60719,55.67662],[12.60753,55.67685],[12.60786,55.67721],[12.60822,55.67764],[12.60864,55.67827],[12.60888,55.67858],[12.60913,55.67895],[12.60935,55.67943],[12.60951,55.67986],[12.60968,55.68031],[12.60964,55.68036],[12.60976,55.68056],[12.60968,55.68064],[12.60982,55.68104],[12.60983,55.68137],[12.60987,55.68173],[12.60985,55.68182],[12.60989,55.68189],[12.60991,55.68206],[12.60991,55.68261],[12.60988,55.68277],[12.60983,55.68332],[12.61015,55.68334],[12.61125,55.68364],[12.61125,55.68364],[12.61132,55.68366],[12.61138,55.6837],[12.61142,55.68374],[12.61143,55.68376],[12.612,55.68437],[12.61305,55.68474],[12.61324,55.68438],[12.61326,55.6843],[12.6133,55.68381],[12.6133,55.6838],[12.6133,55.68376],[12.61332,55.68371],[12.61334,55.68367],[12.61337,55.68363],[12.61341,55.68359],[12.61346,55.68355],[12.61351,55.68352],[12.61357,55.68349],[12.61436,55.68321],[12.61437,55.68321],[12.61443,55.68317],[12.61449,55.68314],[12.61453,55.6831],[12.61457,55.68306],[12.6146,55.68301],[12.61463,55.68297],[12.61465,55.68292],[12.61466,55.68287],[12.61466,55.68283],[12.61465,55.68278],[12.61463,55.68273],[12.61463,55.68273],[12.61442,55.68236],[12.61427,55.68234],[12.61427,55.68231],[12.61426,55.68229],[12.61426,55.68227],[12.61426,55.68224],[12.61426,55.68222],[12.61426,55.6822],[12.61426,55.68218],[12.61426,55.68215],[12.61427,55.68211],[12.61428,55.68201],[12.61437,55.68133],[12.61416,55.68062],[12.61416,55.68062],[12.61458,55.68037],[12.61468,55.68029],[12.61475,55.68022],[12.61477,55.6802],[12.61479,55.68017],[12.61481,55.68014],[12.61483,55.68011],[12.61484,55.68008],[12.61486,55.68005],[12.61487,55.68002],[12.61488,55.67999],[12.61489,55.67995],[12.6149,55.67991],[12.6149,55.67988],[12.6149,55.67984],[12.61489,55.6798],[12.61488,55.67975],[12.61487,55.67971],[12.61485,55.67966],[12.61483,55.67963],[12.61481,55.67959],[12.61478,55.67955],[12.61475,55.67952],[12.61472,55.67948],[12.61468,55.67945],[12.61464,55.67941],[12.6146,55.67938],[12.61456,55.67935],[12.61451,55.67932],[12.61446,55.67929],[12.61441,55.67927],[12.61435,55.67924],[12.61428,55.67921],[12.61421,55.67919],[12.61402,55.67913],[12.6139,55.67909],[12.61377,55.67905],[12.61364,55.67902],[12.61345,55.67827],[12.61314,55.67785],[12.61288,55.6775],[12.61311,55.6773],[12.61313,55.67728],[12.61316,55.67725],[12.61318,55.67723],[12.6132,55.67721],[12.61322,55.67718],[12.61325,55.67715],[12.61327,55.67711],[12.61329,55.67708],[12.61331,55.67705],[12.61332,55.67702],[12.61333,55.67698],[12.61334,55.67695],[12.61335,55.67692],[12.61336,55.67688],[12.61336,55.67685],[12.61336,55.67681],[12.61335,55.67677],[12.61334,55.67673],[12.61333,55.67669],[12.61332,55.67665],[12.61331,55.67663],[12.6133,55.67661],[12.61329,55.67659],[12.61328,55.67657],[12.61326,55.67655],[12.61325,55.67653],[12.61323,55.67651],[12.6132,55.67647],[12.61318,55.67644],[12.61315,55.67642],[12.61312,55.67639],[12.61311,55.67638],[12.61309,55.67637],[12.61307,55.67635],[12.61305,55.67634],[12.61301,55.67632],[12.61297,55.67629],[12.61293,55.67627],[12.61288,55.67625],[12.61285,55.67623],[12.61281,55.67622],[12.61277,55.6762],[12.61273,55.67618],[12.61269,55.67617],[12.61265,55.67616],[12.61261,55.67615],[12.61256,55.67613],[12.61252,55.67612],[12.61248,55.67611],[12.61244,55.6761],[12.6124,55.6761],[12.61178,55.67602],[12.61128,55.67533],[12.61023,55.67456],[12.61033,55.67437],[12.61034,55.67436],[12.61034,55.67435],[12.61035,55.67434],[12.61035,55.67432],[12.61036,55.6743],[12.61036,55.67429],[12.61036,55.67427],[12.61037,55.67425],[12.61037,55.67422],[12.61036,55.6742],[12.61036,55.67417],[12.61036,55.67415],[12.61035,55.67413],[12.61034,55.6741],[12.61033,55.67408],[12.61032,55.67406],[12.6103,55.67404],[12.61029,55.67402],[12.61029,55.67401],[12.61027,55.67399],[12.61025,55.67397],[12.61023,55.67395],[12.61021,55.67393],[12.61019,55.67391],[12.61016,55.67389],[12.61013,55.67386],[12.61009,55.67384],[12.61006,55.67382],[12.61002,55.6738],[12.60997,55.67378],[12.60992,55.67376],[12.60987,55.67374],[12.60982,55.67372],[12.60978,55.67371],[12.60973,55.67369],[12.60969,55.67368],[12.60964,55.67368],[12.6096,55.67367],[12.60957,55.67366],[12.60953,55.67366],[12.60949,55.67366],[12.60946,55.67366],[12.60942,55.67365],[12.60939,55.67365],[12.60935,55.67365],[12.60901,55.67366],[12.60809,55.673],[12.60779,55.67279],[12.60486,55.6716],[12.60486,55.67156],[12.60486,55.67144],[12.6048,55.67129],[12.60469,55.67118],[12.60465,55.67115],[12.6046,55.67112],[12.60456,55.6711],[12.60451,55.67108],[12.60446,55.67106],[12.6044,55.67104],[12.60434,55.67102],[12.60428,55.67101],[12.60422,55.671],[12.60416,55.67099],[12.6041,55.67098],[12.60404,55.67098],[12.60398,55.67098],[12.60392,55.67098],[12.60386,55.67099],[12.6038,55.67099],[12.60356,55.67103],[12.6032,55.67087],[12.60106,55.66994],[12.60099,55.66977],[12.60099,55.66975],[12.60095,55.66969],[12.60091,55.66964],[12.60085,55.66958],[12.60079,55.66953],[12.60075,55.66951],[12.60067,55.66947],[12.60059,55.66943],[12.6005,55.6694],[12.60041,55.66937],[12.60041,55.66937],[12.60041,55.66937],[12.60037,55.66937],[12.60027,55.66935],[12.60017,55.66934],[12.60006,55.66933],[12.59996,55.66934],[12.59985,55.66934],[12.59975,55.66936],[12.59965,55.66938],[12.59964,55.66938],[12.59933,55.66948],[12.59828,55.66925],[12.5983,55.66922],[12.5984,55.66907],[12.59836,55.66891],[12.59798,55.66893],[12.59767,55.66892],[12.59728,55.6689],[12.5969,55.66885],[12.5963,55.6687],[12.5956,55.66839],[12.59547,55.66837]]]]}},{"type":"Feature","properties":{"nbhd_name":"Holmen og Refshale\u00f8en","uesi_id":"DNK_N13707878","nbhd_code":"DNK_N13707878_12"},"geometry":{"type":"MultiPolygon","coordinates":[[[[12.60988,55.68277],[12.60991,55.68261],[12.60991,55.68206],[12.60989,55.68189],[12.60985,55.68182],[12.60987,55.68173],[12.60983,55.68137],[12.60982,55.68104],[12.60968,55.68064],[12.60976,55.68056],[12.60964,55.68036],[12.60968,55.68031],[12.60951,55.67986],[12.60935,55.67943],[12.60913,55.67895],[12.60888,55.67858],[12.60864,55.67827],[12.60822,55.67764],[12.60786,55.67721],[12.60753,55.67685],[12.60719,55.67662],[12.60676,55.6763],[12.60625,55.67596],[12.60549,55.67549],[12.60457,55.67486],[12.60436,55.67477],[12.6041,55.67466],[12.60374,55.67455],[12.6034,55.67452],[12.60303,55.67449],[12.60263,55.6745],[12.60241,55.67456],[12.60238,55.67456],[12.60224,55.67458],[12.60182,55.67479],[12.6018,55.67485],[12.60123,55.6764],[12.60121,55.67645],[12.60117,55.67655],[12.6011,55.67673],[12.60112,55.67697],[12.60111,55.67722],[12.60106,55.67727],[12.60097,55.67733],[12.59947,55.67783],[12.59935,55.67787],[12.59933,55.67789],[12.59931,55.6779],[12.59903,55.67803],[12.59903,55.67804],[12.59891,55.67809],[12.59885,55.67803],[12.59884,55.67803],[12.59873,55.67807],[12.59859,55.67812],[12.59817,55.67826],[12.59798,55.67832],[12.59797,55.67833],[12.59797,55.67834],[12.59797,55.67834],[12.59798,55.67834],[12.59775,55.67842],[12.59774,55.67841],[12.5977,55.67842],[12.59781,55.67854],[12.59693,55.67883],[12.59694,55.67884],[12.59676,55.6789],[12.59676,55.6789],[12.59782,55.68005],[12.59782,55.68005],[12.5979,55.68014],[12.6002,55.67961],[12.60011,55.67949],[12.60009,55.67947],[12.60003,55.6794],[12.59996,55.67932],[12.59987,55.67921],[12.59974,55.67906],[12.5996,55.6789],[12.59941,55.67868],[12.59925,55.67849],[12.59914,55.67837],[12.5992,55.67832],[12.59914,55.67825],[12.59909,55.67827],[12.59909,55.67822],[12.59911,55.67819],[12.59919,55.67815],[12.5992,55.67816],[12.59925,55.67813],[12.59924,55.67813],[12.5993,55.67809],[12.59948,55.67802],[12.60062,55.67933],[12.60064,55.67933],[12.60075,55.67955],[12.60074,55.67955],[12.60074,55.67956],[12.60135,55.68029],[12.60097,55.68039],[12.60059,55.67996],[12.59885,55.68044],[12.59842,55.68056],[12.5994,55.68168],[12.59946,55.68166],[12.59952,55.68181],[12.5992,55.68189],[12.59925,55.68195],[12.59924,55.68195],[12.59984,55.68267],[12.59985,55.68267],[12.5999,55.68272],[12.60022,55.68263],[12.60034,55.68277],[12.60025,55.68279],[12.60051,55.68308],[12.60076,55.68338],[12.60091,55.68334],[12.60111,55.68357],[12.60096,55.68361],[12.60099,55.68364],[12.60136,55.68406],[12.60361,55.68345],[12.60337,55.68317],[12.6037,55.68308],[12.6039,55.68336],[12.60421,55.68374],[12.6046,55.68404],[12.60535,55.68496],[12.60518,55.685],[12.60557,55.68547],[12.6057,55.68543],[12.60577,55.68551],[12.60579,55.68637],[12.60517,55.68637],[12.60523,55.6874],[12.60552,55.68749],[12.60579,55.68757],[12.60582,55.68804],[12.6058,55.68804],[12.60582,55.68858],[12.60553,55.68858],[12.60553,55.6886],[12.60529,55.68858],[12.60424,55.6886],[12.60405,55.68861],[12.60405,55.68858],[12.60389,55.68858],[12.60388,55.68862],[12.60392,55.68862],[12.60391,55.68876],[12.60392,55.68877],[12.60393,55.68877],[12.60393,55.68878],[12.60456,55.68878],[12.60551,55.68882],[12.60581,55.68887],[12.6058,55.68896],[12.60564,55.68896],[12.60562,55.68911],[12.60663,55.68935],[12.60731,55.68944],[12.60782,55.68924],[12.60823,55.6879],[12.60808,55.68763],[12.60781,55.6876],[12.60784,55.68752],[12.60785,55.68752],[12.60793,55.68731],[12.60795,55.68731],[12.60832,55.68642],[12.60866,55.68557],[12.60866,55.68556],[12.60864,55.68556],[12.60875,55.68529],[12.6088,55.68513],[12.60914,55.68429],[12.60915,55.68429],[12.60916,55.68427],[12.60915,55.68427],[12.60923,55.68404],[12.60944,55.68403],[12.60976,55.68404],[12.60976,55.68405],[12.60981,55.68407],[12.6097,55.68425],[12.60962,55.68442],[12.60953,55.68466],[12.60944,55.68484],[12.60942,55.68484],[12.60934,55.68499],[12.6092,55.68527],[12.60918,55.68531],[12.60901,55.68566],[12.60903,55.68568],[12.60893,55.68587],[12.60892,55.68587],[12.6089,55.68588],[12.60884,55.686],[12.60876,55.68613],[12.60879,55.68614],[12.60835,55.68721],[12.60844,55.68738],[12.6086,55.6874],[12.6086,55.68738],[12.6089,55.68742],[12.60892,55.68742],[12.60917,55.68745],[12.60929,55.68744],[12.6093,55.68747],[12.6093,55.68747],[12.60935,55.6876],[12.60934,55.6876],[12.60935,55.68762],[12.60971,55.68758],[12.60985,55.68796],[12.61019,55.68795],[12.61026,55.689],[12.61047,55.68919],[12.61051,55.68919],[12.61051,55.68919],[12.6109,55.68919],[12.6109,55.68925],[12.61089,55.68925],[12.61083,55.68925],[12.61084,55.68937],[12.61077,55.68937],[12.61066,55.6895],[12.6104,55.6896],[12.61024,55.68932],[12.6082,55.6897],[12.60819,55.6897],[12.60645,55.69002],[12.60644,55.69002],[12.60643,55.69002],[12.60643,55.69003],[12.60642,55.69003],[12.60642,55.69003],[12.60642,55.69004],[12.60642,55.69004],[12.60642,55.69004],[12.60642,55.69004],[12.60642,55.69004],[12.60646,55.69011],[12.60646,55.69011],[12.60646,55.69011],[12.60646,55.69011],[12.60646,55.69011],[12.60647,55.69012],[12.60647,55.69012],[12.60647,55.69012],[12.60647,55.69012],[12.60647,55.69012],[12.60648,55.69012],[12.60648,55.69012],[12.60648,55.69012],[12.60648,55.69012],[12.60649,55.69012],[12.60649,55.69012],[12.60649,55.69012],[12.60665,55.69039],[12.60665,55.69039],[12.60664,55.69039],[12.60664,55.69039],[12.60664,55.6904],[12.60663,55.6904],[12.60663,55.6904],[12.60663,55.6904],[12.60663,55.69041],[12.60663,55.69041],[12.60667,55.69047],[12.60667,55.69047],[12.60667,55.69047],[12.60667,55.69047],[12.60668,55.69048],[12.60668,55.69048],[12.60668,55.69048],[12.60668,55.69048],[12.60669,55.69048],[12.60669,55.69048],[12.60669,55.69048],[12.6067,55.69049],[12.6067,55.69049],[12.60671,55.69049],[12.60671,55.69049],[12.60672,55.69048],[12.60985,55.6899],[12.60994,55.69011],[12.60992,55.69011],[12.60996,55.6902],[12.60998,55.69019],[12.61007,55.69043],[12.60675,55.69104],[12.60674,55.69106],[12.60705,55.69238],[12.60708,55.69259],[12.60755,55.69446],[12.60756,55.69447],[12.60758,55.69448],[12.60764,55.69449],[12.60952,55.69414],[12.60989,55.6948],[12.60991,55.69479],[12.61006,55.69505],[12.60975,55.69511],[12.60938,55.69518],[12.60903,55.69524],[12.60829,55.69538],[12.60795,55.69544],[12.60783,55.69546],[12.60773,55.69548],[12.60776,55.69558],[12.60779,55.69571],[12.60781,55.69579],[12.60784,55.69592],[12.60801,55.69661],[12.60812,55.69704],[12.60818,55.6973],[12.60834,55.69729],[12.60856,55.69714],[12.60854,55.69713],[12.60862,55.69708],[12.60866,55.6971],[12.60869,55.69711],[12.60871,55.69712],[12.60872,55.69713],[12.60873,55.69713],[12.60873,55.69713],[12.60874,55.69713],[12.60874,55.69712],[12.60874,55.69712],[12.60874,55.69711],[12.60873,55.69711],[12.60872,55.6971],[12.60867,55.69707],[12.60865,55.69706],[12.60891,55.69688],[12.60923,55.69667],[12.60931,55.69661],[12.60963,55.6964],[12.6105,55.69582],[12.61049,55.6958],[12.61048,55.6958],[12.61041,55.69571],[12.61061,55.69567],[12.61268,55.6953],[12.61317,55.69616],[12.61188,55.6964],[12.61188,55.69639],[12.61157,55.69645],[12.61153,55.69659],[12.61011,55.69679],[12.60997,55.69682],[12.60996,55.69682],[12.60941,55.69719],[12.6094,55.69719],[12.6094,55.69719],[12.60927,55.69717],[12.60926,55.69717],[12.60925,55.69717],[12.60924,55.69718],[12.60923,55.69719],[12.60923,55.69719],[12.60924,55.6972],[12.60924,55.6972],[12.60925,55.69721],[12.60929,55.69721],[12.60929,55.69721],[12.6093,55.6972],[12.60979,55.69728],[12.60978,55.69729],[12.60979,55.69729],[12.60982,55.6973],[12.60982,55.6973],[12.60983,55.69728],[12.61041,55.69737],[12.61091,55.69744],[12.61125,55.69749],[12.61124,55.69751],[12.61124,55.69752],[12.61128,55.69755],[12.61132,55.69758],[12.61137,55.6976],[12.61142,55.69762],[12.61149,55.69763],[12.61446,55.69779],[12.61534,55.69783],[12.6155,55.69784],[12.61952,55.69805],[12.61955,55.69805],[12.61956,55.69805],[12.61958,55.69805],[12.61961,55.69805],[12.61964,55.69805],[12.61967,55.69804],[12.61969,55.69803],[12.61971,55.69803],[12.61972,55.69802],[12.61973,55.69802],[12.62487,55.69765],[12.62892,55.6974],[12.62914,55.69742],[12.62936,55.69745],[12.62953,55.69742],[12.6296,55.69732],[12.62962,55.69716],[12.63057,55.69469],[12.6305,55.69462],[12.63039,55.69456],[12.63024,55.69452],[12.63,55.69451],[12.62954,55.69432],[12.62945,55.6944],[12.62845,55.69401],[12.62849,55.69392],[12.62795,55.69376],[12.62543,55.69278],[12.62535,55.69272],[12.62523,55.69256],[12.62517,55.69241],[12.62536,55.69236],[12.62529,55.69224],[12.6253,55.69215],[12.62526,55.69198],[12.62515,55.69181],[12.62505,55.69175],[12.625,55.69176],[12.62468,55.69122],[12.62464,55.69122],[12.62444,55.69088],[12.62448,55.69087],[12.62427,55.69051],[12.62423,55.69048],[12.62416,55.69045],[12.62408,55.69044],[12.62407,55.69044],[12.62412,55.69036],[12.62486,55.69018],[12.6248,55.69007],[12.62468,55.69002],[12.62331,55.69036],[12.61964,55.68976],[12.61969,55.68966],[12.61993,55.68922],[12.61984,55.68921],[12.62023,55.68848],[12.61973,55.68841],[12.61934,55.68914],[12.61581,55.68856],[12.61525,55.68858],[12.61437,55.6886],[12.61397,55.68861],[12.61385,55.6886],[12.61353,55.68858],[12.61361,55.68715],[12.61372,55.68708],[12.61416,55.68709],[12.61659,55.68721],[12.61723,55.68715],[12.61775,55.68695],[12.61781,55.68699],[12.61786,55.68692],[12.61764,55.68647],[12.61652,55.68338],[12.61662,55.68323],[12.61565,55.68253],[12.61462,55.68238],[12.61442,55.68236],[12.61463,55.68273],[12.61463,55.68273],[12.61465,55.68278],[12.61466,55.68283],[12.61466,55.68287],[12.61465,55.68292],[12.61463,55.68297],[12.6146,55.68301],[12.61457,55.68306],[12.61453,55.6831],[12.61449,55.68314],[12.61443,55.68317],[12.61437,55.68321],[12.61436,55.68321],[12.61357,55.68349],[12.61351,55.68352],[12.61346,55.68355],[12.61341,55.68359],[12.61337,55.68363],[12.61334,55.68367],[12.61332,55.68371],[12.6133,55.68376],[12.6133,55.6838],[12.6133,55.68381],[12.61326,55.6843],[12.61324,55.68438],[12.61305,55.68474],[12.612,55.68437],[12.61143,55.68376],[12.61142,55.68374],[12.61138,55.6837],[12.61132,55.68366],[12.61125,55.68364],[12.61125,55.68364],[12.61015,55.68334],[12.60983,55.68332],[12.60988,55.68277]]]]}},{"type":"Feature","properties":{"nbhd_name":"Nord/Komponistkvarteret","uesi_id":"DNK_N13707878","nbhd_code":"DNK_N13707878_13"},"geometry":{"type":"MultiPolygon","coordinates":[[[[12.57753,55.71373],[12.57753,55.71357],[12.57412,55.71326],[12.57104,55.713],[12.56897,55.71281],[12.56864,55.71397],[12.56802,55.71392],[12.5684,55.71424],[12.56901,55.71463],[12.5695,55.71491],[12.57071,55.71524],[12.57226,55.71564],[12.57392,55.71578],[12.57624,55.71599],[12.57702,55.71575],[12.57748,55.71573],[12.57749,55.71563],[12.57757,55.7148],[12.57757,55.71479],[12.57753,55.71373]]]]}},{"type":"Feature","properties":{"nbhd_name":"Lyngbyvej \u00d8st/Klimakvarteret","uesi_id":"DNK_N13707878","nbhd_code":"DNK_N13707878_14"},"geometry":{"type":"MultiPolygon","coordinates":[[[[12.56293,55.70648],[12.56293,55.70652],[12.5629,55.70669],[12.56281,55.70691],[12.56271,55.70709],[12.56259,55.70731],[12.56254,55.70738],[12.56241,55.70754],[12.56237,55.7076],[12.56233,55.70766],[12.56223,55.70783],[12.5621,55.70805],[12.56161,55.70893],[12.56142,55.70921],[12.56129,55.70944],[12.56112,55.70972],[12.56104,55.70989],[12.56101,55.70995],[12.56094,55.7101],[12.56001,55.71196],[12.55999,55.71201],[12.55998,55.71206],[12.55996,55.71211],[12.55995,55.71217],[12.55994,55.71222],[12.55993,55.71227],[12.55993,55.71228],[12.55987,55.71259],[12.56105,55.71268],[12.56332,55.71312],[12.56561,55.71359],[12.56756,55.71406],[12.5684,55.71424],[12.56802,55.71392],[12.56695,55.71303],[12.56713,55.71222],[12.56811,55.71229],[12.56894,55.71234],[12.56909,55.71235],[12.56936,55.71137],[12.56968,55.71012],[12.56854,55.71021],[12.56892,55.70909],[12.56941,55.70761],[12.56491,55.70678],[12.56293,55.70642],[12.56293,55.70648]]]]}},{"type":"Feature","properties":{"nbhd_name":"Svanem\u00f8llen Syd/\u00d8st","uesi_id":"DNK_N13707878","nbhd_code":"DNK_N13707878_15"},"geometry":{"type":"MultiPolygon","coordinates":[[[[12.57006,55.70773],[12.56941,55.70761],[12.56892,55.70909],[12.56854,55.71021],[12.56968,55.71012],[12.56936,55.71137],[12.56909,55.71235],[12.56894,55.71234],[12.56811,55.71229],[12.56713,55.71222],[12.56695,55.71303],[12.56802,55.71392],[12.56864,55.71397],[12.56897,55.71281],[12.57104,55.713],[12.57412,55.71326],[12.57753,55.71357],[12.57753,55.71373],[12.57757,55.71479],[12.57757,55.7148],[12.57749,55.71563],[12.57748,55.71573],[12.57739,55.71647],[12.57737,55.71662],[12.58099,55.71678],[12.58207,55.71682],[12.58249,55.7168],[12.58294,55.71671],[12.58328,55.7166],[12.58364,55.71629],[12.58397,55.7159],[12.58541,55.71425],[12.58647,55.71308],[12.58693,55.71258],[12.58731,55.71209],[12.58829,55.711],[12.5883,55.711],[12.5889,55.71041],[12.5891,55.71017],[12.58929,55.70991],[12.5874,55.70966],[12.58697,55.70947],[12.5858,55.70919],[12.58529,55.70907],[12.58528,55.70906],[12.58528,55.70906],[12.58527,55.70906],[12.58526,55.70906],[12.58526,55.70906],[12.58525,55.70905],[12.58524,55.70905],[12.58524,55.70905],[12.58523,55.70905],[12.58522,55.70905],[12.58522,55.70905],[12.58521,55.70904],[12.5852,55.70904],[12.58519,55.70904],[12.58519,55.70904],[12.58518,55.70904],[12.58517,55.70904],[12.58517,55.70904],[12.58516,55.70904],[12.58515,55.70903],[12.58514,55.70903],[12.58514,55.70903],[12.58513,55.70903],[12.58512,55.70903],[12.58511,55.70903],[12.58511,55.70903],[12.5851,55.70903],[12.58509,55.70903],[12.58508,55.70903],[12.58508,55.70903],[12.58507,55.70903],[12.58506,55.70903],[12.58505,55.70903],[12.58505,55.70903],[12.58504,55.70903],[12.58503,55.70903],[12.58502,55.70903],[12.58502,55.70903],[12.58501,55.70903],[12.585,55.70903],[12.58499,55.70903],[12.58499,55.70903],[12.58498,55.70903],[12.58497,55.70903],[12.58496,55.70903],[12.58496,55.70904],[12.58495,55.70904],[12.58494,55.70904],[12.58493,55.70904],[12.58493,55.70904],[12.58492,55.70904],[12.58491,55.70904],[12.58491,55.70904],[12.5849,55.70905],[12.58489,55.70905],[12.58488,55.70905],[12.58488,55.70905],[12.58487,55.70905],[12.58486,55.70905],[12.58486,55.70906],[12.58485,55.70906],[12.58484,55.70906],[12.58484,55.70906],[12.58483,55.70906],[12.58482,55.70907],[12.58482,55.70907],[12.58481,55.70907],[12.58481,55.70907],[12.5848,55.70908],[12.58479,55.70908],[12.58479,55.70908],[12.58478,55.70908],[12.58478,55.70909],[12.58477,55.70909],[12.58476,55.70909],[12.58476,55.70909],[12.58476,55.7091],[12.58475,55.7091],[12.58474,55.7091],[12.58474,55.70911],[12.58473,55.70911],[12.58473,55.70911],[12.58472,55.70911],[12.58471,55.70912],[12.58471,55.70912],[12.5847,55.70912],[12.58469,55.70913],[12.58469,55.70913],[12.58468,55.70913],[12.58467,55.70913],[12.58466,55.70914],[12.58466,55.70914],[12.58465,55.70914],[12.58464,55.70914],[12.58464,55.70915],[12.58463,55.70915],[12.58462,55.70915],[12.58461,55.70915],[12.58461,55.70916],[12.5846,55.70916],[12.58459,55.70916],[12.58458,55.70916],[12.58458,55.70916],[12.58457,55.70917],[12.58456,55.70917],[12.58455,55.70917],[12.58454,55.70917],[12.58454,55.70917],[12.58453,55.70917],[12.58452,55.70918],[12.58451,55.70918],[12.5845,55.70918],[12.58449,55.70918],[12.58449,55.70918],[12.58448,55.70918],[12.58447,55.70918],[12.58446,55.70918],[12.58445,55.70918],[12.58445,55.70919],[12.58444,55.70919],[12.58443,55.70919],[12.58442,55.70919],[12.58441,55.70919],[12.5844,55.70919],[12.58439,55.70919],[12.58439,55.70919],[12.58438,55.70919],[12.58437,55.70919],[12.58436,55.70919],[12.58435,55.70919],[12.57855,55.70922],[12.57753,55.70918],[12.57681,55.70906],[12.57343,55.70839],[12.5726,55.70823],[12.57024,55.70777],[12.57006,55.70773]]]]}},{"type":"Feature","properties":{"nbhd_name":"\u00c5rhusgade Nord","uesi_id":"DNK_N13707878","nbhd_code":"DNK_N13707878_16"},"geometry":{"type":"MultiPolygon","coordinates":[[[[12.57743,55.70499],[12.57741,55.70589],[12.57741,55.70612],[12.57741,55.70795],[12.57741,55.7085],[12.57743,55.709],[12.57753,55.70918],[12.57855,55.70922],[12.58435,55.70919],[12.58436,55.70919],[12.58437,55.70919],[12.58438,55.70919],[12.58439,55.70919],[12.58439,55.70919],[12.5844,55.70919],[12.58441,55.70919],[12.58442,55.70919],[12.58443,55.70919],[12.58444,55.70919],[12.58445,55.70919],[12.58445,55.70918],[12.58446,55.70918],[12.58447,55.70918],[12.58448,55.70918],[12.58449,55.70918],[12.58449,55.70918],[12.5845,55.70918],[12.58451,55.70918],[12.58452,55.70918],[12.58453,55.70917],[12.58454,55.70917],[12.58454,55.70917],[12.58455,55.70917],[12.58456,55.70917],[12.58457,55.70917],[12.58458,55.70916],[12.58458,55.70916],[12.58459,55.70916],[12.5846,55.70916],[12.58461,55.70916],[12.58461,55.70915],[12.58462,55.70915],[12.58463,55.70915],[12.58464,55.70915],[12.58464,55.70914],[12.58465,55.70914],[12.58466,55.70914],[12.58466,55.70914],[12.58467,55.70913],[12.58468,55.70913],[12.58469,55.70913],[12.58469,55.70913],[12.5847,55.70912],[12.58471,55.70912],[12.58471,55.70912],[12.58472,55.70911],[12.58473,55.70911],[12.58473,55.70911],[12.58474,55.70911],[12.58474,55.7091],[12.58475,55.7091],[12.58476,55.7091],[12.58476,55.70909],[12.58476,55.70909],[12.58477,55.70909],[12.58478,55.70909],[12.58478,55.70908],[12.58479,55.70908],[12.58479,55.70908],[12.5848,55.70908],[12.58481,55.70907],[12.58481,55.70907],[12.58482,55.70907],[12.58482,55.70907],[12.58483,55.70906],[12.58484,55.70906],[12.58484,55.70906],[12.58485,55.70906],[12.58486,55.70906],[12.58486,55.70905],[12.58487,55.70905],[12.58488,55.70905],[12.58488,55.70905],[12.58489,55.70905],[12.5849,55.70905],[12.58491,55.70904],[12.58491,55.70904],[12.58492,55.70904],[12.58493,55.70904],[12.58493,55.70904],[12.58494,55.70904],[12.58495,55.70904],[12.58496,55.70904],[12.58496,55.70903],[12.58497,55.70903],[12.58498,55.70903],[12.58499,55.70903],[12.58499,55.70903],[12.585,55.70903],[12.58501,55.70903],[12.58502,55.70903],[12.58502,55.70903],[12.58503,55.70903],[12.58504,55.70903],[12.58505,55.70903],[12.58505,55.70903],[12.58506,55.70903],[12.58507,55.70903],[12.58508,55.70903],[12.58508,55.70903],[12.58509,55.70903],[12.5851,55.70903],[12.58511,55.70903],[12.58511,55.70903],[12.58512,55.70903],[12.58513,55.70903],[12.58514,55.70903],[12.58514,55.70903],[12.58515,55.70903],[12.58516,55.70904],[12.58517,55.70904],[12.58517,55.70904],[12.58518,55.70904],[12.58519,55.70904],[12.58519,55.70904],[12.5852,55.70904],[12.58521,55.70904],[12.58522,55.70905],[12.58522,55.70905],[12.58523,55.70905],[12.58524,55.70905],[12.58524,55.70905],[12.58525,55.70905],[12.58526,55.70906],[12.58526,55.70906],[12.58527,55.70906],[12.58528,55.70906],[12.58528,55.70906],[12.58529,55.70907],[12.5858,55.70919],[12.58697,55.70947],[12.5874,55.70966],[12.58929,55.70991],[12.58932,55.70987],[12.58932,55.70987],[12.58961,55.70943],[12.58961,55.70942],[12.58979,55.7091],[12.58994,55.70884],[12.59003,55.70855],[12.59024,55.70811],[12.59047,55.70786],[12.59082,55.70755],[12.59083,55.70755],[12.59087,55.70751],[12.59101,55.70731],[12.59057,55.70725],[12.58612,55.70675],[12.58652,55.70594],[12.5838,55.70567],[12.58154,55.70545],[12.58141,55.70543],[12.57757,55.70499],[12.57743,55.70499]]]]}},{"type":"Feature","properties":{"nbhd_name":"\u00c5rhusgade Syd","uesi_id":"DNK_N13707878","nbhd_code":"DNK_N13707878_17"},"geometry":{"type":"MultiPolygon","coordinates":[[[[12.58225,55.70053],[12.58211,55.70048],[12.57786,55.69939],[12.57757,55.69967],[12.57745,55.6998],[12.57744,55.70157],[12.57743,55.70277],[12.57743,55.70329],[12.57744,55.70445],[12.57743,55.70499],[12.57757,55.70499],[12.58141,55.70543],[12.58154,55.70545],[12.5838,55.70567],[12.58652,55.70594],[12.58612,55.70675],[12.59057,55.70725],[12.59101,55.70731],[12.59127,55.70678],[12.59189,55.7045],[12.59207,55.70382],[12.59211,55.70368],[12.59211,55.70366],[12.59213,55.70344],[12.59219,55.703],[12.58847,55.70206],[12.58628,55.70154],[12.58538,55.70131],[12.58357,55.70086],[12.58225,55.70053]]]]}},{"type":"Feature","properties":{"nbhd_name":"Rosenv\u00e6nget","uesi_id":"DNK_N13707878","nbhd_code":"DNK_N13707878_18"},"geometry":{"type":"MultiPolygon","coordinates":[[[[12.58262,55.69692],[12.57988,55.69631],[12.57937,55.69706],[12.57906,55.69754],[12.5789,55.69781],[12.57871,55.69812],[12.57838,55.69861],[12.57805,55.69912],[12.57791,55.69934],[12.57786,55.69939],[12.58211,55.70048],[12.58225,55.70053],[12.58357,55.70086],[12.58538,55.70131],[12.58628,55.70154],[12.58847,55.70206],[12.59219,55.703],[12.59221,55.70284],[12.59256,55.70076],[12.59279,55.69935],[12.5905,55.69883],[12.58712,55.69798],[12.58632,55.69778],[12.58551,55.69759],[12.58443,55.69734],[12.58262,55.69692]]]]}},{"type":"Feature","properties":{"nbhd_name":"Ny Ryvang","uesi_id":"DNK_N13707878","nbhd_code":"DNK_N13707878_19"},"geometry":{"type":"MultiPolygon","coordinates":[[[[12.56862,55.72731],[12.56862,55.72728],[12.56864,55.72721],[12.56877,55.72678],[12.56883,55.72659],[12.56902,55.72592],[12.5691,55.72567],[12.56917,55.72543],[12.56919,55.72538],[12.56923,55.72528],[12.56926,55.72518],[12.5693,55.72509],[12.56951,55.72464],[12.56977,55.72416],[12.57017,55.72344],[12.57019,55.72344],[12.57021,55.72337],[12.57022,55.72336],[12.57047,55.72295],[12.57052,55.72284],[12.57074,55.72243],[12.57093,55.72208],[12.57103,55.72192],[12.57118,55.72169],[12.57129,55.72152],[12.57159,55.72104],[12.57211,55.72017],[12.57231,55.71983],[12.57236,55.71974],[12.57241,55.71966],[12.57247,55.71958],[12.57252,55.71949],[12.57256,55.71943],[12.57258,55.71941],[12.57264,55.71932],[12.5727,55.71924],[12.57276,55.71916],[12.57283,55.71908],[12.57291,55.719],[12.57298,55.71892],[12.57305,55.71884],[12.57313,55.71876],[12.57321,55.71868],[12.57329,55.71861],[12.57333,55.71857],[12.57339,55.71851],[12.57348,55.71843],[12.57357,55.71836],[12.57366,55.71828],[12.57375,55.71821],[12.57384,55.71814],[12.57394,55.71807],[12.57404,55.718],[12.57413,55.71793],[12.57425,55.71785],[12.57433,55.7178],[12.57436,55.71779],[12.5745,55.7177],[12.57452,55.71768],[12.57466,55.7176],[12.57478,55.71753],[12.57489,55.71747],[12.57501,55.71741],[12.57513,55.71735],[12.57525,55.71729],[12.57537,55.71723],[12.57549,55.71718],[12.57561,55.71713],[12.57574,55.71707],[12.5759,55.717],[12.57632,55.71683],[12.57658,55.71673],[12.57713,55.71655],[12.5772,55.71652],[12.57722,55.71652],[12.57739,55.71647],[12.57748,55.71573],[12.57702,55.71575],[12.57624,55.71599],[12.57392,55.71578],[12.57226,55.71564],[12.57071,55.71524],[12.5695,55.71491],[12.56901,55.71463],[12.5684,55.71424],[12.56756,55.71406],[12.56561,55.71359],[12.56332,55.71312],[12.56105,55.71268],[12.55987,55.71259],[12.55967,55.71306],[12.55893,55.71442],[12.55858,55.71513],[12.55903,55.71545],[12.55917,55.71554],[12.55928,55.71562],[12.5598,55.71598],[12.56043,55.71641],[12.56074,55.71662],[12.56106,55.71685],[12.56202,55.7175],[12.56265,55.71794],[12.56295,55.71815],[12.56328,55.71838],[12.56444,55.71928],[12.56422,55.71939],[12.56293,55.71996],[12.56329,55.72022],[12.56223,55.72069],[12.5635,55.72182],[12.56346,55.72186],[12.56339,55.72188],[12.56339,55.72189],[12.5634,55.72194],[12.56179,55.7224],[12.56164,55.72246],[12.56158,55.72248],[12.56136,55.72257],[12.56135,55.72264],[12.56136,55.72274],[12.56136,55.72276],[12.56141,55.72387],[12.56149,55.72443],[12.56149,55.72445],[12.5617,55.72533],[12.5617,55.72534],[12.56171,55.72538],[12.56174,55.72547],[12.56179,55.72562],[12.5618,55.72567],[12.56181,55.72568],[12.56182,55.72573],[12.56183,55.72577],[12.56184,55.72578],[12.56185,55.72584],[12.56187,55.7259],[12.56189,55.72595],[12.56191,55.72601],[12.56192,55.72606],[12.56194,55.72612],[12.56196,55.72618],[12.56197,55.72623],[12.56199,55.72629],[12.56201,55.72634],[12.56203,55.7264],[12.56206,55.72651],[12.56208,55.72657],[12.56209,55.72663],[12.56211,55.72668],[12.56212,55.72672],[12.56213,55.72674],[12.56214,55.72679],[12.56216,55.72685],[12.56218,55.7269],[12.56219,55.72694],[12.5622,55.72696],[12.56221,55.72701],[12.56223,55.72707],[12.56225,55.72713],[12.56226,55.72718],[12.56228,55.72723],[12.56228,55.72724],[12.5623,55.72729],[12.56231,55.72735],[12.56233,55.72741],[12.56235,55.72746],[12.56236,55.7275],[12.56239,55.7276],[12.56241,55.72766],[12.56242,55.72769],[12.56243,55.72772],[12.56245,55.72779],[12.56247,55.72785],[12.5625,55.72795],[12.5625,55.72795],[12.56253,55.72807],[12.56765,55.72751],[12.56769,55.72739],[12.56862,55.72731]]]]}},{"type":"Feature","properties":{"nbhd_name":"F\u00e6lled","uesi_id":"DNK_N13707878","nbhd_code":"DNK_N13707878_20"},"geometry":{"type":"MultiPolygon","coordinates":[[[[12.57023,55.69253],[12.56954,55.69209],[12.56939,55.692],[12.5693,55.69204],[12.56906,55.69217],[12.56863,55.69243],[12.56812,55.6927],[12.56801,55.69276],[12.56777,55.69289],[12.56753,55.69301],[12.56723,55.69316],[12.56669,55.69346],[12.56648,55.69357],[12.56633,55.69367],[12.56628,55.69368],[12.56622,55.6937],[12.56619,55.69371],[12.56615,55.69373],[12.56611,55.69375],[12.56608,55.69376],[12.56607,55.69377],[12.56592,55.69385],[12.56569,55.69397],[12.56548,55.6941],[12.56535,55.69419],[12.56441,55.69471],[12.56216,55.69604],[12.56187,55.6962],[12.56175,55.69627],[12.56168,55.6963],[12.5616,55.69635],[12.5616,55.69638],[12.56162,55.6965],[12.56163,55.69653],[12.56166,55.69672],[12.56171,55.69718],[12.56175,55.69753],[12.56175,55.69765],[12.56175,55.69775],[12.56175,55.69785],[12.56178,55.69807],[12.56182,55.69842],[12.56187,55.69884],[12.56193,55.69934],[12.56196,55.69961],[12.56199,55.6998],[12.56201,55.69987],[12.56205,55.70004],[12.56208,55.70013],[12.56211,55.70042],[12.56214,55.70065],[12.56218,55.70096],[12.56221,55.70124],[12.56225,55.70156],[12.56227,55.70181],[12.5623,55.70198],[12.56232,55.70219],[12.56232,55.70239],[12.56232,55.70242],[12.56232,55.70251],[12.56232,55.70262],[12.56232,55.70275],[12.56233,55.70283],[12.56236,55.70312],[12.56239,55.70342],[12.56242,55.70369],[12.56246,55.70397],[12.56249,55.70419],[12.56251,55.70442],[12.56253,55.70461],[12.56255,55.7048],[12.56258,55.70496],[12.5626,55.70508],[12.56262,55.70517],[12.56268,55.70531],[12.56275,55.70551],[12.56276,55.70554],[12.56282,55.70578],[12.5629,55.70612],[12.56292,55.70623],[12.56293,55.70632],[12.56293,55.70642],[12.56491,55.70678],[12.56941,55.70761],[12.57006,55.70773],[12.57024,55.70777],[12.5726,55.70823],[12.57343,55.70839],[12.57681,55.70906],[12.57753,55.70918],[12.57743,55.709],[12.57741,55.7085],[12.57741,55.70795],[12.57741,55.70612],[12.57741,55.70589],[12.57743,55.70499],[12.57744,55.70445],[12.57743,55.70329],[12.57743,55.70277],[12.57744,55.70157],[12.57745,55.6998],[12.57757,55.69967],[12.57786,55.69939],[12.57791,55.69934],[12.57805,55.69912],[12.57838,55.69861],[12.57871,55.69812],[12.5789,55.69781],[12.57848,55.69762],[12.57685,55.69687],[12.57606,55.6965],[12.57564,55.69631],[12.57514,55.69607],[12.57463,55.69584],[12.57388,55.69546],[12.57338,55.69509],[12.57299,55.69461],[12.57236,55.69386],[12.57023,55.69253]]]]}},{"type":"Feature","properties":{"nbhd_name":"Bl\u00e5g\u00e5rdskvarteret/Assistens/Rantzausgade","uesi_id":"DNK_N13707878","nbhd_code":"DNK_N13707878_21"},"geometry":{"type":"MultiPolygon","coordinates":[[[[12.5549,55.68424],[12.55471,55.68436],[12.55462,55.6844],[12.55439,55.68449],[12.55421,55.68456],[12.55373,55.68473],[12.55361,55.68477],[12.5534,55.68484],[12.55333,55.68486],[12.55324,55.68487],[12.55276,55.6849],[12.55238,55.68493],[12.55151,55.68498],[12.55137,55.68499],[12.55105,55.685],[12.55034,55.68505],[12.55016,55.68506],[12.54986,55.68507],[12.54913,55.68511],[12.54724,55.68523],[12.54708,55.68523],[12.54706,55.68524],[12.54698,55.68525],[12.54691,55.68526],[12.54684,55.68527],[12.54676,55.68529],[12.54669,55.6853],[12.54663,55.68532],[12.54657,55.68534],[12.54651,55.68537],[12.54645,55.68539],[12.54639,55.68542],[12.54617,55.68554],[12.54615,55.68552],[12.54528,55.68599],[12.5449,55.6862],[12.54487,55.68622],[12.54483,55.68624],[12.54473,55.68629],[12.54462,55.68634],[12.5445,55.68639],[12.54439,55.68643],[12.54427,55.68648],[12.54415,55.68652],[12.54403,55.68656],[12.54298,55.68687],[12.54284,55.68692],[12.5427,55.68696],[12.54257,55.68701],[12.54243,55.68706],[12.54231,55.68712],[12.54212,55.6872],[12.54214,55.68721],[12.54199,55.68727],[12.5418,55.68736],[12.54145,55.68759],[12.54139,55.68762],[12.54127,55.68767],[12.54275,55.68899],[12.54409,55.69016],[12.54518,55.69112],[12.54562,55.69151],[12.54669,55.69245],[12.54731,55.69301],[12.54859,55.69413],[12.54884,55.69434],[12.54944,55.69396],[12.55304,55.69155],[12.55335,55.69135],[12.55454,55.69057],[12.55455,55.69056],[12.55505,55.69022],[12.55505,55.69022],[12.55585,55.68971],[12.55748,55.6891],[12.55815,55.68885],[12.55934,55.68839],[12.55962,55.68828],[12.56015,55.68807],[12.5615,55.68758],[12.56263,55.68714],[12.56223,55.68679],[12.5619,55.68648],[12.56172,55.68631],[12.56093,55.68549],[12.56028,55.6848],[12.55991,55.68442],[12.55987,55.68438],[12.5579,55.68233],[12.55772,55.68214],[12.55734,55.68175],[12.5569,55.68171],[12.55666,55.68169],[12.55541,55.6816],[12.55505,55.68157],[12.55461,55.68153],[12.55427,55.68151],[12.55419,55.6815],[12.55369,55.68161],[12.55394,55.68197],[12.55428,55.68246],[12.55508,55.68363],[12.55511,55.68362],[12.5552,55.68375],[12.55524,55.68381],[12.55527,55.68385],[12.55504,55.68409],[12.5549,55.68424]]]]}},{"type":"Feature","properties":{"nbhd_name":"\u00d8sterbro Nord","uesi_id":"DNK_N13707878","nbhd_code":"DNK_N13707878_22"},"geometry":{"type":"MultiPolygon","coordinates":[[[[12.57784,55.72223],[12.57786,55.7222],[12.57791,55.72215],[12.57794,55.72211],[12.57798,55.72208],[12.57814,55.72206],[12.57824,55.72207],[12.57834,55.72207],[12.57881,55.72208],[12.57956,55.7221],[12.58023,55.72211],[12.58028,55.72211],[12.58046,55.72211],[12.58111,55.72204],[12.58277,55.72187],[12.58294,55.72186],[12.58308,55.72184],[12.58307,55.72183],[12.58307,55.72181],[12.58307,55.72178],[12.58307,55.72176],[12.5831,55.72156],[12.5832,55.72086],[12.58325,55.72086],[12.58327,55.72085],[12.58337,55.72077],[12.58348,55.72069],[12.58358,55.72059],[12.58368,55.7205],[12.58378,55.72041],[12.58387,55.72031],[12.58392,55.72025],[12.58397,55.72018],[12.58401,55.72011],[12.58405,55.72004],[12.58408,55.71997],[12.5841,55.7199],[12.58412,55.71983],[12.58427,55.71985],[12.58442,55.71987],[12.58457,55.71989],[12.58473,55.71991],[12.58488,55.71992],[12.58504,55.71993],[12.58519,55.71993],[12.58535,55.71994],[12.58545,55.71994],[12.58545,55.71991],[12.58535,55.7199],[12.5852,55.7199],[12.58506,55.71989],[12.58491,55.71988],[12.58476,55.71986],[12.58462,55.71985],[12.58447,55.71982],[12.58433,55.7198],[12.58419,55.71977],[12.58405,55.71974],[12.58391,55.71971],[12.58378,55.71967],[12.58365,55.71963],[12.58352,55.71959],[12.58345,55.71957],[12.58339,55.71955],[12.58348,55.71884],[12.58386,55.71748],[12.58395,55.71749],[12.58399,55.71744],[12.58405,55.7174],[12.58411,55.71736],[12.58418,55.71732],[12.58426,55.71729],[12.58435,55.71726],[12.58444,55.71724],[12.58444,55.71724],[12.5868,55.71756],[12.58745,55.71795],[12.58756,55.71802],[12.58769,55.71808],[12.58787,55.71816],[12.58813,55.71826],[12.58825,55.7183],[12.58834,55.71833],[12.5885,55.71836],[12.58989,55.71855],[12.591,55.71869],[12.59109,55.7187],[12.59119,55.71871],[12.59131,55.71871],[12.59142,55.71871],[12.59153,55.71871],[12.59162,55.7187],[12.59183,55.71866],[12.592,55.71863],[12.59217,55.71859],[12.59234,55.71854],[12.59251,55.71847],[12.5926,55.71843],[12.59264,55.7184],[12.59265,55.71836],[12.59249,55.71813],[12.59245,55.71809],[12.59228,55.71785],[12.59235,55.71783],[12.59236,55.71782],[12.59236,55.7178],[12.59234,55.71779],[12.59232,55.7178],[12.59223,55.71782],[12.59222,55.71783],[12.59222,55.71784],[12.59241,55.71812],[12.59134,55.71836],[12.59109,55.71801],[12.59146,55.71793],[12.59144,55.7179],[12.5916,55.71787],[12.59162,55.71789],[12.59176,55.71785],[12.59173,55.71782],[12.59183,55.71776],[12.5919,55.71771],[12.59199,55.71764],[12.59207,55.7176],[12.59208,55.71759],[12.59208,55.71757],[12.59205,55.71755],[12.59203,55.71755],[12.592,55.71755],[12.59198,55.71756],[12.59196,55.71759],[12.59189,55.71766],[12.59185,55.71769],[12.59181,55.71772],[12.59169,55.71779],[12.5916,55.71782],[12.59153,55.71784],[12.59149,55.71785],[12.59136,55.71788],[12.59119,55.7179],[12.59101,55.71791],[12.5908,55.71791],[12.59064,55.71789],[12.59051,55.71788],[12.58426,55.71705],[12.58426,55.71705],[12.58437,55.71665],[12.58416,55.7163],[12.58418,55.71624],[12.58426,55.71595],[12.58426,55.71594],[12.58426,55.71594],[12.58427,55.71593],[12.58427,55.71592],[12.58427,55.71592],[12.58428,55.71591],[12.58428,55.7159],[12.58428,55.7159],[12.58429,55.71589],[12.58429,55.71588],[12.58429,55.71588],[12.58429,55.71588],[12.5843,55.71588],[12.5843,55.71587],[12.58431,55.71586],[12.58432,55.71585],[12.58432,55.71585],[12.58433,55.71584],[12.58433,55.71583],[12.58434,55.71582],[12.58435,55.71582],[12.58435,55.71581],[12.58436,55.7158],[12.58437,55.7158],[12.58437,55.71579],[12.58438,55.71578],[12.58439,55.71578],[12.5844,55.71577],[12.5844,55.71576],[12.58441,55.71576],[12.58442,55.71575],[12.58442,55.71575],[12.58443,55.71574],[12.58444,55.71573],[12.58445,55.71573],[12.58446,55.71572],[12.58446,55.71572],[12.58447,55.71572],[12.58448,55.71571],[12.58449,55.71571],[12.58449,55.71571],[12.5845,55.7157],[12.58451,55.7157],[12.58452,55.7157],[12.58453,55.7157],[12.58453,55.71569],[12.58454,55.71569],[12.58456,55.71569],[12.58457,55.71569],[12.58458,55.71569],[12.58459,55.71569],[12.58461,55.71569],[12.58462,55.71569],[12.58463,55.71568],[12.58465,55.71568],[12.58486,55.71577],[12.58486,55.71576],[12.58558,55.71605],[12.58561,55.71602],[12.58584,55.71578],[12.58601,55.71561],[12.58627,55.71533],[12.58653,55.71506],[12.58702,55.71455],[12.58686,55.71435],[12.58758,55.71418],[12.58758,55.71419],[12.58777,55.71416],[12.58778,55.71419],[12.58789,55.71417],[12.58798,55.71441],[12.58816,55.71445],[12.58828,55.71463],[12.58837,55.71463],[12.58839,55.71463],[12.58838,55.71462],[12.588,55.71408],[12.588,55.71408],[12.58764,55.71357],[12.58738,55.71321],[12.58702,55.71271],[12.58693,55.71258],[12.58647,55.71308],[12.58541,55.71425],[12.58397,55.7159],[12.58364,55.71629],[12.58328,55.7166],[12.58294,55.71671],[12.58249,55.7168],[12.58207,55.71682],[12.58099,55.71678],[12.57737,55.71662],[12.57739,55.71647],[12.57722,55.71652],[12.5772,55.71652],[12.57713,55.71655],[12.57658,55.71673],[12.57632,55.71683],[12.5759,55.717],[12.57574,55.71707],[12.57561,55.71713],[12.57549,55.71718],[12.57537,55.71723],[12.57525,55.71729],[12.57513,55.71735],[12.57501,55.71741],[12.57489,55.71747],[12.57478,55.71753],[12.57466,55.7176],[12.57452,55.71768],[12.5745,55.7177],[12.57436,55.71779],[12.57433,55.7178],[12.57425,55.71785],[12.57413,55.71793],[12.57404,55.718],[12.57394,55.71807],[12.57384,55.71814],[12.57375,55.71821],[12.57366,55.71828],[12.57357,55.71836],[12.57348,55.71843],[12.57339,55.71851],[12.57333,55.71857],[12.57329,55.71861],[12.57321,55.71868],[12.57313,55.71876],[12.57305,55.71884],[12.57298,55.71892],[12.57291,55.719],[12.57283,55.71908],[12.57276,55.71916],[12.5727,55.71924],[12.57264,55.71932],[12.57258,55.71941],[12.57256,55.71943],[12.57252,55.71949],[12.57247,55.71958],[12.57241,55.71966],[12.57236,55.71974],[12.57231,55.71983],[12.57211,55.72017],[12.57159,55.72104],[12.57129,55.72152],[12.57118,55.72169],[12.57103,55.72192],[12.57093,55.72208],[12.57074,55.72243],[12.57052,55.72284],[12.57047,55.72295],[12.57022,55.72336],[12.57021,55.72337],[12.57019,55.72344],[12.57017,55.72344],[12.56977,55.72416],[12.56951,55.72464],[12.5693,55.72509],[12.56926,55.72518],[12.56923,55.72528],[12.56919,55.72538],[12.56917,55.72543],[12.5691,55.72567],[12.56902,55.72592],[12.56883,55.72659],[12.56877,55.72678],[12.56864,55.72721],[12.56862,55.72728],[12.56862,55.72731],[12.56769,55.72739],[12.56765,55.72751],[12.56253,55.72807],[12.56257,55.72818],[12.56263,55.72836],[12.56267,55.72847],[12.56271,55.7286],[12.56275,55.72874],[12.5628,55.7289],[12.56285,55.72904],[12.56294,55.72934],[12.56302,55.72957],[12.56309,55.7298],[12.5631,55.72983],[12.56316,55.73003],[12.56324,55.73026],[12.56324,55.73026],[12.56326,55.73034],[12.56333,55.73056],[12.56333,55.73057],[12.56337,55.7307],[12.56337,55.73071],[12.56343,55.73088],[12.56351,55.73116],[12.56353,55.73122],[12.56357,55.73134],[12.56359,55.73139],[12.56364,55.73154],[12.56415,55.73152],[12.56418,55.73152],[12.56421,55.73152],[12.56446,55.7315],[12.56449,55.73149],[12.5648,55.73147],[12.56536,55.73139],[12.56585,55.73132],[12.56591,55.73131],[12.56598,55.73131],[12.56608,55.73129],[12.56597,55.73165],[12.56584,55.73207],[12.56582,55.73215],[12.56579,55.73271],[12.56609,55.73266],[12.56694,55.73249],[12.56706,55.73247],[12.56708,55.7324],[12.56715,55.73213],[12.56723,55.73186],[12.56774,55.73179],[12.56771,55.73166],[12.56774,55.73168],[12.56766,55.73129],[12.56766,55.73128],[12.56785,55.73062],[12.56803,55.73064],[12.56805,55.73063],[12.56814,55.73029],[12.5682,55.73008],[12.56852,55.73004],[12.56888,55.72999],[12.56912,55.72996],[12.56917,55.72995],[12.56948,55.72991],[12.56956,55.7299],[12.56981,55.72986],[12.56995,55.72984],[12.57015,55.72982],[12.57029,55.7298],[12.57048,55.72977],[12.57063,55.72975],[12.57081,55.72973],[12.57097,55.72971],[12.57114,55.72968],[12.57131,55.72966],[12.57147,55.72964],[12.57167,55.72961],[12.5718,55.72959],[12.57205,55.72956],[12.57214,55.72955],[12.57243,55.72951],[12.57248,55.7295],[12.57282,55.72945],[12.57317,55.72941],[12.57375,55.72932],[12.57405,55.72925],[12.57479,55.72921],[12.5751,55.7292],[12.57511,55.72915],[12.57607,55.72901],[12.57652,55.72895],[12.57633,55.72846],[12.57624,55.72822],[12.5761,55.72788],[12.57608,55.72783],[12.57607,55.72777],[12.57607,55.72772],[12.57607,55.72767],[12.57607,55.72762],[12.57608,55.72756],[12.5761,55.72751],[12.57613,55.72746],[12.57619,55.72734],[12.57625,55.72722],[12.57641,55.72691],[12.57645,55.72684],[12.57645,55.72684],[12.57645,55.72684],[12.57645,55.72684],[12.57649,55.72675],[12.5765,55.72674],[12.57649,55.72674],[12.57649,55.72674],[12.57652,55.72669],[12.57653,55.72669],[12.57653,55.72668],[12.57656,55.72662],[12.57658,55.72657],[12.57671,55.7263],[12.57689,55.72594],[12.57699,55.72575],[12.577,55.72571],[12.57704,55.72562],[12.57708,55.72554],[12.57736,55.72472],[12.57738,55.72465],[12.57772,55.72365],[12.57777,55.72351],[12.5778,55.72342],[12.57784,55.72331],[12.57786,55.72327],[12.57786,55.72325],[12.57792,55.72297],[12.57797,55.72294],[12.57796,55.72292],[12.57794,55.72283],[12.57793,55.72282],[12.57789,55.72272],[12.57775,55.72227],[12.57774,55.72225],[12.57784,55.72223]]]]}},{"type":"Feature","properties":{"nbhd_name":"Nordhavn","uesi_id":"DNK_N13707878","nbhd_code":"DNK_N13707878_23"},"geometry":{"type":"MultiPolygon","coordinates":[[[[12.59471,55.7028],[12.59487,55.70256],[12.59486,55.70256],[12.59487,55.70254],[12.59496,55.70206],[12.59482,55.70182],[12.59473,55.70168],[12.59519,55.7014],[12.59747,55.70261],[12.59749,55.70262],[12.59753,55.70263],[12.59758,55.70263],[12.59762,55.70263],[12.59766,55.70262],[12.59769,55.70261],[12.5977,55.70261],[12.59775,55.70261],[12.59776,55.7026],[12.59776,55.70257],[12.59775,55.70257],[12.59775,55.70257],[12.59772,55.7025],[12.59745,55.70229],[12.59728,55.70216],[12.59682,55.70179],[12.59681,55.7018],[12.59673,55.70174],[12.59674,55.70173],[12.59667,55.70168],[12.59667,55.70169],[12.59658,55.70162],[12.59659,55.70162],[12.59647,55.70153],[12.5964,55.70147],[12.59618,55.7013],[12.59628,55.70126],[12.59673,55.70107],[12.59667,55.70088],[12.59623,55.69959],[12.59603,55.69899],[12.59572,55.69809],[12.59546,55.69733],[12.59515,55.69641],[12.59496,55.69587],[12.59644,55.69575],[12.59675,55.69695],[12.59721,55.69877],[12.59735,55.69876],[12.59741,55.69899],[12.59744,55.69899],[12.59744,55.69899],[12.59745,55.69901],[12.59747,55.69902],[12.59749,55.69903],[12.59752,55.69904],[12.59755,55.69904],[12.59758,55.69903],[12.5976,55.69902],[12.59761,55.699],[12.59761,55.69898],[12.59761,55.69897],[12.59765,55.69897],[12.59759,55.69874],[12.59839,55.69868],[12.59796,55.69765],[12.59809,55.69764],[12.59793,55.697],[12.59759,55.69565],[12.59882,55.69555],[12.59885,55.69575],[12.59892,55.69616],[12.59923,55.69801],[12.59929,55.69835],[12.5993,55.69848],[12.59936,55.69916],[12.59946,55.70029],[12.59955,55.70137],[12.59965,55.70244],[12.59968,55.70278],[12.59969,55.70279],[12.59969,55.70279],[12.60054,55.70355],[12.60067,55.70365],[12.60078,55.70375],[12.60081,55.70377],[12.60121,55.70396],[12.60123,55.70396],[12.60126,55.70397],[12.6013,55.70397],[12.60133,55.70396],[12.60134,55.70395],[12.60136,55.70393],[12.60137,55.70391],[12.60136,55.70389],[12.60125,55.70378],[12.6012,55.70322],[12.60072,55.69786],[12.60051,55.69557],[12.60051,55.69556],[12.60051,55.69556],[12.6005,55.69555],[12.60016,55.69542],[12.60015,55.69542],[12.60014,55.69542],[12.60006,55.69544],[12.59987,55.69549],[12.5998,55.69541],[12.59965,55.69545],[12.59964,55.69543],[12.59931,55.69505],[12.59932,55.69505],[12.59931,55.69504],[12.5993,55.69503],[12.5993,55.69503],[12.59929,55.69502],[12.59928,55.69501],[12.59928,55.69501],[12.59927,55.695],[12.59926,55.69499],[12.59925,55.69499],[12.59925,55.69498],[12.59924,55.69498],[12.59923,55.69497],[12.59922,55.69496],[12.59922,55.69496],[12.59921,55.69495],[12.5992,55.69494],[12.59919,55.69494],[12.59918,55.69493],[12.59918,55.69492],[12.59917,55.69492],[12.59916,55.69491],[12.59915,55.69491],[12.59914,55.6949],[12.59913,55.69489],[12.59912,55.69489],[12.59907,55.69491],[12.59902,55.69493],[12.59893,55.69495],[12.59891,55.69494],[12.59878,55.69486],[12.59872,55.69482],[12.59865,55.69479],[12.59852,55.69474],[12.5985,55.69473],[12.59841,55.6947],[12.59825,55.69465],[12.59812,55.6946],[12.59798,55.69455],[12.59785,55.69451],[12.59778,55.69449],[12.59761,55.69443],[12.5976,55.69443],[12.59747,55.69438],[12.59732,55.69433],[12.59719,55.69427],[12.59707,55.69421],[12.59706,55.69421],[12.59696,55.69415],[12.59695,55.69414],[12.59684,55.69407],[12.59677,55.69402],[12.59674,55.69399],[12.59665,55.69391],[12.59665,55.69391],[12.59658,55.69385],[12.59657,55.69382],[12.5965,55.69375],[12.59645,55.69367],[12.59644,55.69365],[12.59639,55.69355],[12.59636,55.69355],[12.59631,55.69342],[12.59595,55.69342],[12.59595,55.69355],[12.59592,55.69355],[12.59591,55.69377],[12.59591,55.69383],[12.59589,55.69389],[12.59589,55.69389],[12.59586,55.69396],[12.59582,55.69403],[12.59582,55.69404],[12.59576,55.69411],[12.59571,55.69417],[12.5957,55.69417],[12.59564,55.69424],[12.59562,55.69426],[12.59554,55.69432],[12.5955,55.69436],[12.59543,55.69442],[12.59538,55.69445],[12.59526,55.69452],[12.59511,55.6946],[12.59498,55.69467],[12.59496,55.69468],[12.59494,55.69468],[12.59494,55.69469],[12.59492,55.69469],[12.59491,55.6947],[12.5949,55.6947],[12.59488,55.69471],[12.59488,55.69471],[12.59487,55.69472],[12.59486,55.69472],[12.59485,55.69472],[12.59484,55.69473],[12.59483,55.69473],[12.59481,55.69474],[12.5948,55.69474],[12.59479,55.69475],[12.59478,55.69475],[12.59477,55.69476],[12.59475,55.69476],[12.59474,55.69477],[12.59473,55.69477],[12.59472,55.69478],[12.5947,55.69478],[12.59469,55.69478],[12.59468,55.69479],[12.59466,55.69479],[12.59465,55.6948],[12.59464,55.6948],[12.59463,55.6948],[12.59462,55.69481],[12.59461,55.69481],[12.5946,55.69481],[12.59458,55.69482],[12.59454,55.69483],[12.59452,55.69484],[12.5945,55.69484],[12.59448,55.69485],[12.59447,55.69485],[12.59446,55.69486],[12.59444,55.69486],[12.59442,55.69487],[12.5944,55.69487],[12.59439,55.69488],[12.59437,55.69488],[12.59435,55.69489],[12.59433,55.69489],[12.59432,55.6949],[12.59431,55.6949],[12.59429,55.6949],[12.59428,55.6949],[12.59427,55.69491],[12.59425,55.69491],[12.59424,55.69491],[12.59423,55.69492],[12.59422,55.69492],[12.59421,55.69492],[12.59419,55.69492],[12.59418,55.69492],[12.59417,55.69493],[12.59416,55.69493],[12.59415,55.69493],[12.59415,55.69493],[12.59414,55.69493],[12.59413,55.69493],[12.59412,55.69493],[12.5941,55.69494],[12.59409,55.69494],[12.59407,55.69494],[12.59404,55.69494],[12.59391,55.69495],[12.59374,55.69495],[12.5935,55.69488],[12.59391,55.69526],[12.59402,55.69542],[12.59402,55.69555],[12.59402,55.69567],[12.59396,55.69576],[12.59383,55.69596],[12.59359,55.69626],[12.59345,55.69645],[12.59327,55.69685],[12.59315,55.69722],[12.59279,55.69935],[12.59256,55.70076],[12.59221,55.70284],[12.59219,55.703],[12.59213,55.70344],[12.59211,55.70366],[12.59211,55.70368],[12.59207,55.70382],[12.59189,55.7045],[12.59127,55.70678],[12.59101,55.70731],[12.59087,55.70751],[12.59083,55.70755],[12.59082,55.70755],[12.59047,55.70786],[12.59024,55.70811],[12.59003,55.70855],[12.58994,55.70884],[12.58979,55.7091],[12.58961,55.70942],[12.58961,55.70943],[12.58932,55.70987],[12.58932,55.70987],[12.58929,55.70991],[12.5891,55.71017],[12.5889,55.71041],[12.5883,55.711],[12.58829,55.711],[12.58731,55.71209],[12.58693,55.71258],[12.58702,55.71271],[12.58738,55.71321],[12.58764,55.71357],[12.588,55.71408],[12.588,55.71408],[12.58838,55.71462],[12.58844,55.71461],[12.58846,55.71463],[12.58849,55.71467],[12.58854,55.71468],[12.58882,55.71462],[12.58942,55.7148],[12.58978,55.71471],[12.58983,55.7147],[12.58975,55.71459],[12.58978,55.71456],[12.58985,55.71448],[12.58836,55.71239],[12.58837,55.71237],[12.58857,55.71217],[12.58853,55.71216],[12.58899,55.7117],[12.58913,55.71157],[12.58921,55.71159],[12.58926,55.71155],[12.58923,55.71154],[12.58925,55.71153],[12.58931,55.71155],[12.58936,55.7115],[12.58924,55.71146],[12.58947,55.71124],[12.59002,55.71069],[12.59007,55.7106],[12.59016,55.71062],[12.59025,55.71064],[12.59024,55.71066],[12.59024,55.71066],[12.59122,55.71081],[12.59123,55.71081],[12.59146,55.71036],[12.59155,55.71028],[12.59176,55.71008],[12.5927,55.71038],[12.59244,55.71063],[12.5914,55.71165],[12.59093,55.71211],[12.59089,55.71215],[12.59005,55.71216],[12.59006,55.71257],[12.59006,55.7126],[12.58936,55.71277],[12.58934,55.71285],[12.58954,55.71286],[12.59002,55.71274],[12.59006,55.71279],[12.58995,55.71282],[12.59,55.71289],[12.59065,55.71273],[12.59066,55.71275],[12.59104,55.71327],[12.59128,55.71362],[12.59158,55.71404],[12.59171,55.71422],[12.59249,55.71531],[12.59256,55.71541],[12.59373,55.71704],[12.59377,55.7171],[12.59356,55.71715],[12.59384,55.71749],[12.59405,55.71744],[12.59528,55.71875],[12.59576,55.71927],[12.59555,55.71933],[12.59577,55.71957],[12.59562,55.71969],[12.59563,55.71972],[12.59568,55.71971],[12.59568,55.71968],[12.59582,55.71962],[12.59607,55.71959],[12.59858,55.71907],[12.5986,55.71909],[12.59868,55.71922],[12.59904,55.71914],[12.60094,55.71875],[12.60106,55.71894],[12.60397,55.71835],[12.60478,55.71961],[12.6025,55.72008],[12.6003,55.72053],[12.60039,55.72073],[12.6003,55.72074],[12.60154,55.72411],[12.60163,55.72436],[12.60231,55.7247],[12.60229,55.72472],[12.60229,55.72474],[12.60231,55.72474],[12.60234,55.72473],[12.60237,55.7247],[12.60251,55.72471],[12.60263,55.72464],[12.60262,55.72457],[12.60202,55.72427],[12.60191,55.72395],[12.60342,55.72364],[12.60344,55.72367],[12.60395,55.72356],[12.60393,55.72353],[12.60602,55.72311],[12.60609,55.7232],[12.60614,55.72319],[12.60644,55.7236],[12.60638,55.72362],[12.60653,55.72379],[12.6065,55.72384],[12.60474,55.7245],[12.60446,55.72453],[12.60253,55.72526],[12.60252,55.72526],[12.60251,55.72526],[12.6025,55.72526],[12.60249,55.72526],[12.60248,55.72526],[12.60247,55.72526],[12.60246,55.72526],[12.60245,55.72525],[12.60244,55.72525],[12.60243,55.72525],[12.60242,55.72525],[12.60242,55.72524],[12.60241,55.72524],[12.6024,55.72524],[12.6024,55.72523],[12.60239,55.72523],[12.60238,55.72523],[12.60238,55.72522],[12.60237,55.72522],[12.60237,55.72521],[12.60229,55.725],[12.60226,55.72497],[12.60216,55.72494],[12.6022,55.72491],[12.60219,55.72489],[12.60218,55.72488],[12.60214,55.72489],[12.60211,55.72493],[12.602,55.72496],[12.60196,55.725],[12.60221,55.72567],[12.60222,55.72567],[12.60223,55.72568],[12.60224,55.72568],[12.60226,55.72569],[12.60227,55.72569],[12.60228,55.72569],[12.6023,55.72569],[12.60231,55.7257],[12.60233,55.7257],[12.60234,55.7257],[12.60235,55.7257],[12.60237,55.7257],[12.60238,55.7257],[12.6024,55.7257],[12.60241,55.72569],[12.60243,55.72569],[12.60244,55.72569],[12.60245,55.72568],[12.60247,55.72568],[12.60248,55.72567],[12.60288,55.72533],[12.60312,55.72534],[12.60341,55.72532],[12.60391,55.72511],[12.6043,55.72484],[12.60466,55.72485],[12.60979,55.72294],[12.61595,55.72064],[12.62,55.72348],[12.62016,55.72357],[12.62033,55.72366],[12.62054,55.72376],[12.62076,55.72385],[12.62097,55.72393],[12.62126,55.72402],[12.62157,55.72411],[12.62275,55.72441],[12.62386,55.72464],[12.62475,55.7248],[12.6254,55.72489],[12.62627,55.725],[12.62703,55.72507],[12.62769,55.72512],[12.62863,55.72517],[12.62917,55.72519],[12.62977,55.7252],[12.63046,55.72519],[12.63078,55.72518],[12.63101,55.72517],[12.63123,55.72516],[12.63167,55.72514],[12.63209,55.72511],[12.63237,55.7251],[12.63245,55.72508],[12.6325,55.72505],[12.63251,55.72502],[12.63249,55.72498],[12.63245,55.72494],[12.63327,55.72466],[12.63984,55.72239],[12.63292,55.71921],[12.63132,55.71847],[12.61771,55.71224],[12.61651,55.71245],[12.60633,55.71452],[12.60616,55.71426],[12.60601,55.71402],[12.60599,55.714],[12.61543,55.71208],[12.61566,55.712],[12.61579,55.71189],[12.61585,55.71177],[12.61583,55.71164],[12.61573,55.71154],[12.61181,55.70973],[12.61167,55.70961],[12.61155,55.70948],[12.61147,55.70937],[12.61135,55.70922],[12.61132,55.70908],[12.61133,55.70909],[12.61134,55.70909],[12.61135,55.7091],[12.61136,55.7091],[12.61137,55.7091],[12.61138,55.7091],[12.6114,55.7091],[12.61141,55.7091],[12.61142,55.70909],[12.61143,55.70909],[12.61144,55.70908],[12.61145,55.70908],[12.61145,55.70907],[12.61145,55.70906],[12.61145,55.70906],[12.61145,55.70905],[12.61145,55.70904],[12.61144,55.70904],[12.61143,55.70903],[12.61142,55.70903],[12.61101,55.70894],[12.61102,55.70911],[12.611,55.70915],[12.61095,55.7092],[12.61093,55.7093],[12.61028,55.70943],[12.61043,55.7097],[12.60066,55.71169],[12.60035,55.71176],[12.5998,55.71187],[12.5998,55.71187],[12.5998,55.71188],[12.5998,55.71188],[12.59979,55.71187],[12.59979,55.71187],[12.59976,55.71188],[12.59959,55.71161],[12.59946,55.71142],[12.59749,55.71182],[12.59706,55.71191],[12.59698,55.71192],[12.59702,55.71216],[12.59706,55.71239],[12.59693,55.71242],[12.59693,55.71242],[12.59692,55.71242],[12.59692,55.71242],[12.59627,55.71255],[12.5961,55.71231],[12.59543,55.71136],[12.59892,55.71065],[12.60327,55.70976],[12.60356,55.70954],[12.60442,55.70894],[12.60468,55.70876],[12.6048,55.70868],[12.60489,55.70859],[12.6049,55.70857],[12.60491,55.70855],[12.60491,55.70853],[12.60491,55.70851],[12.60489,55.7085],[12.60511,55.70835],[12.60512,55.70834],[12.60512,55.70834],[12.60513,55.70833],[12.60514,55.70832],[12.60515,55.70832],[12.60516,55.70831],[12.60516,55.7083],[12.60517,55.7083],[12.60518,55.70829],[12.60519,55.70829],[12.6052,55.70828],[12.6052,55.70827],[12.60521,55.70827],[12.60522,55.70826],[12.60523,55.70825],[12.60523,55.70825],[12.60524,55.70824],[12.60525,55.70823],[12.60526,55.70823],[12.60526,55.70822],[12.60527,55.70821],[12.60528,55.70821],[12.60528,55.7082],[12.60529,55.7082],[12.6053,55.70819],[12.6053,55.70818],[12.60531,55.70817],[12.60532,55.70817],[12.60532,55.70816],[12.60533,55.70815],[12.60534,55.70815],[12.60534,55.70814],[12.60535,55.70813],[12.60535,55.70813],[12.60536,55.70812],[12.60537,55.70811],[12.60537,55.70811],[12.60538,55.7081],[12.60538,55.70809],[12.60539,55.70809],[12.6054,55.70808],[12.6054,55.70807],[12.60541,55.70806],[12.60541,55.70806],[12.60542,55.70805],[12.60542,55.70804],[12.60543,55.70804],[12.60543,55.70803],[12.60544,55.70802],[12.60544,55.70801],[12.60545,55.70801],[12.60545,55.708],[12.60546,55.708],[12.60546,55.70799],[12.60546,55.70798],[12.60547,55.70798],[12.60547,55.70797],[12.60548,55.70796],[12.60548,55.70796],[12.60548,55.70795],[12.60549,55.70794],[12.60549,55.70794],[12.6055,55.70793],[12.6055,55.70793],[12.6055,55.70792],[12.60551,55.70791],[12.60551,55.70791],[12.60551,55.7079],[12.60552,55.70789],[12.60552,55.70789],[12.60552,55.70788],[12.60553,55.70787],[12.60553,55.70787],[12.60553,55.70786],[12.60554,55.70785],[12.60554,55.70785],[12.60554,55.70784],[12.60554,55.70783],[12.60555,55.70783],[12.60555,55.70782],[12.60555,55.70781],[12.60556,55.70781],[12.60556,55.7078],[12.60556,55.70779],[12.60556,55.70779],[12.60556,55.70778],[12.60557,55.70777],[12.60557,55.70777],[12.60557,55.70776],[12.60557,55.70775],[12.60558,55.70775],[12.60558,55.70774],[12.60558,55.70773],[12.60558,55.70773],[12.60558,55.70772],[12.60558,55.70771],[12.60559,55.70771],[12.60559,55.7077],[12.60559,55.70769],[12.60559,55.70769],[12.60559,55.70767],[12.60566,55.70767],[12.60567,55.70752],[12.60567,55.70751],[12.60566,55.7075],[12.60566,55.7075],[12.60564,55.70749],[12.60564,55.70749],[12.60563,55.70749],[12.60562,55.70749],[12.60561,55.70749],[12.60559,55.70749],[12.60558,55.70749],[12.60557,55.7075],[12.60556,55.7075],[12.60556,55.70751],[12.60555,55.70751],[12.60555,55.70752],[12.60554,55.70766],[12.60556,55.70766],[12.60555,55.70769],[12.60555,55.70769],[12.60555,55.7077],[12.60555,55.70771],[12.60555,55.70771],[12.60554,55.70772],[12.60554,55.70773],[12.60554,55.70773],[12.60554,55.70774],[12.60554,55.70775],[12.60553,55.70775],[12.60553,55.70776],[12.60553,55.70777],[12.60553,55.70777],[12.60553,55.70778],[12.60552,55.70779],[12.60552,55.70779],[12.60552,55.7078],[12.60552,55.70781],[12.60551,55.70781],[12.60551,55.70782],[12.60551,55.70783],[12.60551,55.70783],[12.6055,55.70784],[12.6055,55.70785],[12.6055,55.70785],[12.60549,55.70786],[12.60549,55.70787],[12.60549,55.70787],[12.60548,55.70788],[12.60548,55.70789],[12.60548,55.70789],[12.60547,55.7079],[12.60547,55.7079],[12.60547,55.70791],[12.60546,55.70792],[12.60546,55.70792],[12.60546,55.70793],[12.60545,55.70794],[12.60545,55.70794],[12.60544,55.70795],[12.60544,55.70796],[12.60544,55.70796],[12.60543,55.70797],[12.60543,55.70798],[12.60542,55.70798],[12.60542,55.70799],[12.60542,55.70799],[12.60541,55.708],[12.60541,55.70801],[12.6054,55.70801],[12.60535,55.70808],[12.6051,55.70813],[12.6051,55.70814],[12.6051,55.70814],[12.60509,55.70814],[12.60456,55.70824],[12.60456,55.70825],[12.60456,55.70825],[12.60456,55.70825],[12.60431,55.7083],[12.60432,55.70831],[12.59913,55.70937],[12.59815,55.70957],[12.59806,55.70943],[12.59819,55.7094],[12.59777,55.70876],[12.59739,55.70884],[12.59727,55.70865],[12.59898,55.70835],[12.59898,55.70834],[12.59897,55.70834],[12.59897,55.708],[12.59896,55.70784],[12.59925,55.70784],[12.59925,55.70789],[12.59925,55.70789],[12.59925,55.70793],[12.59972,55.70782],[12.59971,55.70781],[12.60014,55.70771],[12.60057,55.70761],[12.60143,55.70742],[12.60228,55.70723],[12.60229,55.70723],[12.60252,55.70698],[12.60274,55.70673],[12.60274,55.70673],[12.60293,55.70652],[12.60248,55.70623],[12.60218,55.7063],[12.60217,55.70629],[12.60101,55.70653],[12.60006,55.70673],[12.59924,55.70691],[12.59924,55.70694],[12.59897,55.70694],[12.59897,55.70677],[12.59894,55.70675],[12.59893,55.70645],[12.59869,55.70645],[12.5987,55.70669],[12.59868,55.70669],[12.59749,55.70657],[12.59753,55.70647],[12.59743,55.70646],[12.59739,55.70656],[12.59579,55.7064],[12.59569,55.70639],[12.59201,55.70602],[12.59208,55.70589],[12.59217,55.70569],[12.59222,55.7056],[12.5923,55.70543],[12.59233,55.70537],[12.59239,55.70523],[12.59243,55.7051],[12.59247,55.70497],[12.59251,55.7048],[12.59253,55.7047],[12.59254,55.70467],[12.59254,55.70462],[12.59318,55.70469],[12.59342,55.70471],[12.59342,55.70473],[12.59342,55.70473],[12.59484,55.70487],[12.59508,55.7049],[12.59635,55.70502],[12.5965,55.70396],[12.59652,55.70382],[12.59673,55.70385],[12.59691,55.704],[12.59674,55.70398],[12.59658,55.70505],[12.59658,55.70507],[12.5989,55.7053],[12.59937,55.70534],[12.59938,55.70524],[12.59891,55.70495],[12.59744,55.70405],[12.59714,55.70402],[12.59697,55.70387],[12.59756,55.70393],[12.59767,55.70399],[12.59828,55.70436],[12.59869,55.70462],[12.59891,55.70475],[12.59917,55.70491],[12.59918,55.70491],[12.59918,55.70492],[12.59918,55.70492],[12.59963,55.70519],[12.5998,55.7053],[12.59983,55.70532],[12.60004,55.70534],[12.60004,55.70533],[12.60005,55.70533],[12.60005,55.70534],[12.60019,55.70535],[12.60019,55.70535],[12.60021,55.70535],[12.60022,55.70535],[12.60024,55.70535],[12.60025,55.70535],[12.60027,55.70534],[12.60028,55.70534],[12.60029,55.70533],[12.60031,55.70533],[12.60032,55.70532],[12.60033,55.70531],[12.60033,55.70531],[12.60034,55.7053],[12.60034,55.70529],[12.60035,55.70528],[12.60035,55.70527],[12.60035,55.70526],[12.60035,55.70526],[12.60034,55.70525],[12.60034,55.70524],[12.60033,55.70523],[12.60033,55.70523],[12.60032,55.70522],[12.60024,55.70517],[12.60024,55.70517],[12.60023,55.70517],[12.60023,55.70516],[12.59987,55.70491],[12.59986,55.70492],[12.59986,55.70491],[12.59986,55.70491],[12.59951,55.70467],[12.5995,55.70467],[12.5995,55.70466],[12.5995,55.70466],[12.59914,55.70441],[12.59912,55.7044],[12.59898,55.70431],[12.59875,55.70415],[12.59818,55.70376],[12.59777,55.70348],[12.597,55.70331],[12.59688,55.70328],[12.59471,55.7028]]]]}},{"type":"Feature","properties":{"nbhd_name":"Guldbergskvarteret/Panum/Ravnsborggade","uesi_id":"DNK_N13707878","nbhd_code":"DNK_N13707878_24"},"geometry":{"type":"MultiPolygon","coordinates":[[[[12.55585,55.68971],[12.55505,55.69022],[12.55505,55.69022],[12.55455,55.69056],[12.55454,55.69057],[12.55335,55.69135],[12.55304,55.69155],[12.54944,55.69396],[12.54884,55.69434],[12.54893,55.69442],[12.54969,55.69505],[12.55152,55.6967],[12.55198,55.69711],[12.55261,55.69766],[12.55304,55.69805],[12.55305,55.69806],[12.55308,55.69809],[12.55409,55.69898],[12.5541,55.69899],[12.55411,55.699],[12.55414,55.69902],[12.55414,55.69902],[12.55416,55.69903],[12.55419,55.69905],[12.55428,55.69912],[12.55431,55.69914],[12.55431,55.69914],[12.55445,55.69924],[12.55446,55.69924],[12.55457,55.69932],[12.55525,55.69993],[12.5553,55.69998],[12.55531,55.69999],[12.55567,55.70037],[12.55686,55.70143],[12.55784,55.70224],[12.55786,55.70227],[12.55787,55.70227],[12.55804,55.70242],[12.55878,55.70311],[12.55879,55.70312],[12.55881,55.70314],[12.55883,55.70316],[12.55887,55.70319],[12.55899,55.70329],[12.55931,55.70359],[12.55997,55.70419],[12.56032,55.70448],[12.56151,55.70556],[12.56179,55.70579],[12.56198,55.70596],[12.56216,55.70609],[12.56233,55.70619],[12.56254,55.70631],[12.56276,55.70637],[12.56293,55.70642],[12.56293,55.70632],[12.56292,55.70623],[12.5629,55.70612],[12.56282,55.70578],[12.56276,55.70554],[12.56275,55.70551],[12.56268,55.70531],[12.56262,55.70517],[12.5626,55.70508],[12.56258,55.70496],[12.56255,55.7048],[12.56253,55.70461],[12.56251,55.70442],[12.56249,55.70419],[12.56246,55.70397],[12.56242,55.70369],[12.56239,55.70342],[12.56236,55.70312],[12.56233,55.70283],[12.56232,55.70275],[12.56232,55.70262],[12.56232,55.70251],[12.56232,55.70242],[12.56232,55.70239],[12.56232,55.70219],[12.5623,55.70198],[12.56227,55.70181],[12.56225,55.70156],[12.56221,55.70124],[12.56218,55.70096],[12.56214,55.70065],[12.56211,55.70042],[12.56208,55.70013],[12.56205,55.70004],[12.56201,55.69987],[12.56199,55.6998],[12.56196,55.69961],[12.56193,55.69934],[12.56187,55.69884],[12.56182,55.69842],[12.56178,55.69807],[12.56175,55.69785],[12.56175,55.69775],[12.56175,55.69765],[12.56175,55.69753],[12.56171,55.69718],[12.56166,55.69672],[12.56163,55.69653],[12.56162,55.6965],[12.5616,55.69638],[12.5616,55.69635],[12.56168,55.6963],[12.56175,55.69627],[12.56187,55.6962],[12.56216,55.69604],[12.56441,55.69471],[12.56535,55.69419],[12.56548,55.6941],[12.56569,55.69397],[12.56592,55.69385],[12.56607,55.69377],[12.56608,55.69376],[12.56611,55.69375],[12.56615,55.69373],[12.56619,55.69371],[12.56622,55.6937],[12.56628,55.69368],[12.56633,55.69367],[12.56648,55.69357],[12.56669,55.69346],[12.56723,55.69316],[12.56753,55.69301],[12.56777,55.69289],[12.56801,55.69276],[12.56812,55.6927],[12.56863,55.69243],[12.56906,55.69217],[12.5693,55.69204],[12.56939,55.692],[12.56918,55.69187],[12.56911,55.69182],[12.5685,55.69142],[12.56648,55.69009],[12.56622,55.68989],[12.56563,55.68945],[12.56415,55.68833],[12.56399,55.68821],[12.56309,55.68753],[12.56263,55.68714],[12.5615,55.68758],[12.56015,55.68807],[12.55962,55.68828],[12.55934,55.68839],[12.55815,55.68885],[12.55748,55.6891],[12.55585,55.68971]]]]}},{"type":"Feature","properties":{"nbhd_name":"Stefansgade/N\u00f8rrebroparken/Lundtoftegade","uesi_id":"DNK_N13707878","nbhd_code":"DNK_N13707878_25"},"geometry":{"type":"MultiPolygon","coordinates":[[[[12.54127,55.68767],[12.54118,55.68771],[12.54089,55.68803],[12.54056,55.68838],[12.5405,55.68842],[12.54028,55.68854],[12.54002,55.68868],[12.53996,55.68871],[12.53925,55.68907],[12.53905,55.68918],[12.53868,55.68937],[12.53833,55.68955],[12.53822,55.68961],[12.53814,55.68964],[12.53795,55.68971],[12.53784,55.68975],[12.53777,55.68979],[12.53763,55.68991],[12.53752,55.69003],[12.53731,55.69024],[12.53722,55.69033],[12.53713,55.69045],[12.53691,55.69068],[12.53674,55.69085],[12.53673,55.69087],[12.53657,55.69104],[12.53568,55.69204],[12.53565,55.69209],[12.53553,55.69237],[12.53553,55.69241],[12.53552,55.69243],[12.53553,55.69245],[12.53554,55.69252],[12.53558,55.69264],[12.53559,55.69269],[12.5356,55.6927],[12.53564,55.69277],[12.53573,55.69292],[12.53584,55.69309],[12.53587,55.69313],[12.53587,55.69317],[12.53587,55.69323],[12.53575,55.69381],[12.53573,55.69385],[12.53567,55.69391],[12.53557,55.69397],[12.53514,55.69426],[12.53509,55.69429],[12.53502,55.69433],[12.53502,55.69433],[12.53489,55.69439],[12.53482,55.69442],[12.53476,55.69444],[12.53484,55.6945],[12.53506,55.69469],[12.53542,55.69497],[12.53542,55.69498],[12.53553,55.69506],[12.53556,55.69512],[12.53569,55.69541],[12.53575,55.69556],[12.53577,55.69564],[12.5358,55.6957],[12.5361,55.69594],[12.53621,55.696],[12.53638,55.69605],[12.53649,55.69609],[12.53658,55.69612],[12.53662,55.69616],[12.53664,55.69619],[12.5367,55.69627],[12.5368,55.69639],[12.53685,55.69644],[12.53689,55.69647],[12.5369,55.69647],[12.53694,55.69649],[12.53704,55.69653],[12.53736,55.69661],[12.53749,55.69665],[12.5377,55.69676],[12.53776,55.6968],[12.53792,55.6969],[12.5381,55.697],[12.53811,55.69701],[12.53827,55.69711],[12.53828,55.69731],[12.5383,55.69767],[12.53809,55.69768],[12.53783,55.69765],[12.5373,55.6976],[12.53656,55.69754],[12.5364,55.69752],[12.5364,55.69752],[12.53631,55.69751],[12.53625,55.69751],[12.53622,55.6975],[12.53611,55.69749],[12.536,55.69748],[12.5361,55.69757],[12.5362,55.69766],[12.53628,55.69774],[12.53632,55.69778],[12.5364,55.69787],[12.53642,55.69789],[12.53645,55.69793],[12.5365,55.69798],[12.53655,55.69805],[12.53657,55.69808],[12.53657,55.69808],[12.53665,55.69819],[12.53665,55.69819],[12.5367,55.69828],[12.53673,55.69832],[12.5368,55.69845],[12.53683,55.69851],[12.53685,55.69855],[12.53689,55.69863],[12.53693,55.69871],[12.53697,55.69878],[12.53724,55.69933],[12.53721,55.69933],[12.53724,55.69941],[12.53728,55.6995],[12.53736,55.69966],[12.53743,55.69982],[12.53749,55.69999],[12.53756,55.70021],[12.53759,55.7003],[12.53764,55.70049],[12.53767,55.70058],[12.53769,55.70067],[12.53773,55.70083],[12.53774,55.70087],[12.53777,55.70087],[12.53779,55.70099],[12.53779,55.701],[12.5378,55.70103],[12.53781,55.70108],[12.5379,55.70107],[12.53794,55.70106],[12.53797,55.70105],[12.53808,55.70101],[12.53809,55.701],[12.53817,55.70092],[12.53826,55.70086],[12.53833,55.70081],[12.53836,55.70079],[12.53842,55.70077],[12.53914,55.70048],[12.53915,55.70047],[12.53973,55.70023],[12.53974,55.70023],[12.5398,55.7002],[12.53998,55.7001],[12.54031,55.69996],[12.54048,55.69986],[12.54069,55.69973],[12.54084,55.69963],[12.54156,55.69916],[12.54241,55.69859],[12.5429,55.69826],[12.54339,55.69794],[12.54386,55.69762],[12.5442,55.69741],[12.54516,55.69678],[12.54529,55.6967],[12.54576,55.69639],[12.54703,55.69554],[12.54725,55.69539],[12.54741,55.69528],[12.54775,55.69505],[12.54778,55.69503],[12.5481,55.69482],[12.54829,55.69469],[12.54873,55.69441],[12.54884,55.69434],[12.54859,55.69413],[12.54731,55.69301],[12.54669,55.69245],[12.54562,55.69151],[12.54518,55.69112],[12.54409,55.69016],[12.54275,55.68899],[12.54127,55.68767]]]]}},{"type":"Feature","properties":{"nbhd_name":"Mimersgade-kvarteret","uesi_id":"DNK_N13707878","nbhd_code":"DNK_N13707878_26"},"geometry":{"type":"MultiPolygon","coordinates":[[[[12.54893,55.69442],[12.54884,55.69434],[12.54873,55.69441],[12.54829,55.69469],[12.5481,55.69482],[12.54778,55.69503],[12.54775,55.69505],[12.54741,55.69528],[12.54725,55.69539],[12.54703,55.69554],[12.54576,55.69639],[12.54529,55.6967],[12.54516,55.69678],[12.5442,55.69741],[12.54386,55.69762],[12.54339,55.69794],[12.5429,55.69826],[12.54241,55.69859],[12.54156,55.69916],[12.54084,55.69963],[12.54069,55.69973],[12.54048,55.69986],[12.54031,55.69996],[12.53998,55.7001],[12.5398,55.7002],[12.53974,55.70023],[12.53973,55.70023],[12.53915,55.70047],[12.53914,55.70048],[12.53842,55.70077],[12.53836,55.70079],[12.53833,55.70081],[12.53826,55.70086],[12.53817,55.70092],[12.53809,55.701],[12.53808,55.70101],[12.53797,55.70105],[12.53794,55.70106],[12.5379,55.70107],[12.53781,55.70108],[12.53785,55.70124],[12.53786,55.7013],[12.53787,55.70131],[12.53787,55.7013],[12.53788,55.70133],[12.5379,55.70141],[12.53791,55.70145],[12.53792,55.70149],[12.53793,55.70151],[12.53793,55.70153],[12.53795,55.70157],[12.53796,55.70161],[12.53797,55.70164],[12.53799,55.70167],[12.53799,55.70168],[12.53801,55.70172],[12.53802,55.70176],[12.53804,55.7018],[12.53806,55.70184],[12.53808,55.70187],[12.53809,55.70191],[12.53829,55.70233],[12.53826,55.70233],[12.53836,55.70257],[12.53841,55.70273],[12.53847,55.70281],[12.53859,55.70306],[12.5386,55.70307],[12.53921,55.7041],[12.53922,55.70412],[12.53928,55.7042],[12.53934,55.70428],[12.53941,55.70435],[12.53947,55.70443],[12.53955,55.70451],[12.53962,55.70459],[12.53969,55.70466],[12.53988,55.70487],[12.54,55.705],[12.54013,55.70514],[12.54023,55.70524],[12.54027,55.70528],[12.54044,55.70545],[12.5406,55.7056],[12.54086,55.70585],[12.54092,55.70591],[12.54108,55.70607],[12.54116,55.70614],[12.54124,55.70622],[12.54132,55.7063],[12.5414,55.70637],[12.54148,55.70645],[12.54163,55.70658],[12.54162,55.70659],[12.5416,55.7066],[12.54163,55.70663],[12.54175,55.70671],[12.54178,55.70669],[12.54183,55.70666],[12.54186,55.70663],[12.54194,55.70659],[12.54209,55.7065],[12.54234,55.70635],[12.54257,55.70622],[12.54344,55.70573],[12.54379,55.70553],[12.54417,55.70532],[12.54475,55.70499],[12.54514,55.70477],[12.54516,55.70476],[12.54528,55.7047],[12.5453,55.70469],[12.5454,55.70462],[12.54705,55.7037],[12.54809,55.70313],[12.54959,55.70228],[12.55006,55.70202],[12.55044,55.70181],[12.55114,55.70143],[12.55229,55.70057],[12.55229,55.70057],[12.55388,55.69938],[12.55428,55.69912],[12.55419,55.69905],[12.55416,55.69903],[12.55414,55.69902],[12.55414,55.69902],[12.55411,55.699],[12.5541,55.69899],[12.55409,55.69898],[12.55308,55.69809],[12.55305,55.69806],[12.55304,55.69805],[12.55261,55.69766],[12.55198,55.69711],[12.55152,55.6967],[12.54969,55.69505],[12.54893,55.69442]]]]}},{"type":"Feature","properties":{"nbhd_name":"Haraldsgade-kvarteret","uesi_id":"DNK_N13707878","nbhd_code":"DNK_N13707878_27"},"geometry":{"type":"MultiPolygon","coordinates":[[[[12.55879,55.70322],[12.55887,55.70319],[12.55883,55.70316],[12.55881,55.70314],[12.55879,55.70312],[12.55878,55.70311],[12.55804,55.70242],[12.55787,55.70227],[12.55786,55.70227],[12.55784,55.70224],[12.55686,55.70143],[12.55567,55.70037],[12.55531,55.69999],[12.5553,55.69998],[12.55525,55.69993],[12.55457,55.69932],[12.55446,55.69924],[12.55445,55.69924],[12.55431,55.69914],[12.55431,55.69914],[12.55428,55.69912],[12.55388,55.69938],[12.55229,55.70057],[12.55229,55.70057],[12.55114,55.70143],[12.55044,55.70181],[12.55006,55.70202],[12.54959,55.70228],[12.54809,55.70313],[12.54705,55.7037],[12.5454,55.70462],[12.5453,55.70469],[12.54528,55.7047],[12.54516,55.70476],[12.54514,55.70477],[12.54475,55.70499],[12.54417,55.70532],[12.54379,55.70553],[12.54344,55.70573],[12.54257,55.70622],[12.54234,55.70635],[12.54209,55.7065],[12.54194,55.70659],[12.54186,55.70663],[12.54183,55.70666],[12.54178,55.70669],[12.54175,55.70671],[12.54186,55.70678],[12.54189,55.70681],[12.5419,55.70681],[12.54203,55.70675],[12.54207,55.70677],[12.54213,55.70682],[12.54215,55.70684],[12.54222,55.70689],[12.54228,55.70693],[12.5423,55.70695],[12.54237,55.707],[12.54243,55.70705],[12.54245,55.70707],[12.54251,55.70711],[12.54258,55.70716],[12.54258,55.70716],[12.54258,55.70717],[12.54259,55.70717],[12.54259,55.70717],[12.5426,55.70718],[12.5426,55.70718],[12.54261,55.70718],[12.54261,55.70719],[12.54262,55.70719],[12.54262,55.70719],[12.54262,55.7072],[12.54263,55.7072],[12.54263,55.7072],[12.54264,55.70721],[12.54264,55.70721],[12.54264,55.70721],[12.54265,55.70722],[12.54265,55.70722],[12.54266,55.70722],[12.54266,55.70723],[12.54267,55.70723],[12.54267,55.70723],[12.54267,55.70724],[12.54268,55.70724],[12.54268,55.70725],[12.54296,55.70741],[12.54331,55.70762],[12.54341,55.70767],[12.54454,55.70836],[12.54465,55.70829],[12.54514,55.70851],[12.54564,55.70871],[12.54605,55.70888],[12.54648,55.70903],[12.54691,55.70918],[12.54733,55.70932],[12.5482,55.7096],[12.54949,55.71004],[12.55034,55.71033],[12.55163,55.71076],[12.55243,55.71111],[12.55283,55.71128],[12.55309,55.71142],[12.55348,55.71119],[12.55367,55.71108],[12.55371,55.71105],[12.55376,55.71102],[12.55378,55.71101],[12.55383,55.71099],[12.55384,55.71098],[12.55386,55.71097],[12.55391,55.71094],[12.55393,55.71093],[12.55395,55.71092],[12.55399,55.71089],[12.55423,55.71074],[12.55452,55.71055],[12.55475,55.71038],[12.55478,55.71035],[12.55492,55.71023],[12.55502,55.71012],[12.55504,55.7101],[12.55516,55.70999],[12.55529,55.70984],[12.55542,55.70969],[12.55572,55.70914],[12.55594,55.7087],[12.55597,55.70863],[12.5561,55.70837],[12.55613,55.7083],[12.55621,55.70814],[12.55631,55.70786],[12.55634,55.70775],[12.55639,55.70769],[12.55643,55.70764],[12.55646,55.7076],[12.55655,55.70732],[12.55655,55.70731],[12.55656,55.70729],[12.5566,55.70715],[12.55666,55.70697],[12.5568,55.70651],[12.55681,55.70648],[12.55681,55.70647],[12.55682,55.70645],[12.55683,55.70642],[12.55684,55.70639],[12.55686,55.70632],[12.55687,55.70631],[12.55688,55.70628],[12.55696,55.70602],[12.5575,55.70434],[12.55752,55.70428],[12.55755,55.70416],[12.55759,55.70405],[12.55766,55.70383],[12.55775,55.70371],[12.55779,55.70368],[12.55784,55.70363],[12.55789,55.70359],[12.55795,55.70355],[12.55796,55.70355],[12.55879,55.70322]]]]}},{"type":"Feature","properties":{"nbhd_name":"Vesterbro vest","uesi_id":"DNK_N13707878","nbhd_code":"DNK_N13707878_28"},"geometry":{"type":"MultiPolygon","coordinates":[[[[12.53185,55.66325],[12.53122,55.66327],[12.53062,55.66327],[12.53059,55.66327],[12.53058,55.66338],[12.53055,55.66387],[12.53013,55.66389],[12.52823,55.66735],[12.52831,55.66737],[12.52847,55.6674],[12.52883,55.66748],[12.52905,55.66753],[12.52921,55.66756],[12.52935,55.66759],[12.5294,55.66761],[12.52946,55.66762],[12.5295,55.66763],[12.52956,55.66765],[12.52961,55.66766],[12.52966,55.66768],[12.52971,55.66769],[12.52975,55.66771],[12.52979,55.66772],[12.52984,55.66774],[12.52988,55.66775],[12.52992,55.66777],[12.52993,55.66777],[12.52995,55.66778],[12.52996,55.66778],[12.53006,55.66777],[12.53018,55.66776],[12.5303,55.66775],[12.53036,55.66775],[12.53038,55.66775],[12.53041,55.66776],[12.53044,55.66777],[12.53098,55.66788],[12.53154,55.668],[12.53197,55.66808],[12.53238,55.66816],[12.53249,55.66818],[12.53255,55.6682],[12.53272,55.66823],[12.53324,55.66837],[12.53325,55.66836],[12.53344,55.66842],[12.53348,55.66842],[12.5335,55.66843],[12.53351,55.66845],[12.53354,55.66846],[12.53358,55.66847],[12.53431,55.66866],[12.53435,55.66867],[12.53462,55.66874],[12.5347,55.66876],[12.53493,55.66882],[12.5349,55.66893],[12.53503,55.66897],[12.53482,55.66929],[12.53505,55.66936],[12.5353,55.66943],[12.53545,55.66947],[12.53548,55.66948],[12.53571,55.66955],[12.53578,55.66957],[12.53581,55.66958],[12.53627,55.66971],[12.53683,55.66987],[12.5372,55.66997],[12.5376,55.67008],[12.5376,55.67009],[12.5379,55.67017],[12.53807,55.67022],[12.53832,55.67029],[12.5394,55.67021],[12.53943,55.6703],[12.53951,55.67064],[12.53962,55.67067],[12.53962,55.67067],[12.53974,55.6707],[12.53989,55.67074],[12.5403,55.67086],[12.54056,55.67094],[12.54104,55.67108],[12.54116,55.67111],[12.5412,55.67112],[12.54139,55.67118],[12.54139,55.67118],[12.54176,55.67128],[12.54176,55.67128],[12.54201,55.67136],[12.54202,55.67136],[12.54212,55.67139],[12.54228,55.67144],[12.54234,55.67145],[12.54254,55.67151],[12.54277,55.67157],[12.54299,55.67164],[12.54326,55.67172],[12.54353,55.67179],[12.54379,55.67187],[12.54413,55.67197],[12.54433,55.67202],[12.54465,55.67211],[12.54496,55.6722],[12.54496,55.67221],[12.54507,55.67224],[12.54537,55.6719],[12.54568,55.6716],[12.54576,55.67154],[12.54617,55.67086],[12.54548,55.6696],[12.54538,55.66943],[12.5448,55.66842],[12.5443,55.66756],[12.5439,55.66686],[12.54341,55.66599],[12.54211,55.66373],[12.54206,55.66364],[12.54204,55.66361],[12.54198,55.6635],[12.54193,55.6634],[12.54177,55.66302],[12.54171,55.66289],[12.54169,55.66284],[12.54167,55.66279],[12.54164,55.66269],[12.54158,55.66256],[12.54129,55.66255],[12.54049,55.66271],[12.53926,55.66286],[12.53734,55.66305],[12.53597,55.66313],[12.53185,55.66325]]]]}},{"type":"Feature","properties":{"nbhd_name":"Vesterbro central","uesi_id":"DNK_N13707878","nbhd_code":"DNK_N13707878_29"},"geometry":{"type":"MultiPolygon","coordinates":[[[[12.54731,55.66381],[12.54177,55.66302],[12.54193,55.6634],[12.54198,55.6635],[12.54204,55.66361],[12.54206,55.66364],[12.54211,55.66373],[12.54341,55.66599],[12.5439,55.66686],[12.5443,55.66756],[12.5448,55.66842],[12.54538,55.66943],[12.54548,55.6696],[12.54617,55.67086],[12.54576,55.67154],[12.54568,55.6716],[12.54537,55.6719],[12.54507,55.67224],[12.54514,55.67226],[12.54516,55.67226],[12.54609,55.67253],[12.54609,55.67253],[12.54675,55.67272],[12.54707,55.67281],[12.54702,55.67289],[12.54706,55.67289],[12.54711,55.6729],[12.54714,55.67291],[12.54718,55.67292],[12.54721,55.67292],[12.54723,55.67293],[12.54726,55.67294],[12.54729,55.67294],[12.54731,55.67295],[12.54734,55.67296],[12.54737,55.67297],[12.54741,55.673],[12.54752,55.67307],[12.54765,55.67306],[12.54801,55.67304],[12.54803,55.67303],[12.54805,55.67303],[12.54815,55.67302],[12.5484,55.67299],[12.5484,55.67299],[12.54847,55.67298],[12.54885,55.67289],[12.54953,55.67273],[12.54975,55.67267],[12.54977,55.6727],[12.54989,55.6727],[12.54995,55.6727],[12.54998,55.67273],[12.54999,55.67283],[12.54996,55.67307],[12.54992,55.67331],[12.54992,55.67334],[12.54989,55.67334],[12.54987,55.67346],[12.54988,55.67346],[12.54988,55.67346],[12.54985,55.67366],[12.55,55.67366],[12.54999,55.67377],[12.54997,55.67389],[12.54995,55.67402],[12.54993,55.67415],[12.5499,55.6744],[12.54989,55.67443],[12.54993,55.67444],[12.55046,55.67432],[12.55075,55.67425],[12.55086,55.67422],[12.55101,55.67419],[12.55131,55.67412],[12.55159,55.67406],[12.55181,55.67401],[12.55195,55.67398],[12.55236,55.67388],[12.55245,55.67386],[12.55325,55.67368],[12.55349,55.67363],[12.55372,55.67357],[12.55406,55.6735],[12.55407,55.67347],[12.5541,55.67347],[12.55447,55.67349],[12.55473,55.6724],[12.5538,55.67251],[12.55387,55.67189],[12.55407,55.67164],[12.55526,55.66976],[12.55528,55.66973],[12.55618,55.66825],[12.55562,55.66798],[12.55505,55.66772],[12.55519,55.66756],[12.55701,55.66555],[12.55877,55.66518],[12.55483,55.66486],[12.55224,55.66451],[12.54731,55.66381]]]]}},{"type":"Feature","properties":{"nbhd_name":"Vesterbro \u00f8st","uesi_id":"DNK_N13707878","nbhd_code":"DNK_N13707878_30"},"geometry":{"type":"MultiPolygon","coordinates":[[[[12.57002,55.66976],[12.57214,55.66818],[12.57279,55.66771],[12.57226,55.66741],[12.57178,55.66719],[12.57178,55.66719],[12.57116,55.66691],[12.5713,55.66681],[12.571,55.66668],[12.5687,55.66566],[12.56837,55.66551],[12.56825,55.6656],[12.56675,55.66492],[12.5667,55.66467],[12.56668,55.66466],[12.56623,55.66468],[12.56558,55.66439],[12.56557,55.6644],[12.56538,55.66431],[12.5657,55.6641],[12.56554,55.66402],[12.56586,55.6638],[12.5654,55.66359],[12.56518,55.66349],[12.56476,55.66378],[12.5646,55.6637],[12.5636,55.66325],[12.56402,55.66296],[12.56425,55.6628],[12.56389,55.66262],[12.56365,55.6628],[12.56344,55.6627],[12.56242,55.66342],[12.56206,55.66326],[12.56189,55.66319],[12.56146,55.66326],[12.55877,55.66518],[12.55701,55.66555],[12.55519,55.66756],[12.55505,55.66772],[12.55562,55.66798],[12.55618,55.66825],[12.55528,55.66973],[12.55526,55.66976],[12.55407,55.67164],[12.55387,55.67189],[12.5538,55.67251],[12.55473,55.6724],[12.55447,55.67349],[12.55509,55.67353],[12.55515,55.67354],[12.55518,55.67355],[12.55521,55.67367],[12.55678,55.67391],[12.55699,55.67396],[12.5579,55.67414],[12.55834,55.67423],[12.55881,55.67433],[12.56037,55.67465],[12.56114,55.67345],[12.56254,55.67395],[12.56347,55.67428],[12.56448,55.67461],[12.56774,55.67166],[12.5678,55.6716],[12.57002,55.66976]]]]}},{"type":"Feature","properties":{"nbhd_name":"Vesterbro syd","uesi_id":"DNK_N13707878","nbhd_code":"DNK_N13707878_31"},"geometry":{"type":"MultiPolygon","coordinates":[[[[12.56189,55.66319],[12.56206,55.66326],[12.56242,55.66342],[12.56258,55.66331],[12.56344,55.6627],[12.56395,55.66233],[12.56398,55.66232],[12.56412,55.66222],[12.56412,55.66221],[12.5644,55.66234],[12.56651,55.66329],[12.56563,55.66213],[12.56551,55.66199],[12.56511,55.66146],[12.56502,55.66135],[12.5645,55.66067],[12.56453,55.66065],[12.56464,55.66057],[12.56454,55.66053],[12.56451,55.66055],[12.56446,55.66052],[12.56388,55.66092],[12.56379,55.66088],[12.56436,55.66048],[12.56411,55.66016],[12.5635,55.66007],[12.56356,55.66],[12.56345,55.65997],[12.56343,55.65999],[12.56336,55.65996],[12.56291,55.6604],[12.56281,55.66036],[12.56317,55.66002],[12.56275,55.65996],[12.56262,55.65994],[12.5626,55.65994],[12.56221,55.65988],[12.56219,55.65988],[12.56185,55.65983],[12.56165,55.6598],[12.56113,55.65973],[12.56109,55.65972],[12.56108,55.65973],[12.56106,55.65973],[12.5608,55.65979],[12.56043,55.65989],[12.56032,55.65992],[12.56051,55.66015],[12.56029,55.6602],[12.56024,55.66014],[12.56032,55.66012],[12.56029,55.66007],[12.56021,55.66009],[12.56007,55.65993],[12.56135,55.65959],[12.56149,55.65961],[12.5616,55.65931],[12.56303,55.65951],[12.56305,55.65951],[12.56427,55.65914],[12.56356,55.65846],[12.56374,55.65841],[12.56369,55.65836],[12.56271,55.65866],[12.56267,55.65865],[12.56257,55.65853],[12.56345,55.65826],[12.56348,55.65829],[12.56349,55.6583],[12.56351,55.6583],[12.56375,55.65822],[12.56376,55.65822],[12.56375,55.65821],[12.56369,55.65815],[12.56368,55.65814],[12.56367,55.65814],[12.56364,55.65815],[12.56291,55.65747],[12.56291,55.65746],[12.56289,55.65746],[12.56214,55.6577],[12.5621,55.65766],[12.56208,55.65762],[12.56212,55.65762],[12.56292,55.65728],[12.56255,55.657],[12.56265,55.65695],[12.56187,55.65636],[12.56153,55.6565],[12.56137,55.65662],[12.56132,55.65664],[12.56129,55.65659],[12.56124,55.65654],[12.56142,55.65641],[12.56191,55.6562],[12.56151,55.6559],[12.56161,55.65585],[12.5608,55.65524],[12.56061,55.65499],[12.56028,55.65507],[12.56035,55.65516],[12.56022,55.65522],[12.56001,55.65494],[12.55954,55.65434],[12.55945,55.65422],[12.55899,55.65362],[12.55889,55.65349],[12.5586,55.65311],[12.55838,55.65317],[12.55836,55.65315],[12.55672,55.65358],[12.55625,55.6537],[12.55614,55.65373],[12.55609,55.65366],[12.55586,55.65372],[12.55588,55.65374],[12.55544,55.65384],[12.55534,55.65385],[12.5546,55.65403],[12.55449,55.65406],[12.55433,55.6541],[12.55284,55.65447],[12.55283,55.65447],[12.55282,55.65448],[12.55281,55.6545],[12.55281,55.65451],[12.55334,55.6552],[12.55348,55.65538],[12.55355,55.65547],[12.55355,55.65547],[12.55355,55.65547],[12.55311,55.65645],[12.553,55.6567],[12.55294,55.65683],[12.55289,55.65696],[12.55282,55.65709],[12.5482,55.65642],[12.54583,55.65609],[12.54433,55.65569],[12.54402,55.65572],[12.54149,55.65506],[12.54018,55.65471],[12.54027,55.6546],[12.53842,55.65411],[12.53808,55.6548],[12.53753,55.65531],[12.5389,55.65774],[12.54051,55.66055],[12.54152,55.66235],[12.54158,55.66256],[12.54164,55.66269],[12.54167,55.66279],[12.54169,55.66284],[12.54171,55.66289],[12.54177,55.66302],[12.54731,55.66381],[12.55224,55.66451],[12.55483,55.66486],[12.55877,55.66518],[12.56146,55.66326],[12.56189,55.66319]]]]}},{"type":"Feature","properties":{"nbhd_name":"Bavneh\u00f8j","uesi_id":"DNK_N13707878","nbhd_code":"DNK_N13707878_32"},"geometry":{"type":"MultiPolygon","coordinates":[[[[12.53808,55.6548],[12.53842,55.65411],[12.53846,55.65402],[12.53832,55.65397],[12.53821,55.65393],[12.53798,55.65387],[12.53792,55.65386],[12.53773,55.65381],[12.53756,55.65376],[12.53731,55.6537],[12.53715,55.65366],[12.53713,55.65365],[12.53695,55.6536],[12.53677,55.65355],[12.53665,55.65352],[12.53652,55.65349],[12.53634,55.65344],[12.53616,55.65339],[12.53607,55.65337],[12.53578,55.6533],[12.53574,55.65329],[12.53542,55.65321],[12.53532,55.65318],[12.53514,55.65313],[12.53496,55.65307],[12.53472,55.653],[12.53453,55.65295],[12.53435,55.6529],[12.53417,55.65284],[12.53391,55.65277],[12.53374,55.65272],[12.53352,55.65265],[12.53328,55.65258],[12.53314,55.65254],[12.53228,55.6523],[12.53203,55.65223],[12.53122,55.652],[12.53073,55.65185],[12.53039,55.65176],[12.52948,55.6515],[12.52889,55.65133],[12.52864,55.65126],[12.52824,55.65115],[12.52817,55.65113],[12.52817,55.65113],[12.52776,55.65105],[12.52758,55.65178],[12.52755,55.65186],[12.52448,55.6624],[12.52446,55.66247],[12.52444,55.66253],[12.52764,55.66316],[12.52788,55.66317],[12.52972,55.66326],[12.53043,55.66328],[12.53055,55.66327],[12.53059,55.66327],[12.53062,55.66327],[12.53122,55.66327],[12.53185,55.66325],[12.53597,55.66313],[12.53734,55.66305],[12.53926,55.66286],[12.54049,55.66271],[12.54129,55.66255],[12.54158,55.66256],[12.54152,55.66235],[12.54051,55.66055],[12.5389,55.65774],[12.53753,55.65531],[12.53808,55.6548]]]]}},{"type":"Feature","properties":{"nbhd_name":"Gl. Sydhavn","uesi_id":"DNK_N13707878","nbhd_code":"DNK_N13707878_33"},"geometry":{"type":"MultiPolygon","coordinates":[[[[12.53156,55.63175],[12.53138,55.63174],[12.53099,55.63189],[12.53084,55.63205],[12.53072,55.63227],[12.53078,55.63263],[12.53086,55.63276],[12.53096,55.63392],[12.53111,55.63429],[12.53125,55.63512],[12.53123,55.63535],[12.53109,55.63557],[12.53077,55.63578],[12.53042,55.63579],[12.53007,55.63576],[12.52979,55.63581],[12.52964,55.63585],[12.52939,55.63596],[12.52926,55.6361],[12.52923,55.63618],[12.52929,55.63626],[12.52943,55.63629],[12.53228,55.63619],[12.53239,55.63619],[12.5325,55.63627],[12.53253,55.63637],[12.53247,55.63655],[12.53231,55.63662],[12.53234,55.63674],[12.53225,55.63684],[12.53214,55.6369],[12.53213,55.63693],[12.53208,55.63692],[12.53189,55.63691],[12.53147,55.63681],[12.53106,55.6368],[12.53056,55.63669],[12.52956,55.63667],[12.52796,55.63649],[12.52695,55.63683],[12.52654,55.63701],[12.52617,55.63708],[12.52549,55.63733],[12.52258,55.63702],[12.52236,55.63729],[12.52229,55.63745],[12.52116,55.64141],[12.52141,55.64145],[12.5215,55.64147],[12.52162,55.64149],[12.52174,55.64152],[12.52183,55.64155],[12.52195,55.64159],[12.5221,55.64164],[12.52222,55.6417],[12.52232,55.64176],[12.52242,55.64183],[12.5225,55.64191],[12.52257,55.64199],[12.5226,55.64204],[12.52266,55.64212],[12.52272,55.64225],[12.52276,55.64239],[12.52278,55.64252],[12.52277,55.64268],[12.52277,55.6428],[12.52275,55.64288],[12.52246,55.64355],[12.52241,55.6437],[12.52239,55.64381],[12.52239,55.64392],[12.52239,55.64407],[12.52241,55.64419],[12.52243,55.6443],[12.52245,55.64438],[12.52249,55.64448],[12.52254,55.6446],[12.52259,55.6447],[12.52263,55.6448],[12.52269,55.64489],[12.52277,55.645],[12.52283,55.64509],[12.52291,55.64519],[12.52302,55.64529],[12.52316,55.64537],[12.5232,55.64539],[12.52322,55.6454],[12.52305,55.64554],[12.52336,55.64568],[12.52325,55.64579],[12.52315,55.6459],[12.52315,55.64591],[12.52315,55.64593],[12.52313,55.64596],[12.5231,55.64601],[12.52308,55.64603],[12.52305,55.64606],[12.52294,55.64618],[12.52207,55.64706],[12.52162,55.64752],[12.52136,55.64778],[12.52123,55.64791],[12.52117,55.64797],[12.52068,55.64848],[12.52036,55.64881],[12.52002,55.64917],[12.51966,55.64955],[12.51964,55.64957],[12.51954,55.64965],[12.51918,55.65004],[12.51912,55.6501],[12.51911,55.65011],[12.51888,55.65027],[12.51865,55.65042],[12.51858,55.65049],[12.51856,55.65052],[12.51854,55.65054],[12.51851,55.65056],[12.51846,55.65061],[12.51835,55.6507],[12.51825,55.65079],[12.51811,55.6509],[12.51794,55.65103],[12.51777,55.65116],[12.51757,55.6513],[12.51724,55.65154],[12.51705,55.65167],[12.51703,55.65169],[12.51693,55.65175],[12.51678,55.65185],[12.51662,55.65196],[12.51651,55.65203],[12.51662,55.65202],[12.51661,55.65206],[12.51666,55.65205],[12.51682,55.65205],[12.51703,55.652],[12.51716,55.65196],[12.51727,55.65192],[12.51739,55.65189],[12.51748,55.65186],[12.51763,55.65182],[12.51781,55.65177],[12.51795,55.65174],[12.5182,55.65168],[12.51842,55.65163],[12.5186,55.65159],[12.51864,55.65158],[12.51894,55.65152],[12.51898,55.65152],[12.51932,55.65145],[12.51951,55.65142],[12.51976,55.65138],[12.5199,55.65136],[12.52011,55.65133],[12.52013,55.65126],[12.5205,55.65115],[12.52048,55.6512],[12.52049,55.65123],[12.52051,55.65122],[12.52057,55.65125],[12.52047,55.65156],[12.52064,55.65152],[12.5208,55.65149],[12.52113,55.65151],[12.52123,55.6515],[12.52181,55.65142],[12.52184,55.65142],[12.52206,55.65143],[12.52215,55.65143],[12.5229,55.65134],[12.52325,55.65134],[12.5235,55.65135],[12.52387,55.65138],[12.52398,55.65139],[12.52417,55.65142],[12.52441,55.65146],[12.52584,55.6516],[12.52592,55.65161],[12.52602,55.65162],[12.52607,55.65163],[12.52613,55.65165],[12.52616,55.65166],[12.52626,55.65171],[12.5263,55.65173],[12.52636,55.65174],[12.52642,55.65175],[12.52642,55.65175],[12.52681,55.65179],[12.52729,55.65183],[12.52755,55.65186],[12.52758,55.65178],[12.52776,55.65105],[12.52817,55.65113],[12.52817,55.65113],[12.52824,55.65115],[12.52864,55.65126],[12.52889,55.65133],[12.52948,55.6515],[12.53039,55.65176],[12.53073,55.65185],[12.53122,55.652],[12.53203,55.65223],[12.53228,55.6523],[12.53314,55.65254],[12.53328,55.65258],[12.53352,55.65265],[12.53374,55.65272],[12.53391,55.65277],[12.53417,55.65284],[12.53435,55.6529],[12.53453,55.65295],[12.53472,55.653],[12.53496,55.65307],[12.53514,55.65313],[12.53532,55.65318],[12.53542,55.65321],[12.53574,55.65329],[12.53578,55.6533],[12.53607,55.65337],[12.53616,55.65339],[12.53634,55.65344],[12.53652,55.65349],[12.53665,55.65352],[12.53677,55.65355],[12.53695,55.6536],[12.53713,55.65365],[12.53715,55.65366],[12.53731,55.6537],[12.53756,55.65376],[12.53773,55.65381],[12.53792,55.65386],[12.53798,55.65387],[12.53821,55.65393],[12.53832,55.65397],[12.53846,55.65402],[12.53913,55.65257],[12.5396,55.65178],[12.53976,55.65151],[12.54221,55.64678],[12.54227,55.64663],[12.54252,55.64608],[12.54347,55.64514],[12.54349,55.64511],[12.54352,55.64509],[12.54354,55.64507],[12.54357,55.64505],[12.54359,55.64502],[12.54362,55.645],[12.54365,55.64498],[12.54367,55.64496],[12.5437,55.64494],[12.54372,55.64491],[12.54375,55.64489],[12.54378,55.64487],[12.5438,55.64485],[12.54383,55.64483],[12.54386,55.6448],[12.54388,55.64478],[12.54391,55.64476],[12.54394,55.64474],[12.54397,55.64472],[12.54399,55.6447],[12.54402,55.64467],[12.54405,55.64465],[12.54408,55.64463],[12.5441,55.64461],[12.54413,55.64459],[12.54416,55.64457],[12.54419,55.64455],[12.54422,55.64452],[12.54424,55.6445],[12.54427,55.64448],[12.5443,55.64446],[12.54433,55.64444],[12.54436,55.64442],[12.54439,55.6444],[12.54442,55.64438],[12.54445,55.64436],[12.54447,55.64433],[12.5445,55.64431],[12.54453,55.64429],[12.54456,55.64427],[12.54459,55.64425],[12.54462,55.64423],[12.54465,55.64421],[12.54468,55.64419],[12.54471,55.64417],[12.54474,55.64415],[12.54477,55.64413],[12.5448,55.64411],[12.54483,55.64409],[12.54486,55.64407],[12.54489,55.64405],[12.54492,55.64403],[12.54495,55.64401],[12.54498,55.64399],[12.54502,55.64397],[12.54505,55.64395],[12.54508,55.64393],[12.54511,55.64391],[12.54514,55.64389],[12.54517,55.64387],[12.5452,55.64385],[12.54523,55.64383],[12.54527,55.64381],[12.5453,55.64379],[12.54533,55.64377],[12.54536,55.64375],[12.54539,55.64373],[12.54543,55.64371],[12.54546,55.64369],[12.54549,55.64367],[12.54552,55.64365],[12.54555,55.64363],[12.54559,55.64361],[12.54562,55.64359],[12.54565,55.64357],[12.54569,55.64356],[12.54572,55.64354],[12.54575,55.64352],[12.54578,55.6435],[12.54582,55.64348],[12.54585,55.64346],[12.54588,55.64344],[12.54592,55.64342],[12.54595,55.64341],[12.54599,55.64339],[12.54602,55.64337],[12.54605,55.64335],[12.54609,55.64333],[12.54612,55.64331],[12.54616,55.64329],[12.54619,55.64328],[12.54622,55.64326],[12.54626,55.64324],[12.54629,55.64322],[12.54633,55.6432],[12.54636,55.64319],[12.5464,55.64317],[12.54643,55.64315],[12.54647,55.64313],[12.5465,55.64311],[12.54654,55.6431],[12.54657,55.64308],[12.54661,55.64306],[12.54664,55.64304],[12.54668,55.64303],[12.54671,55.64301],[12.54675,55.64299],[12.54722,55.64277],[12.54725,55.64275],[12.54729,55.64274],[12.54733,55.64272],[12.54736,55.6427],[12.5474,55.64269],[12.54744,55.64267],[12.54748,55.64265],[12.54751,55.64264],[12.54755,55.64262],[12.54759,55.64261],[12.54763,55.64259],[12.54766,55.64257],[12.5477,55.64256],[12.54774,55.64254],[12.54778,55.64253],[12.54781,55.64251],[12.54785,55.64249],[12.54789,55.64248],[12.54793,55.64246],[12.54797,55.64245],[12.548,55.64243],[12.54804,55.64242],[12.54808,55.6424],[12.54812,55.64239],[12.54816,55.64237],[12.5482,55.64235],[12.54823,55.64234],[12.54827,55.64232],[12.54831,55.64231],[12.54835,55.64229],[12.54839,55.64228],[12.54843,55.64226],[12.54847,55.64225],[12.54851,55.64223],[12.54855,55.64222],[12.54859,55.64221],[12.54863,55.64219],[12.54866,55.64218],[12.5487,55.64216],[12.54874,55.64215],[12.54878,55.64213],[12.54882,55.64212],[12.54886,55.6421],[12.5489,55.64209],[12.54894,55.64208],[12.54896,55.64207],[12.54885,55.64196],[12.54879,55.64192],[12.54874,55.64188],[12.5487,55.64183],[12.54867,55.64178],[12.54865,55.64173],[12.54864,55.64168],[12.54865,55.64163],[12.54867,55.64158],[12.54869,55.64153],[12.54871,55.64151],[12.54978,55.64052],[12.54974,55.6405],[12.54968,55.64046],[12.54955,55.6404],[12.54933,55.64027],[12.54929,55.64025],[12.54909,55.64014],[12.54867,55.64014],[12.54848,55.64028],[12.54856,55.64047],[12.54707,55.64153],[12.5469,55.64152],[12.54672,55.64164],[12.54676,55.64173],[12.54656,55.64185],[12.54634,55.64196],[12.54612,55.64207],[12.54589,55.64217],[12.54566,55.64227],[12.54541,55.64236],[12.54517,55.64245],[12.54491,55.64253],[12.54483,55.64255],[12.54465,55.64249],[12.54444,55.64255],[12.5444,55.64267],[12.54412,55.64273],[12.54384,55.64279],[12.54356,55.64285],[12.54327,55.6429],[12.54298,55.64294],[12.54268,55.64297],[12.54239,55.643],[12.54209,55.64302],[12.54179,55.64304],[12.54149,55.64305],[12.54133,55.64305],[12.5409,55.64265],[12.5411,55.64195],[12.54111,55.64192],[12.54115,55.64179],[12.54131,55.64124],[12.54132,55.64121],[12.54153,55.6405],[12.54154,55.64048],[12.54433,55.64047],[12.5445,55.64046],[12.54448,55.64033],[12.54532,55.63985],[12.54553,55.63972],[12.54677,55.639],[12.54677,55.639],[12.54677,55.639],[12.54677,55.63899],[12.54677,55.63898],[12.54677,55.63897],[12.54676,55.63897],[12.54675,55.63896],[12.54675,55.63895],[12.54674,55.63895],[12.54673,55.63894],[12.54671,55.63894],[12.5467,55.63893],[12.54669,55.63893],[12.54667,55.63893],[12.54666,55.63893],[12.54664,55.63893],[12.54599,55.63931],[12.54577,55.63919],[12.54581,55.63916],[12.54572,55.63912],[12.54569,55.63914],[12.54541,55.63899],[12.5454,55.63899],[12.54472,55.63863],[12.54473,55.63862],[12.54449,55.6385],[12.54447,55.63851],[12.54387,55.63818],[12.54386,55.63818],[12.5437,55.6381],[12.54364,55.63813],[12.54355,55.63809],[12.54359,55.63806],[12.54337,55.63794],[12.54336,55.63795],[12.54317,55.63785],[12.54312,55.63786],[12.54304,55.63782],[12.54304,55.63777],[12.54288,55.63769],[12.54289,55.63768],[12.54263,55.63754],[12.54258,55.63751],[12.5425,55.63747],[12.54253,55.63745],[12.54249,55.63743],[12.54246,55.63745],[12.5423,55.63738],[12.54232,55.63736],[12.54214,55.63727],[12.5421,55.63725],[12.54212,55.63724],[12.54188,55.63711],[12.54186,55.63713],[12.54133,55.63684],[12.54112,55.63673],[12.54111,55.63673],[12.54075,55.63654],[12.54078,55.63654],[12.54138,55.63618],[12.54138,55.63617],[12.54138,55.63616],[12.54139,55.63615],[12.54139,55.63615],[12.54138,55.63614],[12.54138,55.63613],[12.54137,55.63612],[12.54137,55.63612],[12.54136,55.63611],[12.54135,55.6361],[12.54134,55.6361],[12.54133,55.63609],[12.54131,55.63609],[12.5413,55.63609],[12.54129,55.63609],[12.54127,55.63609],[12.54126,55.63609],[12.54125,55.63609],[12.54123,55.63609],[12.54122,55.6361],[12.54101,55.63622],[12.54087,55.63623],[12.54056,55.63602],[12.5406,55.6359],[12.54065,55.63583],[12.54061,55.63578],[12.54029,55.63567],[12.54016,55.63566],[12.53992,55.63568],[12.53977,55.63566],[12.53922,55.63549],[12.53875,55.63531],[12.53867,55.63529],[12.538,55.63501],[12.53772,55.63492],[12.53754,55.63489],[12.53746,55.63483],[12.53734,55.63482],[12.53725,55.63469],[12.53707,55.63457],[12.53697,55.63453],[12.53691,55.63443],[12.53701,55.63434],[12.53746,55.63409],[12.53747,55.63408],[12.53748,55.63407],[12.53748,55.63406],[12.53748,55.63406],[12.53748,55.63405],[12.53748,55.63404],[12.53748,55.63403],[12.53748,55.63402],[12.53747,55.63401],[12.53746,55.63401],[12.53745,55.634],[12.53744,55.63399],[12.53743,55.63399],[12.53741,55.63398],[12.5374,55.63398],[12.53739,55.63398],[12.53737,55.63398],[12.53736,55.63398],[12.53734,55.63398],[12.53733,55.63398],[12.53731,55.63398],[12.5373,55.63399],[12.53729,55.63399],[12.53727,55.634],[12.53726,55.63401],[12.53683,55.63425],[12.53682,55.63425],[12.5368,55.63426],[12.53679,55.63427],[12.53678,55.63427],[12.53677,55.63427],[12.53675,55.63428],[12.53674,55.63428],[12.53672,55.63428],[12.53671,55.63428],[12.5367,55.63429],[12.53668,55.63429],[12.53667,55.63428],[12.53665,55.63428],[12.53664,55.63428],[12.53662,55.63428],[12.53661,55.63428],[12.53659,55.63427],[12.53658,55.63427],[12.53657,55.63426],[12.53656,55.63426],[12.53637,55.63417],[12.53631,55.63412],[12.53602,55.63403],[12.5357,55.63389],[12.53539,55.63368],[12.53502,55.63337],[12.53505,55.63329],[12.53462,55.63311],[12.53427,55.63289],[12.53394,55.63275],[12.53386,55.63269],[12.53344,55.63261],[12.53319,55.63254],[12.53273,55.63221],[12.53324,55.63188],[12.53325,55.63188],[12.53326,55.63187],[12.53326,55.63187],[12.53327,55.63186],[12.53328,55.63186],[12.53328,55.63185],[12.53329,55.63184],[12.53329,55.63184],[12.53329,55.63183],[12.53329,55.63182],[12.53329,55.63182],[12.53329,55.63181],[12.53328,55.6318],[12.53328,55.6318],[12.53327,55.63179],[12.53327,55.63179],[12.53326,55.63178],[12.53325,55.63177],[12.53324,55.63177],[12.53324,55.63177],[12.53323,55.63176],[12.53321,55.63176],[12.5332,55.63176],[12.53319,55.63175],[12.53318,55.63175],[12.53317,55.63175],[12.53316,55.63175],[12.53314,55.63175],[12.53313,55.63175],[12.53312,55.63176],[12.53311,55.63176],[12.5331,55.63176],[12.53309,55.63177],[12.53308,55.63177],[12.53267,55.63203],[12.53247,55.63199],[12.53231,55.63189],[12.53201,55.63181],[12.53172,55.63175],[12.53156,55.63175]]]]}},{"type":"Feature","properties":{"nbhd_name":"Gl. Valby","uesi_id":"DNK_N13707878","nbhd_code":"DNK_N13707878_34"},"geometry":{"type":"MultiPolygon","coordinates":[[[[12.52334,55.66651],[12.52337,55.66651],[12.5234,55.66651],[12.52343,55.66651],[12.52347,55.66652],[12.52347,55.66652],[12.52348,55.66652],[12.52357,55.66653],[12.52357,55.66653],[12.52372,55.66656],[12.52434,55.66666],[12.52449,55.66668],[12.52535,55.66682],[12.52539,55.66683],[12.52618,55.66697],[12.52622,55.66697],[12.52658,55.66704],[12.52812,55.66733],[12.52817,55.66734],[12.52823,55.66735],[12.53013,55.66389],[12.53055,55.66387],[12.53058,55.66338],[12.52978,55.66337],[12.52961,55.66337],[12.52675,55.66341],[12.525,55.66344],[12.52442,55.66345],[12.52393,55.66346],[12.52382,55.66346],[12.5237,55.6634],[12.5232,55.66339],[12.52173,55.66342],[12.52096,55.66345],[12.5208,55.66346],[12.52066,55.66347],[12.51988,55.6635],[12.51914,55.66352],[12.51891,55.66353],[12.51884,55.66344],[12.51823,55.66345],[12.51633,55.66347],[12.51629,55.66347],[12.51413,55.66338],[12.51244,55.66337],[12.51134,55.66339],[12.51012,55.6634],[12.50983,55.66341],[12.50775,55.66344],[12.50772,55.66352],[12.50766,55.66365],[12.50765,55.66368],[12.50762,55.66373],[12.5076,55.66378],[12.50753,55.66397],[12.49403,55.66412],[12.49402,55.6643],[12.49388,55.6643],[12.4939,55.6644],[12.49391,55.6644],[12.494,55.66502],[12.49395,55.66502],[12.494,55.66543],[12.49403,55.66569],[12.49404,55.66573],[12.4941,55.66577],[12.4941,55.66582],[12.49411,55.66598],[12.49411,55.66615],[12.49411,55.66617],[12.49411,55.66623],[12.49411,55.66654],[12.4941,55.66681],[12.49408,55.66713],[12.49405,55.66739],[12.49402,55.66767],[12.49396,55.66798],[12.49394,55.66811],[12.49394,55.66815],[12.49393,55.66823],[12.49393,55.66824],[12.49391,55.66839],[12.49383,55.66902],[12.49383,55.66903],[12.49389,55.66907],[12.49389,55.66908],[12.49387,55.66918],[12.49655,55.66855],[12.50049,55.6676],[12.50411,55.66682],[12.504,55.66693],[12.504,55.66694],[12.5038,55.66741],[12.50366,55.66769],[12.50364,55.6678],[12.50361,55.6679],[12.5036,55.66798],[12.50356,55.66827],[12.50357,55.6684],[12.50357,55.66857],[12.50361,55.66876],[12.50363,55.66886],[12.50371,55.66911],[12.50372,55.66914],[12.5043,55.66917],[12.50449,55.66918],[12.50492,55.6692],[12.50492,55.6692],[12.50493,55.6692],[12.50498,55.6692],[12.50519,55.66921],[12.50524,55.66922],[12.5053,55.66922],[12.50548,55.66923],[12.50567,55.66924],[12.50574,55.66924],[12.50586,55.66925],[12.50605,55.66926],[12.50617,55.66926],[12.50623,55.66927],[12.50642,55.66928],[12.50664,55.66929],[12.50694,55.6693],[12.50695,55.6693],[12.50719,55.66932],[12.50725,55.66932],[12.50737,55.66933],[12.50746,55.66933],[12.50754,55.66934],[12.50777,55.66935],[12.50779,55.66935],[12.5079,55.66936],[12.50801,55.66936],[12.50812,55.66937],[12.50817,55.66937],[12.50823,55.66937],[12.50833,55.66938],[12.50834,55.66938],[12.50845,55.66938],[12.50857,55.66939],[12.50857,55.66939],[12.50868,55.66939],[12.50879,55.6694],[12.5089,55.66941],[12.50897,55.66941],[12.50901,55.66941],[12.50917,55.66942],[12.50917,55.66942],[12.50933,55.66943],[12.50937,55.66943],[12.50944,55.66943],[12.50955,55.66944],[12.50966,55.66944],[12.50977,55.66945],[12.50978,55.66945],[12.50988,55.66945],[12.50999,55.66946],[12.5101,55.66946],[12.5102,55.66947],[12.51021,55.66947],[12.51032,55.66948],[12.5106,55.66949],[12.5107,55.66949],[12.5108,55.6695],[12.51091,55.6695],[12.51096,55.66951],[12.51096,55.66951],[12.51098,55.66952],[12.511,55.66961],[12.51139,55.66951],[12.5114,55.66951],[12.5116,55.66946],[12.51161,55.66946],[12.51167,55.66944],[12.51174,55.66942],[12.51178,55.66941],[12.51182,55.6694],[12.51189,55.66938],[12.51208,55.66933],[12.51234,55.66926],[12.51244,55.66924],[12.51294,55.66911],[12.51308,55.66907],[12.51321,55.66904],[12.51323,55.66904],[12.51357,55.66895],[12.51371,55.66891],[12.51392,55.66886],[12.51393,55.66886],[12.514,55.66884],[12.51407,55.66882],[12.51416,55.6688],[12.5142,55.66879],[12.51446,55.66872],[12.5145,55.66871],[12.51465,55.66867],[12.51471,55.66865],[12.51473,55.66865],[12.51506,55.66856],[12.51509,55.66856],[12.51532,55.6685],[12.51537,55.66848],[12.51551,55.66845],[12.51563,55.66842],[12.51569,55.6684],[12.51581,55.66837],[12.51668,55.66815],[12.51704,55.66806],[12.51734,55.66799],[12.51734,55.66795],[12.51744,55.66795],[12.5176,55.66796],[12.5176,55.66791],[12.51792,55.66784],[12.51821,55.66777],[12.5183,55.66775],[12.51847,55.66771],[12.5185,55.6677],[12.51898,55.66758],[12.51913,55.66755],[12.51919,55.66753],[12.51927,55.66753],[12.51955,55.66752],[12.51954,55.66745],[12.51999,55.66734],[12.52018,55.66729],[12.52027,55.66727],[12.52033,55.66726],[12.52032,55.66721],[12.52038,55.66721],[12.52048,55.6672],[12.52076,55.66718],[12.52076,55.66715],[12.52087,55.66712],[12.52095,55.6671],[12.52096,55.6671],[12.52158,55.66694],[12.52171,55.66691],[12.52196,55.66685],[12.52223,55.66679],[12.52253,55.66671],[12.52254,55.66672],[12.52309,55.6667],[12.52324,55.66673],[12.52325,55.6667],[12.52327,55.66667],[12.52331,55.66651],[12.52334,55.66651]]]]}},{"type":"Feature","properties":{"nbhd_name":"Holmene","uesi_id":"DNK_N13707878","nbhd_code":"DNK_N13707878_35"},"geometry":{"type":"MultiPolygon","coordinates":[[[[12.55139,55.64388],[12.552,55.64427],[12.55205,55.64424],[12.55212,55.64429],[12.55213,55.64428],[12.5522,55.64433],[12.55226,55.64441],[12.55235,55.64447],[12.55254,55.64461],[12.55271,55.64453],[12.55259,55.64445],[12.55282,55.64434],[12.55302,55.64449],[12.55279,55.64459],[12.55273,55.64455],[12.55256,55.64462],[12.55395,55.6456],[12.55429,55.64583],[12.55486,55.64626],[12.55512,55.64658],[12.55538,55.64668],[12.55554,55.64675],[12.5556,55.64679],[12.55566,55.64683],[12.55572,55.64687],[12.55576,55.64692],[12.55578,55.64696],[12.55582,55.64703],[12.55584,55.64709],[12.55584,55.64711],[12.55585,55.64714],[12.55584,55.64718],[12.55584,55.6472],[12.55582,55.64722],[12.5558,55.64724],[12.55577,55.64726],[12.55573,55.64728],[12.55572,55.64728],[12.55566,55.64728],[12.55559,55.64728],[12.55552,55.64728],[12.55552,55.64728],[12.55543,55.64726],[12.55534,55.64724],[12.55526,55.64721],[12.55519,55.64718],[12.55511,55.64713],[12.55503,55.64708],[12.55496,55.64702],[12.5549,55.64697],[12.55399,55.64632],[12.55393,55.64635],[12.55406,55.64647],[12.55413,55.64648],[12.55415,55.64656],[12.55435,55.64674],[12.55422,55.64682],[12.55408,55.64678],[12.55389,55.64683],[12.55374,55.64679],[12.55379,55.6467],[12.55353,55.64657],[12.55357,55.64648],[12.55391,55.6465],[12.55389,55.64646],[12.55397,55.64646],[12.55387,55.64638],[12.55382,55.6464],[12.55327,55.64636],[12.55314,55.64625],[12.55312,55.64626],[12.55302,55.64629],[12.55287,55.64635],[12.55175,55.64676],[12.55164,55.64679],[12.5515,55.64685],[12.55024,55.6473],[12.54993,55.64741],[12.54884,55.64781],[12.54872,55.64785],[12.5486,55.64789],[12.54796,55.64813],[12.5471,55.64844],[12.54708,55.64844],[12.54663,55.64728],[12.54551,55.64742],[12.54515,55.64734],[12.54354,55.64941],[12.54334,55.64936],[12.54111,55.65016],[12.54148,55.65048],[12.54181,55.65044],[12.54325,55.64992],[12.54329,55.64993],[12.54395,55.65051],[12.544,55.65055],[12.54456,55.65104],[12.54509,55.6515],[12.54516,55.65146],[12.54518,55.65145],[12.54538,55.65123],[12.54593,55.65126],[12.54597,55.65122],[12.54643,55.6513],[12.54658,55.65124],[12.5466,55.65125],[12.54665,55.65123],[12.54665,55.65123],[12.54679,55.65117],[12.54683,55.6512],[12.54669,55.65126],[12.54667,55.65125],[12.54661,55.65127],[12.54662,55.65128],[12.54666,55.65128],[12.54711,55.65112],[12.5471,55.65108],[12.54697,55.65097],[12.54576,55.6499],[12.54656,55.64961],[12.54769,55.65062],[12.54781,55.65065],[12.54806,55.65073],[12.54811,55.65071],[12.54686,55.64959],[12.54785,55.64923],[12.54838,55.64904],[12.5495,55.64863],[12.55079,55.64816],[12.55109,55.64806],[12.55185,55.64778],[12.55253,55.64754],[12.55322,55.6476],[12.55348,55.6478],[12.55406,55.6476],[12.55418,55.64771],[12.55362,55.64791],[12.55373,55.64799],[12.55381,55.64805],[12.55381,55.64805],[12.55438,55.64784],[12.55451,55.64796],[12.55395,55.64816],[12.55428,55.64841],[12.55428,55.64841],[12.55486,55.6482],[12.55498,55.64832],[12.55442,55.64852],[12.55452,55.64859],[12.55461,55.64866],[12.55461,55.64866],[12.55519,55.64846],[12.55531,55.64857],[12.55479,55.64876],[12.55486,55.64881],[12.55496,55.64889],[12.55501,55.64893],[12.5551,55.64899],[12.55563,55.6488],[12.55576,55.64891],[12.55525,55.64909],[12.55525,55.64909],[12.55531,55.64913],[12.55546,55.64926],[12.55553,55.64932],[12.55564,55.6494],[12.55617,55.64921],[12.5563,55.64932],[12.55578,55.64951],[12.55578,55.64951],[12.55584,55.64955],[12.55603,55.6497],[12.5561,55.64976],[12.55664,55.64957],[12.55677,55.64968],[12.55624,55.64987],[12.55624,55.64987],[12.55628,55.6499],[12.55634,55.64995],[12.55641,55.65],[12.5565,55.65006],[12.55653,55.6501],[12.55658,55.65012],[12.55662,55.65014],[12.55657,55.65016],[12.55856,55.65167],[12.55834,55.65216],[12.55762,55.65235],[12.55666,55.6526],[12.55657,55.65262],[12.55643,55.65266],[12.55636,55.65268],[12.55594,55.65278],[12.55582,55.65281],[12.55558,55.65288],[12.55549,55.6529],[12.555,55.65303],[12.55474,55.6531],[12.55369,55.65337],[12.55318,55.6535],[12.55239,55.6528],[12.55149,55.652],[12.55072,55.65227],[12.55162,55.65307],[12.55185,55.65328],[12.55234,55.65371],[12.55236,55.65372],[12.55233,55.65373],[12.55103,55.65407],[12.5509,55.6541],[12.55089,55.6541],[12.55076,55.65414],[12.55075,55.65414],[12.55078,55.65418],[12.55055,55.65424],[12.5505,55.65423],[12.54988,55.65439],[12.54985,55.65442],[12.54967,55.65447],[12.54959,55.65444],[12.54957,55.65445],[12.54928,55.65452],[12.54885,55.65463],[12.54886,55.65464],[12.54892,55.65471],[12.5495,55.65459],[12.55018,55.65513],[12.5505,55.65538],[12.55094,55.65527],[12.55103,55.65524],[12.55108,55.65522],[12.55113,55.6552],[12.55117,55.65518],[12.5512,55.65515],[12.55124,55.65512],[12.55126,55.65508],[12.55128,55.65505],[12.5513,55.65501],[12.55136,55.65477],[12.55137,55.65473],[12.5514,55.65469],[12.55143,55.65466],[12.55147,55.65462],[12.55152,55.65459],[12.55157,55.65457],[12.55162,55.65455],[12.55167,55.65453],[12.55237,55.65436],[12.55324,55.65548],[12.55266,55.65679],[12.55294,55.65683],[12.55289,55.65696],[12.55282,55.65709],[12.5482,55.65642],[12.54583,55.65609],[12.54433,55.65569],[12.54402,55.65572],[12.54149,55.65506],[12.54018,55.65471],[12.54027,55.6546],[12.53842,55.65411],[12.53846,55.65402],[12.53913,55.65257],[12.5396,55.65178],[12.53976,55.65151],[12.54221,55.64678],[12.54227,55.64663],[12.54252,55.64608],[12.54347,55.64514],[12.54349,55.64511],[12.54352,55.64509],[12.54354,55.64507],[12.54357,55.64505],[12.54359,55.64502],[12.54362,55.645],[12.54365,55.64498],[12.54367,55.64496],[12.5437,55.64494],[12.54372,55.64491],[12.54375,55.64489],[12.54378,55.64487],[12.5438,55.64485],[12.54383,55.64483],[12.54386,55.6448],[12.54388,55.64478],[12.54391,55.64476],[12.54394,55.64474],[12.54397,55.64472],[12.54399,55.6447],[12.54402,55.64467],[12.54405,55.64465],[12.54408,55.64463],[12.5441,55.64461],[12.54413,55.64459],[12.54416,55.64457],[12.54419,55.64455],[12.54422,55.64452],[12.54424,55.6445],[12.54427,55.64448],[12.5443,55.64446],[12.54433,55.64444],[12.54436,55.64442],[12.54439,55.6444],[12.54442,55.64438],[12.54445,55.64436],[12.54447,55.64433],[12.5445,55.64431],[12.54453,55.64429],[12.54456,55.64427],[12.54459,55.64425],[12.54462,55.64423],[12.54465,55.64421],[12.54468,55.64419],[12.54471,55.64417],[12.54474,55.64415],[12.54477,55.64413],[12.5448,55.64411],[12.54483,55.64409],[12.54486,55.64407],[12.54489,55.64405],[12.54492,55.64403],[12.54495,55.64401],[12.54498,55.64399],[12.54502,55.64397],[12.54505,55.64395],[12.54508,55.64393],[12.54511,55.64391],[12.54514,55.64389],[12.54517,55.64387],[12.5452,55.64385],[12.54523,55.64383],[12.54527,55.64381],[12.5453,55.64379],[12.54533,55.64377],[12.54536,55.64375],[12.54539,55.64373],[12.54543,55.64371],[12.54546,55.64369],[12.54549,55.64367],[12.54552,55.64365],[12.54555,55.64363],[12.54559,55.64361],[12.54562,55.64359],[12.54565,55.64357],[12.54569,55.64356],[12.54572,55.64354],[12.54575,55.64352],[12.54578,55.6435],[12.54582,55.64348],[12.54585,55.64346],[12.54588,55.64344],[12.54592,55.64342],[12.54595,55.64341],[12.54599,55.64339],[12.54602,55.64337],[12.54605,55.64335],[12.54609,55.64333],[12.54612,55.64331],[12.54616,55.64329],[12.54619,55.64328],[12.54622,55.64326],[12.54626,55.64324],[12.54629,55.64322],[12.54633,55.6432],[12.54636,55.64319],[12.5464,55.64317],[12.54643,55.64315],[12.54647,55.64313],[12.5465,55.64311],[12.54654,55.6431],[12.54657,55.64308],[12.54661,55.64306],[12.54664,55.64304],[12.54668,55.64303],[12.54671,55.64301],[12.54675,55.64299],[12.54722,55.64277],[12.54725,55.64275],[12.54729,55.64274],[12.54733,55.64272],[12.54736,55.6427],[12.5474,55.64269],[12.54744,55.64267],[12.54748,55.64265],[12.54751,55.64264],[12.54755,55.64262],[12.54759,55.64261],[12.54763,55.64259],[12.54766,55.64257],[12.5477,55.64256],[12.54774,55.64254],[12.54778,55.64253],[12.54781,55.64251],[12.54785,55.64249],[12.54789,55.64248],[12.54793,55.64246],[12.54797,55.64245],[12.548,55.64243],[12.54804,55.64242],[12.54808,55.6424],[12.54812,55.64239],[12.54816,55.64237],[12.5482,55.64235],[12.54823,55.64234],[12.54827,55.64232],[12.54831,55.64231],[12.54835,55.64229],[12.54839,55.64228],[12.54843,55.64226],[12.54847,55.64225],[12.54851,55.64223],[12.54855,55.64222],[12.54859,55.64221],[12.54863,55.64219],[12.54866,55.64218],[12.5487,55.64216],[12.54874,55.64215],[12.54878,55.64213],[12.54882,55.64212],[12.54886,55.6421],[12.5489,55.64209],[12.54894,55.64208],[12.54896,55.64207],[12.54911,55.64221],[12.54908,55.64222],[12.55018,55.6431],[12.55045,55.64331],[12.55051,55.64335],[12.5505,55.64336],[12.55057,55.64343],[12.55054,55.64344],[12.55139,55.64388]]]]}},{"type":"Feature","properties":{"nbhd_name":"Valby syd","uesi_id":"DNK_N13707878","nbhd_code":"DNK_N13707878_36"},"geometry":{"type":"MultiPolygon","coordinates":[[[[12.51918,55.65004],[12.51954,55.64965],[12.51964,55.64957],[12.51966,55.64955],[12.52002,55.64917],[12.52036,55.64881],[12.52068,55.64848],[12.52117,55.64797],[12.52123,55.64791],[12.52136,55.64778],[12.52162,55.64752],[12.52207,55.64706],[12.52294,55.64618],[12.52305,55.64606],[12.52308,55.64603],[12.5231,55.64601],[12.52313,55.64596],[12.52315,55.64593],[12.52315,55.64591],[12.52315,55.6459],[12.52325,55.64579],[12.52336,55.64568],[12.52305,55.64554],[12.52322,55.6454],[12.5232,55.64539],[12.52316,55.64537],[12.52302,55.64529],[12.52291,55.64519],[12.52283,55.64509],[12.52277,55.645],[12.52269,55.64489],[12.52263,55.6448],[12.52259,55.6447],[12.52254,55.6446],[12.52249,55.64448],[12.52245,55.64438],[12.52243,55.6443],[12.52241,55.64419],[12.52239,55.64407],[12.52239,55.64392],[12.52239,55.64381],[12.52241,55.6437],[12.52246,55.64355],[12.52275,55.64288],[12.52277,55.6428],[12.52277,55.64268],[12.52278,55.64252],[12.52276,55.64239],[12.52272,55.64225],[12.52266,55.64212],[12.5226,55.64204],[12.52257,55.64199],[12.5225,55.64191],[12.52242,55.64183],[12.52232,55.64176],[12.52222,55.6417],[12.5221,55.64164],[12.52195,55.64159],[12.52183,55.64155],[12.52174,55.64152],[12.52162,55.64149],[12.5215,55.64147],[12.52141,55.64145],[12.52116,55.64141],[12.52229,55.63745],[12.52236,55.63729],[12.52188,55.63742],[12.52021,55.63737],[12.52004,55.63734],[12.50922,55.63446],[12.50884,55.63452],[12.50764,55.63548],[12.50709,55.63591],[12.50685,55.63597],[12.50675,55.63598],[12.50672,55.63598],[12.50655,55.63595],[12.50661,55.63589],[12.5066,55.63589],[12.50662,55.63583],[12.50661,55.63579],[12.50657,55.63583],[12.50641,55.63596],[12.50615,55.63616],[12.50418,55.63775],[12.50269,55.63895],[12.50262,55.639],[12.50257,55.63906],[12.50251,55.63911],[12.50246,55.63917],[12.50242,55.63923],[12.50237,55.63929],[12.50216,55.6396],[12.50173,55.64025],[12.50181,55.64035],[12.50167,55.64057],[12.50151,55.64081],[12.50156,55.64085],[12.50177,55.64098],[12.50249,55.6416],[12.50274,55.64182],[12.50334,55.64239],[12.5034,55.64245],[12.50354,55.64259],[12.50407,55.64249],[12.50411,55.64248],[12.50453,55.6424],[12.50465,55.64267],[12.50466,55.64269],[12.50498,55.64346],[12.50525,55.64409],[12.50543,55.6445],[12.50571,55.64485],[12.50601,55.64522],[12.50607,55.6453],[12.5061,55.64533],[12.50631,55.64552],[12.50662,55.64581],[12.50682,55.64598],[12.50701,55.64616],[12.50732,55.64645],[12.50773,55.64683],[12.50773,55.64683],[12.50856,55.64759],[12.50893,55.64792],[12.50997,55.64884],[12.51014,55.64898],[12.51124,55.64996],[12.51167,55.65033],[12.51184,55.6505],[12.51136,55.65052],[12.50784,55.65065],[12.51153,55.65508],[12.51146,55.65512],[12.51141,55.65514],[12.51139,55.65515],[12.51128,55.65519],[12.51081,55.65537],[12.50998,55.65568],[12.50935,55.65592],[12.50915,55.65599],[12.50882,55.65612],[12.50791,55.65647],[12.50762,55.65659],[12.50678,55.65691],[12.50665,55.65696],[12.50534,55.65747],[12.50504,55.65758],[12.50503,55.65758],[12.50446,55.65781],[12.50393,55.65801],[12.50345,55.65819],[12.50312,55.65832],[12.50269,55.65849],[12.50256,55.65854],[12.50196,55.65876],[12.50136,55.65899],[12.50131,55.65901],[12.50098,55.65914],[12.50066,55.65926],[12.50066,55.65926],[12.50033,55.6594],[12.5,55.65953],[12.49939,55.65977],[12.49914,55.65987],[12.49904,55.65991],[12.49884,55.65999],[12.49864,55.66008],[12.49852,55.66013],[12.49838,55.66018],[12.49818,55.66027],[12.49817,55.66027],[12.49798,55.66034],[12.4978,55.66041],[12.49761,55.66048],[12.4973,55.6606],[12.49721,55.66064],[12.49708,55.6607],[12.49692,55.66078],[12.49662,55.66092],[12.49637,55.66104],[12.49636,55.66104],[12.49628,55.66108],[12.49619,55.66112],[12.49599,55.66122],[12.49577,55.66132],[12.49571,55.66135],[12.49567,55.66137],[12.49534,55.66153],[12.49531,55.66154],[12.49509,55.66166],[12.49503,55.66169],[12.49497,55.66173],[12.4948,55.66185],[12.49474,55.6619],[12.49456,55.66205],[12.49448,55.66213],[12.49443,55.66219],[12.49432,55.66232],[12.49428,55.66238],[12.49418,55.66254],[12.49411,55.66263],[12.49409,55.66267],[12.49402,55.66283],[12.49398,55.6629],[12.49396,55.66298],[12.49393,55.6631],[12.49392,55.66317],[12.49391,55.66324],[12.4939,55.66341],[12.4939,55.66341],[12.49389,55.66344],[12.49391,55.66354],[12.49393,55.66368],[12.49394,55.66371],[12.49395,55.66376],[12.49396,55.66381],[12.49401,55.66398],[12.49403,55.66412],[12.50753,55.66397],[12.5076,55.66378],[12.50762,55.66373],[12.50765,55.66368],[12.50766,55.66365],[12.50772,55.66352],[12.50775,55.66344],[12.50983,55.66341],[12.51012,55.6634],[12.51134,55.66339],[12.51244,55.66337],[12.51413,55.66338],[12.51629,55.66347],[12.51633,55.66347],[12.51823,55.66345],[12.51884,55.66344],[12.51891,55.66353],[12.51914,55.66352],[12.51988,55.6635],[12.52066,55.66347],[12.5208,55.66346],[12.52096,55.66345],[12.52173,55.66342],[12.5232,55.66339],[12.5237,55.6634],[12.52382,55.66346],[12.52393,55.66346],[12.52442,55.66345],[12.525,55.66344],[12.52675,55.66341],[12.52961,55.66337],[12.52978,55.66337],[12.53058,55.66338],[12.53059,55.66327],[12.53055,55.66327],[12.53043,55.66328],[12.52972,55.66326],[12.52788,55.66317],[12.52764,55.66316],[12.52444,55.66253],[12.52446,55.66247],[12.52448,55.6624],[12.52755,55.65186],[12.52729,55.65183],[12.52681,55.65179],[12.52642,55.65175],[12.52642,55.65175],[12.52636,55.65174],[12.5263,55.65173],[12.52626,55.65171],[12.52616,55.65166],[12.52613,55.65165],[12.52607,55.65163],[12.52602,55.65162],[12.52592,55.65161],[12.52584,55.6516],[12.52441,55.65146],[12.52417,55.65142],[12.52398,55.65139],[12.52387,55.65138],[12.5235,55.65135],[12.52325,55.65134],[12.5229,55.65134],[12.52215,55.65143],[12.52206,55.65143],[12.52184,55.65142],[12.52181,55.65142],[12.52123,55.6515],[12.52113,55.65151],[12.5208,55.65149],[12.52064,55.65152],[12.52047,55.65156],[12.52057,55.65125],[12.52051,55.65122],[12.52049,55.65123],[12.52048,55.6512],[12.5205,55.65115],[12.52013,55.65126],[12.52011,55.65133],[12.5199,55.65136],[12.51976,55.65138],[12.51951,55.65142],[12.51932,55.65145],[12.51898,55.65152],[12.51894,55.65152],[12.51864,55.65158],[12.5186,55.65159],[12.51842,55.65163],[12.5182,55.65168],[12.51795,55.65174],[12.51781,55.65177],[12.51763,55.65182],[12.51748,55.65186],[12.51739,55.65189],[12.51727,55.65192],[12.51716,55.65196],[12.51703,55.652],[12.51682,55.65205],[12.51666,55.65205],[12.51661,55.65206],[12.51662,55.65202],[12.51651,55.65203],[12.51662,55.65196],[12.51678,55.65185],[12.51693,55.65175],[12.51703,55.65169],[12.51705,55.65167],[12.51724,55.65154],[12.51757,55.6513],[12.51777,55.65116],[12.51794,55.65103],[12.51811,55.6509],[12.51825,55.65079],[12.51835,55.6507],[12.51846,55.65061],[12.51851,55.65056],[12.51854,55.65054],[12.51856,55.65052],[12.51858,55.65049],[12.51865,55.65042],[12.51888,55.65027],[12.51911,55.65011],[12.51912,55.6501],[12.51918,55.65004]]]]}},{"type":"Feature","properties":{"nbhd_name":"Sundby\u00f8ster","uesi_id":"DNK_N13707878","nbhd_code":"DNK_N13707878_37"},"geometry":{"type":"MultiPolygon","coordinates":[[[[12.61674,55.65335],[12.61552,55.65318],[12.61514,55.65392],[12.61175,55.65326],[12.61144,55.6532],[12.61136,55.65319],[12.61123,55.65318],[12.61112,55.65342],[12.61106,55.65354],[12.61098,55.65371],[12.61074,55.65422],[12.61066,55.65439],[12.61049,55.65463],[12.61018,55.65511],[12.60982,55.65564],[12.60948,55.65613],[12.60906,55.65677],[12.60859,55.65748],[12.60791,55.65804],[12.60853,55.65821],[12.6086,55.65823],[12.60867,55.65826],[12.60874,55.65828],[12.6088,55.65831],[12.60886,55.65835],[12.60892,55.65838],[12.60897,55.65842],[12.60901,55.65846],[12.60902,55.65846],[12.61038,55.6596],[12.61061,55.65971],[12.61103,55.65987],[12.61196,55.6601],[12.61344,55.66041],[12.61404,55.66053],[12.61321,55.66178],[12.61504,55.66215],[12.61668,55.66247],[12.6169,55.66252],[12.61757,55.66264],[12.61796,55.66271],[12.61823,55.66279],[12.61856,55.6629],[12.61863,55.66292],[12.61935,55.66307],[12.6202,55.66324],[12.62257,55.6637],[12.6229,55.66377],[12.62291,55.66375],[12.62466,55.66151],[12.62653,55.66153],[12.62655,55.66153],[12.62658,55.66153],[12.6266,55.66153],[12.62663,55.66154],[12.62665,55.66154],[12.62668,55.66154],[12.6267,55.66154],[12.62673,55.66154],[12.62676,55.66154],[12.62678,55.66155],[12.62681,55.66155],[12.62683,55.66155],[12.62686,55.66155],[12.62688,55.66156],[12.62691,55.66156],[12.62693,55.66156],[12.62696,55.66156],[12.62698,55.66157],[12.62701,55.66157],[12.62703,55.66157],[12.62706,55.66158],[12.62708,55.66158],[12.62711,55.66158],[12.62713,55.66159],[12.62716,55.66159],[12.62718,55.66159],[12.62721,55.6616],[12.62723,55.6616],[12.62726,55.6616],[12.62728,55.66161],[12.62731,55.66161],[12.62733,55.66161],[12.62736,55.66162],[12.62738,55.66162],[12.62741,55.66162],[12.62743,55.66163],[12.62746,55.66163],[12.62748,55.66164],[12.6275,55.66164],[12.62753,55.66165],[12.62755,55.66165],[12.62758,55.66165],[12.6276,55.66166],[12.62762,55.66166],[12.62899,55.66189],[12.62936,55.66121],[12.62956,55.6608],[12.62968,55.66058],[12.6298,55.66036],[12.63018,55.65956],[12.63046,55.65911],[12.63049,55.65883],[12.63058,55.65865],[12.63063,55.65857],[12.63096,55.65793],[12.631,55.65787],[12.63112,55.65765],[12.63137,55.65721],[12.63153,55.65694],[12.63155,55.65691],[12.63166,55.65673],[12.63174,55.65661],[12.6318,55.65651],[12.6315,55.65647],[12.62971,55.65622],[12.62957,55.6562],[12.62941,55.65619],[12.62667,55.65569],[12.62556,55.65546],[12.6241,55.65516],[12.6229,55.65494],[12.62276,55.6549],[12.62263,55.65487],[12.62264,55.65486],[12.6189,55.65413],[12.61916,55.65378],[12.61674,55.65335]]]]}},{"type":"Feature","properties":{"nbhd_name":"\u00c5lholm","uesi_id":"DNK_N13707878","nbhd_code":"DNK_N13707878_38"},"geometry":{"type":"MultiPolygon","coordinates":[[[[12.49389,55.66908],[12.49389,55.66907],[12.49383,55.66903],[12.49383,55.66902],[12.49391,55.66839],[12.49393,55.66824],[12.49393,55.66823],[12.49394,55.66815],[12.49394,55.66811],[12.49396,55.66798],[12.49402,55.66767],[12.49405,55.66739],[12.49408,55.66713],[12.4941,55.66681],[12.49411,55.66654],[12.49411,55.66623],[12.49411,55.66617],[12.49411,55.66615],[12.49411,55.66598],[12.4941,55.66582],[12.4941,55.66577],[12.49404,55.66573],[12.49403,55.66569],[12.494,55.66543],[12.49395,55.66502],[12.494,55.66502],[12.49391,55.6644],[12.4939,55.6644],[12.49388,55.6643],[12.49402,55.6643],[12.49403,55.66412],[12.48976,55.66416],[12.4831,55.66423],[12.47857,55.66427],[12.47858,55.66458],[12.47854,55.66457],[12.47836,55.66458],[12.47835,55.66457],[12.4783,55.66457],[12.47832,55.66488],[12.47832,55.66499],[12.4782,55.665],[12.4782,55.66515],[12.47822,55.66532],[12.47823,55.66552],[12.47822,55.66555],[12.47826,55.66553],[12.47834,55.66554],[12.47836,55.66567],[12.47835,55.66572],[12.47831,55.66577],[12.47827,55.66589],[12.47821,55.66594],[12.47813,55.66598],[12.47812,55.66601],[12.47814,55.66611],[12.47816,55.66618],[12.47817,55.66624],[12.47818,55.66631],[12.4782,55.66637],[12.47821,55.66644],[12.47822,55.66651],[12.47824,55.66657],[12.47827,55.66667],[12.47832,55.66681],[12.4783,55.66699],[12.47829,55.66706],[12.47831,55.66717],[12.47831,55.66726],[12.47833,55.66743],[12.47833,55.66749],[12.47831,55.66756],[12.47831,55.66758],[12.47831,55.66769],[12.47832,55.6678],[12.47834,55.66785],[12.47834,55.66789],[12.4784,55.66808],[12.4784,55.66819],[12.4784,55.66823],[12.47841,55.66836],[12.4784,55.66845],[12.4784,55.66861],[12.4784,55.66866],[12.4784,55.66876],[12.47841,55.6689],[12.47843,55.66919],[12.47843,55.66923],[12.47845,55.66934],[12.47845,55.66941],[12.47846,55.66963],[12.47845,55.6697],[12.47846,55.66977],[12.47847,55.66988],[12.47847,55.66993],[12.47848,55.66997],[12.47848,55.67006],[12.47848,55.67016],[12.47848,55.67023],[12.47847,55.67032],[12.47848,55.67036],[12.4785,55.67048],[12.47851,55.67054],[12.47852,55.67071],[12.47852,55.67083],[12.47853,55.67099],[12.47856,55.6711],[12.47861,55.67124],[12.47861,55.67129],[12.47859,55.67142],[12.47859,55.67142],[12.4786,55.67164],[12.47861,55.67201],[12.4786,55.67205],[12.47859,55.67208],[12.47853,55.67208],[12.47821,55.67209],[12.4781,55.67209],[12.47779,55.6721],[12.47738,55.67211],[12.47714,55.67211],[12.47685,55.67212],[12.47637,55.67213],[12.47629,55.67213],[12.47621,55.67213],[12.47575,55.67214],[12.47553,55.67214],[12.47523,55.67215],[12.47473,55.67216],[12.47471,55.6722],[12.47464,55.67229],[12.47464,55.67229],[12.47455,55.67241],[12.47451,55.67248],[12.47451,55.67251],[12.47452,55.67259],[12.47452,55.67265],[12.4743,55.67266],[12.47428,55.67277],[12.48067,55.67265],[12.48243,55.67267],[12.48244,55.67275],[12.48247,55.67282],[12.4825,55.67288],[12.48254,55.67294],[12.48261,55.67299],[12.48279,55.6731],[12.48389,55.67363],[12.48415,55.67381],[12.48428,55.67409],[12.48447,55.67521],[12.4846,55.67575],[12.48475,55.67586],[12.48657,55.67691],[12.48684,55.6771],[12.48709,55.67743],[12.48734,55.67745],[12.48779,55.67755],[12.48814,55.67765],[12.48941,55.67811],[12.48945,55.67813],[12.4898,55.67828],[12.49029,55.67849],[12.49048,55.67861],[12.49084,55.67883],[12.4911,55.67898],[12.49132,55.67908],[12.49145,55.67894],[12.49205,55.67825],[12.49212,55.67818],[12.4922,55.67809],[12.49244,55.67781],[12.4926,55.67762],[12.4926,55.67751],[12.49261,55.67724],[12.49263,55.67696],[12.49267,55.67667],[12.49278,55.67583],[12.49291,55.67498],[12.49297,55.6747],[12.49309,55.67386],[12.49323,55.67302],[12.49329,55.67263],[12.4933,55.6726],[12.49337,55.67257],[12.49337,55.67256],[12.49461,55.67253],[12.49522,55.67252],[12.49522,55.6725],[12.49524,55.6725],[12.49529,55.67232],[12.49545,55.67233],[12.49546,55.67229],[12.49548,55.67225],[12.4956,55.6719],[12.4957,55.67159],[12.4958,55.67128],[12.49588,55.67097],[12.49592,55.67086],[12.49592,55.67085],[12.49595,55.67075],[12.49596,55.67073],[12.49616,55.67007],[12.49623,55.66984],[12.49637,55.66937],[12.49642,55.66921],[12.49653,55.66893],[12.49658,55.66893],[12.49658,55.66893],[12.49879,55.66902],[12.50103,55.66912],[12.50106,55.66929],[12.50221,55.66934],[12.50263,55.66936],[12.50307,55.66911],[12.5036,55.66914],[12.50372,55.66914],[12.50371,55.66911],[12.50363,55.66886],[12.50361,55.66876],[12.50357,55.66857],[12.50357,55.6684],[12.50356,55.66827],[12.5036,55.66798],[12.50361,55.6679],[12.50364,55.6678],[12.50366,55.66769],[12.5038,55.66741],[12.504,55.66694],[12.504,55.66693],[12.50411,55.66682],[12.50049,55.6676],[12.49655,55.66855],[12.49387,55.66918],[12.49389,55.66908]]]]}},{"type":"Feature","properties":{"nbhd_name":"Sallingvej Kvarter","uesi_id":"DNK_N13707878","nbhd_code":"DNK_N13707878_39"},"geometry":{"type":"MultiPolygon","coordinates":[[[[12.50397,55.68825],[12.50242,55.68778],[12.50221,55.68763],[12.5022,55.68762],[12.50212,55.68757],[12.50126,55.68803],[12.49917,55.69013],[12.49591,55.69317],[12.49589,55.69322],[12.49587,55.69326],[12.49586,55.69331],[12.49586,55.69336],[12.49587,55.69341],[12.49589,55.69346],[12.49592,55.6935],[12.49594,55.69352],[12.49456,55.6938],[12.49427,55.69391],[12.49308,55.69431],[12.49176,55.6948],[12.49185,55.69488],[12.49188,55.69492],[12.49189,55.69497],[12.49189,55.69497],[12.49165,55.6956],[12.49139,55.69632],[12.4912,55.69682],[12.49105,55.6972],[12.49098,55.69739],[12.49176,55.69744],[12.49297,55.69752],[12.49298,55.69759],[12.49381,55.69767],[12.49407,55.69785],[12.4949,55.69787],[12.49755,55.69796],[12.49823,55.69798],[12.49839,55.69799],[12.49854,55.698],[12.49976,55.69806],[12.50064,55.6981],[12.50095,55.69812],[12.50261,55.6982],[12.50287,55.69821],[12.50293,55.69817],[12.50349,55.69779],[12.5042,55.69731],[12.50431,55.69723],[12.50504,55.69673],[12.50516,55.69665],[12.50518,55.69665],[12.50554,55.69675],[12.50582,55.69685],[12.50614,55.69698],[12.5063,55.69705],[12.50633,55.69706],[12.50644,55.69699],[12.50651,55.69693],[12.50719,55.69648],[12.50766,55.69617],[12.50826,55.69576],[12.50833,55.69572],[12.50855,55.69558],[12.50891,55.69536],[12.50906,55.69527],[12.50956,55.69496],[12.50962,55.69493],[12.50993,55.69474],[12.50998,55.69471],[12.51001,55.69469],[12.51015,55.6946],[12.5102,55.69456],[12.51037,55.69445],[12.51066,55.69427],[12.51072,55.69423],[12.51077,55.69419],[12.51083,55.69415],[12.51089,55.69411],[12.51095,55.69408],[12.511,55.69404],[12.51106,55.694],[12.51112,55.69396],[12.51114,55.69395],[12.51119,55.69391],[12.51125,55.69387],[12.5113,55.69383],[12.51136,55.69379],[12.51142,55.69375],[12.51147,55.69371],[12.51153,55.69367],[12.51158,55.69363],[12.5116,55.69362],[12.51205,55.6933],[12.51206,55.6933],[12.51207,55.69329],[12.51208,55.69328],[12.51209,55.69328],[12.5121,55.69327],[12.5121,55.69326],[12.51211,55.69326],[12.51212,55.69325],[12.51213,55.69324],[12.51214,55.69324],[12.51215,55.69323],[12.51216,55.69322],[12.51217,55.69322],[12.51218,55.69321],[12.51219,55.69321],[12.5122,55.6932],[12.51221,55.69319],[12.51222,55.69319],[12.51223,55.69318],[12.51224,55.69317],[12.51225,55.69317],[12.51226,55.69316],[12.51227,55.69316],[12.51228,55.69315],[12.51229,55.69314],[12.5123,55.69314],[12.51241,55.69308],[12.51252,55.69304],[12.51274,55.69301],[12.51302,55.69299],[12.5131,55.69297],[12.5135,55.69277],[12.51366,55.69268],[12.5138,55.6926],[12.51392,55.69251],[12.51422,55.69212],[12.51468,55.69175],[12.51531,55.6913],[12.51636,55.69057],[12.51619,55.6905],[12.5161,55.69056],[12.51583,55.69043],[12.51579,55.69041],[12.51563,55.69033],[12.51551,55.69028],[12.51528,55.69022],[12.51502,55.69016],[12.51472,55.69012],[12.51454,55.69009],[12.5145,55.69008],[12.51407,55.69001],[12.51391,55.68997],[12.51382,55.68994],[12.513,55.68974],[12.51154,55.68938],[12.51127,55.68932],[12.51116,55.68929],[12.51107,55.68927],[12.51101,55.68925],[12.51094,55.68924],[12.5104,55.68911],[12.50949,55.68902],[12.50869,55.68893],[12.50856,55.68891],[12.5084,55.68889],[12.50827,55.68887],[12.50766,55.68876],[12.50755,55.68874],[12.50684,55.6886],[12.50673,55.68858],[12.50638,55.68857],[12.50632,55.68856],[12.50615,55.68856],[12.50397,55.68825]]]]}},{"type":"Feature","properties":{"nbhd_name":"Gamle Bryggen","uesi_id":"DNK_N13707878","nbhd_code":"DNK_N13707878_40"},"geometry":{"type":"MultiPolygon","coordinates":[[[[12.57746,55.66185],[12.57399,55.6608],[12.57395,55.66079],[12.57388,55.66076],[12.57381,55.66073],[12.57372,55.66069],[12.57364,55.66064],[12.57359,55.6606],[12.57284,55.66003],[12.57221,55.6603],[12.57069,55.66094],[12.56905,55.66164],[12.56885,55.66173],[12.56893,55.66179],[12.56988,55.6625],[12.57044,55.66293],[12.57123,55.66352],[12.5738,55.66546],[12.57493,55.66632],[12.57545,55.66671],[12.57649,55.66749],[12.57847,55.66667],[12.57848,55.66667],[12.57943,55.66626],[12.5802,55.66592],[12.5802,55.66592],[12.58164,55.66531],[12.58249,55.66495],[12.58392,55.66434],[12.58301,55.66379],[12.58272,55.66361],[12.58207,55.66329],[12.58126,55.66288],[12.57746,55.66185]]]]}},{"type":"Feature","properties":{"nbhd_name":"Valby sydvest","uesi_id":"DNK_N13707878","nbhd_code":"DNK_N13707878_41"},"geometry":{"type":"MultiPolygon","coordinates":[[[[12.50004,55.64183],[12.4997,55.64203],[12.49947,55.64217],[12.49917,55.64233],[12.49873,55.64255],[12.49866,55.64258],[12.49795,55.64274],[12.49768,55.6428],[12.49737,55.64296],[12.4972,55.64305],[12.49719,55.64312],[12.49721,55.64321],[12.49721,55.64331],[12.49714,55.64336],[12.49706,55.6434],[12.49699,55.64345],[12.49693,55.6435],[12.49616,55.64407],[12.49544,55.64462],[12.49496,55.64497],[12.49473,55.64515],[12.49467,55.64519],[12.49461,55.64523],[12.49454,55.64528],[12.49446,55.64533],[12.49439,55.64537],[12.49431,55.64541],[12.49421,55.64545],[12.49412,55.6455],[12.49402,55.64554],[12.49391,55.64557],[12.49381,55.64561],[12.4937,55.64564],[12.49358,55.64567],[12.49347,55.6457],[12.49335,55.64572],[12.49324,55.64574],[12.49312,55.64576],[12.493,55.64577],[12.49288,55.64578],[12.49224,55.64583],[12.49212,55.64584],[12.49201,55.64586],[12.4919,55.64587],[12.4918,55.64589],[12.49169,55.64592],[12.49159,55.64595],[12.49149,55.64598],[12.49139,55.64601],[12.49129,55.64604],[12.4912,55.64608],[12.49111,55.64612],[12.49103,55.64616],[12.49095,55.64621],[12.49087,55.64626],[12.4908,55.64631],[12.49074,55.64636],[12.4906,55.6464],[12.49048,55.64647],[12.49042,55.64658],[12.49038,55.64667],[12.49032,55.64679],[12.4903,55.64685],[12.49029,55.64695],[12.49028,55.647],[12.49028,55.64714],[12.49022,55.64731],[12.49022,55.64731],[12.4902,55.64737],[12.49016,55.64745],[12.49014,55.64751],[12.49009,55.64757],[12.49004,55.64764],[12.48999,55.6477],[12.4899,55.6478],[12.48964,55.64813],[12.48958,55.64822],[12.48929,55.64855],[12.48923,55.64863],[12.48887,55.64886],[12.48875,55.64894],[12.48853,55.64916],[12.48853,55.64916],[12.48864,55.64937],[12.48863,55.64937],[12.48853,55.64952],[12.48844,55.64966],[12.48842,55.64969],[12.48841,55.64971],[12.48833,55.64983],[12.48818,55.64996],[12.48816,55.64997],[12.4881,55.65013],[12.48804,55.65029],[12.48795,55.65045],[12.48787,55.65061],[12.48777,55.65074],[12.48767,55.65093],[12.48763,55.65098],[12.48758,55.65104],[12.48752,55.65109],[12.48748,55.65114],[12.48744,55.65118],[12.48739,55.65122],[12.48733,55.65128],[12.48726,55.65134],[12.4872,55.65138],[12.48714,55.65142],[12.48707,55.65146],[12.48698,55.65151],[12.48685,55.65158],[12.48659,55.65172],[12.48637,55.65184],[12.48628,55.65188],[12.48616,55.65195],[12.48637,55.65204],[12.48637,55.65204],[12.48643,55.65208],[12.48649,55.65211],[12.48653,55.65216],[12.48657,55.6522],[12.48659,55.65225],[12.48661,55.65229],[12.48663,55.6527],[12.48836,55.6527],[12.48781,55.65338],[12.49066,55.65404],[12.49339,55.65467],[12.49502,55.65504],[12.49765,55.65564],[12.49975,55.65612],[12.50053,55.65631],[12.50032,55.65672],[12.49933,55.65859],[12.49927,55.65871],[12.49807,55.65916],[12.49725,55.65948],[12.49699,55.65959],[12.49678,55.65967],[12.4968,55.65967],[12.49682,55.65967],[12.49684,55.65967],[12.49687,55.65967],[12.49689,55.65968],[12.49691,55.65968],[12.49694,55.65968],[12.49696,55.65968],[12.49698,55.65968],[12.497,55.65968],[12.49703,55.65969],[12.49705,55.65969],[12.49707,55.65969],[12.49709,55.65969],[12.49712,55.65969],[12.49714,55.6597],[12.49716,55.6597],[12.49718,55.6597],[12.49721,55.6597],[12.49723,55.6597],[12.49725,55.65971],[12.49727,55.65971],[12.4973,55.65971],[12.49732,55.65971],[12.49734,55.65972],[12.49736,55.65972],[12.49739,55.65972],[12.49741,55.65973],[12.49743,55.65973],[12.49745,55.65973],[12.49748,55.65974],[12.4975,55.65974],[12.49752,55.65974],[12.49754,55.65975],[12.49756,55.65975],[12.49759,55.65975],[12.49761,55.65976],[12.49763,55.65976],[12.49765,55.65976],[12.49767,55.65977],[12.4977,55.65977],[12.49772,55.65978],[12.49774,55.65978],[12.49776,55.65978],[12.49778,55.65979],[12.4978,55.65979],[12.49783,55.6598],[12.49785,55.6598],[12.49787,55.65981],[12.49789,55.65981],[12.49791,55.65981],[12.49793,55.65982],[12.49795,55.65982],[12.49798,55.65983],[12.498,55.65983],[12.49802,55.65984],[12.49804,55.65984],[12.49806,55.65985],[12.49807,55.65985],[12.49884,55.65999],[12.49904,55.65991],[12.49914,55.65987],[12.49939,55.65977],[12.5,55.65953],[12.50033,55.6594],[12.50066,55.65926],[12.50066,55.65926],[12.50098,55.65914],[12.50131,55.65901],[12.50136,55.65899],[12.50196,55.65876],[12.50256,55.65854],[12.50269,55.65849],[12.50312,55.65832],[12.50345,55.65819],[12.50393,55.65801],[12.50446,55.65781],[12.50503,55.65758],[12.50504,55.65758],[12.50534,55.65747],[12.50665,55.65696],[12.50678,55.65691],[12.50762,55.65659],[12.50791,55.65647],[12.50882,55.65612],[12.50915,55.65599],[12.50935,55.65592],[12.50998,55.65568],[12.51081,55.65537],[12.51128,55.65519],[12.51139,55.65515],[12.51141,55.65514],[12.51146,55.65512],[12.51153,55.65508],[12.50784,55.65065],[12.51136,55.65052],[12.51184,55.6505],[12.51167,55.65033],[12.51124,55.64996],[12.51014,55.64898],[12.50997,55.64884],[12.50893,55.64792],[12.50856,55.64759],[12.50773,55.64683],[12.50773,55.64683],[12.50732,55.64645],[12.50701,55.64616],[12.50682,55.64598],[12.50662,55.64581],[12.50631,55.64552],[12.5061,55.64533],[12.50607,55.6453],[12.50601,55.64522],[12.50571,55.64485],[12.50543,55.6445],[12.50525,55.64409],[12.50498,55.64346],[12.50466,55.64269],[12.50465,55.64267],[12.50453,55.6424],[12.50411,55.64248],[12.50407,55.64249],[12.50354,55.64259],[12.5034,55.64245],[12.50334,55.64239],[12.50274,55.64182],[12.50249,55.6416],[12.50177,55.64098],[12.50156,55.64085],[12.50151,55.64081],[12.5013,55.64112],[12.50126,55.64118],[12.50123,55.64123],[12.50119,55.64127],[12.50115,55.64132],[12.5011,55.64136],[12.50105,55.6414],[12.501,55.64144],[12.50094,55.64147],[12.50066,55.64154],[12.50049,55.64162],[12.50031,55.6417],[12.50004,55.64183]]]]}},{"type":"Feature","properties":{"nbhd_name":"Bellah\u00f8j","uesi_id":"DNK_N13707878","nbhd_code":"DNK_N13707878_42"},"geometry":{"type":"MultiPolygon","coordinates":[[[[12.51023,55.70043],[12.51013,55.70034],[12.5094,55.69967],[12.50823,55.6986],[12.50822,55.69859],[12.50762,55.69804],[12.50747,55.69791],[12.50734,55.69779],[12.50727,55.69772],[12.50715,55.69761],[12.50712,55.69759],[12.50698,55.69746],[12.50684,55.69736],[12.50682,55.69735],[12.50668,55.69726],[12.50662,55.69722],[12.50655,55.69718],[12.50637,55.69708],[12.50633,55.69706],[12.5063,55.69705],[12.50614,55.69698],[12.50582,55.69685],[12.50554,55.69675],[12.50518,55.69665],[12.50516,55.69665],[12.50504,55.69673],[12.50431,55.69723],[12.5042,55.69731],[12.50349,55.69779],[12.50293,55.69817],[12.50287,55.69821],[12.50288,55.69822],[12.50289,55.69822],[12.5029,55.69822],[12.50291,55.69822],[12.50292,55.69822],[12.50293,55.69822],[12.50294,55.69822],[12.50295,55.69822],[12.50297,55.69822],[12.50298,55.69822],[12.50299,55.69822],[12.503,55.69822],[12.50301,55.69822],[12.50302,55.69823],[12.50303,55.69823],[12.50304,55.69823],[12.50305,55.69823],[12.50301,55.69825],[12.50275,55.69843],[12.50317,55.69856],[12.5035,55.69867],[12.50371,55.69874],[12.50371,55.69884],[12.5037,55.69906],[12.5037,55.69908],[12.50367,55.69914],[12.50364,55.69924],[12.50361,55.69939],[12.50359,55.69945],[12.50359,55.69953],[12.50364,55.69967],[12.50366,55.69972],[12.50373,55.69981],[12.50386,55.69998],[12.50389,55.70003],[12.50391,55.70004],[12.50402,55.70014],[12.50409,55.70019],[12.50416,55.70024],[12.5043,55.7003],[12.50435,55.70032],[12.50452,55.70036],[12.50465,55.70039],[12.50473,55.70043],[12.50487,55.70052],[12.50501,55.70062],[12.50514,55.70072],[12.50525,55.7008],[12.50529,55.70082],[12.50538,55.70085],[12.5057,55.70089],[12.50575,55.70093],[12.50587,55.70106],[12.50599,55.70104],[12.50611,55.70115],[12.50612,55.70116],[12.5062,55.70125],[12.50629,55.70133],[12.50644,55.70149],[12.50656,55.7016],[12.50662,55.70171],[12.50667,55.70178],[12.5067,55.70184],[12.50679,55.70197],[12.50685,55.7021],[12.50689,55.70217],[12.50699,55.70237],[12.50705,55.70247],[12.50706,55.7025],[12.50707,55.70253],[12.50707,55.70255],[12.50708,55.70257],[12.50707,55.70262],[12.50706,55.70264],[12.50701,55.70267],[12.507,55.70269],[12.50681,55.70282],[12.50674,55.70287],[12.50669,55.70291],[12.50667,55.70293],[12.50664,55.70296],[12.50663,55.703],[12.5066,55.70313],[12.50674,55.70327],[12.50713,55.70369],[12.50732,55.7038],[12.50742,55.7039],[12.50805,55.70457],[12.50841,55.70461],[12.50915,55.70463],[12.50892,55.7056],[12.50888,55.70576],[12.51009,55.70592],[12.50988,55.70637],[12.50987,55.70639],[12.50986,55.70644],[12.50986,55.70648],[12.50989,55.70653],[12.50989,55.70653],[12.51139,55.70805],[12.51146,55.70813],[12.51153,55.7082],[12.51159,55.70825],[12.51185,55.70845],[12.51251,55.70825],[12.51288,55.70814],[12.51289,55.70814],[12.51344,55.7079],[12.51392,55.70769],[12.5144,55.70747],[12.51457,55.7074],[12.51458,55.7074],[12.51465,55.70737],[12.51478,55.70732],[12.51482,55.7073],[12.51482,55.70729],[12.51511,55.70715],[12.5156,55.70688],[12.51586,55.70673],[12.51591,55.70669],[12.51594,55.70666],[12.51598,55.70663],[12.51588,55.70663],[12.51575,55.70662],[12.51557,55.70661],[12.51555,55.7066],[12.51551,55.7066],[12.51454,55.70652],[12.51436,55.7065],[12.51424,55.70649],[12.51423,55.70649],[12.51419,55.70634],[12.5141,55.70614],[12.51385,55.70565],[12.51375,55.70544],[12.51371,55.70536],[12.51327,55.70448],[12.51311,55.70417],[12.51258,55.70309],[12.51234,55.7026],[12.51231,55.70254],[12.51221,55.70235],[12.51215,55.70225],[12.51206,55.70213],[12.51191,55.70196],[12.51175,55.70181],[12.51119,55.7013],[12.51107,55.7012],[12.51028,55.70048],[12.51025,55.70045],[12.51023,55.70043]]]]}},{"type":"Feature","properties":{"nbhd_name":"Vigerslev","uesi_id":"DNK_N13707878","nbhd_code":"DNK_N13707878_43"},"geometry":{"type":"MultiPolygon","coordinates":[[[[12.49699,55.65959],[12.49725,55.65948],[12.49807,55.65916],[12.49927,55.65871],[12.49933,55.65859],[12.50032,55.65672],[12.50053,55.65631],[12.49975,55.65612],[12.49765,55.65564],[12.49502,55.65504],[12.49339,55.65467],[12.49066,55.65404],[12.48781,55.65338],[12.48836,55.6527],[12.48663,55.6527],[12.48661,55.65229],[12.48659,55.65225],[12.48657,55.6522],[12.48653,55.65216],[12.48649,55.65211],[12.48643,55.65208],[12.48637,55.65204],[12.48637,55.65204],[12.48616,55.65195],[12.48606,55.65201],[12.48606,55.65201],[12.48569,55.65221],[12.48545,55.65234],[12.48542,55.65237],[12.48528,55.65245],[12.48525,55.65247],[12.48517,55.65252],[12.48515,55.65253],[12.48503,55.65263],[12.48475,55.65282],[12.48438,55.65308],[12.48438,55.65308],[12.48426,55.65316],[12.48418,55.65321],[12.48416,55.65323],[12.48405,55.65331],[12.48398,55.65337],[12.48393,55.6534],[12.48385,55.65346],[12.48377,55.65352],[12.48374,55.65355],[12.48367,55.6536],[12.48359,55.65365],[12.48351,55.6537],[12.48343,55.65374],[12.48336,55.65378],[12.4833,55.65381],[12.48323,55.65384],[12.48315,55.65388],[12.48307,55.65391],[12.48299,55.65394],[12.48289,55.65397],[12.48278,55.654],[12.48268,55.65403],[12.48257,55.65406],[12.48246,55.65408],[12.48231,55.65411],[12.48228,55.65412],[12.48165,55.65409],[12.48136,55.6543],[12.48115,55.65444],[12.48085,55.65465],[12.4807,55.65475],[12.48065,55.65479],[12.48048,55.65492],[12.48032,55.65503],[12.4801,55.65518],[12.47989,55.65533],[12.47986,55.65535],[12.4796,55.65554],[12.47949,55.65562],[12.479,55.65598],[12.47883,55.6561],[12.47865,55.65625],[12.47848,55.6564],[12.47841,55.65646],[12.47838,55.65648],[12.4783,55.65657],[12.47827,55.65661],[12.47825,55.65663],[12.47823,55.65664],[12.47822,55.65665],[12.47814,55.65675],[12.47811,55.65679],[12.47801,55.6569],[12.478,55.65691],[12.47798,55.65692],[12.47797,55.65692],[12.47796,55.65693],[12.47796,55.65693],[12.47795,55.65694],[12.47794,55.65694],[12.47793,55.65695],[12.47792,55.65696],[12.47791,55.65696],[12.4779,55.65697],[12.47789,55.65698],[12.47788,55.65699],[12.47787,55.657],[12.47786,55.65701],[12.47785,55.65702],[12.47784,55.65703],[12.47784,55.65704],[12.47783,55.65705],[12.47782,55.65706],[12.47782,55.65707],[12.47781,55.65708],[12.47781,55.65709],[12.47781,55.6571],[12.4778,55.65711],[12.4778,55.65712],[12.4778,55.65713],[12.4778,55.65714],[12.47779,55.65715],[12.47779,55.65716],[12.47779,55.65717],[12.47779,55.65718],[12.4778,55.65719],[12.4778,55.65721],[12.47776,55.65727],[12.47776,55.65728],[12.47775,55.65729],[12.47769,55.6574],[12.47763,55.65751],[12.47758,55.65762],[12.47753,55.65773],[12.47749,55.65784],[12.47746,55.65796],[12.47743,55.65808],[12.4774,55.65819],[12.47738,55.65827],[12.47736,55.65839],[12.47734,55.65852],[12.47733,55.65862],[12.47732,55.6587],[12.47731,55.65888],[12.47731,55.65898],[12.47731,55.65904],[12.47731,55.65913],[12.47731,55.65921],[12.47732,55.65929],[12.47732,55.65937],[12.47732,55.65937],[12.47733,55.65945],[12.47734,55.65953],[12.47737,55.65976],[12.47738,55.65979],[12.47739,55.65999],[12.4774,55.66002],[12.47742,55.66011],[12.47746,55.66022],[12.47749,55.66029],[12.4775,55.66032],[12.47751,55.66033],[12.47751,55.66035],[12.4775,55.66036],[12.47753,55.66042],[12.47755,55.66046],[12.47757,55.66051],[12.47757,55.66052],[12.47759,55.6606],[12.47776,55.66097],[12.47794,55.66132],[12.47801,55.66142],[12.47806,55.66152],[12.47808,55.66159],[12.47809,55.66166],[12.4781,55.66173],[12.4781,55.66179],[12.47811,55.66197],[12.47812,55.66215],[12.47812,55.66228],[12.47812,55.66238],[12.47812,55.66264],[12.47815,55.66285],[12.47816,55.66308],[12.47817,55.66327],[12.47817,55.66354],[12.47825,55.6637],[12.47832,55.66379],[12.47845,55.66393],[12.47854,55.66403],[12.47857,55.66421],[12.47857,55.66427],[12.4831,55.66423],[12.48976,55.66416],[12.49403,55.66412],[12.49401,55.66398],[12.49396,55.66381],[12.49395,55.66376],[12.49394,55.66371],[12.49393,55.66368],[12.49391,55.66354],[12.49389,55.66344],[12.4939,55.66341],[12.4939,55.66341],[12.49391,55.66324],[12.49392,55.66317],[12.49393,55.6631],[12.49396,55.66298],[12.49398,55.6629],[12.49402,55.66283],[12.49409,55.66267],[12.49411,55.66263],[12.49418,55.66254],[12.49428,55.66238],[12.49432,55.66232],[12.49443,55.66219],[12.49448,55.66213],[12.49456,55.66205],[12.49474,55.6619],[12.4948,55.66185],[12.49497,55.66173],[12.49503,55.66169],[12.49509,55.66166],[12.49531,55.66154],[12.49534,55.66153],[12.49567,55.66137],[12.49571,55.66135],[12.49577,55.66132],[12.49599,55.66122],[12.49619,55.66112],[12.49628,55.66108],[12.49636,55.66104],[12.49637,55.66104],[12.49662,55.66092],[12.49692,55.66078],[12.49708,55.6607],[12.49721,55.66064],[12.4973,55.6606],[12.49761,55.66048],[12.4978,55.66041],[12.49798,55.66034],[12.49817,55.66027],[12.49818,55.66027],[12.49838,55.66018],[12.49852,55.66013],[12.49864,55.66008],[12.49884,55.65999],[12.49807,55.65985],[12.49806,55.65985],[12.49804,55.65984],[12.49802,55.65984],[12.498,55.65983],[12.49798,55.65983],[12.49795,55.65982],[12.49793,55.65982],[12.49791,55.65981],[12.49789,55.65981],[12.49787,55.65981],[12.49785,55.6598],[12.49783,55.6598],[12.4978,55.65979],[12.49778,55.65979],[12.49776,55.65978],[12.49774,55.65978],[12.49772,55.65978],[12.4977,55.65977],[12.49767,55.65977],[12.49765,55.65976],[12.49763,55.65976],[12.49761,55.65976],[12.49759,55.65975],[12.49756,55.65975],[12.49754,55.65975],[12.49752,55.65974],[12.4975,55.65974],[12.49748,55.65974],[12.49745,55.65973],[12.49743,55.65973],[12.49741,55.65973],[12.49739,55.65972],[12.49736,55.65972],[12.49734,55.65972],[12.49732,55.65971],[12.4973,55.65971],[12.49727,55.65971],[12.49725,55.65971],[12.49723,55.6597],[12.49721,55.6597],[12.49718,55.6597],[12.49716,55.6597],[12.49714,55.6597],[12.49712,55.65969],[12.49709,55.65969],[12.49707,55.65969],[12.49705,55.65969],[12.49703,55.65969],[12.497,55.65968],[12.49698,55.65968],[12.49696,55.65968],[12.49694,55.65968],[12.49691,55.65968],[12.49689,55.65968],[12.49687,55.65967],[12.49684,55.65967],[12.49682,55.65967],[12.4968,55.65967],[12.49678,55.65967],[12.49699,55.65959]]]]}},{"type":"Feature","properties":{"nbhd_name":"Gr\u00f8njordss\u00f8en (\u00d8restad Nord, Vejlands Kvarter)","uesi_id":"DNK_N13707878","nbhd_code":"DNK_N13707878_44"},"geometry":{"type":"MultiPolygon","coordinates":[[[[12.58937,55.66353],[12.59224,55.66321],[12.59399,55.663],[12.59239,55.6578],[12.59233,55.65734],[12.59241,55.65693],[12.59274,55.65662],[12.59293,55.65644],[12.59357,55.65583],[12.59365,55.65575],[12.5941,55.6553],[12.5942,55.65506],[12.59421,55.65499],[12.5941,55.65495],[12.59036,55.655],[12.58924,55.65209],[12.58854,55.65022],[12.58819,55.64922],[12.58814,55.64922],[12.58811,55.64912],[12.58805,55.64885],[12.58795,55.64845],[12.5879,55.64821],[12.58784,55.64793],[12.58766,55.64714],[12.58762,55.64695],[12.58752,55.6465],[12.58738,55.64583],[12.58724,55.64522],[12.58715,55.64482],[12.58714,55.64473],[12.5871,55.64456],[12.58685,55.64371],[12.58675,55.64338],[12.58621,55.64159],[12.58615,55.64141],[12.5861,55.64124],[12.58558,55.64109],[12.58525,55.641],[12.58497,55.64095],[12.58453,55.64088],[12.58425,55.64084],[12.58393,55.6408],[12.58351,55.64076],[12.58313,55.64074],[12.58271,55.64072],[12.58225,55.64072],[12.5818,55.64073],[12.58144,55.64075],[12.57571,55.64097],[12.57003,55.64128],[12.56542,55.64148],[12.56354,55.64148],[12.56404,55.64215],[12.56444,55.64293],[12.56514,55.64422],[12.56578,55.64541],[12.56632,55.64643],[12.56675,55.64726],[12.5673,55.64826],[12.5675,55.64868],[12.56754,55.64877],[12.56754,55.64878],[12.56756,55.64882],[12.56757,55.64887],[12.56756,55.64892],[12.56754,55.64897],[12.56751,55.64901],[12.56747,55.64906],[12.56746,55.64906],[12.56709,55.64932],[12.56642,55.64978],[12.56637,55.64982],[12.56633,55.64987],[12.56631,55.64991],[12.56631,55.64996],[12.56632,55.65],[12.56632,55.65001],[12.56678,55.65086],[12.56735,55.65189],[12.56787,55.65286],[12.56789,55.65288],[12.5679,55.65293],[12.56791,55.65298],[12.56791,55.65303],[12.56789,55.65308],[12.56787,55.65313],[12.56784,55.65317],[12.56779,55.65321],[12.56774,55.65325],[12.56774,55.65326],[12.56894,55.65295],[12.56902,55.65305],[12.56909,55.65317],[12.56914,55.65327],[12.56917,55.65337],[12.5692,55.65347],[12.56921,55.65354],[12.56922,55.65365],[12.56921,55.65375],[12.5692,55.65385],[12.56917,55.65395],[12.56914,55.65401],[12.56907,55.65418],[12.56887,55.65467],[12.56884,55.65475],[12.56863,55.65643],[12.5688,55.65691],[12.57148,55.65898],[12.57268,55.6599],[12.57284,55.66003],[12.57359,55.6606],[12.57364,55.66064],[12.57372,55.66069],[12.57381,55.66073],[12.57388,55.66076],[12.57395,55.66079],[12.57399,55.6608],[12.57746,55.66185],[12.58126,55.66288],[12.58207,55.66329],[12.58272,55.66361],[12.58301,55.66379],[12.58392,55.66434],[12.58489,55.66409],[12.58937,55.66353]]]]}},{"type":"Feature","properties":{"nbhd_name":"Jyllingevej Kvarter","uesi_id":"DNK_N13707878","nbhd_code":"DNK_N13707878_45"},"geometry":{"type":"MultiPolygon","coordinates":[[[[12.48434,55.68132],[12.48441,55.68113],[12.48523,55.67863],[12.4855,55.67789],[12.48582,55.67768],[12.4861,55.67753],[12.48665,55.67721],[12.48684,55.6771],[12.48657,55.67691],[12.48475,55.67586],[12.4846,55.67575],[12.48447,55.67521],[12.48428,55.67409],[12.48415,55.67381],[12.48389,55.67363],[12.48279,55.6731],[12.48261,55.67299],[12.48254,55.67294],[12.4825,55.67288],[12.48247,55.67282],[12.48244,55.67275],[12.48243,55.67267],[12.48067,55.67265],[12.47428,55.67277],[12.47427,55.67287],[12.4742,55.67291],[12.47416,55.67293],[12.47402,55.6732],[12.47384,55.67339],[12.47375,55.67355],[12.47372,55.67359],[12.47369,55.67365],[12.47365,55.6739],[12.4736,55.67397],[12.47336,55.67418],[12.47312,55.67438],[12.47307,55.67442],[12.47303,55.67448],[12.47299,55.67456],[12.47298,55.6746],[12.47292,55.67484],[12.47287,55.67507],[12.47287,55.67511],[12.47285,55.67521],[12.47284,55.67525],[12.47283,55.67528],[12.47283,55.67533],[12.47282,55.67544],[12.47282,55.67546],[12.4728,55.67567],[12.47279,55.67575],[12.47278,55.67586],[12.47277,55.67593],[12.47274,55.67605],[12.47273,55.67607],[12.4727,55.67611],[12.47265,55.6762],[12.47264,55.67621],[12.47263,55.67622],[12.47254,55.67637],[12.47251,55.67641],[12.47243,55.67651],[12.47229,55.67669],[12.47227,55.67672],[12.47226,55.67672],[12.47223,55.67675],[12.47216,55.67687],[12.47216,55.6769],[12.47212,55.6771],[12.47208,55.67729],[12.47205,55.67745],[12.47203,55.67753],[12.47202,55.67758],[12.472,55.67763],[12.4718,55.67778],[12.47165,55.6779],[12.47163,55.67792],[12.4715,55.67803],[12.47143,55.67808],[12.47134,55.67815],[12.4713,55.67819],[12.47118,55.67827],[12.471,55.6784],[12.47082,55.67852],[12.47064,55.67864],[12.47047,55.67876],[12.47044,55.67877],[12.4704,55.6788],[12.47036,55.67885],[12.47027,55.67899],[12.47017,55.67913],[12.47007,55.67928],[12.46998,55.67942],[12.46989,55.67954],[12.46969,55.67983],[12.46947,55.68015],[12.46942,55.68022],[12.46941,55.68031],[12.46941,55.68034],[12.46941,55.68039],[12.46941,55.68046],[12.46942,55.68058],[12.4694,55.6812],[12.46929,55.68134],[12.46856,55.6819],[12.4684,55.682],[12.46836,55.68202],[12.46819,55.68211],[12.46818,55.68212],[12.46808,55.68217],[12.46781,55.68234],[12.46779,55.68239],[12.46783,55.6825],[12.46785,55.68254],[12.46793,55.68275],[12.46792,55.68281],[12.46784,55.68305],[12.46781,55.68318],[12.46764,55.68358],[12.46757,55.68373],[12.46752,55.68386],[12.46752,55.68387],[12.46749,55.6841],[12.46751,55.68435],[12.46751,55.68442],[12.46749,55.68452],[12.46743,55.68471],[12.46738,55.68486],[12.46734,55.68502],[12.46725,55.68528],[12.46724,55.68532],[12.46718,55.68566],[12.46717,55.68583],[12.46714,55.68595],[12.46713,55.68603],[12.46711,55.6861],[12.4671,55.68618],[12.46708,55.68625],[12.46707,55.68633],[12.46705,55.6864],[12.46704,55.68648],[12.46702,55.68655],[12.467,55.68667],[12.46696,55.68679],[12.46694,55.68687],[12.46693,55.68694],[12.46693,55.68694],[12.46691,55.68701],[12.46691,55.68701],[12.46686,55.68717],[12.46674,55.68757],[12.46665,55.68789],[12.4666,55.68799],[12.46659,55.68799],[12.46655,55.68816],[12.46648,55.68836],[12.46645,55.68846],[12.46641,55.68856],[12.46641,55.68857],[12.46633,55.68886],[12.46623,55.68922],[12.46622,55.68928],[12.46615,55.68954],[12.46611,55.68974],[12.46606,55.68994],[12.46601,55.69021],[12.46602,55.69026],[12.46602,55.69029],[12.46602,55.69037],[12.46604,55.69045],[12.46606,55.69053],[12.46608,55.6906],[12.46611,55.69068],[12.46622,55.69088],[12.46627,55.69094],[12.46633,55.691],[12.46639,55.69105],[12.46644,55.6911],[12.46643,55.6911],[12.46672,55.69144],[12.46722,55.69141],[12.46722,55.6915],[12.4672,55.69155],[12.46717,55.6916],[12.46711,55.69169],[12.46693,55.6917],[12.46697,55.69177],[12.467,55.69183],[12.46687,55.69246],[12.46686,55.69251],[12.46685,55.69259],[12.46682,55.69273],[12.46665,55.69304],[12.4664,55.69338],[12.46638,55.69341],[12.46611,55.69366],[12.46607,55.69369],[12.46602,55.69373],[12.46563,55.69409],[12.46549,55.69421],[12.46541,55.69429],[12.46529,55.69443],[12.46517,55.69455],[12.46512,55.69459],[12.46377,55.69594],[12.46372,55.69599],[12.46367,55.69605],[12.46352,55.69626],[12.46349,55.69635],[12.46347,55.69643],[12.46345,55.69654],[12.46345,55.69658],[12.46344,55.69668],[12.46345,55.69676],[12.46345,55.69684],[12.46346,55.69685],[12.4635,55.69696],[12.46352,55.69703],[12.46399,55.69862],[12.46403,55.69875],[12.46405,55.69885],[12.46408,55.69902],[12.46407,55.69908],[12.46408,55.69923],[12.4638,55.70079],[12.46429,55.70072],[12.46426,55.70079],[12.4642,55.7009],[12.4643,55.70088],[12.46473,55.70079],[12.46474,55.70079],[12.46532,55.70065],[12.46698,55.70024],[12.46894,55.69975],[12.46935,55.69965],[12.47001,55.6995],[12.47252,55.69891],[12.47569,55.69816],[12.47716,55.69782],[12.4774,55.69779],[12.47791,55.69776],[12.47878,55.69782],[12.479,55.69785],[12.47923,55.69787],[12.48018,55.69794],[12.48051,55.69794],[12.48058,55.69794],[12.48069,55.69793],[12.48076,55.69796],[12.48075,55.69799],[12.48087,55.698],[12.48117,55.69802],[12.48127,55.69803],[12.48143,55.69804],[12.48162,55.69805],[12.48166,55.69806],[12.48188,55.69807],[12.48192,55.69807],[12.48211,55.69809],[12.48226,55.6981],[12.48233,55.6981],[12.4825,55.69811],[12.48256,55.69812],[12.48278,55.69813],[12.48297,55.69815],[12.483,55.69815],[12.48321,55.69816],[12.48327,55.69816],[12.48347,55.69818],[12.48352,55.69818],[12.4837,55.69819],[12.48377,55.6982],[12.48392,55.69821],[12.48402,55.69821],[12.48415,55.69822],[12.48437,55.69824],[12.4844,55.69824],[12.4846,55.69825],[12.48478,55.69826],[12.48502,55.69828],[12.48539,55.6983],[12.48547,55.69831],[12.48555,55.69831],[12.4859,55.69834],[12.48621,55.69836],[12.48685,55.6984],[12.48688,55.6984],[12.48708,55.69842],[12.4871,55.69842],[12.48752,55.69845],[12.48778,55.69846],[12.48804,55.69848],[12.48843,55.69851],[12.48854,55.69851],[12.48864,55.69852],[12.48922,55.69856],[12.48933,55.69856],[12.49022,55.69862],[12.4903,55.69863],[12.49021,55.69743],[12.49021,55.69734],[12.49081,55.69738],[12.49098,55.69739],[12.49105,55.6972],[12.4912,55.69682],[12.49139,55.69632],[12.49165,55.6956],[12.49189,55.69497],[12.49189,55.69497],[12.49188,55.69492],[12.49185,55.69488],[12.49176,55.6948],[12.49308,55.69431],[12.49427,55.69391],[12.49389,55.6938],[12.48962,55.69301],[12.48931,55.69296],[12.4878,55.69269],[12.48672,55.69245],[12.48322,55.69169],[12.48105,55.69121],[12.48179,55.68901],[12.48211,55.68802],[12.48273,55.68615],[12.48318,55.68484],[12.48358,55.68365],[12.48434,55.68132]]]]}},{"type":"Feature","properties":{"nbhd_name":"Jernbane All\u00e9 Kvarter","uesi_id":"DNK_N13707878","nbhd_code":"DNK_N13707878_46"},"geometry":{"type":"MultiPolygon","coordinates":[[[[12.4861,55.67753],[12.48582,55.67768],[12.4855,55.67789],[12.48523,55.67863],[12.48441,55.68113],[12.48434,55.68132],[12.48358,55.68365],[12.48318,55.68484],[12.48273,55.68615],[12.48211,55.68802],[12.48179,55.68901],[12.48105,55.69121],[12.48322,55.69169],[12.48672,55.69245],[12.4878,55.69269],[12.48931,55.69296],[12.48962,55.69301],[12.49389,55.6938],[12.49427,55.69391],[12.49456,55.6938],[12.49594,55.69352],[12.49592,55.6935],[12.49589,55.69346],[12.49587,55.69341],[12.49586,55.69336],[12.49586,55.69331],[12.49587,55.69326],[12.49589,55.69322],[12.49591,55.69317],[12.49917,55.69013],[12.50126,55.68803],[12.50212,55.68757],[12.50205,55.68752],[12.50202,55.6875],[12.50146,55.68712],[12.50141,55.68708],[12.50084,55.68685],[12.50067,55.68679],[12.50053,55.68674],[12.50044,55.68671],[12.50043,55.68666],[12.50042,55.68665],[12.50041,55.68663],[12.50039,55.68662],[12.50037,55.68661],[12.50035,55.6866],[12.50033,55.68659],[12.50022,55.68655],[12.50015,55.68652],[12.50009,55.6865],[12.50004,55.68647],[12.49999,55.68645],[12.49997,55.68644],[12.49994,55.68642],[12.49988,55.68639],[12.49968,55.68629],[12.49966,55.68629],[12.49946,55.68619],[12.49946,55.68619],[12.49914,55.68602],[12.4989,55.68589],[12.49845,55.68565],[12.4982,55.68552],[12.49807,55.68545],[12.49803,55.68543],[12.49804,55.68543],[12.49802,55.68541],[12.49784,55.68532],[12.49785,55.68532],[12.49803,55.68521],[12.49781,55.68509],[12.49709,55.6847],[12.49672,55.68451],[12.49636,55.68431],[12.49598,55.6841],[12.49592,55.68407],[12.49583,55.68411],[12.49591,55.68427],[12.49594,55.6844],[12.49598,55.68455],[12.49591,55.68453],[12.49587,55.68453],[12.49585,55.68456],[12.49585,55.68461],[12.49585,55.68461],[12.49568,55.68454],[12.49567,55.68443],[12.49548,55.68432],[12.49537,55.6841],[12.49526,55.68391],[12.49513,55.68369],[12.49494,55.68349],[12.4948,55.68333],[12.49477,55.68331],[12.49459,55.68315],[12.49449,55.68313],[12.49448,55.68312],[12.49432,55.68296],[12.49422,55.683],[12.49413,55.68302],[12.49407,55.68304],[12.49401,55.68305],[12.49396,55.68306],[12.49393,55.68304],[12.49305,55.6821],[12.49161,55.67956],[12.49151,55.67917],[12.49132,55.67908],[12.4911,55.67898],[12.49084,55.67883],[12.49048,55.67861],[12.49029,55.67849],[12.4898,55.67828],[12.48945,55.67813],[12.48941,55.67811],[12.48814,55.67765],[12.48779,55.67755],[12.48734,55.67745],[12.48709,55.67743],[12.48684,55.6771],[12.48665,55.67721],[12.4861,55.67753]]]]}},{"type":"Feature","properties":{"nbhd_name":"Gr\u00f8ndals Park Kvarter","uesi_id":"DNK_N13707878","nbhd_code":"DNK_N13707878_47"},"geometry":{"type":"MultiPolygon","coordinates":[[[[12.52634,55.69653],[12.5265,55.69646],[12.52681,55.69636],[12.52705,55.69631],[12.52704,55.6963],[12.52702,55.69622],[12.52701,55.69616],[12.52704,55.69599],[12.52711,55.69584],[12.52716,55.69581],[12.52726,55.69575],[12.52729,55.69573],[12.52737,55.69569],[12.52756,55.69558],[12.52732,55.69555],[12.52731,55.69556],[12.52658,55.69549],[12.5265,55.69548],[12.52615,55.69542],[12.52606,55.6954],[12.52566,55.69531],[12.52497,55.69516],[12.52488,55.69513],[12.52469,55.69507],[12.52336,55.69462],[12.52297,55.69446],[12.52291,55.69443],[12.5223,55.69414],[12.52203,55.69401],[12.52184,55.6938],[12.52183,55.6938],[12.52182,55.69379],[12.52182,55.69378],[12.52181,55.69378],[12.5218,55.69377],[12.52179,55.69377],[12.52178,55.69376],[12.52178,55.69375],[12.52177,55.69375],[12.52176,55.69374],[12.52176,55.69374],[12.52175,55.69373],[12.52174,55.69372],[12.52173,55.69372],[12.52172,55.69371],[12.52171,55.69371],[12.5217,55.6937],[12.5217,55.6937],[12.52157,55.69362],[12.52144,55.69353],[12.52125,55.69337],[12.52119,55.69331],[12.52114,55.6932],[12.5211,55.69316],[12.52105,55.69311],[12.52104,55.69311],[12.52089,55.693],[12.52065,55.69282],[12.52057,55.69274],[12.52042,55.69259],[12.52034,55.69252],[12.52011,55.69235],[12.52003,55.69231],[12.5199,55.69223],[12.51976,55.69214],[12.51971,55.69211],[12.51957,55.692],[12.5195,55.69196],[12.51942,55.69191],[12.51938,55.69188],[12.51919,55.69178],[12.51901,55.69166],[12.5188,55.69154],[12.51854,55.6914],[12.5183,55.69127],[12.518,55.69112],[12.51785,55.69104],[12.51762,55.69089],[12.51753,55.69085],[12.51745,55.69083],[12.51738,55.69081],[12.51706,55.69077],[12.51683,55.69072],[12.51653,55.69064],[12.51651,55.69063],[12.51648,55.69062],[12.51646,55.69061],[12.51636,55.69057],[12.51531,55.6913],[12.51468,55.69175],[12.51422,55.69212],[12.51392,55.69251],[12.5138,55.6926],[12.51366,55.69268],[12.5135,55.69277],[12.5131,55.69297],[12.51302,55.69299],[12.51274,55.69301],[12.51252,55.69304],[12.51241,55.69308],[12.5123,55.69314],[12.51229,55.69314],[12.51228,55.69315],[12.51227,55.69316],[12.51226,55.69316],[12.51225,55.69317],[12.51224,55.69317],[12.51223,55.69318],[12.51222,55.69319],[12.51221,55.69319],[12.5122,55.6932],[12.51219,55.69321],[12.51218,55.69321],[12.51217,55.69322],[12.51216,55.69322],[12.51215,55.69323],[12.51214,55.69324],[12.51213,55.69324],[12.51212,55.69325],[12.51211,55.69326],[12.5121,55.69326],[12.5121,55.69327],[12.51209,55.69328],[12.51208,55.69328],[12.51207,55.69329],[12.51206,55.6933],[12.51205,55.6933],[12.5116,55.69362],[12.51158,55.69363],[12.51153,55.69367],[12.51147,55.69371],[12.51142,55.69375],[12.51136,55.69379],[12.5113,55.69383],[12.51125,55.69387],[12.51119,55.69391],[12.51114,55.69395],[12.51112,55.69396],[12.51106,55.694],[12.511,55.69404],[12.51095,55.69408],[12.51089,55.69411],[12.51083,55.69415],[12.51077,55.69419],[12.51072,55.69423],[12.51066,55.69427],[12.51037,55.69445],[12.5102,55.69456],[12.51015,55.6946],[12.51001,55.69469],[12.50998,55.69471],[12.50993,55.69474],[12.50962,55.69493],[12.50956,55.69496],[12.50906,55.69527],[12.50891,55.69536],[12.50855,55.69558],[12.50833,55.69572],[12.50826,55.69576],[12.50766,55.69617],[12.50719,55.69648],[12.50651,55.69693],[12.50644,55.69699],[12.50633,55.69706],[12.50637,55.69708],[12.50655,55.69718],[12.50662,55.69722],[12.50668,55.69726],[12.50682,55.69735],[12.50684,55.69736],[12.50698,55.69746],[12.50712,55.69759],[12.50715,55.69761],[12.50727,55.69772],[12.50734,55.69779],[12.50747,55.69791],[12.50762,55.69804],[12.50822,55.69859],[12.50823,55.6986],[12.5094,55.69967],[12.51013,55.70034],[12.51023,55.70043],[12.51025,55.70045],[12.51028,55.70048],[12.51107,55.7012],[12.51119,55.7013],[12.51175,55.70181],[12.51191,55.70196],[12.51206,55.70213],[12.51215,55.70225],[12.51221,55.70235],[12.51231,55.70254],[12.51234,55.7026],[12.51258,55.70309],[12.51311,55.70417],[12.51327,55.70448],[12.51371,55.70536],[12.51375,55.70544],[12.51385,55.70565],[12.5141,55.70614],[12.51419,55.70634],[12.51423,55.70649],[12.51424,55.70649],[12.51436,55.7065],[12.51454,55.70652],[12.51551,55.7066],[12.51555,55.7066],[12.51557,55.70661],[12.51575,55.70662],[12.51588,55.70663],[12.51598,55.70663],[12.516,55.7066],[12.51601,55.70659],[12.51602,55.70658],[12.51604,55.70655],[12.5161,55.70649],[12.51611,55.70648],[12.5162,55.70637],[12.51797,55.70356],[12.5183,55.70316],[12.51946,55.70199],[12.52014,55.70133],[12.52039,55.7011],[12.5215,55.70012],[12.52234,55.69945],[12.52356,55.6985],[12.52522,55.6972],[12.52574,55.69682],[12.5259,55.69672],[12.52634,55.69653]]]]}},{"type":"Feature","properties":{"nbhd_name":"Nordvest","uesi_id":"DNK_N13707878","nbhd_code":"DNK_N13707878_48"},"geometry":{"type":"MultiPolygon","coordinates":[[[[12.53038,55.69647],[12.53016,55.69626],[12.53014,55.69624],[12.52988,55.69598],[12.52982,55.69593],[12.52973,55.69583],[12.52942,55.6958],[12.52857,55.6957],[12.52816,55.69565],[12.52808,55.69564],[12.52781,55.69561],[12.52756,55.69558],[12.52737,55.69569],[12.52729,55.69573],[12.52726,55.69575],[12.52716,55.69581],[12.52711,55.69584],[12.52704,55.69599],[12.52701,55.69616],[12.52702,55.69622],[12.52704,55.6963],[12.52705,55.69631],[12.52681,55.69636],[12.5265,55.69646],[12.52634,55.69653],[12.5259,55.69672],[12.52574,55.69682],[12.52522,55.6972],[12.52356,55.6985],[12.52234,55.69945],[12.5215,55.70012],[12.52039,55.7011],[12.52014,55.70133],[12.51946,55.70199],[12.5183,55.70316],[12.51797,55.70356],[12.5162,55.70637],[12.51611,55.70648],[12.5161,55.70649],[12.51604,55.70655],[12.51602,55.70658],[12.51601,55.70659],[12.516,55.7066],[12.51598,55.70663],[12.51614,55.70664],[12.51635,55.70664],[12.51683,55.70665],[12.51702,55.70664],[12.5172,55.70663],[12.5194,55.70633],[12.52056,55.70618],[12.52101,55.70612],[12.52161,55.70603],[12.522,55.70695],[12.52226,55.70718],[12.52244,55.70733],[12.52499,55.70856],[12.52224,55.70921],[12.52142,55.70937],[12.52159,55.70968],[12.52175,55.70996],[12.52336,55.70965],[12.52337,55.71041],[12.52337,55.71132],[12.52337,55.71142],[12.53164,55.71221],[12.53207,55.71224],[12.53208,55.71187],[12.53325,55.71211],[12.53327,55.71211],[12.53335,55.71213],[12.53338,55.71215],[12.53342,55.71216],[12.53349,55.71218],[12.53357,55.71221],[12.53364,55.71224],[12.5337,55.71227],[12.53377,55.7123],[12.53384,55.71233],[12.5339,55.71236],[12.53396,55.71238],[12.53397,55.71239],[12.53404,55.71242],[12.5341,55.71246],[12.53416,55.71249],[12.53422,55.71253],[12.53427,55.71256],[12.53433,55.7126],[12.53438,55.71264],[12.53443,55.71268],[12.53448,55.71271],[12.53453,55.71275],[12.53458,55.71279],[12.53463,55.71284],[12.53467,55.71288],[12.53471,55.71292],[12.53475,55.71296],[12.53479,55.713],[12.53483,55.71305],[12.53486,55.71309],[12.53489,55.71314],[12.53492,55.71318],[12.53495,55.71323],[12.53498,55.71327],[12.5351,55.71347],[12.53653,55.71186],[12.53915,55.70895],[12.53969,55.7084],[12.5397,55.70839],[12.53978,55.70832],[12.53984,55.70826],[12.54021,55.70791],[12.54025,55.70788],[12.54046,55.7077],[12.54069,55.7075],[12.54075,55.70745],[12.54117,55.70708],[12.54139,55.70694],[12.54148,55.70688],[12.54175,55.70671],[12.54163,55.70663],[12.5416,55.7066],[12.54162,55.70659],[12.54163,55.70658],[12.54148,55.70645],[12.5414,55.70637],[12.54132,55.7063],[12.54124,55.70622],[12.54116,55.70614],[12.54108,55.70607],[12.54092,55.70591],[12.54086,55.70585],[12.5406,55.7056],[12.54044,55.70545],[12.54027,55.70528],[12.54023,55.70524],[12.54013,55.70514],[12.54,55.705],[12.53988,55.70487],[12.53969,55.70466],[12.53962,55.70459],[12.53955,55.70451],[12.53947,55.70443],[12.53941,55.70435],[12.53934,55.70428],[12.53928,55.7042],[12.53922,55.70412],[12.53921,55.7041],[12.5386,55.70307],[12.53859,55.70306],[12.53847,55.70281],[12.53841,55.70273],[12.53836,55.70257],[12.53826,55.70233],[12.53829,55.70233],[12.53809,55.70191],[12.53808,55.70187],[12.53806,55.70184],[12.53804,55.7018],[12.53802,55.70176],[12.53801,55.70172],[12.53799,55.70168],[12.53799,55.70167],[12.53797,55.70164],[12.53796,55.70161],[12.53795,55.70157],[12.53793,55.70153],[12.53793,55.70151],[12.53792,55.70149],[12.53791,55.70145],[12.5379,55.70141],[12.53788,55.70133],[12.53787,55.7013],[12.53787,55.70131],[12.53786,55.7013],[12.53785,55.70124],[12.53781,55.70108],[12.5378,55.70103],[12.53779,55.701],[12.53779,55.70099],[12.53777,55.70087],[12.53774,55.70087],[12.53773,55.70083],[12.53769,55.70067],[12.53767,55.70058],[12.53764,55.70049],[12.53759,55.7003],[12.53756,55.70021],[12.53749,55.69999],[12.53743,55.69982],[12.53736,55.69966],[12.53728,55.6995],[12.53724,55.69941],[12.53721,55.69933],[12.53724,55.69933],[12.53697,55.69878],[12.53693,55.69871],[12.53689,55.69863],[12.53685,55.69855],[12.53683,55.69851],[12.5368,55.69845],[12.53673,55.69832],[12.5367,55.69828],[12.53665,55.69819],[12.53665,55.69819],[12.53657,55.69808],[12.53657,55.69808],[12.53655,55.69805],[12.5365,55.69798],[12.53645,55.69793],[12.53642,55.69789],[12.5364,55.69787],[12.53632,55.69778],[12.53628,55.69774],[12.5362,55.69766],[12.5361,55.69757],[12.536,55.69748],[12.53596,55.69748],[12.53575,55.69746],[12.53545,55.69743],[12.53543,55.69743],[12.53302,55.69721],[12.53215,55.69713],[12.53209,55.69709],[12.53216,55.69691],[12.53218,55.69685],[12.53225,55.69668],[12.5319,55.69669],[12.53156,55.6967],[12.53143,55.6967],[12.53121,55.69671],[12.53064,55.69672],[12.53038,55.69647]],[[12.53332,55.70184],[12.53326,55.70186],[12.53344,55.70181],[12.53332,55.70184]]]]}},{"type":"Feature","properties":{"nbhd_name":"Husum","uesi_id":"DNK_N13707878","nbhd_code":"DNK_N13707878_49"},"geometry":{"type":"MultiPolygon","coordinates":[[[[12.48478,55.69826],[12.4846,55.69825],[12.4844,55.69824],[12.48437,55.69824],[12.48415,55.69822],[12.48402,55.69821],[12.48392,55.69821],[12.48377,55.6982],[12.4837,55.69819],[12.48352,55.69818],[12.48347,55.69818],[12.48327,55.69816],[12.48321,55.69816],[12.483,55.69815],[12.48297,55.69815],[12.48278,55.69813],[12.48256,55.69812],[12.4825,55.69811],[12.48233,55.6981],[12.48226,55.6981],[12.48211,55.69809],[12.48192,55.69807],[12.48188,55.69807],[12.48166,55.69806],[12.48162,55.69805],[12.48143,55.69804],[12.48127,55.69803],[12.48117,55.69802],[12.48087,55.698],[12.48075,55.69799],[12.48076,55.69796],[12.48069,55.69793],[12.48058,55.69794],[12.48051,55.69794],[12.48018,55.69794],[12.47923,55.69787],[12.479,55.69785],[12.47878,55.69782],[12.47791,55.69776],[12.4774,55.69779],[12.47716,55.69782],[12.47569,55.69816],[12.47252,55.69891],[12.47001,55.6995],[12.46935,55.69965],[12.46894,55.69975],[12.46698,55.70024],[12.46532,55.70065],[12.46474,55.70079],[12.46473,55.70079],[12.4643,55.70088],[12.4642,55.7009],[12.46416,55.70097],[12.46413,55.701],[12.46412,55.70103],[12.46412,55.70123],[12.46413,55.70134],[12.46413,55.70147],[12.46421,55.70176],[12.46423,55.70188],[12.46426,55.70197],[12.46428,55.70206],[12.46429,55.70209],[12.46429,55.70213],[12.46427,55.70225],[12.46427,55.70225],[12.46426,55.70228],[12.46418,55.70243],[12.46406,55.70259],[12.46384,55.7028],[12.46371,55.70289],[12.46356,55.70298],[12.4634,55.70303],[12.46331,55.70304],[12.46327,55.70305],[12.46325,55.70305],[12.46289,55.70306],[12.46223,55.7031],[12.46132,55.70315],[12.46115,55.70319],[12.46101,55.70322],[12.46048,55.70334],[12.46033,55.70339],[12.46002,55.70348],[12.45984,55.70354],[12.45978,55.70356],[12.45897,55.70382],[12.45872,55.70389],[12.45858,55.70392],[12.45839,55.70395],[12.45819,55.70398],[12.45795,55.70404],[12.45743,55.70422],[12.45713,55.70432],[12.45706,55.70434],[12.457,55.70436],[12.45679,55.70443],[12.45657,55.70453],[12.45648,55.70458],[12.45638,55.70465],[12.45603,55.70488],[12.45597,55.70492],[12.45592,55.70495],[12.45586,55.70498],[12.4558,55.70501],[12.45571,55.70512],[12.45542,55.70552],[12.45527,55.70576],[12.45518,55.70591],[12.45516,55.70597],[12.45514,55.70602],[12.45508,55.70611],[12.455,55.70619],[12.45492,55.70627],[12.45489,55.70629],[12.45478,55.70634],[12.45465,55.70643],[12.45459,55.70648],[12.45456,55.70653],[12.45453,55.70658],[12.45448,55.70666],[12.4541,55.70701],[12.45406,55.70704],[12.45403,55.70705],[12.45399,55.70707],[12.45397,55.70708],[12.45389,55.70709],[12.45372,55.70711],[12.45371,55.7072],[12.45369,55.70738],[12.45367,55.70753],[12.45365,55.7077],[12.45363,55.70786],[12.45362,55.70802],[12.4536,55.70818],[12.4536,55.70821],[12.45358,55.70837],[12.45356,55.70853],[12.45354,55.70869],[12.45352,55.70886],[12.45351,55.70902],[12.45349,55.70918],[12.45347,55.70934],[12.45345,55.70953],[12.45344,55.70963],[12.4534,55.70994],[12.45339,55.71005],[12.45333,55.71045],[12.45309,55.71215],[12.45305,55.71223],[12.45309,55.71228],[12.45401,55.71285],[12.45486,55.71333],[12.45564,55.71363],[12.45669,55.7139],[12.457,55.71398],[12.45711,55.71401],[12.45724,55.71407],[12.45731,55.71411],[12.45746,55.71421],[12.45752,55.71424],[12.45788,55.71448],[12.4579,55.71451],[12.45795,55.71457],[12.45797,55.71461],[12.45801,55.71467],[12.45823,55.71516],[12.45836,55.71544],[12.45861,55.716],[12.4587,55.7162],[12.45873,55.71626],[12.45882,55.71647],[12.46161,55.71539],[12.46387,55.71458],[12.46406,55.71451],[12.46808,55.71303],[12.47266,55.71183],[12.47362,55.71158],[12.47496,55.71121],[12.47716,55.7106],[12.47762,55.71048],[12.47998,55.70968],[12.48239,55.70886],[12.48512,55.70782],[12.48513,55.70782],[12.48576,55.70834],[12.48576,55.70834],[12.4858,55.70839],[12.48583,55.70843],[12.48585,55.70848],[12.48587,55.70853],[12.48588,55.70858],[12.48588,55.70863],[12.48587,55.70868],[12.48585,55.70873],[12.4858,55.70881],[12.48581,55.7088],[12.48587,55.70877],[12.48595,55.70874],[12.48603,55.70873],[12.48611,55.70872],[12.48619,55.70871],[12.48628,55.70871],[12.48636,55.7087],[12.48644,55.7087],[12.48653,55.7087],[12.48661,55.70871],[12.48669,55.70871],[12.48678,55.70872],[12.48686,55.70873],[12.48694,55.70874],[12.48702,55.70875],[12.4871,55.70876],[12.48718,55.70878],[12.48726,55.70879],[12.48733,55.70881],[12.4874,55.70883],[12.48748,55.70885],[12.48755,55.70887],[12.48762,55.70889],[12.48769,55.70891],[12.48776,55.70893],[12.48783,55.70896],[12.48806,55.70904],[12.48812,55.70907],[12.48818,55.70911],[12.48822,55.70915],[12.48825,55.70918],[12.48913,55.71049],[12.48914,55.7105],[12.48917,55.71054],[12.48921,55.71059],[12.48926,55.71063],[12.48931,55.71067],[12.48936,55.71072],[12.48941,55.71075],[12.48947,55.71079],[12.48953,55.71083],[12.4896,55.71086],[12.48967,55.71089],[12.48974,55.71092],[12.48981,55.71095],[12.48989,55.71097],[12.48997,55.711],[12.49005,55.71102],[12.49013,55.71104],[12.49022,55.71105],[12.4903,55.71107],[12.49039,55.71108],[12.49144,55.71111],[12.49195,55.71106],[12.49259,55.71095],[12.49261,55.71095],[12.49268,55.71094],[12.49276,55.71093],[12.49284,55.71092],[12.49292,55.71091],[12.493,55.71091],[12.49308,55.71091],[12.49316,55.71092],[12.49324,55.71092],[12.49331,55.71093],[12.49339,55.71094],[12.49347,55.71096],[12.49354,55.71097],[12.49361,55.71099],[12.4937,55.71105],[12.49396,55.71106],[12.49425,55.71107],[12.49439,55.71108],[12.49448,55.71083],[12.49456,55.71057],[12.49459,55.7105],[12.49472,55.70999],[12.49472,55.70996],[12.49468,55.70982],[12.49461,55.7096],[12.49456,55.7094],[12.4945,55.70922],[12.49445,55.70761],[12.49445,55.70752],[12.49438,55.70686],[12.49429,55.70678],[12.49422,55.70672],[12.49414,55.70667],[12.49408,55.70662],[12.49375,55.70635],[12.4936,55.70623],[12.49334,55.70601],[12.49314,55.70586],[12.49291,55.70568],[12.49291,55.70568],[12.49269,55.7055],[12.49255,55.70539],[12.49245,55.7054],[12.49105,55.7043],[12.49101,55.70427],[12.49096,55.70423],[12.49091,55.70419],[12.49087,55.70414],[12.49083,55.7041],[12.4908,55.70405],[12.49078,55.704],[12.49076,55.70395],[12.49076,55.70394],[12.49046,55.70313],[12.48997,55.70174],[12.48945,55.70057],[12.48898,55.6995],[12.48873,55.69895],[12.48854,55.69851],[12.48843,55.69851],[12.48804,55.69848],[12.48778,55.69846],[12.48752,55.69845],[12.4871,55.69842],[12.48708,55.69842],[12.48688,55.6984],[12.48685,55.6984],[12.48621,55.69836],[12.4859,55.69834],[12.48555,55.69831],[12.48547,55.69831],[12.48539,55.6983],[12.48502,55.69828],[12.48478,55.69826]]]]}},{"type":"Feature","properties":{"nbhd_name":"Amagerbro \u00f8st","uesi_id":"DNK_N13707878","nbhd_code":"DNK_N13707878_50"},"geometry":{"type":"MultiPolygon","coordinates":[[[[12.60897,55.65842],[12.60892,55.65838],[12.60886,55.65835],[12.6088,55.65831],[12.60874,55.65828],[12.60867,55.65826],[12.6086,55.65823],[12.60853,55.65821],[12.60791,55.65804],[12.60776,55.65816],[12.60712,55.65869],[12.60619,55.65946],[12.60549,55.66003],[12.60506,55.66037],[12.60398,55.66125],[12.60327,55.66184],[12.6022,55.66272],[12.6019,55.66296],[12.60157,55.66324],[12.60153,55.66329],[12.60136,55.66347],[12.60088,55.66398],[12.60053,55.66435],[12.6003,55.66462],[12.59997,55.66497],[12.59992,55.66501],[12.59964,55.66531],[12.59948,55.66543],[12.59938,55.66553],[12.59851,55.66642],[12.59676,55.66821],[12.59646,55.66853],[12.5963,55.6687],[12.5969,55.66885],[12.59728,55.6689],[12.59767,55.66892],[12.59798,55.66893],[12.59836,55.66891],[12.5984,55.66907],[12.5983,55.66922],[12.59828,55.66925],[12.59933,55.66948],[12.59964,55.66938],[12.59965,55.66938],[12.59975,55.66936],[12.59985,55.66934],[12.59996,55.66934],[12.60006,55.66933],[12.60017,55.66934],[12.60027,55.66935],[12.60037,55.66937],[12.60041,55.66937],[12.60041,55.66937],[12.60041,55.66937],[12.6005,55.6694],[12.60059,55.66943],[12.60067,55.66947],[12.60075,55.66951],[12.60079,55.66953],[12.60085,55.66958],[12.60091,55.66964],[12.60095,55.66969],[12.60099,55.66975],[12.60099,55.66977],[12.60106,55.66994],[12.6032,55.67087],[12.60356,55.67103],[12.6038,55.67099],[12.60386,55.67099],[12.60392,55.67098],[12.60398,55.67098],[12.60404,55.67098],[12.6041,55.67098],[12.60416,55.67099],[12.60422,55.671],[12.60428,55.67101],[12.60434,55.67102],[12.6044,55.67104],[12.60446,55.67106],[12.60451,55.67108],[12.60456,55.6711],[12.6046,55.67112],[12.60465,55.67115],[12.60469,55.67118],[12.6048,55.67129],[12.60486,55.67144],[12.60486,55.67156],[12.60524,55.6715],[12.6053,55.67158],[12.6054,55.67163],[12.60568,55.67153],[12.60674,55.67064],[12.60761,55.6699],[12.60805,55.66946],[12.60807,55.66943],[12.60812,55.66937],[12.60898,55.66948],[12.60973,55.66954],[12.61036,55.66955],[12.61076,55.66955],[12.61121,55.66955],[12.61158,55.66953],[12.61192,55.6695],[12.61509,55.6692],[12.61826,55.66888],[12.61823,55.66878],[12.61819,55.66874],[12.61814,55.6687],[12.61807,55.66868],[12.618,55.66866],[12.61799,55.66865],[12.6148,55.66797],[12.6149,55.66781],[12.61501,55.66777],[12.61555,55.66704],[12.61562,55.66695],[12.61709,55.66727],[12.61714,55.66719],[12.61803,55.66604],[12.6181,55.66595],[12.61875,55.66511],[12.61906,55.66471],[12.61922,55.6645],[12.61945,55.6642],[12.61967,55.66392],[12.61969,55.6639],[12.61999,55.6635],[12.62015,55.6633],[12.6202,55.66324],[12.61935,55.66307],[12.61863,55.66292],[12.61856,55.6629],[12.61823,55.66279],[12.61796,55.66271],[12.61757,55.66264],[12.6169,55.66252],[12.61668,55.66247],[12.61504,55.66215],[12.61321,55.66178],[12.61404,55.66053],[12.61344,55.66041],[12.61196,55.6601],[12.61103,55.65987],[12.61061,55.65971],[12.61038,55.6596],[12.60902,55.65846],[12.60901,55.65846],[12.60897,55.65842]]]]}},{"type":"Feature","properties":{"nbhd_name":"Husum Nord","uesi_id":"DNK_N13707878","nbhd_code":"DNK_N13707878_51"},"geometry":{"type":"MultiPolygon","coordinates":[[[[12.48585,55.70873],[12.48587,55.70868],[12.48588,55.70863],[12.48588,55.70858],[12.48587,55.70853],[12.48585,55.70848],[12.48583,55.70843],[12.4858,55.70839],[12.48576,55.70834],[12.48576,55.70834],[12.48513,55.70782],[12.48512,55.70782],[12.48239,55.70886],[12.47998,55.70968],[12.47762,55.71048],[12.47716,55.7106],[12.47496,55.71121],[12.47362,55.71158],[12.47266,55.71183],[12.46808,55.71303],[12.46406,55.71451],[12.46387,55.71458],[12.46161,55.71539],[12.45882,55.71647],[12.45875,55.7166],[12.45877,55.71661],[12.45874,55.71666],[12.45867,55.7168],[12.45866,55.71682],[12.45868,55.71683],[12.45912,55.71689],[12.45913,55.71689],[12.45931,55.71692],[12.46038,55.71709],[12.46049,55.7171],[12.4607,55.71714],[12.4609,55.71717],[12.46111,55.7172],[12.46131,55.71723],[12.46152,55.71726],[12.46172,55.71729],[12.46193,55.71732],[12.46202,55.71734],[12.46223,55.71737],[12.46252,55.71743],[12.46281,55.71749],[12.46309,55.71755],[12.46337,55.71762],[12.46364,55.7177],[12.46391,55.71778],[12.46417,55.71787],[12.46443,55.71796],[12.46468,55.71806],[12.46492,55.71816],[12.46516,55.71827],[12.46539,55.71839],[12.46561,55.71851],[12.46578,55.71861],[12.46593,55.7187],[12.46621,55.71887],[12.46622,55.71885],[12.46969,55.71886],[12.47045,55.71886],[12.47062,55.71886],[12.47079,55.71886],[12.47119,55.71886],[12.47287,55.71886],[12.47311,55.71907],[12.47324,55.71918],[12.47332,55.71925],[12.47338,55.71929],[12.4736,55.71945],[12.47372,55.71952],[12.4743,55.71985],[12.47522,55.72027],[12.47545,55.72037],[12.47564,55.72043],[12.47607,55.72063],[12.47627,55.72072],[12.4763,55.72073],[12.4765,55.72079],[12.47657,55.72071],[12.4766,55.72066],[12.47661,55.72063],[12.47662,55.72062],[12.47669,55.72057],[12.47673,55.72053],[12.47679,55.72049],[12.47682,55.72044],[12.47682,55.72039],[12.4768,55.72034],[12.47675,55.7203],[12.47671,55.72027],[12.47666,55.72023],[12.4766,55.72019],[12.47657,55.72016],[12.47656,55.72013],[12.47655,55.7201],[12.47656,55.72006],[12.47658,55.72003],[12.47664,55.71999],[12.4767,55.71993],[12.47685,55.7198],[12.47691,55.71976],[12.47698,55.71972],[12.47714,55.71966],[12.47726,55.71962],[12.47755,55.71952],[12.47768,55.71949],[12.47781,55.71943],[12.47784,55.7194],[12.47786,55.71935],[12.47787,55.71933],[12.47787,55.7193],[12.47785,55.71927],[12.47783,55.71925],[12.47783,55.71923],[12.47785,55.71921],[12.47791,55.71916],[12.47798,55.71911],[12.47803,55.71907],[12.4781,55.71903],[12.47816,55.719],[12.47825,55.71897],[12.4784,55.71895],[12.47854,55.71894],[12.47868,55.71895],[12.47889,55.71896],[12.47924,55.71894],[12.48684,55.71712],[12.48888,55.71696],[12.48988,55.71691],[12.4908,55.7169],[12.49177,55.71696],[12.49267,55.71706],[12.49349,55.71719],[12.49418,55.71733],[12.49434,55.71737],[12.49536,55.7176],[12.49628,55.71791],[12.49648,55.71799],[12.497,55.71822],[12.49741,55.71842],[12.49774,55.71867],[12.49775,55.71868],[12.49818,55.7191],[12.49841,55.71896],[12.49841,55.71895],[12.49841,55.71893],[12.49849,55.71888],[12.49864,55.71878],[12.49878,55.71867],[12.49892,55.71855],[12.49901,55.71846],[12.4991,55.71837],[12.49917,55.71828],[12.49923,55.7182],[12.49955,55.71772],[12.49962,55.71761],[12.49964,55.71759],[12.49972,55.71748],[12.49973,55.71746],[12.49987,55.71729],[12.49987,55.71729],[12.49998,55.71717],[12.50011,55.71705],[12.50029,55.71689],[12.50044,55.71676],[12.50063,55.7166],[12.50077,55.71649],[12.50081,55.71646],[12.50098,55.71632],[12.50118,55.71614],[12.50124,55.7161],[12.50147,55.71589],[12.50168,55.7157],[12.50182,55.71557],[12.50199,55.71541],[12.50211,55.71529],[12.5022,55.7152],[12.5024,55.71501],[12.50263,55.71479],[12.50285,55.71458],[12.50298,55.71446],[12.50354,55.71395],[12.50373,55.71377],[12.50474,55.71285],[12.50438,55.71269],[12.50437,55.71267],[12.50437,55.71266],[12.50435,55.71264],[12.50431,55.71262],[12.50428,55.71261],[12.50418,55.71258],[12.50411,55.71257],[12.50402,55.71256],[12.50401,55.71256],[12.50393,55.71254],[12.50384,55.71251],[12.50376,55.71248],[12.50371,55.71246],[12.50364,55.71242],[12.50361,55.7124],[12.50356,55.71236],[12.50355,55.71235],[12.50351,55.71231],[12.50349,55.71229],[12.50346,55.71224],[12.50345,55.71222],[12.50343,55.71217],[12.50342,55.71212],[12.50341,55.71202],[12.5034,55.71194],[12.5034,55.71191],[12.50338,55.71185],[12.50336,55.71183],[12.50331,55.71176],[12.50329,55.71174],[12.50323,55.71168],[12.50321,55.71166],[12.50314,55.71161],[12.50311,55.7116],[12.50303,55.71156],[12.50299,55.71155],[12.50292,55.71152],[12.50291,55.71152],[12.50282,55.71149],[12.50273,55.71147],[12.50263,55.71146],[12.50252,55.71145],[12.50244,55.71145],[12.50233,55.71145],[12.50211,55.71147],[12.50188,55.71149],[12.50164,55.71151],[12.50147,55.71152],[12.50126,55.71153],[12.50114,55.71153],[12.50109,55.71154],[12.50088,55.71154],[12.50068,55.71154],[12.50055,55.71154],[12.50048,55.71154],[12.5004,55.71154],[12.50037,55.71154],[12.50029,55.71154],[12.50021,55.71154],[12.50016,55.71154],[12.49999,55.71153],[12.49988,55.71152],[12.49984,55.71152],[12.4998,55.71152],[12.49971,55.71151],[12.49965,55.71151],[12.49962,55.71151],[12.4996,55.71151],[12.49957,55.7115],[12.49953,55.7115],[12.49948,55.7115],[12.49947,55.7115],[12.49942,55.7115],[12.4994,55.71151],[12.49938,55.71151],[12.49936,55.71151],[12.49934,55.71151],[12.49931,55.71151],[12.49929,55.71151],[12.49928,55.71151],[12.49927,55.71138],[12.49902,55.71141],[12.49846,55.71178],[12.49833,55.71187],[12.49819,55.71195],[12.49805,55.71203],[12.4979,55.7121],[12.49774,55.71217],[12.49757,55.71223],[12.4974,55.71228],[12.49722,55.71233],[12.49704,55.71238],[12.49695,55.7124],[12.49686,55.71242],[12.49667,55.71245],[12.49661,55.71246],[12.49644,55.71248],[12.49643,55.71248],[12.4963,55.71249],[12.49618,55.71249],[12.49605,55.71249],[12.49592,55.71248],[12.4958,55.71246],[12.49568,55.71244],[12.49567,55.71244],[12.49554,55.71241],[12.49542,55.71238],[12.4953,55.71234],[12.49527,55.71232],[12.49514,55.71226],[12.49502,55.7122],[12.49494,55.71215],[12.49484,55.71209],[12.49475,55.71202],[12.49467,55.71195],[12.49463,55.71191],[12.49456,55.71182],[12.49449,55.71174],[12.49448,55.71172],[12.49444,55.71164],[12.49441,55.71157],[12.4944,55.71154],[12.49438,55.71145],[12.49437,55.71141],[12.49437,55.71131],[12.49437,55.71122],[12.49439,55.71112],[12.49439,55.71109],[12.49439,55.71108],[12.49425,55.71107],[12.49396,55.71106],[12.4937,55.71105],[12.49361,55.71099],[12.49354,55.71097],[12.49347,55.71096],[12.49339,55.71094],[12.49331,55.71093],[12.49324,55.71092],[12.49316,55.71092],[12.49308,55.71091],[12.493,55.71091],[12.49292,55.71091],[12.49284,55.71092],[12.49276,55.71093],[12.49268,55.71094],[12.49261,55.71095],[12.49259,55.71095],[12.49195,55.71106],[12.49144,55.71111],[12.49039,55.71108],[12.4903,55.71107],[12.49022,55.71105],[12.49013,55.71104],[12.49005,55.71102],[12.48997,55.711],[12.48989,55.71097],[12.48981,55.71095],[12.48974,55.71092],[12.48967,55.71089],[12.4896,55.71086],[12.48953,55.71083],[12.48947,55.71079],[12.48941,55.71075],[12.48936,55.71072],[12.48931,55.71067],[12.48926,55.71063],[12.48921,55.71059],[12.48917,55.71054],[12.48914,55.7105],[12.48913,55.71049],[12.48825,55.70918],[12.48822,55.70915],[12.48818,55.70911],[12.48812,55.70907],[12.48806,55.70904],[12.48783,55.70896],[12.48776,55.70893],[12.48769,55.70891],[12.48762,55.70889],[12.48755,55.70887],[12.48748,55.70885],[12.4874,55.70883],[12.48733,55.70881],[12.48726,55.70879],[12.48718,55.70878],[12.4871,55.70876],[12.48702,55.70875],[12.48694,55.70874],[12.48686,55.70873],[12.48678,55.70872],[12.48669,55.70871],[12.48661,55.70871],[12.48653,55.7087],[12.48644,55.7087],[12.48636,55.7087],[12.48628,55.70871],[12.48619,55.70871],[12.48611,55.70872],[12.48603,55.70873],[12.48595,55.70874],[12.48587,55.70877],[12.48581,55.7088],[12.4858,55.70881],[12.48585,55.70873]]]]}},{"type":"Feature","properties":{"nbhd_name":"Tingbjerg","uesi_id":"DNK_N13707878","nbhd_code":"DNK_N13707878_52"},"geometry":{"type":"MultiPolygon","coordinates":[[[[12.47691,55.72095],[12.47683,55.72092],[12.4767,55.72085],[12.4765,55.72079],[12.47657,55.72071],[12.4766,55.72066],[12.47661,55.72063],[12.47662,55.72062],[12.47669,55.72057],[12.47673,55.72053],[12.47679,55.72049],[12.47682,55.72044],[12.47682,55.72039],[12.4768,55.72034],[12.47675,55.7203],[12.47671,55.72027],[12.47666,55.72023],[12.4766,55.72019],[12.47657,55.72016],[12.47656,55.72013],[12.47655,55.7201],[12.47656,55.72006],[12.47658,55.72003],[12.47664,55.71999],[12.4767,55.71993],[12.47685,55.7198],[12.47691,55.71976],[12.47698,55.71972],[12.47714,55.71966],[12.47726,55.71962],[12.47755,55.71952],[12.47768,55.71949],[12.47781,55.71943],[12.47784,55.7194],[12.47786,55.71935],[12.47787,55.71933],[12.47787,55.7193],[12.47785,55.71927],[12.47783,55.71925],[12.47783,55.71923],[12.47785,55.71921],[12.47791,55.71916],[12.47798,55.71911],[12.47803,55.71907],[12.4781,55.71903],[12.47816,55.719],[12.47825,55.71897],[12.4784,55.71895],[12.47854,55.71894],[12.47868,55.71895],[12.47889,55.71896],[12.47924,55.71894],[12.48684,55.71712],[12.48888,55.71696],[12.48988,55.71691],[12.4908,55.7169],[12.49177,55.71696],[12.49267,55.71706],[12.49349,55.71719],[12.49418,55.71733],[12.49434,55.71737],[12.49536,55.7176],[12.49628,55.71791],[12.49648,55.71799],[12.497,55.71822],[12.49741,55.71842],[12.49774,55.71867],[12.49775,55.71868],[12.49818,55.7191],[12.49789,55.71929],[12.49234,55.7227],[12.49085,55.72351],[12.49032,55.72381],[12.49014,55.72388],[12.48943,55.72417],[12.4887,55.72449],[12.48834,55.72451],[12.48802,55.72452],[12.48729,55.72455],[12.48694,55.72456],[12.48688,55.72456],[12.48669,55.72458],[12.4862,55.72462],[12.48586,55.72465],[12.48542,55.72469],[12.48476,55.72474],[12.48432,55.72477],[12.48249,55.72407],[12.4811,55.72354],[12.48093,55.72347],[12.48038,55.72325],[12.47751,55.7221],[12.47745,55.72193],[12.47711,55.72103],[12.47691,55.72095]]]]}},{"type":"Feature","properties":{"nbhd_name":"Br\u00f8nsh\u00f8j","uesi_id":"DNK_N13707878","nbhd_code":"DNK_N13707878_53"},"geometry":{"type":"MultiPolygon","coordinates":[[[[12.49297,55.69752],[12.49176,55.69744],[12.49098,55.69739],[12.49081,55.69738],[12.49021,55.69734],[12.49021,55.69743],[12.4903,55.69863],[12.49022,55.69862],[12.48933,55.69856],[12.48922,55.69856],[12.48864,55.69852],[12.48854,55.69851],[12.48873,55.69895],[12.48898,55.6995],[12.48945,55.70057],[12.48997,55.70174],[12.49046,55.70313],[12.49076,55.70394],[12.49076,55.70395],[12.49078,55.704],[12.4908,55.70405],[12.49083,55.7041],[12.49087,55.70414],[12.49091,55.70419],[12.49096,55.70423],[12.49101,55.70427],[12.49105,55.7043],[12.49245,55.7054],[12.49255,55.70539],[12.49269,55.7055],[12.49291,55.70568],[12.49291,55.70568],[12.49314,55.70586],[12.49334,55.70601],[12.4936,55.70623],[12.49375,55.70635],[12.49408,55.70662],[12.49414,55.70667],[12.49422,55.70672],[12.49429,55.70678],[12.49438,55.70686],[12.49445,55.70752],[12.49445,55.70761],[12.4945,55.70922],[12.49456,55.7094],[12.49461,55.7096],[12.49468,55.70982],[12.49472,55.70996],[12.49472,55.70999],[12.49459,55.7105],[12.49456,55.71057],[12.49448,55.71083],[12.49439,55.71108],[12.49439,55.71109],[12.49439,55.71112],[12.49437,55.71122],[12.49437,55.71131],[12.49437,55.71141],[12.49438,55.71145],[12.4944,55.71154],[12.49441,55.71157],[12.49444,55.71164],[12.49448,55.71172],[12.49449,55.71174],[12.49456,55.71182],[12.49463,55.71191],[12.49467,55.71195],[12.49475,55.71202],[12.49484,55.71209],[12.49494,55.71215],[12.49502,55.7122],[12.49514,55.71226],[12.49527,55.71232],[12.4953,55.71234],[12.49542,55.71238],[12.49554,55.71241],[12.49567,55.71244],[12.49568,55.71244],[12.4958,55.71246],[12.49592,55.71248],[12.49605,55.71249],[12.49618,55.71249],[12.4963,55.71249],[12.49643,55.71248],[12.49644,55.71248],[12.49661,55.71246],[12.49667,55.71245],[12.49686,55.71242],[12.49695,55.7124],[12.49704,55.71238],[12.49722,55.71233],[12.4974,55.71228],[12.49757,55.71223],[12.49774,55.71217],[12.4979,55.7121],[12.49805,55.71203],[12.49819,55.71195],[12.49833,55.71187],[12.49846,55.71178],[12.49902,55.71141],[12.49927,55.71138],[12.49928,55.71151],[12.49929,55.71151],[12.49931,55.71151],[12.49934,55.71151],[12.49936,55.71151],[12.49938,55.71151],[12.4994,55.71151],[12.49942,55.7115],[12.49947,55.7115],[12.49948,55.7115],[12.49953,55.7115],[12.49957,55.7115],[12.4996,55.71151],[12.49962,55.71151],[12.49965,55.71151],[12.49971,55.71151],[12.4998,55.71152],[12.49984,55.71152],[12.49988,55.71152],[12.49999,55.71153],[12.50016,55.71154],[12.50021,55.71154],[12.50029,55.71154],[12.50037,55.71154],[12.5004,55.71154],[12.50048,55.71154],[12.50055,55.71154],[12.50068,55.71154],[12.50088,55.71154],[12.50109,55.71154],[12.50114,55.71153],[12.50126,55.71153],[12.50147,55.71152],[12.50164,55.71151],[12.50188,55.71149],[12.50211,55.71147],[12.50233,55.71145],[12.50244,55.71145],[12.50252,55.71145],[12.50263,55.71146],[12.50273,55.71147],[12.50282,55.71149],[12.50291,55.71152],[12.50292,55.71152],[12.50299,55.71155],[12.50303,55.71156],[12.50311,55.7116],[12.50314,55.71161],[12.50321,55.71166],[12.50323,55.71168],[12.50329,55.71174],[12.50331,55.71176],[12.50336,55.71183],[12.50338,55.71185],[12.5034,55.71191],[12.5034,55.71194],[12.50341,55.71202],[12.50342,55.71212],[12.50343,55.71217],[12.50345,55.71222],[12.50346,55.71224],[12.50349,55.71229],[12.50351,55.71231],[12.50355,55.71235],[12.50356,55.71236],[12.50361,55.7124],[12.50364,55.71242],[12.50371,55.71246],[12.50376,55.71248],[12.50384,55.71251],[12.50393,55.71254],[12.50401,55.71256],[12.50402,55.71256],[12.50411,55.71257],[12.50418,55.71258],[12.50428,55.71261],[12.50431,55.71262],[12.50435,55.71264],[12.50437,55.71266],[12.50437,55.71267],[12.50438,55.71269],[12.50474,55.71285],[12.50373,55.71377],[12.50354,55.71395],[12.50298,55.71446],[12.50285,55.71458],[12.50263,55.71479],[12.5024,55.71501],[12.5022,55.7152],[12.50211,55.71529],[12.50199,55.71541],[12.50182,55.71557],[12.50168,55.7157],[12.50147,55.71589],[12.50124,55.7161],[12.50118,55.71614],[12.50098,55.71632],[12.50081,55.71646],[12.50077,55.71649],[12.50063,55.7166],[12.50044,55.71676],[12.50029,55.71689],[12.50011,55.71705],[12.49998,55.71717],[12.49987,55.71729],[12.49987,55.71729],[12.49973,55.71746],[12.49972,55.71748],[12.49964,55.71759],[12.49962,55.71761],[12.49955,55.71772],[12.49923,55.7182],[12.49917,55.71828],[12.4991,55.71837],[12.49901,55.71846],[12.49892,55.71855],[12.49878,55.71867],[12.49864,55.71878],[12.49849,55.71888],[12.49841,55.71893],[12.49841,55.71895],[12.49841,55.71896],[12.49818,55.7191],[12.49789,55.71929],[12.49234,55.7227],[12.49327,55.72284],[12.49414,55.72298],[12.49612,55.7222],[12.49719,55.72179],[12.49875,55.72117],[12.49878,55.72116],[12.49893,55.7211],[12.49909,55.72103],[12.49912,55.72102],[12.49928,55.72096],[12.4994,55.72092],[12.49997,55.72073],[12.5001,55.72069],[12.50099,55.72044],[12.50141,55.72051],[12.50182,55.72054],[12.50221,55.72055],[12.50259,55.72053],[12.50295,55.72038],[12.50354,55.72012],[12.5037,55.72005],[12.50406,55.71997],[12.50436,55.71985],[12.50452,55.71985],[12.50457,55.71985],[12.50485,55.7199],[12.50504,55.71998],[12.50541,55.71999],[12.50568,55.71991],[12.50577,55.71988],[12.50591,55.71983],[12.50602,55.71985],[12.50609,55.71986],[12.50629,55.7199],[12.50634,55.71991],[12.50659,55.7199],[12.5067,55.71992],[12.50686,55.71995],[12.5071,55.72004],[12.50728,55.72011],[12.50734,55.72013],[12.50756,55.72019],[12.50763,55.7202],[12.50774,55.72022],[12.50801,55.72025],[12.50808,55.72026],[12.50827,55.72027],[12.50838,55.72026],[12.50842,55.72025],[12.50861,55.72022],[12.50864,55.72022],[12.50899,55.72019],[12.50908,55.72018],[12.50947,55.72016],[12.50957,55.72016],[12.50989,55.72013],[12.51015,55.72011],[12.51019,55.72011],[12.5102,55.72011],[12.51049,55.72011],[12.51065,55.72011],[12.51075,55.7201],[12.51084,55.72008],[12.51101,55.72008],[12.51104,55.72008],[12.51131,55.72007],[12.51133,55.72006],[12.51159,55.72002],[12.51163,55.72001],[12.51184,55.71997],[12.51194,55.71995],[12.5121,55.71988],[12.51223,55.71982],[12.51236,55.71982],[12.51247,55.71982],[12.51288,55.71984],[12.51291,55.71984],[12.51301,55.71985],[12.51308,55.71972],[12.51313,55.71961],[12.51317,55.7195],[12.5132,55.7194],[12.51322,55.71932],[12.51324,55.71922],[12.51326,55.71911],[12.51327,55.719],[12.51327,55.71889],[12.51327,55.71877],[12.51326,55.71868],[12.51325,55.71855],[12.51322,55.71844],[12.51319,55.71834],[12.51315,55.71821],[12.51308,55.71802],[12.51296,55.71772],[12.51323,55.71774],[12.51335,55.71774],[12.51343,55.71775],[12.51351,55.71775],[12.51358,55.71774],[12.51365,55.71774],[12.51373,55.71774],[12.51379,55.71774],[12.51385,55.71773],[12.51393,55.71773],[12.514,55.71772],[12.51407,55.71771],[12.51414,55.7177],[12.51422,55.71769],[12.51436,55.71767],[12.51443,55.71766],[12.51449,55.71765],[12.51455,55.71764],[12.51462,55.71762],[12.51468,55.71761],[12.51483,55.71757],[12.51498,55.71753],[12.51514,55.71748],[12.51528,55.71743],[12.51543,55.71739],[12.51557,55.71735],[12.51577,55.7173],[12.5159,55.71726],[12.51603,55.71723],[12.51623,55.71718],[12.51635,55.71715],[12.51646,55.71713],[12.51661,55.7171],[12.5166,55.71706],[12.51646,55.71641],[12.51634,55.71582],[12.51632,55.7157],[12.51628,55.71547],[12.51623,55.71523],[12.51614,55.71487],[12.51579,55.71407],[12.5157,55.71401],[12.51535,55.71378],[12.51508,55.71359],[12.51504,55.71357],[12.51503,55.71356],[12.51498,55.71352],[12.51482,55.71341],[12.5147,55.71332],[12.51464,55.71328],[12.51458,55.71324],[12.51445,55.71317],[12.51354,55.71272],[12.51348,55.7127],[12.51307,55.71259],[12.51217,55.71173],[12.51268,55.71055],[12.5128,55.71028],[12.51282,55.71014],[12.51271,55.70964],[12.51267,55.70937],[12.51265,55.70928],[12.51258,55.70917],[12.51245,55.70904],[12.51234,55.7089],[12.51226,55.70881],[12.51211,55.70868],[12.51185,55.70845],[12.51159,55.70825],[12.51153,55.7082],[12.51146,55.70813],[12.51139,55.70805],[12.50989,55.70653],[12.50989,55.70653],[12.50986,55.70648],[12.50986,55.70644],[12.50987,55.70639],[12.50988,55.70637],[12.51009,55.70592],[12.50888,55.70576],[12.50892,55.7056],[12.50915,55.70463],[12.50841,55.70461],[12.50805,55.70457],[12.50742,55.7039],[12.50732,55.7038],[12.50713,55.70369],[12.50674,55.70327],[12.5066,55.70313],[12.50663,55.703],[12.50664,55.70296],[12.50667,55.70293],[12.50669,55.70291],[12.50674,55.70287],[12.50681,55.70282],[12.507,55.70269],[12.50701,55.70267],[12.50706,55.70264],[12.50707,55.70262],[12.50708,55.70257],[12.50707,55.70255],[12.50707,55.70253],[12.50706,55.7025],[12.50705,55.70247],[12.50699,55.70237],[12.50689,55.70217],[12.50685,55.7021],[12.50679,55.70197],[12.5067,55.70184],[12.50667,55.70178],[12.50662,55.70171],[12.50656,55.7016],[12.50644,55.70149],[12.50629,55.70133],[12.5062,55.70125],[12.50612,55.70116],[12.50611,55.70115],[12.50599,55.70104],[12.50587,55.70106],[12.50575,55.70093],[12.5057,55.70089],[12.50538,55.70085],[12.50529,55.70082],[12.50525,55.7008],[12.50514,55.70072],[12.50501,55.70062],[12.50487,55.70052],[12.50473,55.70043],[12.50465,55.70039],[12.50452,55.70036],[12.50435,55.70032],[12.5043,55.7003],[12.50416,55.70024],[12.50409,55.70019],[12.50402,55.70014],[12.50391,55.70004],[12.50389,55.70003],[12.50386,55.69998],[12.50373,55.69981],[12.50366,55.69972],[12.50364,55.69967],[12.50359,55.69953],[12.50359,55.69945],[12.50361,55.69939],[12.50364,55.69924],[12.50367,55.69914],[12.5037,55.69908],[12.5037,55.69906],[12.50371,55.69884],[12.50371,55.69874],[12.5035,55.69867],[12.50317,55.69856],[12.50275,55.69843],[12.50301,55.69825],[12.50305,55.69823],[12.50304,55.69823],[12.50303,55.69823],[12.50302,55.69823],[12.50301,55.69822],[12.503,55.69822],[12.50299,55.69822],[12.50298,55.69822],[12.50297,55.69822],[12.50295,55.69822],[12.50294,55.69822],[12.50293,55.69822],[12.50292,55.69822],[12.50291,55.69822],[12.5029,55.69822],[12.50289,55.69822],[12.50288,55.69822],[12.50287,55.69821],[12.50261,55.6982],[12.50095,55.69812],[12.50064,55.6981],[12.49976,55.69806],[12.49854,55.698],[12.49839,55.69799],[12.49823,55.69798],[12.49755,55.69796],[12.4949,55.69787],[12.49407,55.69785],[12.49381,55.69767],[12.49298,55.69759],[12.49297,55.69752]]]]}},{"type":"Feature","properties":{"nbhd_name":"Emdrup","uesi_id":"DNK_N13707878","nbhd_code":"DNK_N13707878_54"},"geometry":{"type":"MultiPolygon","coordinates":[[[[12.52984,55.72179],[12.53004,55.72158],[12.53078,55.72112],[12.53118,55.72079],[12.53139,55.72051],[12.53159,55.71977],[12.53154,55.71868],[12.53153,55.71863],[12.53145,55.71812],[12.52843,55.71886],[12.52816,55.71895],[12.52806,55.71891],[12.52799,55.71888],[12.52792,55.71885],[12.52785,55.71883],[12.52778,55.7188],[12.52771,55.71878],[12.52764,55.71876],[12.52757,55.71873],[12.5275,55.71871],[12.52743,55.71869],[12.52735,55.71867],[12.52728,55.71865],[12.52721,55.71863],[12.52713,55.71861],[12.52706,55.71859],[12.52698,55.71857],[12.52696,55.71856],[12.52431,55.71792],[12.52425,55.7179],[12.52415,55.71787],[12.52406,55.71785],[12.52397,55.71782],[12.52387,55.71779],[12.52378,55.71777],[12.52369,55.71774],[12.52359,55.71771],[12.5235,55.71768],[12.52341,55.71765],[12.52332,55.71762],[12.52323,55.71758],[12.52314,55.71755],[12.52306,55.71752],[12.52297,55.71749],[12.52288,55.71745],[12.5228,55.71742],[12.52271,55.71738],[12.52262,55.71735],[12.52254,55.71731],[12.52246,55.71728],[12.52237,55.71724],[12.52229,55.7172],[12.52221,55.71716],[12.52213,55.71713],[12.52205,55.71709],[12.52197,55.71705],[12.52189,55.71701],[12.52181,55.71697],[12.52174,55.71693],[12.52166,55.71689],[12.52159,55.71684],[12.52151,55.7168],[12.52146,55.71677],[12.52069,55.71679],[12.52005,55.7168],[12.51936,55.7168],[12.51874,55.71682],[12.51831,55.71686],[12.51793,55.7169],[12.51744,55.71696],[12.51702,55.71702],[12.51661,55.7171],[12.51646,55.71713],[12.51635,55.71715],[12.51623,55.71718],[12.51603,55.71723],[12.5159,55.71726],[12.51577,55.7173],[12.51557,55.71735],[12.51543,55.71739],[12.51528,55.71743],[12.51514,55.71748],[12.51498,55.71753],[12.51483,55.71757],[12.51468,55.71761],[12.51462,55.71762],[12.51455,55.71764],[12.51449,55.71765],[12.51443,55.71766],[12.51436,55.71767],[12.51422,55.71769],[12.51414,55.7177],[12.51407,55.71771],[12.514,55.71772],[12.51393,55.71773],[12.51385,55.71773],[12.51379,55.71774],[12.51373,55.71774],[12.51365,55.71774],[12.51358,55.71774],[12.51351,55.71775],[12.51343,55.71775],[12.51335,55.71774],[12.51323,55.71774],[12.51296,55.71772],[12.51308,55.71802],[12.51315,55.71821],[12.51319,55.71834],[12.51322,55.71844],[12.51325,55.71855],[12.51326,55.71868],[12.51327,55.71877],[12.51327,55.71889],[12.51327,55.719],[12.51326,55.71911],[12.51324,55.71922],[12.51322,55.71932],[12.5132,55.7194],[12.51317,55.7195],[12.51313,55.71961],[12.51308,55.71972],[12.51301,55.71985],[12.51311,55.71985],[12.51312,55.71985],[12.51348,55.71987],[12.51358,55.71997],[12.51353,55.72004],[12.51349,55.72012],[12.51349,55.72013],[12.51351,55.72028],[12.51353,55.72036],[12.51354,55.72041],[12.51364,55.72058],[12.51366,55.72062],[12.51377,55.72074],[12.51385,55.72083],[12.51391,55.72088],[12.51418,55.72112],[12.51451,55.7216],[12.5146,55.72182],[12.51473,55.72211],[12.51473,55.72216],[12.51472,55.72231],[12.51472,55.72235],[12.51469,55.7225],[12.51465,55.72269],[12.51462,55.72289],[12.51462,55.72289],[12.51466,55.72289],[12.51492,55.72288],[12.51519,55.72287],[12.51529,55.72287],[12.51541,55.72302],[12.5161,55.72395],[12.51653,55.72453],[12.51689,55.72502],[12.51697,55.72513],[12.5174,55.72573],[12.5179,55.72633],[12.51837,55.7268],[12.51893,55.72721],[12.5196,55.72757],[12.52126,55.72785],[12.52134,55.72785],[12.52148,55.72783],[12.5237,55.72748],[12.52369,55.72754],[12.52369,55.72756],[12.5248,55.72742],[12.52514,55.72736],[12.52524,55.72734],[12.52527,55.72727],[12.52532,55.72718],[12.52537,55.7271],[12.52559,55.72682],[12.52563,55.72684],[12.52564,55.72684],[12.52622,55.7271],[12.52625,55.72711],[12.52651,55.72704],[12.52717,55.72689],[12.52719,55.72689],[12.52742,55.72683],[12.52847,55.727],[12.52888,55.72707],[12.52924,55.72713],[12.52953,55.72715],[12.52964,55.72714],[12.53317,55.72698],[12.53467,55.7271],[12.53479,55.72711],[12.5349,55.72712],[12.53501,55.72712],[12.53513,55.72711],[12.53524,55.72711],[12.53535,55.7271],[12.53546,55.72709],[12.53556,55.72707],[12.53565,55.72706],[12.53574,55.72704],[12.53583,55.72702],[12.53674,55.72681],[12.53822,55.72646],[12.53822,55.72646],[12.5383,55.72644],[12.53846,55.7264],[12.53876,55.72633],[12.53894,55.72599],[12.53907,55.72568],[12.53912,55.72547],[12.53915,55.72538],[12.53949,55.72442],[12.53972,55.72382],[12.53975,55.72373],[12.53998,55.72317],[12.53998,55.72316],[12.54002,55.72308],[12.54013,55.72287],[12.5402,55.7228],[12.54024,55.72272],[12.54027,55.72262],[12.54027,55.7225],[12.54051,55.72203],[12.54059,55.7219],[12.54063,55.72182],[12.54064,55.7218],[12.5407,55.72169],[12.54077,55.72156],[12.54096,55.72124],[12.54099,55.72119],[12.54123,55.72085],[12.54149,55.72049],[12.54171,55.7202],[12.54178,55.72011],[12.54195,55.71988],[12.54202,55.7198],[12.5421,55.71969],[12.54139,55.71953],[12.5413,55.71952],[12.54122,55.71949],[12.54115,55.71947],[12.54107,55.71944],[12.541,55.71942],[12.54093,55.71939],[12.54077,55.71945],[12.54048,55.71956],[12.54016,55.71969],[12.53998,55.71975],[12.5398,55.71982],[12.53962,55.71988],[12.53944,55.71994],[12.53925,55.71999],[12.53906,55.72004],[12.53886,55.72009],[12.53867,55.72014],[12.53847,55.72018],[12.53827,55.72022],[12.53807,55.72026],[12.53787,55.72029],[12.53766,55.72032],[12.53746,55.72035],[12.53725,55.72037],[12.53704,55.72039],[12.53683,55.72041],[12.53662,55.72043],[12.53641,55.72044],[12.5362,55.72044],[12.53591,55.72045],[12.53588,55.72045],[12.53559,55.72045],[12.53529,55.72044],[12.53491,55.72042],[12.53511,55.72108],[12.53512,55.7211],[12.53534,55.7218],[12.53535,55.72185],[12.53536,55.72187],[12.53563,55.72273],[12.53566,55.72282],[12.53406,55.72293],[12.53085,55.72304],[12.52917,55.72311],[12.52984,55.72179]]]]}},{"type":"Feature","properties":{"nbhd_name":"Ryparken-Lundehus","uesi_id":"DNK_N13707878","nbhd_code":"DNK_N13707878_55"},"geometry":{"type":"MultiPolygon","coordinates":[[[[12.55807,55.71479],[12.5576,55.71446],[12.55695,55.71402],[12.55601,55.71336],[12.55506,55.7127],[12.55482,55.71253],[12.5545,55.71232],[12.55441,55.71225],[12.55436,55.71222],[12.55414,55.71207],[12.5541,55.71204],[12.55379,55.71183],[12.5532,55.71148],[12.55309,55.71142],[12.55243,55.71182],[12.55241,55.71182],[12.55239,55.71181],[12.55236,55.71181],[12.55234,55.7118],[12.55232,55.7118],[12.55229,55.71179],[12.55227,55.71179],[12.55225,55.71178],[12.55222,55.71178],[12.5522,55.71177],[12.55218,55.71177],[12.55215,55.71176],[12.55213,55.71176],[12.55211,55.71176],[12.55208,55.71175],[12.55206,55.71175],[12.55203,55.71174],[12.55201,55.71174],[12.55199,55.71173],[12.55196,55.71173],[12.55194,55.71173],[12.55191,55.71172],[12.55189,55.71172],[12.55187,55.71171],[12.55184,55.71171],[12.55182,55.71171],[12.55179,55.7117],[12.55177,55.7117],[12.55175,55.7117],[12.55172,55.71169],[12.5517,55.71169],[12.55167,55.71169],[12.55165,55.71168],[12.55162,55.71168],[12.5516,55.71168],[12.55157,55.71167],[12.55155,55.71167],[12.55153,55.71167],[12.5515,55.71166],[12.55148,55.71166],[12.55145,55.71166],[12.55143,55.71166],[12.5514,55.71165],[12.55138,55.71165],[12.55135,55.71165],[12.55133,55.71165],[12.5513,55.71164],[12.55128,55.71164],[12.55125,55.71164],[12.55123,55.71164],[12.55121,55.71164],[12.55118,55.71163],[12.55116,55.71163],[12.55113,55.71163],[12.55111,55.71163],[12.55108,55.71163],[12.55106,55.71163],[12.55103,55.71163],[12.55101,55.71162],[12.55098,55.71162],[12.55096,55.71162],[12.55093,55.71162],[12.55091,55.71162],[12.55088,55.71162],[12.55086,55.71162],[12.55083,55.71162],[12.55081,55.71162],[12.55078,55.71161],[12.55076,55.71161],[12.55073,55.71161],[12.55071,55.71161],[12.55068,55.71161],[12.55066,55.71161],[12.55063,55.71161],[12.55061,55.71161],[12.55058,55.71161],[12.55056,55.71161],[12.55053,55.71161],[12.55051,55.71161],[12.55048,55.71161],[12.55046,55.71161],[12.55043,55.71161],[12.55041,55.71161],[12.55038,55.71161],[12.55036,55.71161],[12.55033,55.71161],[12.55031,55.71162],[12.55028,55.71162],[12.55026,55.71162],[12.55023,55.71162],[12.55021,55.71162],[12.55018,55.71162],[12.55016,55.71162],[12.55013,55.71162],[12.55011,55.71162],[12.55008,55.71162],[12.55006,55.71163],[12.55003,55.71163],[12.55001,55.71163],[12.54998,55.71163],[12.54996,55.71163],[12.54993,55.71163],[12.54991,55.71164],[12.54988,55.71164],[12.54986,55.71164],[12.54983,55.71164],[12.54981,55.71164],[12.54978,55.71165],[12.54976,55.71165],[12.54973,55.71165],[12.54971,55.71165],[12.54969,55.71165],[12.54966,55.71166],[12.54964,55.71166],[12.54961,55.71166],[12.54959,55.71166],[12.54956,55.71167],[12.54954,55.71167],[12.54951,55.71167],[12.54949,55.71168],[12.54946,55.71168],[12.54944,55.71168],[12.54942,55.71169],[12.54939,55.71169],[12.54937,55.71169],[12.54934,55.7117],[12.54932,55.7117],[12.54929,55.7117],[12.54927,55.71171],[12.54925,55.71171],[12.54922,55.71171],[12.5492,55.71172],[12.54917,55.71172],[12.54915,55.71173],[12.54913,55.71173],[12.5491,55.71173],[12.54908,55.71174],[12.54905,55.71174],[12.54903,55.71175],[12.54901,55.71175],[12.54898,55.71176],[12.54896,55.71176],[12.54894,55.71176],[12.54891,55.71177],[12.54889,55.71177],[12.54886,55.71178],[12.54884,55.71178],[12.54882,55.71179],[12.54879,55.71179],[12.54877,55.7118],[12.54875,55.7118],[12.54872,55.71181],[12.5487,55.71181],[12.54868,55.71182],[12.54865,55.71183],[12.54863,55.71183],[12.54861,55.71184],[12.54859,55.71184],[12.54856,55.71185],[12.54854,55.71185],[12.54852,55.71186],[12.54849,55.71186],[12.54847,55.71187],[12.54845,55.71188],[12.54843,55.71188],[12.5484,55.71189],[12.54838,55.71189],[12.54836,55.7119],[12.54834,55.71191],[12.54831,55.71191],[12.54829,55.71192],[12.54827,55.71193],[12.54825,55.71193],[12.54823,55.71194],[12.5482,55.71195],[12.54818,55.71195],[12.54816,55.71196],[12.54814,55.71197],[12.54812,55.71197],[12.54809,55.71198],[12.54807,55.71199],[12.54805,55.712],[12.54803,55.712],[12.54801,55.71201],[12.54799,55.71202],[12.54797,55.71202],[12.54794,55.71203],[12.54792,55.71204],[12.5479,55.71205],[12.54788,55.71205],[12.54786,55.71206],[12.54784,55.71207],[12.54782,55.71208],[12.5478,55.71209],[12.54778,55.71209],[12.54776,55.7121],[12.54773,55.71211],[12.54771,55.71212],[12.54769,55.71213],[12.54767,55.71213],[12.54765,55.71214],[12.54763,55.71215],[12.54761,55.71216],[12.54759,55.71217],[12.54757,55.71218],[12.54755,55.71218],[12.54753,55.71219],[12.54751,55.7122],[12.54749,55.71221],[12.54747,55.71222],[12.54745,55.71223],[12.54744,55.71224],[12.54742,55.71225],[12.5474,55.71226],[12.54738,55.71226],[12.54736,55.71227],[12.54734,55.71228],[12.54732,55.71229],[12.5473,55.7123],[12.54728,55.71231],[12.54726,55.71232],[12.54725,55.71233],[12.54723,55.71234],[12.54721,55.71235],[12.54719,55.71236],[12.54717,55.71237],[12.54715,55.71238],[12.54714,55.71239],[12.54712,55.7124],[12.5471,55.71241],[12.54708,55.71242],[12.54706,55.71243],[12.54705,55.71244],[12.54703,55.71245],[12.54701,55.71246],[12.54699,55.71247],[12.54698,55.71248],[12.54696,55.71249],[12.54694,55.7125],[12.54693,55.71251],[12.54691,55.71252],[12.54689,55.71253],[12.54688,55.71253],[12.54688,55.71254],[12.54687,55.71255],[12.54687,55.71255],[12.54686,55.71256],[12.54686,55.71257],[12.54685,55.71257],[12.54685,55.71258],[12.54684,55.71258],[12.54684,55.71259],[12.54683,55.7126],[12.54683,55.7126],[12.54682,55.71261],[12.54682,55.71262],[12.54681,55.71262],[12.54681,55.71263],[12.54681,55.71263],[12.5468,55.71264],[12.5468,55.71265],[12.5468,55.71265],[12.54679,55.71266],[12.54679,55.71267],[12.54679,55.71267],[12.54678,55.71268],[12.54678,55.71269],[12.54678,55.71269],[12.54677,55.7127],[12.54677,55.71271],[12.54677,55.71271],[12.54677,55.71272],[12.54676,55.71273],[12.54676,55.71273],[12.54676,55.71274],[12.54676,55.71275],[12.54676,55.71275],[12.54676,55.71276],[12.54675,55.71277],[12.54675,55.71277],[12.54675,55.71278],[12.54674,55.71281],[12.54673,55.71286],[12.54672,55.7129],[12.54666,55.71312],[12.54662,55.7133],[12.54653,55.71355],[12.54648,55.71369],[12.54635,55.71394],[12.54631,55.71401],[12.54612,55.71428],[12.54605,55.71438],[12.54574,55.71481],[12.54545,55.71519],[12.54539,55.71527],[12.54531,55.71537],[12.54532,55.7154],[12.54522,55.71553],[12.54472,55.71619],[12.54465,55.71628],[12.54273,55.71887],[12.54221,55.71957],[12.54217,55.71959],[12.5421,55.71969],[12.54202,55.7198],[12.54195,55.71988],[12.54178,55.72011],[12.54171,55.7202],[12.54149,55.72049],[12.54123,55.72085],[12.54099,55.72119],[12.54096,55.72124],[12.54077,55.72156],[12.5407,55.72169],[12.54064,55.7218],[12.54063,55.72182],[12.54059,55.7219],[12.54051,55.72203],[12.54027,55.7225],[12.54027,55.72262],[12.54024,55.72272],[12.5402,55.7228],[12.54013,55.72287],[12.54002,55.72308],[12.53998,55.72316],[12.53998,55.72317],[12.53975,55.72373],[12.53972,55.72382],[12.53949,55.72442],[12.53915,55.72538],[12.53912,55.72547],[12.53907,55.72568],[12.53894,55.72599],[12.53876,55.72633],[12.53895,55.72629],[12.53908,55.72626],[12.53913,55.72625],[12.53917,55.72624],[12.53925,55.72621],[12.53933,55.72618],[12.53941,55.72615],[12.53948,55.72612],[12.53955,55.72608],[12.53961,55.72604],[12.53967,55.726],[12.53973,55.72595],[12.53978,55.72591],[12.53982,55.72586],[12.53986,55.72581],[12.53989,55.72576],[12.5407,55.72439],[12.54074,55.72434],[12.54078,55.72428],[12.54083,55.72423],[12.54088,55.72418],[12.54094,55.72413],[12.541,55.72408],[12.54107,55.72404],[12.54114,55.72399],[12.54121,55.72395],[12.54129,55.72391],[12.54138,55.72388],[12.54146,55.72384],[12.54155,55.72381],[12.54165,55.72379],[12.54174,55.72376],[12.54184,55.72374],[12.54194,55.72372],[12.54204,55.72371],[12.54214,55.7237],[12.54225,55.72369],[12.54235,55.72369],[12.54254,55.72368],[12.5427,55.72368],[12.5432,55.72366],[12.54333,55.72366],[12.54346,55.72365],[12.54359,55.72364],[12.5436,55.72367],[12.54361,55.72368],[12.54365,55.72377],[12.54366,55.72378],[12.54369,55.72385],[12.54371,55.72388],[12.54374,55.72392],[12.54377,55.72395],[12.54378,55.72395],[12.5438,55.72396],[12.54393,55.72402],[12.54401,55.72405],[12.54407,55.72407],[12.54414,55.72409],[12.54421,55.7241],[12.54427,55.72412],[12.54432,55.72413],[12.54439,55.72414],[12.54446,55.72415],[12.54454,55.72416],[12.5446,55.72417],[12.54467,55.72417],[12.54474,55.72417],[12.54488,55.72417],[12.54504,55.72416],[12.5453,55.72415],[12.54538,55.72415],[12.54545,55.72414],[12.54554,55.72413],[12.5456,55.72413],[12.54581,55.72411],[12.54597,55.72409],[12.54609,55.72408],[12.54631,55.72405],[12.54637,55.72404],[12.5464,55.72404],[12.54665,55.72399],[12.54683,55.72396],[12.54723,55.7239],[12.54741,55.72388],[12.54768,55.72385],[12.54785,55.72385],[12.54796,55.72385],[12.54801,55.72384],[12.54827,55.72384],[12.54853,55.72383],[12.54879,55.72383],[12.5488,55.72383],[12.54881,55.72383],[12.54908,55.72383],[12.54936,55.72395],[12.5495,55.72384],[12.54955,55.72374],[12.54957,55.7237],[12.54961,55.72372],[12.54967,55.72374],[12.5497,55.72376],[12.54979,55.72381],[12.54984,55.72382],[12.54988,55.72384],[12.54994,55.72385],[12.54999,55.72385],[12.55003,55.72386],[12.55014,55.72386],[12.55017,55.72386],[12.55024,55.72386],[12.55033,55.72385],[12.55043,55.72381],[12.55047,55.7238],[12.5505,55.7238],[12.55052,55.72379],[12.55056,55.72377],[12.55065,55.72376],[12.55076,55.72376],[12.55087,55.72376],[12.55101,55.72372],[12.55118,55.72369],[12.55131,55.72365],[12.5516,55.72358],[12.55162,55.72358],[12.55166,55.72355],[12.55171,55.72352],[12.55171,55.72351],[12.55192,55.72347],[12.55206,55.72343],[12.55261,55.72345],[12.55292,55.72345],[12.55303,55.72345],[12.5531,55.72343],[12.55335,55.7234],[12.55355,55.72338],[12.55362,55.72336],[12.55374,55.72334],[12.55377,55.72335],[12.55382,55.72336],[12.55392,55.7234],[12.55395,55.72342],[12.554,55.72343],[12.55401,55.72343],[12.55405,55.72342],[12.55408,55.72342],[12.55413,55.72339],[12.55416,55.72339],[12.55419,55.72339],[12.55441,55.72293],[12.55473,55.72298],[12.555,55.72303],[12.55506,55.72304],[12.5551,55.72295],[12.55546,55.72294],[12.55562,55.72293],[12.55585,55.72292],[12.55636,55.7229],[12.55654,55.7229],[12.55681,55.72289],[12.55725,55.72288],[12.55957,55.7228],[12.55977,55.7228],[12.55977,55.7228],[12.55982,55.72279],[12.56136,55.72274],[12.56135,55.72264],[12.56136,55.72257],[12.56158,55.72248],[12.56164,55.72246],[12.56179,55.7224],[12.5634,55.72194],[12.56339,55.72189],[12.56339,55.72188],[12.56346,55.72186],[12.5635,55.72182],[12.56223,55.72069],[12.56329,55.72022],[12.56293,55.71996],[12.56422,55.71939],[12.56444,55.71928],[12.56328,55.71838],[12.56295,55.71815],[12.56265,55.71794],[12.56202,55.7175],[12.56106,55.71685],[12.56074,55.71662],[12.56043,55.71641],[12.5598,55.71598],[12.55928,55.71562],[12.55917,55.71554],[12.55903,55.71545],[12.55858,55.71513],[12.55807,55.71479]]]]}},{"type":"Feature","properties":{"nbhd_name":"Bispebjerg","uesi_id":"DNK_N13707878","nbhd_code":"DNK_N13707878_56"},"geometry":{"type":"MultiPolygon","coordinates":[[[[12.541,55.71942],[12.54107,55.71944],[12.54115,55.71947],[12.54122,55.71949],[12.5413,55.71952],[12.54139,55.71953],[12.5421,55.71969],[12.54217,55.71959],[12.54221,55.71957],[12.54273,55.71887],[12.54465,55.71628],[12.54472,55.71619],[12.54522,55.71553],[12.54532,55.7154],[12.54531,55.71537],[12.54539,55.71527],[12.54545,55.71519],[12.54574,55.71481],[12.54605,55.71438],[12.54612,55.71428],[12.54631,55.71401],[12.54635,55.71394],[12.54648,55.71369],[12.54653,55.71355],[12.54662,55.7133],[12.54666,55.71312],[12.54672,55.7129],[12.54673,55.71286],[12.54674,55.71281],[12.54675,55.71278],[12.54675,55.71277],[12.54675,55.71277],[12.54676,55.71276],[12.54676,55.71275],[12.54676,55.71275],[12.54676,55.71274],[12.54676,55.71273],[12.54676,55.71273],[12.54677,55.71272],[12.54677,55.71271],[12.54677,55.71271],[12.54677,55.7127],[12.54678,55.71269],[12.54678,55.71269],[12.54678,55.71268],[12.54679,55.71267],[12.54679,55.71267],[12.54679,55.71266],[12.5468,55.71265],[12.5468,55.71265],[12.5468,55.71264],[12.54681,55.71263],[12.54681,55.71263],[12.54681,55.71262],[12.54682,55.71262],[12.54682,55.71261],[12.54683,55.7126],[12.54683,55.7126],[12.54684,55.71259],[12.54684,55.71258],[12.54685,55.71258],[12.54685,55.71257],[12.54686,55.71257],[12.54686,55.71256],[12.54687,55.71255],[12.54687,55.71255],[12.54688,55.71254],[12.54688,55.71253],[12.54689,55.71253],[12.54691,55.71252],[12.54693,55.71251],[12.54694,55.7125],[12.54696,55.71249],[12.54698,55.71248],[12.54699,55.71247],[12.54701,55.71246],[12.54703,55.71245],[12.54705,55.71244],[12.54706,55.71243],[12.54708,55.71242],[12.5471,55.71241],[12.54712,55.7124],[12.54714,55.71239],[12.54715,55.71238],[12.54717,55.71237],[12.54719,55.71236],[12.54721,55.71235],[12.54723,55.71234],[12.54725,55.71233],[12.54726,55.71232],[12.54728,55.71231],[12.5473,55.7123],[12.54732,55.71229],[12.54734,55.71228],[12.54736,55.71227],[12.54738,55.71226],[12.5474,55.71226],[12.54742,55.71225],[12.54744,55.71224],[12.54745,55.71223],[12.54747,55.71222],[12.54749,55.71221],[12.54751,55.7122],[12.54753,55.71219],[12.54755,55.71218],[12.54757,55.71218],[12.54759,55.71217],[12.54761,55.71216],[12.54763,55.71215],[12.54765,55.71214],[12.54767,55.71213],[12.54769,55.71213],[12.54771,55.71212],[12.54773,55.71211],[12.54776,55.7121],[12.54778,55.71209],[12.5478,55.71209],[12.54782,55.71208],[12.54784,55.71207],[12.54786,55.71206],[12.54788,55.71205],[12.5479,55.71205],[12.54792,55.71204],[12.54794,55.71203],[12.54797,55.71202],[12.54799,55.71202],[12.54801,55.71201],[12.54803,55.712],[12.54805,55.712],[12.54807,55.71199],[12.54809,55.71198],[12.54812,55.71197],[12.54814,55.71197],[12.54816,55.71196],[12.54818,55.71195],[12.5482,55.71195],[12.54823,55.71194],[12.54825,55.71193],[12.54827,55.71193],[12.54829,55.71192],[12.54831,55.71191],[12.54834,55.71191],[12.54836,55.7119],[12.54838,55.71189],[12.5484,55.71189],[12.54843,55.71188],[12.54845,55.71188],[12.54847,55.71187],[12.54849,55.71186],[12.54852,55.71186],[12.54854,55.71185],[12.54856,55.71185],[12.54859,55.71184],[12.54861,55.71184],[12.54863,55.71183],[12.54865,55.71183],[12.54868,55.71182],[12.5487,55.71181],[12.54872,55.71181],[12.54875,55.7118],[12.54877,55.7118],[12.54879,55.71179],[12.54882,55.71179],[12.54884,55.71178],[12.54886,55.71178],[12.54889,55.71177],[12.54891,55.71177],[12.54894,55.71176],[12.54896,55.71176],[12.54898,55.71176],[12.54901,55.71175],[12.54903,55.71175],[12.54905,55.71174],[12.54908,55.71174],[12.5491,55.71173],[12.54913,55.71173],[12.54915,55.71173],[12.54917,55.71172],[12.5492,55.71172],[12.54922,55.71171],[12.54925,55.71171],[12.54927,55.71171],[12.54929,55.7117],[12.54932,55.7117],[12.54934,55.7117],[12.54937,55.71169],[12.54939,55.71169],[12.54942,55.71169],[12.54944,55.71168],[12.54946,55.71168],[12.54949,55.71168],[12.54951,55.71167],[12.54954,55.71167],[12.54956,55.71167],[12.54959,55.71166],[12.54961,55.71166],[12.54964,55.71166],[12.54966,55.71166],[12.54969,55.71165],[12.54971,55.71165],[12.54973,55.71165],[12.54976,55.71165],[12.54978,55.71165],[12.54981,55.71164],[12.54983,55.71164],[12.54986,55.71164],[12.54988,55.71164],[12.54991,55.71164],[12.54993,55.71163],[12.54996,55.71163],[12.54998,55.71163],[12.55001,55.71163],[12.55003,55.71163],[12.55006,55.71163],[12.55008,55.71162],[12.55011,55.71162],[12.55013,55.71162],[12.55016,55.71162],[12.55018,55.71162],[12.55021,55.71162],[12.55023,55.71162],[12.55026,55.71162],[12.55028,55.71162],[12.55031,55.71162],[12.55033,55.71161],[12.55036,55.71161],[12.55038,55.71161],[12.55041,55.71161],[12.55043,55.71161],[12.55046,55.71161],[12.55048,55.71161],[12.55051,55.71161],[12.55053,55.71161],[12.55056,55.71161],[12.55058,55.71161],[12.55061,55.71161],[12.55063,55.71161],[12.55066,55.71161],[12.55068,55.71161],[12.55071,55.71161],[12.55073,55.71161],[12.55076,55.71161],[12.55078,55.71161],[12.55081,55.71162],[12.55083,55.71162],[12.55086,55.71162],[12.55088,55.71162],[12.55091,55.71162],[12.55093,55.71162],[12.55096,55.71162],[12.55098,55.71162],[12.55101,55.71162],[12.55103,55.71163],[12.55106,55.71163],[12.55108,55.71163],[12.55111,55.71163],[12.55113,55.71163],[12.55116,55.71163],[12.55118,55.71163],[12.55121,55.71164],[12.55123,55.71164],[12.55125,55.71164],[12.55128,55.71164],[12.5513,55.71164],[12.55133,55.71165],[12.55135,55.71165],[12.55138,55.71165],[12.5514,55.71165],[12.55143,55.71166],[12.55145,55.71166],[12.55148,55.71166],[12.5515,55.71166],[12.55153,55.71167],[12.55155,55.71167],[12.55157,55.71167],[12.5516,55.71168],[12.55162,55.71168],[12.55165,55.71168],[12.55167,55.71169],[12.5517,55.71169],[12.55172,55.71169],[12.55175,55.7117],[12.55177,55.7117],[12.55179,55.7117],[12.55182,55.71171],[12.55184,55.71171],[12.55187,55.71171],[12.55189,55.71172],[12.55191,55.71172],[12.55194,55.71173],[12.55196,55.71173],[12.55199,55.71173],[12.55201,55.71174],[12.55203,55.71174],[12.55206,55.71175],[12.55208,55.71175],[12.55211,55.71176],[12.55213,55.71176],[12.55215,55.71176],[12.55218,55.71177],[12.5522,55.71177],[12.55222,55.71178],[12.55225,55.71178],[12.55227,55.71179],[12.55229,55.71179],[12.55232,55.7118],[12.55234,55.7118],[12.55236,55.71181],[12.55239,55.71181],[12.55241,55.71182],[12.55243,55.71182],[12.55309,55.71142],[12.55283,55.71128],[12.55243,55.71111],[12.55163,55.71076],[12.55034,55.71033],[12.54949,55.71004],[12.5482,55.7096],[12.54733,55.70932],[12.54691,55.70918],[12.54648,55.70903],[12.54605,55.70888],[12.54564,55.70871],[12.54514,55.70851],[12.54465,55.70829],[12.54454,55.70836],[12.54341,55.70767],[12.54331,55.70762],[12.54296,55.70741],[12.54268,55.70725],[12.54268,55.70724],[12.54267,55.70724],[12.54267,55.70723],[12.54267,55.70723],[12.54266,55.70723],[12.54266,55.70722],[12.54265,55.70722],[12.54265,55.70722],[12.54264,55.70721],[12.54264,55.70721],[12.54264,55.70721],[12.54263,55.7072],[12.54263,55.7072],[12.54262,55.7072],[12.54262,55.70719],[12.54262,55.70719],[12.54261,55.70719],[12.54261,55.70718],[12.5426,55.70718],[12.5426,55.70718],[12.54259,55.70717],[12.54259,55.70717],[12.54258,55.70717],[12.54258,55.70716],[12.54258,55.70716],[12.54251,55.70711],[12.54245,55.70707],[12.54243,55.70705],[12.54237,55.707],[12.5423,55.70695],[12.54228,55.70693],[12.54222,55.70689],[12.54215,55.70684],[12.54213,55.70682],[12.54207,55.70677],[12.54203,55.70675],[12.5419,55.70681],[12.54189,55.70681],[12.54186,55.70678],[12.54175,55.70671],[12.54148,55.70688],[12.54139,55.70694],[12.54117,55.70708],[12.54075,55.70745],[12.54069,55.7075],[12.54046,55.7077],[12.54025,55.70788],[12.54021,55.70791],[12.53984,55.70826],[12.53978,55.70832],[12.5397,55.70839],[12.53969,55.7084],[12.53915,55.70895],[12.53653,55.71186],[12.5351,55.71347],[12.53498,55.71327],[12.53495,55.71323],[12.53492,55.71318],[12.53489,55.71314],[12.53486,55.71309],[12.53483,55.71305],[12.53479,55.713],[12.53475,55.71296],[12.53471,55.71292],[12.53467,55.71288],[12.53463,55.71284],[12.53458,55.71279],[12.53453,55.71275],[12.53448,55.71271],[12.53443,55.71268],[12.53438,55.71264],[12.53433,55.7126],[12.53427,55.71256],[12.53422,55.71253],[12.53416,55.71249],[12.5341,55.71246],[12.53404,55.71242],[12.53397,55.71239],[12.53396,55.71238],[12.5339,55.71236],[12.53384,55.71233],[12.53377,55.7123],[12.5337,55.71227],[12.53364,55.71224],[12.53357,55.71221],[12.53349,55.71218],[12.53342,55.71216],[12.53338,55.71215],[12.53335,55.71213],[12.53327,55.71211],[12.53325,55.71211],[12.53208,55.71187],[12.53207,55.71224],[12.53164,55.71221],[12.52337,55.71142],[12.52188,55.71127],[12.52103,55.71312],[12.51991,55.71558],[12.52005,55.71573],[12.52008,55.71575],[12.52009,55.71577],[12.52015,55.71582],[12.5202,55.71587],[12.52026,55.71592],[12.52032,55.71597],[12.52038,55.71602],[12.52044,55.71607],[12.5205,55.71612],[12.52056,55.71617],[12.52062,55.71621],[12.52068,55.71626],[12.52075,55.71631],[12.52081,55.71636],[12.52088,55.7164],[12.52095,55.71645],[12.52101,55.71649],[12.52108,55.71654],[12.52115,55.71658],[12.52122,55.71663],[12.52129,55.71667],[12.52137,55.71672],[12.52146,55.71677],[12.52151,55.7168],[12.52159,55.71684],[12.52166,55.71689],[12.52174,55.71693],[12.52181,55.71697],[12.52189,55.71701],[12.52197,55.71705],[12.52205,55.71709],[12.52213,55.71713],[12.52221,55.71716],[12.52229,55.7172],[12.52237,55.71724],[12.52246,55.71728],[12.52254,55.71731],[12.52262,55.71735],[12.52271,55.71738],[12.5228,55.71742],[12.52288,55.71745],[12.52297,55.71749],[12.52306,55.71752],[12.52314,55.71755],[12.52323,55.71758],[12.52332,55.71762],[12.52341,55.71765],[12.5235,55.71768],[12.52359,55.71771],[12.52369,55.71774],[12.52378,55.71777],[12.52387,55.71779],[12.52397,55.71782],[12.52406,55.71785],[12.52415,55.71787],[12.52425,55.7179],[12.52431,55.71792],[12.52696,55.71856],[12.52698,55.71857],[12.52706,55.71859],[12.52713,55.71861],[12.52721,55.71863],[12.52728,55.71865],[12.52735,55.71867],[12.52743,55.71869],[12.5275,55.71871],[12.52757,55.71873],[12.52764,55.71876],[12.52771,55.71878],[12.52778,55.7188],[12.52785,55.71883],[12.52792,55.71885],[12.52799,55.71888],[12.52806,55.71891],[12.52816,55.71895],[12.52843,55.71886],[12.53145,55.71812],[12.53153,55.71863],[12.53154,55.71868],[12.53159,55.71977],[12.53139,55.72051],[12.53118,55.72079],[12.53078,55.72112],[12.53004,55.72158],[12.52984,55.72179],[12.52917,55.72311],[12.53085,55.72304],[12.53406,55.72293],[12.53566,55.72282],[12.53563,55.72273],[12.53536,55.72187],[12.53535,55.72185],[12.53534,55.7218],[12.53512,55.7211],[12.53511,55.72108],[12.53491,55.72042],[12.53529,55.72044],[12.53559,55.72045],[12.53588,55.72045],[12.53591,55.72045],[12.5362,55.72044],[12.53641,55.72044],[12.53662,55.72043],[12.53683,55.72041],[12.53704,55.72039],[12.53725,55.72037],[12.53746,55.72035],[12.53766,55.72032],[12.53787,55.72029],[12.53807,55.72026],[12.53827,55.72022],[12.53847,55.72018],[12.53867,55.72014],[12.53886,55.72009],[12.53906,55.72004],[12.53925,55.71999],[12.53944,55.71994],[12.53962,55.71988],[12.5398,55.71982],[12.53998,55.71975],[12.54016,55.71969],[12.54048,55.71956],[12.54077,55.71945],[12.54093,55.71939],[12.541,55.71942]]]]}},{"type":"Feature","properties":{"nbhd_name":"Utterslev","uesi_id":"DNK_N13707878","nbhd_code":"DNK_N13707878_57"},"geometry":{"type":"MultiPolygon","coordinates":[[[[12.52161,55.70603],[12.52101,55.70612],[12.52056,55.70618],[12.5194,55.70633],[12.5172,55.70663],[12.51702,55.70664],[12.51683,55.70665],[12.51635,55.70664],[12.51614,55.70664],[12.51598,55.70663],[12.51594,55.70666],[12.51591,55.70669],[12.51586,55.70673],[12.5156,55.70688],[12.51511,55.70715],[12.51482,55.70729],[12.51482,55.7073],[12.51478,55.70732],[12.51465,55.70737],[12.51458,55.7074],[12.51457,55.7074],[12.5144,55.70747],[12.51392,55.70769],[12.51344,55.7079],[12.51289,55.70814],[12.51288,55.70814],[12.51251,55.70825],[12.51185,55.70845],[12.51211,55.70868],[12.51226,55.70881],[12.51234,55.7089],[12.51245,55.70904],[12.51258,55.70917],[12.51265,55.70928],[12.51267,55.70937],[12.51271,55.70964],[12.51282,55.71014],[12.5128,55.71028],[12.51268,55.71055],[12.51217,55.71173],[12.51307,55.71259],[12.51348,55.7127],[12.51354,55.71272],[12.51445,55.71317],[12.51458,55.71324],[12.51464,55.71328],[12.5147,55.71332],[12.51482,55.71341],[12.51498,55.71352],[12.51503,55.71356],[12.51504,55.71357],[12.51508,55.71359],[12.51535,55.71378],[12.5157,55.71401],[12.51579,55.71407],[12.51614,55.71487],[12.51623,55.71523],[12.51628,55.71547],[12.51632,55.7157],[12.51634,55.71582],[12.51646,55.71641],[12.5166,55.71706],[12.51661,55.7171],[12.51702,55.71702],[12.51744,55.71696],[12.51793,55.7169],[12.51831,55.71686],[12.51874,55.71682],[12.51936,55.7168],[12.52005,55.7168],[12.52069,55.71679],[12.52146,55.71677],[12.52137,55.71672],[12.52129,55.71667],[12.52122,55.71663],[12.52115,55.71658],[12.52108,55.71654],[12.52101,55.71649],[12.52095,55.71645],[12.52088,55.7164],[12.52081,55.71636],[12.52075,55.71631],[12.52068,55.71626],[12.52062,55.71621],[12.52056,55.71617],[12.5205,55.71612],[12.52044,55.71607],[12.52038,55.71602],[12.52032,55.71597],[12.52026,55.71592],[12.5202,55.71587],[12.52015,55.71582],[12.52009,55.71577],[12.52008,55.71575],[12.52005,55.71573],[12.51991,55.71558],[12.52103,55.71312],[12.52188,55.71127],[12.52337,55.71142],[12.52337,55.71132],[12.52337,55.71041],[12.52336,55.70965],[12.52175,55.70996],[12.52159,55.70968],[12.52142,55.70937],[12.52224,55.70921],[12.52499,55.70856],[12.52244,55.70733],[12.52226,55.70718],[12.522,55.70695],[12.52161,55.70603]]]]}},{"type":"Feature","properties":{"nbhd_name":"\u00d8restad City","uesi_id":"DNK_N13707878","nbhd_code":"DNK_N13707878_58"},"geometry":{"type":"MultiPolygon","coordinates":[[[[12.57185,55.63159],[12.57372,55.63132],[12.57431,55.63128],[12.57491,55.63127],[12.57614,55.63137],[12.57652,55.63142],[12.57694,55.63144],[12.57734,55.63145],[12.57779,55.63144],[12.57824,55.6314],[12.57877,55.63135],[12.57918,55.63128],[12.58002,55.6311],[12.58002,55.6311],[12.58155,55.63063],[12.58216,55.63053],[12.58285,55.63046],[12.5829,55.63052],[12.58315,55.63134],[12.58356,55.63271],[12.58389,55.63385],[12.58415,55.63469],[12.58461,55.63626],[12.58475,55.63672],[12.58513,55.63799],[12.58515,55.63805],[12.58537,55.63879],[12.58539,55.63888],[12.58582,55.64032],[12.58584,55.64038],[12.58604,55.64104],[12.58605,55.64107],[12.5861,55.64124],[12.58558,55.64109],[12.58525,55.641],[12.58497,55.64095],[12.58453,55.64088],[12.58425,55.64084],[12.58393,55.6408],[12.58351,55.64076],[12.58313,55.64074],[12.58271,55.64072],[12.58225,55.64072],[12.5818,55.64073],[12.58144,55.64075],[12.57571,55.64097],[12.57563,55.64077],[12.57438,55.63774],[12.57432,55.6376],[12.57393,55.63665],[12.57187,55.63164],[12.57185,55.63159]]]]}},{"type":"Feature","properties":{"nbhd_name":"Villakvartererne","uesi_id":"DNK_N13707878","nbhd_code":"DNK_N13707878_59"},"geometry":{"type":"MultiPolygon","coordinates":[[[[12.62247,55.64035],[12.62232,55.64031],[12.62229,55.64031],[12.62204,55.64024],[12.62194,55.64022],[12.62174,55.64017],[12.62152,55.64012],[12.62144,55.6401],[12.62113,55.64002],[12.62105,55.64],[12.621,55.63987],[12.621,55.63986],[12.62092,55.63964],[12.62039,55.63954],[12.62024,55.63951],[12.61944,55.63934],[12.61942,55.63937],[12.61935,55.63944],[12.61929,55.63952],[12.61913,55.63971],[12.61897,55.6399],[12.6189,55.63998],[12.61872,55.63994],[12.61855,55.64015],[12.61839,55.64012],[12.61831,55.64025],[12.61824,55.64038],[12.61817,55.64051],[12.61812,55.64059],[12.61742,55.64047],[12.61739,55.64047],[12.61739,55.64047],[12.61739,55.64047],[12.61719,55.64044],[12.61708,55.64066],[12.61671,55.64143],[12.61611,55.64263],[12.61577,55.64332],[12.61571,55.64345],[12.61554,55.6438],[12.61549,55.64389],[12.6152,55.64449],[12.6148,55.64529],[12.61464,55.64564],[12.61449,55.64599],[12.61438,55.64622],[12.61354,55.64808],[12.61281,55.64965],[12.61252,55.65036],[12.61191,55.6517],[12.61168,55.65221],[12.61153,55.65255],[12.6113,55.65305],[12.61123,55.65318],[12.61136,55.65319],[12.61144,55.6532],[12.61175,55.65326],[12.61514,55.65392],[12.61552,55.65318],[12.61674,55.65335],[12.61916,55.65378],[12.6189,55.65413],[12.62264,55.65486],[12.62263,55.65487],[12.62276,55.6549],[12.6229,55.65494],[12.6241,55.65516],[12.62556,55.65546],[12.62667,55.65569],[12.62941,55.65619],[12.62957,55.6562],[12.62971,55.65622],[12.6315,55.65647],[12.6318,55.65651],[12.63621,55.6571],[12.63672,55.65732],[12.63678,55.65735],[12.63809,55.65756],[12.64031,55.65783],[12.64417,55.65835],[12.64431,55.65822],[12.64507,55.65762],[12.64533,55.65747],[12.64556,55.65736],[12.64569,55.65724],[12.64593,55.65707],[12.64601,55.657],[12.64645,55.65672],[12.64709,55.65638],[12.64717,55.65632],[12.64746,55.65614],[12.64791,55.6559],[12.64813,55.65576],[12.64865,55.6555],[12.64892,55.65538],[12.6492,55.65524],[12.64936,55.65512],[12.6498,55.65485],[12.65004,55.65473],[12.65019,55.65468],[12.65049,55.65461],[12.65157,55.65463],[12.65161,55.65461],[12.65195,55.65461],[12.65195,55.65463],[12.652,55.65463],[12.65202,55.65463],[12.65204,55.65462],[12.65206,55.6546],[12.65206,55.65459],[12.65205,55.65457],[12.65203,55.65456],[12.65201,55.65456],[12.652,55.65456],[12.65195,55.65456],[12.65195,55.65457],[12.65161,55.65457],[12.65161,55.65455],[12.65048,55.65454],[12.65016,55.65443],[12.64988,55.65421],[12.64948,55.65395],[12.6489,55.65335],[12.64867,55.65298],[12.64852,55.65271],[12.64808,55.65207],[12.64797,55.65159],[12.64803,55.65138],[12.64794,55.65116],[12.64793,55.65095],[12.64799,55.6507],[12.64796,55.65037],[12.64793,55.65029],[12.64799,55.65008],[12.6481,55.64988],[12.64815,55.64967],[12.64826,55.64935],[12.64841,55.64913],[12.64866,55.64864],[12.64876,55.64851],[12.64882,55.64844],[12.64931,55.64839],[12.65004,55.64832],[12.65014,55.64831],[12.65023,55.6483],[12.65032,55.64828],[12.65041,55.64826],[12.65049,55.64823],[12.65057,55.64819],[12.65063,55.64815],[12.65069,55.64811],[12.65074,55.64806],[12.65078,55.64801],[12.6508,55.64796],[12.65081,55.64793],[12.65082,55.64791],[12.65081,55.64789],[12.6508,55.64788],[12.65077,55.64788],[12.65075,55.64788],[12.65072,55.64788],[12.65071,55.64789],[12.6507,55.6479],[12.65065,55.64768],[12.65068,55.64768],[12.6507,55.64768],[12.65073,55.64767],[12.65074,55.64766],[12.6507,55.64761],[12.65064,55.64757],[12.65058,55.64753],[12.65051,55.64749],[12.65043,55.64746],[12.65035,55.64743],[12.65026,55.64741],[12.65017,55.6474],[12.65008,55.64739],[12.64998,55.64739],[12.64989,55.64739],[12.64982,55.6474],[12.64934,55.64745],[12.64862,55.64753],[12.6485,55.6474],[12.64839,55.64726],[12.64828,55.64713],[12.64819,55.64698],[12.64811,55.64684],[12.64804,55.6467],[12.64804,55.64668],[12.64799,55.64655],[12.64791,55.6463],[12.6469,55.64616],[12.64453,55.64583],[12.64391,55.64574],[12.64378,55.64572],[12.64345,55.64568],[12.64137,55.64539],[12.63865,55.64501],[12.63861,55.645],[12.63859,55.645],[12.6383,55.64496],[12.63827,55.64495],[12.63678,55.64475],[12.6366,55.64472],[12.63643,55.6447],[12.63467,55.64445],[12.63448,55.64443],[12.63442,55.64442],[12.63433,55.6444],[12.63406,55.64499],[12.63399,55.64514],[12.63395,55.64513],[12.62859,55.64433],[12.62842,55.6443],[12.62837,55.6443],[12.62822,55.64426],[12.62815,55.64424],[12.62814,55.64424],[12.6277,55.64415],[12.62757,55.64412],[12.62743,55.64409],[12.62734,55.64407],[12.62712,55.64403],[12.6269,55.64398],[12.62678,55.64396],[12.6267,55.64394],[12.62664,55.64393],[12.62656,55.64391],[12.62651,55.6439],[12.62597,55.64379],[12.62603,55.64367],[12.62611,55.64354],[12.62614,55.64347],[12.62618,55.64341],[12.62622,55.64333],[12.62625,55.64327],[12.6263,55.64319],[12.62633,55.64313],[12.62638,55.64305],[12.62641,55.643],[12.62646,55.64291],[12.62648,55.64287],[12.62654,55.64277],[12.62655,55.64274],[12.62662,55.64262],[12.62662,55.64262],[12.62669,55.64249],[12.62674,55.64241],[12.62677,55.64235],[12.62685,55.6422],[12.62687,55.64217],[12.62693,55.64206],[12.62698,55.64198],[12.62701,55.64192],[12.62701,55.64192],[12.62709,55.64178],[12.62713,55.6417],[12.62721,55.64156],[12.62721,55.64155],[12.62722,55.64154],[12.62729,55.64141],[12.62679,55.64131],[12.62664,55.64128],[12.62637,55.64123],[12.62619,55.64119],[12.62614,55.64118],[12.6259,55.64113],[12.62588,55.64113],[12.62558,55.64107],[12.62555,55.64106],[12.62529,55.64101],[12.6252,55.64099],[12.62498,55.64095],[12.62496,55.64094],[12.62472,55.6409],[12.62468,55.64089],[12.62448,55.64085],[12.62439,55.64083],[12.62424,55.6408],[12.62408,55.64077],[12.624,55.64075],[12.62387,55.64072],[12.62378,55.6407],[12.62376,55.64069],[12.62375,55.64069],[12.62354,55.64063],[12.62313,55.64052],[12.62303,55.6405],[12.62294,55.64048],[12.6226,55.64039],[12.62247,55.64035]]]]}},{"type":"Feature","properties":{"nbhd_name":"Nord\u00f8stamager","uesi_id":"DNK_N13707878","nbhd_code":"DNK_N13707878_60"},"geometry":{"type":"MultiPolygon","coordinates":[[[[12.63549,55.66311],[12.63542,55.6626],[12.63698,55.66278],[12.63699,55.6628],[12.63701,55.66282],[12.63793,55.66373],[12.63862,55.6644],[12.6393,55.66508],[12.63937,55.66518],[12.6394,55.66524],[12.63944,55.66537],[12.63941,55.6654],[12.63939,55.66542],[12.63938,55.66544],[12.63938,55.66546],[12.63938,55.66548],[12.6394,55.66549],[12.63943,55.66551],[12.63946,55.66551],[12.6395,55.66552],[12.63954,55.66551],[12.63957,55.6655],[12.63959,55.66549],[12.63961,55.66547],[12.63962,55.66545],[12.63961,55.66543],[12.63961,55.66542],[12.63962,55.66535],[12.63962,55.66531],[12.6396,55.66525],[12.63958,55.66518],[12.63954,55.66512],[12.6395,55.66505],[12.63944,55.66499],[12.63914,55.6647],[12.63894,55.6645],[12.63888,55.66443],[12.6389,55.6643],[12.63897,55.6642],[12.63899,55.6641],[12.63902,55.66403],[12.63919,55.6638],[12.63937,55.66363],[12.63937,55.66362],[12.63997,55.66374],[12.6398,55.66399],[12.64021,55.66407],[12.64023,55.66405],[12.64064,55.66412],[12.6407,55.66403],[12.64065,55.66401],[12.64075,55.66387],[12.64071,55.66386],[12.64076,55.66379],[12.6407,55.66378],[12.64092,55.66346],[12.6402,55.66331],[12.64004,55.66357],[12.63986,55.66353],[12.63977,55.66366],[12.63939,55.66358],[12.63946,55.6634],[12.63962,55.66316],[12.63977,55.66299],[12.63985,55.66284],[12.64014,55.66246],[12.64026,55.66225],[12.64052,55.66196],[12.64054,55.66189],[12.64071,55.66171],[12.64085,55.6614],[12.64106,55.66117],[12.64112,55.66106],[12.64122,55.66095],[12.6413,55.6609],[12.64135,55.66078],[12.64147,55.66068],[12.64174,55.66049],[12.64228,55.65995],[12.64249,55.6598],[12.64262,55.65966],[12.64289,55.65945],[12.64326,55.65919],[12.64344,55.659],[12.64378,55.65873],[12.64417,55.65835],[12.64031,55.65783],[12.63809,55.65756],[12.63678,55.65735],[12.63672,55.65732],[12.63621,55.6571],[12.6318,55.65651],[12.63174,55.65661],[12.63166,55.65673],[12.63155,55.65691],[12.63153,55.65694],[12.63137,55.65721],[12.63112,55.65765],[12.631,55.65787],[12.63096,55.65793],[12.63063,55.65857],[12.63058,55.65865],[12.63049,55.65883],[12.63046,55.65911],[12.63018,55.65956],[12.6298,55.66036],[12.62968,55.66058],[12.62956,55.6608],[12.62936,55.66121],[12.62899,55.66189],[12.62762,55.66166],[12.6276,55.66166],[12.62758,55.66165],[12.62755,55.66165],[12.62753,55.66165],[12.6275,55.66164],[12.62748,55.66164],[12.62746,55.66163],[12.62743,55.66163],[12.62741,55.66162],[12.62738,55.66162],[12.62736,55.66162],[12.62733,55.66161],[12.62731,55.66161],[12.62728,55.66161],[12.62726,55.6616],[12.62723,55.6616],[12.62721,55.6616],[12.62718,55.66159],[12.62716,55.66159],[12.62713,55.66159],[12.62711,55.66158],[12.62708,55.66158],[12.62706,55.66158],[12.62703,55.66157],[12.62701,55.66157],[12.62698,55.66157],[12.62696,55.66156],[12.62693,55.66156],[12.62691,55.66156],[12.62688,55.66156],[12.62686,55.66155],[12.62683,55.66155],[12.62681,55.66155],[12.62678,55.66155],[12.62676,55.66154],[12.62673,55.66154],[12.6267,55.66154],[12.62668,55.66154],[12.62665,55.66154],[12.62663,55.66154],[12.6266,55.66153],[12.62658,55.66153],[12.62655,55.66153],[12.62653,55.66153],[12.62466,55.66151],[12.62291,55.66375],[12.6229,55.66377],[12.62257,55.6637],[12.6202,55.66324],[12.62015,55.6633],[12.61999,55.6635],[12.61969,55.6639],[12.61967,55.66392],[12.61945,55.6642],[12.61922,55.6645],[12.61906,55.66471],[12.61875,55.66511],[12.6181,55.66595],[12.61803,55.66604],[12.61714,55.66719],[12.61709,55.66727],[12.61562,55.66695],[12.61555,55.66704],[12.61501,55.66777],[12.6149,55.66781],[12.6148,55.66797],[12.61799,55.66865],[12.618,55.66866],[12.61807,55.66868],[12.61814,55.6687],[12.61819,55.66874],[12.61823,55.66878],[12.61826,55.66888],[12.61509,55.6692],[12.61192,55.6695],[12.61158,55.66953],[12.61121,55.66955],[12.61076,55.66955],[12.61036,55.66955],[12.60973,55.66954],[12.60898,55.66948],[12.60812,55.66937],[12.60807,55.66943],[12.60805,55.66946],[12.60761,55.6699],[12.60674,55.67064],[12.60568,55.67153],[12.6054,55.67163],[12.6053,55.67158],[12.60524,55.6715],[12.60486,55.67156],[12.60486,55.6716],[12.60779,55.67279],[12.60809,55.673],[12.60901,55.67366],[12.60935,55.67365],[12.60939,55.67365],[12.60942,55.67365],[12.60946,55.67366],[12.60949,55.67366],[12.60953,55.67366],[12.60957,55.67366],[12.6096,55.67367],[12.60964,55.67368],[12.60969,55.67368],[12.60973,55.67369],[12.60978,55.67371],[12.60982,55.67372],[12.60987,55.67374],[12.60992,55.67376],[12.60997,55.67378],[12.61002,55.6738],[12.61006,55.67382],[12.61009,55.67384],[12.61013,55.67386],[12.61016,55.67389],[12.61019,55.67391],[12.61021,55.67393],[12.61023,55.67395],[12.61025,55.67397],[12.61027,55.67399],[12.61029,55.67401],[12.61029,55.67402],[12.6103,55.67404],[12.61032,55.67406],[12.61033,55.67408],[12.61034,55.6741],[12.61035,55.67413],[12.61036,55.67415],[12.61036,55.67417],[12.61036,55.6742],[12.61037,55.67422],[12.61037,55.67425],[12.61036,55.67427],[12.61036,55.67429],[12.61036,55.6743],[12.61035,55.67432],[12.61035,55.67434],[12.61034,55.67435],[12.61034,55.67436],[12.61033,55.67437],[12.61023,55.67456],[12.61128,55.67533],[12.61178,55.67602],[12.6124,55.6761],[12.61244,55.6761],[12.61248,55.67611],[12.61252,55.67612],[12.61256,55.67613],[12.61261,55.67615],[12.61265,55.67616],[12.61269,55.67617],[12.61273,55.67618],[12.61277,55.6762],[12.61281,55.67622],[12.61285,55.67623],[12.61288,55.67625],[12.61293,55.67627],[12.61297,55.67629],[12.61301,55.67632],[12.61305,55.67634],[12.61307,55.67635],[12.61309,55.67637],[12.61311,55.67638],[12.61312,55.67639],[12.61315,55.67642],[12.61318,55.67644],[12.6132,55.67647],[12.61323,55.67651],[12.61325,55.67653],[12.61326,55.67655],[12.61328,55.67657],[12.61329,55.67659],[12.6133,55.67661],[12.61331,55.67663],[12.61332,55.67665],[12.61333,55.67669],[12.61334,55.67673],[12.61335,55.67677],[12.61336,55.67681],[12.61336,55.67685],[12.61336,55.67688],[12.61335,55.67692],[12.61334,55.67695],[12.61333,55.67698],[12.61332,55.67702],[12.61331,55.67705],[12.61329,55.67708],[12.61327,55.67711],[12.61325,55.67715],[12.61322,55.67718],[12.6132,55.67721],[12.61318,55.67723],[12.61316,55.67725],[12.61313,55.67728],[12.61311,55.6773],[12.61288,55.6775],[12.61314,55.67785],[12.61345,55.67827],[12.61364,55.67902],[12.61377,55.67905],[12.6139,55.67909],[12.61402,55.67913],[12.61421,55.67919],[12.61428,55.67921],[12.61435,55.67924],[12.61441,55.67927],[12.61446,55.67929],[12.61451,55.67932],[12.61456,55.67935],[12.6146,55.67938],[12.61464,55.67941],[12.61468,55.67945],[12.61472,55.67948],[12.61475,55.67952],[12.61478,55.67955],[12.61481,55.67959],[12.61483,55.67963],[12.61485,55.67966],[12.61487,55.67971],[12.61488,55.67975],[12.61489,55.6798],[12.6149,55.67984],[12.6149,55.67988],[12.6149,55.67991],[12.61489,55.67995],[12.61488,55.67999],[12.61487,55.68002],[12.61486,55.68005],[12.61484,55.68008],[12.61483,55.68011],[12.61481,55.68014],[12.61479,55.68017],[12.61477,55.6802],[12.61475,55.68022],[12.61468,55.68029],[12.61458,55.68037],[12.61416,55.68062],[12.61416,55.68062],[12.61437,55.68133],[12.61428,55.68201],[12.61427,55.68211],[12.61426,55.68215],[12.61426,55.68218],[12.61426,55.6822],[12.61426,55.68222],[12.61426,55.68224],[12.61426,55.68227],[12.61426,55.68229],[12.61427,55.68231],[12.61427,55.68234],[12.61442,55.68236],[12.61462,55.68238],[12.61565,55.68253],[12.61662,55.68323],[12.61652,55.68338],[12.61764,55.68647],[12.61786,55.68692],[12.61789,55.68693],[12.61802,55.68677],[12.61812,55.68677],[12.6197,55.6872],[12.61975,55.68733],[12.61977,55.68736],[12.61985,55.68778],[12.61992,55.68781],[12.61996,55.68777],[12.6199,55.68734],[12.61989,55.68709],[12.62219,55.68777],[12.62295,55.68799],[12.62283,55.68811],[12.62481,55.6887],[12.62489,55.68859],[12.62516,55.68867],[12.6252,55.68867],[12.62524,55.68866],[12.62527,55.68864],[12.62528,55.68864],[12.6253,55.68863],[12.62532,55.68861],[12.62533,55.6886],[12.6254,55.68852],[12.62547,55.68844],[12.62573,55.68814],[12.62575,55.68812],[12.62579,55.6881],[12.62581,55.68809],[12.62582,55.68809],[12.62583,55.68809],[12.62584,55.68809],[12.62586,55.6881],[12.62588,55.68811],[12.6259,55.68811],[12.62592,55.68812],[12.62594,55.68813],[12.62597,55.68813],[12.62598,55.68813],[12.626,55.68812],[12.62602,55.68811],[12.62615,55.68816],[12.62613,55.68818],[12.62613,55.68818],[12.62614,55.68819],[12.62614,55.6882],[12.62616,55.68821],[12.62617,55.68823],[12.62617,55.68824],[12.62617,55.68824],[12.62617,55.68825],[12.62596,55.68847],[12.62567,55.6888],[12.62568,55.6888],[12.62582,55.689],[12.62638,55.68972],[12.62641,55.68975],[12.62652,55.68977],[12.62741,55.68957],[12.62816,55.68892],[12.62824,55.68885],[12.62856,55.68896],[12.62867,55.68894],[12.6287,55.68895],[12.62869,55.68896],[12.62876,55.68901],[12.6289,55.68914],[12.62953,55.68936],[12.62952,55.68936],[12.63287,55.69054],[12.63595,55.68776],[12.63465,55.6873],[12.62893,55.68529],[12.62846,55.68513],[12.62846,55.68511],[12.62846,55.68508],[12.62845,55.68505],[12.62842,55.68503],[12.62838,55.68501],[12.62834,55.685],[12.62686,55.68449],[12.62683,55.68449],[12.62675,55.68447],[12.6264,55.68411],[12.62624,55.68416],[12.62616,55.68413],[12.62609,55.68414],[12.62602,55.68415],[12.62593,55.68414],[12.62588,55.68414],[12.62582,55.68412],[12.62576,55.6841],[12.62571,55.68409],[12.62524,55.68392],[12.62501,55.68384],[12.62495,55.68382],[12.6249,55.6838],[12.62485,55.68377],[12.62481,55.68374],[12.62463,55.68363],[12.62074,55.68101],[12.62147,55.68017],[12.62155,55.68008],[12.62299,55.67844],[12.62474,55.67644],[12.6259,55.67512],[12.62721,55.67362],[12.62738,55.67343],[12.62778,55.67298],[12.62858,55.67206],[12.62886,55.67205],[12.62957,55.67152],[12.63052,55.67094],[12.63201,55.67109],[12.63211,55.67111],[12.6322,55.67113],[12.63228,55.67115],[12.63237,55.67118],[12.63244,55.6712],[12.63253,55.67123],[12.63262,55.67126],[12.63269,55.67129],[12.63275,55.67132],[12.63283,55.67135],[12.63291,55.67139],[12.63298,55.67143],[12.63304,55.67146],[12.63308,55.67149],[12.63313,55.67153],[12.63318,55.67156],[12.63322,55.67159],[12.63327,55.67163],[12.63331,55.67167],[12.63335,55.67171],[12.63339,55.67175],[12.63344,55.6718],[12.63348,55.67185],[12.63352,55.67193],[12.63351,55.67198],[12.63074,55.67393],[12.63048,55.67404],[12.62947,55.67529],[12.62927,55.67547],[12.62845,55.67641],[12.62846,55.67647],[12.62637,55.67867],[12.62491,55.68049],[12.62577,55.68107],[12.62738,55.68214],[12.63358,55.68432],[12.63548,55.68499],[12.63562,55.68497],[12.63674,55.68353],[12.63689,55.68359],[12.63701,55.68352],[12.63716,55.68361],[12.63719,55.68363],[12.63876,55.68459],[12.63868,55.68467],[12.63873,55.68469],[12.63773,55.68559],[12.6377,55.6856],[12.63768,55.6856],[12.63766,55.68561],[12.63765,55.68562],[12.63765,55.68564],[12.63766,55.68565],[12.63767,55.68566],[12.6377,55.68567],[12.63772,55.68567],[12.63775,55.68567],[12.63777,55.68566],[12.63779,55.68565],[12.6378,55.68564],[12.6378,55.68562],[12.63779,55.68561],[12.63777,55.6856],[12.63775,55.68559],[12.63875,55.6847],[12.63881,55.68472],[12.63922,55.68434],[12.63917,55.68431],[12.64016,55.68342],[12.64019,55.68342],[12.64021,55.68342],[12.64024,55.68341],[12.64026,55.6834],[12.64027,55.68338],[12.64027,55.68337],[12.64027,55.68336],[12.64025,55.68334],[12.64023,55.68333],[12.6402,55.68333],[12.64018,55.68334],[12.64015,55.68335],[12.64013,55.68336],[12.64012,55.68337],[12.64012,55.68339],[12.64013,55.6834],[12.63914,55.6843],[12.6391,55.68429],[12.63892,55.68446],[12.63868,55.68438],[12.63725,55.6835],[12.63716,55.68344],[12.63726,55.68338],[12.63699,55.6832],[12.63917,55.68039],[12.63943,55.6804],[12.63959,55.68048],[12.6396,55.68048],[12.63961,55.68048],[12.63963,55.68048],[12.63964,55.68048],[12.63965,55.68048],[12.63967,55.68048],[12.63968,55.68047],[12.63969,55.68047],[12.6397,55.68047],[12.63971,55.68046],[12.63972,55.68046],[12.63973,55.68045],[12.63973,55.68044],[12.63974,55.68043],[12.63974,55.68043],[12.63974,55.68042],[12.63974,55.68041],[12.63974,55.6804],[12.63973,55.6804],[12.63973,55.68039],[12.63972,55.68038],[12.63971,55.68038],[12.6397,55.68037],[12.63969,55.68037],[12.63968,55.68037],[12.63903,55.68035],[12.63854,55.68031],[12.63694,55.68001],[12.63536,55.67967],[12.63535,55.67889],[12.63541,55.6788],[12.63557,55.67875],[12.63557,55.67874],[12.63557,55.67873],[12.63557,55.67873],[12.63556,55.67872],[12.63556,55.67871],[12.63555,55.67871],[12.63554,55.6787],[12.63553,55.67869],[12.63552,55.67869],[12.6355,55.67869],[12.63549,55.67869],[12.63548,55.67869],[12.63546,55.67869],[12.63545,55.67869],[12.63543,55.67869],[12.63542,55.6787],[12.63541,55.6787],[12.6354,55.67871],[12.6354,55.67872],[12.63539,55.67872],[12.63529,55.67887],[12.63522,55.67949],[12.6351,55.67958],[12.63497,55.67959],[12.63436,55.67945],[12.63429,55.6794],[12.63432,55.67934],[12.63425,55.67933],[12.63424,55.67932],[12.63416,55.67925],[12.63399,55.67921],[12.63468,55.67854],[12.63467,55.67775],[12.63494,55.67766],[12.63486,55.67758],[12.63481,55.67754],[12.63458,55.67732],[12.63454,55.67728],[12.63432,55.67706],[12.63428,55.67702],[12.6341,55.67685],[12.63406,55.6768],[12.63383,55.67658],[12.63387,55.67657],[12.63299,55.67571],[12.63309,55.67568],[12.63465,55.67569],[12.63634,55.67698],[12.63635,55.67699],[12.63686,55.6769],[12.63732,55.67682],[12.63739,55.67694],[12.63741,55.67695],[12.63877,55.67671],[12.63878,55.6767],[12.63871,55.67658],[12.63939,55.67646],[12.63948,55.67649],[12.6405,55.67844],[12.64065,55.67873],[12.64039,55.67906],[12.64038,55.67907],[12.64038,55.67908],[12.64038,55.67909],[12.64038,55.67909],[12.64038,55.6791],[12.64039,55.67911],[12.64039,55.67912],[12.6404,55.67912],[12.64041,55.67913],[12.64043,55.67913],[12.64044,55.67914],[12.64045,55.67914],[12.64047,55.67914],[12.64048,55.67914],[12.6405,55.67914],[12.64051,55.67914],[12.64052,55.67913],[12.64054,55.67913],[12.64055,55.67912],[12.64055,55.67911],[12.64058,55.67909],[12.64058,55.67908],[12.64058,55.67908],[12.64056,55.67902],[12.64077,55.67879],[12.64369,55.67906],[12.64411,55.6791],[12.64468,55.67915],[12.6451,55.67878],[12.64591,55.67805],[12.64731,55.67681],[12.64786,55.67631],[12.64812,55.67608],[12.64769,55.6759],[12.64813,55.67551],[12.64816,55.67547],[12.64819,55.67544],[12.6482,55.6754],[12.64822,55.67537],[12.64822,55.67533],[12.64823,55.67529],[12.64822,55.67526],[12.64821,55.67522],[12.6482,55.67518],[12.64818,55.67515],[12.64815,55.67511],[12.64812,55.67508],[12.64809,55.67505],[12.64808,55.67505],[12.64807,55.67504],[12.64806,55.67503],[12.64805,55.67503],[12.64805,55.67502],[12.64804,55.67501],[12.64803,55.67501],[12.64802,55.675],[12.64801,55.67499],[12.648,55.67499],[12.64799,55.67498],[12.64797,55.67497],[12.64796,55.67497],[12.64795,55.67496],[12.64794,55.67496],[12.64793,55.67495],[12.64792,55.67494],[12.64791,55.67494],[12.6479,55.67493],[12.64789,55.67492],[12.64788,55.67492],[12.64787,55.67491],[12.64786,55.67491],[12.64784,55.6749],[12.64783,55.6749],[12.64782,55.67489],[12.64781,55.67488],[12.6478,55.67488],[12.64779,55.67487],[12.64777,55.67487],[12.64776,55.67486],[12.64775,55.67486],[12.64774,55.67485],[12.64773,55.67485],[12.64651,55.67433],[12.64544,55.67275],[12.6454,55.67266],[12.64534,55.67258],[12.64529,55.6725],[12.64523,55.67242],[12.64516,55.67234],[12.64509,55.67226],[12.64488,55.67202],[12.64488,55.67202],[12.64487,55.67201],[12.64487,55.672],[12.64486,55.672],[12.64486,55.67199],[12.64485,55.67198],[12.64485,55.67198],[12.64485,55.67197],[12.64485,55.67196],[12.64485,55.67195],[12.64485,55.67195],[12.64485,55.67194],[12.64485,55.67193],[12.64485,55.67192],[12.64486,55.67192],[12.64486,55.67191],[12.64486,55.6719],[12.64487,55.6719],[12.64487,55.67189],[12.64488,55.67188],[12.64489,55.67188],[12.6449,55.67187],[12.6449,55.67187],[12.64491,55.67186],[12.64492,55.67186],[12.64553,55.67159],[12.64558,55.67157],[12.64564,55.67154],[12.64569,55.67151],[12.64573,55.67148],[12.64577,55.67145],[12.64581,55.67141],[12.64584,55.67138],[12.64586,55.67134],[12.64588,55.6713],[12.64589,55.67126],[12.6459,55.67122],[12.64589,55.67118],[12.64589,55.67114],[12.64587,55.6711],[12.64585,55.67106],[12.64574,55.67091],[12.64574,55.67091],[12.64574,55.67091],[12.64573,55.6709],[12.64572,55.6709],[12.64571,55.67089],[12.64569,55.67089],[12.64568,55.67089],[12.64566,55.67089],[12.64565,55.67089],[12.64563,55.6709],[12.64562,55.6709],[12.64561,55.67091],[12.64561,55.67092],[12.6456,55.67092],[12.6456,55.67093],[12.6456,55.67094],[12.64564,55.67096],[12.64574,55.67112],[12.64576,55.67115],[12.64577,55.67118],[12.64577,55.67122],[12.64577,55.67125],[12.64576,55.67128],[12.64575,55.67132],[12.64572,55.67135],[12.6457,55.67138],[12.64567,55.67141],[12.64563,55.67144],[12.64559,55.67146],[12.64554,55.67148],[12.64469,55.67186],[12.6446,55.67181],[12.64451,55.67176],[12.64442,55.67171],[12.64432,55.67166],[12.64422,55.67161],[12.64411,55.67157],[12.644,55.67153],[12.64389,55.6715],[12.64377,55.67146],[12.64365,55.67143],[12.64353,55.67141],[12.64341,55.67138],[12.64329,55.67136],[12.64316,55.67135],[12.64303,55.67133],[12.64291,55.67132],[12.64278,55.67131],[12.64265,55.67131],[12.64252,55.67131],[12.64239,55.67131],[12.64226,55.67132],[12.64213,55.67133],[12.642,55.67135],[12.64188,55.67136],[12.64175,55.67138],[12.64127,55.67062],[12.63653,55.67039],[12.63666,55.6703],[12.63675,55.67026],[12.6368,55.67027],[12.63772,55.67031],[12.63798,55.67032],[12.64119,55.67048],[12.6412,55.67048],[12.64121,55.67048],[12.64123,55.67048],[12.64124,55.67048],[12.64125,55.67048],[12.64126,55.67048],[12.64127,55.67048],[12.64128,55.67048],[12.6413,55.67048],[12.64131,55.67048],[12.64132,55.67048],[12.64133,55.67048],[12.64134,55.67048],[12.64135,55.67048],[12.64136,55.67047],[12.64138,55.67047],[12.64139,55.67047],[12.6414,55.67047],[12.64141,55.67047],[12.64142,55.67046],[12.64313,55.67012],[12.64316,55.67012],[12.6432,55.67011],[12.64319,55.67008],[12.64318,55.67006],[12.6432,55.67004],[12.64341,55.66999],[12.64345,55.66999],[12.64351,55.66999],[12.64356,55.67002],[12.64358,55.67004],[12.6436,55.67012],[12.64365,55.67015],[12.64395,55.6701],[12.64444,55.66999],[12.64447,55.67002],[12.64479,55.67051],[12.6448,55.67056],[12.64489,55.6706],[12.64493,55.67058],[12.64495,55.67055],[12.64416,55.66931],[12.64416,55.6693],[12.64415,55.6693],[12.64415,55.66929],[12.64414,55.66929],[12.64413,55.66928],[12.64412,55.66928],[12.64412,55.66927],[12.64411,55.66927],[12.6441,55.66926],[12.64409,55.66926],[12.64408,55.66925],[12.64407,55.66925],[12.64406,55.66924],[12.64405,55.66924],[12.64404,55.66923],[12.64403,55.66923],[12.64402,55.66922],[12.64401,55.66922],[12.644,55.66922],[12.64399,55.66921],[12.64398,55.66921],[12.64397,55.6692],[12.64396,55.6692],[12.64395,55.6692],[12.64394,55.66919],[12.64393,55.66919],[12.64391,55.66919],[12.6439,55.66919],[12.64389,55.66918],[12.64388,55.66918],[12.64387,55.66918],[12.64386,55.66918],[12.64384,55.66917],[12.64383,55.66917],[12.64382,55.66917],[12.64326,55.66911],[12.64322,55.66909],[12.6432,55.66908],[12.64204,55.66724],[12.64197,55.66715],[12.64196,55.66714],[12.64195,55.66714],[12.64194,55.66713],[12.64193,55.66712],[12.64192,55.66712],[12.6419,55.66711],[12.64189,55.66711],[12.64188,55.6671],[12.64187,55.6671],[12.64186,55.66709],[12.64184,55.66709],[12.64183,55.66708],[12.64182,55.66708],[12.6418,55.66707],[12.64179,55.66707],[12.64178,55.66707],[12.64176,55.66706],[12.64175,55.66706],[12.64173,55.66706],[12.64172,55.66706],[12.64171,55.66705],[12.64169,55.66705],[12.64168,55.66705],[12.64166,55.66705],[12.64165,55.66705],[12.64075,55.66699],[12.63688,55.66681],[12.6368,55.66684],[12.6368,55.66692],[12.63686,55.66696],[12.63763,55.66699],[12.63841,55.66792],[12.63842,55.66792],[12.63843,55.66793],[12.63843,55.66793],[12.63844,55.66794],[12.63845,55.66794],[12.63846,55.66795],[12.63846,55.66795],[12.63847,55.66796],[12.63848,55.66796],[12.63849,55.66797],[12.63869,55.66806],[12.63824,55.66844],[12.63806,55.66839],[12.63672,55.6695],[12.63662,55.67019],[12.63626,55.67035],[12.63398,55.67024],[12.63305,55.67098],[12.63299,55.67103],[12.63297,55.67102],[12.63296,55.67102],[12.63295,55.67101],[12.63294,55.67101],[12.63292,55.671],[12.63291,55.671],[12.6329,55.67099],[12.63288,55.67099],[12.63287,55.67098],[12.63286,55.67098],[12.63284,55.67097],[12.63283,55.67097],[12.63281,55.67096],[12.6328,55.67096],[12.63279,55.67095],[12.63277,55.67095],[12.63276,55.67095],[12.63275,55.67094],[12.63273,55.67094],[12.63272,55.67093],[12.6327,55.67093],[12.63269,55.67093],[12.63268,55.67092],[12.63266,55.67092],[12.63265,55.67091],[12.63263,55.67091],[12.63262,55.67091],[12.6326,55.6709],[12.63259,55.6709],[12.63258,55.6709],[12.63256,55.67089],[12.63255,55.67089],[12.63253,55.67088],[12.63252,55.67088],[12.6325,55.67088],[12.63249,55.67087],[12.63247,55.67087],[12.63246,55.67087],[12.63244,55.67087],[12.63243,55.67086],[12.63241,55.67086],[12.6324,55.67086],[12.63238,55.67085],[12.63237,55.67085],[12.63235,55.67085],[12.63234,55.67084],[12.63232,55.67084],[12.63231,55.67084],[12.63229,55.67084],[12.63228,55.67083],[12.6318,55.67076],[12.63079,55.67068],[12.63082,55.67057],[12.63094,55.67049],[12.63221,55.66961],[12.63158,55.66943],[12.63157,55.6691],[12.63166,55.66901],[12.63164,55.66865],[12.63166,55.66855],[12.63197,55.6682],[12.63192,55.66818],[12.63193,55.66817],[12.63198,55.66817],[12.63202,55.66812],[12.63206,55.66813],[12.63214,55.66805],[12.63209,55.66804],[12.6322,55.66792],[12.63221,55.66793],[12.63265,55.66747],[12.6327,55.66748],[12.63288,55.66727],[12.63286,55.66727],[12.63304,55.66705],[12.63298,55.66704],[12.63311,55.66691],[12.63349,55.66651],[12.63383,55.66609],[12.63402,55.66579],[12.63414,55.66565],[12.63417,55.66566],[12.63422,55.66561],[12.63419,55.6656],[12.63451,55.66534],[12.63482,55.66508],[12.63489,55.66499],[12.63489,55.66487],[12.63485,55.66486],[12.63481,55.66487],[12.6348,55.6649],[12.63482,55.66491],[12.63474,55.66505],[12.63443,55.66531],[12.63351,55.66504],[12.63173,55.66487],[12.63174,55.66485],[12.63141,55.66482],[12.63142,55.66479],[12.63137,55.66479],[12.63137,55.6648],[12.6313,55.66479],[12.6313,55.66479],[12.63125,55.66476],[12.63074,55.6647],[12.63057,55.66468],[12.6306,55.66457],[12.6308,55.66459],[12.63107,55.66462],[12.63127,55.66462],[12.63138,55.66461],[12.63143,55.6646],[12.6322,55.66467],[12.63224,55.66465],[12.63237,55.66406],[12.63241,55.66398],[12.63272,55.66364],[12.63506,55.66431],[12.63489,55.66473],[12.63486,55.66474],[12.63486,55.66476],[12.63488,55.66478],[12.63492,55.66478],[12.63495,55.66477],[12.63495,55.66475],[12.63495,55.66474],[12.63499,55.66472],[12.63555,55.66333],[12.63543,55.6633],[12.63549,55.66311]]]]}},{"type":"Feature","properties":{"nbhd_name":"Amagerbro vest","uesi_id":"DNK_N13707878","nbhd_code":"DNK_N13707878_61"},"geometry":{"type":"MultiPolygon","coordinates":[[[[12.60136,55.66347],[12.60153,55.66329],[12.60157,55.66324],[12.6019,55.66296],[12.59709,55.66161],[12.59478,55.66275],[12.59453,55.66287],[12.59399,55.663],[12.59422,55.66371],[12.59443,55.6644],[12.59503,55.66652],[12.59509,55.66654],[12.5956,55.66839],[12.5963,55.6687],[12.59646,55.66853],[12.59676,55.66821],[12.59851,55.66642],[12.59938,55.66553],[12.59948,55.66543],[12.59964,55.66531],[12.59992,55.66501],[12.59997,55.66497],[12.6003,55.66462],[12.60053,55.66435],[12.60088,55.66398],[12.60136,55.66347]]]]}},{"type":"Feature","properties":{"nbhd_name":"Bryggen Syd","uesi_id":"DNK_N13707878","nbhd_code":"DNK_N13707878_62"},"geometry":{"type":"MultiPolygon","coordinates":[[[[12.56774,55.65325],[12.56779,55.65321],[12.56784,55.65317],[12.56787,55.65313],[12.56789,55.65308],[12.56791,55.65303],[12.56791,55.65298],[12.5679,55.65293],[12.56789,55.65288],[12.56787,55.65286],[12.56735,55.65189],[12.56678,55.65086],[12.56632,55.65001],[12.56632,55.65],[12.56631,55.64996],[12.56631,55.64991],[12.56633,55.64987],[12.56637,55.64982],[12.56642,55.64978],[12.56709,55.64932],[12.56746,55.64906],[12.56747,55.64906],[12.56751,55.64901],[12.56754,55.64897],[12.56756,55.64892],[12.56757,55.64887],[12.56756,55.64882],[12.56754,55.64878],[12.56754,55.64877],[12.5675,55.64868],[12.5673,55.64826],[12.56675,55.64726],[12.56632,55.64643],[12.56578,55.64541],[12.56514,55.64422],[12.56444,55.64293],[12.56404,55.64215],[12.56354,55.64148],[12.56329,55.64147],[12.56281,55.64145],[12.56223,55.64142],[12.5616,55.64137],[12.56103,55.64131],[12.56041,55.64124],[12.55997,55.64118],[12.55947,55.64111],[12.55887,55.64102],[12.55823,55.64095],[12.5575,55.6409],[12.55673,55.64086],[12.55591,55.64085],[12.55522,55.64087],[12.55477,55.64089],[12.5544,55.64091],[12.55412,55.64093],[12.5538,55.64096],[12.5534,55.641],[12.5533,55.64102],[12.55297,55.64106],[12.55255,55.64112],[12.55207,55.64121],[12.55164,55.64129],[12.55141,55.64134],[12.55149,55.64145],[12.5515,55.64147],[12.55151,55.64147],[12.55152,55.64148],[12.55152,55.64148],[12.55153,55.64149],[12.55154,55.64149],[12.55155,55.64149],[12.55156,55.64149],[12.55157,55.6415],[12.55158,55.6415],[12.55159,55.6415],[12.5516,55.6415],[12.55161,55.6415],[12.55162,55.6415],[12.55164,55.6415],[12.55165,55.6415],[12.55358,55.64116],[12.55401,55.64136],[12.55371,55.64157],[12.552,55.64219],[12.55198,55.64218],[12.55195,55.64219],[12.55203,55.64226],[12.55201,55.64226],[12.55204,55.64229],[12.55205,55.64229],[12.55244,55.64263],[12.55243,55.64264],[12.55247,55.64267],[12.55248,55.64266],[12.55257,55.64274],[12.55298,55.64259],[12.55312,55.64271],[12.55332,55.64264],[12.55349,55.64279],[12.55315,55.64292],[12.5532,55.64296],[12.55335,55.6429],[12.55345,55.643],[12.55357,55.64296],[12.5535,55.64289],[12.55358,55.64287],[12.5536,55.64289],[12.55367,55.64287],[12.55365,55.64284],[12.55377,55.6428],[12.55352,55.64257],[12.55411,55.64235],[12.55419,55.64238],[12.55427,55.64238],[12.55425,55.64364],[12.55429,55.64366],[12.55448,55.64367],[12.55474,55.64382],[12.55489,55.64394],[12.55497,55.64404],[12.55589,55.64523],[12.55872,55.6489],[12.56142,55.65241],[12.56194,55.65309],[12.56252,55.65362],[12.5626,55.65369],[12.5626,55.6537],[12.5626,55.65371],[12.5626,55.65371],[12.56261,55.65372],[12.56261,55.65373],[12.56261,55.65374],[12.56262,55.65374],[12.56262,55.65375],[12.56262,55.65376],[12.56263,55.65377],[12.56263,55.65378],[12.56263,55.65378],[12.56263,55.65379],[12.56263,55.6538],[12.56264,55.6538],[12.56264,55.65381],[12.56265,55.65382],[12.56265,55.65383],[12.56265,55.65383],[12.56265,55.65383],[12.56265,55.65384],[12.56266,55.65384],[12.56266,55.65384],[12.56266,55.65384],[12.56266,55.65385],[12.56266,55.65385],[12.56267,55.65386],[12.56267,55.65387],[12.56267,55.65387],[12.56267,55.65388],[12.56267,55.65388],[12.56267,55.65389],[12.56268,55.65389],[12.56268,55.65389],[12.56268,55.65389],[12.56267,55.65389],[12.56268,55.65389],[12.56268,55.6539],[12.56268,55.6539],[12.56268,55.6539],[12.56268,55.65391],[12.56268,55.65391],[12.56269,55.65391],[12.56269,55.65392],[12.5627,55.65393],[12.5627,55.65393],[12.5627,55.65394],[12.56271,55.65395],[12.56272,55.65396],[12.56272,55.65396],[12.56273,55.65397],[12.56273,55.65397],[12.56274,55.65398],[12.56274,55.65399],[12.56274,55.65399],[12.56275,55.654],[12.56275,55.654],[12.56275,55.65401],[12.56275,55.65401],[12.56276,55.65402],[12.56276,55.65402],[12.56276,55.65402],[12.56277,55.65403],[12.56277,55.65403],[12.56278,55.65404],[12.56278,55.65404],[12.56279,55.65405],[12.56279,55.65405],[12.5628,55.65405],[12.5628,55.65406],[12.56281,55.65406],[12.56281,55.65407],[12.56282,55.65407],[12.56283,55.65408],[12.56283,55.65409],[12.56284,55.65409],[12.56285,55.6541],[12.56286,55.6541],[12.56287,55.65411],[12.56287,55.65412],[12.56288,55.65412],[12.56289,55.65413],[12.5629,55.65414],[12.56291,55.65415],[12.56293,55.65416],[12.56294,55.65416],[12.56296,55.65417],[12.56297,55.65417],[12.56298,55.65418],[12.56299,55.65418],[12.563,55.65418],[12.56301,55.65419],[12.56302,55.65419],[12.56302,55.65419],[12.56302,55.6542],[12.56303,55.6542],[12.56303,55.6542],[12.56304,55.65421],[12.56304,55.65422],[12.56305,55.65422],[12.56305,55.65423],[12.56306,55.65424],[12.56306,55.65424],[12.56307,55.65425],[12.56308,55.65426],[12.56308,55.65426],[12.56308,55.65427],[12.56309,55.65427],[12.56309,55.65428],[12.56309,55.65428],[12.56309,55.65429],[12.5631,55.65429],[12.5631,55.65429],[12.56311,55.6543],[12.56311,55.6543],[12.56311,55.65431],[12.56311,55.65431],[12.56312,55.65432],[12.56313,55.65433],[12.56314,55.65434],[12.56314,55.65435],[12.56315,55.65435],[12.56315,55.65436],[12.56316,55.65437],[12.56316,55.65437],[12.56317,55.65437],[12.56317,55.65438],[12.56318,55.65438],[12.56318,55.65439],[12.56319,55.6544],[12.5632,55.65441],[12.5632,55.65441],[12.56321,55.65442],[12.56321,55.65443],[12.56321,55.65443],[12.56322,55.65444],[12.56323,55.65445],[12.56323,55.65446],[12.56324,55.65447],[12.56324,55.65447],[12.56325,55.65448],[12.56325,55.65449],[12.56326,55.65449],[12.56326,55.65449],[12.56327,55.6545],[12.56327,55.6545],[12.56328,55.65451],[12.56328,55.65451],[12.56328,55.65452],[12.56329,55.65452],[12.56329,55.65453],[12.5633,55.65453],[12.5633,55.65453],[12.5633,55.65454],[12.56331,55.65455],[12.56331,55.65455],[12.56332,55.65456],[12.56332,55.65456],[12.56333,55.65457],[12.56333,55.65457],[12.56334,55.65458],[12.56335,55.65459],[12.56335,55.65459],[12.56336,55.6546],[12.56336,55.65461],[12.56337,55.65461],[12.56337,55.65462],[12.56337,55.65462],[12.56338,55.65463],[12.56339,55.65463],[12.5634,55.65463],[12.56341,55.65464],[12.56341,55.65465],[12.56341,55.65465],[12.56341,55.65466],[12.56341,55.65466],[12.56341,55.65467],[12.56342,55.65468],[12.56342,55.65469],[12.56343,55.6547],[12.56344,55.6547],[12.56344,55.65471],[12.56344,55.65471],[12.56345,55.65471],[12.56345,55.65472],[12.56345,55.65472],[12.56345,55.65473],[12.56346,55.65474],[12.56347,55.65475],[12.56348,55.65475],[12.56348,55.65476],[12.56349,55.65477],[12.56349,55.65477],[12.56349,55.65477],[12.5635,55.65478],[12.5635,55.65478],[12.5635,55.65478],[12.5635,55.65478],[12.5635,55.65479],[12.5635,55.65479],[12.56351,55.65479],[12.56351,55.65479],[12.56351,55.6548],[12.56351,55.6548],[12.56352,55.65481],[12.56353,55.65481],[12.56353,55.65482],[12.56353,55.65482],[12.56354,55.65483],[12.56354,55.65483],[12.56354,55.65484],[12.56355,55.65484],[12.56356,55.65485],[12.56357,55.65486],[12.56357,55.65487],[12.56358,55.65488],[12.56359,55.65488],[12.56359,55.65489],[12.5636,55.6549],[12.56361,55.65491],[12.56361,55.65492],[12.56362,55.65493],[12.56362,55.65494],[12.56363,55.65494],[12.56364,55.65495],[12.56364,55.65496],[12.56364,55.65496],[12.56364,55.65497],[12.56363,55.65498],[12.56363,55.65498],[12.56363,55.65499],[12.56363,55.65499],[12.56344,55.65504],[12.56641,55.65889],[12.56718,55.65989],[12.56806,55.65968],[12.56837,55.66009],[12.5675,55.6603],[12.56781,55.66071],[12.56815,55.66114],[12.56816,55.66116],[12.56823,55.66124],[12.56831,55.66132],[12.5684,55.66139],[12.56855,55.6615],[12.56885,55.66173],[12.56905,55.66164],[12.57069,55.66094],[12.57221,55.6603],[12.57284,55.66003],[12.57268,55.6599],[12.57148,55.65898],[12.5688,55.65691],[12.56863,55.65643],[12.56884,55.65475],[12.56887,55.65467],[12.56907,55.65418],[12.56914,55.65401],[12.56917,55.65395],[12.5692,55.65385],[12.56921,55.65375],[12.56922,55.65365],[12.56921,55.65354],[12.5692,55.65347],[12.56917,55.65337],[12.56914,55.65327],[12.56909,55.65317],[12.56902,55.65305],[12.56894,55.65295],[12.56774,55.65326],[12.56774,55.65325]]]]}},{"type":"Feature","properties":{"nbhd_name":"Faste Batteri","uesi_id":"DNK_N13707878","nbhd_code":"DNK_N13707878_63"},"geometry":{"type":"MultiPolygon","coordinates":[[[[12.59047,55.66755],[12.59076,55.66759],[12.59086,55.66763],[12.59091,55.66765],[12.59092,55.66765],[12.59094,55.66766],[12.59101,55.66768],[12.59103,55.66768],[12.59103,55.66768],[12.5939,55.66812],[12.59547,55.66837],[12.5956,55.66839],[12.59509,55.66654],[12.59503,55.66652],[12.59443,55.6644],[12.59422,55.66371],[12.59399,55.663],[12.59224,55.66321],[12.58937,55.66353],[12.58489,55.66409],[12.58392,55.66434],[12.58249,55.66495],[12.58164,55.66531],[12.5802,55.66592],[12.5802,55.66592],[12.57943,55.66626],[12.57848,55.66667],[12.57847,55.66667],[12.57649,55.66749],[12.57732,55.66812],[12.57723,55.66824],[12.57717,55.66831],[12.57712,55.66837],[12.5771,55.66842],[12.57738,55.66863],[12.57742,55.6687],[12.57753,55.66874],[12.57787,55.669],[12.57853,55.66949],[12.5789,55.66932],[12.57934,55.66965],[12.57943,55.66971],[12.57941,55.66975],[12.57944,55.66977],[12.57946,55.66978],[12.57945,55.66979],[12.5796,55.66988],[12.57961,55.66987],[12.57975,55.66981],[12.57994,55.66971],[12.58193,55.66875],[12.58217,55.66865],[12.58229,55.66861],[12.58271,55.6685],[12.58661,55.66783],[12.58674,55.66781],[12.58712,55.66775],[12.58743,55.66771],[12.58774,55.66769],[12.59047,55.66755]]]]}},{"type":"Feature","properties":{"nbhd_name":"Kolonihavekvarteret","uesi_id":"DNK_N13707878","nbhd_code":"DNK_N13707878_64"},"geometry":{"type":"MultiPolygon","coordinates":[[[[12.59221,55.63836],[12.59222,55.6383],[12.59228,55.63809],[12.59232,55.63796],[12.59234,55.63789],[12.59234,55.63787],[12.5924,55.63763],[12.59242,55.63757],[12.59243,55.63754],[12.59245,55.63745],[12.59246,55.63742],[12.59247,55.6374],[12.5925,55.63728],[12.5925,55.63728],[12.5925,55.63727],[12.59253,55.63717],[12.59254,55.63713],[12.59257,55.63703],[12.59258,55.63698],[12.5926,55.6369],[12.59262,55.63683],[12.59264,55.63675],[12.59265,55.63671],[12.59266,55.63669],[12.5927,55.63653],[12.59271,55.63649],[12.59273,55.6364],[12.59277,55.63622],[12.59278,55.63617],[12.59283,55.63596],[12.59284,55.63595],[12.5929,55.63571],[12.59294,55.63552],[12.59299,55.6353],[12.59304,55.63512],[12.59304,55.63509],[12.59308,55.63494],[12.59309,55.63489],[12.59311,55.6348],[12.59314,55.6347],[12.59319,55.63449],[12.5932,55.63445],[12.59321,55.6344],[12.59328,55.63417],[12.59329,55.6341],[12.59332,55.63402],[12.59333,55.63399],[12.59334,55.63396],[12.59338,55.63386],[12.5934,55.63382],[12.59343,55.63374],[12.59343,55.63374],[12.59342,55.63367],[12.59342,55.63363],[12.5934,55.63353],[12.59339,55.63343],[12.59338,55.63338],[12.59336,55.63323],[12.59336,55.6332],[12.59333,55.63303],[12.59331,55.63282],[12.59328,55.63262],[12.59325,55.63241],[12.59321,55.63214],[12.59321,55.63213],[12.59319,55.63195],[12.59317,55.63176],[12.59313,55.63176],[12.5931,55.63157],[12.59307,55.63135],[12.59305,55.63113],[12.59301,55.63093],[12.59301,55.6309],[12.59297,55.63082],[12.59297,55.6308],[12.59296,55.63078],[12.59293,55.63051],[12.59288,55.63012],[12.59279,55.62949],[12.59277,55.62938],[12.59277,55.62938],[12.59272,55.629],[12.59271,55.62895],[12.59266,55.62854],[12.59265,55.62844],[12.59264,55.62843],[12.59243,55.62679],[12.5921,55.6243],[12.5921,55.62425],[12.59209,55.62423],[12.592,55.62351],[12.59198,55.6234],[12.59197,55.62331],[12.59191,55.62286],[12.58982,55.62211],[12.58902,55.62183],[12.58804,55.62148],[12.58658,55.62095],[12.58646,55.62091],[12.58622,55.62082],[12.58614,55.62079],[12.58605,55.62076],[12.58578,55.62066],[12.58556,55.62058],[12.58476,55.62029],[12.58453,55.62021],[12.58432,55.62014],[12.58384,55.61996],[12.58353,55.61985],[12.58321,55.61973],[12.58301,55.61966],[12.58294,55.61963],[12.58288,55.61961],[12.58268,55.61954],[12.58241,55.61944],[12.58216,55.61935],[12.58187,55.61925],[12.58152,55.61912],[12.58112,55.61898],[12.5809,55.6189],[12.58066,55.61881],[12.58048,55.61875],[12.58021,55.61865],[12.57996,55.61856],[12.57983,55.61851],[12.57962,55.61844],[12.57945,55.61837],[12.57933,55.61833],[12.57918,55.61827],[12.58111,55.62469],[12.58199,55.62764],[12.58218,55.62821],[12.58229,55.62861],[12.58283,55.63042],[12.58285,55.63046],[12.5829,55.63052],[12.58315,55.63134],[12.58356,55.63271],[12.58389,55.63385],[12.58415,55.63469],[12.58461,55.63626],[12.58475,55.63672],[12.58515,55.63805],[12.58537,55.63879],[12.58539,55.63888],[12.58582,55.64032],[12.58584,55.64038],[12.58604,55.64104],[12.58605,55.64107],[12.5861,55.64124],[12.58615,55.64141],[12.58621,55.64159],[12.58675,55.64338],[12.58685,55.64371],[12.5871,55.64456],[12.58714,55.64473],[12.58715,55.64482],[12.58724,55.64522],[12.58738,55.64583],[12.58752,55.6465],[12.58762,55.64695],[12.58766,55.64714],[12.58784,55.64793],[12.5879,55.64821],[12.58795,55.64845],[12.58805,55.64885],[12.58811,55.64912],[12.58814,55.64922],[12.58819,55.64922],[12.58854,55.65022],[12.58924,55.65209],[12.59036,55.655],[12.5941,55.65495],[12.59421,55.65499],[12.59362,55.65342],[12.59358,55.6533],[12.59311,55.65208],[12.59266,55.65093],[12.59249,55.65044],[12.59243,55.65024],[12.5924,55.65015],[12.59232,55.64984],[12.59225,55.64946],[12.59222,55.649],[12.59216,55.64815],[12.59215,55.64801],[12.59209,55.64754],[12.59203,55.64707],[12.59196,55.64668],[12.59182,55.64581],[12.59173,55.64539],[12.59169,55.64509],[12.5916,55.64434],[12.59141,55.64242],[12.59129,55.6418],[12.59119,55.6417],[12.59145,55.64158],[12.59152,55.64128],[12.59154,55.64118],[12.59156,55.64108],[12.5916,55.6409],[12.59164,55.64071],[12.59168,55.64056],[12.59169,55.64053],[12.59172,55.64036],[12.59179,55.64008],[12.59184,55.63987],[12.59188,55.63969],[12.59192,55.63951],[12.59194,55.63941],[12.59202,55.63907],[12.59207,55.63884],[12.59213,55.63858],[12.59221,55.63836]]]]}},{"type":"Feature","properties":{"nbhd_name":"Sundbyvester","uesi_id":"DNK_N13707878","nbhd_code":"DNK_N13707878_65"},"geometry":{"type":"MultiPolygon","coordinates":[[[[12.61571,55.64345],[12.61577,55.64332],[12.61611,55.64263],[12.61671,55.64143],[12.61708,55.64066],[12.61719,55.64044],[12.61701,55.6404],[12.61694,55.64039],[12.61684,55.64038],[12.61586,55.64025],[12.61564,55.64021],[12.61508,55.64013],[12.61454,55.64006],[12.61404,55.63999],[12.61352,55.63992],[12.613,55.63984],[12.61245,55.63977],[12.61226,55.63974],[12.61122,55.63959],[12.61115,55.63958],[12.6096,55.63937],[12.60834,55.63919],[12.60823,55.63918],[12.60821,55.63917],[12.60804,55.63915],[12.60675,55.63897],[12.60532,55.63877],[12.60348,55.63851],[12.60135,55.63822],[12.60016,55.63805],[12.59996,55.63802],[12.59982,55.638],[12.59976,55.638],[12.59906,55.6379],[12.59675,55.63792],[12.5962,55.63793],[12.59599,55.63793],[12.59598,55.63793],[12.59538,55.63794],[12.59232,55.63796],[12.59228,55.63809],[12.59222,55.6383],[12.59221,55.63836],[12.59213,55.63858],[12.59207,55.63884],[12.59202,55.63907],[12.59194,55.63941],[12.59192,55.63951],[12.59188,55.63969],[12.59184,55.63987],[12.59179,55.64008],[12.59172,55.64036],[12.59169,55.64053],[12.59168,55.64056],[12.59164,55.64071],[12.5916,55.6409],[12.59156,55.64108],[12.59154,55.64118],[12.59152,55.64128],[12.59145,55.64158],[12.59119,55.6417],[12.59129,55.6418],[12.59141,55.64242],[12.5916,55.64434],[12.59169,55.64509],[12.59173,55.64539],[12.59182,55.64581],[12.5981,55.6461],[12.5981,55.64612],[12.59807,55.64633],[12.59793,55.64786],[12.59793,55.64789],[12.59793,55.64795],[12.59793,55.648],[12.59794,55.64806],[12.59795,55.64811],[12.59797,55.64817],[12.59798,55.64822],[12.598,55.64827],[12.59802,55.64833],[12.59805,55.64838],[12.59808,55.64843],[12.59811,55.64849],[12.59815,55.64854],[12.59818,55.64859],[12.59823,55.64864],[12.59823,55.64865],[12.59863,55.64912],[12.59924,55.64986],[12.60003,55.65077],[12.60189,55.65249],[12.60215,55.65273],[12.60236,55.6529],[12.6025,55.65325],[12.60267,55.65389],[12.6037,55.65499],[12.60392,55.65522],[12.60477,55.65652],[12.60539,55.65709],[12.60705,55.65792],[12.60711,55.65795],[12.60776,55.65816],[12.60791,55.65804],[12.60859,55.65748],[12.60906,55.65677],[12.60948,55.65613],[12.60982,55.65564],[12.61018,55.65511],[12.61049,55.65463],[12.61066,55.65439],[12.61074,55.65422],[12.61098,55.65371],[12.61106,55.65354],[12.61112,55.65342],[12.61123,55.65318],[12.6113,55.65305],[12.61153,55.65255],[12.61168,55.65221],[12.61191,55.6517],[12.61252,55.65036],[12.61281,55.64965],[12.61354,55.64808],[12.61438,55.64622],[12.61449,55.64599],[12.61464,55.64564],[12.6148,55.64529],[12.6152,55.64449],[12.61549,55.64389],[12.61554,55.6438],[12.61571,55.64345]]]]}},{"type":"Feature","properties":{"nbhd_name":"Sundholmsvejs kvarteret","uesi_id":"DNK_N13707878","nbhd_code":"DNK_N13707878_66"},"geometry":{"type":"MultiPolygon","coordinates":[[[[12.60477,55.65652],[12.60392,55.65522],[12.6037,55.65499],[12.60267,55.65389],[12.59924,55.65461],[12.59835,55.65479],[12.59777,55.65486],[12.59759,55.65488],[12.59721,55.65491],[12.59668,55.65493],[12.59596,55.65496],[12.59421,55.65499],[12.5942,55.65506],[12.5941,55.6553],[12.59365,55.65575],[12.59357,55.65583],[12.59293,55.65644],[12.59274,55.65662],[12.59241,55.65693],[12.59233,55.65734],[12.59239,55.6578],[12.59399,55.663],[12.59453,55.66287],[12.59478,55.66275],[12.59709,55.66161],[12.6019,55.66296],[12.6022,55.66272],[12.60327,55.66184],[12.60398,55.66125],[12.60506,55.66037],[12.60549,55.66003],[12.60619,55.65946],[12.60712,55.65869],[12.60776,55.65816],[12.60711,55.65795],[12.60705,55.65792],[12.60539,55.65709],[12.60477,55.65652]]]]}},{"type":"Feature","properties":{"nbhd_name":"Urbanplanen","uesi_id":"DNK_N13707878","nbhd_code":"DNK_N13707878_67"},"geometry":{"type":"MultiPolygon","coordinates":[[[[12.59823,55.64865],[12.59823,55.64864],[12.59818,55.64859],[12.59815,55.64854],[12.59811,55.64849],[12.59808,55.64843],[12.59805,55.64838],[12.59802,55.64833],[12.598,55.64827],[12.59798,55.64822],[12.59797,55.64817],[12.59795,55.64811],[12.59794,55.64806],[12.59793,55.648],[12.59793,55.64795],[12.59793,55.64789],[12.59793,55.64786],[12.59807,55.64633],[12.5981,55.64612],[12.5981,55.6461],[12.59182,55.64581],[12.59196,55.64668],[12.59203,55.64707],[12.59209,55.64754],[12.59215,55.64801],[12.59216,55.64815],[12.59222,55.649],[12.59225,55.64946],[12.59232,55.64984],[12.5924,55.65015],[12.59243,55.65024],[12.59249,55.65044],[12.59266,55.65093],[12.59311,55.65208],[12.59358,55.6533],[12.59362,55.65342],[12.59421,55.65499],[12.59596,55.65496],[12.59668,55.65493],[12.59721,55.65491],[12.59759,55.65488],[12.59777,55.65486],[12.59835,55.65479],[12.59924,55.65461],[12.60267,55.65389],[12.6025,55.65325],[12.60236,55.6529],[12.60215,55.65273],[12.60189,55.65249],[12.60003,55.65077],[12.59924,55.64986],[12.59863,55.64912],[12.59823,55.64865]]]]}},{"type":"Feature","properties":{"nbhd_name":"\u00d8restad Syd","uesi_id":"DNK_N13707878","nbhd_code":"DNK_N13707878_68"},"geometry":{"type":"MultiPolygon","coordinates":[[[[12.57372,55.63132],[12.57431,55.63128],[12.57491,55.63127],[12.57614,55.63137],[12.57652,55.63142],[12.57694,55.63144],[12.57734,55.63145],[12.57779,55.63144],[12.57824,55.6314],[12.57877,55.63135],[12.57918,55.63128],[12.58002,55.6311],[12.58002,55.6311],[12.58155,55.63063],[12.58216,55.63053],[12.58285,55.63046],[12.58283,55.63042],[12.58229,55.62861],[12.58218,55.62821],[12.58199,55.62764],[12.58111,55.62469],[12.57918,55.61827],[12.579,55.61821],[12.57865,55.61808],[12.57759,55.61771],[12.57591,55.6171],[12.57522,55.61686],[12.5727,55.61595],[12.57184,55.61575],[12.5693,55.6155],[12.56522,55.6155],[12.52353,55.61549],[12.52335,55.6154],[12.52266,55.61513],[12.52193,55.61485],[12.52128,55.61459],[12.52057,55.61436],[12.51979,55.61417],[12.51904,55.61397],[12.51873,55.6139],[12.51759,55.61368],[12.51648,55.61348],[12.51634,55.61343],[12.51626,55.61335],[12.51609,55.61287],[12.51598,55.61288],[12.51617,55.61347],[12.51568,55.61344],[12.51509,55.6134],[12.51462,55.61337],[12.51409,55.61334],[12.51367,55.61334],[12.51335,55.61334],[12.513,55.61337],[12.51308,55.61343],[12.51352,55.61378],[12.51311,55.61378],[12.5127,55.61378],[12.51229,55.61377],[12.51189,55.61378],[12.51148,55.61378],[12.51108,55.61379],[12.51067,55.6138],[12.51029,55.6135],[12.51024,55.61346],[12.51013,55.61338],[12.51013,55.61338],[12.50984,55.61324],[12.50892,55.61285],[12.50886,55.61284],[12.50882,55.61287],[12.509,55.61296],[12.50895,55.61303],[12.50864,55.61315],[12.50825,55.61322],[12.50785,55.61329],[12.5068,55.61339],[12.50646,55.6134],[12.50618,55.61337],[12.50599,55.61331],[12.5061,55.6131],[12.50611,55.61305],[12.50606,55.61301],[12.50603,55.61303],[12.50586,55.61324],[12.50554,55.61371],[12.50553,55.61372],[12.5055,55.61381],[12.50551,55.61396],[12.50555,55.61409],[12.50475,55.61415],[12.50494,55.61447],[12.50549,55.61444],[12.50565,55.61443],[12.50571,55.61462],[12.50577,55.61471],[12.50597,55.61488],[12.50648,55.61526],[12.50651,55.61526],[12.50655,55.61524],[12.50654,55.61521],[12.50636,55.61506],[12.50651,55.615],[12.5068,55.61494],[12.50701,55.61492],[12.51058,55.6148],[12.51097,55.61481],[12.51103,55.61509],[12.5111,55.61511],[12.51113,55.61507],[12.51113,55.61464],[12.51107,55.61413],[12.51107,55.61412],[12.51148,55.61411],[12.51189,55.61411],[12.5123,55.61411],[12.51272,55.61411],[12.51313,55.61412],[12.51339,55.61412],[12.51354,55.61412],[12.51372,55.61426],[12.51526,55.61548],[12.53342,55.62987],[12.5342,55.63048],[12.5348,55.63093],[12.53527,55.63124],[12.53596,55.63165],[12.53646,55.63192],[12.53673,55.63207],[12.53677,55.63209],[12.53838,55.63296],[12.54109,55.63439],[12.5417,55.63471],[12.55046,55.63935],[12.55049,55.63936],[12.55061,55.63943],[12.55182,55.64007],[12.55198,55.64028],[12.55202,55.64036],[12.55205,55.64044],[12.55207,55.64052],[12.55207,55.6406],[12.55207,55.64068],[12.55206,55.64076],[12.55203,55.64084],[12.55202,55.64087],[12.55157,55.64107],[12.55157,55.64112],[12.55142,55.64115],[12.55141,55.64115],[12.5514,55.64116],[12.55139,55.64116],[12.55138,55.64116],[12.55137,55.64117],[12.55136,55.64117],[12.55135,55.64118],[12.55135,55.64118],[12.55134,55.64118],[12.55134,55.64119],[12.55134,55.64119],[12.55133,55.6412],[12.55133,55.64121],[12.55133,55.64121],[12.55133,55.64122],[12.55133,55.64122],[12.55133,55.64123],[12.55133,55.64124],[12.55141,55.64134],[12.55164,55.64129],[12.55207,55.64121],[12.55255,55.64112],[12.55297,55.64106],[12.5533,55.64102],[12.5534,55.641],[12.5538,55.64096],[12.55412,55.64093],[12.5544,55.64091],[12.55477,55.64089],[12.55522,55.64087],[12.55591,55.64085],[12.55673,55.64086],[12.5575,55.6409],[12.55823,55.64095],[12.55887,55.64102],[12.55947,55.64111],[12.55997,55.64118],[12.56041,55.64124],[12.56103,55.64131],[12.5616,55.64137],[12.56223,55.64142],[12.56281,55.64145],[12.56329,55.64147],[12.56354,55.64148],[12.56542,55.64148],[12.57003,55.64128],[12.57571,55.64097],[12.57563,55.64077],[12.57438,55.63774],[12.57432,55.6376],[12.57393,55.63665],[12.57187,55.63164],[12.57185,55.63159],[12.57372,55.63132]]]]}}]}