{"type":"FeatureCollection","name":"ESP_R2902364","crs":{"type":"name","properties":{"name":"urn:ogc:def:crs:OGC:1.3:CRS84"}},"features":[{"type":"Feature","properties":{"nbhd_name":"Murcia sub-city dist. No. 6-B","uesi_id":"ESP_R2902364","nbhd_code":"ESP_R2902364_2"},"geometry":{"type":"MultiPolygon","coordinates":[[[[-1.08127,37.94543],[-1.0834,37.94453],[-1.086,37.9438],[-1.08742,37.9431],[-1.08819,37.94251],[-1.08933,37.94156],[-1.0906,37.9399],[-1.09188,37.93872],[-1.09384,37.93736],[-1.09405,37.9372],[-1.09997,37.94804],[-1.10155,37.94982],[-1.1019,37.94979],[-1.10212,37.95],[-1.10237,37.95021],[-1.10247,37.95032],[-1.10259,37.95044],[-1.10263,37.95051],[-1.10297,37.95096],[-1.10325,37.95132],[-1.10349,37.95165],[-1.10364,37.95182],[-1.10382,37.95202],[-1.10394,37.95218],[-1.10433,37.95273],[-1.10448,37.95283],[-1.10473,37.95299],[-1.10479,37.95307],[-1.10495,37.95337],[-1.10504,37.95354],[-1.10506,37.95361],[-1.10511,37.95382],[-1.10583,37.95525],[-1.10648,37.95659],[-1.10651,37.95664],[-1.10699,37.9565],[-1.10807,37.95839],[-1.10866,37.95811],[-1.10931,37.9578],[-1.10983,37.95753],[-1.11084,37.95701],[-1.11172,37.95654],[-1.11195,37.95643],[-1.11296,37.95593],[-1.11403,37.9554],[-1.11462,37.95509],[-1.11522,37.95479],[-1.11611,37.95436],[-1.11659,37.95509],[-1.11696,37.95567],[-1.11707,37.95588],[-1.11717,37.95611],[-1.11755,37.95699],[-1.11767,37.95727],[-1.11745,37.95728],[-1.11726,37.95729],[-1.11717,37.95729],[-1.11697,37.95732],[-1.11671,37.95733],[-1.11619,37.95736],[-1.11589,37.95739],[-1.11573,37.9574],[-1.11564,37.95741],[-1.11534,37.95753],[-1.1151,37.95762],[-1.11504,37.95766],[-1.11482,37.95775],[-1.11464,37.95784],[-1.11442,37.95791],[-1.11425,37.95798],[-1.11416,37.958],[-1.1141,37.958],[-1.11404,37.95795],[-1.11398,37.95787],[-1.11393,37.9578],[-1.11382,37.95768],[-1.11375,37.9577],[-1.11366,37.95774],[-1.11307,37.95806],[-1.11271,37.95825],[-1.11257,37.95835],[-1.11181,37.95871],[-1.11157,37.95883],[-1.11101,37.95909],[-1.11059,37.95929],[-1.11043,37.95943],[-1.1103,37.95953],[-1.11019,37.9596],[-1.11007,37.95969],[-1.1099,37.95979],[-1.10979,37.95987],[-1.10956,37.96002],[-1.10916,37.96024],[-1.10881,37.96041],[-1.10832,37.96065],[-1.10845,37.96085],[-1.1086,37.96106],[-1.1087,37.9612],[-1.10892,37.96129],[-1.10922,37.96143],[-1.10958,37.9616],[-1.10988,37.96173],[-1.11008,37.96182],[-1.11025,37.96189],[-1.11039,37.96193],[-1.11051,37.96193],[-1.11057,37.96193],[-1.1107,37.96192],[-1.11085,37.9619],[-1.11103,37.96188],[-1.11111,37.96188],[-1.11122,37.96187],[-1.11128,37.96187],[-1.11136,37.96188],[-1.11143,37.96191],[-1.1115,37.96195],[-1.11156,37.96201],[-1.11162,37.96209],[-1.11179,37.96233],[-1.11192,37.96251],[-1.11216,37.96288],[-1.11227,37.96302],[-1.11219,37.96304],[-1.11193,37.96315],[-1.11184,37.96316],[-1.11172,37.96319],[-1.1116,37.96322],[-1.11152,37.96325],[-1.11143,37.9633],[-1.11132,37.96335],[-1.11123,37.96342],[-1.11113,37.9635],[-1.11104,37.96358],[-1.11086,37.96375],[-1.11069,37.96395],[-1.11049,37.96414],[-1.11038,37.96429],[-1.11031,37.96439],[-1.11015,37.96459],[-1.11006,37.96471],[-1.10994,37.96482],[-1.10981,37.96493],[-1.10974,37.96503],[-1.10966,37.96513],[-1.10962,37.96519],[-1.10956,37.96536],[-1.10954,37.96542],[-1.10945,37.96549],[-1.10933,37.96556],[-1.10905,37.96572],[-1.10886,37.96586],[-1.10874,37.96598],[-1.10867,37.96607],[-1.10858,37.96619],[-1.10849,37.9663],[-1.10838,37.96637],[-1.10823,37.96645],[-1.10809,37.96655],[-1.1079,37.96665],[-1.10784,37.96674],[-1.10772,37.96696],[-1.10757,37.96719],[-1.1074,37.96737],[-1.10737,37.96743],[-1.10721,37.96752],[-1.10705,37.96761],[-1.10699,37.96766],[-1.10685,37.96771],[-1.10679,37.96774],[-1.10678,37.96781],[-1.10675,37.96787],[-1.10669,37.96792],[-1.10661,37.96798],[-1.10653,37.96803],[-1.10641,37.9681],[-1.10626,37.96822],[-1.10619,37.96828],[-1.10612,37.96836],[-1.10602,37.96847],[-1.10594,37.96854],[-1.10586,37.96859],[-1.10571,37.96866],[-1.10565,37.96871],[-1.10557,37.96876],[-1.1055,37.96881],[-1.10535,37.9689],[-1.10533,37.96894],[-1.10523,37.96905],[-1.10517,37.96911],[-1.10513,37.96914],[-1.10503,37.96917],[-1.10487,37.96923],[-1.10482,37.96925],[-1.10449,37.96943],[-1.10438,37.96947],[-1.1043,37.96947],[-1.10417,37.96947],[-1.10403,37.96949],[-1.10393,37.96951],[-1.10382,37.96953],[-1.10373,37.96955],[-1.10361,37.96958],[-1.10355,37.96959],[-1.10349,37.96962],[-1.10344,37.96964],[-1.10333,37.96969],[-1.10324,37.96972],[-1.10316,37.96976],[-1.10311,37.9698],[-1.10305,37.96984],[-1.10286,37.96993],[-1.10272,37.97],[-1.10265,37.97003],[-1.10231,37.97019],[-1.10208,37.97029],[-1.1018,37.97042],[-1.10167,37.97049],[-1.10139,37.97064],[-1.10114,37.97076],[-1.10091,37.97087],[-1.10086,37.9709],[-1.10075,37.97096],[-1.10057,37.97106],[-1.10041,37.97112],[-1.10027,37.97117],[-1.1002,37.9712],[-1.09999,37.97131],[-1.09997,37.97141],[-1.10012,37.97141],[-1.10055,37.97142],[-1.10112,37.97146],[-1.11084,37.97244],[-1.11204,37.97461],[-1.11208,37.97461],[-1.11271,37.9761],[-1.11273,37.97615],[-1.11276,37.97622],[-1.11281,37.97633],[-1.11283,37.97639],[-1.11287,37.97646],[-1.11301,37.97673],[-1.11309,37.97689],[-1.11319,37.97709],[-1.11329,37.97731],[-1.11335,37.97743],[-1.11341,37.97756],[-1.11346,37.97768],[-1.11349,37.97773],[-1.11352,37.97779],[-1.11356,37.97787],[-1.11356,37.97787],[-1.11357,37.97787],[-1.1136,37.97794],[-1.11367,37.97806],[-1.11368,37.97808],[-1.11372,37.97813],[-1.11373,37.97815],[-1.11339,37.97826],[-1.11316,37.97833],[-1.11299,37.97838],[-1.11304,37.97853],[-1.11309,37.97869],[-1.11316,37.97893],[-1.1132,37.97906],[-1.11323,37.97916],[-1.11325,37.97923],[-1.11328,37.97936],[-1.11328,37.9794],[-1.11328,37.97941],[-1.11328,37.97941],[-1.11328,37.97941],[-1.11329,37.97941],[-1.11329,37.97946],[-1.11332,37.97953],[-1.11337,37.97967],[-1.11346,37.97994],[-1.11354,37.98022],[-1.11374,37.98031],[-1.11376,37.9805],[-1.11379,37.9807],[-1.11381,37.98096],[-1.11385,37.98127],[-1.11387,37.98146],[-1.11394,37.9816],[-1.11409,37.98188],[-1.11417,37.98204],[-1.11422,37.98205],[-1.11422,37.98207],[-1.11424,37.98216],[-1.11428,37.98245],[-1.11428,37.98245],[-1.11426,37.98245],[-1.11427,37.98251],[-1.11193,37.98281],[-1.11193,37.98281],[-1.11142,37.98286],[-1.11111,37.9829],[-1.11074,37.98295],[-1.11063,37.98295],[-1.10902,37.98305],[-1.10791,37.98332],[-1.10559,37.9839],[-1.10401,37.98437],[-1.10313,37.98481],[-1.10257,37.98516],[-1.10186,37.98593],[-1.10091,37.98639],[-1.09992,37.98638],[-1.09882,37.98607],[-1.09851,37.98564],[-1.09838,37.98447],[-1.09792,37.98348],[-1.09729,37.98293],[-1.09681,37.98293],[-1.09621,37.98332],[-1.09556,37.98346],[-1.09484,37.98352],[-1.09458,37.98372],[-1.09459,37.98416],[-1.0951,37.98501],[-1.09503,37.98573],[-1.09499,37.9865],[-1.09481,37.98678],[-1.09431,37.98694],[-1.09307,37.98727],[-1.09168,37.98753],[-1.09116,37.98774],[-1.09102,37.98789],[-1.09026,37.98873],[-1.0895,37.98958],[-1.08858,37.99041],[-1.08726,37.99127],[-1.0864,37.99188],[-1.08607,37.99234],[-1.08576,37.99308],[-1.0854,37.99417],[-1.08481,37.99536],[-1.08467,37.99545],[-1.08418,37.99576],[-1.08391,37.99573],[-1.08327,37.99567],[-1.08212,37.99527],[-1.08135,37.99465],[-1.08066,37.99389],[-1.08003,37.99289],[-1.07946,37.99254],[-1.07855,37.99225],[-1.07754,37.99191],[-1.07697,37.99129],[-1.07627,37.99064],[-1.07527,37.99006],[-1.0742,37.98987],[-1.07356,37.9899],[-1.07452,37.98916],[-1.07487,37.98888],[-1.07508,37.98858],[-1.07526,37.98844],[-1.07645,37.98737],[-1.07654,37.98729],[-1.07641,37.98704],[-1.07636,37.98693],[-1.0763,37.98677],[-1.07622,37.9866],[-1.07609,37.98631],[-1.07594,37.98599],[-1.07587,37.98584],[-1.07582,37.98573],[-1.07562,37.98529],[-1.07551,37.98506],[-1.07546,37.98493],[-1.07538,37.98473],[-1.07522,37.9844],[-1.07509,37.98411],[-1.07505,37.98404],[-1.075,37.98391],[-1.07493,37.98372],[-1.07483,37.98352],[-1.0748,37.98346],[-1.07464,37.98308],[-1.07463,37.98303],[-1.07447,37.9826],[-1.07441,37.98244],[-1.07437,37.98236],[-1.07425,37.98236],[-1.07367,37.98235],[-1.07325,37.98233],[-1.07242,37.98228],[-1.07176,37.98226],[-1.07153,37.98225],[-1.07105,37.98223],[-1.07057,37.98222],[-1.06974,37.98219],[-1.06966,37.98219],[-1.06932,37.98213],[-1.06897,37.98206],[-1.0688,37.98202],[-1.06864,37.98201],[-1.06838,37.98199],[-1.0681,37.98196],[-1.06795,37.98194],[-1.06753,37.98189],[-1.06702,37.98183],[-1.06657,37.98177],[-1.06644,37.98176],[-1.06617,37.98175],[-1.06598,37.98174],[-1.06579,37.98175],[-1.06566,37.98157],[-1.06548,37.98127],[-1.06526,37.98093],[-1.065,37.98054],[-1.06469,37.98003],[-1.06446,37.97964],[-1.06372,37.9787],[-1.06356,37.97858],[-1.06389,37.97835],[-1.06423,37.97815],[-1.06435,37.97794],[-1.06448,37.9777],[-1.06496,37.97724],[-1.06543,37.97682],[-1.06591,37.97636],[-1.06594,37.97627],[-1.0659,37.97623],[-1.06514,37.97658],[-1.06486,37.97616],[-1.06447,37.97559],[-1.06421,37.97513],[-1.06417,37.97506],[-1.06419,37.97505],[-1.06365,37.97419],[-1.06365,37.97419],[-1.06318,37.9738],[-1.06284,37.97352],[-1.06193,37.97275],[-1.06099,37.97192],[-1.06031,37.97127],[-1.05999,37.97096],[-1.0597,37.97099],[-1.05944,37.97087],[-1.0589,37.97089],[-1.05863,37.97085],[-1.05847,37.97082],[-1.05845,37.97078],[-1.05843,37.97073],[-1.05809,37.97026],[-1.05799,37.97025],[-1.05795,37.97015],[-1.0579,37.96999],[-1.05778,37.96992],[-1.0577,37.96982],[-1.05756,37.96974],[-1.05747,37.96964],[-1.05736,37.96954],[-1.0572,37.96944],[-1.05707,37.96935],[-1.05691,37.96916],[-1.05679,37.96905],[-1.0567,37.96898],[-1.05658,37.96885],[-1.05641,37.96873],[-1.05619,37.96856],[-1.05601,37.96841],[-1.05578,37.96824],[-1.05549,37.96802],[-1.05528,37.96789],[-1.05511,37.96761],[-1.05492,37.96747],[-1.05462,37.96725],[-1.05434,37.96709],[-1.0542,37.96699],[-1.05402,37.96687],[-1.0538,37.96673],[-1.0536,37.96661],[-1.05334,37.96649],[-1.05315,37.96631],[-1.0526,37.9659],[-1.05223,37.96567],[-1.05216,37.96575],[-1.05213,37.96584],[-1.05206,37.96591],[-1.05196,37.96601],[-1.05188,37.9661],[-1.05179,37.96617],[-1.05167,37.96622],[-1.05152,37.96627],[-1.05133,37.96633],[-1.05113,37.96635],[-1.05092,37.96641],[-1.05074,37.96641],[-1.05058,37.96642],[-1.05044,37.96645],[-1.05028,37.9665],[-1.05014,37.96656],[-1.04997,37.96663],[-1.0498,37.96673],[-1.04972,37.96677],[-1.04965,37.96686],[-1.04955,37.96694],[-1.0495,37.96697],[-1.04939,37.96708],[-1.04932,37.96714],[-1.04918,37.96724],[-1.04908,37.96734],[-1.04895,37.9674],[-1.04888,37.96729],[-1.04868,37.96721],[-1.04852,37.96708],[-1.04841,37.96703],[-1.04826,37.96699],[-1.04813,37.96692],[-1.04802,37.96689],[-1.04789,37.96687],[-1.0478,37.9669],[-1.04772,37.96692],[-1.04761,37.96697],[-1.04754,37.96703],[-1.04746,37.96711],[-1.04732,37.96722],[-1.04719,37.96733],[-1.04709,37.9674],[-1.04699,37.96755],[-1.04688,37.96761],[-1.04678,37.96768],[-1.04668,37.96776],[-1.04658,37.96784],[-1.04643,37.96792],[-1.04635,37.96791],[-1.04619,37.9679],[-1.04607,37.96788],[-1.04594,37.96786],[-1.04585,37.96781],[-1.04568,37.96775],[-1.04551,37.96777],[-1.04534,37.9678],[-1.04522,37.96783],[-1.04507,37.96787],[-1.04491,37.96791],[-1.04475,37.96794],[-1.04462,37.96799],[-1.04446,37.96808],[-1.0443,37.96814],[-1.04424,37.96811],[-1.04405,37.96812],[-1.04394,37.96807],[-1.04369,37.968],[-1.04353,37.96795],[-1.04335,37.9679],[-1.04313,37.96783],[-1.04299,37.96777],[-1.04283,37.96768],[-1.04268,37.96761],[-1.04249,37.96755],[-1.04235,37.9675],[-1.04222,37.96743],[-1.04207,37.96738],[-1.04195,37.96733],[-1.04192,37.96721],[-1.042,37.96709],[-1.04207,37.96696],[-1.0421,37.96689],[-1.0421,37.96679],[-1.04212,37.96663],[-1.04216,37.96649],[-1.04212,37.96636],[-1.0421,37.96623],[-1.04201,37.96606],[-1.04202,37.96594],[-1.04196,37.96584],[-1.04189,37.9657],[-1.04181,37.96557],[-1.04172,37.96547],[-1.04161,37.96534],[-1.04157,37.96521],[-1.04165,37.96509],[-1.04169,37.96494],[-1.04171,37.96483],[-1.04177,37.96469],[-1.0418,37.96459],[-1.04181,37.96449],[-1.04185,37.96435],[-1.0419,37.96421],[-1.04194,37.96409],[-1.04194,37.964],[-1.04196,37.96391],[-1.04181,37.96389],[-1.04165,37.96384],[-1.0415,37.96385],[-1.04134,37.96382],[-1.04123,37.96378],[-1.04112,37.96374],[-1.04092,37.96359],[-1.0408,37.96348],[-1.04063,37.96331],[-1.04056,37.96324],[-1.04053,37.96312],[-1.0405,37.96297],[-1.04048,37.96287],[-1.04045,37.96281],[-1.04042,37.96271],[-1.04034,37.96261],[-1.0402,37.96249],[-1.04004,37.96244],[-1.03995,37.96236],[-1.03983,37.96231],[-1.03972,37.96222],[-1.03974,37.96212],[-1.03983,37.96203],[-1.03993,37.96192],[-1.03997,37.96179],[-1.04004,37.96167],[-1.04013,37.96155],[-1.04019,37.96143],[-1.04026,37.96132],[-1.04019,37.96129],[-1.03999,37.96132],[-1.03986,37.96131],[-1.03965,37.96126],[-1.03941,37.9613],[-1.03916,37.96135],[-1.03896,37.96136],[-1.03873,37.96138],[-1.03853,37.96139],[-1.03835,37.96141],[-1.03788,37.96147],[-1.03758,37.96149],[-1.03732,37.96151],[-1.03709,37.96155],[-1.03687,37.96155],[-1.03665,37.96156],[-1.03625,37.96161],[-1.03598,37.96161],[-1.03582,37.96163],[-1.03563,37.96167],[-1.03541,37.96169],[-1.03525,37.96169],[-1.03516,37.96172],[-1.03411,37.96099],[-1.03404,37.961],[-1.03364,37.96085],[-1.03319,37.96078],[-1.03281,37.96069],[-1.03278,37.96037],[-1.03275,37.96008],[-1.03283,37.95946],[-1.03286,37.95882],[-1.03281,37.95833],[-1.03283,37.95777],[-1.03275,37.95693],[-1.03273,37.95636],[-1.03268,37.95583],[-1.03266,37.95536],[-1.03251,37.95458],[-1.03243,37.95365],[-1.03227,37.95287],[-1.03217,37.95194],[-1.03205,37.95109],[-1.0319,37.95031],[-1.03177,37.94962],[-1.03168,37.94906],[-1.0316,37.94867],[-1.03155,37.94848],[-1.03141,37.94803],[-1.03132,37.94762],[-1.02614,37.94623],[-1.03087,37.94066],[-1.03524,37.94033],[-1.03555,37.9403],[-1.03658,37.93952],[-1.03703,37.93943],[-1.03748,37.93972],[-1.03839,37.93922],[-1.03757,37.93903],[-1.03796,37.93842],[-1.03843,37.93845],[-1.03919,37.93898],[-1.04011,37.93873],[-1.04015,37.93854],[-1.03981,37.93829],[-1.04064,37.93781],[-1.04072,37.93859],[-1.04128,37.93894],[-1.04177,37.93803],[-1.04197,37.93677],[-1.04384,37.9356],[-1.0449,37.93411],[-1.04529,37.93412],[-1.04591,37.93436],[-1.04638,37.93494],[-1.04745,37.93502],[-1.04865,37.93489],[-1.04938,37.93519],[-1.05005,37.93524],[-1.05008,37.93537],[-1.0513,37.93564],[-1.05156,37.93587],[-1.05166,37.93641],[-1.05206,37.9367],[-1.0533,37.93651],[-1.05394,37.93662],[-1.05411,37.93691],[-1.05408,37.93698],[-1.05379,37.93799],[-1.05386,37.93816],[-1.05407,37.93824],[-1.05441,37.93832],[-1.05483,37.93856],[-1.05482,37.93856],[-1.05437,37.93872],[-1.05367,37.93889],[-1.05353,37.93892],[-1.0527,37.93932],[-1.05259,37.93945],[-1.05253,37.93952],[-1.05239,37.93988],[-1.05231,37.94016],[-1.05228,37.94026],[-1.05279,37.94051],[-1.05332,37.94073],[-1.05345,37.94078],[-1.05237,37.94121],[-1.05192,37.94124],[-1.05154,37.94128],[-1.05107,37.94133],[-1.05055,37.94144],[-1.05005,37.94158],[-1.04993,37.94162],[-1.05023,37.94177],[-1.05057,37.94172],[-1.05076,37.9418],[-1.05085,37.94211],[-1.05109,37.94221],[-1.0514,37.94232],[-1.05137,37.94259],[-1.05126,37.94291],[-1.0513,37.94322],[-1.05145,37.94318],[-1.05159,37.94319],[-1.052,37.94317],[-1.05255,37.94343],[-1.05275,37.94321],[-1.05329,37.94272],[-1.05381,37.94236],[-1.05393,37.9422],[-1.05453,37.94215],[-1.05508,37.94235],[-1.05532,37.94254],[-1.05584,37.94288],[-1.05625,37.94286],[-1.05646,37.94249],[-1.05673,37.94254],[-1.05702,37.94308],[-1.05723,37.9436],[-1.05799,37.94415],[-1.05862,37.94407],[-1.06024,37.94379],[-1.06173,37.94327],[-1.06286,37.94317],[-1.06331,37.94316],[-1.06371,37.94337],[-1.06383,37.94385],[-1.0638,37.94429],[-1.06356,37.94475],[-1.06289,37.94547],[-1.06263,37.94576],[-1.06256,37.94602],[-1.0629,37.94644],[-1.06336,37.94671],[-1.06373,37.94697],[-1.06418,37.94759],[-1.06444,37.94804],[-1.06433,37.94857],[-1.06548,37.94889],[-1.06571,37.94913],[-1.06595,37.94962],[-1.06642,37.94979],[-1.06688,37.95025],[-1.06744,37.95072],[-1.07161,37.94913],[-1.0808,37.94561],[-1.08127,37.94543]]]]}},{"type":"Feature","properties":{"nbhd_name":"Murcia sub-city dist. No. 6-A","uesi_id":"ESP_R2902364","nbhd_code":"ESP_R2902364_3"},"geometry":{"type":"MultiPolygon","coordinates":[[[[-1.05999,37.97096],[-1.06031,37.97127],[-1.06099,37.97192],[-1.06193,37.97275],[-1.06284,37.97352],[-1.06318,37.9738],[-1.06365,37.97419],[-1.06365,37.97419],[-1.06419,37.97505],[-1.06417,37.97506],[-1.06421,37.97513],[-1.06447,37.97559],[-1.06486,37.97616],[-1.06514,37.97658],[-1.0659,37.97623],[-1.06594,37.97627],[-1.06591,37.97636],[-1.06543,37.97682],[-1.06496,37.97724],[-1.06448,37.9777],[-1.06435,37.97794],[-1.06423,37.97815],[-1.06389,37.97835],[-1.06356,37.97858],[-1.06372,37.9787],[-1.06446,37.97964],[-1.06469,37.98003],[-1.065,37.98054],[-1.06526,37.98093],[-1.06548,37.98127],[-1.06566,37.98157],[-1.06579,37.98175],[-1.06598,37.98174],[-1.06617,37.98175],[-1.06644,37.98176],[-1.06657,37.98177],[-1.06702,37.98183],[-1.06753,37.98189],[-1.06795,37.98194],[-1.0681,37.98196],[-1.06838,37.98199],[-1.06864,37.98201],[-1.0688,37.98202],[-1.06897,37.98206],[-1.06932,37.98213],[-1.06966,37.98219],[-1.06974,37.98219],[-1.07057,37.98222],[-1.07105,37.98223],[-1.07153,37.98225],[-1.07176,37.98226],[-1.07242,37.98228],[-1.07325,37.98233],[-1.07367,37.98235],[-1.07425,37.98236],[-1.07437,37.98236],[-1.07441,37.98244],[-1.07447,37.9826],[-1.07463,37.98303],[-1.07464,37.98308],[-1.0748,37.98346],[-1.07483,37.98352],[-1.07493,37.98372],[-1.075,37.98391],[-1.07505,37.98404],[-1.07509,37.98411],[-1.07522,37.9844],[-1.07538,37.98473],[-1.07546,37.98493],[-1.07551,37.98506],[-1.07562,37.98529],[-1.07582,37.98573],[-1.07587,37.98584],[-1.07594,37.98599],[-1.07609,37.98631],[-1.07622,37.9866],[-1.0763,37.98677],[-1.07636,37.98693],[-1.07641,37.98704],[-1.07654,37.98729],[-1.07645,37.98737],[-1.07526,37.98844],[-1.07508,37.98858],[-1.07487,37.98888],[-1.07452,37.98916],[-1.07356,37.9899],[-1.07312,37.99016],[-1.073,37.9906],[-1.07296,37.99163],[-1.07229,37.99245],[-1.07157,37.99329],[-1.0707,37.9938],[-1.06968,37.99418],[-1.06858,37.99458],[-1.06779,37.99508],[-1.06725,37.99531],[-1.06644,37.99538],[-1.06541,37.99574],[-1.06514,37.99623],[-1.06518,37.99889],[-1.06468,37.99906],[-1.06382,37.99903],[-1.06296,37.99846],[-1.0628,37.99843],[-1.06214,37.9983],[-1.06044,37.9983],[-1.05864,37.9981],[-1.05769,37.99773],[-1.05708,37.99705],[-1.05664,37.99601],[-1.0567,37.99468],[-1.05669,37.99344],[-1.05618,37.99279],[-1.05535,37.9927],[-1.05508,37.99286],[-1.05469,37.99308],[-1.05413,37.99408],[-1.05392,37.99522],[-1.05382,37.99611],[-1.0536,37.99683],[-1.05329,37.99718],[-1.05262,37.99747],[-1.05136,37.9978],[-1.05095,37.99803],[-1.05025,37.9986],[-1.04961,37.9991],[-1.04919,37.99958],[-1.04921,38.00015],[-1.04962,38.00063],[-1.05017,38.00099],[-1.05108,38.00118],[-1.05219,38.00123],[-1.0533,38.00099],[-1.05445,38.00095],[-1.05534,38.00134],[-1.05555,38.00187],[-1.05529,38.00245],[-1.0547,38.00316],[-1.05446,38.00382],[-1.0541,38.00429],[-1.05363,38.00464],[-1.05291,38.00492],[-1.05194,38.00495],[-1.05033,38.00508],[-1.0492,38.00536],[-1.04873,38.0057],[-1.04846,38.00625],[-1.04871,38.00707],[-1.04868,38.00782],[-1.04826,38.00869],[-1.0475,38.00898],[-1.04613,38.00899],[-1.04487,38.00876],[-1.04365,38.00802],[-1.04264,38.00777],[-1.04173,38.00798],[-1.04074,38.00868],[-1.04064,38.00876],[-1.0396,38.00964],[-1.03927,38.01027],[-1.0393,38.01078],[-1.03992,38.01099],[-1.0413,38.01128],[-1.04243,38.01172],[-1.04312,38.01257],[-1.04315,38.01262],[-1.0433,38.01326],[-1.0425,38.01426],[-1.04143,38.01526],[-1.04053,38.01596],[-1.04062,38.01644],[-1.04142,38.01688],[-1.04259,38.01714],[-1.04367,38.01703],[-1.04533,38.017],[-1.0467,38.01727],[-1.04696,38.01764],[-1.04688,38.0181],[-1.0467,38.01852],[-1.04611,38.01934],[-1.04564,38.02034],[-1.04559,38.02125],[-1.04554,38.02304],[-1.04512,38.02354],[-1.04502,38.02356],[-1.04434,38.02374],[-1.04374,38.02336],[-1.04272,38.02246],[-1.04126,38.02137],[-1.04049,38.02114],[-1.03992,38.02126],[-1.0392,38.02179],[-1.03856,38.02292],[-1.03836,38.0238],[-1.0381,38.02494],[-1.03778,38.02683],[-1.03884,38.02864],[-1.03908,38.02987],[-1.03866,38.03045],[-1.03795,38.03041],[-1.03729,38.03007],[-1.03643,38.0299],[-1.03637,38.02988],[-1.03564,38.02967],[-1.03469,38.02887],[-1.03374,38.02788],[-1.03363,38.02777],[-1.03272,38.02748],[-1.03209,38.02772],[-1.03168,38.02823],[-1.03158,38.02925],[-1.03168,38.03021],[-1.03218,38.0311],[-1.033,38.03174],[-1.03353,38.03242],[-1.03325,38.03277],[-1.03262,38.03299],[-1.03056,38.03303],[-1.02942,38.03288],[-1.02895,38.03226],[-1.02916,38.0315],[-1.02926,38.03074],[-1.02865,38.02955],[-1.02787,38.02907],[-1.02698,38.02895],[-1.0264,38.0293],[-1.02621,38.03061],[-1.02593,38.031],[-1.02541,38.03171],[-1.02495,38.03221],[-1.02435,38.03242],[-1.02421,38.03239],[-1.02351,38.03225],[-1.02121,38.03125],[-1.0202,38.03106],[-1.01972,38.0313],[-1.01961,38.03177],[-1.01946,38.03273],[-1.01912,38.0332],[-1.01872,38.03346],[-1.01759,38.03397],[-1.01674,38.03431],[-1.01609,38.03442],[-1.01437,38.03446],[-1.01449,38.03431],[-1.01442,38.0343],[-1.01417,38.03428],[-1.01369,38.03427],[-1.01339,38.03427],[-1.01307,38.03425],[-1.01275,38.03424],[-1.01257,38.03422],[-1.01244,38.0342],[-1.01234,38.03416],[-1.01226,38.03411],[-1.01208,38.03392],[-1.01167,38.03351],[-1.01136,38.03323],[-1.01124,38.03312],[-1.01106,38.0329],[-1.01102,38.03281],[-1.01014,38.03193],[-1.00882,38.03069],[-1.0082,38.03025],[-1.00819,38.03025],[-1.00761,38.02983],[-1.00735,38.02965],[-1.00709,38.02944],[-1.00695,38.02931],[-1.00657,38.02904],[-1.00604,38.02865],[-1.00554,38.02828],[-1.00545,38.02824],[-1.00525,38.0281],[-1.00525,38.02809],[-1.00484,38.02774],[-1.0044,38.02735],[-1.00407,38.02705],[-1.00383,38.02679],[-1.00356,38.02652],[-1.00323,38.02617],[-1.00293,38.0258],[-1.00266,38.02546],[-1.00256,38.02554],[-1.00244,38.02544],[-1.00071,38.02451],[-1.00033,38.02415],[-0.99994,38.02364],[-0.99996,38.0234],[-1.00107,38.02215],[-1.00156,38.02183],[-1.00237,38.0215],[-1.00057,38.01856],[-0.99755,38.01435],[-0.99659,38.01294],[-0.99649,38.01297],[-0.99582,38.01196],[-0.99584,38.01191],[-0.99573,38.01181],[-0.99565,38.01172],[-0.99556,38.01164],[-0.99542,38.01143],[-0.99535,38.01133],[-0.99529,38.01123],[-0.99534,38.01119],[-0.99532,38.01113],[-0.99523,38.011],[-0.99519,38.01096],[-0.9952,38.01096],[-0.99506,38.01053],[-0.99491,38.01033],[-0.99481,38.01018],[-0.99474,38.01013],[-0.99449,38.0097],[-0.99446,38.00968],[-0.99446,38.00968],[-0.99419,38.00923],[-0.99228,38.00602],[-0.99123,38.00412],[-0.98927,38.00471],[-0.98747,38.00515],[-0.98378,38.0065],[-0.98263,38.00715],[-0.98218,38.00741],[-0.98051,38.00826],[-0.97857,38.00895],[-0.97675,38.00929],[-0.9759,38.0096],[-0.97448,38.01027],[-0.97231,38.01067],[-0.97121,38.01102],[-0.96945,38.01121],[-0.96859,38.01145],[-0.96799,38.0117],[-0.96682,38.01241],[-0.96627,38.01263],[-0.96602,38.01269],[-0.96566,38.01208],[-0.96411,38.0086],[-0.95961,38.00007],[-0.95907,37.99902],[-0.95771,37.99696],[-0.95072,37.98864],[-0.94881,37.98577],[-0.94609,37.98242],[-0.94156,37.97693],[-0.93679,37.97112],[-0.93565,37.96975],[-0.9353,37.96926],[-0.93486,37.9684],[-0.93158,37.96248],[-0.93108,37.96162],[-0.93075,37.95564],[-0.93083,37.9546],[-0.93125,37.95372],[-0.932,37.95279],[-0.93291,37.95201],[-0.9345,37.95141],[-0.93569,37.95093],[-0.93699,37.95063],[-0.93796,37.9502],[-0.93894,37.94961],[-0.93984,37.949],[-0.94089,37.94805],[-0.94208,37.94671],[-0.94338,37.94539],[-0.94475,37.94413],[-0.94785,37.9417],[-0.94962,37.9402],[-0.95066,37.93923],[-0.95121,37.93839],[-0.95196,37.93677],[-0.95251,37.93558],[-0.9534,37.93436],[-0.95465,37.93317],[-0.95633,37.93189],[-0.95799,37.92983],[-0.95902,37.92796],[-0.96042,37.92546],[-0.96172,37.92317],[-0.96271,37.92294],[-0.96309,37.92283],[-0.96335,37.92259],[-0.96377,37.92237],[-0.96417,37.9223],[-0.96425,37.92206],[-0.96442,37.92173],[-0.96469,37.92156],[-0.96479,37.9215],[-0.96505,37.9213],[-0.96521,37.92098],[-0.96544,37.92064],[-0.9658,37.92047],[-0.96612,37.9203],[-0.96649,37.92018],[-0.96668,37.91976],[-0.96674,37.91912],[-0.96671,37.91884],[-0.96669,37.91854],[-0.96637,37.9181],[-0.97727,37.92282],[-0.97899,37.9234],[-0.98096,37.92437],[-0.98157,37.9249],[-0.98486,37.9244],[-0.98736,37.92397],[-0.9885,37.92359],[-0.99027,37.92314],[-1.00413,37.91943],[-1.00423,37.91948],[-1.00539,37.91917],[-1.00605,37.91899],[-1.00696,37.9195],[-1.01005,37.9211],[-1.0114,37.92156],[-1.01294,37.92164],[-1.01598,37.92264],[-1.01939,37.9236],[-1.02251,37.92426],[-1.02338,37.92441],[-1.02502,37.92426],[-1.02668,37.92405],[-1.02822,37.92334],[-1.02914,37.92279],[-1.03049,37.92216],[-1.03396,37.92139],[-1.03857,37.9205],[-1.04258,37.91912],[-1.0471,37.91697],[-1.05115,37.91579],[-1.05145,37.91634],[-1.05135,37.91666],[-1.05134,37.91691],[-1.05133,37.91802],[-1.05148,37.91962],[-1.05212,37.92009],[-1.05283,37.92082],[-1.05295,37.92227],[-1.05339,37.92303],[-1.05391,37.92404],[-1.05402,37.92524],[-1.05338,37.92619],[-1.05269,37.92656],[-1.05248,37.92705],[-1.05259,37.92761],[-1.05367,37.92844],[-1.05423,37.92899],[-1.05389,37.92946],[-1.05319,37.93004],[-1.05119,37.93139],[-1.05111,37.93259],[-1.05144,37.93284],[-1.05175,37.93313],[-1.05176,37.93355],[-1.05001,37.93505],[-1.05005,37.93524],[-1.04938,37.93519],[-1.04865,37.93489],[-1.04745,37.93502],[-1.04638,37.93494],[-1.04591,37.93436],[-1.04529,37.93412],[-1.0449,37.93411],[-1.04384,37.9356],[-1.04197,37.93677],[-1.04177,37.93803],[-1.04128,37.93894],[-1.04072,37.93859],[-1.04064,37.93781],[-1.03981,37.93829],[-1.04015,37.93854],[-1.04011,37.93873],[-1.03919,37.93898],[-1.03843,37.93845],[-1.03796,37.93842],[-1.03757,37.93903],[-1.03839,37.93922],[-1.03748,37.93972],[-1.03703,37.93943],[-1.03658,37.93952],[-1.03555,37.9403],[-1.03524,37.94033],[-1.03087,37.94066],[-1.02614,37.94623],[-1.03132,37.94762],[-1.03141,37.94803],[-1.03155,37.94848],[-1.0316,37.94867],[-1.03168,37.94906],[-1.03177,37.94962],[-1.0319,37.95031],[-1.03205,37.95109],[-1.03217,37.95194],[-1.03227,37.95287],[-1.03243,37.95365],[-1.03251,37.95458],[-1.03266,37.95536],[-1.03268,37.95583],[-1.03273,37.95636],[-1.03275,37.95693],[-1.03283,37.95777],[-1.03281,37.95833],[-1.03286,37.95882],[-1.03283,37.95946],[-1.03275,37.96008],[-1.03278,37.96037],[-1.03281,37.96069],[-1.03319,37.96078],[-1.03364,37.96085],[-1.03404,37.961],[-1.03411,37.96099],[-1.03516,37.96172],[-1.03525,37.96169],[-1.03541,37.96169],[-1.03563,37.96167],[-1.03582,37.96163],[-1.03598,37.96161],[-1.03625,37.96161],[-1.03665,37.96156],[-1.03687,37.96155],[-1.03709,37.96155],[-1.03732,37.96151],[-1.03758,37.96149],[-1.03788,37.96147],[-1.03835,37.96141],[-1.03853,37.96139],[-1.03873,37.96138],[-1.03896,37.96136],[-1.03916,37.96135],[-1.03941,37.9613],[-1.03965,37.96126],[-1.03986,37.96131],[-1.03999,37.96132],[-1.04019,37.96129],[-1.04026,37.96132],[-1.04019,37.96143],[-1.04013,37.96155],[-1.04004,37.96167],[-1.03997,37.96179],[-1.03993,37.96192],[-1.03983,37.96203],[-1.03974,37.96212],[-1.03972,37.96222],[-1.03983,37.96231],[-1.03995,37.96236],[-1.04004,37.96244],[-1.0402,37.96249],[-1.04034,37.96261],[-1.04042,37.96271],[-1.04045,37.96281],[-1.04048,37.96287],[-1.0405,37.96297],[-1.04053,37.96312],[-1.04056,37.96324],[-1.04063,37.96331],[-1.0408,37.96348],[-1.04092,37.96359],[-1.04112,37.96374],[-1.04123,37.96378],[-1.04134,37.96382],[-1.0415,37.96385],[-1.04165,37.96384],[-1.04181,37.96389],[-1.04196,37.96391],[-1.04194,37.964],[-1.04194,37.96409],[-1.0419,37.96421],[-1.04185,37.96435],[-1.04181,37.96449],[-1.0418,37.96459],[-1.04177,37.96469],[-1.04171,37.96483],[-1.04169,37.96494],[-1.04165,37.96509],[-1.04157,37.96521],[-1.04161,37.96534],[-1.04172,37.96547],[-1.04181,37.96557],[-1.04189,37.9657],[-1.04196,37.96584],[-1.04202,37.96594],[-1.04201,37.96606],[-1.0421,37.96623],[-1.04212,37.96636],[-1.04216,37.96649],[-1.04212,37.96663],[-1.0421,37.96679],[-1.0421,37.96689],[-1.04207,37.96696],[-1.042,37.96709],[-1.04192,37.96721],[-1.04195,37.96733],[-1.04207,37.96738],[-1.04222,37.96743],[-1.04235,37.9675],[-1.04249,37.96755],[-1.04268,37.96761],[-1.04283,37.96768],[-1.04299,37.96777],[-1.04313,37.96783],[-1.04335,37.9679],[-1.04353,37.96795],[-1.04369,37.968],[-1.04394,37.96807],[-1.04405,37.96812],[-1.04424,37.96811],[-1.0443,37.96814],[-1.04446,37.96808],[-1.04462,37.96799],[-1.04475,37.96794],[-1.04491,37.96791],[-1.04507,37.96787],[-1.04522,37.96783],[-1.04534,37.9678],[-1.04551,37.96777],[-1.04568,37.96775],[-1.04585,37.96781],[-1.04594,37.96786],[-1.04607,37.96788],[-1.04619,37.9679],[-1.04635,37.96791],[-1.04643,37.96792],[-1.04658,37.96784],[-1.04668,37.96776],[-1.04678,37.96768],[-1.04688,37.96761],[-1.04699,37.96755],[-1.04709,37.9674],[-1.04719,37.96733],[-1.04732,37.96722],[-1.04746,37.96711],[-1.04754,37.96703],[-1.04761,37.96697],[-1.04772,37.96692],[-1.0478,37.9669],[-1.04789,37.96687],[-1.04802,37.96689],[-1.04813,37.96692],[-1.04826,37.96699],[-1.04841,37.96703],[-1.04852,37.96708],[-1.04868,37.96721],[-1.04888,37.96729],[-1.04895,37.9674],[-1.04908,37.96734],[-1.04918,37.96724],[-1.04932,37.96714],[-1.04939,37.96708],[-1.0495,37.96697],[-1.04955,37.96694],[-1.04965,37.96686],[-1.04972,37.96677],[-1.0498,37.96673],[-1.04997,37.96663],[-1.05014,37.96656],[-1.05028,37.9665],[-1.05044,37.96645],[-1.05058,37.96642],[-1.05074,37.96641],[-1.05092,37.96641],[-1.05113,37.96635],[-1.05133,37.96633],[-1.05152,37.96627],[-1.05167,37.96622],[-1.05179,37.96617],[-1.05188,37.9661],[-1.05196,37.96601],[-1.05206,37.96591],[-1.05213,37.96584],[-1.05216,37.96575],[-1.05223,37.96567],[-1.0526,37.9659],[-1.05315,37.96631],[-1.05334,37.96649],[-1.0536,37.96661],[-1.0538,37.96673],[-1.05402,37.96687],[-1.0542,37.96699],[-1.05434,37.96709],[-1.05462,37.96725],[-1.05492,37.96747],[-1.05511,37.96761],[-1.05528,37.96789],[-1.05549,37.96802],[-1.05578,37.96824],[-1.05601,37.96841],[-1.05619,37.96856],[-1.05641,37.96873],[-1.05658,37.96885],[-1.0567,37.96898],[-1.05679,37.96905],[-1.05691,37.96916],[-1.05707,37.96935],[-1.0572,37.96944],[-1.05736,37.96954],[-1.05747,37.96964],[-1.05756,37.96974],[-1.0577,37.96982],[-1.05778,37.96992],[-1.0579,37.96999],[-1.05795,37.97015],[-1.05799,37.97025],[-1.05809,37.97026],[-1.05843,37.97073],[-1.05845,37.97078],[-1.05847,37.97082],[-1.05863,37.97085],[-1.0589,37.97089],[-1.05944,37.97087],[-1.0597,37.97099],[-1.05999,37.97096]]]]}},{"type":"Feature","properties":{"nbhd_name":"Murcia sub-city dist. No. 1-A","uesi_id":"ESP_R2902364","nbhd_code":"ESP_R2902364_4"},"geometry":{"type":"MultiPolygon","coordinates":[[[[-1.1467,37.99247],[-1.14684,37.99267],[-1.147,37.99288],[-1.14728,37.99331],[-1.14802,37.99447],[-1.14802,37.99447],[-1.14849,37.99494],[-1.14914,37.99557],[-1.14918,37.9956],[-1.14931,37.99573],[-1.15013,37.99669],[-1.15079,37.99746],[-1.15165,37.99819],[-1.15288,37.99924],[-1.15518,38.0002],[-1.15687,38.00083],[-1.15696,38.00079],[-1.15816,38.00108],[-1.15998,38.00155],[-1.16098,38.00182],[-1.16198,38.00223],[-1.16341,38.00299],[-1.16361,38.00309],[-1.16519,38.00432],[-1.16531,38.00445],[-1.16635,38.00564],[-1.16688,38.00638],[-1.16713,38.007],[-1.16714,38.00704],[-1.16749,38.00784],[-1.16779,38.00857],[-1.16795,38.00963],[-1.16801,38.01072],[-1.16778,38.01214],[-1.16694,38.01212],[-1.1659,38.01199],[-1.16496,38.01189],[-1.16459,38.01185],[-1.164,38.01172],[-1.16352,38.01151],[-1.16303,38.01147],[-1.16303,38.01165],[-1.16314,38.0118],[-1.16331,38.01222],[-1.16316,38.01248],[-1.1629,38.01266],[-1.16209,38.01322],[-1.16183,38.0134],[-1.15969,38.01506],[-1.15897,38.01555],[-1.15841,38.01583],[-1.15825,38.01591],[-1.15819,38.01582],[-1.15735,38.01464],[-1.15705,38.01431],[-1.15675,38.01405],[-1.15639,38.01386],[-1.15602,38.01372],[-1.1559,38.01369],[-1.15576,38.01364],[-1.15557,38.01359],[-1.15536,38.01354],[-1.1551,38.01348],[-1.15382,38.01314],[-1.15346,38.01306],[-1.1529,38.01293],[-1.1523,38.01278],[-1.15198,38.01271],[-1.15187,38.01268],[-1.15161,38.01262],[-1.1515,38.01259],[-1.15139,38.01255],[-1.15138,38.01255],[-1.15124,38.01249],[-1.15118,38.01247],[-1.15107,38.01241],[-1.15083,38.01229],[-1.15074,38.01229],[-1.15063,38.01224],[-1.15059,38.01221],[-1.15055,38.01219],[-1.15047,38.01215],[-1.15032,38.01204],[-1.15019,38.01193],[-1.14994,38.01171],[-1.14968,38.01146],[-1.14931,38.0111],[-1.1489,38.01067],[-1.1486,38.01038],[-1.1483,38.01008],[-1.14801,38.00979],[-1.14793,38.0097],[-1.14773,38.0095],[-1.14787,38.00938],[-1.14776,38.00927],[-1.14768,38.00919],[-1.14762,38.00913],[-1.14751,38.00902],[-1.14741,38.00891],[-1.14729,38.00879],[-1.14716,38.00866],[-1.14703,38.00853],[-1.14697,38.00847],[-1.14679,38.00829],[-1.14666,38.00816],[-1.1466,38.0081],[-1.14648,38.00797],[-1.14623,38.00774],[-1.14614,38.00765],[-1.14607,38.00758],[-1.14593,38.00744],[-1.14577,38.00728],[-1.14561,38.00712],[-1.14551,38.00704],[-1.14542,38.00698],[-1.14536,38.00693],[-1.14518,38.00679],[-1.14502,38.00667],[-1.14499,38.00664],[-1.14491,38.00655],[-1.14477,38.00641],[-1.14468,38.00633],[-1.14468,38.00633],[-1.14456,38.00621],[-1.14438,38.00605],[-1.14425,38.00592],[-1.1442,38.00587],[-1.14411,38.00577],[-1.14397,38.00563],[-1.14386,38.00552],[-1.14373,38.00539],[-1.14367,38.00533],[-1.14361,38.00527],[-1.14351,38.00518],[-1.14339,38.00507],[-1.14339,38.00506],[-1.14339,38.00506],[-1.14338,38.00505],[-1.14324,38.00493],[-1.14316,38.00485],[-1.14306,38.00475],[-1.14294,38.00461],[-1.14286,38.00454],[-1.14274,38.00441],[-1.14262,38.00429],[-1.1425,38.00416],[-1.14238,38.00404],[-1.14229,38.00395],[-1.14207,38.00374],[-1.14185,38.00352],[-1.14174,38.0034],[-1.14155,38.00321],[-1.14144,38.00311],[-1.14137,38.00304],[-1.14134,38.0029],[-1.14129,38.00285],[-1.1412,38.00275],[-1.14107,38.00262],[-1.14095,38.0025],[-1.14085,38.00239],[-1.1406,38.00215],[-1.14041,38.00195],[-1.1403,38.00185],[-1.14019,38.00172],[-1.14005,38.00158],[-1.14005,38.00158],[-1.13999,38.00151],[-1.13986,38.00138],[-1.13958,38.0011],[-1.13926,38.00094],[-1.13918,38.00086],[-1.13923,38.00082],[-1.13912,38.00068],[-1.13902,38.00057],[-1.13893,38.00049],[-1.13876,38.00032],[-1.13848,38.00004],[-1.13832,37.99987],[-1.138,37.99956],[-1.13791,37.99961],[-1.13782,37.99965],[-1.13771,37.99955],[-1.13764,37.99947],[-1.13724,37.99908],[-1.13715,37.99898],[-1.13692,37.99875],[-1.13672,37.99855],[-1.13662,37.99846],[-1.13614,37.99797],[-1.13565,37.99746],[-1.13555,37.99736],[-1.13525,37.99705],[-1.13461,37.9964],[-1.13452,37.99631],[-1.13439,37.99617],[-1.13399,37.99577],[-1.13352,37.99531],[-1.13304,37.99482],[-1.13293,37.99471],[-1.13284,37.99462],[-1.1328,37.99459],[-1.13262,37.99442],[-1.13245,37.99426],[-1.13237,37.99418],[-1.13235,37.99417],[-1.13233,37.99416],[-1.13225,37.99412],[-1.13213,37.99406],[-1.13205,37.99403],[-1.13193,37.99397],[-1.13189,37.99393],[-1.13183,37.99388],[-1.13178,37.99383],[-1.13171,37.99376],[-1.13164,37.9937],[-1.13159,37.99364],[-1.1315,37.99355],[-1.13144,37.99351],[-1.13136,37.99345],[-1.13125,37.99338],[-1.13112,37.99329],[-1.13096,37.99317],[-1.13091,37.99314],[-1.13088,37.99312],[-1.1308,37.99306],[-1.13072,37.993],[-1.13078,37.99299],[-1.13083,37.99298],[-1.13089,37.99296],[-1.13095,37.99294],[-1.13099,37.99292],[-1.13102,37.9929],[-1.13105,37.99289],[-1.1311,37.99286],[-1.13115,37.99282],[-1.1312,37.99279],[-1.13123,37.99276],[-1.13125,37.99274],[-1.13129,37.9927],[-1.13132,37.99266],[-1.13135,37.99263],[-1.13136,37.9926],[-1.13138,37.99256],[-1.1314,37.99252],[-1.13142,37.99248],[-1.13143,37.99242],[-1.13144,37.99238],[-1.13145,37.99232],[-1.13145,37.99221],[-1.13144,37.99218],[-1.13143,37.99212],[-1.13142,37.99209],[-1.13208,37.99196],[-1.1324,37.99189],[-1.13254,37.99186],[-1.1326,37.99185],[-1.13302,37.99176],[-1.13356,37.99164],[-1.13362,37.99163],[-1.13417,37.99151],[-1.13456,37.99143],[-1.13505,37.99132],[-1.13504,37.99125],[-1.13504,37.99121],[-1.13506,37.99116],[-1.13509,37.99112],[-1.13512,37.99108],[-1.13516,37.99105],[-1.13521,37.99102],[-1.13525,37.991],[-1.13531,37.99098],[-1.13537,37.99097],[-1.13542,37.99097],[-1.13548,37.99098],[-1.13554,37.99099],[-1.13559,37.99101],[-1.13564,37.99104],[-1.13568,37.99107],[-1.13572,37.9911],[-1.13574,37.99114],[-1.13576,37.99119],[-1.13578,37.99123],[-1.13578,37.99128],[-1.13577,37.99132],[-1.13575,37.99138],[-1.13637,37.99158],[-1.13652,37.99163],[-1.13686,37.99174],[-1.13686,37.99174],[-1.13707,37.99181],[-1.13722,37.99186],[-1.13738,37.99191],[-1.13793,37.99209],[-1.13798,37.99211],[-1.13807,37.99214],[-1.13816,37.99217],[-1.13844,37.99226],[-1.13864,37.99232],[-1.13864,37.99232],[-1.13873,37.99235],[-1.13886,37.9924],[-1.13892,37.99242],[-1.139,37.99244],[-1.13906,37.99246],[-1.13932,37.99255],[-1.13957,37.99263],[-1.13966,37.99266],[-1.14006,37.9928],[-1.14033,37.99289],[-1.14047,37.99293],[-1.1405,37.99295],[-1.1406,37.99298],[-1.14088,37.99308],[-1.14097,37.99311],[-1.14106,37.99314],[-1.14123,37.99318],[-1.14137,37.99321],[-1.14144,37.99322],[-1.1415,37.99323],[-1.1416,37.99323],[-1.14162,37.99312],[-1.14164,37.99305],[-1.14168,37.99297],[-1.14175,37.99291],[-1.14181,37.99286],[-1.14188,37.99282],[-1.14199,37.99275],[-1.14211,37.99267],[-1.14226,37.99258],[-1.1424,37.99249],[-1.14245,37.99246],[-1.14263,37.99234],[-1.14276,37.99226],[-1.14284,37.99222],[-1.14298,37.99214],[-1.14317,37.99202],[-1.14325,37.99196],[-1.14337,37.99189],[-1.14359,37.99176],[-1.14375,37.99168],[-1.14381,37.99165],[-1.14389,37.9916],[-1.14389,37.9916],[-1.14437,37.99101],[-1.14449,37.99046],[-1.14451,37.98955],[-1.14616,37.99174],[-1.14635,37.99199],[-1.14639,37.99206],[-1.14639,37.99206],[-1.14639,37.99207],[-1.14648,37.99219],[-1.14657,37.9923],[-1.1467,37.99247]]]]}},{"type":"Feature","properties":{"nbhd_name":"Murcia sub-city dist. No. 1-B","uesi_id":"ESP_R2902364","nbhd_code":"ESP_R2902364_5"},"geometry":{"type":"MultiPolygon","coordinates":[[[[-1.13985,37.98186],[-1.14035,37.9818],[-1.14079,37.98187],[-1.14109,37.98197],[-1.14128,37.98228],[-1.14124,37.98263],[-1.14107,37.98282],[-1.14084,37.98299],[-1.14065,37.98299],[-1.14017,37.98298],[-1.14031,37.98317],[-1.14091,37.98408],[-1.14147,37.98495],[-1.14157,37.98511],[-1.14164,37.98522],[-1.14194,37.98566],[-1.14203,37.9858],[-1.14246,37.98644],[-1.14282,37.987],[-1.14293,37.98716],[-1.14297,37.98723],[-1.14298,37.98724],[-1.14346,37.98794],[-1.14356,37.98808],[-1.1436,37.98814],[-1.14396,37.98866],[-1.14438,37.98929],[-1.14433,37.98931],[-1.14444,37.98945],[-1.14445,37.98947],[-1.14445,37.98947],[-1.14451,37.98955],[-1.14449,37.99046],[-1.14437,37.99101],[-1.14389,37.9916],[-1.14389,37.9916],[-1.14381,37.99165],[-1.14375,37.99168],[-1.14359,37.99176],[-1.14337,37.99189],[-1.14325,37.99196],[-1.14317,37.99202],[-1.14298,37.99214],[-1.14284,37.99222],[-1.14276,37.99226],[-1.14263,37.99234],[-1.14245,37.99246],[-1.1424,37.99249],[-1.14226,37.99258],[-1.14211,37.99267],[-1.14199,37.99275],[-1.14188,37.99282],[-1.14181,37.99286],[-1.14175,37.99291],[-1.14168,37.99297],[-1.14164,37.99305],[-1.14162,37.99312],[-1.1416,37.99323],[-1.1415,37.99323],[-1.14144,37.99322],[-1.14137,37.99321],[-1.14123,37.99318],[-1.14106,37.99314],[-1.14097,37.99311],[-1.14088,37.99308],[-1.1406,37.99298],[-1.1405,37.99295],[-1.14047,37.99293],[-1.14033,37.99289],[-1.14006,37.9928],[-1.13966,37.99266],[-1.13957,37.99263],[-1.13932,37.99255],[-1.13906,37.99246],[-1.139,37.99244],[-1.13892,37.99242],[-1.13886,37.9924],[-1.13873,37.99235],[-1.13864,37.99232],[-1.13864,37.99232],[-1.13844,37.99226],[-1.13816,37.99217],[-1.13807,37.99214],[-1.13798,37.99211],[-1.13793,37.99209],[-1.13738,37.99191],[-1.13722,37.99186],[-1.13707,37.99181],[-1.13686,37.99174],[-1.13686,37.99174],[-1.13652,37.99163],[-1.13637,37.99158],[-1.13575,37.99138],[-1.13577,37.99132],[-1.13578,37.99128],[-1.13578,37.99123],[-1.13576,37.99119],[-1.13574,37.99114],[-1.13572,37.9911],[-1.13568,37.99107],[-1.13564,37.99104],[-1.13559,37.99101],[-1.13554,37.99099],[-1.13548,37.99098],[-1.13542,37.99097],[-1.13537,37.99097],[-1.13531,37.99098],[-1.13525,37.991],[-1.13521,37.99102],[-1.13516,37.99105],[-1.13512,37.99108],[-1.13509,37.99112],[-1.13506,37.99116],[-1.13504,37.99121],[-1.13504,37.99125],[-1.13505,37.99132],[-1.13456,37.99143],[-1.13417,37.99151],[-1.13362,37.99163],[-1.13356,37.99164],[-1.13302,37.99176],[-1.1326,37.99185],[-1.13254,37.99186],[-1.1324,37.99189],[-1.13208,37.99196],[-1.13142,37.99209],[-1.13137,37.99199],[-1.1313,37.99189],[-1.13121,37.9918],[-1.1311,37.99172],[-1.13098,37.99165],[-1.13088,37.99161],[-1.13088,37.99161],[-1.1309,37.99156],[-1.13093,37.99149],[-1.13096,37.99143],[-1.13097,37.99141],[-1.13099,37.99137],[-1.131,37.99133],[-1.13102,37.99131],[-1.13109,37.99116],[-1.13112,37.9911],[-1.13118,37.99098],[-1.13125,37.99083],[-1.13127,37.99079],[-1.13131,37.99071],[-1.13136,37.99061],[-1.13139,37.99055],[-1.13141,37.99051],[-1.13144,37.99043],[-1.13149,37.99033],[-1.13153,37.99024],[-1.13158,37.99015],[-1.13161,37.99008],[-1.13193,37.98946],[-1.132,37.98933],[-1.132,37.98933],[-1.132,37.98933],[-1.132,37.98932],[-1.132,37.9893],[-1.13202,37.98925],[-1.13207,37.98916],[-1.13213,37.98907],[-1.13215,37.98902],[-1.13216,37.98903],[-1.13216,37.98901],[-1.13216,37.98895],[-1.13216,37.98888],[-1.13216,37.9888],[-1.13216,37.98874],[-1.13217,37.98867],[-1.13217,37.98858],[-1.13217,37.98844],[-1.13217,37.98834],[-1.13218,37.98819],[-1.13218,37.98818],[-1.13218,37.9881],[-1.13217,37.98802],[-1.13217,37.98796],[-1.13217,37.98791],[-1.13217,37.98784],[-1.13217,37.98784],[-1.13217,37.98784],[-1.13217,37.98776],[-1.13217,37.98761],[-1.13217,37.98745],[-1.13217,37.98738],[-1.13217,37.98738],[-1.13217,37.98738],[-1.13217,37.98731],[-1.13217,37.98715],[-1.13218,37.98707],[-1.13218,37.98707],[-1.13218,37.98673],[-1.13218,37.98659],[-1.13217,37.98655],[-1.13217,37.98647],[-1.13216,37.9864],[-1.13212,37.98612],[-1.1321,37.98602],[-1.13206,37.98577],[-1.13205,37.98569],[-1.13201,37.98546],[-1.13198,37.98526],[-1.13195,37.98507],[-1.13192,37.98496],[-1.13182,37.98431],[-1.13182,37.98431],[-1.13182,37.98431],[-1.13171,37.98365],[-1.13168,37.98309],[-1.13168,37.98306],[-1.13168,37.98306],[-1.13168,37.98305],[-1.13168,37.98304],[-1.13168,37.98304],[-1.13168,37.98304],[-1.13168,37.98302],[-1.13167,37.98299],[-1.13166,37.98296],[-1.13163,37.98288],[-1.13159,37.98276],[-1.13156,37.9827],[-1.13156,37.98268],[-1.13156,37.98268],[-1.13249,37.98259],[-1.13264,37.98258],[-1.13318,37.98264],[-1.13346,37.98249],[-1.1339,37.98213],[-1.13429,37.98169],[-1.13438,37.98151],[-1.13441,37.98146],[-1.13446,37.98134],[-1.13462,37.98101],[-1.13475,37.98073],[-1.13486,37.98058],[-1.13499,37.98039],[-1.13505,37.98032],[-1.13527,37.98005],[-1.13533,37.97999],[-1.1355,37.97986],[-1.13565,37.97972],[-1.13575,37.97963],[-1.13619,37.97946],[-1.1365,37.97933],[-1.13656,37.97932],[-1.13671,37.97928],[-1.13685,37.97925],[-1.13712,37.97919],[-1.13717,37.97918],[-1.13717,37.97918],[-1.13718,37.97918],[-1.1372,37.97922],[-1.13722,37.97925],[-1.13734,37.97921],[-1.13764,37.97915],[-1.13769,37.97914],[-1.13774,37.97913],[-1.13794,37.97911],[-1.13803,37.97909],[-1.13816,37.97907],[-1.13824,37.97906],[-1.13836,37.97898],[-1.13854,37.97886],[-1.13861,37.9788],[-1.1387,37.97874],[-1.13877,37.97866],[-1.13884,37.97858],[-1.1389,37.97851],[-1.13898,37.97842],[-1.1391,37.97835],[-1.13932,37.97822],[-1.1395,37.97818],[-1.13972,37.97814],[-1.13988,37.97826],[-1.1401,37.97841],[-1.14026,37.97852],[-1.14049,37.9787],[-1.14068,37.97884],[-1.14093,37.97903],[-1.14109,37.97915],[-1.14122,37.97925],[-1.14137,37.97936],[-1.14144,37.97944],[-1.1416,37.97961],[-1.14164,37.97966],[-1.14174,37.97979],[-1.14185,37.97993],[-1.14187,37.97996],[-1.14199,37.98006],[-1.14202,37.98008],[-1.14193,37.98011],[-1.14193,37.98011],[-1.14137,37.98035],[-1.14135,37.98036],[-1.14147,37.98137],[-1.14094,37.98139],[-1.14017,37.98138],[-1.13956,37.98139],[-1.13925,37.98152],[-1.13925,37.98152],[-1.13954,37.9819],[-1.13985,37.98186]]]]}},{"type":"Feature","properties":{"nbhd_name":"Murcia sub-city dist. No. 2-A","uesi_id":"ESP_R2902364","nbhd_code":"ESP_R2902364_6"},"geometry":{"type":"MultiPolygon","coordinates":[[[[-1.12872,37.98966],[-1.12899,37.98963],[-1.12916,37.98961],[-1.12951,37.98957],[-1.12975,37.98955],[-1.12994,37.98953],[-1.13001,37.98952],[-1.13002,37.98956],[-1.13009,37.98994],[-1.13019,37.99047],[-1.13024,37.99073],[-1.13026,37.9908],[-1.13036,37.99136],[-1.13037,37.9914],[-1.13038,37.99148],[-1.1304,37.99157],[-1.13057,37.99156],[-1.13071,37.99157],[-1.13085,37.99161],[-1.13088,37.99161],[-1.13098,37.99165],[-1.1311,37.99172],[-1.13121,37.9918],[-1.1313,37.99189],[-1.13137,37.99199],[-1.13142,37.99209],[-1.13143,37.99212],[-1.13144,37.99218],[-1.13145,37.99221],[-1.13145,37.99232],[-1.13144,37.99238],[-1.13143,37.99242],[-1.13142,37.99248],[-1.1314,37.99252],[-1.13138,37.99256],[-1.13136,37.9926],[-1.13135,37.99263],[-1.13132,37.99266],[-1.13129,37.9927],[-1.13125,37.99274],[-1.13123,37.99276],[-1.1312,37.99279],[-1.13115,37.99282],[-1.1311,37.99286],[-1.13105,37.99289],[-1.13102,37.9929],[-1.13099,37.99292],[-1.13095,37.99294],[-1.13089,37.99296],[-1.13083,37.99298],[-1.13078,37.99299],[-1.13072,37.993],[-1.1308,37.99306],[-1.13088,37.99312],[-1.13091,37.99314],[-1.13096,37.99317],[-1.13112,37.99329],[-1.13125,37.99338],[-1.13136,37.99345],[-1.13144,37.99351],[-1.1315,37.99355],[-1.13159,37.99364],[-1.13164,37.9937],[-1.13171,37.99376],[-1.13178,37.99383],[-1.13183,37.99388],[-1.13189,37.99393],[-1.13193,37.99397],[-1.13205,37.99403],[-1.13213,37.99406],[-1.13225,37.99412],[-1.13233,37.99416],[-1.13235,37.99417],[-1.13237,37.99418],[-1.13245,37.99426],[-1.13262,37.99442],[-1.1328,37.99459],[-1.13284,37.99462],[-1.13293,37.99471],[-1.13304,37.99482],[-1.13352,37.99531],[-1.13399,37.99577],[-1.13439,37.99617],[-1.13452,37.99631],[-1.13461,37.9964],[-1.13525,37.99705],[-1.13555,37.99736],[-1.13565,37.99746],[-1.13614,37.99797],[-1.13662,37.99846],[-1.13672,37.99855],[-1.13692,37.99875],[-1.13715,37.99898],[-1.13724,37.99908],[-1.13714,37.99915],[-1.13709,37.99918],[-1.137,37.99924],[-1.1369,37.99931],[-1.13651,37.99955],[-1.13615,37.99978],[-1.13604,37.99985],[-1.13596,37.99989],[-1.1358,37.99992],[-1.13545,38.0],[-1.13509,38.00008],[-1.13494,38.0001],[-1.13494,38.0001],[-1.13483,38.00013],[-1.13495,38.00033],[-1.13505,38.00052],[-1.13519,38.00066],[-1.13481,38.00089],[-1.1347,38.00091],[-1.13279,38.00135],[-1.13278,38.00135],[-1.13276,38.00129],[-1.13257,38.00088],[-1.13254,38.00088],[-1.13245,38.0009],[-1.132,38.00098],[-1.13184,38.00101],[-1.13162,38.00105],[-1.13145,38.00108],[-1.13122,38.00112],[-1.13103,38.00117],[-1.13083,38.00122],[-1.13071,38.00125],[-1.13061,38.00125],[-1.13053,38.00128],[-1.1305,38.00129],[-1.13046,38.0013],[-1.13043,38.0013],[-1.13034,38.00132],[-1.13028,38.00134],[-1.13015,38.00137],[-1.13005,38.0014],[-1.12999,38.00142],[-1.12991,38.00145],[-1.12983,38.00146],[-1.12978,38.00147],[-1.12973,38.00148],[-1.12969,38.00149],[-1.12964,38.0015],[-1.12953,38.00153],[-1.12943,38.00155],[-1.12931,38.00156],[-1.12923,38.00159],[-1.12917,38.00161],[-1.12912,38.00163],[-1.12906,38.00165],[-1.12902,38.00165],[-1.12893,38.00168],[-1.1289,38.00169],[-1.12885,38.0017],[-1.12881,38.00171],[-1.12868,38.00172],[-1.12868,38.00171],[-1.12837,38.00179],[-1.12836,38.00179],[-1.12802,38.00106],[-1.12774,38.00048],[-1.12773,38.00048],[-1.12771,38.00041],[-1.12735,37.99965],[-1.1272,37.99935],[-1.1272,37.99935],[-1.12718,37.99932],[-1.12716,37.99927],[-1.12714,37.99923],[-1.12709,37.99913],[-1.12704,37.99902],[-1.12702,37.99898],[-1.12699,37.99891],[-1.12698,37.99887],[-1.12691,37.99873],[-1.12686,37.99863],[-1.12684,37.99858],[-1.12681,37.99852],[-1.12678,37.99845],[-1.12675,37.99839],[-1.12672,37.99832],[-1.12669,37.99827],[-1.12666,37.9982],[-1.12662,37.99812],[-1.12659,37.99804],[-1.12654,37.99795],[-1.12653,37.99792],[-1.12629,37.99797],[-1.12607,37.99801],[-1.12593,37.99803],[-1.12569,37.99808],[-1.12553,37.99811],[-1.12536,37.99817],[-1.12513,37.99824],[-1.12496,37.9983],[-1.12477,37.99836],[-1.12458,37.99842],[-1.12443,37.99848],[-1.12434,37.99851],[-1.12426,37.99853],[-1.12416,37.99857],[-1.124,37.99862],[-1.12383,37.99868],[-1.12367,37.99873],[-1.12357,37.99876],[-1.12352,37.99878],[-1.12342,37.99881],[-1.12326,37.99889],[-1.12317,37.99893],[-1.12304,37.99899],[-1.12297,37.99902],[-1.12275,37.99912],[-1.12264,37.99917],[-1.12244,37.99927],[-1.12229,37.99933],[-1.12221,37.99937],[-1.12212,37.99921],[-1.12205,37.99911],[-1.12199,37.99901],[-1.12197,37.99899],[-1.12189,37.99886],[-1.12168,37.99895],[-1.12158,37.99898],[-1.12135,37.99861],[-1.12121,37.99867],[-1.12115,37.9987],[-1.12108,37.99872],[-1.12079,37.9988],[-1.12055,37.99886],[-1.12038,37.9989],[-1.1202,37.99896],[-1.11999,37.99902],[-1.11985,37.99908],[-1.11974,37.99912],[-1.11954,37.99916],[-1.1194,37.99919],[-1.11938,37.9992],[-1.11938,37.9992],[-1.11933,37.99894],[-1.11933,37.99873],[-1.11933,37.99856],[-1.11936,37.99826],[-1.11936,37.99767],[-1.11947,37.99703],[-1.11959,37.99668],[-1.11959,37.99653],[-1.11959,37.99653],[-1.11959,37.99653],[-1.11959,37.99653],[-1.1196,37.99642],[-1.11962,37.99623],[-1.11963,37.99614],[-1.11963,37.99614],[-1.11963,37.99614],[-1.11964,37.99611],[-1.11966,37.99595],[-1.11966,37.99595],[-1.11967,37.99569],[-1.11967,37.99569],[-1.11967,37.99569],[-1.11967,37.99569],[-1.11968,37.99563],[-1.11968,37.99563],[-1.11968,37.99563],[-1.11968,37.99561],[-1.11965,37.9952],[-1.11964,37.99495],[-1.11964,37.99487],[-1.11958,37.99489],[-1.1195,37.99492],[-1.11949,37.99493],[-1.11938,37.99498],[-1.1193,37.99502],[-1.11919,37.99526],[-1.11913,37.9953],[-1.11911,37.9953],[-1.11904,37.99534],[-1.11896,37.99539],[-1.11889,37.99542],[-1.11888,37.99543],[-1.11871,37.99552],[-1.11858,37.9956],[-1.11844,37.99567],[-1.11844,37.99567],[-1.11844,37.99567],[-1.11844,37.99569],[-1.1185,37.99582],[-1.11839,37.99591],[-1.11833,37.99596],[-1.11814,37.99607],[-1.11811,37.99608],[-1.11808,37.996],[-1.11802,37.99581],[-1.11795,37.99562],[-1.11795,37.99561],[-1.11793,37.99555],[-1.1179,37.9955],[-1.11787,37.99543],[-1.11786,37.99539],[-1.11786,37.99539],[-1.11785,37.99539],[-1.11783,37.99531],[-1.11783,37.9953],[-1.11781,37.99527],[-1.11779,37.99521],[-1.11779,37.9952],[-1.11778,37.99517],[-1.11771,37.99496],[-1.11769,37.9949],[-1.11769,37.9949],[-1.11766,37.99483],[-1.11766,37.99483],[-1.11763,37.99474],[-1.1176,37.99462],[-1.11758,37.99454],[-1.11757,37.9945],[-1.11755,37.99439],[-1.11754,37.99433],[-1.11753,37.99429],[-1.11752,37.99425],[-1.11749,37.99412],[-1.11746,37.99399],[-1.11746,37.99399],[-1.11746,37.99399],[-1.11746,37.99394],[-1.11746,37.99394],[-1.11746,37.99394],[-1.11742,37.99374],[-1.11738,37.99358],[-1.11736,37.99345],[-1.11736,37.99337],[-1.11736,37.99337],[-1.11738,37.99324],[-1.11738,37.99324],[-1.11738,37.99324],[-1.11734,37.99314],[-1.11731,37.99309],[-1.11731,37.99309],[-1.11731,37.99309],[-1.11792,37.99234],[-1.11817,37.99202],[-1.11844,37.99167],[-1.1188,37.99122],[-1.11908,37.99088],[-1.11922,37.99072],[-1.11931,37.9906],[-1.11934,37.99055],[-1.11939,37.99048],[-1.11944,37.99039],[-1.11951,37.99031],[-1.11956,37.99025],[-1.11962,37.99018],[-1.11966,37.99012],[-1.11997,37.98972],[-1.11999,37.98964],[-1.11998,37.98954],[-1.11996,37.98927],[-1.11995,37.98917],[-1.11994,37.98903],[-1.11993,37.98884],[-1.11993,37.98878],[-1.11992,37.98873],[-1.11988,37.98811],[-1.11985,37.98765],[-1.11985,37.98759],[-1.12006,37.98758],[-1.12023,37.98758],[-1.12119,37.98754],[-1.12155,37.98753],[-1.12177,37.98752],[-1.12185,37.98751],[-1.12198,37.98745],[-1.12232,37.98723],[-1.12239,37.98719],[-1.12291,37.98685],[-1.12303,37.98676],[-1.12318,37.98665],[-1.12328,37.98683],[-1.12366,37.9875],[-1.12375,37.98766],[-1.12449,37.98746],[-1.12451,37.98749],[-1.12459,37.98767],[-1.12463,37.98776],[-1.12482,37.98821],[-1.12488,37.98833],[-1.12514,37.98831],[-1.12654,37.98818],[-1.1267,37.98814],[-1.12712,37.98809],[-1.12712,37.98815],[-1.12713,37.98824],[-1.12714,37.98839],[-1.12716,37.98855],[-1.12716,37.98857],[-1.12717,37.9886],[-1.12717,37.98862],[-1.12718,37.98871],[-1.12719,37.98881],[-1.1272,37.98891],[-1.12721,37.98901],[-1.12722,37.98906],[-1.12722,37.98911],[-1.12722,37.98913],[-1.12722,37.98914],[-1.12723,37.9892],[-1.12723,37.98923],[-1.12726,37.98931],[-1.12729,37.98938],[-1.1273,37.98941],[-1.12733,37.98948],[-1.12736,37.98955],[-1.12736,37.98957],[-1.12739,37.98964],[-1.12743,37.98973],[-1.12744,37.98978],[-1.12747,37.98978],[-1.12748,37.98979],[-1.12748,37.9898],[-1.12767,37.98978],[-1.12838,37.9897],[-1.12848,37.98969],[-1.12848,37.98969],[-1.12849,37.98969],[-1.12872,37.98966]]]]}},{"type":"Feature","properties":{"nbhd_name":"Murcia sub-city dist. No. 5-A","uesi_id":"ESP_R2902364","nbhd_code":"ESP_R2902364_7"},"geometry":{"type":"MultiPolygon","coordinates":[[[[-1.14715,37.90623],[-1.14735,37.90624],[-1.14755,37.90624],[-1.14771,37.90626],[-1.14789,37.9063],[-1.14818,37.90649],[-1.14841,37.90664],[-1.14856,37.90675],[-1.14877,37.90686],[-1.1489,37.90703],[-1.14909,37.90716],[-1.14928,37.90732],[-1.14944,37.90746],[-1.14959,37.90757],[-1.14979,37.90769],[-1.14989,37.90777],[-1.15006,37.9079],[-1.15035,37.90808],[-1.15054,37.90814],[-1.1507,37.90823],[-1.15091,37.90822],[-1.1511,37.90824],[-1.1514,37.90822],[-1.15164,37.90811],[-1.15187,37.90803],[-1.15221,37.90796],[-1.1525,37.9078],[-1.15277,37.90771],[-1.153,37.90756],[-1.15332,37.90755],[-1.15369,37.9074],[-1.15405,37.90732],[-1.15429,37.90725],[-1.15467,37.90719],[-1.15502,37.90718],[-1.15531,37.90714],[-1.15561,37.90716],[-1.15588,37.90723],[-1.15625,37.90707],[-1.15651,37.90692],[-1.15679,37.90681],[-1.15689,37.90683],[-1.15722,37.90689],[-1.1573,37.90705],[-1.15729,37.90718],[-1.15725,37.90724],[-1.15703,37.90749],[-1.15682,37.90767],[-1.15657,37.90788],[-1.15637,37.90811],[-1.15631,37.90831],[-1.15632,37.90849],[-1.15636,37.90872],[-1.15627,37.90884],[-1.15606,37.90895],[-1.15578,37.90915],[-1.15556,37.90932],[-1.15518,37.90944],[-1.155,37.90961],[-1.15476,37.90974],[-1.15443,37.90995],[-1.15414,37.91024],[-1.15392,37.91038],[-1.15375,37.91062],[-1.1535,37.91086],[-1.1532,37.91114],[-1.15293,37.91132],[-1.15267,37.9117],[-1.15258,37.91183],[-1.15239,37.91193],[-1.1522,37.91216],[-1.1519,37.91242],[-1.15165,37.91259],[-1.15149,37.91275],[-1.15122,37.91293],[-1.15096,37.91314],[-1.15071,37.91328],[-1.15048,37.91338],[-1.15031,37.91342],[-1.15009,37.91351],[-1.14997,37.91358],[-1.14967,37.91362],[-1.14938,37.91367],[-1.14902,37.9138],[-1.14871,37.91383],[-1.14849,37.91393],[-1.14822,37.91405],[-1.14797,37.91422],[-1.1477,37.91437],[-1.14751,37.9144],[-1.14733,37.9145],[-1.14721,37.91459],[-1.14707,37.91482],[-1.14692,37.915],[-1.14678,37.91511],[-1.14673,37.91526],[-1.14683,37.91531],[-1.14702,37.9154],[-1.14725,37.91554],[-1.14743,37.91569],[-1.14756,37.91584],[-1.14777,37.91608],[-1.14791,37.9162],[-1.14801,37.91637],[-1.14814,37.91662],[-1.14823,37.91676],[-1.14842,37.91682],[-1.14862,37.91694],[-1.14889,37.91707],[-1.14919,37.91731],[-1.14937,37.91741],[-1.14947,37.91749],[-1.14972,37.91759],[-1.15009,37.9176],[-1.15046,37.91761],[-1.15065,37.91768],[-1.15093,37.91786],[-1.15103,37.91799],[-1.15112,37.91819],[-1.1513,37.91842],[-1.15149,37.91857],[-1.15161,37.91879],[-1.15169,37.919],[-1.15176,37.91933],[-1.15181,37.91962],[-1.15186,37.91979],[-1.15186,37.9201],[-1.15192,37.92035],[-1.152,37.92054],[-1.15207,37.92077],[-1.15212,37.92102],[-1.15224,37.92119],[-1.1523,37.92139],[-1.15242,37.92157],[-1.15251,37.92168],[-1.15266,37.92187],[-1.15301,37.92197],[-1.15322,37.92199],[-1.15325,37.92212],[-1.15333,37.92226],[-1.15343,37.92242],[-1.15366,37.9227],[-1.15377,37.92284],[-1.15398,37.92305],[-1.15432,37.92328],[-1.15452,37.92344],[-1.15489,37.92354],[-1.15516,37.9236],[-1.15547,37.92358],[-1.15562,37.92361],[-1.15593,37.92363],[-1.15613,37.92364],[-1.15671,37.92364],[-1.15673,37.92369],[-1.15679,37.92383],[-1.15698,37.92407],[-1.15724,37.92425],[-1.15754,37.9244],[-1.15787,37.92457],[-1.15819,37.92466],[-1.15852,37.92469],[-1.15884,37.92469],[-1.15902,37.92469],[-1.1592,37.925],[-1.15932,37.9255],[-1.15943,37.92595],[-1.15936,37.92651],[-1.1594,37.92746],[-1.15936,37.92877],[-1.15921,37.92977],[-1.15927,37.93002],[-1.15946,37.93018],[-1.15964,37.93043],[-1.15989,37.93058],[-1.15982,37.93071],[-1.15956,37.93118],[-1.15889,37.93233],[-1.15785,37.93366],[-1.15754,37.9343],[-1.15721,37.93487],[-1.15715,37.93498],[-1.1571,37.93505],[-1.15654,37.93604],[-1.15622,37.93647],[-1.15591,37.93682],[-1.15539,37.93742],[-1.15495,37.93819],[-1.15461,37.93879],[-1.15444,37.93895],[-1.15398,37.93944],[-1.15378,37.93979],[-1.15335,37.9402],[-1.1529,37.94073],[-1.15269,37.94085],[-1.15237,37.94126],[-1.15235,37.94164],[-1.15216,37.94202],[-1.15192,37.94226],[-1.15181,37.94256],[-1.15094,37.94353],[-1.15094,37.94367],[-1.15096,37.94415],[-1.15098,37.94443],[-1.15098,37.94468],[-1.15101,37.94511],[-1.15103,37.94553],[-1.15106,37.94586],[-1.15109,37.94602],[-1.15111,37.94619],[-1.15079,37.94626],[-1.15051,37.94633],[-1.14841,37.94683],[-1.14612,37.94738],[-1.14446,37.94775],[-1.14453,37.94793],[-1.14454,37.94801],[-1.14454,37.94806],[-1.14454,37.9481],[-1.14454,37.94833],[-1.14455,37.9484],[-1.14458,37.94864],[-1.14462,37.94888],[-1.14465,37.94911],[-1.14467,37.94927],[-1.14471,37.94951],[-1.14472,37.94962],[-1.14474,37.94974],[-1.14476,37.94985],[-1.14479,37.94999],[-1.14481,37.95006],[-1.14483,37.95022],[-1.14484,37.95031],[-1.14486,37.95049],[-1.14491,37.9508],[-1.14492,37.95091],[-1.14494,37.95101],[-1.14496,37.95118],[-1.14502,37.95172],[-1.14502,37.95177],[-1.14504,37.9519],[-1.14506,37.95205],[-1.14506,37.95212],[-1.14511,37.95248],[-1.14511,37.95252],[-1.14513,37.9526],[-1.14523,37.95313],[-1.14524,37.95319],[-1.14526,37.95327],[-1.14528,37.95342],[-1.14532,37.95363],[-1.14543,37.95418],[-1.14546,37.95435],[-1.14556,37.95489],[-1.14564,37.95531],[-1.14571,37.95573],[-1.14574,37.95586],[-1.14579,37.95616],[-1.14589,37.95663],[-1.1457,37.95661],[-1.1456,37.95662],[-1.14539,37.95661],[-1.14531,37.9566],[-1.14523,37.9566],[-1.14491,37.95655],[-1.14471,37.95654],[-1.14442,37.95651],[-1.14412,37.95648],[-1.14402,37.95647],[-1.14393,37.95647],[-1.14387,37.95647],[-1.14378,37.95649],[-1.14368,37.95651],[-1.1436,37.95651],[-1.14353,37.95651],[-1.14334,37.95649],[-1.14315,37.95647],[-1.14305,37.95647],[-1.14291,37.95644],[-1.14277,37.95639],[-1.14268,37.95633],[-1.14254,37.95629],[-1.14244,37.95626],[-1.14227,37.95622],[-1.14219,37.9562],[-1.1421,37.95616],[-1.14202,37.9561],[-1.14189,37.956],[-1.14177,37.95594],[-1.14163,37.95585],[-1.14139,37.95573],[-1.14123,37.95567],[-1.14115,37.95565],[-1.14105,37.95563],[-1.14087,37.95562],[-1.14078,37.95562],[-1.14044,37.9556],[-1.14037,37.95559],[-1.14029,37.95556],[-1.14019,37.95552],[-1.14013,37.95548],[-1.14001,37.95542],[-1.13992,37.95539],[-1.13986,37.9554],[-1.1397,37.95499],[-1.13962,37.95499],[-1.1395,37.95494],[-1.13915,37.95479],[-1.13863,37.95459],[-1.13776,37.95456],[-1.13724,37.95463],[-1.13662,37.95469],[-1.13635,37.9547],[-1.13585,37.95473],[-1.13584,37.95556],[-1.13584,37.95596],[-1.13585,37.95629],[-1.13588,37.95662],[-1.13589,37.95673],[-1.13598,37.95712],[-1.13607,37.95745],[-1.13615,37.95764],[-1.13619,37.95772],[-1.13625,37.95788],[-1.13633,37.95811],[-1.1364,37.9583],[-1.13655,37.95874],[-1.1367,37.95916],[-1.13683,37.95954],[-1.13693,37.95986],[-1.13708,37.96031],[-1.13738,37.96141],[-1.13758,37.96207],[-1.13764,37.96231],[-1.13785,37.96303],[-1.13802,37.96377],[-1.13815,37.96471],[-1.13817,37.96482],[-1.13822,37.9652],[-1.13825,37.96535],[-1.13834,37.96585],[-1.13841,37.96611],[-1.13846,37.96629],[-1.13862,37.96695],[-1.13865,37.96715],[-1.13867,37.96743],[-1.13867,37.96775],[-1.13869,37.96786],[-1.13873,37.9681],[-1.13842,37.96833],[-1.13775,37.96875],[-1.13779,37.96881],[-1.13783,37.96885],[-1.13787,37.96891],[-1.13777,37.96903],[-1.13755,37.9691],[-1.137,37.96925],[-1.13677,37.96931],[-1.13663,37.96938],[-1.13654,37.96947],[-1.13648,37.96959],[-1.13637,37.96963],[-1.13622,37.96969],[-1.13595,37.96973],[-1.13578,37.96973],[-1.13564,37.96977],[-1.13556,37.96981],[-1.1355,37.96983],[-1.13541,37.96985],[-1.13536,37.96988],[-1.13534,37.96993],[-1.13535,37.96998],[-1.13534,37.97006],[-1.13526,37.97008],[-1.13512,37.97009],[-1.13504,37.97013],[-1.13499,37.97022],[-1.13495,37.97035],[-1.13502,37.97056],[-1.13504,37.97069],[-1.13504,37.9708],[-1.13497,37.97086],[-1.1349,37.97085],[-1.13476,37.97082],[-1.13463,37.97082],[-1.13455,37.97084],[-1.13452,37.97069],[-1.13259,37.97111],[-1.13185,37.97125],[-1.13165,37.97059],[-1.1313,37.96943],[-1.13094,37.96835],[-1.13177,37.96816],[-1.13174,37.96809],[-1.13164,37.96794],[-1.13164,37.96785],[-1.13161,37.96779],[-1.13155,37.96761],[-1.13149,37.96745],[-1.13126,37.9675],[-1.13109,37.96754],[-1.13091,37.96758],[-1.13077,37.96766],[-1.13048,37.96772],[-1.1303,37.96775],[-1.12981,37.96782],[-1.12966,37.96786],[-1.1293,37.96794],[-1.12924,37.96796],[-1.12911,37.96801],[-1.12898,37.96805],[-1.12858,37.96817],[-1.12843,37.96821],[-1.12831,37.96823],[-1.1276,37.96815],[-1.12755,37.96812],[-1.12749,37.96807],[-1.12743,37.96804],[-1.12736,37.96803],[-1.12723,37.96797],[-1.12712,37.96796],[-1.12701,37.96796],[-1.12678,37.968],[-1.12659,37.96804],[-1.12643,37.96808],[-1.12631,37.96809],[-1.12628,37.96809],[-1.12622,37.96811],[-1.12616,37.96813],[-1.12605,37.96819],[-1.12598,37.96819],[-1.12592,37.96816],[-1.12585,37.96813],[-1.12567,37.96813],[-1.12555,37.96812],[-1.12545,37.96812],[-1.12537,37.9681],[-1.12529,37.96808],[-1.12509,37.96806],[-1.12481,37.96811],[-1.12459,37.96809],[-1.12404,37.96831],[-1.12387,37.96834],[-1.12305,37.96867],[-1.12297,37.96875],[-1.12238,37.96885],[-1.12196,37.96901],[-1.12142,37.96912],[-1.12142,37.96927],[-1.12117,37.9693],[-1.12097,37.96932],[-1.12101,37.96951],[-1.12077,37.96955],[-1.12083,37.96979],[-1.1209,37.97005],[-1.1206,37.9701],[-1.12023,37.97015],[-1.11995,37.97017],[-1.11965,37.97013],[-1.11936,37.97018],[-1.1192,37.97022],[-1.11908,37.97024],[-1.11961,37.97154],[-1.11953,37.97162],[-1.11899,37.97223],[-1.11815,37.97317],[-1.11796,37.97315],[-1.11747,37.9731],[-1.11712,37.97307],[-1.11693,37.97305],[-1.11611,37.97297],[-1.11542,37.9729],[-1.11486,37.97284],[-1.11429,37.97278],[-1.11401,37.97275],[-1.11404,37.97283],[-1.11406,37.97294],[-1.11404,37.97299],[-1.11397,37.97303],[-1.11388,37.97305],[-1.1138,37.97307],[-1.11374,37.9731],[-1.11374,37.97315],[-1.11375,37.9732],[-1.11383,37.97334],[-1.11394,37.97353],[-1.114,37.97363],[-1.11412,37.97379],[-1.11417,37.97388],[-1.11426,37.974],[-1.11434,37.97413],[-1.11444,37.97431],[-1.11455,37.97457],[-1.11458,37.97464],[-1.11473,37.97491],[-1.11484,37.97512],[-1.11494,37.97534],[-1.11499,37.97544],[-1.11509,37.97563],[-1.11514,37.9757],[-1.11516,37.97575],[-1.11517,37.97579],[-1.11518,37.97581],[-1.11524,37.97594],[-1.1153,37.97606],[-1.11534,37.97613],[-1.11537,37.97621],[-1.11539,37.97624],[-1.11546,37.97634],[-1.1155,37.9764],[-1.11556,37.97649],[-1.1156,37.97655],[-1.11572,37.97668],[-1.11573,37.9767],[-1.11573,37.9767],[-1.11566,37.97683],[-1.1156,37.97692],[-1.1155,37.97711],[-1.11542,37.97724],[-1.11535,37.97736],[-1.1153,37.97744],[-1.11462,37.97762],[-1.11452,37.97767],[-1.11441,37.97772],[-1.11432,37.97777],[-1.11421,37.97782],[-1.11418,37.97783],[-1.11415,37.97776],[-1.11413,37.97772],[-1.1141,37.97766],[-1.11407,37.97767],[-1.11402,37.97769],[-1.11393,37.97772],[-1.11386,37.97774],[-1.11383,37.97775],[-1.1138,37.97777],[-1.11376,37.97779],[-1.11369,37.97782],[-1.11363,37.97784],[-1.11358,37.97786],[-1.11356,37.97787],[-1.11356,37.97787],[-1.11352,37.97779],[-1.11349,37.97773],[-1.11346,37.97768],[-1.11341,37.97756],[-1.11335,37.97743],[-1.11329,37.97731],[-1.11319,37.97709],[-1.11309,37.97689],[-1.11301,37.97673],[-1.11287,37.97646],[-1.11283,37.97639],[-1.11281,37.97633],[-1.11276,37.97622],[-1.11273,37.97615],[-1.11271,37.9761],[-1.11208,37.97461],[-1.11204,37.97461],[-1.11084,37.97244],[-1.10112,37.97146],[-1.10055,37.97142],[-1.10012,37.97141],[-1.09997,37.97141],[-1.09999,37.97131],[-1.1002,37.9712],[-1.10027,37.97117],[-1.10041,37.97112],[-1.10057,37.97106],[-1.10075,37.97096],[-1.10086,37.9709],[-1.10091,37.97087],[-1.10114,37.97076],[-1.10139,37.97064],[-1.10167,37.97049],[-1.1018,37.97042],[-1.10208,37.97029],[-1.10231,37.97019],[-1.10265,37.97003],[-1.10272,37.97],[-1.10286,37.96993],[-1.10305,37.96984],[-1.10311,37.9698],[-1.10316,37.96976],[-1.10324,37.96972],[-1.10333,37.96969],[-1.10344,37.96964],[-1.10349,37.96962],[-1.10355,37.96959],[-1.10361,37.96958],[-1.10373,37.96955],[-1.10382,37.96953],[-1.10393,37.96951],[-1.10403,37.96949],[-1.10417,37.96947],[-1.1043,37.96947],[-1.10438,37.96947],[-1.10449,37.96943],[-1.10482,37.96925],[-1.10487,37.96923],[-1.10503,37.96917],[-1.10513,37.96914],[-1.10517,37.96911],[-1.10523,37.96905],[-1.10533,37.96894],[-1.10535,37.9689],[-1.1055,37.96881],[-1.10557,37.96876],[-1.10565,37.96871],[-1.10571,37.96866],[-1.10586,37.96859],[-1.10594,37.96854],[-1.10602,37.96847],[-1.10612,37.96836],[-1.10619,37.96828],[-1.10626,37.96822],[-1.10641,37.9681],[-1.10653,37.96803],[-1.10661,37.96798],[-1.10669,37.96792],[-1.10675,37.96787],[-1.10678,37.96781],[-1.10679,37.96774],[-1.10685,37.96771],[-1.10699,37.96766],[-1.10705,37.96761],[-1.10721,37.96752],[-1.10737,37.96743],[-1.1074,37.96737],[-1.10757,37.96719],[-1.10772,37.96696],[-1.10784,37.96674],[-1.1079,37.96665],[-1.10809,37.96655],[-1.10823,37.96645],[-1.10838,37.96637],[-1.10849,37.9663],[-1.10858,37.96619],[-1.10867,37.96607],[-1.10874,37.96598],[-1.10886,37.96586],[-1.10905,37.96572],[-1.10933,37.96556],[-1.10945,37.96549],[-1.10954,37.96542],[-1.10956,37.96536],[-1.10962,37.96519],[-1.10966,37.96513],[-1.10974,37.96503],[-1.10981,37.96493],[-1.10994,37.96482],[-1.11006,37.96471],[-1.11015,37.96459],[-1.11031,37.96439],[-1.11038,37.96429],[-1.11049,37.96414],[-1.11069,37.96395],[-1.11086,37.96375],[-1.11104,37.96358],[-1.11113,37.9635],[-1.11123,37.96342],[-1.11132,37.96335],[-1.11143,37.9633],[-1.11152,37.96325],[-1.1116,37.96322],[-1.11172,37.96319],[-1.11184,37.96316],[-1.11193,37.96315],[-1.11219,37.96304],[-1.11227,37.96302],[-1.11216,37.96288],[-1.11192,37.96251],[-1.11179,37.96233],[-1.11162,37.96209],[-1.11156,37.96201],[-1.1115,37.96195],[-1.11143,37.96191],[-1.11136,37.96188],[-1.11128,37.96187],[-1.11122,37.96187],[-1.11111,37.96188],[-1.11103,37.96188],[-1.11085,37.9619],[-1.1107,37.96192],[-1.11057,37.96193],[-1.11051,37.96193],[-1.11039,37.96193],[-1.11025,37.96189],[-1.11008,37.96182],[-1.10988,37.96173],[-1.10958,37.9616],[-1.10922,37.96143],[-1.10892,37.96129],[-1.1087,37.9612],[-1.1086,37.96106],[-1.10845,37.96085],[-1.10832,37.96065],[-1.10881,37.96041],[-1.10916,37.96024],[-1.10956,37.96002],[-1.10979,37.95987],[-1.1099,37.95979],[-1.11007,37.95969],[-1.11019,37.9596],[-1.1103,37.95953],[-1.11043,37.95943],[-1.11059,37.95929],[-1.11101,37.95909],[-1.11157,37.95883],[-1.11181,37.95871],[-1.11257,37.95835],[-1.11271,37.95825],[-1.11307,37.95806],[-1.11366,37.95774],[-1.11375,37.9577],[-1.11382,37.95768],[-1.11393,37.9578],[-1.11398,37.95787],[-1.11404,37.95795],[-1.1141,37.958],[-1.11416,37.958],[-1.11425,37.95798],[-1.11442,37.95791],[-1.11464,37.95784],[-1.11482,37.95775],[-1.11504,37.95766],[-1.1151,37.95762],[-1.11534,37.95753],[-1.11564,37.95741],[-1.11573,37.9574],[-1.11589,37.95739],[-1.11619,37.95736],[-1.11671,37.95733],[-1.11697,37.95732],[-1.11717,37.95729],[-1.11726,37.95729],[-1.11745,37.95728],[-1.11767,37.95727],[-1.11755,37.95699],[-1.11717,37.95611],[-1.11707,37.95588],[-1.11696,37.95567],[-1.11659,37.95509],[-1.11611,37.95436],[-1.11522,37.95479],[-1.11462,37.95509],[-1.11403,37.9554],[-1.11296,37.95593],[-1.11195,37.95643],[-1.11172,37.95654],[-1.11084,37.95701],[-1.10983,37.95753],[-1.10931,37.9578],[-1.10866,37.95811],[-1.10807,37.95839],[-1.10699,37.9565],[-1.10651,37.95664],[-1.10648,37.95659],[-1.10583,37.95525],[-1.10511,37.95382],[-1.10506,37.95361],[-1.10504,37.95354],[-1.10495,37.95337],[-1.10479,37.95307],[-1.10473,37.95299],[-1.10448,37.95283],[-1.10433,37.95273],[-1.10394,37.95218],[-1.10382,37.95202],[-1.10364,37.95182],[-1.10349,37.95165],[-1.10325,37.95132],[-1.10297,37.95096],[-1.10263,37.95051],[-1.10259,37.95044],[-1.10247,37.95032],[-1.10237,37.95021],[-1.10212,37.95],[-1.1019,37.94979],[-1.10155,37.94982],[-1.09997,37.94804],[-1.09405,37.9372],[-1.09384,37.93736],[-1.09188,37.93872],[-1.0906,37.9399],[-1.08933,37.94156],[-1.08819,37.94251],[-1.08742,37.9431],[-1.086,37.9438],[-1.0834,37.94453],[-1.08127,37.94543],[-1.0808,37.94561],[-1.07161,37.94913],[-1.06744,37.95072],[-1.06688,37.95025],[-1.06642,37.94979],[-1.06595,37.94962],[-1.06571,37.94913],[-1.06548,37.94889],[-1.06433,37.94857],[-1.06444,37.94804],[-1.06418,37.94759],[-1.06373,37.94697],[-1.06336,37.94671],[-1.0629,37.94644],[-1.06256,37.94602],[-1.06263,37.94576],[-1.06289,37.94547],[-1.06356,37.94475],[-1.0638,37.94429],[-1.06383,37.94385],[-1.06371,37.94337],[-1.06331,37.94316],[-1.06286,37.94317],[-1.06173,37.94327],[-1.06024,37.94379],[-1.05862,37.94407],[-1.05799,37.94415],[-1.05723,37.9436],[-1.05702,37.94308],[-1.05673,37.94254],[-1.05646,37.94249],[-1.05625,37.94286],[-1.05584,37.94288],[-1.05532,37.94254],[-1.05508,37.94235],[-1.05453,37.94215],[-1.05393,37.9422],[-1.05381,37.94236],[-1.05329,37.94272],[-1.05275,37.94321],[-1.05255,37.94343],[-1.052,37.94317],[-1.05159,37.94319],[-1.05145,37.94318],[-1.0513,37.94322],[-1.05126,37.94291],[-1.05137,37.94259],[-1.0514,37.94232],[-1.05109,37.94221],[-1.05085,37.94211],[-1.05076,37.9418],[-1.05057,37.94172],[-1.05023,37.94177],[-1.04993,37.94162],[-1.05005,37.94158],[-1.05055,37.94144],[-1.05107,37.94133],[-1.05154,37.94128],[-1.05192,37.94124],[-1.05237,37.94121],[-1.05345,37.94078],[-1.05332,37.94073],[-1.05279,37.94051],[-1.05228,37.94026],[-1.05231,37.94016],[-1.05239,37.93988],[-1.05253,37.93952],[-1.05259,37.93945],[-1.0527,37.93932],[-1.05353,37.93892],[-1.05367,37.93889],[-1.05437,37.93872],[-1.05482,37.93856],[-1.05483,37.93856],[-1.05441,37.93832],[-1.05407,37.93824],[-1.05386,37.93816],[-1.05379,37.93799],[-1.05408,37.93698],[-1.05411,37.93691],[-1.05394,37.93662],[-1.0533,37.93651],[-1.05206,37.9367],[-1.05166,37.93641],[-1.05156,37.93587],[-1.0513,37.93564],[-1.05008,37.93537],[-1.05005,37.93524],[-1.05001,37.93505],[-1.05176,37.93355],[-1.05175,37.93313],[-1.05144,37.93284],[-1.05111,37.93259],[-1.05119,37.93139],[-1.05319,37.93004],[-1.05389,37.92946],[-1.05423,37.92899],[-1.05367,37.92844],[-1.05259,37.92761],[-1.05248,37.92705],[-1.05269,37.92656],[-1.05338,37.92619],[-1.05402,37.92524],[-1.05391,37.92404],[-1.05339,37.92303],[-1.05295,37.92227],[-1.05283,37.92082],[-1.05212,37.92009],[-1.05148,37.91962],[-1.05133,37.91802],[-1.05134,37.91691],[-1.05135,37.91666],[-1.05145,37.91634],[-1.05115,37.91579],[-1.05377,37.91503],[-1.05466,37.91471],[-1.05755,37.91418],[-1.06032,37.91321],[-1.06477,37.91233],[-1.06773,37.91147],[-1.06899,37.91111],[-1.07035,37.91103],[-1.0726,37.91091],[-1.07272,37.9109],[-1.07496,37.91075],[-1.07569,37.91082],[-1.07672,37.9109],[-1.07721,37.91068],[-1.07805,37.91025],[-1.0787,37.91007],[-1.07983,37.91002],[-1.08089,37.91009],[-1.08188,37.90981],[-1.08378,37.90944],[-1.08464,37.90936],[-1.08537,37.90929],[-1.08982,37.90902],[-1.09452,37.90894],[-1.0949,37.90894],[-1.09811,37.90944],[-1.09969,37.90957],[-1.10379,37.9098],[-1.10748,37.91032],[-1.10971,37.91062],[-1.11096,37.91069],[-1.11175,37.91063],[-1.11249,37.91053],[-1.11468,37.91021],[-1.11731,37.90957],[-1.11907,37.90908],[-1.11949,37.90848],[-1.1197,37.90796],[-1.12001,37.90658],[-1.12026,37.9055],[-1.12042,37.90504],[-1.12071,37.90457],[-1.12119,37.90416],[-1.12268,37.90395],[-1.12357,37.90422],[-1.12465,37.90463],[-1.12634,37.90501],[-1.12797,37.90472],[-1.12874,37.90433],[-1.1295,37.90378],[-1.13003,37.90344],[-1.13025,37.90336],[-1.13162,37.9025],[-1.1335,37.90196],[-1.13423,37.90127],[-1.13472,37.90136],[-1.1361,37.90153],[-1.13654,37.90155],[-1.137,37.90159],[-1.13778,37.90121],[-1.13825,37.9007],[-1.13876,37.90016],[-1.13963,37.89982],[-1.14001,37.89991],[-1.14051,37.90013],[-1.14143,37.9006],[-1.14201,37.90051],[-1.14238,37.90012],[-1.14371,37.89988],[-1.14432,37.89985],[-1.14433,37.89993],[-1.14433,37.90018],[-1.14436,37.90032],[-1.14438,37.90056],[-1.1444,37.90075],[-1.14442,37.90094],[-1.14458,37.90108],[-1.14468,37.90125],[-1.1448,37.90147],[-1.14496,37.90165],[-1.14514,37.90185],[-1.14533,37.90203],[-1.14554,37.90222],[-1.14565,37.90231],[-1.1458,37.90251],[-1.14596,37.90263],[-1.14606,37.90277],[-1.14617,37.9029],[-1.14627,37.903],[-1.14644,37.90324],[-1.1466,37.90341],[-1.14675,37.90362],[-1.14684,37.90383],[-1.14696,37.90402],[-1.14705,37.90419],[-1.14715,37.90431],[-1.14722,37.90454],[-1.14722,37.90469],[-1.14717,37.90492],[-1.14705,37.90517],[-1.14694,37.90543],[-1.14695,37.90577],[-1.1469,37.90606],[-1.14685,37.90632],[-1.14715,37.90623]]]]}},{"type":"Feature","properties":{"nbhd_name":"Murcia sub-city dist. No. 5-B","uesi_id":"ESP_R2902364","nbhd_code":"ESP_R2902364_8"},"geometry":{"type":"MultiPolygon","coordinates":[[[[-1.19245,37.87759],[-1.1929,37.8781],[-1.19338,37.87874],[-1.19467,37.87928],[-1.19525,37.87936],[-1.19574,37.87909],[-1.19618,37.87902],[-1.19658,37.87909],[-1.19725,37.87919],[-1.19795,37.87931],[-1.19821,37.87932],[-1.19848,37.87933],[-1.1988,37.87952],[-1.19918,37.87984],[-1.19951,37.88006],[-1.19993,37.88028],[-1.20056,37.88041],[-1.2007,37.88063],[-1.20069,37.88092],[-1.20069,37.88099],[-1.20083,37.88126],[-1.20107,37.8813],[-1.20141,37.88137],[-1.20218,37.88152],[-1.20269,37.88183],[-1.20289,37.88245],[-1.20306,37.88298],[-1.20327,37.88343],[-1.20476,37.8834],[-1.20505,37.88339],[-1.20521,37.88338],[-1.20623,37.88331],[-1.20658,37.88362],[-1.20684,37.88384],[-1.20699,37.88398],[-1.20725,37.88415],[-1.20756,37.88419],[-1.20782,37.88424],[-1.20808,37.88425],[-1.2083,37.88426],[-1.20844,37.88431],[-1.20852,37.88445],[-1.20855,37.88446],[-1.20855,37.88446],[-1.22857,37.88896],[-1.2272,37.89371],[-1.22605,37.89945],[-1.22648,37.90186],[-1.22613,37.90224],[-1.22636,37.90266],[-1.22622,37.90465],[-1.2262,37.9072],[-1.2267,37.90839],[-1.22273,37.90963],[-1.22285,37.90982],[-1.22449,37.9124],[-1.2225,37.9127],[-1.22254,37.91284],[-1.22267,37.91333],[-1.22278,37.91375],[-1.22328,37.91436],[-1.22395,37.91502],[-1.22426,37.91572],[-1.22442,37.9164],[-1.22473,37.91712],[-1.22514,37.91811],[-1.2252,37.91921],[-1.2256,37.92024],[-1.2261,37.9213],[-1.22678,37.92255],[-1.22753,37.92367],[-1.22882,37.92577],[-1.22971,37.9275],[-1.23017,37.92869],[-1.23018,37.92938],[-1.2299,37.93003],[-1.2297,37.93044],[-1.22955,37.93094],[-1.2296,37.93164],[-1.22934,37.93163],[-1.22821,37.93143],[-1.22738,37.9314],[-1.22529,37.93179],[-1.22337,37.93251],[-1.22241,37.93315],[-1.22187,37.93375],[-1.2214,37.93443],[-1.22066,37.93514],[-1.22005,37.9355],[-1.21992,37.93556],[-1.21976,37.93562],[-1.21945,37.93576],[-1.21889,37.93589],[-1.21857,37.93597],[-1.2181,37.93608],[-1.21798,37.93611],[-1.21781,37.93616],[-1.21773,37.93618],[-1.2176,37.93619],[-1.21741,37.9362],[-1.21714,37.93619],[-1.21696,37.93619],[-1.21687,37.93624],[-1.21679,37.93625],[-1.21643,37.9362],[-1.21566,37.936],[-1.21455,37.93572],[-1.21421,37.93568],[-1.21368,37.93577],[-1.2133,37.93593],[-1.21292,37.93616],[-1.2127,37.93636],[-1.21247,37.93655],[-1.21206,37.93693],[-1.21159,37.93724],[-1.21057,37.93747],[-1.20926,37.93774],[-1.20827,37.93794],[-1.20611,37.93841],[-1.20482,37.9386],[-1.20325,37.93891],[-1.20175,37.93922],[-1.20013,37.93941],[-1.20015,37.93946],[-1.20012,37.93961],[-1.20009,37.93977],[-1.19998,37.93995],[-1.1998,37.94016],[-1.19955,37.94044],[-1.19924,37.94075],[-1.19893,37.94108],[-1.19826,37.94175],[-1.19802,37.94203],[-1.19783,37.94225],[-1.19734,37.94281],[-1.19675,37.94344],[-1.19631,37.94392],[-1.19575,37.94455],[-1.19498,37.94538],[-1.19453,37.94586],[-1.19419,37.94624],[-1.19387,37.94657],[-1.1935,37.94699],[-1.19309,37.94742],[-1.1929,37.94761],[-1.19264,37.94802],[-1.19224,37.94867],[-1.19218,37.949],[-1.1918,37.94962],[-1.19141,37.95021],[-1.1908,37.9511],[-1.19074,37.95119],[-1.19041,37.95173],[-1.18975,37.95276],[-1.1894,37.95332],[-1.18939,37.95334],[-1.18871,37.9544],[-1.1873,37.95384],[-1.18645,37.9535],[-1.18549,37.95512],[-1.18534,37.95523],[-1.18507,37.95545],[-1.18518,37.95551],[-1.18529,37.95561],[-1.18538,37.95568],[-1.18548,37.95578],[-1.1856,37.95592],[-1.1857,37.95603],[-1.18577,37.9561],[-1.18582,37.95615],[-1.18591,37.95623],[-1.1861,37.95637],[-1.18631,37.95652],[-1.18686,37.95693],[-1.18724,37.95722],[-1.18767,37.95753],[-1.188,37.95776],[-1.18819,37.9579],[-1.18845,37.9581],[-1.1891,37.95868],[-1.18936,37.95892],[-1.18946,37.95902],[-1.18955,37.95914],[-1.18969,37.95938],[-1.18973,37.95944],[-1.18962,37.95949],[-1.18923,37.95967],[-1.18894,37.95984],[-1.18865,37.96003],[-1.18836,37.96021],[-1.18807,37.96039],[-1.1878,37.96054],[-1.18749,37.96075],[-1.18724,37.96089],[-1.18701,37.96098],[-1.1868,37.96105],[-1.18657,37.96113],[-1.18623,37.96127],[-1.18588,37.96141],[-1.18572,37.96148],[-1.18541,37.96156],[-1.1851,37.96164],[-1.18484,37.96172],[-1.18468,37.96179],[-1.18463,37.96184],[-1.18455,37.96188],[-1.18448,37.96191],[-1.18438,37.96194],[-1.18417,37.962],[-1.18394,37.96207],[-1.18366,37.96216],[-1.18356,37.96219],[-1.18326,37.96232],[-1.18314,37.96238],[-1.18287,37.96253],[-1.1826,37.96267],[-1.18231,37.96282],[-1.18222,37.96287],[-1.18211,37.96293],[-1.18198,37.96309],[-1.18184,37.96321],[-1.18177,37.96326],[-1.18165,37.96333],[-1.18152,37.96339],[-1.18132,37.9635],[-1.18101,37.96367],[-1.18069,37.96381],[-1.18054,37.96388],[-1.18049,37.96391],[-1.18032,37.96399],[-1.18018,37.96406],[-1.18004,37.96413],[-1.17963,37.96434],[-1.17942,37.96445],[-1.17909,37.96461],[-1.1789,37.96471],[-1.17859,37.96486],[-1.17844,37.96494],[-1.17836,37.96497],[-1.17818,37.96504],[-1.17811,37.96507],[-1.17801,37.9651],[-1.17799,37.96479],[-1.17796,37.96458],[-1.17798,37.96448],[-1.17803,37.96441],[-1.1781,37.96436],[-1.1782,37.9643],[-1.17828,37.96423],[-1.17834,37.96413],[-1.17832,37.96397],[-1.17812,37.96379],[-1.178,37.96369],[-1.17799,37.96358],[-1.17808,37.96342],[-1.17804,37.96324],[-1.17786,37.96294],[-1.17762,37.96264],[-1.17719,37.96226],[-1.17691,37.96198],[-1.17646,37.96161],[-1.17614,37.96141],[-1.17599,37.96128],[-1.17581,37.96112],[-1.17557,37.96092],[-1.1752,37.9606],[-1.175,37.96043],[-1.17487,37.96037],[-1.17475,37.9603],[-1.17462,37.96022],[-1.1744,37.96003],[-1.1742,37.95979],[-1.17414,37.95975],[-1.17462,37.95977],[-1.1745,37.95955],[-1.17435,37.9594],[-1.17409,37.95921],[-1.17376,37.959],[-1.1736,37.95891],[-1.17341,37.95874],[-1.17318,37.95854],[-1.17279,37.95832],[-1.17251,37.95816],[-1.17206,37.95791],[-1.17166,37.95767],[-1.17142,37.95759],[-1.17086,37.95737],[-1.17003,37.95705],[-1.16988,37.95705],[-1.16948,37.95702],[-1.16927,37.95702],[-1.16906,37.95701],[-1.16895,37.95699],[-1.16878,37.95697],[-1.16859,37.95694],[-1.16796,37.95691],[-1.16749,37.95689],[-1.16728,37.95688],[-1.16694,37.95686],[-1.16615,37.95675],[-1.16515,37.9566],[-1.1645,37.9565],[-1.16392,37.95641],[-1.16382,37.9564],[-1.16321,37.95631],[-1.16306,37.95628],[-1.16243,37.95617],[-1.16207,37.95609],[-1.16199,37.95608],[-1.15925,37.95543],[-1.15872,37.95531],[-1.15859,37.95523],[-1.15828,37.95512],[-1.15782,37.95501],[-1.15714,37.95487],[-1.15696,37.95484],[-1.15472,37.95432],[-1.15461,37.95429],[-1.15382,37.9539],[-1.15285,37.95344],[-1.1528,37.95338],[-1.15249,37.95299],[-1.15199,37.95224],[-1.15126,37.95141],[-1.15122,37.95104],[-1.15115,37.95022],[-1.15091,37.9487],[-1.15051,37.94633],[-1.15079,37.94626],[-1.15111,37.94619],[-1.15109,37.94602],[-1.15106,37.94586],[-1.15103,37.94553],[-1.15101,37.94511],[-1.15098,37.94468],[-1.15098,37.94443],[-1.15096,37.94415],[-1.15094,37.94367],[-1.15094,37.94353],[-1.15181,37.94256],[-1.15192,37.94226],[-1.15216,37.94202],[-1.15235,37.94164],[-1.15237,37.94126],[-1.15269,37.94085],[-1.1529,37.94073],[-1.15335,37.9402],[-1.15378,37.93979],[-1.15398,37.93944],[-1.15444,37.93895],[-1.15461,37.93879],[-1.15495,37.93819],[-1.15539,37.93742],[-1.15591,37.93682],[-1.15622,37.93647],[-1.15654,37.93604],[-1.1571,37.93505],[-1.15715,37.93498],[-1.15721,37.93487],[-1.15754,37.9343],[-1.15785,37.93366],[-1.15889,37.93233],[-1.15956,37.93118],[-1.15982,37.93071],[-1.15989,37.93058],[-1.15964,37.93043],[-1.15946,37.93018],[-1.15927,37.93002],[-1.15921,37.92977],[-1.15936,37.92877],[-1.1594,37.92746],[-1.15936,37.92651],[-1.15943,37.92595],[-1.15932,37.9255],[-1.1592,37.925],[-1.15902,37.92469],[-1.15884,37.92469],[-1.15852,37.92469],[-1.15819,37.92466],[-1.15787,37.92457],[-1.15754,37.9244],[-1.15724,37.92425],[-1.15698,37.92407],[-1.15679,37.92383],[-1.15673,37.92369],[-1.15671,37.92364],[-1.15613,37.92364],[-1.15593,37.92363],[-1.15562,37.92361],[-1.15547,37.92358],[-1.15516,37.9236],[-1.15489,37.92354],[-1.15452,37.92344],[-1.15432,37.92328],[-1.15398,37.92305],[-1.15377,37.92284],[-1.15366,37.9227],[-1.15343,37.92242],[-1.15333,37.92226],[-1.15325,37.92212],[-1.15322,37.92199],[-1.15301,37.92197],[-1.15266,37.92187],[-1.15251,37.92168],[-1.15242,37.92157],[-1.1523,37.92139],[-1.15224,37.92119],[-1.15212,37.92102],[-1.15207,37.92077],[-1.152,37.92054],[-1.15192,37.92035],[-1.15186,37.9201],[-1.15186,37.91979],[-1.15181,37.91962],[-1.15176,37.91933],[-1.15169,37.919],[-1.15161,37.91879],[-1.15149,37.91857],[-1.1513,37.91842],[-1.15112,37.91819],[-1.15103,37.91799],[-1.15093,37.91786],[-1.15065,37.91768],[-1.15046,37.91761],[-1.15009,37.9176],[-1.14972,37.91759],[-1.14947,37.91749],[-1.14937,37.91741],[-1.14919,37.91731],[-1.14889,37.91707],[-1.14862,37.91694],[-1.14842,37.91682],[-1.14823,37.91676],[-1.14814,37.91662],[-1.14801,37.91637],[-1.14791,37.9162],[-1.14777,37.91608],[-1.14756,37.91584],[-1.14743,37.91569],[-1.14725,37.91554],[-1.14702,37.9154],[-1.14683,37.91531],[-1.14673,37.91526],[-1.14678,37.91511],[-1.14692,37.915],[-1.14707,37.91482],[-1.14721,37.91459],[-1.14733,37.9145],[-1.14751,37.9144],[-1.1477,37.91437],[-1.14797,37.91422],[-1.14822,37.91405],[-1.14849,37.91393],[-1.14871,37.91383],[-1.14902,37.9138],[-1.14938,37.91367],[-1.14967,37.91362],[-1.14997,37.91358],[-1.15009,37.91351],[-1.15031,37.91342],[-1.15048,37.91338],[-1.15071,37.91328],[-1.15096,37.91314],[-1.15122,37.91293],[-1.15149,37.91275],[-1.15165,37.91259],[-1.1519,37.91242],[-1.1522,37.91216],[-1.15239,37.91193],[-1.15258,37.91183],[-1.15267,37.9117],[-1.15293,37.91132],[-1.1532,37.91114],[-1.1535,37.91086],[-1.15375,37.91062],[-1.15392,37.91038],[-1.15414,37.91024],[-1.15443,37.90995],[-1.15476,37.90974],[-1.155,37.90961],[-1.15518,37.90944],[-1.15556,37.90932],[-1.15578,37.90915],[-1.15606,37.90895],[-1.15627,37.90884],[-1.15636,37.90872],[-1.15632,37.90849],[-1.15631,37.90831],[-1.15637,37.90811],[-1.15657,37.90788],[-1.15682,37.90767],[-1.15703,37.90749],[-1.15725,37.90724],[-1.15729,37.90718],[-1.1573,37.90705],[-1.15722,37.90689],[-1.15689,37.90683],[-1.15679,37.90681],[-1.15651,37.90692],[-1.15625,37.90707],[-1.15588,37.90723],[-1.15561,37.90716],[-1.15531,37.90714],[-1.15502,37.90718],[-1.15467,37.90719],[-1.15429,37.90725],[-1.15405,37.90732],[-1.15369,37.9074],[-1.15332,37.90755],[-1.153,37.90756],[-1.15277,37.90771],[-1.1525,37.9078],[-1.15221,37.90796],[-1.15187,37.90803],[-1.15164,37.90811],[-1.1514,37.90822],[-1.1511,37.90824],[-1.15091,37.90822],[-1.1507,37.90823],[-1.15054,37.90814],[-1.15035,37.90808],[-1.15006,37.9079],[-1.14989,37.90777],[-1.14979,37.90769],[-1.14959,37.90757],[-1.14944,37.90746],[-1.14928,37.90732],[-1.14909,37.90716],[-1.1489,37.90703],[-1.14877,37.90686],[-1.14856,37.90675],[-1.14841,37.90664],[-1.14818,37.90649],[-1.14789,37.9063],[-1.14771,37.90626],[-1.14755,37.90624],[-1.14735,37.90624],[-1.14715,37.90623],[-1.14685,37.90632],[-1.1469,37.90606],[-1.14695,37.90577],[-1.14694,37.90543],[-1.14705,37.90517],[-1.14717,37.90492],[-1.14722,37.90469],[-1.14722,37.90454],[-1.14715,37.90431],[-1.14705,37.90419],[-1.14696,37.90402],[-1.14684,37.90383],[-1.14675,37.90362],[-1.1466,37.90341],[-1.14644,37.90324],[-1.14627,37.903],[-1.14617,37.9029],[-1.14606,37.90277],[-1.14596,37.90263],[-1.1458,37.90251],[-1.14565,37.90231],[-1.14554,37.90222],[-1.14533,37.90203],[-1.14514,37.90185],[-1.14496,37.90165],[-1.1448,37.90147],[-1.14468,37.90125],[-1.14458,37.90108],[-1.14442,37.90094],[-1.1444,37.90075],[-1.14438,37.90056],[-1.14436,37.90032],[-1.14433,37.90018],[-1.14433,37.89993],[-1.14432,37.89985],[-1.14817,37.89968],[-1.1517,37.89929],[-1.15668,37.89865],[-1.15911,37.89834],[-1.16,37.89823],[-1.16408,37.89717],[-1.16545,37.89654],[-1.16645,37.89595],[-1.16651,37.89591],[-1.16699,37.89553],[-1.16724,37.89517],[-1.16718,37.8941],[-1.16703,37.89361],[-1.16683,37.89324],[-1.16685,37.89316],[-1.16703,37.89304],[-1.16715,37.89297],[-1.16741,37.89288],[-1.16762,37.89282],[-1.16782,37.8927],[-1.16797,37.89264],[-1.16823,37.89255],[-1.16847,37.89248],[-1.16873,37.89241],[-1.16908,37.89232],[-1.16944,37.89227],[-1.16985,37.89221],[-1.17016,37.89218],[-1.17057,37.89215],[-1.17085,37.8921],[-1.17111,37.89205],[-1.17137,37.89202],[-1.17144,37.89197],[-1.1716,37.8918],[-1.1718,37.89157],[-1.1719,37.89134],[-1.172,37.89116],[-1.1721,37.89096],[-1.17243,37.89089],[-1.17515,37.88775],[-1.17578,37.88674],[-1.17622,37.88604],[-1.17789,37.88405],[-1.18065,37.88175],[-1.18231,37.88035],[-1.18367,37.87951],[-1.18577,37.87865],[-1.18619,37.87848],[-1.19115,37.87644],[-1.19119,37.87647],[-1.19152,37.87674],[-1.192,37.87716],[-1.19245,37.87759]]]]}},{"type":"Feature","properties":{"nbhd_name":"Murcia sub-city dist. No. 4-B","uesi_id":"ESP_R2902364","nbhd_code":"ESP_R2902364_9"},"geometry":{"type":"MultiPolygon","coordinates":[[[[-1.08607,37.99234],[-1.0864,37.99188],[-1.08726,37.99127],[-1.08858,37.99041],[-1.0895,37.98958],[-1.09026,37.98873],[-1.09102,37.98789],[-1.09116,37.98774],[-1.09168,37.98753],[-1.09307,37.98727],[-1.09431,37.98694],[-1.09481,37.98678],[-1.09499,37.9865],[-1.09503,37.98573],[-1.0951,37.98501],[-1.09459,37.98416],[-1.09458,37.98372],[-1.09484,37.98352],[-1.09556,37.98346],[-1.09621,37.98332],[-1.09681,37.98293],[-1.09729,37.98293],[-1.09792,37.98348],[-1.09838,37.98447],[-1.09851,37.98564],[-1.09882,37.98607],[-1.09992,37.98638],[-1.10091,37.98639],[-1.10186,37.98593],[-1.10257,37.98516],[-1.10313,37.98481],[-1.10401,37.98437],[-1.10559,37.9839],[-1.10791,37.98332],[-1.10902,37.98305],[-1.11063,37.98295],[-1.11074,37.98295],[-1.11111,37.9829],[-1.11142,37.98286],[-1.11193,37.98281],[-1.11193,37.98281],[-1.11194,37.98292],[-1.11197,37.98304],[-1.11197,37.98312],[-1.11197,37.9832],[-1.11195,37.98328],[-1.11177,37.98344],[-1.11174,37.98354],[-1.1117,37.98366],[-1.11167,37.98378],[-1.11163,37.98383],[-1.1116,37.98386],[-1.11157,37.98391],[-1.11153,37.98399],[-1.11152,37.98409],[-1.11147,37.98424],[-1.11144,37.98431],[-1.11143,37.98444],[-1.11142,37.98463],[-1.11143,37.98488],[-1.11149,37.98508],[-1.11147,37.98513],[-1.11155,37.98529],[-1.11163,37.98541],[-1.11168,37.98551],[-1.11174,37.9856],[-1.11179,37.98565],[-1.11186,37.98575],[-1.11193,37.98582],[-1.11195,37.98584],[-1.11198,37.98587],[-1.11203,37.98593],[-1.11207,37.98597],[-1.11211,37.98602],[-1.11214,37.98606],[-1.11221,37.98614],[-1.11228,37.98622],[-1.11234,37.9863],[-1.11238,37.98635],[-1.11243,37.9864],[-1.11245,37.98644],[-1.11252,37.98653],[-1.11261,37.98664],[-1.11267,37.98673],[-1.11269,37.98676],[-1.11273,37.9868],[-1.11275,37.98683],[-1.11281,37.98688],[-1.11288,37.98692],[-1.113,37.98699],[-1.11312,37.98702],[-1.11323,37.98705],[-1.11332,37.98708],[-1.11335,37.98717],[-1.11345,37.98717],[-1.11353,37.98717],[-1.11364,37.98717],[-1.11374,37.98716],[-1.11383,37.98717],[-1.11392,37.98718],[-1.11396,37.98718],[-1.11396,37.98718],[-1.11396,37.98722],[-1.11394,37.9873],[-1.11388,37.98733],[-1.1139,37.98768],[-1.11392,37.98792],[-1.11392,37.98799],[-1.11394,37.98814],[-1.11394,37.98822],[-1.11395,37.9883],[-1.11395,37.98838],[-1.11396,37.98876],[-1.11397,37.98887],[-1.11397,37.98897],[-1.11398,37.98918],[-1.11398,37.98938],[-1.11393,37.98939],[-1.11393,37.98939],[-1.11386,37.9894],[-1.11376,37.98958],[-1.11369,37.98965],[-1.11367,37.9897],[-1.1136,37.98975],[-1.11305,37.99028],[-1.1131,37.99036],[-1.11322,37.99056],[-1.11334,37.99076],[-1.11393,37.99072],[-1.11413,37.99062],[-1.11427,37.99064],[-1.11452,37.9907],[-1.11482,37.99088],[-1.11489,37.99087],[-1.11507,37.99075],[-1.11514,37.99075],[-1.11531,37.99078],[-1.11531,37.99072],[-1.11531,37.99064],[-1.11554,37.99064],[-1.1156,37.99065],[-1.11576,37.99065],[-1.11592,37.99066],[-1.11595,37.99073],[-1.11597,37.99082],[-1.11598,37.9909],[-1.11631,37.99141],[-1.11644,37.9924],[-1.11647,37.99258],[-1.11678,37.99257],[-1.11701,37.99255],[-1.11703,37.99305],[-1.11731,37.99309],[-1.11731,37.99309],[-1.11731,37.99309],[-1.11731,37.99309],[-1.11729,37.99312],[-1.11723,37.99318],[-1.11714,37.9933],[-1.11708,37.99338],[-1.11701,37.99347],[-1.11688,37.99364],[-1.11679,37.99376],[-1.11667,37.99391],[-1.11656,37.99405],[-1.11653,37.99409],[-1.11639,37.99427],[-1.11628,37.9944],[-1.11625,37.99445],[-1.11618,37.99454],[-1.11611,37.99462],[-1.11603,37.99472],[-1.11597,37.99481],[-1.11575,37.99509],[-1.11564,37.99524],[-1.11552,37.9954],[-1.11534,37.99564],[-1.11531,37.99569],[-1.1153,37.9957],[-1.11528,37.99573],[-1.1151,37.99594],[-1.11501,37.99606],[-1.11489,37.9962],[-1.11481,37.9963],[-1.11475,37.99638],[-1.11461,37.99654],[-1.1145,37.99668],[-1.11446,37.99673],[-1.11432,37.9969],[-1.11422,37.99702],[-1.11416,37.99709],[-1.11399,37.9973],[-1.11387,37.99744],[-1.1138,37.99753],[-1.11376,37.99758],[-1.11372,37.99763],[-1.11358,37.99779],[-1.11355,37.99782],[-1.11353,37.99785],[-1.11345,37.99794],[-1.11335,37.99807],[-1.1133,37.99814],[-1.11316,37.99831],[-1.11138,38.00053],[-1.11133,38.0006],[-1.11128,38.00066],[-1.11126,38.00068],[-1.11075,38.00132],[-1.10864,38.00399],[-1.10361,38.01032],[-1.10352,38.01029],[-1.10345,38.01029],[-1.1034,38.01031],[-1.10325,38.01038],[-1.10312,38.01048],[-1.10302,38.01054],[-1.10291,38.01057],[-1.10277,38.01061],[-1.1026,38.01069],[-1.10213,38.01091],[-1.10205,38.01095],[-1.102,38.01098],[-1.1016,38.01117],[-1.10111,38.01141],[-1.10093,38.0115],[-1.10028,38.01181],[-1.10001,38.01193],[-1.09892,38.01246],[-1.09796,38.01291],[-1.09731,38.01323],[-1.09701,38.01337],[-1.09616,38.01378],[-1.09598,38.01387],[-1.09523,38.01422],[-1.0948,38.01442],[-1.09448,38.01457],[-1.09419,38.01471],[-1.09409,38.01475],[-1.09379,38.0149],[-1.09313,38.01522],[-1.09285,38.01535],[-1.0928,38.01537],[-1.0918,38.01585],[-1.09162,38.01593],[-1.09118,38.01614],[-1.09088,38.01628],[-1.09025,38.01658],[-1.08993,38.01673],[-1.08943,38.01696],[-1.08853,38.01738],[-1.08848,38.01741],[-1.08738,38.01792],[-1.08706,38.01805],[-1.08656,38.01829],[-1.08628,38.01842],[-1.08604,38.01853],[-1.0855,38.01878],[-1.08538,38.01884],[-1.08526,38.01889],[-1.08521,38.01891],[-1.08514,38.01893],[-1.08518,38.01898],[-1.08525,38.0191],[-1.08526,38.01912],[-1.08318,38.02007],[-1.08266,38.02033],[-1.08236,38.02044],[-1.08032,38.02109],[-1.08004,38.02116],[-1.07874,38.02158],[-1.07797,38.02185],[-1.07676,38.02223],[-1.07673,38.02216],[-1.07672,38.02217],[-1.0764,38.02229],[-1.07623,38.02234],[-1.07614,38.02236],[-1.07593,38.02243],[-1.07587,38.02244],[-1.07557,38.02253],[-1.07546,38.02257],[-1.07476,38.02281],[-1.07454,38.02288],[-1.07447,38.02291],[-1.07417,38.023],[-1.07391,38.02313],[-1.07378,38.02318],[-1.07357,38.02325],[-1.07344,38.02329],[-1.07318,38.02338],[-1.07311,38.0234],[-1.07287,38.02348],[-1.0728,38.0235],[-1.07272,38.02353],[-1.07265,38.02355],[-1.07228,38.02367],[-1.07195,38.02378],[-1.0719,38.02379],[-1.07167,38.02387],[-1.07135,38.02398],[-1.07115,38.02405],[-1.07101,38.02409],[-1.0709,38.02413],[-1.07075,38.02418],[-1.07068,38.02421],[-1.07057,38.02426],[-1.07044,38.02432],[-1.07027,38.0244],[-1.07013,38.02447],[-1.06999,38.02453],[-1.06994,38.02455],[-1.06988,38.02459],[-1.06977,38.02466],[-1.06967,38.02474],[-1.06959,38.0248],[-1.06937,38.02496],[-1.06923,38.02506],[-1.06915,38.02512],[-1.06889,38.02531],[-1.06881,38.02537],[-1.06868,38.02546],[-1.06856,38.02556],[-1.0684,38.02568],[-1.06828,38.02578],[-1.06809,38.02594],[-1.06783,38.02615],[-1.0677,38.02624],[-1.06762,38.0263],[-1.06756,38.02634],[-1.06749,38.02639],[-1.06743,38.02642],[-1.06739,38.02645],[-1.06728,38.02651],[-1.06719,38.02657],[-1.06714,38.0266],[-1.06703,38.02667],[-1.06693,38.02675],[-1.06685,38.02682],[-1.06681,38.02687],[-1.06656,38.02716],[-1.06625,38.02756],[-1.06597,38.02792],[-1.06581,38.02813],[-1.06562,38.02838],[-1.06557,38.02843],[-1.0655,38.02851],[-1.06546,38.02856],[-1.06531,38.02875],[-1.06517,38.02894],[-1.06511,38.02901],[-1.06496,38.02919],[-1.06471,38.02948],[-1.0645,38.02973],[-1.06436,38.0299],[-1.06428,38.03],[-1.06422,38.03006],[-1.06417,38.03013],[-1.06405,38.03028],[-1.06399,38.03037],[-1.06382,38.03059],[-1.06369,38.03074],[-1.06363,38.03081],[-1.06346,38.03102],[-1.0633,38.03122],[-1.06318,38.03137],[-1.06308,38.0315],[-1.063,38.0316],[-1.06292,38.03171],[-1.06285,38.03179],[-1.06279,38.03188],[-1.06275,38.03193],[-1.06263,38.03209],[-1.06254,38.03219],[-1.06248,38.03226],[-1.06243,38.03233],[-1.06238,38.03237],[-1.06234,38.03241],[-1.0623,38.03245],[-1.06222,38.0325],[-1.06217,38.03253],[-1.06209,38.03259],[-1.06204,38.03263],[-1.06197,38.03267],[-1.06188,38.03273],[-1.06178,38.03279],[-1.0617,38.03284],[-1.06159,38.03289],[-1.06149,38.03295],[-1.06138,38.03299],[-1.06128,38.03303],[-1.06109,38.03309],[-1.06081,38.03318],[-1.06075,38.0332],[-1.06048,38.03337],[-1.06034,38.03345],[-1.06006,38.03359],[-1.05976,38.03374],[-1.05953,38.03387],[-1.05914,38.03406],[-1.0584,38.03444],[-1.05791,38.03469],[-1.05761,38.03485],[-1.05733,38.03499],[-1.05718,38.03505],[-1.05685,38.03522],[-1.05653,38.0354],[-1.05636,38.03548],[-1.0563,38.03551],[-1.05557,38.03589],[-1.05532,38.03604],[-1.05514,38.03613],[-1.05503,38.03618],[-1.05468,38.03636],[-1.05455,38.03642],[-1.05413,38.03665],[-1.0539,38.03677],[-1.05366,38.03687],[-1.05345,38.03697],[-1.05322,38.03709],[-1.05276,38.03732],[-1.0527,38.03735],[-1.05218,38.03762],[-1.052,38.03775],[-1.05194,38.03778],[-1.05183,38.03783],[-1.05171,38.0379],[-1.05157,38.03797],[-1.05151,38.038],[-1.05147,38.03802],[-1.05138,38.03807],[-1.05115,38.03819],[-1.05107,38.03823],[-1.05096,38.03829],[-1.05087,38.03834],[-1.05081,38.03837],[-1.05069,38.03844],[-1.05055,38.03852],[-1.0504,38.0386],[-1.05035,38.03862],[-1.0503,38.03865],[-1.05025,38.03868],[-1.0502,38.03871],[-1.05008,38.03877],[-1.04996,38.03883],[-1.04992,38.03886],[-1.04987,38.03888],[-1.04983,38.03891],[-1.04978,38.03893],[-1.04969,38.03898],[-1.0496,38.03902],[-1.04952,38.03906],[-1.04944,38.03909],[-1.04916,38.03922],[-1.0491,38.03925],[-1.04905,38.03928],[-1.04898,38.03932],[-1.04893,38.03934],[-1.04888,38.03936],[-1.04883,38.03939],[-1.04879,38.03942],[-1.04862,38.0395],[-1.04852,38.03956],[-1.04843,38.03963],[-1.04833,38.03968],[-1.04827,38.03971],[-1.0482,38.03975],[-1.04804,38.03986],[-1.04799,38.03989],[-1.04786,38.03973],[-1.04786,38.03973],[-1.04786,38.03973],[-1.03974,38.04401],[-1.03423,38.04692],[-1.03208,38.04805],[-1.02092,38.05394],[-1.02007,38.05452],[-1.01929,38.05482],[-1.01729,38.05599],[-1.01627,38.05652],[-1.01533,38.05708],[-1.01515,38.05723],[-1.01499,38.05737],[-1.01474,38.05744],[-1.01214,38.05888],[-1.01042,38.05954],[-1.01012,38.05922],[-1.00994,38.05902],[-1.00938,38.05822],[-1.00934,38.05807],[-1.00871,38.05722],[-1.00811,38.05641],[-1.00713,38.05537],[-1.00661,38.05497],[-1.00628,38.05482],[-1.00545,38.05461],[-1.00423,38.05472],[-1.00387,38.05429],[-1.00355,38.05416],[-1.00303,38.05405],[-1.0019,38.0538],[-1.00172,38.05365],[-1.00153,38.05319],[-1.00094,38.05198],[-1.00071,38.05177],[-1.00048,38.05168],[-1.00012,38.05166],[-0.99975,38.05155],[-0.99935,38.05125],[-0.9993,38.05126],[-0.99864,38.05142],[-0.99863,38.05142],[-0.99929,38.05052],[-1.00025,38.04952],[-1.00046,38.04943],[-1.00042,38.04938],[-1.00073,38.04928],[-1.00108,38.04915],[-1.00143,38.04912],[-1.00186,38.04908],[-1.00232,38.04916],[-1.00256,38.04922],[-1.00286,38.04931],[-1.00287,38.04928],[-1.00319,38.04948],[-1.00375,38.04966],[-1.00427,38.04984],[-1.00458,38.04985],[-1.00508,38.04974],[-1.00545,38.04953],[-1.00585,38.04912],[-1.00605,38.0488],[-1.00623,38.04817],[-1.00635,38.04774],[-1.00644,38.0472],[-1.00663,38.0468],[-1.00735,38.04576],[-1.00777,38.04545],[-1.00829,38.04517],[-1.0087,38.04506],[-1.0089,38.04504],[-1.00912,38.04501],[-1.00945,38.04519],[-1.01036,38.04607],[-1.01064,38.04626],[-1.01099,38.04642],[-1.01162,38.04644],[-1.01235,38.04634],[-1.01302,38.04615],[-1.01363,38.04587],[-1.01396,38.04564],[-1.01421,38.0453],[-1.01411,38.04448],[-1.0138,38.04406],[-1.01257,38.04277],[-1.01157,38.04154],[-1.01118,38.04118],[-1.01074,38.04052],[-1.0107,38.04028],[-1.01079,38.03996],[-1.01143,38.03908],[-1.01204,38.03848],[-1.01243,38.03778],[-1.01254,38.03759],[-1.01277,38.03713],[-1.01283,38.03668],[-1.013,38.03638],[-1.01358,38.0354],[-1.01437,38.03446],[-1.01609,38.03442],[-1.01674,38.03431],[-1.01759,38.03397],[-1.01872,38.03346],[-1.01912,38.0332],[-1.01946,38.03273],[-1.01961,38.03177],[-1.01972,38.0313],[-1.0202,38.03106],[-1.02121,38.03125],[-1.02351,38.03225],[-1.02421,38.03239],[-1.02435,38.03242],[-1.02495,38.03221],[-1.02541,38.03171],[-1.02593,38.031],[-1.02621,38.03061],[-1.0264,38.0293],[-1.02698,38.02895],[-1.02787,38.02907],[-1.02865,38.02955],[-1.02926,38.03074],[-1.02916,38.0315],[-1.02895,38.03226],[-1.02942,38.03288],[-1.03056,38.03303],[-1.03262,38.03299],[-1.03325,38.03277],[-1.03353,38.03242],[-1.033,38.03174],[-1.03218,38.0311],[-1.03168,38.03021],[-1.03158,38.02925],[-1.03168,38.02823],[-1.03209,38.02772],[-1.03272,38.02748],[-1.03363,38.02777],[-1.03374,38.02788],[-1.03469,38.02887],[-1.03564,38.02967],[-1.03637,38.02988],[-1.03643,38.0299],[-1.03729,38.03007],[-1.03795,38.03041],[-1.03866,38.03045],[-1.03908,38.02987],[-1.03884,38.02864],[-1.03778,38.02683],[-1.0381,38.02494],[-1.03836,38.0238],[-1.03856,38.02292],[-1.0392,38.02179],[-1.03992,38.02126],[-1.04049,38.02114],[-1.04126,38.02137],[-1.04272,38.02246],[-1.04374,38.02336],[-1.04434,38.02374],[-1.04502,38.02356],[-1.04512,38.02354],[-1.04554,38.02304],[-1.04559,38.02125],[-1.04564,38.02034],[-1.04611,38.01934],[-1.0467,38.01852],[-1.04688,38.0181],[-1.04696,38.01764],[-1.0467,38.01727],[-1.04533,38.017],[-1.04367,38.01703],[-1.04259,38.01714],[-1.04142,38.01688],[-1.04062,38.01644],[-1.04053,38.01596],[-1.04143,38.01526],[-1.0425,38.01426],[-1.0433,38.01326],[-1.04315,38.01262],[-1.04312,38.01257],[-1.04243,38.01172],[-1.0413,38.01128],[-1.03992,38.01099],[-1.0393,38.01078],[-1.03927,38.01027],[-1.0396,38.00964],[-1.04064,38.00876],[-1.04074,38.00868],[-1.04173,38.00798],[-1.04264,38.00777],[-1.04365,38.00802],[-1.04487,38.00876],[-1.04613,38.00899],[-1.0475,38.00898],[-1.04826,38.00869],[-1.04868,38.00782],[-1.04871,38.00707],[-1.04846,38.00625],[-1.04873,38.0057],[-1.0492,38.00536],[-1.05033,38.00508],[-1.05194,38.00495],[-1.05291,38.00492],[-1.05363,38.00464],[-1.0541,38.00429],[-1.05446,38.00382],[-1.0547,38.00316],[-1.05529,38.00245],[-1.05555,38.00187],[-1.05534,38.00134],[-1.05445,38.00095],[-1.0533,38.00099],[-1.05219,38.00123],[-1.05108,38.00118],[-1.05017,38.00099],[-1.04962,38.00063],[-1.04921,38.00015],[-1.04919,37.99958],[-1.04961,37.9991],[-1.05025,37.9986],[-1.05095,37.99803],[-1.05136,37.9978],[-1.05262,37.99747],[-1.05329,37.99718],[-1.0536,37.99683],[-1.05382,37.99611],[-1.05392,37.99522],[-1.05413,37.99408],[-1.05469,37.99308],[-1.05508,37.99286],[-1.05535,37.9927],[-1.05618,37.99279],[-1.05669,37.99344],[-1.0567,37.99468],[-1.05664,37.99601],[-1.05708,37.99705],[-1.05769,37.99773],[-1.05864,37.9981],[-1.06044,37.9983],[-1.06214,37.9983],[-1.0628,37.99843],[-1.06296,37.99846],[-1.06382,37.99903],[-1.06468,37.99906],[-1.06518,37.99889],[-1.06514,37.99623],[-1.06541,37.99574],[-1.06644,37.99538],[-1.06725,37.99531],[-1.06779,37.99508],[-1.06858,37.99458],[-1.06968,37.99418],[-1.0707,37.9938],[-1.07157,37.99329],[-1.07229,37.99245],[-1.07296,37.99163],[-1.073,37.9906],[-1.07312,37.99016],[-1.07356,37.9899],[-1.0742,37.98987],[-1.07527,37.99006],[-1.07627,37.99064],[-1.07697,37.99129],[-1.07754,37.99191],[-1.07855,37.99225],[-1.07946,37.99254],[-1.08003,37.99289],[-1.08066,37.99389],[-1.08135,37.99465],[-1.08212,37.99527],[-1.08327,37.99567],[-1.08391,37.99573],[-1.08418,37.99576],[-1.08467,37.99545],[-1.08481,37.99536],[-1.0854,37.99417],[-1.08576,37.99308],[-1.08607,37.99234]]]]}},{"type":"Feature","properties":{"nbhd_name":"Murcia sub-city dist. No. 4-C","uesi_id":"ESP_R2902364","nbhd_code":"ESP_R2902364_10"},"geometry":{"type":"MultiPolygon","coordinates":[[[[-1.13931,38.0034],[-1.1387,38.00281],[-1.1387,38.0028],[-1.13865,38.00276],[-1.13857,38.00269],[-1.13874,38.00258],[-1.13894,38.00246],[-1.13919,38.0023],[-1.13968,38.002],[-1.14019,38.00172],[-1.1403,38.00185],[-1.14041,38.00195],[-1.1406,38.00215],[-1.14085,38.00239],[-1.14095,38.0025],[-1.14107,38.00262],[-1.1412,38.00275],[-1.14129,38.00285],[-1.14134,38.0029],[-1.14137,38.00304],[-1.14144,38.00311],[-1.14155,38.00321],[-1.14174,38.0034],[-1.14185,38.00352],[-1.14207,38.00374],[-1.14229,38.00395],[-1.14238,38.00404],[-1.1425,38.00416],[-1.14262,38.00429],[-1.14274,38.00441],[-1.14286,38.00454],[-1.14294,38.00461],[-1.14306,38.00475],[-1.14316,38.00485],[-1.14324,38.00493],[-1.14338,38.00505],[-1.14339,38.00506],[-1.14339,38.00506],[-1.14339,38.00507],[-1.14351,38.00518],[-1.14361,38.00527],[-1.14367,38.00533],[-1.14373,38.00539],[-1.14386,38.00552],[-1.14397,38.00563],[-1.14411,38.00577],[-1.1442,38.00587],[-1.14425,38.00592],[-1.14438,38.00605],[-1.14456,38.00621],[-1.14468,38.00633],[-1.14468,38.00633],[-1.14477,38.00641],[-1.14491,38.00655],[-1.14499,38.00664],[-1.14502,38.00667],[-1.14518,38.00679],[-1.14536,38.00693],[-1.14542,38.00698],[-1.14551,38.00704],[-1.14561,38.00712],[-1.14577,38.00728],[-1.14593,38.00744],[-1.14607,38.00758],[-1.14614,38.00765],[-1.14623,38.00774],[-1.14648,38.00797],[-1.1466,38.0081],[-1.14666,38.00816],[-1.14679,38.00829],[-1.14697,38.00847],[-1.14703,38.00853],[-1.14716,38.00866],[-1.14729,38.00879],[-1.14741,38.00891],[-1.14751,38.00902],[-1.14762,38.00913],[-1.14768,38.00919],[-1.14776,38.00927],[-1.14787,38.00938],[-1.14773,38.0095],[-1.14793,38.0097],[-1.14801,38.00979],[-1.1483,38.01008],[-1.1486,38.01038],[-1.1489,38.01067],[-1.14931,38.0111],[-1.14968,38.01146],[-1.14994,38.01171],[-1.15019,38.01193],[-1.15032,38.01204],[-1.15047,38.01215],[-1.15055,38.01219],[-1.15059,38.01221],[-1.15063,38.01224],[-1.15074,38.01229],[-1.15083,38.01229],[-1.15107,38.01241],[-1.15118,38.01247],[-1.15124,38.01249],[-1.15138,38.01255],[-1.15139,38.01255],[-1.1515,38.01259],[-1.15161,38.01262],[-1.15187,38.01268],[-1.15198,38.01271],[-1.1523,38.01278],[-1.1529,38.01293],[-1.15346,38.01306],[-1.15382,38.01314],[-1.1551,38.01348],[-1.15536,38.01354],[-1.15557,38.01359],[-1.15576,38.01364],[-1.1559,38.01369],[-1.15602,38.01372],[-1.15639,38.01386],[-1.15675,38.01405],[-1.15705,38.01431],[-1.15735,38.01464],[-1.15819,38.01582],[-1.15825,38.01591],[-1.15841,38.01583],[-1.15897,38.01555],[-1.15969,38.01506],[-1.16183,38.0134],[-1.16209,38.01322],[-1.1629,38.01266],[-1.16316,38.01248],[-1.16331,38.01222],[-1.16314,38.0118],[-1.16303,38.01165],[-1.16303,38.01147],[-1.16352,38.01151],[-1.164,38.01172],[-1.16459,38.01185],[-1.16496,38.01189],[-1.1659,38.01199],[-1.16694,38.01212],[-1.16778,38.01214],[-1.1681,38.01214],[-1.16833,38.01216],[-1.16966,38.01229],[-1.17131,38.01237],[-1.17265,38.01257],[-1.17338,38.01314],[-1.17377,38.01406],[-1.17442,38.01472],[-1.17452,38.01517],[-1.17485,38.01607],[-1.17503,38.01631],[-1.1753,38.017],[-1.17543,38.01744],[-1.17543,38.01763],[-1.17565,38.01816],[-1.17578,38.01844],[-1.17593,38.0187],[-1.17629,38.01887],[-1.1768,38.01918],[-1.17779,38.0197],[-1.17836,38.02],[-1.17836,38.02006],[-1.17823,38.02017],[-1.17747,38.02027],[-1.17729,38.02041],[-1.17699,38.02099],[-1.17695,38.02141],[-1.17678,38.02202],[-1.17678,38.0226],[-1.1771,38.02348],[-1.17717,38.02409],[-1.17738,38.02458],[-1.17746,38.0249],[-1.17734,38.02559],[-1.17745,38.02615],[-1.17682,38.02705],[-1.17669,38.02733],[-1.1766,38.02781],[-1.1767,38.02807],[-1.17745,38.02886],[-1.1779,38.02989],[-1.17806,38.0301],[-1.17885,38.03058],[-1.17913,38.03087],[-1.17931,38.0312],[-1.17961,38.03253],[-1.17947,38.03306],[-1.17922,38.03327],[-1.17872,38.03341],[-1.17861,38.03345],[-1.17855,38.03346],[-1.17742,38.03415],[-1.17776,38.03454],[-1.17798,38.0348],[-1.17809,38.03597],[-1.17822,38.03628],[-1.17816,38.0365],[-1.17799,38.03671],[-1.17808,38.03681],[-1.17817,38.03691],[-1.17851,38.03706],[-1.17875,38.03724],[-1.17885,38.03742],[-1.17751,38.03784],[-1.17647,38.03775],[-1.17587,38.03791],[-1.17523,38.03791],[-1.17443,38.0381],[-1.17353,38.03839],[-1.1733,38.0386],[-1.17293,38.03911],[-1.17232,38.04065],[-1.17191,38.04134],[-1.1717,38.04215],[-1.17162,38.04277],[-1.1704,38.04298],[-1.16993,38.04332],[-1.16977,38.04357],[-1.16942,38.0443],[-1.16927,38.04527],[-1.16904,38.04567],[-1.16826,38.04621],[-1.1676,38.04666],[-1.16704,38.04715],[-1.16671,38.04854],[-1.1664,38.04939],[-1.16622,38.0506],[-1.16611,38.0507],[-1.16563,38.05085],[-1.1652,38.05087],[-1.16429,38.05092],[-1.16317,38.05072],[-1.1628,38.0507],[-1.16257,38.05073],[-1.16123,38.05152],[-1.1608,38.05194],[-1.16071,38.05213],[-1.16076,38.05243],[-1.16146,38.05351],[-1.16157,38.0538],[-1.16156,38.05419],[-1.16122,38.05456],[-1.15962,38.05462],[-1.15861,38.05437],[-1.15835,38.05436],[-1.15808,38.05441],[-1.15769,38.05461],[-1.15705,38.05479],[-1.1569,38.05493],[-1.15684,38.05535],[-1.15696,38.05567],[-1.15721,38.05606],[-1.15819,38.05682],[-1.15938,38.05734],[-1.15991,38.05776],[-1.16035,38.05824],[-1.16064,38.0589],[-1.16066,38.05956],[-1.1606,38.06001],[-1.16059,38.06092],[-1.16071,38.06134],[-1.16085,38.06222],[-1.1608,38.06254],[-1.16065,38.06319],[-1.16029,38.06388],[-1.15981,38.06431],[-1.15951,38.06444],[-1.15854,38.06465],[-1.15659,38.06484],[-1.15557,38.06509],[-1.15499,38.06531],[-1.15402,38.06562],[-1.1525,38.06566],[-1.15227,38.06587],[-1.15214,38.06609],[-1.152,38.06653],[-1.15215,38.06737],[-1.15256,38.06836],[-1.15389,38.07213],[-1.15391,38.07222],[-1.15416,38.07384],[-1.15413,38.07405],[-1.15409,38.0741],[-1.15403,38.07418],[-1.15331,38.07482],[-1.15318,38.07494],[-1.15305,38.07502],[-1.15288,38.07512],[-1.15195,38.07533],[-1.15142,38.07556],[-1.14977,38.07566],[-1.14841,38.07596],[-1.14703,38.07635],[-1.14681,38.07661],[-1.14674,38.07685],[-1.14653,38.07721],[-1.14641,38.07729],[-1.14622,38.07742],[-1.14614,38.07754],[-1.14579,38.0778],[-1.14545,38.07789],[-1.14544,38.07789],[-1.14422,38.07772],[-1.14421,38.07772],[-1.1439,38.07773],[-1.14361,38.07792],[-1.14337,38.07799],[-1.14222,38.07809],[-1.14186,38.07826],[-1.14144,38.07856],[-1.14089,38.07879],[-1.14046,38.079],[-1.14,38.07958],[-1.13987,38.07969],[-1.13891,38.08005],[-1.13843,38.08041],[-1.13762,38.08053],[-1.13738,38.08061],[-1.13707,38.08082],[-1.13701,38.08094],[-1.137,38.08092],[-1.13652,38.0797],[-1.1362,38.07903],[-1.13605,38.0785],[-1.13572,38.07823],[-1.13523,38.07742],[-1.1349,38.07715],[-1.13441,38.07688],[-1.13426,38.07621],[-1.13394,38.07554],[-1.13346,38.0746],[-1.13296,38.07433],[-1.13229,38.07405],[-1.13163,38.07377],[-1.1313,38.0735],[-1.13063,38.07309],[-1.12982,38.07215],[-1.1295,38.07135],[-1.12917,38.07121],[-1.1287,38.07],[-1.12822,38.06867],[-1.12758,38.06759],[-1.12758,38.06746],[-1.12728,38.06626],[-1.12664,38.06505],[-1.12583,38.06358],[-1.12534,38.06304],[-1.1247,38.0617],[-1.12405,38.06102],[-1.12407,38.06023],[-1.12326,38.05875],[-1.12278,38.05781],[-1.12229,38.05754],[-1.12182,38.0562],[-1.1215,38.05527],[-1.12102,38.05433],[-1.11987,38.05325],[-1.11955,38.05297],[-1.11922,38.05244],[-1.11874,38.0515],[-1.11857,38.05121],[-1.11924,38.0505],[-1.11967,38.04968],[-1.11886,38.04921],[-1.1177,38.04918],[-1.11725,38.04915],[-1.11664,38.04814],[-1.116,38.04693],[-1.11605,38.04494],[-1.11575,38.04374],[-1.11528,38.0424],[-1.11513,38.0416],[-1.11499,38.04067],[-1.11501,38.03974],[-1.11501,38.03964],[-1.1149,38.03895],[-1.11488,38.03896],[-1.11488,38.03895],[-1.11488,38.03895],[-1.11481,38.03876],[-1.11475,38.03862],[-1.11469,38.03849],[-1.11465,38.03836],[-1.11459,38.03824],[-1.11456,38.03817],[-1.11454,38.03811],[-1.11449,38.03798],[-1.1144,38.03776],[-1.11434,38.03762],[-1.11429,38.03749],[-1.11422,38.03733],[-1.11418,38.03721],[-1.11416,38.03716],[-1.11405,38.0369],[-1.114,38.03679],[-1.11394,38.03663],[-1.11386,38.03644],[-1.11373,38.03612],[-1.11366,38.03595],[-1.11346,38.03544],[-1.11343,38.03539],[-1.11333,38.03513],[-1.11309,38.03456],[-1.11305,38.03447],[-1.11294,38.03422],[-1.11292,38.03418],[-1.11281,38.03393],[-1.11272,38.03371],[-1.11263,38.03348],[-1.11258,38.03336],[-1.11254,38.03325],[-1.11246,38.03303],[-1.11242,38.0329],[-1.11234,38.03271],[-1.11231,38.03261],[-1.11225,38.03246],[-1.11213,38.03219],[-1.11197,38.0318],[-1.11195,38.03176],[-1.11186,38.03153],[-1.11181,38.03141],[-1.11164,38.03105],[-1.1116,38.03096],[-1.1116,38.03095],[-1.11197,38.03075],[-1.11279,38.03035],[-1.11302,38.03022],[-1.11317,38.03007],[-1.11333,38.02994],[-1.11345,38.02986],[-1.11314,38.0293],[-1.11297,38.02902],[-1.1129,38.02888],[-1.11284,38.02865],[-1.1128,38.02856],[-1.11263,38.02852],[-1.11255,38.02851],[-1.11226,38.02805],[-1.11213,38.02781],[-1.11191,38.02754],[-1.11171,38.02721],[-1.11143,38.02679],[-1.11136,38.02667],[-1.11125,38.0266],[-1.11103,38.02629],[-1.11083,38.02607],[-1.1107,38.02578],[-1.11067,38.02568],[-1.11068,38.02549],[-1.11062,38.02537],[-1.11045,38.02517],[-1.11031,38.02493],[-1.11023,38.02479],[-1.11012,38.02459],[-1.11012,38.02459],[-1.11021,38.02454],[-1.10995,38.02417],[-1.10939,38.02443],[-1.10938,38.02443],[-1.10929,38.02435],[-1.10924,38.02433],[-1.10909,38.02429],[-1.10895,38.02426],[-1.10878,38.02419],[-1.10872,38.02417],[-1.10853,38.02411],[-1.10819,38.024],[-1.10792,38.0239],[-1.10781,38.02387],[-1.10773,38.02384],[-1.10763,38.02381],[-1.10755,38.02379],[-1.10741,38.02376],[-1.10733,38.02375],[-1.10733,38.02375],[-1.10722,38.02375],[-1.10718,38.02376],[-1.1071,38.02375],[-1.10691,38.02374],[-1.10679,38.02371],[-1.10653,38.02363],[-1.10645,38.0236],[-1.10606,38.0231],[-1.10557,38.02238],[-1.10595,38.02224],[-1.10547,38.02162],[-1.10534,38.02146],[-1.10503,38.02111],[-1.10487,38.02094],[-1.1048,38.02056],[-1.1051,38.02042],[-1.10526,38.02038],[-1.10546,38.02034],[-1.10569,38.02026],[-1.10629,38.02],[-1.10595,38.01965],[-1.10568,38.01927],[-1.10588,38.01919],[-1.10593,38.01916],[-1.1063,38.01894],[-1.10639,38.01891],[-1.10666,38.01881],[-1.10738,38.01856],[-1.10774,38.01844],[-1.10781,38.0184],[-1.10797,38.01837],[-1.10813,38.01832],[-1.10921,38.0179],[-1.10992,38.01762],[-1.11079,38.01728],[-1.11127,38.0171],[-1.1114,38.01705],[-1.11154,38.01702],[-1.11171,38.01699],[-1.11188,38.01695],[-1.1122,38.01683],[-1.11238,38.01677],[-1.11248,38.01674],[-1.11268,38.01668],[-1.11285,38.01665],[-1.11286,38.01664],[-1.11303,38.01655],[-1.11319,38.0165],[-1.11333,38.01644],[-1.11348,38.01643],[-1.11375,38.0164],[-1.1139,38.01637],[-1.1141,38.01632],[-1.11427,38.01627],[-1.11454,38.01615],[-1.11475,38.01605],[-1.11484,38.016],[-1.11496,38.01594],[-1.11509,38.0159],[-1.1152,38.01585],[-1.11528,38.01578],[-1.11541,38.01565],[-1.11552,38.01552],[-1.11567,38.01533],[-1.11583,38.01513],[-1.11593,38.01503],[-1.11611,38.01479],[-1.11627,38.01463],[-1.11637,38.01456],[-1.11657,38.01441],[-1.11683,38.01418],[-1.11695,38.01409],[-1.11703,38.01402],[-1.11712,38.01393],[-1.11721,38.01382],[-1.11728,38.01374],[-1.11737,38.01367],[-1.11748,38.01361],[-1.11757,38.01355],[-1.1177,38.01349],[-1.11782,38.01344],[-1.11799,38.01339],[-1.11817,38.01334],[-1.11829,38.01331],[-1.11846,38.01327],[-1.11875,38.01321],[-1.11902,38.01317],[-1.11923,38.01312],[-1.11938,38.0131],[-1.11957,38.01305],[-1.11971,38.013],[-1.11985,38.01292],[-1.12,38.01285],[-1.12015,38.01275],[-1.12028,38.01269],[-1.12044,38.01262],[-1.12063,38.01252],[-1.12069,38.01246],[-1.12079,38.01243],[-1.12093,38.01239],[-1.12107,38.01235],[-1.12193,38.01199],[-1.12199,38.01198],[-1.12206,38.01199],[-1.12217,38.01202],[-1.12226,38.01203],[-1.12233,38.01201],[-1.12243,38.01198],[-1.12255,38.01192],[-1.12345,38.01151],[-1.12399,38.01126],[-1.12454,38.01101],[-1.12515,38.01073],[-1.12529,38.01068],[-1.12543,38.01058],[-1.12554,38.01048],[-1.12561,38.0104],[-1.12569,38.01031],[-1.12582,38.01017],[-1.12589,38.01011],[-1.12595,38.01008],[-1.12602,38.01006],[-1.12608,38.01006],[-1.12613,38.01004],[-1.12622,38.01],[-1.12637,38.00991],[-1.1266,38.00983],[-1.12682,38.00974],[-1.12691,38.0097],[-1.12698,38.00966],[-1.12709,38.0096],[-1.12719,38.00958],[-1.12725,38.00955],[-1.12735,38.00949],[-1.12746,38.00947],[-1.12754,38.00943],[-1.12762,38.00941],[-1.12781,38.00936],[-1.1279,38.00934],[-1.12795,38.00931],[-1.12806,38.00926],[-1.12814,38.00923],[-1.12822,38.00917],[-1.1283,38.00914],[-1.12837,38.0091],[-1.12846,38.00907],[-1.12854,38.00905],[-1.12863,38.00902],[-1.12871,38.00897],[-1.12906,38.00884],[-1.12931,38.00874],[-1.12939,38.00872],[-1.12943,38.00861],[-1.12948,38.00827],[-1.12958,38.00802],[-1.1296,38.008],[-1.12945,38.00697],[-1.13185,38.00662],[-1.13186,38.00665],[-1.13192,38.00674],[-1.13207,38.00669],[-1.13214,38.00663],[-1.13219,38.00658],[-1.13227,38.00656],[-1.13239,38.00654],[-1.13249,38.0065],[-1.13272,38.00646],[-1.13292,38.00642],[-1.13292,38.00642],[-1.13351,38.00641],[-1.13437,38.00627],[-1.13507,38.00599],[-1.13509,38.00602],[-1.13572,38.00563],[-1.13687,38.0049],[-1.1373,38.00464],[-1.13758,38.00447],[-1.13758,38.00447],[-1.13787,38.0043],[-1.13844,38.00394],[-1.13931,38.0034]]]]}},{"type":"Feature","properties":{"nbhd_name":"Murcia sub-city dist. No. 4-A","uesi_id":"ESP_R2902364","nbhd_code":"ESP_R2902364_11"},"geometry":{"type":"MultiPolygon","coordinates":[[[[-1.11575,37.99509],[-1.11597,37.99481],[-1.11603,37.99472],[-1.11611,37.99462],[-1.11618,37.99454],[-1.11625,37.99445],[-1.11628,37.9944],[-1.11639,37.99427],[-1.11653,37.99409],[-1.11656,37.99405],[-1.11667,37.99391],[-1.11679,37.99376],[-1.11688,37.99364],[-1.11701,37.99347],[-1.11708,37.99338],[-1.11714,37.9933],[-1.11723,37.99318],[-1.11729,37.99312],[-1.11731,37.99309],[-1.11731,37.99309],[-1.11731,37.99309],[-1.11731,37.99309],[-1.11734,37.99314],[-1.11738,37.99324],[-1.11738,37.99324],[-1.11738,37.99324],[-1.11736,37.99337],[-1.11736,37.99337],[-1.11736,37.99345],[-1.11738,37.99358],[-1.11742,37.99374],[-1.11746,37.99394],[-1.11746,37.99394],[-1.11746,37.99394],[-1.11746,37.99399],[-1.11746,37.99399],[-1.11746,37.99399],[-1.11749,37.99412],[-1.11752,37.99425],[-1.11753,37.99429],[-1.11754,37.99433],[-1.11755,37.99439],[-1.11757,37.9945],[-1.11758,37.99454],[-1.1176,37.99462],[-1.11763,37.99474],[-1.11766,37.99483],[-1.11766,37.99483],[-1.11769,37.9949],[-1.11769,37.9949],[-1.11771,37.99496],[-1.11778,37.99517],[-1.11779,37.9952],[-1.11779,37.99521],[-1.11781,37.99527],[-1.11783,37.9953],[-1.11783,37.99531],[-1.11785,37.99539],[-1.11786,37.99539],[-1.11786,37.99539],[-1.11787,37.99543],[-1.1179,37.9955],[-1.11793,37.99555],[-1.11795,37.99561],[-1.11795,37.99562],[-1.11802,37.99581],[-1.11808,37.996],[-1.11811,37.99608],[-1.11814,37.99607],[-1.11833,37.99596],[-1.11839,37.99591],[-1.1185,37.99582],[-1.11844,37.99569],[-1.11844,37.99567],[-1.11844,37.99567],[-1.11844,37.99567],[-1.11858,37.9956],[-1.11871,37.99552],[-1.11888,37.99543],[-1.11889,37.99542],[-1.11896,37.99539],[-1.11904,37.99534],[-1.11911,37.9953],[-1.11913,37.9953],[-1.11919,37.99526],[-1.1193,37.99502],[-1.11938,37.99498],[-1.11949,37.99493],[-1.1195,37.99492],[-1.11958,37.99489],[-1.11964,37.99487],[-1.11964,37.99495],[-1.11965,37.9952],[-1.11968,37.99561],[-1.11968,37.99563],[-1.11968,37.99563],[-1.11968,37.99563],[-1.11967,37.99569],[-1.11967,37.99569],[-1.11967,37.99569],[-1.11967,37.99569],[-1.11966,37.99595],[-1.11966,37.99595],[-1.11964,37.99611],[-1.11963,37.99614],[-1.11963,37.99614],[-1.11963,37.99614],[-1.11962,37.99623],[-1.1196,37.99642],[-1.11959,37.99653],[-1.11959,37.99653],[-1.11959,37.99653],[-1.11959,37.99653],[-1.11959,37.99668],[-1.11947,37.99703],[-1.11936,37.99767],[-1.11936,37.99826],[-1.11933,37.99856],[-1.11933,37.99873],[-1.11933,37.99894],[-1.11938,37.9992],[-1.11938,37.9992],[-1.1194,37.99919],[-1.11954,37.99916],[-1.11974,37.99912],[-1.11985,37.99908],[-1.11999,37.99902],[-1.1202,37.99896],[-1.12038,37.9989],[-1.12055,37.99886],[-1.12079,37.9988],[-1.12108,37.99872],[-1.12115,37.9987],[-1.12121,37.99867],[-1.12135,37.99861],[-1.12158,37.99898],[-1.12168,37.99895],[-1.12189,37.99886],[-1.12197,37.99899],[-1.12199,37.99901],[-1.12205,37.99911],[-1.12212,37.99921],[-1.12221,37.99937],[-1.12229,37.99933],[-1.12244,37.99927],[-1.12264,37.99917],[-1.12275,37.99912],[-1.12297,37.99902],[-1.12304,37.99899],[-1.12317,37.99893],[-1.12326,37.99889],[-1.12342,37.99881],[-1.12352,37.99878],[-1.12357,37.99876],[-1.12367,37.99873],[-1.12383,37.99868],[-1.124,37.99862],[-1.12416,37.99857],[-1.12426,37.99853],[-1.12434,37.99851],[-1.12443,37.99848],[-1.12458,37.99842],[-1.12477,37.99836],[-1.12496,37.9983],[-1.12513,37.99824],[-1.12536,37.99817],[-1.12553,37.99811],[-1.12569,37.99808],[-1.12593,37.99803],[-1.12607,37.99801],[-1.12629,37.99797],[-1.12653,37.99792],[-1.12654,37.99795],[-1.12659,37.99804],[-1.12662,37.99812],[-1.12666,37.9982],[-1.12669,37.99827],[-1.12672,37.99832],[-1.12675,37.99839],[-1.12678,37.99845],[-1.12681,37.99852],[-1.12684,37.99858],[-1.12686,37.99863],[-1.12691,37.99873],[-1.12698,37.99887],[-1.12699,37.99891],[-1.12702,37.99898],[-1.12704,37.99902],[-1.12709,37.99913],[-1.12714,37.99923],[-1.12716,37.99927],[-1.12718,37.99932],[-1.1272,37.99935],[-1.1272,37.99935],[-1.12735,37.99965],[-1.12771,38.00041],[-1.12773,38.00048],[-1.12774,38.00048],[-1.12802,38.00106],[-1.12836,38.00179],[-1.12837,38.00179],[-1.12868,38.00171],[-1.12868,38.00172],[-1.12881,38.00171],[-1.12885,38.0017],[-1.1289,38.00169],[-1.12893,38.00168],[-1.12902,38.00165],[-1.12906,38.00165],[-1.12912,38.00163],[-1.12917,38.00161],[-1.12923,38.00159],[-1.12931,38.00156],[-1.12943,38.00155],[-1.12953,38.00153],[-1.12964,38.0015],[-1.12969,38.00149],[-1.12973,38.00148],[-1.12978,38.00147],[-1.12983,38.00146],[-1.12991,38.00145],[-1.12999,38.00142],[-1.13005,38.0014],[-1.13015,38.00137],[-1.13028,38.00134],[-1.13034,38.00132],[-1.13043,38.0013],[-1.13046,38.0013],[-1.1305,38.00129],[-1.13053,38.00128],[-1.13061,38.00125],[-1.13071,38.00125],[-1.13083,38.00122],[-1.13103,38.00117],[-1.13122,38.00112],[-1.13145,38.00108],[-1.13162,38.00105],[-1.13184,38.00101],[-1.132,38.00098],[-1.13245,38.0009],[-1.13254,38.00088],[-1.13257,38.00088],[-1.13276,38.00129],[-1.13278,38.00135],[-1.13279,38.00135],[-1.1347,38.00091],[-1.13481,38.00089],[-1.13519,38.00066],[-1.13505,38.00052],[-1.13495,38.00033],[-1.13483,38.00013],[-1.13494,38.0001],[-1.13494,38.0001],[-1.13509,38.00008],[-1.13545,38.0],[-1.1358,37.99992],[-1.13596,37.99989],[-1.13604,37.99985],[-1.13615,37.99978],[-1.13651,37.99955],[-1.1369,37.99931],[-1.137,37.99924],[-1.13709,37.99918],[-1.13714,37.99915],[-1.13724,37.99908],[-1.13764,37.99947],[-1.13771,37.99955],[-1.13782,37.99965],[-1.13791,37.99961],[-1.138,37.99956],[-1.13832,37.99987],[-1.13848,38.00004],[-1.13876,38.00032],[-1.13893,38.00049],[-1.13902,38.00057],[-1.13912,38.00068],[-1.13923,38.00082],[-1.13918,38.00086],[-1.13926,38.00094],[-1.13958,38.0011],[-1.13986,38.00138],[-1.13999,38.00151],[-1.14005,38.00158],[-1.14005,38.00158],[-1.14019,38.00172],[-1.13968,38.002],[-1.13919,38.0023],[-1.13894,38.00246],[-1.13874,38.00258],[-1.13857,38.00269],[-1.13865,38.00276],[-1.1387,38.0028],[-1.1387,38.00281],[-1.13931,38.0034],[-1.13844,38.00394],[-1.13787,38.0043],[-1.13758,38.00447],[-1.13758,38.00447],[-1.1373,38.00464],[-1.13687,38.0049],[-1.13572,38.00563],[-1.13509,38.00602],[-1.13507,38.00599],[-1.13437,38.00627],[-1.13351,38.00641],[-1.13292,38.00642],[-1.13292,38.00642],[-1.13272,38.00646],[-1.13249,38.0065],[-1.13239,38.00654],[-1.13227,38.00656],[-1.13219,38.00658],[-1.13214,38.00663],[-1.13207,38.00669],[-1.13192,38.00674],[-1.13186,38.00665],[-1.13185,38.00662],[-1.12945,38.00697],[-1.1296,38.008],[-1.12958,38.00802],[-1.12948,38.00827],[-1.12943,38.00861],[-1.12939,38.00872],[-1.12931,38.00874],[-1.12906,38.00884],[-1.12871,38.00897],[-1.12863,38.00902],[-1.12854,38.00905],[-1.12846,38.00907],[-1.12837,38.0091],[-1.1283,38.00914],[-1.12822,38.00917],[-1.12814,38.00923],[-1.12806,38.00926],[-1.12795,38.00931],[-1.1279,38.00934],[-1.12781,38.00936],[-1.12762,38.00941],[-1.12754,38.00943],[-1.12746,38.00947],[-1.12735,38.00949],[-1.12725,38.00955],[-1.12719,38.00958],[-1.12709,38.0096],[-1.12698,38.00966],[-1.12691,38.0097],[-1.12682,38.00974],[-1.1266,38.00983],[-1.12637,38.00991],[-1.12622,38.01],[-1.12613,38.01004],[-1.12608,38.01006],[-1.12602,38.01006],[-1.12595,38.01008],[-1.12589,38.01011],[-1.12582,38.01017],[-1.12569,38.01031],[-1.12561,38.0104],[-1.12554,38.01048],[-1.12543,38.01058],[-1.12529,38.01068],[-1.12515,38.01073],[-1.12454,38.01101],[-1.12399,38.01126],[-1.12345,38.01151],[-1.12255,38.01192],[-1.12243,38.01198],[-1.12233,38.01201],[-1.12226,38.01203],[-1.12217,38.01202],[-1.12206,38.01199],[-1.12199,38.01198],[-1.12193,38.01199],[-1.12107,38.01235],[-1.12093,38.01239],[-1.12079,38.01243],[-1.12069,38.01246],[-1.12063,38.01252],[-1.12044,38.01262],[-1.12028,38.01269],[-1.12015,38.01275],[-1.12,38.01285],[-1.11985,38.01292],[-1.11971,38.013],[-1.11957,38.01305],[-1.11938,38.0131],[-1.11923,38.01312],[-1.11902,38.01317],[-1.11875,38.01321],[-1.11846,38.01327],[-1.11829,38.01331],[-1.11817,38.01334],[-1.11799,38.01339],[-1.11782,38.01344],[-1.1177,38.01349],[-1.11757,38.01355],[-1.11748,38.01361],[-1.11737,38.01367],[-1.11728,38.01374],[-1.11721,38.01382],[-1.11712,38.01393],[-1.11703,38.01402],[-1.11695,38.01409],[-1.11683,38.01418],[-1.11657,38.01441],[-1.11637,38.01456],[-1.11627,38.01463],[-1.11611,38.01479],[-1.11593,38.01503],[-1.11583,38.01513],[-1.11567,38.01533],[-1.11552,38.01552],[-1.11541,38.01565],[-1.11528,38.01578],[-1.1152,38.01585],[-1.11509,38.0159],[-1.11496,38.01594],[-1.11484,38.016],[-1.11475,38.01605],[-1.11454,38.01615],[-1.11427,38.01627],[-1.1141,38.01632],[-1.1139,38.01637],[-1.11375,38.0164],[-1.11348,38.01643],[-1.11333,38.01644],[-1.11319,38.0165],[-1.11303,38.01655],[-1.11286,38.01664],[-1.11285,38.01665],[-1.11268,38.01668],[-1.11248,38.01674],[-1.11238,38.01677],[-1.1122,38.01683],[-1.11188,38.01695],[-1.11171,38.01699],[-1.11154,38.01702],[-1.1114,38.01705],[-1.11127,38.0171],[-1.11079,38.01728],[-1.10992,38.01762],[-1.10921,38.0179],[-1.10813,38.01832],[-1.10797,38.01837],[-1.10781,38.0184],[-1.10774,38.01844],[-1.10738,38.01856],[-1.10666,38.01881],[-1.10639,38.01891],[-1.1063,38.01894],[-1.10593,38.01916],[-1.10588,38.01919],[-1.10568,38.01927],[-1.10595,38.01965],[-1.10629,38.02],[-1.10569,38.02026],[-1.10546,38.02034],[-1.10526,38.02038],[-1.1051,38.02042],[-1.1048,38.02056],[-1.10487,38.02094],[-1.10503,38.02111],[-1.10534,38.02146],[-1.10547,38.02162],[-1.10595,38.02224],[-1.10557,38.02238],[-1.10606,38.0231],[-1.10645,38.0236],[-1.10653,38.02363],[-1.10679,38.02371],[-1.10691,38.02374],[-1.1071,38.02375],[-1.10718,38.02376],[-1.10722,38.02375],[-1.10733,38.02375],[-1.10733,38.02375],[-1.10741,38.02376],[-1.10755,38.02379],[-1.10763,38.02381],[-1.10773,38.02384],[-1.10781,38.02387],[-1.10792,38.0239],[-1.10819,38.024],[-1.10853,38.02411],[-1.10872,38.02417],[-1.10878,38.02419],[-1.10895,38.02426],[-1.10909,38.02429],[-1.10924,38.02433],[-1.10929,38.02435],[-1.10938,38.02443],[-1.10939,38.02443],[-1.10995,38.02417],[-1.11021,38.02454],[-1.11012,38.02459],[-1.11012,38.02459],[-1.11023,38.02479],[-1.11031,38.02493],[-1.11045,38.02517],[-1.11062,38.02537],[-1.11068,38.02549],[-1.11067,38.02568],[-1.1107,38.02578],[-1.11083,38.02607],[-1.11103,38.02629],[-1.11125,38.0266],[-1.11136,38.02667],[-1.11143,38.02679],[-1.11171,38.02721],[-1.11191,38.02754],[-1.11213,38.02781],[-1.11226,38.02805],[-1.11255,38.02851],[-1.11263,38.02852],[-1.1128,38.02856],[-1.11284,38.02865],[-1.1129,38.02888],[-1.11297,38.02902],[-1.11314,38.0293],[-1.11345,38.02986],[-1.11333,38.02994],[-1.11317,38.03007],[-1.11302,38.03022],[-1.11279,38.03035],[-1.11197,38.03075],[-1.1116,38.03095],[-1.1116,38.03096],[-1.11164,38.03105],[-1.11181,38.03141],[-1.11186,38.03153],[-1.11195,38.03176],[-1.11197,38.0318],[-1.11213,38.03219],[-1.11225,38.03246],[-1.11231,38.03261],[-1.11234,38.03271],[-1.11242,38.0329],[-1.11246,38.03303],[-1.11254,38.03325],[-1.11258,38.03336],[-1.11263,38.03348],[-1.11272,38.03371],[-1.11281,38.03393],[-1.11292,38.03418],[-1.11294,38.03422],[-1.11305,38.03447],[-1.11309,38.03456],[-1.11333,38.03513],[-1.11343,38.03539],[-1.11346,38.03544],[-1.11366,38.03595],[-1.11373,38.03612],[-1.11386,38.03644],[-1.11394,38.03663],[-1.114,38.03679],[-1.11405,38.0369],[-1.11416,38.03716],[-1.11418,38.03721],[-1.11422,38.03733],[-1.11429,38.03749],[-1.11434,38.03762],[-1.1144,38.03776],[-1.11449,38.03798],[-1.11454,38.03811],[-1.11456,38.03817],[-1.11459,38.03824],[-1.11465,38.03836],[-1.11469,38.03849],[-1.11475,38.03862],[-1.11481,38.03876],[-1.11488,38.03895],[-1.11488,38.03895],[-1.11488,38.03896],[-1.1149,38.03895],[-1.11501,38.03964],[-1.11501,38.03974],[-1.11499,38.04067],[-1.11513,38.0416],[-1.11528,38.0424],[-1.11575,38.04374],[-1.11605,38.04494],[-1.116,38.04693],[-1.11664,38.04814],[-1.11725,38.04915],[-1.1177,38.04918],[-1.11886,38.04921],[-1.11967,38.04968],[-1.11924,38.0505],[-1.11857,38.05121],[-1.11874,38.0515],[-1.11922,38.05244],[-1.11955,38.05297],[-1.11987,38.05325],[-1.12102,38.05433],[-1.1215,38.05527],[-1.12182,38.0562],[-1.12229,38.05754],[-1.12278,38.05781],[-1.12326,38.05875],[-1.12407,38.06023],[-1.12405,38.06102],[-1.1247,38.0617],[-1.12534,38.06304],[-1.12583,38.06358],[-1.12664,38.06505],[-1.12728,38.06626],[-1.12758,38.06746],[-1.12758,38.06759],[-1.12822,38.06867],[-1.1287,38.07],[-1.12917,38.07121],[-1.1295,38.07135],[-1.12982,38.07215],[-1.13063,38.07309],[-1.1313,38.0735],[-1.13163,38.07377],[-1.13229,38.07405],[-1.13296,38.07433],[-1.13346,38.0746],[-1.13394,38.07554],[-1.13426,38.07621],[-1.13441,38.07688],[-1.1349,38.07715],[-1.13523,38.07742],[-1.13572,38.07823],[-1.13605,38.0785],[-1.1362,38.07903],[-1.13652,38.0797],[-1.137,38.08092],[-1.13701,38.08094],[-1.13697,38.08102],[-1.13697,38.08102],[-1.13686,38.08122],[-1.13674,38.08202],[-1.13674,38.08248],[-1.13732,38.08341],[-1.13758,38.08381],[-1.13754,38.08405],[-1.13649,38.08526],[-1.13645,38.08603],[-1.13686,38.08682],[-1.13689,38.08715],[-1.13679,38.08812],[-1.13661,38.08845],[-1.13668,38.08912],[-1.13633,38.08978],[-1.13631,38.09019],[-1.13646,38.09061],[-1.13678,38.09105],[-1.13789,38.0923],[-1.13793,38.0926],[-1.13782,38.09311],[-1.13759,38.09352],[-1.13667,38.09416],[-1.13569,38.09514],[-1.13558,38.09552],[-1.13558,38.09603],[-1.13581,38.09783],[-1.13565,38.09889],[-1.13323,38.10987],[-1.13181,38.11689],[-1.1315,38.11792],[-1.13148,38.11791],[-1.13095,38.11767],[-1.12862,38.11697],[-1.12249,38.11565],[-1.12204,38.11542],[-1.12164,38.11506],[-1.12132,38.11463],[-1.12106,38.11442],[-1.11996,38.11423],[-1.11951,38.11406],[-1.11916,38.11399],[-1.11914,38.11399],[-1.11836,38.11406],[-1.11782,38.11429],[-1.11753,38.11468],[-1.11734,38.11511],[-1.11668,38.11534],[-1.11666,38.11534],[-1.11634,38.11531],[-1.11598,38.11502],[-1.11565,38.11493],[-1.11564,38.11493],[-1.11395,38.11524],[-1.11393,38.11524],[-1.11326,38.11519],[-1.11326,38.11519],[-1.11278,38.1153],[-1.11246,38.1155],[-1.11243,38.11549],[-1.11197,38.11546],[-1.11071,38.11506],[-1.11024,38.11455],[-1.11004,38.11439],[-1.10977,38.11437],[-1.10977,38.11437],[-1.10917,38.11456],[-1.10916,38.11456],[-1.10838,38.11423],[-1.10796,38.11397],[-1.10794,38.11398],[-1.10691,38.11432],[-1.1069,38.11431],[-1.10607,38.11401],[-1.10532,38.11383],[-1.10531,38.11383],[-1.10352,38.11397],[-1.1035,38.11397],[-1.1029,38.11396],[-1.10279,38.11393],[-1.10116,38.11349],[-1.1007,38.11221],[-1.10065,38.11191],[-1.10077,38.11157],[-1.10105,38.11125],[-1.1045,38.10956],[-1.10455,38.10929],[-1.10452,38.10923],[-1.10404,38.10834],[-1.10387,38.10791],[-1.10391,38.10752],[-1.10402,38.10734],[-1.10425,38.107],[-1.10514,38.1062],[-1.10525,38.10597],[-1.10519,38.1055],[-1.10507,38.10513],[-1.1047,38.10481],[-1.10244,38.10418],[-1.10206,38.10392],[-1.101,38.10275],[-1.10059,38.1023],[-1.09991,38.10176],[-1.09951,38.10155],[-1.09919,38.10139],[-1.09866,38.10122],[-1.09835,38.10098],[-1.09829,38.10093],[-1.09783,38.10017],[-1.09766,38.09965],[-1.09771,38.09894],[-1.0976,38.09855],[-1.09695,38.09806],[-1.09668,38.09751],[-1.09654,38.09693],[-1.09622,38.09662],[-1.09477,38.09612],[-1.09443,38.09573],[-1.09422,38.09441],[-1.09404,38.09417],[-1.09304,38.09354],[-1.09285,38.09325],[-1.09191,38.09191],[-1.09111,38.09123],[-1.09076,38.09057],[-1.09007,38.08888],[-1.09011,38.08819],[-1.08993,38.0879],[-1.08889,38.08677],[-1.08822,38.08618],[-1.08808,38.08589],[-1.08808,38.08483],[-1.08823,38.08466],[-1.08891,38.08448],[-1.08995,38.08431],[-1.09134,38.08432],[-1.09167,38.08422],[-1.09232,38.08364],[-1.09244,38.08341],[-1.09297,38.08183],[-1.09272,38.08134],[-1.09116,38.07835],[-1.0908,38.07755],[-1.08979,38.07533],[-1.0894,38.0726],[-1.08863,38.06727],[-1.08863,38.06711],[-1.08863,38.0671],[-1.08865,38.06667],[-1.07751,38.06298],[-1.07456,38.06408],[-1.0675,38.06301],[-1.06307,38.05975],[-1.06232,38.0592],[-1.06193,38.05891],[-1.06193,38.05891],[-1.06165,38.05856],[-1.06113,38.0579],[-1.06073,38.05741],[-1.06045,38.05704],[-1.05978,38.05619],[-1.05957,38.05592],[-1.05922,38.05548],[-1.05871,38.05485],[-1.05849,38.05455],[-1.05814,38.05412],[-1.05753,38.05334],[-1.05712,38.05283],[-1.0568,38.05243],[-1.05654,38.0521],[-1.05652,38.05202],[-1.05648,38.05189],[-1.05642,38.0517],[-1.0561,38.0509],[-1.05586,38.05028],[-1.05569,38.04984],[-1.0555,38.04943],[-1.05534,38.04914],[-1.05515,38.04875],[-1.05483,38.04814],[-1.05456,38.04759],[-1.0543,38.04708],[-1.05415,38.04679],[-1.05398,38.04643],[-1.05389,38.04626],[-1.05364,38.04578],[-1.05348,38.04547],[-1.05341,38.04536],[-1.05331,38.04524],[-1.0532,38.04513],[-1.05282,38.04477],[-1.05224,38.04424],[-1.05188,38.0439],[-1.05162,38.04366],[-1.05133,38.04339],[-1.0508,38.0429],[-1.05035,38.04247],[-1.05001,38.04216],[-1.04995,38.04207],[-1.04981,38.04194],[-1.04961,38.0417],[-1.04947,38.04153],[-1.04923,38.04124],[-1.04893,38.04089],[-1.04864,38.04054],[-1.04839,38.04025],[-1.04821,38.04003],[-1.04807,38.03988],[-1.04804,38.03986],[-1.0482,38.03975],[-1.04827,38.03971],[-1.04833,38.03968],[-1.04843,38.03963],[-1.04852,38.03956],[-1.04862,38.0395],[-1.04879,38.03942],[-1.04883,38.03939],[-1.04888,38.03936],[-1.04893,38.03934],[-1.04898,38.03932],[-1.04905,38.03928],[-1.0491,38.03925],[-1.04916,38.03922],[-1.04944,38.03909],[-1.04952,38.03906],[-1.0496,38.03902],[-1.04969,38.03898],[-1.04978,38.03893],[-1.04983,38.03891],[-1.04987,38.03888],[-1.04992,38.03886],[-1.04996,38.03883],[-1.05008,38.03877],[-1.0502,38.03871],[-1.05025,38.03868],[-1.0503,38.03865],[-1.05035,38.03862],[-1.0504,38.0386],[-1.05055,38.03852],[-1.05069,38.03844],[-1.05081,38.03837],[-1.05087,38.03834],[-1.05096,38.03829],[-1.05107,38.03823],[-1.05115,38.03819],[-1.05138,38.03807],[-1.05147,38.03802],[-1.05151,38.038],[-1.05157,38.03797],[-1.05171,38.0379],[-1.05183,38.03783],[-1.05194,38.03778],[-1.052,38.03775],[-1.05218,38.03762],[-1.0527,38.03735],[-1.05276,38.03732],[-1.05322,38.03709],[-1.05345,38.03697],[-1.05366,38.03687],[-1.0539,38.03677],[-1.05413,38.03665],[-1.05455,38.03642],[-1.05468,38.03636],[-1.05503,38.03618],[-1.05514,38.03613],[-1.05532,38.03604],[-1.05557,38.03589],[-1.0563,38.03551],[-1.05636,38.03548],[-1.05653,38.0354],[-1.05685,38.03522],[-1.05718,38.03505],[-1.05733,38.03499],[-1.05761,38.03485],[-1.05791,38.03469],[-1.0584,38.03444],[-1.05914,38.03406],[-1.05953,38.03387],[-1.05976,38.03374],[-1.06006,38.03359],[-1.06034,38.03345],[-1.06048,38.03337],[-1.06075,38.0332],[-1.06081,38.03318],[-1.06109,38.03309],[-1.06128,38.03303],[-1.06138,38.03299],[-1.06149,38.03295],[-1.06159,38.03289],[-1.0617,38.03284],[-1.06178,38.03279],[-1.06188,38.03273],[-1.06197,38.03267],[-1.06204,38.03263],[-1.06209,38.03259],[-1.06217,38.03253],[-1.06222,38.0325],[-1.0623,38.03245],[-1.06234,38.03241],[-1.06238,38.03237],[-1.06243,38.03233],[-1.06248,38.03226],[-1.06254,38.03219],[-1.06263,38.03209],[-1.06275,38.03193],[-1.06279,38.03188],[-1.06285,38.03179],[-1.06292,38.03171],[-1.063,38.0316],[-1.06308,38.0315],[-1.06318,38.03137],[-1.0633,38.03122],[-1.06346,38.03102],[-1.06363,38.03081],[-1.06369,38.03074],[-1.06382,38.03059],[-1.06399,38.03037],[-1.06405,38.03028],[-1.06417,38.03013],[-1.06422,38.03006],[-1.06428,38.03],[-1.06436,38.0299],[-1.0645,38.02973],[-1.06471,38.02948],[-1.06496,38.02919],[-1.06511,38.02901],[-1.06517,38.02894],[-1.06531,38.02875],[-1.06546,38.02856],[-1.0655,38.02851],[-1.06557,38.02843],[-1.06562,38.02838],[-1.06581,38.02813],[-1.06597,38.02792],[-1.06625,38.02756],[-1.06656,38.02716],[-1.06681,38.02687],[-1.06685,38.02682],[-1.06693,38.02675],[-1.06703,38.02667],[-1.06714,38.0266],[-1.06719,38.02657],[-1.06728,38.02651],[-1.06739,38.02645],[-1.06743,38.02642],[-1.06749,38.02639],[-1.06756,38.02634],[-1.06762,38.0263],[-1.0677,38.02624],[-1.06783,38.02615],[-1.06809,38.02594],[-1.06828,38.02578],[-1.0684,38.02568],[-1.06856,38.02556],[-1.06868,38.02546],[-1.06881,38.02537],[-1.06889,38.02531],[-1.06915,38.02512],[-1.06923,38.02506],[-1.06937,38.02496],[-1.06959,38.0248],[-1.06967,38.02474],[-1.06977,38.02466],[-1.06988,38.02459],[-1.06994,38.02455],[-1.06999,38.02453],[-1.07013,38.02447],[-1.07027,38.0244],[-1.07044,38.02432],[-1.07057,38.02426],[-1.07068,38.02421],[-1.07075,38.02418],[-1.0709,38.02413],[-1.07101,38.02409],[-1.07115,38.02405],[-1.07135,38.02398],[-1.07167,38.02387],[-1.0719,38.02379],[-1.07195,38.02378],[-1.07228,38.02367],[-1.07265,38.02355],[-1.07272,38.02353],[-1.0728,38.0235],[-1.07287,38.02348],[-1.07311,38.0234],[-1.07318,38.02338],[-1.07344,38.02329],[-1.07357,38.02325],[-1.07378,38.02318],[-1.07391,38.02313],[-1.07417,38.023],[-1.07447,38.02291],[-1.07454,38.02288],[-1.07476,38.02281],[-1.07546,38.02257],[-1.07557,38.02253],[-1.07587,38.02244],[-1.07593,38.02243],[-1.07614,38.02236],[-1.07623,38.02234],[-1.0764,38.02229],[-1.07672,38.02217],[-1.07673,38.02216],[-1.07676,38.02223],[-1.07797,38.02185],[-1.07874,38.02158],[-1.08004,38.02116],[-1.08032,38.02109],[-1.08236,38.02044],[-1.08266,38.02033],[-1.08318,38.02007],[-1.08526,38.01912],[-1.08525,38.0191],[-1.08518,38.01898],[-1.08514,38.01893],[-1.08521,38.01891],[-1.08526,38.01889],[-1.08538,38.01884],[-1.0855,38.01878],[-1.08604,38.01853],[-1.08628,38.01842],[-1.08656,38.01829],[-1.08706,38.01805],[-1.08738,38.01792],[-1.08848,38.01741],[-1.08853,38.01738],[-1.08943,38.01696],[-1.08993,38.01673],[-1.09025,38.01658],[-1.09088,38.01628],[-1.09118,38.01614],[-1.09162,38.01593],[-1.0918,38.01585],[-1.0928,38.01537],[-1.09285,38.01535],[-1.09313,38.01522],[-1.09379,38.0149],[-1.09409,38.01475],[-1.09419,38.01471],[-1.09448,38.01457],[-1.0948,38.01442],[-1.09523,38.01422],[-1.09598,38.01387],[-1.09616,38.01378],[-1.09701,38.01337],[-1.09731,38.01323],[-1.09796,38.01291],[-1.09892,38.01246],[-1.10001,38.01193],[-1.10028,38.01181],[-1.10093,38.0115],[-1.10111,38.01141],[-1.1016,38.01117],[-1.102,38.01098],[-1.10205,38.01095],[-1.10213,38.01091],[-1.1026,38.01069],[-1.10277,38.01061],[-1.10291,38.01057],[-1.10302,38.01054],[-1.10312,38.01048],[-1.10325,38.01038],[-1.1034,38.01031],[-1.10345,38.01029],[-1.10352,38.01029],[-1.10361,38.01032],[-1.10864,38.00399],[-1.11075,38.00132],[-1.11126,38.00068],[-1.11128,38.00066],[-1.11133,38.0006],[-1.11138,38.00053],[-1.11316,37.99831],[-1.1133,37.99814],[-1.11335,37.99807],[-1.11345,37.99794],[-1.11353,37.99785],[-1.11355,37.99782],[-1.11358,37.99779],[-1.11372,37.99763],[-1.11376,37.99758],[-1.1138,37.99753],[-1.11387,37.99744],[-1.11399,37.9973],[-1.11416,37.99709],[-1.11422,37.99702],[-1.11432,37.9969],[-1.11446,37.99673],[-1.1145,37.99668],[-1.11461,37.99654],[-1.11475,37.99638],[-1.11481,37.9963],[-1.11489,37.9962],[-1.11501,37.99606],[-1.1151,37.99594],[-1.11528,37.99573],[-1.1153,37.9957],[-1.11531,37.99569],[-1.11534,37.99564],[-1.11552,37.9954],[-1.11564,37.99524],[-1.11575,37.99509]]]]}},{"type":"Feature","properties":{"nbhd_name":"Murcia sub-city dist. No. 3-A","uesi_id":"ESP_R2902364","nbhd_code":"ESP_R2902364_12"},"geometry":{"type":"MultiPolygon","coordinates":[[[[-1.12142,37.96912],[-1.12196,37.96901],[-1.12238,37.96885],[-1.12297,37.96875],[-1.12305,37.96867],[-1.12387,37.96834],[-1.12404,37.96831],[-1.12459,37.96809],[-1.12481,37.96811],[-1.12509,37.96806],[-1.12529,37.96808],[-1.12537,37.9681],[-1.12545,37.96812],[-1.12555,37.96812],[-1.12567,37.96813],[-1.12585,37.96813],[-1.12592,37.96816],[-1.12598,37.96819],[-1.12605,37.96819],[-1.12616,37.96813],[-1.12622,37.96811],[-1.12628,37.96809],[-1.12631,37.96809],[-1.12643,37.96808],[-1.12659,37.96804],[-1.12678,37.968],[-1.12701,37.96796],[-1.12712,37.96796],[-1.12723,37.96797],[-1.12736,37.96803],[-1.12743,37.96804],[-1.12749,37.96807],[-1.12755,37.96812],[-1.1276,37.96815],[-1.12831,37.96823],[-1.12843,37.96821],[-1.12858,37.96817],[-1.12898,37.96805],[-1.12911,37.96801],[-1.12924,37.96796],[-1.1293,37.96794],[-1.12966,37.96786],[-1.12981,37.96782],[-1.1303,37.96775],[-1.13048,37.96772],[-1.13077,37.96766],[-1.13091,37.96758],[-1.13109,37.96754],[-1.13126,37.9675],[-1.13149,37.96745],[-1.13155,37.96761],[-1.13161,37.96779],[-1.13164,37.96785],[-1.13164,37.96794],[-1.13174,37.96809],[-1.13177,37.96816],[-1.13094,37.96835],[-1.1313,37.96943],[-1.13165,37.97059],[-1.13185,37.97125],[-1.13259,37.97111],[-1.13452,37.97069],[-1.13455,37.97084],[-1.13463,37.97082],[-1.13476,37.97082],[-1.1349,37.97085],[-1.13497,37.97086],[-1.13504,37.9708],[-1.13504,37.97069],[-1.13502,37.97056],[-1.13495,37.97035],[-1.13499,37.97022],[-1.13504,37.97013],[-1.13512,37.97009],[-1.13526,37.97008],[-1.13534,37.97006],[-1.13535,37.96998],[-1.13534,37.96993],[-1.13536,37.96988],[-1.13541,37.96985],[-1.1355,37.96983],[-1.13556,37.96981],[-1.13564,37.96977],[-1.13578,37.96973],[-1.13595,37.96973],[-1.13622,37.96969],[-1.13637,37.96963],[-1.13648,37.96959],[-1.13654,37.96947],[-1.13663,37.96938],[-1.13677,37.96931],[-1.137,37.96925],[-1.13755,37.9691],[-1.13777,37.96903],[-1.13787,37.96891],[-1.13783,37.96885],[-1.13779,37.96881],[-1.13775,37.96875],[-1.13842,37.96833],[-1.13873,37.9681],[-1.13903,37.96874],[-1.13923,37.96903],[-1.13818,37.97012],[-1.13818,37.97014],[-1.13818,37.97019],[-1.13816,37.97026],[-1.13814,37.97037],[-1.13814,37.97039],[-1.13815,37.97041],[-1.13819,37.97048],[-1.13821,37.97051],[-1.13824,37.97058],[-1.13825,37.9706],[-1.13827,37.97063],[-1.13828,37.97066],[-1.1383,37.97074],[-1.1383,37.97087],[-1.13829,37.97096],[-1.13827,37.97103],[-1.13827,37.97106],[-1.13825,37.97114],[-1.13824,37.9712],[-1.13823,37.97122],[-1.13821,37.9713],[-1.13819,37.97136],[-1.13817,37.97142],[-1.13814,37.9715],[-1.13813,37.97154],[-1.13812,37.97156],[-1.13808,37.97163],[-1.13806,37.97167],[-1.13805,37.9717],[-1.13799,37.97182],[-1.13793,37.97194],[-1.13788,37.97204],[-1.13785,37.9721],[-1.1378,37.97218],[-1.13778,37.9722],[-1.13771,37.9723],[-1.13763,37.97241],[-1.13756,37.97249],[-1.13752,37.97254],[-1.13747,37.97261],[-1.13738,37.97274],[-1.13732,37.97282],[-1.13724,37.97293],[-1.13715,37.97306],[-1.13701,37.97325],[-1.13692,37.97337],[-1.1369,37.9734],[-1.13686,37.97348],[-1.13679,37.9736],[-1.13673,37.9737],[-1.13672,37.97373],[-1.13667,37.97383],[-1.13666,37.97388],[-1.13662,37.97398],[-1.13658,37.97412],[-1.13654,37.97423],[-1.13649,37.97441],[-1.13646,37.9745],[-1.13644,37.97459],[-1.13641,37.97472],[-1.13638,37.97485],[-1.13637,37.9749],[-1.13635,37.97504],[-1.13626,37.97504],[-1.13576,37.97502],[-1.13529,37.97499],[-1.13483,37.97494],[-1.13422,37.97487],[-1.1342,37.9749],[-1.13411,37.975],[-1.13404,37.97509],[-1.13354,37.97498],[-1.13345,37.97498],[-1.12888,37.97422],[-1.12829,37.97415],[-1.12733,37.97412],[-1.12719,37.97412],[-1.12511,37.97398],[-1.12414,37.97392],[-1.12396,37.9739],[-1.12306,37.97382],[-1.12307,37.97385],[-1.12311,37.97398],[-1.12318,37.97424],[-1.12336,37.97483],[-1.12346,37.9751],[-1.12356,37.97536],[-1.12362,37.97548],[-1.12364,37.97548],[-1.12371,37.97548],[-1.1238,37.97548],[-1.1241,37.97548],[-1.12443,37.97547],[-1.12475,37.97547],[-1.12514,37.97547],[-1.12527,37.97547],[-1.1256,37.97546],[-1.12579,37.97546],[-1.126,37.97546],[-1.12615,37.97543],[-1.12631,37.9754],[-1.12642,37.97538],[-1.12653,37.97537],[-1.12669,37.97536],[-1.12687,37.97534],[-1.12686,37.97538],[-1.12686,37.97549],[-1.12685,37.97567],[-1.12685,37.97579],[-1.12684,37.97592],[-1.12684,37.97604],[-1.12684,37.97613],[-1.12684,37.9762],[-1.12684,37.97633],[-1.12689,37.97635],[-1.12701,37.9764],[-1.12711,37.97644],[-1.12708,37.97649],[-1.12723,37.97653],[-1.12729,37.97659],[-1.12735,37.97665],[-1.12741,37.97674],[-1.12747,37.97684],[-1.12754,37.97696],[-1.12758,37.97704],[-1.1276,37.97707],[-1.12763,37.97711],[-1.12765,37.97716],[-1.12771,37.97725],[-1.12775,37.97732],[-1.12781,37.97743],[-1.12782,37.97746],[-1.12783,37.97751],[-1.12785,37.97755],[-1.12788,37.9776],[-1.12795,37.97772],[-1.12798,37.97774],[-1.128,37.97775],[-1.128,37.97775],[-1.128,37.97776],[-1.12802,37.9778],[-1.12805,37.97784],[-1.12811,37.97794],[-1.12813,37.97798],[-1.1282,37.9781],[-1.12756,37.97827],[-1.12744,37.97834],[-1.12735,37.9784],[-1.12627,37.97869],[-1.1263,37.97879],[-1.12631,37.97884],[-1.12641,37.97925],[-1.12645,37.97941],[-1.1265,37.9796],[-1.12651,37.97966],[-1.12654,37.97976],[-1.12658,37.97993],[-1.12662,37.98012],[-1.12664,37.9802],[-1.12669,37.98037],[-1.12669,37.98042],[-1.12671,37.98056],[-1.12675,37.98065],[-1.12679,37.98075],[-1.12682,37.98075],[-1.12684,37.98076],[-1.12693,37.98079],[-1.12697,37.98081],[-1.12703,37.98084],[-1.12712,37.98086],[-1.12712,37.98086],[-1.12687,37.98128],[-1.12618,37.98104],[-1.12574,37.98095],[-1.1253,37.98092],[-1.12477,37.98095],[-1.12446,37.981],[-1.12394,37.98109],[-1.12318,37.98123],[-1.12289,37.98126],[-1.12254,37.98129],[-1.12239,37.98133],[-1.12162,37.98148],[-1.12101,37.98159],[-1.12045,37.98168],[-1.11857,37.982],[-1.11814,37.98207],[-1.11775,37.98212],[-1.11608,37.98234],[-1.11428,37.98245],[-1.11428,37.98245],[-1.11424,37.98216],[-1.11422,37.98207],[-1.11422,37.98205],[-1.11417,37.98204],[-1.11409,37.98188],[-1.11394,37.9816],[-1.11387,37.98146],[-1.11385,37.98127],[-1.11381,37.98096],[-1.11379,37.9807],[-1.11376,37.9805],[-1.11374,37.98031],[-1.11354,37.98022],[-1.11346,37.97994],[-1.11337,37.97967],[-1.11332,37.97953],[-1.11329,37.97946],[-1.11329,37.97941],[-1.11328,37.97941],[-1.11328,37.97941],[-1.11328,37.97941],[-1.11328,37.9794],[-1.11328,37.97936],[-1.11325,37.97923],[-1.11323,37.97916],[-1.1132,37.97906],[-1.11316,37.97893],[-1.11309,37.97869],[-1.11304,37.97853],[-1.11299,37.97838],[-1.11316,37.97833],[-1.11339,37.97826],[-1.11373,37.97815],[-1.11372,37.97813],[-1.11368,37.97808],[-1.11367,37.97806],[-1.1136,37.97794],[-1.11357,37.97787],[-1.11356,37.97787],[-1.11358,37.97786],[-1.11363,37.97784],[-1.11369,37.97782],[-1.11376,37.97779],[-1.1138,37.97777],[-1.11383,37.97775],[-1.11386,37.97774],[-1.11393,37.97772],[-1.11402,37.97769],[-1.11407,37.97767],[-1.1141,37.97766],[-1.11413,37.97772],[-1.11415,37.97776],[-1.11418,37.97783],[-1.11421,37.97782],[-1.11432,37.97777],[-1.11441,37.97772],[-1.11452,37.97767],[-1.11462,37.97762],[-1.1153,37.97744],[-1.11535,37.97736],[-1.11542,37.97724],[-1.1155,37.97711],[-1.1156,37.97692],[-1.11566,37.97683],[-1.11573,37.9767],[-1.11573,37.9767],[-1.11572,37.97668],[-1.1156,37.97655],[-1.11556,37.97649],[-1.1155,37.9764],[-1.11546,37.97634],[-1.11539,37.97624],[-1.11537,37.97621],[-1.11534,37.97613],[-1.1153,37.97606],[-1.11524,37.97594],[-1.11518,37.97581],[-1.11517,37.97579],[-1.11516,37.97575],[-1.11514,37.9757],[-1.11509,37.97563],[-1.11499,37.97544],[-1.11494,37.97534],[-1.11484,37.97512],[-1.11473,37.97491],[-1.11458,37.97464],[-1.11455,37.97457],[-1.11444,37.97431],[-1.11434,37.97413],[-1.11426,37.974],[-1.11417,37.97388],[-1.11412,37.97379],[-1.114,37.97363],[-1.11394,37.97353],[-1.11383,37.97334],[-1.11375,37.9732],[-1.11374,37.97315],[-1.11374,37.9731],[-1.1138,37.97307],[-1.11388,37.97305],[-1.11397,37.97303],[-1.11404,37.97299],[-1.11406,37.97294],[-1.11404,37.97283],[-1.11401,37.97275],[-1.11429,37.97278],[-1.11486,37.97284],[-1.11542,37.9729],[-1.11611,37.97297],[-1.11693,37.97305],[-1.11712,37.97307],[-1.11747,37.9731],[-1.11796,37.97315],[-1.11815,37.97317],[-1.11899,37.97223],[-1.11953,37.97162],[-1.11961,37.97154],[-1.11908,37.97024],[-1.1192,37.97022],[-1.11936,37.97018],[-1.11965,37.97013],[-1.11995,37.97017],[-1.12023,37.97015],[-1.1206,37.9701],[-1.1209,37.97005],[-1.12083,37.96979],[-1.12077,37.96955],[-1.12101,37.96951],[-1.12097,37.96932],[-1.12117,37.9693],[-1.12142,37.96927],[-1.12142,37.96912]]]]}},{"type":"Feature","properties":{"nbhd_name":"Murcia sub-city dist. No. 3-B","uesi_id":"ESP_R2902364","nbhd_code":"ESP_R2902364_13"},"geometry":{"type":"MultiPolygon","coordinates":[[[[-1.13644,37.97459],[-1.13646,37.9745],[-1.13649,37.97441],[-1.13654,37.97423],[-1.13658,37.97412],[-1.13662,37.97398],[-1.13666,37.97388],[-1.13667,37.97383],[-1.13672,37.97373],[-1.13673,37.9737],[-1.13679,37.9736],[-1.13686,37.97348],[-1.1369,37.9734],[-1.13692,37.97337],[-1.13701,37.97325],[-1.13715,37.97306],[-1.13724,37.97293],[-1.13732,37.97282],[-1.13738,37.97274],[-1.13747,37.97261],[-1.13752,37.97254],[-1.13756,37.97249],[-1.13763,37.97241],[-1.13771,37.9723],[-1.13778,37.9722],[-1.1378,37.97218],[-1.13785,37.9721],[-1.13788,37.97204],[-1.13793,37.97194],[-1.13799,37.97182],[-1.13805,37.9717],[-1.13806,37.97167],[-1.13808,37.97163],[-1.13812,37.97156],[-1.13813,37.97154],[-1.13814,37.9715],[-1.13817,37.97142],[-1.13819,37.97136],[-1.13821,37.9713],[-1.13823,37.97122],[-1.13824,37.9712],[-1.13825,37.97114],[-1.13827,37.97106],[-1.13827,37.97103],[-1.13829,37.97096],[-1.1383,37.97087],[-1.1383,37.97074],[-1.13828,37.97066],[-1.13827,37.97063],[-1.13825,37.9706],[-1.13824,37.97058],[-1.13821,37.97051],[-1.13819,37.97048],[-1.13815,37.97041],[-1.13814,37.97039],[-1.13814,37.97037],[-1.13816,37.97026],[-1.13818,37.97019],[-1.13818,37.97014],[-1.13818,37.97012],[-1.13923,37.96903],[-1.13924,37.96905],[-1.14006,37.96811],[-1.14022,37.96824],[-1.14027,37.9684],[-1.14036,37.96872],[-1.14042,37.96898],[-1.14047,37.96917],[-1.14049,37.96923],[-1.14058,37.9693],[-1.14084,37.96892],[-1.14094,37.96879],[-1.14094,37.96879],[-1.14095,37.96879],[-1.14101,37.9688],[-1.14112,37.96884],[-1.14124,37.96889],[-1.14139,37.96895],[-1.14149,37.96903],[-1.14158,37.9691],[-1.14177,37.96926],[-1.14197,37.9694],[-1.14206,37.96942],[-1.14228,37.9694],[-1.14276,37.96934],[-1.14283,37.96936],[-1.14292,37.96943],[-1.14295,37.96945],[-1.14306,37.9695],[-1.14325,37.9695],[-1.14366,37.96947],[-1.14372,37.96948],[-1.14373,37.96958],[-1.14376,37.9698],[-1.14379,37.97001],[-1.1438,37.97011],[-1.1438,37.97026],[-1.1438,37.97052],[-1.1438,37.97075],[-1.14378,37.9709],[-1.14377,37.97094],[-1.14378,37.97107],[-1.14378,37.97121],[-1.14381,37.97154],[-1.14382,37.97174],[-1.14386,37.9719],[-1.14392,37.9722],[-1.14397,37.97247],[-1.14399,37.97257],[-1.14401,37.97274],[-1.14403,37.97296],[-1.14404,37.9732],[-1.14405,37.97337],[-1.14406,37.97352],[-1.14406,37.97354],[-1.14403,37.97361],[-1.144,37.97367],[-1.14404,37.97368],[-1.14414,37.9737],[-1.1443,37.97374],[-1.14449,37.97377],[-1.14459,37.97372],[-1.14467,37.9737],[-1.14479,37.9737],[-1.14486,37.9737],[-1.14494,37.9737],[-1.14506,37.97371],[-1.14514,37.97372],[-1.14523,37.97372],[-1.14537,37.97368],[-1.14539,37.97368],[-1.14544,37.97375],[-1.14547,37.97379],[-1.1455,37.97383],[-1.14553,37.97389],[-1.14561,37.97401],[-1.1457,37.97415],[-1.14578,37.9741],[-1.14588,37.97405],[-1.14598,37.97399],[-1.14605,37.97395],[-1.14613,37.97391],[-1.14623,37.97386],[-1.14633,37.9738],[-1.14641,37.97376],[-1.14649,37.97372],[-1.14655,37.97368],[-1.14658,37.97366],[-1.14661,37.97365],[-1.14664,37.97363],[-1.14671,37.97359],[-1.14676,37.97356],[-1.14682,37.97352],[-1.14688,37.97349],[-1.14692,37.97346],[-1.14692,37.97346],[-1.14692,37.97346],[-1.14693,37.97345],[-1.14697,37.97343],[-1.14722,37.97328],[-1.14735,37.9732],[-1.14741,37.97316],[-1.14745,37.97314],[-1.1475,37.97311],[-1.14756,37.97307],[-1.14767,37.97301],[-1.14775,37.97296],[-1.14782,37.9729],[-1.14789,37.97285],[-1.14797,37.97278],[-1.14804,37.97272],[-1.14809,37.97266],[-1.14815,37.97257],[-1.14821,37.97246],[-1.14822,37.97244],[-1.14823,37.97241],[-1.14823,37.97231],[-1.14823,37.97222],[-1.14823,37.97209],[-1.14824,37.97187],[-1.14825,37.9718],[-1.14826,37.97176],[-1.14827,37.97173],[-1.1483,37.97166],[-1.14835,37.97162],[-1.14843,37.97156],[-1.14854,37.97148],[-1.14867,37.97142],[-1.1488,37.97135],[-1.14889,37.97131],[-1.14899,37.97126],[-1.14908,37.97122],[-1.14917,37.97119],[-1.14923,37.97116],[-1.14932,37.97111],[-1.14938,37.97108],[-1.14948,37.97103],[-1.14957,37.97099],[-1.14962,37.97095],[-1.14974,37.97087],[-1.14995,37.97073],[-1.15006,37.97066],[-1.15021,37.97056],[-1.15039,37.97043],[-1.15056,37.97032],[-1.15066,37.97024],[-1.15083,37.97013],[-1.15107,37.96997],[-1.15124,37.96985],[-1.15142,37.96974],[-1.15151,37.96968],[-1.15167,37.96993],[-1.15167,37.97],[-1.15167,37.97008],[-1.15167,37.97016],[-1.15169,37.97022],[-1.15171,37.97026],[-1.15174,37.97034],[-1.15175,37.97039],[-1.15176,37.97046],[-1.15176,37.97052],[-1.15178,37.97057],[-1.1518,37.97066],[-1.15179,37.97074],[-1.1518,37.97078],[-1.15182,37.97083],[-1.15184,37.97089],[-1.15181,37.97095],[-1.15181,37.97102],[-1.15183,37.9711],[-1.15185,37.97119],[-1.15183,37.97124],[-1.15184,37.97133],[-1.15187,37.97138],[-1.1519,37.97146],[-1.1519,37.97153],[-1.15186,37.97162],[-1.15181,37.97164],[-1.15174,37.97165],[-1.15164,37.97166],[-1.15151,37.97172],[-1.15144,37.97176],[-1.15138,37.97182],[-1.15135,37.97186],[-1.15134,37.97195],[-1.1513,37.972],[-1.15123,37.97203],[-1.15119,37.97211],[-1.15119,37.97216],[-1.15119,37.97221],[-1.15114,37.97229],[-1.1511,37.97234],[-1.15103,37.97239],[-1.15097,37.97244],[-1.15089,37.9725],[-1.15079,37.97252],[-1.15074,37.97255],[-1.1507,37.9726],[-1.15065,37.97266],[-1.1506,37.9727],[-1.15054,37.97274],[-1.15044,37.97279],[-1.15033,37.97284],[-1.15027,37.97287],[-1.15021,37.97293],[-1.15024,37.97302],[-1.15023,37.97312],[-1.15018,37.97321],[-1.15014,37.9733],[-1.15015,37.97338],[-1.15015,37.97347],[-1.15014,37.97352],[-1.15013,37.97358],[-1.1501,37.97364],[-1.15007,37.97376],[-1.15005,37.97381],[-1.14998,37.9739],[-1.14995,37.97395],[-1.14993,37.974],[-1.14992,37.97416],[-1.14995,37.97422],[-1.14987,37.97445],[-1.14984,37.97452],[-1.14981,37.97467],[-1.14982,37.97469],[-1.14992,37.97491],[-1.14992,37.97503],[-1.14993,37.97511],[-1.14996,37.97518],[-1.14998,37.97524],[-1.14999,37.97535],[-1.14997,37.97542],[-1.14995,37.97549],[-1.14997,37.97559],[-1.15007,37.97575],[-1.15001,37.97627],[-1.15003,37.9766],[-1.14992,37.97662],[-1.14981,37.97666],[-1.14962,37.97666],[-1.1494,37.97664],[-1.14924,37.97647],[-1.14914,37.97637],[-1.14901,37.97634],[-1.14871,37.97632],[-1.14852,37.97631],[-1.14843,37.9763],[-1.14819,37.97626],[-1.148,37.97625],[-1.14776,37.97627],[-1.14751,37.97632],[-1.14734,37.97632],[-1.1471,37.97628],[-1.14696,37.97627],[-1.14687,37.97629],[-1.14682,37.97632],[-1.14672,37.97641],[-1.14656,37.97663],[-1.14639,37.97679],[-1.1464,37.97687],[-1.14644,37.97689],[-1.14654,37.97696],[-1.1466,37.97699],[-1.14668,37.977],[-1.1468,37.97701],[-1.14703,37.97702],[-1.14708,37.97704],[-1.14714,37.97711],[-1.14717,37.97717],[-1.14713,37.97727],[-1.14709,37.97734],[-1.14701,37.97741],[-1.14681,37.97754],[-1.14671,37.97759],[-1.14661,37.97763],[-1.14653,37.97763],[-1.14644,37.97766],[-1.14638,37.97769],[-1.14629,37.97772],[-1.14621,37.97773],[-1.14613,37.97773],[-1.14606,37.97772],[-1.14595,37.97775],[-1.14589,37.97781],[-1.14586,37.97787],[-1.14584,37.97803],[-1.14583,37.97814],[-1.14582,37.97824],[-1.14585,37.97841],[-1.14584,37.9785],[-1.14582,37.97858],[-1.14581,37.97865],[-1.14583,37.97872],[-1.14585,37.97878],[-1.14591,37.9788],[-1.14601,37.97883],[-1.14613,37.97886],[-1.14626,37.97891],[-1.14631,37.97893],[-1.14637,37.97899],[-1.1464,37.97907],[-1.14638,37.97912],[-1.14635,37.9792],[-1.14629,37.97927],[-1.14625,37.97936],[-1.14621,37.97942],[-1.14619,37.97951],[-1.14616,37.97957],[-1.1461,37.97965],[-1.14609,37.97971],[-1.14604,37.97981],[-1.14597,37.97989],[-1.14587,37.97997],[-1.14583,37.98003],[-1.14576,37.98011],[-1.14572,37.98018],[-1.14563,37.98031],[-1.14552,37.98042],[-1.14551,37.98048],[-1.14545,37.9806],[-1.14539,37.98073],[-1.1453,37.98086],[-1.14517,37.981],[-1.145,37.98115],[-1.14479,37.98129],[-1.14472,37.98134],[-1.14463,37.98145],[-1.14448,37.98169],[-1.14435,37.98162],[-1.14351,37.98112],[-1.14251,37.98047],[-1.14243,37.98042],[-1.14203,37.98009],[-1.14203,37.98009],[-1.14202,37.98008],[-1.14199,37.98006],[-1.14187,37.97996],[-1.14185,37.97993],[-1.14174,37.97979],[-1.14164,37.97966],[-1.1416,37.97961],[-1.14144,37.97944],[-1.14137,37.97936],[-1.14122,37.97925],[-1.14109,37.97915],[-1.14093,37.97903],[-1.14068,37.97884],[-1.14049,37.9787],[-1.14026,37.97852],[-1.1401,37.97841],[-1.13988,37.97826],[-1.13972,37.97814],[-1.1395,37.97818],[-1.13932,37.97822],[-1.1391,37.97835],[-1.13898,37.97842],[-1.1389,37.97851],[-1.13884,37.97858],[-1.13877,37.97866],[-1.1387,37.97874],[-1.13861,37.9788],[-1.13854,37.97886],[-1.13836,37.97898],[-1.13824,37.97906],[-1.13816,37.97907],[-1.13803,37.97909],[-1.13794,37.97911],[-1.13774,37.97913],[-1.13769,37.97914],[-1.13764,37.97915],[-1.13734,37.97921],[-1.13722,37.97925],[-1.1372,37.97922],[-1.13718,37.97918],[-1.13717,37.97918],[-1.13717,37.97918],[-1.13712,37.97919],[-1.13685,37.97925],[-1.13671,37.97928],[-1.13656,37.97932],[-1.1365,37.97933],[-1.13619,37.97946],[-1.13575,37.97963],[-1.13565,37.97972],[-1.1355,37.97986],[-1.13533,37.97999],[-1.13527,37.98005],[-1.13505,37.98032],[-1.13499,37.98039],[-1.13486,37.98058],[-1.13475,37.98073],[-1.13462,37.98101],[-1.13446,37.98134],[-1.13441,37.98146],[-1.13438,37.98151],[-1.13429,37.98169],[-1.1339,37.98213],[-1.13346,37.98249],[-1.13318,37.98264],[-1.13264,37.98258],[-1.13249,37.98259],[-1.13156,37.98268],[-1.13156,37.98268],[-1.13156,37.9827],[-1.13159,37.98276],[-1.13163,37.98288],[-1.13166,37.98296],[-1.13167,37.98299],[-1.13168,37.98302],[-1.13168,37.98304],[-1.13168,37.98304],[-1.13165,37.98304],[-1.13131,37.98278],[-1.13108,37.98263],[-1.13078,37.98249],[-1.13053,37.98242],[-1.1301,37.98232],[-1.12975,37.98225],[-1.12941,37.98223],[-1.12902,37.98219],[-1.12882,37.98216],[-1.12846,37.98203],[-1.12793,37.98178],[-1.12793,37.98178],[-1.12779,37.98171],[-1.12711,37.9814],[-1.12687,37.98128],[-1.12712,37.98086],[-1.12712,37.98086],[-1.12703,37.98084],[-1.12697,37.98081],[-1.12693,37.98079],[-1.12684,37.98076],[-1.12682,37.98075],[-1.12679,37.98075],[-1.12675,37.98065],[-1.12671,37.98056],[-1.12669,37.98042],[-1.12669,37.98037],[-1.12664,37.9802],[-1.12662,37.98012],[-1.12658,37.97993],[-1.12654,37.97976],[-1.12651,37.97966],[-1.1265,37.9796],[-1.12645,37.97941],[-1.12641,37.97925],[-1.12631,37.97884],[-1.1263,37.97879],[-1.12627,37.97869],[-1.12735,37.9784],[-1.12744,37.97834],[-1.12756,37.97827],[-1.1282,37.9781],[-1.12813,37.97798],[-1.12811,37.97794],[-1.12805,37.97784],[-1.12802,37.9778],[-1.128,37.97776],[-1.128,37.97775],[-1.128,37.97775],[-1.12798,37.97774],[-1.12795,37.97772],[-1.12788,37.9776],[-1.12785,37.97755],[-1.12783,37.97751],[-1.12782,37.97746],[-1.12781,37.97743],[-1.12775,37.97732],[-1.12771,37.97725],[-1.12765,37.97716],[-1.12763,37.97711],[-1.1276,37.97707],[-1.12758,37.97704],[-1.12754,37.97696],[-1.12747,37.97684],[-1.12741,37.97674],[-1.12735,37.97665],[-1.12729,37.97659],[-1.12723,37.97653],[-1.12708,37.97649],[-1.12711,37.97644],[-1.12701,37.9764],[-1.12689,37.97635],[-1.12684,37.97633],[-1.12684,37.9762],[-1.12684,37.97613],[-1.12684,37.97604],[-1.12684,37.97592],[-1.12685,37.97579],[-1.12685,37.97567],[-1.12686,37.97549],[-1.12686,37.97538],[-1.12687,37.97534],[-1.12669,37.97536],[-1.12653,37.97537],[-1.12642,37.97538],[-1.12631,37.9754],[-1.12615,37.97543],[-1.126,37.97546],[-1.12579,37.97546],[-1.1256,37.97546],[-1.12527,37.97547],[-1.12514,37.97547],[-1.12475,37.97547],[-1.12443,37.97547],[-1.1241,37.97548],[-1.1238,37.97548],[-1.12371,37.97548],[-1.12364,37.97548],[-1.12362,37.97548],[-1.12356,37.97536],[-1.12346,37.9751],[-1.12336,37.97483],[-1.12318,37.97424],[-1.12311,37.97398],[-1.12307,37.97385],[-1.12306,37.97382],[-1.12396,37.9739],[-1.12414,37.97392],[-1.12511,37.97398],[-1.12719,37.97412],[-1.12733,37.97412],[-1.12829,37.97415],[-1.12888,37.97422],[-1.13345,37.97498],[-1.13354,37.97498],[-1.13404,37.97509],[-1.13411,37.975],[-1.1342,37.9749],[-1.13422,37.97487],[-1.13483,37.97494],[-1.13529,37.97499],[-1.13576,37.97502],[-1.13626,37.97504],[-1.13635,37.97504],[-1.13637,37.9749],[-1.13638,37.97485],[-1.13641,37.97472],[-1.13644,37.97459]]]]}},{"type":"Feature","properties":{"nbhd_name":"Murcia sub-city dist. No. 8","uesi_id":"ESP_R2902364","nbhd_code":"ESP_R2902364_14"},"geometry":{"type":"MultiPolygon","coordinates":[[[[-1.05222,37.72357],[-1.05223,37.72357],[-1.05337,37.7235],[-1.05431,37.72327],[-1.05468,37.72317],[-1.05468,37.72317],[-1.05962,37.7206],[-1.05979,37.72005],[-1.06601,37.71728],[-1.06752,37.71703],[-1.06993,37.71708],[-1.07222,37.71713],[-1.08043,37.71666],[-1.08141,37.71652],[-1.08143,37.71652],[-1.08415,37.71602],[-1.08456,37.71601],[-1.08456,37.71601],[-1.08503,37.71809],[-1.08581,37.72003],[-1.08718,37.7222],[-1.08764,37.72312],[-1.08869,37.7257],[-1.08907,37.72651],[-1.09083,37.73031],[-1.09326,37.7357],[-1.09414,37.73676],[-1.09649,37.74018],[-1.09664,37.74054],[-1.09662,37.74079],[-1.09393,37.74244],[-1.09201,37.74353],[-1.09104,37.74436],[-1.09034,37.74495],[-1.0895,37.74543],[-1.08821,37.74595],[-1.08638,37.74651],[-1.0858,37.74678],[-1.08475,37.74748],[-1.08331,37.74879],[-1.08211,37.74951],[-1.08134,37.75006],[-1.07919,37.75118],[-1.07868,37.75146],[-1.07789,37.75203],[-1.07746,37.75242],[-1.07266,37.75534],[-1.07016,37.75665],[-1.06845,37.75747],[-1.0677,37.75792],[-1.06576,37.75927],[-1.06508,37.75955],[-1.06454,37.75978],[-1.06333,37.76002],[-1.0625,37.75747],[-1.06212,37.75681],[-1.06,37.75009],[-1.06,37.75006],[-1.05729,37.74224],[-1.05211,37.72727],[-1.05083,37.72357],[-1.05152,37.72357],[-1.05222,37.72357]]],[[[-1.02228,37.83188],[-1.0219,37.8301],[-1.02186,37.82994],[-1.02178,37.82918],[-1.02212,37.82763],[-1.02248,37.82646],[-1.0229,37.82545],[-1.02292,37.82486],[-1.02312,37.82412],[-1.02333,37.82375],[-1.02373,37.82271],[-1.02413,37.82218],[-1.02419,37.82181],[-1.02454,37.82128],[-1.02475,37.82107],[-1.02535,37.82065],[-1.02556,37.8204],[-1.02631,37.81925],[-1.02693,37.81845],[-1.02775,37.8177],[-1.02782,37.81743],[-1.0282,37.81684],[-1.02856,37.81658],[-1.02918,37.81633],[-1.02948,37.81611],[-1.02985,37.81583],[-1.0301,37.81571],[-1.03032,37.8156],[-1.03058,37.81541],[-1.03118,37.81451],[-1.03143,37.8143],[-1.03251,37.81367],[-1.03442,37.81232],[-1.03453,37.81223],[-1.03453,37.81223],[-1.03493,37.8119],[-1.03717,37.81095],[-1.03739,37.81099],[-1.03788,37.81118],[-1.03823,37.81095],[-1.03836,37.8108],[-1.03838,37.81053],[-1.03832,37.81033],[-1.03839,37.81017],[-1.03907,37.80979],[-1.03938,37.80968],[-1.04001,37.80966],[-1.04028,37.80953],[-1.04078,37.80909],[-1.04104,37.80948],[-1.04123,37.80964],[-1.04137,37.80969],[-1.04344,37.80947],[-1.04483,37.80903],[-1.04543,37.80868],[-1.04633,37.80804],[-1.047,37.80747],[-1.04734,37.80709],[-1.04747,37.80678],[-1.04876,37.8058],[-1.04929,37.80534],[-1.0506,37.80398],[-1.05102,37.80368],[-1.05197,37.80332],[-1.05253,37.80325],[-1.05382,37.80292],[-1.05433,37.80257],[-1.05497,37.80224],[-1.05595,37.80185],[-1.05725,37.80126],[-1.05756,37.80104],[-1.05835,37.8005],[-1.05969,37.79911],[-1.06643,37.79383],[-1.06684,37.79293],[-1.07312,37.78733],[-1.07491,37.78679],[-1.07528,37.78664],[-1.07557,37.78638],[-1.07575,37.78606],[-1.07572,37.78583],[-1.07373,37.78188],[-1.07359,37.78178],[-1.07352,37.78087],[-1.07327,37.78051],[-1.07292,37.77873],[-1.07086,37.77423],[-1.07092,37.77423],[-1.07204,37.77412],[-1.07413,37.77364],[-1.08037,37.7732],[-1.08038,37.7732],[-1.08139,37.77348],[-1.08273,37.77429],[-1.08291,37.77464],[-1.08314,37.77491],[-1.08451,37.77624],[-1.08478,37.77663],[-1.08483,37.77684],[-1.08488,37.7768],[-1.08641,37.77566],[-1.08644,37.77567],[-1.08747,37.77622],[-1.0881,37.77644],[-1.08984,37.77702],[-1.0902,37.77717],[-1.09572,37.78067],[-1.09595,37.78077],[-1.09597,37.78076],[-1.09612,37.7807],[-1.09666,37.78009],[-1.0976,37.77948],[-1.09805,37.77909],[-1.09905,37.77784],[-1.09916,37.77759],[-1.09908,37.77701],[-1.09939,37.77668],[-1.10028,37.77486],[-1.10076,37.7737],[-1.10201,37.77366],[-1.10202,37.77367],[-1.1033,37.77386],[-1.10334,37.77386],[-1.10378,37.77385],[-1.10379,37.77385],[-1.10438,37.77393],[-1.10476,37.77403],[-1.10543,37.77446],[-1.10547,37.77445],[-1.10637,37.77419],[-1.10641,37.7742],[-1.10666,37.77423],[-1.10666,37.77422],[-1.10682,37.77298],[-1.10727,37.77253],[-1.10781,37.77223],[-1.10786,37.77223],[-1.10869,37.77237],[-1.10869,37.77236],[-1.10924,37.77192],[-1.10985,37.77132],[-1.1098,37.77076],[-1.10986,37.77055],[-1.11003,37.77036],[-1.11115,37.76958],[-1.11161,37.76936],[-1.11224,37.76917],[-1.11287,37.76908],[-1.11338,37.76894],[-1.11388,37.76862],[-1.11391,37.76863],[-1.11425,37.7688],[-1.11449,37.76885],[-1.1145,37.76884],[-1.1151,37.76863],[-1.11636,37.76826],[-1.11761,37.76819],[-1.11805,37.76811],[-1.11852,37.76794],[-1.11899,37.76768],[-1.12009,37.76687],[-1.12052,37.76649],[-1.12675,37.76334],[-1.12676,37.7625],[-1.12688,37.76189],[-1.12753,37.76023],[-1.12763,37.75867],[-1.12741,37.75747],[-1.12746,37.75677],[-1.1276,37.75652],[-1.12808,37.75599],[-1.129,37.75569],[-1.12961,37.7556],[-1.13077,37.75554],[-1.13242,37.75525],[-1.13462,37.75467],[-1.13557,37.75415],[-1.13599,37.75399],[-1.1369,37.75368],[-1.13794,37.7532],[-1.13826,37.75294],[-1.13831,37.75292],[-1.13913,37.75258],[-1.13945,37.75236],[-1.14047,37.75183],[-1.14098,37.75169],[-1.14163,37.75162],[-1.14208,37.75163],[-1.14436,37.75391],[-1.1444,37.75438],[-1.1445,37.75534],[-1.14472,37.75603],[-1.145,37.75666],[-1.14535,37.75713],[-1.14619,37.75802],[-1.14745,37.75906],[-1.14806,37.75938],[-1.15045,37.76081],[-1.15114,37.76135],[-1.15152,37.76153],[-1.15309,37.762],[-1.15328,37.76212],[-1.15345,37.76232],[-1.15383,37.7632],[-1.15394,37.76383],[-1.15404,37.76411],[-1.15425,37.76435],[-1.15521,37.76496],[-1.15538,37.76526],[-1.15541,37.76602],[-1.15535,37.76652],[-1.15548,37.76693],[-1.15566,37.76715],[-1.15599,37.76738],[-1.15621,37.76764],[-1.15649,37.7687],[-1.15669,37.76897],[-1.15703,37.7692],[-1.15771,37.76957],[-1.15905,37.77004],[-1.15972,37.76996],[-1.16028,37.77018],[-1.16066,37.77045],[-1.16098,37.77087],[-1.16118,37.771],[-1.1615,37.77105],[-1.1617,37.77114],[-1.16204,37.77137],[-1.16219,37.77162],[-1.16233,37.77235],[-1.16244,37.77248],[-1.1639,37.77295],[-1.16424,37.77314],[-1.16437,37.77339],[-1.16438,37.774],[-1.16445,37.77425],[-1.16502,37.77459],[-1.1651,37.77464],[-1.16412,37.77616],[-1.16373,37.77645],[-1.16362,37.77732],[-1.16024,37.78942],[-1.16148,37.7906],[-1.16443,37.79337],[-1.17004,37.79755],[-1.17304,37.79944],[-1.1738,37.79973],[-1.17432,37.80001],[-1.17532,37.8004],[-1.17644,37.80066],[-1.17691,37.801],[-1.17787,37.80215],[-1.17818,37.80253],[-1.17853,37.80304],[-1.17877,37.80353],[-1.17927,37.80411],[-1.17957,37.80432],[-1.18079,37.80489],[-1.18155,37.80569],[-1.18194,37.80595],[-1.18244,37.80612],[-1.18316,37.80629],[-1.1834,37.80643],[-1.18373,37.80677],[-1.18391,37.80716],[-1.18405,37.80747],[-1.18413,37.8079],[-1.18422,37.80844],[-1.18438,37.8088],[-1.18483,37.80931],[-1.18536,37.80957],[-1.18566,37.80956],[-1.18678,37.81051],[-1.18749,37.81217],[-1.18759,37.81221],[-1.18839,37.81169],[-1.19049,37.81011],[-1.19288,37.80897],[-1.19338,37.80868],[-1.19573,37.80659],[-1.19733,37.80556],[-1.19745,37.80549],[-1.19809,37.80457],[-1.19868,37.80399],[-1.19969,37.80366],[-1.20619,37.80153],[-1.21077,37.80002],[-1.21668,37.80167],[-1.21924,37.80247],[-1.22454,37.80381],[-1.21767,37.80922],[-1.21797,37.8095],[-1.21869,37.81045],[-1.21916,37.81134],[-1.2193,37.81173],[-1.21925,37.81276],[-1.21992,37.81346],[-1.22049,37.81397],[-1.22094,37.81453],[-1.22115,37.81493],[-1.22118,37.81575],[-1.2221,37.81717],[-1.22216,37.81748],[-1.2225,37.8179],[-1.22303,37.81831],[-1.22392,37.81882],[-1.2243,37.81913],[-1.22452,37.81946],[-1.22468,37.81998],[-1.22493,37.82034],[-1.22533,37.82045],[-1.22591,37.82071],[-1.22635,37.82099],[-1.22662,37.82198],[-1.228,37.823],[-1.22842,37.82321],[-1.22863,37.8234],[-1.22866,37.82366],[-1.22883,37.824],[-1.22914,37.82432],[-1.22968,37.82453],[-1.23098,37.82638],[-1.2318,37.82707],[-1.23206,37.82763],[-1.23226,37.82779],[-1.23235,37.82786],[-1.23286,37.82799],[-1.23336,37.82835],[-1.23389,37.82859],[-1.23419,37.82873],[-1.23496,37.82909],[-1.23554,37.82929],[-1.23823,37.82998],[-1.24048,37.83018],[-1.24233,37.83045],[-1.24312,37.83067],[-1.24661,37.8321],[-1.24755,37.83209],[-1.24816,37.83215],[-1.24869,37.83233],[-1.24916,37.8326],[-1.24939,37.8334],[-1.24941,37.83345],[-1.24911,37.83508],[-1.24932,37.83528],[-1.25019,37.83571],[-1.2514,37.83643],[-1.25226,37.83705],[-1.25496,37.83947],[-1.2555,37.84006],[-1.25596,37.84089],[-1.25675,37.84175],[-1.25775,37.84254],[-1.2588,37.84398],[-1.25936,37.84462],[-1.26032,37.84606],[-1.26065,37.84638],[-1.2613,37.84677],[-1.26282,37.8475],[-1.26343,37.8476],[-1.26696,37.8478],[-1.2677,37.84795],[-1.26855,37.84823],[-1.26682,37.84843],[-1.26571,37.84867],[-1.26366,37.84933],[-1.26175,37.8502],[-1.25959,37.85172],[-1.25802,37.85304],[-1.2557,37.85479],[-1.25371,37.85621],[-1.2506,37.85824],[-1.24828,37.85954],[-1.24603,37.86084],[-1.24334,37.86221],[-1.24049,37.86396],[-1.23861,37.86487],[-1.23546,37.86618],[-1.23303,37.8672],[-1.23058,37.86794],[-1.22995,37.86798],[-1.22787,37.86808],[-1.22583,37.86827],[-1.22528,37.86846],[-1.22419,37.86857],[-1.22355,37.86868],[-1.2218,37.86865],[-1.22116,37.86865],[-1.21977,37.86885],[-1.21897,37.86926],[-1.21853,37.86948],[-1.21797,37.86966],[-1.21717,37.86979],[-1.21644,37.86986],[-1.2158,37.87018],[-1.21476,37.87054],[-1.21364,37.87089],[-1.21266,37.87123],[-1.21219,37.87151],[-1.21182,37.87171],[-1.21139,37.87221],[-1.21092,37.87259],[-1.21053,37.87294],[-1.21012,37.87311],[-1.20766,37.87162],[-1.20701,37.87147],[-1.20552,37.87202],[-1.20217,37.87281],[-1.20005,37.87367],[-1.19718,37.87419],[-1.19589,37.87453],[-1.19433,37.87496],[-1.19282,37.87538],[-1.19272,37.87545],[-1.19115,37.87644],[-1.18619,37.87848],[-1.18577,37.87865],[-1.18367,37.87951],[-1.18231,37.88035],[-1.18065,37.88175],[-1.17789,37.88405],[-1.17622,37.88604],[-1.17578,37.88674],[-1.17515,37.88775],[-1.17243,37.89089],[-1.1721,37.89096],[-1.172,37.89116],[-1.1719,37.89134],[-1.1718,37.89157],[-1.1716,37.8918],[-1.17144,37.89197],[-1.17137,37.89202],[-1.17111,37.89205],[-1.17085,37.8921],[-1.17057,37.89215],[-1.17016,37.89218],[-1.16985,37.89221],[-1.16944,37.89227],[-1.16908,37.89232],[-1.16873,37.89241],[-1.16847,37.89248],[-1.16823,37.89255],[-1.16797,37.89264],[-1.16782,37.8927],[-1.16762,37.89282],[-1.16741,37.89288],[-1.16715,37.89297],[-1.16703,37.89304],[-1.16685,37.89316],[-1.16683,37.89324],[-1.16703,37.89361],[-1.16718,37.8941],[-1.16724,37.89517],[-1.16699,37.89553],[-1.16651,37.89591],[-1.16645,37.89595],[-1.16545,37.89654],[-1.16408,37.89717],[-1.16,37.89823],[-1.15911,37.89834],[-1.15668,37.89865],[-1.1517,37.89929],[-1.14817,37.89968],[-1.14432,37.89985],[-1.14371,37.89988],[-1.14238,37.90012],[-1.14201,37.90051],[-1.14143,37.9006],[-1.14051,37.90013],[-1.14001,37.89991],[-1.13963,37.89982],[-1.13876,37.90016],[-1.13825,37.9007],[-1.13778,37.90121],[-1.137,37.90159],[-1.13654,37.90155],[-1.1361,37.90153],[-1.13472,37.90136],[-1.13423,37.90127],[-1.1335,37.90196],[-1.13162,37.9025],[-1.13025,37.90336],[-1.13003,37.90344],[-1.1295,37.90378],[-1.12874,37.90433],[-1.12797,37.90472],[-1.12634,37.90501],[-1.12465,37.90463],[-1.12357,37.90422],[-1.12268,37.90395],[-1.12119,37.90416],[-1.12071,37.90457],[-1.12042,37.90504],[-1.12026,37.9055],[-1.12001,37.90658],[-1.1197,37.90796],[-1.11949,37.90848],[-1.11907,37.90908],[-1.11731,37.90957],[-1.11468,37.91021],[-1.11249,37.91053],[-1.11175,37.91063],[-1.11096,37.91069],[-1.10971,37.91062],[-1.10748,37.91032],[-1.10379,37.9098],[-1.09969,37.90957],[-1.09811,37.90944],[-1.0949,37.90894],[-1.09452,37.90894],[-1.08982,37.90902],[-1.08537,37.90929],[-1.08464,37.90936],[-1.08378,37.90944],[-1.08188,37.90981],[-1.08089,37.91009],[-1.07983,37.91002],[-1.0787,37.91007],[-1.07805,37.91025],[-1.07721,37.91068],[-1.07672,37.9109],[-1.07569,37.91082],[-1.07496,37.91075],[-1.07272,37.9109],[-1.0726,37.91091],[-1.07035,37.91103],[-1.06899,37.91111],[-1.06773,37.91147],[-1.06477,37.91233],[-1.06032,37.91321],[-1.05755,37.91418],[-1.05466,37.91471],[-1.05377,37.91503],[-1.05115,37.91579],[-1.0471,37.91697],[-1.04258,37.91912],[-1.03857,37.9205],[-1.03396,37.92139],[-1.03049,37.92216],[-1.02914,37.92279],[-1.02822,37.92334],[-1.02668,37.92405],[-1.02502,37.92426],[-1.02338,37.92441],[-1.02251,37.92426],[-1.01939,37.9236],[-1.01598,37.92264],[-1.01294,37.92164],[-1.0114,37.92156],[-1.01005,37.9211],[-1.00696,37.9195],[-1.00605,37.91899],[-1.00539,37.91917],[-1.00423,37.91948],[-1.00413,37.91943],[-0.99027,37.92314],[-0.9885,37.92359],[-0.98736,37.92397],[-0.98486,37.9244],[-0.98157,37.9249],[-0.98096,37.92437],[-0.97899,37.9234],[-0.97727,37.92282],[-0.96637,37.9181],[-0.96669,37.91854],[-0.96671,37.91884],[-0.96674,37.91912],[-0.96668,37.91976],[-0.96649,37.92018],[-0.96612,37.9203],[-0.9658,37.92047],[-0.96544,37.92064],[-0.96521,37.92098],[-0.96505,37.9213],[-0.96479,37.9215],[-0.96469,37.92156],[-0.96442,37.92173],[-0.96425,37.92206],[-0.96417,37.9223],[-0.96377,37.92237],[-0.96335,37.92259],[-0.96309,37.92283],[-0.96271,37.92294],[-0.96172,37.92317],[-0.96042,37.92546],[-0.95902,37.92796],[-0.95799,37.92983],[-0.95633,37.93189],[-0.95465,37.93317],[-0.9534,37.93436],[-0.95251,37.93558],[-0.95196,37.93677],[-0.95121,37.93839],[-0.95066,37.93923],[-0.94962,37.9402],[-0.94785,37.9417],[-0.94475,37.94413],[-0.94338,37.94539],[-0.94208,37.94671],[-0.94089,37.94805],[-0.93984,37.949],[-0.93894,37.94961],[-0.93796,37.9502],[-0.93699,37.95063],[-0.93569,37.95093],[-0.9345,37.95141],[-0.93291,37.95201],[-0.932,37.95279],[-0.93125,37.95372],[-0.93083,37.9546],[-0.93075,37.95564],[-0.93108,37.96162],[-0.93117,37.96316],[-0.92236,37.94647],[-0.92119,37.94424],[-0.90018,37.92313],[-0.89288,37.91673],[-0.85722,37.88522],[-0.85425,37.88427],[-0.85347,37.88366],[-0.85131,37.88175],[-0.8518,37.88138],[-0.8524,37.88081],[-0.85325,37.88025],[-0.85316,37.87913],[-0.85303,37.87884],[-0.85268,37.8785],[-0.85221,37.87822],[-0.85207,37.87808],[-0.85198,37.87786],[-0.8519,37.87701],[-0.85121,37.87538],[-0.85089,37.87343],[-0.85099,37.87249],[-0.85153,37.87062],[-0.85168,37.87002],[-0.85298,37.86787],[-0.85341,37.86706],[-0.85405,37.86536],[-0.85425,37.8647],[-0.85481,37.86477],[-0.85581,37.86476],[-0.85733,37.86484],[-0.8581,37.86479],[-0.85973,37.86458],[-0.86028,37.8647],[-0.86116,37.8648],[-0.86236,37.86476],[-0.86282,37.86503],[-0.86299,37.86509],[-0.86415,37.86464],[-0.86533,37.8643],[-0.86598,37.86399],[-0.86665,37.86358],[-0.86859,37.86207],[-0.87163,37.86039],[-0.87323,37.85939],[-0.87375,37.85886],[-0.87434,37.85775],[-0.87543,37.85633],[-0.87667,37.85494],[-0.8787,37.85343],[-0.87916,37.85321],[-0.88125,37.85172],[-0.88146,37.85156],[-0.88191,37.85124],[-0.88229,37.85083],[-0.88261,37.85067],[-0.88487,37.84976],[-0.88592,37.84913],[-0.88667,37.84905],[-0.88809,37.84908],[-0.89002,37.8492],[-0.89103,37.84935],[-0.89303,37.84977],[-0.89321,37.8498],[-0.89475,37.84993],[-0.89496,37.8499],[-0.89783,37.84898],[-0.89896,37.84851],[-0.90097,37.84796],[-0.90122,37.84785],[-0.90304,37.84654],[-0.90375,37.84617],[-0.90557,37.84533],[-0.90904,37.84415],[-0.91112,37.84331],[-0.91184,37.84303],[-0.91199,37.84297],[-0.91223,37.84288],[-0.9138,37.84159],[-0.91447,37.84098],[-0.91477,37.84063],[-0.91571,37.83972],[-0.9167,37.83875],[-0.91732,37.83829],[-0.91809,37.83795],[-0.91908,37.83685],[-0.92027,37.83679],[-0.92071,37.83616],[-0.92157,37.83668],[-0.9287,37.8334],[-0.93687,37.8305],[-0.93701,37.83094],[-0.94157,37.82951],[-0.94447,37.8286],[-0.94543,37.8287],[-0.94728,37.82887],[-0.94853,37.82899],[-0.95518,37.8281],[-0.95852,37.82746],[-0.9649,37.82615],[-0.96719,37.82562],[-0.96804,37.82543],[-0.9739,37.82398],[-0.97426,37.82389],[-0.97504,37.82396],[-0.97647,37.82392],[-0.97731,37.82388],[-0.98006,37.82344],[-0.98231,37.82313],[-0.98284,37.82396],[-0.98305,37.82429],[-0.98324,37.82472],[-0.98328,37.82509],[-0.98331,37.82607],[-0.98347,37.82684],[-0.9842,37.82855],[-0.98463,37.82927],[-0.98493,37.82957],[-0.98557,37.8305],[-0.98578,37.8308],[-0.9867,37.83187],[-0.98708,37.83242],[-0.98751,37.83339],[-0.98781,37.8338],[-0.98987,37.8378],[-0.99088,37.83907],[-0.9915,37.83952],[-0.99195,37.83993],[-0.99224,37.84027],[-0.99328,37.84191],[-0.99389,37.84267],[-0.99603,37.84489],[-0.99858,37.84727],[-0.99935,37.84788],[-1.00043,37.84857],[-1.00162,37.84923],[-1.00254,37.84834],[-1.00331,37.84748],[-1.00372,37.84713],[-1.00504,37.84547],[-1.00569,37.84482],[-1.00609,37.84443],[-1.00678,37.84398],[-1.00868,37.84287],[-1.01031,37.84221],[-1.01255,37.84167],[-1.01344,37.84128],[-1.01578,37.83978],[-1.0165,37.8394],[-1.01702,37.83903],[-1.01717,37.83892],[-1.01771,37.83843],[-1.01827,37.83784],[-1.01882,37.83727],[-1.01957,37.83625],[-1.02092,37.83485],[-1.02092,37.83484],[-1.02152,37.83364],[-1.02166,37.83337],[-1.02189,37.83298],[-1.02228,37.83188]]]]}},{"type":"Feature","properties":{"nbhd_name":"Murcia sub-city dist. No. 2-B","uesi_id":"ESP_R2902364","nbhd_code":"ESP_R2902364_15"},"geometry":{"type":"MultiPolygon","coordinates":[[[[-1.12711,37.9814],[-1.12779,37.98171],[-1.12793,37.98178],[-1.12793,37.98178],[-1.12846,37.98203],[-1.12882,37.98216],[-1.12902,37.98219],[-1.12941,37.98223],[-1.12975,37.98225],[-1.1301,37.98232],[-1.13053,37.98242],[-1.13078,37.98249],[-1.13108,37.98263],[-1.13131,37.98278],[-1.13165,37.98304],[-1.13168,37.98304],[-1.13168,37.98304],[-1.13168,37.98305],[-1.13168,37.98306],[-1.13168,37.98306],[-1.13168,37.98309],[-1.13171,37.98365],[-1.13182,37.98431],[-1.13182,37.98431],[-1.13182,37.98431],[-1.13192,37.98496],[-1.13195,37.98507],[-1.13198,37.98526],[-1.13201,37.98546],[-1.13205,37.98569],[-1.13206,37.98577],[-1.1321,37.98602],[-1.13212,37.98612],[-1.13216,37.9864],[-1.13217,37.98647],[-1.13217,37.98655],[-1.13218,37.98659],[-1.13218,37.98673],[-1.13218,37.98707],[-1.13218,37.98707],[-1.13217,37.98715],[-1.13217,37.98731],[-1.13217,37.98738],[-1.13217,37.98738],[-1.13217,37.98738],[-1.13217,37.98745],[-1.13217,37.98761],[-1.13217,37.98776],[-1.13217,37.98784],[-1.13217,37.98784],[-1.13217,37.98784],[-1.13217,37.98791],[-1.13217,37.98796],[-1.13217,37.98802],[-1.13218,37.9881],[-1.13218,37.98818],[-1.13218,37.98819],[-1.13217,37.98834],[-1.13217,37.98844],[-1.13217,37.98858],[-1.13217,37.98867],[-1.13216,37.98874],[-1.13216,37.9888],[-1.13216,37.98888],[-1.13216,37.98895],[-1.13216,37.98901],[-1.13216,37.98903],[-1.13215,37.98902],[-1.13213,37.98907],[-1.13207,37.98916],[-1.13202,37.98925],[-1.132,37.9893],[-1.132,37.98932],[-1.132,37.98933],[-1.132,37.98933],[-1.132,37.98933],[-1.13193,37.98946],[-1.13161,37.99008],[-1.13158,37.99015],[-1.13153,37.99024],[-1.13149,37.99033],[-1.13144,37.99043],[-1.13141,37.99051],[-1.13139,37.99055],[-1.13136,37.99061],[-1.13131,37.99071],[-1.13127,37.99079],[-1.13125,37.99083],[-1.13118,37.99098],[-1.13112,37.9911],[-1.13109,37.99116],[-1.13102,37.99131],[-1.131,37.99133],[-1.13099,37.99137],[-1.13097,37.99141],[-1.13096,37.99143],[-1.13093,37.99149],[-1.1309,37.99156],[-1.13088,37.99161],[-1.13088,37.99161],[-1.13085,37.99161],[-1.13071,37.99157],[-1.13057,37.99156],[-1.1304,37.99157],[-1.13038,37.99148],[-1.13037,37.9914],[-1.13036,37.99136],[-1.13026,37.9908],[-1.13024,37.99073],[-1.13019,37.99047],[-1.13009,37.98994],[-1.13002,37.98956],[-1.13001,37.98952],[-1.12994,37.98953],[-1.12975,37.98955],[-1.12951,37.98957],[-1.12916,37.98961],[-1.12899,37.98963],[-1.12872,37.98966],[-1.12849,37.98969],[-1.12848,37.98969],[-1.12848,37.98969],[-1.12838,37.9897],[-1.12767,37.98978],[-1.12748,37.9898],[-1.12748,37.98979],[-1.12747,37.98978],[-1.12744,37.98978],[-1.12743,37.98973],[-1.12739,37.98964],[-1.12736,37.98957],[-1.12736,37.98955],[-1.12733,37.98948],[-1.1273,37.98941],[-1.12729,37.98938],[-1.12726,37.98931],[-1.12723,37.98923],[-1.12723,37.9892],[-1.12722,37.98914],[-1.12722,37.98913],[-1.12722,37.98911],[-1.12722,37.98906],[-1.12721,37.98901],[-1.1272,37.98891],[-1.12719,37.98881],[-1.12718,37.98871],[-1.12717,37.98862],[-1.12717,37.9886],[-1.12716,37.98857],[-1.12716,37.98855],[-1.12714,37.98839],[-1.12713,37.98824],[-1.12712,37.98815],[-1.12712,37.98809],[-1.1267,37.98814],[-1.12654,37.98818],[-1.12514,37.98831],[-1.12488,37.98833],[-1.12482,37.98821],[-1.12463,37.98776],[-1.12459,37.98767],[-1.12451,37.98749],[-1.12449,37.98746],[-1.12375,37.98766],[-1.12366,37.9875],[-1.12328,37.98683],[-1.12318,37.98665],[-1.12303,37.98676],[-1.12291,37.98685],[-1.12239,37.98719],[-1.12232,37.98723],[-1.12198,37.98745],[-1.12185,37.98751],[-1.12177,37.98752],[-1.12155,37.98753],[-1.12119,37.98754],[-1.12023,37.98758],[-1.12006,37.98758],[-1.11985,37.98759],[-1.11985,37.98765],[-1.11988,37.98811],[-1.11992,37.98873],[-1.11993,37.98878],[-1.11993,37.98884],[-1.11994,37.98903],[-1.11995,37.98917],[-1.11996,37.98927],[-1.11998,37.98954],[-1.11999,37.98964],[-1.11997,37.98972],[-1.11966,37.99012],[-1.11962,37.99018],[-1.11956,37.99025],[-1.11951,37.99031],[-1.11944,37.99039],[-1.11939,37.99048],[-1.11934,37.99055],[-1.11931,37.9906],[-1.11922,37.99072],[-1.11908,37.99088],[-1.1188,37.99122],[-1.11844,37.99167],[-1.11817,37.99202],[-1.11792,37.99234],[-1.11731,37.99309],[-1.11703,37.99305],[-1.11701,37.99255],[-1.11678,37.99257],[-1.11647,37.99258],[-1.11644,37.9924],[-1.11631,37.99141],[-1.11598,37.9909],[-1.11597,37.99082],[-1.11595,37.99073],[-1.11592,37.99066],[-1.11576,37.99065],[-1.1156,37.99065],[-1.11554,37.99064],[-1.11531,37.99064],[-1.11531,37.99072],[-1.11531,37.99078],[-1.11514,37.99075],[-1.11507,37.99075],[-1.11489,37.99087],[-1.11482,37.99088],[-1.11452,37.9907],[-1.11427,37.99064],[-1.11413,37.99062],[-1.11393,37.99072],[-1.11334,37.99076],[-1.11322,37.99056],[-1.1131,37.99036],[-1.11305,37.99028],[-1.1136,37.98975],[-1.11367,37.9897],[-1.11369,37.98965],[-1.11376,37.98958],[-1.11386,37.9894],[-1.11393,37.98939],[-1.11393,37.98939],[-1.11398,37.98938],[-1.11398,37.98918],[-1.11397,37.98897],[-1.11397,37.98887],[-1.11396,37.98876],[-1.11395,37.98838],[-1.11395,37.9883],[-1.11394,37.98822],[-1.11394,37.98814],[-1.11392,37.98799],[-1.11392,37.98792],[-1.1139,37.98768],[-1.11388,37.98733],[-1.11394,37.9873],[-1.11396,37.98722],[-1.11396,37.98718],[-1.11396,37.98718],[-1.11392,37.98718],[-1.11383,37.98717],[-1.11374,37.98716],[-1.11364,37.98717],[-1.11353,37.98717],[-1.11345,37.98717],[-1.11335,37.98717],[-1.11332,37.98708],[-1.11323,37.98705],[-1.11312,37.98702],[-1.113,37.98699],[-1.11288,37.98692],[-1.11281,37.98688],[-1.11275,37.98683],[-1.11273,37.9868],[-1.11269,37.98676],[-1.11267,37.98673],[-1.11261,37.98664],[-1.11252,37.98653],[-1.11245,37.98644],[-1.11243,37.9864],[-1.11238,37.98635],[-1.11234,37.9863],[-1.11228,37.98622],[-1.11221,37.98614],[-1.11214,37.98606],[-1.11211,37.98602],[-1.11207,37.98597],[-1.11203,37.98593],[-1.11198,37.98587],[-1.11195,37.98584],[-1.11193,37.98582],[-1.11186,37.98575],[-1.11179,37.98565],[-1.11174,37.9856],[-1.11168,37.98551],[-1.11163,37.98541],[-1.11155,37.98529],[-1.11147,37.98513],[-1.11149,37.98508],[-1.11143,37.98488],[-1.11142,37.98463],[-1.11143,37.98444],[-1.11144,37.98431],[-1.11147,37.98424],[-1.11152,37.98409],[-1.11153,37.98399],[-1.11157,37.98391],[-1.1116,37.98386],[-1.11163,37.98383],[-1.11167,37.98378],[-1.1117,37.98366],[-1.11174,37.98354],[-1.11177,37.98344],[-1.11195,37.98328],[-1.11197,37.9832],[-1.11197,37.98312],[-1.11197,37.98304],[-1.11194,37.98292],[-1.11193,37.98281],[-1.11427,37.98251],[-1.11426,37.98245],[-1.11428,37.98245],[-1.11608,37.98234],[-1.11775,37.98212],[-1.11814,37.98207],[-1.11857,37.982],[-1.12045,37.98168],[-1.12101,37.98159],[-1.12162,37.98148],[-1.12239,37.98133],[-1.12254,37.98129],[-1.12289,37.98126],[-1.12318,37.98123],[-1.12394,37.98109],[-1.12446,37.981],[-1.12477,37.98095],[-1.1253,37.98092],[-1.12574,37.98095],[-1.12618,37.98104],[-1.12687,37.98128],[-1.12711,37.9814]]]]}},{"type":"Feature","properties":{"nbhd_name":"Murcia sub-city dist. No. 7-A","uesi_id":"ESP_R2902364","nbhd_code":"ESP_R2902364_16"},"geometry":{"type":"MultiPolygon","coordinates":[[[[-1.21943,37.95868],[-1.21799,37.95792],[-1.21663,37.95725],[-1.21418,37.95604],[-1.21151,37.95471],[-1.21142,37.95467],[-1.20934,37.95379],[-1.20712,37.95292],[-1.20123,37.9509],[-1.19738,37.94968],[-1.1953,37.95296],[-1.19315,37.95641],[-1.19251,37.95744],[-1.19085,37.96007],[-1.19155,37.96112],[-1.19213,37.962],[-1.19263,37.96268],[-1.19826,37.9609],[-1.20457,37.95891],[-1.20478,37.95938],[-1.20433,37.95967],[-1.2035,37.96039],[-1.20321,37.96086],[-1.20314,37.96118],[-1.20326,37.96185],[-1.20348,37.96253],[-1.20384,37.96328],[-1.204,37.96384],[-1.204,37.96384],[-1.20407,37.96407],[-1.20411,37.96492],[-1.20405,37.96541],[-1.20323,37.96585],[-1.2024,37.96609],[-1.20123,37.96648],[-1.19988,37.96676],[-1.19896,37.96725],[-1.19836,37.96748],[-1.19822,37.96744],[-1.19753,37.96729],[-1.19719,37.9672],[-1.19659,37.967],[-1.19636,37.9669],[-1.19629,37.96685],[-1.19617,37.96678],[-1.19587,37.96653],[-1.19548,37.96623],[-1.19515,37.96598],[-1.19483,37.96573],[-1.19449,37.96547],[-1.19424,37.96529],[-1.19409,37.96515],[-1.19393,37.96502],[-1.19386,37.96494],[-1.19358,37.96459],[-1.1932,37.96411],[-1.1925,37.96315],[-1.19207,37.96258],[-1.19098,37.96114],[-1.19072,37.96079],[-1.19032,37.96028],[-1.18997,37.9598],[-1.18981,37.95957],[-1.18973,37.95944],[-1.18969,37.95938],[-1.18955,37.95914],[-1.18946,37.95902],[-1.18936,37.95892],[-1.1891,37.95868],[-1.18845,37.9581],[-1.18819,37.9579],[-1.188,37.95776],[-1.18767,37.95753],[-1.18724,37.95722],[-1.18686,37.95693],[-1.18631,37.95652],[-1.1861,37.95637],[-1.18591,37.95623],[-1.18582,37.95615],[-1.18577,37.9561],[-1.1857,37.95603],[-1.1856,37.95592],[-1.18548,37.95578],[-1.18538,37.95568],[-1.18529,37.95561],[-1.18518,37.95551],[-1.18507,37.95545],[-1.18534,37.95523],[-1.18549,37.95512],[-1.18645,37.9535],[-1.1873,37.95384],[-1.18871,37.9544],[-1.18939,37.95334],[-1.1894,37.95332],[-1.18975,37.95276],[-1.19041,37.95173],[-1.19074,37.95119],[-1.1908,37.9511],[-1.19141,37.95021],[-1.1918,37.94962],[-1.19218,37.949],[-1.19224,37.94867],[-1.19264,37.94802],[-1.1929,37.94761],[-1.19309,37.94742],[-1.1935,37.94699],[-1.19387,37.94657],[-1.19419,37.94624],[-1.19453,37.94586],[-1.19498,37.94538],[-1.19575,37.94455],[-1.19631,37.94392],[-1.19675,37.94344],[-1.19734,37.94281],[-1.19783,37.94225],[-1.19802,37.94203],[-1.19826,37.94175],[-1.19893,37.94108],[-1.19924,37.94075],[-1.19955,37.94044],[-1.1998,37.94016],[-1.19998,37.93995],[-1.20009,37.93977],[-1.20012,37.93961],[-1.20015,37.93946],[-1.20013,37.93941],[-1.20175,37.93922],[-1.20325,37.93891],[-1.20482,37.9386],[-1.20611,37.93841],[-1.20827,37.93794],[-1.20926,37.93774],[-1.21057,37.93747],[-1.21159,37.93724],[-1.21206,37.93693],[-1.21247,37.93655],[-1.2127,37.93636],[-1.21292,37.93616],[-1.2133,37.93593],[-1.21368,37.93577],[-1.21421,37.93568],[-1.21455,37.93572],[-1.21566,37.936],[-1.21643,37.9362],[-1.21679,37.93625],[-1.21687,37.93624],[-1.21696,37.93619],[-1.21714,37.93619],[-1.21741,37.9362],[-1.2176,37.93619],[-1.21773,37.93618],[-1.21781,37.93616],[-1.21798,37.93611],[-1.2181,37.93608],[-1.21857,37.93597],[-1.21889,37.93589],[-1.21945,37.93576],[-1.21976,37.93562],[-1.21992,37.93556],[-1.22005,37.9355],[-1.22066,37.93514],[-1.2214,37.93443],[-1.22187,37.93375],[-1.22241,37.93315],[-1.22337,37.93251],[-1.22529,37.93179],[-1.22738,37.9314],[-1.22821,37.93143],[-1.22934,37.93163],[-1.2296,37.93164],[-1.22955,37.93094],[-1.2297,37.93044],[-1.2299,37.93003],[-1.23018,37.92938],[-1.23017,37.92869],[-1.22971,37.9275],[-1.22882,37.92577],[-1.22753,37.92367],[-1.22678,37.92255],[-1.2261,37.9213],[-1.2256,37.92024],[-1.2252,37.91921],[-1.22514,37.91811],[-1.22473,37.91712],[-1.22442,37.9164],[-1.22426,37.91572],[-1.22395,37.91502],[-1.22328,37.91436],[-1.22278,37.91375],[-1.22267,37.91333],[-1.22254,37.91284],[-1.2225,37.9127],[-1.22449,37.9124],[-1.22285,37.90982],[-1.22273,37.90963],[-1.2267,37.90839],[-1.2262,37.9072],[-1.22622,37.90465],[-1.22636,37.90266],[-1.22613,37.90224],[-1.22648,37.90186],[-1.22605,37.89945],[-1.2272,37.89371],[-1.22857,37.88896],[-1.20855,37.88446],[-1.20855,37.88446],[-1.20852,37.88445],[-1.20844,37.88431],[-1.2083,37.88426],[-1.20808,37.88425],[-1.20782,37.88424],[-1.20756,37.88419],[-1.20725,37.88415],[-1.20699,37.88398],[-1.20684,37.88384],[-1.20658,37.88362],[-1.20623,37.88331],[-1.20521,37.88338],[-1.20505,37.88339],[-1.20476,37.8834],[-1.20327,37.88343],[-1.20306,37.88298],[-1.20289,37.88245],[-1.20269,37.88183],[-1.20218,37.88152],[-1.20141,37.88137],[-1.20107,37.8813],[-1.20083,37.88126],[-1.20069,37.88099],[-1.20069,37.88092],[-1.2007,37.88063],[-1.20056,37.88041],[-1.19993,37.88028],[-1.19951,37.88006],[-1.19918,37.87984],[-1.1988,37.87952],[-1.19848,37.87933],[-1.19821,37.87932],[-1.19795,37.87931],[-1.19725,37.87919],[-1.19658,37.87909],[-1.19618,37.87902],[-1.19574,37.87909],[-1.19525,37.87936],[-1.19467,37.87928],[-1.19338,37.87874],[-1.1929,37.8781],[-1.19245,37.87759],[-1.192,37.87716],[-1.19152,37.87674],[-1.19119,37.87647],[-1.19115,37.87644],[-1.19272,37.87545],[-1.19282,37.87538],[-1.19433,37.87496],[-1.19589,37.87453],[-1.19718,37.87419],[-1.20005,37.87367],[-1.20217,37.87281],[-1.20552,37.87202],[-1.20701,37.87147],[-1.20766,37.87162],[-1.21012,37.87311],[-1.21053,37.87294],[-1.21092,37.87259],[-1.21139,37.87221],[-1.21182,37.87171],[-1.21219,37.87151],[-1.21266,37.87123],[-1.21364,37.87089],[-1.21476,37.87054],[-1.2158,37.87018],[-1.21644,37.86986],[-1.21717,37.86979],[-1.21797,37.86966],[-1.21853,37.86948],[-1.21897,37.86926],[-1.21977,37.86885],[-1.22116,37.86865],[-1.2218,37.86865],[-1.22355,37.86868],[-1.22419,37.86857],[-1.22528,37.86846],[-1.22583,37.86827],[-1.22787,37.86808],[-1.22995,37.86798],[-1.23058,37.86794],[-1.23303,37.8672],[-1.23546,37.86618],[-1.23861,37.86487],[-1.24049,37.86396],[-1.24334,37.86221],[-1.24603,37.86084],[-1.24828,37.85954],[-1.2506,37.85824],[-1.25371,37.85621],[-1.2557,37.85479],[-1.25802,37.85304],[-1.25959,37.85172],[-1.26175,37.8502],[-1.26366,37.84933],[-1.26571,37.84867],[-1.26682,37.84843],[-1.26855,37.84823],[-1.26855,37.84823],[-1.26871,37.84828],[-1.26956,37.85305],[-1.27016,37.85592],[-1.27063,37.85875],[-1.27162,37.86403],[-1.27351,37.875],[-1.27446,37.8785],[-1.27747,37.88812],[-1.27782,37.88955],[-1.27851,37.8919],[-1.27905,37.89342],[-1.27966,37.89547],[-1.28049,37.89792],[-1.28144,37.90099],[-1.28155,37.90133],[-1.2821,37.90334],[-1.28238,37.90466],[-1.28083,37.90551],[-1.27828,37.90745],[-1.27705,37.90831],[-1.27529,37.9097],[-1.27462,37.91031],[-1.27385,37.9108],[-1.27243,37.91148],[-1.27367,37.91342],[-1.27411,37.91402],[-1.27517,37.91499],[-1.27782,37.91692],[-1.2786,37.91722],[-1.27916,37.91731],[-1.27971,37.91717],[-1.27996,37.91718],[-1.28095,37.91778],[-1.28205,37.91831],[-1.28611,37.91973],[-1.28718,37.92019],[-1.28809,37.92074],[-1.28945,37.92174],[-1.29098,37.92302],[-1.29129,37.92328],[-1.29222,37.92398],[-1.2928,37.92434],[-1.29329,37.92443],[-1.29362,37.92445],[-1.29393,37.92475],[-1.29449,37.92566],[-1.29545,37.92634],[-1.29572,37.92677],[-1.2961,37.9276],[-1.29657,37.92838],[-1.29714,37.92898],[-1.29809,37.92941],[-1.2992,37.92964],[-1.30004,37.92969],[-1.30052,37.92978],[-1.3011,37.93009],[-1.30189,37.93034],[-1.30254,37.93033],[-1.30315,37.93047],[-1.30348,37.93067],[-1.30383,37.93096],[-1.30746,37.93144],[-1.30767,37.93158],[-1.30767,37.93158],[-1.3078,37.93166],[-1.30885,37.93268],[-1.30959,37.93316],[-1.3107,37.93367],[-1.31214,37.93426],[-1.31321,37.93463],[-1.31601,37.93509],[-1.31715,37.93511],[-1.31789,37.93504],[-1.319,37.93474],[-1.31947,37.93475],[-1.32105,37.93518],[-1.32458,37.93523],[-1.32491,37.93528],[-1.32628,37.93603],[-1.32737,37.93667],[-1.32808,37.93726],[-1.32851,37.93741],[-1.32877,37.93771],[-1.3289,37.93816],[-1.32933,37.93842],[-1.32991,37.9386],[-1.33155,37.93873],[-1.33224,37.93888],[-1.3326,37.93916],[-1.33354,37.94016],[-1.33427,37.94075],[-1.33471,37.94084],[-1.33517,37.94087],[-1.33539,37.94097],[-1.33561,37.94145],[-1.33583,37.94166],[-1.33738,37.94231],[-1.3378,37.94232],[-1.3387,37.94214],[-1.33955,37.94192],[-1.34026,37.94153],[-1.34166,37.94035],[-1.34233,37.93992],[-1.34361,37.93954],[-1.34403,37.93948],[-1.3447,37.93957],[-1.34563,37.93955],[-1.34648,37.93937],[-1.34802,37.93879],[-1.34862,37.93865],[-1.35044,37.9385],[-1.35155,37.9387],[-1.35307,37.93889],[-1.35415,37.93887],[-1.35676,37.93858],[-1.35741,37.93854],[-1.35842,37.93787],[-1.35885,37.93726],[-1.35899,37.93684],[-1.35875,37.93496],[-1.35852,37.9344],[-1.35815,37.93394],[-1.35801,37.93366],[-1.35794,37.93329],[-1.35815,37.93266],[-1.35837,37.93221],[-1.35879,37.93186],[-1.35961,37.93134],[-1.36023,37.93087],[-1.36078,37.93027],[-1.36114,37.92954],[-1.36127,37.92879],[-1.3612,37.92827],[-1.3612,37.92759],[-1.36132,37.92747],[-1.36256,37.92769],[-1.36336,37.9277],[-1.36474,37.92786],[-1.36802,37.92854],[-1.36887,37.92876],[-1.36927,37.9287],[-1.37009,37.92818],[-1.3704,37.92811],[-1.3706,37.92856],[-1.37095,37.92974],[-1.37152,37.93109],[-1.37235,37.93293],[-1.37269,37.93332],[-1.374,37.93452],[-1.37477,37.93538],[-1.37529,37.93588],[-1.37613,37.93642],[-1.37706,37.93732],[-1.37849,37.93816],[-1.3813,37.93923],[-1.38213,37.93964],[-1.38262,37.94036],[-1.38354,37.9426],[-1.38414,37.94369],[-1.38437,37.94423],[-1.38459,37.94514],[-1.38469,37.94609],[-1.38483,37.94745],[-1.38455,37.94864],[-1.38397,37.95016],[-1.38366,37.95012],[-1.38306,37.94995],[-1.38245,37.94972],[-1.38001,37.94905],[-1.37945,37.94901],[-1.37902,37.94884],[-1.37806,37.95031],[-1.37756,37.95091],[-1.37724,37.95109],[-1.37684,37.95116],[-1.37584,37.95112],[-1.37481,37.95098],[-1.3743,37.95085],[-1.37342,37.95052],[-1.37292,37.9505],[-1.37201,37.95059],[-1.37127,37.95085],[-1.37112,37.95106],[-1.37078,37.9518],[-1.36989,37.95539],[-1.36967,37.95604],[-1.36935,37.95646],[-1.3683,37.95733],[-1.3671,37.95853],[-1.36671,37.95839],[-1.36592,37.95786],[-1.36444,37.9571],[-1.36379,37.95669],[-1.36289,37.95587],[-1.36196,37.957],[-1.36056,37.95844],[-1.36009,37.95877],[-1.35949,37.95906],[-1.35839,37.95999],[-1.35814,37.9605],[-1.35785,37.96228],[-1.35974,37.96584],[-1.36031,37.96716],[-1.36061,37.9745],[-1.36058,37.97504],[-1.35982,37.97872],[-1.3597,37.98091],[-1.35972,37.9814],[-1.36004,37.98341],[-1.35991,37.98602],[-1.35985,37.98738],[-1.35976,37.98918],[-1.35994,37.99015],[-1.36017,37.99091],[-1.3604,37.99206],[-1.36015,37.99358],[-1.36093,37.99521],[-1.36093,37.99521],[-1.36093,37.99521],[-1.35749,37.99965],[-1.35718,38.00005],[-1.35708,38.00018],[-1.35644,38.00126],[-1.35424,38.00494],[-1.35195,38.00879],[-1.35171,38.01159],[-1.35167,38.01184],[-1.35159,38.01222],[-1.35148,38.01244],[-1.35088,38.0136],[-1.35081,38.01526],[-1.35072,38.01588],[-1.35049,38.01646],[-1.35025,38.0169],[-1.35024,38.0176],[-1.35017,38.01788],[-1.33447,38.02263],[-1.32149,38.028],[-1.31839,38.02927],[-1.31245,38.02449],[-1.3136,38.02458],[-1.31686,38.02392],[-1.31723,38.02342],[-1.31779,38.0232],[-1.31832,38.02306],[-1.3187,38.0229],[-1.31913,38.02241],[-1.31971,38.02162],[-1.32058,38.02113],[-1.32184,38.02063],[-1.32244,38.02028],[-1.32355,38.01904],[-1.32386,38.0185],[-1.32415,38.01813],[-1.32511,38.01736],[-1.32547,38.01713],[-1.32576,38.01635],[-1.32585,38.01566],[-1.32602,38.01539],[-1.32655,38.01514],[-1.32722,38.0147],[-1.32746,38.01442],[-1.32821,38.01309],[-1.32832,38.01261],[-1.32823,38.01233],[-1.32787,38.01191],[-1.32761,38.01172],[-1.32727,38.01149],[-1.32576,38.01072],[-1.32523,38.01026],[-1.32383,38.00862],[-1.32289,38.00802],[-1.3223,38.00786],[-1.32042,38.00635],[-1.31949,38.00581],[-1.31891,38.00565],[-1.31705,38.0053],[-1.31509,38.0048],[-1.31186,38.003],[-1.31099,38.00267],[-1.30999,38.00242],[-1.30928,38.00239],[-1.30759,38.00248],[-1.30681,38.00245],[-1.30372,38.00184],[-1.30223,38.00145],[-1.30076,38.00092],[-1.29926,38.00016],[-1.29683,37.99984],[-1.29496,37.99952],[-1.29342,37.99848],[-1.29061,37.99861],[-1.2888,37.99937],[-1.28731,37.99947],[-1.28678,37.99945],[-1.28616,37.99978],[-1.28577,37.99966],[-1.2835,37.99984],[-1.28212,37.99982],[-1.28068,37.99965],[-1.27937,37.9994],[-1.2788,37.99919],[-1.27852,37.99885],[-1.27815,37.9982],[-1.27777,37.99783],[-1.27742,37.99764],[-1.27548,37.99729],[-1.27232,37.99686],[-1.27034,37.99789],[-1.26846,37.99764],[-1.26709,37.99808],[-1.2657,37.99873],[-1.26433,37.99862],[-1.26371,37.99866],[-1.26284,37.99878],[-1.26195,37.9988],[-1.25908,37.99835],[-1.25777,37.99827],[-1.25537,37.99822],[-1.25456,37.99821],[-1.25433,37.9983],[-1.25395,37.99855],[-1.25389,37.99858],[-1.25329,37.99875],[-1.25265,37.99878],[-1.25203,37.99865],[-1.25071,37.99815],[-1.24948,37.99795],[-1.2475,37.99738],[-1.24701,37.99709],[-1.24588,37.99606],[-1.24471,37.99562],[-1.24451,37.9957],[-1.24425,37.99594],[-1.24411,37.99634],[-1.24387,37.9967],[-1.24322,37.99732],[-1.24311,37.99764],[-1.24324,37.99798],[-1.24351,37.9981],[-1.24475,37.99818],[-1.24613,37.99895],[-1.24634,37.99924],[-1.24646,37.99964],[-1.24634,37.99987],[-1.24597,38.00008],[-1.2459,38.00012],[-1.24598,38.00034],[-1.24599,38.00051],[-1.24567,38.00067],[-1.2442,38.00064],[-1.24367,38.00086],[-1.24292,38.00126],[-1.24255,38.00156],[-1.24212,38.00191],[-1.24147,38.00281],[-1.24099,38.00328],[-1.24018,38.00365],[-1.23874,38.00414],[-1.23632,38.00489],[-1.23298,38.00576],[-1.23247,38.00612],[-1.23196,38.00679],[-1.23124,38.00813],[-1.23082,38.00849],[-1.23009,38.00898],[-1.22776,38.01008],[-1.22581,38.011],[-1.22544,38.01105],[-1.22479,38.01114],[-1.22463,38.01117],[-1.22304,38.01164],[-1.22262,38.01177],[-1.22243,38.01174],[-1.22152,38.0116],[-1.22007,38.01147],[-1.21909,38.01151],[-1.21798,38.01176],[-1.21676,38.01216],[-1.21584,38.01235],[-1.21509,38.01267],[-1.21445,38.01231],[-1.21382,38.01171],[-1.21371,38.01124],[-1.21473,38.0089],[-1.21517,38.00828],[-1.21601,38.00729],[-1.21703,38.00621],[-1.21767,38.00554],[-1.21849,38.00479],[-1.21867,38.00454],[-1.21868,38.00429],[-1.21809,38.00381],[-1.21706,38.00317],[-1.21691,38.0031],[-1.21612,38.00271],[-1.21531,38.003],[-1.21446,38.00315],[-1.21384,38.00325],[-1.2126,38.00325],[-1.21153,38.0032],[-1.21003,38.00295],[-1.20626,38.00194],[-1.20533,38.00218],[-1.204,38.00286],[-1.2035,38.00324],[-1.2028,38.00334],[-1.20178,38.00341],[-1.20064,38.00366],[-1.20042,38.00389],[-1.19968,38.00506],[-1.19952,38.00579],[-1.19923,38.00661],[-1.19888,38.00718],[-1.19839,38.00772],[-1.1978,38.00809],[-1.19729,38.00824],[-1.19711,38.0088],[-1.19647,38.01028],[-1.19613,38.01131],[-1.19573,38.01225],[-1.1954,38.01253],[-1.19496,38.01279],[-1.19493,38.01286],[-1.19484,38.01307],[-1.19501,38.01404],[-1.19329,38.01429],[-1.19256,38.01408],[-1.19176,38.01374],[-1.19132,38.01401],[-1.18934,38.01552],[-1.18885,38.01532],[-1.18835,38.01502],[-1.18758,38.01518],[-1.1865,38.01546],[-1.18617,38.01524],[-1.18582,38.01472],[-1.18559,38.01456],[-1.18541,38.01455],[-1.1854,38.01451],[-1.18534,38.01443],[-1.18527,38.01433],[-1.185,38.01423],[-1.18474,38.01418],[-1.18467,38.01414],[-1.18437,38.01405],[-1.1843,38.0141],[-1.18394,38.01438],[-1.18364,38.01456],[-1.18338,38.01482],[-1.18322,38.015],[-1.18304,38.01521],[-1.18292,38.01536],[-1.18256,38.01551],[-1.18234,38.01559],[-1.18191,38.01596],[-1.18163,38.01625],[-1.18103,38.01706],[-1.18091,38.01712],[-1.18031,38.01725],[-1.17989,38.01727],[-1.17967,38.01734],[-1.17946,38.01742],[-1.17923,38.01755],[-1.17918,38.01761],[-1.1792,38.01781],[-1.17924,38.01808],[-1.17927,38.01828],[-1.1792,38.01863],[-1.17918,38.01878],[-1.17875,38.01912],[-1.17838,38.01936],[-1.17795,38.01961],[-1.17779,38.0197],[-1.1768,38.01918],[-1.17629,38.01887],[-1.17593,38.0187],[-1.17578,38.01844],[-1.17565,38.01816],[-1.17543,38.01763],[-1.17543,38.01744],[-1.1753,38.017],[-1.17503,38.01631],[-1.17485,38.01607],[-1.17452,38.01517],[-1.17442,38.01472],[-1.17377,38.01406],[-1.17338,38.01314],[-1.17265,38.01257],[-1.17131,38.01237],[-1.16966,38.01229],[-1.16833,38.01216],[-1.1681,38.01214],[-1.16778,38.01214],[-1.16801,38.01072],[-1.16795,38.00963],[-1.16779,38.00857],[-1.16749,38.00784],[-1.16714,38.00704],[-1.16713,38.007],[-1.16688,38.00638],[-1.16635,38.00564],[-1.16531,38.00445],[-1.16519,38.00432],[-1.16361,38.00309],[-1.16341,38.00299],[-1.16198,38.00223],[-1.16098,38.00182],[-1.15998,38.00155],[-1.15816,38.00108],[-1.15696,38.00079],[-1.15715,38.00069],[-1.15712,38.00058],[-1.15763,38.00027],[-1.15773,38.00017],[-1.15796,38.00006],[-1.15808,38.00001],[-1.15831,37.9999],[-1.15849,37.9998],[-1.15866,37.99973],[-1.15878,37.9997],[-1.15925,37.99963],[-1.15947,37.99962],[-1.15953,37.9996],[-1.15958,37.99956],[-1.15962,37.9995],[-1.15969,37.99939],[-1.15978,37.99933],[-1.15992,37.99925],[-1.16019,37.9991],[-1.16032,37.99905],[-1.16047,37.99899],[-1.16064,37.99893],[-1.16077,37.99888],[-1.16085,37.99882],[-1.16098,37.99872],[-1.16104,37.99868],[-1.1612,37.99864],[-1.16144,37.99862],[-1.16157,37.99861],[-1.16168,37.99858],[-1.16178,37.99855],[-1.16197,37.99846],[-1.16228,37.99829],[-1.16247,37.99818],[-1.1626,37.99811],[-1.16276,37.99802],[-1.16315,37.99779],[-1.16324,37.99773],[-1.16336,37.99769],[-1.16348,37.99764],[-1.16359,37.99758],[-1.16375,37.99746],[-1.16386,37.99745],[-1.16396,37.9975],[-1.16437,37.99774],[-1.1646,37.99788],[-1.16469,37.99792],[-1.16476,37.99794],[-1.16486,37.99793],[-1.16492,37.9979],[-1.16497,37.99786],[-1.16504,37.99778],[-1.16526,37.99758],[-1.1653,37.99755],[-1.16535,37.99751],[-1.16545,37.99747],[-1.16564,37.99737],[-1.16586,37.99726],[-1.16604,37.99716],[-1.1661,37.99712],[-1.16622,37.99707],[-1.16641,37.997],[-1.16655,37.99695],[-1.16681,37.99689],[-1.16677,37.9968],[-1.16671,37.99664],[-1.16667,37.99655],[-1.16654,37.99618],[-1.16647,37.99601],[-1.16639,37.99572],[-1.16635,37.99551],[-1.1663,37.99534],[-1.16625,37.99513],[-1.16618,37.99491],[-1.16614,37.9948],[-1.1659,37.99423],[-1.16567,37.99365],[-1.16556,37.99335],[-1.16547,37.9931],[-1.16544,37.99297],[-1.16527,37.99251],[-1.16523,37.99239],[-1.1651,37.99207],[-1.16495,37.99174],[-1.16478,37.99135],[-1.16468,37.99115],[-1.16464,37.99106],[-1.16463,37.99098],[-1.16461,37.99088],[-1.16451,37.99054],[-1.16436,37.99004],[-1.1642,37.98952],[-1.16415,37.98933],[-1.16407,37.98903],[-1.16426,37.98904],[-1.16487,37.98911],[-1.16586,37.98921],[-1.16605,37.98921],[-1.16625,37.9892],[-1.16668,37.98921],[-1.16693,37.98923],[-1.16745,37.98925],[-1.16795,37.98931],[-1.16806,37.98931],[-1.16851,37.98926],[-1.16858,37.98926],[-1.16868,37.98939],[-1.16884,37.98947],[-1.16898,37.9895],[-1.16903,37.9895],[-1.16912,37.98954],[-1.16912,37.98958],[-1.16907,37.98967],[-1.16902,37.98977],[-1.16905,37.98982],[-1.1694,37.98989],[-1.16975,37.98988],[-1.17054,37.99004],[-1.17118,37.99017],[-1.17221,37.99042],[-1.17253,37.9905],[-1.1731,37.99016],[-1.17326,37.99009],[-1.17327,37.99004],[-1.17331,37.99004],[-1.17364,37.98994],[-1.17379,37.98995],[-1.174,37.99001],[-1.17443,37.9902],[-1.17481,37.99037],[-1.17489,37.99043],[-1.17495,37.99047],[-1.17496,37.99059],[-1.17494,37.9907],[-1.17494,37.99081],[-1.17497,37.99089],[-1.17512,37.99106],[-1.17518,37.99109],[-1.17526,37.99108],[-1.17537,37.99105],[-1.17547,37.99105],[-1.17553,37.99106],[-1.17558,37.99111],[-1.17566,37.99121],[-1.17578,37.99125],[-1.17588,37.99124],[-1.17595,37.99119],[-1.17619,37.99108],[-1.17643,37.99091],[-1.17666,37.99075],[-1.17681,37.99065],[-1.17698,37.99046],[-1.17708,37.99035],[-1.17722,37.99034],[-1.17736,37.99032],[-1.17746,37.99031],[-1.17761,37.99026],[-1.1778,37.9902],[-1.17791,37.99013],[-1.17794,37.99007],[-1.17798,37.98998],[-1.17803,37.98992],[-1.17813,37.98987],[-1.17828,37.98979],[-1.17843,37.9897],[-1.17852,37.98963],[-1.17866,37.98951],[-1.17884,37.98942],[-1.17895,37.9894],[-1.17904,37.98931],[-1.17912,37.98915],[-1.17923,37.98902],[-1.17931,37.98896],[-1.17938,37.98896],[-1.17958,37.98903],[-1.17974,37.98905],[-1.17984,37.98906],[-1.17997,37.98902],[-1.18023,37.98885],[-1.18048,37.98882],[-1.1807,37.98881],[-1.18119,37.98888],[-1.18155,37.9889],[-1.18171,37.9889],[-1.182,37.98883],[-1.18214,37.98885],[-1.18232,37.98887],[-1.18255,37.98891],[-1.18272,37.98886],[-1.18303,37.98876],[-1.18327,37.98869],[-1.1837,37.9886],[-1.18382,37.98854],[-1.18394,37.98845],[-1.18408,37.98838],[-1.18423,37.98829],[-1.18432,37.98827],[-1.18456,37.9882],[-1.18466,37.98817],[-1.18477,37.98813],[-1.18492,37.98806],[-1.18508,37.98804],[-1.18525,37.98801],[-1.18552,37.98795],[-1.18569,37.98789],[-1.18586,37.98782],[-1.186,37.98772],[-1.18613,37.98767],[-1.18624,37.98767],[-1.18631,37.98764],[-1.18628,37.98756],[-1.18596,37.9866],[-1.18577,37.98665],[-1.18561,37.98666],[-1.18528,37.98673],[-1.18525,37.98659],[-1.1852,37.98645],[-1.18516,37.98627],[-1.18512,37.98605],[-1.18509,37.98601],[-1.18558,37.98591],[-1.18593,37.98582],[-1.18609,37.98579],[-1.18629,37.98577],[-1.18657,37.98568],[-1.18648,37.98548],[-1.18643,37.98527],[-1.18639,37.98507],[-1.18635,37.98497],[-1.18629,37.98492],[-1.18627,37.98486],[-1.18621,37.98472],[-1.18615,37.98459],[-1.18615,37.98453],[-1.18615,37.98437],[-1.18634,37.98438],[-1.18651,37.98433],[-1.18662,37.98422],[-1.18671,37.98401],[-1.18679,37.98355],[-1.18688,37.98295],[-1.18703,37.98236],[-1.18716,37.98202],[-1.18729,37.98175],[-1.18743,37.98156],[-1.18755,37.98142],[-1.18771,37.98134],[-1.18791,37.9813],[-1.18793,37.98117],[-1.18855,37.98162],[-1.18886,37.98214],[-1.18912,37.98271],[-1.18933,37.98306],[-1.19009,37.98329],[-1.1908,37.98326],[-1.19173,37.98323],[-1.19267,37.98289],[-1.19344,37.98269],[-1.19453,37.98262],[-1.19557,37.98268],[-1.19611,37.98277],[-1.19747,37.98323],[-1.19839,37.9835],[-1.19873,37.98365],[-1.19897,37.9836],[-1.19909,37.98346],[-1.19928,37.98321],[-1.19951,37.98287],[-1.19983,37.98234],[-1.20025,37.98184],[-1.2006,37.98152],[-1.20094,37.9812],[-1.20102,37.9811],[-1.2011,37.98091],[-1.20124,37.98041],[-1.20129,37.98011],[-1.20138,37.97984],[-1.2015,37.97947],[-1.20163,37.97916],[-1.20171,37.97902],[-1.20197,37.97859],[-1.20249,37.97797],[-1.20293,37.97759],[-1.20362,37.97721],[-1.20406,37.97703],[-1.2043,37.97703],[-1.20453,37.9771],[-1.205,37.9773],[-1.20547,37.97761],[-1.20593,37.97785],[-1.20647,37.97813],[-1.20671,37.97826],[-1.20686,37.97836],[-1.20723,37.97849],[-1.20772,37.97866],[-1.20814,37.97865],[-1.20864,37.97879],[-1.20914,37.97899],[-1.2095,37.97918],[-1.20968,37.97923],[-1.20999,37.97932],[-1.21053,37.9794],[-1.21097,37.97946],[-1.2116,37.97929],[-1.21184,37.97931],[-1.21213,37.9794],[-1.21213,37.97941],[-1.2122,37.97943],[-1.21263,37.97951],[-1.21308,37.9795],[-1.21361,37.9794],[-1.2142,37.97944],[-1.21433,37.97971],[-1.21432,37.97974],[-1.21414,37.98014],[-1.21405,37.98034],[-1.21379,37.98084],[-1.21356,37.98122],[-1.21269,37.98258],[-1.21238,37.98372],[-1.21232,37.98442],[-1.21257,37.98454],[-1.21262,37.98471],[-1.21259,37.98492],[-1.21263,37.98498],[-1.21272,37.98511],[-1.21277,37.98511],[-1.21287,37.98509],[-1.21301,37.98484],[-1.21351,37.98485],[-1.21422,37.98483],[-1.21511,37.98477],[-1.21633,37.98467],[-1.21693,37.98457],[-1.21701,37.98457],[-1.21773,37.98453],[-1.21828,37.9845],[-1.21833,37.9845],[-1.21949,37.98443],[-1.2195,37.98443],[-1.21953,37.98433],[-1.21991,37.98434],[-1.21993,37.98435],[-1.21994,37.9843],[-1.22034,37.98431],[-1.22043,37.98433],[-1.22081,37.98432],[-1.22092,37.98431],[-1.22112,37.98431],[-1.2213,37.98429],[-1.22148,37.9843],[-1.22149,37.98423],[-1.22175,37.98424],[-1.22175,37.98425],[-1.22192,37.98425],[-1.22193,37.98419],[-1.22193,37.98418],[-1.22193,37.98406],[-1.22225,37.98405],[-1.22225,37.98382],[-1.22237,37.98382],[-1.22237,37.98404],[-1.227,37.98247],[-1.22809,37.98216],[-1.22907,37.98189],[-1.2296,37.9817],[-1.23028,37.98145],[-1.23073,37.9813],[-1.23097,37.9812],[-1.23148,37.98109],[-1.23195,37.98095],[-1.23229,37.9808],[-1.23263,37.98066],[-1.2331,37.98063],[-1.23375,37.98056],[-1.23438,37.98039],[-1.23512,37.98024],[-1.23573,37.98014],[-1.236,37.97998],[-1.23605,37.97995],[-1.23626,37.98011],[-1.23654,37.98031],[-1.23683,37.98056],[-1.23732,37.98091],[-1.23767,37.98111],[-1.23802,37.9814],[-1.23825,37.98161],[-1.23841,37.98169],[-1.23873,37.9818],[-1.23927,37.98207],[-1.23964,37.9822],[-1.2398,37.98223],[-1.24022,37.9823],[-1.24076,37.98244],[-1.24102,37.98253],[-1.24123,37.98273],[-1.24138,37.98291],[-1.24185,37.98324],[-1.24226,37.98344],[-1.24272,37.98365],[-1.24314,37.98387],[-1.24347,37.98405],[-1.24377,37.98429],[-1.24392,37.98441],[-1.24419,37.98451],[-1.24462,37.98461],[-1.24493,37.98478],[-1.24514,37.98503],[-1.24531,37.98524],[-1.24557,37.98552],[-1.24579,37.98568],[-1.246,37.98591],[-1.24613,37.98606],[-1.24639,37.98634],[-1.24656,37.98645],[-1.24678,37.9866],[-1.24705,37.9868],[-1.24732,37.98697],[-1.24765,37.98712],[-1.24814,37.98716],[-1.24822,37.98739],[-1.24834,37.98762],[-1.24845,37.98793],[-1.24846,37.98809],[-1.24853,37.98837],[-1.24863,37.98855],[-1.24877,37.98873],[-1.24889,37.98882],[-1.24911,37.9889],[-1.24934,37.98898],[-1.2497,37.98911],[-1.24986,37.98916],[-1.25017,37.98918],[-1.25048,37.98923],[-1.25057,37.98931],[-1.2508,37.98956],[-1.25095,37.98963],[-1.25117,37.9897],[-1.25142,37.98977],[-1.25176,37.9899],[-1.25179,37.98991],[-1.25199,37.98998],[-1.25216,37.9901],[-1.25224,37.99024],[-1.25244,37.99048],[-1.25264,37.99063],[-1.25283,37.9907],[-1.25318,37.99075],[-1.25349,37.9908],[-1.25378,37.99082],[-1.25408,37.99089],[-1.25436,37.991],[-1.25475,37.99119],[-1.25522,37.99138],[-1.25573,37.99165],[-1.25628,37.99197],[-1.26164,37.98954],[-1.26197,37.98939],[-1.26225,37.98926],[-1.26281,37.9891],[-1.26336,37.98894],[-1.264,37.98866],[-1.26461,37.98843],[-1.26536,37.98816],[-1.26578,37.98798],[-1.26589,37.98773],[-1.26593,37.98745],[-1.26608,37.98729],[-1.26638,37.98715],[-1.26656,37.98706],[-1.26657,37.98686],[-1.26657,37.98651],[-1.26654,37.98615],[-1.26675,37.98599],[-1.26696,37.98591],[-1.26727,37.98584],[-1.26743,37.98565],[-1.2675,37.98541],[-1.26761,37.98525],[-1.26789,37.98495],[-1.26821,37.98469],[-1.26844,37.98462],[-1.26869,37.98454],[-1.26881,37.98442],[-1.26892,37.98427],[-1.26919,37.98405],[-1.26947,37.98388],[-1.2698,37.98386],[-1.27,37.98402],[-1.2702,37.98423],[-1.27027,37.9844],[-1.2704,37.98439],[-1.27084,37.98402],[-1.27099,37.98403],[-1.27122,37.9839],[-1.27143,37.98358],[-1.27173,37.98332],[-1.27204,37.98323],[-1.27252,37.98315],[-1.27288,37.98291],[-1.27316,37.98259],[-1.27332,37.98234],[-1.27085,37.98028],[-1.26929,37.97804],[-1.26816,37.97649],[-1.26602,37.97324],[-1.25975,37.96801],[-1.25902,37.9674],[-1.25548,37.96377],[-1.24933,37.95654],[-1.24926,37.95648],[-1.249,37.95656],[-1.24877,37.95661],[-1.24856,37.9567],[-1.24647,37.95782],[-1.24613,37.95802],[-1.24545,37.95832],[-1.24485,37.95856],[-1.24441,37.95876],[-1.24408,37.95897],[-1.24371,37.9592],[-1.24341,37.95932],[-1.24301,37.95943],[-1.2426,37.95951],[-1.242,37.95957],[-1.24144,37.95962],[-1.24106,37.9597],[-1.2405,37.95989],[-1.24008,37.96019],[-1.23824,37.96139],[-1.23788,37.96157],[-1.23748,37.96175],[-1.23715,37.96195],[-1.23621,37.96253],[-1.23602,37.96268],[-1.23571,37.96293],[-1.23545,37.96319],[-1.2352,37.96336],[-1.23497,37.96348],[-1.23456,37.96371],[-1.23414,37.96403],[-1.23381,37.9643],[-1.23346,37.96456],[-1.23317,37.96475],[-1.23259,37.96498],[-1.2321,37.96517],[-1.23173,37.96537],[-1.2314,37.96562],[-1.2313,37.96568],[-1.23107,37.96582],[-1.23087,37.96595],[-1.23057,37.96606],[-1.22995,37.96617],[-1.22946,37.96632],[-1.22894,37.96652],[-1.2285,37.96672],[-1.22804,37.96698],[-1.22759,37.96726],[-1.22701,37.96759],[-1.22686,37.96767],[-1.22666,37.9674],[-1.22655,37.96725],[-1.22628,37.96691],[-1.22601,37.96657],[-1.22584,37.96633],[-1.22574,37.96619],[-1.22555,37.96595],[-1.22511,37.96544],[-1.22465,37.96486],[-1.22417,37.96428],[-1.22397,37.96403],[-1.22392,37.96397],[-1.22362,37.9637],[-1.22358,37.96367],[-1.22358,37.96367],[-1.22342,37.96358],[-1.22342,37.96358],[-1.22332,37.96352],[-1.22313,37.96338],[-1.22302,37.96327],[-1.22235,37.96267],[-1.22167,37.96206],[-1.22167,37.96205],[-1.22167,37.96205],[-1.22117,37.9615],[-1.22066,37.96083],[-1.22043,37.96048],[-1.22042,37.96045],[-1.22042,37.96041],[-1.22009,37.95986],[-1.22128,37.95975],[-1.21943,37.95868]]]]}},{"type":"Feature","properties":{"nbhd_name":"Murcia sub-city dist. No. 7-B","uesi_id":"ESP_R2902364","nbhd_code":"ESP_R2902364_17"},"geometry":{"type":"MultiPolygon","coordinates":[[[[-1.17086,37.95737],[-1.17142,37.95759],[-1.17166,37.95767],[-1.17206,37.95791],[-1.17251,37.95816],[-1.17279,37.95832],[-1.17318,37.95854],[-1.17341,37.95874],[-1.1736,37.95891],[-1.17376,37.959],[-1.17409,37.95921],[-1.17435,37.9594],[-1.1745,37.95955],[-1.17462,37.95977],[-1.17414,37.95975],[-1.1742,37.95979],[-1.1744,37.96003],[-1.17462,37.96022],[-1.17475,37.9603],[-1.17487,37.96037],[-1.175,37.96043],[-1.1752,37.9606],[-1.17557,37.96092],[-1.17581,37.96112],[-1.17599,37.96128],[-1.17614,37.96141],[-1.17646,37.96161],[-1.17691,37.96198],[-1.17719,37.96226],[-1.17762,37.96264],[-1.17786,37.96294],[-1.17804,37.96324],[-1.17808,37.96342],[-1.17799,37.96358],[-1.178,37.96369],[-1.17812,37.96379],[-1.17832,37.96397],[-1.17834,37.96413],[-1.17828,37.96423],[-1.1782,37.9643],[-1.1781,37.96436],[-1.17803,37.96441],[-1.17798,37.96448],[-1.17796,37.96458],[-1.17799,37.96479],[-1.17801,37.9651],[-1.17811,37.96507],[-1.17818,37.96504],[-1.17836,37.96497],[-1.17844,37.96494],[-1.17859,37.96486],[-1.1789,37.96471],[-1.17909,37.96461],[-1.17942,37.96445],[-1.17963,37.96434],[-1.18004,37.96413],[-1.18018,37.96406],[-1.18032,37.96399],[-1.18049,37.96391],[-1.18054,37.96388],[-1.18069,37.96381],[-1.18101,37.96367],[-1.18132,37.9635],[-1.18152,37.96339],[-1.18165,37.96333],[-1.18177,37.96326],[-1.18184,37.96321],[-1.18198,37.96309],[-1.18211,37.96293],[-1.18222,37.96287],[-1.18231,37.96282],[-1.1826,37.96267],[-1.18287,37.96253],[-1.18314,37.96238],[-1.18326,37.96232],[-1.18356,37.96219],[-1.18366,37.96216],[-1.18394,37.96207],[-1.18417,37.962],[-1.18438,37.96194],[-1.18448,37.96191],[-1.18455,37.96188],[-1.18463,37.96184],[-1.18468,37.96179],[-1.18484,37.96172],[-1.1851,37.96164],[-1.18541,37.96156],[-1.18572,37.96148],[-1.18588,37.96141],[-1.18623,37.96127],[-1.18657,37.96113],[-1.1868,37.96105],[-1.18701,37.96098],[-1.18724,37.96089],[-1.18749,37.96075],[-1.1878,37.96054],[-1.18807,37.96039],[-1.18836,37.96021],[-1.18865,37.96003],[-1.18894,37.95984],[-1.18923,37.95967],[-1.18962,37.95949],[-1.18973,37.95944],[-1.18981,37.95957],[-1.18997,37.9598],[-1.19032,37.96028],[-1.19072,37.96079],[-1.19098,37.96114],[-1.19207,37.96258],[-1.1925,37.96315],[-1.1932,37.96411],[-1.19358,37.96459],[-1.19386,37.96494],[-1.19393,37.96502],[-1.19409,37.96515],[-1.19424,37.96529],[-1.19449,37.96547],[-1.19483,37.96573],[-1.19515,37.96598],[-1.19548,37.96623],[-1.19587,37.96653],[-1.19617,37.96678],[-1.19629,37.96685],[-1.19636,37.9669],[-1.19659,37.967],[-1.19719,37.9672],[-1.19753,37.96729],[-1.19822,37.96744],[-1.19836,37.96748],[-1.19834,37.96748],[-1.19759,37.96787],[-1.19637,37.96857],[-1.19542,37.96899],[-1.19556,37.96932],[-1.19562,37.96946],[-1.19574,37.9697],[-1.19601,37.97029],[-1.19637,37.97092],[-1.19687,37.97193],[-1.19703,37.97232],[-1.19732,37.97298],[-1.19735,37.97309],[-1.19742,37.97334],[-1.19779,37.97455],[-1.19809,37.97536],[-1.19828,37.97586],[-1.19826,37.97604],[-1.1984,37.97628],[-1.19841,37.9763],[-1.19852,37.97632],[-1.19868,37.97637],[-1.19888,37.97644],[-1.19902,37.97642],[-1.19924,37.97632],[-1.19954,37.97615],[-1.19969,37.97623],[-1.19955,37.97632],[-1.19941,37.97648],[-1.19951,37.97674],[-1.19959,37.97686],[-1.19968,37.97699],[-1.19999,37.97773],[-1.20027,37.97833],[-1.1996,37.97853],[-1.1989,37.9787],[-1.19905,37.97919],[-1.19924,37.97968],[-1.20074,37.97939],[-1.20134,37.97948],[-1.20143,37.9795],[-1.20163,37.97916],[-1.2015,37.97947],[-1.20138,37.97984],[-1.20129,37.98011],[-1.20124,37.98041],[-1.2011,37.98091],[-1.20102,37.9811],[-1.20094,37.9812],[-1.2006,37.98152],[-1.20025,37.98184],[-1.19983,37.98234],[-1.19951,37.98287],[-1.19928,37.98321],[-1.19909,37.98346],[-1.19897,37.9836],[-1.19873,37.98365],[-1.19839,37.9835],[-1.19747,37.98323],[-1.19611,37.98277],[-1.19557,37.98268],[-1.19453,37.98262],[-1.19344,37.98269],[-1.19267,37.98289],[-1.19173,37.98323],[-1.1908,37.98326],[-1.19009,37.98329],[-1.18933,37.98306],[-1.18912,37.98271],[-1.18886,37.98214],[-1.18855,37.98162],[-1.18793,37.98117],[-1.18791,37.9813],[-1.18771,37.98134],[-1.18755,37.98142],[-1.18743,37.98156],[-1.18729,37.98175],[-1.18716,37.98202],[-1.18703,37.98236],[-1.18688,37.98295],[-1.18679,37.98355],[-1.18671,37.98401],[-1.18662,37.98422],[-1.18651,37.98433],[-1.18634,37.98438],[-1.18615,37.98437],[-1.18615,37.98453],[-1.18615,37.98459],[-1.18621,37.98472],[-1.18627,37.98486],[-1.18629,37.98492],[-1.18635,37.98497],[-1.18639,37.98507],[-1.18643,37.98527],[-1.18648,37.98548],[-1.18657,37.98568],[-1.18629,37.98577],[-1.18609,37.98579],[-1.18593,37.98582],[-1.18558,37.98591],[-1.18509,37.98601],[-1.18512,37.98605],[-1.18516,37.98627],[-1.1852,37.98645],[-1.18525,37.98659],[-1.18528,37.98673],[-1.18561,37.98666],[-1.18577,37.98665],[-1.18596,37.9866],[-1.18628,37.98756],[-1.18631,37.98764],[-1.18624,37.98767],[-1.18613,37.98767],[-1.186,37.98772],[-1.18586,37.98782],[-1.18569,37.98789],[-1.18552,37.98795],[-1.18525,37.98801],[-1.18508,37.98804],[-1.18492,37.98806],[-1.18477,37.98813],[-1.18466,37.98817],[-1.18456,37.9882],[-1.18432,37.98827],[-1.18423,37.98829],[-1.18408,37.98838],[-1.18394,37.98845],[-1.18382,37.98854],[-1.1837,37.9886],[-1.18327,37.98869],[-1.18303,37.98876],[-1.18272,37.98886],[-1.18255,37.98891],[-1.18232,37.98887],[-1.18214,37.98885],[-1.182,37.98883],[-1.18171,37.9889],[-1.18155,37.9889],[-1.18119,37.98888],[-1.1807,37.98881],[-1.18048,37.98882],[-1.18023,37.98885],[-1.17997,37.98902],[-1.17984,37.98906],[-1.17974,37.98905],[-1.17958,37.98903],[-1.17938,37.98896],[-1.17931,37.98896],[-1.17923,37.98902],[-1.17912,37.98915],[-1.17904,37.98931],[-1.17895,37.9894],[-1.17884,37.98942],[-1.17866,37.98951],[-1.17852,37.98963],[-1.17843,37.9897],[-1.17828,37.98979],[-1.17813,37.98987],[-1.17803,37.98992],[-1.17798,37.98998],[-1.17794,37.99007],[-1.17791,37.99013],[-1.1778,37.9902],[-1.17761,37.99026],[-1.17746,37.99031],[-1.17736,37.99032],[-1.17722,37.99034],[-1.17708,37.99035],[-1.17698,37.99046],[-1.17681,37.99065],[-1.17666,37.99075],[-1.17643,37.99091],[-1.17619,37.99108],[-1.17595,37.99119],[-1.17588,37.99124],[-1.17578,37.99125],[-1.17566,37.99121],[-1.17558,37.99111],[-1.17553,37.99106],[-1.17547,37.99105],[-1.17537,37.99105],[-1.17526,37.99108],[-1.17518,37.99109],[-1.17512,37.99106],[-1.17497,37.99089],[-1.17494,37.99081],[-1.17494,37.9907],[-1.17496,37.99059],[-1.17495,37.99047],[-1.17489,37.99043],[-1.17481,37.99037],[-1.17443,37.9902],[-1.174,37.99001],[-1.17379,37.98995],[-1.17364,37.98994],[-1.17331,37.99004],[-1.17327,37.99004],[-1.17326,37.99009],[-1.1731,37.99016],[-1.17253,37.9905],[-1.17221,37.99042],[-1.17118,37.99017],[-1.17054,37.99004],[-1.16975,37.98988],[-1.1694,37.98989],[-1.16905,37.98982],[-1.16902,37.98977],[-1.16907,37.98967],[-1.16912,37.98958],[-1.16912,37.98954],[-1.16903,37.9895],[-1.16898,37.9895],[-1.16884,37.98947],[-1.16868,37.98939],[-1.16858,37.98926],[-1.16851,37.98926],[-1.16806,37.98931],[-1.16795,37.98931],[-1.16745,37.98925],[-1.16693,37.98923],[-1.16668,37.98921],[-1.16625,37.9892],[-1.16605,37.98921],[-1.16586,37.98921],[-1.16487,37.98911],[-1.16426,37.98904],[-1.16407,37.98903],[-1.16415,37.98933],[-1.1642,37.98952],[-1.16436,37.99004],[-1.16451,37.99054],[-1.16461,37.99088],[-1.16463,37.99098],[-1.16464,37.99106],[-1.16468,37.99115],[-1.16478,37.99135],[-1.16495,37.99174],[-1.1651,37.99207],[-1.16523,37.99239],[-1.16527,37.99251],[-1.16544,37.99297],[-1.16547,37.9931],[-1.16556,37.99335],[-1.16567,37.99365],[-1.1659,37.99423],[-1.16614,37.9948],[-1.16618,37.99491],[-1.16625,37.99513],[-1.1663,37.99534],[-1.16635,37.99551],[-1.16639,37.99572],[-1.16647,37.99601],[-1.16654,37.99618],[-1.16667,37.99655],[-1.16671,37.99664],[-1.16677,37.9968],[-1.16681,37.99689],[-1.16655,37.99695],[-1.16641,37.997],[-1.16622,37.99707],[-1.1661,37.99712],[-1.16604,37.99716],[-1.16586,37.99726],[-1.16564,37.99737],[-1.16545,37.99747],[-1.16535,37.99751],[-1.1653,37.99755],[-1.16526,37.99758],[-1.16504,37.99778],[-1.16497,37.99786],[-1.16492,37.9979],[-1.16486,37.99793],[-1.16476,37.99794],[-1.16469,37.99792],[-1.1646,37.99788],[-1.16437,37.99774],[-1.16396,37.9975],[-1.16386,37.99745],[-1.16375,37.99746],[-1.16359,37.99758],[-1.16348,37.99764],[-1.16336,37.99769],[-1.16324,37.99773],[-1.16315,37.99779],[-1.16276,37.99802],[-1.1626,37.99811],[-1.16247,37.99818],[-1.16228,37.99829],[-1.16197,37.99846],[-1.16178,37.99855],[-1.16168,37.99858],[-1.16157,37.99861],[-1.16144,37.99862],[-1.1612,37.99864],[-1.16104,37.99868],[-1.16098,37.99872],[-1.16085,37.99882],[-1.16077,37.99888],[-1.16064,37.99893],[-1.16047,37.99899],[-1.16032,37.99905],[-1.16019,37.9991],[-1.15992,37.99925],[-1.15978,37.99933],[-1.15969,37.99939],[-1.15962,37.9995],[-1.15958,37.99956],[-1.15953,37.9996],[-1.15947,37.99962],[-1.15925,37.99963],[-1.15878,37.9997],[-1.15866,37.99973],[-1.15849,37.9998],[-1.15831,37.9999],[-1.15808,38.00001],[-1.15796,38.00006],[-1.15773,38.00017],[-1.15763,38.00027],[-1.15712,38.00058],[-1.15715,38.00069],[-1.15696,38.00079],[-1.15687,38.00083],[-1.15518,38.0002],[-1.15288,37.99924],[-1.15165,37.99819],[-1.15079,37.99746],[-1.15013,37.99669],[-1.14931,37.99573],[-1.14918,37.9956],[-1.14914,37.99557],[-1.14849,37.99494],[-1.14802,37.99447],[-1.14802,37.99447],[-1.14728,37.99331],[-1.147,37.99288],[-1.14684,37.99267],[-1.1467,37.99247],[-1.14657,37.9923],[-1.14648,37.99219],[-1.14639,37.99207],[-1.14639,37.99206],[-1.14639,37.99206],[-1.14635,37.99199],[-1.14616,37.99174],[-1.14451,37.98955],[-1.14445,37.98947],[-1.14445,37.98947],[-1.14444,37.98945],[-1.14433,37.98931],[-1.14438,37.98929],[-1.14396,37.98866],[-1.1436,37.98814],[-1.14356,37.98808],[-1.14346,37.98794],[-1.14298,37.98724],[-1.14297,37.98723],[-1.14293,37.98716],[-1.14282,37.987],[-1.14246,37.98644],[-1.14203,37.9858],[-1.14194,37.98566],[-1.14164,37.98522],[-1.14157,37.98511],[-1.14147,37.98495],[-1.14091,37.98408],[-1.14031,37.98317],[-1.14017,37.98298],[-1.14065,37.98299],[-1.14084,37.98299],[-1.14107,37.98282],[-1.14124,37.98263],[-1.14128,37.98228],[-1.14109,37.98197],[-1.14079,37.98187],[-1.14035,37.9818],[-1.13985,37.98186],[-1.13954,37.9819],[-1.13925,37.98152],[-1.13925,37.98152],[-1.13956,37.98139],[-1.14017,37.98138],[-1.14094,37.98139],[-1.14147,37.98137],[-1.14135,37.98036],[-1.14137,37.98035],[-1.14193,37.98011],[-1.14193,37.98011],[-1.14202,37.98008],[-1.14203,37.98009],[-1.14203,37.98009],[-1.14243,37.98042],[-1.14251,37.98047],[-1.14351,37.98112],[-1.14435,37.98162],[-1.14448,37.98169],[-1.14463,37.98145],[-1.14472,37.98134],[-1.14479,37.98129],[-1.145,37.98115],[-1.14517,37.981],[-1.1453,37.98086],[-1.14539,37.98073],[-1.14545,37.9806],[-1.14551,37.98048],[-1.14552,37.98042],[-1.14563,37.98031],[-1.14572,37.98018],[-1.14576,37.98011],[-1.14583,37.98003],[-1.14587,37.97997],[-1.14597,37.97989],[-1.14604,37.97981],[-1.14609,37.97971],[-1.1461,37.97965],[-1.14616,37.97957],[-1.14619,37.97951],[-1.14621,37.97942],[-1.14625,37.97936],[-1.14629,37.97927],[-1.14635,37.9792],[-1.14638,37.97912],[-1.1464,37.97907],[-1.14637,37.97899],[-1.14631,37.97893],[-1.14626,37.97891],[-1.14613,37.97886],[-1.14601,37.97883],[-1.14591,37.9788],[-1.14585,37.97878],[-1.14583,37.97872],[-1.14581,37.97865],[-1.14582,37.97858],[-1.14584,37.9785],[-1.14585,37.97841],[-1.14582,37.97824],[-1.14583,37.97814],[-1.14584,37.97803],[-1.14586,37.97787],[-1.14589,37.97781],[-1.14595,37.97775],[-1.14606,37.97772],[-1.14613,37.97773],[-1.14621,37.97773],[-1.14629,37.97772],[-1.14638,37.97769],[-1.14644,37.97766],[-1.14653,37.97763],[-1.14661,37.97763],[-1.14671,37.97759],[-1.14681,37.97754],[-1.14701,37.97741],[-1.14709,37.97734],[-1.14713,37.97727],[-1.14717,37.97717],[-1.14714,37.97711],[-1.14708,37.97704],[-1.14703,37.97702],[-1.1468,37.97701],[-1.14668,37.977],[-1.1466,37.97699],[-1.14654,37.97696],[-1.14644,37.97689],[-1.1464,37.97687],[-1.14639,37.97679],[-1.14656,37.97663],[-1.14672,37.97641],[-1.14682,37.97632],[-1.14687,37.97629],[-1.14696,37.97627],[-1.1471,37.97628],[-1.14734,37.97632],[-1.14751,37.97632],[-1.14776,37.97627],[-1.148,37.97625],[-1.14819,37.97626],[-1.14843,37.9763],[-1.14852,37.97631],[-1.14871,37.97632],[-1.14901,37.97634],[-1.14914,37.97637],[-1.14924,37.97647],[-1.1494,37.97664],[-1.14962,37.97666],[-1.14981,37.97666],[-1.14992,37.97662],[-1.15003,37.9766],[-1.15001,37.97627],[-1.15007,37.97575],[-1.14997,37.97559],[-1.14995,37.97549],[-1.14997,37.97542],[-1.14999,37.97535],[-1.14998,37.97524],[-1.14996,37.97518],[-1.14993,37.97511],[-1.14992,37.97503],[-1.14992,37.97491],[-1.14982,37.97469],[-1.14981,37.97467],[-1.14984,37.97452],[-1.14987,37.97445],[-1.14995,37.97422],[-1.14992,37.97416],[-1.14993,37.974],[-1.14995,37.97395],[-1.14998,37.9739],[-1.15005,37.97381],[-1.15007,37.97376],[-1.1501,37.97364],[-1.15013,37.97358],[-1.15014,37.97352],[-1.15015,37.97347],[-1.15015,37.97338],[-1.15014,37.9733],[-1.15018,37.97321],[-1.15023,37.97312],[-1.15024,37.97302],[-1.15021,37.97293],[-1.15027,37.97287],[-1.15033,37.97284],[-1.15044,37.97279],[-1.15054,37.97274],[-1.1506,37.9727],[-1.15065,37.97266],[-1.1507,37.9726],[-1.15074,37.97255],[-1.15079,37.97252],[-1.15089,37.9725],[-1.15097,37.97244],[-1.15103,37.97239],[-1.1511,37.97234],[-1.15114,37.97229],[-1.15119,37.97221],[-1.15119,37.97216],[-1.15119,37.97211],[-1.15123,37.97203],[-1.1513,37.972],[-1.15134,37.97195],[-1.15135,37.97186],[-1.15138,37.97182],[-1.15144,37.97176],[-1.15151,37.97172],[-1.15164,37.97166],[-1.15174,37.97165],[-1.15181,37.97164],[-1.15186,37.97162],[-1.1519,37.97153],[-1.1519,37.97146],[-1.15187,37.97138],[-1.15184,37.97133],[-1.15183,37.97124],[-1.15185,37.97119],[-1.15183,37.9711],[-1.15181,37.97102],[-1.15181,37.97095],[-1.15184,37.97089],[-1.15182,37.97083],[-1.1518,37.97078],[-1.15179,37.97074],[-1.1518,37.97066],[-1.15178,37.97057],[-1.15176,37.97052],[-1.15176,37.97046],[-1.15175,37.97039],[-1.15174,37.97034],[-1.15171,37.97026],[-1.15169,37.97022],[-1.15167,37.97016],[-1.15167,37.97008],[-1.15167,37.97],[-1.15167,37.96993],[-1.15151,37.96968],[-1.15142,37.96974],[-1.15124,37.96985],[-1.15107,37.96997],[-1.15083,37.97013],[-1.15066,37.97024],[-1.15056,37.97032],[-1.15039,37.97043],[-1.15021,37.97056],[-1.15006,37.97066],[-1.14995,37.97073],[-1.14974,37.97087],[-1.14962,37.97095],[-1.14957,37.97099],[-1.14948,37.97103],[-1.14938,37.97108],[-1.14932,37.97111],[-1.14923,37.97116],[-1.14917,37.97119],[-1.14908,37.97122],[-1.14899,37.97126],[-1.14889,37.97131],[-1.1488,37.97135],[-1.14867,37.97142],[-1.14854,37.97148],[-1.14843,37.97156],[-1.14835,37.97162],[-1.1483,37.97166],[-1.14827,37.97173],[-1.14826,37.97176],[-1.14825,37.9718],[-1.14824,37.97187],[-1.14823,37.97209],[-1.14823,37.97222],[-1.14823,37.97231],[-1.14823,37.97241],[-1.14822,37.97244],[-1.14821,37.97246],[-1.14815,37.97257],[-1.14809,37.97266],[-1.14804,37.97272],[-1.14797,37.97278],[-1.14789,37.97285],[-1.14782,37.9729],[-1.14775,37.97296],[-1.14767,37.97301],[-1.14756,37.97307],[-1.1475,37.97311],[-1.14745,37.97314],[-1.14741,37.97316],[-1.14735,37.9732],[-1.14722,37.97328],[-1.14697,37.97343],[-1.14693,37.97345],[-1.14692,37.97346],[-1.14692,37.97346],[-1.14692,37.97346],[-1.14688,37.97349],[-1.14682,37.97352],[-1.14676,37.97356],[-1.14671,37.97359],[-1.14664,37.97363],[-1.14661,37.97365],[-1.14658,37.97366],[-1.14655,37.97368],[-1.14649,37.97372],[-1.14641,37.97376],[-1.14633,37.9738],[-1.14623,37.97386],[-1.14613,37.97391],[-1.14605,37.97395],[-1.14598,37.97399],[-1.14588,37.97405],[-1.14578,37.9741],[-1.1457,37.97415],[-1.14561,37.97401],[-1.14553,37.97389],[-1.1455,37.97383],[-1.14547,37.97379],[-1.14544,37.97375],[-1.14539,37.97368],[-1.14537,37.97368],[-1.14523,37.97372],[-1.14514,37.97372],[-1.14506,37.97371],[-1.14494,37.9737],[-1.14486,37.9737],[-1.14479,37.9737],[-1.14467,37.9737],[-1.14459,37.97372],[-1.14449,37.97377],[-1.1443,37.97374],[-1.14414,37.9737],[-1.14404,37.97368],[-1.144,37.97367],[-1.14403,37.97361],[-1.14406,37.97354],[-1.14406,37.97352],[-1.14405,37.97337],[-1.14404,37.9732],[-1.14403,37.97296],[-1.14401,37.97274],[-1.14399,37.97257],[-1.14397,37.97247],[-1.14392,37.9722],[-1.14386,37.9719],[-1.14382,37.97174],[-1.14381,37.97154],[-1.14378,37.97121],[-1.14378,37.97107],[-1.14377,37.97094],[-1.14378,37.9709],[-1.1438,37.97075],[-1.1438,37.97052],[-1.1438,37.97026],[-1.1438,37.97011],[-1.14379,37.97001],[-1.14376,37.9698],[-1.14373,37.96958],[-1.14372,37.96948],[-1.14366,37.96947],[-1.14325,37.9695],[-1.14306,37.9695],[-1.14295,37.96945],[-1.14292,37.96943],[-1.14283,37.96936],[-1.14276,37.96934],[-1.14228,37.9694],[-1.14206,37.96942],[-1.14197,37.9694],[-1.14177,37.96926],[-1.14158,37.9691],[-1.14149,37.96903],[-1.14139,37.96895],[-1.14124,37.96889],[-1.14112,37.96884],[-1.14101,37.9688],[-1.14095,37.96879],[-1.14094,37.96879],[-1.14094,37.96879],[-1.14084,37.96892],[-1.14058,37.9693],[-1.14049,37.96923],[-1.14047,37.96917],[-1.14042,37.96898],[-1.14036,37.96872],[-1.14027,37.9684],[-1.14022,37.96824],[-1.14006,37.96811],[-1.13924,37.96905],[-1.13923,37.96903],[-1.13903,37.96874],[-1.13873,37.9681],[-1.13869,37.96786],[-1.13867,37.96775],[-1.13867,37.96743],[-1.13865,37.96715],[-1.13862,37.96695],[-1.13846,37.96629],[-1.13841,37.96611],[-1.13834,37.96585],[-1.13825,37.96535],[-1.13822,37.9652],[-1.13817,37.96482],[-1.13815,37.96471],[-1.13802,37.96377],[-1.13785,37.96303],[-1.13764,37.96231],[-1.13758,37.96207],[-1.13738,37.96141],[-1.13708,37.96031],[-1.13693,37.95986],[-1.13683,37.95954],[-1.1367,37.95916],[-1.13655,37.95874],[-1.1364,37.9583],[-1.13633,37.95811],[-1.13625,37.95788],[-1.13619,37.95772],[-1.13615,37.95764],[-1.13607,37.95745],[-1.13598,37.95712],[-1.13589,37.95673],[-1.13588,37.95662],[-1.13585,37.95629],[-1.13584,37.95596],[-1.13584,37.95556],[-1.13585,37.95473],[-1.13635,37.9547],[-1.13662,37.95469],[-1.13724,37.95463],[-1.13776,37.95456],[-1.13863,37.95459],[-1.13915,37.95479],[-1.1395,37.95494],[-1.13962,37.95499],[-1.1397,37.95499],[-1.13986,37.9554],[-1.13992,37.95539],[-1.14001,37.95542],[-1.14013,37.95548],[-1.14019,37.95552],[-1.14029,37.95556],[-1.14037,37.95559],[-1.14044,37.9556],[-1.14078,37.95562],[-1.14087,37.95562],[-1.14105,37.95563],[-1.14115,37.95565],[-1.14123,37.95567],[-1.14139,37.95573],[-1.14163,37.95585],[-1.14177,37.95594],[-1.14189,37.956],[-1.14202,37.9561],[-1.1421,37.95616],[-1.14219,37.9562],[-1.14227,37.95622],[-1.14244,37.95626],[-1.14254,37.95629],[-1.14268,37.95633],[-1.14277,37.95639],[-1.14291,37.95644],[-1.14305,37.95647],[-1.14315,37.95647],[-1.14334,37.95649],[-1.14353,37.95651],[-1.1436,37.95651],[-1.14368,37.95651],[-1.14378,37.95649],[-1.14387,37.95647],[-1.14393,37.95647],[-1.14402,37.95647],[-1.14412,37.95648],[-1.14442,37.95651],[-1.14471,37.95654],[-1.14491,37.95655],[-1.14523,37.9566],[-1.14531,37.9566],[-1.14539,37.95661],[-1.1456,37.95662],[-1.1457,37.95661],[-1.14589,37.95663],[-1.14579,37.95616],[-1.14574,37.95586],[-1.14571,37.95573],[-1.14564,37.95531],[-1.14556,37.95489],[-1.14546,37.95435],[-1.14543,37.95418],[-1.14532,37.95363],[-1.14528,37.95342],[-1.14526,37.95327],[-1.14524,37.95319],[-1.14523,37.95313],[-1.14513,37.9526],[-1.14511,37.95252],[-1.14511,37.95248],[-1.14506,37.95212],[-1.14506,37.95205],[-1.14504,37.9519],[-1.14502,37.95177],[-1.14502,37.95172],[-1.14496,37.95118],[-1.14494,37.95101],[-1.14492,37.95091],[-1.14491,37.9508],[-1.14486,37.95049],[-1.14484,37.95031],[-1.14483,37.95022],[-1.14481,37.95006],[-1.14479,37.94999],[-1.14476,37.94985],[-1.14474,37.94974],[-1.14472,37.94962],[-1.14471,37.94951],[-1.14467,37.94927],[-1.14465,37.94911],[-1.14462,37.94888],[-1.14458,37.94864],[-1.14455,37.9484],[-1.14454,37.94833],[-1.14454,37.9481],[-1.14454,37.94806],[-1.14454,37.94801],[-1.14453,37.94793],[-1.14446,37.94775],[-1.14612,37.94738],[-1.14841,37.94683],[-1.15051,37.94633],[-1.15091,37.9487],[-1.15115,37.95022],[-1.15122,37.95104],[-1.15126,37.95141],[-1.15199,37.95224],[-1.15249,37.95299],[-1.1528,37.95338],[-1.15285,37.95344],[-1.15382,37.9539],[-1.15461,37.95429],[-1.15472,37.95432],[-1.15696,37.95484],[-1.15714,37.95487],[-1.15782,37.95501],[-1.15828,37.95512],[-1.15859,37.95523],[-1.15872,37.95531],[-1.15925,37.95543],[-1.16199,37.95608],[-1.16207,37.95609],[-1.16243,37.95617],[-1.16306,37.95628],[-1.16321,37.95631],[-1.16382,37.9564],[-1.16392,37.95641],[-1.1645,37.9565],[-1.16515,37.9566],[-1.16615,37.95675],[-1.16694,37.95686],[-1.16728,37.95688],[-1.16749,37.95689],[-1.16796,37.95691],[-1.16859,37.95694],[-1.16878,37.95697],[-1.16895,37.95699],[-1.16906,37.95701],[-1.16927,37.95702],[-1.16948,37.95702],[-1.16988,37.95705],[-1.17003,37.95705],[-1.17086,37.95737]],[[-1.16728,37.96713],[-1.16728,37.96698],[-1.16729,37.96717],[-1.16728,37.96713]]]]}}]}