{"type":"FeatureCollection","name":"GBR_R1920901","crs":{"type":"name","properties":{"name":"urn:ogc:def:crs:OGC:1.3:CRS84"}},"features":[{"type":"Feature","properties":{"uesi_id":"GBR_R1920901","nbhd_code":"GBR_R1920901_1","nbhd_name":"Almond"},"geometry":{"type":"MultiPolygon","coordinates":[[[[-3.344,56.0037,0.0],[-3.3441,56.0036,0.0],[-3.344,56.0036,0.0],[-3.3436,56.0035,0.0],[-3.3435,56.0035,0.0],[-3.3433,56.0034,0.0],[-3.3431,56.0034,0.0],[-3.3429,56.0035,0.0],[-3.3422,56.0034,0.0],[-3.3418,56.0033,0.0],[-3.3416,56.0033,0.0],[-3.3415,56.0033,0.0],[-3.3413,56.0034,0.0],[-3.3412,56.0035,0.0],[-3.3411,56.0036,0.0],[-3.341,56.0036,0.0],[-3.3409,56.0036,0.0],[-3.3407,56.0038,0.0],[-3.3406,56.0037,0.0],[-3.3405,56.0037,0.0],[-3.3404,56.0037,0.0],[-3.3403,56.0037,0.0],[-3.3403,56.0035,0.0],[-3.3403,56.0033,0.0],[-3.3403,56.0032,0.0],[-3.3402,56.0032,0.0],[-3.3398,56.003,0.0],[-3.3394,56.0029,0.0],[-3.3389,56.0027,0.0],[-3.3387,56.0026,0.0],[-3.3385,56.0025,0.0],[-3.3382,56.0023,0.0],[-3.3379,56.0023,0.0],[-3.3373,56.0022,0.0],[-3.3365,56.0021,0.0],[-3.3358,56.002,0.0],[-3.3355,56.0019,0.0],[-3.3352,56.0019,0.0],[-3.3343,56.0018,0.0],[-3.3341,56.0017,0.0],[-3.3336,56.0016,0.0],[-3.3334,56.0016,0.0],[-3.3333,56.0015,0.0],[-3.3334,56.0015,0.0],[-3.3335,56.0014,0.0],[-3.3345,56.0016,0.0],[-3.3348,56.0016,0.0],[-3.335,56.0016,0.0],[-3.3351,56.0016,0.0],[-3.3352,56.0017,0.0],[-3.3355,56.0017,0.0],[-3.336,56.0017,0.0],[-3.3363,56.0016,0.0],[-3.3364,56.0016,0.0],[-3.3366,56.0017,0.0],[-3.3368,56.0017,0.0],[-3.3371,56.0017,0.0],[-3.3375,56.0018,0.0],[-3.3376,56.0018,0.0],[-3.3377,56.0017,0.0],[-3.3376,56.0017,0.0],[-3.3375,56.0017,0.0],[-3.3368,56.0016,0.0],[-3.3363,56.0015,0.0],[-3.3361,56.0015,0.0],[-3.3354,56.0013,0.0],[-3.3351,56.0012,0.0],[-3.3348,56.0012,0.0],[-3.3345,56.0011,0.0],[-3.3342,56.0009,0.0],[-3.3335,56.0007,0.0],[-3.3331,56.0005,0.0],[-3.3327,56.0004,0.0],[-3.3324,56.0003,0.0],[-3.3323,56.0003,0.0],[-3.3321,56.0002,0.0],[-3.3319,56.0001,0.0],[-3.3317,56.0001,0.0],[-3.3315,56.0001,0.0],[-3.3312,56.0001,0.0],[-3.331,56.0002,0.0],[-3.3307,56.0002,0.0],[-3.3303,56.0002,0.0],[-3.3302,56.0002,0.0],[-3.3299,56.0002,0.0],[-3.3297,56.0002,0.0],[-3.329,55.9999,0.0],[-3.3289,55.9999,0.0],[-3.3288,56.0,0.0],[-3.3286,55.9999,0.0],[-3.3285,55.9999,0.0],[-3.3283,55.9998,0.0],[-3.3282,55.9997,0.0],[-3.3278,55.9992,0.0],[-3.3278,55.9991,0.0],[-3.3277,55.999,0.0],[-3.3277,55.9989,0.0],[-3.3275,55.9985,0.0],[-3.3273,55.9976,0.0],[-3.3269,55.9968,0.0],[-3.3269,55.9967,0.0],[-3.3267,55.9964,0.0],[-3.3264,55.9961,0.0],[-3.3263,55.9961,0.0],[-3.3261,55.996,0.0],[-3.3253,55.9958,0.0],[-3.3249,55.9957,0.0],[-3.3252,55.9959,0.0],[-3.3257,55.9961,0.0],[-3.3262,55.9961,0.0],[-3.3263,55.9963,0.0],[-3.3265,55.9968,0.0],[-3.3266,55.9969,0.0],[-3.3267,55.9971,0.0],[-3.3268,55.9972,0.0],[-3.327,55.9978,0.0],[-3.3271,55.998,0.0],[-3.3273,55.9986,0.0],[-3.3273,55.9988,0.0],[-3.3274,55.9989,0.0],[-3.3275,55.9992,0.0],[-3.3278,55.9995,0.0],[-3.328,55.9997,0.0],[-3.3282,55.9999,0.0],[-3.3283,56.0001,0.0],[-3.3282,56.0002,0.0],[-3.3281,56.0003,0.0],[-3.3279,56.0003,0.0],[-3.3271,56.0003,0.0],[-3.3267,56.0002,0.0],[-3.3263,56.0001,0.0],[-3.326,56.0001,0.0],[-3.3259,56.0001,0.0],[-3.3258,56.0002,0.0],[-3.3257,56.0002,0.0],[-3.3257,56.0003,0.0],[-3.3258,56.0003,0.0],[-3.326,56.0004,0.0],[-3.3266,56.0003,0.0],[-3.3272,56.0005,0.0],[-3.3271,56.0005,0.0],[-3.3266,56.0005,0.0],[-3.3263,56.0006,0.0],[-3.326,56.0005,0.0],[-3.3258,56.0005,0.0],[-3.3253,56.0005,0.0],[-3.3249,56.0003,0.0],[-3.3244,56.0003,0.0],[-3.3237,56.0003,0.0],[-3.3227,56.0003,0.0],[-3.3228,56.0004,0.0],[-3.3229,56.0005,0.0],[-3.323,56.0006,0.0],[-3.3235,56.0006,0.0],[-3.3239,56.0006,0.0],[-3.3241,56.0006,0.0],[-3.3242,56.0006,0.0],[-3.3243,56.0007,0.0],[-3.3241,56.0007,0.0],[-3.3239,56.0007,0.0],[-3.323,56.0008,0.0],[-3.3228,56.0008,0.0],[-3.3221,56.0006,0.0],[-3.3216,56.0005,0.0],[-3.3213,56.0005,0.0],[-3.3211,56.0004,0.0],[-3.3208,56.0003,0.0],[-3.3206,56.0002,0.0],[-3.3201,56.0001,0.0],[-3.3195,56.0001,0.0],[-3.3185,56.0,0.0],[-3.3184,56.0,0.0],[-3.3183,56.0,0.0],[-3.3183,56.0001,0.0],[-3.3184,56.0002,0.0],[-3.3187,56.0002,0.0],[-3.3195,56.0004,0.0],[-3.3197,56.0004,0.0],[-3.3201,56.0005,0.0],[-3.3205,56.0005,0.0],[-3.3211,56.0006,0.0],[-3.3217,56.0008,0.0],[-3.3216,56.0008,0.0],[-3.3215,56.0009,0.0],[-3.3213,56.0009,0.0],[-3.3211,56.0009,0.0],[-3.3204,56.0009,0.0],[-3.3196,56.0009,0.0],[-3.319,56.0009,0.0],[-3.318,56.0009,0.0],[-3.3173,56.0009,0.0],[-3.3166,56.0009,0.0],[-3.3164,56.0009,0.0],[-3.316,56.0008,0.0],[-3.3156,56.0008,0.0],[-3.3155,56.0008,0.0],[-3.3154,56.0007,0.0],[-3.3153,56.0006,0.0],[-3.3151,56.0004,0.0],[-3.3149,56.0003,0.0],[-3.3148,56.0003,0.0],[-3.3147,56.0003,0.0],[-3.3146,56.0004,0.0],[-3.3145,56.0004,0.0],[-3.3142,56.0005,0.0],[-3.314,56.0005,0.0],[-3.3135,56.0005,0.0],[-3.3133,56.0005,0.0],[-3.3132,56.0005,0.0],[-3.3131,56.0006,0.0],[-3.3132,56.0007,0.0],[-3.3134,56.0007,0.0],[-3.3145,56.0009,0.0],[-3.3146,56.001,0.0],[-3.3147,56.001,0.0],[-3.3147,56.0011,0.0],[-3.3146,56.0011,0.0],[-3.3144,56.0011,0.0],[-3.314,56.0011,0.0],[-3.3137,56.0011,0.0],[-3.313,56.0011,0.0],[-3.3126,56.0011,0.0],[-3.3123,56.0011,0.0],[-3.3117,56.001,0.0],[-3.3111,56.0008,0.0],[-3.311,56.0007,0.0],[-3.3108,56.0005,0.0],[-3.3106,56.0005,0.0],[-3.3104,56.0004,0.0],[-3.3103,56.0003,0.0],[-3.3104,56.0003,0.0],[-3.3107,56.0001,0.0],[-3.3116,56.0,0.0],[-3.3117,55.9999,0.0],[-3.3116,55.9999,0.0],[-3.3113,55.9999,0.0],[-3.3112,55.9999,0.0],[-3.3112,55.9998,0.0],[-3.3112,55.9997,0.0],[-3.3111,55.9997,0.0],[-3.311,55.9998,0.0],[-3.3109,56.0,0.0],[-3.3108,56.0,0.0],[-3.3105,56.0002,0.0],[-3.3102,56.0003,0.0],[-3.31,56.0003,0.0],[-3.3097,56.0003,0.0],[-3.3096,56.0003,0.0],[-3.3094,56.0004,0.0],[-3.3093,56.0005,0.0],[-3.3093,56.0006,0.0],[-3.3097,56.0007,0.0],[-3.311,56.001,0.0],[-3.3111,56.001,0.0],[-3.3112,56.0011,0.0],[-3.3111,56.0011,0.0],[-3.3108,56.0012,0.0],[-3.3094,56.0012,0.0],[-3.3084,56.0012,0.0],[-3.3061,56.0009,0.0],[-3.3023,56.0006,0.0],[-3.3012,56.0005,0.0],[-3.3011,56.0005,0.0],[-3.3011,56.0004,0.0],[-3.3011,56.0003,0.0],[-3.3013,56.0003,0.0],[-3.3015,56.0002,0.0],[-3.302,56.0002,0.0],[-3.3022,56.0002,0.0],[-3.3023,56.0001,0.0],[-3.3022,56.0,0.0],[-3.3021,55.9999,0.0],[-3.3021,55.9998,0.0],[-3.3021,55.9997,0.0],[-3.3022,55.9996,0.0],[-3.3023,55.9995,0.0],[-3.3022,55.9992,0.0],[-3.3022,55.9991,0.0],[-3.3023,55.999,0.0],[-3.3024,55.999,0.0],[-3.3026,55.9992,0.0],[-3.3027,55.9993,0.0],[-3.3029,55.9996,0.0],[-3.303,55.9996,0.0],[-3.3031,55.9996,0.0],[-3.3031,55.9994,0.0],[-3.3032,55.9993,0.0],[-3.3034,55.9993,0.0],[-3.3036,55.9993,0.0],[-3.3038,55.9992,0.0],[-3.304,55.9991,0.0],[-3.3041,55.9992,0.0],[-3.3042,55.9991,0.0],[-3.3046,55.999,0.0],[-3.3051,55.999,0.0],[-3.3052,55.999,0.0],[-3.3053,55.9989,0.0],[-3.3057,55.9987,0.0],[-3.3055,55.9986,0.0],[-3.3053,55.9985,0.0],[-3.3035,55.9985,0.0],[-3.3034,55.9984,0.0],[-3.3037,55.9983,0.0],[-3.3037,55.9981,0.0],[-3.3037,55.998,0.0],[-3.3036,55.998,0.0],[-3.3034,55.9981,0.0],[-3.3032,55.9982,0.0],[-3.303,55.9982,0.0],[-3.3028,55.9983,0.0],[-3.3024,55.9983,0.0],[-3.3016,55.9982,0.0],[-3.301,55.9981,0.0],[-3.3012,55.998,0.0],[-3.3017,55.998,0.0],[-3.3025,55.9979,0.0],[-3.3027,55.9979,0.0],[-3.303,55.9977,0.0],[-3.3034,55.9976,0.0],[-3.3035,55.9976,0.0],[-3.3034,55.9975,0.0],[-3.3033,55.9975,0.0],[-3.3022,55.9976,0.0],[-3.3015,55.9977,0.0],[-3.3003,55.9978,0.0],[-3.2999,55.9978,0.0],[-3.2998,55.9978,0.0],[-3.2997,55.9977,0.0],[-3.2999,55.9977,0.0],[-3.3003,55.9977,0.0],[-3.3016,55.9974,0.0],[-3.3023,55.9972,0.0],[-3.3025,55.9971,0.0],[-3.3025,55.997,0.0],[-3.3026,55.997,0.0],[-3.3029,55.9969,0.0],[-3.3031,55.9967,0.0],[-3.3029,55.9968,0.0],[-3.3025,55.9968,0.0],[-3.3023,55.9968,0.0],[-3.3019,55.9968,0.0],[-3.3018,55.9969,0.0],[-3.3015,55.9969,0.0],[-3.3008,55.997,0.0],[-3.3002,55.997,0.0],[-3.3001,55.997,0.0],[-3.3,55.997,0.0],[-3.2999,55.9969,0.0],[-3.2998,55.9969,0.0],[-3.2998,55.9968,0.0],[-3.3,55.9967,0.0],[-3.3002,55.9967,0.0],[-3.3003,55.9967,0.0],[-3.3006,55.9966,0.0],[-3.3007,55.9965,0.0],[-3.3006,55.9964,0.0],[-3.3002,55.9964,0.0],[-3.2997,55.9964,0.0],[-3.2994,55.9964,0.0],[-3.2993,55.9964,0.0],[-3.2992,55.9963,0.0],[-3.2996,55.9961,0.0],[-3.2992,55.9961,0.0],[-3.2991,55.9961,0.0],[-3.2985,55.9961,0.0],[-3.2982,55.996,0.0],[-3.2981,55.996,0.0],[-3.2981,55.9959,0.0],[-3.2983,55.9958,0.0],[-3.298,55.9958,0.0],[-3.2978,55.9957,0.0],[-3.2975,55.9956,0.0],[-3.2973,55.9955,0.0],[-3.2971,55.9955,0.0],[-3.2968,55.9956,0.0],[-3.2962,55.9955,0.0],[-3.2954,55.9953,0.0],[-3.2953,55.9953,0.0],[-3.2948,55.9954,0.0],[-3.2947,55.9954,0.0],[-3.2947,55.9953,0.0],[-3.2946,55.9953,0.0],[-3.2945,55.9952,0.0],[-3.2944,55.9952,0.0],[-3.2941,55.9952,0.0],[-3.294,55.9952,0.0],[-3.2937,55.9952,0.0],[-3.2934,55.9952,0.0],[-3.2932,55.9953,0.0],[-3.2932,55.9952,0.0],[-3.293,55.9952,0.0],[-3.2928,55.9952,0.0],[-3.2927,55.9952,0.0],[-3.2926,55.9952,0.0],[-3.2925,55.9952,0.0],[-3.2921,55.9954,0.0],[-3.2916,55.9955,0.0],[-3.2913,55.9955,0.0],[-3.2907,55.9956,0.0],[-3.2904,55.9956,0.0],[-3.2899,55.9956,0.0],[-3.2896,55.9956,0.0],[-3.2893,55.9956,0.0],[-3.2892,55.9956,0.0],[-3.2886,55.9956,0.0],[-3.2883,55.9956,0.0],[-3.2881,55.9956,0.0],[-3.288,55.9956,0.0],[-3.2877,55.9953,0.0],[-3.2874,55.9952,0.0],[-3.2874,55.9951,0.0],[-3.2873,55.995,0.0],[-3.2872,55.9949,0.0],[-3.2872,55.9948,0.0],[-3.2873,55.9945,0.0],[-3.2874,55.9945,0.0],[-3.2874,55.9944,0.0],[-3.2873,55.994,0.0],[-3.2873,55.9936,0.0],[-3.2873,55.9934,0.0],[-3.2871,55.9932,0.0],[-3.2871,55.9931,0.0],[-3.2864,55.9929,0.0],[-3.2862,55.9927,0.0],[-3.2863,55.9926,0.0],[-3.2864,55.9925,0.0],[-3.2865,55.9923,0.0],[-3.2866,55.9922,0.0],[-3.2866,55.992,0.0],[-3.2865,55.9922,0.0],[-3.2864,55.9923,0.0],[-3.2862,55.9924,0.0],[-3.2861,55.9925,0.0],[-3.286,55.9925,0.0],[-3.2858,55.9924,0.0],[-3.2857,55.9924,0.0],[-3.2856,55.9923,0.0],[-3.2857,55.9922,0.0],[-3.2858,55.9922,0.0],[-3.286,55.9923,0.0],[-3.2861,55.9922,0.0],[-3.2859,55.9921,0.0],[-3.2858,55.9921,0.0],[-3.2856,55.992,0.0],[-3.2855,55.992,0.0],[-3.2853,55.9919,0.0],[-3.2853,55.9918,0.0],[-3.2855,55.9918,0.0],[-3.2859,55.992,0.0],[-3.2861,55.992,0.0],[-3.2861,55.9919,0.0],[-3.2857,55.9917,0.0],[-3.2855,55.9916,0.0],[-3.2851,55.9915,0.0],[-3.2851,55.9913,0.0],[-3.2848,55.9911,0.0],[-3.2848,55.991,0.0],[-3.2849,55.991,0.0],[-3.285,55.9909,0.0],[-3.2851,55.9909,0.0],[-3.2852,55.991,0.0],[-3.2855,55.9911,0.0],[-3.2856,55.9911,0.0],[-3.2854,55.9909,0.0],[-3.2853,55.9909,0.0],[-3.2851,55.9908,0.0],[-3.2849,55.9908,0.0],[-3.2848,55.9908,0.0],[-3.2845,55.9906,0.0],[-3.2841,55.9904,0.0],[-3.284,55.9903,0.0],[-3.2838,55.9901,0.0],[-3.2834,55.9899,0.0],[-3.2833,55.9898,0.0],[-3.2831,55.9897,0.0],[-3.2828,55.9895,0.0],[-3.2828,55.9894,0.0],[-3.2829,55.9894,0.0],[-3.283,55.9894,0.0],[-3.2833,55.9894,0.0],[-3.2836,55.9896,0.0],[-3.2837,55.9896,0.0],[-3.2837,55.9895,0.0],[-3.2836,55.9894,0.0],[-3.2835,55.9893,0.0],[-3.2834,55.9891,0.0],[-3.2834,55.989,0.0],[-3.2825,55.9887,0.0],[-3.2823,55.9887,0.0],[-3.282,55.9885,0.0],[-3.2819,55.9883,0.0],[-3.2818,55.9882,0.0],[-3.2816,55.9882,0.0],[-3.2816,55.9883,0.0],[-3.2815,55.9883,0.0],[-3.2814,55.9883,0.0],[-3.2811,55.9882,0.0],[-3.2802,55.9878,0.0],[-3.2802,55.9877,0.0],[-3.2803,55.9876,0.0],[-3.2798,55.9874,0.0],[-3.2798,55.9873,0.0],[-3.2798,55.9872,0.0],[-3.2795,55.987,0.0],[-3.2795,55.9869,0.0],[-3.2794,55.9868,0.0],[-3.2791,55.9867,0.0],[-3.2787,55.9866,0.0],[-3.2786,55.9864,0.0],[-3.2783,55.9862,0.0],[-3.2775,55.9858,0.0],[-3.2772,55.9857,0.0],[-3.2758,55.985,0.0],[-3.2751,55.9847,0.0],[-3.2751,55.9846,0.0],[-3.2753,55.9847,0.0],[-3.2754,55.9846,0.0],[-3.2752,55.9845,0.0],[-3.275,55.9845,0.0],[-3.2748,55.9844,0.0],[-3.2744,55.9842,0.0],[-3.2742,55.984,0.0],[-3.2738,55.9839,0.0],[-3.2736,55.9838,0.0],[-3.2731,55.9836,0.0],[-3.2728,55.9835,0.0],[-3.2719,55.9833,0.0],[-3.2717,55.9832,0.0],[-3.2716,55.9831,0.0],[-3.2717,55.9828,0.0],[-3.2717,55.9827,0.0],[-3.2715,55.9825,0.0],[-3.2713,55.9823,0.0],[-3.2711,55.9823,0.0],[-3.2713,55.9824,0.0],[-3.2715,55.9826,0.0],[-3.2716,55.9827,0.0],[-3.2716,55.9828,0.0],[-3.2715,55.983,0.0],[-3.2714,55.9831,0.0],[-3.2711,55.9831,0.0],[-3.2709,55.9832,0.0],[-3.2708,55.9832,0.0],[-3.2707,55.9831,0.0],[-3.2706,55.983,0.0],[-3.2703,55.9828,0.0],[-3.27,55.9826,0.0],[-3.2696,55.9826,0.0],[-3.2695,55.9826,0.0],[-3.2693,55.9826,0.0],[-3.2691,55.9825,0.0],[-3.2687,55.9824,0.0],[-3.2686,55.9824,0.0],[-3.2684,55.9824,0.0],[-3.268,55.9824,0.0],[-3.2677,55.9824,0.0],[-3.2674,55.9824,0.0],[-3.2671,55.9823,0.0],[-3.2667,55.9823,0.0],[-3.2664,55.9822,0.0],[-3.2658,55.9819,0.0],[-3.2655,55.9817,0.0],[-3.2653,55.9815,0.0],[-3.2651,55.9814,0.0],[-3.265,55.9813,0.0],[-3.2649,55.9812,0.0],[-3.265,55.9811,0.0],[-3.2651,55.9811,0.0],[-3.2658,55.981,0.0],[-3.2659,55.981,0.0],[-3.2658,55.9809,0.0],[-3.2657,55.9809,0.0],[-3.2654,55.9809,0.0],[-3.2652,55.9809,0.0],[-3.2651,55.9809,0.0],[-3.2647,55.9809,0.0],[-3.2643,55.9808,0.0],[-3.2638,55.9808,0.0],[-3.2635,55.9808,0.0],[-3.2634,55.9808,0.0],[-3.2632,55.981,0.0],[-3.2631,55.9811,0.0],[-3.263,55.9812,0.0],[-3.263,55.9813,0.0],[-3.2627,55.9814,0.0],[-3.2623,55.9815,0.0],[-3.2621,55.9816,0.0],[-3.2617,55.9818,0.0],[-3.2613,55.9819,0.0],[-3.2612,55.982,0.0],[-3.2611,55.9821,0.0],[-3.2609,55.9821,0.0],[-3.2608,55.9822,0.0],[-3.2606,55.9824,0.0],[-3.2604,55.9825,0.0],[-3.2604,55.9826,0.0],[-3.2605,55.9827,0.0],[-3.2604,55.9827,0.0],[-3.2602,55.9829,0.0],[-3.26,55.9829,0.0],[-3.2598,55.983,0.0],[-3.2597,55.9831,0.0],[-3.2595,55.9831,0.0],[-3.2595,55.9832,0.0],[-3.2596,55.9832,0.0],[-3.2597,55.9833,0.0],[-3.2596,55.9834,0.0],[-3.2594,55.9835,0.0],[-3.2593,55.9836,0.0],[-3.2591,55.9837,0.0],[-3.2589,55.9838,0.0],[-3.2588,55.9838,0.0],[-3.2586,55.9839,0.0],[-3.2584,55.984,0.0],[-3.2582,55.9843,0.0],[-3.2581,55.9844,0.0],[-3.258,55.9845,0.0],[-3.2579,55.9845,0.0],[-3.2576,55.9846,0.0],[-3.2575,55.9847,0.0],[-3.2574,55.9847,0.0],[-3.2574,55.9848,0.0],[-3.2573,55.9848,0.0],[-3.257,55.9848,0.0],[-3.257,55.9849,0.0],[-3.2567,55.9849,0.0],[-3.2566,55.9849,0.0],[-3.2564,55.9848,0.0],[-3.2564,55.9847,0.0],[-3.2564,55.9846,0.0],[-3.2565,55.9845,0.0],[-3.2565,55.9844,0.0],[-3.2566,55.9844,0.0],[-3.2567,55.9844,0.0],[-3.2567,55.9843,0.0],[-3.2568,55.9842,0.0],[-3.2567,55.9842,0.0],[-3.2568,55.9841,0.0],[-3.2568,55.9839,0.0],[-3.2568,55.9838,0.0],[-3.2569,55.9837,0.0],[-3.257,55.9836,0.0],[-3.257,55.9835,0.0],[-3.2569,55.9834,0.0],[-3.2568,55.9834,0.0],[-3.2565,55.9831,0.0],[-3.2562,55.9831,0.0],[-3.256,55.983,0.0],[-3.2557,55.983,0.0],[-3.2553,55.983,0.0],[-3.255,55.983,0.0],[-3.2546,55.983,0.0],[-3.2543,55.983,0.0],[-3.254,55.983,0.0],[-3.2538,55.9829,0.0],[-3.2539,55.9828,0.0],[-3.2543,55.9827,0.0],[-3.2546,55.9828,0.0],[-3.2547,55.9828,0.0],[-3.2547,55.9827,0.0],[-3.2546,55.9827,0.0],[-3.2546,55.9826,0.0],[-3.2549,55.9825,0.0],[-3.2548,55.9824,0.0],[-3.2546,55.9825,0.0],[-3.2545,55.9826,0.0],[-3.2538,55.9828,0.0],[-3.2534,55.983,0.0],[-3.2531,55.983,0.0],[-3.2529,55.9832,0.0],[-3.2528,55.9828,0.0],[-3.2528,55.9827,0.0],[-3.2527,55.9825,0.0],[-3.2527,55.9824,0.0],[-3.2525,55.982,0.0],[-3.2525,55.9817,0.0],[-3.2524,55.9817,0.0],[-3.2524,55.9814,0.0],[-3.2523,55.9811,0.0],[-3.2523,55.981,0.0],[-3.2521,55.9806,0.0],[-3.2521,55.9804,0.0],[-3.2522,55.9803,0.0],[-3.2523,55.9802,0.0],[-3.2524,55.9801,0.0],[-3.2526,55.98,0.0],[-3.2527,55.9799,0.0],[-3.2528,55.9798,0.0],[-3.2529,55.9798,0.0],[-3.2537,55.9796,0.0],[-3.254,55.9795,0.0],[-3.2541,55.9795,0.0],[-3.2543,55.9794,0.0],[-3.2544,55.9794,0.0],[-3.2545,55.9793,0.0],[-3.2546,55.9793,0.0],[-3.2547,55.9792,0.0],[-3.2548,55.979,0.0],[-3.2548,55.9789,0.0],[-3.255,55.9785,0.0],[-3.255,55.9784,0.0],[-3.2552,55.9782,0.0],[-3.2553,55.9781,0.0],[-3.2555,55.978,0.0],[-3.2561,55.9777,0.0],[-3.2555,55.9774,0.0],[-3.2555,55.9773,0.0],[-3.2553,55.9772,0.0],[-3.2552,55.9772,0.0],[-3.255,55.977,0.0],[-3.2549,55.9769,0.0],[-3.2547,55.9766,0.0],[-3.2546,55.9765,0.0],[-3.2544,55.976,0.0],[-3.2542,55.9754,0.0],[-3.2541,55.9752,0.0],[-3.254,55.9752,0.0],[-3.254,55.9751,0.0],[-3.2538,55.975,0.0],[-3.2537,55.9747,0.0],[-3.2535,55.9741,0.0],[-3.2533,55.9737,0.0],[-3.2532,55.9735,0.0],[-3.2531,55.9732,0.0],[-3.253,55.9728,0.0],[-3.2528,55.9724,0.0],[-3.2528,55.9723,0.0],[-3.2527,55.9721,0.0],[-3.2526,55.972,0.0],[-3.2525,55.972,0.0],[-3.2524,55.9718,0.0],[-3.2523,55.9716,0.0],[-3.2521,55.9715,0.0],[-3.2517,55.971,0.0],[-3.2514,55.9707,0.0],[-3.2512,55.9705,0.0],[-3.2512,55.9704,0.0],[-3.2504,55.9694,0.0],[-3.2503,55.9693,0.0],[-3.2494,55.9682,0.0],[-3.2494,55.9681,0.0],[-3.249,55.9676,0.0],[-3.2487,55.9672,0.0],[-3.2486,55.9672,0.0],[-3.2485,55.9672,0.0],[-3.2485,55.9671,0.0],[-3.2492,55.967,0.0],[-3.25,55.9669,0.0],[-3.2501,55.9669,0.0],[-3.2502,55.9669,0.0],[-3.2503,55.9667,0.0],[-3.2505,55.9666,0.0],[-3.2506,55.9666,0.0],[-3.2509,55.9667,0.0],[-3.2511,55.9668,0.0],[-3.2512,55.9668,0.0],[-3.2528,55.9666,0.0],[-3.2529,55.9666,0.0],[-3.2542,55.9664,0.0],[-3.2551,55.9662,0.0],[-3.2558,55.9662,0.0],[-3.2559,55.9661,0.0],[-3.2563,55.9661,0.0],[-3.2567,55.966,0.0],[-3.257,55.966,0.0],[-3.2575,55.9659,0.0],[-3.2576,55.9659,0.0],[-3.2583,55.9659,0.0],[-3.2591,55.9659,0.0],[-3.2594,55.9658,0.0],[-3.2598,55.9658,0.0],[-3.2599,55.9658,0.0],[-3.2605,55.9658,0.0],[-3.2606,55.9658,0.0],[-3.2608,55.9658,0.0],[-3.2611,55.9657,0.0],[-3.2612,55.9656,0.0],[-3.2613,55.9656,0.0],[-3.2613,55.9655,0.0],[-3.2612,55.9654,0.0],[-3.2611,55.9653,0.0],[-3.2611,55.9651,0.0],[-3.261,55.9649,0.0],[-3.2609,55.9647,0.0],[-3.2608,55.9646,0.0],[-3.2608,55.9645,0.0],[-3.2608,55.9644,0.0],[-3.2613,55.9646,0.0],[-3.2614,55.9646,0.0],[-3.2616,55.9646,0.0],[-3.2618,55.9647,0.0],[-3.262,55.9648,0.0],[-3.2622,55.9648,0.0],[-3.2624,55.9649,0.0],[-3.2625,55.9649,0.0],[-3.2627,55.965,0.0],[-3.2629,55.965,0.0],[-3.2629,55.9651,0.0],[-3.2631,55.9651,0.0],[-3.2635,55.9653,0.0],[-3.2637,55.9653,0.0],[-3.2641,55.9654,0.0],[-3.2642,55.9655,0.0],[-3.2644,55.9654,0.0],[-3.2647,55.9653,0.0],[-3.2649,55.9653,0.0],[-3.2654,55.9652,0.0],[-3.2653,55.9651,0.0],[-3.2652,55.965,0.0],[-3.2651,55.9649,0.0],[-3.2651,55.9648,0.0],[-3.265,55.9647,0.0],[-3.265,55.9646,0.0],[-3.2649,55.9646,0.0],[-3.2648,55.9645,0.0],[-3.2648,55.9644,0.0],[-3.2647,55.9643,0.0],[-3.2646,55.9642,0.0],[-3.2646,55.9641,0.0],[-3.2645,55.964,0.0],[-3.2646,55.964,0.0],[-3.2647,55.9639,0.0],[-3.2648,55.9639,0.0],[-3.265,55.9637,0.0],[-3.2646,55.9635,0.0],[-3.2649,55.9632,0.0],[-3.2647,55.9631,0.0],[-3.2645,55.963,0.0],[-3.2644,55.963,0.0],[-3.2645,55.9629,0.0],[-3.2646,55.9629,0.0],[-3.2647,55.9628,0.0],[-3.2651,55.9626,0.0],[-3.2652,55.9625,0.0],[-3.2652,55.9624,0.0],[-3.2653,55.9624,0.0],[-3.2657,55.9625,0.0],[-3.2658,55.9623,0.0],[-3.2659,55.9621,0.0],[-3.2659,55.962,0.0],[-3.2659,55.9619,0.0],[-3.2661,55.962,0.0],[-3.2662,55.962,0.0],[-3.2665,55.962,0.0],[-3.267,55.9621,0.0],[-3.2671,55.9621,0.0],[-3.2673,55.9621,0.0],[-3.2676,55.9621,0.0],[-3.2696,55.9623,0.0],[-3.271,55.9625,0.0],[-3.2712,55.9625,0.0],[-3.2713,55.9625,0.0],[-3.2714,55.9625,0.0],[-3.2715,55.9625,0.0],[-3.2716,55.9625,0.0],[-3.2717,55.9625,0.0],[-3.2718,55.9625,0.0],[-3.2722,55.9626,0.0],[-3.2724,55.9626,0.0],[-3.2725,55.9626,0.0],[-3.2728,55.9626,0.0],[-3.2732,55.9626,0.0],[-3.2737,55.9626,0.0],[-3.2739,55.9626,0.0],[-3.2744,55.9627,0.0],[-3.2747,55.9627,0.0],[-3.2748,55.9627,0.0],[-3.275,55.9627,0.0],[-3.2763,55.9626,0.0],[-3.2767,55.9626,0.0],[-3.2769,55.9626,0.0],[-3.2771,55.9626,0.0],[-3.2782,55.9625,0.0],[-3.28,55.9623,0.0],[-3.2807,55.9623,0.0],[-3.2818,55.9621,0.0],[-3.2827,55.962,0.0],[-3.2828,55.962,0.0],[-3.2829,55.962,0.0],[-3.283,55.962,0.0],[-3.2832,55.962,0.0],[-3.2835,55.9619,0.0],[-3.2839,55.9619,0.0],[-3.2844,55.9618,0.0],[-3.2862,55.9616,0.0],[-3.2889,55.9613,0.0],[-3.2891,55.9613,0.0],[-3.2892,55.9613,0.0],[-3.2899,55.9612,0.0],[-3.291,55.9611,0.0],[-3.2925,55.9609,0.0],[-3.2926,55.9609,0.0],[-3.2929,55.9608,0.0],[-3.2936,55.9608,0.0],[-3.2947,55.9606,0.0],[-3.2965,55.9604,0.0],[-3.2967,55.9604,0.0],[-3.2971,55.9604,0.0],[-3.2977,55.9603,0.0],[-3.2981,55.9603,0.0],[-3.2983,55.9603,0.0],[-3.2985,55.9603,0.0],[-3.299,55.9603,0.0],[-3.2993,55.9603,0.0],[-3.3,55.9603,0.0],[-3.3008,55.9604,0.0],[-3.3009,55.9603,0.0],[-3.301,55.9602,0.0],[-3.3011,55.9602,0.0],[-3.3016,55.96,0.0],[-3.3018,55.96,0.0],[-3.3019,55.9599,0.0],[-3.3021,55.9599,0.0],[-3.3023,55.9598,0.0],[-3.3026,55.9598,0.0],[-3.3028,55.9597,0.0],[-3.303,55.9597,0.0],[-3.3032,55.9596,0.0],[-3.3033,55.9596,0.0],[-3.3034,55.9596,0.0],[-3.3035,55.9595,0.0],[-3.3037,55.9595,0.0],[-3.3039,55.9595,0.0],[-3.304,55.9594,0.0],[-3.3041,55.9594,0.0],[-3.3042,55.9594,0.0],[-3.3043,55.9593,0.0],[-3.3044,55.9593,0.0],[-3.3045,55.9593,0.0],[-3.3046,55.9593,0.0],[-3.3047,55.9593,0.0],[-3.3048,55.9592,0.0],[-3.3049,55.9592,0.0],[-3.305,55.9592,0.0],[-3.3051,55.9592,0.0],[-3.3051,55.9591,0.0],[-3.3052,55.9591,0.0],[-3.3053,55.9592,0.0],[-3.3054,55.9592,0.0],[-3.3056,55.9592,0.0],[-3.3057,55.9592,0.0],[-3.3058,55.9591,0.0],[-3.3059,55.9591,0.0],[-3.3061,55.9591,0.0],[-3.3063,55.9591,0.0],[-3.3065,55.959,0.0],[-3.3066,55.959,0.0],[-3.3067,55.959,0.0],[-3.3069,55.959,0.0],[-3.307,55.9589,0.0],[-3.307,55.9588,0.0],[-3.3071,55.9586,0.0],[-3.3072,55.9585,0.0],[-3.3077,55.9578,0.0],[-3.3078,55.9577,0.0],[-3.3085,55.9567,0.0],[-3.3086,55.9566,0.0],[-3.3096,55.9552,0.0],[-3.3101,55.9545,0.0],[-3.3108,55.9535,0.0],[-3.3114,55.9527,0.0],[-3.3118,55.952,0.0],[-3.3119,55.952,0.0],[-3.3119,55.9519,0.0],[-3.313,55.9504,0.0],[-3.313,55.9503,0.0],[-3.3132,55.9502,0.0],[-3.3133,55.9499,0.0],[-3.3135,55.9497,0.0],[-3.3136,55.9495,0.0],[-3.3137,55.9494,0.0],[-3.3137,55.9493,0.0],[-3.3138,55.9491,0.0],[-3.3139,55.9489,0.0],[-3.314,55.9488,0.0],[-3.3141,55.9486,0.0],[-3.3141,55.9483,0.0],[-3.3142,55.9482,0.0],[-3.3143,55.9478,0.0],[-3.3143,55.9477,0.0],[-3.3143,55.9476,0.0],[-3.3143,55.9475,0.0],[-3.3143,55.9474,0.0],[-3.3144,55.9474,0.0],[-3.3146,55.9475,0.0],[-3.3147,55.9475,0.0],[-3.3158,55.9476,0.0],[-3.3159,55.9476,0.0],[-3.3169,55.9476,0.0],[-3.3171,55.9476,0.0],[-3.3172,55.9476,0.0],[-3.3186,55.9478,0.0],[-3.3186,55.9477,0.0],[-3.3186,55.9475,0.0],[-3.3187,55.9468,0.0],[-3.3188,55.9467,0.0],[-3.3191,55.9446,0.0],[-3.3191,55.9445,0.0],[-3.3191,55.9444,0.0],[-3.3193,55.9442,0.0],[-3.3195,55.944,0.0],[-3.3196,55.9439,0.0],[-3.3199,55.9436,0.0],[-3.32,55.9435,0.0],[-3.3201,55.9434,0.0],[-3.3203,55.9433,0.0],[-3.3196,55.943,0.0],[-3.3193,55.9429,0.0],[-3.3193,55.9428,0.0],[-3.3195,55.9428,0.0],[-3.32,55.9428,0.0],[-3.3202,55.9428,0.0],[-3.3208,55.9428,0.0],[-3.321,55.9428,0.0],[-3.3212,55.9428,0.0],[-3.322,55.9428,0.0],[-3.3219,55.9424,0.0],[-3.3216,55.9418,0.0],[-3.3214,55.9414,0.0],[-3.3214,55.9413,0.0],[-3.3214,55.9412,0.0],[-3.321,55.9412,0.0],[-3.3209,55.9411,0.0],[-3.3207,55.9411,0.0],[-3.3206,55.941,0.0],[-3.3205,55.941,0.0],[-3.3204,55.941,0.0],[-3.3202,55.9409,0.0],[-3.3201,55.9409,0.0],[-3.32,55.9409,0.0],[-3.3198,55.9408,0.0],[-3.3197,55.9408,0.0],[-3.3195,55.9407,0.0],[-3.3193,55.9407,0.0],[-3.3192,55.9407,0.0],[-3.3191,55.9407,0.0],[-3.319,55.9406,0.0],[-3.3189,55.9406,0.0],[-3.3187,55.9406,0.0],[-3.3186,55.9405,0.0],[-3.3185,55.9405,0.0],[-3.3183,55.9405,0.0],[-3.3182,55.9405,0.0],[-3.3182,55.9404,0.0],[-3.3181,55.9404,0.0],[-3.318,55.9404,0.0],[-3.3179,55.9404,0.0],[-3.3178,55.9404,0.0],[-3.3177,55.9403,0.0],[-3.3176,55.9403,0.0],[-3.3174,55.9403,0.0],[-3.318,55.9402,0.0],[-3.3185,55.9401,0.0],[-3.3192,55.94,0.0],[-3.3212,55.9397,0.0],[-3.3218,55.9396,0.0],[-3.3222,55.9395,0.0],[-3.3223,55.9395,0.0],[-3.3225,55.9395,0.0],[-3.3225,55.9384,0.0],[-3.3225,55.9382,0.0],[-3.3225,55.9381,0.0],[-3.3225,55.938,0.0],[-3.3224,55.9379,0.0],[-3.3223,55.9376,0.0],[-3.3221,55.9373,0.0],[-3.322,55.937,0.0],[-3.3219,55.9368,0.0],[-3.3217,55.9363,0.0],[-3.3216,55.9361,0.0],[-3.3212,55.9353,0.0],[-3.3208,55.9344,0.0],[-3.3208,55.9343,0.0],[-3.3207,55.9342,0.0],[-3.3207,55.9341,0.0],[-3.3206,55.934,0.0],[-3.3205,55.9338,0.0],[-3.3204,55.9335,0.0],[-3.3203,55.9333,0.0],[-3.3201,55.9329,0.0],[-3.3201,55.9328,0.0],[-3.32,55.9327,0.0],[-3.32,55.9326,0.0],[-3.32,55.9325,0.0],[-3.3199,55.9323,0.0],[-3.3198,55.9322,0.0],[-3.3197,55.932,0.0],[-3.3197,55.9319,0.0],[-3.3196,55.9318,0.0],[-3.3196,55.9317,0.0],[-3.3195,55.9316,0.0],[-3.3194,55.9314,0.0],[-3.3193,55.9312,0.0],[-3.3192,55.931,0.0],[-3.319,55.9308,0.0],[-3.3189,55.9306,0.0],[-3.3188,55.9304,0.0],[-3.3187,55.9303,0.0],[-3.3186,55.9303,0.0],[-3.3185,55.9301,0.0],[-3.3184,55.9299,0.0],[-3.3183,55.9298,0.0],[-3.3181,55.9296,0.0],[-3.318,55.9295,0.0],[-3.3178,55.9293,0.0],[-3.3177,55.9292,0.0],[-3.3176,55.9291,0.0],[-3.3175,55.929,0.0],[-3.3173,55.9288,0.0],[-3.3172,55.9287,0.0],[-3.3169,55.9285,0.0],[-3.3169,55.9284,0.0],[-3.3168,55.9284,0.0],[-3.3167,55.9283,0.0],[-3.3166,55.9282,0.0],[-3.3164,55.9281,0.0],[-3.3164,55.928,0.0],[-3.3163,55.9279,0.0],[-3.3162,55.9279,0.0],[-3.3161,55.9278,0.0],[-3.316,55.9277,0.0],[-3.3159,55.9276,0.0],[-3.3157,55.9275,0.0],[-3.3153,55.9272,0.0],[-3.3152,55.9271,0.0],[-3.3149,55.9269,0.0],[-3.3148,55.9269,0.0],[-3.3148,55.9268,0.0],[-3.3147,55.9268,0.0],[-3.3146,55.9267,0.0],[-3.3144,55.9266,0.0],[-3.3143,55.9265,0.0],[-3.314,55.9263,0.0],[-3.3139,55.9262,0.0],[-3.3137,55.9261,0.0],[-3.3135,55.926,0.0],[-3.3135,55.9259,0.0],[-3.3134,55.9259,0.0],[-3.3132,55.9258,0.0],[-3.3132,55.9257,0.0],[-3.3131,55.9257,0.0],[-3.3129,55.9255,0.0],[-3.3128,55.9255,0.0],[-3.3126,55.9253,0.0],[-3.3125,55.9252,0.0],[-3.3124,55.9252,0.0],[-3.3123,55.9251,0.0],[-3.3122,55.9251,0.0],[-3.3119,55.9249,0.0],[-3.3118,55.9248,0.0],[-3.3143,55.9237,0.0],[-3.3143,55.9236,0.0],[-3.3146,55.9235,0.0],[-3.3151,55.9233,0.0],[-3.3152,55.9233,0.0],[-3.3153,55.9232,0.0],[-3.3156,55.9231,0.0],[-3.316,55.9229,0.0],[-3.3163,55.9228,0.0],[-3.3164,55.9227,0.0],[-3.3165,55.9227,0.0],[-3.3167,55.9226,0.0],[-3.3168,55.9225,0.0],[-3.3171,55.9224,0.0],[-3.3172,55.9224,0.0],[-3.3172,55.9223,0.0],[-3.3173,55.9223,0.0],[-3.3174,55.9223,0.0],[-3.3175,55.9222,0.0],[-3.3176,55.9222,0.0],[-3.3179,55.9221,0.0],[-3.318,55.922,0.0],[-3.3188,55.9216,0.0],[-3.319,55.9215,0.0],[-3.3207,55.9208,0.0],[-3.3211,55.9206,0.0],[-3.322,55.9203,0.0],[-3.3223,55.9202,0.0],[-3.3224,55.9202,0.0],[-3.3232,55.9199,0.0],[-3.3237,55.9198,0.0],[-3.3239,55.9198,0.0],[-3.3241,55.9197,0.0],[-3.3251,55.9195,0.0],[-3.3259,55.9193,0.0],[-3.326,55.9193,0.0],[-3.3268,55.9192,0.0],[-3.3269,55.9192,0.0],[-3.3276,55.9191,0.0],[-3.3283,55.919,0.0],[-3.3284,55.919,0.0],[-3.3285,55.919,0.0],[-3.3292,55.919,0.0],[-3.3296,55.9189,0.0],[-3.3306,55.9189,0.0],[-3.3307,55.9189,0.0],[-3.3313,55.9189,0.0],[-3.3322,55.919,0.0],[-3.3324,55.919,0.0],[-3.333,55.919,0.0],[-3.3337,55.9191,0.0],[-3.3339,55.9191,0.0],[-3.3343,55.9192,0.0],[-3.3346,55.9192,0.0],[-3.3354,55.9193,0.0],[-3.3362,55.9195,0.0],[-3.3368,55.9196,0.0],[-3.337,55.9197,0.0],[-3.3374,55.9198,0.0],[-3.3378,55.9199,0.0],[-3.3382,55.92,0.0],[-3.3388,55.9201,0.0],[-3.3394,55.9203,0.0],[-3.3396,55.9204,0.0],[-3.3398,55.9205,0.0],[-3.3403,55.9207,0.0],[-3.341,55.9209,0.0],[-3.3411,55.921,0.0],[-3.3412,55.9211,0.0],[-3.3415,55.9212,0.0],[-3.3417,55.9213,0.0],[-3.3418,55.9213,0.0],[-3.3419,55.9214,0.0],[-3.3421,55.9215,0.0],[-3.3426,55.9218,0.0],[-3.3428,55.9219,0.0],[-3.343,55.922,0.0],[-3.3436,55.9224,0.0],[-3.3438,55.9225,0.0],[-3.344,55.9226,0.0],[-3.3441,55.9227,0.0],[-3.3444,55.9229,0.0],[-3.3449,55.9232,0.0],[-3.3451,55.9234,0.0],[-3.3459,55.924,0.0],[-3.3468,55.9247,0.0],[-3.3476,55.9254,0.0],[-3.3483,55.9259,0.0],[-3.3486,55.9261,0.0],[-3.3491,55.9265,0.0],[-3.3495,55.9268,0.0],[-3.3496,55.9269,0.0],[-3.3501,55.9272,0.0],[-3.3503,55.9273,0.0],[-3.3506,55.9275,0.0],[-3.351,55.9277,0.0],[-3.3514,55.9279,0.0],[-3.3517,55.928,0.0],[-3.3522,55.9282,0.0],[-3.3524,55.9283,0.0],[-3.3527,55.9284,0.0],[-3.3529,55.9285,0.0],[-3.3533,55.9287,0.0],[-3.3535,55.9287,0.0],[-3.3537,55.9288,0.0],[-3.3545,55.9291,0.0],[-3.3548,55.9291,0.0],[-3.3548,55.9292,0.0],[-3.3551,55.9292,0.0],[-3.3555,55.9293,0.0],[-3.3557,55.9294,0.0],[-3.356,55.9295,0.0],[-3.3563,55.9295,0.0],[-3.3567,55.9296,0.0],[-3.3571,55.9297,0.0],[-3.3577,55.9298,0.0],[-3.3578,55.9298,0.0],[-3.3582,55.9299,0.0],[-3.3588,55.93,0.0],[-3.3595,55.93,0.0],[-3.3606,55.9301,0.0],[-3.3613,55.9302,0.0],[-3.3617,55.9302,0.0],[-3.362,55.9302,0.0],[-3.3652,55.9304,0.0],[-3.3662,55.9304,0.0],[-3.3676,55.9305,0.0],[-3.3682,55.9305,0.0],[-3.3693,55.9305,0.0],[-3.3702,55.9305,0.0],[-3.3706,55.9305,0.0],[-3.371,55.9305,0.0],[-3.3713,55.9305,0.0],[-3.3718,55.9304,0.0],[-3.3724,55.9304,0.0],[-3.374,55.9303,0.0],[-3.3743,55.9302,0.0],[-3.3763,55.93,0.0],[-3.3774,55.9299,0.0],[-3.3779,55.9299,0.0],[-3.378,55.9298,0.0],[-3.3788,55.9297,0.0],[-3.3795,55.9296,0.0],[-3.3796,55.9296,0.0],[-3.3804,55.9295,0.0],[-3.3809,55.9294,0.0],[-3.3817,55.9292,0.0],[-3.3819,55.9291,0.0],[-3.3823,55.929,0.0],[-3.383,55.9289,0.0],[-3.3833,55.9288,0.0],[-3.3835,55.9287,0.0],[-3.3838,55.9286,0.0],[-3.3839,55.9286,0.0],[-3.3846,55.9283,0.0],[-3.3863,55.9277,0.0],[-3.3877,55.9272,0.0],[-3.3884,55.9271,0.0],[-3.3894,55.9268,0.0],[-3.3904,55.9266,0.0],[-3.3914,55.9264,0.0],[-3.3931,55.9262,0.0],[-3.3939,55.9262,0.0],[-3.3949,55.9261,0.0],[-3.3955,55.9261,0.0],[-3.3972,55.9261,0.0],[-3.3988,55.9261,0.0],[-3.4005,55.9261,0.0],[-3.4019,55.9261,0.0],[-3.4031,55.926,0.0],[-3.4049,55.926,0.0],[-3.4067,55.9259,0.0],[-3.4088,55.9258,0.0],[-3.4102,55.9257,0.0],[-3.4121,55.9256,0.0],[-3.4142,55.9254,0.0],[-3.4151,55.9254,0.0],[-3.4175,55.9252,0.0],[-3.4206,55.925,0.0],[-3.421,55.925,0.0],[-3.4211,55.925,0.0],[-3.4212,55.925,0.0],[-3.4213,55.925,0.0],[-3.4221,55.925,0.0],[-3.4226,55.925,0.0],[-3.4231,55.9251,0.0],[-3.4244,55.9251,0.0],[-3.4251,55.9252,0.0],[-3.4254,55.9252,0.0],[-3.4255,55.9252,0.0],[-3.4259,55.9252,0.0],[-3.4264,55.9253,0.0],[-3.427,55.9253,0.0],[-3.428,55.9254,0.0],[-3.4281,55.9255,0.0],[-3.428,55.9255,0.0],[-3.4279,55.9257,0.0],[-3.4278,55.9261,0.0],[-3.4278,55.9262,0.0],[-3.4279,55.9264,0.0],[-3.4282,55.9266,0.0],[-3.4283,55.9266,0.0],[-3.4283,55.9267,0.0],[-3.4287,55.9274,0.0],[-3.4289,55.9278,0.0],[-3.429,55.9281,0.0],[-3.429,55.9282,0.0],[-3.4291,55.9284,0.0],[-3.4291,55.9288,0.0],[-3.4289,55.9299,0.0],[-3.4289,55.93,0.0],[-3.4289,55.9301,0.0],[-3.4291,55.9304,0.0],[-3.4294,55.9306,0.0],[-3.4299,55.9308,0.0],[-3.4307,55.9312,0.0],[-3.4309,55.9313,0.0],[-3.431,55.9314,0.0],[-3.4311,55.9315,0.0],[-3.4312,55.9316,0.0],[-3.4312,55.9317,0.0],[-3.4311,55.9318,0.0],[-3.4311,55.9319,0.0],[-3.4305,55.9321,0.0],[-3.4302,55.9322,0.0],[-3.4298,55.9323,0.0],[-3.4293,55.9324,0.0],[-3.4289,55.9324,0.0],[-3.428,55.9324,0.0],[-3.4276,55.9324,0.0],[-3.4259,55.9324,0.0],[-3.4254,55.9325,0.0],[-3.4249,55.9324,0.0],[-3.4241,55.9322,0.0],[-3.4239,55.9322,0.0],[-3.4234,55.9319,0.0],[-3.4232,55.9319,0.0],[-3.4227,55.9317,0.0],[-3.4222,55.9316,0.0],[-3.4218,55.9316,0.0],[-3.4213,55.9316,0.0],[-3.421,55.9317,0.0],[-3.4207,55.9319,0.0],[-3.4205,55.932,0.0],[-3.4202,55.9323,0.0],[-3.42,55.9324,0.0],[-3.4195,55.9327,0.0],[-3.4193,55.9329,0.0],[-3.4183,55.9334,0.0],[-3.4182,55.9336,0.0],[-3.4181,55.9336,0.0],[-3.4181,55.9339,0.0],[-3.4188,55.9339,0.0],[-3.42,55.9341,0.0],[-3.421,55.9343,0.0],[-3.4221,55.9344,0.0],[-3.4242,55.9348,0.0],[-3.4255,55.9351,0.0],[-3.4267,55.9354,0.0],[-3.4282,55.9358,0.0],[-3.4301,55.9364,0.0],[-3.4315,55.9369,0.0],[-3.4329,55.9374,0.0],[-3.4341,55.9379,0.0],[-3.4357,55.9386,0.0],[-3.4368,55.9391,0.0],[-3.4375,55.9395,0.0],[-3.4383,55.9399,0.0],[-3.4392,55.9405,0.0],[-3.4403,55.9413,0.0],[-3.4411,55.9418,0.0],[-3.4426,55.9432,0.0],[-3.4438,55.9447,0.0],[-3.4447,55.9458,0.0],[-3.4451,55.9464,0.0],[-3.4453,55.9466,0.0],[-3.4458,55.9473,0.0],[-3.4465,55.9481,0.0],[-3.4471,55.9486,0.0],[-3.4476,55.9492,0.0],[-3.4481,55.9497,0.0],[-3.4485,55.9501,0.0],[-3.4491,55.9506,0.0],[-3.4495,55.9509,0.0],[-3.4486,55.9511,0.0],[-3.4481,55.9511,0.0],[-3.4466,55.9511,0.0],[-3.4461,55.9511,0.0],[-3.4434,55.951,0.0],[-3.4425,55.9511,0.0],[-3.4397,55.9513,0.0],[-3.4373,55.9512,0.0],[-3.4348,55.9509,0.0],[-3.4347,55.9509,0.0],[-3.4305,55.9517,0.0],[-3.4287,55.952,0.0],[-3.4285,55.9521,0.0],[-3.4284,55.9521,0.0],[-3.4284,55.9522,0.0],[-3.4285,55.9524,0.0],[-3.4286,55.9526,0.0],[-3.429,55.953,0.0],[-3.429,55.9531,0.0],[-3.4291,55.9532,0.0],[-3.429,55.9533,0.0],[-3.427,55.9536,0.0],[-3.4261,55.9536,0.0],[-3.4249,55.9538,0.0],[-3.4255,55.955,0.0],[-3.426,55.956,0.0],[-3.426,55.9569,0.0],[-3.426,55.9573,0.0],[-3.426,55.9593,0.0],[-3.4284,55.9597,0.0],[-3.4289,55.9598,0.0],[-3.4319,55.9603,0.0],[-3.4376,55.961,0.0],[-3.4418,55.9612,0.0],[-3.4426,55.9613,0.0],[-3.4434,55.9615,0.0],[-3.4433,55.962,0.0],[-3.443,55.9629,0.0],[-3.4427,55.9643,0.0],[-3.4419,55.9675,0.0],[-3.442,55.9676,0.0],[-3.4423,55.9679,0.0],[-3.4426,55.9683,0.0],[-3.4422,55.9691,0.0],[-3.4421,55.9691,0.0],[-3.4424,55.9693,0.0],[-3.4426,55.9694,0.0],[-3.4448,55.9699,0.0],[-3.4449,55.9699,0.0],[-3.4441,55.973,0.0],[-3.4441,55.9731,0.0],[-3.4442,55.9731,0.0],[-3.4448,55.973,0.0],[-3.4454,55.973,0.0],[-3.4456,55.973,0.0],[-3.4458,55.9731,0.0],[-3.446,55.9734,0.0],[-3.4461,55.9735,0.0],[-3.446,55.9736,0.0],[-3.4464,55.9747,0.0],[-3.4483,55.9776,0.0],[-3.4479,55.9778,0.0],[-3.4467,55.9778,0.0],[-3.4461,55.9778,0.0],[-3.4427,55.9778,0.0],[-3.4421,55.9778,0.0],[-3.4419,55.9778,0.0],[-3.4369,55.979,0.0],[-3.4371,55.9793,0.0],[-3.4368,55.9794,0.0],[-3.436,55.98,0.0],[-3.4359,55.9801,0.0],[-3.4357,55.9802,0.0],[-3.4356,55.9803,0.0],[-3.4353,55.9804,0.0],[-3.4351,55.9805,0.0],[-3.4347,55.9807,0.0],[-3.4343,55.9808,0.0],[-3.4341,55.9809,0.0],[-3.4338,55.9809,0.0],[-3.4336,55.981,0.0],[-3.4333,55.9811,0.0],[-3.4331,55.9812,0.0],[-3.433,55.9812,0.0],[-3.4328,55.9813,0.0],[-3.4325,55.9814,0.0],[-3.4324,55.9814,0.0],[-3.4322,55.9815,0.0],[-3.432,55.9815,0.0],[-3.4317,55.9816,0.0],[-3.4311,55.9816,0.0],[-3.4309,55.9817,0.0],[-3.4303,55.9816,0.0],[-3.4301,55.9816,0.0],[-3.43,55.9817,0.0],[-3.4297,55.9818,0.0],[-3.4302,55.9834,0.0],[-3.4299,55.9849,0.0],[-3.43,55.9852,0.0],[-3.4305,55.9869,0.0],[-3.4306,55.9873,0.0],[-3.4313,55.9878,0.0],[-3.4317,55.9883,0.0],[-3.4318,55.9883,0.0],[-3.4319,55.9889,0.0],[-3.432,55.9892,0.0],[-3.4309,55.9894,0.0],[-3.4305,55.9897,0.0],[-3.4296,55.9896,0.0],[-3.4291,55.9895,0.0],[-3.4285,55.9895,0.0],[-3.4282,55.9895,0.0],[-3.4282,55.9896,0.0],[-3.4276,55.9896,0.0],[-3.4267,55.9899,0.0],[-3.4266,55.9903,0.0],[-3.4263,55.9907,0.0],[-3.426,55.9909,0.0],[-3.4256,55.991,0.0],[-3.4255,55.9911,0.0],[-3.4254,55.9912,0.0],[-3.4254,55.9913,0.0],[-3.4255,55.9914,0.0],[-3.4256,55.9915,0.0],[-3.4256,55.9916,0.0],[-3.4255,55.9918,0.0],[-3.4253,55.9919,0.0],[-3.4252,55.992,0.0],[-3.4252,55.9921,0.0],[-3.4253,55.9922,0.0],[-3.4254,55.9922,0.0],[-3.4256,55.9923,0.0],[-3.4255,55.9925,0.0],[-3.4255,55.9928,0.0],[-3.4253,55.9929,0.0],[-3.4254,55.9938,0.0],[-3.4254,55.994,0.0],[-3.4254,55.9957,0.0],[-3.4253,55.9957,0.0],[-3.4246,55.9958,0.0],[-3.4244,55.9957,0.0],[-3.4243,55.9957,0.0],[-3.4239,55.9957,0.0],[-3.4235,55.9956,0.0],[-3.4223,55.9956,0.0],[-3.4208,55.9956,0.0],[-3.4201,55.9957,0.0],[-3.4193,55.9957,0.0],[-3.4189,55.9957,0.0],[-3.4187,55.9958,0.0],[-3.4177,55.9958,0.0],[-3.4172,55.9959,0.0],[-3.4166,55.996,0.0],[-3.4163,55.996,0.0],[-3.4156,55.9963,0.0],[-3.4148,55.9965,0.0],[-3.414,55.9968,0.0],[-3.4137,55.9971,0.0],[-3.4134,55.9974,0.0],[-3.4132,55.9976,0.0],[-3.4131,55.9976,0.0],[-3.413,55.9976,0.0],[-3.413,55.9975,0.0],[-3.4149,55.9958,0.0],[-3.4147,55.9955,0.0],[-3.4147,55.9953,0.0],[-3.4147,55.9952,0.0],[-3.4147,55.995,0.0],[-3.4145,55.9948,0.0],[-3.4144,55.9947,0.0],[-3.4142,55.9946,0.0],[-3.4141,55.9946,0.0],[-3.4141,55.9944,0.0],[-3.4143,55.9938,0.0],[-3.4143,55.9937,0.0],[-3.4144,55.9937,0.0],[-3.4144,55.9936,0.0],[-3.4144,55.9935,0.0],[-3.4143,55.9935,0.0],[-3.4143,55.9934,0.0],[-3.4142,55.9934,0.0],[-3.4142,55.9933,0.0],[-3.4141,55.9933,0.0],[-3.414,55.9933,0.0],[-3.4139,55.9933,0.0],[-3.4138,55.9933,0.0],[-3.4137,55.9933,0.0],[-3.4136,55.9933,0.0],[-3.4135,55.9934,0.0],[-3.4134,55.9934,0.0],[-3.4133,55.9934,0.0],[-3.4132,55.9935,0.0],[-3.4131,55.9935,0.0],[-3.413,55.9936,0.0],[-3.4129,55.9938,0.0],[-3.4126,55.994,0.0],[-3.4127,55.9941,0.0],[-3.4128,55.9941,0.0],[-3.4128,55.9942,0.0],[-3.4127,55.9942,0.0],[-3.4126,55.9942,0.0],[-3.4125,55.9942,0.0],[-3.4125,55.9943,0.0],[-3.4124,55.9943,0.0],[-3.4121,55.9944,0.0],[-3.4117,55.9945,0.0],[-3.4114,55.9945,0.0],[-3.411,55.9943,0.0],[-3.4106,55.9942,0.0],[-3.4103,55.9941,0.0],[-3.4101,55.9941,0.0],[-3.4097,55.9942,0.0],[-3.4093,55.9943,0.0],[-3.4091,55.9943,0.0],[-3.409,55.9944,0.0],[-3.409,55.9946,0.0],[-3.4091,55.9949,0.0],[-3.4092,55.9952,0.0],[-3.4093,55.9953,0.0],[-3.4093,55.9955,0.0],[-3.4094,55.9956,0.0],[-3.4094,55.9957,0.0],[-3.4093,55.9957,0.0],[-3.4092,55.9957,0.0],[-3.4091,55.9956,0.0],[-3.4089,55.9957,0.0],[-3.4089,55.9958,0.0],[-3.409,55.9959,0.0],[-3.409,55.996,0.0],[-3.4092,55.9963,0.0],[-3.4093,55.9966,0.0],[-3.4095,55.9969,0.0],[-3.4096,55.997,0.0],[-3.4095,55.9972,0.0],[-3.4095,55.9973,0.0],[-3.4095,55.9974,0.0],[-3.4094,55.9974,0.0],[-3.4093,55.9974,0.0],[-3.4093,55.9973,0.0],[-3.4093,55.997,0.0],[-3.4092,55.9969,0.0],[-3.4087,55.9962,0.0],[-3.4077,55.995,0.0],[-3.4075,55.9948,0.0],[-3.4074,55.9947,0.0],[-3.4073,55.9946,0.0],[-3.4072,55.9945,0.0],[-3.4071,55.9944,0.0],[-3.4069,55.9943,0.0],[-3.4068,55.9942,0.0],[-3.4067,55.9941,0.0],[-3.4065,55.9941,0.0],[-3.4064,55.994,0.0],[-3.4062,55.9939,0.0],[-3.4061,55.9939,0.0],[-3.406,55.9938,0.0],[-3.4056,55.9937,0.0],[-3.4052,55.9937,0.0],[-3.4041,55.9935,0.0],[-3.4033,55.9933,0.0],[-3.4028,55.9933,0.0],[-3.4024,55.9932,0.0],[-3.4022,55.9932,0.0],[-3.4014,55.9931,0.0],[-3.4007,55.9931,0.0],[-3.4005,55.9931,0.0],[-3.4004,55.9931,0.0],[-3.3998,55.993,0.0],[-3.3992,55.9929,0.0],[-3.3989,55.9929,0.0],[-3.3983,55.9929,0.0],[-3.398,55.9928,0.0],[-3.3971,55.9927,0.0],[-3.3966,55.9927,0.0],[-3.3964,55.9928,0.0],[-3.3964,55.9927,0.0],[-3.3963,55.9927,0.0],[-3.3962,55.9926,0.0],[-3.3961,55.9924,0.0],[-3.396,55.9923,0.0],[-3.3954,55.9922,0.0],[-3.3952,55.9921,0.0],[-3.395,55.9921,0.0],[-3.3947,55.9921,0.0],[-3.3943,55.9921,0.0],[-3.3942,55.992,0.0],[-3.3942,55.9919,0.0],[-3.3941,55.9919,0.0],[-3.394,55.992,0.0],[-3.3939,55.992,0.0],[-3.3938,55.992,0.0],[-3.3935,55.9919,0.0],[-3.3932,55.9919,0.0],[-3.3929,55.9919,0.0],[-3.3926,55.9919,0.0],[-3.3924,55.9919,0.0],[-3.3922,55.9919,0.0],[-3.3919,55.9919,0.0],[-3.3912,55.9919,0.0],[-3.3902,55.9919,0.0],[-3.3895,55.9919,0.0],[-3.3892,55.992,0.0],[-3.3886,55.992,0.0],[-3.3883,55.992,0.0],[-3.3879,55.9921,0.0],[-3.3872,55.9922,0.0],[-3.3871,55.9922,0.0],[-3.3869,55.9922,0.0],[-3.3866,55.9922,0.0],[-3.3858,55.9918,0.0],[-3.3858,55.9919,0.0],[-3.3856,55.9921,0.0],[-3.3855,55.9922,0.0],[-3.3854,55.9922,0.0],[-3.3853,55.9921,0.0],[-3.3851,55.9921,0.0],[-3.3846,55.9922,0.0],[-3.3845,55.9922,0.0],[-3.3844,55.9922,0.0],[-3.3841,55.9921,0.0],[-3.3841,55.9922,0.0],[-3.384,55.9922,0.0],[-3.3839,55.9921,0.0],[-3.384,55.9921,0.0],[-3.384,55.992,0.0],[-3.3839,55.992,0.0],[-3.3838,55.9919,0.0],[-3.3837,55.9919,0.0],[-3.3836,55.9919,0.0],[-3.3836,55.992,0.0],[-3.3835,55.992,0.0],[-3.3834,55.9921,0.0],[-3.3833,55.9921,0.0],[-3.383,55.992,0.0],[-3.383,55.9919,0.0],[-3.3829,55.9918,0.0],[-3.3827,55.9917,0.0],[-3.3825,55.9917,0.0],[-3.3824,55.9916,0.0],[-3.3822,55.9916,0.0],[-3.3817,55.9917,0.0],[-3.3816,55.9917,0.0],[-3.3815,55.9919,0.0],[-3.3814,55.9918,0.0],[-3.3813,55.9918,0.0],[-3.381,55.9919,0.0],[-3.3807,55.992,0.0],[-3.3805,55.9921,0.0],[-3.3804,55.9922,0.0],[-3.3802,55.9922,0.0],[-3.3804,55.992,0.0],[-3.3803,55.9919,0.0],[-3.3802,55.992,0.0],[-3.3802,55.9919,0.0],[-3.3801,55.992,0.0],[-3.38,55.992,0.0],[-3.3799,55.9921,0.0],[-3.3797,55.9922,0.0],[-3.3796,55.9923,0.0],[-3.3795,55.9923,0.0],[-3.3794,55.9923,0.0],[-3.3791,55.9923,0.0],[-3.3789,55.9922,0.0],[-3.3788,55.9922,0.0],[-3.3786,55.9923,0.0],[-3.3783,55.9924,0.0],[-3.3782,55.9924,0.0],[-3.3781,55.9924,0.0],[-3.378,55.9925,0.0],[-3.3779,55.9925,0.0],[-3.3778,55.9925,0.0],[-3.3778,55.9926,0.0],[-3.3777,55.9926,0.0],[-3.3776,55.9927,0.0],[-3.3774,55.9929,0.0],[-3.3773,55.993,0.0],[-3.3773,55.9931,0.0],[-3.3772,55.9931,0.0],[-3.3772,55.9932,0.0],[-3.3772,55.9933,0.0],[-3.3772,55.9935,0.0],[-3.3772,55.9936,0.0],[-3.3772,55.9937,0.0],[-3.3772,55.9938,0.0],[-3.3771,55.9939,0.0],[-3.377,55.9939,0.0],[-3.3769,55.9939,0.0],[-3.377,55.9938,0.0],[-3.377,55.9937,0.0],[-3.377,55.9936,0.0],[-3.377,55.9935,0.0],[-3.377,55.9934,0.0],[-3.377,55.9933,0.0],[-3.377,55.9932,0.0],[-3.3771,55.9932,0.0],[-3.3771,55.9931,0.0],[-3.3771,55.993,0.0],[-3.3772,55.993,0.0],[-3.3772,55.9929,0.0],[-3.3771,55.9929,0.0],[-3.377,55.9929,0.0],[-3.3768,55.993,0.0],[-3.3766,55.993,0.0],[-3.3761,55.9932,0.0],[-3.376,55.9933,0.0],[-3.3758,55.9933,0.0],[-3.3756,55.9934,0.0],[-3.3752,55.9936,0.0],[-3.375,55.9936,0.0],[-3.3747,55.9938,0.0],[-3.3745,55.994,0.0],[-3.3742,55.9943,0.0],[-3.3741,55.9944,0.0],[-3.3741,55.9946,0.0],[-3.374,55.9947,0.0],[-3.3739,55.9948,0.0],[-3.3739,55.9949,0.0],[-3.3738,55.995,0.0],[-3.3737,55.995,0.0],[-3.3736,55.9951,0.0],[-3.3735,55.9952,0.0],[-3.3734,55.9954,0.0],[-3.3732,55.9957,0.0],[-3.3728,55.996,0.0],[-3.3726,55.9961,0.0],[-3.3725,55.9961,0.0],[-3.3725,55.9962,0.0],[-3.3724,55.9963,0.0],[-3.3723,55.9963,0.0],[-3.3722,55.9963,0.0],[-3.3722,55.9964,0.0],[-3.3721,55.9964,0.0],[-3.3718,55.9963,0.0],[-3.3718,55.9962,0.0],[-3.3717,55.9962,0.0],[-3.3713,55.9962,0.0],[-3.3711,55.9962,0.0],[-3.3708,55.9963,0.0],[-3.3706,55.9963,0.0],[-3.3705,55.9963,0.0],[-3.37,55.9964,0.0],[-3.3693,55.9965,0.0],[-3.3689,55.9966,0.0],[-3.3687,55.9967,0.0],[-3.3685,55.9968,0.0],[-3.3685,55.997,0.0],[-3.3684,55.9971,0.0],[-3.3681,55.9975,0.0],[-3.3678,55.9978,0.0],[-3.3678,55.9979,0.0],[-3.3677,55.9982,0.0],[-3.3679,55.9984,0.0],[-3.3679,55.9985,0.0],[-3.3679,55.9986,0.0],[-3.3677,55.9986,0.0],[-3.3676,55.9987,0.0],[-3.3676,55.9988,0.0],[-3.3676,55.9989,0.0],[-3.3675,55.9989,0.0],[-3.3671,55.9991,0.0],[-3.3665,55.9993,0.0],[-3.3664,55.9993,0.0],[-3.3661,55.9994,0.0],[-3.3657,55.9995,0.0],[-3.3656,55.9995,0.0],[-3.3651,55.9995,0.0],[-3.3649,55.9995,0.0],[-3.3648,55.9996,0.0],[-3.3647,55.9997,0.0],[-3.3645,55.9997,0.0],[-3.3642,55.9998,0.0],[-3.3639,55.9998,0.0],[-3.3633,55.9999,0.0],[-3.3631,55.9999,0.0],[-3.363,55.9999,0.0],[-3.3628,56.0,0.0],[-3.3627,56.0,0.0],[-3.3619,56.0,0.0],[-3.3614,56.0,0.0],[-3.3612,56.0001,0.0],[-3.361,56.0003,0.0],[-3.3608,56.0003,0.0],[-3.3604,56.0004,0.0],[-3.3601,56.0004,0.0],[-3.3597,56.0005,0.0],[-3.3595,56.0007,0.0],[-3.3593,56.0007,0.0],[-3.3591,56.0007,0.0],[-3.359,56.0007,0.0],[-3.3587,56.0007,0.0],[-3.3582,56.0008,0.0],[-3.3578,56.001,0.0],[-3.3577,56.001,0.0],[-3.3575,56.0012,0.0],[-3.3574,56.0014,0.0],[-3.3572,56.0015,0.0],[-3.3571,56.0016,0.0],[-3.3565,56.0018,0.0],[-3.3561,56.002,0.0],[-3.3551,56.0023,0.0],[-3.3548,56.0024,0.0],[-3.3546,56.0025,0.0],[-3.3545,56.0026,0.0],[-3.3544,56.0027,0.0],[-3.3542,56.0028,0.0],[-3.354,56.0028,0.0],[-3.3537,56.0029,0.0],[-3.3535,56.003,0.0],[-3.3533,56.003,0.0],[-3.353,56.003,0.0],[-3.3528,56.0031,0.0],[-3.3515,56.0034,0.0],[-3.351,56.0034,0.0],[-3.3505,56.0034,0.0],[-3.3503,56.0035,0.0],[-3.3499,56.0035,0.0],[-3.3496,56.0036,0.0],[-3.3494,56.0036,0.0],[-3.3492,56.0036,0.0],[-3.3486,56.0037,0.0],[-3.3483,56.0038,0.0],[-3.3481,56.0037,0.0],[-3.348,56.0037,0.0],[-3.347,56.0038,0.0],[-3.3465,56.0037,0.0],[-3.3462,56.0037,0.0],[-3.3459,56.0036,0.0],[-3.3457,56.0037,0.0],[-3.3453,56.0036,0.0],[-3.3449,56.0036,0.0],[-3.3444,56.0037,0.0],[-3.3442,56.0037,0.0],[-3.3439,56.0038,0.0],[-3.3438,56.0038,0.0],[-3.3439,56.0037,0.0],[-3.344,56.0037,0.0]],[[-3.3248,55.9956,0.0],[-3.3244,55.9955,0.0],[-3.3241,55.9955,0.0],[-3.3249,55.9957,0.0],[-3.3248,55.9956,0.0]]],[[[-3.3865,56.0009,0.0],[-3.3863,56.0009,0.0],[-3.3862,56.0009,0.0],[-3.3861,56.0009,0.0],[-3.3858,56.0009,0.0],[-3.3856,56.0009,0.0],[-3.3852,56.0008,0.0],[-3.3849,56.0009,0.0],[-3.3848,56.0009,0.0],[-3.3846,56.0008,0.0],[-3.3844,56.0008,0.0],[-3.3843,56.0008,0.0],[-3.3843,56.0007,0.0],[-3.3844,56.0007,0.0],[-3.3845,56.0007,0.0],[-3.3851,56.0005,0.0],[-3.3853,56.0006,0.0],[-3.3857,56.0006,0.0],[-3.3868,56.0007,0.0],[-3.3869,56.0006,0.0],[-3.387,56.0007,0.0],[-3.3873,56.0008,0.0],[-3.3873,56.0009,0.0],[-3.3873,56.001,0.0],[-3.3874,56.001,0.0],[-3.3876,56.001,0.0],[-3.388,56.0012,0.0],[-3.388,56.0011,0.0],[-3.3884,56.0013,0.0],[-3.3884,56.0014,0.0],[-3.3883,56.0014,0.0],[-3.388,56.0014,0.0],[-3.3877,56.0013,0.0],[-3.3876,56.0012,0.0],[-3.3873,56.0012,0.0],[-3.3872,56.0012,0.0],[-3.3867,56.001,0.0],[-3.3865,56.0009,0.0]]],[[[-3.3434,56.0039,0.0],[-3.3431,56.0039,0.0],[-3.3426,56.0041,0.0],[-3.3425,56.0041,0.0],[-3.3424,56.004,0.0],[-3.3426,56.0039,0.0],[-3.3429,56.0038,0.0],[-3.343,56.0037,0.0],[-3.3432,56.0037,0.0],[-3.3438,56.0038,0.0],[-3.3436,56.0039,0.0],[-3.3434,56.0039,0.0]]],[[[-3.272,56.0109,0.0],[-3.2719,56.0103,0.0],[-3.2719,56.0102,0.0],[-3.272,56.0101,0.0],[-3.2718,56.0099,0.0],[-3.2715,56.0099,0.0],[-3.2713,56.0097,0.0],[-3.2713,56.0096,0.0],[-3.2715,56.0096,0.0],[-3.2715,56.0095,0.0],[-3.2715,56.0093,0.0],[-3.2716,56.0092,0.0],[-3.2719,56.0092,0.0],[-3.2721,56.0092,0.0],[-3.2723,56.0093,0.0],[-3.2726,56.0094,0.0],[-3.2727,56.0096,0.0],[-3.2729,56.0098,0.0],[-3.273,56.0099,0.0],[-3.2734,56.0102,0.0],[-3.2736,56.0103,0.0],[-3.2737,56.0104,0.0],[-3.2741,56.0107,0.0],[-3.2742,56.0108,0.0],[-3.2743,56.0109,0.0],[-3.2745,56.011,0.0],[-3.2747,56.0112,0.0],[-3.2749,56.0113,0.0],[-3.2751,56.0112,0.0],[-3.275,56.0112,0.0],[-3.2751,56.0111,0.0],[-3.2754,56.0113,0.0],[-3.2753,56.0114,0.0],[-3.2752,56.0113,0.0],[-3.2749,56.0114,0.0],[-3.2752,56.0116,0.0],[-3.2752,56.0117,0.0],[-3.2753,56.0119,0.0],[-3.2753,56.012,0.0],[-3.2751,56.0123,0.0],[-3.2749,56.0124,0.0],[-3.2747,56.0124,0.0],[-3.2744,56.0125,0.0],[-3.2741,56.0125,0.0],[-3.2738,56.0126,0.0],[-3.2737,56.0126,0.0],[-3.2736,56.0126,0.0],[-3.2735,56.0126,0.0],[-3.2732,56.0123,0.0],[-3.2728,56.012,0.0],[-3.2724,56.0116,0.0],[-3.2723,56.0113,0.0],[-3.272,56.0109,0.0]]]]}},{"type":"Feature","properties":{"uesi_id":"GBR_R1920901","nbhd_code":"GBR_R1920901_2","nbhd_name":"Pentland Hills"},"geometry":{"type":"MultiPolygon","coordinates":[[[[-3.3495,55.9268,0.0],[-3.3491,55.9265,0.0],[-3.3486,55.9261,0.0],[-3.3483,55.9259,0.0],[-3.3476,55.9254,0.0],[-3.3468,55.9247,0.0],[-3.3459,55.924,0.0],[-3.3451,55.9234,0.0],[-3.3449,55.9232,0.0],[-3.3444,55.9229,0.0],[-3.3441,55.9227,0.0],[-3.344,55.9226,0.0],[-3.3438,55.9225,0.0],[-3.3436,55.9224,0.0],[-3.343,55.922,0.0],[-3.3428,55.9219,0.0],[-3.3426,55.9218,0.0],[-3.3421,55.9215,0.0],[-3.3419,55.9214,0.0],[-3.3418,55.9213,0.0],[-3.3417,55.9213,0.0],[-3.3415,55.9212,0.0],[-3.3412,55.9211,0.0],[-3.3411,55.921,0.0],[-3.341,55.9209,0.0],[-3.3403,55.9207,0.0],[-3.3398,55.9205,0.0],[-3.3396,55.9204,0.0],[-3.3394,55.9203,0.0],[-3.3388,55.9201,0.0],[-3.3382,55.92,0.0],[-3.3378,55.9199,0.0],[-3.3374,55.9198,0.0],[-3.337,55.9197,0.0],[-3.3368,55.9196,0.0],[-3.3362,55.9195,0.0],[-3.3354,55.9193,0.0],[-3.3346,55.9192,0.0],[-3.3343,55.9192,0.0],[-3.3339,55.9191,0.0],[-3.3337,55.9191,0.0],[-3.333,55.919,0.0],[-3.3324,55.919,0.0],[-3.3322,55.919,0.0],[-3.3313,55.9189,0.0],[-3.3307,55.9189,0.0],[-3.3306,55.9189,0.0],[-3.3296,55.9189,0.0],[-3.3292,55.919,0.0],[-3.3285,55.919,0.0],[-3.3284,55.919,0.0],[-3.3283,55.919,0.0],[-3.3276,55.9191,0.0],[-3.3269,55.9192,0.0],[-3.3268,55.9192,0.0],[-3.326,55.9193,0.0],[-3.3259,55.9193,0.0],[-3.3251,55.9195,0.0],[-3.3241,55.9197,0.0],[-3.3239,55.9198,0.0],[-3.3237,55.9198,0.0],[-3.3232,55.9199,0.0],[-3.3224,55.9202,0.0],[-3.3223,55.9202,0.0],[-3.322,55.9203,0.0],[-3.3211,55.9206,0.0],[-3.3207,55.9208,0.0],[-3.319,55.9215,0.0],[-3.3188,55.9216,0.0],[-3.318,55.922,0.0],[-3.3179,55.9221,0.0],[-3.3176,55.9222,0.0],[-3.3175,55.9222,0.0],[-3.3174,55.9223,0.0],[-3.3173,55.9223,0.0],[-3.3172,55.9223,0.0],[-3.3172,55.9224,0.0],[-3.3171,55.9224,0.0],[-3.3168,55.9225,0.0],[-3.3167,55.9226,0.0],[-3.3165,55.9227,0.0],[-3.3164,55.9227,0.0],[-3.3163,55.9228,0.0],[-3.316,55.9229,0.0],[-3.3156,55.9231,0.0],[-3.3153,55.9232,0.0],[-3.3152,55.9233,0.0],[-3.3151,55.9233,0.0],[-3.3146,55.9235,0.0],[-3.3143,55.9236,0.0],[-3.3143,55.9237,0.0],[-3.3118,55.9248,0.0],[-3.3114,55.9245,0.0],[-3.3113,55.9244,0.0],[-3.3112,55.9244,0.0],[-3.3112,55.9243,0.0],[-3.3111,55.9243,0.0],[-3.311,55.9242,0.0],[-3.3107,55.924,0.0],[-3.3104,55.9237,0.0],[-3.3102,55.9236,0.0],[-3.31,55.9235,0.0],[-3.3099,55.9234,0.0],[-3.3098,55.9234,0.0],[-3.3096,55.9232,0.0],[-3.3095,55.9231,0.0],[-3.3092,55.923,0.0],[-3.3091,55.9229,0.0],[-3.3089,55.9227,0.0],[-3.3088,55.9227,0.0],[-3.3087,55.9226,0.0],[-3.3086,55.9225,0.0],[-3.3084,55.9224,0.0],[-3.3083,55.9223,0.0],[-3.3082,55.9222,0.0],[-3.308,55.9221,0.0],[-3.3078,55.922,0.0],[-3.3077,55.9219,0.0],[-3.3075,55.9218,0.0],[-3.3074,55.9217,0.0],[-3.3073,55.9216,0.0],[-3.3072,55.9216,0.0],[-3.3072,55.9215,0.0],[-3.307,55.9214,0.0],[-3.3069,55.9213,0.0],[-3.3068,55.9213,0.0],[-3.3067,55.9212,0.0],[-3.3065,55.9211,0.0],[-3.3062,55.9209,0.0],[-3.306,55.9208,0.0],[-3.3059,55.9206,0.0],[-3.3057,55.9205,0.0],[-3.3055,55.9204,0.0],[-3.3054,55.9203,0.0],[-3.3053,55.9203,0.0],[-3.3051,55.9201,0.0],[-3.3048,55.9199,0.0],[-3.3047,55.9199,0.0],[-3.3047,55.9198,0.0],[-3.3045,55.9197,0.0],[-3.3043,55.9196,0.0],[-3.3042,55.9195,0.0],[-3.3034,55.9199,0.0],[-3.3022,55.9203,0.0],[-3.302,55.9204,0.0],[-3.3018,55.9204,0.0],[-3.3017,55.9205,0.0],[-3.3016,55.9205,0.0],[-3.3014,55.9206,0.0],[-3.3012,55.9206,0.0],[-3.3011,55.9206,0.0],[-3.3008,55.9207,0.0],[-3.3007,55.9207,0.0],[-3.3005,55.9207,0.0],[-3.3003,55.9208,0.0],[-3.3001,55.9208,0.0],[-3.2994,55.9209,0.0],[-3.2985,55.921,0.0],[-3.2977,55.9211,0.0],[-3.2972,55.9212,0.0],[-3.297,55.9212,0.0],[-3.2969,55.9212,0.0],[-3.2966,55.9213,0.0],[-3.2956,55.9215,0.0],[-3.2937,55.9218,0.0],[-3.2933,55.9219,0.0],[-3.2927,55.922,0.0],[-3.2927,55.9221,0.0],[-3.2926,55.9221,0.0],[-3.2925,55.9221,0.0],[-3.2923,55.9221,0.0],[-3.2913,55.9223,0.0],[-3.2911,55.922,0.0],[-3.291,55.9219,0.0],[-3.291,55.9218,0.0],[-3.2909,55.9218,0.0],[-3.2908,55.9216,0.0],[-3.2908,55.9215,0.0],[-3.2905,55.921,0.0],[-3.2904,55.9208,0.0],[-3.29,55.9202,0.0],[-3.2899,55.9201,0.0],[-3.2898,55.92,0.0],[-3.2897,55.9199,0.0],[-3.2896,55.9197,0.0],[-3.2894,55.9194,0.0],[-3.2893,55.9193,0.0],[-3.2891,55.919,0.0],[-3.289,55.9188,0.0],[-3.289,55.9187,0.0],[-3.2888,55.9185,0.0],[-3.2886,55.9181,0.0],[-3.2886,55.918,0.0],[-3.2885,55.9179,0.0],[-3.2884,55.9177,0.0],[-3.2882,55.9173,0.0],[-3.2882,55.9172,0.0],[-3.2881,55.9171,0.0],[-3.2881,55.9169,0.0],[-3.288,55.9169,0.0],[-3.2879,55.9169,0.0],[-3.2875,55.917,0.0],[-3.2865,55.9172,0.0],[-3.2855,55.9173,0.0],[-3.2854,55.9173,0.0],[-3.2851,55.9174,0.0],[-3.2848,55.9174,0.0],[-3.2847,55.9174,0.0],[-3.2846,55.9176,0.0],[-3.2845,55.9177,0.0],[-3.2842,55.9178,0.0],[-3.2838,55.918,0.0],[-3.2837,55.9181,0.0],[-3.2836,55.9182,0.0],[-3.2835,55.9183,0.0],[-3.2834,55.9184,0.0],[-3.2828,55.9192,0.0],[-3.2827,55.9193,0.0],[-3.2826,55.9195,0.0],[-3.2825,55.9195,0.0],[-3.2824,55.9196,0.0],[-3.2822,55.9197,0.0],[-3.2821,55.9198,0.0],[-3.2819,55.9199,0.0],[-3.2816,55.92,0.0],[-3.2814,55.92,0.0],[-3.2809,55.9202,0.0],[-3.2808,55.9203,0.0],[-3.28,55.9206,0.0],[-3.2794,55.9207,0.0],[-3.2792,55.9208,0.0],[-3.2788,55.9209,0.0],[-3.2785,55.921,0.0],[-3.2782,55.9211,0.0],[-3.2775,55.9212,0.0],[-3.2773,55.9213,0.0],[-3.2772,55.9213,0.0],[-3.2765,55.9214,0.0],[-3.276,55.9215,0.0],[-3.2758,55.9216,0.0],[-3.2757,55.9216,0.0],[-3.2751,55.9218,0.0],[-3.2736,55.9223,0.0],[-3.2734,55.9224,0.0],[-3.2731,55.9225,0.0],[-3.2729,55.9226,0.0],[-3.2727,55.9226,0.0],[-3.2727,55.9225,0.0],[-3.2726,55.9225,0.0],[-3.2722,55.9221,0.0],[-3.2722,55.922,0.0],[-3.2712,55.9211,0.0],[-3.2711,55.921,0.0],[-3.271,55.921,0.0],[-3.271,55.9209,0.0],[-3.2709,55.9208,0.0],[-3.2709,55.9207,0.0],[-3.271,55.9206,0.0],[-3.271,55.9205,0.0],[-3.2711,55.9204,0.0],[-3.2711,55.9203,0.0],[-3.271,55.9202,0.0],[-3.2709,55.9202,0.0],[-3.2709,55.9201,0.0],[-3.2708,55.9201,0.0],[-3.2708,55.92,0.0],[-3.2707,55.92,0.0],[-3.2707,55.9199,0.0],[-3.2708,55.9199,0.0],[-3.2709,55.9198,0.0],[-3.271,55.9198,0.0],[-3.271,55.9197,0.0],[-3.271,55.9196,0.0],[-3.2711,55.9195,0.0],[-3.2711,55.9193,0.0],[-3.2711,55.9192,0.0],[-3.2711,55.9191,0.0],[-3.2712,55.9191,0.0],[-3.2712,55.919,0.0],[-3.2714,55.9189,0.0],[-3.2715,55.9188,0.0],[-3.2718,55.9188,0.0],[-3.2719,55.9188,0.0],[-3.272,55.9188,0.0],[-3.272,55.9186,0.0],[-3.2719,55.9186,0.0],[-3.2717,55.9184,0.0],[-3.2716,55.9182,0.0],[-3.2717,55.9182,0.0],[-3.2717,55.9181,0.0],[-3.2718,55.9181,0.0],[-3.2718,55.918,0.0],[-3.2718,55.9179,0.0],[-3.2718,55.9177,0.0],[-3.2719,55.9176,0.0],[-3.2718,55.9175,0.0],[-3.272,55.9175,0.0],[-3.272,55.9174,0.0],[-3.2729,55.9172,0.0],[-3.2736,55.9171,0.0],[-3.2737,55.9171,0.0],[-3.2737,55.917,0.0],[-3.2738,55.917,0.0],[-3.2737,55.9168,0.0],[-3.2735,55.9168,0.0],[-3.273,55.9169,0.0],[-3.2724,55.9171,0.0],[-3.2719,55.9172,0.0],[-3.2718,55.9172,0.0],[-3.2717,55.9173,0.0],[-3.2714,55.9173,0.0],[-3.2695,55.9178,0.0],[-3.2689,55.9179,0.0],[-3.2677,55.9182,0.0],[-3.2672,55.9183,0.0],[-3.2667,55.9184,0.0],[-3.2663,55.9185,0.0],[-3.2661,55.9186,0.0],[-3.266,55.9186,0.0],[-3.2658,55.9186,0.0],[-3.2656,55.9187,0.0],[-3.2653,55.9188,0.0],[-3.2651,55.9188,0.0],[-3.265,55.9188,0.0],[-3.265,55.9187,0.0],[-3.265,55.9186,0.0],[-3.2653,55.9186,0.0],[-3.2653,55.9184,0.0],[-3.2654,55.9181,0.0],[-3.2654,55.918,0.0],[-3.2653,55.918,0.0],[-3.2653,55.9179,0.0],[-3.2653,55.9178,0.0],[-3.2652,55.9176,0.0],[-3.2651,55.9174,0.0],[-3.265,55.9174,0.0],[-3.265,55.9172,0.0],[-3.2649,55.9171,0.0],[-3.2648,55.9171,0.0],[-3.2647,55.9171,0.0],[-3.2647,55.9172,0.0],[-3.2646,55.9172,0.0],[-3.2645,55.9172,0.0],[-3.2645,55.9171,0.0],[-3.2645,55.917,0.0],[-3.2644,55.9166,0.0],[-3.2644,55.9164,0.0],[-3.2644,55.9163,0.0],[-3.2643,55.9162,0.0],[-3.2642,55.9161,0.0],[-3.264,55.916,0.0],[-3.264,55.9159,0.0],[-3.2635,55.9154,0.0],[-3.2629,55.9149,0.0],[-3.2628,55.9148,0.0],[-3.2621,55.9142,0.0],[-3.2621,55.9141,0.0],[-3.262,55.914,0.0],[-3.2621,55.9139,0.0],[-3.2623,55.9137,0.0],[-3.2624,55.9136,0.0],[-3.2626,55.9136,0.0],[-3.2632,55.9138,0.0],[-3.2637,55.9136,0.0],[-3.2631,55.9132,0.0],[-3.2632,55.9132,0.0],[-3.2632,55.9131,0.0],[-3.2633,55.9131,0.0],[-3.2634,55.913,0.0],[-3.2635,55.913,0.0],[-3.2636,55.9129,0.0],[-3.2637,55.9129,0.0],[-3.2639,55.9128,0.0],[-3.264,55.9127,0.0],[-3.2641,55.9127,0.0],[-3.2644,55.9125,0.0],[-3.2648,55.9124,0.0],[-3.2648,55.9123,0.0],[-3.2649,55.9123,0.0],[-3.265,55.9123,0.0],[-3.265,55.9122,0.0],[-3.2651,55.9123,0.0],[-3.2652,55.9124,0.0],[-3.2653,55.9123,0.0],[-3.2654,55.9124,0.0],[-3.2656,55.9125,0.0],[-3.2658,55.9124,0.0],[-3.2659,55.9123,0.0],[-3.266,55.9123,0.0],[-3.2661,55.9122,0.0],[-3.2662,55.9122,0.0],[-3.2663,55.9121,0.0],[-3.2664,55.9121,0.0],[-3.2665,55.912,0.0],[-3.2666,55.912,0.0],[-3.2667,55.9119,0.0],[-3.2668,55.9119,0.0],[-3.2669,55.9118,0.0],[-3.2671,55.9117,0.0],[-3.2672,55.9117,0.0],[-3.2673,55.9116,0.0],[-3.2675,55.9115,0.0],[-3.2676,55.9115,0.0],[-3.2677,55.9114,0.0],[-3.2678,55.9114,0.0],[-3.2679,55.9113,0.0],[-3.268,55.9112,0.0],[-3.2681,55.9112,0.0],[-3.2682,55.9112,0.0],[-3.2683,55.9111,0.0],[-3.2684,55.9111,0.0],[-3.2684,55.911,0.0],[-3.2685,55.911,0.0],[-3.2687,55.9109,0.0],[-3.2688,55.911,0.0],[-3.2689,55.9108,0.0],[-3.269,55.9107,0.0],[-3.2691,55.9106,0.0],[-3.2691,55.9105,0.0],[-3.2692,55.9105,0.0],[-3.2693,55.9103,0.0],[-3.2695,55.9101,0.0],[-3.2696,55.9099,0.0],[-3.2697,55.9099,0.0],[-3.2698,55.9097,0.0],[-3.2699,55.9096,0.0],[-3.27,55.9095,0.0],[-3.2701,55.9094,0.0],[-3.2702,55.9094,0.0],[-3.2702,55.9093,0.0],[-3.2703,55.9093,0.0],[-3.2704,55.9092,0.0],[-3.2705,55.9092,0.0],[-3.2706,55.9091,0.0],[-3.2707,55.9091,0.0],[-3.271,55.9089,0.0],[-3.2712,55.9089,0.0],[-3.2713,55.9088,0.0],[-3.2714,55.9088,0.0],[-3.2715,55.9088,0.0],[-3.2715,55.9087,0.0],[-3.2717,55.9087,0.0],[-3.2719,55.9086,0.0],[-3.2723,55.9085,0.0],[-3.2724,55.9085,0.0],[-3.272,55.9082,0.0],[-3.272,55.9081,0.0],[-3.2732,55.9077,0.0],[-3.274,55.9075,0.0],[-3.275,55.9072,0.0],[-3.2751,55.9072,0.0],[-3.2753,55.9072,0.0],[-3.2754,55.9072,0.0],[-3.2755,55.9071,0.0],[-3.2758,55.907,0.0],[-3.2757,55.907,0.0],[-3.2758,55.9069,0.0],[-3.2759,55.9069,0.0],[-3.2759,55.9068,0.0],[-3.2758,55.9068,0.0],[-3.2757,55.9068,0.0],[-3.2756,55.9068,0.0],[-3.2755,55.9068,0.0],[-3.2754,55.9068,0.0],[-3.2753,55.9068,0.0],[-3.2752,55.9068,0.0],[-3.2752,55.9067,0.0],[-3.2751,55.9067,0.0],[-3.275,55.9067,0.0],[-3.2749,55.9067,0.0],[-3.2749,55.9066,0.0],[-3.2748,55.9066,0.0],[-3.2747,55.9066,0.0],[-3.2746,55.9065,0.0],[-3.2748,55.9064,0.0],[-3.275,55.9063,0.0],[-3.275,55.9062,0.0],[-3.2752,55.9059,0.0],[-3.2753,55.9058,0.0],[-3.2754,55.9057,0.0],[-3.2755,55.9056,0.0],[-3.2756,55.9056,0.0],[-3.2757,55.9056,0.0],[-3.2758,55.9054,0.0],[-3.2758,55.9053,0.0],[-3.2758,55.9052,0.0],[-3.2761,55.905,0.0],[-3.2761,55.9049,0.0],[-3.2762,55.9048,0.0],[-3.2763,55.9048,0.0],[-3.2764,55.9047,0.0],[-3.2768,55.9046,0.0],[-3.277,55.9045,0.0],[-3.2772,55.9045,0.0],[-3.2775,55.9044,0.0],[-3.2777,55.9043,0.0],[-3.2779,55.9043,0.0],[-3.2782,55.9042,0.0],[-3.2785,55.904,0.0],[-3.2787,55.9039,0.0],[-3.2789,55.9039,0.0],[-3.279,55.9039,0.0],[-3.2791,55.9039,0.0],[-3.2792,55.9039,0.0],[-3.2792,55.904,0.0],[-3.2793,55.9041,0.0],[-3.2794,55.9041,0.0],[-3.2794,55.9042,0.0],[-3.2795,55.9042,0.0],[-3.2796,55.9042,0.0],[-3.2797,55.9042,0.0],[-3.2798,55.9042,0.0],[-3.2798,55.9043,0.0],[-3.28,55.9043,0.0],[-3.2801,55.9043,0.0],[-3.2803,55.9043,0.0],[-3.2805,55.9042,0.0],[-3.2808,55.9042,0.0],[-3.2809,55.9042,0.0],[-3.2812,55.9041,0.0],[-3.2814,55.904,0.0],[-3.2818,55.9037,0.0],[-3.2819,55.9037,0.0],[-3.2822,55.9035,0.0],[-3.2829,55.9032,0.0],[-3.283,55.9032,0.0],[-3.2832,55.9031,0.0],[-3.2836,55.9029,0.0],[-3.2838,55.9028,0.0],[-3.2841,55.9027,0.0],[-3.2842,55.9027,0.0],[-3.2844,55.9026,0.0],[-3.2845,55.9026,0.0],[-3.2847,55.9025,0.0],[-3.2848,55.9024,0.0],[-3.2849,55.9024,0.0],[-3.2852,55.9024,0.0],[-3.2853,55.9024,0.0],[-3.2856,55.9024,0.0],[-3.286,55.9023,0.0],[-3.2861,55.9022,0.0],[-3.2863,55.9022,0.0],[-3.2865,55.9021,0.0],[-3.2866,55.902,0.0],[-3.2868,55.9019,0.0],[-3.287,55.9018,0.0],[-3.2871,55.9017,0.0],[-3.2873,55.9015,0.0],[-3.2876,55.9014,0.0],[-3.2879,55.9011,0.0],[-3.2881,55.9011,0.0],[-3.2882,55.901,0.0],[-3.2885,55.901,0.0],[-3.2887,55.901,0.0],[-3.2889,55.9009,0.0],[-3.289,55.9009,0.0],[-3.2894,55.9009,0.0],[-3.2897,55.9009,0.0],[-3.2898,55.9009,0.0],[-3.2901,55.9008,0.0],[-3.2903,55.9008,0.0],[-3.2905,55.9008,0.0],[-3.2907,55.9007,0.0],[-3.2909,55.9007,0.0],[-3.2914,55.9005,0.0],[-3.2913,55.9004,0.0],[-3.2912,55.9004,0.0],[-3.2912,55.9003,0.0],[-3.2911,55.9003,0.0],[-3.2911,55.9002,0.0],[-3.291,55.9002,0.0],[-3.2909,55.9001,0.0],[-3.2906,55.8998,0.0],[-3.2901,55.8993,0.0],[-3.2899,55.899,0.0],[-3.2897,55.8988,0.0],[-3.2896,55.8987,0.0],[-3.2895,55.8985,0.0],[-3.2893,55.8984,0.0],[-3.2893,55.8983,0.0],[-3.289,55.898,0.0],[-3.289,55.8979,0.0],[-3.2887,55.8977,0.0],[-3.2886,55.8977,0.0],[-3.2885,55.8978,0.0],[-3.2882,55.8978,0.0],[-3.2881,55.8978,0.0],[-3.2879,55.8976,0.0],[-3.2878,55.8976,0.0],[-3.2876,55.8975,0.0],[-3.2875,55.8974,0.0],[-3.2873,55.8973,0.0],[-3.2872,55.8972,0.0],[-3.287,55.8971,0.0],[-3.2869,55.897,0.0],[-3.2868,55.8969,0.0],[-3.2867,55.8968,0.0],[-3.2866,55.8967,0.0],[-3.2865,55.8967,0.0],[-3.2864,55.8967,0.0],[-3.2863,55.8967,0.0],[-3.2862,55.8967,0.0],[-3.286,55.8967,0.0],[-3.2859,55.8967,0.0],[-3.2858,55.8967,0.0],[-3.2855,55.8967,0.0],[-3.2854,55.8967,0.0],[-3.2853,55.8967,0.0],[-3.2852,55.8967,0.0],[-3.2851,55.8967,0.0],[-3.285,55.8967,0.0],[-3.2847,55.8964,0.0],[-3.2842,55.896,0.0],[-3.2841,55.8959,0.0],[-3.284,55.8959,0.0],[-3.2833,55.8953,0.0],[-3.2831,55.8951,0.0],[-3.2835,55.8949,0.0],[-3.2841,55.8946,0.0],[-3.2842,55.8945,0.0],[-3.2844,55.8944,0.0],[-3.2845,55.8944,0.0],[-3.2846,55.8943,0.0],[-3.2847,55.8943,0.0],[-3.2848,55.8942,0.0],[-3.2849,55.8942,0.0],[-3.285,55.8941,0.0],[-3.2853,55.8939,0.0],[-3.2856,55.8937,0.0],[-3.2857,55.8937,0.0],[-3.2859,55.8936,0.0],[-3.2861,55.8935,0.0],[-3.2863,55.8934,0.0],[-3.2867,55.8932,0.0],[-3.2869,55.8931,0.0],[-3.2872,55.893,0.0],[-3.2874,55.8929,0.0],[-3.2877,55.8928,0.0],[-3.2879,55.8927,0.0],[-3.2881,55.8926,0.0],[-3.2882,55.8925,0.0],[-3.2883,55.8924,0.0],[-3.2883,55.8923,0.0],[-3.2884,55.8923,0.0],[-3.2884,55.8922,0.0],[-3.2884,55.8921,0.0],[-3.2884,55.892,0.0],[-3.2883,55.8919,0.0],[-3.2883,55.8918,0.0],[-3.2881,55.8914,0.0],[-3.288,55.8913,0.0],[-3.2879,55.8911,0.0],[-3.2879,55.891,0.0],[-3.2877,55.8906,0.0],[-3.2876,55.8905,0.0],[-3.2875,55.8904,0.0],[-3.2875,55.8903,0.0],[-3.2874,55.8903,0.0],[-3.2874,55.8902,0.0],[-3.2873,55.8901,0.0],[-3.2872,55.89,0.0],[-3.2871,55.8899,0.0],[-3.287,55.8897,0.0],[-3.2869,55.8896,0.0],[-3.2868,55.8895,0.0],[-3.2867,55.8894,0.0],[-3.2864,55.889,0.0],[-3.2863,55.8889,0.0],[-3.2861,55.8886,0.0],[-3.2854,55.8877,0.0],[-3.2852,55.8875,0.0],[-3.2849,55.8871,0.0],[-3.2847,55.8868,0.0],[-3.2846,55.8867,0.0],[-3.2845,55.8867,0.0],[-3.2844,55.8867,0.0],[-3.2842,55.8868,0.0],[-3.2838,55.8869,0.0],[-3.2837,55.8869,0.0],[-3.2836,55.8869,0.0],[-3.2834,55.887,0.0],[-3.2829,55.8871,0.0],[-3.2826,55.8872,0.0],[-3.2822,55.8867,0.0],[-3.2821,55.8868,0.0],[-3.2815,55.8869,0.0],[-3.2811,55.887,0.0],[-3.281,55.8869,0.0],[-3.2808,55.8867,0.0],[-3.2808,55.8866,0.0],[-3.2805,55.8864,0.0],[-3.2803,55.8861,0.0],[-3.2802,55.886,0.0],[-3.2801,55.8859,0.0],[-3.2797,55.8857,0.0],[-3.2795,55.8856,0.0],[-3.2794,55.8859,0.0],[-3.2793,55.8859,0.0],[-3.2793,55.886,0.0],[-3.2792,55.886,0.0],[-3.279,55.8862,0.0],[-3.2788,55.8863,0.0],[-3.2784,55.8865,0.0],[-3.2781,55.8867,0.0],[-3.2776,55.887,0.0],[-3.2773,55.8872,0.0],[-3.2772,55.8872,0.0],[-3.2771,55.8873,0.0],[-3.2767,55.8875,0.0],[-3.2765,55.8877,0.0],[-3.2759,55.888,0.0],[-3.2759,55.8878,0.0],[-3.2758,55.8878,0.0],[-3.2757,55.8875,0.0],[-3.2757,55.8874,0.0],[-3.2756,55.8873,0.0],[-3.2755,55.8873,0.0],[-3.2754,55.8871,0.0],[-3.2754,55.887,0.0],[-3.2753,55.887,0.0],[-3.2753,55.8869,0.0],[-3.2753,55.8868,0.0],[-3.2752,55.8868,0.0],[-3.2752,55.8867,0.0],[-3.275,55.8866,0.0],[-3.2749,55.8865,0.0],[-3.2748,55.8865,0.0],[-3.2747,55.8864,0.0],[-3.2746,55.8864,0.0],[-3.2746,55.8863,0.0],[-3.2745,55.8863,0.0],[-3.2744,55.8862,0.0],[-3.2743,55.8861,0.0],[-3.2742,55.8861,0.0],[-3.274,55.886,0.0],[-3.2738,55.8859,0.0],[-3.2737,55.8859,0.0],[-3.2737,55.8858,0.0],[-3.2736,55.8858,0.0],[-3.2735,55.8858,0.0],[-3.2734,55.8857,0.0],[-3.2733,55.8857,0.0],[-3.2733,55.8856,0.0],[-3.2731,55.8856,0.0],[-3.2729,55.8855,0.0],[-3.2728,55.8854,0.0],[-3.2727,55.8853,0.0],[-3.2725,55.8853,0.0],[-3.2724,55.8852,0.0],[-3.2723,55.8852,0.0],[-3.2723,55.8851,0.0],[-3.2722,55.8851,0.0],[-3.2721,55.8851,0.0],[-3.272,55.8851,0.0],[-3.272,55.885,0.0],[-3.2719,55.885,0.0],[-3.2717,55.885,0.0],[-3.2713,55.8848,0.0],[-3.2711,55.8848,0.0],[-3.2708,55.8847,0.0],[-3.2707,55.8846,0.0],[-3.2706,55.8841,0.0],[-3.2705,55.8841,0.0],[-3.2705,55.884,0.0],[-3.2705,55.8839,0.0],[-3.2705,55.8837,0.0],[-3.2705,55.8835,0.0],[-3.2704,55.8833,0.0],[-3.2704,55.8831,0.0],[-3.2704,55.8828,0.0],[-3.2703,55.8826,0.0],[-3.2703,55.8825,0.0],[-3.2703,55.8824,0.0],[-3.2703,55.8822,0.0],[-3.2702,55.882,0.0],[-3.2702,55.8817,0.0],[-3.2702,55.8816,0.0],[-3.2701,55.8811,0.0],[-3.2701,55.8809,0.0],[-3.2701,55.8807,0.0],[-3.27,55.8806,0.0],[-3.2699,55.8795,0.0],[-3.2698,55.8792,0.0],[-3.2698,55.8791,0.0],[-3.2698,55.879,0.0],[-3.2698,55.8788,0.0],[-3.2697,55.878,0.0],[-3.2696,55.8777,0.0],[-3.2696,55.8774,0.0],[-3.2695,55.8773,0.0],[-3.2695,55.8769,0.0],[-3.2694,55.8768,0.0],[-3.2694,55.8767,0.0],[-3.2693,55.8764,0.0],[-3.2692,55.876,0.0],[-3.2692,55.8758,0.0],[-3.2708,55.8741,0.0],[-3.2712,55.8738,0.0],[-3.2737,55.8716,0.0],[-3.2741,55.8712,0.0],[-3.2751,55.8707,0.0],[-3.2767,55.8699,0.0],[-3.2776,55.8694,0.0],[-3.2791,55.8685,0.0],[-3.2836,55.8661,0.0],[-3.284,55.8659,0.0],[-3.2846,55.8659,0.0],[-3.2848,55.8659,0.0],[-3.2851,55.8659,0.0],[-3.2855,55.8659,0.0],[-3.2862,55.8658,0.0],[-3.2864,55.8657,0.0],[-3.2869,55.8657,0.0],[-3.287,55.8657,0.0],[-3.2879,55.8656,0.0],[-3.2886,55.8657,0.0],[-3.2889,55.8658,0.0],[-3.2892,55.8659,0.0],[-3.2895,55.866,0.0],[-3.29,55.8662,0.0],[-3.2904,55.8664,0.0],[-3.2907,55.8666,0.0],[-3.291,55.8666,0.0],[-3.2911,55.8667,0.0],[-3.2917,55.867,0.0],[-3.2918,55.867,0.0],[-3.2922,55.8669,0.0],[-3.2927,55.8669,0.0],[-3.293,55.8669,0.0],[-3.2932,55.8669,0.0],[-3.2938,55.8667,0.0],[-3.2941,55.8667,0.0],[-3.295,55.8663,0.0],[-3.2952,55.8663,0.0],[-3.2954,55.8663,0.0],[-3.2955,55.8662,0.0],[-3.2957,55.8661,0.0],[-3.2958,55.866,0.0],[-3.2962,55.8658,0.0],[-3.2965,55.8654,0.0],[-3.2965,55.8653,0.0],[-3.2966,55.8653,0.0],[-3.2967,55.8652,0.0],[-3.2979,55.8644,0.0],[-3.3009,55.8624,0.0],[-3.3015,55.8621,0.0],[-3.3025,55.8614,0.0],[-3.3078,55.8578,0.0],[-3.3088,55.8571,0.0],[-3.3098,55.8565,0.0],[-3.3143,55.8534,0.0],[-3.3147,55.8532,0.0],[-3.3157,55.8525,0.0],[-3.3196,55.85,0.0],[-3.3201,55.8496,0.0],[-3.321,55.849,0.0],[-3.3235,55.8473,0.0],[-3.324,55.847,0.0],[-3.3259,55.8457,0.0],[-3.3275,55.8446,0.0],[-3.3279,55.8443,0.0],[-3.3282,55.8441,0.0],[-3.3303,55.8428,0.0],[-3.3307,55.8425,0.0],[-3.3328,55.8411,0.0],[-3.3347,55.8398,0.0],[-3.3357,55.8392,0.0],[-3.3386,55.8372,0.0],[-3.3416,55.8352,0.0],[-3.3426,55.8346,0.0],[-3.3436,55.8339,0.0],[-3.3465,55.8319,0.0],[-3.3473,55.8315,0.0],[-3.3496,55.8302,0.0],[-3.3501,55.8292,0.0],[-3.3498,55.8284,0.0],[-3.3507,55.8271,0.0],[-3.354,55.8258,0.0],[-3.3552,55.8253,0.0],[-3.356,55.8248,0.0],[-3.3579,55.8252,0.0],[-3.3583,55.8253,0.0],[-3.3592,55.8256,0.0],[-3.36,55.8258,0.0],[-3.3615,55.8257,0.0],[-3.3617,55.8257,0.0],[-3.3635,55.8253,0.0],[-3.3645,55.825,0.0],[-3.366,55.8246,0.0],[-3.3676,55.8241,0.0],[-3.369,55.8241,0.0],[-3.3693,55.8241,0.0],[-3.3695,55.8241,0.0],[-3.3721,55.8226,0.0],[-3.3724,55.8225,0.0],[-3.3727,55.8222,0.0],[-3.3729,55.822,0.0],[-3.3732,55.8216,0.0],[-3.3749,55.8212,0.0],[-3.3754,55.8211,0.0],[-3.3769,55.8207,0.0],[-3.3777,55.8205,0.0],[-3.3781,55.8204,0.0],[-3.3786,55.8203,0.0],[-3.3787,55.8203,0.0],[-3.3793,55.8205,0.0],[-3.3796,55.8204,0.0],[-3.3816,55.8202,0.0],[-3.3843,55.8202,0.0],[-3.3847,55.8202,0.0],[-3.3853,55.8201,0.0],[-3.3864,55.8201,0.0],[-3.3869,55.8199,0.0],[-3.388,55.8195,0.0],[-3.39,55.8191,0.0],[-3.3912,55.8188,0.0],[-3.3917,55.8188,0.0],[-3.3929,55.819,0.0],[-3.3933,55.8192,0.0],[-3.3948,55.8197,0.0],[-3.3942,55.8201,0.0],[-3.3934,55.8208,0.0],[-3.3928,55.8212,0.0],[-3.3927,55.8214,0.0],[-3.3924,55.8222,0.0],[-3.3923,55.8224,0.0],[-3.3921,55.8227,0.0],[-3.3915,55.8234,0.0],[-3.3908,55.824,0.0],[-3.3908,55.8241,0.0],[-3.3909,55.825,0.0],[-3.391,55.8254,0.0],[-3.3922,55.827,0.0],[-3.3944,55.8293,0.0],[-3.3951,55.8302,0.0],[-3.396,55.8313,0.0],[-3.396,55.8314,0.0],[-3.3958,55.8315,0.0],[-3.3959,55.8316,0.0],[-3.396,55.8317,0.0],[-3.3962,55.8318,0.0],[-3.3964,55.832,0.0],[-3.3967,55.8322,0.0],[-3.3967,55.8323,0.0],[-3.3968,55.8324,0.0],[-3.3968,55.8325,0.0],[-3.3973,55.8327,0.0],[-3.3978,55.8328,0.0],[-3.3985,55.833,0.0],[-3.3987,55.833,0.0],[-3.3993,55.8331,0.0],[-3.3997,55.833,0.0],[-3.3999,55.833,0.0],[-3.4001,55.8331,0.0],[-3.4002,55.8331,0.0],[-3.4004,55.8332,0.0],[-3.4006,55.8333,0.0],[-3.4007,55.8334,0.0],[-3.4008,55.8334,0.0],[-3.4009,55.8335,0.0],[-3.4015,55.8336,0.0],[-3.4022,55.8339,0.0],[-3.4025,55.8339,0.0],[-3.4028,55.834,0.0],[-3.4028,55.8341,0.0],[-3.403,55.8343,0.0],[-3.4031,55.8343,0.0],[-3.4033,55.8343,0.0],[-3.4035,55.8343,0.0],[-3.4036,55.8343,0.0],[-3.4041,55.8345,0.0],[-3.4043,55.835,0.0],[-3.4042,55.8351,0.0],[-3.4043,55.8352,0.0],[-3.405,55.8353,0.0],[-3.4052,55.8354,0.0],[-3.4054,55.8355,0.0],[-3.4056,55.8355,0.0],[-3.4056,55.8356,0.0],[-3.4057,55.8356,0.0],[-3.4058,55.8357,0.0],[-3.4059,55.8359,0.0],[-3.4059,55.836,0.0],[-3.4059,55.8361,0.0],[-3.4063,55.8364,0.0],[-3.4067,55.8368,0.0],[-3.4068,55.8369,0.0],[-3.407,55.8371,0.0],[-3.4072,55.8372,0.0],[-3.4073,55.8372,0.0],[-3.4075,55.8372,0.0],[-3.4076,55.8373,0.0],[-3.4079,55.8374,0.0],[-3.408,55.8376,0.0],[-3.4081,55.8377,0.0],[-3.4083,55.8378,0.0],[-3.4085,55.8379,0.0],[-3.4086,55.8379,0.0],[-3.4092,55.838,0.0],[-3.4093,55.838,0.0],[-3.4094,55.8381,0.0],[-3.4095,55.8382,0.0],[-3.4095,55.8384,0.0],[-3.4097,55.8385,0.0],[-3.4099,55.8387,0.0],[-3.4099,55.8388,0.0],[-3.4099,55.8389,0.0],[-3.4099,55.8391,0.0],[-3.4099,55.8392,0.0],[-3.41,55.8392,0.0],[-3.4103,55.8393,0.0],[-3.4106,55.8394,0.0],[-3.4107,55.8394,0.0],[-3.4107,55.8395,0.0],[-3.4108,55.8397,0.0],[-3.4109,55.8397,0.0],[-3.4109,55.8398,0.0],[-3.4108,55.8399,0.0],[-3.4105,55.8401,0.0],[-3.4104,55.8402,0.0],[-3.4103,55.8403,0.0],[-3.4101,55.8404,0.0],[-3.4097,55.8405,0.0],[-3.4095,55.8405,0.0],[-3.4091,55.8407,0.0],[-3.4088,55.8407,0.0],[-3.4088,55.8408,0.0],[-3.4087,55.8408,0.0],[-3.4088,55.8409,0.0],[-3.4088,55.841,0.0],[-3.4089,55.8411,0.0],[-3.4089,55.8412,0.0],[-3.4089,55.8413,0.0],[-3.4095,55.8415,0.0],[-3.4102,55.8417,0.0],[-3.4102,55.8418,0.0],[-3.4103,55.842,0.0],[-3.4104,55.8421,0.0],[-3.4106,55.8422,0.0],[-3.4109,55.8423,0.0],[-3.4112,55.8423,0.0],[-3.4112,55.8424,0.0],[-3.4112,55.8425,0.0],[-3.4114,55.8426,0.0],[-3.4117,55.8426,0.0],[-3.412,55.8426,0.0],[-3.4122,55.8426,0.0],[-3.4123,55.8427,0.0],[-3.4126,55.8428,0.0],[-3.4127,55.8428,0.0],[-3.4132,55.8431,0.0],[-3.4132,55.8432,0.0],[-3.4134,55.8432,0.0],[-3.4136,55.8432,0.0],[-3.4139,55.8433,0.0],[-3.4141,55.8432,0.0],[-3.4142,55.8432,0.0],[-3.4143,55.8432,0.0],[-3.4143,55.8434,0.0],[-3.4146,55.8435,0.0],[-3.415,55.8434,0.0],[-3.4155,55.8435,0.0],[-3.4158,55.8435,0.0],[-3.4159,55.8435,0.0],[-3.4159,55.8436,0.0],[-3.4159,55.8438,0.0],[-3.416,55.8439,0.0],[-3.4161,55.844,0.0],[-3.4162,55.8442,0.0],[-3.4163,55.8442,0.0],[-3.4167,55.8443,0.0],[-3.4167,55.8444,0.0],[-3.4167,55.8445,0.0],[-3.417,55.8446,0.0],[-3.4173,55.8448,0.0],[-3.4174,55.845,0.0],[-3.4176,55.8452,0.0],[-3.4177,55.8452,0.0],[-3.4177,55.8451,0.0],[-3.4177,55.845,0.0],[-3.4178,55.845,0.0],[-3.4179,55.845,0.0],[-3.4181,55.8451,0.0],[-3.4181,55.8452,0.0],[-3.4179,55.8453,0.0],[-3.4178,55.8453,0.0],[-3.4179,55.8454,0.0],[-3.4178,55.8455,0.0],[-3.4178,55.8456,0.0],[-3.4179,55.8456,0.0],[-3.4181,55.8458,0.0],[-3.4184,55.8459,0.0],[-3.4189,55.8461,0.0],[-3.4192,55.8462,0.0],[-3.4193,55.8462,0.0],[-3.4193,55.846,0.0],[-3.4194,55.8459,0.0],[-3.4195,55.8458,0.0],[-3.4196,55.8457,0.0],[-3.4197,55.8457,0.0],[-3.4199,55.8459,0.0],[-3.4201,55.8459,0.0],[-3.4201,55.846,0.0],[-3.4201,55.8461,0.0],[-3.42,55.8462,0.0],[-3.4199,55.8463,0.0],[-3.4197,55.8463,0.0],[-3.4194,55.8465,0.0],[-3.4189,55.8469,0.0],[-3.4188,55.847,0.0],[-3.4188,55.8472,0.0],[-3.4189,55.8475,0.0],[-3.419,55.8478,0.0],[-3.419,55.8479,0.0],[-3.419,55.848,0.0],[-3.4188,55.8481,0.0],[-3.4188,55.8482,0.0],[-3.4185,55.8483,0.0],[-3.4182,55.8485,0.0],[-3.4175,55.8489,0.0],[-3.4173,55.8491,0.0],[-3.4172,55.8492,0.0],[-3.4171,55.8493,0.0],[-3.4171,55.8497,0.0],[-3.417,55.8498,0.0],[-3.4168,55.85,0.0],[-3.4166,55.85,0.0],[-3.4161,55.8501,0.0],[-3.4158,55.8501,0.0],[-3.4156,55.8501,0.0],[-3.4154,55.8503,0.0],[-3.4152,55.8507,0.0],[-3.4151,55.8508,0.0],[-3.4149,55.8511,0.0],[-3.4147,55.8513,0.0],[-3.4147,55.8515,0.0],[-3.4148,55.8516,0.0],[-3.4149,55.8517,0.0],[-3.4154,55.8519,0.0],[-3.4155,55.8519,0.0],[-3.4156,55.852,0.0],[-3.4156,55.8523,0.0],[-3.4156,55.8525,0.0],[-3.4159,55.8528,0.0],[-3.416,55.8529,0.0],[-3.4163,55.8532,0.0],[-3.4166,55.8534,0.0],[-3.4167,55.8535,0.0],[-3.4167,55.8536,0.0],[-3.4167,55.8538,0.0],[-3.4166,55.8539,0.0],[-3.4164,55.854,0.0],[-3.4163,55.8541,0.0],[-3.4162,55.8542,0.0],[-3.4162,55.8544,0.0],[-3.4161,55.8544,0.0],[-3.4158,55.8545,0.0],[-3.4153,55.8546,0.0],[-3.4151,55.8546,0.0],[-3.4149,55.8546,0.0],[-3.4147,55.8546,0.0],[-3.4144,55.8545,0.0],[-3.4142,55.8544,0.0],[-3.4141,55.8543,0.0],[-3.414,55.8542,0.0],[-3.4137,55.8542,0.0],[-3.4135,55.8542,0.0],[-3.4134,55.8542,0.0],[-3.4133,55.8543,0.0],[-3.4133,55.8545,0.0],[-3.4131,55.8547,0.0],[-3.4128,55.8551,0.0],[-3.4127,55.8552,0.0],[-3.4127,55.8554,0.0],[-3.4126,55.8555,0.0],[-3.4127,55.8557,0.0],[-3.4127,55.8559,0.0],[-3.4128,55.856,0.0],[-3.413,55.8561,0.0],[-3.4133,55.8561,0.0],[-3.4137,55.8562,0.0],[-3.4141,55.8562,0.0],[-3.4151,55.8566,0.0],[-3.4153,55.8567,0.0],[-3.4154,55.8568,0.0],[-3.4155,55.8573,0.0],[-3.4158,55.8577,0.0],[-3.4161,55.8578,0.0],[-3.4165,55.8579,0.0],[-3.417,55.858,0.0],[-3.4175,55.8583,0.0],[-3.4177,55.8584,0.0],[-3.4178,55.8586,0.0],[-3.4178,55.8587,0.0],[-3.4177,55.8588,0.0],[-3.4176,55.8588,0.0],[-3.4169,55.8589,0.0],[-3.4166,55.859,0.0],[-3.4165,55.8592,0.0],[-3.4165,55.8593,0.0],[-3.4165,55.8594,0.0],[-3.4166,55.8595,0.0],[-3.4168,55.8595,0.0],[-3.4169,55.8596,0.0],[-3.4169,55.8598,0.0],[-3.417,55.8599,0.0],[-3.417,55.8601,0.0],[-3.417,55.8602,0.0],[-3.4168,55.8604,0.0],[-3.4164,55.8607,0.0],[-3.4161,55.8607,0.0],[-3.4158,55.8608,0.0],[-3.4154,55.8608,0.0],[-3.4152,55.8607,0.0],[-3.4148,55.8606,0.0],[-3.4145,55.8606,0.0],[-3.4143,55.8606,0.0],[-3.4141,55.8606,0.0],[-3.414,55.8608,0.0],[-3.4139,55.8608,0.0],[-3.4138,55.8609,0.0],[-3.4137,55.8611,0.0],[-3.4137,55.8615,0.0],[-3.4136,55.8617,0.0],[-3.4134,55.8618,0.0],[-3.4132,55.8619,0.0],[-3.4125,55.8621,0.0],[-3.4124,55.8621,0.0],[-3.4123,55.8622,0.0],[-3.4122,55.8623,0.0],[-3.4121,55.8624,0.0],[-3.412,55.8624,0.0],[-3.4119,55.8628,0.0],[-3.4111,55.8633,0.0],[-3.4107,55.8637,0.0],[-3.4105,55.864,0.0],[-3.4104,55.8641,0.0],[-3.4105,55.8643,0.0],[-3.4106,55.8646,0.0],[-3.4106,55.8647,0.0],[-3.4105,55.8648,0.0],[-3.41,55.8652,0.0],[-3.4098,55.8653,0.0],[-3.4097,55.8654,0.0],[-3.4094,55.8654,0.0],[-3.4093,55.8655,0.0],[-3.409,55.8655,0.0],[-3.4088,55.8655,0.0],[-3.4085,55.8654,0.0],[-3.4081,55.8653,0.0],[-3.408,55.8653,0.0],[-3.4077,55.8653,0.0],[-3.4073,55.8653,0.0],[-3.4069,55.8652,0.0],[-3.4056,55.865,0.0],[-3.4055,55.8651,0.0],[-3.4054,55.8652,0.0],[-3.4052,55.8654,0.0],[-3.4046,55.8654,0.0],[-3.4045,55.8655,0.0],[-3.4043,55.8656,0.0],[-3.4042,55.8657,0.0],[-3.4043,55.8659,0.0],[-3.4041,55.8662,0.0],[-3.4039,55.8664,0.0],[-3.4036,55.8666,0.0],[-3.4035,55.8668,0.0],[-3.4032,55.867,0.0],[-3.4027,55.8673,0.0],[-3.4021,55.8675,0.0],[-3.4018,55.8675,0.0],[-3.4016,55.8677,0.0],[-3.4014,55.8679,0.0],[-3.401,55.8681,0.0],[-3.4008,55.8683,0.0],[-3.4006,55.8684,0.0],[-3.4004,55.8686,0.0],[-3.4002,55.8687,0.0],[-3.4001,55.8688,0.0],[-3.4,55.8688,0.0],[-3.3998,55.8688,0.0],[-3.3994,55.8688,0.0],[-3.3988,55.8689,0.0],[-3.3986,55.869,0.0],[-3.3979,55.8689,0.0],[-3.3974,55.8687,0.0],[-3.3971,55.8687,0.0],[-3.397,55.8687,0.0],[-3.3968,55.8687,0.0],[-3.3966,55.8687,0.0],[-3.3969,55.8691,0.0],[-3.3971,55.8692,0.0],[-3.3973,55.8693,0.0],[-3.3974,55.8694,0.0],[-3.3975,55.8694,0.0],[-3.3975,55.8695,0.0],[-3.3976,55.8695,0.0],[-3.3978,55.8696,0.0],[-3.3979,55.8697,0.0],[-3.398,55.8697,0.0],[-3.3982,55.8699,0.0],[-3.3984,55.8702,0.0],[-3.3986,55.8703,0.0],[-3.3987,55.8705,0.0],[-3.3991,55.8707,0.0],[-3.3996,55.871,0.0],[-3.3999,55.8708,0.0],[-3.4,55.8708,0.0],[-3.4001,55.8708,0.0],[-3.4002,55.8708,0.0],[-3.4003,55.8708,0.0],[-3.4005,55.8709,0.0],[-3.4016,55.8705,0.0],[-3.4021,55.8704,0.0],[-3.4032,55.8702,0.0],[-3.4038,55.8701,0.0],[-3.4052,55.87,0.0],[-3.4053,55.8701,0.0],[-3.4079,55.8727,0.0],[-3.4101,55.8747,0.0],[-3.4124,55.8769,0.0],[-3.4137,55.8782,0.0],[-3.4138,55.8783,0.0],[-3.4138,55.8784,0.0],[-3.4137,55.8785,0.0],[-3.4135,55.8785,0.0],[-3.4134,55.8786,0.0],[-3.4133,55.8786,0.0],[-3.4131,55.8786,0.0],[-3.413,55.8787,0.0],[-3.4128,55.8788,0.0],[-3.4125,55.879,0.0],[-3.4121,55.8791,0.0],[-3.4117,55.8791,0.0],[-3.411,55.8792,0.0],[-3.4107,55.8792,0.0],[-3.4084,55.8795,0.0],[-3.4074,55.8795,0.0],[-3.4072,55.8795,0.0],[-3.4055,55.8797,0.0],[-3.4054,55.8797,0.0],[-3.4051,55.8804,0.0],[-3.405,55.8805,0.0],[-3.4049,55.8806,0.0],[-3.4048,55.8807,0.0],[-3.4047,55.8807,0.0],[-3.4039,55.881,0.0],[-3.4038,55.8811,0.0],[-3.4037,55.8811,0.0],[-3.4034,55.8811,0.0],[-3.4027,55.8812,0.0],[-3.4026,55.8812,0.0],[-3.4025,55.8812,0.0],[-3.4022,55.8813,0.0],[-3.402,55.8813,0.0],[-3.4019,55.8814,0.0],[-3.4019,55.8815,0.0],[-3.4016,55.8817,0.0],[-3.4016,55.8818,0.0],[-3.4014,55.8818,0.0],[-3.4013,55.8819,0.0],[-3.4014,55.8819,0.0],[-3.4015,55.8819,0.0],[-3.4015,55.882,0.0],[-3.4014,55.882,0.0],[-3.4014,55.8821,0.0],[-3.4013,55.8822,0.0],[-3.4012,55.8823,0.0],[-3.4012,55.8824,0.0],[-3.4013,55.8824,0.0],[-3.4011,55.8825,0.0],[-3.4011,55.8826,0.0],[-3.4012,55.8826,0.0],[-3.4012,55.8827,0.0],[-3.4013,55.8827,0.0],[-3.4014,55.8827,0.0],[-3.401,55.8829,0.0],[-3.4008,55.8831,0.0],[-3.4008,55.8833,0.0],[-3.4009,55.8835,0.0],[-3.4009,55.8836,0.0],[-3.4009,55.8837,0.0],[-3.4008,55.8839,0.0],[-3.401,55.884,0.0],[-3.4011,55.884,0.0],[-3.4012,55.884,0.0],[-3.4015,55.8841,0.0],[-3.4017,55.8842,0.0],[-3.4019,55.8842,0.0],[-3.402,55.8843,0.0],[-3.4021,55.8843,0.0],[-3.4022,55.8842,0.0],[-3.4023,55.8842,0.0],[-3.4023,55.8843,0.0],[-3.4023,55.8844,0.0],[-3.4024,55.8845,0.0],[-3.4028,55.8846,0.0],[-3.4029,55.8847,0.0],[-3.4029,55.8848,0.0],[-3.403,55.8848,0.0],[-3.403,55.8849,0.0],[-3.4032,55.8849,0.0],[-3.4033,55.8849,0.0],[-3.4035,55.885,0.0],[-3.4036,55.8851,0.0],[-3.4039,55.8852,0.0],[-3.404,55.8852,0.0],[-3.404,55.8853,0.0],[-3.4038,55.8854,0.0],[-3.4036,55.8854,0.0],[-3.4036,55.8855,0.0],[-3.4036,55.8856,0.0],[-3.4039,55.8857,0.0],[-3.404,55.8858,0.0],[-3.404,55.8859,0.0],[-3.4042,55.886,0.0],[-3.4043,55.8862,0.0],[-3.4043,55.8863,0.0],[-3.4042,55.8863,0.0],[-3.4038,55.8864,0.0],[-3.4037,55.8865,0.0],[-3.4036,55.8867,0.0],[-3.4035,55.8868,0.0],[-3.4034,55.8869,0.0],[-3.4034,55.887,0.0],[-3.4034,55.8871,0.0],[-3.4033,55.8872,0.0],[-3.4034,55.8873,0.0],[-3.4035,55.8873,0.0],[-3.4033,55.8874,0.0],[-3.4031,55.8874,0.0],[-3.4029,55.8874,0.0],[-3.4028,55.8874,0.0],[-3.4027,55.8875,0.0],[-3.4026,55.8877,0.0],[-3.4025,55.8878,0.0],[-3.4024,55.8878,0.0],[-3.4021,55.8877,0.0],[-3.4018,55.8877,0.0],[-3.4017,55.8877,0.0],[-3.4013,55.8878,0.0],[-3.4012,55.8878,0.0],[-3.4006,55.8878,0.0],[-3.4003,55.8879,0.0],[-3.4003,55.888,0.0],[-3.4001,55.8881,0.0],[-3.3999,55.8881,0.0],[-3.3998,55.8882,0.0],[-3.3993,55.8882,0.0],[-3.3992,55.8882,0.0],[-3.3989,55.8883,0.0],[-3.3988,55.8883,0.0],[-3.3986,55.8883,0.0],[-3.3985,55.8883,0.0],[-3.3984,55.8883,0.0],[-3.3983,55.8883,0.0],[-3.3984,55.8884,0.0],[-3.3982,55.8884,0.0],[-3.398,55.8885,0.0],[-3.3979,55.8886,0.0],[-3.3978,55.8886,0.0],[-3.3976,55.8888,0.0],[-3.3973,55.8889,0.0],[-3.3972,55.8889,0.0],[-3.397,55.889,0.0],[-3.3969,55.889,0.0],[-3.3968,55.8891,0.0],[-3.3966,55.8892,0.0],[-3.3966,55.8893,0.0],[-3.3964,55.8893,0.0],[-3.3963,55.8894,0.0],[-3.3961,55.8895,0.0],[-3.3959,55.8895,0.0],[-3.3957,55.8895,0.0],[-3.3956,55.8896,0.0],[-3.3956,55.8897,0.0],[-3.3955,55.8898,0.0],[-3.3953,55.8898,0.0],[-3.3952,55.8899,0.0],[-3.3951,55.89,0.0],[-3.3949,55.89,0.0],[-3.3949,55.8899,0.0],[-3.3948,55.8899,0.0],[-3.3947,55.8899,0.0],[-3.3945,55.89,0.0],[-3.3945,55.8901,0.0],[-3.3944,55.8901,0.0],[-3.3943,55.8901,0.0],[-3.3943,55.8903,0.0],[-3.3943,55.8904,0.0],[-3.3939,55.8904,0.0],[-3.3938,55.8905,0.0],[-3.3937,55.8905,0.0],[-3.3936,55.8906,0.0],[-3.3934,55.8907,0.0],[-3.3931,55.8908,0.0],[-3.3926,55.891,0.0],[-3.3924,55.8912,0.0],[-3.3923,55.8912,0.0],[-3.392,55.8913,0.0],[-3.3911,55.8917,0.0],[-3.391,55.8918,0.0],[-3.3906,55.8919,0.0],[-3.3906,55.892,0.0],[-3.3904,55.8922,0.0],[-3.3904,55.8923,0.0],[-3.3903,55.8924,0.0],[-3.3902,55.8924,0.0],[-3.3902,55.8927,0.0],[-3.39,55.8928,0.0],[-3.3901,55.8929,0.0],[-3.3899,55.8932,0.0],[-3.3898,55.8933,0.0],[-3.3896,55.8933,0.0],[-3.3893,55.8934,0.0],[-3.3892,55.8937,0.0],[-3.3891,55.8939,0.0],[-3.3891,55.894,0.0],[-3.3889,55.894,0.0],[-3.3889,55.8941,0.0],[-3.389,55.8943,0.0],[-3.389,55.8945,0.0],[-3.3889,55.8948,0.0],[-3.3887,55.8949,0.0],[-3.3887,55.895,0.0],[-3.3886,55.8951,0.0],[-3.3882,55.8952,0.0],[-3.3879,55.8953,0.0],[-3.3875,55.8955,0.0],[-3.3873,55.8957,0.0],[-3.3872,55.8958,0.0],[-3.3872,55.8959,0.0],[-3.3872,55.896,0.0],[-3.387,55.8961,0.0],[-3.387,55.8962,0.0],[-3.387,55.8963,0.0],[-3.3872,55.8964,0.0],[-3.3873,55.8965,0.0],[-3.387,55.8966,0.0],[-3.3869,55.8967,0.0],[-3.3869,55.8968,0.0],[-3.3866,55.897,0.0],[-3.3866,55.8971,0.0],[-3.3868,55.8971,0.0],[-3.3869,55.8974,0.0],[-3.3869,55.8975,0.0],[-3.3868,55.8977,0.0],[-3.3868,55.8978,0.0],[-3.387,55.8979,0.0],[-3.3871,55.8981,0.0],[-3.3872,55.8982,0.0],[-3.3873,55.8983,0.0],[-3.3875,55.8985,0.0],[-3.3878,55.8986,0.0],[-3.3879,55.8988,0.0],[-3.388,55.8989,0.0],[-3.3881,55.899,0.0],[-3.3882,55.899,0.0],[-3.3884,55.899,0.0],[-3.3888,55.899,0.0],[-3.3889,55.899,0.0],[-3.389,55.899,0.0],[-3.3891,55.8989,0.0],[-3.3893,55.8989,0.0],[-3.3897,55.8989,0.0],[-3.39,55.8989,0.0],[-3.3902,55.899,0.0],[-3.3904,55.899,0.0],[-3.3905,55.8989,0.0],[-3.3906,55.899,0.0],[-3.3909,55.8991,0.0],[-3.391,55.8992,0.0],[-3.391,55.8993,0.0],[-3.391,55.8995,0.0],[-3.3909,55.8997,0.0],[-3.391,55.8998,0.0],[-3.3909,55.8999,0.0],[-3.3907,55.8999,0.0],[-3.3907,55.8998,0.0],[-3.3907,55.8997,0.0],[-3.3906,55.8997,0.0],[-3.3906,55.8998,0.0],[-3.3906,55.8999,0.0],[-3.3905,55.9001,0.0],[-3.3906,55.9002,0.0],[-3.3906,55.9003,0.0],[-3.3906,55.9004,0.0],[-3.3907,55.9004,0.0],[-3.3908,55.9003,0.0],[-3.3909,55.9004,0.0],[-3.391,55.9004,0.0],[-3.391,55.9006,0.0],[-3.3911,55.9007,0.0],[-3.3911,55.9008,0.0],[-3.391,55.901,0.0],[-3.3908,55.9011,0.0],[-3.3906,55.9012,0.0],[-3.3904,55.9013,0.0],[-3.3899,55.9017,0.0],[-3.3898,55.9018,0.0],[-3.3896,55.9019,0.0],[-3.3886,55.9023,0.0],[-3.3885,55.9025,0.0],[-3.3879,55.9028,0.0],[-3.3877,55.9029,0.0],[-3.3878,55.9029,0.0],[-3.3879,55.9029,0.0],[-3.3881,55.9029,0.0],[-3.3886,55.9028,0.0],[-3.3888,55.9027,0.0],[-3.3897,55.9027,0.0],[-3.39,55.9027,0.0],[-3.393,55.9029,0.0],[-3.3932,55.9029,0.0],[-3.394,55.903,0.0],[-3.395,55.9031,0.0],[-3.3954,55.9031,0.0],[-3.3956,55.903,0.0],[-3.3957,55.9031,0.0],[-3.3959,55.903,0.0],[-3.3962,55.9031,0.0],[-3.3968,55.9032,0.0],[-3.3978,55.9033,0.0],[-3.4023,55.9027,0.0],[-3.4024,55.9027,0.0],[-3.4026,55.9027,0.0],[-3.4044,55.9027,0.0],[-3.4054,55.9027,0.0],[-3.4064,55.9029,0.0],[-3.4072,55.903,0.0],[-3.4073,55.903,0.0],[-3.4079,55.903,0.0],[-3.4128,55.9027,0.0],[-3.413,55.9025,0.0],[-3.4131,55.9025,0.0],[-3.4144,55.9024,0.0],[-3.4168,55.9023,0.0],[-3.4174,55.9022,0.0],[-3.4182,55.902,0.0],[-3.4185,55.902,0.0],[-3.4185,55.9019,0.0],[-3.4189,55.9019,0.0],[-3.4194,55.9018,0.0],[-3.4203,55.9018,0.0],[-3.4211,55.9018,0.0],[-3.4214,55.9018,0.0],[-3.4219,55.9019,0.0],[-3.4224,55.902,0.0],[-3.4234,55.9023,0.0],[-3.424,55.9025,0.0],[-3.4244,55.9027,0.0],[-3.4251,55.903,0.0],[-3.4254,55.9031,0.0],[-3.426,55.9033,0.0],[-3.4262,55.9033,0.0],[-3.427,55.9033,0.0],[-3.4274,55.9034,0.0],[-3.4286,55.9037,0.0],[-3.4293,55.9038,0.0],[-3.4301,55.904,0.0],[-3.4308,55.9042,0.0],[-3.4312,55.9044,0.0],[-3.432,55.9044,0.0],[-3.4322,55.9046,0.0],[-3.4326,55.9048,0.0],[-3.4328,55.9049,0.0],[-3.4333,55.9054,0.0],[-3.4335,55.9056,0.0],[-3.4339,55.9057,0.0],[-3.434,55.9057,0.0],[-3.4346,55.9058,0.0],[-3.4351,55.9058,0.0],[-3.4354,55.9057,0.0],[-3.4358,55.9057,0.0],[-3.4359,55.9056,0.0],[-3.4359,55.9055,0.0],[-3.4366,55.9054,0.0],[-3.44,55.9051,0.0],[-3.4401,55.9051,0.0],[-3.4403,55.9051,0.0],[-3.4405,55.9052,0.0],[-3.4419,55.9047,0.0],[-3.4422,55.9047,0.0],[-3.4431,55.9056,0.0],[-3.4427,55.9063,0.0],[-3.4426,55.9064,0.0],[-3.4442,55.9077,0.0],[-3.4416,55.91,0.0],[-3.4418,55.9109,0.0],[-3.4422,55.9129,0.0],[-3.442,55.9127,0.0],[-3.4418,55.9127,0.0],[-3.4408,55.9127,0.0],[-3.4405,55.9128,0.0],[-3.44,55.9129,0.0],[-3.4394,55.9129,0.0],[-3.4392,55.9129,0.0],[-3.4388,55.9129,0.0],[-3.438,55.9128,0.0],[-3.4378,55.9128,0.0],[-3.4376,55.9128,0.0],[-3.4373,55.913,0.0],[-3.4371,55.9131,0.0],[-3.4369,55.9132,0.0],[-3.4368,55.9133,0.0],[-3.4368,55.9135,0.0],[-3.4369,55.9145,0.0],[-3.4369,55.9146,0.0],[-3.4368,55.9147,0.0],[-3.4362,55.9155,0.0],[-3.436,55.9159,0.0],[-3.4358,55.916,0.0],[-3.4357,55.9161,0.0],[-3.4343,55.9165,0.0],[-3.434,55.9166,0.0],[-3.4336,55.9169,0.0],[-3.4335,55.917,0.0],[-3.4335,55.9171,0.0],[-3.4335,55.9172,0.0],[-3.4337,55.9177,0.0],[-3.434,55.9192,0.0],[-3.4341,55.9197,0.0],[-3.4342,55.9198,0.0],[-3.4341,55.9201,0.0],[-3.4337,55.9208,0.0],[-3.4337,55.9212,0.0],[-3.4336,55.9213,0.0],[-3.4334,55.9215,0.0],[-3.4333,55.9216,0.0],[-3.4331,55.9217,0.0],[-3.4323,55.922,0.0],[-3.4319,55.9221,0.0],[-3.4317,55.9223,0.0],[-3.4315,55.9225,0.0],[-3.4313,55.9228,0.0],[-3.4311,55.923,0.0],[-3.4311,55.9232,0.0],[-3.431,55.9233,0.0],[-3.4308,55.9234,0.0],[-3.4307,55.9235,0.0],[-3.4304,55.9238,0.0],[-3.43,55.9242,0.0],[-3.4297,55.9244,0.0],[-3.4291,55.9249,0.0],[-3.4285,55.9251,0.0],[-3.4282,55.9253,0.0],[-3.4282,55.9254,0.0],[-3.4281,55.9255,0.0],[-3.428,55.9254,0.0],[-3.427,55.9253,0.0],[-3.4264,55.9253,0.0],[-3.4259,55.9252,0.0],[-3.4255,55.9252,0.0],[-3.4254,55.9252,0.0],[-3.4251,55.9252,0.0],[-3.4244,55.9251,0.0],[-3.4231,55.9251,0.0],[-3.4226,55.925,0.0],[-3.4221,55.925,0.0],[-3.4213,55.925,0.0],[-3.4212,55.925,0.0],[-3.4211,55.925,0.0],[-3.421,55.925,0.0],[-3.4206,55.925,0.0],[-3.4175,55.9252,0.0],[-3.4151,55.9254,0.0],[-3.4142,55.9254,0.0],[-3.4121,55.9256,0.0],[-3.4102,55.9257,0.0],[-3.4088,55.9258,0.0],[-3.4067,55.9259,0.0],[-3.4049,55.926,0.0],[-3.4031,55.926,0.0],[-3.4019,55.9261,0.0],[-3.4005,55.9261,0.0],[-3.3988,55.9261,0.0],[-3.3972,55.9261,0.0],[-3.3955,55.9261,0.0],[-3.3949,55.9261,0.0],[-3.3939,55.9262,0.0],[-3.3931,55.9262,0.0],[-3.3914,55.9264,0.0],[-3.3904,55.9266,0.0],[-3.3894,55.9268,0.0],[-3.3884,55.9271,0.0],[-3.3877,55.9272,0.0],[-3.3863,55.9277,0.0],[-3.3846,55.9283,0.0],[-3.3839,55.9286,0.0],[-3.3838,55.9286,0.0],[-3.3835,55.9287,0.0],[-3.3833,55.9288,0.0],[-3.383,55.9289,0.0],[-3.3823,55.929,0.0],[-3.3819,55.9291,0.0],[-3.3817,55.9292,0.0],[-3.3809,55.9294,0.0],[-3.3804,55.9295,0.0],[-3.3796,55.9296,0.0],[-3.3795,55.9296,0.0],[-3.3788,55.9297,0.0],[-3.378,55.9298,0.0],[-3.3779,55.9299,0.0],[-3.3774,55.9299,0.0],[-3.3763,55.93,0.0],[-3.3743,55.9302,0.0],[-3.374,55.9303,0.0],[-3.3724,55.9304,0.0],[-3.3718,55.9304,0.0],[-3.3713,55.9305,0.0],[-3.371,55.9305,0.0],[-3.3706,55.9305,0.0],[-3.3702,55.9305,0.0],[-3.3693,55.9305,0.0],[-3.3682,55.9305,0.0],[-3.3676,55.9305,0.0],[-3.3662,55.9304,0.0],[-3.3652,55.9304,0.0],[-3.362,55.9302,0.0],[-3.3617,55.9302,0.0],[-3.3613,55.9302,0.0],[-3.3606,55.9301,0.0],[-3.3595,55.93,0.0],[-3.3588,55.93,0.0],[-3.3582,55.9299,0.0],[-3.3578,55.9298,0.0],[-3.3577,55.9298,0.0],[-3.3571,55.9297,0.0],[-3.3567,55.9296,0.0],[-3.3563,55.9295,0.0],[-3.356,55.9295,0.0],[-3.3557,55.9294,0.0],[-3.3555,55.9293,0.0],[-3.3551,55.9292,0.0],[-3.3548,55.9292,0.0],[-3.3548,55.9291,0.0],[-3.3545,55.9291,0.0],[-3.3537,55.9288,0.0],[-3.3535,55.9287,0.0],[-3.3533,55.9287,0.0],[-3.3529,55.9285,0.0],[-3.3527,55.9284,0.0],[-3.3524,55.9283,0.0],[-3.3522,55.9282,0.0],[-3.3517,55.928,0.0],[-3.3514,55.9279,0.0],[-3.351,55.9277,0.0],[-3.3506,55.9275,0.0],[-3.3503,55.9273,0.0],[-3.3501,55.9272,0.0],[-3.3496,55.9269,0.0],[-3.3495,55.9268,0.0]]]]}},{"type":"Feature","properties":{"uesi_id":"GBR_R1920901","nbhd_code":"GBR_R1920901_3","nbhd_name":"Drum Brae / Gyle"},"geometry":{"type":"MultiPolygon","coordinates":[[[[-3.3195,55.9428,0.0],[-3.3193,55.9428,0.0],[-3.3193,55.9429,0.0],[-3.3196,55.943,0.0],[-3.3203,55.9433,0.0],[-3.3201,55.9434,0.0],[-3.32,55.9435,0.0],[-3.3199,55.9436,0.0],[-3.3196,55.9439,0.0],[-3.3195,55.944,0.0],[-3.3193,55.9442,0.0],[-3.3191,55.9444,0.0],[-3.3191,55.9445,0.0],[-3.3191,55.9446,0.0],[-3.3188,55.9467,0.0],[-3.3187,55.9468,0.0],[-3.3186,55.9475,0.0],[-3.3186,55.9477,0.0],[-3.3186,55.9478,0.0],[-3.3172,55.9476,0.0],[-3.3171,55.9476,0.0],[-3.3169,55.9476,0.0],[-3.3159,55.9476,0.0],[-3.3158,55.9476,0.0],[-3.3147,55.9475,0.0],[-3.3146,55.9475,0.0],[-3.3144,55.9474,0.0],[-3.3143,55.9474,0.0],[-3.3143,55.9475,0.0],[-3.3143,55.9476,0.0],[-3.3143,55.9477,0.0],[-3.3143,55.9478,0.0],[-3.3142,55.9482,0.0],[-3.3141,55.9483,0.0],[-3.3141,55.9486,0.0],[-3.314,55.9488,0.0],[-3.3139,55.9489,0.0],[-3.3138,55.9491,0.0],[-3.3137,55.9493,0.0],[-3.3137,55.9494,0.0],[-3.3136,55.9495,0.0],[-3.3135,55.9497,0.0],[-3.3133,55.9499,0.0],[-3.3132,55.9502,0.0],[-3.313,55.9503,0.0],[-3.313,55.9504,0.0],[-3.3119,55.9519,0.0],[-3.3119,55.952,0.0],[-3.3118,55.952,0.0],[-3.3114,55.9527,0.0],[-3.3108,55.9535,0.0],[-3.3101,55.9545,0.0],[-3.3096,55.9552,0.0],[-3.3086,55.9566,0.0],[-3.3085,55.9567,0.0],[-3.3078,55.9577,0.0],[-3.3077,55.9578,0.0],[-3.3072,55.9585,0.0],[-3.3071,55.9586,0.0],[-3.307,55.9588,0.0],[-3.307,55.9589,0.0],[-3.3069,55.959,0.0],[-3.3067,55.959,0.0],[-3.3066,55.959,0.0],[-3.3065,55.959,0.0],[-3.3063,55.9591,0.0],[-3.3061,55.9591,0.0],[-3.3059,55.9591,0.0],[-3.3058,55.9591,0.0],[-3.3057,55.9592,0.0],[-3.3056,55.9592,0.0],[-3.3054,55.9592,0.0],[-3.3053,55.9592,0.0],[-3.3052,55.9591,0.0],[-3.3051,55.9591,0.0],[-3.3051,55.9592,0.0],[-3.305,55.9592,0.0],[-3.3049,55.9592,0.0],[-3.3048,55.9592,0.0],[-3.3047,55.9593,0.0],[-3.3046,55.9593,0.0],[-3.3045,55.9593,0.0],[-3.3044,55.9593,0.0],[-3.3043,55.9593,0.0],[-3.3042,55.9594,0.0],[-3.3041,55.9594,0.0],[-3.304,55.9594,0.0],[-3.3039,55.9595,0.0],[-3.3037,55.9595,0.0],[-3.3035,55.9595,0.0],[-3.3034,55.9596,0.0],[-3.3033,55.9596,0.0],[-3.3032,55.9596,0.0],[-3.303,55.9597,0.0],[-3.3028,55.9597,0.0],[-3.3026,55.9598,0.0],[-3.3023,55.9598,0.0],[-3.3021,55.9599,0.0],[-3.3019,55.9599,0.0],[-3.3018,55.96,0.0],[-3.3016,55.96,0.0],[-3.3011,55.9602,0.0],[-3.301,55.9602,0.0],[-3.3009,55.9603,0.0],[-3.3008,55.9604,0.0],[-3.3,55.9603,0.0],[-3.2993,55.9603,0.0],[-3.299,55.9603,0.0],[-3.2985,55.9603,0.0],[-3.2983,55.9603,0.0],[-3.2981,55.9603,0.0],[-3.2977,55.9603,0.0],[-3.2971,55.9604,0.0],[-3.2967,55.9604,0.0],[-3.2965,55.9604,0.0],[-3.2947,55.9606,0.0],[-3.2936,55.9608,0.0],[-3.2929,55.9608,0.0],[-3.2926,55.9609,0.0],[-3.2925,55.9609,0.0],[-3.291,55.9611,0.0],[-3.2899,55.9612,0.0],[-3.2892,55.9613,0.0],[-3.2891,55.9613,0.0],[-3.2889,55.9613,0.0],[-3.2862,55.9616,0.0],[-3.2844,55.9618,0.0],[-3.2839,55.9619,0.0],[-3.2835,55.9619,0.0],[-3.2832,55.962,0.0],[-3.283,55.962,0.0],[-3.2829,55.962,0.0],[-3.2828,55.962,0.0],[-3.2827,55.962,0.0],[-3.2818,55.9621,0.0],[-3.2807,55.9623,0.0],[-3.28,55.9623,0.0],[-3.2782,55.9625,0.0],[-3.2772,55.9626,0.0],[-3.2772,55.9625,0.0],[-3.277,55.9623,0.0],[-3.2768,55.9621,0.0],[-3.2767,55.9621,0.0],[-3.2767,55.962,0.0],[-3.2766,55.962,0.0],[-3.2766,55.9619,0.0],[-3.2765,55.9618,0.0],[-3.2764,55.9617,0.0],[-3.2763,55.9616,0.0],[-3.2763,55.9615,0.0],[-3.2762,55.9615,0.0],[-3.2762,55.9614,0.0],[-3.2761,55.9614,0.0],[-3.2761,55.9613,0.0],[-3.276,55.9612,0.0],[-3.2759,55.9611,0.0],[-3.2759,55.961,0.0],[-3.2757,55.9609,0.0],[-3.2756,55.9608,0.0],[-3.2755,55.9606,0.0],[-3.2754,55.9606,0.0],[-3.2754,55.9605,0.0],[-3.2752,55.9603,0.0],[-3.2751,55.9602,0.0],[-3.275,55.96,0.0],[-3.2749,55.9599,0.0],[-3.2748,55.9598,0.0],[-3.2747,55.9597,0.0],[-3.2746,55.9596,0.0],[-3.2746,55.9595,0.0],[-3.2745,55.9595,0.0],[-3.2744,55.9594,0.0],[-3.2743,55.9593,0.0],[-3.2743,55.9592,0.0],[-3.2742,55.9592,0.0],[-3.2742,55.9591,0.0],[-3.2741,55.959,0.0],[-3.274,55.959,0.0],[-3.2739,55.959,0.0],[-3.2738,55.959,0.0],[-3.2737,55.959,0.0],[-3.2736,55.959,0.0],[-3.2734,55.959,0.0],[-3.2733,55.959,0.0],[-3.2735,55.9589,0.0],[-3.2734,55.9589,0.0],[-3.2734,55.9588,0.0],[-3.2735,55.9587,0.0],[-3.2734,55.9586,0.0],[-3.2733,55.9585,0.0],[-3.2732,55.9584,0.0],[-3.273,55.9582,0.0],[-3.2729,55.9582,0.0],[-3.2728,55.9581,0.0],[-3.2727,55.958,0.0],[-3.2724,55.9578,0.0],[-3.2723,55.9577,0.0],[-3.2722,55.9576,0.0],[-3.2721,55.9575,0.0],[-3.2719,55.9574,0.0],[-3.2718,55.9574,0.0],[-3.2718,55.9573,0.0],[-3.2717,55.9573,0.0],[-3.2716,55.9572,0.0],[-3.2715,55.9571,0.0],[-3.2716,55.9571,0.0],[-3.2714,55.957,0.0],[-3.2713,55.957,0.0],[-3.2711,55.9568,0.0],[-3.2712,55.9568,0.0],[-3.2713,55.9568,0.0],[-3.2713,55.9567,0.0],[-3.2712,55.9566,0.0],[-3.2711,55.9565,0.0],[-3.2711,55.9564,0.0],[-3.2709,55.9563,0.0],[-3.2708,55.9561,0.0],[-3.2707,55.9561,0.0],[-3.2706,55.9559,0.0],[-3.2706,55.9558,0.0],[-3.2714,55.9555,0.0],[-3.2711,55.9551,0.0],[-3.27,55.9536,0.0],[-3.2715,55.9534,0.0],[-3.2717,55.9533,0.0],[-3.2723,55.9532,0.0],[-3.2724,55.9532,0.0],[-3.2726,55.9532,0.0],[-3.2735,55.9531,0.0],[-3.2735,55.953,0.0],[-3.2741,55.953,0.0],[-3.274,55.9529,0.0],[-3.2739,55.9529,0.0],[-3.2737,55.9528,0.0],[-3.2736,55.9527,0.0],[-3.2734,55.9524,0.0],[-3.2732,55.9523,0.0],[-3.2732,55.9522,0.0],[-3.273,55.952,0.0],[-3.2729,55.9519,0.0],[-3.2727,55.9516,0.0],[-3.2725,55.9514,0.0],[-3.2723,55.9512,0.0],[-3.2721,55.9509,0.0],[-3.2719,55.9507,0.0],[-3.2717,55.9505,0.0],[-3.2716,55.9504,0.0],[-3.2714,55.9502,0.0],[-3.271,55.9498,0.0],[-3.2708,55.9497,0.0],[-3.2707,55.9496,0.0],[-3.2706,55.9495,0.0],[-3.2705,55.9494,0.0],[-3.2702,55.9491,0.0],[-3.2704,55.9491,0.0],[-3.2705,55.949,0.0],[-3.2706,55.949,0.0],[-3.2707,55.949,0.0],[-3.2709,55.949,0.0],[-3.271,55.9489,0.0],[-3.2714,55.9489,0.0],[-3.2718,55.9488,0.0],[-3.272,55.9487,0.0],[-3.2722,55.9487,0.0],[-3.2724,55.9487,0.0],[-3.2724,55.9486,0.0],[-3.2725,55.9486,0.0],[-3.2726,55.9486,0.0],[-3.2728,55.9486,0.0],[-3.273,55.9486,0.0],[-3.2736,55.9485,0.0],[-3.2739,55.9484,0.0],[-3.274,55.9484,0.0],[-3.2743,55.9484,0.0],[-3.2744,55.9484,0.0],[-3.2745,55.9484,0.0],[-3.2745,55.9483,0.0],[-3.2745,55.9482,0.0],[-3.2746,55.9482,0.0],[-3.2751,55.9482,0.0],[-3.2755,55.9481,0.0],[-3.276,55.9481,0.0],[-3.2761,55.9481,0.0],[-3.2792,55.948,0.0],[-3.2794,55.948,0.0],[-3.2795,55.948,0.0],[-3.2796,55.9481,0.0],[-3.2797,55.9481,0.0],[-3.2799,55.9481,0.0],[-3.2798,55.9483,0.0],[-3.2802,55.9484,0.0],[-3.2802,55.9483,0.0],[-3.2802,55.9482,0.0],[-3.2803,55.9482,0.0],[-3.2803,55.9481,0.0],[-3.2804,55.9481,0.0],[-3.2805,55.9481,0.0],[-3.2807,55.9481,0.0],[-3.2808,55.9481,0.0],[-3.281,55.9481,0.0],[-3.2812,55.9482,0.0],[-3.2814,55.9482,0.0],[-3.2816,55.9482,0.0],[-3.2817,55.9482,0.0],[-3.2818,55.9483,0.0],[-3.2819,55.9483,0.0],[-3.2821,55.9483,0.0],[-3.2822,55.9483,0.0],[-3.2824,55.9483,0.0],[-3.2826,55.9484,0.0],[-3.2828,55.9484,0.0],[-3.283,55.9484,0.0],[-3.2832,55.9485,0.0],[-3.2833,55.9485,0.0],[-3.2834,55.9485,0.0],[-3.2834,55.9486,0.0],[-3.2835,55.9485,0.0],[-3.2837,55.9488,0.0],[-3.2839,55.9488,0.0],[-3.2842,55.9487,0.0],[-3.2844,55.9487,0.0],[-3.2846,55.9487,0.0],[-3.2848,55.9487,0.0],[-3.285,55.9487,0.0],[-3.2852,55.9487,0.0],[-3.2854,55.9486,0.0],[-3.2856,55.9486,0.0],[-3.2857,55.9486,0.0],[-3.2858,55.9486,0.0],[-3.2859,55.9486,0.0],[-3.286,55.9486,0.0],[-3.2861,55.9486,0.0],[-3.2863,55.9486,0.0],[-3.2865,55.9486,0.0],[-3.2866,55.9486,0.0],[-3.2868,55.9485,0.0],[-3.2869,55.9485,0.0],[-3.287,55.9485,0.0],[-3.2872,55.9485,0.0],[-3.2873,55.9485,0.0],[-3.2873,55.9486,0.0],[-3.2874,55.9487,0.0],[-3.2876,55.9487,0.0],[-3.2878,55.9487,0.0],[-3.2879,55.9487,0.0],[-3.288,55.9487,0.0],[-3.2883,55.9487,0.0],[-3.2885,55.9487,0.0],[-3.2886,55.9487,0.0],[-3.2888,55.9487,0.0],[-3.289,55.9487,0.0],[-3.2892,55.9487,0.0],[-3.2895,55.9487,0.0],[-3.2897,55.9487,0.0],[-3.2899,55.9487,0.0],[-3.2901,55.9487,0.0],[-3.2904,55.9487,0.0],[-3.2906,55.9487,0.0],[-3.2908,55.9486,0.0],[-3.291,55.9486,0.0],[-3.2912,55.9486,0.0],[-3.2914,55.9486,0.0],[-3.2915,55.9486,0.0],[-3.2917,55.9486,0.0],[-3.2919,55.9486,0.0],[-3.292,55.9486,0.0],[-3.2921,55.9486,0.0],[-3.2921,55.9485,0.0],[-3.2923,55.9485,0.0],[-3.2924,55.9485,0.0],[-3.2925,55.9485,0.0],[-3.2925,55.9484,0.0],[-3.2925,55.9483,0.0],[-3.2924,55.9482,0.0],[-3.2924,55.9481,0.0],[-3.2925,55.9481,0.0],[-3.2932,55.9481,0.0],[-3.2931,55.948,0.0],[-3.2933,55.9479,0.0],[-3.2935,55.9479,0.0],[-3.2936,55.9479,0.0],[-3.2938,55.9479,0.0],[-3.2939,55.9479,0.0],[-3.294,55.948,0.0],[-3.294,55.9481,0.0],[-3.2942,55.9481,0.0],[-3.2945,55.9481,0.0],[-3.2947,55.948,0.0],[-3.2946,55.9479,0.0],[-3.2946,55.9477,0.0],[-3.2945,55.9477,0.0],[-3.2945,55.9475,0.0],[-3.2943,55.9469,0.0],[-3.2943,55.9468,0.0],[-3.2943,55.9467,0.0],[-3.2941,55.9456,0.0],[-3.2941,55.9455,0.0],[-3.2941,55.9454,0.0],[-3.294,55.9452,0.0],[-3.294,55.9449,0.0],[-3.2939,55.9445,0.0],[-3.2937,55.9439,0.0],[-3.2936,55.9435,0.0],[-3.2935,55.9432,0.0],[-3.2934,55.943,0.0],[-3.2934,55.9427,0.0],[-3.2933,55.9426,0.0],[-3.294,55.9426,0.0],[-3.2941,55.9425,0.0],[-3.2949,55.9424,0.0],[-3.2948,55.9423,0.0],[-3.2947,55.9422,0.0],[-3.2947,55.9421,0.0],[-3.2947,55.942,0.0],[-3.2952,55.9419,0.0],[-3.2953,55.9419,0.0],[-3.2953,55.9418,0.0],[-3.2955,55.9418,0.0],[-3.2956,55.9418,0.0],[-3.2957,55.9418,0.0],[-3.2959,55.9418,0.0],[-3.296,55.9418,0.0],[-3.2961,55.9417,0.0],[-3.2962,55.9417,0.0],[-3.2963,55.9417,0.0],[-3.2964,55.9417,0.0],[-3.2965,55.9417,0.0],[-3.2966,55.9417,0.0],[-3.2967,55.9417,0.0],[-3.2968,55.9416,0.0],[-3.297,55.9416,0.0],[-3.2971,55.9416,0.0],[-3.2973,55.9416,0.0],[-3.2975,55.9415,0.0],[-3.2976,55.9415,0.0],[-3.2977,55.9415,0.0],[-3.2979,55.9415,0.0],[-3.298,55.9415,0.0],[-3.2981,55.9415,0.0],[-3.2981,55.9414,0.0],[-3.298,55.9413,0.0],[-3.298,55.9412,0.0],[-3.2984,55.9411,0.0],[-3.2986,55.9411,0.0],[-3.2986,55.941,0.0],[-3.2986,55.9409,0.0],[-3.2986,55.9408,0.0],[-3.2985,55.9406,0.0],[-3.2984,55.9404,0.0],[-3.2983,55.94,0.0],[-3.2983,55.9398,0.0],[-3.2982,55.9397,0.0],[-3.2982,55.9395,0.0],[-3.2982,55.9394,0.0],[-3.2981,55.9393,0.0],[-3.2981,55.9391,0.0],[-3.298,55.939,0.0],[-3.298,55.9389,0.0],[-3.298,55.9388,0.0],[-3.2979,55.9388,0.0],[-3.2979,55.9387,0.0],[-3.2979,55.9386,0.0],[-3.2976,55.9386,0.0],[-3.2973,55.9387,0.0],[-3.2972,55.9386,0.0],[-3.2972,55.9385,0.0],[-3.2971,55.9382,0.0],[-3.2967,55.9383,0.0],[-3.2967,55.9382,0.0],[-3.2966,55.9381,0.0],[-3.2966,55.9378,0.0],[-3.2965,55.9377,0.0],[-3.2965,55.9376,0.0],[-3.2964,55.9375,0.0],[-3.2964,55.9374,0.0],[-3.2963,55.9375,0.0],[-3.2962,55.9375,0.0],[-3.2961,55.9375,0.0],[-3.2959,55.9375,0.0],[-3.2957,55.9375,0.0],[-3.2956,55.9375,0.0],[-3.2955,55.9374,0.0],[-3.2955,55.9373,0.0],[-3.2956,55.9373,0.0],[-3.2963,55.9371,0.0],[-3.2964,55.9371,0.0],[-3.2967,55.937,0.0],[-3.2968,55.937,0.0],[-3.2969,55.937,0.0],[-3.297,55.9369,0.0],[-3.2973,55.9368,0.0],[-3.2974,55.9368,0.0],[-3.2976,55.9368,0.0],[-3.2982,55.9365,0.0],[-3.2986,55.9364,0.0],[-3.2986,55.9363,0.0],[-3.2985,55.9363,0.0],[-3.2982,55.9363,0.0],[-3.2975,55.9361,0.0],[-3.2974,55.9361,0.0],[-3.2955,55.9357,0.0],[-3.2937,55.9353,0.0],[-3.2936,55.9353,0.0],[-3.2919,55.9349,0.0],[-3.2903,55.9346,0.0],[-3.2901,55.9346,0.0],[-3.29,55.9345,0.0],[-3.2898,55.9345,0.0],[-3.2894,55.9344,0.0],[-3.2892,55.9344,0.0],[-3.289,55.9343,0.0],[-3.2889,55.9343,0.0],[-3.2888,55.9343,0.0],[-3.2884,55.9342,0.0],[-3.2882,55.9342,0.0],[-3.2873,55.934,0.0],[-3.2868,55.9339,0.0],[-3.2866,55.9338,0.0],[-3.286,55.9337,0.0],[-3.2852,55.9335,0.0],[-3.284,55.9333,0.0],[-3.2828,55.933,0.0],[-3.2821,55.9329,0.0],[-3.2819,55.9328,0.0],[-3.2816,55.9328,0.0],[-3.2814,55.9328,0.0],[-3.281,55.9327,0.0],[-3.2806,55.9326,0.0],[-3.2805,55.9326,0.0],[-3.2804,55.9326,0.0],[-3.2803,55.9326,0.0],[-3.2799,55.9326,0.0],[-3.2798,55.9326,0.0],[-3.2794,55.9325,0.0],[-3.2793,55.9325,0.0],[-3.2791,55.9325,0.0],[-3.2787,55.9325,0.0],[-3.2786,55.9325,0.0],[-3.2782,55.9325,0.0],[-3.2781,55.9325,0.0],[-3.278,55.9325,0.0],[-3.2777,55.9325,0.0],[-3.2775,55.9325,0.0],[-3.2772,55.9326,0.0],[-3.277,55.9326,0.0],[-3.2768,55.9326,0.0],[-3.2767,55.9326,0.0],[-3.2765,55.9326,0.0],[-3.2761,55.9327,0.0],[-3.276,55.9327,0.0],[-3.2757,55.9328,0.0],[-3.2756,55.9328,0.0],[-3.2755,55.9328,0.0],[-3.2752,55.9329,0.0],[-3.2749,55.9329,0.0],[-3.2748,55.9329,0.0],[-3.2747,55.9329,0.0],[-3.2746,55.9328,0.0],[-3.2748,55.9328,0.0],[-3.2752,55.9327,0.0],[-3.2757,55.9326,0.0],[-3.2759,55.9325,0.0],[-3.2766,55.9324,0.0],[-3.2772,55.9322,0.0],[-3.2773,55.9322,0.0],[-3.2778,55.9321,0.0],[-3.279,55.9318,0.0],[-3.2796,55.9317,0.0],[-3.2802,55.9316,0.0],[-3.2808,55.9314,0.0],[-3.2814,55.9313,0.0],[-3.282,55.9312,0.0],[-3.2847,55.9306,0.0],[-3.2854,55.9304,0.0],[-3.2857,55.9303,0.0],[-3.2858,55.9303,0.0],[-3.286,55.9303,0.0],[-3.2865,55.9302,0.0],[-3.2867,55.9301,0.0],[-3.2873,55.93,0.0],[-3.2881,55.9299,0.0],[-3.2885,55.9298,0.0],[-3.2889,55.9297,0.0],[-3.29,55.9296,0.0],[-3.2907,55.9295,0.0],[-3.2915,55.9294,0.0],[-3.2916,55.9293,0.0],[-3.2917,55.9293,0.0],[-3.2926,55.9292,0.0],[-3.2928,55.9292,0.0],[-3.2941,55.929,0.0],[-3.295,55.9289,0.0],[-3.2959,55.9288,0.0],[-3.2971,55.9287,0.0],[-3.2979,55.9286,0.0],[-3.301,55.9283,0.0],[-3.3013,55.9282,0.0],[-3.3037,55.928,0.0],[-3.3038,55.928,0.0],[-3.3048,55.9279,0.0],[-3.3055,55.9278,0.0],[-3.3059,55.9277,0.0],[-3.3061,55.9277,0.0],[-3.3072,55.9276,0.0],[-3.3074,55.9276,0.0],[-3.308,55.9275,0.0],[-3.3085,55.9275,0.0],[-3.3091,55.9274,0.0],[-3.3093,55.9274,0.0],[-3.3094,55.9274,0.0],[-3.3096,55.9273,0.0],[-3.3099,55.9273,0.0],[-3.3107,55.9272,0.0],[-3.3112,55.9272,0.0],[-3.3114,55.9271,0.0],[-3.3115,55.9271,0.0],[-3.3116,55.9271,0.0],[-3.3117,55.9271,0.0],[-3.3124,55.927,0.0],[-3.313,55.927,0.0],[-3.3131,55.927,0.0],[-3.3132,55.927,0.0],[-3.3133,55.9269,0.0],[-3.3134,55.9269,0.0],[-3.3147,55.9268,0.0],[-3.3148,55.9268,0.0],[-3.3148,55.9269,0.0],[-3.3149,55.9269,0.0],[-3.3152,55.9271,0.0],[-3.3153,55.9272,0.0],[-3.3157,55.9275,0.0],[-3.3159,55.9276,0.0],[-3.316,55.9277,0.0],[-3.3161,55.9278,0.0],[-3.3162,55.9279,0.0],[-3.3163,55.9279,0.0],[-3.3164,55.928,0.0],[-3.3164,55.9281,0.0],[-3.3166,55.9282,0.0],[-3.3167,55.9283,0.0],[-3.3168,55.9284,0.0],[-3.3169,55.9284,0.0],[-3.3169,55.9285,0.0],[-3.3172,55.9287,0.0],[-3.3173,55.9288,0.0],[-3.3175,55.929,0.0],[-3.3176,55.9291,0.0],[-3.3177,55.9292,0.0],[-3.3178,55.9293,0.0],[-3.318,55.9295,0.0],[-3.3181,55.9296,0.0],[-3.3183,55.9298,0.0],[-3.3184,55.9299,0.0],[-3.3185,55.9301,0.0],[-3.3186,55.9303,0.0],[-3.3187,55.9303,0.0],[-3.3188,55.9304,0.0],[-3.3189,55.9306,0.0],[-3.319,55.9308,0.0],[-3.3192,55.931,0.0],[-3.3193,55.9312,0.0],[-3.3194,55.9314,0.0],[-3.3195,55.9316,0.0],[-3.3196,55.9317,0.0],[-3.3196,55.9318,0.0],[-3.3197,55.9319,0.0],[-3.3197,55.932,0.0],[-3.3198,55.9322,0.0],[-3.3199,55.9323,0.0],[-3.32,55.9325,0.0],[-3.32,55.9326,0.0],[-3.32,55.9327,0.0],[-3.3201,55.9328,0.0],[-3.3201,55.9329,0.0],[-3.3203,55.9333,0.0],[-3.3204,55.9335,0.0],[-3.3205,55.9338,0.0],[-3.3206,55.934,0.0],[-3.3207,55.9341,0.0],[-3.3207,55.9342,0.0],[-3.3208,55.9343,0.0],[-3.3208,55.9344,0.0],[-3.3212,55.9353,0.0],[-3.3216,55.9361,0.0],[-3.3217,55.9363,0.0],[-3.3219,55.9368,0.0],[-3.322,55.937,0.0],[-3.3221,55.9373,0.0],[-3.3223,55.9376,0.0],[-3.3224,55.9379,0.0],[-3.3225,55.938,0.0],[-3.3225,55.9381,0.0],[-3.3225,55.9382,0.0],[-3.3225,55.9384,0.0],[-3.3225,55.9395,0.0],[-3.3223,55.9395,0.0],[-3.3222,55.9395,0.0],[-3.3218,55.9396,0.0],[-3.3212,55.9397,0.0],[-3.3192,55.94,0.0],[-3.3185,55.9401,0.0],[-3.318,55.9402,0.0],[-3.3174,55.9403,0.0],[-3.3176,55.9403,0.0],[-3.3177,55.9403,0.0],[-3.3178,55.9404,0.0],[-3.3179,55.9404,0.0],[-3.318,55.9404,0.0],[-3.3181,55.9404,0.0],[-3.3182,55.9404,0.0],[-3.3182,55.9405,0.0],[-3.3183,55.9405,0.0],[-3.3185,55.9405,0.0],[-3.3186,55.9405,0.0],[-3.3187,55.9406,0.0],[-3.3189,55.9406,0.0],[-3.319,55.9406,0.0],[-3.3191,55.9407,0.0],[-3.3192,55.9407,0.0],[-3.3193,55.9407,0.0],[-3.3195,55.9407,0.0],[-3.3197,55.9408,0.0],[-3.3198,55.9408,0.0],[-3.32,55.9409,0.0],[-3.3201,55.9409,0.0],[-3.3202,55.9409,0.0],[-3.3204,55.941,0.0],[-3.3205,55.941,0.0],[-3.3206,55.941,0.0],[-3.3207,55.9411,0.0],[-3.3209,55.9411,0.0],[-3.321,55.9412,0.0],[-3.3214,55.9412,0.0],[-3.3214,55.9413,0.0],[-3.3214,55.9414,0.0],[-3.3216,55.9418,0.0],[-3.3219,55.9424,0.0],[-3.322,55.9428,0.0],[-3.3212,55.9428,0.0],[-3.321,55.9428,0.0],[-3.3208,55.9428,0.0],[-3.3202,55.9428,0.0],[-3.32,55.9428,0.0],[-3.3195,55.9428,0.0]]]]}},{"type":"Feature","properties":{"uesi_id":"GBR_R1920901","nbhd_code":"GBR_R1920901_4","nbhd_name":"Forth"},"geometry":{"type":"MultiPolygon","coordinates":[[[[-3.24,55.9837,0.0],[-3.2396,55.9836,0.0],[-3.2395,55.9835,0.0],[-3.2394,55.9836,0.0],[-3.2392,55.9836,0.0],[-3.2391,55.9837,0.0],[-3.2387,55.9841,0.0],[-3.2385,55.9842,0.0],[-3.2384,55.9842,0.0],[-3.2384,55.9843,0.0],[-3.2384,55.9844,0.0],[-3.2383,55.9844,0.0],[-3.2383,55.9845,0.0],[-3.2381,55.9846,0.0],[-3.2381,55.9847,0.0],[-3.2379,55.9848,0.0],[-3.2377,55.9849,0.0],[-3.2376,55.985,0.0],[-3.2375,55.985,0.0],[-3.2373,55.9851,0.0],[-3.2372,55.9851,0.0],[-3.2367,55.9856,0.0],[-3.2366,55.9856,0.0],[-3.2369,55.9853,0.0],[-3.2369,55.9851,0.0],[-3.237,55.985,0.0],[-3.2371,55.9849,0.0],[-3.2371,55.9848,0.0],[-3.237,55.9847,0.0],[-3.2364,55.9844,0.0],[-3.2362,55.9844,0.0],[-3.236,55.9844,0.0],[-3.2359,55.9844,0.0],[-3.2358,55.9843,0.0],[-3.2354,55.9843,0.0],[-3.2352,55.9843,0.0],[-3.2346,55.9844,0.0],[-3.234,55.9844,0.0],[-3.2338,55.9844,0.0],[-3.2336,55.9845,0.0],[-3.2335,55.9845,0.0],[-3.2332,55.9848,0.0],[-3.2331,55.9849,0.0],[-3.233,55.985,0.0],[-3.2329,55.985,0.0],[-3.2329,55.9852,0.0],[-3.2328,55.9853,0.0],[-3.2327,55.9853,0.0],[-3.2324,55.9856,0.0],[-3.2324,55.9857,0.0],[-3.2322,55.9858,0.0],[-3.2321,55.9859,0.0],[-3.2318,55.9861,0.0],[-3.2317,55.9863,0.0],[-3.2315,55.9864,0.0],[-3.2312,55.9867,0.0],[-3.2308,55.9867,0.0],[-3.2305,55.9869,0.0],[-3.2303,55.9871,0.0],[-3.2299,55.9872,0.0],[-3.2295,55.9872,0.0],[-3.2278,55.9874,0.0],[-3.225,55.9877,0.0],[-3.2229,55.9879,0.0],[-3.2224,55.9879,0.0],[-3.2208,55.9881,0.0],[-3.2207,55.988,0.0],[-3.2206,55.988,0.0],[-3.2177,55.9864,0.0],[-3.2175,55.9862,0.0],[-3.2174,55.986,0.0],[-3.2174,55.9858,0.0],[-3.2176,55.9841,0.0],[-3.2179,55.9818,0.0],[-3.2175,55.9817,0.0],[-3.2172,55.9816,0.0],[-3.2168,55.9815,0.0],[-3.2164,55.9815,0.0],[-3.216,55.9814,0.0],[-3.2156,55.9815,0.0],[-3.2155,55.9815,0.0],[-3.2153,55.9815,0.0],[-3.2152,55.9816,0.0],[-3.2149,55.9817,0.0],[-3.214,55.9818,0.0],[-3.2137,55.9818,0.0],[-3.2131,55.9817,0.0],[-3.2129,55.9817,0.0],[-3.2124,55.9815,0.0],[-3.2122,55.9815,0.0],[-3.212,55.9815,0.0],[-3.2116,55.9815,0.0],[-3.2114,55.9815,0.0],[-3.2111,55.9814,0.0],[-3.2107,55.9814,0.0],[-3.2105,55.9814,0.0],[-3.2102,55.9814,0.0],[-3.2095,55.9814,0.0],[-3.2092,55.9814,0.0],[-3.2089,55.9815,0.0],[-3.2087,55.9815,0.0],[-3.2086,55.9815,0.0],[-3.2084,55.9815,0.0],[-3.2083,55.9815,0.0],[-3.2082,55.9815,0.0],[-3.2081,55.9815,0.0],[-3.2079,55.9814,0.0],[-3.2078,55.9815,0.0],[-3.2077,55.9814,0.0],[-3.2075,55.9814,0.0],[-3.2072,55.9814,0.0],[-3.207,55.9814,0.0],[-3.2064,55.9813,0.0],[-3.2062,55.9813,0.0],[-3.206,55.9813,0.0],[-3.2052,55.9813,0.0],[-3.2044,55.9813,0.0],[-3.2043,55.9813,0.0],[-3.204,55.9813,0.0],[-3.2039,55.9813,0.0],[-3.2037,55.9813,0.0],[-3.2035,55.9813,0.0],[-3.2024,55.9812,0.0],[-3.2013,55.9812,0.0],[-3.2004,55.9812,0.0],[-3.2001,55.9813,0.0],[-3.1996,55.9814,0.0],[-3.1994,55.9815,0.0],[-3.1986,55.9815,0.0],[-3.1982,55.9816,0.0],[-3.1979,55.9816,0.0],[-3.1977,55.9816,0.0],[-3.1975,55.9816,0.0],[-3.1974,55.9816,0.0],[-3.1973,55.9816,0.0],[-3.1966,55.9823,0.0],[-3.1966,55.9824,0.0],[-3.1965,55.9823,0.0],[-3.1964,55.9824,0.0],[-3.1964,55.9825,0.0],[-3.1967,55.9834,0.0],[-3.1968,55.9838,0.0],[-3.1968,55.984,0.0],[-3.1967,55.9843,0.0],[-3.1965,55.9845,0.0],[-3.1964,55.9847,0.0],[-3.1961,55.9849,0.0],[-3.1959,55.9851,0.0],[-3.1956,55.9852,0.0],[-3.1946,55.9856,0.0],[-3.1941,55.9853,0.0],[-3.1941,55.9852,0.0],[-3.194,55.9851,0.0],[-3.1938,55.9851,0.0],[-3.1936,55.9849,0.0],[-3.1934,55.9847,0.0],[-3.1932,55.9846,0.0],[-3.1932,55.9845,0.0],[-3.1927,55.9841,0.0],[-3.1929,55.9841,0.0],[-3.1931,55.984,0.0],[-3.1932,55.984,0.0],[-3.1934,55.9839,0.0],[-3.1935,55.9838,0.0],[-3.1936,55.9838,0.0],[-3.1937,55.9837,0.0],[-3.1938,55.9837,0.0],[-3.1938,55.9836,0.0],[-3.1939,55.9835,0.0],[-3.1939,55.9834,0.0],[-3.194,55.9834,0.0],[-3.194,55.9832,0.0],[-3.194,55.9828,0.0],[-3.1941,55.9826,0.0],[-3.1941,55.9824,0.0],[-3.1941,55.9822,0.0],[-3.1941,55.9821,0.0],[-3.1941,55.982,0.0],[-3.194,55.9819,0.0],[-3.1939,55.9818,0.0],[-3.1938,55.9818,0.0],[-3.1937,55.9817,0.0],[-3.1936,55.9817,0.0],[-3.1934,55.9816,0.0],[-3.1927,55.9812,0.0],[-3.1926,55.9812,0.0],[-3.1925,55.9812,0.0],[-3.1925,55.9811,0.0],[-3.1922,55.981,0.0],[-3.1921,55.9809,0.0],[-3.192,55.9808,0.0],[-3.192,55.9807,0.0],[-3.1918,55.9807,0.0],[-3.1917,55.9806,0.0],[-3.1916,55.9806,0.0],[-3.1915,55.9806,0.0],[-3.1912,55.9805,0.0],[-3.1911,55.9805,0.0],[-3.191,55.9804,0.0],[-3.1909,55.9804,0.0],[-3.1908,55.9804,0.0],[-3.1908,55.9803,0.0],[-3.1905,55.9802,0.0],[-3.1901,55.9801,0.0],[-3.19,55.9801,0.0],[-3.1899,55.9801,0.0],[-3.1896,55.98,0.0],[-3.1893,55.9799,0.0],[-3.1891,55.9799,0.0],[-3.1882,55.9798,0.0],[-3.188,55.9798,0.0],[-3.1875,55.9798,0.0],[-3.1874,55.9797,0.0],[-3.1874,55.9796,0.0],[-3.1873,55.9796,0.0],[-3.1872,55.9795,0.0],[-3.1871,55.9795,0.0],[-3.1871,55.9794,0.0],[-3.187,55.9794,0.0],[-3.1869,55.9793,0.0],[-3.187,55.9793,0.0],[-3.1871,55.9793,0.0],[-3.1872,55.9792,0.0],[-3.1873,55.9792,0.0],[-3.1874,55.9792,0.0],[-3.1875,55.9792,0.0],[-3.1876,55.9792,0.0],[-3.1877,55.9791,0.0],[-3.1878,55.9791,0.0],[-3.1879,55.9791,0.0],[-3.188,55.979,0.0],[-3.1881,55.979,0.0],[-3.1882,55.979,0.0],[-3.1884,55.9789,0.0],[-3.1886,55.9789,0.0],[-3.1888,55.9788,0.0],[-3.189,55.9788,0.0],[-3.1892,55.9788,0.0],[-3.1893,55.9787,0.0],[-3.1895,55.9787,0.0],[-3.1896,55.9787,0.0],[-3.1897,55.9787,0.0],[-3.1897,55.9786,0.0],[-3.1898,55.9786,0.0],[-3.1899,55.9785,0.0],[-3.19,55.9785,0.0],[-3.1902,55.9784,0.0],[-3.1903,55.9784,0.0],[-3.1904,55.9784,0.0],[-3.1905,55.9783,0.0],[-3.1907,55.9783,0.0],[-3.191,55.9782,0.0],[-3.1911,55.9782,0.0],[-3.1912,55.9782,0.0],[-3.1912,55.9781,0.0],[-3.1911,55.978,0.0],[-3.1911,55.9779,0.0],[-3.191,55.9779,0.0],[-3.1909,55.9779,0.0],[-3.1908,55.9779,0.0],[-3.1907,55.9779,0.0],[-3.1906,55.9779,0.0],[-3.1904,55.9779,0.0],[-3.1903,55.978,0.0],[-3.1902,55.978,0.0],[-3.1901,55.978,0.0],[-3.19,55.978,0.0],[-3.1899,55.978,0.0],[-3.1898,55.978,0.0],[-3.1897,55.978,0.0],[-3.1895,55.978,0.0],[-3.1894,55.978,0.0],[-3.1892,55.978,0.0],[-3.1891,55.978,0.0],[-3.1889,55.978,0.0],[-3.189,55.9779,0.0],[-3.1889,55.9779,0.0],[-3.1888,55.9778,0.0],[-3.1887,55.9778,0.0],[-3.1887,55.9777,0.0],[-3.1886,55.9777,0.0],[-3.1886,55.9776,0.0],[-3.1885,55.9776,0.0],[-3.1884,55.9775,0.0],[-3.1884,55.9774,0.0],[-3.1883,55.9774,0.0],[-3.1882,55.9773,0.0],[-3.1881,55.9773,0.0],[-3.1881,55.9772,0.0],[-3.188,55.9772,0.0],[-3.188,55.9771,0.0],[-3.1879,55.9771,0.0],[-3.1879,55.977,0.0],[-3.1878,55.977,0.0],[-3.1877,55.9769,0.0],[-3.1876,55.9768,0.0],[-3.1875,55.9767,0.0],[-3.1874,55.9767,0.0],[-3.1874,55.9766,0.0],[-3.1873,55.9766,0.0],[-3.1872,55.9765,0.0],[-3.1872,55.9764,0.0],[-3.1871,55.9764,0.0],[-3.187,55.9763,0.0],[-3.1869,55.9762,0.0],[-3.1868,55.9761,0.0],[-3.1867,55.9761,0.0],[-3.1867,55.976,0.0],[-3.1866,55.976,0.0],[-3.1866,55.9759,0.0],[-3.1865,55.9759,0.0],[-3.1865,55.9758,0.0],[-3.1864,55.9758,0.0],[-3.1864,55.9757,0.0],[-3.1863,55.9757,0.0],[-3.1862,55.9756,0.0],[-3.1861,55.9755,0.0],[-3.186,55.9755,0.0],[-3.186,55.9754,0.0],[-3.1859,55.9754,0.0],[-3.1859,55.9753,0.0],[-3.1858,55.9753,0.0],[-3.1858,55.9752,0.0],[-3.1857,55.9752,0.0],[-3.1857,55.9751,0.0],[-3.1856,55.9751,0.0],[-3.1856,55.975,0.0],[-3.1855,55.975,0.0],[-3.1855,55.9749,0.0],[-3.1854,55.975,0.0],[-3.1853,55.975,0.0],[-3.185,55.9751,0.0],[-3.185,55.975,0.0],[-3.1849,55.9749,0.0],[-3.1849,55.9748,0.0],[-3.1848,55.9749,0.0],[-3.1846,55.9749,0.0],[-3.1844,55.9749,0.0],[-3.1843,55.9748,0.0],[-3.1842,55.9748,0.0],[-3.1841,55.9749,0.0],[-3.184,55.9749,0.0],[-3.1839,55.9749,0.0],[-3.1838,55.9749,0.0],[-3.1838,55.9748,0.0],[-3.1837,55.9748,0.0],[-3.1836,55.9747,0.0],[-3.1838,55.9747,0.0],[-3.184,55.9746,0.0],[-3.1854,55.9744,0.0],[-3.1859,55.9743,0.0],[-3.1863,55.9743,0.0],[-3.1864,55.9743,0.0],[-3.1867,55.9742,0.0],[-3.1873,55.9741,0.0],[-3.1875,55.9741,0.0],[-3.1891,55.9739,0.0],[-3.1907,55.9737,0.0],[-3.1908,55.9736,0.0],[-3.192,55.9735,0.0],[-3.1924,55.9734,0.0],[-3.1932,55.9733,0.0],[-3.194,55.9732,0.0],[-3.1947,55.9731,0.0],[-3.1948,55.9731,0.0],[-3.1951,55.973,0.0],[-3.1953,55.973,0.0],[-3.1967,55.9728,0.0],[-3.1979,55.9726,0.0],[-3.1997,55.9723,0.0],[-3.1998,55.9723,0.0],[-3.1999,55.9723,0.0],[-3.2004,55.9722,0.0],[-3.2005,55.9722,0.0],[-3.2008,55.9722,0.0],[-3.2024,55.9719,0.0],[-3.2032,55.9718,0.0],[-3.2037,55.9717,0.0],[-3.2046,55.9716,0.0],[-3.2061,55.9714,0.0],[-3.2066,55.9713,0.0],[-3.2068,55.9713,0.0],[-3.2073,55.9712,0.0],[-3.2075,55.9712,0.0],[-3.2077,55.9712,0.0],[-3.208,55.9712,0.0],[-3.2084,55.9712,0.0],[-3.2089,55.9712,0.0],[-3.2093,55.9712,0.0],[-3.2096,55.9712,0.0],[-3.2102,55.9711,0.0],[-3.2105,55.9711,0.0],[-3.2107,55.9711,0.0],[-3.2112,55.9711,0.0],[-3.2114,55.971,0.0],[-3.2126,55.9709,0.0],[-3.2142,55.9707,0.0],[-3.2149,55.9707,0.0],[-3.2151,55.9707,0.0],[-3.2156,55.9706,0.0],[-3.2159,55.9706,0.0],[-3.2162,55.9705,0.0],[-3.2172,55.9704,0.0],[-3.2174,55.9704,0.0],[-3.2182,55.9703,0.0],[-3.2183,55.9703,0.0],[-3.2185,55.9703,0.0],[-3.2186,55.9703,0.0],[-3.2187,55.9703,0.0],[-3.2189,55.9702,0.0],[-3.2193,55.9702,0.0],[-3.2198,55.9701,0.0],[-3.2201,55.9701,0.0],[-3.2204,55.9701,0.0],[-3.2205,55.9701,0.0],[-3.2208,55.97,0.0],[-3.2217,55.97,0.0],[-3.2219,55.9699,0.0],[-3.2221,55.9699,0.0],[-3.2226,55.9699,0.0],[-3.223,55.9698,0.0],[-3.2232,55.9698,0.0],[-3.2258,55.9695,0.0],[-3.2259,55.9695,0.0],[-3.2265,55.9695,0.0],[-3.2267,55.9694,0.0],[-3.2272,55.9694,0.0],[-3.2284,55.9693,0.0],[-3.2288,55.9692,0.0],[-3.229,55.9692,0.0],[-3.2292,55.9692,0.0],[-3.2293,55.9692,0.0],[-3.2294,55.9692,0.0],[-3.23,55.9691,0.0],[-3.2303,55.9691,0.0],[-3.2305,55.9691,0.0],[-3.2309,55.969,0.0],[-3.2312,55.969,0.0],[-3.2322,55.9689,0.0],[-3.2326,55.9688,0.0],[-3.2327,55.9688,0.0],[-3.2341,55.9687,0.0],[-3.2351,55.9686,0.0],[-3.2352,55.9686,0.0],[-3.2362,55.9685,0.0],[-3.2368,55.9684,0.0],[-3.2377,55.9683,0.0],[-3.2378,55.9683,0.0],[-3.2384,55.9683,0.0],[-3.2388,55.9682,0.0],[-3.239,55.9682,0.0],[-3.2391,55.9682,0.0],[-3.2393,55.9682,0.0],[-3.2393,55.9683,0.0],[-3.2394,55.9683,0.0],[-3.2395,55.9683,0.0],[-3.2396,55.9683,0.0],[-3.2397,55.9683,0.0],[-3.2398,55.9683,0.0],[-3.2399,55.9683,0.0],[-3.24,55.9683,0.0],[-3.2402,55.9682,0.0],[-3.2403,55.9682,0.0],[-3.2405,55.9681,0.0],[-3.2407,55.9681,0.0],[-3.2408,55.9681,0.0],[-3.241,55.968,0.0],[-3.2412,55.968,0.0],[-3.2418,55.9679,0.0],[-3.2419,55.9679,0.0],[-3.2423,55.9678,0.0],[-3.2424,55.9678,0.0],[-3.2432,55.9677,0.0],[-3.2435,55.9677,0.0],[-3.244,55.9677,0.0],[-3.2441,55.9677,0.0],[-3.2441,55.9676,0.0],[-3.2443,55.9676,0.0],[-3.2446,55.9676,0.0],[-3.245,55.9676,0.0],[-3.2451,55.9676,0.0],[-3.2459,55.9675,0.0],[-3.2466,55.9674,0.0],[-3.2476,55.9673,0.0],[-3.2482,55.9672,0.0],[-3.2485,55.9672,0.0],[-3.2486,55.9672,0.0],[-3.2487,55.9672,0.0],[-3.249,55.9676,0.0],[-3.2494,55.9681,0.0],[-3.2494,55.9682,0.0],[-3.2503,55.9693,0.0],[-3.2504,55.9694,0.0],[-3.2512,55.9704,0.0],[-3.2512,55.9705,0.0],[-3.2514,55.9707,0.0],[-3.2517,55.971,0.0],[-3.2521,55.9715,0.0],[-3.2523,55.9716,0.0],[-3.2524,55.9718,0.0],[-3.2525,55.972,0.0],[-3.2526,55.972,0.0],[-3.2527,55.9721,0.0],[-3.2528,55.9723,0.0],[-3.2528,55.9724,0.0],[-3.253,55.9728,0.0],[-3.2531,55.9732,0.0],[-3.2532,55.9735,0.0],[-3.2533,55.9737,0.0],[-3.2535,55.9741,0.0],[-3.2537,55.9747,0.0],[-3.2538,55.975,0.0],[-3.254,55.9751,0.0],[-3.254,55.9752,0.0],[-3.2541,55.9752,0.0],[-3.2542,55.9754,0.0],[-3.2544,55.976,0.0],[-3.2546,55.9765,0.0],[-3.2547,55.9766,0.0],[-3.2549,55.9769,0.0],[-3.255,55.977,0.0],[-3.2552,55.9772,0.0],[-3.2553,55.9772,0.0],[-3.2555,55.9773,0.0],[-3.2555,55.9774,0.0],[-3.2561,55.9777,0.0],[-3.2555,55.978,0.0],[-3.2553,55.9781,0.0],[-3.2552,55.9782,0.0],[-3.255,55.9784,0.0],[-3.255,55.9785,0.0],[-3.2548,55.9789,0.0],[-3.2548,55.979,0.0],[-3.2547,55.9792,0.0],[-3.2546,55.9793,0.0],[-3.2545,55.9793,0.0],[-3.2544,55.9794,0.0],[-3.2543,55.9794,0.0],[-3.2541,55.9795,0.0],[-3.254,55.9795,0.0],[-3.2537,55.9796,0.0],[-3.2529,55.9798,0.0],[-3.2528,55.9798,0.0],[-3.2527,55.9799,0.0],[-3.2526,55.98,0.0],[-3.2524,55.9801,0.0],[-3.2523,55.9802,0.0],[-3.2522,55.9803,0.0],[-3.2521,55.9804,0.0],[-3.2521,55.9806,0.0],[-3.2523,55.981,0.0],[-3.2523,55.9811,0.0],[-3.2524,55.9814,0.0],[-3.2524,55.9817,0.0],[-3.2525,55.9817,0.0],[-3.2525,55.982,0.0],[-3.2527,55.9824,0.0],[-3.2527,55.9825,0.0],[-3.2528,55.9827,0.0],[-3.2528,55.9828,0.0],[-3.2529,55.9832,0.0],[-3.2526,55.9834,0.0],[-3.2524,55.9835,0.0],[-3.2521,55.9836,0.0],[-3.2517,55.9837,0.0],[-3.2516,55.9838,0.0],[-3.2514,55.9838,0.0],[-3.2507,55.984,0.0],[-3.2504,55.984,0.0],[-3.2502,55.9841,0.0],[-3.2503,55.9842,0.0],[-3.2502,55.9842,0.0],[-3.2503,55.9844,0.0],[-3.2503,55.9845,0.0],[-3.2501,55.9845,0.0],[-3.2499,55.9845,0.0],[-3.2497,55.9845,0.0],[-3.2496,55.9845,0.0],[-3.2495,55.9844,0.0],[-3.2495,55.9843,0.0],[-3.2494,55.9844,0.0],[-3.2493,55.9843,0.0],[-3.2491,55.9842,0.0],[-3.249,55.9842,0.0],[-3.2487,55.9842,0.0],[-3.2481,55.9842,0.0],[-3.2478,55.9842,0.0],[-3.2474,55.984,0.0],[-3.2469,55.984,0.0],[-3.2466,55.9841,0.0],[-3.2466,55.9842,0.0],[-3.2466,55.9843,0.0],[-3.2465,55.9843,0.0],[-3.2464,55.9843,0.0],[-3.2463,55.9843,0.0],[-3.2464,55.9842,0.0],[-3.2463,55.9842,0.0],[-3.2461,55.984,0.0],[-3.246,55.984,0.0],[-3.2452,55.9839,0.0],[-3.2447,55.9839,0.0],[-3.2439,55.9838,0.0],[-3.2437,55.9837,0.0],[-3.2433,55.9837,0.0],[-3.2429,55.9837,0.0],[-3.2424,55.9838,0.0],[-3.2421,55.9839,0.0],[-3.2419,55.984,0.0],[-3.2418,55.9841,0.0],[-3.2417,55.9841,0.0],[-3.2415,55.984,0.0],[-3.2415,55.9839,0.0],[-3.2413,55.9838,0.0],[-3.2412,55.9839,0.0],[-3.2411,55.9838,0.0],[-3.241,55.9838,0.0],[-3.2407,55.9838,0.0],[-3.2406,55.9838,0.0],[-3.2405,55.9838,0.0],[-3.2404,55.9838,0.0],[-3.2404,55.9839,0.0],[-3.2405,55.984,0.0],[-3.2405,55.9841,0.0],[-3.2404,55.9841,0.0],[-3.2403,55.9841,0.0],[-3.2403,55.984,0.0],[-3.2403,55.9839,0.0],[-3.2403,55.9838,0.0],[-3.2402,55.9838,0.0],[-3.2401,55.9838,0.0],[-3.2401,55.9839,0.0],[-3.24,55.9837,0.0]]],[[[-3.2402,55.9839,0.0],[-3.2401,55.984,0.0],[-3.2401,55.9839,0.0],[-3.2402,55.9839,0.0]]]]}},{"type":"Feature","properties":{"uesi_id":"GBR_R1920901","nbhd_code":"GBR_R1920901_5","nbhd_name":"Inverleith"},"geometry":{"type":"MultiPolygon","coordinates":[[[[-3.2762,55.9614,0.0],[-3.2762,55.9615,0.0],[-3.2763,55.9615,0.0],[-3.2763,55.9616,0.0],[-3.2764,55.9617,0.0],[-3.2765,55.9618,0.0],[-3.2766,55.9619,0.0],[-3.2766,55.962,0.0],[-3.2767,55.962,0.0],[-3.2767,55.9621,0.0],[-3.2768,55.9621,0.0],[-3.277,55.9623,0.0],[-3.2772,55.9625,0.0],[-3.2772,55.9626,0.0],[-3.2771,55.9626,0.0],[-3.2769,55.9626,0.0],[-3.2767,55.9626,0.0],[-3.2763,55.9626,0.0],[-3.275,55.9627,0.0],[-3.2748,55.9627,0.0],[-3.2747,55.9627,0.0],[-3.2744,55.9627,0.0],[-3.2739,55.9626,0.0],[-3.2737,55.9626,0.0],[-3.2732,55.9626,0.0],[-3.2728,55.9626,0.0],[-3.2725,55.9626,0.0],[-3.2724,55.9626,0.0],[-3.2722,55.9626,0.0],[-3.2718,55.9625,0.0],[-3.2717,55.9625,0.0],[-3.2716,55.9625,0.0],[-3.2715,55.9625,0.0],[-3.2714,55.9625,0.0],[-3.2713,55.9625,0.0],[-3.2712,55.9625,0.0],[-3.271,55.9625,0.0],[-3.2696,55.9623,0.0],[-3.2676,55.9621,0.0],[-3.2673,55.9621,0.0],[-3.2671,55.9621,0.0],[-3.267,55.9621,0.0],[-3.2665,55.962,0.0],[-3.2662,55.962,0.0],[-3.2661,55.962,0.0],[-3.2659,55.9619,0.0],[-3.2659,55.962,0.0],[-3.2659,55.9621,0.0],[-3.2658,55.9623,0.0],[-3.2657,55.9625,0.0],[-3.2653,55.9624,0.0],[-3.2652,55.9624,0.0],[-3.2652,55.9625,0.0],[-3.2651,55.9626,0.0],[-3.2647,55.9628,0.0],[-3.2646,55.9629,0.0],[-3.2645,55.9629,0.0],[-3.2644,55.963,0.0],[-3.2645,55.963,0.0],[-3.2647,55.9631,0.0],[-3.2649,55.9632,0.0],[-3.2646,55.9635,0.0],[-3.265,55.9637,0.0],[-3.2648,55.9639,0.0],[-3.2647,55.9639,0.0],[-3.2646,55.964,0.0],[-3.2645,55.964,0.0],[-3.2646,55.9641,0.0],[-3.2646,55.9642,0.0],[-3.2647,55.9643,0.0],[-3.2648,55.9644,0.0],[-3.2648,55.9645,0.0],[-3.2649,55.9646,0.0],[-3.265,55.9646,0.0],[-3.265,55.9647,0.0],[-3.2651,55.9648,0.0],[-3.2651,55.9649,0.0],[-3.2652,55.965,0.0],[-3.2653,55.9651,0.0],[-3.2654,55.9652,0.0],[-3.2649,55.9653,0.0],[-3.2647,55.9653,0.0],[-3.2644,55.9654,0.0],[-3.2642,55.9655,0.0],[-3.2641,55.9654,0.0],[-3.2637,55.9653,0.0],[-3.2635,55.9653,0.0],[-3.2631,55.9651,0.0],[-3.2629,55.9651,0.0],[-3.2629,55.965,0.0],[-3.2627,55.965,0.0],[-3.2625,55.9649,0.0],[-3.2624,55.9649,0.0],[-3.2622,55.9648,0.0],[-3.262,55.9648,0.0],[-3.2618,55.9647,0.0],[-3.2616,55.9646,0.0],[-3.2614,55.9646,0.0],[-3.2613,55.9646,0.0],[-3.2608,55.9644,0.0],[-3.2608,55.9645,0.0],[-3.2608,55.9646,0.0],[-3.2609,55.9647,0.0],[-3.261,55.9649,0.0],[-3.2611,55.9651,0.0],[-3.2611,55.9653,0.0],[-3.2612,55.9654,0.0],[-3.2613,55.9655,0.0],[-3.2613,55.9656,0.0],[-3.2612,55.9656,0.0],[-3.2611,55.9657,0.0],[-3.2608,55.9658,0.0],[-3.2606,55.9658,0.0],[-3.2605,55.9658,0.0],[-3.2599,55.9658,0.0],[-3.2598,55.9658,0.0],[-3.2594,55.9658,0.0],[-3.2591,55.9659,0.0],[-3.2583,55.9659,0.0],[-3.2576,55.9659,0.0],[-3.2575,55.9659,0.0],[-3.257,55.966,0.0],[-3.2567,55.966,0.0],[-3.2563,55.9661,0.0],[-3.2559,55.9661,0.0],[-3.2558,55.9662,0.0],[-3.2551,55.9662,0.0],[-3.2542,55.9664,0.0],[-3.2529,55.9666,0.0],[-3.2528,55.9666,0.0],[-3.2512,55.9668,0.0],[-3.2511,55.9668,0.0],[-3.2509,55.9667,0.0],[-3.2506,55.9666,0.0],[-3.2505,55.9666,0.0],[-3.2503,55.9667,0.0],[-3.2502,55.9669,0.0],[-3.2501,55.9669,0.0],[-3.25,55.9669,0.0],[-3.2492,55.967,0.0],[-3.2485,55.9671,0.0],[-3.2485,55.9672,0.0],[-3.2482,55.9672,0.0],[-3.2476,55.9673,0.0],[-3.2466,55.9674,0.0],[-3.2459,55.9675,0.0],[-3.2451,55.9676,0.0],[-3.245,55.9676,0.0],[-3.2446,55.9676,0.0],[-3.2443,55.9676,0.0],[-3.2441,55.9676,0.0],[-3.2441,55.9677,0.0],[-3.244,55.9677,0.0],[-3.2435,55.9677,0.0],[-3.2432,55.9677,0.0],[-3.2424,55.9678,0.0],[-3.2423,55.9678,0.0],[-3.2419,55.9679,0.0],[-3.2418,55.9679,0.0],[-3.2412,55.968,0.0],[-3.241,55.968,0.0],[-3.2408,55.9681,0.0],[-3.2407,55.9681,0.0],[-3.2405,55.9681,0.0],[-3.2403,55.9682,0.0],[-3.2402,55.9682,0.0],[-3.24,55.9683,0.0],[-3.2399,55.9683,0.0],[-3.2398,55.9683,0.0],[-3.2397,55.9683,0.0],[-3.2396,55.9683,0.0],[-3.2395,55.9683,0.0],[-3.2394,55.9683,0.0],[-3.2393,55.9683,0.0],[-3.2393,55.9682,0.0],[-3.2391,55.9682,0.0],[-3.239,55.9682,0.0],[-3.2388,55.9682,0.0],[-3.2384,55.9683,0.0],[-3.2378,55.9683,0.0],[-3.2377,55.9683,0.0],[-3.2368,55.9684,0.0],[-3.2362,55.9685,0.0],[-3.2352,55.9686,0.0],[-3.2351,55.9686,0.0],[-3.2341,55.9687,0.0],[-3.2327,55.9688,0.0],[-3.2326,55.9688,0.0],[-3.2322,55.9689,0.0],[-3.2312,55.969,0.0],[-3.2309,55.969,0.0],[-3.2305,55.9691,0.0],[-3.2303,55.9691,0.0],[-3.23,55.9691,0.0],[-3.2294,55.9692,0.0],[-3.2293,55.9692,0.0],[-3.2292,55.9692,0.0],[-3.229,55.9692,0.0],[-3.2288,55.9692,0.0],[-3.2284,55.9693,0.0],[-3.2272,55.9694,0.0],[-3.2267,55.9694,0.0],[-3.2265,55.9695,0.0],[-3.2259,55.9695,0.0],[-3.2258,55.9695,0.0],[-3.2232,55.9698,0.0],[-3.223,55.9698,0.0],[-3.2226,55.9699,0.0],[-3.2221,55.9699,0.0],[-3.2219,55.9699,0.0],[-3.2217,55.97,0.0],[-3.2208,55.97,0.0],[-3.2205,55.9701,0.0],[-3.2204,55.9701,0.0],[-3.2201,55.9701,0.0],[-3.2198,55.9701,0.0],[-3.2193,55.9702,0.0],[-3.2189,55.9702,0.0],[-3.2187,55.9703,0.0],[-3.2186,55.9703,0.0],[-3.2185,55.9703,0.0],[-3.2183,55.9703,0.0],[-3.2182,55.9703,0.0],[-3.2174,55.9704,0.0],[-3.2172,55.9704,0.0],[-3.2162,55.9705,0.0],[-3.2159,55.9706,0.0],[-3.2156,55.9706,0.0],[-3.2151,55.9707,0.0],[-3.2149,55.9707,0.0],[-3.2142,55.9707,0.0],[-3.2126,55.9709,0.0],[-3.2114,55.971,0.0],[-3.2112,55.9711,0.0],[-3.2107,55.9711,0.0],[-3.2105,55.9711,0.0],[-3.2102,55.9711,0.0],[-3.2096,55.9712,0.0],[-3.2093,55.9712,0.0],[-3.2089,55.9712,0.0],[-3.2084,55.9712,0.0],[-3.208,55.9712,0.0],[-3.2077,55.9712,0.0],[-3.2075,55.9712,0.0],[-3.2073,55.9712,0.0],[-3.2068,55.9713,0.0],[-3.2066,55.9713,0.0],[-3.2061,55.9714,0.0],[-3.2046,55.9716,0.0],[-3.2037,55.9717,0.0],[-3.2032,55.9718,0.0],[-3.2024,55.9719,0.0],[-3.2008,55.9722,0.0],[-3.2005,55.9722,0.0],[-3.2004,55.9722,0.0],[-3.1999,55.9723,0.0],[-3.1998,55.9723,0.0],[-3.1997,55.9723,0.0],[-3.1979,55.9726,0.0],[-3.1974,55.9727,0.0],[-3.1973,55.9726,0.0],[-3.1972,55.9726,0.0],[-3.197,55.9725,0.0],[-3.1969,55.9725,0.0],[-3.1967,55.9725,0.0],[-3.1966,55.9724,0.0],[-3.1965,55.9724,0.0],[-3.1964,55.9723,0.0],[-3.1963,55.9723,0.0],[-3.1961,55.9722,0.0],[-3.196,55.9722,0.0],[-3.1958,55.9721,0.0],[-3.1957,55.972,0.0],[-3.1956,55.972,0.0],[-3.1955,55.9719,0.0],[-3.1954,55.9719,0.0],[-3.1952,55.9718,0.0],[-3.1952,55.9717,0.0],[-3.1951,55.9717,0.0],[-3.195,55.9717,0.0],[-3.195,55.9716,0.0],[-3.1949,55.9716,0.0],[-3.1948,55.9715,0.0],[-3.1947,55.9714,0.0],[-3.1946,55.9714,0.0],[-3.1946,55.9713,0.0],[-3.1945,55.9713,0.0],[-3.1944,55.9712,0.0],[-3.1943,55.9711,0.0],[-3.1942,55.971,0.0],[-3.1941,55.971,0.0],[-3.194,55.971,0.0],[-3.1938,55.9708,0.0],[-3.1937,55.9708,0.0],[-3.1936,55.9708,0.0],[-3.1936,55.9707,0.0],[-3.1935,55.9707,0.0],[-3.1934,55.9707,0.0],[-3.1934,55.9706,0.0],[-3.1933,55.9705,0.0],[-3.1932,55.9705,0.0],[-3.1932,55.9704,0.0],[-3.1931,55.9704,0.0],[-3.193,55.9704,0.0],[-3.193,55.9703,0.0],[-3.1929,55.9703,0.0],[-3.1928,55.9703,0.0],[-3.1926,55.9703,0.0],[-3.1926,55.9702,0.0],[-3.1924,55.9701,0.0],[-3.1923,55.9701,0.0],[-3.1923,55.97,0.0],[-3.1922,55.97,0.0],[-3.1921,55.9699,0.0],[-3.1919,55.9698,0.0],[-3.1917,55.9696,0.0],[-3.1915,55.9695,0.0],[-3.1914,55.9694,0.0],[-3.1913,55.9693,0.0],[-3.1909,55.9691,0.0],[-3.1906,55.9689,0.0],[-3.1906,55.9688,0.0],[-3.1905,55.9688,0.0],[-3.1902,55.9686,0.0],[-3.1901,55.9685,0.0],[-3.19,55.9685,0.0],[-3.1897,55.9683,0.0],[-3.1897,55.9682,0.0],[-3.1896,55.9682,0.0],[-3.1895,55.9681,0.0],[-3.1896,55.9681,0.0],[-3.1899,55.968,0.0],[-3.1901,55.968,0.0],[-3.1906,55.9679,0.0],[-3.1907,55.9679,0.0],[-3.1908,55.9679,0.0],[-3.1911,55.9678,0.0],[-3.1915,55.9676,0.0],[-3.1918,55.9676,0.0],[-3.1918,55.9675,0.0],[-3.1921,55.9675,0.0],[-3.1922,55.9675,0.0],[-3.1924,55.9675,0.0],[-3.1926,55.9675,0.0],[-3.1929,55.9676,0.0],[-3.1934,55.9676,0.0],[-3.1938,55.9676,0.0],[-3.1939,55.9676,0.0],[-3.194,55.9676,0.0],[-3.1942,55.9676,0.0],[-3.1949,55.9675,0.0],[-3.1952,55.9675,0.0],[-3.1954,55.9674,0.0],[-3.1955,55.9674,0.0],[-3.1957,55.9673,0.0],[-3.1961,55.9671,0.0],[-3.1963,55.967,0.0],[-3.1965,55.9669,0.0],[-3.1967,55.9668,0.0],[-3.1968,55.9668,0.0],[-3.1969,55.9667,0.0],[-3.1971,55.9667,0.0],[-3.1974,55.9665,0.0],[-3.1977,55.9664,0.0],[-3.1981,55.9663,0.0],[-3.1982,55.9662,0.0],[-3.1983,55.9662,0.0],[-3.1983,55.9661,0.0],[-3.1984,55.9661,0.0],[-3.1987,55.9657,0.0],[-3.1989,55.9655,0.0],[-3.1989,55.9654,0.0],[-3.199,55.9653,0.0],[-3.199,55.9649,0.0],[-3.199,55.9644,0.0],[-3.199,55.9641,0.0],[-3.1993,55.9635,0.0],[-3.1994,55.9633,0.0],[-3.1995,55.9632,0.0],[-3.1997,55.9631,0.0],[-3.1999,55.9629,0.0],[-3.2,55.9628,0.0],[-3.1998,55.9628,0.0],[-3.1996,55.9627,0.0],[-3.1995,55.9626,0.0],[-3.1993,55.9626,0.0],[-3.1992,55.9625,0.0],[-3.199,55.9625,0.0],[-3.1989,55.9625,0.0],[-3.1988,55.9625,0.0],[-3.1987,55.9625,0.0],[-3.198,55.9626,0.0],[-3.1979,55.9626,0.0],[-3.1977,55.9625,0.0],[-3.1973,55.9625,0.0],[-3.1969,55.9624,0.0],[-3.1967,55.9624,0.0],[-3.1964,55.9622,0.0],[-3.1962,55.9622,0.0],[-3.196,55.9621,0.0],[-3.1959,55.9621,0.0],[-3.1959,55.962,0.0],[-3.1957,55.962,0.0],[-3.1956,55.9619,0.0],[-3.1952,55.9618,0.0],[-3.1949,55.9617,0.0],[-3.1948,55.9616,0.0],[-3.1947,55.9615,0.0],[-3.1946,55.9615,0.0],[-3.1944,55.9614,0.0],[-3.1943,55.9614,0.0],[-3.1945,55.9613,0.0],[-3.1949,55.9612,0.0],[-3.1952,55.9611,0.0],[-3.195,55.9607,0.0],[-3.1954,55.9606,0.0],[-3.1955,55.9606,0.0],[-3.1955,55.9605,0.0],[-3.1956,55.9605,0.0],[-3.1957,55.9604,0.0],[-3.1957,55.9603,0.0],[-3.1959,55.9601,0.0],[-3.1961,55.96,0.0],[-3.1962,55.9599,0.0],[-3.1963,55.9599,0.0],[-3.1965,55.9598,0.0],[-3.1967,55.9597,0.0],[-3.1969,55.9597,0.0],[-3.1971,55.9596,0.0],[-3.1975,55.9596,0.0],[-3.1976,55.9596,0.0],[-3.1977,55.9596,0.0],[-3.1979,55.9596,0.0],[-3.1981,55.9596,0.0],[-3.1983,55.9596,0.0],[-3.1987,55.9596,0.0],[-3.1998,55.9594,0.0],[-3.2004,55.9593,0.0],[-3.2016,55.9591,0.0],[-3.2017,55.9591,0.0],[-3.202,55.959,0.0],[-3.202,55.9589,0.0],[-3.202,55.9588,0.0],[-3.2019,55.9587,0.0],[-3.2019,55.9586,0.0],[-3.2026,55.9584,0.0],[-3.2028,55.9584,0.0],[-3.2029,55.9584,0.0],[-3.2031,55.9584,0.0],[-3.2032,55.9584,0.0],[-3.2033,55.9583,0.0],[-3.2034,55.9582,0.0],[-3.2034,55.9583,0.0],[-3.2035,55.9583,0.0],[-3.2036,55.9584,0.0],[-3.2037,55.9584,0.0],[-3.2038,55.9584,0.0],[-3.2038,55.9583,0.0],[-3.2039,55.9583,0.0],[-3.2041,55.9583,0.0],[-3.2043,55.9584,0.0],[-3.2045,55.9584,0.0],[-3.2047,55.9584,0.0],[-3.2048,55.9584,0.0],[-3.2049,55.9584,0.0],[-3.2048,55.9583,0.0],[-3.205,55.9582,0.0],[-3.2051,55.9582,0.0],[-3.2052,55.9582,0.0],[-3.2053,55.9581,0.0],[-3.2054,55.9581,0.0],[-3.2055,55.9581,0.0],[-3.2057,55.958,0.0],[-3.2058,55.958,0.0],[-3.2059,55.9579,0.0],[-3.206,55.9579,0.0],[-3.2061,55.9579,0.0],[-3.2061,55.9578,0.0],[-3.2062,55.9578,0.0],[-3.2063,55.9577,0.0],[-3.2063,55.9576,0.0],[-3.2064,55.9576,0.0],[-3.2064,55.9575,0.0],[-3.2063,55.9574,0.0],[-3.2064,55.9572,0.0],[-3.2066,55.9572,0.0],[-3.207,55.9573,0.0],[-3.2071,55.9573,0.0],[-3.2071,55.9572,0.0],[-3.2075,55.9571,0.0],[-3.2078,55.9571,0.0],[-3.2079,55.957,0.0],[-3.208,55.957,0.0],[-3.2081,55.957,0.0],[-3.2082,55.957,0.0],[-3.2096,55.9562,0.0],[-3.2098,55.9562,0.0],[-3.2099,55.9561,0.0],[-3.21,55.9561,0.0],[-3.2106,55.9564,0.0],[-3.2107,55.9564,0.0],[-3.2109,55.9563,0.0],[-3.211,55.9562,0.0],[-3.211,55.9561,0.0],[-3.2113,55.9558,0.0],[-3.2116,55.9554,0.0],[-3.2117,55.9553,0.0],[-3.2118,55.9551,0.0],[-3.2118,55.955,0.0],[-3.2119,55.955,0.0],[-3.2119,55.9548,0.0],[-3.2119,55.9546,0.0],[-3.212,55.9545,0.0],[-3.2121,55.9543,0.0],[-3.2123,55.954,0.0],[-3.2124,55.954,0.0],[-3.2124,55.9539,0.0],[-3.2124,55.9538,0.0],[-3.2124,55.9537,0.0],[-3.2125,55.9535,0.0],[-3.2125,55.9534,0.0],[-3.2126,55.9533,0.0],[-3.2126,55.9532,0.0],[-3.2127,55.9531,0.0],[-3.2128,55.953,0.0],[-3.2129,55.953,0.0],[-3.213,55.9529,0.0],[-3.2131,55.9528,0.0],[-3.2132,55.9528,0.0],[-3.2134,55.9528,0.0],[-3.214,55.9528,0.0],[-3.2141,55.9528,0.0],[-3.2139,55.9526,0.0],[-3.2137,55.9523,0.0],[-3.2138,55.9523,0.0],[-3.2138,55.9522,0.0],[-3.214,55.9522,0.0],[-3.2143,55.9522,0.0],[-3.2143,55.9523,0.0],[-3.2149,55.9523,0.0],[-3.2151,55.9523,0.0],[-3.2152,55.9523,0.0],[-3.2153,55.9523,0.0],[-3.2154,55.9522,0.0],[-3.2155,55.9522,0.0],[-3.2157,55.952,0.0],[-3.216,55.9518,0.0],[-3.217,55.9514,0.0],[-3.2172,55.9513,0.0],[-3.2175,55.9512,0.0],[-3.2176,55.9512,0.0],[-3.2177,55.9512,0.0],[-3.2178,55.9511,0.0],[-3.2182,55.9511,0.0],[-3.2186,55.9511,0.0],[-3.2191,55.9511,0.0],[-3.2196,55.9511,0.0],[-3.2202,55.9511,0.0],[-3.2208,55.9511,0.0],[-3.2212,55.951,0.0],[-3.2215,55.951,0.0],[-3.2219,55.9509,0.0],[-3.2218,55.9507,0.0],[-3.2218,55.9506,0.0],[-3.2218,55.9504,0.0],[-3.2218,55.9502,0.0],[-3.2218,55.9501,0.0],[-3.2218,55.95,0.0],[-3.2219,55.9499,0.0],[-3.222,55.9498,0.0],[-3.2224,55.9497,0.0],[-3.223,55.9495,0.0],[-3.2234,55.9493,0.0],[-3.2236,55.9493,0.0],[-3.2242,55.9492,0.0],[-3.2247,55.9491,0.0],[-3.2253,55.9491,0.0],[-3.2258,55.9491,0.0],[-3.226,55.9491,0.0],[-3.2267,55.9492,0.0],[-3.2276,55.9493,0.0],[-3.2278,55.9494,0.0],[-3.2279,55.9494,0.0],[-3.228,55.9494,0.0],[-3.2281,55.9494,0.0],[-3.2282,55.9495,0.0],[-3.2283,55.9495,0.0],[-3.2284,55.9496,0.0],[-3.2284,55.9497,0.0],[-3.2286,55.9499,0.0],[-3.2286,55.95,0.0],[-3.2289,55.9501,0.0],[-3.229,55.9501,0.0],[-3.2291,55.9501,0.0],[-3.2292,55.9502,0.0],[-3.2294,55.9501,0.0],[-3.2295,55.9502,0.0],[-3.2295,55.9501,0.0],[-3.2296,55.9501,0.0],[-3.2296,55.9503,0.0],[-3.2297,55.9506,0.0],[-3.2297,55.9507,0.0],[-3.2298,55.9507,0.0],[-3.23,55.9508,0.0],[-3.2297,55.9509,0.0],[-3.2295,55.951,0.0],[-3.2294,55.951,0.0],[-3.2294,55.9511,0.0],[-3.2291,55.9512,0.0],[-3.2288,55.9513,0.0],[-3.2287,55.9514,0.0],[-3.2286,55.9514,0.0],[-3.2285,55.9515,0.0],[-3.2284,55.9515,0.0],[-3.2283,55.9516,0.0],[-3.2282,55.9516,0.0],[-3.2281,55.9517,0.0],[-3.228,55.9517,0.0],[-3.2279,55.9517,0.0],[-3.2278,55.9518,0.0],[-3.2276,55.9519,0.0],[-3.2274,55.952,0.0],[-3.2273,55.952,0.0],[-3.227,55.9522,0.0],[-3.2269,55.9522,0.0],[-3.2267,55.9523,0.0],[-3.2266,55.9523,0.0],[-3.2266,55.9524,0.0],[-3.2264,55.9523,0.0],[-3.2263,55.9522,0.0],[-3.2262,55.9522,0.0],[-3.2261,55.9522,0.0],[-3.2256,55.9524,0.0],[-3.2254,55.9524,0.0],[-3.2253,55.9524,0.0],[-3.2252,55.9525,0.0],[-3.2251,55.9525,0.0],[-3.225,55.9525,0.0],[-3.2249,55.9525,0.0],[-3.2248,55.9526,0.0],[-3.2247,55.9526,0.0],[-3.2245,55.9526,0.0],[-3.2244,55.9527,0.0],[-3.2245,55.9529,0.0],[-3.2246,55.9529,0.0],[-3.2247,55.953,0.0],[-3.2248,55.9531,0.0],[-3.225,55.9533,0.0],[-3.2249,55.9534,0.0],[-3.2248,55.9534,0.0],[-3.2246,55.9534,0.0],[-3.2243,55.9535,0.0],[-3.2236,55.9537,0.0],[-3.2237,55.9537,0.0],[-3.2237,55.9538,0.0],[-3.2237,55.9539,0.0],[-3.2238,55.954,0.0],[-3.224,55.9542,0.0],[-3.224,55.9543,0.0],[-3.2245,55.9548,0.0],[-3.2245,55.9549,0.0],[-3.2246,55.9549,0.0],[-3.2253,55.9549,0.0],[-3.2267,55.9548,0.0],[-3.227,55.9548,0.0],[-3.2272,55.9548,0.0],[-3.2283,55.9547,0.0],[-3.229,55.9547,0.0],[-3.2291,55.9547,0.0],[-3.2294,55.9547,0.0],[-3.2297,55.9547,0.0],[-3.2301,55.9547,0.0],[-3.2302,55.9546,0.0],[-3.2303,55.9546,0.0],[-3.2305,55.9546,0.0],[-3.2308,55.9546,0.0],[-3.2309,55.9546,0.0],[-3.231,55.9546,0.0],[-3.2311,55.9546,0.0],[-3.2312,55.9546,0.0],[-3.2313,55.9546,0.0],[-3.2321,55.9546,0.0],[-3.2335,55.9546,0.0],[-3.234,55.9546,0.0],[-3.2345,55.9546,0.0],[-3.2349,55.9547,0.0],[-3.2353,55.9547,0.0],[-3.2367,55.9549,0.0],[-3.2369,55.9549,0.0],[-3.2379,55.9551,0.0],[-3.238,55.9551,0.0],[-3.2382,55.9551,0.0],[-3.2383,55.9552,0.0],[-3.239,55.9553,0.0],[-3.2391,55.9553,0.0],[-3.2392,55.9554,0.0],[-3.2393,55.9554,0.0],[-3.2394,55.9554,0.0],[-3.2395,55.9554,0.0],[-3.2397,55.9555,0.0],[-3.2398,55.9555,0.0],[-3.2405,55.9556,0.0],[-3.2405,55.9557,0.0],[-3.2415,55.9559,0.0],[-3.2416,55.9559,0.0],[-3.2417,55.956,0.0],[-3.2418,55.956,0.0],[-3.242,55.9561,0.0],[-3.2423,55.9561,0.0],[-3.2427,55.9562,0.0],[-3.243,55.9563,0.0],[-3.244,55.9565,0.0],[-3.2441,55.9565,0.0],[-3.2442,55.9565,0.0],[-3.2444,55.9565,0.0],[-3.2445,55.9565,0.0],[-3.2445,55.9566,0.0],[-3.2447,55.9566,0.0],[-3.2447,55.9565,0.0],[-3.2447,55.9564,0.0],[-3.2446,55.9564,0.0],[-3.2446,55.9563,0.0],[-3.2446,55.9561,0.0],[-3.2446,55.956,0.0],[-3.2447,55.956,0.0],[-3.2448,55.956,0.0],[-3.2448,55.9561,0.0],[-3.2448,55.9562,0.0],[-3.2448,55.9563,0.0],[-3.2449,55.9564,0.0],[-3.2449,55.9565,0.0],[-3.245,55.9565,0.0],[-3.2451,55.9565,0.0],[-3.2453,55.9565,0.0],[-3.2454,55.9565,0.0],[-3.2455,55.9565,0.0],[-3.2456,55.9565,0.0],[-3.2457,55.9565,0.0],[-3.2458,55.9565,0.0],[-3.2459,55.9565,0.0],[-3.246,55.9566,0.0],[-3.2461,55.9566,0.0],[-3.2462,55.9566,0.0],[-3.2463,55.9566,0.0],[-3.2464,55.9566,0.0],[-3.2465,55.9566,0.0],[-3.2466,55.9566,0.0],[-3.2467,55.9566,0.0],[-3.2468,55.9566,0.0],[-3.2469,55.9566,0.0],[-3.247,55.9566,0.0],[-3.2471,55.9566,0.0],[-3.2472,55.9566,0.0],[-3.2473,55.9566,0.0],[-3.2474,55.9566,0.0],[-3.2475,55.9566,0.0],[-3.2476,55.9566,0.0],[-3.2477,55.9566,0.0],[-3.2478,55.9566,0.0],[-3.2479,55.9566,0.0],[-3.248,55.9566,0.0],[-3.2481,55.9566,0.0],[-3.2481,55.9565,0.0],[-3.2481,55.9564,0.0],[-3.2482,55.9564,0.0],[-3.2483,55.9564,0.0],[-3.2484,55.9564,0.0],[-3.2485,55.9564,0.0],[-3.2485,55.9563,0.0],[-3.2486,55.9563,0.0],[-3.2487,55.9563,0.0],[-3.2488,55.9563,0.0],[-3.2489,55.9563,0.0],[-3.2489,55.9562,0.0],[-3.249,55.9562,0.0],[-3.2491,55.9562,0.0],[-3.2491,55.9561,0.0],[-3.2492,55.9561,0.0],[-3.2492,55.956,0.0],[-3.2493,55.956,0.0],[-3.2493,55.9559,0.0],[-3.2493,55.9558,0.0],[-3.2492,55.9557,0.0],[-3.2492,55.9556,0.0],[-3.2491,55.9555,0.0],[-3.2491,55.9554,0.0],[-3.249,55.9554,0.0],[-3.249,55.9553,0.0],[-3.2491,55.9553,0.0],[-3.2491,55.9552,0.0],[-3.2492,55.9552,0.0],[-3.2493,55.9552,0.0],[-3.2493,55.9551,0.0],[-3.2494,55.9551,0.0],[-3.2495,55.9551,0.0],[-3.2496,55.9551,0.0],[-3.2499,55.955,0.0],[-3.25,55.955,0.0],[-3.2504,55.9549,0.0],[-3.2504,55.9548,0.0],[-3.2505,55.9548,0.0],[-3.2506,55.9548,0.0],[-3.2508,55.9548,0.0],[-3.2512,55.9547,0.0],[-3.2516,55.9546,0.0],[-3.2519,55.9544,0.0],[-3.2522,55.9543,0.0],[-3.2524,55.9541,0.0],[-3.2525,55.9541,0.0],[-3.2526,55.9541,0.0],[-3.2527,55.9542,0.0],[-3.2529,55.9542,0.0],[-3.2532,55.954,0.0],[-3.2533,55.9539,0.0],[-3.2534,55.9538,0.0],[-3.2536,55.9536,0.0],[-3.2539,55.9536,0.0],[-3.254,55.9536,0.0],[-3.2542,55.9535,0.0],[-3.2545,55.9534,0.0],[-3.2547,55.9534,0.0],[-3.2547,55.9533,0.0],[-3.2548,55.9532,0.0],[-3.2549,55.9532,0.0],[-3.255,55.9532,0.0],[-3.2551,55.9532,0.0],[-3.2552,55.9532,0.0],[-3.2552,55.9531,0.0],[-3.2553,55.953,0.0],[-3.2554,55.9529,0.0],[-3.2555,55.9529,0.0],[-3.2556,55.9529,0.0],[-3.2556,55.9528,0.0],[-3.2557,55.9528,0.0],[-3.2558,55.9528,0.0],[-3.2559,55.9528,0.0],[-3.256,55.9528,0.0],[-3.256,55.9527,0.0],[-3.2561,55.9527,0.0],[-3.2561,55.9526,0.0],[-3.2561,55.9525,0.0],[-3.2562,55.9525,0.0],[-3.2563,55.9525,0.0],[-3.2564,55.9524,0.0],[-3.2565,55.9524,0.0],[-3.2565,55.9523,0.0],[-3.2566,55.9523,0.0],[-3.2566,55.9525,0.0],[-3.2567,55.9525,0.0],[-3.2567,55.9524,0.0],[-3.2568,55.9524,0.0],[-3.257,55.9523,0.0],[-3.2572,55.9522,0.0],[-3.2574,55.9521,0.0],[-3.2575,55.9521,0.0],[-3.2575,55.952,0.0],[-3.2576,55.952,0.0],[-3.2576,55.9519,0.0],[-3.2576,55.9518,0.0],[-3.2575,55.9518,0.0],[-3.2575,55.9517,0.0],[-3.2574,55.9517,0.0],[-3.2573,55.9516,0.0],[-3.2571,55.9516,0.0],[-3.257,55.9516,0.0],[-3.2569,55.9514,0.0],[-3.2568,55.9513,0.0],[-3.2569,55.9513,0.0],[-3.2571,55.9512,0.0],[-3.2586,55.9509,0.0],[-3.2595,55.9508,0.0],[-3.2602,55.9507,0.0],[-3.2604,55.9506,0.0],[-3.261,55.9505,0.0],[-3.262,55.9503,0.0],[-3.2621,55.9503,0.0],[-3.2629,55.9501,0.0],[-3.263,55.9501,0.0],[-3.2631,55.9501,0.0],[-3.2634,55.9501,0.0],[-3.2635,55.9501,0.0],[-3.2637,55.9501,0.0],[-3.2638,55.95,0.0],[-3.2639,55.9501,0.0],[-3.264,55.9501,0.0],[-3.2642,55.9501,0.0],[-3.2643,55.9501,0.0],[-3.2644,55.9501,0.0],[-3.2645,55.9501,0.0],[-3.2646,55.9501,0.0],[-3.2648,55.95,0.0],[-3.2649,55.95,0.0],[-3.265,55.95,0.0],[-3.2651,55.95,0.0],[-3.2654,55.95,0.0],[-3.2655,55.95,0.0],[-3.2656,55.95,0.0],[-3.2661,55.95,0.0],[-3.2662,55.95,0.0],[-3.2665,55.95,0.0],[-3.2666,55.95,0.0],[-3.2671,55.95,0.0],[-3.2673,55.95,0.0],[-3.2674,55.95,0.0],[-3.2675,55.95,0.0],[-3.2675,55.9501,0.0],[-3.268,55.95,0.0],[-3.2683,55.9501,0.0],[-3.2684,55.95,0.0],[-3.2689,55.9501,0.0],[-3.269,55.9499,0.0],[-3.2691,55.9499,0.0],[-3.2691,55.9497,0.0],[-3.2694,55.9496,0.0],[-3.2695,55.9495,0.0],[-3.2696,55.9495,0.0],[-3.2697,55.9495,0.0],[-3.2698,55.9495,0.0],[-3.2702,55.9494,0.0],[-3.2703,55.9494,0.0],[-3.2705,55.9494,0.0],[-3.2706,55.9495,0.0],[-3.2707,55.9496,0.0],[-3.2708,55.9497,0.0],[-3.271,55.9498,0.0],[-3.2714,55.9502,0.0],[-3.2716,55.9504,0.0],[-3.2717,55.9505,0.0],[-3.2719,55.9507,0.0],[-3.2721,55.9509,0.0],[-3.2723,55.9512,0.0],[-3.2725,55.9514,0.0],[-3.2727,55.9516,0.0],[-3.2729,55.9519,0.0],[-3.273,55.952,0.0],[-3.2732,55.9522,0.0],[-3.2732,55.9523,0.0],[-3.2734,55.9524,0.0],[-3.2736,55.9527,0.0],[-3.2737,55.9528,0.0],[-3.2739,55.9529,0.0],[-3.274,55.9529,0.0],[-3.2741,55.953,0.0],[-3.2735,55.953,0.0],[-3.2735,55.9531,0.0],[-3.2726,55.9532,0.0],[-3.2724,55.9532,0.0],[-3.2723,55.9532,0.0],[-3.2717,55.9533,0.0],[-3.2715,55.9534,0.0],[-3.27,55.9536,0.0],[-3.2711,55.9551,0.0],[-3.2714,55.9555,0.0],[-3.2706,55.9558,0.0],[-3.2706,55.9559,0.0],[-3.2707,55.9561,0.0],[-3.2708,55.9561,0.0],[-3.2709,55.9563,0.0],[-3.2711,55.9564,0.0],[-3.2711,55.9565,0.0],[-3.2712,55.9566,0.0],[-3.2713,55.9567,0.0],[-3.2713,55.9568,0.0],[-3.2712,55.9568,0.0],[-3.2711,55.9568,0.0],[-3.2713,55.957,0.0],[-3.2714,55.957,0.0],[-3.2716,55.9571,0.0],[-3.2715,55.9571,0.0],[-3.2716,55.9572,0.0],[-3.2717,55.9573,0.0],[-3.2718,55.9573,0.0],[-3.2718,55.9574,0.0],[-3.2719,55.9574,0.0],[-3.2721,55.9575,0.0],[-3.2722,55.9576,0.0],[-3.2723,55.9577,0.0],[-3.2724,55.9578,0.0],[-3.2727,55.958,0.0],[-3.2728,55.9581,0.0],[-3.2729,55.9582,0.0],[-3.273,55.9582,0.0],[-3.2732,55.9584,0.0],[-3.2733,55.9585,0.0],[-3.2734,55.9586,0.0],[-3.2735,55.9587,0.0],[-3.2734,55.9588,0.0],[-3.2734,55.9589,0.0],[-3.2735,55.9589,0.0],[-3.2733,55.959,0.0],[-3.2734,55.959,0.0],[-3.2736,55.959,0.0],[-3.2737,55.959,0.0],[-3.2738,55.959,0.0],[-3.2739,55.959,0.0],[-3.274,55.959,0.0],[-3.2741,55.959,0.0],[-3.2742,55.9591,0.0],[-3.2742,55.9592,0.0],[-3.2743,55.9592,0.0],[-3.2743,55.9593,0.0],[-3.2744,55.9594,0.0],[-3.2745,55.9595,0.0],[-3.2746,55.9595,0.0],[-3.2746,55.9596,0.0],[-3.2747,55.9597,0.0],[-3.2748,55.9598,0.0],[-3.2749,55.9599,0.0],[-3.275,55.96,0.0],[-3.2751,55.9602,0.0],[-3.2752,55.9603,0.0],[-3.2754,55.9605,0.0],[-3.2754,55.9606,0.0],[-3.2755,55.9606,0.0],[-3.2756,55.9608,0.0],[-3.2757,55.9609,0.0],[-3.2759,55.961,0.0],[-3.2759,55.9611,0.0],[-3.276,55.9612,0.0],[-3.2761,55.9613,0.0],[-3.2761,55.9614,0.0],[-3.2762,55.9614,0.0]],[[-3.2639,55.9501,0.0],[-3.2638,55.9501,0.0],[-3.2638,55.9502,0.0],[-3.2639,55.9502,0.0],[-3.2639,55.9501,0.0]]]]}},{"type":"Feature","properties":{"uesi_id":"GBR_R1920901","nbhd_code":"GBR_R1920901_6","nbhd_name":"Corstorphine / Murrayfield"},"geometry":{"type":"MultiPolygon","coordinates":[[[[-3.2638,55.95,0.0],[-3.2637,55.9501,0.0],[-3.2635,55.9501,0.0],[-3.2634,55.9501,0.0],[-3.2631,55.9501,0.0],[-3.263,55.9501,0.0],[-3.2629,55.9501,0.0],[-3.2621,55.9503,0.0],[-3.262,55.9503,0.0],[-3.261,55.9505,0.0],[-3.2604,55.9506,0.0],[-3.2602,55.9507,0.0],[-3.2595,55.9508,0.0],[-3.2586,55.9509,0.0],[-3.2571,55.9512,0.0],[-3.2569,55.9513,0.0],[-3.2568,55.9513,0.0],[-3.2569,55.9514,0.0],[-3.257,55.9516,0.0],[-3.2571,55.9516,0.0],[-3.2573,55.9516,0.0],[-3.2574,55.9517,0.0],[-3.2575,55.9517,0.0],[-3.2575,55.9518,0.0],[-3.2576,55.9518,0.0],[-3.2576,55.9519,0.0],[-3.2576,55.952,0.0],[-3.2575,55.952,0.0],[-3.2575,55.9521,0.0],[-3.2574,55.9521,0.0],[-3.2572,55.9522,0.0],[-3.257,55.9523,0.0],[-3.2568,55.9524,0.0],[-3.2567,55.9524,0.0],[-3.2567,55.9525,0.0],[-3.2566,55.9525,0.0],[-3.2566,55.9523,0.0],[-3.2565,55.9523,0.0],[-3.2565,55.9524,0.0],[-3.2564,55.9524,0.0],[-3.2563,55.9525,0.0],[-3.2562,55.9525,0.0],[-3.2561,55.9525,0.0],[-3.2561,55.9526,0.0],[-3.2561,55.9527,0.0],[-3.256,55.9527,0.0],[-3.256,55.9528,0.0],[-3.2559,55.9528,0.0],[-3.2558,55.9528,0.0],[-3.2557,55.9528,0.0],[-3.2556,55.9528,0.0],[-3.2556,55.9529,0.0],[-3.2555,55.9529,0.0],[-3.2554,55.9529,0.0],[-3.2553,55.953,0.0],[-3.2552,55.9531,0.0],[-3.2552,55.9532,0.0],[-3.2551,55.9532,0.0],[-3.255,55.9532,0.0],[-3.2549,55.9532,0.0],[-3.2548,55.9532,0.0],[-3.2547,55.9533,0.0],[-3.2547,55.9534,0.0],[-3.2545,55.9534,0.0],[-3.2542,55.9535,0.0],[-3.254,55.9536,0.0],[-3.2539,55.9536,0.0],[-3.2536,55.9536,0.0],[-3.2534,55.9538,0.0],[-3.2533,55.9539,0.0],[-3.2532,55.954,0.0],[-3.2529,55.9542,0.0],[-3.2527,55.9542,0.0],[-3.2526,55.9541,0.0],[-3.2525,55.9541,0.0],[-3.2524,55.9541,0.0],[-3.2522,55.9543,0.0],[-3.2519,55.9544,0.0],[-3.2516,55.9546,0.0],[-3.2512,55.9547,0.0],[-3.2508,55.9548,0.0],[-3.2506,55.9548,0.0],[-3.2505,55.9548,0.0],[-3.2504,55.9548,0.0],[-3.2504,55.9549,0.0],[-3.25,55.955,0.0],[-3.2499,55.955,0.0],[-3.2496,55.9551,0.0],[-3.2495,55.9551,0.0],[-3.2494,55.9551,0.0],[-3.2493,55.9551,0.0],[-3.2493,55.9552,0.0],[-3.2492,55.9552,0.0],[-3.2491,55.9552,0.0],[-3.2491,55.9553,0.0],[-3.249,55.9553,0.0],[-3.249,55.9554,0.0],[-3.2491,55.9554,0.0],[-3.2491,55.9555,0.0],[-3.2492,55.9556,0.0],[-3.2492,55.9557,0.0],[-3.2493,55.9558,0.0],[-3.2493,55.9559,0.0],[-3.2493,55.956,0.0],[-3.2492,55.956,0.0],[-3.2492,55.9561,0.0],[-3.2491,55.9561,0.0],[-3.2491,55.9562,0.0],[-3.249,55.9562,0.0],[-3.2489,55.9562,0.0],[-3.2489,55.9563,0.0],[-3.2488,55.9563,0.0],[-3.2487,55.9563,0.0],[-3.2486,55.9563,0.0],[-3.2485,55.9563,0.0],[-3.2485,55.9564,0.0],[-3.2484,55.9564,0.0],[-3.2483,55.9564,0.0],[-3.2482,55.9564,0.0],[-3.2481,55.9564,0.0],[-3.2481,55.9565,0.0],[-3.2481,55.9566,0.0],[-3.248,55.9566,0.0],[-3.2479,55.9566,0.0],[-3.2478,55.9566,0.0],[-3.2477,55.9566,0.0],[-3.2476,55.9566,0.0],[-3.2475,55.9566,0.0],[-3.2474,55.9566,0.0],[-3.2473,55.9566,0.0],[-3.2472,55.9566,0.0],[-3.2471,55.9566,0.0],[-3.247,55.9566,0.0],[-3.2469,55.9566,0.0],[-3.2468,55.9566,0.0],[-3.2467,55.9566,0.0],[-3.2466,55.9566,0.0],[-3.2465,55.9566,0.0],[-3.2464,55.9566,0.0],[-3.2463,55.9566,0.0],[-3.2462,55.9566,0.0],[-3.2461,55.9566,0.0],[-3.246,55.9566,0.0],[-3.2459,55.9565,0.0],[-3.2458,55.9565,0.0],[-3.2457,55.9565,0.0],[-3.2456,55.9565,0.0],[-3.2455,55.9565,0.0],[-3.2454,55.9565,0.0],[-3.2453,55.9565,0.0],[-3.2451,55.9565,0.0],[-3.245,55.9565,0.0],[-3.2449,55.9565,0.0],[-3.2449,55.9564,0.0],[-3.2448,55.9563,0.0],[-3.2448,55.9562,0.0],[-3.2448,55.9561,0.0],[-3.2448,55.956,0.0],[-3.2447,55.956,0.0],[-3.2446,55.956,0.0],[-3.2446,55.9561,0.0],[-3.2446,55.9563,0.0],[-3.2446,55.9564,0.0],[-3.2447,55.9564,0.0],[-3.2447,55.9565,0.0],[-3.2447,55.9566,0.0],[-3.2445,55.9566,0.0],[-3.2445,55.9565,0.0],[-3.2444,55.9565,0.0],[-3.2442,55.9565,0.0],[-3.2441,55.9565,0.0],[-3.244,55.9565,0.0],[-3.243,55.9563,0.0],[-3.2427,55.9562,0.0],[-3.2423,55.9561,0.0],[-3.242,55.9561,0.0],[-3.2418,55.956,0.0],[-3.2417,55.956,0.0],[-3.2416,55.9559,0.0],[-3.2415,55.9559,0.0],[-3.2405,55.9557,0.0],[-3.2405,55.9556,0.0],[-3.2398,55.9555,0.0],[-3.2397,55.9555,0.0],[-3.2395,55.9554,0.0],[-3.2394,55.9554,0.0],[-3.2393,55.9554,0.0],[-3.2392,55.9554,0.0],[-3.2391,55.9553,0.0],[-3.239,55.9553,0.0],[-3.2383,55.9552,0.0],[-3.2382,55.9551,0.0],[-3.238,55.9551,0.0],[-3.2379,55.9551,0.0],[-3.2369,55.9549,0.0],[-3.2367,55.9549,0.0],[-3.2353,55.9547,0.0],[-3.2349,55.9547,0.0],[-3.2345,55.9546,0.0],[-3.234,55.9546,0.0],[-3.2335,55.9546,0.0],[-3.2321,55.9546,0.0],[-3.2313,55.9546,0.0],[-3.2312,55.9546,0.0],[-3.2311,55.9546,0.0],[-3.231,55.9546,0.0],[-3.2309,55.9546,0.0],[-3.2308,55.9546,0.0],[-3.2305,55.9546,0.0],[-3.2303,55.9546,0.0],[-3.2302,55.9546,0.0],[-3.2301,55.9547,0.0],[-3.2297,55.9547,0.0],[-3.2294,55.9547,0.0],[-3.2291,55.9547,0.0],[-3.229,55.9547,0.0],[-3.2283,55.9547,0.0],[-3.2272,55.9548,0.0],[-3.227,55.9548,0.0],[-3.2267,55.9548,0.0],[-3.2253,55.9549,0.0],[-3.2246,55.9549,0.0],[-3.2245,55.9549,0.0],[-3.2245,55.9548,0.0],[-3.224,55.9543,0.0],[-3.224,55.9542,0.0],[-3.2238,55.954,0.0],[-3.2237,55.9539,0.0],[-3.2237,55.9538,0.0],[-3.2237,55.9537,0.0],[-3.2236,55.9537,0.0],[-3.2243,55.9535,0.0],[-3.2246,55.9534,0.0],[-3.2248,55.9534,0.0],[-3.2249,55.9534,0.0],[-3.225,55.9533,0.0],[-3.2248,55.9531,0.0],[-3.2247,55.953,0.0],[-3.2246,55.9529,0.0],[-3.2245,55.9529,0.0],[-3.2244,55.9527,0.0],[-3.2245,55.9526,0.0],[-3.2247,55.9526,0.0],[-3.2248,55.9526,0.0],[-3.2249,55.9525,0.0],[-3.225,55.9525,0.0],[-3.2251,55.9525,0.0],[-3.2252,55.9525,0.0],[-3.2253,55.9524,0.0],[-3.2254,55.9524,0.0],[-3.2256,55.9524,0.0],[-3.2261,55.9522,0.0],[-3.2262,55.9522,0.0],[-3.2263,55.9522,0.0],[-3.2264,55.9523,0.0],[-3.2266,55.9524,0.0],[-3.2266,55.9523,0.0],[-3.2267,55.9523,0.0],[-3.2269,55.9522,0.0],[-3.227,55.9522,0.0],[-3.2273,55.952,0.0],[-3.2274,55.952,0.0],[-3.2276,55.9519,0.0],[-3.2278,55.9518,0.0],[-3.2279,55.9517,0.0],[-3.228,55.9517,0.0],[-3.2281,55.9517,0.0],[-3.2282,55.9516,0.0],[-3.2283,55.9516,0.0],[-3.2284,55.9515,0.0],[-3.2285,55.9515,0.0],[-3.2286,55.9514,0.0],[-3.2287,55.9514,0.0],[-3.2288,55.9513,0.0],[-3.2291,55.9512,0.0],[-3.2294,55.9511,0.0],[-3.2294,55.951,0.0],[-3.2295,55.951,0.0],[-3.2297,55.9509,0.0],[-3.23,55.9508,0.0],[-3.2298,55.9507,0.0],[-3.2297,55.9507,0.0],[-3.2297,55.9506,0.0],[-3.2296,55.9503,0.0],[-3.2296,55.9501,0.0],[-3.2295,55.9501,0.0],[-3.2295,55.9502,0.0],[-3.2294,55.9501,0.0],[-3.2299,55.9499,0.0],[-3.2305,55.9496,0.0],[-3.2308,55.9495,0.0],[-3.2311,55.9493,0.0],[-3.2313,55.9492,0.0],[-3.2317,55.9489,0.0],[-3.2323,55.9485,0.0],[-3.2324,55.9485,0.0],[-3.2325,55.9484,0.0],[-3.2328,55.9482,0.0],[-3.2331,55.9479,0.0],[-3.2332,55.9478,0.0],[-3.2334,55.9477,0.0],[-3.2333,55.9476,0.0],[-3.2333,55.9475,0.0],[-3.2333,55.9474,0.0],[-3.2332,55.9474,0.0],[-3.2332,55.9473,0.0],[-3.2332,55.9472,0.0],[-3.2331,55.9471,0.0],[-3.2331,55.947,0.0],[-3.233,55.947,0.0],[-3.233,55.9469,0.0],[-3.2329,55.9468,0.0],[-3.2329,55.9467,0.0],[-3.2329,55.9466,0.0],[-3.2328,55.9466,0.0],[-3.2328,55.9465,0.0],[-3.2327,55.9464,0.0],[-3.2326,55.9463,0.0],[-3.2326,55.9462,0.0],[-3.2325,55.9461,0.0],[-3.2324,55.946,0.0],[-3.2324,55.9459,0.0],[-3.2323,55.9459,0.0],[-3.2322,55.9458,0.0],[-3.2322,55.9457,0.0],[-3.2321,55.9457,0.0],[-3.2321,55.9456,0.0],[-3.232,55.9456,0.0],[-3.232,55.9455,0.0],[-3.2319,55.9454,0.0],[-3.2318,55.9454,0.0],[-3.2317,55.9453,0.0],[-3.2317,55.9452,0.0],[-3.2317,55.9451,0.0],[-3.2316,55.9451,0.0],[-3.2316,55.945,0.0],[-3.2315,55.9449,0.0],[-3.2314,55.9449,0.0],[-3.2313,55.9449,0.0],[-3.2313,55.9448,0.0],[-3.2312,55.9448,0.0],[-3.2312,55.9447,0.0],[-3.2311,55.9447,0.0],[-3.231,55.9446,0.0],[-3.2308,55.9445,0.0],[-3.2306,55.9444,0.0],[-3.2305,55.9443,0.0],[-3.2304,55.9443,0.0],[-3.2303,55.9442,0.0],[-3.2301,55.9441,0.0],[-3.2299,55.944,0.0],[-3.2299,55.9439,0.0],[-3.2298,55.9439,0.0],[-3.2297,55.9438,0.0],[-3.2296,55.9438,0.0],[-3.2296,55.9437,0.0],[-3.2295,55.9437,0.0],[-3.2294,55.9436,0.0],[-3.2295,55.9436,0.0],[-3.2296,55.9436,0.0],[-3.2296,55.9435,0.0],[-3.2297,55.9435,0.0],[-3.2295,55.9433,0.0],[-3.2294,55.9433,0.0],[-3.2294,55.9432,0.0],[-3.2293,55.9432,0.0],[-3.2293,55.9431,0.0],[-3.2292,55.9431,0.0],[-3.2292,55.943,0.0],[-3.23,55.9428,0.0],[-3.2301,55.9428,0.0],[-3.2341,55.9419,0.0],[-3.2343,55.9418,0.0],[-3.2345,55.9418,0.0],[-3.2348,55.9417,0.0],[-3.2355,55.9416,0.0],[-3.236,55.9415,0.0],[-3.2367,55.9413,0.0],[-3.2374,55.9412,0.0],[-3.238,55.941,0.0],[-3.2385,55.9409,0.0],[-3.2388,55.9409,0.0],[-3.2405,55.9405,0.0],[-3.2418,55.9402,0.0],[-3.2423,55.9401,0.0],[-3.2426,55.94,0.0],[-3.243,55.9399,0.0],[-3.2434,55.9398,0.0],[-3.2454,55.9394,0.0],[-3.246,55.9392,0.0],[-3.2464,55.9391,0.0],[-3.247,55.939,0.0],[-3.2482,55.9387,0.0],[-3.2502,55.9383,0.0],[-3.2503,55.9383,0.0],[-3.2529,55.9377,0.0],[-3.2532,55.9376,0.0],[-3.2542,55.9374,0.0],[-3.2547,55.9373,0.0],[-3.256,55.937,0.0],[-3.2567,55.9368,0.0],[-3.2573,55.9367,0.0],[-3.2579,55.9366,0.0],[-3.2582,55.9365,0.0],[-3.2585,55.9364,0.0],[-3.2591,55.9363,0.0],[-3.2596,55.9362,0.0],[-3.2602,55.9361,0.0],[-3.2609,55.9359,0.0],[-3.2613,55.9358,0.0],[-3.2618,55.9357,0.0],[-3.2623,55.9356,0.0],[-3.2628,55.9355,0.0],[-3.2632,55.9354,0.0],[-3.2637,55.9353,0.0],[-3.2651,55.9349,0.0],[-3.2657,55.9348,0.0],[-3.2661,55.9347,0.0],[-3.2662,55.9347,0.0],[-3.2663,55.9347,0.0],[-3.2665,55.9347,0.0],[-3.2665,55.9346,0.0],[-3.2666,55.9346,0.0],[-3.2667,55.9346,0.0],[-3.2668,55.9346,0.0],[-3.2669,55.9346,0.0],[-3.267,55.9345,0.0],[-3.2671,55.9345,0.0],[-3.2672,55.9345,0.0],[-3.2673,55.9345,0.0],[-3.2674,55.9344,0.0],[-3.2675,55.9344,0.0],[-3.2676,55.9344,0.0],[-3.2677,55.9344,0.0],[-3.2678,55.9343,0.0],[-3.2679,55.9343,0.0],[-3.268,55.9343,0.0],[-3.2681,55.9343,0.0],[-3.2682,55.9343,0.0],[-3.2684,55.9342,0.0],[-3.2685,55.9342,0.0],[-3.2686,55.9342,0.0],[-3.2687,55.9342,0.0],[-3.2689,55.9341,0.0],[-3.2692,55.934,0.0],[-3.2693,55.934,0.0],[-3.2694,55.934,0.0],[-3.2697,55.9339,0.0],[-3.2698,55.9339,0.0],[-3.27,55.9339,0.0],[-3.2701,55.9338,0.0],[-3.2704,55.9338,0.0],[-3.2705,55.9337,0.0],[-3.2707,55.9337,0.0],[-3.2708,55.9337,0.0],[-3.271,55.9336,0.0],[-3.2711,55.9336,0.0],[-3.2712,55.9336,0.0],[-3.2714,55.9336,0.0],[-3.2715,55.9335,0.0],[-3.2716,55.9335,0.0],[-3.2718,55.9334,0.0],[-3.272,55.9334,0.0],[-3.2722,55.9334,0.0],[-3.2723,55.9333,0.0],[-3.2725,55.9333,0.0],[-3.2726,55.9333,0.0],[-3.2728,55.9332,0.0],[-3.273,55.9332,0.0],[-3.2735,55.9331,0.0],[-3.2736,55.933,0.0],[-3.2739,55.933,0.0],[-3.2741,55.9329,0.0],[-3.2744,55.9329,0.0],[-3.2746,55.9328,0.0],[-3.2747,55.9329,0.0],[-3.2748,55.9329,0.0],[-3.2749,55.9329,0.0],[-3.2752,55.9329,0.0],[-3.2755,55.9328,0.0],[-3.2756,55.9328,0.0],[-3.2757,55.9328,0.0],[-3.276,55.9327,0.0],[-3.2761,55.9327,0.0],[-3.2765,55.9326,0.0],[-3.2767,55.9326,0.0],[-3.2768,55.9326,0.0],[-3.277,55.9326,0.0],[-3.2772,55.9326,0.0],[-3.2775,55.9325,0.0],[-3.2777,55.9325,0.0],[-3.278,55.9325,0.0],[-3.2781,55.9325,0.0],[-3.2782,55.9325,0.0],[-3.2786,55.9325,0.0],[-3.2787,55.9325,0.0],[-3.2791,55.9325,0.0],[-3.2793,55.9325,0.0],[-3.2794,55.9325,0.0],[-3.2798,55.9326,0.0],[-3.2799,55.9326,0.0],[-3.2803,55.9326,0.0],[-3.2804,55.9326,0.0],[-3.2805,55.9326,0.0],[-3.2806,55.9326,0.0],[-3.281,55.9327,0.0],[-3.2814,55.9328,0.0],[-3.2816,55.9328,0.0],[-3.2819,55.9328,0.0],[-3.2821,55.9329,0.0],[-3.2828,55.933,0.0],[-3.284,55.9333,0.0],[-3.2852,55.9335,0.0],[-3.286,55.9337,0.0],[-3.2866,55.9338,0.0],[-3.2868,55.9339,0.0],[-3.2873,55.934,0.0],[-3.2882,55.9342,0.0],[-3.2884,55.9342,0.0],[-3.2888,55.9343,0.0],[-3.2889,55.9343,0.0],[-3.289,55.9343,0.0],[-3.2892,55.9344,0.0],[-3.2894,55.9344,0.0],[-3.2898,55.9345,0.0],[-3.29,55.9345,0.0],[-3.2901,55.9346,0.0],[-3.2903,55.9346,0.0],[-3.2919,55.9349,0.0],[-3.2936,55.9353,0.0],[-3.2937,55.9353,0.0],[-3.2955,55.9357,0.0],[-3.2974,55.9361,0.0],[-3.2975,55.9361,0.0],[-3.2982,55.9363,0.0],[-3.2985,55.9363,0.0],[-3.2986,55.9363,0.0],[-3.2986,55.9364,0.0],[-3.2982,55.9365,0.0],[-3.2976,55.9368,0.0],[-3.2974,55.9368,0.0],[-3.2973,55.9368,0.0],[-3.297,55.9369,0.0],[-3.2969,55.937,0.0],[-3.2968,55.937,0.0],[-3.2967,55.937,0.0],[-3.2964,55.9371,0.0],[-3.2963,55.9371,0.0],[-3.2956,55.9373,0.0],[-3.2955,55.9373,0.0],[-3.2955,55.9374,0.0],[-3.2956,55.9375,0.0],[-3.2957,55.9375,0.0],[-3.2959,55.9375,0.0],[-3.2961,55.9375,0.0],[-3.2962,55.9375,0.0],[-3.2963,55.9375,0.0],[-3.2964,55.9374,0.0],[-3.2964,55.9375,0.0],[-3.2965,55.9376,0.0],[-3.2965,55.9377,0.0],[-3.2966,55.9378,0.0],[-3.2966,55.9381,0.0],[-3.2967,55.9382,0.0],[-3.2967,55.9383,0.0],[-3.2971,55.9382,0.0],[-3.2972,55.9385,0.0],[-3.2972,55.9386,0.0],[-3.2973,55.9387,0.0],[-3.2976,55.9386,0.0],[-3.2979,55.9386,0.0],[-3.2979,55.9387,0.0],[-3.2979,55.9388,0.0],[-3.298,55.9388,0.0],[-3.298,55.9389,0.0],[-3.298,55.939,0.0],[-3.2981,55.9391,0.0],[-3.2981,55.9393,0.0],[-3.2982,55.9394,0.0],[-3.2982,55.9395,0.0],[-3.2982,55.9397,0.0],[-3.2983,55.9398,0.0],[-3.2983,55.94,0.0],[-3.2984,55.9404,0.0],[-3.2985,55.9406,0.0],[-3.2986,55.9408,0.0],[-3.2986,55.9409,0.0],[-3.2986,55.941,0.0],[-3.2986,55.9411,0.0],[-3.2984,55.9411,0.0],[-3.298,55.9412,0.0],[-3.298,55.9413,0.0],[-3.2981,55.9414,0.0],[-3.2981,55.9415,0.0],[-3.298,55.9415,0.0],[-3.2979,55.9415,0.0],[-3.2977,55.9415,0.0],[-3.2976,55.9415,0.0],[-3.2975,55.9415,0.0],[-3.2973,55.9416,0.0],[-3.2971,55.9416,0.0],[-3.297,55.9416,0.0],[-3.2968,55.9416,0.0],[-3.2967,55.9417,0.0],[-3.2966,55.9417,0.0],[-3.2965,55.9417,0.0],[-3.2964,55.9417,0.0],[-3.2963,55.9417,0.0],[-3.2962,55.9417,0.0],[-3.2961,55.9417,0.0],[-3.296,55.9418,0.0],[-3.2959,55.9418,0.0],[-3.2957,55.9418,0.0],[-3.2956,55.9418,0.0],[-3.2955,55.9418,0.0],[-3.2953,55.9418,0.0],[-3.2953,55.9419,0.0],[-3.2952,55.9419,0.0],[-3.2947,55.942,0.0],[-3.2947,55.9421,0.0],[-3.2947,55.9422,0.0],[-3.2948,55.9423,0.0],[-3.2949,55.9424,0.0],[-3.2941,55.9425,0.0],[-3.294,55.9426,0.0],[-3.2933,55.9426,0.0],[-3.2934,55.9427,0.0],[-3.2934,55.943,0.0],[-3.2935,55.9432,0.0],[-3.2936,55.9435,0.0],[-3.2937,55.9439,0.0],[-3.2939,55.9445,0.0],[-3.294,55.9449,0.0],[-3.294,55.9452,0.0],[-3.2941,55.9454,0.0],[-3.2941,55.9455,0.0],[-3.2941,55.9456,0.0],[-3.2943,55.9467,0.0],[-3.2943,55.9468,0.0],[-3.2943,55.9469,0.0],[-3.2945,55.9475,0.0],[-3.2945,55.9477,0.0],[-3.2946,55.9477,0.0],[-3.2946,55.9479,0.0],[-3.2947,55.948,0.0],[-3.2945,55.9481,0.0],[-3.2942,55.9481,0.0],[-3.294,55.9481,0.0],[-3.294,55.948,0.0],[-3.2939,55.9479,0.0],[-3.2938,55.9479,0.0],[-3.2936,55.9479,0.0],[-3.2935,55.9479,0.0],[-3.2933,55.9479,0.0],[-3.2931,55.948,0.0],[-3.2932,55.9481,0.0],[-3.2925,55.9481,0.0],[-3.2924,55.9481,0.0],[-3.2924,55.9482,0.0],[-3.2925,55.9483,0.0],[-3.2925,55.9484,0.0],[-3.2925,55.9485,0.0],[-3.2924,55.9485,0.0],[-3.2923,55.9485,0.0],[-3.2921,55.9485,0.0],[-3.2921,55.9486,0.0],[-3.292,55.9486,0.0],[-3.2919,55.9486,0.0],[-3.2917,55.9486,0.0],[-3.2915,55.9486,0.0],[-3.2914,55.9486,0.0],[-3.2912,55.9486,0.0],[-3.291,55.9486,0.0],[-3.2908,55.9486,0.0],[-3.2906,55.9487,0.0],[-3.2904,55.9487,0.0],[-3.2901,55.9487,0.0],[-3.2899,55.9487,0.0],[-3.2897,55.9487,0.0],[-3.2895,55.9487,0.0],[-3.2892,55.9487,0.0],[-3.289,55.9487,0.0],[-3.2888,55.9487,0.0],[-3.2886,55.9487,0.0],[-3.2885,55.9487,0.0],[-3.2883,55.9487,0.0],[-3.288,55.9487,0.0],[-3.2879,55.9487,0.0],[-3.2878,55.9487,0.0],[-3.2876,55.9487,0.0],[-3.2874,55.9487,0.0],[-3.2873,55.9486,0.0],[-3.2873,55.9485,0.0],[-3.2872,55.9485,0.0],[-3.287,55.9485,0.0],[-3.2869,55.9485,0.0],[-3.2868,55.9485,0.0],[-3.2866,55.9486,0.0],[-3.2865,55.9486,0.0],[-3.2863,55.9486,0.0],[-3.2861,55.9486,0.0],[-3.286,55.9486,0.0],[-3.2859,55.9486,0.0],[-3.2858,55.9486,0.0],[-3.2857,55.9486,0.0],[-3.2856,55.9486,0.0],[-3.2854,55.9486,0.0],[-3.2852,55.9487,0.0],[-3.285,55.9487,0.0],[-3.2848,55.9487,0.0],[-3.2846,55.9487,0.0],[-3.2844,55.9487,0.0],[-3.2842,55.9487,0.0],[-3.2839,55.9488,0.0],[-3.2837,55.9488,0.0],[-3.2835,55.9485,0.0],[-3.2834,55.9486,0.0],[-3.2834,55.9485,0.0],[-3.2833,55.9485,0.0],[-3.2832,55.9485,0.0],[-3.283,55.9484,0.0],[-3.2828,55.9484,0.0],[-3.2826,55.9484,0.0],[-3.2824,55.9483,0.0],[-3.2822,55.9483,0.0],[-3.2821,55.9483,0.0],[-3.2819,55.9483,0.0],[-3.2818,55.9483,0.0],[-3.2817,55.9482,0.0],[-3.2816,55.9482,0.0],[-3.2814,55.9482,0.0],[-3.2812,55.9482,0.0],[-3.281,55.9481,0.0],[-3.2808,55.9481,0.0],[-3.2807,55.9481,0.0],[-3.2805,55.9481,0.0],[-3.2804,55.9481,0.0],[-3.2803,55.9481,0.0],[-3.2803,55.9482,0.0],[-3.2802,55.9482,0.0],[-3.2802,55.9483,0.0],[-3.2802,55.9484,0.0],[-3.2798,55.9483,0.0],[-3.2799,55.9481,0.0],[-3.2797,55.9481,0.0],[-3.2796,55.9481,0.0],[-3.2795,55.948,0.0],[-3.2794,55.948,0.0],[-3.2792,55.948,0.0],[-3.2761,55.9481,0.0],[-3.276,55.9481,0.0],[-3.2755,55.9481,0.0],[-3.2751,55.9482,0.0],[-3.2746,55.9482,0.0],[-3.2745,55.9482,0.0],[-3.2745,55.9483,0.0],[-3.2745,55.9484,0.0],[-3.2744,55.9484,0.0],[-3.2743,55.9484,0.0],[-3.274,55.9484,0.0],[-3.2739,55.9484,0.0],[-3.2736,55.9485,0.0],[-3.273,55.9486,0.0],[-3.2728,55.9486,0.0],[-3.2726,55.9486,0.0],[-3.2725,55.9486,0.0],[-3.2724,55.9486,0.0],[-3.2724,55.9487,0.0],[-3.2722,55.9487,0.0],[-3.272,55.9487,0.0],[-3.2718,55.9488,0.0],[-3.2714,55.9489,0.0],[-3.271,55.9489,0.0],[-3.2709,55.949,0.0],[-3.2707,55.949,0.0],[-3.2706,55.949,0.0],[-3.2705,55.949,0.0],[-3.2704,55.9491,0.0],[-3.2702,55.9491,0.0],[-3.2705,55.9494,0.0],[-3.2703,55.9494,0.0],[-3.2702,55.9494,0.0],[-3.2698,55.9495,0.0],[-3.2697,55.9495,0.0],[-3.2696,55.9495,0.0],[-3.2695,55.9495,0.0],[-3.2694,55.9496,0.0],[-3.2691,55.9497,0.0],[-3.2691,55.9499,0.0],[-3.269,55.9499,0.0],[-3.2689,55.9501,0.0],[-3.2684,55.95,0.0],[-3.2683,55.9501,0.0],[-3.268,55.95,0.0],[-3.2675,55.9501,0.0],[-3.2675,55.95,0.0],[-3.2674,55.95,0.0],[-3.2673,55.95,0.0],[-3.2671,55.95,0.0],[-3.2666,55.95,0.0],[-3.2665,55.95,0.0],[-3.2662,55.95,0.0],[-3.2661,55.95,0.0],[-3.2656,55.95,0.0],[-3.2655,55.95,0.0],[-3.2654,55.95,0.0],[-3.2651,55.95,0.0],[-3.265,55.95,0.0],[-3.2649,55.95,0.0],[-3.2648,55.95,0.0],[-3.2646,55.9501,0.0],[-3.2645,55.9501,0.0],[-3.2644,55.9501,0.0],[-3.2643,55.9501,0.0],[-3.2642,55.9501,0.0],[-3.264,55.9501,0.0],[-3.2639,55.9501,0.0],[-3.2638,55.95,0.0]]],[[[-3.2639,55.9502,0.0],[-3.2638,55.9502,0.0],[-3.2638,55.9501,0.0],[-3.2639,55.9501,0.0],[-3.2639,55.9502,0.0]]]]}},{"type":"Feature","properties":{"uesi_id":"GBR_R1920901","nbhd_code":"GBR_R1920901_7","nbhd_name":"Sighthill / Gorgie"},"geometry":{"type":"MultiPolygon","coordinates":[[[[-3.2226,55.9445,0.0],[-3.2225,55.9445,0.0],[-3.2224,55.9445,0.0],[-3.2222,55.9446,0.0],[-3.2218,55.9447,0.0],[-3.2216,55.9447,0.0],[-3.2215,55.9447,0.0],[-3.2209,55.9448,0.0],[-3.2204,55.9449,0.0],[-3.22,55.945,0.0],[-3.2199,55.945,0.0],[-3.2198,55.945,0.0],[-3.2192,55.9451,0.0],[-3.2191,55.9451,0.0],[-3.219,55.9451,0.0],[-3.2188,55.9452,0.0],[-3.2187,55.9452,0.0],[-3.2184,55.9453,0.0],[-3.2183,55.9453,0.0],[-3.2182,55.9453,0.0],[-3.2181,55.9453,0.0],[-3.218,55.9453,0.0],[-3.218,55.9454,0.0],[-3.2177,55.9454,0.0],[-3.2176,55.9454,0.0],[-3.2174,55.9455,0.0],[-3.2171,55.9455,0.0],[-3.217,55.9456,0.0],[-3.2168,55.9455,0.0],[-3.2169,55.9454,0.0],[-3.2168,55.9454,0.0],[-3.2167,55.9453,0.0],[-3.2165,55.9453,0.0],[-3.2164,55.9453,0.0],[-3.2163,55.9452,0.0],[-3.2161,55.9452,0.0],[-3.216,55.9452,0.0],[-3.216,55.9451,0.0],[-3.2159,55.9451,0.0],[-3.2159,55.945,0.0],[-3.2158,55.9449,0.0],[-3.2157,55.9448,0.0],[-3.2157,55.9447,0.0],[-3.2157,55.9446,0.0],[-3.2156,55.9446,0.0],[-3.2156,55.9445,0.0],[-3.2156,55.9444,0.0],[-3.2156,55.9443,0.0],[-3.2156,55.9442,0.0],[-3.2156,55.9441,0.0],[-3.2156,55.944,0.0],[-3.2156,55.9439,0.0],[-3.2156,55.9438,0.0],[-3.2157,55.9438,0.0],[-3.2157,55.9437,0.0],[-3.2157,55.9436,0.0],[-3.2158,55.9435,0.0],[-3.2158,55.9434,0.0],[-3.2159,55.9434,0.0],[-3.2159,55.9433,0.0],[-3.216,55.9432,0.0],[-3.2161,55.9431,0.0],[-3.2162,55.943,0.0],[-3.2163,55.9429,0.0],[-3.2164,55.9429,0.0],[-3.2165,55.9428,0.0],[-3.2164,55.9427,0.0],[-3.2163,55.9427,0.0],[-3.2165,55.9426,0.0],[-3.2166,55.9426,0.0],[-3.2173,55.9422,0.0],[-3.2174,55.9422,0.0],[-3.2177,55.942,0.0],[-3.2179,55.9419,0.0],[-3.2183,55.9417,0.0],[-3.2186,55.9415,0.0],[-3.2188,55.9415,0.0],[-3.2189,55.9414,0.0],[-3.219,55.9414,0.0],[-3.2192,55.9413,0.0],[-3.2193,55.9412,0.0],[-3.2194,55.9412,0.0],[-3.2194,55.9411,0.0],[-3.2205,55.9406,0.0],[-3.2207,55.9404,0.0],[-3.2213,55.9401,0.0],[-3.2214,55.9401,0.0],[-3.2215,55.9401,0.0],[-3.2219,55.9398,0.0],[-3.2221,55.9398,0.0],[-3.2222,55.9398,0.0],[-3.2224,55.9398,0.0],[-3.2226,55.9397,0.0],[-3.2229,55.9395,0.0],[-3.2231,55.9393,0.0],[-3.2232,55.9393,0.0],[-3.2235,55.9391,0.0],[-3.224,55.9391,0.0],[-3.224,55.939,0.0],[-3.224,55.9389,0.0],[-3.2241,55.9388,0.0],[-3.2242,55.9388,0.0],[-3.2243,55.9388,0.0],[-3.2244,55.9388,0.0],[-3.2245,55.9388,0.0],[-3.2246,55.9387,0.0],[-3.2247,55.9387,0.0],[-3.2248,55.9386,0.0],[-3.2247,55.9386,0.0],[-3.2247,55.9385,0.0],[-3.2248,55.9384,0.0],[-3.2249,55.9383,0.0],[-3.225,55.9383,0.0],[-3.2251,55.9383,0.0],[-3.2251,55.9382,0.0],[-3.2252,55.9381,0.0],[-3.2253,55.9381,0.0],[-3.2254,55.938,0.0],[-3.2256,55.9379,0.0],[-3.2258,55.9378,0.0],[-3.226,55.9377,0.0],[-3.2261,55.9376,0.0],[-3.226,55.9375,0.0],[-3.2262,55.9374,0.0],[-3.2263,55.9373,0.0],[-3.2265,55.9373,0.0],[-3.2267,55.9372,0.0],[-3.2268,55.9371,0.0],[-3.2269,55.9371,0.0],[-3.2285,55.9364,0.0],[-3.2287,55.9363,0.0],[-3.2288,55.9362,0.0],[-3.2293,55.936,0.0],[-3.2294,55.936,0.0],[-3.2295,55.9359,0.0],[-3.2297,55.9358,0.0],[-3.2301,55.9357,0.0],[-3.2302,55.9356,0.0],[-3.2306,55.9355,0.0],[-3.2307,55.9354,0.0],[-3.2308,55.9354,0.0],[-3.2311,55.9353,0.0],[-3.2315,55.9351,0.0],[-3.2319,55.9349,0.0],[-3.2321,55.9348,0.0],[-3.2323,55.9346,0.0],[-3.2324,55.9346,0.0],[-3.2325,55.9346,0.0],[-3.233,55.9344,0.0],[-3.2332,55.9342,0.0],[-3.2334,55.9342,0.0],[-3.2336,55.9341,0.0],[-3.2337,55.934,0.0],[-3.2338,55.934,0.0],[-3.2341,55.9339,0.0],[-3.2347,55.9336,0.0],[-3.2348,55.9335,0.0],[-3.2349,55.9335,0.0],[-3.235,55.9334,0.0],[-3.2351,55.9334,0.0],[-3.2355,55.9331,0.0],[-3.2356,55.9331,0.0],[-3.2357,55.9331,0.0],[-3.2357,55.933,0.0],[-3.2358,55.933,0.0],[-3.2359,55.9329,0.0],[-3.236,55.9329,0.0],[-3.2361,55.933,0.0],[-3.2362,55.9331,0.0],[-3.2363,55.9332,0.0],[-3.2364,55.9332,0.0],[-3.2364,55.9333,0.0],[-3.2365,55.9334,0.0],[-3.2366,55.9335,0.0],[-3.2367,55.9336,0.0],[-3.2367,55.9337,0.0],[-3.2368,55.9338,0.0],[-3.2369,55.9339,0.0],[-3.2369,55.934,0.0],[-3.237,55.9341,0.0],[-3.237,55.9342,0.0],[-3.2371,55.9343,0.0],[-3.2371,55.9344,0.0],[-3.2371,55.9345,0.0],[-3.2372,55.9346,0.0],[-3.2372,55.9347,0.0],[-3.2373,55.9348,0.0],[-3.2373,55.9349,0.0],[-3.2373,55.935,0.0],[-3.2373,55.9351,0.0],[-3.2373,55.9352,0.0],[-3.2373,55.9353,0.0],[-3.2374,55.9353,0.0],[-3.2374,55.9354,0.0],[-3.2374,55.9355,0.0],[-3.2374,55.9356,0.0],[-3.2374,55.9357,0.0],[-3.2374,55.9358,0.0],[-3.2374,55.9359,0.0],[-3.2374,55.936,0.0],[-3.2374,55.9361,0.0],[-3.2373,55.9361,0.0],[-3.2373,55.9362,0.0],[-3.2373,55.9363,0.0],[-3.2373,55.9364,0.0],[-3.2373,55.9365,0.0],[-3.2373,55.9366,0.0],[-3.2373,55.9367,0.0],[-3.2373,55.9368,0.0],[-3.2374,55.9368,0.0],[-3.2376,55.9368,0.0],[-3.238,55.9368,0.0],[-3.2385,55.9367,0.0],[-3.2386,55.9367,0.0],[-3.2389,55.9366,0.0],[-3.2392,55.9366,0.0],[-3.2397,55.9365,0.0],[-3.2398,55.9365,0.0],[-3.2402,55.9364,0.0],[-3.2405,55.9364,0.0],[-3.2409,55.9363,0.0],[-3.2409,55.9362,0.0],[-3.241,55.9362,0.0],[-3.2411,55.9362,0.0],[-3.2413,55.9361,0.0],[-3.2415,55.936,0.0],[-3.2416,55.9359,0.0],[-3.2417,55.9359,0.0],[-3.242,55.9357,0.0],[-3.2423,55.9355,0.0],[-3.2424,55.9355,0.0],[-3.2424,55.9354,0.0],[-3.2428,55.9352,0.0],[-3.2432,55.9349,0.0],[-3.2434,55.9348,0.0],[-3.2435,55.9348,0.0],[-3.2437,55.9346,0.0],[-3.2441,55.9344,0.0],[-3.2442,55.9343,0.0],[-3.2443,55.9342,0.0],[-3.2445,55.9341,0.0],[-3.2451,55.9338,0.0],[-3.2454,55.9335,0.0],[-3.2455,55.9335,0.0],[-3.2459,55.9335,0.0],[-3.246,55.9335,0.0],[-3.246,55.9334,0.0],[-3.2461,55.9334,0.0],[-3.2463,55.9333,0.0],[-3.2467,55.9332,0.0],[-3.2472,55.933,0.0],[-3.2476,55.9329,0.0],[-3.248,55.9329,0.0],[-3.2481,55.9328,0.0],[-3.2482,55.9328,0.0],[-3.2483,55.9328,0.0],[-3.2485,55.9328,0.0],[-3.2488,55.9329,0.0],[-3.2489,55.9329,0.0],[-3.249,55.933,0.0],[-3.25,55.9333,0.0],[-3.2502,55.9334,0.0],[-3.2504,55.9334,0.0],[-3.2506,55.9334,0.0],[-3.2507,55.9334,0.0],[-3.2511,55.9334,0.0],[-3.2514,55.9333,0.0],[-3.2515,55.9333,0.0],[-3.2517,55.9332,0.0],[-3.2519,55.9331,0.0],[-3.2519,55.933,0.0],[-3.2517,55.9328,0.0],[-3.2516,55.9326,0.0],[-3.2516,55.9325,0.0],[-3.2516,55.9324,0.0],[-3.2517,55.9323,0.0],[-3.2518,55.932,0.0],[-3.252,55.9318,0.0],[-3.2521,55.9317,0.0],[-3.2523,55.9316,0.0],[-3.2524,55.9315,0.0],[-3.2528,55.9314,0.0],[-3.2532,55.9313,0.0],[-3.2533,55.9313,0.0],[-3.2536,55.9313,0.0],[-3.2538,55.9312,0.0],[-3.254,55.9313,0.0],[-3.2542,55.9313,0.0],[-3.2544,55.9312,0.0],[-3.2546,55.9311,0.0],[-3.2547,55.931,0.0],[-3.2547,55.9309,0.0],[-3.2547,55.9308,0.0],[-3.2547,55.9307,0.0],[-3.2546,55.9305,0.0],[-3.2545,55.9304,0.0],[-3.2544,55.9304,0.0],[-3.2544,55.9303,0.0],[-3.2542,55.9302,0.0],[-3.254,55.9301,0.0],[-3.2537,55.93,0.0],[-3.2535,55.9299,0.0],[-3.2534,55.9298,0.0],[-3.2533,55.9297,0.0],[-3.2532,55.9296,0.0],[-3.2532,55.9295,0.0],[-3.2531,55.9293,0.0],[-3.253,55.9293,0.0],[-3.253,55.9292,0.0],[-3.253,55.929,0.0],[-3.253,55.9288,0.0],[-3.2531,55.9286,0.0],[-3.2532,55.9286,0.0],[-3.2533,55.9285,0.0],[-3.2535,55.9284,0.0],[-3.2536,55.9284,0.0],[-3.2537,55.9283,0.0],[-3.2539,55.9282,0.0],[-3.254,55.9282,0.0],[-3.2542,55.9282,0.0],[-3.2548,55.9282,0.0],[-3.2553,55.9282,0.0],[-3.2555,55.9282,0.0],[-3.2558,55.9282,0.0],[-3.2559,55.9282,0.0],[-3.256,55.9281,0.0],[-3.2562,55.928,0.0],[-3.2564,55.928,0.0],[-3.2566,55.9278,0.0],[-3.2566,55.9277,0.0],[-3.2567,55.9277,0.0],[-3.2567,55.9276,0.0],[-3.2568,55.9275,0.0],[-3.2569,55.9274,0.0],[-3.2569,55.9273,0.0],[-3.257,55.9271,0.0],[-3.257,55.9269,0.0],[-3.2571,55.9268,0.0],[-3.2572,55.9267,0.0],[-3.2573,55.9267,0.0],[-3.2575,55.9266,0.0],[-3.2576,55.9266,0.0],[-3.2577,55.9266,0.0],[-3.2578,55.9266,0.0],[-3.2579,55.9266,0.0],[-3.2582,55.9265,0.0],[-3.2582,55.9264,0.0],[-3.2583,55.9264,0.0],[-3.2585,55.9263,0.0],[-3.2586,55.9263,0.0],[-3.2587,55.9262,0.0],[-3.2587,55.9261,0.0],[-3.2588,55.926,0.0],[-3.2589,55.926,0.0],[-3.2589,55.9259,0.0],[-3.259,55.9258,0.0],[-3.259,55.9257,0.0],[-3.2589,55.9257,0.0],[-3.2588,55.9256,0.0],[-3.2587,55.9255,0.0],[-3.2585,55.9255,0.0],[-3.258,55.9254,0.0],[-3.2575,55.9254,0.0],[-3.2574,55.9253,0.0],[-3.2566,55.9252,0.0],[-3.2564,55.9252,0.0],[-3.2563,55.9252,0.0],[-3.2558,55.9253,0.0],[-3.255,55.9254,0.0],[-3.2549,55.9255,0.0],[-3.2548,55.9255,0.0],[-3.2544,55.9256,0.0],[-3.2539,55.9257,0.0],[-3.2536,55.9257,0.0],[-3.2533,55.9257,0.0],[-3.253,55.9257,0.0],[-3.2528,55.9257,0.0],[-3.2526,55.9257,0.0],[-3.2525,55.9257,0.0],[-3.2524,55.9257,0.0],[-3.2523,55.9256,0.0],[-3.2521,55.9255,0.0],[-3.252,55.9253,0.0],[-3.2518,55.9252,0.0],[-3.2517,55.9252,0.0],[-3.2514,55.925,0.0],[-3.2513,55.925,0.0],[-3.251,55.9249,0.0],[-3.2507,55.9248,0.0],[-3.2507,55.9247,0.0],[-3.2506,55.9247,0.0],[-3.2505,55.9246,0.0],[-3.2501,55.9245,0.0],[-3.2499,55.9244,0.0],[-3.2499,55.9243,0.0],[-3.2497,55.9242,0.0],[-3.2495,55.9242,0.0],[-3.2495,55.9241,0.0],[-3.249,55.9239,0.0],[-3.2489,55.9238,0.0],[-3.2488,55.9238,0.0],[-3.2489,55.9237,0.0],[-3.249,55.9237,0.0],[-3.2493,55.9235,0.0],[-3.2494,55.9235,0.0],[-3.2497,55.9233,0.0],[-3.2502,55.9231,0.0],[-3.2503,55.923,0.0],[-3.2506,55.9231,0.0],[-3.2506,55.9232,0.0],[-3.2507,55.9232,0.0],[-3.2508,55.9232,0.0],[-3.2509,55.9232,0.0],[-3.251,55.9231,0.0],[-3.2511,55.9231,0.0],[-3.2512,55.923,0.0],[-3.2513,55.923,0.0],[-3.2514,55.9229,0.0],[-3.2515,55.9229,0.0],[-3.2517,55.9228,0.0],[-3.2518,55.9227,0.0],[-3.2519,55.9227,0.0],[-3.2521,55.9226,0.0],[-3.2522,55.9225,0.0],[-3.2523,55.9225,0.0],[-3.2524,55.9224,0.0],[-3.2525,55.9224,0.0],[-3.2526,55.9223,0.0],[-3.2527,55.9223,0.0],[-3.2528,55.9223,0.0],[-3.2529,55.9222,0.0],[-3.253,55.9222,0.0],[-3.2532,55.9221,0.0],[-3.2533,55.9221,0.0],[-3.2534,55.922,0.0],[-3.2535,55.922,0.0],[-3.2536,55.9219,0.0],[-3.2537,55.9219,0.0],[-3.2538,55.9219,0.0],[-3.2539,55.9218,0.0],[-3.254,55.9218,0.0],[-3.2541,55.9217,0.0],[-3.2542,55.9217,0.0],[-3.2543,55.9216,0.0],[-3.2544,55.9216,0.0],[-3.2545,55.9216,0.0],[-3.2547,55.9215,0.0],[-3.2548,55.9215,0.0],[-3.2549,55.9214,0.0],[-3.255,55.9214,0.0],[-3.2551,55.9214,0.0],[-3.2551,55.9213,0.0],[-3.2552,55.9213,0.0],[-3.2553,55.9213,0.0],[-3.2554,55.9213,0.0],[-3.2554,55.9212,0.0],[-3.2555,55.9212,0.0],[-3.2556,55.9212,0.0],[-3.2557,55.9211,0.0],[-3.2559,55.9211,0.0],[-3.2561,55.921,0.0],[-3.2563,55.921,0.0],[-3.2564,55.9209,0.0],[-3.2568,55.9208,0.0],[-3.257,55.9208,0.0],[-3.2572,55.9207,0.0],[-3.2574,55.9206,0.0],[-3.2576,55.9206,0.0],[-3.2577,55.9206,0.0],[-3.2578,55.9205,0.0],[-3.2584,55.9204,0.0],[-3.2589,55.9203,0.0],[-3.2594,55.9201,0.0],[-3.2597,55.9201,0.0],[-3.2604,55.9199,0.0],[-3.2618,55.9196,0.0],[-3.262,55.9195,0.0],[-3.2636,55.9191,0.0],[-3.2638,55.9191,0.0],[-3.264,55.9191,0.0],[-3.2645,55.9189,0.0],[-3.265,55.9188,0.0],[-3.2651,55.9188,0.0],[-3.2653,55.9188,0.0],[-3.2656,55.9187,0.0],[-3.2658,55.9186,0.0],[-3.266,55.9186,0.0],[-3.2661,55.9186,0.0],[-3.2663,55.9185,0.0],[-3.2667,55.9184,0.0],[-3.2672,55.9183,0.0],[-3.2677,55.9182,0.0],[-3.2689,55.9179,0.0],[-3.2695,55.9178,0.0],[-3.2714,55.9173,0.0],[-3.2717,55.9173,0.0],[-3.2718,55.9172,0.0],[-3.2719,55.9172,0.0],[-3.2724,55.9171,0.0],[-3.273,55.9169,0.0],[-3.2735,55.9168,0.0],[-3.2737,55.9168,0.0],[-3.2738,55.917,0.0],[-3.2737,55.917,0.0],[-3.2737,55.9171,0.0],[-3.2736,55.9171,0.0],[-3.2729,55.9172,0.0],[-3.272,55.9174,0.0],[-3.272,55.9175,0.0],[-3.2718,55.9175,0.0],[-3.2719,55.9176,0.0],[-3.2718,55.9177,0.0],[-3.2718,55.9179,0.0],[-3.2718,55.918,0.0],[-3.2718,55.9181,0.0],[-3.2717,55.9181,0.0],[-3.2717,55.9182,0.0],[-3.2716,55.9182,0.0],[-3.2717,55.9184,0.0],[-3.2719,55.9186,0.0],[-3.272,55.9186,0.0],[-3.272,55.9188,0.0],[-3.2719,55.9188,0.0],[-3.2718,55.9188,0.0],[-3.2715,55.9188,0.0],[-3.2714,55.9189,0.0],[-3.2712,55.919,0.0],[-3.2712,55.9191,0.0],[-3.2711,55.9191,0.0],[-3.2711,55.9192,0.0],[-3.2711,55.9193,0.0],[-3.2711,55.9195,0.0],[-3.271,55.9196,0.0],[-3.271,55.9197,0.0],[-3.271,55.9198,0.0],[-3.2709,55.9198,0.0],[-3.2708,55.9199,0.0],[-3.2707,55.9199,0.0],[-3.2707,55.92,0.0],[-3.2708,55.92,0.0],[-3.2708,55.9201,0.0],[-3.2709,55.9201,0.0],[-3.2709,55.9202,0.0],[-3.271,55.9202,0.0],[-3.2711,55.9203,0.0],[-3.2711,55.9204,0.0],[-3.271,55.9205,0.0],[-3.271,55.9206,0.0],[-3.2709,55.9207,0.0],[-3.2709,55.9208,0.0],[-3.271,55.9209,0.0],[-3.271,55.921,0.0],[-3.2711,55.921,0.0],[-3.2712,55.9211,0.0],[-3.2722,55.922,0.0],[-3.2722,55.9221,0.0],[-3.2726,55.9225,0.0],[-3.2727,55.9225,0.0],[-3.2727,55.9226,0.0],[-3.2729,55.9226,0.0],[-3.2731,55.9225,0.0],[-3.2734,55.9224,0.0],[-3.2736,55.9223,0.0],[-3.2751,55.9218,0.0],[-3.2757,55.9216,0.0],[-3.2758,55.9216,0.0],[-3.276,55.9215,0.0],[-3.2765,55.9214,0.0],[-3.2772,55.9213,0.0],[-3.2773,55.9213,0.0],[-3.2775,55.9212,0.0],[-3.2782,55.9211,0.0],[-3.2785,55.921,0.0],[-3.2788,55.9209,0.0],[-3.2792,55.9208,0.0],[-3.2794,55.9207,0.0],[-3.28,55.9206,0.0],[-3.2808,55.9203,0.0],[-3.2809,55.9202,0.0],[-3.2814,55.92,0.0],[-3.2816,55.92,0.0],[-3.2819,55.9199,0.0],[-3.2821,55.9198,0.0],[-3.2822,55.9197,0.0],[-3.2824,55.9196,0.0],[-3.2825,55.9195,0.0],[-3.2826,55.9195,0.0],[-3.2827,55.9193,0.0],[-3.2828,55.9192,0.0],[-3.2834,55.9184,0.0],[-3.2835,55.9183,0.0],[-3.2836,55.9182,0.0],[-3.2837,55.9181,0.0],[-3.2838,55.918,0.0],[-3.2842,55.9178,0.0],[-3.2845,55.9177,0.0],[-3.2846,55.9176,0.0],[-3.2847,55.9174,0.0],[-3.2848,55.9174,0.0],[-3.2851,55.9174,0.0],[-3.2854,55.9173,0.0],[-3.2855,55.9173,0.0],[-3.2865,55.9172,0.0],[-3.2875,55.917,0.0],[-3.2879,55.9169,0.0],[-3.288,55.9169,0.0],[-3.2881,55.9169,0.0],[-3.2881,55.9171,0.0],[-3.2882,55.9172,0.0],[-3.2882,55.9173,0.0],[-3.2884,55.9177,0.0],[-3.2885,55.9179,0.0],[-3.2886,55.918,0.0],[-3.2886,55.9181,0.0],[-3.2888,55.9185,0.0],[-3.289,55.9187,0.0],[-3.289,55.9188,0.0],[-3.2891,55.919,0.0],[-3.2893,55.9193,0.0],[-3.2894,55.9194,0.0],[-3.2896,55.9197,0.0],[-3.2897,55.9199,0.0],[-3.2898,55.92,0.0],[-3.2899,55.9201,0.0],[-3.29,55.9202,0.0],[-3.2904,55.9208,0.0],[-3.2905,55.921,0.0],[-3.2908,55.9215,0.0],[-3.2908,55.9216,0.0],[-3.2909,55.9218,0.0],[-3.291,55.9218,0.0],[-3.291,55.9219,0.0],[-3.2911,55.922,0.0],[-3.2913,55.9223,0.0],[-3.2923,55.9221,0.0],[-3.2925,55.9221,0.0],[-3.2926,55.9221,0.0],[-3.2927,55.9221,0.0],[-3.2927,55.922,0.0],[-3.2933,55.9219,0.0],[-3.2937,55.9218,0.0],[-3.2956,55.9215,0.0],[-3.2966,55.9213,0.0],[-3.2969,55.9212,0.0],[-3.297,55.9212,0.0],[-3.2972,55.9212,0.0],[-3.2977,55.9211,0.0],[-3.2985,55.921,0.0],[-3.2994,55.9209,0.0],[-3.3001,55.9208,0.0],[-3.3003,55.9208,0.0],[-3.3005,55.9207,0.0],[-3.3007,55.9207,0.0],[-3.3008,55.9207,0.0],[-3.3011,55.9206,0.0],[-3.3012,55.9206,0.0],[-3.3014,55.9206,0.0],[-3.3016,55.9205,0.0],[-3.3017,55.9205,0.0],[-3.3018,55.9204,0.0],[-3.302,55.9204,0.0],[-3.3022,55.9203,0.0],[-3.3034,55.9199,0.0],[-3.3042,55.9195,0.0],[-3.3043,55.9196,0.0],[-3.3045,55.9197,0.0],[-3.3047,55.9198,0.0],[-3.3047,55.9199,0.0],[-3.3048,55.9199,0.0],[-3.3051,55.9201,0.0],[-3.3053,55.9203,0.0],[-3.3054,55.9203,0.0],[-3.3055,55.9204,0.0],[-3.3057,55.9205,0.0],[-3.3059,55.9206,0.0],[-3.306,55.9208,0.0],[-3.3062,55.9209,0.0],[-3.3065,55.9211,0.0],[-3.3067,55.9212,0.0],[-3.3068,55.9213,0.0],[-3.3069,55.9213,0.0],[-3.307,55.9214,0.0],[-3.3072,55.9215,0.0],[-3.3072,55.9216,0.0],[-3.3073,55.9216,0.0],[-3.3074,55.9217,0.0],[-3.3075,55.9218,0.0],[-3.3077,55.9219,0.0],[-3.3078,55.922,0.0],[-3.308,55.9221,0.0],[-3.3082,55.9222,0.0],[-3.3083,55.9223,0.0],[-3.3084,55.9224,0.0],[-3.3086,55.9225,0.0],[-3.3087,55.9226,0.0],[-3.3088,55.9227,0.0],[-3.3089,55.9227,0.0],[-3.3091,55.9229,0.0],[-3.3092,55.923,0.0],[-3.3095,55.9231,0.0],[-3.3096,55.9232,0.0],[-3.3098,55.9234,0.0],[-3.3099,55.9234,0.0],[-3.31,55.9235,0.0],[-3.3102,55.9236,0.0],[-3.3104,55.9237,0.0],[-3.3107,55.924,0.0],[-3.311,55.9242,0.0],[-3.3111,55.9243,0.0],[-3.3112,55.9243,0.0],[-3.3112,55.9244,0.0],[-3.3113,55.9244,0.0],[-3.3114,55.9245,0.0],[-3.3119,55.9249,0.0],[-3.3122,55.9251,0.0],[-3.3123,55.9251,0.0],[-3.3124,55.9252,0.0],[-3.3125,55.9252,0.0],[-3.3126,55.9253,0.0],[-3.3128,55.9255,0.0],[-3.3129,55.9255,0.0],[-3.3131,55.9257,0.0],[-3.3132,55.9257,0.0],[-3.3132,55.9258,0.0],[-3.3134,55.9259,0.0],[-3.3135,55.9259,0.0],[-3.3135,55.926,0.0],[-3.3137,55.9261,0.0],[-3.3139,55.9262,0.0],[-3.314,55.9263,0.0],[-3.3143,55.9265,0.0],[-3.3144,55.9266,0.0],[-3.3146,55.9267,0.0],[-3.3147,55.9268,0.0],[-3.3134,55.9269,0.0],[-3.3133,55.9269,0.0],[-3.3132,55.927,0.0],[-3.3131,55.927,0.0],[-3.313,55.927,0.0],[-3.3124,55.927,0.0],[-3.3117,55.9271,0.0],[-3.3116,55.9271,0.0],[-3.3115,55.9271,0.0],[-3.3114,55.9271,0.0],[-3.3112,55.9272,0.0],[-3.3107,55.9272,0.0],[-3.3099,55.9273,0.0],[-3.3096,55.9273,0.0],[-3.3094,55.9274,0.0],[-3.3093,55.9274,0.0],[-3.3091,55.9274,0.0],[-3.3085,55.9275,0.0],[-3.308,55.9275,0.0],[-3.3074,55.9276,0.0],[-3.3072,55.9276,0.0],[-3.3061,55.9277,0.0],[-3.3059,55.9277,0.0],[-3.3055,55.9278,0.0],[-3.3048,55.9279,0.0],[-3.3038,55.928,0.0],[-3.3037,55.928,0.0],[-3.3013,55.9282,0.0],[-3.301,55.9283,0.0],[-3.2979,55.9286,0.0],[-3.2971,55.9287,0.0],[-3.2959,55.9288,0.0],[-3.295,55.9289,0.0],[-3.2941,55.929,0.0],[-3.2928,55.9292,0.0],[-3.2926,55.9292,0.0],[-3.2917,55.9293,0.0],[-3.2916,55.9293,0.0],[-3.2915,55.9294,0.0],[-3.2907,55.9295,0.0],[-3.29,55.9296,0.0],[-3.2889,55.9297,0.0],[-3.2885,55.9298,0.0],[-3.2881,55.9299,0.0],[-3.2873,55.93,0.0],[-3.2867,55.9301,0.0],[-3.2865,55.9302,0.0],[-3.286,55.9303,0.0],[-3.2858,55.9303,0.0],[-3.2857,55.9303,0.0],[-3.2854,55.9304,0.0],[-3.2847,55.9306,0.0],[-3.282,55.9312,0.0],[-3.2814,55.9313,0.0],[-3.2808,55.9314,0.0],[-3.2802,55.9316,0.0],[-3.2796,55.9317,0.0],[-3.279,55.9318,0.0],[-3.2778,55.9321,0.0],[-3.2773,55.9322,0.0],[-3.2772,55.9322,0.0],[-3.2766,55.9324,0.0],[-3.2759,55.9325,0.0],[-3.2757,55.9326,0.0],[-3.2752,55.9327,0.0],[-3.2748,55.9328,0.0],[-3.2746,55.9328,0.0],[-3.2744,55.9329,0.0],[-3.2741,55.9329,0.0],[-3.2739,55.933,0.0],[-3.2736,55.933,0.0],[-3.2735,55.9331,0.0],[-3.273,55.9332,0.0],[-3.2728,55.9332,0.0],[-3.2726,55.9333,0.0],[-3.2725,55.9333,0.0],[-3.2723,55.9333,0.0],[-3.2722,55.9334,0.0],[-3.272,55.9334,0.0],[-3.2718,55.9334,0.0],[-3.2716,55.9335,0.0],[-3.2715,55.9335,0.0],[-3.2714,55.9336,0.0],[-3.2712,55.9336,0.0],[-3.2711,55.9336,0.0],[-3.271,55.9336,0.0],[-3.2708,55.9337,0.0],[-3.2707,55.9337,0.0],[-3.2705,55.9337,0.0],[-3.2704,55.9338,0.0],[-3.2701,55.9338,0.0],[-3.27,55.9339,0.0],[-3.2698,55.9339,0.0],[-3.2697,55.9339,0.0],[-3.2694,55.934,0.0],[-3.2693,55.934,0.0],[-3.2692,55.934,0.0],[-3.2689,55.9341,0.0],[-3.2687,55.9342,0.0],[-3.2686,55.9342,0.0],[-3.2685,55.9342,0.0],[-3.2684,55.9342,0.0],[-3.2682,55.9343,0.0],[-3.2681,55.9343,0.0],[-3.268,55.9343,0.0],[-3.2678,55.9343,0.0],[-3.2677,55.9344,0.0],[-3.2676,55.9344,0.0],[-3.2675,55.9344,0.0],[-3.2674,55.9344,0.0],[-3.2673,55.9345,0.0],[-3.2672,55.9345,0.0],[-3.2671,55.9345,0.0],[-3.267,55.9345,0.0],[-3.2669,55.9346,0.0],[-3.2668,55.9346,0.0],[-3.2667,55.9346,0.0],[-3.2666,55.9346,0.0],[-3.2665,55.9346,0.0],[-3.2665,55.9347,0.0],[-3.2663,55.9347,0.0],[-3.2662,55.9347,0.0],[-3.2661,55.9347,0.0],[-3.2657,55.9348,0.0],[-3.2651,55.9349,0.0],[-3.2637,55.9353,0.0],[-3.2632,55.9354,0.0],[-3.2628,55.9355,0.0],[-3.2623,55.9356,0.0],[-3.2618,55.9357,0.0],[-3.2613,55.9358,0.0],[-3.2609,55.9359,0.0],[-3.2602,55.9361,0.0],[-3.2596,55.9362,0.0],[-3.2591,55.9363,0.0],[-3.2585,55.9364,0.0],[-3.2582,55.9365,0.0],[-3.2579,55.9366,0.0],[-3.2573,55.9367,0.0],[-3.2567,55.9368,0.0],[-3.256,55.937,0.0],[-3.2547,55.9373,0.0],[-3.2542,55.9374,0.0],[-3.2532,55.9376,0.0],[-3.2529,55.9377,0.0],[-3.2503,55.9383,0.0],[-3.2502,55.9383,0.0],[-3.2482,55.9387,0.0],[-3.247,55.939,0.0],[-3.2464,55.9391,0.0],[-3.246,55.9392,0.0],[-3.2454,55.9394,0.0],[-3.2434,55.9398,0.0],[-3.243,55.9399,0.0],[-3.2426,55.94,0.0],[-3.2423,55.9401,0.0],[-3.2418,55.9402,0.0],[-3.2405,55.9405,0.0],[-3.2388,55.9409,0.0],[-3.2385,55.9409,0.0],[-3.238,55.941,0.0],[-3.2374,55.9412,0.0],[-3.2367,55.9413,0.0],[-3.236,55.9415,0.0],[-3.2355,55.9416,0.0],[-3.2348,55.9417,0.0],[-3.2345,55.9418,0.0],[-3.2343,55.9418,0.0],[-3.2341,55.9419,0.0],[-3.2301,55.9428,0.0],[-3.23,55.9428,0.0],[-3.2292,55.943,0.0],[-3.229,55.943,0.0],[-3.2289,55.9431,0.0],[-3.2288,55.9431,0.0],[-3.2282,55.9432,0.0],[-3.2269,55.9435,0.0],[-3.2264,55.9436,0.0],[-3.2262,55.9437,0.0],[-3.2261,55.9437,0.0],[-3.226,55.9437,0.0],[-3.2256,55.9438,0.0],[-3.2253,55.9439,0.0],[-3.2249,55.9439,0.0],[-3.2245,55.944,0.0],[-3.2245,55.9441,0.0],[-3.2244,55.9441,0.0],[-3.224,55.9442,0.0],[-3.2239,55.9442,0.0],[-3.2237,55.9442,0.0],[-3.2236,55.9442,0.0],[-3.2235,55.9443,0.0],[-3.2233,55.9443,0.0],[-3.2231,55.9444,0.0],[-3.223,55.9444,0.0],[-3.2227,55.9445,0.0],[-3.2226,55.9445,0.0]]]]}},{"type":"Feature","properties":{"uesi_id":"GBR_R1920901","nbhd_code":"GBR_R1920901_8","nbhd_name":"Colinton / Fairmilehead"},"geometry":{"type":"MultiPolygon","coordinates":[[[[-3.2614,55.9125,0.0],[-3.2612,55.9124,0.0],[-3.261,55.9123,0.0],[-3.2607,55.9122,0.0],[-3.2606,55.9122,0.0],[-3.2605,55.9121,0.0],[-3.2603,55.9121,0.0],[-3.2602,55.912,0.0],[-3.2602,55.9119,0.0],[-3.2601,55.9117,0.0],[-3.26,55.9117,0.0],[-3.2596,55.9119,0.0],[-3.2595,55.9119,0.0],[-3.2595,55.9121,0.0],[-3.2595,55.9122,0.0],[-3.2593,55.9125,0.0],[-3.2593,55.9126,0.0],[-3.2592,55.9128,0.0],[-3.259,55.9128,0.0],[-3.2587,55.9128,0.0],[-3.2584,55.9128,0.0],[-3.2582,55.9129,0.0],[-3.2581,55.913,0.0],[-3.258,55.913,0.0],[-3.258,55.9131,0.0],[-3.258,55.9132,0.0],[-3.2579,55.9132,0.0],[-3.2579,55.9133,0.0],[-3.2578,55.9134,0.0],[-3.2577,55.9134,0.0],[-3.2577,55.9135,0.0],[-3.2576,55.9135,0.0],[-3.2575,55.9135,0.0],[-3.2574,55.9136,0.0],[-3.2573,55.9136,0.0],[-3.2572,55.9136,0.0],[-3.2571,55.9136,0.0],[-3.257,55.9136,0.0],[-3.2568,55.9137,0.0],[-3.2566,55.9137,0.0],[-3.2563,55.9137,0.0],[-3.2562,55.9138,0.0],[-3.2561,55.9138,0.0],[-3.2558,55.9138,0.0],[-3.2556,55.9138,0.0],[-3.2555,55.9139,0.0],[-3.2554,55.9139,0.0],[-3.2553,55.9139,0.0],[-3.2553,55.914,0.0],[-3.2546,55.9137,0.0],[-3.2546,55.9136,0.0],[-3.254,55.9134,0.0],[-3.2538,55.9133,0.0],[-3.2537,55.9134,0.0],[-3.2535,55.9135,0.0],[-3.2533,55.9136,0.0],[-3.2532,55.9136,0.0],[-3.2531,55.9136,0.0],[-3.2529,55.9137,0.0],[-3.2527,55.9137,0.0],[-3.2527,55.9138,0.0],[-3.2526,55.9138,0.0],[-3.2526,55.9137,0.0],[-3.2524,55.9136,0.0],[-3.2522,55.9134,0.0],[-3.2518,55.9135,0.0],[-3.2516,55.9135,0.0],[-3.2513,55.9136,0.0],[-3.2512,55.9137,0.0],[-3.251,55.9138,0.0],[-3.2508,55.9139,0.0],[-3.2507,55.9139,0.0],[-3.2505,55.914,0.0],[-3.2503,55.9139,0.0],[-3.2502,55.9138,0.0],[-3.2499,55.9137,0.0],[-3.2496,55.9135,0.0],[-3.2494,55.9136,0.0],[-3.2493,55.9136,0.0],[-3.2492,55.9137,0.0],[-3.2491,55.9137,0.0],[-3.249,55.9137,0.0],[-3.2489,55.9137,0.0],[-3.2487,55.9138,0.0],[-3.2486,55.9139,0.0],[-3.2483,55.914,0.0],[-3.2481,55.9141,0.0],[-3.2474,55.9144,0.0],[-3.2473,55.9144,0.0],[-3.247,55.9143,0.0],[-3.2468,55.9142,0.0],[-3.2466,55.9141,0.0],[-3.2465,55.9141,0.0],[-3.2463,55.914,0.0],[-3.2462,55.9139,0.0],[-3.2461,55.9138,0.0],[-3.245,55.913,0.0],[-3.2449,55.9129,0.0],[-3.244,55.9134,0.0],[-3.2434,55.9136,0.0],[-3.2431,55.9138,0.0],[-3.243,55.9138,0.0],[-3.2421,55.9143,0.0],[-3.2415,55.9146,0.0],[-3.2413,55.9147,0.0],[-3.241,55.9149,0.0],[-3.2407,55.915,0.0],[-3.2406,55.915,0.0],[-3.2403,55.9152,0.0],[-3.2401,55.915,0.0],[-3.2398,55.9145,0.0],[-3.2397,55.9143,0.0],[-3.2384,55.9146,0.0],[-3.2382,55.9147,0.0],[-3.2383,55.9149,0.0],[-3.2384,55.915,0.0],[-3.2386,55.9153,0.0],[-3.2372,55.9156,0.0],[-3.2372,55.9155,0.0],[-3.2368,55.9156,0.0],[-3.2364,55.9156,0.0],[-3.2351,55.9157,0.0],[-3.2347,55.9157,0.0],[-3.2346,55.9157,0.0],[-3.2344,55.9157,0.0],[-3.2344,55.9151,0.0],[-3.2344,55.9149,0.0],[-3.2344,55.9148,0.0],[-3.2343,55.9148,0.0],[-3.2343,55.9147,0.0],[-3.2343,55.9146,0.0],[-3.2343,55.9141,0.0],[-3.2343,55.9139,0.0],[-3.2343,55.9136,0.0],[-3.2343,55.9134,0.0],[-3.2343,55.9133,0.0],[-3.2342,55.9133,0.0],[-3.2341,55.9132,0.0],[-3.234,55.9132,0.0],[-3.2339,55.9132,0.0],[-3.2338,55.9132,0.0],[-3.2337,55.9132,0.0],[-3.2336,55.9132,0.0],[-3.2335,55.9133,0.0],[-3.2334,55.9133,0.0],[-3.2334,55.9134,0.0],[-3.2328,55.9134,0.0],[-3.2327,55.9134,0.0],[-3.2326,55.9134,0.0],[-3.2325,55.9134,0.0],[-3.2324,55.9134,0.0],[-3.2322,55.9134,0.0],[-3.2319,55.9134,0.0],[-3.2315,55.9134,0.0],[-3.2313,55.9134,0.0],[-3.231,55.9134,0.0],[-3.2308,55.9134,0.0],[-3.2307,55.9134,0.0],[-3.2306,55.9134,0.0],[-3.2305,55.9134,0.0],[-3.2304,55.9134,0.0],[-3.2303,55.9134,0.0],[-3.2302,55.9134,0.0],[-3.2301,55.9134,0.0],[-3.23,55.9134,0.0],[-3.2299,55.9134,0.0],[-3.2298,55.9134,0.0],[-3.2297,55.9133,0.0],[-3.2296,55.9133,0.0],[-3.2296,55.9132,0.0],[-3.2296,55.9131,0.0],[-3.2295,55.9131,0.0],[-3.2295,55.913,0.0],[-3.2294,55.913,0.0],[-3.2293,55.913,0.0],[-3.2292,55.913,0.0],[-3.2291,55.913,0.0],[-3.2287,55.913,0.0],[-3.2282,55.913,0.0],[-3.2279,55.913,0.0],[-3.2277,55.913,0.0],[-3.2276,55.913,0.0],[-3.2271,55.913,0.0],[-3.2271,55.9131,0.0],[-3.2271,55.9132,0.0],[-3.2271,55.9133,0.0],[-3.227,55.9133,0.0],[-3.2269,55.9134,0.0],[-3.2268,55.9134,0.0],[-3.2267,55.9134,0.0],[-3.2266,55.9135,0.0],[-3.2265,55.9135,0.0],[-3.2263,55.9135,0.0],[-3.2262,55.9135,0.0],[-3.2261,55.9135,0.0],[-3.226,55.9135,0.0],[-3.2259,55.9135,0.0],[-3.2258,55.9135,0.0],[-3.2257,55.9135,0.0],[-3.2256,55.9135,0.0],[-3.2254,55.9135,0.0],[-3.225,55.9135,0.0],[-3.2249,55.9135,0.0],[-3.2248,55.9135,0.0],[-3.2246,55.9135,0.0],[-3.2242,55.9135,0.0],[-3.2238,55.9135,0.0],[-3.2237,55.9135,0.0],[-3.2232,55.9135,0.0],[-3.223,55.9135,0.0],[-3.223,55.9134,0.0],[-3.2229,55.9134,0.0],[-3.2228,55.9133,0.0],[-3.2227,55.9133,0.0],[-3.2226,55.9133,0.0],[-3.2225,55.9133,0.0],[-3.2224,55.9133,0.0],[-3.2223,55.9133,0.0],[-3.2222,55.9133,0.0],[-3.2222,55.9134,0.0],[-3.2221,55.9134,0.0],[-3.2221,55.9135,0.0],[-3.222,55.9134,0.0],[-3.222,55.9133,0.0],[-3.222,55.9132,0.0],[-3.2219,55.9131,0.0],[-3.2219,55.9129,0.0],[-3.2218,55.9127,0.0],[-3.2217,55.9126,0.0],[-3.2217,55.9125,0.0],[-3.2217,55.9124,0.0],[-3.2216,55.9123,0.0],[-3.2215,55.9122,0.0],[-3.2215,55.912,0.0],[-3.2214,55.9119,0.0],[-3.2213,55.9118,0.0],[-3.2209,55.9117,0.0],[-3.2208,55.9117,0.0],[-3.2207,55.9116,0.0],[-3.2206,55.9116,0.0],[-3.2204,55.9116,0.0],[-3.2202,55.9117,0.0],[-3.22,55.9117,0.0],[-3.2199,55.9117,0.0],[-3.2198,55.9117,0.0],[-3.2198,55.9118,0.0],[-3.2197,55.9118,0.0],[-3.2196,55.9118,0.0],[-3.2195,55.9118,0.0],[-3.2194,55.9118,0.0],[-3.2192,55.9119,0.0],[-3.2191,55.9119,0.0],[-3.2189,55.9119,0.0],[-3.2187,55.912,0.0],[-3.2186,55.912,0.0],[-3.2183,55.9121,0.0],[-3.2177,55.9122,0.0],[-3.2177,55.9121,0.0],[-3.2176,55.9121,0.0],[-3.2175,55.9118,0.0],[-3.2174,55.9117,0.0],[-3.2174,55.9116,0.0],[-3.2173,55.9115,0.0],[-3.2173,55.9114,0.0],[-3.2173,55.9113,0.0],[-3.2173,55.9111,0.0],[-3.2173,55.911,0.0],[-3.2173,55.9109,0.0],[-3.2173,55.9108,0.0],[-3.2173,55.9107,0.0],[-3.2173,55.9106,0.0],[-3.2173,55.9105,0.0],[-3.2173,55.9104,0.0],[-3.2173,55.9103,0.0],[-3.2173,55.9102,0.0],[-3.2173,55.9101,0.0],[-3.2174,55.91,0.0],[-3.2174,55.9099,0.0],[-3.2174,55.9098,0.0],[-3.2174,55.9097,0.0],[-3.2174,55.9096,0.0],[-3.2175,55.9096,0.0],[-3.2175,55.9095,0.0],[-3.2175,55.9094,0.0],[-3.2175,55.9093,0.0],[-3.2176,55.9093,0.0],[-3.2176,55.9091,0.0],[-3.2177,55.909,0.0],[-3.2177,55.9089,0.0],[-3.2177,55.9088,0.0],[-3.2178,55.9088,0.0],[-3.2178,55.9087,0.0],[-3.2179,55.9085,0.0],[-3.2179,55.9084,0.0],[-3.2179,55.9083,0.0],[-3.2179,55.9082,0.0],[-3.218,55.9081,0.0],[-3.2179,55.9081,0.0],[-3.2178,55.9081,0.0],[-3.2177,55.9081,0.0],[-3.2177,55.908,0.0],[-3.2176,55.908,0.0],[-3.2173,55.908,0.0],[-3.2172,55.9081,0.0],[-3.2171,55.9081,0.0],[-3.2169,55.9081,0.0],[-3.2168,55.9081,0.0],[-3.2167,55.908,0.0],[-3.2166,55.908,0.0],[-3.2165,55.908,0.0],[-3.2163,55.908,0.0],[-3.2162,55.908,0.0],[-3.216,55.908,0.0],[-3.2158,55.908,0.0],[-3.2156,55.908,0.0],[-3.2155,55.908,0.0],[-3.2154,55.908,0.0],[-3.2153,55.908,0.0],[-3.2152,55.908,0.0],[-3.2151,55.908,0.0],[-3.215,55.908,0.0],[-3.2149,55.908,0.0],[-3.2148,55.908,0.0],[-3.2146,55.9081,0.0],[-3.2145,55.9081,0.0],[-3.2144,55.9081,0.0],[-3.2142,55.9081,0.0],[-3.2141,55.9081,0.0],[-3.2139,55.9081,0.0],[-3.2137,55.9081,0.0],[-3.2136,55.9082,0.0],[-3.2135,55.9082,0.0],[-3.2134,55.9082,0.0],[-3.2133,55.9084,0.0],[-3.2133,55.9085,0.0],[-3.2131,55.9085,0.0],[-3.213,55.9085,0.0],[-3.2128,55.9085,0.0],[-3.2127,55.9085,0.0],[-3.2126,55.9086,0.0],[-3.2125,55.9086,0.0],[-3.2124,55.9086,0.0],[-3.2123,55.9087,0.0],[-3.2122,55.9087,0.0],[-3.2121,55.9087,0.0],[-3.212,55.9087,0.0],[-3.2119,55.9087,0.0],[-3.2117,55.9088,0.0],[-3.2116,55.9088,0.0],[-3.2115,55.9088,0.0],[-3.2114,55.9088,0.0],[-3.2113,55.9088,0.0],[-3.2112,55.9088,0.0],[-3.2111,55.9089,0.0],[-3.2111,55.9088,0.0],[-3.211,55.9088,0.0],[-3.2109,55.9088,0.0],[-3.2108,55.9088,0.0],[-3.2107,55.9088,0.0],[-3.2106,55.9088,0.0],[-3.2106,55.9089,0.0],[-3.2105,55.9089,0.0],[-3.2104,55.9089,0.0],[-3.2104,55.9088,0.0],[-3.2103,55.9088,0.0],[-3.2102,55.9087,0.0],[-3.2099,55.9087,0.0],[-3.2095,55.9088,0.0],[-3.2094,55.9087,0.0],[-3.2093,55.9086,0.0],[-3.2092,55.9086,0.0],[-3.2091,55.9086,0.0],[-3.209,55.9086,0.0],[-3.209,55.9087,0.0],[-3.2092,55.9093,0.0],[-3.2092,55.9094,0.0],[-3.2093,55.9095,0.0],[-3.2093,55.9097,0.0],[-3.2096,55.9105,0.0],[-3.2099,55.9115,0.0],[-3.2099,55.9116,0.0],[-3.21,55.9119,0.0],[-3.2102,55.9122,0.0],[-3.2102,55.9124,0.0],[-3.2101,55.9124,0.0],[-3.2099,55.9124,0.0],[-3.2097,55.9124,0.0],[-3.2095,55.9125,0.0],[-3.2094,55.9125,0.0],[-3.2091,55.9125,0.0],[-3.2086,55.9125,0.0],[-3.2085,55.9125,0.0],[-3.2084,55.9125,0.0],[-3.2083,55.9125,0.0],[-3.2082,55.9125,0.0],[-3.2081,55.9125,0.0],[-3.2078,55.9124,0.0],[-3.2077,55.9124,0.0],[-3.2076,55.9123,0.0],[-3.2074,55.9123,0.0],[-3.2073,55.9123,0.0],[-3.2072,55.9123,0.0],[-3.2071,55.9123,0.0],[-3.207,55.9123,0.0],[-3.2069,55.9123,0.0],[-3.2068,55.9123,0.0],[-3.2067,55.9123,0.0],[-3.2066,55.9122,0.0],[-3.2065,55.9122,0.0],[-3.2064,55.9122,0.0],[-3.2063,55.9122,0.0],[-3.2062,55.9122,0.0],[-3.2061,55.9122,0.0],[-3.206,55.9122,0.0],[-3.2059,55.9122,0.0],[-3.2057,55.9122,0.0],[-3.2054,55.9123,0.0],[-3.2049,55.9124,0.0],[-3.2048,55.9124,0.0],[-3.2046,55.9124,0.0],[-3.2044,55.9124,0.0],[-3.2043,55.9125,0.0],[-3.2042,55.9125,0.0],[-3.204,55.9125,0.0],[-3.2037,55.9124,0.0],[-3.2036,55.9124,0.0],[-3.2032,55.9124,0.0],[-3.2027,55.9124,0.0],[-3.2026,55.9124,0.0],[-3.2025,55.9124,0.0],[-3.2024,55.9124,0.0],[-3.2023,55.9124,0.0],[-3.2022,55.9124,0.0],[-3.2021,55.9124,0.0],[-3.2014,55.9122,0.0],[-3.2012,55.9122,0.0],[-3.2011,55.9122,0.0],[-3.201,55.9121,0.0],[-3.2009,55.9121,0.0],[-3.2007,55.9121,0.0],[-3.2006,55.9121,0.0],[-3.2005,55.9121,0.0],[-3.2004,55.9121,0.0],[-3.2002,55.9121,0.0],[-3.2001,55.912,0.0],[-3.2,55.912,0.0],[-3.1998,55.912,0.0],[-3.1992,55.9119,0.0],[-3.199,55.912,0.0],[-3.1988,55.9122,0.0],[-3.1987,55.9123,0.0],[-3.1984,55.9122,0.0],[-3.1983,55.9122,0.0],[-3.1981,55.9121,0.0],[-3.1974,55.9119,0.0],[-3.1972,55.9118,0.0],[-3.1968,55.9118,0.0],[-3.1966,55.9118,0.0],[-3.1958,55.9118,0.0],[-3.1957,55.9118,0.0],[-3.195,55.9117,0.0],[-3.1943,55.9117,0.0],[-3.1936,55.9116,0.0],[-3.1932,55.9116,0.0],[-3.1931,55.9116,0.0],[-3.1929,55.9116,0.0],[-3.1928,55.9116,0.0],[-3.1921,55.9115,0.0],[-3.1916,55.9115,0.0],[-3.1915,55.9115,0.0],[-3.1908,55.9114,0.0],[-3.1903,55.9114,0.0],[-3.1896,55.9114,0.0],[-3.1894,55.9114,0.0],[-3.1894,55.9112,0.0],[-3.1895,55.9112,0.0],[-3.1884,55.9111,0.0],[-3.1882,55.911,0.0],[-3.1881,55.911,0.0],[-3.1871,55.911,0.0],[-3.1854,55.9107,0.0],[-3.1848,55.9107,0.0],[-3.1848,55.9106,0.0],[-3.1844,55.9106,0.0],[-3.1843,55.9106,0.0],[-3.1842,55.9106,0.0],[-3.1843,55.9105,0.0],[-3.1843,55.9104,0.0],[-3.1845,55.9103,0.0],[-3.1846,55.91,0.0],[-3.1848,55.9097,0.0],[-3.1848,55.9096,0.0],[-3.1848,55.9095,0.0],[-3.1848,55.9093,0.0],[-3.1848,55.9084,0.0],[-3.1848,55.9079,0.0],[-3.1848,55.9078,0.0],[-3.1848,55.9076,0.0],[-3.1848,55.9074,0.0],[-3.1852,55.9073,0.0],[-3.1853,55.9073,0.0],[-3.1854,55.9073,0.0],[-3.1855,55.9073,0.0],[-3.186,55.9072,0.0],[-3.186,55.9071,0.0],[-3.1859,55.907,0.0],[-3.1856,55.9069,0.0],[-3.1852,55.9069,0.0],[-3.185,55.9069,0.0],[-3.1846,55.907,0.0],[-3.1845,55.9069,0.0],[-3.1842,55.9067,0.0],[-3.1841,55.9067,0.0],[-3.1837,55.9065,0.0],[-3.1831,55.9062,0.0],[-3.1826,55.9059,0.0],[-3.1824,55.9058,0.0],[-3.1823,55.9057,0.0],[-3.1822,55.9057,0.0],[-3.182,55.9056,0.0],[-3.1817,55.9056,0.0],[-3.1816,55.9055,0.0],[-3.1817,55.9055,0.0],[-3.1818,55.9055,0.0],[-3.1819,55.9055,0.0],[-3.182,55.9055,0.0],[-3.182,55.9054,0.0],[-3.182,55.9053,0.0],[-3.182,55.9051,0.0],[-3.182,55.905,0.0],[-3.182,55.9049,0.0],[-3.1821,55.9048,0.0],[-3.1822,55.9046,0.0],[-3.1822,55.9045,0.0],[-3.182,55.9044,0.0],[-3.1824,55.9044,0.0],[-3.1825,55.9044,0.0],[-3.1826,55.9044,0.0],[-3.1827,55.9044,0.0],[-3.1827,55.9045,0.0],[-3.1828,55.9045,0.0],[-3.1829,55.9046,0.0],[-3.183,55.9047,0.0],[-3.1832,55.9048,0.0],[-3.1833,55.9049,0.0],[-3.1834,55.9049,0.0],[-3.1835,55.9049,0.0],[-3.1837,55.9049,0.0],[-3.184,55.9049,0.0],[-3.1842,55.9049,0.0],[-3.1844,55.9049,0.0],[-3.1846,55.9049,0.0],[-3.185,55.9049,0.0],[-3.1855,55.9049,0.0],[-3.1859,55.9048,0.0],[-3.1871,55.9047,0.0],[-3.1874,55.9047,0.0],[-3.1881,55.9046,0.0],[-3.189,55.9046,0.0],[-3.1892,55.9045,0.0],[-3.1899,55.9045,0.0],[-3.1906,55.9044,0.0],[-3.1908,55.9044,0.0],[-3.1911,55.9045,0.0],[-3.1912,55.9045,0.0],[-3.1917,55.9045,0.0],[-3.192,55.9046,0.0],[-3.1925,55.9047,0.0],[-3.1922,55.9041,0.0],[-3.1921,55.9039,0.0],[-3.192,55.9038,0.0],[-3.1918,55.9035,0.0],[-3.1916,55.9033,0.0],[-3.1916,55.9032,0.0],[-3.1915,55.9032,0.0],[-3.1914,55.9031,0.0],[-3.1912,55.903,0.0],[-3.1911,55.9029,0.0],[-3.1902,55.9024,0.0],[-3.1901,55.9024,0.0],[-3.1894,55.9019,0.0],[-3.1892,55.9018,0.0],[-3.1891,55.9017,0.0],[-3.189,55.9017,0.0],[-3.189,55.9016,0.0],[-3.1889,55.9015,0.0],[-3.1889,55.9014,0.0],[-3.1889,55.9011,0.0],[-3.1889,55.9008,0.0],[-3.1889,55.9007,0.0],[-3.189,55.9006,0.0],[-3.189,55.9005,0.0],[-3.1891,55.9004,0.0],[-3.1892,55.9,0.0],[-3.1893,55.8999,0.0],[-3.1893,55.8996,0.0],[-3.1893,55.8994,0.0],[-3.1894,55.8992,0.0],[-3.1893,55.8992,0.0],[-3.1885,55.8992,0.0],[-3.1883,55.8992,0.0],[-3.1864,55.8991,0.0],[-3.1852,55.8991,0.0],[-3.185,55.8991,0.0],[-3.1845,55.8991,0.0],[-3.1843,55.8991,0.0],[-3.1836,55.899,0.0],[-3.1834,55.899,0.0],[-3.1833,55.899,0.0],[-3.1822,55.8988,0.0],[-3.1816,55.8987,0.0],[-3.1813,55.8987,0.0],[-3.1809,55.8987,0.0],[-3.1808,55.8987,0.0],[-3.1808,55.8986,0.0],[-3.1809,55.8986,0.0],[-3.1809,55.8984,0.0],[-3.181,55.8983,0.0],[-3.1811,55.8982,0.0],[-3.1811,55.8981,0.0],[-3.1812,55.898,0.0],[-3.1812,55.8979,0.0],[-3.1813,55.8978,0.0],[-3.1813,55.8977,0.0],[-3.1814,55.8977,0.0],[-3.1814,55.8975,0.0],[-3.1815,55.8975,0.0],[-3.1815,55.8974,0.0],[-3.1815,55.8973,0.0],[-3.1816,55.8972,0.0],[-3.1816,55.8971,0.0],[-3.1816,55.897,0.0],[-3.1816,55.8969,0.0],[-3.1816,55.8968,0.0],[-3.1816,55.8967,0.0],[-3.1816,55.8966,0.0],[-3.1816,55.8965,0.0],[-3.1815,55.8964,0.0],[-3.1815,55.8963,0.0],[-3.1815,55.8962,0.0],[-3.1814,55.8962,0.0],[-3.1814,55.8961,0.0],[-3.1813,55.896,0.0],[-3.1812,55.8959,0.0],[-3.1812,55.8958,0.0],[-3.1811,55.8957,0.0],[-3.1811,55.8956,0.0],[-3.181,55.8955,0.0],[-3.181,55.8954,0.0],[-3.1809,55.8953,0.0],[-3.1809,55.8952,0.0],[-3.1808,55.8952,0.0],[-3.1808,55.8951,0.0],[-3.1807,55.895,0.0],[-3.1807,55.8949,0.0],[-3.1806,55.8949,0.0],[-3.1806,55.8948,0.0],[-3.1805,55.8947,0.0],[-3.1805,55.8946,0.0],[-3.1804,55.8946,0.0],[-3.1804,55.8945,0.0],[-3.1803,55.8945,0.0],[-3.1803,55.8944,0.0],[-3.1802,55.8944,0.0],[-3.1801,55.8943,0.0],[-3.18,55.8942,0.0],[-3.1799,55.8942,0.0],[-3.1798,55.8941,0.0],[-3.1797,55.8941,0.0],[-3.1797,55.894,0.0],[-3.1796,55.894,0.0],[-3.1795,55.8939,0.0],[-3.1794,55.8939,0.0],[-3.1793,55.8938,0.0],[-3.1792,55.8938,0.0],[-3.1792,55.8937,0.0],[-3.1791,55.8937,0.0],[-3.1791,55.8936,0.0],[-3.179,55.8936,0.0],[-3.179,55.8935,0.0],[-3.1789,55.8935,0.0],[-3.1789,55.8934,0.0],[-3.1789,55.8933,0.0],[-3.1789,55.8932,0.0],[-3.1788,55.8932,0.0],[-3.1788,55.8931,0.0],[-3.1788,55.893,0.0],[-3.1787,55.893,0.0],[-3.1787,55.8929,0.0],[-3.1786,55.8927,0.0],[-3.1785,55.8925,0.0],[-3.1785,55.8926,0.0],[-3.1779,55.8927,0.0],[-3.1776,55.8928,0.0],[-3.1775,55.8928,0.0],[-3.1775,55.8927,0.0],[-3.1776,55.8923,0.0],[-3.1778,55.8917,0.0],[-3.1779,55.8913,0.0],[-3.1827,55.8918,0.0],[-3.1837,55.8918,0.0],[-3.1853,55.892,0.0],[-3.1862,55.8921,0.0],[-3.1884,55.8923,0.0],[-3.1899,55.8925,0.0],[-3.1909,55.8927,0.0],[-3.1925,55.8929,0.0],[-3.1939,55.8932,0.0],[-3.1991,55.8943,0.0],[-3.2003,55.8946,0.0],[-3.2009,55.8947,0.0],[-3.2013,55.8948,0.0],[-3.2015,55.8948,0.0],[-3.2017,55.8948,0.0],[-3.2018,55.8946,0.0],[-3.2019,55.8945,0.0],[-3.2019,55.8944,0.0],[-3.2015,55.8931,0.0],[-3.201,55.8921,0.0],[-3.2009,55.8917,0.0],[-3.2008,55.8912,0.0],[-3.2008,55.8905,0.0],[-3.2007,55.8904,0.0],[-3.201,55.8903,0.0],[-3.2013,55.8902,0.0],[-3.2016,55.8902,0.0],[-3.2023,55.8902,0.0],[-3.2043,55.8899,0.0],[-3.2069,55.8897,0.0],[-3.2086,55.8891,0.0],[-3.211,55.8881,0.0],[-3.2121,55.8875,0.0],[-3.2139,55.8864,0.0],[-3.2142,55.8858,0.0],[-3.214,55.8853,0.0],[-3.2134,55.8845,0.0],[-3.2122,55.8843,0.0],[-3.2117,55.8841,0.0],[-3.211,55.8838,0.0],[-3.2093,55.8834,0.0],[-3.2092,55.8833,0.0],[-3.2091,55.8833,0.0],[-3.2117,55.882,0.0],[-3.2148,55.8822,0.0],[-3.2195,55.8823,0.0],[-3.2213,55.883,0.0],[-3.2236,55.8826,0.0],[-3.2246,55.8824,0.0],[-3.2271,55.8837,0.0],[-3.2279,55.8839,0.0],[-3.2296,55.8834,0.0],[-3.2307,55.8837,0.0],[-3.2316,55.8839,0.0],[-3.2322,55.884,0.0],[-3.2327,55.8838,0.0],[-3.2336,55.8833,0.0],[-3.2344,55.883,0.0],[-3.2348,55.883,0.0],[-3.2372,55.8825,0.0],[-3.2384,55.8827,0.0],[-3.2385,55.8826,0.0],[-3.2387,55.882,0.0],[-3.2389,55.8818,0.0],[-3.2397,55.8807,0.0],[-3.2398,55.8805,0.0],[-3.2398,55.8802,0.0],[-3.2398,55.878,0.0],[-3.2416,55.8774,0.0],[-3.2421,55.8772,0.0],[-3.2423,55.8772,0.0],[-3.243,55.8772,0.0],[-3.2435,55.8772,0.0],[-3.2437,55.8772,0.0],[-3.2439,55.8772,0.0],[-3.2442,55.8772,0.0],[-3.2444,55.8771,0.0],[-3.2445,55.8771,0.0],[-3.2448,55.877,0.0],[-3.2452,55.8767,0.0],[-3.2454,55.8766,0.0],[-3.2459,55.8764,0.0],[-3.2463,55.8764,0.0],[-3.2465,55.8764,0.0],[-3.247,55.8761,0.0],[-3.2473,55.8761,0.0],[-3.2474,55.876,0.0],[-3.2479,55.8758,0.0],[-3.2482,55.8757,0.0],[-3.2483,55.8756,0.0],[-3.2484,55.8756,0.0],[-3.249,55.8755,0.0],[-3.2492,55.8752,0.0],[-3.2492,55.8751,0.0],[-3.2492,55.875,0.0],[-3.2492,55.8749,0.0],[-3.2494,55.8747,0.0],[-3.2494,55.8744,0.0],[-3.2495,55.8743,0.0],[-3.2495,55.8742,0.0],[-3.2496,55.8741,0.0],[-3.2496,55.874,0.0],[-3.2496,55.8739,0.0],[-3.2497,55.8738,0.0],[-3.2496,55.8736,0.0],[-3.2496,55.8734,0.0],[-3.2496,55.8733,0.0],[-3.2495,55.8733,0.0],[-3.2494,55.8732,0.0],[-3.2496,55.8732,0.0],[-3.2497,55.8731,0.0],[-3.2499,55.8729,0.0],[-3.2499,55.8728,0.0],[-3.25,55.8727,0.0],[-3.2501,55.8725,0.0],[-3.2502,55.8722,0.0],[-3.2504,55.8721,0.0],[-3.2505,55.872,0.0],[-3.2507,55.8718,0.0],[-3.2507,55.8717,0.0],[-3.2508,55.8717,0.0],[-3.2509,55.8716,0.0],[-3.2509,55.8715,0.0],[-3.2512,55.8713,0.0],[-3.2518,55.8709,0.0],[-3.252,55.8707,0.0],[-3.2522,55.8705,0.0],[-3.2524,55.8703,0.0],[-3.2526,55.8702,0.0],[-3.2528,55.8701,0.0],[-3.253,55.8699,0.0],[-3.2532,55.8698,0.0],[-3.2535,55.8694,0.0],[-3.2536,55.8693,0.0],[-3.2536,55.8692,0.0],[-3.2536,55.8691,0.0],[-3.2537,55.869,0.0],[-3.2539,55.8688,0.0],[-3.2539,55.8686,0.0],[-3.2542,55.8687,0.0],[-3.2544,55.8689,0.0],[-3.2546,55.869,0.0],[-3.2549,55.8692,0.0],[-3.2549,55.8693,0.0],[-3.2549,55.8696,0.0],[-3.255,55.8696,0.0],[-3.255,55.8697,0.0],[-3.2551,55.8698,0.0],[-3.2551,55.87,0.0],[-3.2553,55.8701,0.0],[-3.2553,55.8702,0.0],[-3.2554,55.8702,0.0],[-3.2556,55.8703,0.0],[-3.2559,55.8704,0.0],[-3.2569,55.8708,0.0],[-3.2572,55.871,0.0],[-3.2574,55.8711,0.0],[-3.2576,55.8711,0.0],[-3.2579,55.8713,0.0],[-3.2581,55.8713,0.0],[-3.2583,55.8715,0.0],[-3.2585,55.8715,0.0],[-3.2588,55.8715,0.0],[-3.259,55.8716,0.0],[-3.2592,55.8717,0.0],[-3.2594,55.872,0.0],[-3.2595,55.872,0.0],[-3.2596,55.8721,0.0],[-3.2597,55.8721,0.0],[-3.2598,55.8722,0.0],[-3.26,55.8723,0.0],[-3.2603,55.8725,0.0],[-3.2606,55.8726,0.0],[-3.2607,55.8726,0.0],[-3.2608,55.8726,0.0],[-3.2609,55.8727,0.0],[-3.2611,55.8727,0.0],[-3.2612,55.8729,0.0],[-3.2613,55.873,0.0],[-3.2614,55.8731,0.0],[-3.2616,55.8732,0.0],[-3.2617,55.8733,0.0],[-3.2618,55.8733,0.0],[-3.2619,55.8734,0.0],[-3.2619,55.8735,0.0],[-3.262,55.8736,0.0],[-3.2621,55.8736,0.0],[-3.2622,55.8737,0.0],[-3.2623,55.8737,0.0],[-3.2624,55.8738,0.0],[-3.2624,55.8739,0.0],[-3.2627,55.874,0.0],[-3.2628,55.8742,0.0],[-3.263,55.8742,0.0],[-3.2631,55.8743,0.0],[-3.2634,55.8745,0.0],[-3.2634,55.8746,0.0],[-3.2634,55.8747,0.0],[-3.2634,55.8748,0.0],[-3.2635,55.8749,0.0],[-3.2636,55.8749,0.0],[-3.2637,55.8749,0.0],[-3.2639,55.875,0.0],[-3.264,55.8751,0.0],[-3.2639,55.8753,0.0],[-3.2643,55.8755,0.0],[-3.2645,55.8757,0.0],[-3.2647,55.8758,0.0],[-3.2649,55.8759,0.0],[-3.2651,55.8761,0.0],[-3.2654,55.8761,0.0],[-3.2657,55.8761,0.0],[-3.266,55.8761,0.0],[-3.2674,55.8759,0.0],[-3.2684,55.876,0.0],[-3.2687,55.8759,0.0],[-3.2692,55.8758,0.0],[-3.2692,55.876,0.0],[-3.2693,55.8764,0.0],[-3.2694,55.8767,0.0],[-3.2694,55.8768,0.0],[-3.2695,55.8769,0.0],[-3.2695,55.8773,0.0],[-3.2696,55.8774,0.0],[-3.2696,55.8777,0.0],[-3.2697,55.878,0.0],[-3.2698,55.8788,0.0],[-3.2698,55.879,0.0],[-3.2698,55.8791,0.0],[-3.2698,55.8792,0.0],[-3.2699,55.8795,0.0],[-3.27,55.8806,0.0],[-3.2701,55.8807,0.0],[-3.2701,55.8809,0.0],[-3.2701,55.8811,0.0],[-3.2702,55.8816,0.0],[-3.2702,55.8817,0.0],[-3.2702,55.882,0.0],[-3.2703,55.8822,0.0],[-3.2703,55.8824,0.0],[-3.2703,55.8825,0.0],[-3.2703,55.8826,0.0],[-3.2704,55.8828,0.0],[-3.2704,55.8831,0.0],[-3.2704,55.8833,0.0],[-3.2705,55.8835,0.0],[-3.2705,55.8837,0.0],[-3.2705,55.8839,0.0],[-3.2705,55.884,0.0],[-3.2705,55.8841,0.0],[-3.2706,55.8841,0.0],[-3.2707,55.8846,0.0],[-3.2708,55.8847,0.0],[-3.2711,55.8848,0.0],[-3.2713,55.8848,0.0],[-3.2717,55.885,0.0],[-3.2719,55.885,0.0],[-3.272,55.885,0.0],[-3.272,55.8851,0.0],[-3.2721,55.8851,0.0],[-3.2722,55.8851,0.0],[-3.2723,55.8851,0.0],[-3.2723,55.8852,0.0],[-3.2724,55.8852,0.0],[-3.2725,55.8853,0.0],[-3.2727,55.8853,0.0],[-3.2728,55.8854,0.0],[-3.2729,55.8855,0.0],[-3.2731,55.8856,0.0],[-3.2733,55.8856,0.0],[-3.2733,55.8857,0.0],[-3.2734,55.8857,0.0],[-3.2735,55.8858,0.0],[-3.2736,55.8858,0.0],[-3.2737,55.8858,0.0],[-3.2737,55.8859,0.0],[-3.2738,55.8859,0.0],[-3.274,55.886,0.0],[-3.2742,55.8861,0.0],[-3.2743,55.8861,0.0],[-3.2744,55.8862,0.0],[-3.2745,55.8863,0.0],[-3.2746,55.8863,0.0],[-3.2746,55.8864,0.0],[-3.2747,55.8864,0.0],[-3.2748,55.8865,0.0],[-3.2749,55.8865,0.0],[-3.275,55.8866,0.0],[-3.2752,55.8867,0.0],[-3.2752,55.8868,0.0],[-3.2753,55.8868,0.0],[-3.2753,55.8869,0.0],[-3.2753,55.887,0.0],[-3.2754,55.887,0.0],[-3.2754,55.8871,0.0],[-3.2755,55.8873,0.0],[-3.2756,55.8873,0.0],[-3.2757,55.8874,0.0],[-3.2757,55.8875,0.0],[-3.2758,55.8878,0.0],[-3.2759,55.8878,0.0],[-3.2759,55.888,0.0],[-3.2765,55.8877,0.0],[-3.2767,55.8875,0.0],[-3.2771,55.8873,0.0],[-3.2772,55.8872,0.0],[-3.2773,55.8872,0.0],[-3.2776,55.887,0.0],[-3.2781,55.8867,0.0],[-3.2784,55.8865,0.0],[-3.2788,55.8863,0.0],[-3.279,55.8862,0.0],[-3.2792,55.886,0.0],[-3.2793,55.886,0.0],[-3.2793,55.8859,0.0],[-3.2794,55.8859,0.0],[-3.2795,55.8856,0.0],[-3.2797,55.8857,0.0],[-3.2801,55.8859,0.0],[-3.2802,55.886,0.0],[-3.2803,55.8861,0.0],[-3.2805,55.8864,0.0],[-3.2808,55.8866,0.0],[-3.2808,55.8867,0.0],[-3.281,55.8869,0.0],[-3.2811,55.887,0.0],[-3.2815,55.8869,0.0],[-3.2821,55.8868,0.0],[-3.2822,55.8867,0.0],[-3.2826,55.8872,0.0],[-3.2829,55.8871,0.0],[-3.2834,55.887,0.0],[-3.2836,55.8869,0.0],[-3.2837,55.8869,0.0],[-3.2838,55.8869,0.0],[-3.2842,55.8868,0.0],[-3.2844,55.8867,0.0],[-3.2845,55.8867,0.0],[-3.2846,55.8867,0.0],[-3.2847,55.8868,0.0],[-3.2849,55.8871,0.0],[-3.2852,55.8875,0.0],[-3.2854,55.8877,0.0],[-3.2861,55.8886,0.0],[-3.2863,55.8889,0.0],[-3.2864,55.889,0.0],[-3.2867,55.8894,0.0],[-3.2868,55.8895,0.0],[-3.2869,55.8896,0.0],[-3.287,55.8897,0.0],[-3.2871,55.8899,0.0],[-3.2872,55.89,0.0],[-3.2873,55.8901,0.0],[-3.2874,55.8902,0.0],[-3.2874,55.8903,0.0],[-3.2875,55.8903,0.0],[-3.2875,55.8904,0.0],[-3.2876,55.8905,0.0],[-3.2877,55.8906,0.0],[-3.2879,55.891,0.0],[-3.2879,55.8911,0.0],[-3.288,55.8913,0.0],[-3.2881,55.8914,0.0],[-3.2883,55.8918,0.0],[-3.2883,55.8919,0.0],[-3.2884,55.892,0.0],[-3.2884,55.8921,0.0],[-3.2884,55.8922,0.0],[-3.2884,55.8923,0.0],[-3.2883,55.8923,0.0],[-3.2883,55.8924,0.0],[-3.2882,55.8925,0.0],[-3.2881,55.8926,0.0],[-3.2879,55.8927,0.0],[-3.2877,55.8928,0.0],[-3.2874,55.8929,0.0],[-3.2872,55.893,0.0],[-3.2869,55.8931,0.0],[-3.2867,55.8932,0.0],[-3.2863,55.8934,0.0],[-3.2861,55.8935,0.0],[-3.2859,55.8936,0.0],[-3.2857,55.8937,0.0],[-3.2856,55.8937,0.0],[-3.2853,55.8939,0.0],[-3.285,55.8941,0.0],[-3.2849,55.8942,0.0],[-3.2848,55.8942,0.0],[-3.2847,55.8943,0.0],[-3.2846,55.8943,0.0],[-3.2845,55.8944,0.0],[-3.2844,55.8944,0.0],[-3.2842,55.8945,0.0],[-3.2841,55.8946,0.0],[-3.2835,55.8949,0.0],[-3.2831,55.8951,0.0],[-3.2833,55.8953,0.0],[-3.284,55.8959,0.0],[-3.2841,55.8959,0.0],[-3.2842,55.896,0.0],[-3.2847,55.8964,0.0],[-3.285,55.8967,0.0],[-3.2851,55.8967,0.0],[-3.2852,55.8967,0.0],[-3.2853,55.8967,0.0],[-3.2854,55.8967,0.0],[-3.2855,55.8967,0.0],[-3.2858,55.8967,0.0],[-3.2859,55.8967,0.0],[-3.286,55.8967,0.0],[-3.2862,55.8967,0.0],[-3.2863,55.8967,0.0],[-3.2864,55.8967,0.0],[-3.2865,55.8967,0.0],[-3.2866,55.8967,0.0],[-3.2867,55.8968,0.0],[-3.2868,55.8969,0.0],[-3.2869,55.897,0.0],[-3.287,55.8971,0.0],[-3.2872,55.8972,0.0],[-3.2873,55.8973,0.0],[-3.2875,55.8974,0.0],[-3.2876,55.8975,0.0],[-3.2878,55.8976,0.0],[-3.2879,55.8976,0.0],[-3.2881,55.8978,0.0],[-3.2882,55.8978,0.0],[-3.2885,55.8978,0.0],[-3.2886,55.8977,0.0],[-3.2887,55.8977,0.0],[-3.289,55.8979,0.0],[-3.289,55.898,0.0],[-3.2893,55.8983,0.0],[-3.2893,55.8984,0.0],[-3.2895,55.8985,0.0],[-3.2896,55.8987,0.0],[-3.2897,55.8988,0.0],[-3.2899,55.899,0.0],[-3.2901,55.8993,0.0],[-3.2906,55.8998,0.0],[-3.2909,55.9001,0.0],[-3.291,55.9002,0.0],[-3.2911,55.9002,0.0],[-3.2911,55.9003,0.0],[-3.2912,55.9003,0.0],[-3.2912,55.9004,0.0],[-3.2913,55.9004,0.0],[-3.2914,55.9005,0.0],[-3.2909,55.9007,0.0],[-3.2907,55.9007,0.0],[-3.2905,55.9008,0.0],[-3.2903,55.9008,0.0],[-3.2901,55.9008,0.0],[-3.2898,55.9009,0.0],[-3.2897,55.9009,0.0],[-3.2894,55.9009,0.0],[-3.289,55.9009,0.0],[-3.2889,55.9009,0.0],[-3.2887,55.901,0.0],[-3.2885,55.901,0.0],[-3.2882,55.901,0.0],[-3.2881,55.9011,0.0],[-3.2879,55.9011,0.0],[-3.2876,55.9014,0.0],[-3.2873,55.9015,0.0],[-3.2871,55.9017,0.0],[-3.287,55.9018,0.0],[-3.2868,55.9019,0.0],[-3.2866,55.902,0.0],[-3.2865,55.9021,0.0],[-3.2863,55.9022,0.0],[-3.2861,55.9022,0.0],[-3.286,55.9023,0.0],[-3.2856,55.9024,0.0],[-3.2853,55.9024,0.0],[-3.2852,55.9024,0.0],[-3.2849,55.9024,0.0],[-3.2848,55.9024,0.0],[-3.2847,55.9025,0.0],[-3.2845,55.9026,0.0],[-3.2844,55.9026,0.0],[-3.2842,55.9027,0.0],[-3.2841,55.9027,0.0],[-3.2838,55.9028,0.0],[-3.2836,55.9029,0.0],[-3.2832,55.9031,0.0],[-3.283,55.9032,0.0],[-3.2829,55.9032,0.0],[-3.2822,55.9035,0.0],[-3.2819,55.9037,0.0],[-3.2818,55.9037,0.0],[-3.2814,55.904,0.0],[-3.2812,55.9041,0.0],[-3.2809,55.9042,0.0],[-3.2808,55.9042,0.0],[-3.2805,55.9042,0.0],[-3.2803,55.9043,0.0],[-3.2801,55.9043,0.0],[-3.28,55.9043,0.0],[-3.2798,55.9043,0.0],[-3.2798,55.9042,0.0],[-3.2797,55.9042,0.0],[-3.2796,55.9042,0.0],[-3.2795,55.9042,0.0],[-3.2794,55.9042,0.0],[-3.2794,55.9041,0.0],[-3.2793,55.9041,0.0],[-3.2792,55.904,0.0],[-3.2792,55.9039,0.0],[-3.2791,55.9039,0.0],[-3.279,55.9039,0.0],[-3.2789,55.9039,0.0],[-3.2787,55.9039,0.0],[-3.2785,55.904,0.0],[-3.2782,55.9042,0.0],[-3.2779,55.9043,0.0],[-3.2777,55.9043,0.0],[-3.2775,55.9044,0.0],[-3.2772,55.9045,0.0],[-3.277,55.9045,0.0],[-3.2768,55.9046,0.0],[-3.2764,55.9047,0.0],[-3.2763,55.9048,0.0],[-3.2762,55.9048,0.0],[-3.2761,55.9049,0.0],[-3.2761,55.905,0.0],[-3.2758,55.9052,0.0],[-3.2758,55.9053,0.0],[-3.2758,55.9054,0.0],[-3.2757,55.9056,0.0],[-3.2756,55.9056,0.0],[-3.2755,55.9056,0.0],[-3.2754,55.9057,0.0],[-3.2753,55.9058,0.0],[-3.2752,55.9059,0.0],[-3.275,55.9062,0.0],[-3.275,55.9063,0.0],[-3.2748,55.9064,0.0],[-3.2746,55.9065,0.0],[-3.2747,55.9066,0.0],[-3.2748,55.9066,0.0],[-3.2749,55.9066,0.0],[-3.2749,55.9067,0.0],[-3.275,55.9067,0.0],[-3.2751,55.9067,0.0],[-3.2752,55.9067,0.0],[-3.2752,55.9068,0.0],[-3.2753,55.9068,0.0],[-3.2754,55.9068,0.0],[-3.2755,55.9068,0.0],[-3.2756,55.9068,0.0],[-3.2757,55.9068,0.0],[-3.2758,55.9068,0.0],[-3.2759,55.9068,0.0],[-3.2759,55.9069,0.0],[-3.2758,55.9069,0.0],[-3.2757,55.907,0.0],[-3.2758,55.907,0.0],[-3.2755,55.9071,0.0],[-3.2754,55.9072,0.0],[-3.2753,55.9072,0.0],[-3.2751,55.9072,0.0],[-3.275,55.9072,0.0],[-3.274,55.9075,0.0],[-3.2732,55.9077,0.0],[-3.272,55.9081,0.0],[-3.272,55.9082,0.0],[-3.2724,55.9085,0.0],[-3.2723,55.9085,0.0],[-3.2719,55.9086,0.0],[-3.2717,55.9087,0.0],[-3.2715,55.9087,0.0],[-3.2715,55.9088,0.0],[-3.2714,55.9088,0.0],[-3.2713,55.9088,0.0],[-3.2712,55.9089,0.0],[-3.271,55.9089,0.0],[-3.2707,55.9091,0.0],[-3.2706,55.9091,0.0],[-3.2705,55.9092,0.0],[-3.2704,55.9092,0.0],[-3.2703,55.9093,0.0],[-3.2702,55.9093,0.0],[-3.2702,55.9094,0.0],[-3.2701,55.9094,0.0],[-3.27,55.9095,0.0],[-3.2699,55.9096,0.0],[-3.2698,55.9097,0.0],[-3.2697,55.9099,0.0],[-3.2696,55.9099,0.0],[-3.2695,55.9101,0.0],[-3.2693,55.9103,0.0],[-3.2692,55.9105,0.0],[-3.2691,55.9105,0.0],[-3.2691,55.9106,0.0],[-3.269,55.9107,0.0],[-3.2689,55.9108,0.0],[-3.2688,55.911,0.0],[-3.2687,55.9109,0.0],[-3.2685,55.911,0.0],[-3.2684,55.911,0.0],[-3.2684,55.9111,0.0],[-3.2683,55.9111,0.0],[-3.2682,55.9112,0.0],[-3.2681,55.9112,0.0],[-3.268,55.9112,0.0],[-3.2679,55.9113,0.0],[-3.2678,55.9114,0.0],[-3.2677,55.9114,0.0],[-3.2676,55.9115,0.0],[-3.2675,55.9115,0.0],[-3.2673,55.9116,0.0],[-3.2672,55.9117,0.0],[-3.2671,55.9117,0.0],[-3.2669,55.9118,0.0],[-3.2668,55.9119,0.0],[-3.2667,55.9119,0.0],[-3.2666,55.912,0.0],[-3.2665,55.912,0.0],[-3.2664,55.9121,0.0],[-3.2663,55.9121,0.0],[-3.2662,55.9122,0.0],[-3.2661,55.9122,0.0],[-3.266,55.9123,0.0],[-3.2659,55.9123,0.0],[-3.2658,55.9124,0.0],[-3.2656,55.9125,0.0],[-3.2654,55.9124,0.0],[-3.2653,55.9123,0.0],[-3.2652,55.9124,0.0],[-3.2651,55.9123,0.0],[-3.265,55.9122,0.0],[-3.265,55.9123,0.0],[-3.2649,55.9123,0.0],[-3.2648,55.9123,0.0],[-3.2648,55.9124,0.0],[-3.2644,55.9125,0.0],[-3.2641,55.9127,0.0],[-3.264,55.9127,0.0],[-3.2639,55.9128,0.0],[-3.2637,55.9129,0.0],[-3.2636,55.9129,0.0],[-3.2635,55.913,0.0],[-3.2634,55.913,0.0],[-3.2633,55.9131,0.0],[-3.2632,55.9131,0.0],[-3.2632,55.9132,0.0],[-3.2631,55.9132,0.0],[-3.263,55.9132,0.0],[-3.2629,55.9131,0.0],[-3.2628,55.9132,0.0],[-3.2626,55.913,0.0],[-3.2623,55.9129,0.0],[-3.2622,55.9128,0.0],[-3.2619,55.9127,0.0],[-3.2617,55.9125,0.0],[-3.2615,55.9125,0.0],[-3.2614,55.9125,0.0]]]]}},{"type":"Feature","properties":{"uesi_id":"GBR_R1920901","nbhd_code":"GBR_R1920901_9","nbhd_name":"Fountainbridge / Craiglockhart"},"geometry":{"type":"MultiPolygon","coordinates":[[[[-3.2614,55.9125,0.0],[-3.2615,55.9125,0.0],[-3.2617,55.9125,0.0],[-3.2619,55.9127,0.0],[-3.2622,55.9128,0.0],[-3.2623,55.9129,0.0],[-3.2626,55.913,0.0],[-3.2628,55.9132,0.0],[-3.2629,55.9131,0.0],[-3.263,55.9132,0.0],[-3.2631,55.9132,0.0],[-3.2637,55.9136,0.0],[-3.2632,55.9138,0.0],[-3.2626,55.9136,0.0],[-3.2624,55.9136,0.0],[-3.2623,55.9137,0.0],[-3.2621,55.9139,0.0],[-3.262,55.914,0.0],[-3.2621,55.9141,0.0],[-3.2621,55.9142,0.0],[-3.2628,55.9148,0.0],[-3.2629,55.9149,0.0],[-3.2635,55.9154,0.0],[-3.264,55.9159,0.0],[-3.264,55.916,0.0],[-3.2642,55.9161,0.0],[-3.2643,55.9162,0.0],[-3.2644,55.9163,0.0],[-3.2644,55.9164,0.0],[-3.2644,55.9166,0.0],[-3.2645,55.917,0.0],[-3.2645,55.9171,0.0],[-3.2645,55.9172,0.0],[-3.2646,55.9172,0.0],[-3.2647,55.9172,0.0],[-3.2647,55.9171,0.0],[-3.2648,55.9171,0.0],[-3.2649,55.9171,0.0],[-3.265,55.9172,0.0],[-3.265,55.9174,0.0],[-3.2651,55.9174,0.0],[-3.2652,55.9176,0.0],[-3.2653,55.9178,0.0],[-3.2653,55.9179,0.0],[-3.2653,55.918,0.0],[-3.2654,55.918,0.0],[-3.2654,55.9181,0.0],[-3.2653,55.9184,0.0],[-3.2653,55.9186,0.0],[-3.265,55.9186,0.0],[-3.265,55.9187,0.0],[-3.265,55.9188,0.0],[-3.2645,55.9189,0.0],[-3.264,55.9191,0.0],[-3.2638,55.9191,0.0],[-3.2636,55.9191,0.0],[-3.262,55.9195,0.0],[-3.2618,55.9196,0.0],[-3.2604,55.9199,0.0],[-3.2597,55.9201,0.0],[-3.2594,55.9201,0.0],[-3.2589,55.9203,0.0],[-3.2584,55.9204,0.0],[-3.2578,55.9205,0.0],[-3.2577,55.9206,0.0],[-3.2576,55.9206,0.0],[-3.2574,55.9206,0.0],[-3.2572,55.9207,0.0],[-3.257,55.9208,0.0],[-3.2568,55.9208,0.0],[-3.2564,55.9209,0.0],[-3.2563,55.921,0.0],[-3.2561,55.921,0.0],[-3.2559,55.9211,0.0],[-3.2557,55.9211,0.0],[-3.2556,55.9212,0.0],[-3.2555,55.9212,0.0],[-3.2554,55.9212,0.0],[-3.2554,55.9213,0.0],[-3.2553,55.9213,0.0],[-3.2552,55.9213,0.0],[-3.2551,55.9213,0.0],[-3.2551,55.9214,0.0],[-3.255,55.9214,0.0],[-3.2549,55.9214,0.0],[-3.2548,55.9215,0.0],[-3.2547,55.9215,0.0],[-3.2545,55.9216,0.0],[-3.2544,55.9216,0.0],[-3.2543,55.9216,0.0],[-3.2542,55.9217,0.0],[-3.2541,55.9217,0.0],[-3.254,55.9218,0.0],[-3.2539,55.9218,0.0],[-3.2538,55.9219,0.0],[-3.2537,55.9219,0.0],[-3.2536,55.9219,0.0],[-3.2535,55.922,0.0],[-3.2534,55.922,0.0],[-3.2533,55.9221,0.0],[-3.2532,55.9221,0.0],[-3.253,55.9222,0.0],[-3.2529,55.9222,0.0],[-3.2528,55.9223,0.0],[-3.2527,55.9223,0.0],[-3.2526,55.9223,0.0],[-3.2525,55.9224,0.0],[-3.2524,55.9224,0.0],[-3.2523,55.9225,0.0],[-3.2522,55.9225,0.0],[-3.2521,55.9226,0.0],[-3.2519,55.9227,0.0],[-3.2518,55.9227,0.0],[-3.2517,55.9228,0.0],[-3.2515,55.9229,0.0],[-3.2514,55.9229,0.0],[-3.2513,55.923,0.0],[-3.2512,55.923,0.0],[-3.2511,55.9231,0.0],[-3.251,55.9231,0.0],[-3.2509,55.9232,0.0],[-3.2508,55.9232,0.0],[-3.2507,55.9232,0.0],[-3.2506,55.9232,0.0],[-3.2506,55.9231,0.0],[-3.2503,55.923,0.0],[-3.2502,55.9231,0.0],[-3.2497,55.9233,0.0],[-3.2494,55.9235,0.0],[-3.2493,55.9235,0.0],[-3.249,55.9237,0.0],[-3.2489,55.9237,0.0],[-3.2488,55.9238,0.0],[-3.2489,55.9238,0.0],[-3.249,55.9239,0.0],[-3.2495,55.9241,0.0],[-3.2495,55.9242,0.0],[-3.2497,55.9242,0.0],[-3.2499,55.9243,0.0],[-3.2499,55.9244,0.0],[-3.2501,55.9245,0.0],[-3.2505,55.9246,0.0],[-3.2506,55.9247,0.0],[-3.2507,55.9247,0.0],[-3.2507,55.9248,0.0],[-3.251,55.9249,0.0],[-3.2513,55.925,0.0],[-3.2514,55.925,0.0],[-3.2517,55.9252,0.0],[-3.2518,55.9252,0.0],[-3.252,55.9253,0.0],[-3.2521,55.9255,0.0],[-3.2523,55.9256,0.0],[-3.2524,55.9257,0.0],[-3.2525,55.9257,0.0],[-3.2526,55.9257,0.0],[-3.2528,55.9257,0.0],[-3.253,55.9257,0.0],[-3.2533,55.9257,0.0],[-3.2536,55.9257,0.0],[-3.2539,55.9257,0.0],[-3.2544,55.9256,0.0],[-3.2548,55.9255,0.0],[-3.2549,55.9255,0.0],[-3.255,55.9254,0.0],[-3.2558,55.9253,0.0],[-3.2563,55.9252,0.0],[-3.2564,55.9252,0.0],[-3.2566,55.9252,0.0],[-3.2574,55.9253,0.0],[-3.2575,55.9254,0.0],[-3.258,55.9254,0.0],[-3.2585,55.9255,0.0],[-3.2587,55.9255,0.0],[-3.2588,55.9256,0.0],[-3.2589,55.9257,0.0],[-3.259,55.9257,0.0],[-3.259,55.9258,0.0],[-3.2589,55.9259,0.0],[-3.2589,55.926,0.0],[-3.2588,55.926,0.0],[-3.2587,55.9261,0.0],[-3.2587,55.9262,0.0],[-3.2586,55.9263,0.0],[-3.2585,55.9263,0.0],[-3.2583,55.9264,0.0],[-3.2582,55.9264,0.0],[-3.2582,55.9265,0.0],[-3.2579,55.9266,0.0],[-3.2578,55.9266,0.0],[-3.2577,55.9266,0.0],[-3.2576,55.9266,0.0],[-3.2575,55.9266,0.0],[-3.2573,55.9267,0.0],[-3.2572,55.9267,0.0],[-3.2571,55.9268,0.0],[-3.257,55.9269,0.0],[-3.257,55.9271,0.0],[-3.2569,55.9273,0.0],[-3.2569,55.9274,0.0],[-3.2568,55.9275,0.0],[-3.2567,55.9276,0.0],[-3.2567,55.9277,0.0],[-3.2566,55.9277,0.0],[-3.2566,55.9278,0.0],[-3.2564,55.928,0.0],[-3.2562,55.928,0.0],[-3.256,55.9281,0.0],[-3.2559,55.9282,0.0],[-3.2558,55.9282,0.0],[-3.2555,55.9282,0.0],[-3.2553,55.9282,0.0],[-3.2548,55.9282,0.0],[-3.2542,55.9282,0.0],[-3.254,55.9282,0.0],[-3.2539,55.9282,0.0],[-3.2537,55.9283,0.0],[-3.2536,55.9284,0.0],[-3.2535,55.9284,0.0],[-3.2533,55.9285,0.0],[-3.2532,55.9286,0.0],[-3.2531,55.9286,0.0],[-3.253,55.9288,0.0],[-3.253,55.929,0.0],[-3.253,55.9292,0.0],[-3.253,55.9293,0.0],[-3.2531,55.9293,0.0],[-3.2532,55.9295,0.0],[-3.2532,55.9296,0.0],[-3.2533,55.9297,0.0],[-3.2534,55.9298,0.0],[-3.2535,55.9299,0.0],[-3.2537,55.93,0.0],[-3.254,55.9301,0.0],[-3.2542,55.9302,0.0],[-3.2544,55.9303,0.0],[-3.2544,55.9304,0.0],[-3.2545,55.9304,0.0],[-3.2546,55.9305,0.0],[-3.2547,55.9307,0.0],[-3.2547,55.9308,0.0],[-3.2547,55.9309,0.0],[-3.2547,55.931,0.0],[-3.2546,55.9311,0.0],[-3.2544,55.9312,0.0],[-3.2542,55.9313,0.0],[-3.254,55.9313,0.0],[-3.2538,55.9312,0.0],[-3.2536,55.9313,0.0],[-3.2533,55.9313,0.0],[-3.2532,55.9313,0.0],[-3.2528,55.9314,0.0],[-3.2524,55.9315,0.0],[-3.2523,55.9316,0.0],[-3.2521,55.9317,0.0],[-3.252,55.9318,0.0],[-3.2518,55.932,0.0],[-3.2517,55.9323,0.0],[-3.2516,55.9324,0.0],[-3.2516,55.9325,0.0],[-3.2516,55.9326,0.0],[-3.2517,55.9328,0.0],[-3.2519,55.933,0.0],[-3.2519,55.9331,0.0],[-3.2517,55.9332,0.0],[-3.2515,55.9333,0.0],[-3.2514,55.9333,0.0],[-3.2511,55.9334,0.0],[-3.2507,55.9334,0.0],[-3.2506,55.9334,0.0],[-3.2504,55.9334,0.0],[-3.2502,55.9334,0.0],[-3.25,55.9333,0.0],[-3.249,55.933,0.0],[-3.2489,55.9329,0.0],[-3.2488,55.9329,0.0],[-3.2485,55.9328,0.0],[-3.2483,55.9328,0.0],[-3.2482,55.9328,0.0],[-3.2481,55.9328,0.0],[-3.248,55.9329,0.0],[-3.2476,55.9329,0.0],[-3.2472,55.933,0.0],[-3.2467,55.9332,0.0],[-3.2463,55.9333,0.0],[-3.2461,55.9334,0.0],[-3.246,55.9334,0.0],[-3.246,55.9335,0.0],[-3.2459,55.9335,0.0],[-3.2455,55.9335,0.0],[-3.2454,55.9335,0.0],[-3.2451,55.9338,0.0],[-3.2445,55.9341,0.0],[-3.2443,55.9342,0.0],[-3.2442,55.9343,0.0],[-3.2441,55.9344,0.0],[-3.2437,55.9346,0.0],[-3.2435,55.9348,0.0],[-3.2434,55.9348,0.0],[-3.2432,55.9349,0.0],[-3.2428,55.9352,0.0],[-3.2424,55.9354,0.0],[-3.2424,55.9355,0.0],[-3.2423,55.9355,0.0],[-3.242,55.9357,0.0],[-3.2417,55.9359,0.0],[-3.2416,55.9359,0.0],[-3.2415,55.936,0.0],[-3.2413,55.9361,0.0],[-3.2411,55.9362,0.0],[-3.241,55.9362,0.0],[-3.2409,55.9362,0.0],[-3.2409,55.9363,0.0],[-3.2405,55.9364,0.0],[-3.2402,55.9364,0.0],[-3.2398,55.9365,0.0],[-3.2397,55.9365,0.0],[-3.2392,55.9366,0.0],[-3.2389,55.9366,0.0],[-3.2386,55.9367,0.0],[-3.2385,55.9367,0.0],[-3.238,55.9368,0.0],[-3.2376,55.9368,0.0],[-3.2374,55.9368,0.0],[-3.2373,55.9368,0.0],[-3.2373,55.9367,0.0],[-3.2373,55.9366,0.0],[-3.2373,55.9365,0.0],[-3.2373,55.9364,0.0],[-3.2373,55.9363,0.0],[-3.2373,55.9362,0.0],[-3.2373,55.9361,0.0],[-3.2374,55.9361,0.0],[-3.2374,55.936,0.0],[-3.2374,55.9359,0.0],[-3.2374,55.9358,0.0],[-3.2374,55.9357,0.0],[-3.2374,55.9356,0.0],[-3.2374,55.9355,0.0],[-3.2374,55.9354,0.0],[-3.2374,55.9353,0.0],[-3.2373,55.9353,0.0],[-3.2373,55.9352,0.0],[-3.2373,55.9351,0.0],[-3.2373,55.935,0.0],[-3.2373,55.9349,0.0],[-3.2373,55.9348,0.0],[-3.2372,55.9347,0.0],[-3.2372,55.9346,0.0],[-3.2371,55.9345,0.0],[-3.2371,55.9344,0.0],[-3.2371,55.9343,0.0],[-3.237,55.9342,0.0],[-3.237,55.9341,0.0],[-3.2369,55.934,0.0],[-3.2369,55.9339,0.0],[-3.2368,55.9338,0.0],[-3.2367,55.9337,0.0],[-3.2367,55.9336,0.0],[-3.2366,55.9335,0.0],[-3.2365,55.9334,0.0],[-3.2364,55.9333,0.0],[-3.2364,55.9332,0.0],[-3.2363,55.9332,0.0],[-3.2362,55.9331,0.0],[-3.2361,55.933,0.0],[-3.236,55.9329,0.0],[-3.2359,55.9329,0.0],[-3.2358,55.933,0.0],[-3.2357,55.933,0.0],[-3.2357,55.9331,0.0],[-3.2356,55.9331,0.0],[-3.2355,55.9331,0.0],[-3.2351,55.9334,0.0],[-3.235,55.9334,0.0],[-3.2349,55.9335,0.0],[-3.2348,55.9335,0.0],[-3.2347,55.9336,0.0],[-3.2341,55.9339,0.0],[-3.2338,55.934,0.0],[-3.2337,55.934,0.0],[-3.2336,55.9341,0.0],[-3.2334,55.9342,0.0],[-3.2332,55.9342,0.0],[-3.233,55.9344,0.0],[-3.2325,55.9346,0.0],[-3.2324,55.9346,0.0],[-3.2323,55.9346,0.0],[-3.2321,55.9348,0.0],[-3.2319,55.9349,0.0],[-3.2315,55.9351,0.0],[-3.2311,55.9353,0.0],[-3.2308,55.9354,0.0],[-3.2307,55.9354,0.0],[-3.2306,55.9355,0.0],[-3.2302,55.9356,0.0],[-3.2301,55.9357,0.0],[-3.2297,55.9358,0.0],[-3.2295,55.9359,0.0],[-3.2294,55.936,0.0],[-3.2293,55.936,0.0],[-3.2288,55.9362,0.0],[-3.2287,55.9363,0.0],[-3.2285,55.9364,0.0],[-3.2269,55.9371,0.0],[-3.2268,55.9371,0.0],[-3.2267,55.9372,0.0],[-3.2265,55.9373,0.0],[-3.2263,55.9373,0.0],[-3.2262,55.9374,0.0],[-3.226,55.9375,0.0],[-3.2261,55.9376,0.0],[-3.226,55.9377,0.0],[-3.2258,55.9378,0.0],[-3.2256,55.9379,0.0],[-3.2254,55.938,0.0],[-3.2253,55.9381,0.0],[-3.2252,55.9381,0.0],[-3.2251,55.9382,0.0],[-3.2251,55.9383,0.0],[-3.225,55.9383,0.0],[-3.2249,55.9383,0.0],[-3.2248,55.9384,0.0],[-3.2247,55.9385,0.0],[-3.2247,55.9386,0.0],[-3.2248,55.9386,0.0],[-3.2247,55.9387,0.0],[-3.2246,55.9387,0.0],[-3.2245,55.9388,0.0],[-3.2244,55.9388,0.0],[-3.2243,55.9388,0.0],[-3.2242,55.9388,0.0],[-3.2241,55.9388,0.0],[-3.224,55.9389,0.0],[-3.224,55.939,0.0],[-3.224,55.9391,0.0],[-3.2235,55.9391,0.0],[-3.2232,55.9393,0.0],[-3.2231,55.9393,0.0],[-3.2229,55.9395,0.0],[-3.2226,55.9397,0.0],[-3.2224,55.9398,0.0],[-3.2222,55.9398,0.0],[-3.2221,55.9398,0.0],[-3.2219,55.9398,0.0],[-3.2215,55.9401,0.0],[-3.2214,55.9401,0.0],[-3.2213,55.9401,0.0],[-3.2207,55.9404,0.0],[-3.2205,55.9406,0.0],[-3.2194,55.9411,0.0],[-3.2194,55.9412,0.0],[-3.2193,55.9412,0.0],[-3.2192,55.9413,0.0],[-3.219,55.9414,0.0],[-3.2189,55.9414,0.0],[-3.2188,55.9415,0.0],[-3.2186,55.9415,0.0],[-3.2183,55.9417,0.0],[-3.2179,55.9419,0.0],[-3.2177,55.942,0.0],[-3.2174,55.9422,0.0],[-3.2173,55.9422,0.0],[-3.2166,55.9426,0.0],[-3.2165,55.9426,0.0],[-3.2161,55.9428,0.0],[-3.2156,55.9431,0.0],[-3.2151,55.9434,0.0],[-3.2141,55.9439,0.0],[-3.214,55.9439,0.0],[-3.2132,55.9443,0.0],[-3.2132,55.9444,0.0],[-3.2128,55.9446,0.0],[-3.2127,55.9446,0.0],[-3.2119,55.945,0.0],[-3.2117,55.9452,0.0],[-3.2109,55.9458,0.0],[-3.2108,55.9458,0.0],[-3.2108,55.9459,0.0],[-3.2107,55.9458,0.0],[-3.2106,55.9456,0.0],[-3.2105,55.9456,0.0],[-3.2104,55.9453,0.0],[-3.2103,55.9452,0.0],[-3.21,55.9447,0.0],[-3.2099,55.9447,0.0],[-3.2099,55.9446,0.0],[-3.2097,55.9443,0.0],[-3.2096,55.9444,0.0],[-3.2095,55.9443,0.0],[-3.2094,55.9441,0.0],[-3.2091,55.9438,0.0],[-3.2091,55.9437,0.0],[-3.209,55.9436,0.0],[-3.2089,55.9434,0.0],[-3.2088,55.9433,0.0],[-3.2087,55.9433,0.0],[-3.2082,55.9434,0.0],[-3.2081,55.9433,0.0],[-3.208,55.9432,0.0],[-3.208,55.9431,0.0],[-3.2079,55.9431,0.0],[-3.2078,55.9429,0.0],[-3.2077,55.9428,0.0],[-3.2081,55.9428,0.0],[-3.2081,55.9426,0.0],[-3.2081,55.9425,0.0],[-3.2082,55.9424,0.0],[-3.2084,55.9423,0.0],[-3.209,55.9421,0.0],[-3.2098,55.9418,0.0],[-3.2108,55.9414,0.0],[-3.2109,55.9414,0.0],[-3.211,55.9413,0.0],[-3.2111,55.9413,0.0],[-3.2114,55.9412,0.0],[-3.2124,55.9409,0.0],[-3.2133,55.9405,0.0],[-3.2134,55.9405,0.0],[-3.214,55.9403,0.0],[-3.2146,55.9401,0.0],[-3.215,55.9399,0.0],[-3.2154,55.9398,0.0],[-3.2156,55.9397,0.0],[-3.2157,55.9396,0.0],[-3.2175,55.939,0.0],[-3.2179,55.9389,0.0],[-3.2182,55.9387,0.0],[-3.2183,55.9387,0.0],[-3.2201,55.938,0.0],[-3.2207,55.9378,0.0],[-3.2212,55.9376,0.0],[-3.2214,55.9374,0.0],[-3.2217,55.9372,0.0],[-3.2219,55.937,0.0],[-3.2226,55.9364,0.0],[-3.2227,55.9363,0.0],[-3.2228,55.9362,0.0],[-3.2229,55.936,0.0],[-3.223,55.9358,0.0],[-3.2232,55.9353,0.0],[-3.2233,55.935,0.0],[-3.2234,55.9349,0.0],[-3.2238,55.9344,0.0],[-3.2241,55.9342,0.0],[-3.2242,55.9341,0.0],[-3.2243,55.934,0.0],[-3.2245,55.9338,0.0],[-3.2246,55.9337,0.0],[-3.2252,55.9331,0.0],[-3.2253,55.933,0.0],[-3.2257,55.9326,0.0],[-3.2261,55.9323,0.0],[-3.2264,55.9319,0.0],[-3.2268,55.9313,0.0],[-3.2273,55.9306,0.0],[-3.2274,55.9305,0.0],[-3.2274,55.9304,0.0],[-3.2278,55.93,0.0],[-3.2281,55.9297,0.0],[-3.2283,55.9295,0.0],[-3.2286,55.9293,0.0],[-3.2289,55.9291,0.0],[-3.2291,55.9289,0.0],[-3.2294,55.9287,0.0],[-3.2295,55.9286,0.0],[-3.2292,55.9285,0.0],[-3.229,55.9283,0.0],[-3.2287,55.9282,0.0],[-3.2283,55.928,0.0],[-3.2283,55.9279,0.0],[-3.2279,55.9277,0.0],[-3.2277,55.9275,0.0],[-3.2274,55.9274,0.0],[-3.2271,55.9272,0.0],[-3.2267,55.9269,0.0],[-3.2264,55.9268,0.0],[-3.2261,55.9266,0.0],[-3.226,55.9265,0.0],[-3.2258,55.9265,0.0],[-3.2257,55.9264,0.0],[-3.2256,55.9264,0.0],[-3.2255,55.9263,0.0],[-3.2254,55.9263,0.0],[-3.2253,55.9263,0.0],[-3.2252,55.9262,0.0],[-3.2251,55.9262,0.0],[-3.225,55.9262,0.0],[-3.2249,55.9261,0.0],[-3.2248,55.9261,0.0],[-3.2247,55.926,0.0],[-3.2246,55.926,0.0],[-3.2245,55.926,0.0],[-3.2244,55.9259,0.0],[-3.2243,55.9259,0.0],[-3.2242,55.9259,0.0],[-3.2243,55.9258,0.0],[-3.2243,55.9257,0.0],[-3.2245,55.9254,0.0],[-3.2246,55.9253,0.0],[-3.2246,55.9252,0.0],[-3.2247,55.9249,0.0],[-3.2247,55.9246,0.0],[-3.2247,55.9245,0.0],[-3.2247,55.9244,0.0],[-3.2246,55.9242,0.0],[-3.2245,55.9241,0.0],[-3.2244,55.924,0.0],[-3.2243,55.9237,0.0],[-3.2242,55.9236,0.0],[-3.2241,55.9234,0.0],[-3.2241,55.9233,0.0],[-3.224,55.9231,0.0],[-3.2238,55.9228,0.0],[-3.2236,55.9226,0.0],[-3.2236,55.9225,0.0],[-3.2235,55.9224,0.0],[-3.2233,55.9222,0.0],[-3.2233,55.9221,0.0],[-3.2234,55.922,0.0],[-3.2233,55.922,0.0],[-3.2233,55.9219,0.0],[-3.2232,55.9218,0.0],[-3.2232,55.9217,0.0],[-3.2231,55.9217,0.0],[-3.2231,55.9216,0.0],[-3.2231,55.9215,0.0],[-3.223,55.9215,0.0],[-3.223,55.9214,0.0],[-3.223,55.9213,0.0],[-3.2229,55.9211,0.0],[-3.2229,55.921,0.0],[-3.2229,55.9209,0.0],[-3.2231,55.9209,0.0],[-3.2232,55.9209,0.0],[-3.2232,55.9208,0.0],[-3.2231,55.9207,0.0],[-3.2232,55.9207,0.0],[-3.2231,55.9206,0.0],[-3.223,55.9206,0.0],[-3.223,55.9205,0.0],[-3.2229,55.9204,0.0],[-3.2228,55.9202,0.0],[-3.2227,55.92,0.0],[-3.2226,55.9199,0.0],[-3.2226,55.9198,0.0],[-3.2224,55.9195,0.0],[-3.2224,55.9194,0.0],[-3.2223,55.9193,0.0],[-3.2222,55.9193,0.0],[-3.2221,55.9193,0.0],[-3.2221,55.9192,0.0],[-3.2221,55.9191,0.0],[-3.2222,55.9191,0.0],[-3.2223,55.919,0.0],[-3.2224,55.9189,0.0],[-3.2224,55.9188,0.0],[-3.2224,55.9174,0.0],[-3.2224,55.9173,0.0],[-3.2224,55.917,0.0],[-3.2224,55.9168,0.0],[-3.2224,55.9167,0.0],[-3.2222,55.9167,0.0],[-3.2222,55.9166,0.0],[-3.2222,55.9165,0.0],[-3.2222,55.9164,0.0],[-3.2222,55.9163,0.0],[-3.2222,55.9162,0.0],[-3.2222,55.9161,0.0],[-3.2222,55.916,0.0],[-3.2224,55.916,0.0],[-3.2225,55.9159,0.0],[-3.2225,55.9158,0.0],[-3.2225,55.9157,0.0],[-3.2226,55.9156,0.0],[-3.2226,55.9154,0.0],[-3.2226,55.9153,0.0],[-3.2226,55.9152,0.0],[-3.2226,55.9151,0.0],[-3.2226,55.915,0.0],[-3.2226,55.9149,0.0],[-3.2226,55.9148,0.0],[-3.2226,55.9147,0.0],[-3.2226,55.9146,0.0],[-3.2225,55.9145,0.0],[-3.2224,55.9144,0.0],[-3.2223,55.9142,0.0],[-3.2223,55.9141,0.0],[-3.2222,55.914,0.0],[-3.2222,55.9139,0.0],[-3.2221,55.9138,0.0],[-3.2221,55.9137,0.0],[-3.2221,55.9135,0.0],[-3.2221,55.9134,0.0],[-3.2222,55.9134,0.0],[-3.2222,55.9133,0.0],[-3.2223,55.9133,0.0],[-3.2224,55.9133,0.0],[-3.2225,55.9133,0.0],[-3.2226,55.9133,0.0],[-3.2227,55.9133,0.0],[-3.2228,55.9133,0.0],[-3.2229,55.9134,0.0],[-3.223,55.9134,0.0],[-3.223,55.9135,0.0],[-3.2232,55.9135,0.0],[-3.2237,55.9135,0.0],[-3.2238,55.9135,0.0],[-3.2242,55.9135,0.0],[-3.2246,55.9135,0.0],[-3.2248,55.9135,0.0],[-3.2249,55.9135,0.0],[-3.225,55.9135,0.0],[-3.2254,55.9135,0.0],[-3.2256,55.9135,0.0],[-3.2257,55.9135,0.0],[-3.2258,55.9135,0.0],[-3.2259,55.9135,0.0],[-3.226,55.9135,0.0],[-3.2261,55.9135,0.0],[-3.2262,55.9135,0.0],[-3.2263,55.9135,0.0],[-3.2265,55.9135,0.0],[-3.2266,55.9135,0.0],[-3.2267,55.9134,0.0],[-3.2268,55.9134,0.0],[-3.2269,55.9134,0.0],[-3.227,55.9133,0.0],[-3.2271,55.9133,0.0],[-3.2271,55.9132,0.0],[-3.2271,55.9131,0.0],[-3.2271,55.913,0.0],[-3.2276,55.913,0.0],[-3.2277,55.913,0.0],[-3.2279,55.913,0.0],[-3.2282,55.913,0.0],[-3.2287,55.913,0.0],[-3.2291,55.913,0.0],[-3.2292,55.913,0.0],[-3.2293,55.913,0.0],[-3.2294,55.913,0.0],[-3.2295,55.913,0.0],[-3.2295,55.9131,0.0],[-3.2296,55.9131,0.0],[-3.2296,55.9132,0.0],[-3.2296,55.9133,0.0],[-3.2297,55.9133,0.0],[-3.2298,55.9134,0.0],[-3.2299,55.9134,0.0],[-3.23,55.9134,0.0],[-3.2301,55.9134,0.0],[-3.2302,55.9134,0.0],[-3.2303,55.9134,0.0],[-3.2304,55.9134,0.0],[-3.2305,55.9134,0.0],[-3.2306,55.9134,0.0],[-3.2307,55.9134,0.0],[-3.2308,55.9134,0.0],[-3.231,55.9134,0.0],[-3.2313,55.9134,0.0],[-3.2315,55.9134,0.0],[-3.2319,55.9134,0.0],[-3.2322,55.9134,0.0],[-3.2324,55.9134,0.0],[-3.2325,55.9134,0.0],[-3.2326,55.9134,0.0],[-3.2327,55.9134,0.0],[-3.2328,55.9134,0.0],[-3.2334,55.9134,0.0],[-3.2334,55.9133,0.0],[-3.2335,55.9133,0.0],[-3.2336,55.9132,0.0],[-3.2337,55.9132,0.0],[-3.2338,55.9132,0.0],[-3.2339,55.9132,0.0],[-3.234,55.9132,0.0],[-3.2341,55.9132,0.0],[-3.2342,55.9133,0.0],[-3.2343,55.9133,0.0],[-3.2343,55.9134,0.0],[-3.2343,55.9136,0.0],[-3.2343,55.9139,0.0],[-3.2343,55.9141,0.0],[-3.2343,55.9146,0.0],[-3.2343,55.9147,0.0],[-3.2343,55.9148,0.0],[-3.2344,55.9148,0.0],[-3.2344,55.9149,0.0],[-3.2344,55.9151,0.0],[-3.2344,55.9157,0.0],[-3.2346,55.9157,0.0],[-3.2347,55.9157,0.0],[-3.2351,55.9157,0.0],[-3.2364,55.9156,0.0],[-3.2368,55.9156,0.0],[-3.2372,55.9155,0.0],[-3.2372,55.9156,0.0],[-3.2386,55.9153,0.0],[-3.2384,55.915,0.0],[-3.2383,55.9149,0.0],[-3.2382,55.9147,0.0],[-3.2384,55.9146,0.0],[-3.2397,55.9143,0.0],[-3.2398,55.9145,0.0],[-3.2401,55.915,0.0],[-3.2403,55.9152,0.0],[-3.2406,55.915,0.0],[-3.2407,55.915,0.0],[-3.241,55.9149,0.0],[-3.2413,55.9147,0.0],[-3.2415,55.9146,0.0],[-3.2421,55.9143,0.0],[-3.243,55.9138,0.0],[-3.2431,55.9138,0.0],[-3.2434,55.9136,0.0],[-3.244,55.9134,0.0],[-3.2449,55.9129,0.0],[-3.245,55.913,0.0],[-3.2461,55.9138,0.0],[-3.2462,55.9139,0.0],[-3.2463,55.914,0.0],[-3.2465,55.9141,0.0],[-3.2466,55.9141,0.0],[-3.2468,55.9142,0.0],[-3.247,55.9143,0.0],[-3.2473,55.9144,0.0],[-3.2474,55.9144,0.0],[-3.2481,55.9141,0.0],[-3.2483,55.914,0.0],[-3.2486,55.9139,0.0],[-3.2487,55.9138,0.0],[-3.2489,55.9137,0.0],[-3.249,55.9137,0.0],[-3.2491,55.9137,0.0],[-3.2492,55.9137,0.0],[-3.2493,55.9136,0.0],[-3.2494,55.9136,0.0],[-3.2496,55.9135,0.0],[-3.2499,55.9137,0.0],[-3.2502,55.9138,0.0],[-3.2503,55.9139,0.0],[-3.2505,55.914,0.0],[-3.2507,55.9139,0.0],[-3.2508,55.9139,0.0],[-3.251,55.9138,0.0],[-3.2512,55.9137,0.0],[-3.2513,55.9136,0.0],[-3.2516,55.9135,0.0],[-3.2518,55.9135,0.0],[-3.2522,55.9134,0.0],[-3.2524,55.9136,0.0],[-3.2526,55.9137,0.0],[-3.2526,55.9138,0.0],[-3.2527,55.9138,0.0],[-3.2527,55.9137,0.0],[-3.2529,55.9137,0.0],[-3.2531,55.9136,0.0],[-3.2532,55.9136,0.0],[-3.2533,55.9136,0.0],[-3.2535,55.9135,0.0],[-3.2537,55.9134,0.0],[-3.2538,55.9133,0.0],[-3.254,55.9134,0.0],[-3.2546,55.9136,0.0],[-3.2546,55.9137,0.0],[-3.2553,55.914,0.0],[-3.2553,55.9139,0.0],[-3.2554,55.9139,0.0],[-3.2555,55.9139,0.0],[-3.2556,55.9138,0.0],[-3.2558,55.9138,0.0],[-3.2561,55.9138,0.0],[-3.2562,55.9138,0.0],[-3.2563,55.9137,0.0],[-3.2566,55.9137,0.0],[-3.2568,55.9137,0.0],[-3.257,55.9136,0.0],[-3.2571,55.9136,0.0],[-3.2572,55.9136,0.0],[-3.2573,55.9136,0.0],[-3.2574,55.9136,0.0],[-3.2575,55.9135,0.0],[-3.2576,55.9135,0.0],[-3.2577,55.9135,0.0],[-3.2577,55.9134,0.0],[-3.2578,55.9134,0.0],[-3.2579,55.9133,0.0],[-3.2579,55.9132,0.0],[-3.258,55.9132,0.0],[-3.258,55.9131,0.0],[-3.258,55.913,0.0],[-3.2581,55.913,0.0],[-3.2582,55.9129,0.0],[-3.2584,55.9128,0.0],[-3.2587,55.9128,0.0],[-3.259,55.9128,0.0],[-3.2592,55.9128,0.0],[-3.2593,55.9126,0.0],[-3.2593,55.9125,0.0],[-3.2595,55.9122,0.0],[-3.2595,55.9121,0.0],[-3.2595,55.9119,0.0],[-3.2596,55.9119,0.0],[-3.26,55.9117,0.0],[-3.2601,55.9117,0.0],[-3.2602,55.9119,0.0],[-3.2602,55.912,0.0],[-3.2603,55.9121,0.0],[-3.2605,55.9121,0.0],[-3.2606,55.9122,0.0],[-3.2607,55.9122,0.0],[-3.261,55.9123,0.0],[-3.2612,55.9124,0.0],[-3.2614,55.9125,0.0]]]]}},{"type":"Feature","properties":{"uesi_id":"GBR_R1920901","nbhd_code":"GBR_R1920901_10","nbhd_name":"Morningside"},"geometry":{"type":"MultiPolygon","coordinates":[[[[-3.2229,55.921,0.0],[-3.2229,55.9211,0.0],[-3.223,55.9213,0.0],[-3.223,55.9214,0.0],[-3.223,55.9215,0.0],[-3.2231,55.9215,0.0],[-3.2231,55.9216,0.0],[-3.2231,55.9217,0.0],[-3.2232,55.9217,0.0],[-3.2232,55.9218,0.0],[-3.2233,55.9219,0.0],[-3.2233,55.922,0.0],[-3.2234,55.922,0.0],[-3.2233,55.9221,0.0],[-3.2233,55.9222,0.0],[-3.2235,55.9224,0.0],[-3.2236,55.9225,0.0],[-3.2236,55.9226,0.0],[-3.2238,55.9228,0.0],[-3.224,55.9231,0.0],[-3.2241,55.9233,0.0],[-3.2241,55.9234,0.0],[-3.2242,55.9236,0.0],[-3.2243,55.9237,0.0],[-3.2244,55.924,0.0],[-3.2245,55.9241,0.0],[-3.2246,55.9242,0.0],[-3.2247,55.9244,0.0],[-3.2247,55.9245,0.0],[-3.2247,55.9246,0.0],[-3.2247,55.9249,0.0],[-3.2246,55.9252,0.0],[-3.2246,55.9253,0.0],[-3.2245,55.9254,0.0],[-3.2243,55.9257,0.0],[-3.2243,55.9258,0.0],[-3.2242,55.9259,0.0],[-3.2243,55.9259,0.0],[-3.2244,55.9259,0.0],[-3.2245,55.926,0.0],[-3.2246,55.926,0.0],[-3.2247,55.926,0.0],[-3.2248,55.9261,0.0],[-3.2249,55.9261,0.0],[-3.225,55.9262,0.0],[-3.2251,55.9262,0.0],[-3.2252,55.9262,0.0],[-3.2253,55.9263,0.0],[-3.2254,55.9263,0.0],[-3.2255,55.9263,0.0],[-3.2256,55.9264,0.0],[-3.2257,55.9264,0.0],[-3.2258,55.9265,0.0],[-3.226,55.9265,0.0],[-3.2261,55.9266,0.0],[-3.2264,55.9268,0.0],[-3.2267,55.9269,0.0],[-3.2271,55.9272,0.0],[-3.2274,55.9274,0.0],[-3.2277,55.9275,0.0],[-3.2279,55.9277,0.0],[-3.2283,55.9279,0.0],[-3.2283,55.928,0.0],[-3.2287,55.9282,0.0],[-3.229,55.9283,0.0],[-3.2292,55.9285,0.0],[-3.2295,55.9286,0.0],[-3.2294,55.9287,0.0],[-3.2291,55.9289,0.0],[-3.2289,55.9291,0.0],[-3.2286,55.9293,0.0],[-3.2283,55.9295,0.0],[-3.2281,55.9297,0.0],[-3.2278,55.93,0.0],[-3.2274,55.9304,0.0],[-3.2274,55.9305,0.0],[-3.2273,55.9306,0.0],[-3.2268,55.9313,0.0],[-3.2264,55.9319,0.0],[-3.2261,55.9323,0.0],[-3.2257,55.9326,0.0],[-3.2253,55.933,0.0],[-3.2252,55.9331,0.0],[-3.2246,55.9337,0.0],[-3.2245,55.9338,0.0],[-3.2243,55.934,0.0],[-3.2242,55.9341,0.0],[-3.2241,55.9342,0.0],[-3.2238,55.9344,0.0],[-3.2234,55.9349,0.0],[-3.2233,55.935,0.0],[-3.2232,55.9353,0.0],[-3.223,55.9358,0.0],[-3.2229,55.936,0.0],[-3.2228,55.9362,0.0],[-3.2227,55.9363,0.0],[-3.2226,55.9364,0.0],[-3.2219,55.937,0.0],[-3.2217,55.9372,0.0],[-3.2214,55.9374,0.0],[-3.2212,55.9376,0.0],[-3.2207,55.9378,0.0],[-3.2201,55.938,0.0],[-3.2183,55.9387,0.0],[-3.2182,55.9387,0.0],[-3.2179,55.9389,0.0],[-3.2175,55.939,0.0],[-3.2157,55.9396,0.0],[-3.2156,55.9397,0.0],[-3.2154,55.9398,0.0],[-3.215,55.9399,0.0],[-3.2146,55.9401,0.0],[-3.214,55.9403,0.0],[-3.2134,55.9405,0.0],[-3.2133,55.9405,0.0],[-3.2124,55.9409,0.0],[-3.2114,55.9412,0.0],[-3.2111,55.9413,0.0],[-3.211,55.9413,0.0],[-3.2109,55.9412,0.0],[-3.2105,55.941,0.0],[-3.2103,55.9408,0.0],[-3.2101,55.9406,0.0],[-3.2099,55.9405,0.0],[-3.2095,55.9402,0.0],[-3.2094,55.9402,0.0],[-3.2094,55.9401,0.0],[-3.2092,55.94,0.0],[-3.2087,55.9397,0.0],[-3.2085,55.9398,0.0],[-3.2084,55.9398,0.0],[-3.2083,55.9398,0.0],[-3.2082,55.9398,0.0],[-3.2081,55.9399,0.0],[-3.208,55.9399,0.0],[-3.2079,55.9399,0.0],[-3.2078,55.9398,0.0],[-3.2077,55.9397,0.0],[-3.2076,55.9397,0.0],[-3.2075,55.9396,0.0],[-3.2074,55.9395,0.0],[-3.2073,55.9395,0.0],[-3.2072,55.9394,0.0],[-3.2071,55.9394,0.0],[-3.2069,55.9393,0.0],[-3.2068,55.9393,0.0],[-3.2066,55.9393,0.0],[-3.2065,55.9392,0.0],[-3.2063,55.9392,0.0],[-3.2062,55.9392,0.0],[-3.2061,55.9392,0.0],[-3.206,55.9392,0.0],[-3.2059,55.9392,0.0],[-3.206,55.939,0.0],[-3.2059,55.939,0.0],[-3.2057,55.939,0.0],[-3.2056,55.939,0.0],[-3.2055,55.939,0.0],[-3.2054,55.939,0.0],[-3.2053,55.939,0.0],[-3.2053,55.9389,0.0],[-3.2052,55.9389,0.0],[-3.205,55.9389,0.0],[-3.2049,55.9389,0.0],[-3.2047,55.9392,0.0],[-3.2046,55.9394,0.0],[-3.2046,55.9395,0.0],[-3.2045,55.9397,0.0],[-3.2045,55.9396,0.0],[-3.2039,55.9395,0.0],[-3.2038,55.9395,0.0],[-3.2037,55.9397,0.0],[-3.2032,55.9401,0.0],[-3.2032,55.9402,0.0],[-3.2031,55.9403,0.0],[-3.2032,55.9405,0.0],[-3.2032,55.9406,0.0],[-3.2032,55.9407,0.0],[-3.2032,55.9408,0.0],[-3.203,55.9408,0.0],[-3.2023,55.9409,0.0],[-3.201,55.941,0.0],[-3.2009,55.941,0.0],[-3.2009,55.9411,0.0],[-3.2008,55.9411,0.0],[-3.2006,55.9411,0.0],[-3.2003,55.941,0.0],[-3.2001,55.941,0.0],[-3.2,55.941,0.0],[-3.1999,55.9411,0.0],[-3.1997,55.9412,0.0],[-3.1995,55.9413,0.0],[-3.1994,55.9413,0.0],[-3.1991,55.9412,0.0],[-3.199,55.9411,0.0],[-3.1989,55.9411,0.0],[-3.1988,55.941,0.0],[-3.1985,55.941,0.0],[-3.1983,55.9409,0.0],[-3.1979,55.9408,0.0],[-3.1969,55.9407,0.0],[-3.1958,55.9405,0.0],[-3.1954,55.9404,0.0],[-3.1952,55.9404,0.0],[-3.1945,55.9403,0.0],[-3.193,55.9401,0.0],[-3.1929,55.9401,0.0],[-3.1922,55.94,0.0],[-3.1919,55.9399,0.0],[-3.1914,55.9399,0.0],[-3.1915,55.9398,0.0],[-3.1915,55.9397,0.0],[-3.1915,55.9395,0.0],[-3.1914,55.9389,0.0],[-3.1914,55.9384,0.0],[-3.1914,55.9383,0.0],[-3.1914,55.9382,0.0],[-3.1914,55.9381,0.0],[-3.1915,55.9381,0.0],[-3.1915,55.938,0.0],[-3.1915,55.9379,0.0],[-3.1916,55.9379,0.0],[-3.1917,55.9379,0.0],[-3.192,55.9378,0.0],[-3.192,55.9377,0.0],[-3.192,55.9376,0.0],[-3.1921,55.9375,0.0],[-3.1921,55.9373,0.0],[-3.1921,55.9372,0.0],[-3.1921,55.9371,0.0],[-3.1922,55.9371,0.0],[-3.1922,55.937,0.0],[-3.1923,55.937,0.0],[-3.1923,55.9369,0.0],[-3.1924,55.9369,0.0],[-3.1924,55.9368,0.0],[-3.1926,55.9367,0.0],[-3.1927,55.9366,0.0],[-3.1928,55.9366,0.0],[-3.1928,55.9365,0.0],[-3.193,55.9364,0.0],[-3.1931,55.9363,0.0],[-3.1932,55.9363,0.0],[-3.1932,55.9362,0.0],[-3.1933,55.9362,0.0],[-3.1933,55.9361,0.0],[-3.1933,55.936,0.0],[-3.1933,55.9359,0.0],[-3.1933,55.9358,0.0],[-3.1933,55.9357,0.0],[-3.1933,55.9356,0.0],[-3.1933,55.9355,0.0],[-3.1933,55.9354,0.0],[-3.1933,55.9353,0.0],[-3.1933,55.9351,0.0],[-3.1933,55.935,0.0],[-3.1933,55.9349,0.0],[-3.1938,55.9348,0.0],[-3.1939,55.9348,0.0],[-3.194,55.9348,0.0],[-3.1941,55.9349,0.0],[-3.1941,55.935,0.0],[-3.1976,55.9348,0.0],[-3.1977,55.9348,0.0],[-3.1978,55.9348,0.0],[-3.1979,55.9348,0.0],[-3.198,55.9348,0.0],[-3.1981,55.9348,0.0],[-3.1982,55.9348,0.0],[-3.1983,55.9348,0.0],[-3.1984,55.9348,0.0],[-3.1985,55.9348,0.0],[-3.1986,55.9348,0.0],[-3.1987,55.9348,0.0],[-3.1988,55.9348,0.0],[-3.1989,55.9348,0.0],[-3.199,55.9348,0.0],[-3.1991,55.9348,0.0],[-3.1991,55.9347,0.0],[-3.199,55.9347,0.0],[-3.199,55.9346,0.0],[-3.199,55.9345,0.0],[-3.1989,55.9345,0.0],[-3.1989,55.9343,0.0],[-3.1988,55.9343,0.0],[-3.1988,55.9342,0.0],[-3.1988,55.9341,0.0],[-3.1987,55.9341,0.0],[-3.1987,55.934,0.0],[-3.1994,55.9339,0.0],[-3.1995,55.9339,0.0],[-3.1997,55.9338,0.0],[-3.2003,55.9337,0.0],[-3.2008,55.9337,0.0],[-3.2009,55.9336,0.0],[-3.2008,55.9334,0.0],[-3.2008,55.9333,0.0],[-3.2009,55.9333,0.0],[-3.201,55.9333,0.0],[-3.2012,55.9333,0.0],[-3.2012,55.9331,0.0],[-3.2013,55.9331,0.0],[-3.2014,55.9331,0.0],[-3.2015,55.9331,0.0],[-3.2016,55.9331,0.0],[-3.2017,55.9331,0.0],[-3.2019,55.9331,0.0],[-3.202,55.933,0.0],[-3.2022,55.933,0.0],[-3.2023,55.933,0.0],[-3.2024,55.933,0.0],[-3.2025,55.933,0.0],[-3.2026,55.933,0.0],[-3.2027,55.933,0.0],[-3.2028,55.933,0.0],[-3.203,55.9329,0.0],[-3.2031,55.9329,0.0],[-3.2032,55.9329,0.0],[-3.2033,55.9329,0.0],[-3.2034,55.9329,0.0],[-3.2035,55.9329,0.0],[-3.2038,55.9329,0.0],[-3.2039,55.9329,0.0],[-3.2039,55.9328,0.0],[-3.2038,55.9328,0.0],[-3.2037,55.9328,0.0],[-3.2037,55.9327,0.0],[-3.2037,55.9326,0.0],[-3.2037,55.9325,0.0],[-3.2037,55.9323,0.0],[-3.2036,55.9323,0.0],[-3.2036,55.9322,0.0],[-3.2041,55.9322,0.0],[-3.2045,55.9322,0.0],[-3.2046,55.9322,0.0],[-3.2047,55.9322,0.0],[-3.2046,55.9316,0.0],[-3.2046,55.9315,0.0],[-3.2044,55.931,0.0],[-3.2044,55.9309,0.0],[-3.204,55.9309,0.0],[-3.2038,55.9309,0.0],[-3.2037,55.9309,0.0],[-3.2033,55.9309,0.0],[-3.2029,55.9309,0.0],[-3.2028,55.9309,0.0],[-3.2025,55.9309,0.0],[-3.202,55.9309,0.0],[-3.2019,55.931,0.0],[-3.2018,55.931,0.0],[-3.2018,55.9309,0.0],[-3.2018,55.9307,0.0],[-3.2017,55.9304,0.0],[-3.2016,55.9298,0.0],[-3.2016,55.9296,0.0],[-3.2016,55.9293,0.0],[-3.2015,55.9289,0.0],[-3.2015,55.9288,0.0],[-3.2015,55.9287,0.0],[-3.2015,55.9286,0.0],[-3.2016,55.9285,0.0],[-3.2017,55.9285,0.0],[-3.2017,55.9284,0.0],[-3.2017,55.9283,0.0],[-3.2016,55.9283,0.0],[-3.2016,55.928,0.0],[-3.2015,55.9279,0.0],[-3.2015,55.9278,0.0],[-3.2015,55.9276,0.0],[-3.2014,55.9274,0.0],[-3.2014,55.9273,0.0],[-3.2013,55.9272,0.0],[-3.2013,55.9271,0.0],[-3.2013,55.927,0.0],[-3.2012,55.9268,0.0],[-3.2012,55.9267,0.0],[-3.2012,55.9266,0.0],[-3.2011,55.9266,0.0],[-3.2009,55.9266,0.0],[-3.2008,55.9266,0.0],[-3.2005,55.9266,0.0],[-3.2003,55.9266,0.0],[-3.2002,55.9266,0.0],[-3.2001,55.9265,0.0],[-3.2,55.9265,0.0],[-3.2,55.9264,0.0],[-3.1999,55.9264,0.0],[-3.1998,55.9263,0.0],[-3.1997,55.9263,0.0],[-3.1997,55.9262,0.0],[-3.1996,55.9262,0.0],[-3.1994,55.9262,0.0],[-3.1993,55.9262,0.0],[-3.1992,55.9262,0.0],[-3.1991,55.9262,0.0],[-3.199,55.9263,0.0],[-3.1989,55.9263,0.0],[-3.1987,55.9263,0.0],[-3.1986,55.9263,0.0],[-3.1985,55.9263,0.0],[-3.1984,55.9263,0.0],[-3.1983,55.9264,0.0],[-3.1982,55.9264,0.0],[-3.1979,55.9264,0.0],[-3.1978,55.9264,0.0],[-3.1977,55.9264,0.0],[-3.1975,55.9264,0.0],[-3.1972,55.9265,0.0],[-3.1971,55.9265,0.0],[-3.197,55.9265,0.0],[-3.1969,55.9265,0.0],[-3.1968,55.9265,0.0],[-3.1967,55.9265,0.0],[-3.1965,55.9265,0.0],[-3.1964,55.9265,0.0],[-3.1963,55.9265,0.0],[-3.1961,55.9265,0.0],[-3.1959,55.9265,0.0],[-3.1958,55.9265,0.0],[-3.1956,55.9265,0.0],[-3.1955,55.9265,0.0],[-3.1953,55.9265,0.0],[-3.1951,55.9265,0.0],[-3.1949,55.9265,0.0],[-3.1947,55.9265,0.0],[-3.1946,55.9265,0.0],[-3.1945,55.9265,0.0],[-3.1944,55.9265,0.0],[-3.1943,55.9265,0.0],[-3.1941,55.9265,0.0],[-3.1939,55.9265,0.0],[-3.1938,55.9265,0.0],[-3.1935,55.9265,0.0],[-3.1933,55.9265,0.0],[-3.1932,55.9265,0.0],[-3.1932,55.9263,0.0],[-3.1931,55.9261,0.0],[-3.1932,55.9259,0.0],[-3.1932,55.9258,0.0],[-3.1933,55.9258,0.0],[-3.1934,55.9258,0.0],[-3.1935,55.9258,0.0],[-3.1936,55.9258,0.0],[-3.1937,55.9258,0.0],[-3.1937,55.9257,0.0],[-3.1938,55.9257,0.0],[-3.1939,55.9257,0.0],[-3.194,55.9257,0.0],[-3.1941,55.9257,0.0],[-3.1942,55.9256,0.0],[-3.1943,55.9256,0.0],[-3.1944,55.9256,0.0],[-3.1946,55.9255,0.0],[-3.1947,55.9255,0.0],[-3.1949,55.9254,0.0],[-3.195,55.9254,0.0],[-3.1952,55.9254,0.0],[-3.1953,55.9254,0.0],[-3.1954,55.9253,0.0],[-3.1956,55.9253,0.0],[-3.1957,55.9252,0.0],[-3.1958,55.9252,0.0],[-3.1959,55.9252,0.0],[-3.196,55.9252,0.0],[-3.196,55.9251,0.0],[-3.1961,55.9251,0.0],[-3.1962,55.9251,0.0],[-3.1963,55.925,0.0],[-3.1964,55.9249,0.0],[-3.1965,55.9248,0.0],[-3.1966,55.9248,0.0],[-3.1966,55.9247,0.0],[-3.1968,55.9246,0.0],[-3.197,55.9245,0.0],[-3.1971,55.9245,0.0],[-3.1971,55.9244,0.0],[-3.1973,55.9243,0.0],[-3.1974,55.9243,0.0],[-3.1974,55.9242,0.0],[-3.1975,55.9242,0.0],[-3.1975,55.9241,0.0],[-3.1976,55.924,0.0],[-3.1976,55.9239,0.0],[-3.1976,55.9238,0.0],[-3.1977,55.9238,0.0],[-3.1977,55.9237,0.0],[-3.1978,55.9237,0.0],[-3.1978,55.9236,0.0],[-3.1979,55.9236,0.0],[-3.198,55.9235,0.0],[-3.1981,55.9234,0.0],[-3.1981,55.9233,0.0],[-3.1981,55.9232,0.0],[-3.1981,55.9231,0.0],[-3.1981,55.923,0.0],[-3.1981,55.9229,0.0],[-3.1981,55.9228,0.0],[-3.1981,55.9227,0.0],[-3.1982,55.9227,0.0],[-3.1982,55.9226,0.0],[-3.1982,55.9225,0.0],[-3.1982,55.9224,0.0],[-3.1981,55.9224,0.0],[-3.1981,55.9223,0.0],[-3.198,55.9223,0.0],[-3.198,55.9222,0.0],[-3.1979,55.9222,0.0],[-3.1978,55.9222,0.0],[-3.1977,55.9222,0.0],[-3.1976,55.9221,0.0],[-3.1974,55.9221,0.0],[-3.1973,55.9221,0.0],[-3.1972,55.9221,0.0],[-3.1971,55.9221,0.0],[-3.197,55.9221,0.0],[-3.1969,55.9221,0.0],[-3.1968,55.9221,0.0],[-3.1967,55.9221,0.0],[-3.1966,55.922,0.0],[-3.1965,55.922,0.0],[-3.1964,55.922,0.0],[-3.1963,55.9219,0.0],[-3.1961,55.9218,0.0],[-3.196,55.9216,0.0],[-3.1959,55.9216,0.0],[-3.1958,55.9215,0.0],[-3.1958,55.9214,0.0],[-3.1956,55.9214,0.0],[-3.1955,55.9214,0.0],[-3.1955,55.9213,0.0],[-3.1954,55.9213,0.0],[-3.1953,55.9213,0.0],[-3.1952,55.9213,0.0],[-3.1951,55.9213,0.0],[-3.1949,55.9212,0.0],[-3.1947,55.9212,0.0],[-3.1945,55.9212,0.0],[-3.194,55.9211,0.0],[-3.1937,55.9211,0.0],[-3.1928,55.921,0.0],[-3.1926,55.921,0.0],[-3.1925,55.921,0.0],[-3.1924,55.9209,0.0],[-3.1923,55.9209,0.0],[-3.1922,55.9209,0.0],[-3.1921,55.9209,0.0],[-3.192,55.9208,0.0],[-3.1919,55.9208,0.0],[-3.1918,55.9207,0.0],[-3.1917,55.9207,0.0],[-3.1916,55.9206,0.0],[-3.1915,55.9206,0.0],[-3.1915,55.9205,0.0],[-3.1914,55.9205,0.0],[-3.1914,55.9204,0.0],[-3.1914,55.9203,0.0],[-3.1913,55.9203,0.0],[-3.1913,55.9202,0.0],[-3.1913,55.9201,0.0],[-3.1913,55.92,0.0],[-3.1913,55.9199,0.0],[-3.1913,55.9198,0.0],[-3.191,55.9197,0.0],[-3.1909,55.9196,0.0],[-3.1908,55.9196,0.0],[-3.1905,55.9195,0.0],[-3.1904,55.9195,0.0],[-3.1903,55.9195,0.0],[-3.1903,55.9196,0.0],[-3.1902,55.9196,0.0],[-3.1901,55.9196,0.0],[-3.1899,55.9196,0.0],[-3.1898,55.9195,0.0],[-3.1897,55.9195,0.0],[-3.1893,55.9195,0.0],[-3.189,55.9194,0.0],[-3.1887,55.9192,0.0],[-3.1884,55.9192,0.0],[-3.1883,55.9191,0.0],[-3.1882,55.9191,0.0],[-3.1881,55.919,0.0],[-3.188,55.919,0.0],[-3.1879,55.9189,0.0],[-3.1878,55.9189,0.0],[-3.1874,55.9189,0.0],[-3.1873,55.9189,0.0],[-3.1871,55.9189,0.0],[-3.1868,55.9189,0.0],[-3.1864,55.9189,0.0],[-3.1863,55.9189,0.0],[-3.1859,55.9188,0.0],[-3.1858,55.9188,0.0],[-3.1857,55.9187,0.0],[-3.1855,55.9187,0.0],[-3.1854,55.9187,0.0],[-3.1853,55.9188,0.0],[-3.1852,55.9188,0.0],[-3.185,55.9188,0.0],[-3.1849,55.9188,0.0],[-3.1848,55.9189,0.0],[-3.1846,55.9189,0.0],[-3.1844,55.9189,0.0],[-3.1843,55.919,0.0],[-3.1842,55.919,0.0],[-3.1842,55.9189,0.0],[-3.1843,55.9188,0.0],[-3.1843,55.9187,0.0],[-3.1843,55.9186,0.0],[-3.1845,55.9183,0.0],[-3.1846,55.918,0.0],[-3.1846,55.9179,0.0],[-3.1845,55.9177,0.0],[-3.1845,55.9174,0.0],[-3.1845,55.9173,0.0],[-3.1845,55.9172,0.0],[-3.1844,55.917,0.0],[-3.1844,55.9169,0.0],[-3.1844,55.9168,0.0],[-3.1845,55.9168,0.0],[-3.185,55.9162,0.0],[-3.1851,55.9161,0.0],[-3.185,55.9161,0.0],[-3.1845,55.916,0.0],[-3.1842,55.9159,0.0],[-3.1839,55.9159,0.0],[-3.1836,55.9158,0.0],[-3.1833,55.9157,0.0],[-3.1829,55.9156,0.0],[-3.1819,55.9152,0.0],[-3.1818,55.9152,0.0],[-3.1814,55.915,0.0],[-3.1812,55.9149,0.0],[-3.179,55.914,0.0],[-3.1785,55.9138,0.0],[-3.1783,55.9137,0.0],[-3.1782,55.9137,0.0],[-3.1784,55.9136,0.0],[-3.1792,55.9134,0.0],[-3.1797,55.9132,0.0],[-3.1802,55.913,0.0],[-3.1803,55.9129,0.0],[-3.1805,55.9129,0.0],[-3.1807,55.9128,0.0],[-3.1809,55.9128,0.0],[-3.1813,55.9127,0.0],[-3.1816,55.9126,0.0],[-3.1817,55.9126,0.0],[-3.1819,55.9126,0.0],[-3.1823,55.9124,0.0],[-3.1826,55.9122,0.0],[-3.1828,55.912,0.0],[-3.183,55.9119,0.0],[-3.1831,55.9118,0.0],[-3.1833,55.9117,0.0],[-3.1837,55.9114,0.0],[-3.1838,55.9112,0.0],[-3.1839,55.9112,0.0],[-3.1839,55.9111,0.0],[-3.184,55.911,0.0],[-3.184,55.9108,0.0],[-3.1841,55.9107,0.0],[-3.1842,55.9106,0.0],[-3.1843,55.9106,0.0],[-3.1844,55.9106,0.0],[-3.1848,55.9106,0.0],[-3.1848,55.9107,0.0],[-3.1854,55.9107,0.0],[-3.1871,55.911,0.0],[-3.1881,55.911,0.0],[-3.1882,55.911,0.0],[-3.1884,55.9111,0.0],[-3.1895,55.9112,0.0],[-3.1894,55.9112,0.0],[-3.1894,55.9114,0.0],[-3.1896,55.9114,0.0],[-3.1903,55.9114,0.0],[-3.1908,55.9114,0.0],[-3.1915,55.9115,0.0],[-3.1916,55.9115,0.0],[-3.1921,55.9115,0.0],[-3.1928,55.9116,0.0],[-3.1929,55.9116,0.0],[-3.1931,55.9116,0.0],[-3.1932,55.9116,0.0],[-3.1936,55.9116,0.0],[-3.1943,55.9117,0.0],[-3.195,55.9117,0.0],[-3.1957,55.9118,0.0],[-3.1958,55.9118,0.0],[-3.1966,55.9118,0.0],[-3.1968,55.9118,0.0],[-3.1972,55.9118,0.0],[-3.1974,55.9119,0.0],[-3.1981,55.9121,0.0],[-3.1983,55.9122,0.0],[-3.1984,55.9122,0.0],[-3.1987,55.9123,0.0],[-3.1988,55.9122,0.0],[-3.199,55.912,0.0],[-3.1992,55.9119,0.0],[-3.1998,55.912,0.0],[-3.2,55.912,0.0],[-3.2001,55.912,0.0],[-3.2002,55.9121,0.0],[-3.2004,55.9121,0.0],[-3.2005,55.9121,0.0],[-3.2006,55.9121,0.0],[-3.2007,55.9121,0.0],[-3.2009,55.9121,0.0],[-3.201,55.9121,0.0],[-3.2011,55.9122,0.0],[-3.2012,55.9122,0.0],[-3.2014,55.9122,0.0],[-3.2021,55.9124,0.0],[-3.2022,55.9124,0.0],[-3.2023,55.9124,0.0],[-3.2024,55.9124,0.0],[-3.2025,55.9124,0.0],[-3.2026,55.9124,0.0],[-3.2027,55.9124,0.0],[-3.2032,55.9124,0.0],[-3.2036,55.9124,0.0],[-3.2037,55.9124,0.0],[-3.204,55.9125,0.0],[-3.2042,55.9125,0.0],[-3.2043,55.9125,0.0],[-3.2044,55.9124,0.0],[-3.2046,55.9124,0.0],[-3.2048,55.9124,0.0],[-3.2049,55.9124,0.0],[-3.2054,55.9123,0.0],[-3.2057,55.9122,0.0],[-3.2059,55.9122,0.0],[-3.206,55.9122,0.0],[-3.2061,55.9122,0.0],[-3.2062,55.9122,0.0],[-3.2063,55.9122,0.0],[-3.2064,55.9122,0.0],[-3.2065,55.9122,0.0],[-3.2066,55.9122,0.0],[-3.2067,55.9123,0.0],[-3.2068,55.9123,0.0],[-3.2069,55.9123,0.0],[-3.207,55.9123,0.0],[-3.2071,55.9123,0.0],[-3.2072,55.9123,0.0],[-3.2073,55.9123,0.0],[-3.2074,55.9123,0.0],[-3.2076,55.9123,0.0],[-3.2077,55.9124,0.0],[-3.2078,55.9124,0.0],[-3.2081,55.9125,0.0],[-3.2082,55.9125,0.0],[-3.2083,55.9125,0.0],[-3.2084,55.9125,0.0],[-3.2085,55.9125,0.0],[-3.2086,55.9125,0.0],[-3.2091,55.9125,0.0],[-3.2094,55.9125,0.0],[-3.2095,55.9125,0.0],[-3.2097,55.9124,0.0],[-3.2099,55.9124,0.0],[-3.2101,55.9124,0.0],[-3.2102,55.9124,0.0],[-3.2102,55.9122,0.0],[-3.21,55.9119,0.0],[-3.2099,55.9116,0.0],[-3.2099,55.9115,0.0],[-3.2096,55.9105,0.0],[-3.2093,55.9097,0.0],[-3.2093,55.9095,0.0],[-3.2092,55.9094,0.0],[-3.2092,55.9093,0.0],[-3.209,55.9087,0.0],[-3.209,55.9086,0.0],[-3.2091,55.9086,0.0],[-3.2092,55.9086,0.0],[-3.2093,55.9086,0.0],[-3.2094,55.9087,0.0],[-3.2095,55.9088,0.0],[-3.2099,55.9087,0.0],[-3.2102,55.9087,0.0],[-3.2103,55.9088,0.0],[-3.2104,55.9088,0.0],[-3.2104,55.9089,0.0],[-3.2105,55.9089,0.0],[-3.2106,55.9089,0.0],[-3.2106,55.9088,0.0],[-3.2107,55.9088,0.0],[-3.2108,55.9088,0.0],[-3.2109,55.9088,0.0],[-3.211,55.9088,0.0],[-3.2111,55.9088,0.0],[-3.2111,55.9089,0.0],[-3.2112,55.9088,0.0],[-3.2113,55.9088,0.0],[-3.2114,55.9088,0.0],[-3.2115,55.9088,0.0],[-3.2116,55.9088,0.0],[-3.2117,55.9088,0.0],[-3.2119,55.9087,0.0],[-3.212,55.9087,0.0],[-3.2121,55.9087,0.0],[-3.2122,55.9087,0.0],[-3.2123,55.9087,0.0],[-3.2124,55.9086,0.0],[-3.2125,55.9086,0.0],[-3.2126,55.9086,0.0],[-3.2127,55.9085,0.0],[-3.2128,55.9085,0.0],[-3.213,55.9085,0.0],[-3.2131,55.9085,0.0],[-3.2133,55.9085,0.0],[-3.2133,55.9084,0.0],[-3.2134,55.9082,0.0],[-3.2135,55.9082,0.0],[-3.2136,55.9082,0.0],[-3.2137,55.9081,0.0],[-3.2139,55.9081,0.0],[-3.2141,55.9081,0.0],[-3.2142,55.9081,0.0],[-3.2144,55.9081,0.0],[-3.2145,55.9081,0.0],[-3.2146,55.9081,0.0],[-3.2148,55.908,0.0],[-3.2149,55.908,0.0],[-3.215,55.908,0.0],[-3.2151,55.908,0.0],[-3.2152,55.908,0.0],[-3.2153,55.908,0.0],[-3.2154,55.908,0.0],[-3.2155,55.908,0.0],[-3.2156,55.908,0.0],[-3.2158,55.908,0.0],[-3.216,55.908,0.0],[-3.2162,55.908,0.0],[-3.2163,55.908,0.0],[-3.2165,55.908,0.0],[-3.2166,55.908,0.0],[-3.2167,55.908,0.0],[-3.2168,55.9081,0.0],[-3.2169,55.9081,0.0],[-3.2171,55.9081,0.0],[-3.2172,55.9081,0.0],[-3.2173,55.908,0.0],[-3.2176,55.908,0.0],[-3.2177,55.908,0.0],[-3.2177,55.9081,0.0],[-3.2178,55.9081,0.0],[-3.2179,55.9081,0.0],[-3.218,55.9081,0.0],[-3.2179,55.9082,0.0],[-3.2179,55.9083,0.0],[-3.2179,55.9084,0.0],[-3.2179,55.9085,0.0],[-3.2178,55.9087,0.0],[-3.2178,55.9088,0.0],[-3.2177,55.9088,0.0],[-3.2177,55.9089,0.0],[-3.2177,55.909,0.0],[-3.2176,55.9091,0.0],[-3.2176,55.9093,0.0],[-3.2175,55.9093,0.0],[-3.2175,55.9094,0.0],[-3.2175,55.9095,0.0],[-3.2175,55.9096,0.0],[-3.2174,55.9096,0.0],[-3.2174,55.9097,0.0],[-3.2174,55.9098,0.0],[-3.2174,55.9099,0.0],[-3.2174,55.91,0.0],[-3.2173,55.9101,0.0],[-3.2173,55.9102,0.0],[-3.2173,55.9103,0.0],[-3.2173,55.9104,0.0],[-3.2173,55.9105,0.0],[-3.2173,55.9106,0.0],[-3.2173,55.9107,0.0],[-3.2173,55.9108,0.0],[-3.2173,55.9109,0.0],[-3.2173,55.911,0.0],[-3.2173,55.9111,0.0],[-3.2173,55.9113,0.0],[-3.2173,55.9114,0.0],[-3.2173,55.9115,0.0],[-3.2174,55.9116,0.0],[-3.2174,55.9117,0.0],[-3.2175,55.9118,0.0],[-3.2176,55.9121,0.0],[-3.2177,55.9121,0.0],[-3.2177,55.9122,0.0],[-3.2183,55.9121,0.0],[-3.2186,55.912,0.0],[-3.2187,55.912,0.0],[-3.2189,55.9119,0.0],[-3.2191,55.9119,0.0],[-3.2192,55.9119,0.0],[-3.2194,55.9118,0.0],[-3.2195,55.9118,0.0],[-3.2196,55.9118,0.0],[-3.2197,55.9118,0.0],[-3.2198,55.9118,0.0],[-3.2198,55.9117,0.0],[-3.2199,55.9117,0.0],[-3.22,55.9117,0.0],[-3.2202,55.9117,0.0],[-3.2204,55.9116,0.0],[-3.2206,55.9116,0.0],[-3.2207,55.9116,0.0],[-3.2208,55.9117,0.0],[-3.2209,55.9117,0.0],[-3.2213,55.9118,0.0],[-3.2214,55.9119,0.0],[-3.2215,55.912,0.0],[-3.2215,55.9122,0.0],[-3.2216,55.9123,0.0],[-3.2217,55.9124,0.0],[-3.2217,55.9125,0.0],[-3.2217,55.9126,0.0],[-3.2218,55.9127,0.0],[-3.2219,55.9129,0.0],[-3.2219,55.9131,0.0],[-3.222,55.9132,0.0],[-3.222,55.9133,0.0],[-3.222,55.9134,0.0],[-3.2221,55.9135,0.0],[-3.2221,55.9137,0.0],[-3.2221,55.9138,0.0],[-3.2222,55.9139,0.0],[-3.2222,55.914,0.0],[-3.2223,55.9141,0.0],[-3.2223,55.9142,0.0],[-3.2224,55.9144,0.0],[-3.2225,55.9145,0.0],[-3.2226,55.9146,0.0],[-3.2226,55.9147,0.0],[-3.2226,55.9148,0.0],[-3.2226,55.9149,0.0],[-3.2226,55.915,0.0],[-3.2226,55.9151,0.0],[-3.2226,55.9152,0.0],[-3.2226,55.9153,0.0],[-3.2226,55.9154,0.0],[-3.2226,55.9156,0.0],[-3.2225,55.9157,0.0],[-3.2225,55.9158,0.0],[-3.2225,55.9159,0.0],[-3.2224,55.916,0.0],[-3.2222,55.916,0.0],[-3.2222,55.9161,0.0],[-3.2222,55.9162,0.0],[-3.2222,55.9163,0.0],[-3.2222,55.9164,0.0],[-3.2222,55.9165,0.0],[-3.2222,55.9166,0.0],[-3.2222,55.9167,0.0],[-3.2224,55.9167,0.0],[-3.2224,55.9168,0.0],[-3.2224,55.917,0.0],[-3.2224,55.9173,0.0],[-3.2224,55.9174,0.0],[-3.2224,55.9188,0.0],[-3.2224,55.9189,0.0],[-3.2223,55.919,0.0],[-3.2222,55.9191,0.0],[-3.2221,55.9191,0.0],[-3.2221,55.9192,0.0],[-3.2221,55.9193,0.0],[-3.2222,55.9193,0.0],[-3.2223,55.9193,0.0],[-3.2224,55.9194,0.0],[-3.2224,55.9195,0.0],[-3.2226,55.9198,0.0],[-3.2226,55.9199,0.0],[-3.2227,55.92,0.0],[-3.2228,55.9202,0.0],[-3.2229,55.9204,0.0],[-3.223,55.9205,0.0],[-3.223,55.9206,0.0],[-3.2231,55.9206,0.0],[-3.2232,55.9207,0.0],[-3.2231,55.9207,0.0],[-3.2232,55.9208,0.0],[-3.2232,55.9209,0.0],[-3.2231,55.9209,0.0],[-3.2229,55.9209,0.0],[-3.2229,55.921,0.0]]]]}},{"type":"Feature","properties":{"uesi_id":"GBR_R1920901","nbhd_code":"GBR_R1920901_11","nbhd_name":"City Centre"},"geometry":{"type":"MultiPolygon","coordinates":[[[[-3.191,55.945,0.0],[-3.191,55.9449,0.0],[-3.1911,55.9449,0.0],[-3.191,55.945,0.0]]],[[[-3.2227,55.9445,0.0],[-3.223,55.9444,0.0],[-3.2231,55.9444,0.0],[-3.2233,55.9443,0.0],[-3.2235,55.9443,0.0],[-3.2236,55.9442,0.0],[-3.2237,55.9442,0.0],[-3.2239,55.9442,0.0],[-3.224,55.9442,0.0],[-3.2244,55.9441,0.0],[-3.2245,55.9441,0.0],[-3.2245,55.944,0.0],[-3.2249,55.9439,0.0],[-3.2253,55.9439,0.0],[-3.2256,55.9438,0.0],[-3.226,55.9437,0.0],[-3.2261,55.9437,0.0],[-3.2262,55.9437,0.0],[-3.2264,55.9436,0.0],[-3.2269,55.9435,0.0],[-3.2282,55.9432,0.0],[-3.2288,55.9431,0.0],[-3.2289,55.9431,0.0],[-3.229,55.943,0.0],[-3.2291,55.943,0.0],[-3.2292,55.943,0.0],[-3.2292,55.9431,0.0],[-3.2293,55.9431,0.0],[-3.2293,55.9432,0.0],[-3.2294,55.9432,0.0],[-3.2294,55.9433,0.0],[-3.2295,55.9433,0.0],[-3.2297,55.9435,0.0],[-3.2296,55.9435,0.0],[-3.2296,55.9436,0.0],[-3.2295,55.9436,0.0],[-3.2294,55.9436,0.0],[-3.2295,55.9437,0.0],[-3.2296,55.9437,0.0],[-3.2296,55.9438,0.0],[-3.2297,55.9438,0.0],[-3.2298,55.9439,0.0],[-3.2299,55.9439,0.0],[-3.2299,55.944,0.0],[-3.2301,55.9441,0.0],[-3.2303,55.9442,0.0],[-3.2304,55.9443,0.0],[-3.2305,55.9443,0.0],[-3.2306,55.9444,0.0],[-3.2308,55.9445,0.0],[-3.231,55.9446,0.0],[-3.2311,55.9447,0.0],[-3.2312,55.9447,0.0],[-3.2312,55.9448,0.0],[-3.2313,55.9448,0.0],[-3.2313,55.9449,0.0],[-3.2314,55.9449,0.0],[-3.2315,55.9449,0.0],[-3.2316,55.945,0.0],[-3.2316,55.9451,0.0],[-3.2317,55.9451,0.0],[-3.2317,55.9452,0.0],[-3.2317,55.9453,0.0],[-3.2318,55.9454,0.0],[-3.2319,55.9454,0.0],[-3.232,55.9455,0.0],[-3.232,55.9456,0.0],[-3.2321,55.9456,0.0],[-3.2321,55.9457,0.0],[-3.2322,55.9457,0.0],[-3.2322,55.9458,0.0],[-3.2323,55.9459,0.0],[-3.2324,55.9459,0.0],[-3.2324,55.946,0.0],[-3.2325,55.9461,0.0],[-3.2326,55.9462,0.0],[-3.2326,55.9463,0.0],[-3.2327,55.9464,0.0],[-3.2328,55.9465,0.0],[-3.2328,55.9466,0.0],[-3.2329,55.9466,0.0],[-3.2329,55.9467,0.0],[-3.2329,55.9468,0.0],[-3.233,55.9469,0.0],[-3.233,55.947,0.0],[-3.2331,55.947,0.0],[-3.2331,55.9471,0.0],[-3.2332,55.9472,0.0],[-3.2332,55.9473,0.0],[-3.2332,55.9474,0.0],[-3.2333,55.9474,0.0],[-3.2333,55.9475,0.0],[-3.2333,55.9476,0.0],[-3.2334,55.9477,0.0],[-3.2332,55.9478,0.0],[-3.2331,55.9479,0.0],[-3.2328,55.9482,0.0],[-3.2325,55.9484,0.0],[-3.2324,55.9485,0.0],[-3.2323,55.9485,0.0],[-3.2317,55.9489,0.0],[-3.2313,55.9492,0.0],[-3.2311,55.9493,0.0],[-3.2308,55.9495,0.0],[-3.2305,55.9496,0.0],[-3.2299,55.9499,0.0],[-3.2294,55.9501,0.0],[-3.2292,55.9502,0.0],[-3.2291,55.9501,0.0],[-3.229,55.9501,0.0],[-3.2289,55.9501,0.0],[-3.2286,55.95,0.0],[-3.2286,55.9499,0.0],[-3.2284,55.9497,0.0],[-3.2284,55.9496,0.0],[-3.2283,55.9495,0.0],[-3.2282,55.9495,0.0],[-3.2281,55.9494,0.0],[-3.228,55.9494,0.0],[-3.2279,55.9494,0.0],[-3.2278,55.9494,0.0],[-3.2276,55.9493,0.0],[-3.2267,55.9492,0.0],[-3.226,55.9491,0.0],[-3.2258,55.9491,0.0],[-3.2253,55.9491,0.0],[-3.2247,55.9491,0.0],[-3.2242,55.9492,0.0],[-3.2236,55.9493,0.0],[-3.2234,55.9493,0.0],[-3.223,55.9495,0.0],[-3.2224,55.9497,0.0],[-3.222,55.9498,0.0],[-3.2219,55.9499,0.0],[-3.2218,55.95,0.0],[-3.2218,55.9501,0.0],[-3.2218,55.9502,0.0],[-3.2218,55.9504,0.0],[-3.2218,55.9506,0.0],[-3.2218,55.9507,0.0],[-3.2219,55.9509,0.0],[-3.2215,55.951,0.0],[-3.2212,55.951,0.0],[-3.2208,55.9511,0.0],[-3.2202,55.9511,0.0],[-3.2196,55.9511,0.0],[-3.2191,55.9511,0.0],[-3.2186,55.9511,0.0],[-3.2182,55.9511,0.0],[-3.2178,55.9511,0.0],[-3.2177,55.9512,0.0],[-3.2176,55.9512,0.0],[-3.2175,55.9512,0.0],[-3.2172,55.9513,0.0],[-3.217,55.9514,0.0],[-3.216,55.9518,0.0],[-3.2157,55.952,0.0],[-3.2155,55.9522,0.0],[-3.2154,55.9522,0.0],[-3.2153,55.9523,0.0],[-3.2152,55.9523,0.0],[-3.2151,55.9523,0.0],[-3.2149,55.9523,0.0],[-3.2143,55.9523,0.0],[-3.2143,55.9522,0.0],[-3.214,55.9522,0.0],[-3.2138,55.9522,0.0],[-3.2138,55.9523,0.0],[-3.2137,55.9523,0.0],[-3.2139,55.9526,0.0],[-3.2141,55.9528,0.0],[-3.214,55.9528,0.0],[-3.2134,55.9528,0.0],[-3.2132,55.9528,0.0],[-3.2131,55.9528,0.0],[-3.213,55.9529,0.0],[-3.2129,55.953,0.0],[-3.2128,55.953,0.0],[-3.2127,55.9531,0.0],[-3.2126,55.9532,0.0],[-3.2126,55.9533,0.0],[-3.2125,55.9534,0.0],[-3.2125,55.9535,0.0],[-3.2124,55.9537,0.0],[-3.2124,55.9538,0.0],[-3.2124,55.9539,0.0],[-3.2124,55.954,0.0],[-3.2123,55.954,0.0],[-3.2121,55.9543,0.0],[-3.212,55.9545,0.0],[-3.2119,55.9546,0.0],[-3.2119,55.9548,0.0],[-3.2119,55.955,0.0],[-3.2118,55.955,0.0],[-3.2118,55.9551,0.0],[-3.2117,55.9553,0.0],[-3.2116,55.9554,0.0],[-3.2113,55.9558,0.0],[-3.211,55.9561,0.0],[-3.211,55.9562,0.0],[-3.2109,55.9563,0.0],[-3.2107,55.9564,0.0],[-3.2106,55.9564,0.0],[-3.21,55.9561,0.0],[-3.2099,55.9561,0.0],[-3.2098,55.9562,0.0],[-3.2096,55.9562,0.0],[-3.2082,55.957,0.0],[-3.2081,55.957,0.0],[-3.208,55.957,0.0],[-3.2079,55.957,0.0],[-3.2078,55.9571,0.0],[-3.2075,55.9571,0.0],[-3.2071,55.9572,0.0],[-3.2071,55.9573,0.0],[-3.207,55.9573,0.0],[-3.2066,55.9572,0.0],[-3.2064,55.9572,0.0],[-3.2063,55.9574,0.0],[-3.2064,55.9575,0.0],[-3.2064,55.9576,0.0],[-3.2063,55.9576,0.0],[-3.2063,55.9577,0.0],[-3.2062,55.9578,0.0],[-3.2061,55.9578,0.0],[-3.2061,55.9579,0.0],[-3.206,55.9579,0.0],[-3.2059,55.9579,0.0],[-3.2058,55.958,0.0],[-3.2057,55.958,0.0],[-3.2055,55.9581,0.0],[-3.2054,55.9581,0.0],[-3.2053,55.9581,0.0],[-3.2052,55.9582,0.0],[-3.2051,55.9582,0.0],[-3.205,55.9582,0.0],[-3.2048,55.9583,0.0],[-3.2049,55.9584,0.0],[-3.2048,55.9584,0.0],[-3.2047,55.9584,0.0],[-3.2045,55.9584,0.0],[-3.2043,55.9584,0.0],[-3.2041,55.9583,0.0],[-3.2039,55.9583,0.0],[-3.2038,55.9583,0.0],[-3.2038,55.9584,0.0],[-3.2037,55.9584,0.0],[-3.2036,55.9584,0.0],[-3.2035,55.9583,0.0],[-3.2034,55.9583,0.0],[-3.2034,55.9582,0.0],[-3.2033,55.9583,0.0],[-3.2032,55.9584,0.0],[-3.2031,55.9584,0.0],[-3.2029,55.9584,0.0],[-3.2028,55.9584,0.0],[-3.2026,55.9584,0.0],[-3.2019,55.9586,0.0],[-3.2019,55.9587,0.0],[-3.202,55.9588,0.0],[-3.202,55.9589,0.0],[-3.202,55.959,0.0],[-3.2017,55.9591,0.0],[-3.2016,55.9591,0.0],[-3.2004,55.9593,0.0],[-3.1998,55.9594,0.0],[-3.1987,55.9596,0.0],[-3.1983,55.9596,0.0],[-3.1981,55.9596,0.0],[-3.1979,55.9596,0.0],[-3.1977,55.9596,0.0],[-3.1976,55.9596,0.0],[-3.1975,55.9596,0.0],[-3.1971,55.9596,0.0],[-3.1969,55.9597,0.0],[-3.1967,55.9597,0.0],[-3.1965,55.9598,0.0],[-3.1963,55.9599,0.0],[-3.1962,55.9599,0.0],[-3.1961,55.96,0.0],[-3.1959,55.9601,0.0],[-3.1957,55.9603,0.0],[-3.1957,55.9604,0.0],[-3.1956,55.9605,0.0],[-3.1955,55.9605,0.0],[-3.1955,55.9606,0.0],[-3.1954,55.9606,0.0],[-3.195,55.9607,0.0],[-3.1952,55.9611,0.0],[-3.1949,55.9612,0.0],[-3.1945,55.9613,0.0],[-3.1943,55.9614,0.0],[-3.1943,55.9613,0.0],[-3.1941,55.9613,0.0],[-3.1934,55.9609,0.0],[-3.1933,55.9609,0.0],[-3.1931,55.9607,0.0],[-3.1929,55.9607,0.0],[-3.1922,55.9603,0.0],[-3.1921,55.9603,0.0],[-3.1919,55.9602,0.0],[-3.1918,55.9601,0.0],[-3.1917,55.9601,0.0],[-3.1915,55.9599,0.0],[-3.1914,55.9598,0.0],[-3.1914,55.9599,0.0],[-3.1912,55.9599,0.0],[-3.1911,55.9599,0.0],[-3.1906,55.96,0.0],[-3.1899,55.96,0.0],[-3.1898,55.96,0.0],[-3.1898,55.9601,0.0],[-3.1897,55.9601,0.0],[-3.1896,55.9601,0.0],[-3.1897,55.9602,0.0],[-3.1895,55.9603,0.0],[-3.1895,55.9602,0.0],[-3.1894,55.9602,0.0],[-3.1894,55.9601,0.0],[-3.1893,55.9601,0.0],[-3.1891,55.9601,0.0],[-3.1888,55.9602,0.0],[-3.1887,55.9602,0.0],[-3.1886,55.9601,0.0],[-3.1881,55.9602,0.0],[-3.188,55.9602,0.0],[-3.1878,55.9603,0.0],[-3.1878,55.9604,0.0],[-3.1874,55.9605,0.0],[-3.1871,55.9605,0.0],[-3.187,55.9605,0.0],[-3.1869,55.9604,0.0],[-3.1868,55.9604,0.0],[-3.1862,55.9605,0.0],[-3.1859,55.9606,0.0],[-3.1859,55.9605,0.0],[-3.1856,55.9606,0.0],[-3.1855,55.9606,0.0],[-3.1853,55.9604,0.0],[-3.1852,55.9604,0.0],[-3.185,55.9604,0.0],[-3.1849,55.9604,0.0],[-3.1848,55.9605,0.0],[-3.1847,55.9605,0.0],[-3.1846,55.9604,0.0],[-3.1844,55.9603,0.0],[-3.184,55.96,0.0],[-3.1837,55.9599,0.0],[-3.1834,55.9597,0.0],[-3.1832,55.9595,0.0],[-3.1831,55.9595,0.0],[-3.1832,55.9594,0.0],[-3.1834,55.9593,0.0],[-3.1836,55.9591,0.0],[-3.1837,55.959,0.0],[-3.1838,55.959,0.0],[-3.1838,55.9589,0.0],[-3.1842,55.9585,0.0],[-3.1843,55.9584,0.0],[-3.1844,55.9583,0.0],[-3.1845,55.9582,0.0],[-3.1845,55.958,0.0],[-3.1842,55.9579,0.0],[-3.1839,55.9579,0.0],[-3.1832,55.9579,0.0],[-3.183,55.9579,0.0],[-3.1826,55.9579,0.0],[-3.1824,55.9579,0.0],[-3.1819,55.9578,0.0],[-3.1806,55.9578,0.0],[-3.1786,55.9578,0.0],[-3.1781,55.9577,0.0],[-3.1774,55.9577,0.0],[-3.1763,55.9577,0.0],[-3.1762,55.9577,0.0],[-3.176,55.9577,0.0],[-3.1758,55.9577,0.0],[-3.1755,55.9577,0.0],[-3.1748,55.9577,0.0],[-3.1738,55.9577,0.0],[-3.1729,55.9576,0.0],[-3.1726,55.9576,0.0],[-3.1721,55.9576,0.0],[-3.1721,55.9575,0.0],[-3.1723,55.9574,0.0],[-3.1723,55.9573,0.0],[-3.1724,55.9573,0.0],[-3.1726,55.9571,0.0],[-3.1727,55.957,0.0],[-3.1727,55.9569,0.0],[-3.1727,55.9568,0.0],[-3.1727,55.9567,0.0],[-3.1727,55.9566,0.0],[-3.1726,55.9566,0.0],[-3.1725,55.9565,0.0],[-3.1723,55.9563,0.0],[-3.1721,55.9563,0.0],[-3.1721,55.9562,0.0],[-3.172,55.9562,0.0],[-3.1719,55.9561,0.0],[-3.1719,55.956,0.0],[-3.1719,55.9559,0.0],[-3.1719,55.9558,0.0],[-3.1719,55.9557,0.0],[-3.1721,55.9555,0.0],[-3.1722,55.9554,0.0],[-3.1723,55.9553,0.0],[-3.1727,55.9551,0.0],[-3.1728,55.955,0.0],[-3.1729,55.9549,0.0],[-3.173,55.9549,0.0],[-3.1731,55.9548,0.0],[-3.173,55.9548,0.0],[-3.1729,55.9548,0.0],[-3.1728,55.9548,0.0],[-3.1727,55.9548,0.0],[-3.1719,55.955,0.0],[-3.1718,55.955,0.0],[-3.1717,55.9549,0.0],[-3.1716,55.9547,0.0],[-3.1715,55.9546,0.0],[-3.1715,55.9545,0.0],[-3.1712,55.9543,0.0],[-3.1711,55.9542,0.0],[-3.171,55.954,0.0],[-3.1709,55.9539,0.0],[-3.1709,55.9538,0.0],[-3.1708,55.9538,0.0],[-3.1707,55.9535,0.0],[-3.1707,55.9534,0.0],[-3.1706,55.9534,0.0],[-3.1706,55.9533,0.0],[-3.1705,55.9532,0.0],[-3.1705,55.9531,0.0],[-3.1704,55.953,0.0],[-3.1704,55.9529,0.0],[-3.1702,55.9526,0.0],[-3.1702,55.9525,0.0],[-3.1701,55.9524,0.0],[-3.1701,55.9523,0.0],[-3.17,55.9523,0.0],[-3.17,55.9522,0.0],[-3.1698,55.9519,0.0],[-3.1698,55.9518,0.0],[-3.1696,55.9515,0.0],[-3.1696,55.9514,0.0],[-3.1695,55.9514,0.0],[-3.1694,55.9511,0.0],[-3.1694,55.951,0.0],[-3.1704,55.9509,0.0],[-3.1706,55.9508,0.0],[-3.1707,55.9508,0.0],[-3.1709,55.9508,0.0],[-3.171,55.9507,0.0],[-3.1712,55.9507,0.0],[-3.1716,55.9507,0.0],[-3.1718,55.9506,0.0],[-3.1719,55.9506,0.0],[-3.1721,55.9505,0.0],[-3.1722,55.9505,0.0],[-3.1724,55.9504,0.0],[-3.1725,55.9503,0.0],[-3.1726,55.9503,0.0],[-3.1731,55.9502,0.0],[-3.1739,55.9499,0.0],[-3.174,55.9499,0.0],[-3.1743,55.9498,0.0],[-3.1744,55.9497,0.0],[-3.1748,55.9495,0.0],[-3.1749,55.9495,0.0],[-3.175,55.9494,0.0],[-3.1753,55.9493,0.0],[-3.1755,55.9492,0.0],[-3.1759,55.9489,0.0],[-3.176,55.9488,0.0],[-3.1761,55.9487,0.0],[-3.1764,55.9484,0.0],[-3.1767,55.9482,0.0],[-3.1768,55.948,0.0],[-3.1768,55.9479,0.0],[-3.1769,55.9478,0.0],[-3.1769,55.9477,0.0],[-3.1771,55.9473,0.0],[-3.1772,55.947,0.0],[-3.1773,55.9467,0.0],[-3.1774,55.9465,0.0],[-3.1774,55.9463,0.0],[-3.1774,55.9459,0.0],[-3.1786,55.9459,0.0],[-3.1787,55.9459,0.0],[-3.179,55.9459,0.0],[-3.179,55.946,0.0],[-3.1791,55.946,0.0],[-3.1793,55.9461,0.0],[-3.1796,55.9462,0.0],[-3.1796,55.9463,0.0],[-3.1797,55.9463,0.0],[-3.1797,55.9462,0.0],[-3.1798,55.9462,0.0],[-3.1799,55.9463,0.0],[-3.1799,55.9464,0.0],[-3.18,55.9464,0.0],[-3.18,55.9465,0.0],[-3.18,55.9466,0.0],[-3.1801,55.9468,0.0],[-3.1802,55.9469,0.0],[-3.1802,55.947,0.0],[-3.1803,55.947,0.0],[-3.1803,55.9471,0.0],[-3.1803,55.9472,0.0],[-3.1803,55.9473,0.0],[-3.1803,55.9474,0.0],[-3.1802,55.9475,0.0],[-3.18,55.9477,0.0],[-3.1799,55.9478,0.0],[-3.1798,55.9478,0.0],[-3.1798,55.9479,0.0],[-3.1797,55.948,0.0],[-3.1796,55.948,0.0],[-3.1796,55.9481,0.0],[-3.1796,55.9482,0.0],[-3.1796,55.9483,0.0],[-3.1796,55.9484,0.0],[-3.1796,55.9485,0.0],[-3.1797,55.9485,0.0],[-3.1797,55.9486,0.0],[-3.1798,55.9486,0.0],[-3.1798,55.9487,0.0],[-3.1799,55.9488,0.0],[-3.18,55.9488,0.0],[-3.18,55.9489,0.0],[-3.1801,55.9489,0.0],[-3.1802,55.9489,0.0],[-3.1803,55.9489,0.0],[-3.1804,55.9489,0.0],[-3.1805,55.9489,0.0],[-3.1805,55.9488,0.0],[-3.1805,55.9487,0.0],[-3.1804,55.9487,0.0],[-3.1804,55.9486,0.0],[-3.1805,55.9486,0.0],[-3.1806,55.9486,0.0],[-3.1807,55.9485,0.0],[-3.1808,55.9485,0.0],[-3.1809,55.9485,0.0],[-3.181,55.9485,0.0],[-3.1812,55.9485,0.0],[-3.1813,55.9484,0.0],[-3.1814,55.9484,0.0],[-3.1815,55.9484,0.0],[-3.1818,55.9484,0.0],[-3.1818,55.9483,0.0],[-3.1819,55.9483,0.0],[-3.182,55.9483,0.0],[-3.1822,55.9483,0.0],[-3.1823,55.9483,0.0],[-3.1828,55.9482,0.0],[-3.183,55.9481,0.0],[-3.1834,55.948,0.0],[-3.1835,55.9479,0.0],[-3.1836,55.9479,0.0],[-3.1837,55.9479,0.0],[-3.1841,55.9478,0.0],[-3.1845,55.9476,0.0],[-3.1846,55.9476,0.0],[-3.1847,55.9476,0.0],[-3.1848,55.9476,0.0],[-3.1854,55.9474,0.0],[-3.1858,55.9473,0.0],[-3.1859,55.9473,0.0],[-3.1859,55.9472,0.0],[-3.186,55.9472,0.0],[-3.1861,55.9472,0.0],[-3.1862,55.9472,0.0],[-3.1864,55.9472,0.0],[-3.1865,55.9471,0.0],[-3.1866,55.9471,0.0],[-3.1872,55.947,0.0],[-3.1878,55.9469,0.0],[-3.1879,55.9469,0.0],[-3.188,55.9466,0.0],[-3.1881,55.9466,0.0],[-3.1882,55.9466,0.0],[-3.1883,55.9466,0.0],[-3.1883,55.9465,0.0],[-3.1884,55.9465,0.0],[-3.1885,55.9465,0.0],[-3.1886,55.9464,0.0],[-3.1887,55.9463,0.0],[-3.189,55.946,0.0],[-3.1891,55.946,0.0],[-3.1892,55.9459,0.0],[-3.1893,55.9458,0.0],[-3.1894,55.9458,0.0],[-3.1894,55.9457,0.0],[-3.1895,55.9457,0.0],[-3.1896,55.9457,0.0],[-3.1898,55.9456,0.0],[-3.19,55.9456,0.0],[-3.1909,55.9454,0.0],[-3.191,55.9453,0.0],[-3.191,55.9452,0.0],[-3.1911,55.9452,0.0],[-3.1911,55.9449,0.0],[-3.1912,55.9449,0.0],[-3.1912,55.9448,0.0],[-3.1912,55.9447,0.0],[-3.1912,55.9443,0.0],[-3.1912,55.9441,0.0],[-3.1913,55.944,0.0],[-3.1913,55.9436,0.0],[-3.1913,55.9435,0.0],[-3.1913,55.9427,0.0],[-3.1914,55.9426,0.0],[-3.1914,55.9425,0.0],[-3.1914,55.9423,0.0],[-3.1914,55.9422,0.0],[-3.1915,55.9406,0.0],[-3.1915,55.9405,0.0],[-3.1915,55.9403,0.0],[-3.1916,55.94,0.0],[-3.1916,55.9399,0.0],[-3.1919,55.9399,0.0],[-3.1922,55.94,0.0],[-3.1929,55.9401,0.0],[-3.193,55.9401,0.0],[-3.1945,55.9403,0.0],[-3.1952,55.9404,0.0],[-3.1954,55.9404,0.0],[-3.1958,55.9405,0.0],[-3.1969,55.9407,0.0],[-3.1979,55.9408,0.0],[-3.1983,55.9409,0.0],[-3.1985,55.941,0.0],[-3.1988,55.941,0.0],[-3.1989,55.9411,0.0],[-3.199,55.9411,0.0],[-3.1991,55.9412,0.0],[-3.1994,55.9413,0.0],[-3.1995,55.9413,0.0],[-3.1997,55.9412,0.0],[-3.1999,55.9411,0.0],[-3.2,55.941,0.0],[-3.2001,55.941,0.0],[-3.2003,55.941,0.0],[-3.2006,55.9411,0.0],[-3.2008,55.9411,0.0],[-3.2009,55.9411,0.0],[-3.2009,55.941,0.0],[-3.201,55.941,0.0],[-3.2023,55.9409,0.0],[-3.203,55.9408,0.0],[-3.2032,55.9408,0.0],[-3.2032,55.9407,0.0],[-3.2032,55.9406,0.0],[-3.2032,55.9405,0.0],[-3.2031,55.9403,0.0],[-3.2032,55.9402,0.0],[-3.2032,55.9401,0.0],[-3.2037,55.9397,0.0],[-3.2038,55.9395,0.0],[-3.2039,55.9395,0.0],[-3.2045,55.9396,0.0],[-3.2045,55.9397,0.0],[-3.2046,55.9395,0.0],[-3.2046,55.9394,0.0],[-3.2047,55.9392,0.0],[-3.2049,55.9389,0.0],[-3.205,55.9389,0.0],[-3.2052,55.9389,0.0],[-3.2053,55.9389,0.0],[-3.2053,55.939,0.0],[-3.2054,55.939,0.0],[-3.2055,55.939,0.0],[-3.2056,55.939,0.0],[-3.2057,55.939,0.0],[-3.2059,55.939,0.0],[-3.206,55.939,0.0],[-3.2059,55.9392,0.0],[-3.206,55.9392,0.0],[-3.2061,55.9392,0.0],[-3.2062,55.9392,0.0],[-3.2063,55.9392,0.0],[-3.2065,55.9392,0.0],[-3.2066,55.9393,0.0],[-3.2068,55.9393,0.0],[-3.2069,55.9393,0.0],[-3.2071,55.9394,0.0],[-3.2072,55.9394,0.0],[-3.2073,55.9395,0.0],[-3.2074,55.9395,0.0],[-3.2075,55.9396,0.0],[-3.2076,55.9397,0.0],[-3.2077,55.9397,0.0],[-3.2078,55.9398,0.0],[-3.2079,55.9399,0.0],[-3.208,55.9399,0.0],[-3.2081,55.9399,0.0],[-3.2082,55.9398,0.0],[-3.2083,55.9398,0.0],[-3.2084,55.9398,0.0],[-3.2085,55.9398,0.0],[-3.2087,55.9397,0.0],[-3.2092,55.94,0.0],[-3.2094,55.9401,0.0],[-3.2094,55.9402,0.0],[-3.2095,55.9402,0.0],[-3.2099,55.9405,0.0],[-3.2101,55.9406,0.0],[-3.2103,55.9408,0.0],[-3.2105,55.941,0.0],[-3.2109,55.9412,0.0],[-3.211,55.9413,0.0],[-3.2109,55.9414,0.0],[-3.2108,55.9414,0.0],[-3.2098,55.9418,0.0],[-3.209,55.9421,0.0],[-3.2084,55.9423,0.0],[-3.2082,55.9424,0.0],[-3.2081,55.9425,0.0],[-3.2081,55.9426,0.0],[-3.2081,55.9428,0.0],[-3.2077,55.9428,0.0],[-3.2078,55.9429,0.0],[-3.2079,55.9431,0.0],[-3.208,55.9431,0.0],[-3.208,55.9432,0.0],[-3.2081,55.9433,0.0],[-3.2082,55.9434,0.0],[-3.2087,55.9433,0.0],[-3.2088,55.9433,0.0],[-3.2089,55.9434,0.0],[-3.209,55.9436,0.0],[-3.2091,55.9437,0.0],[-3.2091,55.9438,0.0],[-3.2094,55.9441,0.0],[-3.2095,55.9443,0.0],[-3.2096,55.9444,0.0],[-3.2097,55.9443,0.0],[-3.2099,55.9446,0.0],[-3.2099,55.9447,0.0],[-3.21,55.9447,0.0],[-3.2103,55.9452,0.0],[-3.2104,55.9453,0.0],[-3.2105,55.9456,0.0],[-3.2106,55.9456,0.0],[-3.2107,55.9458,0.0],[-3.2108,55.9459,0.0],[-3.2108,55.9458,0.0],[-3.2109,55.9458,0.0],[-3.2117,55.9452,0.0],[-3.2119,55.945,0.0],[-3.2127,55.9446,0.0],[-3.2128,55.9446,0.0],[-3.2132,55.9444,0.0],[-3.2132,55.9443,0.0],[-3.214,55.9439,0.0],[-3.2141,55.9439,0.0],[-3.2151,55.9434,0.0],[-3.2156,55.9431,0.0],[-3.2161,55.9428,0.0],[-3.2163,55.9427,0.0],[-3.2164,55.9427,0.0],[-3.2165,55.9428,0.0],[-3.2164,55.9429,0.0],[-3.2163,55.9429,0.0],[-3.2162,55.943,0.0],[-3.2161,55.9431,0.0],[-3.216,55.9432,0.0],[-3.2159,55.9433,0.0],[-3.2159,55.9434,0.0],[-3.2158,55.9434,0.0],[-3.2158,55.9435,0.0],[-3.2157,55.9436,0.0],[-3.2157,55.9437,0.0],[-3.2157,55.9438,0.0],[-3.2156,55.9438,0.0],[-3.2156,55.9439,0.0],[-3.2156,55.944,0.0],[-3.2156,55.9441,0.0],[-3.2156,55.9442,0.0],[-3.2156,55.9443,0.0],[-3.2156,55.9444,0.0],[-3.2156,55.9445,0.0],[-3.2156,55.9446,0.0],[-3.2157,55.9446,0.0],[-3.2157,55.9447,0.0],[-3.2157,55.9448,0.0],[-3.2158,55.9449,0.0],[-3.2159,55.945,0.0],[-3.2159,55.9451,0.0],[-3.216,55.9451,0.0],[-3.216,55.9452,0.0],[-3.2161,55.9452,0.0],[-3.2163,55.9452,0.0],[-3.2164,55.9453,0.0],[-3.2165,55.9453,0.0],[-3.2167,55.9453,0.0],[-3.2168,55.9454,0.0],[-3.2169,55.9454,0.0],[-3.2168,55.9455,0.0],[-3.217,55.9456,0.0],[-3.2171,55.9455,0.0],[-3.2174,55.9455,0.0],[-3.2176,55.9454,0.0],[-3.2177,55.9454,0.0],[-3.218,55.9454,0.0],[-3.218,55.9453,0.0],[-3.2181,55.9453,0.0],[-3.2182,55.9453,0.0],[-3.2183,55.9453,0.0],[-3.2184,55.9453,0.0],[-3.2187,55.9452,0.0],[-3.2188,55.9452,0.0],[-3.219,55.9451,0.0],[-3.2191,55.9451,0.0],[-3.2192,55.9451,0.0],[-3.2198,55.945,0.0],[-3.2199,55.945,0.0],[-3.22,55.945,0.0],[-3.2204,55.9449,0.0],[-3.2209,55.9448,0.0],[-3.2215,55.9447,0.0],[-3.2216,55.9447,0.0],[-3.2218,55.9447,0.0],[-3.2222,55.9446,0.0],[-3.2224,55.9445,0.0],[-3.2225,55.9445,0.0],[-3.2226,55.9445,0.0],[-3.2227,55.9445,0.0]]]]}},{"type":"Feature","properties":{"uesi_id":"GBR_R1920901","nbhd_code":"GBR_R1920901_12","nbhd_name":"Leith Walk"},"geometry":{"type":"MultiPolygon","coordinates":[[[[-3.1796,55.973,0.0],[-3.1796,55.9729,0.0],[-3.1795,55.9729,0.0],[-3.1793,55.9729,0.0],[-3.1792,55.9729,0.0],[-3.1789,55.9727,0.0],[-3.1786,55.9727,0.0],[-3.1784,55.9726,0.0],[-3.1785,55.9725,0.0],[-3.1786,55.9725,0.0],[-3.1787,55.9724,0.0],[-3.1792,55.972,0.0],[-3.1786,55.9719,0.0],[-3.1783,55.9718,0.0],[-3.1781,55.9717,0.0],[-3.178,55.9717,0.0],[-3.1776,55.9716,0.0],[-3.1775,55.9716,0.0],[-3.1774,55.9715,0.0],[-3.1776,55.9715,0.0],[-3.1779,55.9714,0.0],[-3.1783,55.9712,0.0],[-3.1785,55.9712,0.0],[-3.1786,55.9712,0.0],[-3.1792,55.971,0.0],[-3.1795,55.9709,0.0],[-3.1793,55.9707,0.0],[-3.1792,55.9707,0.0],[-3.1792,55.9706,0.0],[-3.1791,55.9706,0.0],[-3.1788,55.9703,0.0],[-3.1786,55.9702,0.0],[-3.1785,55.9701,0.0],[-3.1784,55.97,0.0],[-3.1783,55.9699,0.0],[-3.1782,55.9699,0.0],[-3.1781,55.9698,0.0],[-3.1779,55.9698,0.0],[-3.1777,55.9697,0.0],[-3.1776,55.9697,0.0],[-3.1771,55.9695,0.0],[-3.177,55.9695,0.0],[-3.1767,55.9694,0.0],[-3.1765,55.9693,0.0],[-3.1764,55.9693,0.0],[-3.1764,55.9694,0.0],[-3.1763,55.9694,0.0],[-3.1763,55.9695,0.0],[-3.1762,55.9695,0.0],[-3.1748,55.9692,0.0],[-3.1743,55.9691,0.0],[-3.1741,55.9691,0.0],[-3.174,55.9692,0.0],[-3.1739,55.9692,0.0],[-3.1739,55.9691,0.0],[-3.1732,55.969,0.0],[-3.1731,55.9691,0.0],[-3.173,55.9691,0.0],[-3.1728,55.969,0.0],[-3.1726,55.969,0.0],[-3.1722,55.9689,0.0],[-3.1717,55.9687,0.0],[-3.1715,55.9686,0.0],[-3.1713,55.9686,0.0],[-3.1711,55.9685,0.0],[-3.1704,55.9683,0.0],[-3.1703,55.9682,0.0],[-3.1701,55.9682,0.0],[-3.17,55.9681,0.0],[-3.1697,55.968,0.0],[-3.1688,55.9677,0.0],[-3.1685,55.968,0.0],[-3.1684,55.968,0.0],[-3.1684,55.9681,0.0],[-3.1682,55.9682,0.0],[-3.1681,55.9683,0.0],[-3.1679,55.9685,0.0],[-3.1677,55.9686,0.0],[-3.1676,55.9687,0.0],[-3.1676,55.9688,0.0],[-3.1675,55.9689,0.0],[-3.1672,55.969,0.0],[-3.1671,55.969,0.0],[-3.167,55.9689,0.0],[-3.1669,55.9689,0.0],[-3.1668,55.9688,0.0],[-3.1667,55.9688,0.0],[-3.1665,55.9686,0.0],[-3.1663,55.9684,0.0],[-3.1661,55.9683,0.0],[-3.166,55.9682,0.0],[-3.1659,55.9681,0.0],[-3.1659,55.968,0.0],[-3.1657,55.9679,0.0],[-3.1656,55.9678,0.0],[-3.1658,55.9678,0.0],[-3.166,55.9677,0.0],[-3.1662,55.9677,0.0],[-3.1663,55.9676,0.0],[-3.1664,55.9676,0.0],[-3.1664,55.9677,0.0],[-3.1664,55.9678,0.0],[-3.1665,55.9678,0.0],[-3.1667,55.9678,0.0],[-3.1668,55.9678,0.0],[-3.167,55.9678,0.0],[-3.1671,55.9677,0.0],[-3.1672,55.9677,0.0],[-3.1673,55.9676,0.0],[-3.1675,55.9675,0.0],[-3.1676,55.9673,0.0],[-3.1677,55.9672,0.0],[-3.1679,55.9671,0.0],[-3.1679,55.967,0.0],[-3.168,55.967,0.0],[-3.168,55.9669,0.0],[-3.1681,55.9669,0.0],[-3.1682,55.9669,0.0],[-3.1683,55.9669,0.0],[-3.1683,55.9668,0.0],[-3.1682,55.9667,0.0],[-3.1681,55.9667,0.0],[-3.168,55.9666,0.0],[-3.1679,55.9665,0.0],[-3.1678,55.9664,0.0],[-3.1677,55.9663,0.0],[-3.1676,55.9662,0.0],[-3.1674,55.966,0.0],[-3.1675,55.966,0.0],[-3.1676,55.966,0.0],[-3.1677,55.9659,0.0],[-3.1678,55.9659,0.0],[-3.168,55.9658,0.0],[-3.1678,55.9657,0.0],[-3.1675,55.9654,0.0],[-3.1674,55.9654,0.0],[-3.1674,55.9653,0.0],[-3.1673,55.9653,0.0],[-3.1673,55.9652,0.0],[-3.1672,55.9652,0.0],[-3.1669,55.965,0.0],[-3.1669,55.9649,0.0],[-3.1665,55.9647,0.0],[-3.1661,55.9644,0.0],[-3.1659,55.9642,0.0],[-3.1658,55.9642,0.0],[-3.1657,55.9642,0.0],[-3.1657,55.9641,0.0],[-3.1656,55.9641,0.0],[-3.1655,55.9641,0.0],[-3.1654,55.964,0.0],[-3.1652,55.9639,0.0],[-3.165,55.9639,0.0],[-3.1649,55.9639,0.0],[-3.1648,55.9638,0.0],[-3.1646,55.9638,0.0],[-3.1645,55.9638,0.0],[-3.1644,55.9637,0.0],[-3.1642,55.9637,0.0],[-3.1641,55.9637,0.0],[-3.164,55.9637,0.0],[-3.1639,55.9637,0.0],[-3.1638,55.9637,0.0],[-3.1636,55.9637,0.0],[-3.1631,55.9637,0.0],[-3.163,55.9637,0.0],[-3.163,55.9636,0.0],[-3.163,55.9635,0.0],[-3.1629,55.9634,0.0],[-3.1629,55.9633,0.0],[-3.163,55.9633,0.0],[-3.1631,55.9633,0.0],[-3.1634,55.9633,0.0],[-3.1636,55.9633,0.0],[-3.1638,55.9632,0.0],[-3.1639,55.9632,0.0],[-3.1642,55.9631,0.0],[-3.1643,55.9631,0.0],[-3.1647,55.963,0.0],[-3.1648,55.963,0.0],[-3.1647,55.9629,0.0],[-3.1647,55.9628,0.0],[-3.1646,55.9628,0.0],[-3.1646,55.9627,0.0],[-3.1645,55.9626,0.0],[-3.1645,55.9625,0.0],[-3.1643,55.9624,0.0],[-3.164,55.962,0.0],[-3.1636,55.962,0.0],[-3.1636,55.9619,0.0],[-3.1638,55.9616,0.0],[-3.1638,55.9615,0.0],[-3.164,55.9616,0.0],[-3.1641,55.9613,0.0],[-3.1642,55.9613,0.0],[-3.1647,55.9607,0.0],[-3.1647,55.9606,0.0],[-3.1648,55.9606,0.0],[-3.165,55.9605,0.0],[-3.1649,55.9605,0.0],[-3.1645,55.9604,0.0],[-3.1644,55.9603,0.0],[-3.1641,55.9602,0.0],[-3.1643,55.9601,0.0],[-3.1644,55.96,0.0],[-3.1645,55.96,0.0],[-3.1645,55.9599,0.0],[-3.1646,55.9599,0.0],[-3.1646,55.9598,0.0],[-3.1647,55.9598,0.0],[-3.1648,55.9597,0.0],[-3.1649,55.9597,0.0],[-3.165,55.9597,0.0],[-3.1654,55.9599,0.0],[-3.1656,55.9599,0.0],[-3.166,55.96,0.0],[-3.1661,55.9601,0.0],[-3.1662,55.9601,0.0],[-3.1664,55.9601,0.0],[-3.1664,55.9602,0.0],[-3.1668,55.9603,0.0],[-3.1669,55.9603,0.0],[-3.167,55.9603,0.0],[-3.1671,55.9604,0.0],[-3.1672,55.9604,0.0],[-3.1673,55.9604,0.0],[-3.1674,55.9605,0.0],[-3.1675,55.9605,0.0],[-3.1676,55.9605,0.0],[-3.1679,55.9606,0.0],[-3.1683,55.9607,0.0],[-3.1684,55.9607,0.0],[-3.1685,55.9607,0.0],[-3.1686,55.9607,0.0],[-3.1687,55.9606,0.0],[-3.1688,55.9606,0.0],[-3.1687,55.9605,0.0],[-3.1685,55.9604,0.0],[-3.1684,55.9603,0.0],[-3.1683,55.9603,0.0],[-3.1683,55.9602,0.0],[-3.1682,55.9602,0.0],[-3.1682,55.9601,0.0],[-3.1681,55.9601,0.0],[-3.1681,55.96,0.0],[-3.168,55.96,0.0],[-3.1677,55.9597,0.0],[-3.1676,55.9596,0.0],[-3.1676,55.9595,0.0],[-3.1675,55.9595,0.0],[-3.1675,55.9594,0.0],[-3.1674,55.9593,0.0],[-3.1674,55.9592,0.0],[-3.1673,55.9591,0.0],[-3.1673,55.959,0.0],[-3.1672,55.9589,0.0],[-3.1672,55.9588,0.0],[-3.1672,55.9587,0.0],[-3.1672,55.9586,0.0],[-3.1672,55.9585,0.0],[-3.1671,55.9585,0.0],[-3.1671,55.9584,0.0],[-3.1671,55.9583,0.0],[-3.1672,55.9582,0.0],[-3.1672,55.9581,0.0],[-3.1672,55.958,0.0],[-3.1672,55.9579,0.0],[-3.1672,55.9578,0.0],[-3.1672,55.9577,0.0],[-3.1673,55.9577,0.0],[-3.1673,55.9576,0.0],[-3.1673,55.9575,0.0],[-3.1674,55.9575,0.0],[-3.1674,55.9574,0.0],[-3.1674,55.9573,0.0],[-3.1675,55.9573,0.0],[-3.1681,55.9573,0.0],[-3.1682,55.9573,0.0],[-3.1685,55.9573,0.0],[-3.1691,55.9573,0.0],[-3.1692,55.9573,0.0],[-3.1696,55.9574,0.0],[-3.1697,55.9574,0.0],[-3.1699,55.9574,0.0],[-3.17,55.9574,0.0],[-3.1702,55.9575,0.0],[-3.1707,55.9575,0.0],[-3.1708,55.9575,0.0],[-3.1713,55.9576,0.0],[-3.1714,55.9576,0.0],[-3.1717,55.9576,0.0],[-3.1719,55.9576,0.0],[-3.172,55.9576,0.0],[-3.1721,55.9576,0.0],[-3.1726,55.9576,0.0],[-3.1729,55.9576,0.0],[-3.1738,55.9577,0.0],[-3.1748,55.9577,0.0],[-3.1755,55.9577,0.0],[-3.1758,55.9577,0.0],[-3.176,55.9577,0.0],[-3.1762,55.9577,0.0],[-3.1763,55.9577,0.0],[-3.1774,55.9577,0.0],[-3.1781,55.9577,0.0],[-3.1786,55.9578,0.0],[-3.1806,55.9578,0.0],[-3.1819,55.9578,0.0],[-3.1824,55.9579,0.0],[-3.1826,55.9579,0.0],[-3.183,55.9579,0.0],[-3.1832,55.9579,0.0],[-3.1839,55.9579,0.0],[-3.1842,55.9579,0.0],[-3.1845,55.958,0.0],[-3.1845,55.9582,0.0],[-3.1844,55.9583,0.0],[-3.1843,55.9584,0.0],[-3.1842,55.9585,0.0],[-3.1838,55.9589,0.0],[-3.1838,55.959,0.0],[-3.1837,55.959,0.0],[-3.1836,55.9591,0.0],[-3.1834,55.9593,0.0],[-3.1832,55.9594,0.0],[-3.1831,55.9595,0.0],[-3.1832,55.9595,0.0],[-3.1834,55.9597,0.0],[-3.1837,55.9599,0.0],[-3.184,55.96,0.0],[-3.1844,55.9603,0.0],[-3.1846,55.9604,0.0],[-3.1847,55.9605,0.0],[-3.1848,55.9605,0.0],[-3.1849,55.9604,0.0],[-3.185,55.9604,0.0],[-3.1852,55.9604,0.0],[-3.1853,55.9604,0.0],[-3.1855,55.9606,0.0],[-3.1856,55.9606,0.0],[-3.1859,55.9605,0.0],[-3.1859,55.9606,0.0],[-3.1862,55.9605,0.0],[-3.1868,55.9604,0.0],[-3.1869,55.9604,0.0],[-3.187,55.9605,0.0],[-3.1871,55.9605,0.0],[-3.1874,55.9605,0.0],[-3.1878,55.9604,0.0],[-3.1878,55.9603,0.0],[-3.188,55.9602,0.0],[-3.1881,55.9602,0.0],[-3.1886,55.9601,0.0],[-3.1887,55.9602,0.0],[-3.1888,55.9602,0.0],[-3.1891,55.9601,0.0],[-3.1893,55.9601,0.0],[-3.1894,55.9601,0.0],[-3.1894,55.9602,0.0],[-3.1895,55.9602,0.0],[-3.1895,55.9603,0.0],[-3.1897,55.9602,0.0],[-3.1896,55.9601,0.0],[-3.1897,55.9601,0.0],[-3.1898,55.9601,0.0],[-3.1898,55.96,0.0],[-3.1899,55.96,0.0],[-3.1906,55.96,0.0],[-3.1911,55.9599,0.0],[-3.1912,55.9599,0.0],[-3.1914,55.9599,0.0],[-3.1914,55.9598,0.0],[-3.1915,55.9599,0.0],[-3.1917,55.9601,0.0],[-3.1918,55.9601,0.0],[-3.1919,55.9602,0.0],[-3.1921,55.9603,0.0],[-3.1922,55.9603,0.0],[-3.1929,55.9607,0.0],[-3.1931,55.9607,0.0],[-3.1933,55.9609,0.0],[-3.1934,55.9609,0.0],[-3.1941,55.9613,0.0],[-3.1943,55.9614,0.0],[-3.1944,55.9614,0.0],[-3.1946,55.9615,0.0],[-3.1947,55.9615,0.0],[-3.1948,55.9616,0.0],[-3.1949,55.9617,0.0],[-3.1952,55.9618,0.0],[-3.1956,55.9619,0.0],[-3.1957,55.962,0.0],[-3.1959,55.962,0.0],[-3.1959,55.9621,0.0],[-3.196,55.9621,0.0],[-3.1962,55.9622,0.0],[-3.1964,55.9622,0.0],[-3.1967,55.9624,0.0],[-3.1969,55.9624,0.0],[-3.1973,55.9625,0.0],[-3.1977,55.9625,0.0],[-3.1979,55.9626,0.0],[-3.198,55.9626,0.0],[-3.1987,55.9625,0.0],[-3.1988,55.9625,0.0],[-3.1989,55.9625,0.0],[-3.199,55.9625,0.0],[-3.1992,55.9625,0.0],[-3.1993,55.9626,0.0],[-3.1995,55.9626,0.0],[-3.1996,55.9627,0.0],[-3.1998,55.9628,0.0],[-3.2,55.9628,0.0],[-3.1999,55.9629,0.0],[-3.1997,55.9631,0.0],[-3.1995,55.9632,0.0],[-3.1994,55.9633,0.0],[-3.1993,55.9635,0.0],[-3.199,55.9641,0.0],[-3.199,55.9644,0.0],[-3.199,55.9649,0.0],[-3.199,55.9653,0.0],[-3.1989,55.9654,0.0],[-3.1989,55.9655,0.0],[-3.1987,55.9657,0.0],[-3.1984,55.9661,0.0],[-3.1983,55.9661,0.0],[-3.1983,55.9662,0.0],[-3.1982,55.9662,0.0],[-3.1981,55.9663,0.0],[-3.1977,55.9664,0.0],[-3.1974,55.9665,0.0],[-3.1971,55.9667,0.0],[-3.1969,55.9667,0.0],[-3.1968,55.9668,0.0],[-3.1967,55.9668,0.0],[-3.1965,55.9669,0.0],[-3.1963,55.967,0.0],[-3.1961,55.9671,0.0],[-3.1957,55.9673,0.0],[-3.1955,55.9674,0.0],[-3.1954,55.9674,0.0],[-3.1952,55.9675,0.0],[-3.1949,55.9675,0.0],[-3.1942,55.9676,0.0],[-3.194,55.9676,0.0],[-3.1939,55.9676,0.0],[-3.1938,55.9676,0.0],[-3.1934,55.9676,0.0],[-3.1929,55.9676,0.0],[-3.1926,55.9675,0.0],[-3.1924,55.9675,0.0],[-3.1922,55.9675,0.0],[-3.1921,55.9675,0.0],[-3.1918,55.9675,0.0],[-3.1918,55.9676,0.0],[-3.1915,55.9676,0.0],[-3.1911,55.9678,0.0],[-3.1908,55.9679,0.0],[-3.1907,55.9679,0.0],[-3.1906,55.9679,0.0],[-3.1901,55.968,0.0],[-3.1899,55.968,0.0],[-3.1896,55.9681,0.0],[-3.1895,55.9681,0.0],[-3.1896,55.9682,0.0],[-3.1897,55.9682,0.0],[-3.1897,55.9683,0.0],[-3.19,55.9685,0.0],[-3.1901,55.9685,0.0],[-3.1902,55.9686,0.0],[-3.1905,55.9688,0.0],[-3.1906,55.9688,0.0],[-3.1906,55.9689,0.0],[-3.1909,55.9691,0.0],[-3.1913,55.9693,0.0],[-3.1914,55.9694,0.0],[-3.1915,55.9695,0.0],[-3.1917,55.9696,0.0],[-3.1919,55.9698,0.0],[-3.1921,55.9699,0.0],[-3.1922,55.97,0.0],[-3.1923,55.97,0.0],[-3.1923,55.9701,0.0],[-3.1924,55.9701,0.0],[-3.1926,55.9702,0.0],[-3.1926,55.9703,0.0],[-3.1928,55.9703,0.0],[-3.1929,55.9703,0.0],[-3.193,55.9703,0.0],[-3.193,55.9704,0.0],[-3.1931,55.9704,0.0],[-3.1932,55.9704,0.0],[-3.1932,55.9705,0.0],[-3.1933,55.9705,0.0],[-3.1934,55.9706,0.0],[-3.1934,55.9707,0.0],[-3.1935,55.9707,0.0],[-3.1936,55.9707,0.0],[-3.1936,55.9708,0.0],[-3.1937,55.9708,0.0],[-3.1938,55.9708,0.0],[-3.194,55.971,0.0],[-3.1941,55.971,0.0],[-3.1942,55.971,0.0],[-3.1943,55.9711,0.0],[-3.1944,55.9712,0.0],[-3.1945,55.9713,0.0],[-3.1946,55.9713,0.0],[-3.1946,55.9714,0.0],[-3.1947,55.9714,0.0],[-3.1948,55.9715,0.0],[-3.1949,55.9716,0.0],[-3.195,55.9716,0.0],[-3.195,55.9717,0.0],[-3.1951,55.9717,0.0],[-3.1952,55.9717,0.0],[-3.1952,55.9718,0.0],[-3.1954,55.9719,0.0],[-3.1955,55.9719,0.0],[-3.1956,55.972,0.0],[-3.1957,55.972,0.0],[-3.1958,55.9721,0.0],[-3.196,55.9722,0.0],[-3.1961,55.9722,0.0],[-3.1963,55.9723,0.0],[-3.1964,55.9723,0.0],[-3.1965,55.9724,0.0],[-3.1966,55.9724,0.0],[-3.1967,55.9725,0.0],[-3.1969,55.9725,0.0],[-3.197,55.9725,0.0],[-3.1972,55.9726,0.0],[-3.1973,55.9726,0.0],[-3.1974,55.9727,0.0],[-3.1967,55.9728,0.0],[-3.1953,55.973,0.0],[-3.1951,55.973,0.0],[-3.1948,55.9731,0.0],[-3.1947,55.9731,0.0],[-3.194,55.9732,0.0],[-3.1932,55.9733,0.0],[-3.1924,55.9734,0.0],[-3.192,55.9735,0.0],[-3.1908,55.9736,0.0],[-3.1907,55.9737,0.0],[-3.1891,55.9739,0.0],[-3.1875,55.9741,0.0],[-3.1873,55.9741,0.0],[-3.1867,55.9742,0.0],[-3.1864,55.9743,0.0],[-3.1863,55.9743,0.0],[-3.1859,55.9743,0.0],[-3.1854,55.9744,0.0],[-3.184,55.9746,0.0],[-3.1838,55.9747,0.0],[-3.1836,55.9747,0.0],[-3.1829,55.9748,0.0],[-3.1823,55.9749,0.0],[-3.1821,55.9749,0.0],[-3.1818,55.975,0.0],[-3.1812,55.975,0.0],[-3.1812,55.9751,0.0],[-3.1811,55.9751,0.0],[-3.1805,55.9746,0.0],[-3.1801,55.9743,0.0],[-3.1802,55.9743,0.0],[-3.1803,55.9742,0.0],[-3.1807,55.9741,0.0],[-3.1809,55.974,0.0],[-3.181,55.9739,0.0],[-3.1812,55.9739,0.0],[-3.1812,55.9738,0.0],[-3.1812,55.9737,0.0],[-3.1811,55.9736,0.0],[-3.1811,55.9735,0.0],[-3.1809,55.9735,0.0],[-3.1808,55.9734,0.0],[-3.1807,55.9733,0.0],[-3.1806,55.9733,0.0],[-3.1804,55.9732,0.0],[-3.18,55.9731,0.0],[-3.1798,55.9731,0.0],[-3.1797,55.973,0.0],[-3.1796,55.973,0.0]]]]}},{"type":"Feature","properties":{"uesi_id":"GBR_R1920901","nbhd_code":"GBR_R1920901_13","nbhd_name":"Leith"},"geometry":{"type":"MultiPolygon","coordinates":[[[[-3.1889,55.978,0.0],[-3.1891,55.978,0.0],[-3.1892,55.978,0.0],[-3.1894,55.978,0.0],[-3.1895,55.978,0.0],[-3.1897,55.978,0.0],[-3.1898,55.978,0.0],[-3.1899,55.978,0.0],[-3.19,55.978,0.0],[-3.1901,55.978,0.0],[-3.1902,55.978,0.0],[-3.1903,55.978,0.0],[-3.1904,55.9779,0.0],[-3.1906,55.9779,0.0],[-3.1907,55.9779,0.0],[-3.1908,55.9779,0.0],[-3.1909,55.9779,0.0],[-3.191,55.9779,0.0],[-3.1911,55.9779,0.0],[-3.1911,55.978,0.0],[-3.1912,55.9781,0.0],[-3.1912,55.9782,0.0],[-3.1911,55.9782,0.0],[-3.191,55.9782,0.0],[-3.1907,55.9783,0.0],[-3.1905,55.9783,0.0],[-3.1904,55.9784,0.0],[-3.1903,55.9784,0.0],[-3.1902,55.9784,0.0],[-3.19,55.9785,0.0],[-3.1899,55.9785,0.0],[-3.1898,55.9786,0.0],[-3.1897,55.9786,0.0],[-3.1897,55.9787,0.0],[-3.1896,55.9787,0.0],[-3.1895,55.9787,0.0],[-3.1893,55.9787,0.0],[-3.1892,55.9788,0.0],[-3.189,55.9788,0.0],[-3.1888,55.9788,0.0],[-3.1886,55.9789,0.0],[-3.1884,55.9789,0.0],[-3.1882,55.979,0.0],[-3.1881,55.979,0.0],[-3.188,55.979,0.0],[-3.1879,55.9791,0.0],[-3.1878,55.9791,0.0],[-3.1877,55.9791,0.0],[-3.1876,55.9792,0.0],[-3.1875,55.9792,0.0],[-3.1874,55.9792,0.0],[-3.1873,55.9792,0.0],[-3.1872,55.9792,0.0],[-3.1871,55.9793,0.0],[-3.187,55.9793,0.0],[-3.1869,55.9793,0.0],[-3.187,55.9794,0.0],[-3.1871,55.9794,0.0],[-3.1871,55.9795,0.0],[-3.1872,55.9795,0.0],[-3.1873,55.9796,0.0],[-3.1874,55.9796,0.0],[-3.1874,55.9797,0.0],[-3.1875,55.9798,0.0],[-3.188,55.9798,0.0],[-3.1882,55.9798,0.0],[-3.1891,55.9799,0.0],[-3.1893,55.9799,0.0],[-3.1896,55.98,0.0],[-3.1899,55.9801,0.0],[-3.19,55.9801,0.0],[-3.1901,55.9801,0.0],[-3.1905,55.9802,0.0],[-3.1908,55.9803,0.0],[-3.1908,55.9804,0.0],[-3.1909,55.9804,0.0],[-3.191,55.9804,0.0],[-3.1911,55.9805,0.0],[-3.1912,55.9805,0.0],[-3.1915,55.9806,0.0],[-3.1916,55.9806,0.0],[-3.1917,55.9806,0.0],[-3.1918,55.9807,0.0],[-3.192,55.9807,0.0],[-3.192,55.9808,0.0],[-3.1921,55.9809,0.0],[-3.1922,55.981,0.0],[-3.1925,55.9811,0.0],[-3.1925,55.9812,0.0],[-3.1926,55.9812,0.0],[-3.1927,55.9812,0.0],[-3.1934,55.9816,0.0],[-3.1936,55.9817,0.0],[-3.1937,55.9817,0.0],[-3.1938,55.9818,0.0],[-3.1939,55.9818,0.0],[-3.194,55.9819,0.0],[-3.1941,55.982,0.0],[-3.1941,55.9821,0.0],[-3.1941,55.9822,0.0],[-3.1941,55.9824,0.0],[-3.1941,55.9826,0.0],[-3.194,55.9828,0.0],[-3.194,55.9832,0.0],[-3.194,55.9834,0.0],[-3.1939,55.9834,0.0],[-3.1939,55.9835,0.0],[-3.1938,55.9836,0.0],[-3.1938,55.9837,0.0],[-3.1937,55.9837,0.0],[-3.1936,55.9838,0.0],[-3.1935,55.9838,0.0],[-3.1934,55.9839,0.0],[-3.1932,55.984,0.0],[-3.1931,55.984,0.0],[-3.1929,55.9841,0.0],[-3.1927,55.9841,0.0],[-3.1932,55.9845,0.0],[-3.1932,55.9846,0.0],[-3.1934,55.9847,0.0],[-3.1936,55.9849,0.0],[-3.1938,55.9851,0.0],[-3.194,55.9851,0.0],[-3.1941,55.9852,0.0],[-3.1941,55.9853,0.0],[-3.1946,55.9856,0.0],[-3.1877,55.9884,0.0],[-3.1856,55.9893,0.0],[-3.185,55.9895,0.0],[-3.184,55.9905,0.0],[-3.183,55.9914,0.0],[-3.183,55.9915,0.0],[-3.1829,55.9916,0.0],[-3.1828,55.9916,0.0],[-3.1826,55.9917,0.0],[-3.1824,55.9917,0.0],[-3.1823,55.9917,0.0],[-3.182,55.9916,0.0],[-3.1818,55.9915,0.0],[-3.1802,55.9904,0.0],[-3.1801,55.9904,0.0],[-3.1798,55.9903,0.0],[-3.1793,55.9901,0.0],[-3.1791,55.99,0.0],[-3.1791,55.9899,0.0],[-3.179,55.9899,0.0],[-3.1789,55.9899,0.0],[-3.1788,55.9898,0.0],[-3.1783,55.9896,0.0],[-3.178,55.9895,0.0],[-3.1776,55.9894,0.0],[-3.1775,55.9893,0.0],[-3.1773,55.9893,0.0],[-3.1765,55.9891,0.0],[-3.1759,55.9889,0.0],[-3.1756,55.9888,0.0],[-3.1753,55.9886,0.0],[-3.1745,55.9884,0.0],[-3.1744,55.9883,0.0],[-3.174,55.9882,0.0],[-3.1735,55.988,0.0],[-3.173,55.9879,0.0],[-3.1726,55.9878,0.0],[-3.1722,55.9878,0.0],[-3.1721,55.9877,0.0],[-3.172,55.9877,0.0],[-3.1717,55.9878,0.0],[-3.1715,55.9878,0.0],[-3.1713,55.9879,0.0],[-3.1711,55.9878,0.0],[-3.1709,55.9877,0.0],[-3.1705,55.9879,0.0],[-3.1704,55.9878,0.0],[-3.1703,55.9878,0.0],[-3.1702,55.9879,0.0],[-3.1704,55.9879,0.0],[-3.1699,55.9883,0.0],[-3.1697,55.9883,0.0],[-3.1695,55.9883,0.0],[-3.1694,55.9882,0.0],[-3.1693,55.9882,0.0],[-3.1693,55.9881,0.0],[-3.1694,55.988,0.0],[-3.1694,55.9879,0.0],[-3.1695,55.9879,0.0],[-3.1695,55.9878,0.0],[-3.1697,55.9878,0.0],[-3.1698,55.9877,0.0],[-3.1698,55.9876,0.0],[-3.1701,55.9875,0.0],[-3.1702,55.9875,0.0],[-3.1703,55.9875,0.0],[-3.1693,55.987,0.0],[-3.1687,55.9868,0.0],[-3.1684,55.9867,0.0],[-3.1681,55.9866,0.0],[-3.1674,55.9863,0.0],[-3.1663,55.9861,0.0],[-3.1657,55.9858,0.0],[-3.1653,55.9858,0.0],[-3.1645,55.9856,0.0],[-3.1642,55.9855,0.0],[-3.164,55.9854,0.0],[-3.1639,55.9854,0.0],[-3.1637,55.9854,0.0],[-3.1636,55.9853,0.0],[-3.1632,55.9852,0.0],[-3.1629,55.9852,0.0],[-3.1626,55.9852,0.0],[-3.1622,55.9852,0.0],[-3.1621,55.9853,0.0],[-3.162,55.9854,0.0],[-3.1623,55.9855,0.0],[-3.1624,55.9856,0.0],[-3.1623,55.9857,0.0],[-3.1624,55.9858,0.0],[-3.1624,55.9859,0.0],[-3.1624,55.986,0.0],[-3.1624,55.9861,0.0],[-3.1623,55.9861,0.0],[-3.1623,55.9862,0.0],[-3.1624,55.9863,0.0],[-3.1624,55.9864,0.0],[-3.1623,55.9864,0.0],[-3.1622,55.9865,0.0],[-3.1623,55.9865,0.0],[-3.1622,55.9866,0.0],[-3.1621,55.9866,0.0],[-3.1621,55.9867,0.0],[-3.1621,55.9868,0.0],[-3.1621,55.9869,0.0],[-3.162,55.987,0.0],[-3.1621,55.987,0.0],[-3.1621,55.9871,0.0],[-3.1622,55.9871,0.0],[-3.1622,55.9872,0.0],[-3.1621,55.9873,0.0],[-3.162,55.9873,0.0],[-3.162,55.9874,0.0],[-3.1619,55.9873,0.0],[-3.1618,55.9873,0.0],[-3.1615,55.9874,0.0],[-3.1614,55.9875,0.0],[-3.161,55.9876,0.0],[-3.1609,55.9876,0.0],[-3.1607,55.9876,0.0],[-3.1605,55.9876,0.0],[-3.1604,55.9875,0.0],[-3.1603,55.9875,0.0],[-3.1602,55.9874,0.0],[-3.1601,55.9874,0.0],[-3.16,55.9873,0.0],[-3.1599,55.9873,0.0],[-3.1598,55.9872,0.0],[-3.1597,55.9873,0.0],[-3.1596,55.9874,0.0],[-3.1597,55.9874,0.0],[-3.1596,55.9875,0.0],[-3.1597,55.9875,0.0],[-3.1597,55.9876,0.0],[-3.1596,55.9876,0.0],[-3.1597,55.9877,0.0],[-3.1596,55.9877,0.0],[-3.1597,55.9878,0.0],[-3.1596,55.9878,0.0],[-3.1596,55.9879,0.0],[-3.1595,55.9879,0.0],[-3.1596,55.9881,0.0],[-3.1595,55.9881,0.0],[-3.1594,55.9882,0.0],[-3.1593,55.9881,0.0],[-3.1592,55.9881,0.0],[-3.1592,55.988,0.0],[-3.1591,55.9879,0.0],[-3.159,55.9878,0.0],[-3.159,55.9877,0.0],[-3.1589,55.9876,0.0],[-3.1588,55.9875,0.0],[-3.1587,55.9875,0.0],[-3.1587,55.9874,0.0],[-3.1588,55.9874,0.0],[-3.1586,55.9873,0.0],[-3.1586,55.9872,0.0],[-3.1585,55.9871,0.0],[-3.1586,55.9871,0.0],[-3.1585,55.987,0.0],[-3.1584,55.9869,0.0],[-3.1583,55.9869,0.0],[-3.1583,55.9868,0.0],[-3.1583,55.9867,0.0],[-3.1582,55.9866,0.0],[-3.1582,55.9865,0.0],[-3.1581,55.9864,0.0],[-3.1581,55.9863,0.0],[-3.158,55.9862,0.0],[-3.1581,55.9861,0.0],[-3.1582,55.9862,0.0],[-3.1583,55.9862,0.0],[-3.1584,55.9862,0.0],[-3.1585,55.9862,0.0],[-3.1587,55.9861,0.0],[-3.1588,55.986,0.0],[-3.1587,55.9859,0.0],[-3.1586,55.9858,0.0],[-3.1584,55.9858,0.0],[-3.1583,55.9858,0.0],[-3.1577,55.9858,0.0],[-3.1576,55.9857,0.0],[-3.1574,55.9856,0.0],[-3.1571,55.9854,0.0],[-3.157,55.9854,0.0],[-3.1569,55.9854,0.0],[-3.1568,55.9853,0.0],[-3.1566,55.9852,0.0],[-3.1566,55.9851,0.0],[-3.1565,55.985,0.0],[-3.1566,55.9849,0.0],[-3.1567,55.9849,0.0],[-3.1566,55.9848,0.0],[-3.1567,55.9848,0.0],[-3.1566,55.9847,0.0],[-3.1568,55.9846,0.0],[-3.1569,55.9846,0.0],[-3.1573,55.9846,0.0],[-3.1573,55.9847,0.0],[-3.1575,55.9847,0.0],[-3.1576,55.9847,0.0],[-3.1578,55.9846,0.0],[-3.1577,55.9847,0.0],[-3.1578,55.9848,0.0],[-3.1579,55.9848,0.0],[-3.158,55.9849,0.0],[-3.1579,55.9849,0.0],[-3.158,55.985,0.0],[-3.1579,55.985,0.0],[-3.1579,55.9851,0.0],[-3.158,55.9852,0.0],[-3.1583,55.9853,0.0],[-3.1584,55.9853,0.0],[-3.1585,55.9854,0.0],[-3.1587,55.9854,0.0],[-3.1588,55.9854,0.0],[-3.1587,55.9853,0.0],[-3.1587,55.9852,0.0],[-3.1587,55.9851,0.0],[-3.1587,55.985,0.0],[-3.1586,55.9849,0.0],[-3.1585,55.9848,0.0],[-3.1585,55.9846,0.0],[-3.1585,55.9845,0.0],[-3.1586,55.9845,0.0],[-3.1587,55.9844,0.0],[-3.1589,55.9844,0.0],[-3.1591,55.9844,0.0],[-3.1592,55.9844,0.0],[-3.1592,55.9843,0.0],[-3.1591,55.9843,0.0],[-3.1591,55.9842,0.0],[-3.1589,55.9841,0.0],[-3.1588,55.984,0.0],[-3.1588,55.9839,0.0],[-3.1587,55.9838,0.0],[-3.1587,55.9837,0.0],[-3.1588,55.9836,0.0],[-3.1586,55.9836,0.0],[-3.1587,55.9835,0.0],[-3.1587,55.9834,0.0],[-3.1586,55.9834,0.0],[-3.1587,55.9833,0.0],[-3.1586,55.9833,0.0],[-3.1589,55.9832,0.0],[-3.1589,55.9831,0.0],[-3.1587,55.9832,0.0],[-3.1586,55.9832,0.0],[-3.1587,55.9831,0.0],[-3.1586,55.983,0.0],[-3.1587,55.9829,0.0],[-3.1587,55.9828,0.0],[-3.1577,55.9824,0.0],[-3.1574,55.9822,0.0],[-3.157,55.9821,0.0],[-3.1565,55.9819,0.0],[-3.1563,55.9817,0.0],[-3.1561,55.9815,0.0],[-3.1558,55.9812,0.0],[-3.1557,55.9808,0.0],[-3.1554,55.9807,0.0],[-3.1553,55.9807,0.0],[-3.1547,55.9806,0.0],[-3.1542,55.9805,0.0],[-3.1533,55.9804,0.0],[-3.1529,55.9805,0.0],[-3.1528,55.9805,0.0],[-3.1527,55.9806,0.0],[-3.1526,55.9806,0.0],[-3.1523,55.9807,0.0],[-3.1522,55.9807,0.0],[-3.1516,55.9806,0.0],[-3.1513,55.9806,0.0],[-3.1512,55.9806,0.0],[-3.151,55.9806,0.0],[-3.1508,55.9806,0.0],[-3.1505,55.9806,0.0],[-3.1503,55.9806,0.0],[-3.1498,55.9806,0.0],[-3.1497,55.9806,0.0],[-3.1498,55.9804,0.0],[-3.1499,55.9802,0.0],[-3.15,55.9801,0.0],[-3.15,55.98,0.0],[-3.1499,55.9799,0.0],[-3.1498,55.9799,0.0],[-3.1497,55.9799,0.0],[-3.1496,55.9799,0.0],[-3.1496,55.9798,0.0],[-3.1496,55.9797,0.0],[-3.1498,55.9796,0.0],[-3.15,55.9795,0.0],[-3.1502,55.9794,0.0],[-3.1502,55.9795,0.0],[-3.1503,55.9795,0.0],[-3.1505,55.9794,0.0],[-3.1508,55.9793,0.0],[-3.1511,55.9792,0.0],[-3.1513,55.979,0.0],[-3.1513,55.9789,0.0],[-3.1512,55.9789,0.0],[-3.1509,55.9789,0.0],[-3.1503,55.979,0.0],[-3.1501,55.979,0.0],[-3.1501,55.9789,0.0],[-3.1501,55.9787,0.0],[-3.1501,55.9786,0.0],[-3.1497,55.9782,0.0],[-3.1489,55.9776,0.0],[-3.1483,55.977,0.0],[-3.1481,55.9768,0.0],[-3.1478,55.9767,0.0],[-3.1472,55.9762,0.0],[-3.1469,55.976,0.0],[-3.1466,55.9756,0.0],[-3.1466,55.9755,0.0],[-3.1465,55.9754,0.0],[-3.1463,55.9753,0.0],[-3.1462,55.9752,0.0],[-3.146,55.9751,0.0],[-3.1459,55.975,0.0],[-3.1448,55.9746,0.0],[-3.1445,55.9745,0.0],[-3.1437,55.9742,0.0],[-3.143,55.9739,0.0],[-3.1414,55.9732,0.0],[-3.1405,55.9728,0.0],[-3.1397,55.9724,0.0],[-3.1389,55.9721,0.0],[-3.138,55.9717,0.0],[-3.1376,55.9714,0.0],[-3.1368,55.971,0.0],[-3.1363,55.9708,0.0],[-3.136,55.9706,0.0],[-3.1359,55.9706,0.0],[-3.1352,55.9704,0.0],[-3.1351,55.9703,0.0],[-3.1349,55.9702,0.0],[-3.1347,55.9701,0.0],[-3.1347,55.97,0.0],[-3.1348,55.9699,0.0],[-3.1348,55.9698,0.0],[-3.1349,55.9697,0.0],[-3.1351,55.9695,0.0],[-3.1352,55.9694,0.0],[-3.1352,55.9693,0.0],[-3.1353,55.9693,0.0],[-3.1353,55.9692,0.0],[-3.1353,55.9691,0.0],[-3.1353,55.969,0.0],[-3.1353,55.9689,0.0],[-3.1352,55.9689,0.0],[-3.135,55.9688,0.0],[-3.135,55.9687,0.0],[-3.1349,55.9687,0.0],[-3.1348,55.9686,0.0],[-3.1347,55.9685,0.0],[-3.1347,55.9684,0.0],[-3.1347,55.9683,0.0],[-3.1348,55.9682,0.0],[-3.1349,55.9681,0.0],[-3.135,55.968,0.0],[-3.1351,55.9679,0.0],[-3.1351,55.9678,0.0],[-3.1352,55.9678,0.0],[-3.1353,55.9677,0.0],[-3.1358,55.9679,0.0],[-3.136,55.9679,0.0],[-3.1361,55.968,0.0],[-3.1363,55.968,0.0],[-3.1364,55.968,0.0],[-3.1365,55.968,0.0],[-3.1367,55.968,0.0],[-3.1368,55.9679,0.0],[-3.137,55.968,0.0],[-3.1373,55.9681,0.0],[-3.1376,55.9682,0.0],[-3.1377,55.9682,0.0],[-3.1378,55.9682,0.0],[-3.138,55.9683,0.0],[-3.1383,55.9684,0.0],[-3.1387,55.9685,0.0],[-3.139,55.9686,0.0],[-3.1391,55.9686,0.0],[-3.1392,55.9686,0.0],[-3.1393,55.9686,0.0],[-3.1394,55.9687,0.0],[-3.1396,55.9687,0.0],[-3.1399,55.9687,0.0],[-3.14,55.9688,0.0],[-3.1401,55.9688,0.0],[-3.1407,55.9689,0.0],[-3.1409,55.9689,0.0],[-3.1411,55.9689,0.0],[-3.1414,55.969,0.0],[-3.1416,55.969,0.0],[-3.1418,55.969,0.0],[-3.142,55.969,0.0],[-3.1421,55.9691,0.0],[-3.1422,55.9691,0.0],[-3.1423,55.9691,0.0],[-3.1424,55.9691,0.0],[-3.1428,55.9692,0.0],[-3.143,55.9692,0.0],[-3.1434,55.9693,0.0],[-3.1435,55.9693,0.0],[-3.1437,55.9694,0.0],[-3.1439,55.9694,0.0],[-3.144,55.9694,0.0],[-3.1441,55.9695,0.0],[-3.1444,55.9695,0.0],[-3.1446,55.9696,0.0],[-3.1448,55.9695,0.0],[-3.1452,55.9691,0.0],[-3.1453,55.9692,0.0],[-3.1454,55.9692,0.0],[-3.1455,55.9692,0.0],[-3.1455,55.9691,0.0],[-3.1456,55.9691,0.0],[-3.1457,55.9691,0.0],[-3.1457,55.9692,0.0],[-3.1458,55.9692,0.0],[-3.1459,55.9692,0.0],[-3.146,55.9693,0.0],[-3.1461,55.9693,0.0],[-3.1462,55.9693,0.0],[-3.1462,55.9694,0.0],[-3.1463,55.9694,0.0],[-3.1464,55.9694,0.0],[-3.1465,55.9694,0.0],[-3.1466,55.9694,0.0],[-3.1467,55.9693,0.0],[-3.1468,55.9693,0.0],[-3.1468,55.9692,0.0],[-3.1468,55.9691,0.0],[-3.1469,55.9691,0.0],[-3.1469,55.969,0.0],[-3.1469,55.9689,0.0],[-3.1469,55.9688,0.0],[-3.1468,55.9688,0.0],[-3.1468,55.9687,0.0],[-3.1468,55.9686,0.0],[-3.1468,55.9685,0.0],[-3.1468,55.9684,0.0],[-3.1469,55.9683,0.0],[-3.147,55.9682,0.0],[-3.147,55.9681,0.0],[-3.1471,55.9681,0.0],[-3.1471,55.968,0.0],[-3.1472,55.968,0.0],[-3.1472,55.9679,0.0],[-3.1473,55.9679,0.0],[-3.1474,55.9679,0.0],[-3.1474,55.9678,0.0],[-3.1475,55.9677,0.0],[-3.1476,55.9677,0.0],[-3.1477,55.9676,0.0],[-3.1478,55.9676,0.0],[-3.1479,55.9675,0.0],[-3.148,55.9675,0.0],[-3.1481,55.9674,0.0],[-3.1482,55.9673,0.0],[-3.1483,55.9673,0.0],[-3.1483,55.9672,0.0],[-3.1484,55.9672,0.0],[-3.1485,55.9672,0.0],[-3.1485,55.9671,0.0],[-3.1486,55.9671,0.0],[-3.1487,55.9671,0.0],[-3.1488,55.967,0.0],[-3.1489,55.967,0.0],[-3.149,55.967,0.0],[-3.1491,55.9669,0.0],[-3.1492,55.9669,0.0],[-3.1493,55.9669,0.0],[-3.1494,55.9669,0.0],[-3.1494,55.9668,0.0],[-3.1495,55.9668,0.0],[-3.1496,55.9668,0.0],[-3.1497,55.9668,0.0],[-3.1498,55.9668,0.0],[-3.1499,55.9667,0.0],[-3.15,55.9667,0.0],[-3.1502,55.9667,0.0],[-3.1503,55.9667,0.0],[-3.1504,55.9667,0.0],[-3.1505,55.9666,0.0],[-3.1506,55.9666,0.0],[-3.1507,55.9666,0.0],[-3.1508,55.9666,0.0],[-3.1509,55.9666,0.0],[-3.151,55.9666,0.0],[-3.1512,55.9666,0.0],[-3.1513,55.9666,0.0],[-3.1514,55.9666,0.0],[-3.1516,55.9665,0.0],[-3.1517,55.9665,0.0],[-3.1518,55.9665,0.0],[-3.1519,55.9665,0.0],[-3.152,55.9665,0.0],[-3.1521,55.9665,0.0],[-3.1523,55.9665,0.0],[-3.1525,55.9664,0.0],[-3.1526,55.9664,0.0],[-3.1527,55.9664,0.0],[-3.1528,55.9664,0.0],[-3.1529,55.9663,0.0],[-3.153,55.9663,0.0],[-3.1531,55.9663,0.0],[-3.1532,55.9663,0.0],[-3.1533,55.9663,0.0],[-3.1534,55.9663,0.0],[-3.1535,55.9663,0.0],[-3.1536,55.9663,0.0],[-3.1537,55.9663,0.0],[-3.1538,55.9663,0.0],[-3.1539,55.9663,0.0],[-3.154,55.9663,0.0],[-3.1541,55.9663,0.0],[-3.1541,55.9664,0.0],[-3.1542,55.9664,0.0],[-3.1543,55.9664,0.0],[-3.1544,55.9664,0.0],[-3.1545,55.9664,0.0],[-3.1546,55.9664,0.0],[-3.1547,55.9664,0.0],[-3.1548,55.9664,0.0],[-3.1549,55.9664,0.0],[-3.155,55.9664,0.0],[-3.1551,55.9664,0.0],[-3.1552,55.9664,0.0],[-3.1553,55.9664,0.0],[-3.1554,55.9664,0.0],[-3.1555,55.9664,0.0],[-3.1556,55.9664,0.0],[-3.1557,55.9664,0.0],[-3.1557,55.9663,0.0],[-3.1558,55.9663,0.0],[-3.156,55.9663,0.0],[-3.1561,55.9663,0.0],[-3.1562,55.9662,0.0],[-3.1563,55.9662,0.0],[-3.1564,55.9662,0.0],[-3.1566,55.9662,0.0],[-3.1567,55.9661,0.0],[-3.1568,55.9661,0.0],[-3.1569,55.9661,0.0],[-3.157,55.9661,0.0],[-3.1571,55.966,0.0],[-3.1572,55.966,0.0],[-3.1573,55.966,0.0],[-3.1574,55.966,0.0],[-3.1575,55.9659,0.0],[-3.1576,55.9659,0.0],[-3.1577,55.9658,0.0],[-3.1578,55.9658,0.0],[-3.158,55.9657,0.0],[-3.1581,55.9657,0.0],[-3.1582,55.9656,0.0],[-3.1583,55.9656,0.0],[-3.1583,55.9655,0.0],[-3.1584,55.9655,0.0],[-3.1585,55.9655,0.0],[-3.1586,55.9654,0.0],[-3.1587,55.9654,0.0],[-3.1588,55.9653,0.0],[-3.1589,55.9653,0.0],[-3.159,55.9652,0.0],[-3.1591,55.9652,0.0],[-3.1592,55.9652,0.0],[-3.1592,55.9651,0.0],[-3.1593,55.9651,0.0],[-3.1594,55.9651,0.0],[-3.1595,55.965,0.0],[-3.1596,55.965,0.0],[-3.1596,55.9649,0.0],[-3.1597,55.9649,0.0],[-3.1598,55.9649,0.0],[-3.1599,55.9648,0.0],[-3.16,55.9648,0.0],[-3.1601,55.9648,0.0],[-3.1602,55.9647,0.0],[-3.1604,55.9646,0.0],[-3.1606,55.9645,0.0],[-3.1607,55.9645,0.0],[-3.1608,55.9645,0.0],[-3.1608,55.9644,0.0],[-3.1609,55.9644,0.0],[-3.161,55.9644,0.0],[-3.161,55.9643,0.0],[-3.1611,55.9643,0.0],[-3.1612,55.9643,0.0],[-3.1613,55.9642,0.0],[-3.1614,55.9641,0.0],[-3.1615,55.9641,0.0],[-3.1616,55.9641,0.0],[-3.1616,55.964,0.0],[-3.1617,55.9639,0.0],[-3.1618,55.9639,0.0],[-3.1619,55.9639,0.0],[-3.162,55.9638,0.0],[-3.1621,55.9638,0.0],[-3.1622,55.9638,0.0],[-3.1624,55.9638,0.0],[-3.1624,55.9637,0.0],[-3.1624,55.9636,0.0],[-3.1623,55.9635,0.0],[-3.1623,55.9634,0.0],[-3.1625,55.9634,0.0],[-3.1629,55.9634,0.0],[-3.163,55.9635,0.0],[-3.163,55.9636,0.0],[-3.163,55.9637,0.0],[-3.1631,55.9637,0.0],[-3.1636,55.9637,0.0],[-3.1638,55.9637,0.0],[-3.1639,55.9637,0.0],[-3.164,55.9637,0.0],[-3.1641,55.9637,0.0],[-3.1642,55.9637,0.0],[-3.1644,55.9637,0.0],[-3.1645,55.9638,0.0],[-3.1646,55.9638,0.0],[-3.1648,55.9638,0.0],[-3.1649,55.9639,0.0],[-3.165,55.9639,0.0],[-3.1652,55.9639,0.0],[-3.1654,55.964,0.0],[-3.1655,55.9641,0.0],[-3.1656,55.9641,0.0],[-3.1657,55.9641,0.0],[-3.1657,55.9642,0.0],[-3.1658,55.9642,0.0],[-3.1659,55.9642,0.0],[-3.1661,55.9644,0.0],[-3.1665,55.9647,0.0],[-3.1669,55.9649,0.0],[-3.1669,55.965,0.0],[-3.1672,55.9652,0.0],[-3.1673,55.9652,0.0],[-3.1673,55.9653,0.0],[-3.1674,55.9653,0.0],[-3.1674,55.9654,0.0],[-3.1675,55.9654,0.0],[-3.1678,55.9657,0.0],[-3.168,55.9658,0.0],[-3.1678,55.9659,0.0],[-3.1677,55.9659,0.0],[-3.1676,55.966,0.0],[-3.1675,55.966,0.0],[-3.1674,55.966,0.0],[-3.1676,55.9662,0.0],[-3.1677,55.9663,0.0],[-3.1678,55.9664,0.0],[-3.1679,55.9665,0.0],[-3.168,55.9666,0.0],[-3.1681,55.9667,0.0],[-3.1682,55.9667,0.0],[-3.1683,55.9668,0.0],[-3.1683,55.9669,0.0],[-3.1682,55.9669,0.0],[-3.1681,55.9669,0.0],[-3.168,55.9669,0.0],[-3.168,55.967,0.0],[-3.1679,55.967,0.0],[-3.1679,55.9671,0.0],[-3.1677,55.9672,0.0],[-3.1676,55.9673,0.0],[-3.1675,55.9675,0.0],[-3.1673,55.9676,0.0],[-3.1672,55.9677,0.0],[-3.1671,55.9677,0.0],[-3.167,55.9678,0.0],[-3.1668,55.9678,0.0],[-3.1667,55.9678,0.0],[-3.1665,55.9678,0.0],[-3.1664,55.9678,0.0],[-3.1664,55.9677,0.0],[-3.1664,55.9676,0.0],[-3.1663,55.9676,0.0],[-3.1662,55.9677,0.0],[-3.166,55.9677,0.0],[-3.1658,55.9678,0.0],[-3.1656,55.9678,0.0],[-3.1657,55.9679,0.0],[-3.1659,55.968,0.0],[-3.1659,55.9681,0.0],[-3.166,55.9682,0.0],[-3.1661,55.9683,0.0],[-3.1663,55.9684,0.0],[-3.1665,55.9686,0.0],[-3.1667,55.9688,0.0],[-3.1668,55.9688,0.0],[-3.1669,55.9689,0.0],[-3.167,55.9689,0.0],[-3.1671,55.969,0.0],[-3.1672,55.969,0.0],[-3.1675,55.9689,0.0],[-3.1676,55.9688,0.0],[-3.1676,55.9687,0.0],[-3.1677,55.9686,0.0],[-3.1679,55.9685,0.0],[-3.1681,55.9683,0.0],[-3.1682,55.9682,0.0],[-3.1684,55.9681,0.0],[-3.1684,55.968,0.0],[-3.1685,55.968,0.0],[-3.1688,55.9677,0.0],[-3.1697,55.968,0.0],[-3.17,55.9681,0.0],[-3.1701,55.9682,0.0],[-3.1703,55.9682,0.0],[-3.1704,55.9683,0.0],[-3.1711,55.9685,0.0],[-3.1713,55.9686,0.0],[-3.1715,55.9686,0.0],[-3.1717,55.9687,0.0],[-3.1722,55.9689,0.0],[-3.1726,55.969,0.0],[-3.1728,55.969,0.0],[-3.173,55.9691,0.0],[-3.1731,55.9691,0.0],[-3.1732,55.969,0.0],[-3.1739,55.9691,0.0],[-3.1739,55.9692,0.0],[-3.174,55.9692,0.0],[-3.1741,55.9691,0.0],[-3.1743,55.9691,0.0],[-3.1748,55.9692,0.0],[-3.1762,55.9695,0.0],[-3.1763,55.9695,0.0],[-3.1763,55.9694,0.0],[-3.1764,55.9694,0.0],[-3.1764,55.9693,0.0],[-3.1765,55.9693,0.0],[-3.1767,55.9694,0.0],[-3.177,55.9695,0.0],[-3.1771,55.9695,0.0],[-3.1776,55.9697,0.0],[-3.1777,55.9697,0.0],[-3.1779,55.9698,0.0],[-3.1781,55.9698,0.0],[-3.1782,55.9699,0.0],[-3.1783,55.9699,0.0],[-3.1784,55.97,0.0],[-3.1785,55.9701,0.0],[-3.1786,55.9702,0.0],[-3.1788,55.9703,0.0],[-3.1791,55.9706,0.0],[-3.1792,55.9706,0.0],[-3.1792,55.9707,0.0],[-3.1793,55.9707,0.0],[-3.1795,55.9709,0.0],[-3.1792,55.971,0.0],[-3.1786,55.9712,0.0],[-3.1785,55.9712,0.0],[-3.1783,55.9712,0.0],[-3.1779,55.9714,0.0],[-3.1776,55.9715,0.0],[-3.1774,55.9715,0.0],[-3.1775,55.9716,0.0],[-3.1776,55.9716,0.0],[-3.178,55.9717,0.0],[-3.1781,55.9717,0.0],[-3.1783,55.9718,0.0],[-3.1786,55.9719,0.0],[-3.1792,55.972,0.0],[-3.1787,55.9724,0.0],[-3.1786,55.9725,0.0],[-3.1785,55.9725,0.0],[-3.1784,55.9726,0.0],[-3.1786,55.9727,0.0],[-3.1789,55.9727,0.0],[-3.1792,55.9729,0.0],[-3.1793,55.9729,0.0],[-3.1795,55.9729,0.0],[-3.1796,55.9729,0.0],[-3.1796,55.973,0.0],[-3.1797,55.973,0.0],[-3.1798,55.9731,0.0],[-3.18,55.9731,0.0],[-3.1804,55.9732,0.0],[-3.1806,55.9733,0.0],[-3.1807,55.9733,0.0],[-3.1808,55.9734,0.0],[-3.1809,55.9735,0.0],[-3.1811,55.9735,0.0],[-3.1811,55.9736,0.0],[-3.1812,55.9737,0.0],[-3.1812,55.9738,0.0],[-3.1812,55.9739,0.0],[-3.181,55.9739,0.0],[-3.1809,55.974,0.0],[-3.1807,55.9741,0.0],[-3.1803,55.9742,0.0],[-3.1802,55.9743,0.0],[-3.1801,55.9743,0.0],[-3.1805,55.9746,0.0],[-3.1811,55.9751,0.0],[-3.1812,55.9751,0.0],[-3.1812,55.975,0.0],[-3.1818,55.975,0.0],[-3.1821,55.9749,0.0],[-3.1823,55.9749,0.0],[-3.1829,55.9748,0.0],[-3.1836,55.9747,0.0],[-3.1837,55.9748,0.0],[-3.1838,55.9748,0.0],[-3.1838,55.9749,0.0],[-3.1839,55.9749,0.0],[-3.184,55.9749,0.0],[-3.1841,55.9749,0.0],[-3.1842,55.9748,0.0],[-3.1843,55.9748,0.0],[-3.1844,55.9749,0.0],[-3.1846,55.9749,0.0],[-3.1848,55.9749,0.0],[-3.1849,55.9748,0.0],[-3.1849,55.9749,0.0],[-3.185,55.975,0.0],[-3.185,55.9751,0.0],[-3.1853,55.975,0.0],[-3.1854,55.975,0.0],[-3.1855,55.9749,0.0],[-3.1855,55.975,0.0],[-3.1856,55.975,0.0],[-3.1856,55.9751,0.0],[-3.1857,55.9751,0.0],[-3.1857,55.9752,0.0],[-3.1858,55.9752,0.0],[-3.1858,55.9753,0.0],[-3.1859,55.9753,0.0],[-3.1859,55.9754,0.0],[-3.186,55.9754,0.0],[-3.186,55.9755,0.0],[-3.1861,55.9755,0.0],[-3.1862,55.9756,0.0],[-3.1863,55.9757,0.0],[-3.1864,55.9757,0.0],[-3.1864,55.9758,0.0],[-3.1865,55.9758,0.0],[-3.1865,55.9759,0.0],[-3.1866,55.9759,0.0],[-3.1866,55.976,0.0],[-3.1867,55.976,0.0],[-3.1867,55.9761,0.0],[-3.1868,55.9761,0.0],[-3.1869,55.9762,0.0],[-3.187,55.9763,0.0],[-3.1871,55.9764,0.0],[-3.1872,55.9764,0.0],[-3.1872,55.9765,0.0],[-3.1873,55.9766,0.0],[-3.1874,55.9766,0.0],[-3.1874,55.9767,0.0],[-3.1875,55.9767,0.0],[-3.1876,55.9768,0.0],[-3.1877,55.9769,0.0],[-3.1878,55.977,0.0],[-3.1879,55.977,0.0],[-3.1879,55.9771,0.0],[-3.188,55.9771,0.0],[-3.188,55.9772,0.0],[-3.1881,55.9772,0.0],[-3.1881,55.9773,0.0],[-3.1882,55.9773,0.0],[-3.1883,55.9774,0.0],[-3.1884,55.9774,0.0],[-3.1884,55.9775,0.0],[-3.1885,55.9776,0.0],[-3.1886,55.9776,0.0],[-3.1886,55.9777,0.0],[-3.1887,55.9777,0.0],[-3.1887,55.9778,0.0],[-3.1888,55.9778,0.0],[-3.1889,55.9779,0.0],[-3.189,55.9779,0.0],[-3.1889,55.978,0.0]],[[-3.1704,55.9878,0.0],[-3.1708,55.9877,0.0],[-3.1707,55.9876,0.0],[-3.1704,55.9878,0.0]],[[-3.1694,55.9882,0.0],[-3.1696,55.9881,0.0],[-3.1695,55.9881,0.0],[-3.1694,55.9881,0.0],[-3.1694,55.9882,0.0]],[[-3.162,55.987,0.0],[-3.1617,55.9869,0.0],[-3.1618,55.987,0.0],[-3.162,55.987,0.0]]]]}},{"type":"Feature","properties":{"uesi_id":"GBR_R1920901","nbhd_code":"GBR_R1920901_14","nbhd_name":"Craigentinny / Duddingston"},"geometry":{"type":"MultiPolygon","coordinates":[[[[-3.1731,55.9548,0.0],[-3.173,55.9549,0.0],[-3.1729,55.9549,0.0],[-3.1728,55.955,0.0],[-3.1727,55.9551,0.0],[-3.1723,55.9553,0.0],[-3.1722,55.9554,0.0],[-3.1721,55.9555,0.0],[-3.1719,55.9557,0.0],[-3.1719,55.9558,0.0],[-3.1719,55.9559,0.0],[-3.1719,55.956,0.0],[-3.1719,55.9561,0.0],[-3.172,55.9562,0.0],[-3.1721,55.9562,0.0],[-3.1721,55.9563,0.0],[-3.1723,55.9563,0.0],[-3.1725,55.9565,0.0],[-3.1726,55.9566,0.0],[-3.1727,55.9566,0.0],[-3.1727,55.9567,0.0],[-3.1727,55.9568,0.0],[-3.1727,55.9569,0.0],[-3.1727,55.957,0.0],[-3.1726,55.9571,0.0],[-3.1724,55.9573,0.0],[-3.1723,55.9573,0.0],[-3.1723,55.9574,0.0],[-3.1721,55.9575,0.0],[-3.1721,55.9576,0.0],[-3.172,55.9576,0.0],[-3.1719,55.9576,0.0],[-3.1717,55.9576,0.0],[-3.1714,55.9576,0.0],[-3.1713,55.9576,0.0],[-3.1708,55.9575,0.0],[-3.1707,55.9575,0.0],[-3.1702,55.9575,0.0],[-3.17,55.9574,0.0],[-3.1699,55.9574,0.0],[-3.1697,55.9574,0.0],[-3.1696,55.9574,0.0],[-3.1692,55.9573,0.0],[-3.1691,55.9573,0.0],[-3.1685,55.9573,0.0],[-3.1682,55.9573,0.0],[-3.1681,55.9573,0.0],[-3.1675,55.9573,0.0],[-3.1674,55.9573,0.0],[-3.1674,55.9574,0.0],[-3.1674,55.9575,0.0],[-3.1673,55.9575,0.0],[-3.1673,55.9576,0.0],[-3.1673,55.9577,0.0],[-3.1672,55.9577,0.0],[-3.1672,55.9578,0.0],[-3.1672,55.9579,0.0],[-3.1672,55.958,0.0],[-3.1672,55.9581,0.0],[-3.1672,55.9582,0.0],[-3.1671,55.9583,0.0],[-3.1671,55.9584,0.0],[-3.1671,55.9585,0.0],[-3.1672,55.9585,0.0],[-3.1672,55.9586,0.0],[-3.1672,55.9587,0.0],[-3.1672,55.9588,0.0],[-3.1672,55.9589,0.0],[-3.1673,55.959,0.0],[-3.1673,55.9591,0.0],[-3.1674,55.9592,0.0],[-3.1674,55.9593,0.0],[-3.1675,55.9594,0.0],[-3.1675,55.9595,0.0],[-3.1676,55.9595,0.0],[-3.1676,55.9596,0.0],[-3.1677,55.9597,0.0],[-3.168,55.96,0.0],[-3.1681,55.96,0.0],[-3.1681,55.9601,0.0],[-3.1682,55.9601,0.0],[-3.1682,55.9602,0.0],[-3.1683,55.9602,0.0],[-3.1683,55.9603,0.0],[-3.1684,55.9603,0.0],[-3.1685,55.9604,0.0],[-3.1687,55.9605,0.0],[-3.1688,55.9606,0.0],[-3.1687,55.9606,0.0],[-3.1686,55.9607,0.0],[-3.1685,55.9607,0.0],[-3.1684,55.9607,0.0],[-3.1683,55.9607,0.0],[-3.1679,55.9606,0.0],[-3.1676,55.9605,0.0],[-3.1675,55.9605,0.0],[-3.1674,55.9605,0.0],[-3.1673,55.9604,0.0],[-3.1672,55.9604,0.0],[-3.1671,55.9604,0.0],[-3.167,55.9603,0.0],[-3.1669,55.9603,0.0],[-3.1668,55.9603,0.0],[-3.1664,55.9602,0.0],[-3.1664,55.9601,0.0],[-3.1662,55.9601,0.0],[-3.1661,55.9601,0.0],[-3.166,55.96,0.0],[-3.1656,55.9599,0.0],[-3.1654,55.9599,0.0],[-3.165,55.9597,0.0],[-3.1649,55.9597,0.0],[-3.1648,55.9597,0.0],[-3.1647,55.9598,0.0],[-3.1646,55.9598,0.0],[-3.1646,55.9599,0.0],[-3.1645,55.9599,0.0],[-3.1645,55.96,0.0],[-3.1644,55.96,0.0],[-3.1643,55.9601,0.0],[-3.1641,55.9602,0.0],[-3.1644,55.9603,0.0],[-3.1645,55.9604,0.0],[-3.1649,55.9605,0.0],[-3.165,55.9605,0.0],[-3.1648,55.9606,0.0],[-3.1647,55.9606,0.0],[-3.1647,55.9607,0.0],[-3.1642,55.9613,0.0],[-3.1641,55.9613,0.0],[-3.164,55.9616,0.0],[-3.1638,55.9615,0.0],[-3.1638,55.9616,0.0],[-3.1636,55.9619,0.0],[-3.1636,55.962,0.0],[-3.164,55.962,0.0],[-3.1643,55.9624,0.0],[-3.1645,55.9625,0.0],[-3.1645,55.9626,0.0],[-3.1646,55.9627,0.0],[-3.1646,55.9628,0.0],[-3.1647,55.9628,0.0],[-3.1647,55.9629,0.0],[-3.1648,55.963,0.0],[-3.1647,55.963,0.0],[-3.1643,55.9631,0.0],[-3.1642,55.9631,0.0],[-3.1639,55.9632,0.0],[-3.1638,55.9632,0.0],[-3.1636,55.9633,0.0],[-3.1634,55.9633,0.0],[-3.1631,55.9633,0.0],[-3.163,55.9633,0.0],[-3.1629,55.9633,0.0],[-3.1629,55.9634,0.0],[-3.1625,55.9634,0.0],[-3.1623,55.9634,0.0],[-3.1623,55.9635,0.0],[-3.1624,55.9636,0.0],[-3.1624,55.9637,0.0],[-3.1624,55.9638,0.0],[-3.1622,55.9638,0.0],[-3.1621,55.9638,0.0],[-3.162,55.9638,0.0],[-3.1619,55.9639,0.0],[-3.1618,55.9639,0.0],[-3.1617,55.9639,0.0],[-3.1616,55.964,0.0],[-3.1616,55.9641,0.0],[-3.1615,55.9641,0.0],[-3.1614,55.9641,0.0],[-3.1613,55.9642,0.0],[-3.1612,55.9643,0.0],[-3.1611,55.9643,0.0],[-3.161,55.9643,0.0],[-3.161,55.9644,0.0],[-3.1609,55.9644,0.0],[-3.1608,55.9644,0.0],[-3.1608,55.9645,0.0],[-3.1607,55.9645,0.0],[-3.1606,55.9645,0.0],[-3.1604,55.9646,0.0],[-3.1602,55.9647,0.0],[-3.1601,55.9648,0.0],[-3.16,55.9648,0.0],[-3.1599,55.9648,0.0],[-3.1598,55.9649,0.0],[-3.1597,55.9649,0.0],[-3.1596,55.9649,0.0],[-3.1596,55.965,0.0],[-3.1595,55.965,0.0],[-3.1594,55.9651,0.0],[-3.1593,55.9651,0.0],[-3.1592,55.9651,0.0],[-3.1592,55.9652,0.0],[-3.1591,55.9652,0.0],[-3.159,55.9652,0.0],[-3.1589,55.9653,0.0],[-3.1588,55.9653,0.0],[-3.1587,55.9654,0.0],[-3.1586,55.9654,0.0],[-3.1585,55.9655,0.0],[-3.1584,55.9655,0.0],[-3.1583,55.9655,0.0],[-3.1583,55.9656,0.0],[-3.1582,55.9656,0.0],[-3.1581,55.9657,0.0],[-3.158,55.9657,0.0],[-3.1578,55.9658,0.0],[-3.1577,55.9658,0.0],[-3.1576,55.9659,0.0],[-3.1575,55.9659,0.0],[-3.1574,55.966,0.0],[-3.1573,55.966,0.0],[-3.1572,55.966,0.0],[-3.1571,55.966,0.0],[-3.157,55.9661,0.0],[-3.1569,55.9661,0.0],[-3.1568,55.9661,0.0],[-3.1567,55.9661,0.0],[-3.1566,55.9662,0.0],[-3.1564,55.9662,0.0],[-3.1563,55.9662,0.0],[-3.1562,55.9662,0.0],[-3.1561,55.9663,0.0],[-3.156,55.9663,0.0],[-3.1558,55.9663,0.0],[-3.1557,55.9663,0.0],[-3.1557,55.9664,0.0],[-3.1556,55.9664,0.0],[-3.1555,55.9664,0.0],[-3.1554,55.9664,0.0],[-3.1553,55.9664,0.0],[-3.1552,55.9664,0.0],[-3.1551,55.9664,0.0],[-3.155,55.9664,0.0],[-3.1549,55.9664,0.0],[-3.1548,55.9664,0.0],[-3.1547,55.9664,0.0],[-3.1546,55.9664,0.0],[-3.1545,55.9664,0.0],[-3.1544,55.9664,0.0],[-3.1543,55.9664,0.0],[-3.1542,55.9664,0.0],[-3.1541,55.9664,0.0],[-3.1541,55.9663,0.0],[-3.154,55.9663,0.0],[-3.1539,55.9663,0.0],[-3.1538,55.9663,0.0],[-3.1537,55.9663,0.0],[-3.1536,55.9663,0.0],[-3.1535,55.9663,0.0],[-3.1534,55.9663,0.0],[-3.1533,55.9663,0.0],[-3.1532,55.9663,0.0],[-3.1531,55.9663,0.0],[-3.153,55.9663,0.0],[-3.1529,55.9663,0.0],[-3.1528,55.9664,0.0],[-3.1527,55.9664,0.0],[-3.1526,55.9664,0.0],[-3.1525,55.9664,0.0],[-3.1523,55.9665,0.0],[-3.1521,55.9665,0.0],[-3.152,55.9665,0.0],[-3.1519,55.9665,0.0],[-3.1518,55.9665,0.0],[-3.1517,55.9665,0.0],[-3.1516,55.9665,0.0],[-3.1514,55.9666,0.0],[-3.1513,55.9666,0.0],[-3.1512,55.9666,0.0],[-3.151,55.9666,0.0],[-3.1509,55.9666,0.0],[-3.1508,55.9666,0.0],[-3.1507,55.9666,0.0],[-3.1506,55.9666,0.0],[-3.1505,55.9666,0.0],[-3.1504,55.9667,0.0],[-3.1503,55.9667,0.0],[-3.1502,55.9667,0.0],[-3.15,55.9667,0.0],[-3.1499,55.9667,0.0],[-3.1498,55.9668,0.0],[-3.1497,55.9668,0.0],[-3.1496,55.9668,0.0],[-3.1495,55.9668,0.0],[-3.1494,55.9668,0.0],[-3.1494,55.9669,0.0],[-3.1493,55.9669,0.0],[-3.1492,55.9669,0.0],[-3.1491,55.9669,0.0],[-3.149,55.967,0.0],[-3.1489,55.967,0.0],[-3.1488,55.967,0.0],[-3.1487,55.9671,0.0],[-3.1486,55.9671,0.0],[-3.1485,55.9671,0.0],[-3.1485,55.9672,0.0],[-3.1484,55.9672,0.0],[-3.1483,55.9672,0.0],[-3.1483,55.9673,0.0],[-3.1482,55.9673,0.0],[-3.1481,55.9674,0.0],[-3.148,55.9675,0.0],[-3.1479,55.9675,0.0],[-3.1478,55.9676,0.0],[-3.1477,55.9676,0.0],[-3.1476,55.9677,0.0],[-3.1475,55.9677,0.0],[-3.1474,55.9678,0.0],[-3.1474,55.9679,0.0],[-3.1473,55.9679,0.0],[-3.1472,55.9679,0.0],[-3.1472,55.968,0.0],[-3.1471,55.968,0.0],[-3.1471,55.9681,0.0],[-3.147,55.9681,0.0],[-3.147,55.9682,0.0],[-3.1469,55.9683,0.0],[-3.1468,55.9684,0.0],[-3.1468,55.9685,0.0],[-3.1468,55.9686,0.0],[-3.1468,55.9687,0.0],[-3.1468,55.9688,0.0],[-3.1469,55.9688,0.0],[-3.1469,55.9689,0.0],[-3.1469,55.969,0.0],[-3.1469,55.9691,0.0],[-3.1468,55.9691,0.0],[-3.1468,55.9692,0.0],[-3.1468,55.9693,0.0],[-3.1467,55.9693,0.0],[-3.1466,55.9694,0.0],[-3.1465,55.9694,0.0],[-3.1464,55.9694,0.0],[-3.1463,55.9694,0.0],[-3.1462,55.9694,0.0],[-3.1462,55.9693,0.0],[-3.1461,55.9693,0.0],[-3.146,55.9693,0.0],[-3.1459,55.9692,0.0],[-3.1458,55.9692,0.0],[-3.1457,55.9692,0.0],[-3.1457,55.9691,0.0],[-3.1456,55.9691,0.0],[-3.1455,55.9691,0.0],[-3.1455,55.9692,0.0],[-3.1454,55.9692,0.0],[-3.1453,55.9692,0.0],[-3.1452,55.9691,0.0],[-3.1448,55.9695,0.0],[-3.1446,55.9696,0.0],[-3.1444,55.9695,0.0],[-3.1441,55.9695,0.0],[-3.144,55.9694,0.0],[-3.1439,55.9694,0.0],[-3.1437,55.9694,0.0],[-3.1435,55.9693,0.0],[-3.1434,55.9693,0.0],[-3.143,55.9692,0.0],[-3.1428,55.9692,0.0],[-3.1424,55.9691,0.0],[-3.1423,55.9691,0.0],[-3.1422,55.9691,0.0],[-3.1421,55.9691,0.0],[-3.142,55.969,0.0],[-3.1418,55.969,0.0],[-3.1416,55.969,0.0],[-3.1414,55.969,0.0],[-3.1411,55.9689,0.0],[-3.1409,55.9689,0.0],[-3.1407,55.9689,0.0],[-3.1401,55.9688,0.0],[-3.14,55.9688,0.0],[-3.1399,55.9687,0.0],[-3.1396,55.9687,0.0],[-3.1394,55.9687,0.0],[-3.1393,55.9686,0.0],[-3.1392,55.9686,0.0],[-3.1391,55.9686,0.0],[-3.139,55.9686,0.0],[-3.1387,55.9685,0.0],[-3.1383,55.9684,0.0],[-3.138,55.9683,0.0],[-3.1378,55.9682,0.0],[-3.1377,55.9682,0.0],[-3.1376,55.9682,0.0],[-3.1373,55.9681,0.0],[-3.137,55.968,0.0],[-3.1368,55.9679,0.0],[-3.1367,55.968,0.0],[-3.1365,55.968,0.0],[-3.1364,55.968,0.0],[-3.1363,55.968,0.0],[-3.1361,55.968,0.0],[-3.136,55.9679,0.0],[-3.1358,55.9679,0.0],[-3.1353,55.9677,0.0],[-3.1352,55.9678,0.0],[-3.1351,55.9678,0.0],[-3.1351,55.9679,0.0],[-3.135,55.968,0.0],[-3.1349,55.9681,0.0],[-3.1348,55.9682,0.0],[-3.1347,55.9683,0.0],[-3.1347,55.9684,0.0],[-3.1347,55.9685,0.0],[-3.1348,55.9686,0.0],[-3.1349,55.9687,0.0],[-3.135,55.9687,0.0],[-3.135,55.9688,0.0],[-3.1352,55.9689,0.0],[-3.1353,55.9689,0.0],[-3.1353,55.969,0.0],[-3.1353,55.9691,0.0],[-3.1353,55.9692,0.0],[-3.1353,55.9693,0.0],[-3.1352,55.9693,0.0],[-3.1352,55.9694,0.0],[-3.1351,55.9695,0.0],[-3.1349,55.9697,0.0],[-3.1348,55.9698,0.0],[-3.1348,55.9699,0.0],[-3.1347,55.97,0.0],[-3.1347,55.9701,0.0],[-3.1341,55.9698,0.0],[-3.1337,55.9696,0.0],[-3.1336,55.9695,0.0],[-3.1333,55.9694,0.0],[-3.1325,55.969,0.0],[-3.1319,55.9687,0.0],[-3.1316,55.9685,0.0],[-3.131,55.9682,0.0],[-3.1308,55.9679,0.0],[-3.1303,55.9676,0.0],[-3.1302,55.9674,0.0],[-3.1301,55.9673,0.0],[-3.1298,55.9672,0.0],[-3.1293,55.9669,0.0],[-3.1288,55.9665,0.0],[-3.1276,55.9657,0.0],[-3.1271,55.9654,0.0],[-3.1264,55.9648,0.0],[-3.1252,55.964,0.0],[-3.1249,55.9639,0.0],[-3.1237,55.9634,0.0],[-3.1233,55.9632,0.0],[-3.1232,55.9631,0.0],[-3.1228,55.9629,0.0],[-3.1224,55.9627,0.0],[-3.122,55.9625,0.0],[-3.1216,55.9624,0.0],[-3.1214,55.9623,0.0],[-3.1207,55.962,0.0],[-3.1203,55.9618,0.0],[-3.1201,55.9618,0.0],[-3.1188,55.9612,0.0],[-3.1182,55.961,0.0],[-3.1176,55.9606,0.0],[-3.117,55.9604,0.0],[-3.1168,55.9603,0.0],[-3.1161,55.96,0.0],[-3.1158,55.9599,0.0],[-3.1187,55.9584,0.0],[-3.1189,55.9583,0.0],[-3.119,55.9583,0.0],[-3.1191,55.9584,0.0],[-3.1192,55.9583,0.0],[-3.1193,55.9583,0.0],[-3.1194,55.9583,0.0],[-3.1196,55.9583,0.0],[-3.1197,55.9583,0.0],[-3.1198,55.9583,0.0],[-3.1199,55.9582,0.0],[-3.12,55.9582,0.0],[-3.1202,55.9582,0.0],[-3.1204,55.9582,0.0],[-3.1207,55.9582,0.0],[-3.1208,55.9582,0.0],[-3.1209,55.9582,0.0],[-3.1212,55.9581,0.0],[-3.1214,55.9581,0.0],[-3.1215,55.9581,0.0],[-3.1217,55.9581,0.0],[-3.1219,55.9581,0.0],[-3.122,55.9581,0.0],[-3.1221,55.9581,0.0],[-3.1222,55.9581,0.0],[-3.1224,55.9581,0.0],[-3.1225,55.9581,0.0],[-3.1226,55.9581,0.0],[-3.1226,55.9582,0.0],[-3.1227,55.9581,0.0],[-3.1227,55.9582,0.0],[-3.1228,55.9582,0.0],[-3.1228,55.9583,0.0],[-3.1233,55.9583,0.0],[-3.1232,55.9581,0.0],[-3.123,55.9579,0.0],[-3.1229,55.9578,0.0],[-3.1228,55.9576,0.0],[-3.1227,55.9575,0.0],[-3.1228,55.9575,0.0],[-3.1228,55.9573,0.0],[-3.1228,55.9572,0.0],[-3.123,55.9567,0.0],[-3.1231,55.9566,0.0],[-3.1234,55.9555,0.0],[-3.1234,55.9551,0.0],[-3.1234,55.955,0.0],[-3.1234,55.9549,0.0],[-3.1234,55.9548,0.0],[-3.1234,55.9547,0.0],[-3.1235,55.9547,0.0],[-3.1236,55.9547,0.0],[-3.1236,55.9546,0.0],[-3.1237,55.9546,0.0],[-3.1236,55.9545,0.0],[-3.1236,55.9544,0.0],[-3.1236,55.9543,0.0],[-3.1236,55.9542,0.0],[-3.1235,55.9541,0.0],[-3.1235,55.954,0.0],[-3.1235,55.9539,0.0],[-3.1235,55.9538,0.0],[-3.1235,55.9537,0.0],[-3.1235,55.9536,0.0],[-3.1235,55.9535,0.0],[-3.1235,55.9534,0.0],[-3.1235,55.9533,0.0],[-3.1235,55.9532,0.0],[-3.1234,55.9532,0.0],[-3.1234,55.9531,0.0],[-3.1234,55.953,0.0],[-3.1233,55.9529,0.0],[-3.1233,55.9528,0.0],[-3.1232,55.9527,0.0],[-3.1231,55.9526,0.0],[-3.1231,55.9525,0.0],[-3.123,55.9525,0.0],[-3.123,55.9524,0.0],[-3.1229,55.9524,0.0],[-3.1229,55.9523,0.0],[-3.1228,55.9523,0.0],[-3.1227,55.9522,0.0],[-3.1226,55.9522,0.0],[-3.1226,55.9521,0.0],[-3.1225,55.9521,0.0],[-3.1224,55.9521,0.0],[-3.1223,55.952,0.0],[-3.1222,55.9519,0.0],[-3.1221,55.9519,0.0],[-3.1225,55.9516,0.0],[-3.1228,55.9515,0.0],[-3.1228,55.9514,0.0],[-3.1229,55.9514,0.0],[-3.123,55.9514,0.0],[-3.1233,55.9514,0.0],[-3.1235,55.9513,0.0],[-3.1237,55.9513,0.0],[-3.1241,55.9512,0.0],[-3.1243,55.9511,0.0],[-3.1245,55.9511,0.0],[-3.1246,55.9511,0.0],[-3.1248,55.951,0.0],[-3.125,55.951,0.0],[-3.125,55.9509,0.0],[-3.1253,55.9508,0.0],[-3.1256,55.9506,0.0],[-3.1257,55.9506,0.0],[-3.1258,55.9505,0.0],[-3.1259,55.9504,0.0],[-3.126,55.9503,0.0],[-3.1261,55.9503,0.0],[-3.1263,55.9503,0.0],[-3.1265,55.9503,0.0],[-3.1266,55.9502,0.0],[-3.1267,55.9502,0.0],[-3.1268,55.9502,0.0],[-3.1269,55.9502,0.0],[-3.1269,55.9501,0.0],[-3.127,55.9501,0.0],[-3.1271,55.9501,0.0],[-3.1274,55.95,0.0],[-3.1279,55.9498,0.0],[-3.128,55.9498,0.0],[-3.1281,55.9497,0.0],[-3.1282,55.9497,0.0],[-3.1288,55.9494,0.0],[-3.1291,55.9493,0.0],[-3.1292,55.9493,0.0],[-3.1299,55.9491,0.0],[-3.1301,55.949,0.0],[-3.1307,55.949,0.0],[-3.1309,55.9489,0.0],[-3.1312,55.9488,0.0],[-3.1315,55.9488,0.0],[-3.1318,55.9488,0.0],[-3.1319,55.9488,0.0],[-3.132,55.9487,0.0],[-3.1321,55.9487,0.0],[-3.1322,55.9487,0.0],[-3.1322,55.9486,0.0],[-3.1323,55.9486,0.0],[-3.1324,55.9485,0.0],[-3.1326,55.9482,0.0],[-3.1327,55.9481,0.0],[-3.1327,55.948,0.0],[-3.1328,55.9479,0.0],[-3.1329,55.9475,0.0],[-3.1329,55.9474,0.0],[-3.1329,55.9473,0.0],[-3.133,55.9472,0.0],[-3.1333,55.9471,0.0],[-3.1334,55.947,0.0],[-3.1334,55.9469,0.0],[-3.1334,55.9468,0.0],[-3.1334,55.9467,0.0],[-3.1335,55.9466,0.0],[-3.1336,55.9465,0.0],[-3.1338,55.9463,0.0],[-3.134,55.946,0.0],[-3.1341,55.9459,0.0],[-3.1341,55.9456,0.0],[-3.1341,55.9453,0.0],[-3.1341,55.9452,0.0],[-3.1341,55.9451,0.0],[-3.134,55.945,0.0],[-3.134,55.9449,0.0],[-3.134,55.9448,0.0],[-3.134,55.9446,0.0],[-3.1325,55.9439,0.0],[-3.1324,55.9439,0.0],[-3.132,55.9437,0.0],[-3.1319,55.9436,0.0],[-3.1318,55.9436,0.0],[-3.1314,55.9434,0.0],[-3.1312,55.9433,0.0],[-3.1311,55.9432,0.0],[-3.1309,55.9431,0.0],[-3.1308,55.9431,0.0],[-3.1303,55.9427,0.0],[-3.1301,55.9426,0.0],[-3.13,55.9426,0.0],[-3.1299,55.9426,0.0],[-3.1303,55.9424,0.0],[-3.1305,55.9424,0.0],[-3.1309,55.9422,0.0],[-3.131,55.9422,0.0],[-3.1312,55.9421,0.0],[-3.1315,55.942,0.0],[-3.1316,55.9419,0.0],[-3.132,55.9417,0.0],[-3.1325,55.9414,0.0],[-3.1327,55.9413,0.0],[-3.1328,55.9412,0.0],[-3.1333,55.9408,0.0],[-3.1334,55.9408,0.0],[-3.133,55.9407,0.0],[-3.1327,55.9406,0.0],[-3.1325,55.9406,0.0],[-3.1324,55.9406,0.0],[-3.1323,55.9406,0.0],[-3.1317,55.9405,0.0],[-3.1315,55.9405,0.0],[-3.1314,55.9404,0.0],[-3.1313,55.9404,0.0],[-3.1312,55.9404,0.0],[-3.1307,55.9403,0.0],[-3.1303,55.9402,0.0],[-3.1301,55.9402,0.0],[-3.13,55.9402,0.0],[-3.1299,55.9402,0.0],[-3.1297,55.9401,0.0],[-3.1296,55.94,0.0],[-3.1294,55.9397,0.0],[-3.1294,55.9396,0.0],[-3.1293,55.9395,0.0],[-3.129,55.9393,0.0],[-3.1288,55.939,0.0],[-3.1287,55.9389,0.0],[-3.1286,55.9387,0.0],[-3.1285,55.9386,0.0],[-3.1285,55.9385,0.0],[-3.1285,55.9384,0.0],[-3.1287,55.9383,0.0],[-3.1289,55.9381,0.0],[-3.1291,55.9381,0.0],[-3.1293,55.938,0.0],[-3.1296,55.9379,0.0],[-3.1298,55.9379,0.0],[-3.1299,55.9379,0.0],[-3.1302,55.9379,0.0],[-3.1305,55.9379,0.0],[-3.1306,55.9379,0.0],[-3.1308,55.9379,0.0],[-3.1311,55.9379,0.0],[-3.1312,55.9379,0.0],[-3.1315,55.9378,0.0],[-3.1317,55.9378,0.0],[-3.1318,55.9378,0.0],[-3.1319,55.9377,0.0],[-3.1321,55.9377,0.0],[-3.1324,55.9377,0.0],[-3.1326,55.9378,0.0],[-3.1327,55.9378,0.0],[-3.133,55.9378,0.0],[-3.1332,55.9379,0.0],[-3.1334,55.9379,0.0],[-3.1338,55.9379,0.0],[-3.1342,55.9379,0.0],[-3.1345,55.9379,0.0],[-3.1349,55.9379,0.0],[-3.1351,55.9379,0.0],[-3.1354,55.9379,0.0],[-3.1357,55.9379,0.0],[-3.1358,55.9379,0.0],[-3.136,55.9379,0.0],[-3.1362,55.9379,0.0],[-3.1364,55.9379,0.0],[-3.1371,55.9379,0.0],[-3.1373,55.9379,0.0],[-3.1377,55.9379,0.0],[-3.1379,55.9378,0.0],[-3.1381,55.9378,0.0],[-3.1384,55.9378,0.0],[-3.1386,55.9378,0.0],[-3.1388,55.9378,0.0],[-3.1389,55.9378,0.0],[-3.1389,55.9377,0.0],[-3.139,55.9377,0.0],[-3.1391,55.9376,0.0],[-3.1393,55.9377,0.0],[-3.1395,55.9376,0.0],[-3.1396,55.9376,0.0],[-3.1398,55.9376,0.0],[-3.14,55.9376,0.0],[-3.1402,55.9375,0.0],[-3.1404,55.9374,0.0],[-3.1406,55.9374,0.0],[-3.1407,55.9374,0.0],[-3.1408,55.9374,0.0],[-3.1409,55.9374,0.0],[-3.141,55.9373,0.0],[-3.1411,55.9373,0.0],[-3.1412,55.9372,0.0],[-3.1414,55.9371,0.0],[-3.1416,55.9371,0.0],[-3.1417,55.937,0.0],[-3.142,55.9369,0.0],[-3.1423,55.9369,0.0],[-3.1425,55.9368,0.0],[-3.1426,55.9368,0.0],[-3.1427,55.9369,0.0],[-3.143,55.9369,0.0],[-3.1433,55.9369,0.0],[-3.1434,55.9369,0.0],[-3.1435,55.9368,0.0],[-3.1436,55.9368,0.0],[-3.1437,55.9368,0.0],[-3.1438,55.9368,0.0],[-3.144,55.9367,0.0],[-3.1441,55.9367,0.0],[-3.1441,55.9366,0.0],[-3.1442,55.9366,0.0],[-3.1442,55.9365,0.0],[-3.1444,55.9366,0.0],[-3.1447,55.9366,0.0],[-3.1452,55.9367,0.0],[-3.1456,55.9368,0.0],[-3.1461,55.9368,0.0],[-3.147,55.937,0.0],[-3.1479,55.9371,0.0],[-3.1493,55.9373,0.0],[-3.1494,55.9374,0.0],[-3.1496,55.9374,0.0],[-3.1502,55.9375,0.0],[-3.1511,55.9376,0.0],[-3.1517,55.9377,0.0],[-3.1518,55.9377,0.0],[-3.1519,55.9378,0.0],[-3.152,55.9378,0.0],[-3.1525,55.9379,0.0],[-3.1534,55.938,0.0],[-3.1535,55.938,0.0],[-3.1542,55.9381,0.0],[-3.1549,55.9382,0.0],[-3.1562,55.9385,0.0],[-3.1565,55.9385,0.0],[-3.1566,55.9385,0.0],[-3.1568,55.9385,0.0],[-3.1569,55.9385,0.0],[-3.1571,55.9385,0.0],[-3.1574,55.9385,0.0],[-3.1578,55.9386,0.0],[-3.1582,55.9386,0.0],[-3.1583,55.9386,0.0],[-3.1584,55.9386,0.0],[-3.1585,55.9386,0.0],[-3.1588,55.9386,0.0],[-3.1591,55.9386,0.0],[-3.1594,55.9386,0.0],[-3.1595,55.9387,0.0],[-3.1597,55.9387,0.0],[-3.1598,55.9387,0.0],[-3.1599,55.9387,0.0],[-3.16,55.9387,0.0],[-3.1602,55.9387,0.0],[-3.1604,55.9388,0.0],[-3.1605,55.9388,0.0],[-3.1606,55.9388,0.0],[-3.1607,55.9388,0.0],[-3.1608,55.9389,0.0],[-3.161,55.9389,0.0],[-3.1611,55.9389,0.0],[-3.1614,55.939,0.0],[-3.1615,55.939,0.0],[-3.162,55.9391,0.0],[-3.1619,55.9394,0.0],[-3.1618,55.9395,0.0],[-3.1619,55.9395,0.0],[-3.1622,55.9395,0.0],[-3.1623,55.9395,0.0],[-3.1624,55.9395,0.0],[-3.1625,55.9395,0.0],[-3.1627,55.9395,0.0],[-3.1635,55.9397,0.0],[-3.1638,55.9397,0.0],[-3.164,55.9398,0.0],[-3.1644,55.9398,0.0],[-3.1661,55.94,0.0],[-3.1664,55.94,0.0],[-3.1668,55.9401,0.0],[-3.167,55.9401,0.0],[-3.1672,55.9401,0.0],[-3.1673,55.9402,0.0],[-3.1674,55.9402,0.0],[-3.1675,55.9402,0.0],[-3.1676,55.9403,0.0],[-3.1677,55.9403,0.0],[-3.1678,55.9403,0.0],[-3.1679,55.9404,0.0],[-3.1681,55.9405,0.0],[-3.1683,55.9406,0.0],[-3.1686,55.9409,0.0],[-3.169,55.941,0.0],[-3.1692,55.9412,0.0],[-3.1698,55.9414,0.0],[-3.17,55.9415,0.0],[-3.1701,55.9415,0.0],[-3.1702,55.9415,0.0],[-3.1704,55.9417,0.0],[-3.1704,55.9418,0.0],[-3.1704,55.9421,0.0],[-3.1704,55.9422,0.0],[-3.1703,55.9424,0.0],[-3.1703,55.9425,0.0],[-3.1703,55.9426,0.0],[-3.1706,55.9427,0.0],[-3.1709,55.9427,0.0],[-3.1712,55.9428,0.0],[-3.1713,55.9428,0.0],[-3.1714,55.9428,0.0],[-3.1725,55.9429,0.0],[-3.1731,55.9429,0.0],[-3.1739,55.9429,0.0],[-3.1743,55.9429,0.0],[-3.1746,55.9429,0.0],[-3.1749,55.943,0.0],[-3.1751,55.943,0.0],[-3.1753,55.9431,0.0],[-3.1754,55.9431,0.0],[-3.1756,55.9432,0.0],[-3.1757,55.9433,0.0],[-3.1758,55.9434,0.0],[-3.1759,55.9435,0.0],[-3.1761,55.9436,0.0],[-3.1762,55.9438,0.0],[-3.1766,55.9444,0.0],[-3.1768,55.9447,0.0],[-3.1769,55.9449,0.0],[-3.177,55.945,0.0],[-3.1771,55.9452,0.0],[-3.1771,55.9453,0.0],[-3.1772,55.9454,0.0],[-3.1772,55.9455,0.0],[-3.1773,55.9457,0.0],[-3.1774,55.9459,0.0],[-3.1774,55.9463,0.0],[-3.1774,55.9465,0.0],[-3.1773,55.9467,0.0],[-3.1772,55.947,0.0],[-3.1771,55.9473,0.0],[-3.1769,55.9477,0.0],[-3.1769,55.9478,0.0],[-3.1768,55.9479,0.0],[-3.1768,55.948,0.0],[-3.1767,55.9482,0.0],[-3.1764,55.9484,0.0],[-3.1761,55.9487,0.0],[-3.176,55.9488,0.0],[-3.1759,55.9489,0.0],[-3.1755,55.9492,0.0],[-3.1753,55.9493,0.0],[-3.175,55.9494,0.0],[-3.1749,55.9495,0.0],[-3.1748,55.9495,0.0],[-3.1744,55.9497,0.0],[-3.1743,55.9498,0.0],[-3.174,55.9499,0.0],[-3.1739,55.9499,0.0],[-3.1731,55.9502,0.0],[-3.1726,55.9503,0.0],[-3.1725,55.9503,0.0],[-3.1724,55.9504,0.0],[-3.1722,55.9505,0.0],[-3.1721,55.9505,0.0],[-3.1719,55.9506,0.0],[-3.1718,55.9506,0.0],[-3.1716,55.9507,0.0],[-3.1712,55.9507,0.0],[-3.171,55.9507,0.0],[-3.1709,55.9508,0.0],[-3.1707,55.9508,0.0],[-3.1706,55.9508,0.0],[-3.1704,55.9509,0.0],[-3.1694,55.951,0.0],[-3.1694,55.9511,0.0],[-3.1695,55.9514,0.0],[-3.1696,55.9514,0.0],[-3.1696,55.9515,0.0],[-3.1698,55.9518,0.0],[-3.1698,55.9519,0.0],[-3.17,55.9522,0.0],[-3.17,55.9523,0.0],[-3.1701,55.9523,0.0],[-3.1701,55.9524,0.0],[-3.1702,55.9525,0.0],[-3.1702,55.9526,0.0],[-3.1704,55.9529,0.0],[-3.1704,55.953,0.0],[-3.1705,55.9531,0.0],[-3.1705,55.9532,0.0],[-3.1706,55.9533,0.0],[-3.1706,55.9534,0.0],[-3.1707,55.9534,0.0],[-3.1707,55.9535,0.0],[-3.1708,55.9538,0.0],[-3.1709,55.9538,0.0],[-3.1709,55.9539,0.0],[-3.171,55.954,0.0],[-3.1711,55.9542,0.0],[-3.1712,55.9543,0.0],[-3.1715,55.9545,0.0],[-3.1715,55.9546,0.0],[-3.1716,55.9547,0.0],[-3.1717,55.9549,0.0],[-3.1718,55.955,0.0],[-3.1719,55.955,0.0],[-3.1727,55.9548,0.0],[-3.1728,55.9548,0.0],[-3.1729,55.9548,0.0],[-3.173,55.9548,0.0],[-3.1731,55.9548,0.0]]]]}},{"type":"Feature","properties":{"uesi_id":"GBR_R1920901","nbhd_code":"GBR_R1920901_15","nbhd_name":"Southside / Newington"},"geometry":{"type":"MultiPolygon","coordinates":[[[[-3.1981,55.9231,0.0],[-3.1981,55.9232,0.0],[-3.1981,55.9233,0.0],[-3.1981,55.9234,0.0],[-3.198,55.9235,0.0],[-3.1979,55.9236,0.0],[-3.1978,55.9236,0.0],[-3.1978,55.9237,0.0],[-3.1977,55.9237,0.0],[-3.1977,55.9238,0.0],[-3.1976,55.9238,0.0],[-3.1976,55.9239,0.0],[-3.1976,55.924,0.0],[-3.1975,55.9241,0.0],[-3.1975,55.9242,0.0],[-3.1974,55.9242,0.0],[-3.1974,55.9243,0.0],[-3.1973,55.9243,0.0],[-3.1971,55.9244,0.0],[-3.1971,55.9245,0.0],[-3.197,55.9245,0.0],[-3.1968,55.9246,0.0],[-3.1966,55.9247,0.0],[-3.1966,55.9248,0.0],[-3.1965,55.9248,0.0],[-3.1964,55.9249,0.0],[-3.1963,55.925,0.0],[-3.1962,55.9251,0.0],[-3.1961,55.9251,0.0],[-3.196,55.9251,0.0],[-3.196,55.9252,0.0],[-3.1959,55.9252,0.0],[-3.1958,55.9252,0.0],[-3.1957,55.9252,0.0],[-3.1956,55.9253,0.0],[-3.1954,55.9253,0.0],[-3.1953,55.9254,0.0],[-3.1952,55.9254,0.0],[-3.195,55.9254,0.0],[-3.1949,55.9254,0.0],[-3.1947,55.9255,0.0],[-3.1946,55.9255,0.0],[-3.1944,55.9256,0.0],[-3.1943,55.9256,0.0],[-3.1942,55.9256,0.0],[-3.1941,55.9257,0.0],[-3.194,55.9257,0.0],[-3.1939,55.9257,0.0],[-3.1938,55.9257,0.0],[-3.1937,55.9257,0.0],[-3.1937,55.9258,0.0],[-3.1936,55.9258,0.0],[-3.1935,55.9258,0.0],[-3.1934,55.9258,0.0],[-3.1933,55.9258,0.0],[-3.1932,55.9258,0.0],[-3.1932,55.9259,0.0],[-3.1931,55.9261,0.0],[-3.1932,55.9263,0.0],[-3.1932,55.9265,0.0],[-3.1933,55.9265,0.0],[-3.1935,55.9265,0.0],[-3.1938,55.9265,0.0],[-3.1939,55.9265,0.0],[-3.1941,55.9265,0.0],[-3.1943,55.9265,0.0],[-3.1944,55.9265,0.0],[-3.1945,55.9265,0.0],[-3.1946,55.9265,0.0],[-3.1947,55.9265,0.0],[-3.1949,55.9265,0.0],[-3.1951,55.9265,0.0],[-3.1953,55.9265,0.0],[-3.1955,55.9265,0.0],[-3.1956,55.9265,0.0],[-3.1958,55.9265,0.0],[-3.1959,55.9265,0.0],[-3.1961,55.9265,0.0],[-3.1963,55.9265,0.0],[-3.1964,55.9265,0.0],[-3.1965,55.9265,0.0],[-3.1967,55.9265,0.0],[-3.1968,55.9265,0.0],[-3.1969,55.9265,0.0],[-3.197,55.9265,0.0],[-3.1971,55.9265,0.0],[-3.1972,55.9265,0.0],[-3.1975,55.9264,0.0],[-3.1977,55.9264,0.0],[-3.1978,55.9264,0.0],[-3.1979,55.9264,0.0],[-3.1982,55.9264,0.0],[-3.1983,55.9264,0.0],[-3.1984,55.9263,0.0],[-3.1985,55.9263,0.0],[-3.1986,55.9263,0.0],[-3.1987,55.9263,0.0],[-3.1989,55.9263,0.0],[-3.199,55.9263,0.0],[-3.1991,55.9262,0.0],[-3.1992,55.9262,0.0],[-3.1993,55.9262,0.0],[-3.1994,55.9262,0.0],[-3.1996,55.9262,0.0],[-3.1997,55.9262,0.0],[-3.1997,55.9263,0.0],[-3.1998,55.9263,0.0],[-3.1999,55.9264,0.0],[-3.2,55.9264,0.0],[-3.2,55.9265,0.0],[-3.2001,55.9265,0.0],[-3.2002,55.9266,0.0],[-3.2003,55.9266,0.0],[-3.2005,55.9266,0.0],[-3.2008,55.9266,0.0],[-3.2009,55.9266,0.0],[-3.2011,55.9266,0.0],[-3.2012,55.9266,0.0],[-3.2012,55.9267,0.0],[-3.2012,55.9268,0.0],[-3.2013,55.927,0.0],[-3.2013,55.9271,0.0],[-3.2013,55.9272,0.0],[-3.2014,55.9273,0.0],[-3.2014,55.9274,0.0],[-3.2015,55.9276,0.0],[-3.2015,55.9278,0.0],[-3.2015,55.9279,0.0],[-3.2016,55.928,0.0],[-3.2016,55.9283,0.0],[-3.2017,55.9283,0.0],[-3.2017,55.9284,0.0],[-3.2017,55.9285,0.0],[-3.2016,55.9285,0.0],[-3.2015,55.9286,0.0],[-3.2015,55.9287,0.0],[-3.2015,55.9288,0.0],[-3.2015,55.9289,0.0],[-3.2016,55.9293,0.0],[-3.2016,55.9296,0.0],[-3.2016,55.9298,0.0],[-3.2017,55.9304,0.0],[-3.2018,55.9307,0.0],[-3.2018,55.9309,0.0],[-3.2018,55.931,0.0],[-3.2019,55.931,0.0],[-3.202,55.9309,0.0],[-3.2025,55.9309,0.0],[-3.2028,55.9309,0.0],[-3.2029,55.9309,0.0],[-3.2033,55.9309,0.0],[-3.2037,55.9309,0.0],[-3.2038,55.9309,0.0],[-3.204,55.9309,0.0],[-3.2044,55.9309,0.0],[-3.2044,55.931,0.0],[-3.2046,55.9315,0.0],[-3.2046,55.9316,0.0],[-3.2047,55.9322,0.0],[-3.2046,55.9322,0.0],[-3.2045,55.9322,0.0],[-3.2041,55.9322,0.0],[-3.2036,55.9322,0.0],[-3.2036,55.9323,0.0],[-3.2037,55.9323,0.0],[-3.2037,55.9325,0.0],[-3.2037,55.9326,0.0],[-3.2037,55.9327,0.0],[-3.2037,55.9328,0.0],[-3.2038,55.9328,0.0],[-3.2039,55.9328,0.0],[-3.2039,55.9329,0.0],[-3.2038,55.9329,0.0],[-3.2035,55.9329,0.0],[-3.2034,55.9329,0.0],[-3.2033,55.9329,0.0],[-3.2032,55.9329,0.0],[-3.2031,55.9329,0.0],[-3.203,55.9329,0.0],[-3.2028,55.933,0.0],[-3.2027,55.933,0.0],[-3.2026,55.933,0.0],[-3.2025,55.933,0.0],[-3.2024,55.933,0.0],[-3.2023,55.933,0.0],[-3.2022,55.933,0.0],[-3.202,55.933,0.0],[-3.2019,55.9331,0.0],[-3.2017,55.9331,0.0],[-3.2016,55.9331,0.0],[-3.2015,55.9331,0.0],[-3.2014,55.9331,0.0],[-3.2013,55.9331,0.0],[-3.2012,55.9331,0.0],[-3.2012,55.9333,0.0],[-3.201,55.9333,0.0],[-3.2009,55.9333,0.0],[-3.2008,55.9333,0.0],[-3.2008,55.9334,0.0],[-3.2009,55.9336,0.0],[-3.2008,55.9337,0.0],[-3.2003,55.9337,0.0],[-3.1997,55.9338,0.0],[-3.1995,55.9339,0.0],[-3.1994,55.9339,0.0],[-3.1987,55.934,0.0],[-3.1987,55.9341,0.0],[-3.1988,55.9341,0.0],[-3.1988,55.9342,0.0],[-3.1988,55.9343,0.0],[-3.1989,55.9343,0.0],[-3.1989,55.9345,0.0],[-3.199,55.9345,0.0],[-3.199,55.9346,0.0],[-3.199,55.9347,0.0],[-3.1991,55.9347,0.0],[-3.1991,55.9348,0.0],[-3.199,55.9348,0.0],[-3.1989,55.9348,0.0],[-3.1988,55.9348,0.0],[-3.1987,55.9348,0.0],[-3.1986,55.9348,0.0],[-3.1985,55.9348,0.0],[-3.1984,55.9348,0.0],[-3.1983,55.9348,0.0],[-3.1982,55.9348,0.0],[-3.1981,55.9348,0.0],[-3.198,55.9348,0.0],[-3.1979,55.9348,0.0],[-3.1978,55.9348,0.0],[-3.1977,55.9348,0.0],[-3.1976,55.9348,0.0],[-3.1941,55.935,0.0],[-3.1941,55.9349,0.0],[-3.194,55.9348,0.0],[-3.1939,55.9348,0.0],[-3.1938,55.9348,0.0],[-3.1933,55.9349,0.0],[-3.1933,55.935,0.0],[-3.1933,55.9351,0.0],[-3.1933,55.9353,0.0],[-3.1933,55.9354,0.0],[-3.1933,55.9355,0.0],[-3.1933,55.9356,0.0],[-3.1933,55.9357,0.0],[-3.1933,55.9358,0.0],[-3.1933,55.9359,0.0],[-3.1933,55.936,0.0],[-3.1933,55.9361,0.0],[-3.1933,55.9362,0.0],[-3.1932,55.9362,0.0],[-3.1932,55.9363,0.0],[-3.1931,55.9363,0.0],[-3.193,55.9364,0.0],[-3.1928,55.9365,0.0],[-3.1928,55.9366,0.0],[-3.1927,55.9366,0.0],[-3.1926,55.9367,0.0],[-3.1924,55.9368,0.0],[-3.1924,55.9369,0.0],[-3.1923,55.9369,0.0],[-3.1923,55.937,0.0],[-3.1922,55.937,0.0],[-3.1922,55.9371,0.0],[-3.1921,55.9371,0.0],[-3.1921,55.9372,0.0],[-3.1921,55.9373,0.0],[-3.1921,55.9375,0.0],[-3.192,55.9376,0.0],[-3.192,55.9377,0.0],[-3.192,55.9378,0.0],[-3.1917,55.9379,0.0],[-3.1916,55.9379,0.0],[-3.1915,55.9379,0.0],[-3.1915,55.938,0.0],[-3.1915,55.9381,0.0],[-3.1914,55.9381,0.0],[-3.1914,55.9382,0.0],[-3.1914,55.9383,0.0],[-3.1914,55.9384,0.0],[-3.1914,55.9389,0.0],[-3.1915,55.9395,0.0],[-3.1915,55.9397,0.0],[-3.1915,55.9398,0.0],[-3.1914,55.9399,0.0],[-3.1916,55.9399,0.0],[-3.1916,55.94,0.0],[-3.1915,55.9403,0.0],[-3.1915,55.9405,0.0],[-3.1915,55.9406,0.0],[-3.1914,55.9422,0.0],[-3.1914,55.9423,0.0],[-3.1914,55.9425,0.0],[-3.1914,55.9426,0.0],[-3.1913,55.9427,0.0],[-3.1913,55.9435,0.0],[-3.1913,55.9436,0.0],[-3.1913,55.944,0.0],[-3.1912,55.9441,0.0],[-3.1912,55.9443,0.0],[-3.1912,55.9447,0.0],[-3.1912,55.9448,0.0],[-3.1912,55.9449,0.0],[-3.1911,55.9449,0.0],[-3.1911,55.9452,0.0],[-3.191,55.9452,0.0],[-3.191,55.9453,0.0],[-3.1909,55.9454,0.0],[-3.19,55.9456,0.0],[-3.1898,55.9456,0.0],[-3.1896,55.9457,0.0],[-3.1895,55.9457,0.0],[-3.1894,55.9457,0.0],[-3.1894,55.9458,0.0],[-3.1893,55.9458,0.0],[-3.1892,55.9459,0.0],[-3.1891,55.946,0.0],[-3.189,55.946,0.0],[-3.1887,55.9463,0.0],[-3.1886,55.9464,0.0],[-3.1885,55.9465,0.0],[-3.1884,55.9465,0.0],[-3.1883,55.9465,0.0],[-3.1883,55.9466,0.0],[-3.1882,55.9466,0.0],[-3.1881,55.9466,0.0],[-3.188,55.9466,0.0],[-3.1879,55.9469,0.0],[-3.1878,55.9469,0.0],[-3.1872,55.947,0.0],[-3.1866,55.9471,0.0],[-3.1865,55.9471,0.0],[-3.1864,55.9472,0.0],[-3.1862,55.9472,0.0],[-3.1861,55.9472,0.0],[-3.186,55.9472,0.0],[-3.1859,55.9472,0.0],[-3.1859,55.9473,0.0],[-3.1858,55.9473,0.0],[-3.1854,55.9474,0.0],[-3.1848,55.9476,0.0],[-3.1847,55.9476,0.0],[-3.1846,55.9476,0.0],[-3.1845,55.9476,0.0],[-3.1841,55.9478,0.0],[-3.1837,55.9479,0.0],[-3.1836,55.9479,0.0],[-3.1835,55.9479,0.0],[-3.1834,55.948,0.0],[-3.183,55.9481,0.0],[-3.1828,55.9482,0.0],[-3.1823,55.9483,0.0],[-3.1822,55.9483,0.0],[-3.182,55.9483,0.0],[-3.1819,55.9483,0.0],[-3.1818,55.9483,0.0],[-3.1818,55.9484,0.0],[-3.1815,55.9484,0.0],[-3.1814,55.9484,0.0],[-3.1813,55.9484,0.0],[-3.1812,55.9485,0.0],[-3.181,55.9485,0.0],[-3.1809,55.9485,0.0],[-3.1808,55.9485,0.0],[-3.1807,55.9485,0.0],[-3.1806,55.9486,0.0],[-3.1805,55.9486,0.0],[-3.1804,55.9486,0.0],[-3.1804,55.9487,0.0],[-3.1805,55.9487,0.0],[-3.1805,55.9488,0.0],[-3.1805,55.9489,0.0],[-3.1804,55.9489,0.0],[-3.1803,55.9489,0.0],[-3.1802,55.9489,0.0],[-3.1801,55.9489,0.0],[-3.18,55.9489,0.0],[-3.18,55.9488,0.0],[-3.1799,55.9488,0.0],[-3.1798,55.9487,0.0],[-3.1798,55.9486,0.0],[-3.1797,55.9486,0.0],[-3.1797,55.9485,0.0],[-3.1796,55.9485,0.0],[-3.1796,55.9484,0.0],[-3.1796,55.9483,0.0],[-3.1796,55.9482,0.0],[-3.1796,55.9481,0.0],[-3.1796,55.948,0.0],[-3.1797,55.948,0.0],[-3.1798,55.9479,0.0],[-3.1798,55.9478,0.0],[-3.1799,55.9478,0.0],[-3.18,55.9477,0.0],[-3.1802,55.9475,0.0],[-3.1803,55.9474,0.0],[-3.1803,55.9473,0.0],[-3.1803,55.9472,0.0],[-3.1803,55.9471,0.0],[-3.1803,55.947,0.0],[-3.1802,55.947,0.0],[-3.1802,55.9469,0.0],[-3.1801,55.9468,0.0],[-3.18,55.9466,0.0],[-3.18,55.9465,0.0],[-3.18,55.9464,0.0],[-3.1799,55.9464,0.0],[-3.1799,55.9463,0.0],[-3.1798,55.9462,0.0],[-3.1797,55.9462,0.0],[-3.1797,55.9463,0.0],[-3.1796,55.9463,0.0],[-3.1796,55.9462,0.0],[-3.1793,55.9461,0.0],[-3.1791,55.946,0.0],[-3.179,55.946,0.0],[-3.179,55.9459,0.0],[-3.1787,55.9459,0.0],[-3.1786,55.9459,0.0],[-3.1774,55.9459,0.0],[-3.1773,55.9457,0.0],[-3.1772,55.9455,0.0],[-3.1772,55.9454,0.0],[-3.1771,55.9453,0.0],[-3.1771,55.9452,0.0],[-3.177,55.945,0.0],[-3.1769,55.9449,0.0],[-3.1768,55.9447,0.0],[-3.1766,55.9444,0.0],[-3.1762,55.9438,0.0],[-3.1761,55.9436,0.0],[-3.1759,55.9435,0.0],[-3.1758,55.9434,0.0],[-3.1757,55.9433,0.0],[-3.1756,55.9432,0.0],[-3.1754,55.9431,0.0],[-3.1753,55.9431,0.0],[-3.1751,55.943,0.0],[-3.1749,55.943,0.0],[-3.1746,55.9429,0.0],[-3.1743,55.9429,0.0],[-3.1739,55.9429,0.0],[-3.1731,55.9429,0.0],[-3.1725,55.9429,0.0],[-3.1714,55.9428,0.0],[-3.1713,55.9428,0.0],[-3.1712,55.9428,0.0],[-3.1709,55.9427,0.0],[-3.1706,55.9427,0.0],[-3.1703,55.9426,0.0],[-3.1703,55.9425,0.0],[-3.1703,55.9424,0.0],[-3.1704,55.9422,0.0],[-3.1704,55.9421,0.0],[-3.1704,55.9418,0.0],[-3.1704,55.9417,0.0],[-3.1702,55.9415,0.0],[-3.1701,55.9415,0.0],[-3.17,55.9415,0.0],[-3.1698,55.9414,0.0],[-3.1692,55.9412,0.0],[-3.169,55.941,0.0],[-3.1686,55.9409,0.0],[-3.1683,55.9406,0.0],[-3.1681,55.9405,0.0],[-3.1679,55.9404,0.0],[-3.1678,55.9403,0.0],[-3.1677,55.9403,0.0],[-3.1676,55.9403,0.0],[-3.1675,55.9402,0.0],[-3.1674,55.9402,0.0],[-3.1673,55.9402,0.0],[-3.1672,55.9401,0.0],[-3.167,55.9401,0.0],[-3.1668,55.9401,0.0],[-3.1664,55.94,0.0],[-3.1661,55.94,0.0],[-3.1644,55.9398,0.0],[-3.164,55.9398,0.0],[-3.1638,55.9397,0.0],[-3.1635,55.9397,0.0],[-3.1627,55.9395,0.0],[-3.1625,55.9395,0.0],[-3.1624,55.9395,0.0],[-3.1623,55.9395,0.0],[-3.1622,55.9395,0.0],[-3.1619,55.9395,0.0],[-3.1618,55.9395,0.0],[-3.1619,55.9394,0.0],[-3.162,55.9391,0.0],[-3.1615,55.939,0.0],[-3.1614,55.939,0.0],[-3.1611,55.9389,0.0],[-3.161,55.9389,0.0],[-3.1608,55.9389,0.0],[-3.1607,55.9388,0.0],[-3.1606,55.9388,0.0],[-3.1605,55.9388,0.0],[-3.1604,55.9388,0.0],[-3.1602,55.9387,0.0],[-3.16,55.9387,0.0],[-3.1599,55.9387,0.0],[-3.1598,55.9387,0.0],[-3.1597,55.9387,0.0],[-3.1595,55.9387,0.0],[-3.1594,55.9386,0.0],[-3.1591,55.9386,0.0],[-3.1588,55.9386,0.0],[-3.1585,55.9386,0.0],[-3.1584,55.9386,0.0],[-3.1583,55.9386,0.0],[-3.1582,55.9386,0.0],[-3.1578,55.9386,0.0],[-3.1574,55.9385,0.0],[-3.1571,55.9385,0.0],[-3.1569,55.9385,0.0],[-3.1568,55.9385,0.0],[-3.1566,55.9385,0.0],[-3.1565,55.9385,0.0],[-3.1562,55.9385,0.0],[-3.1549,55.9382,0.0],[-3.1542,55.9381,0.0],[-3.1535,55.938,0.0],[-3.1534,55.938,0.0],[-3.1525,55.9379,0.0],[-3.152,55.9378,0.0],[-3.1519,55.9378,0.0],[-3.1518,55.9377,0.0],[-3.1517,55.9377,0.0],[-3.1511,55.9376,0.0],[-3.1502,55.9375,0.0],[-3.1496,55.9374,0.0],[-3.1494,55.9374,0.0],[-3.1493,55.9373,0.0],[-3.1479,55.9371,0.0],[-3.147,55.937,0.0],[-3.1461,55.9368,0.0],[-3.1456,55.9368,0.0],[-3.1452,55.9367,0.0],[-3.1447,55.9366,0.0],[-3.1444,55.9366,0.0],[-3.1442,55.9365,0.0],[-3.1443,55.9365,0.0],[-3.1444,55.9365,0.0],[-3.1445,55.9365,0.0],[-3.1449,55.9366,0.0],[-3.145,55.9366,0.0],[-3.145,55.9365,0.0],[-3.1451,55.9365,0.0],[-3.1452,55.9365,0.0],[-3.1453,55.9364,0.0],[-3.1454,55.9363,0.0],[-3.1455,55.9363,0.0],[-3.1457,55.9362,0.0],[-3.1456,55.9361,0.0],[-3.1455,55.9361,0.0],[-3.1454,55.936,0.0],[-3.1453,55.936,0.0],[-3.1452,55.9359,0.0],[-3.1453,55.9359,0.0],[-3.1454,55.9359,0.0],[-3.1454,55.9358,0.0],[-3.1455,55.9358,0.0],[-3.1456,55.9357,0.0],[-3.1458,55.9357,0.0],[-3.1473,55.9349,0.0],[-3.1474,55.9349,0.0],[-3.1475,55.9348,0.0],[-3.1477,55.9347,0.0],[-3.1479,55.9346,0.0],[-3.1481,55.9345,0.0],[-3.1486,55.9343,0.0],[-3.1487,55.9342,0.0],[-3.149,55.9341,0.0],[-3.1491,55.9341,0.0],[-3.1492,55.934,0.0],[-3.1493,55.9338,0.0],[-3.1493,55.9337,0.0],[-3.1493,55.9336,0.0],[-3.1495,55.9334,0.0],[-3.1496,55.933,0.0],[-3.1497,55.9328,0.0],[-3.1498,55.9324,0.0],[-3.15,55.9322,0.0],[-3.1501,55.9321,0.0],[-3.1502,55.932,0.0],[-3.1505,55.9318,0.0],[-3.1506,55.9317,0.0],[-3.1508,55.9316,0.0],[-3.151,55.9314,0.0],[-3.1514,55.9312,0.0],[-3.1516,55.931,0.0],[-3.1523,55.9305,0.0],[-3.1526,55.9303,0.0],[-3.1529,55.9301,0.0],[-3.1534,55.9297,0.0],[-3.1538,55.9295,0.0],[-3.1539,55.9294,0.0],[-3.1539,55.9293,0.0],[-3.1538,55.9293,0.0],[-3.1536,55.9293,0.0],[-3.1533,55.9293,0.0],[-3.1531,55.9294,0.0],[-3.1528,55.9294,0.0],[-3.1526,55.9294,0.0],[-3.1523,55.9295,0.0],[-3.1522,55.9295,0.0],[-3.1521,55.9295,0.0],[-3.152,55.9295,0.0],[-3.1517,55.9296,0.0],[-3.1514,55.9296,0.0],[-3.1511,55.9297,0.0],[-3.151,55.9297,0.0],[-3.1506,55.9298,0.0],[-3.1505,55.9298,0.0],[-3.1504,55.9298,0.0],[-3.1502,55.9299,0.0],[-3.1499,55.93,0.0],[-3.1498,55.93,0.0],[-3.1494,55.9301,0.0],[-3.1493,55.9302,0.0],[-3.149,55.9303,0.0],[-3.1489,55.9303,0.0],[-3.1488,55.9304,0.0],[-3.1486,55.9304,0.0],[-3.1484,55.9305,0.0],[-3.1481,55.9307,0.0],[-3.1479,55.9308,0.0],[-3.1478,55.9309,0.0],[-3.1476,55.9309,0.0],[-3.1474,55.9311,0.0],[-3.1473,55.9312,0.0],[-3.1472,55.9312,0.0],[-3.1472,55.9311,0.0],[-3.1471,55.9311,0.0],[-3.1468,55.9309,0.0],[-3.1467,55.9308,0.0],[-3.1466,55.9308,0.0],[-3.1463,55.9306,0.0],[-3.1461,55.9304,0.0],[-3.146,55.9304,0.0],[-3.146,55.9303,0.0],[-3.1459,55.9303,0.0],[-3.1458,55.9302,0.0],[-3.1454,55.93,0.0],[-3.1453,55.9299,0.0],[-3.1449,55.9296,0.0],[-3.1445,55.9294,0.0],[-3.1444,55.9293,0.0],[-3.1442,55.9292,0.0],[-3.1442,55.9291,0.0],[-3.144,55.9289,0.0],[-3.1439,55.9289,0.0],[-3.1439,55.9288,0.0],[-3.1436,55.9286,0.0],[-3.1434,55.9285,0.0],[-3.1433,55.9284,0.0],[-3.1432,55.9284,0.0],[-3.1432,55.9283,0.0],[-3.1431,55.9283,0.0],[-3.1428,55.9282,0.0],[-3.1425,55.928,0.0],[-3.1423,55.928,0.0],[-3.1424,55.9279,0.0],[-3.1427,55.9279,0.0],[-3.1428,55.9279,0.0],[-3.1429,55.9279,0.0],[-3.1429,55.9278,0.0],[-3.143,55.9278,0.0],[-3.1431,55.9278,0.0],[-3.1432,55.9278,0.0],[-3.1434,55.9278,0.0],[-3.1439,55.9278,0.0],[-3.1442,55.9278,0.0],[-3.1443,55.9278,0.0],[-3.1444,55.9278,0.0],[-3.1445,55.9278,0.0],[-3.1447,55.9278,0.0],[-3.1448,55.9278,0.0],[-3.1449,55.9278,0.0],[-3.145,55.9278,0.0],[-3.145,55.9277,0.0],[-3.1451,55.9277,0.0],[-3.1451,55.9276,0.0],[-3.1452,55.9276,0.0],[-3.1452,55.9275,0.0],[-3.1453,55.9275,0.0],[-3.1453,55.9274,0.0],[-3.1453,55.9273,0.0],[-3.1453,55.9272,0.0],[-3.1453,55.9271,0.0],[-3.1454,55.9271,0.0],[-3.1454,55.927,0.0],[-3.1454,55.9269,0.0],[-3.1454,55.9268,0.0],[-3.1455,55.9268,0.0],[-3.1455,55.9267,0.0],[-3.1455,55.9266,0.0],[-3.1454,55.9265,0.0],[-3.1453,55.9265,0.0],[-3.1453,55.9264,0.0],[-3.1454,55.9264,0.0],[-3.1454,55.9263,0.0],[-3.1455,55.9263,0.0],[-3.1452,55.926,0.0],[-3.1451,55.9258,0.0],[-3.145,55.9257,0.0],[-3.145,55.9256,0.0],[-3.1443,55.9252,0.0],[-3.1444,55.9251,0.0],[-3.1445,55.925,0.0],[-3.1446,55.925,0.0],[-3.1447,55.9249,0.0],[-3.1448,55.9249,0.0],[-3.1448,55.9248,0.0],[-3.1449,55.9248,0.0],[-3.145,55.9247,0.0],[-3.1451,55.9246,0.0],[-3.1452,55.9246,0.0],[-3.1453,55.9245,0.0],[-3.1454,55.9245,0.0],[-3.1455,55.9245,0.0],[-3.1456,55.9245,0.0],[-3.1457,55.9245,0.0],[-3.1458,55.9244,0.0],[-3.1459,55.9244,0.0],[-3.1459,55.9243,0.0],[-3.1462,55.9241,0.0],[-3.1467,55.9238,0.0],[-3.1471,55.9235,0.0],[-3.1478,55.9231,0.0],[-3.1484,55.9227,0.0],[-3.1485,55.9226,0.0],[-3.1486,55.9225,0.0],[-3.1487,55.9226,0.0],[-3.1489,55.9228,0.0],[-3.149,55.9228,0.0],[-3.1495,55.9231,0.0],[-3.1497,55.9232,0.0],[-3.15,55.9234,0.0],[-3.1503,55.9236,0.0],[-3.1504,55.9237,0.0],[-3.1505,55.9237,0.0],[-3.1515,55.9244,0.0],[-3.1515,55.9245,0.0],[-3.1516,55.9245,0.0],[-3.1518,55.9246,0.0],[-3.1517,55.9247,0.0],[-3.1516,55.9247,0.0],[-3.1515,55.9248,0.0],[-3.1517,55.9249,0.0],[-3.1518,55.9249,0.0],[-3.152,55.9248,0.0],[-3.1521,55.9249,0.0],[-3.1522,55.9249,0.0],[-3.1526,55.9253,0.0],[-3.1527,55.9253,0.0],[-3.1528,55.9252,0.0],[-3.1529,55.9252,0.0],[-3.153,55.9252,0.0],[-3.1532,55.9251,0.0],[-3.1534,55.925,0.0],[-3.1535,55.9249,0.0],[-3.1537,55.9248,0.0],[-3.1536,55.9247,0.0],[-3.1537,55.9247,0.0],[-3.1538,55.9247,0.0],[-3.1539,55.9247,0.0],[-3.1541,55.9246,0.0],[-3.1543,55.9245,0.0],[-3.1544,55.9245,0.0],[-3.1545,55.9244,0.0],[-3.1547,55.9243,0.0],[-3.1549,55.9242,0.0],[-3.1553,55.924,0.0],[-3.1557,55.9239,0.0],[-3.156,55.9238,0.0],[-3.156,55.9237,0.0],[-3.1561,55.9237,0.0],[-3.1562,55.9237,0.0],[-3.1568,55.9236,0.0],[-3.1577,55.9234,0.0],[-3.1578,55.9233,0.0],[-3.1579,55.9233,0.0],[-3.158,55.9233,0.0],[-3.1581,55.9233,0.0],[-3.1582,55.9233,0.0],[-3.1583,55.9233,0.0],[-3.1584,55.9233,0.0],[-3.1585,55.9233,0.0],[-3.1591,55.9231,0.0],[-3.1593,55.923,0.0],[-3.1598,55.9228,0.0],[-3.16,55.9227,0.0],[-3.1601,55.9227,0.0],[-3.1602,55.9226,0.0],[-3.1604,55.9224,0.0],[-3.1604,55.9223,0.0],[-3.1605,55.9223,0.0],[-3.1605,55.9222,0.0],[-3.1606,55.9221,0.0],[-3.1607,55.922,0.0],[-3.1609,55.9219,0.0],[-3.161,55.9218,0.0],[-3.1614,55.9217,0.0],[-3.1615,55.9218,0.0],[-3.1617,55.9218,0.0],[-3.1617,55.9219,0.0],[-3.1625,55.9213,0.0],[-3.1627,55.9212,0.0],[-3.1631,55.9209,0.0],[-3.1643,55.92,0.0],[-3.1649,55.9196,0.0],[-3.1651,55.9195,0.0],[-3.1659,55.9189,0.0],[-3.1663,55.9192,0.0],[-3.1672,55.9196,0.0],[-3.1673,55.9197,0.0],[-3.1674,55.9197,0.0],[-3.1675,55.9197,0.0],[-3.1675,55.9198,0.0],[-3.1675,55.9199,0.0],[-3.1675,55.92,0.0],[-3.1675,55.9202,0.0],[-3.1675,55.9203,0.0],[-3.1674,55.9209,0.0],[-3.1674,55.921,0.0],[-3.1674,55.9212,0.0],[-3.1674,55.9213,0.0],[-3.1673,55.9214,0.0],[-3.1674,55.9214,0.0],[-3.1675,55.9213,0.0],[-3.1676,55.9213,0.0],[-3.1677,55.9211,0.0],[-3.168,55.9209,0.0],[-3.1681,55.9209,0.0],[-3.1682,55.9208,0.0],[-3.1682,55.9209,0.0],[-3.1683,55.9209,0.0],[-3.1685,55.9212,0.0],[-3.1686,55.9212,0.0],[-3.1687,55.9212,0.0],[-3.1689,55.9211,0.0],[-3.169,55.9211,0.0],[-3.1692,55.921,0.0],[-3.1692,55.9209,0.0],[-3.1692,55.9208,0.0],[-3.1692,55.9207,0.0],[-3.1692,55.9206,0.0],[-3.1691,55.9205,0.0],[-3.1691,55.9204,0.0],[-3.1691,55.9203,0.0],[-3.169,55.9203,0.0],[-3.1689,55.9203,0.0],[-3.1689,55.9202,0.0],[-3.169,55.9201,0.0],[-3.1691,55.9201,0.0],[-3.1694,55.9198,0.0],[-3.1695,55.9197,0.0],[-3.1696,55.9197,0.0],[-3.1698,55.9197,0.0],[-3.17,55.9196,0.0],[-3.1703,55.9196,0.0],[-3.1705,55.9196,0.0],[-3.1707,55.9196,0.0],[-3.1709,55.9195,0.0],[-3.1711,55.9195,0.0],[-3.1713,55.9195,0.0],[-3.1716,55.9195,0.0],[-3.1717,55.9194,0.0],[-3.1719,55.9194,0.0],[-3.172,55.9194,0.0],[-3.1721,55.9194,0.0],[-3.1723,55.9194,0.0],[-3.1724,55.9193,0.0],[-3.1725,55.9194,0.0],[-3.1726,55.9194,0.0],[-3.1727,55.9194,0.0],[-3.173,55.9193,0.0],[-3.1732,55.9193,0.0],[-3.1735,55.9193,0.0],[-3.1736,55.9192,0.0],[-3.1737,55.9192,0.0],[-3.1738,55.9192,0.0],[-3.1741,55.9192,0.0],[-3.1746,55.9192,0.0],[-3.1756,55.9192,0.0],[-3.1759,55.9191,0.0],[-3.1762,55.9192,0.0],[-3.1765,55.9191,0.0],[-3.1766,55.9191,0.0],[-3.1772,55.9191,0.0],[-3.1776,55.9191,0.0],[-3.1798,55.919,0.0],[-3.18,55.919,0.0],[-3.1801,55.919,0.0],[-3.1802,55.919,0.0],[-3.1822,55.9189,0.0],[-3.1823,55.9189,0.0],[-3.1824,55.9189,0.0],[-3.1826,55.9189,0.0],[-3.1827,55.9189,0.0],[-3.1829,55.9189,0.0],[-3.1834,55.9189,0.0],[-3.1839,55.9189,0.0],[-3.1841,55.9189,0.0],[-3.1842,55.919,0.0],[-3.1843,55.919,0.0],[-3.1844,55.9189,0.0],[-3.1846,55.9189,0.0],[-3.1848,55.9189,0.0],[-3.1849,55.9188,0.0],[-3.185,55.9188,0.0],[-3.1852,55.9188,0.0],[-3.1853,55.9188,0.0],[-3.1854,55.9187,0.0],[-3.1855,55.9187,0.0],[-3.1857,55.9187,0.0],[-3.1858,55.9188,0.0],[-3.1859,55.9188,0.0],[-3.1863,55.9189,0.0],[-3.1864,55.9189,0.0],[-3.1868,55.9189,0.0],[-3.1871,55.9189,0.0],[-3.1873,55.9189,0.0],[-3.1874,55.9189,0.0],[-3.1878,55.9189,0.0],[-3.1879,55.9189,0.0],[-3.188,55.919,0.0],[-3.1881,55.919,0.0],[-3.1882,55.9191,0.0],[-3.1883,55.9191,0.0],[-3.1884,55.9192,0.0],[-3.1887,55.9192,0.0],[-3.189,55.9194,0.0],[-3.1893,55.9195,0.0],[-3.1897,55.9195,0.0],[-3.1898,55.9195,0.0],[-3.1899,55.9196,0.0],[-3.1901,55.9196,0.0],[-3.1902,55.9196,0.0],[-3.1903,55.9196,0.0],[-3.1903,55.9195,0.0],[-3.1904,55.9195,0.0],[-3.1905,55.9195,0.0],[-3.1908,55.9196,0.0],[-3.1909,55.9196,0.0],[-3.191,55.9197,0.0],[-3.1913,55.9198,0.0],[-3.1913,55.9199,0.0],[-3.1913,55.92,0.0],[-3.1913,55.9201,0.0],[-3.1913,55.9202,0.0],[-3.1913,55.9203,0.0],[-3.1914,55.9203,0.0],[-3.1914,55.9204,0.0],[-3.1914,55.9205,0.0],[-3.1915,55.9205,0.0],[-3.1915,55.9206,0.0],[-3.1916,55.9206,0.0],[-3.1917,55.9207,0.0],[-3.1918,55.9207,0.0],[-3.1919,55.9208,0.0],[-3.192,55.9208,0.0],[-3.1921,55.9209,0.0],[-3.1922,55.9209,0.0],[-3.1923,55.9209,0.0],[-3.1924,55.9209,0.0],[-3.1925,55.921,0.0],[-3.1926,55.921,0.0],[-3.1928,55.921,0.0],[-3.1937,55.9211,0.0],[-3.194,55.9211,0.0],[-3.1945,55.9212,0.0],[-3.1947,55.9212,0.0],[-3.1949,55.9212,0.0],[-3.1951,55.9213,0.0],[-3.1952,55.9213,0.0],[-3.1953,55.9213,0.0],[-3.1954,55.9213,0.0],[-3.1955,55.9213,0.0],[-3.1955,55.9214,0.0],[-3.1956,55.9214,0.0],[-3.1958,55.9214,0.0],[-3.1958,55.9215,0.0],[-3.1959,55.9216,0.0],[-3.196,55.9216,0.0],[-3.1961,55.9218,0.0],[-3.1963,55.9219,0.0],[-3.1964,55.922,0.0],[-3.1965,55.922,0.0],[-3.1966,55.922,0.0],[-3.1967,55.9221,0.0],[-3.1968,55.9221,0.0],[-3.1969,55.9221,0.0],[-3.197,55.9221,0.0],[-3.1971,55.9221,0.0],[-3.1972,55.9221,0.0],[-3.1973,55.9221,0.0],[-3.1974,55.9221,0.0],[-3.1976,55.9221,0.0],[-3.1977,55.9222,0.0],[-3.1978,55.9222,0.0],[-3.1979,55.9222,0.0],[-3.198,55.9222,0.0],[-3.198,55.9223,0.0],[-3.1981,55.9223,0.0],[-3.1981,55.9224,0.0],[-3.1982,55.9224,0.0],[-3.1982,55.9225,0.0],[-3.1982,55.9226,0.0],[-3.1982,55.9227,0.0],[-3.1981,55.9227,0.0],[-3.1981,55.9228,0.0],[-3.1981,55.9229,0.0],[-3.1981,55.923,0.0],[-3.1981,55.9231,0.0]],[[-3.1911,55.9449,0.0],[-3.191,55.9449,0.0],[-3.191,55.945,0.0],[-3.1911,55.9449,0.0]]]]}},{"type":"Feature","properties":{"uesi_id":"GBR_R1920901","nbhd_code":"GBR_R1920901_16","nbhd_name":"Liberton / Gilmerton"},"geometry":{"type":"MultiPolygon","coordinates":[[[[-3.1842,55.9189,0.0],[-3.1842,55.919,0.0],[-3.1841,55.9189,0.0],[-3.1839,55.9189,0.0],[-3.1834,55.9189,0.0],[-3.1829,55.9189,0.0],[-3.1827,55.9189,0.0],[-3.1826,55.9189,0.0],[-3.1824,55.9189,0.0],[-3.1823,55.9189,0.0],[-3.1822,55.9189,0.0],[-3.1802,55.919,0.0],[-3.1801,55.919,0.0],[-3.18,55.919,0.0],[-3.1798,55.919,0.0],[-3.1776,55.9191,0.0],[-3.1772,55.9191,0.0],[-3.1766,55.9191,0.0],[-3.1765,55.9191,0.0],[-3.1762,55.9192,0.0],[-3.1759,55.9191,0.0],[-3.1756,55.9192,0.0],[-3.1746,55.9192,0.0],[-3.1741,55.9192,0.0],[-3.1738,55.9192,0.0],[-3.1737,55.9192,0.0],[-3.1736,55.9192,0.0],[-3.1735,55.9193,0.0],[-3.1732,55.9193,0.0],[-3.173,55.9193,0.0],[-3.1727,55.9194,0.0],[-3.1726,55.9194,0.0],[-3.1725,55.9194,0.0],[-3.1724,55.9193,0.0],[-3.1723,55.9194,0.0],[-3.1721,55.9194,0.0],[-3.172,55.9194,0.0],[-3.1719,55.9194,0.0],[-3.1717,55.9194,0.0],[-3.1716,55.9195,0.0],[-3.1713,55.9195,0.0],[-3.1711,55.9195,0.0],[-3.1709,55.9195,0.0],[-3.1707,55.9196,0.0],[-3.1705,55.9196,0.0],[-3.1703,55.9196,0.0],[-3.17,55.9196,0.0],[-3.1698,55.9197,0.0],[-3.1696,55.9197,0.0],[-3.1695,55.9197,0.0],[-3.1694,55.9198,0.0],[-3.1691,55.9201,0.0],[-3.169,55.9201,0.0],[-3.1689,55.9202,0.0],[-3.1689,55.9203,0.0],[-3.169,55.9203,0.0],[-3.1691,55.9203,0.0],[-3.1691,55.9204,0.0],[-3.1691,55.9205,0.0],[-3.1692,55.9206,0.0],[-3.1692,55.9207,0.0],[-3.1692,55.9208,0.0],[-3.1692,55.9209,0.0],[-3.1692,55.921,0.0],[-3.169,55.9211,0.0],[-3.1689,55.9211,0.0],[-3.1687,55.9212,0.0],[-3.1686,55.9212,0.0],[-3.1685,55.9212,0.0],[-3.1683,55.9209,0.0],[-3.1682,55.9209,0.0],[-3.1682,55.9208,0.0],[-3.1681,55.9209,0.0],[-3.168,55.9209,0.0],[-3.1677,55.9211,0.0],[-3.1676,55.9213,0.0],[-3.1675,55.9213,0.0],[-3.1674,55.9214,0.0],[-3.1673,55.9214,0.0],[-3.1674,55.9213,0.0],[-3.1674,55.9212,0.0],[-3.1674,55.921,0.0],[-3.1674,55.9209,0.0],[-3.1675,55.9203,0.0],[-3.1675,55.9202,0.0],[-3.1675,55.92,0.0],[-3.1675,55.9199,0.0],[-3.1675,55.9198,0.0],[-3.1675,55.9197,0.0],[-3.1674,55.9197,0.0],[-3.1673,55.9197,0.0],[-3.1672,55.9196,0.0],[-3.1663,55.9192,0.0],[-3.1659,55.9189,0.0],[-3.1651,55.9195,0.0],[-3.1649,55.9196,0.0],[-3.1643,55.92,0.0],[-3.1631,55.9209,0.0],[-3.1627,55.9212,0.0],[-3.1625,55.9213,0.0],[-3.1617,55.9219,0.0],[-3.1617,55.9218,0.0],[-3.1615,55.9218,0.0],[-3.1614,55.9217,0.0],[-3.161,55.9218,0.0],[-3.1609,55.9219,0.0],[-3.1607,55.922,0.0],[-3.1606,55.9221,0.0],[-3.1605,55.9222,0.0],[-3.1605,55.9223,0.0],[-3.1604,55.9223,0.0],[-3.1604,55.9224,0.0],[-3.1602,55.9226,0.0],[-3.1601,55.9227,0.0],[-3.16,55.9227,0.0],[-3.1598,55.9228,0.0],[-3.1593,55.923,0.0],[-3.1591,55.9231,0.0],[-3.1585,55.9233,0.0],[-3.1584,55.9233,0.0],[-3.1583,55.9233,0.0],[-3.1582,55.9233,0.0],[-3.1581,55.9233,0.0],[-3.158,55.9233,0.0],[-3.1579,55.9233,0.0],[-3.1578,55.9233,0.0],[-3.1577,55.9234,0.0],[-3.1568,55.9236,0.0],[-3.1562,55.9237,0.0],[-3.1561,55.9237,0.0],[-3.156,55.9237,0.0],[-3.156,55.9238,0.0],[-3.1557,55.9239,0.0],[-3.1553,55.924,0.0],[-3.1549,55.9242,0.0],[-3.1547,55.9243,0.0],[-3.1545,55.9244,0.0],[-3.1544,55.9245,0.0],[-3.1543,55.9245,0.0],[-3.1541,55.9246,0.0],[-3.1539,55.9247,0.0],[-3.1538,55.9247,0.0],[-3.1537,55.9247,0.0],[-3.1536,55.9247,0.0],[-3.1537,55.9248,0.0],[-3.1535,55.9249,0.0],[-3.1534,55.925,0.0],[-3.1532,55.9251,0.0],[-3.153,55.9252,0.0],[-3.1529,55.9252,0.0],[-3.1528,55.9252,0.0],[-3.1527,55.9253,0.0],[-3.1526,55.9253,0.0],[-3.1522,55.9249,0.0],[-3.1521,55.9249,0.0],[-3.152,55.9248,0.0],[-3.1518,55.9249,0.0],[-3.1517,55.9249,0.0],[-3.1515,55.9248,0.0],[-3.1516,55.9247,0.0],[-3.1517,55.9247,0.0],[-3.1518,55.9246,0.0],[-3.1516,55.9245,0.0],[-3.1515,55.9245,0.0],[-3.1515,55.9244,0.0],[-3.1505,55.9237,0.0],[-3.1504,55.9237,0.0],[-3.1503,55.9236,0.0],[-3.15,55.9234,0.0],[-3.1497,55.9232,0.0],[-3.1495,55.9231,0.0],[-3.149,55.9228,0.0],[-3.1489,55.9228,0.0],[-3.1487,55.9226,0.0],[-3.1486,55.9225,0.0],[-3.1484,55.9225,0.0],[-3.1481,55.9222,0.0],[-3.148,55.9222,0.0],[-3.1476,55.9219,0.0],[-3.1476,55.9218,0.0],[-3.1473,55.9218,0.0],[-3.1473,55.9217,0.0],[-3.1472,55.9217,0.0],[-3.1471,55.9217,0.0],[-3.146,55.9214,0.0],[-3.1457,55.9213,0.0],[-3.1449,55.9212,0.0],[-3.1448,55.9214,0.0],[-3.1446,55.9215,0.0],[-3.1445,55.9218,0.0],[-3.1444,55.9219,0.0],[-3.1443,55.9219,0.0],[-3.1442,55.9219,0.0],[-3.1442,55.9218,0.0],[-3.1441,55.9218,0.0],[-3.1441,55.9217,0.0],[-3.144,55.9217,0.0],[-3.1439,55.9217,0.0],[-3.1439,55.9216,0.0],[-3.1439,55.9215,0.0],[-3.1438,55.9215,0.0],[-3.1436,55.9215,0.0],[-3.1435,55.9214,0.0],[-3.1434,55.9214,0.0],[-3.1435,55.9213,0.0],[-3.1436,55.9212,0.0],[-3.1437,55.9211,0.0],[-3.1438,55.9211,0.0],[-3.1438,55.921,0.0],[-3.1433,55.9209,0.0],[-3.1423,55.9215,0.0],[-3.1414,55.9221,0.0],[-3.1411,55.9223,0.0],[-3.141,55.9223,0.0],[-3.1398,55.9231,0.0],[-3.1397,55.9231,0.0],[-3.1384,55.924,0.0],[-3.1383,55.924,0.0],[-3.1381,55.9242,0.0],[-3.1379,55.9243,0.0],[-3.1378,55.9244,0.0],[-3.1374,55.9245,0.0],[-3.1367,55.925,0.0],[-3.1366,55.925,0.0],[-3.1359,55.9254,0.0],[-3.1346,55.9246,0.0],[-3.1346,55.9245,0.0],[-3.134,55.9241,0.0],[-3.1338,55.9241,0.0],[-3.1338,55.924,0.0],[-3.1337,55.924,0.0],[-3.1337,55.9239,0.0],[-3.1336,55.9239,0.0],[-3.1335,55.9238,0.0],[-3.1331,55.9236,0.0],[-3.1327,55.9233,0.0],[-3.1324,55.9231,0.0],[-3.1322,55.923,0.0],[-3.1322,55.9229,0.0],[-3.1321,55.9229,0.0],[-3.1318,55.9227,0.0],[-3.1317,55.9226,0.0],[-3.1314,55.9224,0.0],[-3.1313,55.9224,0.0],[-3.1313,55.9223,0.0],[-3.1312,55.9223,0.0],[-3.1311,55.9222,0.0],[-3.1309,55.922,0.0],[-3.1307,55.9219,0.0],[-3.1306,55.9218,0.0],[-3.1309,55.9217,0.0],[-3.131,55.9216,0.0],[-3.1311,55.9216,0.0],[-3.1312,55.9215,0.0],[-3.1313,55.9215,0.0],[-3.1314,55.9214,0.0],[-3.132,55.9211,0.0],[-3.1321,55.9211,0.0],[-3.1323,55.921,0.0],[-3.1341,55.9201,0.0],[-3.1347,55.9198,0.0],[-3.1348,55.9197,0.0],[-3.1349,55.9197,0.0],[-3.1355,55.9195,0.0],[-3.1357,55.9194,0.0],[-3.1358,55.9194,0.0],[-3.1359,55.9194,0.0],[-3.136,55.9194,0.0],[-3.1362,55.9193,0.0],[-3.1363,55.9193,0.0],[-3.1364,55.9193,0.0],[-3.1365,55.9193,0.0],[-3.1366,55.9193,0.0],[-3.1367,55.9193,0.0],[-3.1367,55.9192,0.0],[-3.1368,55.9192,0.0],[-3.1366,55.9191,0.0],[-3.1363,55.9189,0.0],[-3.1362,55.9189,0.0],[-3.1362,55.919,0.0],[-3.136,55.919,0.0],[-3.1356,55.9188,0.0],[-3.1347,55.9185,0.0],[-3.1348,55.9185,0.0],[-3.1349,55.9184,0.0],[-3.135,55.9183,0.0],[-3.1348,55.9182,0.0],[-3.1347,55.9182,0.0],[-3.1339,55.9179,0.0],[-3.1334,55.9176,0.0],[-3.1328,55.9174,0.0],[-3.1325,55.9172,0.0],[-3.1322,55.917,0.0],[-3.1321,55.917,0.0],[-3.1315,55.9167,0.0],[-3.131,55.9164,0.0],[-3.1309,55.9165,0.0],[-3.1307,55.9166,0.0],[-3.1304,55.9164,0.0],[-3.1301,55.9163,0.0],[-3.1298,55.9162,0.0],[-3.1295,55.9161,0.0],[-3.1293,55.916,0.0],[-3.129,55.9159,0.0],[-3.1287,55.9158,0.0],[-3.1284,55.9157,0.0],[-3.1283,55.9157,0.0],[-3.1279,55.9155,0.0],[-3.1275,55.9154,0.0],[-3.1274,55.9154,0.0],[-3.1273,55.9154,0.0],[-3.1273,55.9153,0.0],[-3.1272,55.9153,0.0],[-3.1271,55.9153,0.0],[-3.1271,55.9154,0.0],[-3.127,55.9154,0.0],[-3.1269,55.9156,0.0],[-3.1268,55.9156,0.0],[-3.1266,55.9158,0.0],[-3.1263,55.9161,0.0],[-3.126,55.9164,0.0],[-3.1258,55.9165,0.0],[-3.1258,55.9166,0.0],[-3.1257,55.9166,0.0],[-3.1256,55.9168,0.0],[-3.1256,55.9169,0.0],[-3.1257,55.9169,0.0],[-3.1257,55.917,0.0],[-3.1257,55.9171,0.0],[-3.1256,55.9171,0.0],[-3.1255,55.917,0.0],[-3.1254,55.917,0.0],[-3.1253,55.917,0.0],[-3.125,55.9173,0.0],[-3.1248,55.9172,0.0],[-3.1247,55.9172,0.0],[-3.1244,55.9173,0.0],[-3.1243,55.9173,0.0],[-3.1242,55.9173,0.0],[-3.1236,55.9172,0.0],[-3.1232,55.9171,0.0],[-3.1231,55.9172,0.0],[-3.123,55.9174,0.0],[-3.1229,55.9175,0.0],[-3.1228,55.9176,0.0],[-3.1227,55.9177,0.0],[-3.1226,55.9179,0.0],[-3.1224,55.918,0.0],[-3.1223,55.918,0.0],[-3.1223,55.9181,0.0],[-3.1222,55.9181,0.0],[-3.1221,55.9181,0.0],[-3.122,55.9181,0.0],[-3.1219,55.9181,0.0],[-3.1218,55.9181,0.0],[-3.1218,55.918,0.0],[-3.1217,55.918,0.0],[-3.1216,55.9179,0.0],[-3.1215,55.9179,0.0],[-3.1215,55.9178,0.0],[-3.1214,55.9178,0.0],[-3.1213,55.9178,0.0],[-3.1213,55.9177,0.0],[-3.1212,55.9177,0.0],[-3.1213,55.9176,0.0],[-3.1212,55.9176,0.0],[-3.1211,55.9176,0.0],[-3.121,55.9176,0.0],[-3.121,55.9177,0.0],[-3.1209,55.9177,0.0],[-3.1208,55.9177,0.0],[-3.1207,55.9177,0.0],[-3.1207,55.9176,0.0],[-3.1206,55.9176,0.0],[-3.1205,55.9176,0.0],[-3.1204,55.9176,0.0],[-3.1203,55.9175,0.0],[-3.1202,55.9175,0.0],[-3.1201,55.9175,0.0],[-3.1201,55.9174,0.0],[-3.12,55.9174,0.0],[-3.1199,55.9173,0.0],[-3.12,55.9173,0.0],[-3.12,55.9172,0.0],[-3.1201,55.9172,0.0],[-3.1202,55.9172,0.0],[-3.1202,55.9171,0.0],[-3.1203,55.917,0.0],[-3.1204,55.9167,0.0],[-3.1204,55.9166,0.0],[-3.1205,55.9165,0.0],[-3.1205,55.9163,0.0],[-3.1206,55.9163,0.0],[-3.1206,55.9162,0.0],[-3.1206,55.9161,0.0],[-3.1206,55.916,0.0],[-3.1205,55.916,0.0],[-3.1204,55.9159,0.0],[-3.1203,55.9158,0.0],[-3.1203,55.9157,0.0],[-3.1197,55.9155,0.0],[-3.1197,55.9154,0.0],[-3.119,55.9152,0.0],[-3.1185,55.9151,0.0],[-3.1178,55.9149,0.0],[-3.1176,55.9149,0.0],[-3.1176,55.9147,0.0],[-3.1174,55.9147,0.0],[-3.1169,55.9146,0.0],[-3.1172,55.9138,0.0],[-3.1175,55.9136,0.0],[-3.1177,55.9135,0.0],[-3.1177,55.9133,0.0],[-3.1176,55.9131,0.0],[-3.1172,55.9131,0.0],[-3.1158,55.913,0.0],[-3.1153,55.9129,0.0],[-3.1148,55.9128,0.0],[-3.1146,55.913,0.0],[-3.1127,55.9121,0.0],[-3.1116,55.9114,0.0],[-3.1118,55.9113,0.0],[-3.1117,55.9113,0.0],[-3.1116,55.9113,0.0],[-3.1115,55.9112,0.0],[-3.1114,55.9112,0.0],[-3.1112,55.911,0.0],[-3.1111,55.911,0.0],[-3.1099,55.9103,0.0],[-3.1091,55.9098,0.0],[-3.1084,55.9094,0.0],[-3.1076,55.9089,0.0],[-3.1064,55.9082,0.0],[-3.1063,55.9081,0.0],[-3.1055,55.9075,0.0],[-3.1058,55.9074,0.0],[-3.1049,55.9069,0.0],[-3.1048,55.9069,0.0],[-3.1039,55.9065,0.0],[-3.1021,55.9056,0.0],[-3.0988,55.9043,0.0],[-3.0981,55.904,0.0],[-3.098,55.904,0.0],[-3.0952,55.9016,0.0],[-3.0947,55.9013,0.0],[-3.0942,55.901,0.0],[-3.0937,55.9008,0.0],[-3.0925,55.9003,0.0],[-3.0922,55.9002,0.0],[-3.0927,55.8998,0.0],[-3.0929,55.8998,0.0],[-3.0932,55.8998,0.0],[-3.0946,55.8996,0.0],[-3.0953,55.8995,0.0],[-3.0973,55.8993,0.0],[-3.0985,55.8993,0.0],[-3.0993,55.8992,0.0],[-3.1028,55.8993,0.0],[-3.1043,55.8993,0.0],[-3.1054,55.8992,0.0],[-3.1056,55.8992,0.0],[-3.1067,55.8991,0.0],[-3.1073,55.8991,0.0],[-3.1078,55.899,0.0],[-3.1086,55.8991,0.0],[-3.1091,55.899,0.0],[-3.1105,55.8989,0.0],[-3.1121,55.8987,0.0],[-3.1119,55.8982,0.0],[-3.1121,55.8981,0.0],[-3.1123,55.8982,0.0],[-3.1127,55.8983,0.0],[-3.113,55.8983,0.0],[-3.1134,55.8983,0.0],[-3.1147,55.8982,0.0],[-3.1158,55.898,0.0],[-3.1177,55.8977,0.0],[-3.1187,55.8975,0.0],[-3.1204,55.8971,0.0],[-3.121,55.897,0.0],[-3.1229,55.8964,0.0],[-3.1251,55.8957,0.0],[-3.1292,55.8942,0.0],[-3.133,55.8929,0.0],[-3.1326,55.8925,0.0],[-3.1327,55.8925,0.0],[-3.1328,55.8925,0.0],[-3.1329,55.8925,0.0],[-3.1331,55.8925,0.0],[-3.1349,55.892,0.0],[-3.1366,55.8915,0.0],[-3.1383,55.8912,0.0],[-3.1406,55.8908,0.0],[-3.1421,55.8905,0.0],[-3.1429,55.8904,0.0],[-3.1448,55.8902,0.0],[-3.1461,55.89,0.0],[-3.1472,55.8899,0.0],[-3.1477,55.8898,0.0],[-3.1478,55.8898,0.0],[-3.1483,55.8898,0.0],[-3.1491,55.8898,0.0],[-3.1512,55.8897,0.0],[-3.1552,55.8897,0.0],[-3.1608,55.8895,0.0],[-3.1617,55.8895,0.0],[-3.162,55.8894,0.0],[-3.1622,55.8893,0.0],[-3.1623,55.8893,0.0],[-3.1624,55.8891,0.0],[-3.1626,55.8891,0.0],[-3.1627,55.8892,0.0],[-3.1627,55.8893,0.0],[-3.1627,55.8894,0.0],[-3.1628,55.8895,0.0],[-3.1629,55.8895,0.0],[-3.1631,55.8896,0.0],[-3.1657,55.8899,0.0],[-3.1709,55.8905,0.0],[-3.1741,55.8909,0.0],[-3.1779,55.8913,0.0],[-3.1778,55.8917,0.0],[-3.1776,55.8923,0.0],[-3.1775,55.8927,0.0],[-3.1775,55.8928,0.0],[-3.1776,55.8928,0.0],[-3.1779,55.8927,0.0],[-3.1785,55.8926,0.0],[-3.1785,55.8925,0.0],[-3.1786,55.8927,0.0],[-3.1787,55.8929,0.0],[-3.1787,55.893,0.0],[-3.1788,55.893,0.0],[-3.1788,55.8931,0.0],[-3.1788,55.8932,0.0],[-3.1789,55.8932,0.0],[-3.1789,55.8933,0.0],[-3.1789,55.8934,0.0],[-3.1789,55.8935,0.0],[-3.179,55.8935,0.0],[-3.179,55.8936,0.0],[-3.1791,55.8936,0.0],[-3.1791,55.8937,0.0],[-3.1792,55.8937,0.0],[-3.1792,55.8938,0.0],[-3.1793,55.8938,0.0],[-3.1794,55.8939,0.0],[-3.1795,55.8939,0.0],[-3.1796,55.894,0.0],[-3.1797,55.894,0.0],[-3.1797,55.8941,0.0],[-3.1798,55.8941,0.0],[-3.1799,55.8942,0.0],[-3.18,55.8942,0.0],[-3.1801,55.8943,0.0],[-3.1802,55.8944,0.0],[-3.1803,55.8944,0.0],[-3.1803,55.8945,0.0],[-3.1804,55.8945,0.0],[-3.1804,55.8946,0.0],[-3.1805,55.8946,0.0],[-3.1805,55.8947,0.0],[-3.1806,55.8948,0.0],[-3.1806,55.8949,0.0],[-3.1807,55.8949,0.0],[-3.1807,55.895,0.0],[-3.1808,55.8951,0.0],[-3.1808,55.8952,0.0],[-3.1809,55.8952,0.0],[-3.1809,55.8953,0.0],[-3.181,55.8954,0.0],[-3.181,55.8955,0.0],[-3.1811,55.8956,0.0],[-3.1811,55.8957,0.0],[-3.1812,55.8958,0.0],[-3.1812,55.8959,0.0],[-3.1813,55.896,0.0],[-3.1814,55.8961,0.0],[-3.1814,55.8962,0.0],[-3.1815,55.8962,0.0],[-3.1815,55.8963,0.0],[-3.1815,55.8964,0.0],[-3.1816,55.8965,0.0],[-3.1816,55.8966,0.0],[-3.1816,55.8967,0.0],[-3.1816,55.8968,0.0],[-3.1816,55.8969,0.0],[-3.1816,55.897,0.0],[-3.1816,55.8971,0.0],[-3.1816,55.8972,0.0],[-3.1815,55.8973,0.0],[-3.1815,55.8974,0.0],[-3.1815,55.8975,0.0],[-3.1814,55.8975,0.0],[-3.1814,55.8977,0.0],[-3.1813,55.8977,0.0],[-3.1813,55.8978,0.0],[-3.1812,55.8979,0.0],[-3.1812,55.898,0.0],[-3.1811,55.8981,0.0],[-3.1811,55.8982,0.0],[-3.181,55.8983,0.0],[-3.1809,55.8984,0.0],[-3.1809,55.8986,0.0],[-3.1808,55.8986,0.0],[-3.1808,55.8987,0.0],[-3.1809,55.8987,0.0],[-3.1813,55.8987,0.0],[-3.1816,55.8987,0.0],[-3.1822,55.8988,0.0],[-3.1833,55.899,0.0],[-3.1834,55.899,0.0],[-3.1836,55.899,0.0],[-3.1843,55.8991,0.0],[-3.1845,55.8991,0.0],[-3.185,55.8991,0.0],[-3.1852,55.8991,0.0],[-3.1864,55.8991,0.0],[-3.1883,55.8992,0.0],[-3.1885,55.8992,0.0],[-3.1893,55.8992,0.0],[-3.1894,55.8992,0.0],[-3.1893,55.8994,0.0],[-3.1893,55.8996,0.0],[-3.1893,55.8999,0.0],[-3.1892,55.9,0.0],[-3.1891,55.9004,0.0],[-3.189,55.9005,0.0],[-3.189,55.9006,0.0],[-3.1889,55.9007,0.0],[-3.1889,55.9008,0.0],[-3.1889,55.9011,0.0],[-3.1889,55.9014,0.0],[-3.1889,55.9015,0.0],[-3.189,55.9016,0.0],[-3.189,55.9017,0.0],[-3.1891,55.9017,0.0],[-3.1892,55.9018,0.0],[-3.1894,55.9019,0.0],[-3.1901,55.9024,0.0],[-3.1902,55.9024,0.0],[-3.1911,55.9029,0.0],[-3.1912,55.903,0.0],[-3.1914,55.9031,0.0],[-3.1915,55.9032,0.0],[-3.1916,55.9032,0.0],[-3.1916,55.9033,0.0],[-3.1918,55.9035,0.0],[-3.192,55.9038,0.0],[-3.1921,55.9039,0.0],[-3.1922,55.9041,0.0],[-3.1925,55.9047,0.0],[-3.192,55.9046,0.0],[-3.1917,55.9045,0.0],[-3.1912,55.9045,0.0],[-3.1911,55.9045,0.0],[-3.1908,55.9044,0.0],[-3.1906,55.9044,0.0],[-3.1899,55.9045,0.0],[-3.1892,55.9045,0.0],[-3.189,55.9046,0.0],[-3.1881,55.9046,0.0],[-3.1874,55.9047,0.0],[-3.1871,55.9047,0.0],[-3.1859,55.9048,0.0],[-3.1855,55.9049,0.0],[-3.185,55.9049,0.0],[-3.1846,55.9049,0.0],[-3.1844,55.9049,0.0],[-3.1842,55.9049,0.0],[-3.184,55.9049,0.0],[-3.1837,55.9049,0.0],[-3.1835,55.9049,0.0],[-3.1834,55.9049,0.0],[-3.1833,55.9049,0.0],[-3.1832,55.9048,0.0],[-3.183,55.9047,0.0],[-3.1829,55.9046,0.0],[-3.1828,55.9045,0.0],[-3.1827,55.9045,0.0],[-3.1827,55.9044,0.0],[-3.1826,55.9044,0.0],[-3.1825,55.9044,0.0],[-3.1824,55.9044,0.0],[-3.182,55.9044,0.0],[-3.1822,55.9045,0.0],[-3.1822,55.9046,0.0],[-3.1821,55.9048,0.0],[-3.182,55.9049,0.0],[-3.182,55.905,0.0],[-3.182,55.9051,0.0],[-3.182,55.9053,0.0],[-3.182,55.9054,0.0],[-3.182,55.9055,0.0],[-3.1819,55.9055,0.0],[-3.1818,55.9055,0.0],[-3.1817,55.9055,0.0],[-3.1816,55.9055,0.0],[-3.1817,55.9056,0.0],[-3.182,55.9056,0.0],[-3.1822,55.9057,0.0],[-3.1823,55.9057,0.0],[-3.1824,55.9058,0.0],[-3.1826,55.9059,0.0],[-3.1831,55.9062,0.0],[-3.1837,55.9065,0.0],[-3.1841,55.9067,0.0],[-3.1842,55.9067,0.0],[-3.1845,55.9069,0.0],[-3.1846,55.907,0.0],[-3.185,55.9069,0.0],[-3.1852,55.9069,0.0],[-3.1856,55.9069,0.0],[-3.1859,55.907,0.0],[-3.186,55.9071,0.0],[-3.186,55.9072,0.0],[-3.1855,55.9073,0.0],[-3.1854,55.9073,0.0],[-3.1853,55.9073,0.0],[-3.1852,55.9073,0.0],[-3.1848,55.9074,0.0],[-3.1848,55.9076,0.0],[-3.1848,55.9078,0.0],[-3.1848,55.9079,0.0],[-3.1848,55.9084,0.0],[-3.1848,55.9093,0.0],[-3.1848,55.9095,0.0],[-3.1848,55.9096,0.0],[-3.1848,55.9097,0.0],[-3.1846,55.91,0.0],[-3.1845,55.9103,0.0],[-3.1843,55.9104,0.0],[-3.1843,55.9105,0.0],[-3.1842,55.9106,0.0],[-3.1841,55.9107,0.0],[-3.184,55.9108,0.0],[-3.184,55.911,0.0],[-3.1839,55.9111,0.0],[-3.1839,55.9112,0.0],[-3.1838,55.9112,0.0],[-3.1837,55.9114,0.0],[-3.1833,55.9117,0.0],[-3.1831,55.9118,0.0],[-3.183,55.9119,0.0],[-3.1828,55.912,0.0],[-3.1826,55.9122,0.0],[-3.1823,55.9124,0.0],[-3.1819,55.9126,0.0],[-3.1817,55.9126,0.0],[-3.1816,55.9126,0.0],[-3.1813,55.9127,0.0],[-3.1809,55.9128,0.0],[-3.1807,55.9128,0.0],[-3.1805,55.9129,0.0],[-3.1803,55.9129,0.0],[-3.1802,55.913,0.0],[-3.1797,55.9132,0.0],[-3.1792,55.9134,0.0],[-3.1784,55.9136,0.0],[-3.1782,55.9137,0.0],[-3.1783,55.9137,0.0],[-3.1785,55.9138,0.0],[-3.179,55.914,0.0],[-3.1812,55.9149,0.0],[-3.1814,55.915,0.0],[-3.1818,55.9152,0.0],[-3.1819,55.9152,0.0],[-3.1829,55.9156,0.0],[-3.1833,55.9157,0.0],[-3.1836,55.9158,0.0],[-3.1839,55.9159,0.0],[-3.1842,55.9159,0.0],[-3.1845,55.916,0.0],[-3.185,55.9161,0.0],[-3.1851,55.9161,0.0],[-3.185,55.9162,0.0],[-3.1845,55.9168,0.0],[-3.1844,55.9168,0.0],[-3.1844,55.9169,0.0],[-3.1844,55.917,0.0],[-3.1845,55.9172,0.0],[-3.1845,55.9173,0.0],[-3.1845,55.9174,0.0],[-3.1845,55.9177,0.0],[-3.1846,55.9179,0.0],[-3.1846,55.918,0.0],[-3.1845,55.9183,0.0],[-3.1843,55.9186,0.0],[-3.1843,55.9187,0.0],[-3.1843,55.9188,0.0],[-3.1842,55.9189,0.0]]]]}},{"type":"Feature","properties":{"uesi_id":"GBR_R1920901","nbhd_code":"GBR_R1920901_17","nbhd_name":"Portobello / Craigmillar"},"geometry":{"type":"MultiPolygon","coordinates":[[[[-3.1127,55.9584,0.0],[-3.1124,55.9583,0.0],[-3.112,55.9581,0.0],[-3.1115,55.9579,0.0],[-3.1111,55.9577,0.0],[-3.1109,55.9576,0.0],[-3.1107,55.9575,0.0],[-3.1102,55.9573,0.0],[-3.1097,55.9569,0.0],[-3.1088,55.9565,0.0],[-3.1081,55.9562,0.0],[-3.1075,55.956,0.0],[-3.1069,55.9556,0.0],[-3.1067,55.9555,0.0],[-3.1066,55.9555,0.0],[-3.1059,55.9551,0.0],[-3.1058,55.9551,0.0],[-3.1053,55.9548,0.0],[-3.1051,55.9547,0.0],[-3.1046,55.9543,0.0],[-3.1044,55.9542,0.0],[-3.1042,55.9541,0.0],[-3.1041,55.9541,0.0],[-3.1038,55.9539,0.0],[-3.1028,55.9535,0.0],[-3.1024,55.9533,0.0],[-3.1015,55.9529,0.0],[-3.101,55.9527,0.0],[-3.1001,55.9524,0.0],[-3.0997,55.9522,0.0],[-3.0985,55.9517,0.0],[-3.0974,55.9513,0.0],[-3.0963,55.9508,0.0],[-3.0952,55.9504,0.0],[-3.0937,55.9501,0.0],[-3.0934,55.95,0.0],[-3.0927,55.9498,0.0],[-3.0923,55.9498,0.0],[-3.0922,55.9498,0.0],[-3.0919,55.9498,0.0],[-3.0917,55.9498,0.0],[-3.0915,55.9499,0.0],[-3.0912,55.9499,0.0],[-3.0909,55.95,0.0],[-3.0907,55.9501,0.0],[-3.0906,55.9502,0.0],[-3.0906,55.9503,0.0],[-3.0905,55.9502,0.0],[-3.0904,55.9502,0.0],[-3.0903,55.9502,0.0],[-3.0903,55.9501,0.0],[-3.0902,55.9502,0.0],[-3.0901,55.95,0.0],[-3.09,55.95,0.0],[-3.0899,55.95,0.0],[-3.0898,55.95,0.0],[-3.0898,55.9499,0.0],[-3.0897,55.9499,0.0],[-3.0896,55.9499,0.0],[-3.0895,55.9499,0.0],[-3.0895,55.9498,0.0],[-3.0894,55.9498,0.0],[-3.0894,55.9499,0.0],[-3.0893,55.9498,0.0],[-3.0892,55.9498,0.0],[-3.0891,55.9498,0.0],[-3.0889,55.9497,0.0],[-3.0886,55.9496,0.0],[-3.0881,55.9496,0.0],[-3.088,55.9496,0.0],[-3.0878,55.9497,0.0],[-3.0877,55.9498,0.0],[-3.0876,55.9497,0.0],[-3.0875,55.9498,0.0],[-3.0874,55.9498,0.0],[-3.0873,55.9498,0.0],[-3.0872,55.9497,0.0],[-3.0871,55.9497,0.0],[-3.0869,55.9497,0.0],[-3.0868,55.9497,0.0],[-3.0864,55.9497,0.0],[-3.0862,55.9497,0.0],[-3.0861,55.9497,0.0],[-3.086,55.9497,0.0],[-3.0857,55.9496,0.0],[-3.0855,55.9497,0.0],[-3.0854,55.9496,0.0],[-3.0851,55.9496,0.0],[-3.0849,55.9496,0.0],[-3.0847,55.9496,0.0],[-3.0844,55.9496,0.0],[-3.0841,55.9495,0.0],[-3.0834,55.9494,0.0],[-3.0833,55.9494,0.0],[-3.0832,55.9493,0.0],[-3.0831,55.9492,0.0],[-3.0827,55.9491,0.0],[-3.0824,55.9491,0.0],[-3.0819,55.949,0.0],[-3.0813,55.9489,0.0],[-3.0811,55.9489,0.0],[-3.081,55.9489,0.0],[-3.081,55.949,0.0],[-3.0813,55.9491,0.0],[-3.0813,55.9492,0.0],[-3.0812,55.9493,0.0],[-3.0811,55.9494,0.0],[-3.081,55.9494,0.0],[-3.0803,55.9493,0.0],[-3.0802,55.9493,0.0],[-3.0801,55.9494,0.0],[-3.0798,55.9495,0.0],[-3.0797,55.9496,0.0],[-3.0785,55.9497,0.0],[-3.0781,55.9498,0.0],[-3.0766,55.9498,0.0],[-3.0763,55.9498,0.0],[-3.0761,55.9497,0.0],[-3.076,55.9497,0.0],[-3.0759,55.9497,0.0],[-3.0757,55.9497,0.0],[-3.0755,55.9497,0.0],[-3.0754,55.9497,0.0],[-3.0751,55.9496,0.0],[-3.075,55.9496,0.0],[-3.0771,55.9474,0.0],[-3.0777,55.9468,0.0],[-3.0779,55.9466,0.0],[-3.078,55.9465,0.0],[-3.0783,55.9464,0.0],[-3.0784,55.9462,0.0],[-3.0786,55.9461,0.0],[-3.0786,55.946,0.0],[-3.0786,55.9457,0.0],[-3.0787,55.9456,0.0],[-3.0788,55.9455,0.0],[-3.0793,55.9451,0.0],[-3.0797,55.9449,0.0],[-3.0803,55.9447,0.0],[-3.0808,55.9447,0.0],[-3.0818,55.9448,0.0],[-3.0824,55.9447,0.0],[-3.0819,55.9438,0.0],[-3.0822,55.9426,0.0],[-3.0818,55.9421,0.0],[-3.0815,55.9415,0.0],[-3.082,55.9401,0.0],[-3.0821,55.9396,0.0],[-3.084,55.9386,0.0],[-3.0835,55.9383,0.0],[-3.0825,55.9377,0.0],[-3.0822,55.9376,0.0],[-3.0819,55.9374,0.0],[-3.0814,55.9371,0.0],[-3.0808,55.9368,0.0],[-3.0814,55.9363,0.0],[-3.0796,55.9341,0.0],[-3.0806,55.9339,0.0],[-3.0887,55.932,0.0],[-3.0893,55.9318,0.0],[-3.0891,55.9317,0.0],[-3.0886,55.9314,0.0],[-3.0893,55.9315,0.0],[-3.0895,55.9315,0.0],[-3.0906,55.9317,0.0],[-3.0917,55.9319,0.0],[-3.0922,55.932,0.0],[-3.0925,55.932,0.0],[-3.093,55.9319,0.0],[-3.0936,55.9318,0.0],[-3.094,55.9317,0.0],[-3.0943,55.9316,0.0],[-3.0949,55.9316,0.0],[-3.0957,55.9315,0.0],[-3.0971,55.9315,0.0],[-3.0973,55.9314,0.0],[-3.0986,55.9314,0.0],[-3.099,55.9313,0.0],[-3.0992,55.9313,0.0],[-3.1,55.9312,0.0],[-3.1015,55.9307,0.0],[-3.1027,55.9306,0.0],[-3.1031,55.9305,0.0],[-3.1033,55.9305,0.0],[-3.1036,55.9304,0.0],[-3.1045,55.9302,0.0],[-3.1053,55.9301,0.0],[-3.1068,55.93,0.0],[-3.1075,55.9299,0.0],[-3.1098,55.9296,0.0],[-3.1117,55.9297,0.0],[-3.1118,55.9291,0.0],[-3.1119,55.9291,0.0],[-3.112,55.9288,0.0],[-3.1121,55.9284,0.0],[-3.113,55.9264,0.0],[-3.1131,55.9259,0.0],[-3.1132,55.9252,0.0],[-3.1135,55.9235,0.0],[-3.1136,55.9227,0.0],[-3.1136,55.9223,0.0],[-3.1137,55.922,0.0],[-3.1141,55.921,0.0],[-3.1144,55.9205,0.0],[-3.1147,55.9194,0.0],[-3.1148,55.9193,0.0],[-3.115,55.9191,0.0],[-3.1152,55.919,0.0],[-3.1156,55.9179,0.0],[-3.1157,55.9179,0.0],[-3.1159,55.9174,0.0],[-3.1158,55.9174,0.0],[-3.1166,55.9154,0.0],[-3.1169,55.9147,0.0],[-3.1169,55.9146,0.0],[-3.1174,55.9147,0.0],[-3.1176,55.9147,0.0],[-3.1176,55.9149,0.0],[-3.1178,55.9149,0.0],[-3.1185,55.9151,0.0],[-3.119,55.9152,0.0],[-3.1197,55.9154,0.0],[-3.1197,55.9155,0.0],[-3.1203,55.9157,0.0],[-3.1203,55.9158,0.0],[-3.1204,55.9159,0.0],[-3.1205,55.916,0.0],[-3.1206,55.916,0.0],[-3.1206,55.9161,0.0],[-3.1206,55.9162,0.0],[-3.1206,55.9163,0.0],[-3.1205,55.9163,0.0],[-3.1205,55.9165,0.0],[-3.1204,55.9166,0.0],[-3.1204,55.9167,0.0],[-3.1203,55.917,0.0],[-3.1202,55.9171,0.0],[-3.1202,55.9172,0.0],[-3.1201,55.9172,0.0],[-3.12,55.9172,0.0],[-3.12,55.9173,0.0],[-3.1199,55.9173,0.0],[-3.12,55.9174,0.0],[-3.1201,55.9174,0.0],[-3.1201,55.9175,0.0],[-3.1202,55.9175,0.0],[-3.1203,55.9175,0.0],[-3.1204,55.9176,0.0],[-3.1205,55.9176,0.0],[-3.1206,55.9176,0.0],[-3.1207,55.9176,0.0],[-3.1207,55.9177,0.0],[-3.1208,55.9177,0.0],[-3.1209,55.9177,0.0],[-3.121,55.9177,0.0],[-3.121,55.9176,0.0],[-3.1211,55.9176,0.0],[-3.1212,55.9176,0.0],[-3.1213,55.9176,0.0],[-3.1212,55.9177,0.0],[-3.1213,55.9177,0.0],[-3.1213,55.9178,0.0],[-3.1214,55.9178,0.0],[-3.1215,55.9178,0.0],[-3.1215,55.9179,0.0],[-3.1216,55.9179,0.0],[-3.1217,55.918,0.0],[-3.1218,55.918,0.0],[-3.1218,55.9181,0.0],[-3.1219,55.9181,0.0],[-3.122,55.9181,0.0],[-3.1221,55.9181,0.0],[-3.1222,55.9181,0.0],[-3.1223,55.9181,0.0],[-3.1223,55.918,0.0],[-3.1224,55.918,0.0],[-3.1226,55.9179,0.0],[-3.1227,55.9177,0.0],[-3.1228,55.9176,0.0],[-3.1229,55.9175,0.0],[-3.123,55.9174,0.0],[-3.1231,55.9172,0.0],[-3.1232,55.9171,0.0],[-3.1236,55.9172,0.0],[-3.1242,55.9173,0.0],[-3.1243,55.9173,0.0],[-3.1244,55.9173,0.0],[-3.1247,55.9172,0.0],[-3.1248,55.9172,0.0],[-3.125,55.9173,0.0],[-3.1253,55.917,0.0],[-3.1254,55.917,0.0],[-3.1255,55.917,0.0],[-3.1256,55.9171,0.0],[-3.1257,55.9171,0.0],[-3.1257,55.917,0.0],[-3.1257,55.9169,0.0],[-3.1256,55.9169,0.0],[-3.1256,55.9168,0.0],[-3.1257,55.9166,0.0],[-3.1258,55.9166,0.0],[-3.1258,55.9165,0.0],[-3.126,55.9164,0.0],[-3.1263,55.9161,0.0],[-3.1266,55.9158,0.0],[-3.1268,55.9156,0.0],[-3.1269,55.9156,0.0],[-3.127,55.9154,0.0],[-3.1271,55.9154,0.0],[-3.1271,55.9153,0.0],[-3.1272,55.9153,0.0],[-3.1273,55.9153,0.0],[-3.1273,55.9154,0.0],[-3.1274,55.9154,0.0],[-3.1275,55.9154,0.0],[-3.1279,55.9155,0.0],[-3.1283,55.9157,0.0],[-3.1284,55.9157,0.0],[-3.1287,55.9158,0.0],[-3.129,55.9159,0.0],[-3.1293,55.916,0.0],[-3.1295,55.9161,0.0],[-3.1298,55.9162,0.0],[-3.1301,55.9163,0.0],[-3.1304,55.9164,0.0],[-3.1307,55.9166,0.0],[-3.1309,55.9165,0.0],[-3.131,55.9164,0.0],[-3.1315,55.9167,0.0],[-3.1321,55.917,0.0],[-3.1322,55.917,0.0],[-3.1325,55.9172,0.0],[-3.1328,55.9174,0.0],[-3.1334,55.9176,0.0],[-3.1339,55.9179,0.0],[-3.1347,55.9182,0.0],[-3.1348,55.9182,0.0],[-3.135,55.9183,0.0],[-3.1349,55.9184,0.0],[-3.1348,55.9185,0.0],[-3.1347,55.9185,0.0],[-3.1356,55.9188,0.0],[-3.136,55.919,0.0],[-3.1362,55.919,0.0],[-3.1362,55.9189,0.0],[-3.1363,55.9189,0.0],[-3.1366,55.9191,0.0],[-3.1368,55.9192,0.0],[-3.1367,55.9192,0.0],[-3.1367,55.9193,0.0],[-3.1366,55.9193,0.0],[-3.1365,55.9193,0.0],[-3.1364,55.9193,0.0],[-3.1363,55.9193,0.0],[-3.1362,55.9193,0.0],[-3.136,55.9194,0.0],[-3.1359,55.9194,0.0],[-3.1358,55.9194,0.0],[-3.1357,55.9194,0.0],[-3.1355,55.9195,0.0],[-3.1349,55.9197,0.0],[-3.1348,55.9197,0.0],[-3.1347,55.9198,0.0],[-3.1341,55.9201,0.0],[-3.1323,55.921,0.0],[-3.1321,55.9211,0.0],[-3.132,55.9211,0.0],[-3.1314,55.9214,0.0],[-3.1313,55.9215,0.0],[-3.1312,55.9215,0.0],[-3.1311,55.9216,0.0],[-3.131,55.9216,0.0],[-3.1309,55.9217,0.0],[-3.1306,55.9218,0.0],[-3.1307,55.9219,0.0],[-3.1309,55.922,0.0],[-3.1311,55.9222,0.0],[-3.1312,55.9223,0.0],[-3.1313,55.9223,0.0],[-3.1313,55.9224,0.0],[-3.1314,55.9224,0.0],[-3.1317,55.9226,0.0],[-3.1318,55.9227,0.0],[-3.1321,55.9229,0.0],[-3.1322,55.9229,0.0],[-3.1322,55.923,0.0],[-3.1324,55.9231,0.0],[-3.1327,55.9233,0.0],[-3.1331,55.9236,0.0],[-3.1335,55.9238,0.0],[-3.1336,55.9239,0.0],[-3.1337,55.9239,0.0],[-3.1337,55.924,0.0],[-3.1338,55.924,0.0],[-3.1338,55.9241,0.0],[-3.134,55.9241,0.0],[-3.1346,55.9245,0.0],[-3.1346,55.9246,0.0],[-3.1359,55.9254,0.0],[-3.1366,55.925,0.0],[-3.1367,55.925,0.0],[-3.1374,55.9245,0.0],[-3.1378,55.9244,0.0],[-3.1379,55.9243,0.0],[-3.1381,55.9242,0.0],[-3.1383,55.924,0.0],[-3.1384,55.924,0.0],[-3.1397,55.9231,0.0],[-3.1398,55.9231,0.0],[-3.141,55.9223,0.0],[-3.1411,55.9223,0.0],[-3.1414,55.9221,0.0],[-3.1423,55.9215,0.0],[-3.1433,55.9209,0.0],[-3.1438,55.921,0.0],[-3.1438,55.9211,0.0],[-3.1437,55.9211,0.0],[-3.1436,55.9212,0.0],[-3.1435,55.9213,0.0],[-3.1434,55.9214,0.0],[-3.1435,55.9214,0.0],[-3.1436,55.9215,0.0],[-3.1438,55.9215,0.0],[-3.1439,55.9215,0.0],[-3.1439,55.9216,0.0],[-3.1439,55.9217,0.0],[-3.144,55.9217,0.0],[-3.1441,55.9217,0.0],[-3.1441,55.9218,0.0],[-3.1442,55.9218,0.0],[-3.1442,55.9219,0.0],[-3.1443,55.9219,0.0],[-3.1444,55.9219,0.0],[-3.1445,55.9218,0.0],[-3.1446,55.9215,0.0],[-3.1448,55.9214,0.0],[-3.1449,55.9212,0.0],[-3.1457,55.9213,0.0],[-3.146,55.9214,0.0],[-3.1471,55.9217,0.0],[-3.1472,55.9217,0.0],[-3.1473,55.9217,0.0],[-3.1473,55.9218,0.0],[-3.1476,55.9218,0.0],[-3.1476,55.9219,0.0],[-3.148,55.9222,0.0],[-3.1481,55.9222,0.0],[-3.1484,55.9225,0.0],[-3.1486,55.9225,0.0],[-3.1484,55.9227,0.0],[-3.1478,55.9231,0.0],[-3.1471,55.9235,0.0],[-3.1467,55.9238,0.0],[-3.1462,55.9241,0.0],[-3.1459,55.9243,0.0],[-3.1459,55.9244,0.0],[-3.1458,55.9244,0.0],[-3.1457,55.9245,0.0],[-3.1456,55.9245,0.0],[-3.1455,55.9245,0.0],[-3.1454,55.9245,0.0],[-3.1453,55.9245,0.0],[-3.1452,55.9246,0.0],[-3.1451,55.9246,0.0],[-3.145,55.9247,0.0],[-3.1449,55.9248,0.0],[-3.1448,55.9248,0.0],[-3.1448,55.9249,0.0],[-3.1447,55.9249,0.0],[-3.1446,55.925,0.0],[-3.1445,55.925,0.0],[-3.1444,55.9251,0.0],[-3.1443,55.9252,0.0],[-3.145,55.9256,0.0],[-3.145,55.9257,0.0],[-3.1451,55.9258,0.0],[-3.1452,55.926,0.0],[-3.1455,55.9263,0.0],[-3.1454,55.9263,0.0],[-3.1454,55.9264,0.0],[-3.1453,55.9264,0.0],[-3.1453,55.9265,0.0],[-3.1454,55.9265,0.0],[-3.1455,55.9266,0.0],[-3.1455,55.9267,0.0],[-3.1455,55.9268,0.0],[-3.1454,55.9268,0.0],[-3.1454,55.9269,0.0],[-3.1454,55.927,0.0],[-3.1454,55.9271,0.0],[-3.1453,55.9271,0.0],[-3.1453,55.9272,0.0],[-3.1453,55.9273,0.0],[-3.1453,55.9274,0.0],[-3.1453,55.9275,0.0],[-3.1452,55.9275,0.0],[-3.1452,55.9276,0.0],[-3.1451,55.9276,0.0],[-3.1451,55.9277,0.0],[-3.145,55.9277,0.0],[-3.145,55.9278,0.0],[-3.1449,55.9278,0.0],[-3.1448,55.9278,0.0],[-3.1447,55.9278,0.0],[-3.1445,55.9278,0.0],[-3.1444,55.9278,0.0],[-3.1443,55.9278,0.0],[-3.1442,55.9278,0.0],[-3.1439,55.9278,0.0],[-3.1434,55.9278,0.0],[-3.1432,55.9278,0.0],[-3.1431,55.9278,0.0],[-3.143,55.9278,0.0],[-3.1429,55.9278,0.0],[-3.1429,55.9279,0.0],[-3.1428,55.9279,0.0],[-3.1427,55.9279,0.0],[-3.1424,55.9279,0.0],[-3.1423,55.928,0.0],[-3.1425,55.928,0.0],[-3.1428,55.9282,0.0],[-3.1431,55.9283,0.0],[-3.1432,55.9283,0.0],[-3.1432,55.9284,0.0],[-3.1433,55.9284,0.0],[-3.1434,55.9285,0.0],[-3.1436,55.9286,0.0],[-3.1439,55.9288,0.0],[-3.1439,55.9289,0.0],[-3.144,55.9289,0.0],[-3.1442,55.9291,0.0],[-3.1442,55.9292,0.0],[-3.1444,55.9293,0.0],[-3.1445,55.9294,0.0],[-3.1449,55.9296,0.0],[-3.1453,55.9299,0.0],[-3.1454,55.93,0.0],[-3.1458,55.9302,0.0],[-3.1459,55.9303,0.0],[-3.146,55.9303,0.0],[-3.146,55.9304,0.0],[-3.1461,55.9304,0.0],[-3.1463,55.9306,0.0],[-3.1466,55.9308,0.0],[-3.1467,55.9308,0.0],[-3.1468,55.9309,0.0],[-3.1471,55.9311,0.0],[-3.1472,55.9311,0.0],[-3.1472,55.9312,0.0],[-3.1473,55.9312,0.0],[-3.1474,55.9311,0.0],[-3.1476,55.9309,0.0],[-3.1478,55.9309,0.0],[-3.1479,55.9308,0.0],[-3.1481,55.9307,0.0],[-3.1484,55.9305,0.0],[-3.1486,55.9304,0.0],[-3.1488,55.9304,0.0],[-3.1489,55.9303,0.0],[-3.149,55.9303,0.0],[-3.1493,55.9302,0.0],[-3.1494,55.9301,0.0],[-3.1498,55.93,0.0],[-3.1499,55.93,0.0],[-3.1502,55.9299,0.0],[-3.1504,55.9298,0.0],[-3.1505,55.9298,0.0],[-3.1506,55.9298,0.0],[-3.151,55.9297,0.0],[-3.1511,55.9297,0.0],[-3.1514,55.9296,0.0],[-3.1517,55.9296,0.0],[-3.152,55.9295,0.0],[-3.1521,55.9295,0.0],[-3.1522,55.9295,0.0],[-3.1523,55.9295,0.0],[-3.1526,55.9294,0.0],[-3.1528,55.9294,0.0],[-3.1531,55.9294,0.0],[-3.1533,55.9293,0.0],[-3.1536,55.9293,0.0],[-3.1538,55.9293,0.0],[-3.1539,55.9293,0.0],[-3.1539,55.9294,0.0],[-3.1538,55.9295,0.0],[-3.1534,55.9297,0.0],[-3.1529,55.9301,0.0],[-3.1526,55.9303,0.0],[-3.1523,55.9305,0.0],[-3.1516,55.931,0.0],[-3.1514,55.9312,0.0],[-3.151,55.9314,0.0],[-3.1508,55.9316,0.0],[-3.1506,55.9317,0.0],[-3.1505,55.9318,0.0],[-3.1502,55.932,0.0],[-3.1501,55.9321,0.0],[-3.15,55.9322,0.0],[-3.1498,55.9324,0.0],[-3.1497,55.9328,0.0],[-3.1496,55.933,0.0],[-3.1495,55.9334,0.0],[-3.1493,55.9336,0.0],[-3.1493,55.9337,0.0],[-3.1493,55.9338,0.0],[-3.1492,55.934,0.0],[-3.1491,55.9341,0.0],[-3.149,55.9341,0.0],[-3.1487,55.9342,0.0],[-3.1486,55.9343,0.0],[-3.1481,55.9345,0.0],[-3.1479,55.9346,0.0],[-3.1477,55.9347,0.0],[-3.1475,55.9348,0.0],[-3.1474,55.9349,0.0],[-3.1473,55.9349,0.0],[-3.1458,55.9357,0.0],[-3.1456,55.9357,0.0],[-3.1455,55.9358,0.0],[-3.1454,55.9358,0.0],[-3.1454,55.9359,0.0],[-3.1453,55.9359,0.0],[-3.1452,55.9359,0.0],[-3.1453,55.936,0.0],[-3.1454,55.936,0.0],[-3.1455,55.9361,0.0],[-3.1456,55.9361,0.0],[-3.1457,55.9362,0.0],[-3.1455,55.9363,0.0],[-3.1454,55.9363,0.0],[-3.1453,55.9364,0.0],[-3.1452,55.9365,0.0],[-3.1451,55.9365,0.0],[-3.145,55.9365,0.0],[-3.145,55.9366,0.0],[-3.1449,55.9366,0.0],[-3.1445,55.9365,0.0],[-3.1444,55.9365,0.0],[-3.1443,55.9365,0.0],[-3.1442,55.9365,0.0],[-3.1442,55.9366,0.0],[-3.1441,55.9366,0.0],[-3.1441,55.9367,0.0],[-3.144,55.9367,0.0],[-3.1438,55.9368,0.0],[-3.1437,55.9368,0.0],[-3.1436,55.9368,0.0],[-3.1435,55.9368,0.0],[-3.1434,55.9369,0.0],[-3.1433,55.9369,0.0],[-3.143,55.9369,0.0],[-3.1427,55.9369,0.0],[-3.1426,55.9368,0.0],[-3.1425,55.9368,0.0],[-3.1423,55.9369,0.0],[-3.142,55.9369,0.0],[-3.1417,55.937,0.0],[-3.1416,55.9371,0.0],[-3.1414,55.9371,0.0],[-3.1412,55.9372,0.0],[-3.1411,55.9373,0.0],[-3.141,55.9373,0.0],[-3.1409,55.9374,0.0],[-3.1408,55.9374,0.0],[-3.1407,55.9374,0.0],[-3.1406,55.9374,0.0],[-3.1404,55.9374,0.0],[-3.1402,55.9375,0.0],[-3.14,55.9376,0.0],[-3.1398,55.9376,0.0],[-3.1396,55.9376,0.0],[-3.1395,55.9376,0.0],[-3.1393,55.9377,0.0],[-3.1391,55.9376,0.0],[-3.139,55.9377,0.0],[-3.1389,55.9377,0.0],[-3.1389,55.9378,0.0],[-3.1388,55.9378,0.0],[-3.1386,55.9378,0.0],[-3.1384,55.9378,0.0],[-3.1381,55.9378,0.0],[-3.1379,55.9378,0.0],[-3.1377,55.9379,0.0],[-3.1373,55.9379,0.0],[-3.1371,55.9379,0.0],[-3.1364,55.9379,0.0],[-3.1362,55.9379,0.0],[-3.136,55.9379,0.0],[-3.1358,55.9379,0.0],[-3.1357,55.9379,0.0],[-3.1354,55.9379,0.0],[-3.1351,55.9379,0.0],[-3.1349,55.9379,0.0],[-3.1345,55.9379,0.0],[-3.1342,55.9379,0.0],[-3.1338,55.9379,0.0],[-3.1334,55.9379,0.0],[-3.1332,55.9379,0.0],[-3.133,55.9378,0.0],[-3.1327,55.9378,0.0],[-3.1326,55.9378,0.0],[-3.1324,55.9377,0.0],[-3.1321,55.9377,0.0],[-3.1319,55.9377,0.0],[-3.1318,55.9378,0.0],[-3.1317,55.9378,0.0],[-3.1315,55.9378,0.0],[-3.1312,55.9379,0.0],[-3.1311,55.9379,0.0],[-3.1308,55.9379,0.0],[-3.1306,55.9379,0.0],[-3.1305,55.9379,0.0],[-3.1302,55.9379,0.0],[-3.1299,55.9379,0.0],[-3.1298,55.9379,0.0],[-3.1296,55.9379,0.0],[-3.1293,55.938,0.0],[-3.1291,55.9381,0.0],[-3.1289,55.9381,0.0],[-3.1287,55.9383,0.0],[-3.1285,55.9384,0.0],[-3.1285,55.9385,0.0],[-3.1285,55.9386,0.0],[-3.1286,55.9387,0.0],[-3.1287,55.9389,0.0],[-3.1288,55.939,0.0],[-3.129,55.9393,0.0],[-3.1293,55.9395,0.0],[-3.1294,55.9396,0.0],[-3.1294,55.9397,0.0],[-3.1296,55.94,0.0],[-3.1297,55.9401,0.0],[-3.1299,55.9402,0.0],[-3.13,55.9402,0.0],[-3.1301,55.9402,0.0],[-3.1303,55.9402,0.0],[-3.1307,55.9403,0.0],[-3.1312,55.9404,0.0],[-3.1313,55.9404,0.0],[-3.1314,55.9404,0.0],[-3.1315,55.9405,0.0],[-3.1317,55.9405,0.0],[-3.1323,55.9406,0.0],[-3.1324,55.9406,0.0],[-3.1325,55.9406,0.0],[-3.1327,55.9406,0.0],[-3.133,55.9407,0.0],[-3.1334,55.9408,0.0],[-3.1333,55.9408,0.0],[-3.1328,55.9412,0.0],[-3.1327,55.9413,0.0],[-3.1325,55.9414,0.0],[-3.132,55.9417,0.0],[-3.1316,55.9419,0.0],[-3.1315,55.942,0.0],[-3.1312,55.9421,0.0],[-3.131,55.9422,0.0],[-3.1309,55.9422,0.0],[-3.1305,55.9424,0.0],[-3.1303,55.9424,0.0],[-3.1299,55.9426,0.0],[-3.13,55.9426,0.0],[-3.1301,55.9426,0.0],[-3.1303,55.9427,0.0],[-3.1308,55.9431,0.0],[-3.1309,55.9431,0.0],[-3.1311,55.9432,0.0],[-3.1312,55.9433,0.0],[-3.1314,55.9434,0.0],[-3.1318,55.9436,0.0],[-3.1319,55.9436,0.0],[-3.132,55.9437,0.0],[-3.1324,55.9439,0.0],[-3.1325,55.9439,0.0],[-3.134,55.9446,0.0],[-3.134,55.9448,0.0],[-3.134,55.9449,0.0],[-3.134,55.945,0.0],[-3.1341,55.9451,0.0],[-3.1341,55.9452,0.0],[-3.1341,55.9453,0.0],[-3.1341,55.9456,0.0],[-3.1341,55.9459,0.0],[-3.134,55.946,0.0],[-3.1338,55.9463,0.0],[-3.1336,55.9465,0.0],[-3.1335,55.9466,0.0],[-3.1334,55.9467,0.0],[-3.1334,55.9468,0.0],[-3.1334,55.9469,0.0],[-3.1334,55.947,0.0],[-3.1333,55.9471,0.0],[-3.133,55.9472,0.0],[-3.1329,55.9473,0.0],[-3.1329,55.9474,0.0],[-3.1329,55.9475,0.0],[-3.1328,55.9479,0.0],[-3.1327,55.948,0.0],[-3.1327,55.9481,0.0],[-3.1326,55.9482,0.0],[-3.1324,55.9485,0.0],[-3.1323,55.9486,0.0],[-3.1322,55.9486,0.0],[-3.1322,55.9487,0.0],[-3.1321,55.9487,0.0],[-3.132,55.9487,0.0],[-3.1319,55.9488,0.0],[-3.1318,55.9488,0.0],[-3.1315,55.9488,0.0],[-3.1312,55.9488,0.0],[-3.1309,55.9489,0.0],[-3.1307,55.949,0.0],[-3.1301,55.949,0.0],[-3.1299,55.9491,0.0],[-3.1292,55.9493,0.0],[-3.1291,55.9493,0.0],[-3.1288,55.9494,0.0],[-3.1282,55.9497,0.0],[-3.1281,55.9497,0.0],[-3.128,55.9498,0.0],[-3.1279,55.9498,0.0],[-3.1274,55.95,0.0],[-3.1271,55.9501,0.0],[-3.127,55.9501,0.0],[-3.1269,55.9501,0.0],[-3.1269,55.9502,0.0],[-3.1268,55.9502,0.0],[-3.1267,55.9502,0.0],[-3.1266,55.9502,0.0],[-3.1265,55.9503,0.0],[-3.1263,55.9503,0.0],[-3.1261,55.9503,0.0],[-3.126,55.9503,0.0],[-3.1259,55.9504,0.0],[-3.1258,55.9505,0.0],[-3.1257,55.9506,0.0],[-3.1256,55.9506,0.0],[-3.1253,55.9508,0.0],[-3.125,55.9509,0.0],[-3.125,55.951,0.0],[-3.1248,55.951,0.0],[-3.1246,55.9511,0.0],[-3.1245,55.9511,0.0],[-3.1243,55.9511,0.0],[-3.1241,55.9512,0.0],[-3.1237,55.9513,0.0],[-3.1235,55.9513,0.0],[-3.1233,55.9514,0.0],[-3.123,55.9514,0.0],[-3.1229,55.9514,0.0],[-3.1228,55.9514,0.0],[-3.1228,55.9515,0.0],[-3.1225,55.9516,0.0],[-3.1221,55.9519,0.0],[-3.1222,55.9519,0.0],[-3.1223,55.952,0.0],[-3.1224,55.9521,0.0],[-3.1225,55.9521,0.0],[-3.1226,55.9521,0.0],[-3.1226,55.9522,0.0],[-3.1227,55.9522,0.0],[-3.1228,55.9523,0.0],[-3.1229,55.9523,0.0],[-3.1229,55.9524,0.0],[-3.123,55.9524,0.0],[-3.123,55.9525,0.0],[-3.1231,55.9525,0.0],[-3.1231,55.9526,0.0],[-3.1232,55.9527,0.0],[-3.1233,55.9528,0.0],[-3.1233,55.9529,0.0],[-3.1234,55.953,0.0],[-3.1234,55.9531,0.0],[-3.1234,55.9532,0.0],[-3.1235,55.9532,0.0],[-3.1235,55.9533,0.0],[-3.1235,55.9534,0.0],[-3.1235,55.9535,0.0],[-3.1235,55.9536,0.0],[-3.1235,55.9537,0.0],[-3.1235,55.9538,0.0],[-3.1235,55.9539,0.0],[-3.1235,55.954,0.0],[-3.1235,55.9541,0.0],[-3.1236,55.9542,0.0],[-3.1236,55.9543,0.0],[-3.1236,55.9544,0.0],[-3.1236,55.9545,0.0],[-3.1237,55.9546,0.0],[-3.1236,55.9546,0.0],[-3.1236,55.9547,0.0],[-3.1235,55.9547,0.0],[-3.1234,55.9547,0.0],[-3.1234,55.9548,0.0],[-3.1234,55.9549,0.0],[-3.1234,55.955,0.0],[-3.1234,55.9551,0.0],[-3.1234,55.9555,0.0],[-3.1231,55.9566,0.0],[-3.123,55.9567,0.0],[-3.1228,55.9572,0.0],[-3.1228,55.9573,0.0],[-3.1228,55.9575,0.0],[-3.1227,55.9575,0.0],[-3.1228,55.9576,0.0],[-3.1229,55.9578,0.0],[-3.123,55.9579,0.0],[-3.1232,55.9581,0.0],[-3.1233,55.9583,0.0],[-3.1228,55.9583,0.0],[-3.1228,55.9582,0.0],[-3.1227,55.9582,0.0],[-3.1227,55.9581,0.0],[-3.1226,55.9582,0.0],[-3.1226,55.9581,0.0],[-3.1225,55.9581,0.0],[-3.1224,55.9581,0.0],[-3.1222,55.9581,0.0],[-3.1221,55.9581,0.0],[-3.122,55.9581,0.0],[-3.1219,55.9581,0.0],[-3.1217,55.9581,0.0],[-3.1215,55.9581,0.0],[-3.1214,55.9581,0.0],[-3.1212,55.9581,0.0],[-3.1209,55.9582,0.0],[-3.1208,55.9582,0.0],[-3.1207,55.9582,0.0],[-3.1204,55.9582,0.0],[-3.1202,55.9582,0.0],[-3.12,55.9582,0.0],[-3.1199,55.9582,0.0],[-3.1198,55.9583,0.0],[-3.1197,55.9583,0.0],[-3.1196,55.9583,0.0],[-3.1194,55.9583,0.0],[-3.1193,55.9583,0.0],[-3.1192,55.9583,0.0],[-3.1191,55.9584,0.0],[-3.119,55.9583,0.0],[-3.1189,55.9583,0.0],[-3.1187,55.9584,0.0],[-3.1158,55.9599,0.0],[-3.1156,55.9598,0.0],[-3.1153,55.9597,0.0],[-3.1151,55.9597,0.0],[-3.115,55.9596,0.0],[-3.1148,55.9595,0.0],[-3.1145,55.9595,0.0],[-3.1142,55.9594,0.0],[-3.1138,55.9593,0.0],[-3.1134,55.9592,0.0],[-3.1131,55.959,0.0],[-3.1129,55.9588,0.0],[-3.1129,55.9586,0.0],[-3.1133,55.9585,0.0],[-3.1133,55.9584,0.0],[-3.1132,55.9584,0.0],[-3.1127,55.9584,0.0]]]]}}]}