{"type":"FeatureCollection","name":"IDN_R7641583","crs":{"type":"name","properties":{"name":"urn:ogc:def:crs:OGC:1.3:CRS84"}},"features":[{"type":"Feature","properties":{"uesi_id":"IDN_R7641583","nbhd_code":"IDN_R7641583_1","nbhd_name":"Batuceper"},"geometry":{"type":"MultiPolygon","coordinates":[[[[106.66511,-6.15193],[106.66538,-6.15214],[106.66566,-6.15231],[106.66579,-6.1524],[106.66624,-6.15268],[106.6663,-6.15272],[106.66665,-6.15286],[106.66711,-6.15306],[106.66738,-6.15315],[106.66775,-6.1533],[106.66814,-6.15346],[106.66861,-6.15366],[106.66891,-6.15379],[106.67022,-6.15431],[106.67032,-6.15441],[106.67037,-6.15437],[106.67057,-6.15448],[106.67075,-6.15453],[106.67095,-6.15455],[106.67186,-6.15452],[106.67239,-6.1545],[106.67285,-6.1545],[106.67321,-6.15449],[106.67393,-6.15448],[106.67416,-6.15447],[106.67464,-6.15444],[106.67474,-6.15443],[106.67482,-6.15443],[106.67537,-6.15438],[106.67633,-6.1543],[106.67721,-6.15423],[106.67767,-6.15422],[106.67858,-6.15424],[106.67894,-6.15425],[106.67921,-6.15428],[106.67961,-6.15431],[106.68009,-6.15436],[106.68072,-6.15441],[106.68134,-6.15447],[106.68213,-6.15454],[106.68245,-6.15457],[106.68367,-6.15466],[106.68443,-6.15465],[106.68525,-6.15458],[106.68565,-6.15454],[106.68689,-6.15437],[106.68722,-6.15406],[106.68723,-6.15404],[106.68724,-6.15407],[106.68744,-6.15409],[106.68743,-6.15409],[106.68745,-6.15411],[106.68758,-6.15417],[106.68793,-6.15435],[106.68792,-6.15449],[106.68791,-6.15464],[106.68793,-6.15485],[106.68786,-6.15485],[106.68788,-6.15485],[106.68798,-6.15584],[106.688,-6.15685],[106.68804,-6.1578],[106.68804,-6.15829],[106.68808,-6.15876],[106.68802,-6.15876],[106.68808,-6.15889],[106.68809,-6.15942],[106.68811,-6.15985],[106.6881,-6.15997],[106.6881,-6.15998],[106.68822,-6.15997],[106.6883,-6.15996],[106.68852,-6.15995],[106.68865,-6.15995],[106.68876,-6.15995],[106.68894,-6.15994],[106.68909,-6.15995],[106.68937,-6.15998],[106.68962,-6.16001],[106.68968,-6.16002],[106.68976,-6.16003],[106.6899,-6.16004],[106.68997,-6.16003],[106.68997,-6.16006],[106.68997,-6.16006],[106.68997,-6.1601],[106.68996,-6.16027],[106.68996,-6.16032],[106.68974,-6.16096],[106.68959,-6.16126],[106.68946,-6.16143],[106.68935,-6.16159],[106.68925,-6.16174],[106.68906,-6.16312],[106.68902,-6.16336],[106.68902,-6.16365],[106.68909,-6.16405],[106.68916,-6.16432],[106.68918,-6.16454],[106.68918,-6.16459],[106.68914,-6.16465],[106.689,-6.16486],[106.68897,-6.16491],[106.68897,-6.16524],[106.68909,-6.16578],[106.68915,-6.1659],[106.68917,-6.16595],[106.68938,-6.1664],[106.68945,-6.16664],[106.68942,-6.16706],[106.6893,-6.16753],[106.68908,-6.16813],[106.68896,-6.16855],[106.6888,-6.16909],[106.68877,-6.16972],[106.68874,-6.17045],[106.68874,-6.17125],[106.68883,-6.17213],[106.68932,-6.17293],[106.68905,-6.17283],[106.689,-6.17256],[106.68838,-6.17238],[106.68801,-6.17231],[106.68798,-6.17255],[106.68798,-6.17256],[106.68668,-6.1722],[106.68642,-6.17215],[106.68586,-6.17204],[106.68598,-6.17258],[106.68567,-6.17259],[106.68567,-6.17263],[106.68474,-6.17254],[106.68423,-6.17248],[106.68418,-6.17248],[106.68439,-6.17356],[106.68451,-6.17417],[106.68427,-6.17421],[106.68429,-6.17459],[106.68406,-6.17547],[106.68405,-6.17549],[106.68407,-6.17559],[106.68355,-6.17568],[106.68327,-6.17569],[106.68269,-6.17572],[106.68238,-6.17567],[106.68244,-6.17538],[106.68218,-6.17532],[106.68174,-6.17527],[106.68173,-6.1752],[106.68167,-6.17505],[106.6816,-6.17493],[106.6815,-6.17482],[106.68125,-6.17478],[106.68084,-6.17455],[106.68062,-6.17446],[106.68023,-6.17424],[106.68011,-6.17482],[106.67957,-6.17487],[106.67957,-6.17401],[106.67861,-6.17392],[106.67847,-6.17457],[106.67845,-6.17464],[106.6784,-6.17491],[106.67845,-6.17517],[106.67833,-6.17565],[106.67827,-6.17586],[106.67819,-6.17618],[106.67811,-6.17645],[106.67797,-6.17698],[106.67761,-6.17834],[106.677,-6.17829],[106.67688,-6.17828],[106.67667,-6.17895],[106.67631,-6.17885],[106.67485,-6.17857],[106.67409,-6.17856],[106.67391,-6.17856],[106.6738,-6.17899],[106.67378,-6.17904],[106.67368,-6.17968],[106.67356,-6.17985],[106.67342,-6.17998],[106.67338,-6.17999],[106.67327,-6.18002],[106.67303,-6.18031],[106.67292,-6.1805],[106.67281,-6.18061],[106.67271,-6.18078],[106.67269,-6.1808],[106.67224,-6.18155],[106.67175,-6.18142],[106.6715,-6.18136],[106.67132,-6.18132],[106.66981,-6.18247],[106.6699,-6.18142],[106.66998,-6.18059],[106.67,-6.18059],[106.67,-6.18045],[106.67018,-6.17965],[106.6703,-6.17915],[106.67035,-6.17854],[106.67026,-6.17776],[106.67018,-6.17701],[106.67006,-6.17588],[106.67012,-6.17545],[106.67014,-6.17532],[106.67016,-6.17522],[106.67009,-6.17495],[106.67007,-6.17489],[106.67014,-6.17447],[106.67001,-6.17437],[106.66992,-6.17422],[106.66961,-6.17401],[106.66934,-6.17404],[106.66932,-6.17405],[106.66956,-6.17373],[106.66978,-6.17326],[106.66999,-6.17288],[106.67008,-6.17271],[106.67007,-6.1727],[106.67029,-6.17216],[106.67044,-6.1718],[106.67035,-6.17168],[106.67031,-6.17163],[106.67025,-6.17154],[106.66998,-6.17126],[106.66985,-6.17101],[106.66984,-6.17063],[106.66996,-6.17052],[106.67013,-6.1704],[106.67032,-6.1702],[106.67065,-6.16986],[106.67077,-6.16944],[106.67085,-6.16918],[106.67088,-6.16906],[106.67087,-6.16831],[106.67082,-6.16821],[106.67081,-6.16818],[106.67053,-6.16745],[106.67048,-6.1673],[106.6704,-6.16714],[106.67033,-6.16695],[106.66998,-6.16604],[106.66977,-6.16529],[106.66973,-6.16494],[106.66975,-6.16418],[106.66977,-6.16408],[106.66979,-6.16401],[106.6698,-6.16394],[106.6698,-6.16385],[106.6698,-6.16377],[106.66979,-6.1637],[106.66971,-6.16371],[106.66963,-6.16372],[106.66944,-6.16375],[106.66915,-6.16379],[106.66883,-6.16382],[106.66858,-6.16382],[106.66837,-6.16382],[106.66819,-6.1638],[106.66787,-6.16377],[106.66758,-6.16374],[106.66748,-6.16373],[106.66734,-6.16371],[106.66716,-6.16369],[106.66698,-6.16367],[106.66671,-6.16364],[106.66651,-6.16363],[106.6663,-6.16362],[106.66609,-6.16362],[106.66598,-6.16363],[106.6658,-6.16365],[106.66556,-6.16367],[106.66537,-6.1637],[106.66519,-6.16371],[106.66519,-6.16371],[106.66485,-6.16373],[106.66455,-6.16377],[106.6642,-6.1638],[106.66388,-6.1638],[106.66349,-6.1638],[106.66322,-6.16382],[106.66318,-6.16382],[106.66294,-6.16382],[106.66268,-6.16386],[106.66256,-6.16388],[106.66223,-6.16392],[106.66201,-6.16394],[106.66178,-6.16392],[106.6614,-6.16391],[106.66101,-6.1639],[106.66059,-6.1639],[106.66022,-6.16393],[106.6598,-6.16396],[106.65931,-6.16398],[106.65917,-6.16399],[106.65885,-6.16402],[106.65849,-6.16405],[106.65819,-6.16406],[106.65797,-6.16407],[106.65775,-6.16407],[106.65776,-6.16401],[106.65778,-6.16388],[106.65779,-6.1636],[106.65777,-6.16347],[106.65711,-6.16384],[106.65636,-6.16427],[106.65609,-6.16431],[106.6559,-6.16434],[106.65573,-6.16438],[106.65547,-6.16445],[106.65534,-6.16448],[106.65523,-6.16451],[106.65509,-6.16454],[106.65504,-6.16455],[106.65474,-6.1646],[106.65435,-6.16468],[106.65419,-6.16472],[106.6541,-6.16473],[106.65399,-6.16475],[106.65388,-6.16477],[106.65362,-6.16481],[106.65324,-6.16487],[106.65298,-6.16491],[106.6529,-6.16492],[106.65267,-6.16497],[106.65241,-6.16502],[106.65224,-6.16505],[106.65216,-6.16506],[106.65205,-6.16507],[106.65198,-6.16508],[106.65168,-6.16513],[106.65131,-6.16519],[106.65123,-6.1652],[106.65082,-6.16527],[106.65044,-6.16533],[106.65035,-6.16534],[106.65013,-6.16539],[106.65004,-6.16541],[106.65001,-6.16515],[106.64988,-6.16438],[106.64974,-6.16276],[106.64975,-6.16259],[106.64977,-6.16234],[106.64979,-6.16204],[106.65001,-6.16202],[106.65001,-6.16178],[106.65001,-6.16114],[106.65,-6.16097],[106.65,-6.16068],[106.65,-6.1605],[106.65,-6.16025],[106.65,-6.15997],[106.65036,-6.15993],[106.65036,-6.15923],[106.65031,-6.15876],[106.65022,-6.15793],[106.65018,-6.1575],[106.65017,-6.15729],[106.65017,-6.15721],[106.65015,-6.15685],[106.65016,-6.15641],[106.65016,-6.1557],[106.65016,-6.15529],[106.65017,-6.15487],[106.65018,-6.1547],[106.65027,-6.15468],[106.6504,-6.15466],[106.65065,-6.1546],[106.65065,-6.15456],[106.65062,-6.15387],[106.65056,-6.15316],[106.65053,-6.15285],[106.65052,-6.1527],[106.65051,-6.15257],[106.65056,-6.15248],[106.65061,-6.1524],[106.6506,-6.15223],[106.65057,-6.15196],[106.65045,-6.15196],[106.65042,-6.15178],[106.6504,-6.15159],[106.65037,-6.1515],[106.65034,-6.15143],[106.65033,-6.15131],[106.65031,-6.15113],[106.65029,-6.15081],[106.65024,-6.15033],[106.65024,-6.1503],[106.65022,-6.15003],[106.6502,-6.14992],[106.6502,-6.14982],[106.65019,-6.14966],[106.65018,-6.14938],[106.65015,-6.14878],[106.65014,-6.14867],[106.65006,-6.14831],[106.65003,-6.14821],[106.65002,-6.14811],[106.65001,-6.14807],[106.65004,-6.14806],[106.65033,-6.14801],[106.65145,-6.14782],[106.65195,-6.14774],[106.65315,-6.14755],[106.6536,-6.14747],[106.65413,-6.14738],[106.65437,-6.14733],[106.65475,-6.14726],[106.65521,-6.14719],[106.65536,-6.14717],[106.65581,-6.14709],[106.65628,-6.14702],[106.6565,-6.14698],[106.65715,-6.14688],[106.65747,-6.14691],[106.65783,-6.147],[106.65806,-6.1471],[106.65842,-6.14733],[106.65849,-6.14739],[106.65855,-6.14743],[106.65868,-6.14751],[106.65892,-6.14769],[106.65908,-6.14779],[106.65923,-6.14791],[106.65963,-6.14819],[106.6601,-6.14846],[106.66022,-6.14853],[106.66055,-6.14879],[106.66087,-6.14903],[106.66112,-6.14919],[106.66122,-6.14925],[106.66145,-6.14942],[106.6618,-6.14966],[106.66197,-6.14978],[106.66221,-6.14992],[106.66228,-6.14997],[106.66295,-6.15045],[106.663,-6.15048],[106.66327,-6.15067],[106.66347,-6.15081],[106.66371,-6.15098],[106.66429,-6.15137],[106.66444,-6.15147],[106.66482,-6.1517],[106.66511,-6.15193]]]]}},{"type":"Feature","properties":{"uesi_id":"IDN_R7641583","nbhd_code":"IDN_R7641583_2","nbhd_name":"Benda"},"geometry":{"type":"MultiPolygon","coordinates":[[[[106.68724,-6.09714],[106.68728,-6.09751],[106.6876,-6.09836],[106.68776,-6.09881],[106.6879,-6.0992],[106.68801,-6.09966],[106.68806,-6.1002],[106.688,-6.10071],[106.68801,-6.10073],[106.68814,-6.10101],[106.68811,-6.1016],[106.68807,-6.10249],[106.68802,-6.10335],[106.68805,-6.10353],[106.68807,-6.10369],[106.68809,-6.10383],[106.68809,-6.10388],[106.68815,-6.1039],[106.68838,-6.104],[106.68871,-6.1043],[106.68888,-6.1046],[106.68865,-6.10523],[106.68848,-6.1056],[106.68848,-6.10561],[106.68849,-6.10565],[106.68853,-6.10573],[106.68856,-6.10582],[106.68882,-6.10616],[106.68896,-6.10636],[106.68909,-6.10649],[106.68915,-6.1065],[106.68928,-6.10653],[106.68995,-6.10669],[106.6909,-6.10692],[106.69204,-6.10694],[106.69267,-6.10693],[106.69305,-6.107],[106.6934,-6.10707],[106.69342,-6.10707],[106.69368,-6.10719],[106.69369,-6.10719],[106.69407,-6.10748],[106.69486,-6.10807],[106.69495,-6.10815],[106.69503,-6.10821],[106.69545,-6.10855],[106.69592,-6.10898],[106.69668,-6.1098],[106.69729,-6.11036],[106.69763,-6.11065],[106.69788,-6.11089],[106.69788,-6.11089],[106.69746,-6.11164],[106.69695,-6.11252],[106.69679,-6.11265],[106.6964,-6.11288],[106.69617,-6.11295],[106.69594,-6.11297],[106.69556,-6.11294],[106.69514,-6.11289],[106.69429,-6.11291],[106.69428,-6.11292],[106.69356,-6.11309],[106.69354,-6.1131],[106.69328,-6.11317],[106.69206,-6.11345],[106.69162,-6.11355],[106.69106,-6.1137],[106.68974,-6.11403],[106.68902,-6.11424],[106.68907,-6.11448],[106.68909,-6.11487],[106.68912,-6.11556],[106.68915,-6.11611],[106.68922,-6.1179],[106.68919,-6.11812],[106.68913,-6.11828],[106.68951,-6.11877],[106.68964,-6.11913],[106.68972,-6.11965],[106.68973,-6.11968],[106.68974,-6.11991],[106.68974,-6.12019],[106.68972,-6.12093],[106.68971,-6.121],[106.6897,-6.12113],[106.6897,-6.12117],[106.68962,-6.12145],[106.68961,-6.12146],[106.6895,-6.12158],[106.68938,-6.12173],[106.68937,-6.12175],[106.68933,-6.12182],[106.68917,-6.12212],[106.68893,-6.12255],[106.68885,-6.12269],[106.6887,-6.12301],[106.6887,-6.12302],[106.68863,-6.12316],[106.68827,-6.12389],[106.68823,-6.12395],[106.68806,-6.12429],[106.68801,-6.1245],[106.68797,-6.12465],[106.68797,-6.12465],[106.68787,-6.125],[106.68787,-6.12505],[106.68748,-6.12679],[106.68727,-6.12772],[106.68709,-6.12855],[106.68708,-6.12862],[106.68724,-6.1287],[106.68723,-6.12877],[106.68724,-6.12884],[106.68725,-6.12892],[106.68726,-6.12922],[106.68731,-6.1296],[106.68742,-6.12981],[106.68758,-6.12998],[106.68801,-6.13021],[106.6882,-6.13031],[106.68845,-6.13064],[106.68858,-6.13088],[106.6888,-6.13143],[106.68921,-6.13223],[106.68926,-6.13231],[106.68929,-6.13236],[106.68938,-6.13251],[106.6895,-6.13263],[106.69003,-6.13284],[106.69038,-6.1331],[106.69056,-6.13321],[106.6909,-6.1333],[106.69136,-6.13343],[106.6914,-6.13346],[106.69138,-6.13386],[106.69135,-6.13412],[106.69127,-6.13468],[106.69127,-6.13473],[106.69125,-6.13489],[106.69145,-6.13539],[106.69157,-6.13569],[106.69166,-6.136],[106.6917,-6.1365],[106.69167,-6.13676],[106.69156,-6.13705],[106.69134,-6.13735],[106.69127,-6.13745],[106.69124,-6.13758],[106.69127,-6.13766],[106.69127,-6.13766],[106.69126,-6.1377],[106.69096,-6.1381],[106.69062,-6.13857],[106.68957,-6.14003],[106.68892,-6.14086],[106.68836,-6.14164],[106.68729,-6.1427],[106.68621,-6.14306],[106.68621,-6.14307],[106.68621,-6.14309],[106.68622,-6.14322],[106.68623,-6.14376],[106.68629,-6.14416],[106.6863,-6.14425],[106.6863,-6.14427],[106.68631,-6.14427],[106.68633,-6.14432],[106.68641,-6.14452],[106.68646,-6.14473],[106.68652,-6.14507],[106.68664,-6.14558],[106.68676,-6.14634],[106.68688,-6.14706],[106.68702,-6.14745],[106.68741,-6.14757],[106.68741,-6.14757],[106.68742,-6.14758],[106.68747,-6.14764],[106.68748,-6.14766],[106.68745,-6.14768],[106.68745,-6.14768],[106.68746,-6.14772],[106.68747,-6.14789],[106.68749,-6.14829],[106.68752,-6.14837],[106.68758,-6.14917],[106.68764,-6.14999],[106.68765,-6.15018],[106.68758,-6.15023],[106.68759,-6.15041],[106.68761,-6.15073],[106.68761,-6.15087],[106.68768,-6.15253],[106.68771,-6.15292],[106.68771,-6.15325],[106.68754,-6.15382],[106.68744,-6.15409],[106.68724,-6.15407],[106.68723,-6.15404],[106.68722,-6.15406],[106.68689,-6.15437],[106.68565,-6.15454],[106.68525,-6.15458],[106.68443,-6.15465],[106.68367,-6.15466],[106.68245,-6.15457],[106.68213,-6.15454],[106.68134,-6.15447],[106.68072,-6.15441],[106.68009,-6.15436],[106.67961,-6.15431],[106.67921,-6.15428],[106.67894,-6.15425],[106.67858,-6.15424],[106.67767,-6.15422],[106.67721,-6.15423],[106.67633,-6.1543],[106.67537,-6.15438],[106.67482,-6.15443],[106.67474,-6.15443],[106.67464,-6.15444],[106.67416,-6.15447],[106.67393,-6.15448],[106.67321,-6.15449],[106.67285,-6.1545],[106.67239,-6.1545],[106.67186,-6.15452],[106.67095,-6.15455],[106.67075,-6.15453],[106.67057,-6.15448],[106.67037,-6.15437],[106.67032,-6.15441],[106.67022,-6.15431],[106.66891,-6.15379],[106.66861,-6.15366],[106.66814,-6.15346],[106.66775,-6.1533],[106.66738,-6.15315],[106.66711,-6.15306],[106.66665,-6.15286],[106.6663,-6.15272],[106.66624,-6.15268],[106.66579,-6.1524],[106.66566,-6.15231],[106.66538,-6.15214],[106.66511,-6.15193],[106.66482,-6.1517],[106.66444,-6.15147],[106.66429,-6.15137],[106.66371,-6.15098],[106.66347,-6.15081],[106.66327,-6.15067],[106.663,-6.15048],[106.66295,-6.15045],[106.66228,-6.14997],[106.66221,-6.14992],[106.66197,-6.14978],[106.6618,-6.14966],[106.66145,-6.14942],[106.66122,-6.14925],[106.66112,-6.14919],[106.66087,-6.14903],[106.66055,-6.14879],[106.66022,-6.14853],[106.6601,-6.14846],[106.65963,-6.14819],[106.65923,-6.14791],[106.65908,-6.14779],[106.65892,-6.14769],[106.65868,-6.14751],[106.65855,-6.14743],[106.65849,-6.14739],[106.65842,-6.14733],[106.65806,-6.1471],[106.65783,-6.147],[106.65747,-6.14691],[106.65715,-6.14688],[106.6565,-6.14698],[106.65628,-6.14702],[106.65581,-6.14709],[106.65536,-6.14717],[106.65521,-6.14719],[106.65475,-6.14726],[106.65437,-6.14733],[106.65413,-6.14738],[106.6536,-6.14747],[106.65315,-6.14755],[106.65195,-6.14774],[106.65145,-6.14782],[106.65033,-6.14801],[106.65004,-6.14806],[106.65001,-6.14807],[106.64993,-6.14684],[106.64978,-6.14551],[106.64972,-6.14438],[106.64951,-6.14294],[106.64949,-6.14277],[106.64939,-6.1426],[106.64878,-6.14282],[106.6472,-6.14347],[106.64673,-6.14366],[106.64598,-6.14395],[106.64537,-6.14419],[106.64501,-6.14433],[106.64441,-6.14458],[106.64284,-6.1452],[106.64273,-6.14524],[106.64223,-6.14544],[106.64057,-6.14608],[106.63895,-6.14674],[106.63779,-6.14719],[106.63613,-6.14787],[106.63526,-6.14811],[106.63399,-6.14841],[106.63335,-6.14852],[106.6332,-6.14853],[106.63311,-6.14849],[106.63256,-6.14921],[106.6325,-6.14894],[106.63249,-6.14849],[106.63248,-6.14702],[106.6325,-6.14633],[106.63255,-6.1456],[106.63257,-6.1452],[106.6326,-6.14381],[106.63264,-6.14299],[106.63266,-6.14254],[106.63267,-6.14182],[106.63269,-6.14103],[106.63276,-6.14052],[106.63278,-6.13993],[106.63279,-6.13949],[106.6328,-6.13922],[106.63283,-6.1385],[106.63352,-6.13841],[106.63353,-6.1383],[106.63361,-6.13693],[106.63367,-6.13668],[106.63353,-6.13591],[106.63361,-6.13545],[106.63362,-6.13538],[106.63366,-6.13515],[106.6337,-6.1349],[106.63372,-6.13475],[106.63376,-6.13436],[106.63384,-6.13372],[106.6339,-6.1329],[106.63388,-6.13231],[106.63386,-6.13217],[106.63386,-6.13151],[106.63392,-6.13076],[106.63397,-6.13008],[106.63397,-6.12999],[106.63398,-6.12975],[106.63402,-6.12908],[106.63403,-6.12879],[106.63404,-6.12872],[106.63405,-6.12842],[106.63406,-6.12812],[106.63407,-6.12787],[106.63411,-6.12722],[106.63412,-6.127],[106.63417,-6.12674],[106.63424,-6.1264],[106.63434,-6.12601],[106.63445,-6.12569],[106.63457,-6.12519],[106.63462,-6.12498],[106.63465,-6.12436],[106.63466,-6.12416],[106.63466,-6.12412],[106.6347,-6.1237],[106.63474,-6.12318],[106.63474,-6.12293],[106.6349,-6.12288],[106.63491,-6.12242],[106.63491,-6.12228],[106.63495,-6.12141],[106.63497,-6.12089],[106.63507,-6.12056],[106.63568,-6.12026],[106.63596,-6.12014],[106.63626,-6.12009],[106.63654,-6.12004],[106.63739,-6.11962],[106.6385,-6.11912],[106.63879,-6.119],[106.63905,-6.11888],[106.63915,-6.11884],[106.63932,-6.11876],[106.64066,-6.11823],[106.64143,-6.11791],[106.64158,-6.11785],[106.6417,-6.11781],[106.64204,-6.1177],[106.64219,-6.11765],[106.6426,-6.11748],[106.64251,-6.11735],[106.64249,-6.11732],[106.64251,-6.11735],[106.64276,-6.11723],[106.64352,-6.11694],[106.64384,-6.11682],[106.64479,-6.11643],[106.64548,-6.11617],[106.64674,-6.11565],[106.64756,-6.11533],[106.64825,-6.11507],[106.64859,-6.11494],[106.6489,-6.11482],[106.64932,-6.11466],[106.64985,-6.11444],[106.65117,-6.1139],[106.65205,-6.11354],[106.65266,-6.1133],[106.65311,-6.11314],[106.65319,-6.11311],[106.65358,-6.11297],[106.65452,-6.11256],[106.65583,-6.11207],[106.65676,-6.11167],[106.65845,-6.11103],[106.66007,-6.11036],[106.66047,-6.11021],[106.66048,-6.11021],[106.66052,-6.11019],[106.66097,-6.11002],[106.66136,-6.10988],[106.66237,-6.10944],[106.66279,-6.10927],[106.66331,-6.10909],[106.66404,-6.10878],[106.6645,-6.1086],[106.66515,-6.10833],[106.66561,-6.10815],[106.66583,-6.10807],[106.66723,-6.1075],[106.66782,-6.10724],[106.66951,-6.10662],[106.6702,-6.1063],[106.67059,-6.10615],[106.67113,-6.10596],[106.67135,-6.10587],[106.67152,-6.10579],[106.6715,-6.10543],[106.67142,-6.10536],[106.67112,-6.10492],[106.67115,-6.10465],[106.67106,-6.10447],[106.67103,-6.10439],[106.67106,-6.10418],[106.67088,-6.10391],[106.67079,-6.10373],[106.67082,-6.10358],[106.67076,-6.10346],[106.67052,-6.10349],[106.67019,-6.10344],[106.67013,-6.10329],[106.67013,-6.10296],[106.67037,-6.10293],[106.6707,-6.10296],[106.67162,-6.10308],[106.67196,-6.10309],[106.67266,-6.10313],[106.67282,-6.10302],[106.67281,-6.10292],[106.67292,-6.10291],[106.67316,-6.10284],[106.67409,-6.10275],[106.6742,-6.10274],[106.67455,-6.10271],[106.67473,-6.10266],[106.67486,-6.10257],[106.67496,-6.10243],[106.67518,-6.10238],[106.67548,-6.10217],[106.67556,-6.10209],[106.67563,-6.10176],[106.67562,-6.10138],[106.67563,-6.10111],[106.67558,-6.101],[106.67555,-6.10062],[106.67554,-6.10029],[106.67554,-6.10003],[106.67566,-6.09995],[106.67566,-6.09981],[106.67564,-6.09966],[106.67561,-6.09958],[106.67571,-6.09886],[106.67577,-6.09861],[106.67602,-6.09858],[106.67609,-6.09858],[106.67616,-6.09849],[106.67654,-6.09837],[106.67674,-6.09832],[106.67676,-6.09815],[106.67694,-6.09813],[106.67696,-6.09801],[106.67698,-6.09801],[106.67836,-6.09789],[106.67913,-6.09784],[106.68047,-6.09774],[106.68244,-6.09759],[106.68686,-6.09714],[106.68688,-6.0972],[106.68722,-6.09714],[106.68724,-6.09714]]]]}},{"type":"Feature","properties":{"uesi_id":"IDN_R7641583","nbhd_code":"IDN_R7641583_3","nbhd_name":"Cibodas"},"geometry":{"type":"MultiPolygon","coordinates":[[[[106.60403,-6.18027],[106.60388,-6.18059],[106.60382,-6.18067],[106.60393,-6.18079],[106.60403,-6.18085],[106.6042,-6.18103],[106.60471,-6.18151],[106.60486,-6.18164],[106.6051,-6.18187],[106.60519,-6.18191],[106.60532,-6.18197],[106.60548,-6.18204],[106.60555,-6.1821],[106.6056,-6.18263],[106.60566,-6.18324],[106.60557,-6.1833],[106.60546,-6.1834],[106.60543,-6.18355],[106.60543,-6.18375],[106.60547,-6.18382],[106.60563,-6.1839],[106.60567,-6.18404],[106.60567,-6.18423],[106.60577,-6.18436],[106.60594,-6.18443],[106.60613,-6.18465],[106.60607,-6.18469],[106.60641,-6.18509],[106.60658,-6.18538],[106.60687,-6.1859],[106.60712,-6.18635],[106.60742,-6.18673],[106.60755,-6.18677],[106.60734,-6.18705],[106.6073,-6.18709],[106.6073,-6.18721],[106.60708,-6.18743],[106.60702,-6.18755],[106.60703,-6.18794],[106.60707,-6.18804],[106.60714,-6.18818],[106.60714,-6.18852],[106.60727,-6.18887],[106.60733,-6.18911],[106.60721,-6.18939],[106.60709,-6.18952],[106.60703,-6.18961],[106.60713,-6.18982],[106.60723,-6.18991],[106.60801,-6.19025],[106.6083,-6.19032],[106.60847,-6.19037],[106.60878,-6.1906],[106.60876,-6.19107],[106.60877,-6.1911],[106.60881,-6.1912],[106.60868,-6.19138],[106.60855,-6.1916],[106.60845,-6.19169],[106.60836,-6.19184],[106.60835,-6.19203],[106.60837,-6.19218],[106.60844,-6.19227],[106.60852,-6.19239],[106.60854,-6.19249],[106.60857,-6.19253],[106.60873,-6.19253],[106.60882,-6.19259],[106.60885,-6.19307],[106.60886,-6.19328],[106.60888,-6.19347],[106.60892,-6.19368],[106.60895,-6.19384],[106.60894,-6.194],[106.60877,-6.19402],[106.6085,-6.19424],[106.60839,-6.19432],[106.60827,-6.19449],[106.60819,-6.19459],[106.60817,-6.19462],[106.60818,-6.19496],[106.60815,-6.19508],[106.60809,-6.19531],[106.60812,-6.19539],[106.60827,-6.19543],[106.60845,-6.19546],[106.6087,-6.19553],[106.6089,-6.19559],[106.60908,-6.19563],[106.6092,-6.1957],[106.60934,-6.19571],[106.6094,-6.19572],[106.6095,-6.1958],[106.61018,-6.19584],[106.61032,-6.19603],[106.61036,-6.19608],[106.61043,-6.19625],[106.61051,-6.19647],[106.61055,-6.19675],[106.61051,-6.19697],[106.61048,-6.1971],[106.61041,-6.19717],[106.6104,-6.19718],[106.61029,-6.19731],[106.61007,-6.19739],[106.6099,-6.19748],[106.60982,-6.19757],[106.60979,-6.19763],[106.60973,-6.19767],[106.60965,-6.19768],[106.60962,-6.19774],[106.60958,-6.19782],[106.6096,-6.19795],[106.60969,-6.19814],[106.60987,-6.19836],[106.61009,-6.19856],[106.61024,-6.19863],[106.61033,-6.19869],[106.61036,-6.19871],[106.61043,-6.19875],[106.61046,-6.19909],[106.6105,-6.19947],[106.6105,-6.19956],[106.61051,-6.19965],[106.61052,-6.1997],[106.61053,-6.19977],[106.61051,-6.19987],[106.61049,-6.19997],[106.61049,-6.20008],[106.61051,-6.2002],[106.61055,-6.20037],[106.61065,-6.20052],[106.61081,-6.20072],[106.61086,-6.20085],[106.61101,-6.20102],[106.61107,-6.20109],[106.61118,-6.20122],[106.61125,-6.20145],[106.61128,-6.20156],[106.61128,-6.2016],[106.61139,-6.20175],[106.61155,-6.20178],[106.61168,-6.2018],[106.61173,-6.20181],[106.61175,-6.20181],[106.61179,-6.20187],[106.6118,-6.20197],[106.61184,-6.2021],[106.6119,-6.20221],[106.61191,-6.20228],[106.612,-6.20238],[106.61194,-6.20252],[106.61181,-6.20274],[106.61172,-6.20297],[106.61169,-6.2032],[106.61167,-6.20335],[106.61169,-6.20352],[106.61168,-6.20358],[106.61167,-6.20368],[106.61166,-6.20378],[106.61167,-6.20389],[106.61165,-6.20396],[106.61153,-6.2041],[106.61141,-6.20424],[106.61136,-6.20447],[106.6113,-6.20478],[106.61129,-6.20481],[106.61129,-6.20482],[106.6113,-6.20482],[106.61133,-6.20485],[106.61141,-6.20498],[106.61147,-6.2051],[106.61166,-6.2054],[106.61167,-6.20541],[106.61178,-6.20554],[106.61182,-6.20572],[106.61181,-6.20608],[106.61174,-6.20621],[106.61173,-6.20643],[106.61176,-6.2067],[106.61184,-6.20686],[106.61197,-6.20696],[106.61211,-6.207],[106.61215,-6.20705],[106.61232,-6.20722],[106.61232,-6.2073],[106.61231,-6.20748],[106.61235,-6.20776],[106.61246,-6.2081],[106.61252,-6.20829],[106.61256,-6.20833],[106.61266,-6.20857],[106.61284,-6.20861],[106.61285,-6.20862],[106.61302,-6.20885],[106.61309,-6.20893],[106.61328,-6.20912],[106.61366,-6.20928],[106.61369,-6.20929],[106.61385,-6.20936],[106.61396,-6.20948],[106.61407,-6.20978],[106.61407,-6.21003],[106.61405,-6.21045],[106.614,-6.2106],[106.61409,-6.21081],[106.61441,-6.21097],[106.61469,-6.21106],[106.6148,-6.2111],[106.61491,-6.21113],[106.61513,-6.21116],[106.61529,-6.21113],[106.61547,-6.21103],[106.61569,-6.21085],[106.61585,-6.21082],[106.61598,-6.21048],[106.61601,-6.21042],[106.61602,-6.21042],[106.61606,-6.21043],[106.61631,-6.21045],[106.61638,-6.21048],[106.61671,-6.21055],[106.61709,-6.21063],[106.61713,-6.21064],[106.61726,-6.21066],[106.61754,-6.21072],[106.61777,-6.21077],[106.6178,-6.21077],[106.61785,-6.21078],[106.61793,-6.21079],[106.61808,-6.21081],[106.61829,-6.21085],[106.6189,-6.21096],[106.61899,-6.21098],[106.61914,-6.211],[106.61931,-6.21103],[106.61937,-6.21104],[106.61955,-6.21108],[106.61978,-6.21126],[106.61991,-6.21143],[106.61997,-6.21166],[106.61986,-6.21191],[106.61991,-6.21233],[106.62009,-6.21276],[106.62057,-6.213],[106.62139,-6.21324],[106.62148,-6.21327],[106.6225,-6.21346],[106.62326,-6.21361],[106.62407,-6.2138],[106.62461,-6.21401],[106.625,-6.2142],[106.62528,-6.21432],[106.62547,-6.2144],[106.62605,-6.21478],[106.62645,-6.21503],[106.6267,-6.21519],[106.62723,-6.21558],[106.62747,-6.21576],[106.62772,-6.21594],[106.62782,-6.21607],[106.62802,-6.21632],[106.62823,-6.21659],[106.62851,-6.21687],[106.62886,-6.21721],[106.62943,-6.21784],[106.62989,-6.21834],[106.6299,-6.21835],[106.63019,-6.21851],[106.63051,-6.21883],[106.6307,-6.21938],[106.63074,-6.21982],[106.63061,-6.22058],[106.63052,-6.2209],[106.63045,-6.22116],[106.63038,-6.22138],[106.63,-6.22246],[106.62989,-6.22294],[106.62986,-6.22315],[106.6298,-6.22354],[106.62977,-6.22377],[106.62979,-6.22401],[106.62977,-6.22413],[106.62974,-6.22437],[106.62977,-6.22459],[106.62982,-6.22481],[106.6299,-6.22499],[106.63012,-6.22519],[106.63046,-6.22551],[106.63046,-6.22551],[106.63046,-6.22551],[106.63034,-6.22575],[106.63031,-6.22584],[106.63023,-6.22599],[106.63017,-6.22613],[106.63011,-6.22639],[106.63008,-6.22644],[106.63004,-6.22652],[106.63002,-6.22653],[106.62995,-6.22654],[106.62993,-6.22653],[106.62924,-6.22696],[106.62915,-6.22708],[106.62901,-6.2274],[106.62892,-6.22744],[106.62879,-6.22741],[106.62872,-6.22749],[106.62863,-6.22752],[106.62811,-6.22776],[106.62785,-6.22781],[106.62618,-6.22725],[106.62605,-6.22721],[106.62401,-6.22726],[106.62365,-6.22727],[106.6233,-6.22727],[106.62287,-6.22728],[106.62228,-6.2273],[106.62217,-6.22725],[106.62217,-6.22725],[106.62159,-6.22744],[106.62084,-6.22751],[106.61993,-6.22748],[106.61929,-6.22748],[106.61917,-6.22708],[106.61912,-6.22696],[106.61905,-6.22692],[106.61893,-6.22683],[106.61878,-6.22673],[106.61876,-6.22671],[106.61865,-6.22658],[106.61856,-6.22639],[106.61853,-6.22617],[106.61854,-6.22602],[106.61851,-6.2259],[106.61844,-6.22585],[106.61828,-6.22582],[106.61823,-6.22575],[106.61818,-6.2256],[106.61813,-6.22541],[106.61807,-6.22517],[106.61782,-6.22493],[106.61782,-6.22493],[106.61717,-6.225],[106.61678,-6.22505],[106.61639,-6.22508],[106.6163,-6.22508],[106.61623,-6.22509],[106.61612,-6.2251],[106.6161,-6.2251],[106.61601,-6.22514],[106.61598,-6.22516],[106.61572,-6.22529],[106.61562,-6.22535],[106.61553,-6.22538],[106.61549,-6.2254],[106.61514,-6.22556],[106.61507,-6.22562],[106.61506,-6.22561],[106.61493,-6.22571],[106.61466,-6.22591],[106.61459,-6.22595],[106.61443,-6.22607],[106.61426,-6.22618],[106.61416,-6.22628],[106.61412,-6.22642],[106.61406,-6.22668],[106.61405,-6.22671],[106.61387,-6.22692],[106.61357,-6.22704],[106.61346,-6.22709],[106.61342,-6.2271],[106.6133,-6.22715],[106.61291,-6.22728],[106.6129,-6.22728],[106.61282,-6.22731],[106.61272,-6.22731],[106.61259,-6.22733],[106.61254,-6.22733],[106.61251,-6.22733],[106.61217,-6.22732],[106.61216,-6.22732],[106.61214,-6.22732],[106.61208,-6.22731],[106.61194,-6.22729],[106.61189,-6.22727],[106.61186,-6.22726],[106.61181,-6.22724],[106.61163,-6.22717],[106.61147,-6.227],[106.61141,-6.22688],[106.61136,-6.22679],[106.61127,-6.22669],[106.61098,-6.22627],[106.61095,-6.22622],[106.61083,-6.2259],[106.61079,-6.22575],[106.61075,-6.22562],[106.61075,-6.22545],[106.61075,-6.22531],[106.61075,-6.2253],[106.61075,-6.2253],[106.61076,-6.22529],[106.6108,-6.22516],[106.61082,-6.22508],[106.61084,-6.22507],[106.61085,-6.22504],[106.61101,-6.22487],[106.61114,-6.22474],[106.61144,-6.22449],[106.61152,-6.22442],[106.61152,-6.22442],[106.61187,-6.22419],[106.61231,-6.22397],[106.61247,-6.22384],[106.61313,-6.22367],[106.61358,-6.22355],[106.61358,-6.22317],[106.61358,-6.22255],[106.61358,-6.22237],[106.61358,-6.22071],[106.61345,-6.22055],[106.61326,-6.22027],[106.61326,-6.22026],[106.61315,-6.22027],[106.61241,-6.22028],[106.61095,-6.22031],[106.60974,-6.22033],[106.60949,-6.22034],[106.61052,-6.21878],[106.6119,-6.21671],[106.61226,-6.21624],[106.61239,-6.21614],[106.61242,-6.2161],[106.61243,-6.21608],[106.61242,-6.21607],[106.61253,-6.2159],[106.61258,-6.2158],[106.61259,-6.21579],[106.61227,-6.21565],[106.61221,-6.21562],[106.61218,-6.21561],[106.61217,-6.21562],[106.6119,-6.21581],[106.61177,-6.21574],[106.61149,-6.21559],[106.61106,-6.21545],[106.61071,-6.21539],[106.6107,-6.21539],[106.61047,-6.21534],[106.61046,-6.21529],[106.61034,-6.21532],[106.60995,-6.21532],[106.60979,-6.2153],[106.60977,-6.21536],[106.60956,-6.21529],[106.60913,-6.21513],[106.6083,-6.21501],[106.60812,-6.21499],[106.60777,-6.21494],[106.6073,-6.21489],[106.60732,-6.21478],[106.60731,-6.21478],[106.60696,-6.21478],[106.60666,-6.21472],[106.60649,-6.21472],[106.60568,-6.21471],[106.60568,-6.21451],[106.60535,-6.21451],[106.60486,-6.21451],[106.60434,-6.2144],[106.60384,-6.21426],[106.60381,-6.21378],[106.60372,-6.21377],[106.60345,-6.21372],[106.60309,-6.21362],[106.60305,-6.21361],[106.60296,-6.21358],[106.60281,-6.21354],[106.60241,-6.21343],[106.60239,-6.21342],[106.60238,-6.21343],[106.60237,-6.21331],[106.60268,-6.21225],[106.60293,-6.2115],[106.60299,-6.2113],[106.6032,-6.21062],[106.60359,-6.21004],[106.60373,-6.20982],[106.6041,-6.20926],[106.60435,-6.20889],[106.60436,-6.20888],[106.60471,-6.20839],[106.60471,-6.20839],[106.60384,-6.20779],[106.60303,-6.20722],[106.60324,-6.20693],[106.60293,-6.20672],[106.60288,-6.20668],[106.6022,-6.20622],[106.60219,-6.20622],[106.60166,-6.20598],[106.6015,-6.2059],[106.60126,-6.20577],[106.60106,-6.20583],[106.60094,-6.20584],[106.60074,-6.20581],[106.60074,-6.2059],[106.60074,-6.20599],[106.60061,-6.20622],[106.60059,-6.20636],[106.60055,-6.20643],[106.60047,-6.20655],[106.60043,-6.2066],[106.60038,-6.20676],[106.6003,-6.2069],[106.60034,-6.207],[106.60031,-6.207],[106.60031,-6.207],[106.60025,-6.20696],[106.6002,-6.20693],[106.60019,-6.20693],[106.59996,-6.20734],[106.59991,-6.20736],[106.59932,-6.20732],[106.59743,-6.20727],[106.59723,-6.20736],[106.59703,-6.20752],[106.59698,-6.2076],[106.59668,-6.20731],[106.59655,-6.20719],[106.59632,-6.20684],[106.59617,-6.20644],[106.59612,-6.20617],[106.59608,-6.20591],[106.59608,-6.20589],[106.5957,-6.20586],[106.5957,-6.20578],[106.59571,-6.20561],[106.59574,-6.20497],[106.5953,-6.20488],[106.59495,-6.20483],[106.59435,-6.20479],[106.59388,-6.20479],[106.59345,-6.20373],[106.59342,-6.20352],[106.59294,-6.2033],[106.59277,-6.20318],[106.59265,-6.20303],[106.5926,-6.20277],[106.59283,-6.2026],[106.5925,-6.20256],[106.59202,-6.20258],[106.59189,-6.20258],[106.59177,-6.20243],[106.59173,-6.20239],[106.59154,-6.20229],[106.59072,-6.20213],[106.5905,-6.20201],[106.59034,-6.20193],[106.59029,-6.20182],[106.59022,-6.20178],[106.59019,-6.20176],[106.59013,-6.20171],[106.59015,-6.20158],[106.58969,-6.20114],[106.58965,-6.20114],[106.58922,-6.2004],[106.58871,-6.19945],[106.5885,-6.19915],[106.588,-6.19881],[106.58769,-6.19862],[106.58712,-6.19825],[106.58622,-6.19792],[106.58658,-6.19729],[106.58677,-6.19665],[106.58683,-6.19638],[106.5869,-6.19603],[106.58691,-6.19566],[106.58698,-6.19503],[106.58711,-6.19478],[106.58732,-6.19445],[106.58732,-6.19443],[106.5874,-6.19389],[106.58714,-6.19356],[106.58762,-6.19314],[106.58795,-6.19281],[106.5885,-6.19223],[106.58893,-6.1918],[106.58922,-6.1915],[106.58961,-6.19109],[106.59019,-6.19052],[106.59039,-6.19031],[106.59105,-6.18961],[106.59143,-6.18929],[106.59174,-6.18904],[106.59185,-6.18901],[106.59207,-6.189],[106.59266,-6.18904],[106.59354,-6.18915],[106.59434,-6.18925],[106.59488,-6.18932],[106.5951,-6.18932],[106.59543,-6.18933],[106.59593,-6.18931],[106.59605,-6.1893],[106.59641,-6.18928],[106.59701,-6.18925],[106.59733,-6.18922],[106.59784,-6.18905],[106.59799,-6.18899],[106.59838,-6.18885],[106.59856,-6.18878],[106.59859,-6.18877],[106.5986,-6.18877],[106.59835,-6.18833],[106.59888,-6.18788],[106.59901,-6.18787],[106.59984,-6.18793],[106.60013,-6.18577],[106.60016,-6.18555],[106.60033,-6.18432],[106.60048,-6.1834],[106.60056,-6.18293],[106.60069,-6.18175],[106.60077,-6.18115],[106.60087,-6.18059],[106.60046,-6.18081],[106.60048,-6.18053],[106.60095,-6.18021],[106.60164,-6.1797],[106.60167,-6.1793],[106.60181,-6.17925],[106.60185,-6.17927],[106.60185,-6.17927],[106.60185,-6.17928],[106.60195,-6.17933],[106.602,-6.17936],[106.60223,-6.17944],[106.60248,-6.17953],[106.60315,-6.17971],[106.60333,-6.17976],[106.60412,-6.18014],[106.60403,-6.18027]]]]}},{"type":"Feature","properties":{"uesi_id":"IDN_R7641583","nbhd_code":"IDN_R7641583_4","nbhd_name":"Ciledug"},"geometry":{"type":"MultiPolygon","coordinates":[[[[106.7036,-6.22524],[106.70386,-6.22527],[106.70392,-6.22527],[106.7046,-6.2252],[106.70485,-6.22518],[106.70546,-6.22514],[106.70599,-6.22509],[106.70645,-6.22506],[106.70651,-6.22505],[106.70689,-6.22502],[106.70698,-6.22501],[106.70758,-6.22489],[106.70776,-6.22485],[106.70811,-6.22473],[106.70842,-6.22461],[106.70853,-6.22456],[106.70876,-6.22452],[106.7089,-6.22452],[106.7093,-6.22451],[106.70991,-6.22457],[106.71018,-6.22458],[106.71018,-6.22459],[106.71029,-6.22461],[106.71036,-6.22463],[106.71034,-6.22465],[106.71037,-6.22466],[106.71037,-6.22467],[106.71049,-6.22468],[106.71097,-6.22476],[106.7113,-6.22493],[106.71147,-6.22501],[106.71156,-6.22515],[106.71181,-6.22551],[106.71183,-6.22553],[106.71198,-6.22568],[106.71219,-6.22588],[106.71231,-6.22599],[106.71256,-6.22608],[106.71295,-6.22622],[106.71303,-6.22625],[106.71314,-6.2263],[106.71333,-6.22637],[106.71403,-6.22666],[106.71409,-6.22668],[106.71469,-6.22693],[106.71484,-6.22699],[106.71516,-6.22713],[106.71591,-6.22728],[106.71619,-6.22734],[106.71664,-6.22743],[106.71747,-6.22751],[106.71754,-6.22751],[106.71799,-6.22751],[106.71842,-6.22759],[106.71855,-6.22761],[106.71905,-6.22784],[106.71958,-6.22809],[106.71983,-6.22829],[106.71992,-6.22837],[106.72014,-6.22855],[106.72045,-6.22873],[106.72079,-6.22898],[106.72122,-6.22908],[106.72136,-6.22911],[106.72141,-6.22912],[106.72268,-6.22937],[106.72312,-6.22945],[106.72325,-6.22947],[106.72323,-6.2296],[106.72304,-6.22978],[106.7227,-6.23027],[106.72244,-6.23042],[106.72226,-6.23054],[106.72222,-6.23065],[106.72219,-6.23073],[106.72202,-6.23089],[106.72202,-6.23092],[106.72201,-6.23112],[106.72195,-6.23173],[106.72182,-6.2319],[106.72181,-6.23192],[106.72171,-6.23222],[106.72137,-6.23294],[106.72138,-6.23299],[106.72128,-6.23329],[106.72121,-6.23354],[106.72099,-6.23394],[106.72099,-6.23394],[106.72101,-6.23413],[106.72098,-6.23435],[106.72079,-6.23449],[106.72045,-6.23444],[106.72042,-6.23476],[106.72039,-6.2348],[106.7203,-6.23501],[106.72023,-6.23529],[106.72013,-6.23545],[106.72006,-6.23564],[106.71998,-6.23584],[106.71983,-6.23624],[106.71964,-6.23642],[106.71954,-6.23673],[106.71955,-6.23678],[106.71956,-6.23683],[106.71961,-6.23706],[106.71954,-6.23724],[106.7194,-6.2373],[106.71918,-6.23761],[106.719,-6.23781],[106.71895,-6.23787],[106.71894,-6.23791],[106.71893,-6.23801],[106.71891,-6.23806],[106.71888,-6.23819],[106.71887,-6.23822],[106.71873,-6.23833],[106.71893,-6.23837],[106.71898,-6.23838],[106.71903,-6.2384],[106.71894,-6.23918],[106.71885,-6.2399],[106.71882,-6.24022],[106.71881,-6.24023],[106.71888,-6.24051],[106.71892,-6.24087],[106.71892,-6.24101],[106.71897,-6.24185],[106.71903,-6.24348],[106.719,-6.24365],[106.71899,-6.2437],[106.71895,-6.24394],[106.71891,-6.24416],[106.71888,-6.24415],[106.71857,-6.24493],[106.7185,-6.24506],[106.71847,-6.24526],[106.71841,-6.24548],[106.71841,-6.24558],[106.71836,-6.24565],[106.71832,-6.24567],[106.71829,-6.24567],[106.71824,-6.24589],[106.71822,-6.24597],[106.71816,-6.24621],[106.71817,-6.24629],[106.71819,-6.24653],[106.71812,-6.24653],[106.71807,-6.24655],[106.71799,-6.24676],[106.71792,-6.24691],[106.71786,-6.24696],[106.71787,-6.24701],[106.71786,-6.24709],[106.71798,-6.24712],[106.71814,-6.24713],[106.71819,-6.24718],[106.71826,-6.24734],[106.7182,-6.24743],[106.7182,-6.24753],[106.71822,-6.24787],[106.71823,-6.24825],[106.71825,-6.24827],[106.71866,-6.24857],[106.71892,-6.24862],[106.719,-6.24866],[106.719,-6.24868],[106.71915,-6.24891],[106.71921,-6.249],[106.71921,-6.24902],[106.71924,-6.2492],[106.71929,-6.24936],[106.71935,-6.24979],[106.71937,-6.24989],[106.7194,-6.24995],[106.71961,-6.25],[106.72011,-6.2507],[106.72021,-6.25107],[106.72026,-6.25127],[106.72044,-6.25224],[106.71909,-6.2522],[106.71667,-6.25212],[106.71456,-6.25209],[106.71405,-6.25208],[106.7139,-6.25208],[106.71197,-6.25204],[106.71141,-6.25205],[106.71124,-6.25206],[106.71122,-6.25202],[106.71047,-6.252],[106.71022,-6.25201],[106.71003,-6.25201],[106.70969,-6.25205],[106.70797,-6.25215],[106.7075,-6.25217],[106.70744,-6.25218],[106.70741,-6.25219],[106.706,-6.25255],[106.70482,-6.25286],[106.70415,-6.25332],[106.70384,-6.25494],[106.70395,-6.25555],[106.70397,-6.25564],[106.704,-6.25584],[106.70403,-6.25595],[106.70409,-6.25623],[106.70402,-6.2562],[106.704,-6.25619],[106.70398,-6.25618],[106.70395,-6.25616],[106.7037,-6.25584],[106.70368,-6.25582],[106.70365,-6.25576],[106.70361,-6.25569],[106.70339,-6.25548],[106.70299,-6.25508],[106.70283,-6.25498],[106.70245,-6.25487],[106.70229,-6.25482],[106.70213,-6.25478],[106.70193,-6.25471],[106.70153,-6.25456],[106.70121,-6.25447],[106.70069,-6.25432],[106.70049,-6.25423],[106.70029,-6.25411],[106.69984,-6.25388],[106.69969,-6.25382],[106.69963,-6.25379],[106.69946,-6.25368],[106.69916,-6.25337],[106.69853,-6.25251],[106.6985,-6.25246],[106.69847,-6.25237],[106.69832,-6.25188],[106.69828,-6.25179],[106.69821,-6.25175],[106.69817,-6.25175],[106.69816,-6.25175],[106.69796,-6.25172],[106.69782,-6.25171],[106.6971,-6.2517],[106.69679,-6.2517],[106.69605,-6.25167],[106.69588,-6.25167],[106.69588,-6.25163],[106.69592,-6.25117],[106.69599,-6.25067],[106.69611,-6.25032],[106.69621,-6.25],[106.69626,-6.24979],[106.69631,-6.24961],[106.69644,-6.24919],[106.69648,-6.24893],[106.69649,-6.2489],[106.69671,-6.24754],[106.6968,-6.2468],[106.69685,-6.24641],[106.69686,-6.24632],[106.69691,-6.24585],[106.69702,-6.24502],[106.69709,-6.24466],[106.69712,-6.2445],[106.69693,-6.24449],[106.69695,-6.24429],[106.69693,-6.24429],[106.6967,-6.24428],[106.69669,-6.24428],[106.69612,-6.24427],[106.69471,-6.24422],[106.69414,-6.24423],[106.69413,-6.24423],[106.69383,-6.24424],[106.69376,-6.24424],[106.69313,-6.24418],[106.6928,-6.24405],[106.69278,-6.24404],[106.69278,-6.24404],[106.69231,-6.2438],[106.69199,-6.24364],[106.69155,-6.2436],[106.69117,-6.2437],[106.69091,-6.24384],[106.69067,-6.24399],[106.69067,-6.24398],[106.69064,-6.24383],[106.69062,-6.24366],[106.6905,-6.24284],[106.69044,-6.24273],[106.69041,-6.24268],[106.69041,-6.24268],[106.6903,-6.24249],[106.69019,-6.24232],[106.68996,-6.24199],[106.6899,-6.24188],[106.68989,-6.24187],[106.68978,-6.24168],[106.68973,-6.2415],[106.68972,-6.24146],[106.68961,-6.2412],[106.68952,-6.24098],[106.68938,-6.24069],[106.68933,-6.24059],[106.68926,-6.24046],[106.6892,-6.24034],[106.68916,-6.24034],[106.68891,-6.24033],[106.68859,-6.24031],[106.68813,-6.24027],[106.68772,-6.24021],[106.68751,-6.24022],[106.6875,-6.24023],[106.68742,-6.2403],[106.68738,-6.24036],[106.68733,-6.24039],[106.68734,-6.24039],[106.68733,-6.2404],[106.68725,-6.24046],[106.68715,-6.24053],[106.68709,-6.24054],[106.68694,-6.24051],[106.68695,-6.24051],[106.68698,-6.24045],[106.68698,-6.24034],[106.68696,-6.24015],[106.68691,-6.24007],[106.68685,-6.24004],[106.68674,-6.24002],[106.68664,-6.24],[106.68653,-6.23996],[106.68648,-6.23989],[106.68649,-6.23981],[106.68651,-6.23973],[106.68656,-6.23965],[106.68657,-6.23956],[106.68659,-6.23947],[106.68665,-6.23939],[106.68671,-6.23933],[106.68677,-6.23929],[106.68685,-6.23929],[106.68694,-6.23934],[106.68702,-6.23936],[106.68712,-6.23933],[106.68719,-6.23929],[106.68722,-6.23926],[106.68722,-6.23926],[106.6872,-6.23923],[106.687,-6.23897],[106.68699,-6.23894],[106.68696,-6.23889],[106.68688,-6.23875],[106.68687,-6.23875],[106.68679,-6.23856],[106.68663,-6.23851],[106.68663,-6.23851],[106.68649,-6.23849],[106.68647,-6.23843],[106.68651,-6.23831],[106.68658,-6.23823],[106.68674,-6.23811],[106.68685,-6.23803],[106.68686,-6.23802],[106.68686,-6.23795],[106.68687,-6.23788],[106.68687,-6.23787],[106.68687,-6.23784],[106.68691,-6.2377],[106.68702,-6.23758],[106.68702,-6.23758],[106.68703,-6.23755],[106.68703,-6.23746],[106.68698,-6.23738],[106.6869,-6.23733],[106.68687,-6.23735],[106.68686,-6.23737],[106.68684,-6.23737],[106.68674,-6.23729],[106.68672,-6.23719],[106.68684,-6.23708],[106.68691,-6.23703],[106.68697,-6.23703],[106.68705,-6.23688],[106.6873,-6.23682],[106.68784,-6.23648],[106.68786,-6.23645],[106.68787,-6.23643],[106.68792,-6.23635],[106.68803,-6.23617],[106.68804,-6.23601],[106.68804,-6.23601],[106.68804,-6.23599],[106.68808,-6.23593],[106.68825,-6.23582],[106.68834,-6.23567],[106.68842,-6.2356],[106.68858,-6.2356],[106.68869,-6.23555],[106.6887,-6.23545],[106.68869,-6.23543],[106.68859,-6.23528],[106.68859,-6.23524],[106.68851,-6.23508],[106.68848,-6.23496],[106.68849,-6.23497],[106.68851,-6.23497],[106.68872,-6.23492],[106.68871,-6.2349],[106.68865,-6.23474],[106.6886,-6.23468],[106.68858,-6.23459],[106.6885,-6.23449],[106.68847,-6.23448],[106.68826,-6.23443],[106.68826,-6.23444],[106.68822,-6.23446],[106.68813,-6.23451],[106.68809,-6.23442],[106.68811,-6.23438],[106.68818,-6.23424],[106.68815,-6.23422],[106.68801,-6.23412],[106.68802,-6.23405],[106.68805,-6.23401],[106.68797,-6.23399],[106.68792,-6.23389],[106.688,-6.23383],[106.68857,-6.23352],[106.6886,-6.2335],[106.68865,-6.23343],[106.68867,-6.23332],[106.68868,-6.23327],[106.68876,-6.23306],[106.68878,-6.23302],[106.68884,-6.23292],[106.68897,-6.23288],[106.6891,-6.23281],[106.68922,-6.2327],[106.68926,-6.23269],[106.68933,-6.23269],[106.68946,-6.23266],[106.68952,-6.23264],[106.68963,-6.23256],[106.68979,-6.23251],[106.68985,-6.23255],[106.68986,-6.23262],[106.68976,-6.23275],[106.68977,-6.23275],[106.68974,-6.23282],[106.68972,-6.23292],[106.68969,-6.23301],[106.68968,-6.23315],[106.68965,-6.23335],[106.68971,-6.23348],[106.6898,-6.23337],[106.68982,-6.23335],[106.68997,-6.23319],[106.69,-6.23314],[106.69006,-6.23309],[106.69005,-6.23305],[106.69008,-6.23296],[106.69015,-6.23296],[106.69021,-6.23298],[106.69025,-6.23299],[106.69037,-6.23291],[106.6904,-6.23292],[106.69044,-6.23309],[106.6905,-6.23308],[106.69054,-6.23316],[106.69059,-6.23325],[106.69066,-6.23319],[106.69069,-6.23314],[106.69074,-6.233],[106.69076,-6.23287],[106.69078,-6.23269],[106.69076,-6.23253],[106.69075,-6.23253],[106.69077,-6.23246],[106.6909,-6.23233],[106.69092,-6.23229],[106.69088,-6.23224],[106.69085,-6.23214],[106.69088,-6.2321],[106.691,-6.2321],[106.69106,-6.23216],[106.69141,-6.23223],[106.69153,-6.23218],[106.69151,-6.23213],[106.69153,-6.23208],[106.69156,-6.23206],[106.69157,-6.23196],[106.69146,-6.2319],[106.69133,-6.23182],[106.6913,-6.23176],[106.69129,-6.23166],[106.69119,-6.23163],[106.69116,-6.23133],[106.69113,-6.23118],[106.69125,-6.23119],[106.69137,-6.23124],[106.69148,-6.23135],[106.69162,-6.23137],[106.69182,-6.23136],[106.69188,-6.23143],[106.69213,-6.2316],[106.69232,-6.23164],[106.69238,-6.23156],[106.69242,-6.23151],[106.69245,-6.2313],[106.69247,-6.2312],[106.69261,-6.23092],[106.69276,-6.23093],[106.69294,-6.23107],[106.69321,-6.2312],[106.69337,-6.2312],[106.69342,-6.2312],[106.69342,-6.23117],[106.69347,-6.23116],[106.69353,-6.23118],[106.69357,-6.23092],[106.69363,-6.23055],[106.69391,-6.23042],[106.69394,-6.23041],[106.69399,-6.23039],[106.69415,-6.23032],[106.69419,-6.23019],[106.6942,-6.23015],[106.69421,-6.23014],[106.69421,-6.23014],[106.69421,-6.23013],[106.69412,-6.23012],[106.69412,-6.23012],[106.69412,-6.23012],[106.69411,-6.23012],[106.69397,-6.23019],[106.69377,-6.23029],[106.69373,-6.23031],[106.69357,-6.23034],[106.69342,-6.23028],[106.69334,-6.23021],[106.69327,-6.23016],[106.69325,-6.23013],[106.69322,-6.23008],[106.69319,-6.23003],[106.69317,-6.22995],[106.69318,-6.22992],[106.69321,-6.22986],[106.69321,-6.22986],[106.69324,-6.22983],[106.69324,-6.22982],[106.69324,-6.22981],[106.69325,-6.22979],[106.69338,-6.22957],[106.69343,-6.22939],[106.69343,-6.22938],[106.69379,-6.22884],[106.69397,-6.22854],[106.69418,-6.22823],[106.69432,-6.22803],[106.6944,-6.22792],[106.69444,-6.22786],[106.69463,-6.22761],[106.69459,-6.22738],[106.69478,-6.22709],[106.6951,-6.22656],[106.696,-6.22706],[106.69662,-6.22744],[106.69684,-6.22751],[106.69698,-6.22752],[106.69694,-6.22729],[106.69703,-6.22712],[106.69719,-6.22708],[106.69798,-6.22711],[106.6982,-6.22689],[106.69823,-6.22683],[106.69835,-6.22659],[106.6988,-6.22663],[106.69881,-6.22663],[106.69881,-6.22649],[106.69928,-6.22642],[106.69983,-6.22643],[106.70035,-6.22635],[106.70045,-6.22633],[106.70133,-6.22619],[106.70133,-6.22617],[106.70143,-6.22618],[106.70144,-6.22618],[106.70218,-6.2255],[106.7023,-6.22532],[106.70227,-6.22471],[106.70212,-6.22452],[106.70236,-6.22432],[106.70245,-6.22426],[106.70291,-6.22395],[106.70302,-6.22432],[106.70303,-6.22438],[106.70318,-6.22465],[106.70335,-6.22493],[106.70348,-6.22513],[106.7036,-6.22524]]]]}},{"type":"Feature","properties":{"uesi_id":"IDN_R7641583","nbhd_code":"IDN_R7641583_5","nbhd_name":"Cipondoh"},"geometry":{"type":"MultiPolygon","coordinates":[[[[106.66819,-6.1638],[106.66837,-6.16382],[106.66858,-6.16382],[106.66883,-6.16382],[106.66915,-6.16379],[106.66944,-6.16375],[106.66963,-6.16372],[106.66971,-6.16371],[106.66979,-6.1637],[106.6698,-6.16377],[106.6698,-6.16385],[106.6698,-6.16394],[106.66979,-6.16401],[106.66977,-6.16408],[106.66975,-6.16418],[106.66973,-6.16494],[106.66977,-6.16529],[106.66998,-6.16604],[106.67033,-6.16695],[106.6704,-6.16714],[106.67048,-6.1673],[106.67053,-6.16745],[106.67081,-6.16818],[106.67082,-6.16821],[106.67087,-6.16831],[106.67088,-6.16906],[106.67085,-6.16918],[106.67077,-6.16944],[106.67065,-6.16986],[106.67032,-6.1702],[106.67013,-6.1704],[106.66996,-6.17052],[106.66984,-6.17063],[106.66985,-6.17101],[106.66998,-6.17126],[106.67025,-6.17154],[106.67031,-6.17163],[106.67035,-6.17168],[106.67044,-6.1718],[106.67029,-6.17216],[106.67007,-6.1727],[106.67008,-6.17271],[106.66999,-6.17288],[106.66978,-6.17326],[106.66956,-6.17373],[106.66932,-6.17405],[106.66934,-6.17404],[106.66961,-6.17401],[106.66992,-6.17422],[106.67001,-6.17437],[106.67014,-6.17447],[106.67007,-6.17489],[106.67009,-6.17495],[106.67016,-6.17522],[106.67014,-6.17532],[106.67012,-6.17545],[106.67006,-6.17588],[106.67018,-6.17701],[106.67026,-6.17776],[106.67035,-6.17854],[106.6703,-6.17915],[106.67018,-6.17965],[106.67,-6.18045],[106.67,-6.18059],[106.66998,-6.18059],[106.6699,-6.18142],[106.66981,-6.18247],[106.67132,-6.18132],[106.6715,-6.18136],[106.67175,-6.18142],[106.67224,-6.18155],[106.67269,-6.1808],[106.67271,-6.18078],[106.67281,-6.18061],[106.67292,-6.1805],[106.67303,-6.18031],[106.67327,-6.18002],[106.67338,-6.17999],[106.67342,-6.17998],[106.67356,-6.17985],[106.67368,-6.17968],[106.67378,-6.17904],[106.6738,-6.17899],[106.67391,-6.17856],[106.67409,-6.17856],[106.67485,-6.17857],[106.67631,-6.17885],[106.67667,-6.17895],[106.67688,-6.17828],[106.677,-6.17829],[106.67761,-6.17834],[106.67797,-6.17698],[106.67811,-6.17645],[106.67819,-6.17618],[106.67827,-6.17586],[106.67833,-6.17565],[106.67845,-6.17517],[106.6784,-6.17491],[106.67845,-6.17464],[106.67847,-6.17457],[106.67861,-6.17392],[106.67957,-6.17401],[106.67957,-6.17487],[106.68011,-6.17482],[106.68023,-6.17424],[106.68062,-6.17446],[106.68084,-6.17455],[106.68125,-6.17478],[106.6815,-6.17482],[106.6816,-6.17493],[106.68167,-6.17505],[106.68173,-6.1752],[106.68174,-6.17527],[106.68218,-6.17532],[106.68244,-6.17538],[106.68238,-6.17567],[106.68269,-6.17572],[106.68327,-6.17569],[106.68355,-6.17568],[106.68407,-6.17559],[106.68405,-6.17549],[106.68406,-6.17547],[106.68429,-6.17459],[106.68427,-6.17421],[106.68451,-6.17417],[106.68439,-6.17356],[106.68418,-6.17248],[106.68423,-6.17248],[106.68474,-6.17254],[106.68567,-6.17263],[106.68567,-6.17259],[106.68598,-6.17258],[106.68586,-6.17204],[106.68642,-6.17215],[106.68668,-6.1722],[106.68798,-6.17256],[106.68798,-6.17255],[106.68801,-6.17231],[106.68838,-6.17238],[106.689,-6.17256],[106.68905,-6.17283],[106.68932,-6.17293],[106.68932,-6.17294],[106.68945,-6.17314],[106.68966,-6.17319],[106.69021,-6.17331],[106.69043,-6.17335],[106.69047,-6.17335],[106.69053,-6.17336],[106.69085,-6.17343],[106.6909,-6.17343],[106.69091,-6.17347],[106.69099,-6.1735],[106.69113,-6.1735],[106.69131,-6.17351],[106.69155,-6.1736],[106.69177,-6.17369],[106.69195,-6.17376],[106.69212,-6.17373],[106.69217,-6.17373],[106.69225,-6.17374],[106.69268,-6.17377],[106.69271,-6.17375],[106.6928,-6.17369],[106.69288,-6.17365],[106.69316,-6.17367],[106.69316,-6.17367],[106.69351,-6.17367],[106.69366,-6.17373],[106.69389,-6.17382],[106.69421,-6.17394],[106.69431,-6.17399],[106.69436,-6.17409],[106.69439,-6.17416],[106.69456,-6.17445],[106.69464,-6.17454],[106.6947,-6.17461],[106.69476,-6.17468],[106.69476,-6.17468],[106.69482,-6.17475],[106.69485,-6.17475],[106.6949,-6.17477],[106.69494,-6.17477],[106.69509,-6.1748],[106.69515,-6.17481],[106.69519,-6.17481],[106.69546,-6.17483],[106.69549,-6.17484],[106.69572,-6.17491],[106.696,-6.175],[106.69637,-6.17513],[106.69638,-6.17513],[106.69662,-6.17522],[106.69672,-6.1752],[106.69688,-6.17521],[106.69692,-6.17521],[106.697,-6.17522],[106.69711,-6.17525],[106.6973,-6.1753],[106.69729,-6.17531],[106.69713,-6.17568],[106.69702,-6.17593],[106.69693,-6.17615],[106.69701,-6.17622],[106.6975,-6.17633],[106.69785,-6.17645],[106.69868,-6.17661],[106.69924,-6.17679],[106.70021,-6.17707],[106.70025,-6.17708],[106.70042,-6.17717],[106.70042,-6.17717],[106.70097,-6.17746],[106.70136,-6.17755],[106.70252,-6.178],[106.70343,-6.17842],[106.70489,-6.17906],[106.70515,-6.17923],[106.7056,-6.17944],[106.70602,-6.17969],[106.70637,-6.1799],[106.70653,-6.18002],[106.70654,-6.18003],[106.70655,-6.18003],[106.70683,-6.18021],[106.70725,-6.18038],[106.70756,-6.18054],[106.70803,-6.18081],[106.70855,-6.18112],[106.70889,-6.18128],[106.70917,-6.18139],[106.70917,-6.18139],[106.71009,-6.18176],[106.71087,-6.18234],[106.71146,-6.18284],[106.71212,-6.18338],[106.71275,-6.18385],[106.71331,-6.18429],[106.71419,-6.18497],[106.71496,-6.18552],[106.71706,-6.18671],[106.71709,-6.18704],[106.71716,-6.1871],[106.71725,-6.18718],[106.71726,-6.1874],[106.7173,-6.18766],[106.71734,-6.18798],[106.71732,-6.18809],[106.71731,-6.18818],[106.71724,-6.18839],[106.71715,-6.18845],[106.71703,-6.18855],[106.71697,-6.18869],[106.71696,-6.18869],[106.71696,-6.18885],[106.71693,-6.18903],[106.71687,-6.18908],[106.71684,-6.18911],[106.71684,-6.18911],[106.71674,-6.18915],[106.71665,-6.18918],[106.71667,-6.18945],[106.71648,-6.18983],[106.71648,-6.18983],[106.71648,-6.18983],[106.71633,-6.18987],[106.71622,-6.18997],[106.71614,-6.19003],[106.71591,-6.19019],[106.71579,-6.19024],[106.7157,-6.19024],[106.71563,-6.19023],[106.71538,-6.19005],[106.71524,-6.18995],[106.71506,-6.1899],[106.71497,-6.1899],[106.71487,-6.19],[106.71483,-6.19008],[106.71486,-6.19021],[106.71489,-6.19034],[106.71493,-6.19083],[106.71496,-6.19122],[106.71494,-6.19141],[106.71489,-6.19153],[106.7148,-6.19161],[106.71478,-6.19161],[106.7147,-6.19163],[106.71405,-6.19121],[106.71392,-6.19114],[106.71384,-6.19114],[106.7137,-6.19133],[106.71352,-6.1917],[106.71346,-6.19179],[106.71337,-6.19183],[106.71313,-6.19194],[106.71298,-6.19201],[106.71292,-6.19207],[106.71289,-6.19223],[106.71292,-6.19232],[106.71304,-6.19242],[106.71314,-6.19252],[106.71321,-6.19265],[106.7132,-6.19277],[106.7131,-6.19291],[106.71262,-6.19309],[106.71252,-6.19316],[106.71246,-6.19327],[106.71245,-6.19337],[106.7125,-6.19347],[106.71258,-6.19354],[106.71272,-6.19354],[106.71282,-6.19354],[106.71295,-6.19365],[106.71306,-6.19383],[106.71309,-6.19398],[106.71307,-6.19422],[106.71306,-6.19431],[106.71294,-6.19473],[106.71281,-6.19497],[106.71258,-6.19538],[106.71235,-6.19578],[106.71232,-6.19584],[106.71222,-6.19595],[106.71204,-6.196],[106.7118,-6.196],[106.71174,-6.196],[106.71145,-6.19593],[106.71125,-6.19591],[106.7111,-6.196],[106.71097,-6.19616],[106.71066,-6.19653],[106.7105,-6.19672],[106.71051,-6.19681],[106.71057,-6.19701],[106.71058,-6.19711],[106.71052,-6.19721],[106.7104,-6.19728],[106.71015,-6.19742],[106.71003,-6.1975],[106.70993,-6.19747],[106.70983,-6.19739],[106.70958,-6.19715],[106.7095,-6.1972],[106.70935,-6.19729],[106.70925,-6.19731],[106.70914,-6.19734],[106.70905,-6.1973],[106.70897,-6.19719],[106.7089,-6.19683],[106.70889,-6.1968],[106.70887,-6.19676],[106.70873,-6.19668],[106.70854,-6.19662],[106.70819,-6.19679],[106.70809,-6.19685],[106.70779,-6.19683],[106.70766,-6.19678],[106.70756,-6.19667],[106.70746,-6.19642],[106.70744,-6.19622],[106.70756,-6.19602],[106.70766,-6.19585],[106.70772,-6.19568],[106.70772,-6.19554],[106.70768,-6.19544],[106.70751,-6.19529],[106.70737,-6.19525],[106.70727,-6.19526],[106.70719,-6.19535],[106.70717,-6.19555],[106.70716,-6.19564],[106.70707,-6.19571],[106.70696,-6.19576],[106.70682,-6.19573],[106.70656,-6.19558],[106.70647,-6.19551],[106.70638,-6.1955],[106.7063,-6.19554],[106.70629,-6.19587],[106.70627,-6.196],[106.70622,-6.19607],[106.70615,-6.19609],[106.70605,-6.19596],[106.70596,-6.19585],[106.70588,-6.1958],[106.70577,-6.19581],[106.70551,-6.19594],[106.70537,-6.19602],[106.70533,-6.19609],[106.70523,-6.1962],[106.70511,-6.19635],[106.70508,-6.1965],[106.70493,-6.19701],[106.7049,-6.19705],[106.70483,-6.19716],[106.70477,-6.19731],[106.70479,-6.19745],[106.70487,-6.1976],[106.70492,-6.19777],[106.70483,-6.19793],[106.70469,-6.19802],[106.70432,-6.19812],[106.70432,-6.19812],[106.70406,-6.1981],[106.70386,-6.19804],[106.70376,-6.19802],[106.70347,-6.19806],[106.70345,-6.19812],[106.7034,-6.19817],[106.70333,-6.19818],[106.70332,-6.19818],[106.70321,-6.19814],[106.70323,-6.19807],[106.70317,-6.19801],[106.70292,-6.19802],[106.70276,-6.19817],[106.70253,-6.1982],[106.70224,-6.1982],[106.70214,-6.19814],[106.70202,-6.19809],[106.70201,-6.1981],[106.70199,-6.19817],[106.70201,-6.19836],[106.70193,-6.19847],[106.70183,-6.1985],[106.70172,-6.19857],[106.70155,-6.19864],[106.70145,-6.19872],[106.70126,-6.19893],[106.70119,-6.19894],[106.70107,-6.19889],[106.70075,-6.19875],[106.70067,-6.19878],[106.70061,-6.19886],[106.70061,-6.19894],[106.70066,-6.19905],[106.70054,-6.19913],[106.70016,-6.19929],[106.69997,-6.19955],[106.69989,-6.19972],[106.69973,-6.19987],[106.69951,-6.20008],[106.69958,-6.20038],[106.6994,-6.20046],[106.69931,-6.20054],[106.69919,-6.20059],[106.69913,-6.20064],[106.69907,-6.20068],[106.69898,-6.20092],[106.69875,-6.2011],[106.69881,-6.20133],[106.69878,-6.20139],[106.69881,-6.20149],[106.69882,-6.20152],[106.69877,-6.20164],[106.69867,-6.20171],[106.6985,-6.20182],[106.6982,-6.20168],[106.6982,-6.20168],[106.69818,-6.20167],[106.6981,-6.20159],[106.69809,-6.20155],[106.69797,-6.20115],[106.69803,-6.2009],[106.6981,-6.20065],[106.69816,-6.20049],[106.69807,-6.20044],[106.69744,-6.20011],[106.69735,-6.20009],[106.69736,-6.19999],[106.69712,-6.19987],[106.69706,-6.2],[106.69705,-6.20003],[106.69704,-6.20019],[106.6967,-6.2007],[106.6965,-6.20077],[106.69642,-6.20079],[106.69614,-6.20105],[106.69583,-6.20106],[106.69527,-6.20108],[106.69484,-6.20119],[106.69481,-6.20117],[106.69455,-6.20107],[106.69455,-6.20086],[106.69419,-6.19956],[106.69416,-6.19954],[106.69393,-6.19912],[106.69349,-6.19882],[106.69337,-6.19892],[106.69336,-6.19891],[106.69308,-6.19912],[106.69269,-6.19943],[106.69242,-6.19951],[106.69203,-6.19959],[106.69135,-6.19981],[106.69131,-6.19983],[106.69096,-6.2],[106.69039,-6.2003],[106.69035,-6.20031],[106.69016,-6.20035],[106.68961,-6.20024],[106.68946,-6.20025],[106.68923,-6.20031],[106.6888,-6.20034],[106.68825,-6.2004],[106.68793,-6.20064],[106.68755,-6.20086],[106.68713,-6.20111],[106.68679,-6.20131],[106.68639,-6.20146],[106.68604,-6.20136],[106.68584,-6.20124],[106.68583,-6.20123],[106.68562,-6.20113],[106.68542,-6.20099],[106.68518,-6.2009],[106.68502,-6.20088],[106.68465,-6.20085],[106.68416,-6.20086],[106.68398,-6.20085],[106.68395,-6.20085],[106.68394,-6.20085],[106.68394,-6.20095],[106.68394,-6.20095],[106.68398,-6.20137],[106.684,-6.20187],[106.68396,-6.20202],[106.68387,-6.20203],[106.68384,-6.20207],[106.68375,-6.20208],[106.68359,-6.20208],[106.68348,-6.20206],[106.68343,-6.20209],[106.68308,-6.20213],[106.68296,-6.20229],[106.68283,-6.20231],[106.68274,-6.20231],[106.68242,-6.20226],[106.68185,-6.20211],[106.67766,-6.20107],[106.678,-6.19953],[106.67787,-6.19942],[106.67761,-6.19919],[106.67746,-6.19903],[106.67736,-6.19892],[106.67705,-6.19837],[106.6767,-6.19777],[106.67667,-6.19771],[106.67619,-6.198],[106.67574,-6.1976],[106.67348,-6.19863],[106.67343,-6.19857],[106.67318,-6.19825],[106.67302,-6.19804],[106.67281,-6.19788],[106.67261,-6.19777],[106.6724,-6.1977],[106.6723,-6.1977],[106.67222,-6.19776],[106.67214,-6.19786],[106.6721,-6.1982],[106.67207,-6.19856],[106.67201,-6.19888],[106.67197,-6.19901],[106.67192,-6.199],[106.67166,-6.19897],[106.67151,-6.1989],[106.67135,-6.1988],[106.67125,-6.19871],[106.671,-6.19867],[106.671,-6.19857],[106.67104,-6.19847],[106.67087,-6.19826],[106.671,-6.19804],[106.67106,-6.19789],[106.67108,-6.19779],[106.67102,-6.1977],[106.67044,-6.19756],[106.67033,-6.19754],[106.67035,-6.19747],[106.6702,-6.19699],[106.6702,-6.19699],[106.66982,-6.19682],[106.66962,-6.19672],[106.66936,-6.19672],[106.6686,-6.19673],[106.66837,-6.1967],[106.66768,-6.19731],[106.66767,-6.19729],[106.6675,-6.19732],[106.66695,-6.1974],[106.66624,-6.19725],[106.66598,-6.1972],[106.66564,-6.19737],[106.66477,-6.19754],[106.66421,-6.19725],[106.6642,-6.19725],[106.66385,-6.19736],[106.6621,-6.19738],[106.66141,-6.19739],[106.6614,-6.19739],[106.66066,-6.19738],[106.65821,-6.19736],[106.65766,-6.1972],[106.65745,-6.19696],[106.65734,-6.19679],[106.65727,-6.19655],[106.65723,-6.19629],[106.65722,-6.19625],[106.65678,-6.19625],[106.65512,-6.19628],[106.65493,-6.19629],[106.65471,-6.1963],[106.65414,-6.19634],[106.65387,-6.19611],[106.65391,-6.19578],[106.65391,-6.19544],[106.65381,-6.19528],[106.65369,-6.19518],[106.65338,-6.19515],[106.6517,-6.195],[106.65169,-6.19504],[106.65166,-6.19503],[106.65032,-6.19473],[106.64917,-6.19412],[106.64872,-6.19354],[106.64862,-6.19292],[106.64872,-6.19139],[106.64873,-6.19119],[106.64892,-6.18958],[106.64893,-6.18958],[106.64887,-6.1887],[106.6487,-6.1882],[106.6484,-6.18734],[106.64812,-6.18637],[106.64812,-6.18634],[106.64979,-6.18617],[106.6498,-6.18617],[106.64981,-6.18647],[106.65188,-6.18665],[106.65188,-6.18664],[106.65187,-6.18546],[106.65283,-6.18566],[106.65293,-6.18568],[106.65324,-6.18577],[106.65348,-6.18582],[106.6538,-6.18589],[106.65387,-6.18591],[106.65412,-6.18597],[106.65451,-6.18602],[106.65452,-6.18598],[106.65476,-6.18602],[106.65494,-6.18605],[106.65607,-6.18625],[106.65638,-6.18631],[106.65695,-6.18641],[106.65706,-6.18517],[106.65729,-6.18511],[106.65755,-6.18519],[106.65762,-6.18503],[106.65785,-6.18448],[106.65796,-6.18417],[106.65799,-6.1841],[106.6581,-6.18358],[106.65803,-6.18352],[106.65804,-6.18336],[106.65826,-6.18335],[106.65825,-6.18309],[106.65846,-6.18307],[106.65848,-6.18269],[106.65848,-6.18267],[106.6593,-6.18294],[106.65942,-6.18297],[106.65991,-6.18308],[106.66054,-6.18322],[106.66096,-6.18322],[106.66128,-6.1832],[106.66133,-6.1832],[106.66131,-6.18263],[106.6615,-6.18261],[106.66145,-6.18206],[106.66141,-6.18165],[106.66135,-6.18138],[106.66131,-6.18125],[106.66153,-6.18119],[106.6615,-6.18093],[106.66196,-6.18089],[106.66195,-6.18095],[106.66209,-6.18093],[106.66185,-6.17949],[106.66194,-6.17942],[106.66149,-6.17937],[106.66141,-6.17937],[106.66138,-6.17888],[106.66135,-6.17842],[106.66128,-6.17833],[106.66125,-6.1783],[106.66064,-6.17829],[106.66047,-6.17824],[106.66035,-6.1782],[106.66025,-6.17785],[106.6604,-6.17775],[106.66037,-6.17713],[106.66037,-6.1771],[106.6602,-6.17699],[106.6602,-6.17669],[106.65962,-6.17667],[106.65957,-6.17691],[106.65915,-6.17706],[106.6591,-6.17731],[106.65902,-6.17743],[106.65881,-6.17792],[106.6587,-6.17802],[106.65854,-6.17792],[106.65848,-6.17781],[106.65849,-6.17777],[106.65854,-6.17758],[106.65859,-6.17721],[106.65858,-6.1771],[106.65841,-6.17705],[106.65841,-6.17704],[106.65804,-6.17678],[106.65787,-6.17621],[106.65788,-6.17614],[106.65776,-6.17613],[106.65754,-6.17609],[106.65739,-6.17597],[106.6573,-6.17578],[106.65721,-6.17551],[106.65725,-6.17551],[106.65728,-6.17543],[106.65739,-6.1754],[106.65812,-6.17567],[106.65814,-6.17588],[106.65814,-6.17589],[106.65835,-6.17597],[106.65867,-6.17601],[106.65897,-6.17601],[106.65901,-6.17581],[106.65992,-6.17596],[106.65992,-6.17596],[106.66002,-6.17569],[106.66005,-6.1756],[106.6601,-6.17555],[106.66021,-6.17547],[106.66027,-6.17527],[106.66031,-6.17499],[106.66033,-6.17483],[106.66027,-6.17458],[106.66019,-6.17433],[106.66009,-6.1742],[106.65998,-6.17408],[106.65945,-6.17408],[106.65919,-6.17408],[106.65918,-6.17394],[106.65922,-6.17386],[106.65923,-6.17368],[106.65892,-6.17363],[106.65883,-6.17345],[106.65862,-6.17304],[106.65832,-6.17308],[106.65791,-6.17314],[106.65784,-6.17298],[106.65779,-6.17289],[106.65778,-6.17281],[106.65869,-6.17249],[106.65965,-6.17231],[106.65964,-6.17231],[106.65954,-6.17184],[106.65958,-6.17183],[106.65953,-6.17149],[106.65948,-6.17127],[106.65932,-6.17115],[106.65938,-6.17106],[106.65943,-6.17101],[106.65944,-6.171],[106.65931,-6.17091],[106.65926,-6.17087],[106.65898,-6.17081],[106.65865,-6.17008],[106.6586,-6.16996],[106.65803,-6.17],[106.65813,-6.16953],[106.65816,-6.1692],[106.65816,-6.16856],[106.65817,-6.16856],[106.65832,-6.16833],[106.65806,-6.16778],[106.65813,-6.16744],[106.65914,-6.16752],[106.65951,-6.16773],[106.6597,-6.16763],[106.6598,-6.16736],[106.66027,-6.16714],[106.66073,-6.16693],[106.66073,-6.16692],[106.65983,-6.16581],[106.65951,-6.16566],[106.65917,-6.16399],[106.65931,-6.16398],[106.6598,-6.16396],[106.66022,-6.16393],[106.66059,-6.1639],[106.66101,-6.1639],[106.6614,-6.16391],[106.66178,-6.16392],[106.66201,-6.16394],[106.66223,-6.16392],[106.66256,-6.16388],[106.66268,-6.16386],[106.66294,-6.16382],[106.66318,-6.16382],[106.66322,-6.16382],[106.66349,-6.1638],[106.66388,-6.1638],[106.6642,-6.1638],[106.66455,-6.16377],[106.66485,-6.16373],[106.66519,-6.16371],[106.66519,-6.16371],[106.66537,-6.1637],[106.66556,-6.16367],[106.6658,-6.16365],[106.66598,-6.16363],[106.66609,-6.16362],[106.6663,-6.16362],[106.66651,-6.16363],[106.66671,-6.16364],[106.66698,-6.16367],[106.66716,-6.16369],[106.66734,-6.16371],[106.66748,-6.16373],[106.66758,-6.16374],[106.66787,-6.16377],[106.66819,-6.1638]]]]}},{"type":"Feature","properties":{"uesi_id":"IDN_R7641583","nbhd_code":"IDN_R7641583_6","nbhd_name":"Jati Uwung"},"geometry":{"type":"MultiPolygon","coordinates":[[[[106.58571,-6.17958],[106.58571,-6.18055],[106.58585,-6.18074],[106.58591,-6.18085],[106.5861,-6.18095],[106.5863,-6.18105],[106.58664,-6.18138],[106.58696,-6.18165],[106.58715,-6.1819],[106.58764,-6.18237],[106.58807,-6.1829],[106.58807,-6.18341],[106.58807,-6.18384],[106.58809,-6.18432],[106.58812,-6.18468],[106.58814,-6.18515],[106.58816,-6.18568],[106.58915,-6.18566],[106.58966,-6.18566],[106.59003,-6.18566],[106.59003,-6.18566],[106.59039,-6.18567],[106.59061,-6.18568],[106.59095,-6.18577],[106.59139,-6.1859],[106.5912,-6.18636],[106.59067,-6.18745],[106.59044,-6.18792],[106.5901,-6.1886],[106.58945,-6.18994],[106.58991,-6.19013],[106.59039,-6.19031],[106.59019,-6.19052],[106.58961,-6.19109],[106.58922,-6.1915],[106.58893,-6.1918],[106.5885,-6.19223],[106.58795,-6.19281],[106.58762,-6.19314],[106.58714,-6.19356],[106.5874,-6.19389],[106.58732,-6.19443],[106.58732,-6.19445],[106.58711,-6.19478],[106.58698,-6.19503],[106.58691,-6.19566],[106.5869,-6.19603],[106.58683,-6.19638],[106.58677,-6.19665],[106.58658,-6.19729],[106.58622,-6.19792],[106.58712,-6.19825],[106.58769,-6.19862],[106.588,-6.19881],[106.5885,-6.19915],[106.58871,-6.19945],[106.58922,-6.2004],[106.58965,-6.20114],[106.58969,-6.20114],[106.59015,-6.20158],[106.59013,-6.20171],[106.59019,-6.20176],[106.59022,-6.20178],[106.59029,-6.20182],[106.59034,-6.20193],[106.5905,-6.20201],[106.59072,-6.20213],[106.59154,-6.20229],[106.59173,-6.20239],[106.59177,-6.20243],[106.59189,-6.20258],[106.59202,-6.20258],[106.5925,-6.20256],[106.59283,-6.2026],[106.5926,-6.20277],[106.59265,-6.20303],[106.59277,-6.20318],[106.59294,-6.2033],[106.59342,-6.20352],[106.59345,-6.20373],[106.59388,-6.20479],[106.59435,-6.20479],[106.59495,-6.20483],[106.5953,-6.20488],[106.59574,-6.20497],[106.59571,-6.20561],[106.5957,-6.20578],[106.5957,-6.20586],[106.5957,-6.20588],[106.59566,-6.20614],[106.59561,-6.20657],[106.59561,-6.20699],[106.59561,-6.20726],[106.59561,-6.20726],[106.59561,-6.20733],[106.59553,-6.20749],[106.59541,-6.20761],[106.59507,-6.20785],[106.595,-6.2079],[106.59487,-6.20798],[106.59466,-6.20815],[106.59461,-6.20831],[106.59457,-6.20854],[106.59454,-6.20867],[106.59455,-6.20899],[106.59463,-6.20941],[106.59478,-6.2099],[106.59479,-6.20993],[106.59482,-6.21001],[106.59481,-6.21031],[106.59481,-6.21032],[106.59479,-6.21045],[106.59472,-6.21088],[106.59467,-6.21106],[106.59461,-6.21124],[106.59457,-6.21137],[106.59455,-6.2114],[106.59454,-6.21143],[106.59454,-6.21143],[106.59454,-6.21143],[106.59441,-6.21177],[106.59435,-6.21193],[106.59401,-6.21262],[106.59399,-6.21265],[106.59379,-6.21337],[106.59373,-6.21355],[106.59373,-6.21363],[106.59414,-6.21388],[106.59434,-6.21405],[106.59438,-6.2141],[106.59455,-6.21424],[106.59472,-6.21447],[106.59475,-6.21458],[106.59458,-6.215],[106.59412,-6.21631],[106.59401,-6.21661],[106.59384,-6.217],[106.59379,-6.21725],[106.59375,-6.21743],[106.59372,-6.21763],[106.59367,-6.21783],[106.59366,-6.21792],[106.59362,-6.21809],[106.5935,-6.21823],[106.59348,-6.21827],[106.59342,-6.21833],[106.59338,-6.21844],[106.59338,-6.21844],[106.59339,-6.21847],[106.59334,-6.21844],[106.59333,-6.21844],[106.59329,-6.21844],[106.59324,-6.21843],[106.59313,-6.21835],[106.59292,-6.21824],[106.59285,-6.2182],[106.5928,-6.21872],[106.59284,-6.21874],[106.59277,-6.21911],[106.59276,-6.21922],[106.59276,-6.21936],[106.59276,-6.21936],[106.59276,-6.21936],[106.59276,-6.21936],[106.59276,-6.21937],[106.5925,-6.21962],[106.59249,-6.21963],[106.59248,-6.21964],[106.5923,-6.21982],[106.59196,-6.2201],[106.59191,-6.22013],[106.5915,-6.2204],[106.59128,-6.22057],[106.59123,-6.22065],[106.59093,-6.2212],[106.59083,-6.22134],[106.59071,-6.22156],[106.59064,-6.22162],[106.59062,-6.22164],[106.59063,-6.22164],[106.59156,-6.22168],[106.59164,-6.22269],[106.59163,-6.22269],[106.59163,-6.22272],[106.59119,-6.22266],[106.59066,-6.22261],[106.59052,-6.22261],[106.59051,-6.2226],[106.59004,-6.22256],[106.58979,-6.22255],[106.58977,-6.22253],[106.58857,-6.22243],[106.58849,-6.22243],[106.58803,-6.22243],[106.58803,-6.22242],[106.58802,-6.22242],[106.58802,-6.22232],[106.58801,-6.22206],[106.58752,-6.22206],[106.58719,-6.22206],[106.58718,-6.22195],[106.58713,-6.22147],[106.58676,-6.22142],[106.58608,-6.22134],[106.58605,-6.22133],[106.58594,-6.22132],[106.58571,-6.22129],[106.58562,-6.2213],[106.58542,-6.22132],[106.58528,-6.22135],[106.58503,-6.22135],[106.58476,-6.22133],[106.58447,-6.22111],[106.5843,-6.22098],[106.584,-6.22093],[106.58296,-6.22069],[106.58288,-6.22068],[106.58279,-6.22059],[106.58314,-6.22023],[106.5829,-6.22022],[106.58276,-6.22015],[106.5826,-6.21994],[106.58247,-6.21971],[106.58231,-6.21949],[106.58176,-6.219],[106.58171,-6.21897],[106.58119,-6.21849],[106.58099,-6.21831],[106.58078,-6.21803],[106.58076,-6.218],[106.58065,-6.21767],[106.58033,-6.21636],[106.58032,-6.21634],[106.58015,-6.21627],[106.57997,-6.2162],[106.57961,-6.21617],[106.57945,-6.21616],[106.57862,-6.21609],[106.57862,-6.21609],[106.57778,-6.21603],[106.57774,-6.21602],[106.57773,-6.21602],[106.57628,-6.21589],[106.57631,-6.2157],[106.57604,-6.21566],[106.57604,-6.21566],[106.5748,-6.21552],[106.57476,-6.21571],[106.57452,-6.21568],[106.57318,-6.21552],[106.57334,-6.21433],[106.57132,-6.21414],[106.57141,-6.21229],[106.57079,-6.21227],[106.57062,-6.21226],[106.57056,-6.21325],[106.56976,-6.2132],[106.5698,-6.21279],[106.56876,-6.21249],[106.56798,-6.21231],[106.5668,-6.21204],[106.56669,-6.21191],[106.56663,-6.21191],[106.56661,-6.2119],[106.56637,-6.2118],[106.56532,-6.21136],[106.56496,-6.21125],[106.56493,-6.21125],[106.56493,-6.21125],[106.56493,-6.21125],[106.5649,-6.21124],[106.56536,-6.21045],[106.56548,-6.21023],[106.56593,-6.20941],[106.56613,-6.20907],[106.56618,-6.20898],[106.56658,-6.20831],[106.56677,-6.20813],[106.56709,-6.20783],[106.56774,-6.20734],[106.56908,-6.20627],[106.56847,-6.20602],[106.56781,-6.20561],[106.56752,-6.20541],[106.56715,-6.2052],[106.56697,-6.20516],[106.56697,-6.20516],[106.56689,-6.20515],[106.56642,-6.20501],[106.56512,-6.20443],[106.56479,-6.20438],[106.56447,-6.20441],[106.5639,-6.20444],[106.56369,-6.20435],[106.56365,-6.20433],[106.56344,-6.20424],[106.56338,-6.20421],[106.5631,-6.20408],[106.56272,-6.20388],[106.56147,-6.20311],[106.56082,-6.20271],[106.5603,-6.20243],[106.56003,-6.20228],[106.55972,-6.20216],[106.55921,-6.20196],[106.55886,-6.20184],[106.55846,-6.20164],[106.55808,-6.20146],[106.55804,-6.20138],[106.55804,-6.2011],[106.55804,-6.2011],[106.55802,-6.20099],[106.55811,-6.20078],[106.55811,-6.20079],[106.55807,-6.20065],[106.558,-6.20027],[106.5579,-6.20015],[106.55777,-6.19998],[106.55748,-6.19977],[106.5574,-6.19972],[106.55728,-6.19964],[106.55716,-6.19959],[106.55709,-6.19956],[106.55688,-6.19941],[106.5562,-6.19892],[106.5558,-6.1988],[106.5554,-6.19866],[106.55504,-6.19869],[106.55461,-6.19871],[106.55433,-6.19874],[106.55426,-6.19873],[106.5542,-6.19875],[106.55372,-6.19879],[106.5528,-6.19936],[106.55275,-6.19944],[106.55262,-6.19948],[106.55261,-6.19949],[106.55263,-6.19943],[106.5528,-6.19889],[106.55274,-6.19851],[106.55277,-6.19836],[106.55338,-6.19824],[106.55377,-6.19796],[106.55393,-6.19777],[106.55394,-6.19765],[106.55383,-6.19723],[106.55375,-6.19717],[106.55358,-6.19719],[106.5534,-6.19716],[106.55328,-6.19705],[106.55326,-6.19701],[106.55323,-6.19692],[106.55323,-6.19691],[106.55322,-6.19673],[106.55335,-6.19642],[106.55324,-6.1962],[106.55323,-6.19605],[106.55335,-6.19503],[106.55319,-6.19501],[106.55262,-6.19494],[106.55219,-6.19488],[106.55217,-6.19488],[106.55194,-6.19485],[106.55194,-6.19483],[106.55194,-6.19483],[106.55195,-6.19478],[106.55202,-6.1942],[106.55204,-6.19414],[106.55204,-6.19406],[106.55227,-6.19238],[106.55241,-6.19141],[106.55259,-6.19012],[106.55257,-6.19012],[106.55257,-6.1901],[106.55197,-6.19006],[106.55147,-6.19002],[106.55146,-6.19002],[106.55146,-6.19002],[106.55146,-6.19001],[106.55148,-6.18982],[106.55156,-6.18944],[106.55164,-6.18904],[106.55173,-6.1887],[106.55181,-6.1884],[106.55189,-6.1881],[106.55234,-6.18812],[106.55238,-6.18813],[106.55272,-6.18813],[106.55273,-6.18814],[106.55275,-6.18814],[106.55278,-6.18821],[106.55291,-6.18838],[106.55309,-6.18829],[106.55338,-6.18813],[106.5533,-6.18806],[106.55315,-6.18796],[106.55285,-6.18778],[106.55261,-6.18755],[106.55261,-6.18755],[106.55261,-6.18754],[106.5526,-6.18744],[106.5526,-6.18742],[106.55265,-6.18731],[106.55265,-6.18731],[106.55265,-6.1873],[106.55278,-6.18723],[106.55297,-6.18713],[106.55295,-6.18704],[106.55286,-6.18695],[106.55275,-6.18687],[106.55247,-6.18665],[106.5524,-6.18653],[106.55237,-6.1863],[106.55237,-6.1863],[106.55237,-6.18629],[106.55239,-6.18623],[106.55242,-6.18616],[106.55246,-6.18612],[106.55252,-6.18607],[106.55264,-6.186],[106.55293,-6.18583],[106.55293,-6.18582],[106.55293,-6.18582],[106.55293,-6.18582],[106.55289,-6.18565],[106.55281,-6.18557],[106.55258,-6.18536],[106.55258,-6.18536],[106.55258,-6.18536],[106.55258,-6.18527],[106.55258,-6.18527],[106.55259,-6.18523],[106.5526,-6.18515],[106.55261,-6.18508],[106.55263,-6.18491],[106.55265,-6.1848],[106.55265,-6.18479],[106.55282,-6.18486],[106.55287,-6.18498],[106.55291,-6.18505],[106.55296,-6.18512],[106.55306,-6.18515],[106.55308,-6.18513],[106.55315,-6.18507],[106.55315,-6.185],[106.55317,-6.18491],[106.55317,-6.18486],[106.55319,-6.18477],[106.55319,-6.18476],[106.55321,-6.1847],[106.55321,-6.18467],[106.55324,-6.18461],[106.55326,-6.18453],[106.55321,-6.18439],[106.55322,-6.18429],[106.55322,-6.18426],[106.55323,-6.18424],[106.55326,-6.18413],[106.55328,-6.18412],[106.55338,-6.18406],[106.55363,-6.18386],[106.55386,-6.1837],[106.55406,-6.18363],[106.55415,-6.18366],[106.55418,-6.18382],[106.55418,-6.18385],[106.55422,-6.18452],[106.55436,-6.18454],[106.55457,-6.1845],[106.55463,-6.18446],[106.55469,-6.18438],[106.5547,-6.18437],[106.55476,-6.18426],[106.55484,-6.18413],[106.55489,-6.18405],[106.55491,-6.18403],[106.55497,-6.18395],[106.55498,-6.18393],[106.55498,-6.18392],[106.55499,-6.18392],[106.55503,-6.1839],[106.55509,-6.18388],[106.55534,-6.18379],[106.55557,-6.18371],[106.55562,-6.18371],[106.55572,-6.18371],[106.55585,-6.18369],[106.55593,-6.18358],[106.55594,-6.18356],[106.55596,-6.18354],[106.55604,-6.18344],[106.55606,-6.18342],[106.55631,-6.18338],[106.55651,-6.18334],[106.55661,-6.18332],[106.55669,-6.1833],[106.55672,-6.18329],[106.55684,-6.18321],[106.55702,-6.18315],[106.55783,-6.18301],[106.55788,-6.18296],[106.55834,-6.18266],[106.55838,-6.18264],[106.55838,-6.18263],[106.55878,-6.18236],[106.55903,-6.18236],[106.55917,-6.18226],[106.55928,-6.18219],[106.55938,-6.18213],[106.55944,-6.18208],[106.55951,-6.18205],[106.55952,-6.18204],[106.55968,-6.18205],[106.55975,-6.18206],[106.55977,-6.18206],[106.55992,-6.18206],[106.55998,-6.18205],[106.55997,-6.18205],[106.55998,-6.18205],[106.56014,-6.182],[106.56034,-6.18187],[106.56034,-6.18186],[106.56036,-6.18176],[106.56042,-6.1816],[106.56046,-6.18154],[106.56052,-6.18147],[106.56053,-6.18147],[106.56053,-6.18147],[106.56058,-6.18148],[106.56059,-6.18148],[106.56082,-6.18162],[106.56094,-6.1816],[106.56095,-6.18156],[106.56091,-6.18148],[106.56082,-6.18133],[106.56081,-6.18132],[106.56075,-6.18125],[106.56066,-6.18113],[106.56061,-6.18093],[106.56061,-6.18091],[106.56061,-6.18089],[106.56059,-6.18055],[106.56061,-6.18051],[106.56063,-6.18045],[106.56074,-6.18037],[106.56079,-6.18033],[106.56084,-6.18031],[106.56104,-6.18019],[106.56114,-6.18015],[106.56116,-6.18014],[106.56126,-6.18017],[106.56126,-6.18017],[106.56126,-6.18017],[106.56129,-6.18026],[106.5613,-6.18068],[106.56136,-6.18074],[106.56139,-6.18076],[106.56148,-6.18077],[106.56158,-6.18077],[106.56167,-6.18077],[106.56185,-6.18075],[106.56187,-6.18073],[106.56192,-6.18068],[106.56203,-6.18044],[106.56204,-6.18042],[106.56205,-6.18039],[106.56212,-6.18027],[106.56215,-6.1802],[106.56217,-6.18019],[106.56217,-6.18019],[106.56245,-6.17994],[106.56249,-6.1799],[106.56249,-6.1799],[106.56251,-6.17989],[106.56275,-6.17978],[106.56294,-6.1797],[106.56296,-6.17969],[106.56297,-6.17969],[106.56317,-6.17961],[106.56364,-6.17942],[106.56383,-6.17942],[106.56426,-6.17943],[106.56427,-6.17943],[106.56427,-6.17943],[106.5644,-6.1795],[106.56438,-6.17965],[106.56438,-6.17988],[106.56444,-6.1799],[106.56463,-6.17991],[106.56487,-6.17978],[106.56494,-6.17966],[106.56494,-6.17966],[106.5649,-6.17949],[106.56487,-6.17939],[106.56482,-6.1792],[106.56477,-6.17884],[106.56471,-6.17829],[106.56472,-6.17817],[106.56473,-6.17811],[106.56488,-6.17808],[106.56488,-6.17808],[106.56488,-6.17808],[106.56489,-6.17808],[106.56497,-6.17812],[106.56512,-6.17824],[106.56531,-6.17826],[106.56537,-6.17821],[106.56536,-6.17809],[106.56535,-6.17787],[106.56535,-6.17764],[106.56535,-6.17757],[106.56548,-6.17716],[106.56554,-6.17705],[106.56562,-6.17691],[106.56568,-6.17692],[106.56576,-6.177],[106.56593,-6.17715],[106.56598,-6.17713],[106.56607,-6.1771],[106.56623,-6.17701],[106.56628,-6.17697],[106.56644,-6.1768],[106.56649,-6.17674],[106.56676,-6.17638],[106.56693,-6.17624],[106.56714,-6.17637],[106.56798,-6.17781],[106.56818,-6.17815],[106.56833,-6.17846],[106.56845,-6.17873],[106.56852,-6.17886],[106.56876,-6.17927],[106.56889,-6.17951],[106.56892,-6.17956],[106.56915,-6.17997],[106.56919,-6.18004],[106.56926,-6.18017],[106.56944,-6.1805],[106.56963,-6.18082],[106.56982,-6.18115],[106.56987,-6.18124],[106.56994,-6.18139],[106.56998,-6.18146],[106.56999,-6.18148],[106.57013,-6.18176],[106.57043,-6.18231],[106.57046,-6.18238],[106.57057,-6.18272],[106.57062,-6.18295],[106.57065,-6.18309],[106.57075,-6.18358],[106.57097,-6.18415],[106.57111,-6.18437],[106.57116,-6.18442],[106.57136,-6.18451],[106.57199,-6.18466],[106.57257,-6.18479],[106.57286,-6.18499],[106.57323,-6.18536],[106.57381,-6.18592],[106.57401,-6.1861],[106.57444,-6.18651],[106.57455,-6.18616],[106.57464,-6.18579],[106.57479,-6.18514],[106.5748,-6.18507],[106.57496,-6.18422],[106.57509,-6.1836],[106.57518,-6.18317],[106.57527,-6.18291],[106.5755,-6.18239],[106.57574,-6.18183],[106.57594,-6.18113],[106.57615,-6.18038],[106.57622,-6.18013],[106.57627,-6.17994],[106.5764,-6.17944],[106.5767,-6.17828],[106.57672,-6.17819],[106.57813,-6.17856],[106.57955,-6.17894],[106.58052,-6.17919],[106.58133,-6.17941],[106.58187,-6.17955],[106.5824,-6.17969],[106.58252,-6.17973],[106.5828,-6.179],[106.58274,-6.17887],[106.5828,-6.17806],[106.58284,-6.17757],[106.58289,-6.17702],[106.58311,-6.17693],[106.58334,-6.1767],[106.58341,-6.17658],[106.58323,-6.17576],[106.58321,-6.17561],[106.58325,-6.1755],[106.58436,-6.1751],[106.58512,-6.17482],[106.58517,-6.17477],[106.58557,-6.17528],[106.58592,-6.17573],[106.58578,-6.17698],[106.58579,-6.17795],[106.58573,-6.1791],[106.58573,-6.17919],[106.58571,-6.17958]]]]}},{"type":"Feature","properties":{"uesi_id":"IDN_R7641583","nbhd_code":"IDN_R7641583_7","nbhd_name":"Karang Tengah"},"geometry":{"type":"MultiPolygon","coordinates":[[[[106.71638,-6.19014],[106.71637,-6.19057],[106.71641,-6.19104],[106.71644,-6.19135],[106.71651,-6.1919],[106.71655,-6.19202],[106.71656,-6.19205],[106.71659,-6.19212],[106.71671,-6.19242],[106.71683,-6.19284],[106.71688,-6.19303],[106.7169,-6.19309],[106.71691,-6.19312],[106.7173,-6.19308],[106.71756,-6.19293],[106.71765,-6.19303],[106.71791,-6.19291],[106.71792,-6.19288],[106.71793,-6.19287],[106.7192,-6.19217],[106.71963,-6.19199],[106.72072,-6.19154],[106.72075,-6.19163],[106.72112,-6.19157],[106.72145,-6.19146],[106.72148,-6.19145],[106.72179,-6.19134],[106.72212,-6.19134],[106.72235,-6.19144],[106.72278,-6.19156],[106.72279,-6.19169],[106.72284,-6.19171],[106.7229,-6.19173],[106.72309,-6.19181],[106.72312,-6.19175],[106.72325,-6.19173],[106.7234,-6.19172],[106.7234,-6.19162],[106.72405,-6.19157],[106.72405,-6.19158],[106.72417,-6.19205],[106.72419,-6.19213],[106.72432,-6.19267],[106.72445,-6.19314],[106.7246,-6.19394],[106.72443,-6.1947],[106.72427,-6.19521],[106.72408,-6.19557],[106.72384,-6.19603],[106.72394,-6.19616],[106.72393,-6.19618],[106.72395,-6.19619],[106.72394,-6.1962],[106.72378,-6.19641],[106.72364,-6.19663],[106.72343,-6.19696],[106.72333,-6.19713],[106.72328,-6.19719],[106.72341,-6.19733],[106.72358,-6.19743],[106.72378,-6.19753],[106.72371,-6.19763],[106.7237,-6.19763],[106.72375,-6.19765],[106.7237,-6.19774],[106.72353,-6.19795],[106.72351,-6.19797],[106.72353,-6.198],[106.72382,-6.1982],[106.72395,-6.1983],[106.72392,-6.19835],[106.72366,-6.19873],[106.72357,-6.19884],[106.72338,-6.19913],[106.7234,-6.19948],[106.72344,-6.19978],[106.72345,-6.19985],[106.72343,-6.19999],[106.72342,-6.20005],[106.72345,-6.20007],[106.7235,-6.20014],[106.72353,-6.20018],[106.72359,-6.20032],[106.72363,-6.20143],[106.72382,-6.2024],[106.72397,-6.20316],[106.72403,-6.20344],[106.72403,-6.20344],[106.72416,-6.20403],[106.72418,-6.20413],[106.7242,-6.2042],[106.7242,-6.20423],[106.72422,-6.20433],[106.72417,-6.20461],[106.72437,-6.20469],[106.72449,-6.20475],[106.72446,-6.20561],[106.72445,-6.20646],[106.72441,-6.20666],[106.72444,-6.20704],[106.72442,-6.20739],[106.7244,-6.2076],[106.72422,-6.20762],[106.72398,-6.2076],[106.72397,-6.20759],[106.72382,-6.2076],[106.72376,-6.20784],[106.72374,-6.20802],[106.72374,-6.20805],[106.72368,-6.2081],[106.72334,-6.20827],[106.72309,-6.20837],[106.72288,-6.20846],[106.72251,-6.20861],[106.72197,-6.20885],[106.72123,-6.20912],[106.72064,-6.20939],[106.72017,-6.2096],[106.72009,-6.21013],[106.72009,-6.21019],[106.72009,-6.21019],[106.72011,-6.21025],[106.72009,-6.21047],[106.72004,-6.21061],[106.71996,-6.21071],[106.72,-6.2108],[106.72006,-6.21096],[106.72005,-6.2113],[106.72001,-6.21168],[106.71993,-6.21207],[106.71992,-6.21215],[106.71983,-6.2125],[106.71987,-6.21261],[106.71995,-6.21285],[106.7199,-6.21303],[106.7197,-6.2134],[106.71964,-6.21368],[106.71961,-6.21401],[106.71968,-6.21404],[106.7198,-6.21412],[106.71983,-6.2142],[106.7198,-6.21424],[106.7197,-6.21422],[106.71959,-6.21423],[106.7194,-6.21432],[106.71926,-6.21442],[106.71918,-6.21457],[106.71916,-6.21472],[106.71913,-6.21485],[106.71907,-6.21505],[106.71899,-6.21559],[106.71897,-6.21563],[106.71893,-6.21571],[106.71892,-6.21571],[106.71889,-6.21574],[106.71861,-6.21597],[106.71858,-6.21608],[106.71857,-6.2164],[106.71854,-6.21663],[106.71843,-6.21703],[106.71828,-6.21742],[106.71816,-6.2177],[106.71814,-6.21774],[106.71822,-6.21779],[106.71851,-6.2179],[106.71837,-6.21867],[106.71807,-6.21963],[106.71797,-6.22003],[106.71797,-6.22005],[106.71801,-6.22023],[106.71797,-6.22058],[106.71794,-6.22095],[106.71799,-6.22128],[106.71806,-6.22171],[106.71826,-6.22183],[106.71829,-6.22218],[106.71824,-6.22281],[106.71826,-6.22281],[106.71826,-6.22312],[106.71827,-6.22364],[106.71823,-6.22399],[106.71824,-6.22413],[106.71823,-6.22417],[106.71825,-6.22417],[106.71845,-6.22417],[106.71862,-6.22417],[106.71867,-6.22417],[106.71941,-6.22419],[106.71966,-6.22419],[106.72017,-6.22421],[106.72063,-6.22422],[106.72066,-6.22422],[106.72067,-6.22422],[106.72065,-6.22428],[106.7207,-6.2243],[106.721,-6.22446],[106.72112,-6.22463],[106.72114,-6.22467],[106.72118,-6.22473],[106.72122,-6.22481],[106.72123,-6.22484],[106.72154,-6.22486],[106.72169,-6.2249],[106.72181,-6.22497],[106.7219,-6.22519],[106.7219,-6.22534],[106.7219,-6.22541],[106.72192,-6.22545],[106.72192,-6.22546],[106.72192,-6.22546],[106.722,-6.2255],[106.72213,-6.22556],[106.72229,-6.22575],[106.72231,-6.22581],[106.72238,-6.22608],[106.72257,-6.22635],[106.7226,-6.22636],[106.72334,-6.22645],[106.72334,-6.22641],[106.72354,-6.22647],[106.72353,-6.22665],[106.72353,-6.2267],[106.72344,-6.22785],[106.72334,-6.22818],[106.72341,-6.22825],[106.72351,-6.22835],[106.72348,-6.22844],[106.7232,-6.22922],[106.72326,-6.22927],[106.72327,-6.22936],[106.72325,-6.22947],[106.72312,-6.22945],[106.72268,-6.22937],[106.72141,-6.22912],[106.72136,-6.22911],[106.72122,-6.22908],[106.72079,-6.22898],[106.72045,-6.22873],[106.72014,-6.22855],[106.71992,-6.22837],[106.71983,-6.22829],[106.71958,-6.22809],[106.71905,-6.22784],[106.71855,-6.22761],[106.71842,-6.22759],[106.71799,-6.22751],[106.71754,-6.22751],[106.71747,-6.22751],[106.71664,-6.22743],[106.71619,-6.22734],[106.71591,-6.22728],[106.71516,-6.22713],[106.71484,-6.22699],[106.71469,-6.22693],[106.71409,-6.22668],[106.71403,-6.22666],[106.71333,-6.22637],[106.71314,-6.2263],[106.71303,-6.22625],[106.71295,-6.22622],[106.71256,-6.22608],[106.71231,-6.22599],[106.71219,-6.22588],[106.71198,-6.22568],[106.71183,-6.22553],[106.71181,-6.22551],[106.71156,-6.22515],[106.71147,-6.22501],[106.7113,-6.22493],[106.71097,-6.22476],[106.71049,-6.22468],[106.71037,-6.22467],[106.71037,-6.22466],[106.71034,-6.22465],[106.71036,-6.22463],[106.71029,-6.22461],[106.71018,-6.22459],[106.71018,-6.22458],[106.70991,-6.22457],[106.7093,-6.22451],[106.7089,-6.22452],[106.70876,-6.22452],[106.70853,-6.22456],[106.70842,-6.22461],[106.70811,-6.22473],[106.70776,-6.22485],[106.70758,-6.22489],[106.70698,-6.22501],[106.70689,-6.22502],[106.70651,-6.22505],[106.70645,-6.22506],[106.70599,-6.22509],[106.70546,-6.22514],[106.70485,-6.22518],[106.7046,-6.2252],[106.70392,-6.22527],[106.70386,-6.22527],[106.7036,-6.22524],[106.70348,-6.22513],[106.70335,-6.22493],[106.70318,-6.22465],[106.70303,-6.22438],[106.70302,-6.22432],[106.70291,-6.22395],[106.70245,-6.22426],[106.70236,-6.22432],[106.70212,-6.22452],[106.70227,-6.22471],[106.7023,-6.22532],[106.70218,-6.2255],[106.70144,-6.22618],[106.70143,-6.22618],[106.70133,-6.22617],[106.70133,-6.22619],[106.70045,-6.22633],[106.70035,-6.22635],[106.69983,-6.22643],[106.69928,-6.22642],[106.69881,-6.22649],[106.69881,-6.22663],[106.6988,-6.22663],[106.69835,-6.22659],[106.69823,-6.22683],[106.6982,-6.22689],[106.69798,-6.22711],[106.69719,-6.22708],[106.69703,-6.22712],[106.69694,-6.22729],[106.69698,-6.22752],[106.69684,-6.22751],[106.69662,-6.22744],[106.696,-6.22706],[106.6951,-6.22656],[106.69556,-6.2258],[106.69581,-6.2254],[106.69585,-6.22533],[106.69595,-6.22516],[106.69608,-6.22504],[106.69626,-6.225],[106.69639,-6.22476],[106.69669,-6.22386],[106.69663,-6.22356],[106.69648,-6.22324],[106.6964,-6.22301],[106.69624,-6.22286],[106.69596,-6.22262],[106.69588,-6.22246],[106.69585,-6.22233],[106.69581,-6.22214],[106.69581,-6.22212],[106.69575,-6.22201],[106.69568,-6.22196],[106.69554,-6.2217],[106.69535,-6.22158],[106.69519,-6.22161],[106.69506,-6.22173],[106.69497,-6.22176],[106.69479,-6.22174],[106.69461,-6.22149],[106.69458,-6.22145],[106.69454,-6.22137],[106.69444,-6.221],[106.69436,-6.22083],[106.69421,-6.22068],[106.69409,-6.22065],[106.69392,-6.22059],[106.6939,-6.22051],[106.69377,-6.22008],[106.69371,-6.22006],[106.69353,-6.22004],[106.69341,-6.21993],[106.69329,-6.21972],[106.69314,-6.21946],[106.69301,-6.21921],[106.69301,-6.21916],[106.69291,-6.21893],[106.69308,-6.21865],[106.69315,-6.21857],[106.69318,-6.21854],[106.6932,-6.21852],[106.6931,-6.21837],[106.69303,-6.21829],[106.69298,-6.21825],[106.69295,-6.21822],[106.69292,-6.21811],[106.69289,-6.21793],[106.69323,-6.21777],[106.69348,-6.21774],[106.69389,-6.21774],[106.69395,-6.21775],[106.69414,-6.2178],[106.69436,-6.21773],[106.69451,-6.21773],[106.69544,-6.21813],[106.69561,-6.21815],[106.69601,-6.21763],[106.69631,-6.21724],[106.69649,-6.21691],[106.69667,-6.21663],[106.69674,-6.21588],[106.69681,-6.21513],[106.69684,-6.215],[106.69678,-6.21483],[106.69659,-6.21429],[106.69654,-6.21401],[106.69654,-6.21395],[106.6964,-6.21326],[106.6964,-6.21293],[106.69648,-6.21272],[106.69658,-6.21262],[106.69663,-6.21256],[106.69654,-6.2124],[106.69646,-6.21223],[106.69646,-6.21222],[106.69635,-6.21206],[106.69635,-6.2119],[106.69638,-6.21178],[106.69644,-6.21175],[106.69655,-6.21175],[106.69665,-6.21175],[106.69678,-6.21171],[106.69688,-6.21167],[106.69693,-6.21159],[106.69695,-6.21155],[106.69697,-6.2115],[106.69698,-6.21144],[106.69699,-6.21141],[106.69699,-6.21138],[106.69698,-6.21133],[106.69689,-6.21124],[106.69678,-6.21123],[106.69662,-6.21127],[106.69653,-6.2113],[106.69643,-6.2113],[106.69638,-6.2113],[106.69632,-6.2113],[106.69624,-6.21125],[106.69621,-6.21118],[106.69621,-6.21109],[106.69627,-6.21101],[106.69627,-6.21098],[106.69627,-6.21095],[106.69624,-6.21083],[106.6961,-6.21077],[106.69592,-6.21075],[106.69581,-6.21075],[106.69573,-6.21075],[106.69569,-6.21074],[106.69564,-6.21073],[106.6956,-6.21063],[106.69562,-6.2105],[106.69562,-6.21046],[106.69569,-6.21038],[106.69569,-6.21033],[106.69569,-6.21027],[106.69559,-6.2102],[106.69547,-6.21012],[106.69542,-6.21003],[106.69541,-6.20988],[106.69541,-6.20972],[106.6954,-6.20954],[106.6954,-6.20954],[106.6954,-6.20941],[106.6954,-6.20928],[106.6954,-6.20916],[106.69531,-6.20909],[106.69491,-6.20883],[106.69493,-6.20874],[106.69494,-6.20873],[106.6948,-6.20858],[106.6949,-6.20836],[106.69495,-6.2082],[106.69494,-6.20786],[106.69493,-6.20784],[106.69484,-6.20762],[106.69477,-6.20735],[106.69487,-6.20691],[106.69494,-6.20681],[106.69499,-6.20674],[106.69497,-6.20672],[106.69491,-6.20666],[106.69437,-6.20675],[106.69406,-6.20694],[106.69397,-6.20696],[106.69388,-6.20698],[106.69387,-6.20683],[106.69393,-6.2067],[106.69395,-6.20651],[106.69395,-6.2065],[106.69395,-6.20641],[106.69391,-6.20637],[106.69391,-6.20637],[106.69334,-6.20619],[106.69307,-6.20613],[106.693,-6.20603],[106.69292,-6.20592],[106.69282,-6.20559],[106.69319,-6.2053],[106.69364,-6.20529],[106.69376,-6.2053],[106.69402,-6.20539],[106.69443,-6.20539],[106.69454,-6.20532],[106.6946,-6.20528],[106.69459,-6.20525],[106.69454,-6.20509],[106.6945,-6.20488],[106.6945,-6.20479],[106.6945,-6.20462],[106.6942,-6.20458],[106.69411,-6.20456],[106.69406,-6.20438],[106.69418,-6.20418],[106.69427,-6.20398],[106.69429,-6.20395],[106.69431,-6.2039],[106.69427,-6.20378],[106.69421,-6.20375],[106.69414,-6.20371],[106.69409,-6.20354],[106.6941,-6.20351],[106.69413,-6.20344],[106.69424,-6.20332],[106.69441,-6.20333],[106.69455,-6.20332],[106.69459,-6.2033],[106.69465,-6.20302],[106.69462,-6.20291],[106.69458,-6.20286],[106.6945,-6.20272],[106.69447,-6.20242],[106.69449,-6.20215],[106.69449,-6.20154],[106.69455,-6.20131],[106.69455,-6.20107],[106.69481,-6.20117],[106.69484,-6.20119],[106.69527,-6.20108],[106.69583,-6.20106],[106.69614,-6.20105],[106.69642,-6.20079],[106.6965,-6.20077],[106.6967,-6.2007],[106.69704,-6.20019],[106.69705,-6.20003],[106.69706,-6.2],[106.69712,-6.19987],[106.69736,-6.19999],[106.69735,-6.20009],[106.69744,-6.20011],[106.69807,-6.20044],[106.69816,-6.20049],[106.6981,-6.20065],[106.69803,-6.2009],[106.69797,-6.20115],[106.69809,-6.20155],[106.6981,-6.20159],[106.69818,-6.20167],[106.6982,-6.20168],[106.6982,-6.20168],[106.6985,-6.20182],[106.69867,-6.20171],[106.69877,-6.20164],[106.69882,-6.20152],[106.69881,-6.20149],[106.69878,-6.20139],[106.69881,-6.20133],[106.69875,-6.2011],[106.69898,-6.20092],[106.69907,-6.20068],[106.69913,-6.20064],[106.69919,-6.20059],[106.69931,-6.20054],[106.6994,-6.20046],[106.69958,-6.20038],[106.69951,-6.20008],[106.69973,-6.19987],[106.69989,-6.19972],[106.69997,-6.19955],[106.70016,-6.19929],[106.70054,-6.19913],[106.70066,-6.19905],[106.70061,-6.19894],[106.70061,-6.19886],[106.70067,-6.19878],[106.70075,-6.19875],[106.70107,-6.19889],[106.70119,-6.19894],[106.70126,-6.19893],[106.70145,-6.19872],[106.70155,-6.19864],[106.70172,-6.19857],[106.70183,-6.1985],[106.70193,-6.19847],[106.70201,-6.19836],[106.70199,-6.19817],[106.70201,-6.1981],[106.70202,-6.19809],[106.70214,-6.19814],[106.70224,-6.1982],[106.70253,-6.1982],[106.70276,-6.19817],[106.70292,-6.19802],[106.70317,-6.19801],[106.70323,-6.19807],[106.70321,-6.19814],[106.70332,-6.19818],[106.70333,-6.19818],[106.7034,-6.19817],[106.70345,-6.19812],[106.70347,-6.19806],[106.70376,-6.19802],[106.70386,-6.19804],[106.70406,-6.1981],[106.70432,-6.19812],[106.70432,-6.19812],[106.70469,-6.19802],[106.70483,-6.19793],[106.70492,-6.19777],[106.70487,-6.1976],[106.70479,-6.19745],[106.70477,-6.19731],[106.70483,-6.19716],[106.7049,-6.19705],[106.70493,-6.19701],[106.70508,-6.1965],[106.70511,-6.19635],[106.70523,-6.1962],[106.70533,-6.19609],[106.70537,-6.19602],[106.70551,-6.19594],[106.70577,-6.19581],[106.70588,-6.1958],[106.70596,-6.19585],[106.70605,-6.19596],[106.70615,-6.19609],[106.70622,-6.19607],[106.70627,-6.196],[106.70629,-6.19587],[106.7063,-6.19554],[106.70638,-6.1955],[106.70647,-6.19551],[106.70656,-6.19558],[106.70682,-6.19573],[106.70696,-6.19576],[106.70707,-6.19571],[106.70716,-6.19564],[106.70717,-6.19555],[106.70719,-6.19535],[106.70727,-6.19526],[106.70737,-6.19525],[106.70751,-6.19529],[106.70768,-6.19544],[106.70772,-6.19554],[106.70772,-6.19568],[106.70766,-6.19585],[106.70756,-6.19602],[106.70744,-6.19622],[106.70746,-6.19642],[106.70756,-6.19667],[106.70766,-6.19678],[106.70779,-6.19683],[106.70809,-6.19685],[106.70819,-6.19679],[106.70854,-6.19662],[106.70873,-6.19668],[106.70887,-6.19676],[106.70889,-6.1968],[106.7089,-6.19683],[106.70897,-6.19719],[106.70905,-6.1973],[106.70914,-6.19734],[106.70925,-6.19731],[106.70935,-6.19729],[106.7095,-6.1972],[106.70958,-6.19715],[106.70983,-6.19739],[106.70993,-6.19747],[106.71003,-6.1975],[106.71015,-6.19742],[106.7104,-6.19728],[106.71052,-6.19721],[106.71058,-6.19711],[106.71057,-6.19701],[106.71051,-6.19681],[106.7105,-6.19672],[106.71066,-6.19653],[106.71097,-6.19616],[106.7111,-6.196],[106.71125,-6.19591],[106.71145,-6.19593],[106.71174,-6.196],[106.7118,-6.196],[106.71204,-6.196],[106.71222,-6.19595],[106.71232,-6.19584],[106.71235,-6.19578],[106.71258,-6.19538],[106.71281,-6.19497],[106.71294,-6.19473],[106.71306,-6.19431],[106.71307,-6.19422],[106.71309,-6.19398],[106.71306,-6.19383],[106.71295,-6.19365],[106.71282,-6.19354],[106.71272,-6.19354],[106.71258,-6.19354],[106.7125,-6.19347],[106.71245,-6.19337],[106.71246,-6.19327],[106.71252,-6.19316],[106.71262,-6.19309],[106.7131,-6.19291],[106.7132,-6.19277],[106.71321,-6.19265],[106.71314,-6.19252],[106.71304,-6.19242],[106.71292,-6.19232],[106.71289,-6.19223],[106.71292,-6.19207],[106.71298,-6.19201],[106.71313,-6.19194],[106.71337,-6.19183],[106.71346,-6.19179],[106.71352,-6.1917],[106.7137,-6.19133],[106.71384,-6.19114],[106.71392,-6.19114],[106.71405,-6.19121],[106.7147,-6.19163],[106.71478,-6.19161],[106.7148,-6.19161],[106.71489,-6.19153],[106.71494,-6.19141],[106.71496,-6.19122],[106.71493,-6.19083],[106.71489,-6.19034],[106.71486,-6.19021],[106.71483,-6.19008],[106.71487,-6.19],[106.71497,-6.1899],[106.71506,-6.1899],[106.71524,-6.18995],[106.71538,-6.19005],[106.71563,-6.19023],[106.7157,-6.19024],[106.71579,-6.19024],[106.71591,-6.19019],[106.71614,-6.19003],[106.71622,-6.18997],[106.71633,-6.18987],[106.71648,-6.18983],[106.71648,-6.18983],[106.71642,-6.18995],[106.71638,-6.19014]]]]}},{"type":"Feature","properties":{"uesi_id":"IDN_R7641583","nbhd_code":"IDN_R7641583_8","nbhd_name":"Karawaci"},"geometry":{"type":"MultiPolygon","coordinates":[[[[106.62683,-6.15821],[106.62737,-6.15897],[106.62807,-6.15998],[106.62825,-6.16023],[106.62856,-6.16067],[106.62916,-6.16138],[106.62946,-6.16174],[106.62988,-6.16221],[106.63064,-6.16304],[106.63064,-6.16304],[106.63094,-6.16336],[106.63108,-6.16356],[106.63224,-6.16516],[106.63224,-6.16516],[106.63261,-6.16568],[106.63309,-6.16635],[106.63326,-6.16658],[106.6336,-6.16716],[106.6338,-6.16744],[106.63366,-6.1679],[106.63357,-6.16815],[106.63341,-6.16831],[106.63317,-6.16847],[106.63301,-6.16853],[106.63298,-6.16854],[106.63285,-6.16859],[106.63239,-6.16874],[106.63189,-6.16883],[106.63144,-6.16883],[106.63138,-6.16883],[106.63134,-6.16882],[106.63063,-6.16877],[106.62995,-6.1687],[106.62975,-6.16868],[106.62945,-6.16864],[106.62926,-6.16866],[106.62895,-6.16875],[106.62875,-6.16882],[106.62866,-6.16888],[106.62856,-6.16895],[106.62846,-6.16913],[106.62831,-6.16946],[106.62822,-6.16978],[106.62819,-6.16994],[106.62817,-6.17005],[106.62815,-6.17028],[106.62815,-6.17048],[106.62815,-6.1707],[106.62818,-6.17092],[106.62821,-6.1711],[106.62824,-6.17132],[106.62827,-6.1715],[106.6283,-6.1717],[106.62838,-6.17212],[106.62844,-6.17243],[106.62846,-6.17251],[106.62854,-6.17295],[106.62856,-6.17312],[106.62865,-6.17369],[106.62872,-6.17412],[106.62874,-6.17428],[106.62875,-6.17471],[106.62876,-6.17518],[106.62876,-6.17543],[106.62876,-6.1759],[106.62871,-6.17632],[106.62861,-6.17677],[106.62827,-6.17763],[106.62823,-6.17772],[106.62812,-6.17801],[106.62803,-6.17823],[106.62794,-6.17847],[106.62787,-6.17892],[106.62794,-6.17928],[106.62816,-6.17964],[106.62854,-6.18012],[106.62898,-6.18062],[106.62903,-6.18066],[106.62936,-6.18096],[106.62968,-6.18132],[106.62987,-6.1817],[106.63,-6.18218],[106.63011,-6.18285],[106.63021,-6.18362],[106.63024,-6.18424],[106.63014,-6.18487],[106.63009,-6.18525],[106.63008,-6.18528],[106.63007,-6.18535],[106.63005,-6.18576],[106.63016,-6.18633],[106.63032,-6.18674],[106.63063,-6.18707],[106.63092,-6.18722],[106.6315,-6.18753],[106.63176,-6.18768],[106.63192,-6.18777],[106.63216,-6.18786],[106.63268,-6.18793],[106.63304,-6.18795],[106.63338,-6.18803],[106.63363,-6.18815],[106.63398,-6.1883],[106.6342,-6.18847],[106.63429,-6.18868],[106.6343,-6.18889],[106.63425,-6.1892],[106.6342,-6.18931],[106.63404,-6.18965],[106.6338,-6.1899],[106.63341,-6.19027],[106.63289,-6.19059],[106.63246,-6.19086],[106.63225,-6.191],[106.63197,-6.19114],[106.63174,-6.19121],[106.63136,-6.19121],[106.63053,-6.19109],[106.63011,-6.19108],[106.62983,-6.19105],[106.62871,-6.19093],[106.62825,-6.19088],[106.62796,-6.1909],[106.62754,-6.191],[106.62703,-6.19117],[106.62661,-6.19138],[106.62639,-6.19156],[106.62624,-6.19189],[106.62614,-6.19217],[106.62608,-6.19246],[106.62605,-6.19325],[106.62603,-6.19409],[106.62603,-6.19498],[106.62608,-6.19563],[106.62609,-6.19579],[106.6261,-6.19585],[106.62617,-6.19649],[106.62625,-6.19706],[106.6263,-6.19726],[106.62639,-6.19762],[106.62639,-6.19767],[106.62644,-6.19822],[106.6264,-6.19858],[106.6264,-6.1986],[106.62639,-6.19865],[106.6262,-6.19906],[106.6261,-6.19922],[106.62569,-6.19984],[106.62561,-6.19995],[106.625,-6.2007],[106.62475,-6.2009],[106.62444,-6.20127],[106.6243,-6.20145],[106.62421,-6.20155],[106.62411,-6.20168],[106.62368,-6.20223],[106.62318,-6.20313],[106.62284,-6.20385],[106.62235,-6.20481],[106.62211,-6.20527],[106.62199,-6.20569],[106.62199,-6.20607],[106.62212,-6.20638],[106.62324,-6.2092],[106.62348,-6.20982],[106.62361,-6.21014],[106.62365,-6.21066],[106.62358,-6.21098],[106.62328,-6.21114],[106.62278,-6.21125],[106.62224,-6.21133],[106.62212,-6.21134],[106.62144,-6.21137],[106.62066,-6.2114],[106.6202,-6.2115],[106.61997,-6.21166],[106.61991,-6.21143],[106.61978,-6.21126],[106.61955,-6.21108],[106.61937,-6.21104],[106.61931,-6.21103],[106.61914,-6.211],[106.61899,-6.21098],[106.6189,-6.21096],[106.61829,-6.21085],[106.61808,-6.21081],[106.61793,-6.21079],[106.61785,-6.21078],[106.6178,-6.21077],[106.61777,-6.21077],[106.61754,-6.21072],[106.61726,-6.21066],[106.61713,-6.21064],[106.61709,-6.21063],[106.61671,-6.21055],[106.61638,-6.21048],[106.61631,-6.21045],[106.61606,-6.21043],[106.61602,-6.21042],[106.61601,-6.21042],[106.61598,-6.21048],[106.61585,-6.21082],[106.61569,-6.21085],[106.61547,-6.21103],[106.61529,-6.21113],[106.61513,-6.21116],[106.61491,-6.21113],[106.6148,-6.2111],[106.61469,-6.21106],[106.61441,-6.21097],[106.61409,-6.21081],[106.614,-6.2106],[106.61405,-6.21045],[106.61407,-6.21003],[106.61407,-6.20978],[106.61396,-6.20948],[106.61385,-6.20936],[106.61369,-6.20929],[106.61366,-6.20928],[106.61328,-6.20912],[106.61309,-6.20893],[106.61302,-6.20885],[106.61285,-6.20862],[106.61284,-6.20861],[106.61266,-6.20857],[106.61256,-6.20833],[106.61252,-6.20829],[106.61246,-6.2081],[106.61235,-6.20776],[106.61231,-6.20748],[106.61232,-6.2073],[106.61232,-6.20722],[106.61215,-6.20705],[106.61211,-6.207],[106.61197,-6.20696],[106.61184,-6.20686],[106.61176,-6.2067],[106.61173,-6.20643],[106.61174,-6.20621],[106.61181,-6.20608],[106.61182,-6.20572],[106.61178,-6.20554],[106.61167,-6.20541],[106.61166,-6.2054],[106.61147,-6.2051],[106.61141,-6.20498],[106.61133,-6.20485],[106.6113,-6.20482],[106.61129,-6.20482],[106.61129,-6.20481],[106.6113,-6.20478],[106.61136,-6.20447],[106.61141,-6.20424],[106.61153,-6.2041],[106.61165,-6.20396],[106.61167,-6.20389],[106.61166,-6.20378],[106.61167,-6.20368],[106.61168,-6.20358],[106.61169,-6.20352],[106.61167,-6.20335],[106.61169,-6.2032],[106.61172,-6.20297],[106.61181,-6.20274],[106.61194,-6.20252],[106.612,-6.20238],[106.61191,-6.20228],[106.6119,-6.20221],[106.61184,-6.2021],[106.6118,-6.20197],[106.61179,-6.20187],[106.61175,-6.20181],[106.61173,-6.20181],[106.61168,-6.2018],[106.61155,-6.20178],[106.61139,-6.20175],[106.61128,-6.2016],[106.61128,-6.20156],[106.61125,-6.20145],[106.61118,-6.20122],[106.61107,-6.20109],[106.61101,-6.20102],[106.61086,-6.20085],[106.61081,-6.20072],[106.61065,-6.20052],[106.61055,-6.20037],[106.61051,-6.2002],[106.61049,-6.20008],[106.61049,-6.19997],[106.61051,-6.19987],[106.61053,-6.19977],[106.61052,-6.1997],[106.61051,-6.19965],[106.6105,-6.19956],[106.6105,-6.19947],[106.61046,-6.19909],[106.61043,-6.19875],[106.61036,-6.19871],[106.61033,-6.19869],[106.61024,-6.19863],[106.61009,-6.19856],[106.60987,-6.19836],[106.60969,-6.19814],[106.6096,-6.19795],[106.60958,-6.19782],[106.60962,-6.19774],[106.60965,-6.19768],[106.60973,-6.19767],[106.60979,-6.19763],[106.60982,-6.19757],[106.6099,-6.19748],[106.61007,-6.19739],[106.61029,-6.19731],[106.6104,-6.19718],[106.61041,-6.19717],[106.61048,-6.1971],[106.61051,-6.19697],[106.61055,-6.19675],[106.61051,-6.19647],[106.61043,-6.19625],[106.61036,-6.19608],[106.61032,-6.19603],[106.61018,-6.19584],[106.6095,-6.1958],[106.6094,-6.19572],[106.60934,-6.19571],[106.6092,-6.1957],[106.60908,-6.19563],[106.6089,-6.19559],[106.6087,-6.19553],[106.60845,-6.19546],[106.60827,-6.19543],[106.60812,-6.19539],[106.60809,-6.19531],[106.60815,-6.19508],[106.60818,-6.19496],[106.60817,-6.19462],[106.60819,-6.19459],[106.60827,-6.19449],[106.60839,-6.19432],[106.6085,-6.19424],[106.60877,-6.19402],[106.60894,-6.194],[106.60895,-6.19384],[106.60892,-6.19368],[106.60888,-6.19347],[106.60886,-6.19328],[106.60885,-6.19307],[106.60882,-6.19259],[106.60873,-6.19253],[106.60857,-6.19253],[106.60854,-6.19249],[106.60852,-6.19239],[106.60844,-6.19227],[106.60837,-6.19218],[106.60835,-6.19203],[106.60836,-6.19184],[106.60845,-6.19169],[106.60855,-6.1916],[106.60868,-6.19138],[106.60881,-6.1912],[106.60877,-6.1911],[106.60876,-6.19107],[106.60878,-6.1906],[106.60847,-6.19037],[106.6083,-6.19032],[106.60801,-6.19025],[106.60723,-6.18991],[106.60713,-6.18982],[106.60703,-6.18961],[106.60709,-6.18952],[106.60721,-6.18939],[106.60733,-6.18911],[106.60727,-6.18887],[106.60714,-6.18852],[106.60714,-6.18818],[106.60707,-6.18804],[106.60703,-6.18794],[106.60702,-6.18755],[106.60708,-6.18743],[106.6073,-6.18721],[106.6073,-6.18709],[106.60734,-6.18705],[106.60755,-6.18677],[106.60742,-6.18673],[106.60712,-6.18635],[106.60687,-6.1859],[106.60658,-6.18538],[106.60641,-6.18509],[106.60607,-6.18469],[106.60613,-6.18465],[106.60594,-6.18443],[106.60577,-6.18436],[106.60567,-6.18423],[106.60567,-6.18404],[106.60563,-6.1839],[106.60547,-6.18382],[106.60543,-6.18375],[106.60543,-6.18355],[106.60546,-6.1834],[106.60557,-6.1833],[106.60566,-6.18324],[106.6056,-6.18263],[106.60555,-6.1821],[106.60548,-6.18204],[106.60532,-6.18197],[106.60519,-6.18191],[106.6051,-6.18187],[106.60486,-6.18164],[106.60471,-6.18151],[106.6042,-6.18103],[106.60403,-6.18085],[106.60393,-6.18079],[106.60382,-6.18067],[106.60388,-6.18059],[106.60403,-6.18027],[106.60412,-6.18014],[106.60333,-6.17976],[106.60315,-6.17971],[106.60248,-6.17953],[106.60223,-6.17944],[106.602,-6.17936],[106.60195,-6.17933],[106.60185,-6.17928],[106.60185,-6.17927],[106.60185,-6.17927],[106.60181,-6.17925],[106.60178,-6.17924],[106.6018,-6.17917],[106.6018,-6.17907],[106.60191,-6.17897],[106.60208,-6.17897],[106.60231,-6.17904],[106.60236,-6.17905],[106.60244,-6.17903],[106.6025,-6.17898],[106.60245,-6.17889],[106.60232,-6.17884],[106.60232,-6.17882],[106.60225,-6.17865],[106.60214,-6.17839],[106.60213,-6.17838],[106.60204,-6.17816],[106.60204,-6.17816],[106.60204,-6.17815],[106.60218,-6.17761],[106.60218,-6.17742],[106.60219,-6.17723],[106.60219,-6.177],[106.60208,-6.17661],[106.60207,-6.17657],[106.60194,-6.17636],[106.60192,-6.17634],[106.60188,-6.17627],[106.6018,-6.17621],[106.60179,-6.17621],[106.6015,-6.17599],[106.60148,-6.17593],[106.60147,-6.1759],[106.60142,-6.17573],[106.6014,-6.17532],[106.60141,-6.1752],[106.60137,-6.17518],[106.60137,-6.17515],[106.60136,-6.17508],[106.60132,-6.17503],[106.6012,-6.17505],[106.60097,-6.17497],[106.60096,-6.17487],[106.60095,-6.17483],[106.60092,-6.17479],[106.60086,-6.17475],[106.60086,-6.17472],[106.60086,-6.17463],[106.60091,-6.17457],[106.60092,-6.17447],[106.60093,-6.1744],[106.60092,-6.17431],[106.60095,-6.17427],[106.60101,-6.17422],[106.60104,-6.17413],[106.60104,-6.17395],[106.60105,-6.17387],[106.60109,-6.17381],[106.60115,-6.17369],[106.60123,-6.1735],[106.60132,-6.17339],[106.60139,-6.17337],[106.60146,-6.17305],[106.60153,-6.17293],[106.60152,-6.1729],[106.60152,-6.17282],[106.60156,-6.17269],[106.60173,-6.1726],[106.60174,-6.17261],[106.60185,-6.17266],[106.60207,-6.1725],[106.60224,-6.17238],[106.60253,-6.17217],[106.60255,-6.17213],[106.60288,-6.17154],[106.60312,-6.17123],[106.60321,-6.17131],[106.60324,-6.17134],[106.60331,-6.17137],[106.60335,-6.17142],[106.60336,-6.17152],[106.60335,-6.17165],[106.60333,-6.17181],[106.60337,-6.17192],[106.60341,-6.17196],[106.60348,-6.17197],[106.60354,-6.17197],[106.60369,-6.17199],[106.60381,-6.17197],[106.60399,-6.17175],[106.60437,-6.17147],[106.60447,-6.17125],[106.60445,-6.17124],[106.60538,-6.17018],[106.60542,-6.17003],[106.60549,-6.16997],[106.60562,-6.16995],[106.60572,-6.1699],[106.60581,-6.1698],[106.60593,-6.16964],[106.60507,-6.16908],[106.60528,-6.16886],[106.60529,-6.16885],[106.60582,-6.16819],[106.60628,-6.16773],[106.60632,-6.16769],[106.60646,-6.16757],[106.60657,-6.16724],[106.60659,-6.16714],[106.60674,-6.16692],[106.60681,-6.16682],[106.60701,-6.16653],[106.60722,-6.16579],[106.60723,-6.16571],[106.6073,-6.16534],[106.60739,-6.16487],[106.60741,-6.16482],[106.60743,-6.16478],[106.6075,-6.16478],[106.60777,-6.16476],[106.60849,-6.1646],[106.60871,-6.16452],[106.60886,-6.16442],[106.6089,-6.16433],[106.60896,-6.16421],[106.60909,-6.16398],[106.60919,-6.16382],[106.6092,-6.16371],[106.60922,-6.16329],[106.60919,-6.16308],[106.60914,-6.16303],[106.60903,-6.16292],[106.60884,-6.16274],[106.60888,-6.16259],[106.6089,-6.16231],[106.6089,-6.16184],[106.60895,-6.16166],[106.60903,-6.16158],[106.60921,-6.16154],[106.60945,-6.16157],[106.60964,-6.1617],[106.60996,-6.1619],[106.61002,-6.16193],[106.61021,-6.16197],[106.61062,-6.16199],[106.61161,-6.16209],[106.61217,-6.16201],[106.61242,-6.16192],[106.6126,-6.16185],[106.6127,-6.16175],[106.61273,-6.16153],[106.61277,-6.16136],[106.61283,-6.16108],[106.61299,-6.16091],[106.61339,-6.16066],[106.61343,-6.1605],[106.61355,-6.16015],[106.61356,-6.16011],[106.61359,-6.16006],[106.6136,-6.16005],[106.61369,-6.15994],[106.61379,-6.15984],[106.61398,-6.15964],[106.6142,-6.15934],[106.61418,-6.1592],[106.61411,-6.15911],[106.61354,-6.1585],[106.61349,-6.15833],[106.61349,-6.15808],[106.61356,-6.15797],[106.61368,-6.15793],[106.61393,-6.15797],[106.61419,-6.15808],[106.61441,-6.15813],[106.61448,-6.15812],[106.61465,-6.15811],[106.61482,-6.15801],[106.615,-6.15782],[106.61538,-6.15817],[106.61575,-6.15848],[106.61615,-6.15878],[106.61641,-6.15887],[106.61694,-6.15895],[106.61745,-6.15885],[106.61751,-6.15883],[106.61769,-6.15876],[106.61804,-6.15861],[106.61851,-6.15836],[106.61898,-6.15807],[106.61939,-6.15776],[106.61963,-6.15756],[106.61982,-6.15726],[106.62002,-6.15685],[106.62011,-6.15638],[106.62033,-6.15608],[106.62064,-6.1556],[106.62087,-6.15536],[106.62119,-6.15526],[106.62139,-6.15512],[106.62151,-6.15499],[106.62169,-6.15478],[106.6221,-6.15443],[106.62247,-6.15421],[106.62284,-6.15409],[106.62328,-6.15408],[106.62356,-6.15417],[106.62403,-6.15452],[106.62428,-6.15484],[106.62458,-6.1552],[106.625,-6.15588],[106.62584,-6.15687],[106.62608,-6.15717],[106.62628,-6.15745],[106.62645,-6.15768],[106.62683,-6.15821]]]]}},{"type":"Feature","properties":{"uesi_id":"IDN_R7641583","nbhd_code":"IDN_R7641583_9","nbhd_name":"Larangan"},"geometry":{"type":"MultiPolygon","coordinates":[[[[106.73736,-6.22381],[106.73761,-6.22497],[106.73764,-6.22508],[106.73767,-6.22513],[106.73768,-6.22519],[106.73778,-6.22532],[106.73897,-6.22525],[106.73963,-6.22528],[106.73962,-6.22544],[106.73961,-6.2259],[106.73966,-6.22593],[106.7397,-6.22597],[106.73967,-6.22608],[106.7403,-6.2261],[106.74032,-6.2262],[106.7403,-6.2262],[106.74031,-6.22627],[106.74031,-6.22641],[106.74028,-6.22689],[106.74024,-6.22747],[106.74025,-6.22747],[106.74032,-6.22747],[106.74031,-6.22764],[106.74144,-6.22773],[106.74269,-6.2272],[106.74277,-6.22723],[106.74276,-6.22727],[106.74278,-6.22728],[106.74285,-6.22731],[106.74321,-6.22747],[106.74326,-6.22758],[106.74322,-6.22806],[106.74314,-6.22852],[106.74318,-6.22861],[106.7432,-6.22864],[106.74321,-6.22864],[106.74336,-6.22882],[106.74416,-6.22875],[106.74434,-6.22891],[106.74434,-6.22896],[106.74434,-6.22896],[106.7443,-6.22917],[106.74404,-6.22958],[106.74405,-6.22959],[106.74417,-6.22963],[106.7439,-6.23048],[106.74539,-6.23072],[106.74538,-6.23083],[106.74533,-6.23127],[106.74529,-6.23146],[106.74526,-6.23162],[106.7452,-6.23165],[106.74497,-6.23176],[106.74475,-6.23192],[106.74456,-6.23195],[106.74448,-6.232],[106.7444,-6.23206],[106.74443,-6.23229],[106.74444,-6.23231],[106.74444,-6.23234],[106.74446,-6.23238],[106.74448,-6.23241],[106.74458,-6.23264],[106.74466,-6.233],[106.74466,-6.23301],[106.74466,-6.23358],[106.74461,-6.23387],[106.74458,-6.23394],[106.74449,-6.23416],[106.7443,-6.23454],[106.74411,-6.23539],[106.74392,-6.23624],[106.74403,-6.23625],[106.74403,-6.23626],[106.74406,-6.23626],[106.74402,-6.23647],[106.74501,-6.23652],[106.74611,-6.23631],[106.74682,-6.23637],[106.74687,-6.23638],[106.74689,-6.23638],[106.747,-6.23639],[106.74702,-6.23645],[106.74741,-6.23803],[106.74754,-6.23856],[106.74786,-6.23928],[106.74811,-6.23973],[106.74822,-6.23991],[106.74846,-6.24035],[106.74847,-6.2404],[106.74854,-6.24054],[106.74859,-6.24068],[106.74861,-6.24095],[106.7484,-6.24128],[106.74833,-6.2414],[106.74824,-6.24146],[106.74799,-6.24161],[106.74775,-6.24181],[106.74764,-6.24192],[106.74755,-6.24203],[106.74746,-6.24224],[106.74743,-6.24232],[106.74727,-6.24251],[106.74716,-6.24278],[106.74712,-6.24311],[106.74704,-6.24336],[106.747,-6.24349],[106.74699,-6.24371],[106.747,-6.24395],[106.74695,-6.24436],[106.74692,-6.24462],[106.74685,-6.24483],[106.74682,-6.24503],[106.74682,-6.24503],[106.74681,-6.24527],[106.74681,-6.2454],[106.74681,-6.2454],[106.7468,-6.24554],[106.74675,-6.24621],[106.74667,-6.24667],[106.74668,-6.24721],[106.74678,-6.24729],[106.74699,-6.24769],[106.74706,-6.24783],[106.74709,-6.24797],[106.74717,-6.24829],[106.74717,-6.24854],[106.74718,-6.24859],[106.74724,-6.24866],[106.74725,-6.24875],[106.74725,-6.24875],[106.74731,-6.2488],[106.74751,-6.2489],[106.7478,-6.24903],[106.7478,-6.24903],[106.74797,-6.24918],[106.74813,-6.24943],[106.74815,-6.24961],[106.74682,-6.24945],[106.74682,-6.24945],[106.74681,-6.24943],[106.74681,-6.24945],[106.74671,-6.24943],[106.74589,-6.24925],[106.74584,-6.24925],[106.74581,-6.24924],[106.74578,-6.24924],[106.74535,-6.24917],[106.74533,-6.24917],[106.74529,-6.24916],[106.74476,-6.24907],[106.74406,-6.24895],[106.744,-6.24893],[106.74393,-6.24889],[106.74393,-6.2489],[106.74393,-6.2489],[106.74379,-6.24951],[106.74377,-6.24958],[106.74375,-6.24967],[106.74375,-6.24968],[106.74372,-6.24978],[106.74365,-6.25015],[106.74364,-6.25021],[106.74292,-6.25012],[106.74251,-6.25],[106.74211,-6.25003],[106.74166,-6.25017],[106.74151,-6.25022],[106.74119,-6.25028],[106.74077,-6.25028],[106.74076,-6.25028],[106.74071,-6.25028],[106.74014,-6.25028],[106.73958,-6.25026],[106.73925,-6.25034],[106.73879,-6.2505],[106.73859,-6.25058],[106.73796,-6.25064],[106.73773,-6.25063],[106.73771,-6.25067],[106.73767,-6.25071],[106.73754,-6.2507],[106.73727,-6.2507],[106.73713,-6.2506],[106.73687,-6.25051],[106.73674,-6.25051],[106.73655,-6.2505],[106.73528,-6.25053],[106.73524,-6.25053],[106.73498,-6.25058],[106.73435,-6.25058],[106.73375,-6.25059],[106.73267,-6.25059],[106.73266,-6.25059],[106.73211,-6.25064],[106.73208,-6.25062],[106.73183,-6.25064],[106.73092,-6.2507],[106.73071,-6.2507],[106.73033,-6.2507],[106.73028,-6.25078],[106.72905,-6.25086],[106.72888,-6.25087],[106.72848,-6.25088],[106.72841,-6.25136],[106.72841,-6.25136],[106.72816,-6.25134],[106.7278,-6.25133],[106.72764,-6.25129],[106.72743,-6.25128],[106.72741,-6.25131],[106.72739,-6.25132],[106.72716,-6.25134],[106.7269,-6.25134],[106.72662,-6.25138],[106.72649,-6.25138],[106.72639,-6.2515],[106.72613,-6.25148],[106.72593,-6.25148],[106.72579,-6.25146],[106.72562,-6.25137],[106.72559,-6.25136],[106.72533,-6.25138],[106.72465,-6.25147],[106.72463,-6.25116],[106.7245,-6.25114],[106.72405,-6.25108],[106.7236,-6.2512],[106.7236,-6.25124],[106.72363,-6.25207],[106.72365,-6.25247],[106.72362,-6.25247],[106.72361,-6.25248],[106.72344,-6.25283],[106.72326,-6.25284],[106.72298,-6.25275],[106.7228,-6.25269],[106.72256,-6.25257],[106.72248,-6.25239],[106.72248,-6.25239],[106.72245,-6.2523],[106.72231,-6.25203],[106.7223,-6.25201],[106.722,-6.25138],[106.72154,-6.25109],[106.72115,-6.25101],[106.72079,-6.25096],[106.72068,-6.25102],[106.72063,-6.25105],[106.72063,-6.25105],[106.72053,-6.25102],[106.72044,-6.25108],[106.72029,-6.25102],[106.72021,-6.25107],[106.72011,-6.2507],[106.71961,-6.25],[106.7194,-6.24995],[106.71937,-6.24989],[106.71935,-6.24979],[106.71929,-6.24936],[106.71924,-6.2492],[106.71921,-6.24902],[106.71921,-6.249],[106.71915,-6.24891],[106.719,-6.24868],[106.719,-6.24866],[106.71892,-6.24862],[106.71866,-6.24857],[106.71825,-6.24827],[106.71823,-6.24825],[106.71822,-6.24787],[106.7182,-6.24753],[106.7182,-6.24743],[106.71826,-6.24734],[106.71819,-6.24718],[106.71814,-6.24713],[106.71798,-6.24712],[106.71786,-6.24709],[106.71787,-6.24701],[106.71786,-6.24696],[106.71792,-6.24691],[106.71799,-6.24676],[106.71807,-6.24655],[106.71812,-6.24653],[106.71819,-6.24653],[106.71817,-6.24629],[106.71816,-6.24621],[106.71822,-6.24597],[106.71824,-6.24589],[106.71829,-6.24567],[106.71832,-6.24567],[106.71836,-6.24565],[106.71841,-6.24558],[106.71841,-6.24548],[106.71847,-6.24526],[106.7185,-6.24506],[106.71857,-6.24493],[106.71888,-6.24415],[106.71891,-6.24416],[106.71895,-6.24394],[106.71899,-6.2437],[106.719,-6.24365],[106.71903,-6.24348],[106.71897,-6.24185],[106.71892,-6.24101],[106.71892,-6.24087],[106.71888,-6.24051],[106.71881,-6.24023],[106.71882,-6.24022],[106.71885,-6.2399],[106.71894,-6.23918],[106.71903,-6.2384],[106.71898,-6.23838],[106.71893,-6.23837],[106.71873,-6.23833],[106.71887,-6.23822],[106.71888,-6.23819],[106.71891,-6.23806],[106.71893,-6.23801],[106.71894,-6.23791],[106.71895,-6.23787],[106.719,-6.23781],[106.71918,-6.23761],[106.7194,-6.2373],[106.71954,-6.23724],[106.71961,-6.23706],[106.71956,-6.23683],[106.71955,-6.23678],[106.71954,-6.23673],[106.71964,-6.23642],[106.71983,-6.23624],[106.71998,-6.23584],[106.72006,-6.23564],[106.72013,-6.23545],[106.72023,-6.23529],[106.7203,-6.23501],[106.72039,-6.2348],[106.72042,-6.23476],[106.72045,-6.23444],[106.72079,-6.23449],[106.72098,-6.23435],[106.72101,-6.23413],[106.72099,-6.23394],[106.72099,-6.23394],[106.72121,-6.23354],[106.72128,-6.23329],[106.72138,-6.23299],[106.72137,-6.23294],[106.72171,-6.23222],[106.72181,-6.23192],[106.72182,-6.2319],[106.72195,-6.23173],[106.72201,-6.23112],[106.72202,-6.23092],[106.72202,-6.23089],[106.72219,-6.23073],[106.72222,-6.23065],[106.72226,-6.23054],[106.72244,-6.23042],[106.7227,-6.23027],[106.72304,-6.22978],[106.72323,-6.2296],[106.72325,-6.22947],[106.72327,-6.22936],[106.72326,-6.22927],[106.7232,-6.22922],[106.72348,-6.22844],[106.72351,-6.22835],[106.72341,-6.22825],[106.72334,-6.22818],[106.72344,-6.22785],[106.72353,-6.2267],[106.72353,-6.22665],[106.72354,-6.22647],[106.72334,-6.22641],[106.72334,-6.22645],[106.7226,-6.22636],[106.72257,-6.22635],[106.72238,-6.22608],[106.72231,-6.22581],[106.72229,-6.22575],[106.72213,-6.22556],[106.722,-6.2255],[106.72192,-6.22546],[106.72192,-6.22546],[106.72192,-6.22545],[106.7219,-6.22541],[106.7219,-6.22534],[106.7219,-6.22519],[106.72181,-6.22497],[106.72169,-6.2249],[106.72154,-6.22486],[106.72123,-6.22484],[106.72122,-6.22481],[106.72118,-6.22473],[106.72114,-6.22467],[106.72112,-6.22463],[106.721,-6.22446],[106.7207,-6.2243],[106.72065,-6.22428],[106.72067,-6.22422],[106.72072,-6.22422],[106.72124,-6.22422],[106.72174,-6.22424],[106.72237,-6.22425],[106.72247,-6.22425],[106.72271,-6.22426],[106.72357,-6.22427],[106.72381,-6.22427],[106.72391,-6.22428],[106.72523,-6.22433],[106.72576,-6.22434],[106.72696,-6.22436],[106.72705,-6.22436],[106.72705,-6.22436],[106.72705,-6.22433],[106.72759,-6.22431],[106.72836,-6.22428],[106.72893,-6.22423],[106.72896,-6.22423],[106.72949,-6.22418],[106.72966,-6.22418],[106.73016,-6.22416],[106.73038,-6.22418],[106.73058,-6.22415],[106.7308,-6.22414],[106.73099,-6.22409],[106.7313,-6.22405],[106.73151,-6.22401],[106.73212,-6.22392],[106.73218,-6.22391],[106.73251,-6.22397],[106.73265,-6.22397],[106.73283,-6.22398],[106.73305,-6.22398],[106.73316,-6.22398],[106.73347,-6.22398],[106.73361,-6.22398],[106.73378,-6.22397],[106.73384,-6.22398],[106.73393,-6.22398],[106.73393,-6.22398],[106.73401,-6.22399],[106.73479,-6.22396],[106.73505,-6.22396],[106.73533,-6.22395],[106.73553,-6.22395],[106.73579,-6.22393],[106.73599,-6.22391],[106.73644,-6.22388],[106.73686,-6.22378],[106.73694,-6.22369],[106.73697,-6.22368],[106.73732,-6.22362],[106.73732,-6.22363],[106.73736,-6.22381]]]]}},{"type":"Feature","properties":{"uesi_id":"IDN_R7641583","nbhd_code":"IDN_R7641583_10","nbhd_name":"Neglasari"},"geometry":{"type":"MultiPolygon","coordinates":[[[[106.63771,-6.1055],[106.63757,-6.10593],[106.63747,-6.10612],[106.63768,-6.10614],[106.6377,-6.10616],[106.63763,-6.10625],[106.63741,-6.10662],[106.63736,-6.1067],[106.63816,-6.10665],[106.63831,-6.10656],[106.63872,-6.10633],[106.63908,-6.10627],[106.63951,-6.10631],[106.63972,-6.1065],[106.64022,-6.10699],[106.64056,-6.10718],[106.64114,-6.10733],[106.64163,-6.10746],[106.6422,-6.10761],[106.64249,-6.10784],[106.6426,-6.10811],[106.6426,-6.10837],[106.64225,-6.10909],[106.64206,-6.10948],[106.64177,-6.11003],[106.64171,-6.11015],[106.64166,-6.11036],[106.64175,-6.11152],[106.64175,-6.11156],[106.64204,-6.11292],[106.64221,-6.11407],[106.64228,-6.1146],[106.64238,-6.11552],[106.64229,-6.11659],[106.64224,-6.11702],[106.64249,-6.11732],[106.64251,-6.11735],[106.6426,-6.11748],[106.64219,-6.11765],[106.64204,-6.1177],[106.6417,-6.11781],[106.64158,-6.11785],[106.64143,-6.11791],[106.64066,-6.11823],[106.63932,-6.11876],[106.63915,-6.11884],[106.63905,-6.11888],[106.63879,-6.119],[106.6385,-6.11912],[106.63739,-6.11962],[106.63654,-6.12004],[106.63626,-6.12009],[106.63596,-6.12014],[106.63568,-6.12026],[106.63507,-6.12056],[106.63497,-6.12089],[106.63495,-6.12141],[106.63491,-6.12228],[106.63491,-6.12242],[106.6349,-6.12288],[106.63474,-6.12293],[106.63474,-6.12318],[106.6347,-6.1237],[106.63466,-6.12412],[106.63466,-6.12416],[106.63465,-6.12436],[106.63462,-6.12498],[106.63457,-6.12519],[106.63445,-6.12569],[106.63434,-6.12601],[106.63424,-6.1264],[106.63417,-6.12674],[106.63412,-6.127],[106.63411,-6.12722],[106.63407,-6.12787],[106.63406,-6.12812],[106.63405,-6.12842],[106.63404,-6.12872],[106.63403,-6.12879],[106.63402,-6.12908],[106.63398,-6.12975],[106.63397,-6.12999],[106.63397,-6.13008],[106.63392,-6.13076],[106.63386,-6.13151],[106.63386,-6.13217],[106.63388,-6.13231],[106.6339,-6.1329],[106.63384,-6.13372],[106.63376,-6.13436],[106.63372,-6.13475],[106.6337,-6.1349],[106.63366,-6.13515],[106.63362,-6.13538],[106.63361,-6.13545],[106.63353,-6.13591],[106.63367,-6.13668],[106.63361,-6.13693],[106.63353,-6.1383],[106.63352,-6.13841],[106.63283,-6.1385],[106.6328,-6.13922],[106.63279,-6.13949],[106.63278,-6.13993],[106.63276,-6.14052],[106.63269,-6.14103],[106.63267,-6.14182],[106.63266,-6.14254],[106.63264,-6.14299],[106.6326,-6.14381],[106.63257,-6.1452],[106.63255,-6.1456],[106.6325,-6.14633],[106.63248,-6.14702],[106.63249,-6.14849],[106.6325,-6.14894],[106.63256,-6.14921],[106.63311,-6.14849],[106.6332,-6.14853],[106.63335,-6.14852],[106.63399,-6.14841],[106.63526,-6.14811],[106.63613,-6.14787],[106.63779,-6.14719],[106.63895,-6.14674],[106.64057,-6.14608],[106.64223,-6.14544],[106.64273,-6.14524],[106.64284,-6.1452],[106.64441,-6.14458],[106.64501,-6.14433],[106.64537,-6.14419],[106.64598,-6.14395],[106.64673,-6.14366],[106.6472,-6.14347],[106.64878,-6.14282],[106.64939,-6.1426],[106.64949,-6.14277],[106.64951,-6.14294],[106.64972,-6.14438],[106.64978,-6.14551],[106.64993,-6.14684],[106.65001,-6.14807],[106.65002,-6.14811],[106.65003,-6.14821],[106.65006,-6.14831],[106.65014,-6.14867],[106.65015,-6.14878],[106.65018,-6.14938],[106.65019,-6.14966],[106.6502,-6.14982],[106.6502,-6.14992],[106.65022,-6.15003],[106.65024,-6.1503],[106.65024,-6.15033],[106.65029,-6.15081],[106.65031,-6.15113],[106.65033,-6.15131],[106.65034,-6.15143],[106.65037,-6.1515],[106.6504,-6.15159],[106.65042,-6.15178],[106.65045,-6.15196],[106.65057,-6.15196],[106.6506,-6.15223],[106.65061,-6.1524],[106.65056,-6.15248],[106.65051,-6.15257],[106.65052,-6.1527],[106.65053,-6.15285],[106.65056,-6.15316],[106.65062,-6.15387],[106.65065,-6.15456],[106.65065,-6.1546],[106.6504,-6.15466],[106.65027,-6.15468],[106.65018,-6.1547],[106.65017,-6.15487],[106.65016,-6.15529],[106.65016,-6.1557],[106.65016,-6.15641],[106.65015,-6.15685],[106.65017,-6.15721],[106.65017,-6.15729],[106.65018,-6.1575],[106.65022,-6.15793],[106.65031,-6.15876],[106.65036,-6.15923],[106.65036,-6.15993],[106.65,-6.15997],[106.65,-6.16025],[106.65,-6.1605],[106.65,-6.16068],[106.65,-6.16097],[106.65001,-6.16114],[106.65001,-6.16178],[106.65001,-6.16202],[106.64979,-6.16204],[106.64977,-6.16234],[106.64975,-6.16259],[106.64974,-6.16276],[106.64988,-6.16438],[106.65001,-6.16515],[106.65004,-6.16541],[106.64993,-6.16542],[106.64967,-6.16551],[106.64941,-6.16556],[106.64898,-6.16565],[106.6488,-6.16569],[106.64825,-6.16584],[106.64807,-6.16588],[106.64795,-6.1659],[106.64769,-6.16592],[106.64748,-6.16594],[106.64738,-6.16595],[106.64705,-6.16596],[106.64686,-6.16599],[106.64656,-6.16603],[106.6464,-6.16606],[106.64632,-6.16607],[106.64617,-6.16609],[106.64607,-6.16611],[106.64585,-6.16615],[106.64574,-6.16617],[106.6454,-6.16622],[106.6452,-6.16626],[106.64477,-6.16634],[106.64433,-6.16643],[106.64422,-6.16644],[106.64401,-6.16648],[106.64368,-6.16653],[106.64358,-6.16655],[106.64295,-6.16666],[106.64265,-6.1667],[106.64223,-6.16677],[106.64197,-6.1668],[106.64152,-6.16686],[106.64131,-6.16688],[106.64109,-6.16693],[106.64072,-6.16699],[106.64023,-6.16706],[106.63966,-6.16715],[106.63941,-6.16719],[106.63916,-6.16723],[106.6388,-6.1673],[106.63827,-6.16737],[106.63753,-6.16746],[106.637,-6.16752],[106.63695,-6.16753],[106.63666,-6.16758],[106.63659,-6.1676],[106.6364,-6.16764],[106.63603,-6.16774],[106.63586,-6.16781],[106.63571,-6.16783],[106.63566,-6.16784],[106.63553,-6.16785],[106.63527,-6.16783],[106.63482,-6.16772],[106.63453,-6.16768],[106.63436,-6.16762],[106.63406,-6.16752],[106.6338,-6.16744],[106.6336,-6.16716],[106.63326,-6.16658],[106.63309,-6.16635],[106.63261,-6.16568],[106.63224,-6.16516],[106.63224,-6.16516],[106.63108,-6.16356],[106.63094,-6.16336],[106.63064,-6.16304],[106.63064,-6.16304],[106.62988,-6.16221],[106.62946,-6.16174],[106.62916,-6.16138],[106.62856,-6.16067],[106.62825,-6.16023],[106.62807,-6.15998],[106.62737,-6.15897],[106.62683,-6.15821],[106.62645,-6.15768],[106.62628,-6.15745],[106.62608,-6.15717],[106.62584,-6.15687],[106.625,-6.15588],[106.62458,-6.1552],[106.62428,-6.15484],[106.62403,-6.15452],[106.62356,-6.15417],[106.62328,-6.15408],[106.62284,-6.15409],[106.62247,-6.15421],[106.6221,-6.15443],[106.62169,-6.15478],[106.62151,-6.15499],[106.62139,-6.15512],[106.62119,-6.15526],[106.62087,-6.15536],[106.62064,-6.1556],[106.62033,-6.15608],[106.62011,-6.15638],[106.62002,-6.15685],[106.61982,-6.15726],[106.61963,-6.15756],[106.61939,-6.15776],[106.61898,-6.15807],[106.61851,-6.15836],[106.61804,-6.15861],[106.61769,-6.15876],[106.61751,-6.15883],[106.61745,-6.15885],[106.61694,-6.15895],[106.61641,-6.15887],[106.61615,-6.15878],[106.61575,-6.15848],[106.61538,-6.15817],[106.615,-6.15782],[106.61481,-6.15761],[106.6145,-6.15725],[106.61418,-6.1569],[106.61397,-6.15664],[106.61368,-6.15629],[106.61347,-6.15599],[106.61334,-6.15565],[106.61323,-6.15532],[106.61313,-6.15493],[106.61305,-6.15455],[106.61294,-6.15405],[106.61278,-6.15361],[106.61263,-6.15319],[106.61242,-6.15278],[106.61234,-6.15246],[106.61233,-6.15204],[106.61234,-6.15169],[106.61238,-6.15124],[106.61245,-6.15076],[106.6125,-6.15036],[106.61255,-6.14999],[106.61256,-6.14987],[106.61267,-6.14946],[106.61267,-6.14946],[106.61267,-6.14946],[106.61271,-6.14932],[106.61276,-6.14914],[106.61298,-6.14868],[106.61321,-6.14831],[106.61334,-6.14792],[106.61335,-6.14788],[106.61335,-6.14767],[106.61335,-6.14731],[106.61335,-6.14665],[106.61343,-6.14602],[106.61363,-6.14542],[106.6138,-6.14482],[106.61397,-6.14433],[106.61414,-6.14388],[106.61434,-6.14353],[106.61465,-6.14327],[106.61488,-6.14282],[106.61525,-6.1423],[106.61556,-6.14176],[106.61574,-6.14135],[106.61576,-6.14095],[106.61572,-6.14073],[106.61571,-6.14073],[106.61571,-6.14073],[106.61568,-6.14053],[106.61567,-6.14051],[106.61539,-6.1401],[106.615,-6.13976],[106.61496,-6.13973],[106.61485,-6.13967],[106.61459,-6.13956],[106.61437,-6.13948],[106.61369,-6.13919],[106.61367,-6.13917],[106.61364,-6.13916],[106.61354,-6.13909],[106.61331,-6.13895],[106.61328,-6.13891],[106.61327,-6.1389],[106.61284,-6.13842],[106.61272,-6.13828],[106.61229,-6.13779],[106.61201,-6.13754],[106.61201,-6.13753],[106.61187,-6.1374],[106.61151,-6.13706],[106.61147,-6.137],[106.61146,-6.13699],[106.61132,-6.1368],[106.61115,-6.13656],[106.61099,-6.13625],[106.61096,-6.13619],[106.61096,-6.13618],[106.61095,-6.13616],[106.61082,-6.13568],[106.61083,-6.13566],[106.61084,-6.13519],[106.61091,-6.13499],[106.61102,-6.13465],[106.61123,-6.13439],[106.61135,-6.13423],[106.61136,-6.13422],[106.61137,-6.13422],[106.61151,-6.13414],[106.61177,-6.13401],[106.61183,-6.13398],[106.61194,-6.13393],[106.61263,-6.13361],[106.61302,-6.13333],[106.61333,-6.13298],[106.61343,-6.13282],[106.61362,-6.13249],[106.61377,-6.13219],[106.61385,-6.13204],[106.61404,-6.13161],[106.61407,-6.13145],[106.61409,-6.13134],[106.61416,-6.13099],[106.61417,-6.13089],[106.61421,-6.13039],[106.61415,-6.12979],[106.61416,-6.1295],[106.6141,-6.12883],[106.61405,-6.12849],[106.61404,-6.12849],[106.61397,-6.12809],[106.61386,-6.12747],[106.61388,-6.12706],[106.61389,-6.12689],[106.61389,-6.12643],[106.61409,-6.12597],[106.61429,-6.1258],[106.61463,-6.12566],[106.61498,-6.12557],[106.61526,-6.12548],[106.61557,-6.12534],[106.61583,-6.12514],[106.61583,-6.12514],[106.61596,-6.125],[106.6162,-6.12471],[106.61628,-6.12461],[106.61656,-6.12417],[106.61688,-6.12368],[106.61725,-6.12326],[106.61763,-6.12294],[106.61797,-6.12278],[106.61831,-6.12269],[106.61832,-6.12269],[106.61832,-6.12269],[106.61837,-6.12269],[106.61883,-6.12269],[106.61918,-6.1228],[106.61926,-6.12282],[106.61941,-6.12285],[106.61961,-6.12287],[106.61993,-6.12283],[106.61993,-6.12283],[106.61996,-6.12282],[106.62014,-6.12279],[106.62056,-6.12271],[106.62084,-6.12259],[106.62103,-6.12247],[106.62115,-6.12239],[106.62134,-6.12223],[106.62151,-6.12207],[106.6218,-6.12164],[106.62186,-6.12158],[106.62222,-6.12122],[106.62263,-6.12087],[106.62297,-6.12073],[106.62306,-6.12069],[106.62357,-6.12063],[106.62357,-6.12063],[106.62399,-6.12073],[106.62432,-6.12075],[106.62463,-6.12077],[106.62498,-6.12077],[106.62502,-6.12078],[106.62619,-6.12071],[106.62643,-6.1207],[106.62795,-6.12024],[106.62861,-6.11994],[106.62896,-6.11978],[106.62917,-6.1207],[106.62939,-6.12063],[106.62946,-6.12062],[106.62964,-6.12068],[106.62974,-6.12072],[106.62981,-6.12082],[106.62977,-6.12097],[106.62979,-6.12105],[106.62984,-6.12108],[106.62994,-6.12107],[106.63006,-6.1209],[106.6302,-6.12088],[106.63043,-6.12119],[106.63046,-6.1212],[106.63055,-6.12118],[106.6306,-6.12109],[106.63063,-6.12095],[106.63066,-6.1209],[106.63075,-6.12088],[106.63097,-6.12083],[106.63112,-6.12081],[106.63129,-6.12083],[106.63137,-6.1208],[106.63167,-6.12045],[106.63181,-6.12031],[106.63199,-6.12025],[106.63205,-6.12024],[106.63209,-6.12023],[106.63224,-6.12008],[106.63226,-6.12006],[106.63222,-6.11998],[106.63216,-6.11991],[106.63209,-6.11984],[106.632,-6.1197],[106.63194,-6.11951],[106.63195,-6.11945],[106.63201,-6.11917],[106.63203,-6.11909],[106.63176,-6.11872],[106.63157,-6.11824],[106.63153,-6.11807],[106.63154,-6.11788],[106.63155,-6.11777],[106.63155,-6.1176],[106.63155,-6.1175],[106.63147,-6.11739],[106.63141,-6.11734],[106.63137,-6.1173],[106.63133,-6.11727],[106.63133,-6.11727],[106.63138,-6.11722],[106.63143,-6.11718],[106.63192,-6.1167],[106.63205,-6.11657],[106.63207,-6.11655],[106.63211,-6.11651],[106.63257,-6.11582],[106.63258,-6.1158],[106.63258,-6.11532],[106.63255,-6.11498],[106.6325,-6.11455],[106.63251,-6.11451],[106.63251,-6.11446],[106.6325,-6.1144],[106.63264,-6.1129],[106.63265,-6.11271],[106.63276,-6.11223],[106.63294,-6.11176],[106.63309,-6.11148],[106.63333,-6.11104],[106.63402,-6.10988],[106.63417,-6.10948],[106.63462,-6.10861],[106.63462,-6.10861],[106.63515,-6.10765],[106.6355,-6.1068],[106.6357,-6.10633],[106.63577,-6.10582],[106.63578,-6.10578],[106.63644,-6.10584],[106.63672,-6.10588],[106.63676,-6.10587],[106.63729,-6.10569],[106.63757,-6.1056],[106.63771,-6.1055]]]]}},{"type":"Feature","properties":{"uesi_id":"IDN_R7641583","nbhd_code":"IDN_R7641583_11","nbhd_name":"Periuk"},"geometry":{"type":"MultiPolygon","coordinates":[[[[106.60881,-6.1476],[106.6088,-6.14767],[106.60906,-6.14767],[106.61011,-6.14768],[106.61008,-6.14782],[106.61021,-6.14785],[106.61058,-6.14793],[106.61069,-6.14775],[106.61211,-6.14771],[106.61335,-6.14767],[106.61335,-6.14788],[106.61334,-6.14792],[106.61321,-6.14831],[106.61298,-6.14868],[106.61276,-6.14914],[106.61271,-6.14932],[106.61267,-6.14946],[106.61267,-6.14946],[106.61267,-6.14946],[106.61256,-6.14987],[106.61255,-6.14999],[106.6125,-6.15036],[106.61245,-6.15076],[106.61238,-6.15124],[106.61234,-6.15169],[106.61233,-6.15204],[106.61234,-6.15246],[106.61242,-6.15278],[106.61263,-6.15319],[106.61278,-6.15361],[106.61294,-6.15405],[106.61305,-6.15455],[106.61313,-6.15493],[106.61323,-6.15532],[106.61334,-6.15565],[106.61347,-6.15599],[106.61368,-6.15629],[106.61397,-6.15664],[106.61418,-6.1569],[106.6145,-6.15725],[106.61481,-6.15761],[106.615,-6.15782],[106.61482,-6.15801],[106.61465,-6.15811],[106.61448,-6.15812],[106.61441,-6.15813],[106.61419,-6.15808],[106.61393,-6.15797],[106.61368,-6.15793],[106.61356,-6.15797],[106.61349,-6.15808],[106.61349,-6.15833],[106.61354,-6.1585],[106.61411,-6.15911],[106.61418,-6.1592],[106.6142,-6.15934],[106.61398,-6.15964],[106.61379,-6.15984],[106.61369,-6.15994],[106.6136,-6.16005],[106.61359,-6.16006],[106.61356,-6.16011],[106.61355,-6.16015],[106.61343,-6.1605],[106.61339,-6.16066],[106.61299,-6.16091],[106.61283,-6.16108],[106.61277,-6.16136],[106.61273,-6.16153],[106.6127,-6.16175],[106.6126,-6.16185],[106.61242,-6.16192],[106.61217,-6.16201],[106.61161,-6.16209],[106.61062,-6.16199],[106.61021,-6.16197],[106.61002,-6.16193],[106.60996,-6.1619],[106.60964,-6.1617],[106.60945,-6.16157],[106.60921,-6.16154],[106.60903,-6.16158],[106.60895,-6.16166],[106.6089,-6.16184],[106.6089,-6.16231],[106.60888,-6.16259],[106.60884,-6.16274],[106.60903,-6.16292],[106.60914,-6.16303],[106.60919,-6.16308],[106.60922,-6.16329],[106.6092,-6.16371],[106.60919,-6.16382],[106.60909,-6.16398],[106.60896,-6.16421],[106.6089,-6.16433],[106.60886,-6.16442],[106.60871,-6.16452],[106.60849,-6.1646],[106.60777,-6.16476],[106.6075,-6.16478],[106.60743,-6.16478],[106.60741,-6.16482],[106.60739,-6.16487],[106.6073,-6.16534],[106.60723,-6.16571],[106.60722,-6.16579],[106.60701,-6.16653],[106.60681,-6.16682],[106.60674,-6.16692],[106.60659,-6.16714],[106.60657,-6.16724],[106.60646,-6.16757],[106.60632,-6.16769],[106.60628,-6.16773],[106.60582,-6.16819],[106.60529,-6.16885],[106.60528,-6.16886],[106.60507,-6.16908],[106.60593,-6.16964],[106.60581,-6.1698],[106.60572,-6.1699],[106.60562,-6.16995],[106.60549,-6.16997],[106.60542,-6.17003],[106.60538,-6.17018],[106.60445,-6.17124],[106.60447,-6.17125],[106.60437,-6.17147],[106.60399,-6.17175],[106.60381,-6.17197],[106.60369,-6.17199],[106.60354,-6.17197],[106.60348,-6.17197],[106.60341,-6.17196],[106.60337,-6.17192],[106.60333,-6.17181],[106.60335,-6.17165],[106.60336,-6.17152],[106.60335,-6.17142],[106.60331,-6.17137],[106.60324,-6.17134],[106.60321,-6.17131],[106.60312,-6.17123],[106.60288,-6.17154],[106.60255,-6.17213],[106.60253,-6.17217],[106.60224,-6.17238],[106.60207,-6.1725],[106.60185,-6.17266],[106.60174,-6.17261],[106.60173,-6.1726],[106.60156,-6.17269],[106.60152,-6.17282],[106.60152,-6.1729],[106.60153,-6.17293],[106.60146,-6.17305],[106.60139,-6.17337],[106.60132,-6.17339],[106.60123,-6.1735],[106.60115,-6.17369],[106.60109,-6.17381],[106.60105,-6.17387],[106.60104,-6.17395],[106.60104,-6.17413],[106.60101,-6.17422],[106.60095,-6.17427],[106.60092,-6.17431],[106.60093,-6.1744],[106.60092,-6.17447],[106.60091,-6.17457],[106.60086,-6.17463],[106.60086,-6.17472],[106.60086,-6.17475],[106.60092,-6.17479],[106.60095,-6.17483],[106.60096,-6.17487],[106.60097,-6.17497],[106.6012,-6.17505],[106.60132,-6.17503],[106.60136,-6.17508],[106.60137,-6.17515],[106.60137,-6.17518],[106.60141,-6.1752],[106.6014,-6.17532],[106.60142,-6.17573],[106.60147,-6.1759],[106.60148,-6.17593],[106.6015,-6.17599],[106.60179,-6.17621],[106.6018,-6.17621],[106.60188,-6.17627],[106.60192,-6.17634],[106.60194,-6.17636],[106.60207,-6.17657],[106.60208,-6.17661],[106.60219,-6.177],[106.60219,-6.17723],[106.60218,-6.17742],[106.60218,-6.17761],[106.60204,-6.17815],[106.60204,-6.17816],[106.60204,-6.17816],[106.60213,-6.17838],[106.60214,-6.17839],[106.60225,-6.17865],[106.60232,-6.17882],[106.60232,-6.17884],[106.60245,-6.17889],[106.6025,-6.17898],[106.60244,-6.17903],[106.60236,-6.17905],[106.60231,-6.17904],[106.60208,-6.17897],[106.60191,-6.17897],[106.6018,-6.17907],[106.6018,-6.17917],[106.60178,-6.17924],[106.60181,-6.17925],[106.60167,-6.1793],[106.60164,-6.1797],[106.60095,-6.18021],[106.60048,-6.18053],[106.60046,-6.18081],[106.60087,-6.18059],[106.60077,-6.18115],[106.60069,-6.18175],[106.60056,-6.18293],[106.60048,-6.1834],[106.60033,-6.18432],[106.60016,-6.18555],[106.60013,-6.18577],[106.59984,-6.18793],[106.59901,-6.18787],[106.59888,-6.18788],[106.59835,-6.18833],[106.5986,-6.18877],[106.59859,-6.18877],[106.59856,-6.18878],[106.59838,-6.18885],[106.59799,-6.18899],[106.59784,-6.18905],[106.59733,-6.18922],[106.59701,-6.18925],[106.59641,-6.18928],[106.59605,-6.1893],[106.59593,-6.18931],[106.59543,-6.18933],[106.5951,-6.18932],[106.59488,-6.18932],[106.59434,-6.18925],[106.59354,-6.18915],[106.59266,-6.18904],[106.59207,-6.189],[106.59185,-6.18901],[106.59174,-6.18904],[106.59143,-6.18929],[106.59105,-6.18961],[106.59039,-6.19031],[106.58991,-6.19013],[106.58945,-6.18994],[106.5901,-6.1886],[106.59044,-6.18792],[106.59067,-6.18745],[106.5912,-6.18636],[106.59139,-6.1859],[106.59095,-6.18577],[106.59061,-6.18568],[106.59039,-6.18567],[106.59003,-6.18566],[106.59003,-6.18566],[106.58966,-6.18566],[106.58915,-6.18566],[106.58816,-6.18568],[106.58814,-6.18515],[106.58812,-6.18468],[106.58809,-6.18432],[106.58807,-6.18384],[106.58807,-6.18341],[106.58807,-6.1829],[106.58764,-6.18237],[106.58715,-6.1819],[106.58696,-6.18165],[106.58664,-6.18138],[106.5863,-6.18105],[106.5861,-6.18095],[106.58591,-6.18085],[106.58585,-6.18074],[106.58571,-6.18055],[106.58571,-6.17958],[106.58573,-6.17919],[106.58573,-6.1791],[106.58579,-6.17795],[106.58578,-6.17698],[106.58592,-6.17573],[106.58557,-6.17528],[106.58517,-6.17477],[106.58512,-6.17482],[106.58436,-6.1751],[106.58325,-6.1755],[106.58321,-6.17561],[106.58323,-6.17576],[106.58341,-6.17658],[106.58334,-6.1767],[106.58311,-6.17693],[106.58289,-6.17702],[106.58284,-6.17757],[106.5828,-6.17806],[106.58274,-6.17887],[106.5828,-6.179],[106.58252,-6.17973],[106.5824,-6.17969],[106.58187,-6.17955],[106.58133,-6.17941],[106.58052,-6.17919],[106.57955,-6.17894],[106.57813,-6.17856],[106.57672,-6.17819],[106.5767,-6.17828],[106.5764,-6.17944],[106.57627,-6.17994],[106.57622,-6.18013],[106.57615,-6.18038],[106.57594,-6.18113],[106.57574,-6.18183],[106.5755,-6.18239],[106.57527,-6.18291],[106.57518,-6.18317],[106.57509,-6.1836],[106.57496,-6.18422],[106.5748,-6.18507],[106.57479,-6.18514],[106.57464,-6.18579],[106.57455,-6.18616],[106.57444,-6.18651],[106.57401,-6.1861],[106.57381,-6.18592],[106.57323,-6.18536],[106.57286,-6.18499],[106.57257,-6.18479],[106.57199,-6.18466],[106.57136,-6.18451],[106.57116,-6.18442],[106.57111,-6.18437],[106.57097,-6.18415],[106.57075,-6.18358],[106.57065,-6.18309],[106.57062,-6.18295],[106.57057,-6.18272],[106.57046,-6.18238],[106.57043,-6.18231],[106.57013,-6.18176],[106.56999,-6.18148],[106.56998,-6.18146],[106.56994,-6.18139],[106.56987,-6.18124],[106.56982,-6.18115],[106.56963,-6.18082],[106.56944,-6.1805],[106.56926,-6.18017],[106.56919,-6.18004],[106.56915,-6.17997],[106.56892,-6.17956],[106.56889,-6.17951],[106.56876,-6.17927],[106.56852,-6.17886],[106.56845,-6.17873],[106.56833,-6.17846],[106.56818,-6.17815],[106.56798,-6.17781],[106.56714,-6.17637],[106.56693,-6.17624],[106.56696,-6.17622],[106.56711,-6.17616],[106.5676,-6.17596],[106.56795,-6.17574],[106.56804,-6.17559],[106.5682,-6.17526],[106.56846,-6.17494],[106.56856,-6.1749],[106.5687,-6.17497],[106.56902,-6.17518],[106.56925,-6.17516],[106.56991,-6.17509],[106.57,-6.17509],[106.57075,-6.1751],[106.57121,-6.17506],[106.57136,-6.17501],[106.5714,-6.17499],[106.57158,-6.17497],[106.57166,-6.17496],[106.57174,-6.17494],[106.57219,-6.17485],[106.57227,-6.17481],[106.57223,-6.17452],[106.57231,-6.17448],[106.57246,-6.17449],[106.57253,-6.1745],[106.57278,-6.17451],[106.57288,-6.17444],[106.57292,-6.17427],[106.57299,-6.17401],[106.5731,-6.17375],[106.57311,-6.17374],[106.5732,-6.17367],[106.57333,-6.17357],[106.57352,-6.17365],[106.57375,-6.17379],[106.57401,-6.17373],[106.5743,-6.17368],[106.57455,-6.17372],[106.57471,-6.17375],[106.57508,-6.17388],[106.57536,-6.17389],[106.57549,-6.17382],[106.57567,-6.17364],[106.5761,-6.17315],[106.57653,-6.17308],[106.57658,-6.17295],[106.57674,-6.17262],[106.57686,-6.1725],[106.57703,-6.17245],[106.57724,-6.17243],[106.57748,-6.1724],[106.5777,-6.17238],[106.57874,-6.17227],[106.57876,-6.17226],[106.57905,-6.17218],[106.57922,-6.17204],[106.57928,-6.17191],[106.5793,-6.17187],[106.57931,-6.17167],[106.5792,-6.17145],[106.57897,-6.17115],[106.57896,-6.17114],[106.5788,-6.17087],[106.57873,-6.17062],[106.57866,-6.1702],[106.57864,-6.17004],[106.57883,-6.17002],[106.57915,-6.17],[106.57922,-6.16993],[106.57918,-6.16982],[106.57907,-6.16946],[106.57913,-6.16934],[106.57932,-6.16916],[106.57954,-6.16904],[106.57979,-6.16891],[106.57986,-6.16887],[106.5799,-6.16883],[106.58002,-6.16871],[106.5801,-6.1685],[106.58037,-6.16743],[106.58051,-6.1671],[106.58064,-6.16697],[106.5808,-6.16693],[106.5809,-6.16694],[106.58104,-6.16695],[106.5814,-6.16703],[106.58193,-6.16715],[106.58206,-6.16713],[106.58224,-6.16711],[106.5825,-6.16701],[106.58261,-6.1669],[106.58264,-6.16678],[106.58265,-6.16665],[106.58265,-6.16646],[106.58266,-6.16638],[106.58266,-6.1663],[106.58268,-6.16597],[106.58269,-6.16567],[106.5827,-6.1655],[106.5827,-6.16549],[106.58264,-6.16504],[106.58257,-6.16455],[106.58258,-6.16384],[106.58269,-6.16375],[106.58271,-6.16329],[106.583,-6.16319],[106.58317,-6.16309],[106.5833,-6.16286],[106.58346,-6.16247],[106.58354,-6.16233],[106.58355,-6.16228],[106.58385,-6.16221],[106.58455,-6.16229],[106.58588,-6.16219],[106.5864,-6.16233],[106.58637,-6.16245],[106.58646,-6.16244],[106.58675,-6.16239],[106.5869,-6.16231],[106.58715,-6.16221],[106.58739,-6.16213],[106.58759,-6.16202],[106.58769,-6.16194],[106.58778,-6.16187],[106.58811,-6.16148],[106.58811,-6.16148],[106.58827,-6.16141],[106.58836,-6.16131],[106.58846,-6.16121],[106.58846,-6.1612],[106.58854,-6.16113],[106.58861,-6.16106],[106.58863,-6.16103],[106.58869,-6.16096],[106.58876,-6.16087],[106.58889,-6.16069],[106.58906,-6.16046],[106.58954,-6.16011],[106.59051,-6.15938],[106.59093,-6.15906],[106.59148,-6.15874],[106.59168,-6.15858],[106.59177,-6.15851],[106.59093,-6.15839],[106.59102,-6.15783],[106.59141,-6.15785],[106.59141,-6.15782],[106.59133,-6.15686],[106.59131,-6.15664],[106.59131,-6.1565],[106.59132,-6.15641],[106.59149,-6.15636],[106.5915,-6.15635],[106.59149,-6.15621],[106.59149,-6.15613],[106.59147,-6.15582],[106.59141,-6.15576],[106.59134,-6.15568],[106.59124,-6.15557],[106.59116,-6.15548],[106.59107,-6.15535],[106.59107,-6.15524],[106.5911,-6.15512],[106.59111,-6.15452],[106.59111,-6.15447],[106.59098,-6.15438],[106.59103,-6.15365],[106.5911,-6.1531],[106.59097,-6.15252],[106.59093,-6.15215],[106.59091,-6.15193],[106.59091,-6.15178],[106.59089,-6.15155],[106.59084,-6.15125],[106.59082,-6.15094],[106.5908,-6.15068],[106.59076,-6.15033],[106.59065,-6.14952],[106.59054,-6.14891],[106.59033,-6.14833],[106.59033,-6.14813],[106.5909,-6.14797],[106.59135,-6.14838],[106.59138,-6.14836],[106.59145,-6.1483],[106.59153,-6.14828],[106.59153,-6.14828],[106.59153,-6.14828],[106.59165,-6.14826],[106.59191,-6.14827],[106.59223,-6.14828],[106.5924,-6.14828],[106.59247,-6.14828],[106.59248,-6.14765],[106.59267,-6.14768],[106.59289,-6.14774],[106.59327,-6.14774],[106.59353,-6.14777],[106.59435,-6.14774],[106.59467,-6.14776],[106.59499,-6.14774],[106.59536,-6.14772],[106.59557,-6.14768],[106.59587,-6.14769],[106.5968,-6.14773],[106.59733,-6.14771],[106.59737,-6.14771],[106.59804,-6.14773],[106.59821,-6.14774],[106.59839,-6.14767],[106.59848,-6.14767],[106.59863,-6.14769],[106.59927,-6.14769],[106.60018,-6.14766],[106.60035,-6.14768],[106.60126,-6.14765],[106.60188,-6.14763],[106.60252,-6.14761],[106.60285,-6.14754],[106.6031,-6.14749],[106.6037,-6.14755],[106.60518,-6.1476],[106.60541,-6.14756],[106.60566,-6.14762],[106.60578,-6.14763],[106.60588,-6.14756],[106.60596,-6.1475],[106.60709,-6.14748],[106.60711,-6.14746],[106.60712,-6.14746],[106.60753,-6.14746],[106.60859,-6.14746],[106.60881,-6.1476]]]]}},{"type":"Feature","properties":{"uesi_id":"IDN_R7641583","nbhd_code":"IDN_R7641583_12","nbhd_name":"Pinang"},"geometry":{"type":"MultiPolygon","coordinates":[[[[106.65387,-6.19611],[106.65414,-6.19634],[106.65471,-6.1963],[106.65493,-6.19629],[106.65512,-6.19628],[106.65678,-6.19625],[106.65722,-6.19625],[106.65723,-6.19629],[106.65727,-6.19655],[106.65734,-6.19679],[106.65745,-6.19696],[106.65766,-6.1972],[106.65821,-6.19736],[106.66066,-6.19738],[106.6614,-6.19739],[106.66141,-6.19739],[106.6621,-6.19738],[106.66385,-6.19736],[106.6642,-6.19725],[106.66421,-6.19725],[106.66477,-6.19754],[106.66564,-6.19737],[106.66598,-6.1972],[106.66624,-6.19725],[106.66695,-6.1974],[106.6675,-6.19732],[106.66767,-6.19729],[106.66768,-6.19731],[106.66837,-6.1967],[106.6686,-6.19673],[106.66936,-6.19672],[106.66962,-6.19672],[106.66982,-6.19682],[106.6702,-6.19699],[106.6702,-6.19699],[106.67035,-6.19747],[106.67033,-6.19754],[106.67044,-6.19756],[106.67102,-6.1977],[106.67108,-6.19779],[106.67106,-6.19789],[106.671,-6.19804],[106.67087,-6.19826],[106.67104,-6.19847],[106.671,-6.19857],[106.671,-6.19867],[106.67125,-6.19871],[106.67135,-6.1988],[106.67151,-6.1989],[106.67166,-6.19897],[106.67192,-6.199],[106.67197,-6.19901],[106.67201,-6.19888],[106.67207,-6.19856],[106.6721,-6.1982],[106.67214,-6.19786],[106.67222,-6.19776],[106.6723,-6.1977],[106.6724,-6.1977],[106.67261,-6.19777],[106.67281,-6.19788],[106.67302,-6.19804],[106.67318,-6.19825],[106.67343,-6.19857],[106.67348,-6.19863],[106.67574,-6.1976],[106.67619,-6.198],[106.67667,-6.19771],[106.6767,-6.19777],[106.67705,-6.19837],[106.67736,-6.19892],[106.67746,-6.19903],[106.67761,-6.19919],[106.67787,-6.19942],[106.678,-6.19953],[106.67766,-6.20107],[106.68185,-6.20211],[106.68242,-6.20226],[106.68274,-6.20231],[106.68283,-6.20231],[106.68296,-6.20229],[106.68308,-6.20213],[106.68343,-6.20209],[106.68348,-6.20206],[106.68359,-6.20208],[106.68375,-6.20208],[106.68384,-6.20207],[106.68387,-6.20203],[106.68396,-6.20202],[106.684,-6.20187],[106.68398,-6.20137],[106.68394,-6.20095],[106.68394,-6.20095],[106.68394,-6.20085],[106.68395,-6.20085],[106.68398,-6.20085],[106.68416,-6.20086],[106.68465,-6.20085],[106.68502,-6.20088],[106.68518,-6.2009],[106.68542,-6.20099],[106.68562,-6.20113],[106.68583,-6.20123],[106.68584,-6.20124],[106.68604,-6.20136],[106.68639,-6.20146],[106.68679,-6.20131],[106.68713,-6.20111],[106.68755,-6.20086],[106.68793,-6.20064],[106.68825,-6.2004],[106.6888,-6.20034],[106.68923,-6.20031],[106.68946,-6.20025],[106.68961,-6.20024],[106.69016,-6.20035],[106.69035,-6.20031],[106.69039,-6.2003],[106.69096,-6.2],[106.69131,-6.19983],[106.69135,-6.19981],[106.69203,-6.19959],[106.69242,-6.19951],[106.69269,-6.19943],[106.69308,-6.19912],[106.69336,-6.19891],[106.69337,-6.19892],[106.69349,-6.19882],[106.69393,-6.19912],[106.69416,-6.19954],[106.69419,-6.19956],[106.69455,-6.20086],[106.69455,-6.20107],[106.69455,-6.20131],[106.69449,-6.20154],[106.69449,-6.20215],[106.69447,-6.20242],[106.6945,-6.20272],[106.69458,-6.20286],[106.69462,-6.20291],[106.69465,-6.20302],[106.69459,-6.2033],[106.69455,-6.20332],[106.69441,-6.20333],[106.69424,-6.20332],[106.69413,-6.20344],[106.6941,-6.20351],[106.69409,-6.20354],[106.69414,-6.20371],[106.69421,-6.20375],[106.69427,-6.20378],[106.69431,-6.2039],[106.69429,-6.20395],[106.69427,-6.20398],[106.69418,-6.20418],[106.69406,-6.20438],[106.69411,-6.20456],[106.6942,-6.20458],[106.6945,-6.20462],[106.6945,-6.20479],[106.6945,-6.20488],[106.69454,-6.20509],[106.69459,-6.20525],[106.6946,-6.20528],[106.69454,-6.20532],[106.69443,-6.20539],[106.69402,-6.20539],[106.69376,-6.2053],[106.69364,-6.20529],[106.69319,-6.2053],[106.69282,-6.20559],[106.69292,-6.20592],[106.693,-6.20603],[106.69307,-6.20613],[106.69334,-6.20619],[106.69391,-6.20637],[106.69391,-6.20637],[106.69395,-6.20641],[106.69395,-6.2065],[106.69395,-6.20651],[106.69393,-6.2067],[106.69387,-6.20683],[106.69388,-6.20698],[106.69397,-6.20696],[106.69406,-6.20694],[106.69437,-6.20675],[106.69491,-6.20666],[106.69497,-6.20672],[106.69499,-6.20674],[106.69494,-6.20681],[106.69487,-6.20691],[106.69477,-6.20735],[106.69484,-6.20762],[106.69493,-6.20784],[106.69494,-6.20786],[106.69495,-6.2082],[106.6949,-6.20836],[106.6948,-6.20858],[106.69494,-6.20873],[106.69493,-6.20874],[106.69491,-6.20883],[106.69531,-6.20909],[106.6954,-6.20916],[106.6954,-6.20928],[106.6954,-6.20941],[106.6954,-6.20954],[106.6954,-6.20954],[106.69541,-6.20972],[106.69541,-6.20988],[106.69542,-6.21003],[106.69547,-6.21012],[106.69559,-6.2102],[106.69569,-6.21027],[106.69569,-6.21033],[106.69569,-6.21038],[106.69562,-6.21046],[106.69562,-6.2105],[106.6956,-6.21063],[106.69564,-6.21073],[106.69569,-6.21074],[106.69573,-6.21075],[106.69581,-6.21075],[106.69592,-6.21075],[106.6961,-6.21077],[106.69624,-6.21083],[106.69627,-6.21095],[106.69627,-6.21098],[106.69627,-6.21101],[106.69621,-6.21109],[106.69621,-6.21118],[106.69624,-6.21125],[106.69632,-6.2113],[106.69638,-6.2113],[106.69643,-6.2113],[106.69653,-6.2113],[106.69662,-6.21127],[106.69678,-6.21123],[106.69689,-6.21124],[106.69698,-6.21133],[106.69699,-6.21138],[106.69699,-6.21141],[106.69698,-6.21144],[106.69697,-6.2115],[106.69695,-6.21155],[106.69693,-6.21159],[106.69688,-6.21167],[106.69678,-6.21171],[106.69665,-6.21175],[106.69655,-6.21175],[106.69644,-6.21175],[106.69638,-6.21178],[106.69635,-6.2119],[106.69635,-6.21206],[106.69646,-6.21222],[106.69646,-6.21223],[106.69654,-6.2124],[106.69663,-6.21256],[106.69658,-6.21262],[106.69648,-6.21272],[106.6964,-6.21293],[106.6964,-6.21326],[106.69654,-6.21395],[106.69654,-6.21401],[106.69659,-6.21429],[106.69678,-6.21483],[106.69684,-6.215],[106.69681,-6.21513],[106.69674,-6.21588],[106.69667,-6.21663],[106.69649,-6.21691],[106.69631,-6.21724],[106.69601,-6.21763],[106.69561,-6.21815],[106.69544,-6.21813],[106.69451,-6.21773],[106.69436,-6.21773],[106.69414,-6.2178],[106.69395,-6.21775],[106.69389,-6.21774],[106.69348,-6.21774],[106.69323,-6.21777],[106.69289,-6.21793],[106.69292,-6.21811],[106.69295,-6.21822],[106.69298,-6.21825],[106.69303,-6.21829],[106.6931,-6.21837],[106.6932,-6.21852],[106.69318,-6.21854],[106.69315,-6.21857],[106.69308,-6.21865],[106.69291,-6.21893],[106.69301,-6.21916],[106.69301,-6.21921],[106.69314,-6.21946],[106.69329,-6.21972],[106.69341,-6.21993],[106.69353,-6.22004],[106.69371,-6.22006],[106.69377,-6.22008],[106.6939,-6.22051],[106.69392,-6.22059],[106.69409,-6.22065],[106.69421,-6.22068],[106.69436,-6.22083],[106.69444,-6.221],[106.69454,-6.22137],[106.69458,-6.22145],[106.69461,-6.22149],[106.69479,-6.22174],[106.69497,-6.22176],[106.69506,-6.22173],[106.69519,-6.22161],[106.69535,-6.22158],[106.69554,-6.2217],[106.69568,-6.22196],[106.69575,-6.22201],[106.69581,-6.22212],[106.69581,-6.22214],[106.69585,-6.22233],[106.69588,-6.22246],[106.69596,-6.22262],[106.69624,-6.22286],[106.6964,-6.22301],[106.69648,-6.22324],[106.69663,-6.22356],[106.69669,-6.22386],[106.69639,-6.22476],[106.69626,-6.225],[106.69608,-6.22504],[106.69595,-6.22516],[106.69585,-6.22533],[106.69581,-6.2254],[106.69556,-6.2258],[106.6951,-6.22656],[106.69478,-6.22709],[106.69459,-6.22738],[106.69463,-6.22761],[106.69444,-6.22786],[106.6944,-6.22792],[106.69432,-6.22803],[106.69418,-6.22823],[106.69397,-6.22854],[106.69379,-6.22884],[106.69343,-6.22938],[106.69343,-6.22938],[106.69343,-6.22937],[106.693,-6.22935],[106.69172,-6.22962],[106.69144,-6.22968],[106.69005,-6.22982],[106.68979,-6.22975],[106.6897,-6.22984],[106.6894,-6.23014],[106.68914,-6.22998],[106.68878,-6.22998],[106.68804,-6.23064],[106.68794,-6.23073],[106.687,-6.23054],[106.68641,-6.2305],[106.6858,-6.23045],[106.68518,-6.23071],[106.68483,-6.23068],[106.68437,-6.231],[106.68437,-6.231],[106.68421,-6.23081],[106.68382,-6.23068],[106.68375,-6.23064],[106.68324,-6.23033],[106.68249,-6.23046],[106.68223,-6.23039],[106.68181,-6.2304],[106.68178,-6.23084],[106.68177,-6.23102],[106.68176,-6.23104],[106.68175,-6.23106],[106.68175,-6.23106],[106.68171,-6.23112],[106.68123,-6.23115],[106.68026,-6.2312],[106.6802,-6.23118],[106.6799,-6.23108],[106.6792,-6.23082],[106.67919,-6.23082],[106.67918,-6.23082],[106.67888,-6.23095],[106.6783,-6.23095],[106.6783,-6.23095],[106.67785,-6.23095],[106.67782,-6.23095],[106.67695,-6.23096],[106.67664,-6.23095],[106.67645,-6.23095],[106.6756,-6.23092],[106.67559,-6.23092],[106.67555,-6.23092],[106.67534,-6.23092],[106.67494,-6.23092],[106.67486,-6.23092],[106.67479,-6.23092],[106.6741,-6.23092],[106.67385,-6.23101],[106.67373,-6.23105],[106.67343,-6.23105],[106.67343,-6.23105],[106.6728,-6.23105],[106.67261,-6.23105],[106.67208,-6.23141],[106.67171,-6.23166],[106.67168,-6.23167],[106.67159,-6.2317],[106.67158,-6.2317],[106.67128,-6.23181],[106.6711,-6.23189],[106.671,-6.23193],[106.6705,-6.23212],[106.67043,-6.23211],[106.66958,-6.23199],[106.66913,-6.23195],[106.66893,-6.23194],[106.66878,-6.23193],[106.66878,-6.23193],[106.66866,-6.23192],[106.66803,-6.23186],[106.66788,-6.23185],[106.66783,-6.23185],[106.66732,-6.23183],[106.66732,-6.23183],[106.6671,-6.23185],[106.66709,-6.23185],[106.66682,-6.23187],[106.66682,-6.23187],[106.66595,-6.23178],[106.66445,-6.2316],[106.66445,-6.23159],[106.66408,-6.23156],[106.66368,-6.23155],[106.66302,-6.23154],[106.66135,-6.23156],[106.66078,-6.23158],[106.66048,-6.23141],[106.66029,-6.23119],[106.6597,-6.23095],[106.65969,-6.23095],[106.65804,-6.23134],[106.6573,-6.23106],[106.65612,-6.2306],[106.65485,-6.23018],[106.65352,-6.22973],[106.65347,-6.22973],[106.65122,-6.22966],[106.6512,-6.22966],[106.65082,-6.22945],[106.65064,-6.22935],[106.65057,-6.22931],[106.65055,-6.2293],[106.65055,-6.22931],[106.65064,-6.22936],[106.6506,-6.22946],[106.65057,-6.22952],[106.65054,-6.22955],[106.64818,-6.22944],[106.6481,-6.22951],[106.64627,-6.22941],[106.64626,-6.22941],[106.64601,-6.22936],[106.64599,-6.22936],[106.64591,-6.22926],[106.64585,-6.22914],[106.64575,-6.229],[106.6457,-6.22893],[106.64416,-6.2297],[106.64359,-6.23001],[106.6434,-6.23009],[106.64321,-6.23013],[106.643,-6.23013],[106.64289,-6.23004],[106.64278,-6.22994],[106.64268,-6.2298],[106.64257,-6.2297],[106.64233,-6.22968],[106.64204,-6.22968],[106.64197,-6.22966],[106.64169,-6.22966],[106.6416,-6.22969],[106.64119,-6.22972],[106.64078,-6.22973],[106.64037,-6.22909],[106.64037,-6.22908],[106.6401,-6.22927],[106.63963,-6.22938],[106.63806,-6.22975],[106.63801,-6.2297],[106.63718,-6.22914],[106.63657,-6.22874],[106.63657,-6.22874],[106.63583,-6.2283],[106.63566,-6.2282],[106.63557,-6.22815],[106.63389,-6.22736],[106.63247,-6.2267],[106.63184,-6.22635],[106.63173,-6.22627],[106.63142,-6.22603],[106.63078,-6.22564],[106.63046,-6.22551],[106.63046,-6.22551],[106.63012,-6.22519],[106.6299,-6.22499],[106.62982,-6.22481],[106.62977,-6.22459],[106.62974,-6.22437],[106.62977,-6.22413],[106.62979,-6.22401],[106.62977,-6.22377],[106.6298,-6.22354],[106.62986,-6.22315],[106.62989,-6.22294],[106.63,-6.22246],[106.63038,-6.22138],[106.63045,-6.22116],[106.63052,-6.2209],[106.63061,-6.22058],[106.63074,-6.21982],[106.6307,-6.21938],[106.63051,-6.21883],[106.63019,-6.21851],[106.6299,-6.21835],[106.62989,-6.21834],[106.62943,-6.21784],[106.62886,-6.21721],[106.62851,-6.21687],[106.62823,-6.21659],[106.62802,-6.21632],[106.62782,-6.21607],[106.62772,-6.21594],[106.62747,-6.21576],[106.62802,-6.21538],[106.62805,-6.21526],[106.62815,-6.2152],[106.6283,-6.21512],[106.62877,-6.2149],[106.629,-6.21489],[106.62965,-6.21486],[106.62968,-6.21486],[106.62975,-6.2148],[106.62981,-6.21475],[106.63001,-6.21468],[106.63002,-6.21463],[106.63067,-6.21457],[106.63108,-6.21462],[106.63149,-6.21467],[106.63171,-6.2147],[106.63221,-6.21467],[106.63224,-6.21466],[106.63308,-6.21473],[106.63313,-6.21474],[106.63335,-6.21475],[106.63385,-6.21462],[106.63407,-6.21442],[106.6343,-6.21442],[106.63437,-6.21435],[106.63441,-6.21472],[106.63472,-6.21455],[106.63475,-6.21454],[106.63476,-6.21467],[106.63512,-6.21468],[106.63533,-6.21468],[106.63552,-6.21468],[106.63553,-6.21487],[106.63574,-6.2148],[106.63578,-6.21462],[106.63583,-6.21462],[106.63611,-6.21462],[106.63634,-6.21462],[106.63635,-6.21439],[106.63673,-6.21439],[106.63699,-6.21439],[106.63733,-6.21433],[106.63742,-6.21431],[106.63742,-6.21446],[106.63742,-6.21449],[106.63742,-6.21449],[106.63777,-6.21446],[106.63778,-6.21425],[106.63785,-6.21424],[106.63842,-6.21417],[106.63854,-6.21415],[106.63939,-6.21419],[106.64017,-6.21415],[106.64025,-6.21414],[106.64033,-6.21414],[106.64057,-6.21414],[106.64063,-6.21416],[106.64097,-6.2142],[106.6414,-6.21423],[106.64163,-6.21424],[106.64206,-6.21426],[106.64236,-6.21428],[106.64245,-6.21428],[106.64252,-6.21428],[106.64261,-6.21428],[106.64276,-6.21424],[106.64288,-6.21422],[106.64296,-6.2142],[106.64297,-6.2142],[106.64333,-6.21418],[106.64389,-6.21412],[106.64411,-6.21409],[106.64437,-6.21408],[106.64444,-6.21407],[106.64478,-6.21401],[106.64531,-6.21391],[106.64561,-6.21388],[106.64615,-6.21382],[106.64644,-6.21378],[106.64655,-6.21379],[106.64663,-6.21379],[106.6466,-6.21212],[106.64659,-6.21162],[106.64659,-6.21123],[106.64659,-6.21003],[106.6466,-6.20978],[106.64648,-6.20977],[106.64653,-6.20949],[106.64655,-6.20936],[106.64658,-6.20884],[106.64646,-6.20883],[106.6464,-6.20848],[106.64637,-6.20799],[106.64637,-6.20795],[106.64632,-6.2077],[106.64625,-6.20739],[106.64625,-6.20737],[106.64618,-6.20699],[106.64629,-6.20692],[106.64694,-6.20692],[106.64744,-6.20693],[106.64756,-6.20691],[106.64758,-6.2062],[106.64777,-6.20561],[106.64789,-6.20515],[106.64798,-6.2051],[106.64845,-6.20481],[106.64867,-6.20477],[106.64901,-6.20475],[106.64925,-6.20478],[106.64936,-6.20481],[106.64935,-6.20481],[106.64937,-6.20482],[106.64948,-6.20485],[106.64957,-6.20491],[106.64967,-6.20493],[106.65024,-6.20488],[106.65145,-6.20466],[106.6515,-6.20462],[106.65134,-6.20366],[106.65126,-6.20331],[106.65113,-6.203],[106.65099,-6.20277],[106.65085,-6.20201],[106.6505,-6.1998],[106.65044,-6.19953],[106.6505,-6.1986],[106.65031,-6.19856],[106.65025,-6.19792],[106.65029,-6.19792],[106.6504,-6.19792],[106.65069,-6.19772],[106.65151,-6.19637],[106.65169,-6.19504],[106.6517,-6.195],[106.65338,-6.19515],[106.65369,-6.19518],[106.65381,-6.19528],[106.65391,-6.19544],[106.65391,-6.19578],[106.65387,-6.19611]]]]}},{"type":"Feature","properties":{"uesi_id":"IDN_R7641583","nbhd_code":"IDN_R7641583_13","nbhd_name":"Tangerang"},"geometry":{"type":"MultiPolygon","coordinates":[[[[106.65776,-6.16401],[106.65775,-6.16407],[106.65797,-6.16407],[106.65819,-6.16406],[106.65849,-6.16405],[106.65885,-6.16402],[106.65917,-6.16399],[106.65951,-6.16566],[106.65983,-6.16581],[106.66073,-6.16692],[106.66073,-6.16693],[106.66027,-6.16714],[106.6598,-6.16736],[106.6597,-6.16763],[106.65951,-6.16773],[106.65914,-6.16752],[106.65813,-6.16744],[106.65806,-6.16778],[106.65832,-6.16833],[106.65817,-6.16856],[106.65816,-6.16856],[106.65816,-6.1692],[106.65813,-6.16953],[106.65803,-6.17],[106.6586,-6.16996],[106.65865,-6.17008],[106.65898,-6.17081],[106.65926,-6.17087],[106.65931,-6.17091],[106.65944,-6.171],[106.65943,-6.17101],[106.65938,-6.17106],[106.65932,-6.17115],[106.65948,-6.17127],[106.65953,-6.17149],[106.65958,-6.17183],[106.65954,-6.17184],[106.65964,-6.17231],[106.65965,-6.17231],[106.65869,-6.17249],[106.65778,-6.17281],[106.65779,-6.17289],[106.65784,-6.17298],[106.65791,-6.17314],[106.65832,-6.17308],[106.65862,-6.17304],[106.65883,-6.17345],[106.65892,-6.17363],[106.65923,-6.17368],[106.65922,-6.17386],[106.65918,-6.17394],[106.65919,-6.17408],[106.65945,-6.17408],[106.65998,-6.17408],[106.66009,-6.1742],[106.66019,-6.17433],[106.66027,-6.17458],[106.66033,-6.17483],[106.66031,-6.17499],[106.66027,-6.17527],[106.66021,-6.17547],[106.6601,-6.17555],[106.66005,-6.1756],[106.66002,-6.17569],[106.65992,-6.17596],[106.65992,-6.17596],[106.65901,-6.17581],[106.65897,-6.17601],[106.65867,-6.17601],[106.65835,-6.17597],[106.65814,-6.17589],[106.65814,-6.17588],[106.65812,-6.17567],[106.65739,-6.1754],[106.65728,-6.17543],[106.65725,-6.17551],[106.65721,-6.17551],[106.6573,-6.17578],[106.65739,-6.17597],[106.65754,-6.17609],[106.65776,-6.17613],[106.65788,-6.17614],[106.65787,-6.17621],[106.65804,-6.17678],[106.65841,-6.17704],[106.65841,-6.17705],[106.65858,-6.1771],[106.65859,-6.17721],[106.65854,-6.17758],[106.65849,-6.17777],[106.65848,-6.17781],[106.65854,-6.17792],[106.6587,-6.17802],[106.65881,-6.17792],[106.65902,-6.17743],[106.6591,-6.17731],[106.65915,-6.17706],[106.65957,-6.17691],[106.65962,-6.17667],[106.6602,-6.17669],[106.6602,-6.17699],[106.66037,-6.1771],[106.66037,-6.17713],[106.6604,-6.17775],[106.66025,-6.17785],[106.66035,-6.1782],[106.66047,-6.17824],[106.66064,-6.17829],[106.66125,-6.1783],[106.66128,-6.17833],[106.66135,-6.17842],[106.66138,-6.17888],[106.66141,-6.17937],[106.66149,-6.17937],[106.66194,-6.17942],[106.66185,-6.17949],[106.66209,-6.18093],[106.66195,-6.18095],[106.66196,-6.18089],[106.6615,-6.18093],[106.66153,-6.18119],[106.66131,-6.18125],[106.66135,-6.18138],[106.66141,-6.18165],[106.66145,-6.18206],[106.6615,-6.18261],[106.66131,-6.18263],[106.66133,-6.1832],[106.66128,-6.1832],[106.66096,-6.18322],[106.66054,-6.18322],[106.65991,-6.18308],[106.65942,-6.18297],[106.6593,-6.18294],[106.65848,-6.18267],[106.65848,-6.18269],[106.65846,-6.18307],[106.65825,-6.18309],[106.65826,-6.18335],[106.65804,-6.18336],[106.65803,-6.18352],[106.6581,-6.18358],[106.65799,-6.1841],[106.65796,-6.18417],[106.65785,-6.18448],[106.65762,-6.18503],[106.65755,-6.18519],[106.65729,-6.18511],[106.65706,-6.18517],[106.65695,-6.18641],[106.65638,-6.18631],[106.65607,-6.18625],[106.65494,-6.18605],[106.65476,-6.18602],[106.65452,-6.18598],[106.65451,-6.18602],[106.65412,-6.18597],[106.65387,-6.18591],[106.6538,-6.18589],[106.65348,-6.18582],[106.65324,-6.18577],[106.65293,-6.18568],[106.65283,-6.18566],[106.65187,-6.18546],[106.65188,-6.18664],[106.65188,-6.18665],[106.64981,-6.18647],[106.6498,-6.18617],[106.64979,-6.18617],[106.64812,-6.18634],[106.64812,-6.18637],[106.6484,-6.18734],[106.6487,-6.1882],[106.64887,-6.1887],[106.64893,-6.18958],[106.64892,-6.18958],[106.64873,-6.19119],[106.64872,-6.19139],[106.64862,-6.19292],[106.64872,-6.19354],[106.64917,-6.19412],[106.65032,-6.19473],[106.65166,-6.19503],[106.65169,-6.19504],[106.65151,-6.19637],[106.65069,-6.19772],[106.6504,-6.19792],[106.65029,-6.19792],[106.65025,-6.19792],[106.65031,-6.19856],[106.6505,-6.1986],[106.65044,-6.19953],[106.6505,-6.1998],[106.65085,-6.20201],[106.65099,-6.20277],[106.65113,-6.203],[106.65126,-6.20331],[106.65134,-6.20366],[106.6515,-6.20462],[106.65145,-6.20466],[106.65024,-6.20488],[106.64967,-6.20493],[106.64957,-6.20491],[106.64948,-6.20485],[106.64937,-6.20482],[106.64935,-6.20481],[106.64936,-6.20481],[106.64925,-6.20478],[106.64901,-6.20475],[106.64867,-6.20477],[106.64845,-6.20481],[106.64798,-6.2051],[106.64789,-6.20515],[106.64777,-6.20561],[106.64758,-6.2062],[106.64756,-6.20691],[106.64744,-6.20693],[106.64694,-6.20692],[106.64629,-6.20692],[106.64618,-6.20699],[106.64625,-6.20737],[106.64625,-6.20739],[106.64632,-6.2077],[106.64637,-6.20795],[106.64637,-6.20799],[106.6464,-6.20848],[106.64646,-6.20883],[106.64658,-6.20884],[106.64655,-6.20936],[106.64653,-6.20949],[106.64648,-6.20977],[106.6466,-6.20978],[106.64659,-6.21003],[106.64659,-6.21123],[106.64659,-6.21162],[106.6466,-6.21212],[106.64663,-6.21379],[106.64655,-6.21379],[106.64644,-6.21378],[106.64615,-6.21382],[106.64561,-6.21388],[106.64531,-6.21391],[106.64478,-6.21401],[106.64444,-6.21407],[106.64437,-6.21408],[106.64411,-6.21409],[106.64389,-6.21412],[106.64333,-6.21418],[106.64297,-6.2142],[106.64296,-6.2142],[106.64288,-6.21422],[106.64276,-6.21424],[106.64261,-6.21428],[106.64252,-6.21428],[106.64245,-6.21428],[106.64236,-6.21428],[106.64206,-6.21426],[106.64163,-6.21424],[106.6414,-6.21423],[106.64097,-6.2142],[106.64063,-6.21416],[106.64057,-6.21414],[106.64033,-6.21414],[106.64025,-6.21414],[106.64017,-6.21415],[106.63939,-6.21419],[106.63854,-6.21415],[106.63842,-6.21417],[106.63785,-6.21424],[106.63778,-6.21425],[106.63777,-6.21446],[106.63742,-6.21449],[106.63742,-6.21449],[106.63742,-6.21446],[106.63742,-6.21431],[106.63733,-6.21433],[106.63699,-6.21439],[106.63673,-6.21439],[106.63635,-6.21439],[106.63634,-6.21462],[106.63611,-6.21462],[106.63583,-6.21462],[106.63578,-6.21462],[106.63574,-6.2148],[106.63553,-6.21487],[106.63552,-6.21468],[106.63533,-6.21468],[106.63512,-6.21468],[106.63476,-6.21467],[106.63475,-6.21454],[106.63472,-6.21455],[106.63441,-6.21472],[106.63437,-6.21435],[106.6343,-6.21442],[106.63407,-6.21442],[106.63385,-6.21462],[106.63335,-6.21475],[106.63313,-6.21474],[106.63308,-6.21473],[106.63224,-6.21466],[106.63221,-6.21467],[106.63171,-6.2147],[106.63149,-6.21467],[106.63108,-6.21462],[106.63067,-6.21457],[106.63002,-6.21463],[106.63001,-6.21468],[106.62981,-6.21475],[106.62975,-6.2148],[106.62968,-6.21486],[106.62965,-6.21486],[106.629,-6.21489],[106.62877,-6.2149],[106.6283,-6.21512],[106.62815,-6.2152],[106.62805,-6.21526],[106.62802,-6.21538],[106.62747,-6.21576],[106.62723,-6.21558],[106.6267,-6.21519],[106.62645,-6.21503],[106.62605,-6.21478],[106.62547,-6.2144],[106.62528,-6.21432],[106.625,-6.2142],[106.62461,-6.21401],[106.62407,-6.2138],[106.62326,-6.21361],[106.6225,-6.21346],[106.62148,-6.21327],[106.62139,-6.21324],[106.62057,-6.213],[106.62009,-6.21276],[106.61991,-6.21233],[106.61986,-6.21191],[106.61997,-6.21166],[106.6202,-6.2115],[106.62066,-6.2114],[106.62144,-6.21137],[106.62212,-6.21134],[106.62224,-6.21133],[106.62278,-6.21125],[106.62328,-6.21114],[106.62358,-6.21098],[106.62365,-6.21066],[106.62361,-6.21014],[106.62348,-6.20982],[106.62324,-6.2092],[106.62212,-6.20638],[106.62199,-6.20607],[106.62199,-6.20569],[106.62211,-6.20527],[106.62235,-6.20481],[106.62284,-6.20385],[106.62318,-6.20313],[106.62368,-6.20223],[106.62411,-6.20168],[106.62421,-6.20155],[106.6243,-6.20145],[106.62444,-6.20127],[106.62475,-6.2009],[106.625,-6.2007],[106.62561,-6.19995],[106.62569,-6.19984],[106.6261,-6.19922],[106.6262,-6.19906],[106.62639,-6.19865],[106.6264,-6.1986],[106.6264,-6.19858],[106.62644,-6.19822],[106.62639,-6.19767],[106.62639,-6.19762],[106.6263,-6.19726],[106.62625,-6.19706],[106.62617,-6.19649],[106.6261,-6.19585],[106.62609,-6.19579],[106.62608,-6.19563],[106.62603,-6.19498],[106.62603,-6.19409],[106.62605,-6.19325],[106.62608,-6.19246],[106.62614,-6.19217],[106.62624,-6.19189],[106.62639,-6.19156],[106.62661,-6.19138],[106.62703,-6.19117],[106.62754,-6.191],[106.62796,-6.1909],[106.62825,-6.19088],[106.62871,-6.19093],[106.62983,-6.19105],[106.63011,-6.19108],[106.63053,-6.19109],[106.63136,-6.19121],[106.63174,-6.19121],[106.63197,-6.19114],[106.63225,-6.191],[106.63246,-6.19086],[106.63289,-6.19059],[106.63341,-6.19027],[106.6338,-6.1899],[106.63404,-6.18965],[106.6342,-6.18931],[106.63425,-6.1892],[106.6343,-6.18889],[106.63429,-6.18868],[106.6342,-6.18847],[106.63398,-6.1883],[106.63363,-6.18815],[106.63338,-6.18803],[106.63304,-6.18795],[106.63268,-6.18793],[106.63216,-6.18786],[106.63192,-6.18777],[106.63176,-6.18768],[106.6315,-6.18753],[106.63092,-6.18722],[106.63063,-6.18707],[106.63032,-6.18674],[106.63016,-6.18633],[106.63005,-6.18576],[106.63007,-6.18535],[106.63008,-6.18528],[106.63009,-6.18525],[106.63014,-6.18487],[106.63024,-6.18424],[106.63021,-6.18362],[106.63011,-6.18285],[106.63,-6.18218],[106.62987,-6.1817],[106.62968,-6.18132],[106.62936,-6.18096],[106.62903,-6.18066],[106.62898,-6.18062],[106.62854,-6.18012],[106.62816,-6.17964],[106.62794,-6.17928],[106.62787,-6.17892],[106.62794,-6.17847],[106.62803,-6.17823],[106.62812,-6.17801],[106.62823,-6.17772],[106.62827,-6.17763],[106.62861,-6.17677],[106.62871,-6.17632],[106.62876,-6.1759],[106.62876,-6.17543],[106.62876,-6.17518],[106.62875,-6.17471],[106.62874,-6.17428],[106.62872,-6.17412],[106.62865,-6.17369],[106.62856,-6.17312],[106.62854,-6.17295],[106.62846,-6.17251],[106.62844,-6.17243],[106.62838,-6.17212],[106.6283,-6.1717],[106.62827,-6.1715],[106.62824,-6.17132],[106.62821,-6.1711],[106.62818,-6.17092],[106.62815,-6.1707],[106.62815,-6.17048],[106.62815,-6.17028],[106.62817,-6.17005],[106.62819,-6.16994],[106.62822,-6.16978],[106.62831,-6.16946],[106.62846,-6.16913],[106.62856,-6.16895],[106.62866,-6.16888],[106.62875,-6.16882],[106.62895,-6.16875],[106.62926,-6.16866],[106.62945,-6.16864],[106.62975,-6.16868],[106.62995,-6.1687],[106.63063,-6.16877],[106.63134,-6.16882],[106.63138,-6.16883],[106.63144,-6.16883],[106.63189,-6.16883],[106.63239,-6.16874],[106.63285,-6.16859],[106.63298,-6.16854],[106.63301,-6.16853],[106.63317,-6.16847],[106.63341,-6.16831],[106.63357,-6.16815],[106.63366,-6.1679],[106.6338,-6.16744],[106.63406,-6.16752],[106.63436,-6.16762],[106.63453,-6.16768],[106.63482,-6.16772],[106.63527,-6.16783],[106.63553,-6.16785],[106.63566,-6.16784],[106.63571,-6.16783],[106.63586,-6.16781],[106.63603,-6.16774],[106.6364,-6.16764],[106.63659,-6.1676],[106.63666,-6.16758],[106.63695,-6.16753],[106.637,-6.16752],[106.63753,-6.16746],[106.63827,-6.16737],[106.6388,-6.1673],[106.63916,-6.16723],[106.63941,-6.16719],[106.63966,-6.16715],[106.64023,-6.16706],[106.64072,-6.16699],[106.64109,-6.16693],[106.64131,-6.16688],[106.64152,-6.16686],[106.64197,-6.1668],[106.64223,-6.16677],[106.64265,-6.1667],[106.64295,-6.16666],[106.64358,-6.16655],[106.64368,-6.16653],[106.64401,-6.16648],[106.64422,-6.16644],[106.64433,-6.16643],[106.64477,-6.16634],[106.6452,-6.16626],[106.6454,-6.16622],[106.64574,-6.16617],[106.64585,-6.16615],[106.64607,-6.16611],[106.64617,-6.16609],[106.64632,-6.16607],[106.6464,-6.16606],[106.64656,-6.16603],[106.64686,-6.16599],[106.64705,-6.16596],[106.64738,-6.16595],[106.64748,-6.16594],[106.64769,-6.16592],[106.64795,-6.1659],[106.64807,-6.16588],[106.64825,-6.16584],[106.6488,-6.16569],[106.64898,-6.16565],[106.64941,-6.16556],[106.64967,-6.16551],[106.64993,-6.16542],[106.65004,-6.16541],[106.65013,-6.16539],[106.65035,-6.16534],[106.65044,-6.16533],[106.65082,-6.16527],[106.65123,-6.1652],[106.65131,-6.16519],[106.65168,-6.16513],[106.65198,-6.16508],[106.65205,-6.16507],[106.65216,-6.16506],[106.65224,-6.16505],[106.65241,-6.16502],[106.65267,-6.16497],[106.6529,-6.16492],[106.65298,-6.16491],[106.65324,-6.16487],[106.65362,-6.16481],[106.65388,-6.16477],[106.65399,-6.16475],[106.6541,-6.16473],[106.65419,-6.16472],[106.65435,-6.16468],[106.65474,-6.1646],[106.65504,-6.16455],[106.65509,-6.16454],[106.65523,-6.16451],[106.65534,-6.16448],[106.65547,-6.16445],[106.65573,-6.16438],[106.6559,-6.16434],[106.65609,-6.16431],[106.65636,-6.16427],[106.65711,-6.16384],[106.65777,-6.16347],[106.65779,-6.1636],[106.65778,-6.16388],[106.65776,-6.16401]]]]}}]}