{"type":"FeatureCollection","name":"ITA_R44915","crs":{"type":"name","properties":{"name":"urn:ogc:def:crs:OGC:1.3:CRS84"}},"features":[{"type":"Feature","properties":{"nbhd_name":"Area funzionale 159","uesi_id":"ITA_R44915","nbhd_code":"ITA_R44915_2"},"geometry":{"type":"MultiPolygon","coordinates":[[[[9.18849,45.48634],[9.18829,45.48557],[9.18722,45.48575],[9.18667,45.48596],[9.18516,45.48665],[9.18519,45.48677],[9.18465,45.48688],[9.1824,45.48795],[9.18245,45.48834],[9.18268,45.48848],[9.18311,45.4894],[9.1834,45.49014],[9.18368,45.49076],[9.18385,45.49115],[9.18398,45.49146],[9.18492,45.49125],[9.18629,45.49096],[9.18791,45.49056],[9.18912,45.49024],[9.18899,45.48898],[9.18886,45.48798],[9.18878,45.48731],[9.18855,45.48655],[9.18849,45.48634]]]]}},{"type":"Feature","properties":{"nbhd_name":"Area funzionale 16","uesi_id":"ITA_R44915","nbhd_code":"ITA_R44915_3"},"geometry":{"type":"MultiPolygon","coordinates":[[[[9.20774,45.48346],[9.20663,45.48241],[9.20571,45.4829],[9.20475,45.48341],[9.2042,45.48372],[9.20281,45.48445],[9.20164,45.48508],[9.20099,45.48543],[9.20145,45.48614],[9.20181,45.48669],[9.2026,45.48749],[9.20362,45.48841],[9.20389,45.48865],[9.20497,45.48965],[9.2064,45.49095],[9.207,45.49068],[9.20725,45.49056],[9.20948,45.48939],[9.2097,45.48928],[9.20991,45.48918],[9.21052,45.48888],[9.21147,45.48837],[9.21242,45.4879],[9.21133,45.48686],[9.21106,45.48659],[9.21062,45.48618],[9.20974,45.48534],[9.20918,45.48481],[9.20869,45.48435],[9.20809,45.48379],[9.20793,45.48364],[9.20774,45.48346]]]]}},{"type":"Feature","properties":{"nbhd_name":"Area funzionale 160","uesi_id":"ITA_R44915","nbhd_code":"ITA_R44915_4"},"geometry":{"type":"MultiPolygon","coordinates":[[[[9.19017,45.48993],[9.19046,45.48984],[9.1914,45.49011],[9.19175,45.48943],[9.19277,45.48913],[9.19292,45.48909],[9.19403,45.48876],[9.19508,45.48845],[9.1958,45.48817],[9.19689,45.48763],[9.19807,45.48701],[9.19868,45.48668],[9.19931,45.48634],[9.19871,45.48484],[9.19836,45.48389],[9.19751,45.48386],[9.19643,45.4841],[9.19527,45.48469],[9.19452,45.48513],[9.19433,45.48573],[9.19418,45.48601],[9.19395,45.48597],[9.19168,45.48567],[9.18905,45.48531],[9.18856,45.48526],[9.18833,45.4853],[9.18826,45.48544],[9.18829,45.48557],[9.18849,45.48634],[9.18855,45.48655],[9.18878,45.48731],[9.18886,45.48798],[9.18899,45.48898],[9.18912,45.49024],[9.19017,45.48993]]]]}},{"type":"Feature","properties":{"nbhd_name":"Area funzionale 161","uesi_id":"ITA_R44915","nbhd_code":"ITA_R44915_5"},"geometry":{"type":"MultiPolygon","coordinates":[[[[9.17053,45.49655],[9.17114,45.49654],[9.17177,45.49661],[9.17234,45.49665],[9.17328,45.4967],[9.17462,45.49678],[9.17603,45.49685],[9.17735,45.49695],[9.17872,45.49704],[9.17922,45.49707],[9.18022,45.49713],[9.18181,45.49725],[9.18387,45.49735],[9.18415,45.49737],[9.18514,45.49744],[9.1866,45.49752],[9.1864,45.49705],[9.186,45.49616],[9.18593,45.496],[9.18546,45.49483],[9.18533,45.49455],[9.1852,45.49426],[9.1849,45.49357],[9.18473,45.49317],[9.18398,45.49146],[9.18385,45.49115],[9.18368,45.49076],[9.1834,45.49014],[9.18311,45.4894],[9.18268,45.48848],[9.18245,45.48834],[9.1824,45.48795],[9.18225,45.48679],[9.17913,45.48914],[9.17784,45.48975],[9.17682,45.49009],[9.17597,45.49026],[9.17433,45.49045],[9.17303,45.4906],[9.17181,45.49086],[9.171,45.49114],[9.17041,45.49136],[9.16968,45.49174],[9.16836,45.49261],[9.16718,45.49349],[9.16636,45.49422],[9.16568,45.49481],[9.16391,45.49591],[9.16352,45.49623],[9.16204,45.4969],[9.16409,45.49824],[9.16478,45.49842],[9.16544,45.4985],[9.1658,45.49849],[9.16618,45.49846],[9.16659,45.49838],[9.16683,45.49823],[9.16746,45.49791],[9.1691,45.49718],[9.17013,45.49672],[9.17053,45.49655]]]]}},{"type":"Feature","properties":{"nbhd_name":"Area funzionale 162","uesi_id":"ITA_R44915","nbhd_code":"ITA_R44915_6"},"geometry":{"type":"MultiPolygon","coordinates":[[[[9.1914,45.49011],[9.19046,45.48984],[9.19017,45.48993],[9.18912,45.49024],[9.18791,45.49056],[9.18629,45.49096],[9.18492,45.49125],[9.18398,45.49146],[9.18473,45.49317],[9.1849,45.49357],[9.1852,45.49426],[9.18533,45.49455],[9.18546,45.49483],[9.18593,45.496],[9.186,45.49616],[9.1864,45.49705],[9.1866,45.49752],[9.18666,45.49765],[9.1887,45.49711],[9.18963,45.49688],[9.19169,45.49631],[9.19217,45.49619],[9.19283,45.49601],[9.19453,45.49555],[9.19363,45.49408],[9.19284,45.4926],[9.19235,45.49177],[9.1914,45.49011]]]]}},{"type":"Feature","properties":{"nbhd_name":"Area funzionale 163","uesi_id":"ITA_R44915","nbhd_code":"ITA_R44915_7"},"geometry":{"type":"MultiPolygon","coordinates":[[[[9.16947,45.49881],[9.16999,45.49811],[9.17093,45.49682],[9.17114,45.49654],[9.17053,45.49655],[9.17013,45.49672],[9.1691,45.49718],[9.16746,45.49791],[9.16683,45.49823],[9.16659,45.49838],[9.16618,45.49846],[9.1658,45.49849],[9.16544,45.4985],[9.16478,45.49842],[9.16409,45.49824],[9.16204,45.4969],[9.15991,45.49787],[9.15903,45.49828],[9.15841,45.49857],[9.15756,45.49897],[9.15393,45.50064],[9.15274,45.50115],[9.15123,45.50183],[9.15083,45.50202],[9.15026,45.5023],[9.14922,45.50298],[9.14838,45.50371],[9.14784,45.50432],[9.1475,45.50496],[9.14737,45.50568],[9.14746,45.5065],[9.14779,45.50723],[9.14821,45.50779],[9.1489,45.50843],[9.14974,45.50898],[9.15065,45.50946],[9.15144,45.50976],[9.15227,45.50997],[9.1533,45.51012],[9.1546,45.51015],[9.15545,45.51006],[9.15849,45.50959],[9.15948,45.50945],[9.16776,45.5082],[9.16764,45.50788],[9.16767,45.5077],[9.16796,45.50715],[9.16937,45.50458],[9.16901,45.50446],[9.16971,45.50359],[9.16655,45.50265],[9.16628,45.50257],[9.16532,45.50229],[9.16575,45.50195],[9.16605,45.5017],[9.16675,45.50113],[9.16689,45.50103],[9.16706,45.5009],[9.16804,45.50012],[9.16812,45.50006],[9.16894,45.49942],[9.16947,45.49881]]]]}},{"type":"Feature","properties":{"nbhd_name":"Area funzionale 164","uesi_id":"ITA_R44915","nbhd_code":"ITA_R44915_8"},"geometry":{"type":"MultiPolygon","coordinates":[[[[9.17177,45.49661],[9.17114,45.49654],[9.17093,45.49682],[9.16999,45.49811],[9.16947,45.49881],[9.16894,45.49942],[9.16812,45.50006],[9.16804,45.50012],[9.16706,45.5009],[9.16689,45.50103],[9.16675,45.50113],[9.16605,45.5017],[9.16575,45.50195],[9.16532,45.50229],[9.16628,45.50257],[9.16655,45.50265],[9.16971,45.50359],[9.16901,45.50446],[9.16937,45.50458],[9.16796,45.50715],[9.16767,45.5077],[9.16764,45.50788],[9.16776,45.5082],[9.1731,45.50735],[9.17398,45.50722],[9.17486,45.50613],[9.1739,45.50585],[9.17328,45.50568],[9.17379,45.50477],[9.17421,45.50403],[9.17531,45.50212],[9.17536,45.50201],[9.17552,45.50167],[9.17556,45.50128],[9.17558,45.50095],[9.17568,45.49978],[9.17603,45.49685],[9.17462,45.49678],[9.17328,45.4967],[9.17234,45.49665],[9.17177,45.49661]]]]}},{"type":"Feature","properties":{"nbhd_name":"Area funzionale 165","uesi_id":"ITA_R44915","nbhd_code":"ITA_R44915_9"},"geometry":{"type":"MultiPolygon","coordinates":[[[[9.17735,45.49695],[9.17603,45.49685],[9.17568,45.49978],[9.17558,45.50095],[9.17556,45.50128],[9.17552,45.50167],[9.17536,45.50201],[9.17531,45.50212],[9.17421,45.50403],[9.17379,45.50477],[9.17328,45.50568],[9.1739,45.50585],[9.17486,45.50613],[9.17398,45.50722],[9.17615,45.50689],[9.1779,45.50663],[9.17891,45.50646],[9.17901,45.50627],[9.17933,45.50582],[9.17988,45.50504],[9.18026,45.50448],[9.18043,45.50422],[9.18153,45.5026],[9.18294,45.50062],[9.18353,45.49976],[9.18361,45.49963],[9.18417,45.49881],[9.18433,45.49857],[9.18514,45.49744],[9.18415,45.49737],[9.18387,45.49735],[9.18181,45.49725],[9.18022,45.49713],[9.17922,45.49707],[9.17872,45.49704],[9.17735,45.49695]]]]}},{"type":"Feature","properties":{"nbhd_name":"Area funzionale 166","uesi_id":"ITA_R44915","nbhd_code":"ITA_R44915_10"},"geometry":{"type":"MultiPolygon","coordinates":[[[[9.19097,45.49902],[9.19166,45.49738],[9.1919,45.49679],[9.19169,45.49631],[9.18963,45.49688],[9.1887,45.49711],[9.18666,45.49765],[9.1866,45.49752],[9.18514,45.49744],[9.18433,45.49857],[9.18417,45.49881],[9.18361,45.49963],[9.18353,45.49976],[9.18294,45.50062],[9.18153,45.5026],[9.18043,45.50422],[9.18026,45.50448],[9.17988,45.50504],[9.17933,45.50582],[9.17901,45.50627],[9.17891,45.50646],[9.18009,45.50628],[9.18378,45.50571],[9.18489,45.50554],[9.18724,45.50518],[9.18852,45.50498],[9.18896,45.5038],[9.18929,45.50303],[9.18937,45.50285],[9.1897,45.5021],[9.18992,45.50156],[9.19018,45.50092],[9.19022,45.50084],[9.19037,45.50048],[9.19049,45.50018],[9.19072,45.49965],[9.19078,45.49946],[9.19097,45.49902]]]]}},{"type":"Feature","properties":{"nbhd_name":"Area funzionale 167","uesi_id":"ITA_R44915","nbhd_code":"ITA_R44915_11"},"geometry":{"type":"MultiPolygon","coordinates":[[[[9.19477,45.49602],[9.19453,45.49555],[9.19283,45.49601],[9.19217,45.49619],[9.19169,45.49631],[9.1919,45.49679],[9.19166,45.49738],[9.19097,45.49902],[9.19078,45.49946],[9.19072,45.49965],[9.19049,45.50018],[9.19037,45.50048],[9.19022,45.50084],[9.19018,45.50092],[9.18992,45.50156],[9.1897,45.5021],[9.18937,45.50285],[9.18929,45.50303],[9.18896,45.5038],[9.18852,45.50498],[9.19249,45.50437],[9.19332,45.50424],[9.19352,45.5042],[9.19443,45.50406],[9.19641,45.50377],[9.19723,45.50363],[9.19812,45.50349],[9.19893,45.50335],[9.19807,45.50184],[9.19798,45.5017],[9.19775,45.50129],[9.19728,45.50044],[9.19657,45.49924],[9.19618,45.49856],[9.1961,45.49842],[9.19575,45.49781],[9.19477,45.49602]]]]}},{"type":"Feature","properties":{"nbhd_name":"Area funzionale 168","uesi_id":"ITA_R44915","nbhd_code":"ITA_R44915_12"},"geometry":{"type":"MultiPolygon","coordinates":[[[[9.16803,45.52234],[9.16687,45.52027],[9.1663,45.51925],[9.16617,45.519],[9.16585,45.51861],[9.1658,45.51856],[9.1648,45.51739],[9.16282,45.51513],[9.16129,45.51334],[9.1606,45.51255],[9.16048,45.51243],[9.15977,45.51161],[9.1592,45.51091],[9.1589,45.51043],[9.15849,45.50959],[9.15545,45.51006],[9.1546,45.51015],[9.1533,45.51012],[9.15254,45.51099],[9.15191,45.51168],[9.15045,45.51326],[9.14985,45.51393],[9.14957,45.51427],[9.14913,45.51477],[9.14836,45.51569],[9.14766,45.51648],[9.14616,45.51819],[9.14462,45.51999],[9.14302,45.52184],[9.14355,45.52188],[9.14362,45.52157],[9.14411,45.52161],[9.14389,45.52271],[9.1452,45.52285],[9.14556,45.52141],[9.14849,45.52185],[9.1488,45.52094],[9.14882,45.52088],[9.14883,45.52083],[9.14812,45.52078],[9.14831,45.5203],[9.14766,45.5202],[9.14825,45.51871],[9.14832,45.51864],[9.14841,45.51862],[9.14851,45.51863],[9.14966,45.51881],[9.15006,45.5181],[9.15038,45.51817],[9.15139,45.5184],[9.15152,45.5181],[9.15384,45.5186],[9.15379,45.51868],[9.15364,45.51877],[9.15351,45.51898],[9.1524,45.51967],[9.1519,45.52],[9.15144,45.52029],[9.15091,45.52116],[9.15132,45.52114],[9.15162,45.52122],[9.1537,45.52165],[9.15409,45.52171],[9.15977,45.52278],[9.16152,45.5231],[9.16328,45.52344],[9.16628,45.52402],[9.16698,45.52334],[9.16763,45.52272],[9.16803,45.52234]]]]}},{"type":"Feature","properties":{"nbhd_name":"Area funzionale 169","uesi_id":"ITA_R44915","nbhd_code":"ITA_R44915_13"},"geometry":{"type":"MultiPolygon","coordinates":[[[[9.17849,45.50704],[9.17891,45.50646],[9.1779,45.50663],[9.17615,45.50689],[9.17398,45.50722],[9.1731,45.50735],[9.16776,45.5082],[9.15948,45.50945],[9.15849,45.50959],[9.1589,45.51043],[9.1592,45.51091],[9.15977,45.51161],[9.16048,45.51243],[9.1606,45.51255],[9.16129,45.51334],[9.16282,45.51513],[9.1648,45.51739],[9.1658,45.51856],[9.16585,45.51861],[9.16617,45.519],[9.1663,45.51925],[9.16687,45.52027],[9.16803,45.52234],[9.16807,45.52231],[9.16848,45.52191],[9.16879,45.52151],[9.1689,45.52131],[9.16925,45.52068],[9.16956,45.52012],[9.16981,45.51974],[9.1699,45.51959],[9.17,45.51939],[9.17027,45.51897],[9.17058,45.51846],[9.17075,45.51818],[9.17119,45.51746],[9.17143,45.5171],[9.17192,45.51637],[9.17232,45.51579],[9.17308,45.51474],[9.17329,45.51445],[9.17407,45.51335],[9.17499,45.51202],[9.17503,45.51196],[9.17583,45.51083],[9.17623,45.51026],[9.17639,45.51003],[9.17675,45.50951],[9.17712,45.50897],[9.17718,45.50891],[9.17777,45.50807],[9.17781,45.50802],[9.17811,45.50758],[9.17849,45.50704]]]]}},{"type":"Feature","properties":{"nbhd_name":"Area funzionale 17","uesi_id":"ITA_R44915","nbhd_code":"ITA_R44915_14"},"geometry":{"type":"MultiPolygon","coordinates":[[[[9.20124,45.49527],[9.20084,45.49475],[9.20059,45.49484],[9.2003,45.49486],[9.20001,45.49487],[9.1994,45.49476],[9.19914,45.49459],[9.19891,45.49437],[9.19756,45.49474],[9.19619,45.49511],[9.19453,45.49555],[9.19477,45.49602],[9.19575,45.49781],[9.1961,45.49842],[9.19618,45.49856],[9.19657,45.49924],[9.19728,45.50044],[9.19775,45.50129],[9.19798,45.5017],[9.19807,45.50184],[9.19893,45.50335],[9.19978,45.50321],[9.20069,45.50307],[9.20239,45.50281],[9.20298,45.50272],[9.20386,45.50258],[9.20475,45.50244],[9.20649,45.50217],[9.20586,45.50134],[9.20434,45.49934],[9.2037,45.49849],[9.20315,45.49775],[9.20292,45.49749],[9.2028,45.49731],[9.20258,45.49701],[9.20193,45.49616],[9.20178,45.49599],[9.2013,45.49534],[9.20124,45.49527]]]]}},{"type":"Feature","properties":{"nbhd_name":"Area funzionale 170","uesi_id":"ITA_R44915","nbhd_code":"ITA_R44915_15"},"geometry":{"type":"MultiPolygon","coordinates":[[[[9.18204,45.50732],[9.18378,45.50571],[9.18009,45.50628],[9.17891,45.50646],[9.17849,45.50704],[9.17811,45.50758],[9.17781,45.50802],[9.17777,45.50807],[9.17718,45.50891],[9.17712,45.50897],[9.17675,45.50951],[9.17639,45.51003],[9.17623,45.51026],[9.17583,45.51083],[9.17503,45.51196],[9.17499,45.51202],[9.17407,45.51335],[9.17329,45.51445],[9.17308,45.51474],[9.17232,45.51579],[9.174,45.51599],[9.17435,45.51606],[9.17513,45.51621],[9.17565,45.51626],[9.17644,45.51631],[9.17728,45.51637],[9.17868,45.51648],[9.17975,45.51287],[9.18022,45.51123],[9.1809,45.50894],[9.18116,45.50831],[9.18161,45.50773],[9.18204,45.50732]]]]}},{"type":"Feature","properties":{"nbhd_name":"Area funzionale 171","uesi_id":"ITA_R44915","nbhd_code":"ITA_R44915_16"},"geometry":{"type":"MultiPolygon","coordinates":[[[[9.18587,45.51266],[9.19079,45.51143],[9.19083,45.51151],[9.19193,45.51121],[9.19268,45.511],[9.19325,45.51084],[9.19621,45.51006],[9.1976,45.50968],[9.19866,45.50983],[9.19919,45.50989],[9.19966,45.50982],[9.19941,45.50936],[9.19932,45.5092],[9.19867,45.50807],[9.19866,45.50804],[9.19854,45.5078],[9.1981,45.50697],[9.19752,45.50587],[9.19703,45.50498],[9.19677,45.50449],[9.19641,45.50377],[9.19443,45.50406],[9.19352,45.5042],[9.19332,45.50424],[9.19249,45.50437],[9.18852,45.50498],[9.18724,45.50518],[9.18489,45.50554],[9.18378,45.50571],[9.18204,45.50732],[9.18161,45.50773],[9.18116,45.50831],[9.1809,45.50894],[9.18022,45.51123],[9.17975,45.51287],[9.17868,45.51648],[9.18245,45.51715],[9.18273,45.51636],[9.18292,45.51579],[9.18327,45.51528],[9.18369,45.51464],[9.18423,45.51414],[9.18455,45.51379],[9.18466,45.51335],[9.18469,45.51297],[9.18587,45.51266]]]]}},{"type":"Feature","properties":{"nbhd_name":"Area funzionale 172","uesi_id":"ITA_R44915","nbhd_code":"ITA_R44915_17"},"geometry":{"type":"MultiPolygon","coordinates":[[[[9.20808,45.51457],[9.21032,45.51393],[9.21069,45.51456],[9.21263,45.51404],[9.21226,45.51341],[9.21389,45.51295],[9.21437,45.51356],[9.21458,45.5135],[9.21483,45.51343],[9.21399,45.51225],[9.2122,45.50971],[9.21044,45.5073],[9.20996,45.5067],[9.20863,45.50496],[9.20803,45.50416],[9.20649,45.50217],[9.20475,45.50244],[9.20386,45.50258],[9.20298,45.50272],[9.20239,45.50281],[9.20069,45.50307],[9.19978,45.50321],[9.19893,45.50335],[9.19812,45.50349],[9.19723,45.50363],[9.19641,45.50377],[9.19677,45.50449],[9.19703,45.50498],[9.19752,45.50587],[9.1981,45.50697],[9.19854,45.5078],[9.19866,45.50804],[9.19867,45.50807],[9.19932,45.5092],[9.19941,45.50936],[9.19966,45.50982],[9.20005,45.51055],[9.20012,45.51068],[9.20059,45.51152],[9.20084,45.51192],[9.20151,45.51312],[9.20309,45.51592],[9.20405,45.51564],[9.20446,45.51553],[9.20563,45.51521],[9.20696,45.51486],[9.20808,45.51457]]]]}},{"type":"Feature","properties":{"nbhd_name":"Area funzionale 173","uesi_id":"ITA_R44915","nbhd_code":"ITA_R44915_18"},"geometry":{"type":"MultiPolygon","coordinates":[[[[9.16727,45.53595],[9.16732,45.53557],[9.16879,45.5357],[9.16881,45.53531],[9.16921,45.53533],[9.17081,45.53548],[9.1709,45.53508],[9.17202,45.53516],[9.17202,45.53496],[9.17288,45.53498],[9.17277,45.53393],[9.17259,45.53201],[9.17248,45.53125],[9.17239,45.53089],[9.17237,45.53076],[9.17194,45.52982],[9.17146,45.52877],[9.17092,45.52773],[9.17067,45.52725],[9.17014,45.52631],[9.16996,45.526],[9.16951,45.52514],[9.16887,45.52397],[9.16803,45.52234],[9.16763,45.52272],[9.16698,45.52334],[9.16628,45.52402],[9.16328,45.52344],[9.16152,45.5231],[9.15977,45.52278],[9.15409,45.52171],[9.1537,45.52165],[9.15162,45.52122],[9.15115,45.52309],[9.15179,45.52318],[9.15149,45.52425],[9.1526,45.5244],[9.15237,45.52539],[9.1527,45.52543],[9.15262,45.52577],[9.15364,45.5259],[9.15371,45.52558],[9.15427,45.52564],[9.15515,45.52574],[9.15501,45.52622],[9.15642,45.52641],[9.15621,45.52709],[9.15601,45.52773],[9.15567,45.52877],[9.15578,45.52879],[9.15681,45.52899],[9.15654,45.53008],[9.15699,45.53013],[9.15675,45.53101],[9.15778,45.53116],[9.15748,45.53237],[9.15856,45.53274],[9.15849,45.53344],[9.15848,45.53348],[9.1612,45.53382],[9.16092,45.53456],[9.1627,45.53475],[9.16427,45.53492],[9.16422,45.53509],[9.16572,45.53526],[9.16561,45.53579],[9.16727,45.53595]]]]}},{"type":"Feature","properties":{"nbhd_name":"Area funzionale 174","uesi_id":"ITA_R44915","nbhd_code":"ITA_R44915_19"},"geometry":{"type":"MultiPolygon","coordinates":[[[[9.174,45.51599],[9.17232,45.51579],[9.17192,45.51637],[9.17143,45.5171],[9.17119,45.51746],[9.17075,45.51818],[9.17058,45.51846],[9.17027,45.51897],[9.17,45.51939],[9.1699,45.51959],[9.16981,45.51974],[9.16956,45.52012],[9.16925,45.52068],[9.1689,45.52131],[9.16879,45.52151],[9.16848,45.52191],[9.16807,45.52231],[9.16803,45.52234],[9.16887,45.52397],[9.16951,45.52514],[9.17071,45.52421],[9.17125,45.52382],[9.17204,45.52323],[9.17267,45.52272],[9.17352,45.5221],[9.17486,45.52122],[9.17567,45.52067],[9.17683,45.51987],[9.17729,45.51947],[9.17767,45.51899],[9.17796,45.51848],[9.17815,45.51798],[9.17868,45.51648],[9.17728,45.51637],[9.17644,45.51631],[9.17565,45.51626],[9.17513,45.51621],[9.17435,45.51606],[9.174,45.51599]]]]}},{"type":"Feature","properties":{"nbhd_name":"Area funzionale 175","uesi_id":"ITA_R44915","nbhd_code":"ITA_R44915_20"},"geometry":{"type":"MultiPolygon","coordinates":[[[[9.18859,45.52646],[9.18976,45.52631],[9.1925,45.52631],[9.19234,45.52317],[9.19228,45.5225],[9.19227,45.52239],[9.19223,45.52145],[9.19211,45.52013],[9.19209,45.51976],[9.192,45.5185],[9.19189,45.51789],[9.1919,45.51784],[9.1915,45.51749],[9.19103,45.51708],[9.19096,45.51682],[9.19102,45.51648],[9.19108,45.51611],[9.19111,45.5156],[9.19112,45.51521],[9.19122,45.51489],[9.19124,45.5139],[9.19124,45.51365],[9.19123,45.51275],[9.19114,45.51233],[9.19083,45.51151],[9.19079,45.51143],[9.18587,45.51266],[9.18469,45.51297],[9.18466,45.51335],[9.18455,45.51379],[9.18423,45.51414],[9.18369,45.51464],[9.18327,45.51528],[9.18292,45.51579],[9.18273,45.51636],[9.18245,45.51715],[9.17868,45.51648],[9.17815,45.51798],[9.17796,45.51848],[9.17767,45.51899],[9.17729,45.51947],[9.17683,45.51987],[9.17567,45.52067],[9.17486,45.52122],[9.17352,45.5221],[9.17483,45.523],[9.17551,45.52348],[9.17616,45.52391],[9.1763,45.52397],[9.17675,45.52414],[9.17788,45.52434],[9.17821,45.5244],[9.17879,45.52448],[9.17939,45.52456],[9.18062,45.52476],[9.18093,45.52491],[9.18109,45.52512],[9.18113,45.52538],[9.18082,45.52708],[9.18087,45.52774],[9.1809,45.52806],[9.18522,45.5277],[9.1863,45.52744],[9.18763,45.5268],[9.18859,45.52646]]]]}},{"type":"Feature","properties":{"nbhd_name":"Area funzionale 176","uesi_id":"ITA_R44915","nbhd_code":"ITA_R44915_21"},"geometry":{"type":"MultiPolygon","coordinates":[[[[9.19219,45.51761],[9.19261,45.51718],[9.19376,45.5173],[9.19524,45.51748],[9.19596,45.51757],[9.1967,45.51757],[9.19726,45.51751],[9.19795,45.51736],[9.19808,45.51733],[9.19871,45.51715],[9.20016,45.51674],[9.20193,45.51625],[9.20309,45.51592],[9.20151,45.51312],[9.20084,45.51192],[9.20059,45.51152],[9.20012,45.51068],[9.20005,45.51055],[9.19966,45.50982],[9.19919,45.50989],[9.19866,45.50983],[9.1976,45.50968],[9.19621,45.51006],[9.19325,45.51084],[9.19268,45.511],[9.19193,45.51121],[9.19083,45.51151],[9.19114,45.51233],[9.19123,45.51275],[9.19124,45.51365],[9.19124,45.5139],[9.19122,45.51489],[9.19112,45.51521],[9.19111,45.5156],[9.19108,45.51611],[9.19102,45.51648],[9.19096,45.51682],[9.19103,45.51708],[9.1915,45.51749],[9.1919,45.51784],[9.19219,45.51761]]]]}},{"type":"Feature","properties":{"nbhd_name":"Area funzionale 177","uesi_id":"ITA_R44915","nbhd_code":"ITA_R44915_22"},"geometry":{"type":"MultiPolygon","coordinates":[[[[9.17565,45.53597],[9.17572,45.53532],[9.17764,45.53545],[9.17807,45.53478],[9.17912,45.53534],[9.17914,45.53509],[9.17914,45.535],[9.17925,45.53502],[9.17951,45.53507],[9.17974,45.53511],[9.17998,45.53516],[9.18029,45.53414],[9.18197,45.53438],[9.18201,45.53423],[9.18299,45.53436],[9.18305,45.53416],[9.18334,45.53318],[9.18355,45.53322],[9.18426,45.53335],[9.18432,45.53306],[9.18455,45.53272],[9.18458,45.53268],[9.18465,45.53203],[9.18469,45.53167],[9.1847,45.53153],[9.18469,45.53137],[9.18469,45.53118],[9.18476,45.53093],[9.18488,45.53055],[9.18527,45.5306],[9.18597,45.53068],[9.18654,45.53074],[9.18661,45.53042],[9.18669,45.53007],[9.18663,45.53005],[9.18663,45.52991],[9.18662,45.5298],[9.18662,45.52948],[9.18722,45.52887],[9.18726,45.52883],[9.18817,45.52791],[9.18895,45.52711],[9.18899,45.52708],[9.19013,45.52718],[9.19045,45.52721],[9.19044,45.52725],[9.19035,45.52765],[9.19049,45.52766],[9.19045,45.52776],[9.19268,45.52799],[9.19261,45.52726],[9.1925,45.52631],[9.18976,45.52631],[9.18859,45.52646],[9.18763,45.5268],[9.1863,45.52744],[9.18522,45.5277],[9.1809,45.52806],[9.18087,45.52774],[9.18082,45.52708],[9.18113,45.52538],[9.18109,45.52512],[9.18093,45.52491],[9.18062,45.52476],[9.17939,45.52456],[9.17879,45.52448],[9.17821,45.5244],[9.17788,45.52434],[9.17675,45.52414],[9.1763,45.52397],[9.17616,45.52391],[9.17551,45.52348],[9.17483,45.523],[9.17352,45.5221],[9.17267,45.52272],[9.17204,45.52323],[9.17125,45.52382],[9.17071,45.52421],[9.16951,45.52514],[9.16996,45.526],[9.17014,45.52631],[9.17067,45.52725],[9.17092,45.52773],[9.17146,45.52877],[9.17194,45.52982],[9.17237,45.53076],[9.17239,45.53089],[9.17248,45.53125],[9.17259,45.53201],[9.17277,45.53393],[9.17288,45.53498],[9.17425,45.53502],[9.17406,45.53592],[9.17565,45.53597]]]]}},{"type":"Feature","properties":{"nbhd_name":"Area funzionale 1","uesi_id":"ITA_R44915","nbhd_code":"ITA_R44915_23"},"geometry":{"type":"MultiPolygon","coordinates":[[[[9.19971,45.46421],[9.19881,45.46322],[9.19805,45.46244],[9.19716,45.46152],[9.19658,45.46089],[9.19644,45.46076],[9.19529,45.45953],[9.19402,45.4582],[9.19339,45.45758],[9.19219,45.45833],[9.1921,45.45838],[9.19182,45.45855],[9.19158,45.45869],[9.19112,45.45896],[9.19028,45.45946],[9.1897,45.45978],[9.1891,45.4601],[9.18883,45.46026],[9.18975,45.46093],[9.19066,45.46167],[9.19127,45.46214],[9.19122,45.46218],[9.1916,45.46245],[9.19227,45.46273],[9.19215,45.46303],[9.19211,45.46372],[9.19,45.46368],[9.1885,45.46369],[9.18826,45.46373],[9.18766,45.46413],[9.18715,45.46449],[9.18618,45.46521],[9.18567,45.46562],[9.18521,45.46598],[9.18625,45.46606],[9.18572,45.46732],[9.18566,45.46751],[9.18541,45.46854],[9.18536,45.46876],[9.18534,45.46896],[9.18526,45.46934],[9.18478,45.47017],[9.18453,45.4706],[9.18425,45.47102],[9.18409,45.47139],[9.184,45.47164],[9.18394,45.47182],[9.18389,45.47209],[9.18494,45.47236],[9.18546,45.47248],[9.18739,45.4729],[9.18781,45.47294],[9.18829,45.47296],[9.1893,45.4731],[9.18951,45.47312],[9.19032,45.47322],[9.19067,45.47318],[9.19121,45.47308],[9.19275,45.47281],[9.19447,45.47249],[9.195,45.4724],[9.19513,45.47229],[9.19738,45.47045],[9.19805,45.46993],[9.19815,45.46983],[9.19822,45.46977],[9.19904,45.46901],[9.19925,45.46878],[9.19953,45.46847],[9.19975,45.46821],[9.20021,45.46758],[9.20044,45.46726],[9.20054,45.46701],[9.20053,45.46673],[9.2005,45.46627],[9.20046,45.46579],[9.20036,45.46543],[9.19999,45.46478],[9.19971,45.46421]]]]}},{"type":"Feature","properties":{"nbhd_name":"Area funzionale 10","uesi_id":"ITA_R44915","nbhd_code":"ITA_R44915_24"},"geometry":{"type":"MultiPolygon","coordinates":[[[[9.16554,45.46341],[9.16596,45.46317],[9.16632,45.46297],[9.16808,45.46198],[9.1685,45.46174],[9.16878,45.46198],[9.17038,45.46333],[9.17084,45.46319],[9.1723,45.46275],[9.1725,45.4627],[9.17327,45.46247],[9.17364,45.46235],[9.17348,45.46189],[9.17326,45.46167],[9.17351,45.46148],[9.17412,45.46106],[9.17513,45.46035],[9.17755,45.4589],[9.17795,45.45903],[9.17816,45.4591],[9.17821,45.45902],[9.178,45.45887],[9.17785,45.45878],[9.17754,45.4586],[9.17689,45.45815],[9.17668,45.45833],[9.17551,45.45823],[9.17479,45.45772],[9.17371,45.45699],[9.17318,45.45664],[9.17273,45.45631],[9.17173,45.45558],[9.17134,45.45586],[9.17062,45.45633],[9.16943,45.4571],[9.16874,45.45755],[9.16743,45.45843],[9.16737,45.45846],[9.16707,45.45866],[9.16579,45.4595],[9.1656,45.45962],[9.1638,45.4608],[9.16372,45.4609],[9.16342,45.46129],[9.16405,45.46355],[9.16443,45.4635],[9.16506,45.46341],[9.16514,45.46364],[9.16545,45.46347],[9.16554,45.46341]]]]}},{"type":"Feature","properties":{"nbhd_name":"Area funzionale 100","uesi_id":"ITA_R44915","nbhd_code":"ITA_R44915_25"},"geometry":{"type":"MultiPolygon","coordinates":[[[[9.14803,45.44253],[9.14945,45.44142],[9.15009,45.44093],[9.15047,45.44067],[9.15191,45.43959],[9.15274,45.43887],[9.15422,45.43775],[9.15419,45.43707],[9.15357,45.43706],[9.1523,45.43703],[9.15131,45.437],[9.15063,45.43698],[9.14944,45.43694],[9.14886,45.4369],[9.14852,45.43689],[9.14719,45.43681],[9.14671,45.43679],[9.1462,45.43684],[9.14523,45.43702],[9.14436,45.43732],[9.1437,45.43767],[9.14306,45.43819],[9.14274,45.43857],[9.14248,45.43889],[9.14147,45.44003],[9.14097,45.4408],[9.14074,45.44115],[9.14023,45.44101],[9.13958,45.44201],[9.13843,45.44163],[9.13741,45.4413],[9.13741,45.44164],[9.13716,45.44223],[9.13911,45.44283],[9.13871,45.44355],[9.1386,45.44414],[9.13881,45.44419],[9.14238,45.44495],[9.14424,45.44534],[9.14599,45.44569],[9.14775,45.4428],[9.14803,45.44253]]]]}},{"type":"Feature","properties":{"nbhd_name":"Area funzionale 101","uesi_id":"ITA_R44915","nbhd_code":"ITA_R44915_26"},"geometry":{"type":"MultiPolygon","coordinates":[[[[9.14359,45.44987],[9.14403,45.44917],[9.14469,45.44801],[9.14473,45.44795],[9.14557,45.44636],[9.14432,45.44606],[9.14131,45.44538],[9.13912,45.44486],[9.13815,45.4446],[9.13667,45.4442],[9.13499,45.44373],[9.13294,45.44309],[9.1326,45.44367],[9.13233,45.44419],[9.13172,45.44518],[9.13197,45.44527],[9.13387,45.44588],[9.13403,45.44593],[9.13488,45.4462],[9.13457,45.44671],[9.13449,45.44682],[9.13697,45.44763],[9.13685,45.44781],[9.13792,45.44816],[9.13822,45.44826],[9.1381,45.44841],[9.13781,45.44836],[9.13753,45.44881],[9.137,45.44968],[9.13592,45.44937],[9.13575,45.44969],[9.13655,45.44995],[9.13727,45.4502],[9.1377,45.45033],[9.139,45.45076],[9.13916,45.45081],[9.13948,45.45093],[9.14155,45.45156],[9.14242,45.45187],[9.14282,45.45112],[9.14305,45.45077],[9.1434,45.45016],[9.14359,45.44987]]]]}},{"type":"Feature","properties":{"nbhd_name":"Area funzionale 102","uesi_id":"ITA_R44915","nbhd_code":"ITA_R44915_27"},"geometry":{"type":"MultiPolygon","coordinates":[[[[9.14155,45.45156],[9.13948,45.45093],[9.13916,45.45081],[9.139,45.45076],[9.1377,45.45033],[9.13727,45.4502],[9.13655,45.44995],[9.13625,45.45044],[9.1365,45.45053],[9.1363,45.45083],[9.13619,45.45102],[9.1361,45.45098],[9.13594,45.45096],[9.13581,45.45114],[9.13566,45.4514],[9.13635,45.45162],[9.1361,45.452],[9.13594,45.4522],[9.13597,45.45319],[9.13597,45.45338],[9.13603,45.45398],[9.13609,45.45474],[9.1362,45.45633],[9.13621,45.45661],[9.13641,45.45861],[9.13649,45.45994],[9.13655,45.46043],[9.13666,45.46129],[9.13671,45.4616],[9.13839,45.45881],[9.13917,45.45749],[9.13968,45.4566],[9.14006,45.45588],[9.14035,45.4554],[9.14061,45.455],[9.14089,45.45452],[9.14108,45.4542],[9.14114,45.45407],[9.14143,45.45355],[9.14177,45.45295],[9.14206,45.45244],[9.14242,45.45187],[9.14155,45.45156]]]]}},{"type":"Feature","properties":{"nbhd_name":"Area funzionale 103","uesi_id":"ITA_R44915","nbhd_code":"ITA_R44915_28"},"geometry":{"type":"MultiPolygon","coordinates":[[[[9.13597,45.45319],[9.13594,45.4522],[9.1361,45.452],[9.13635,45.45162],[9.13566,45.4514],[9.13581,45.45114],[9.13594,45.45096],[9.1361,45.45098],[9.13619,45.45102],[9.1363,45.45083],[9.1365,45.45053],[9.13625,45.45044],[9.13655,45.44995],[9.13575,45.44969],[9.13318,45.44886],[9.13197,45.44849],[9.13144,45.44832],[9.13056,45.44801],[9.13015,45.44788],[9.12962,45.44771],[9.12904,45.44752],[9.12841,45.44731],[9.12777,45.44712],[9.12676,45.44902],[9.12583,45.45085],[9.12579,45.45092],[9.12531,45.45181],[9.12708,45.45231],[9.12864,45.4527],[9.12869,45.45261],[9.12969,45.45291],[9.13171,45.4535],[9.13223,45.45364],[9.13311,45.45389],[9.13371,45.45406],[9.13441,45.45426],[9.13609,45.45474],[9.13603,45.45398],[9.13597,45.45338],[9.13597,45.45319]]]]}},{"type":"Feature","properties":{"nbhd_name":"Area funzionale 104","uesi_id":"ITA_R44915","nbhd_code":"ITA_R44915_29"},"geometry":{"type":"MultiPolygon","coordinates":[[[[9.13666,45.46129],[9.13655,45.46043],[9.13649,45.45994],[9.13641,45.45861],[9.13621,45.45661],[9.1362,45.45633],[9.13609,45.45474],[9.13441,45.45426],[9.13371,45.45406],[9.13311,45.45389],[9.13223,45.45364],[9.13171,45.4535],[9.12969,45.45291],[9.12869,45.45261],[9.12864,45.4527],[9.12708,45.45231],[9.12531,45.45181],[9.12494,45.4525],[9.12455,45.45323],[9.12441,45.45352],[9.1236,45.45514],[9.1234,45.45546],[9.12223,45.45757],[9.12278,45.45773],[9.1247,45.45822],[9.12622,45.45863],[9.1253,45.46015],[9.12883,45.46113],[9.12906,45.46064],[9.1295,45.46078],[9.13089,45.46115],[9.13128,45.46125],[9.13291,45.46168],[9.13374,45.46188],[9.13495,45.46221],[9.13524,45.4621],[9.13581,45.46189],[9.13671,45.4616],[9.13666,45.46129]]]]}},{"type":"Feature","properties":{"nbhd_name":"Area funzionale 105","uesi_id":"ITA_R44915","nbhd_code":"ITA_R44915_30"},"geometry":{"type":"MultiPolygon","coordinates":[[[[9.14966,45.43016],[9.15035,45.42955],[9.15018,45.42944],[9.14992,45.42923],[9.14986,45.4291],[9.14988,45.42894],[9.15001,45.4288],[9.15061,45.42851],[9.15111,45.4283],[9.15141,45.42829],[9.1518,45.42842],[9.15251,45.42871],[9.15557,45.42811],[9.15583,45.42856],[9.15631,45.42846],[9.15801,45.42797],[9.15785,45.42751],[9.15876,45.42724],[9.15889,45.42776],[9.15984,45.42722],[9.15989,45.42708],[9.15971,45.42676],[9.15987,45.42648],[9.16012,45.42624],[9.16056,45.42605],[9.16112,45.42589],[9.15913,45.42243],[9.15772,45.42092],[9.15594,45.41908],[9.15445,45.41758],[9.15433,45.41743],[9.15266,45.4152],[9.15252,45.41544],[9.152,45.41634],[9.15188,45.41629],[9.15149,45.4161],[9.15002,45.41541],[9.1496,45.41521],[9.15068,45.41469],[9.15052,45.41457],[9.15034,45.41444],[9.15003,45.41427],[9.14973,45.41421],[9.14953,45.41419],[9.14949,45.41419],[9.14937,45.4142],[9.149,45.41422],[9.14811,45.41389],[9.14791,45.41423],[9.14775,45.41449],[9.14769,45.41467],[9.14764,45.41481],[9.14756,45.41496],[9.14751,45.41504],[9.14739,45.41523],[9.14724,45.41546],[9.14722,45.4158],[9.14705,45.41598],[9.14692,45.41613],[9.14645,45.41648],[9.14608,45.41676],[9.14553,45.41743],[9.14508,45.41798],[9.14492,45.41813],[9.14476,45.41829],[9.14431,45.41812],[9.14314,45.41768],[9.14295,45.41764],[9.14274,45.41754],[9.14232,45.41743],[9.14145,45.41718],[9.14144,45.41722],[9.14133,45.41748],[9.14008,45.41717],[9.13952,45.41661],[9.13949,45.41658],[9.13929,45.41648],[9.13925,45.41735],[9.13913,45.41773],[9.13902,45.41783],[9.13837,45.41783],[9.13827,45.41787],[9.13608,45.4175],[9.13603,45.41749],[9.1361,45.41742],[9.13631,45.41717],[9.13786,45.41538],[9.1377,45.41542],[9.13729,45.41539],[9.13693,45.4153],[9.1364,45.415],[9.13606,45.41481],[9.13562,45.4147],[9.1334,45.41418],[9.13323,45.41439],[9.13314,45.4145],[9.13296,45.41452],[9.13248,45.41525],[9.13208,45.41563],[9.13194,45.41576],[9.13163,45.41593],[9.13153,45.41598],[9.13027,45.41728],[9.13048,45.41735],[9.13036,45.41802],[9.13065,45.41935],[9.13065,45.41942],[9.13065,45.41956],[9.13063,45.41979],[9.13054,45.42009],[9.13053,45.42036],[9.13047,45.42057],[9.13092,45.42062],[9.13088,45.42077],[9.13067,45.42162],[9.13089,45.42155],[9.13097,45.4215],[9.13103,45.42145],[9.13106,45.42129],[9.13107,45.42098],[9.13108,45.42089],[9.13112,45.42077],[9.13119,45.42074],[9.13125,45.42072],[9.13133,45.42071],[9.13144,45.42069],[9.13159,45.42072],[9.13196,45.42078],[9.13193,45.42091],[9.13188,45.42112],[9.13194,45.42122],[9.13197,45.42124],[9.13201,45.42128],[9.13206,45.42129],[9.13227,45.42134],[9.13225,45.42175],[9.13208,45.42328],[9.13205,45.42358],[9.13202,45.42364],[9.13189,45.42379],[9.13166,45.42397],[9.13152,45.42405],[9.13124,45.42422],[9.13106,45.42432],[9.13083,45.42444],[9.12865,45.42562],[9.12854,45.42569],[9.12849,45.42572],[9.12838,45.4258],[9.12826,45.42588],[9.12815,45.4261],[9.12806,45.4262],[9.12777,45.42643],[9.12766,45.42651],[9.12757,45.42662],[9.12706,45.4276],[9.12701,45.42769],[9.12699,45.42773],[9.12684,45.42802],[9.12674,45.42827],[9.12668,45.42856],[9.12668,45.42863],[9.12668,45.4287],[9.12668,45.4288],[9.12667,45.42914],[9.12667,45.42947],[9.12666,45.42969],[9.12666,45.42988],[9.12694,45.42995],[9.12787,45.43017],[9.12961,45.43044],[9.12993,45.43052],[9.1304,45.43066],[9.13113,45.43072],[9.13175,45.43069],[9.13189,45.43066],[9.13318,45.4287],[9.13438,45.42905],[9.13464,45.42925],[9.13557,45.42961],[9.13597,45.42959],[9.1366,45.42995],[9.13698,45.43001],[9.13769,45.42947],[9.13886,45.42855],[9.13901,45.42836],[9.14005,45.43005],[9.14071,45.43099],[9.14346,45.43046],[9.14506,45.43015],[9.14521,45.43045],[9.14614,45.43111],[9.14693,45.43155],[9.14763,45.43192],[9.1483,45.43133],[9.14922,45.43053],[9.14966,45.43016]]]]}},{"type":"Feature","properties":{"nbhd_name":"Area funzionale 106","uesi_id":"ITA_R44915","nbhd_code":"ITA_R44915_31"},"geometry":{"type":"MultiPolygon","coordinates":[[[[9.1462,45.43684],[9.14671,45.43679],[9.14719,45.43681],[9.14852,45.43689],[9.14886,45.4369],[9.14944,45.43694],[9.15063,45.43698],[9.15131,45.437],[9.1523,45.43703],[9.15357,45.43706],[9.15419,45.43707],[9.1546,45.43708],[9.15458,45.43578],[9.15456,45.43523],[9.15456,45.43446],[9.15454,45.43374],[9.1544,45.4321],[9.15395,45.43204],[9.15361,45.43203],[9.15335,45.43193],[9.1531,45.43163],[9.15289,45.43141],[9.15189,45.43066],[9.15172,45.43054],[9.15035,45.42955],[9.14966,45.43016],[9.14922,45.43053],[9.1483,45.43133],[9.14763,45.43192],[9.14693,45.43155],[9.14614,45.43111],[9.14521,45.43045],[9.14506,45.43015],[9.14346,45.43046],[9.14071,45.43099],[9.14005,45.43005],[9.13901,45.42836],[9.13886,45.42855],[9.13769,45.42947],[9.13698,45.43001],[9.1366,45.42995],[9.13597,45.42959],[9.13557,45.42961],[9.13464,45.42925],[9.13438,45.42905],[9.13318,45.4287],[9.13189,45.43066],[9.13175,45.43069],[9.13113,45.43072],[9.1304,45.43066],[9.12993,45.43052],[9.12961,45.43044],[9.12787,45.43017],[9.12694,45.42995],[9.12666,45.42988],[9.12667,45.42991],[9.1267,45.43001],[9.12668,45.43006],[9.12665,45.4301],[9.12655,45.4302],[9.12645,45.4303],[9.12598,45.43069],[9.12566,45.43096],[9.12562,45.431],[9.1257,45.43143],[9.12379,45.43485],[9.12348,45.43555],[9.12407,45.43598],[9.12643,45.43737],[9.12726,45.43784],[9.12888,45.43828],[9.13114,45.43579],[9.13187,45.43573],[9.13222,45.43588],[9.13294,45.43573],[9.13548,45.43582],[9.13635,45.43576],[9.13727,45.43584],[9.13785,45.43589],[9.138,45.43593],[9.13863,45.43611],[9.13897,45.43528],[9.13973,45.43541],[9.13972,45.43617],[9.1397,45.43653],[9.13955,45.43697],[9.13927,45.43782],[9.1393,45.43796],[9.13986,45.4381],[9.14248,45.43889],[9.14274,45.43857],[9.14306,45.43819],[9.1437,45.43767],[9.14436,45.43732],[9.14523,45.43702],[9.1462,45.43684]]]]}},{"type":"Feature","properties":{"nbhd_name":"Area funzionale 107","uesi_id":"ITA_R44915","nbhd_code":"ITA_R44915_32"},"geometry":{"type":"MultiPolygon","coordinates":[[[[9.13741,45.44164],[9.13741,45.4413],[9.13843,45.44163],[9.13958,45.44201],[9.14023,45.44101],[9.14074,45.44115],[9.14097,45.4408],[9.14147,45.44003],[9.14248,45.43889],[9.13986,45.4381],[9.1393,45.43796],[9.13927,45.43782],[9.13955,45.43697],[9.1397,45.43653],[9.13972,45.43617],[9.13973,45.43541],[9.13897,45.43528],[9.13863,45.43611],[9.138,45.43593],[9.13785,45.43589],[9.13727,45.43584],[9.13635,45.43576],[9.13548,45.43582],[9.13294,45.43573],[9.13222,45.43588],[9.13187,45.43573],[9.13114,45.43579],[9.12888,45.43828],[9.12726,45.43784],[9.12643,45.43737],[9.12407,45.43598],[9.12348,45.43555],[9.12379,45.43485],[9.1257,45.43143],[9.12562,45.431],[9.12456,45.43191],[9.1215,45.43453],[9.12143,45.43456],[9.12126,45.43464],[9.12123,45.4347],[9.12124,45.43474],[9.12126,45.43477],[9.12141,45.43487],[9.12168,45.43496],[9.12187,45.43503],[9.12196,45.43506],[9.12208,45.43511],[9.12209,45.43514],[9.1221,45.43516],[9.12207,45.43528],[9.12153,45.4362],[9.12092,45.43723],[9.12075,45.43751],[9.12262,45.43806],[9.1242,45.43853],[9.12532,45.43892],[9.12584,45.43918],[9.12635,45.43958],[9.12759,45.4405],[9.12783,45.44064],[9.12804,45.44073],[9.12929,45.44111],[9.13,45.44133],[9.13213,45.44203],[9.13416,45.44275],[9.13633,45.44358],[9.13737,45.44392],[9.1386,45.44414],[9.13871,45.44355],[9.13911,45.44283],[9.13716,45.44223],[9.13741,45.44164]]]]}},{"type":"Feature","properties":{"nbhd_name":"Area funzionale 108","uesi_id":"ITA_R44915","nbhd_code":"ITA_R44915_33"},"geometry":{"type":"MultiPolygon","coordinates":[[[[9.13575,45.44969],[9.13592,45.44937],[9.137,45.44968],[9.13753,45.44881],[9.13781,45.44836],[9.1381,45.44841],[9.13822,45.44826],[9.13792,45.44816],[9.13685,45.44781],[9.13697,45.44763],[9.13449,45.44682],[9.13457,45.44671],[9.13488,45.4462],[9.13403,45.44593],[9.13387,45.44588],[9.13197,45.44527],[9.13172,45.44518],[9.13233,45.44419],[9.1326,45.44367],[9.13294,45.44309],[9.13499,45.44373],[9.13667,45.4442],[9.13815,45.4446],[9.1386,45.44414],[9.13737,45.44392],[9.13633,45.44358],[9.13416,45.44275],[9.13213,45.44203],[9.13,45.44133],[9.12929,45.44111],[9.12804,45.44073],[9.12783,45.44064],[9.12759,45.4405],[9.12635,45.43958],[9.12584,45.43918],[9.12532,45.43892],[9.1242,45.43853],[9.12262,45.43806],[9.12075,45.43751],[9.1204,45.43738],[9.12036,45.43742],[9.12016,45.43763],[9.11952,45.43835],[9.11882,45.43901],[9.11877,45.43906],[9.11873,45.4391],[9.11868,45.43915],[9.11806,45.43981],[9.11803,45.43985],[9.11791,45.43997],[9.11785,45.44005],[9.11782,45.4401],[9.11764,45.44032],[9.11756,45.44043],[9.1175,45.44051],[9.11745,45.44057],[9.1174,45.44059],[9.11731,45.44064],[9.11717,45.44072],[9.11698,45.44082],[9.11672,45.44097],[9.11652,45.44129],[9.11649,45.44134],[9.11642,45.44144],[9.11639,45.4415],[9.11619,45.4419],[9.11617,45.44195],[9.1161,45.44209],[9.11591,45.44249],[9.11588,45.44254],[9.11579,45.44271],[9.11577,45.44275],[9.11569,45.44292],[9.11566,45.44298],[9.11562,45.44306],[9.11556,45.44316],[9.11552,45.44325],[9.11668,45.44378],[9.11748,45.44409],[9.11885,45.4446],[9.12173,45.44532],[9.12274,45.44559],[9.12424,45.44597],[9.12562,45.44641],[9.12684,45.44682],[9.12777,45.44712],[9.12841,45.44731],[9.12904,45.44752],[9.12962,45.44771],[9.13015,45.44788],[9.13056,45.44801],[9.13144,45.44832],[9.13197,45.44849],[9.13318,45.44886],[9.13575,45.44969]]]]}},{"type":"Feature","properties":{"nbhd_name":"Area funzionale 109","uesi_id":"ITA_R44915","nbhd_code":"ITA_R44915_34"},"geometry":{"type":"MultiPolygon","coordinates":[[[[9.12531,45.45181],[9.12579,45.45092],[9.12583,45.45085],[9.12676,45.44902],[9.12777,45.44712],[9.12684,45.44682],[9.12562,45.44641],[9.12424,45.44597],[9.12274,45.44559],[9.12173,45.44532],[9.11885,45.4446],[9.11748,45.44409],[9.11668,45.44378],[9.11552,45.44325],[9.11548,45.44334],[9.11542,45.44344],[9.11533,45.44363],[9.11525,45.44377],[9.11518,45.44375],[9.1151,45.44373],[9.11353,45.44336],[9.11334,45.44332],[9.113,45.4441],[9.11297,45.44415],[9.11288,45.44436],[9.11267,45.44483],[9.11245,45.44532],[9.11224,45.44579],[9.11324,45.44591],[9.113,45.44627],[9.11276,45.44625],[9.1125,45.44624],[9.11231,45.44622],[9.11214,45.44621],[9.11199,45.4462],[9.11194,45.44632],[9.11193,45.44637],[9.11183,45.44673],[9.11146,45.44787],[9.11137,45.44803],[9.11122,45.44832],[9.11093,45.44887],[9.11079,45.44913],[9.11053,45.45041],[9.11045,45.45042],[9.11036,45.45044],[9.10948,45.45061],[9.1094,45.45063],[9.1092,45.45067],[9.10907,45.45063],[9.10891,45.45058],[9.10858,45.45047],[9.1078,45.45037],[9.10704,45.45021],[9.10687,45.45002],[9.10679,45.44992],[9.10659,45.44944],[9.10607,45.449],[9.10601,45.44894],[9.10545,45.44864],[9.10543,45.44861],[9.1053,45.44838],[9.10519,45.44819],[9.10507,45.44809],[9.10476,45.44784],[9.10467,45.44799],[9.10453,45.44825],[9.10316,45.4478],[9.1033,45.44769],[9.10403,45.44715],[9.10406,45.44713],[9.104,45.44709],[9.10384,45.44698],[9.10377,45.44694],[9.10363,45.44699],[9.10355,45.44703],[9.10339,45.44709],[9.10329,45.44712],[9.10316,45.44718],[9.10244,45.44721],[9.10227,45.44722],[9.10214,45.44724],[9.10185,45.44728],[9.10169,45.44749],[9.1016,45.44762],[9.10148,45.44781],[9.10132,45.448],[9.10121,45.44814],[9.10053,45.44832],[9.10076,45.44794],[9.10087,45.44775],[9.10094,45.44762],[9.10105,45.44734],[9.10085,45.4476],[9.10045,45.44814],[9.10005,45.44861],[9.0996,45.44925],[9.09871,45.4516],[9.09988,45.45158],[9.10098,45.45173],[9.10204,45.45208],[9.10308,45.45261],[9.10478,45.45352],[9.10543,45.4538],[9.10731,45.45418],[9.10872,45.45442],[9.11054,45.45475],[9.11235,45.45512],[9.11488,45.45565],[9.11629,45.45601],[9.11646,45.45606],[9.11749,45.45635],[9.11776,45.45641],[9.11855,45.45662],[9.11939,45.45683],[9.11951,45.45687],[9.12031,45.45708],[9.12084,45.45722],[9.12111,45.45729],[9.12223,45.45757],[9.1234,45.45546],[9.1236,45.45514],[9.12441,45.45352],[9.12455,45.45323],[9.12494,45.4525],[9.12531,45.45181]]]]}},{"type":"Feature","properties":{"nbhd_name":"Area funzionale 11","uesi_id":"ITA_R44915","nbhd_code":"ITA_R44915_35"},"geometry":{"type":"MultiPolygon","coordinates":[[[[9.17032,45.47192],[9.17169,45.47097],[9.17221,45.47132],[9.17603,45.46844],[9.17631,45.46786],[9.17675,45.46769],[9.17657,45.46739],[9.17623,45.46683],[9.1757,45.46599],[9.17563,45.46592],[9.17552,45.46575],[9.17504,45.46488],[9.17482,45.4645],[9.17451,45.46395],[9.17383,45.46269],[9.17364,45.46235],[9.17327,45.46247],[9.1725,45.4627],[9.1723,45.46275],[9.17084,45.46319],[9.17038,45.46333],[9.16878,45.46198],[9.1685,45.46174],[9.16808,45.46198],[9.16632,45.46297],[9.16596,45.46317],[9.16554,45.46341],[9.16545,45.46347],[9.16514,45.46364],[9.16506,45.46341],[9.16443,45.4635],[9.16405,45.46355],[9.16459,45.46532],[9.16475,45.46581],[9.16486,45.46619],[9.16506,45.46684],[9.16527,45.46758],[9.16553,45.46852],[9.16587,45.46961],[9.16641,45.47149],[9.16617,45.47163],[9.16639,45.47176],[9.1673,45.47232],[9.16824,45.47292],[9.16871,45.47323],[9.17032,45.47192]]]]}},{"type":"Feature","properties":{"nbhd_name":"Area funzionale 110","uesi_id":"ITA_R44915","nbhd_code":"ITA_R44915_36"},"geometry":{"type":"MultiPolygon","coordinates":[[[[9.16486,45.46619],[9.16475,45.46581],[9.16459,45.46532],[9.16405,45.46355],[9.16342,45.46129],[9.16372,45.4609],[9.1638,45.4608],[9.1656,45.45962],[9.16579,45.4595],[9.16437,45.45895],[9.16283,45.45951],[9.16172,45.45993],[9.16146,45.46007],[9.16061,45.46072],[9.15995,45.46127],[9.15964,45.46163],[9.15935,45.46204],[9.15853,45.46178],[9.15801,45.4626],[9.1579,45.4628],[9.15742,45.46355],[9.15672,45.46462],[9.15598,45.46576],[9.15578,45.46602],[9.15547,45.46596],[9.15512,45.46596],[9.1552,45.46687],[9.15697,45.46675],[9.15916,45.46659],[9.15931,45.46658],[9.15988,45.46655],[9.1619,45.46639],[9.16235,45.46635],[9.16305,45.46631],[9.16486,45.46619]]]]}},{"type":"Feature","properties":{"nbhd_name":"Area funzionale 111","uesi_id":"ITA_R44915","nbhd_code":"ITA_R44915_37"},"geometry":{"type":"MultiPolygon","coordinates":[[[[9.16527,45.46758],[9.16506,45.46684],[9.16486,45.46619],[9.16305,45.46631],[9.16235,45.46635],[9.1619,45.46639],[9.15988,45.46655],[9.15931,45.46658],[9.15916,45.46659],[9.15697,45.46675],[9.1552,45.46687],[9.15283,45.46706],[9.15167,45.4667],[9.15065,45.46641],[9.15005,45.46685],[9.15154,45.46782],[9.1518,45.468],[9.15388,45.46937],[9.15415,45.46955],[9.15536,45.47037],[9.15678,45.4693],[9.1577,45.4686],[9.16066,45.46836],[9.16116,45.46833],[9.16331,45.46817],[9.1643,45.46809],[9.16495,45.46764],[9.16527,45.46758]]]]}},{"type":"Feature","properties":{"nbhd_name":"Area funzionale 112","uesi_id":"ITA_R44915","nbhd_code":"ITA_R44915_38"},"geometry":{"type":"MultiPolygon","coordinates":[[[[9.15801,45.4626],[9.15853,45.46178],[9.15935,45.46204],[9.15964,45.46163],[9.15995,45.46127],[9.16061,45.46072],[9.16146,45.46007],[9.16172,45.45993],[9.16283,45.45951],[9.16437,45.45895],[9.16258,45.45836],[9.16246,45.45832],[9.16148,45.45802],[9.16107,45.45789],[9.15995,45.45753],[9.15966,45.45743],[9.15898,45.45721],[9.1582,45.45697],[9.15716,45.45665],[9.15651,45.4577],[9.15644,45.45781],[9.15609,45.45812],[9.15581,45.45833],[9.15479,45.45889],[9.15481,45.45986],[9.15484,45.46051],[9.15489,45.46158],[9.15498,45.46307],[9.15503,45.46367],[9.15506,45.4643],[9.15512,45.46596],[9.15547,45.46596],[9.15578,45.46602],[9.15598,45.46576],[9.15672,45.46462],[9.15742,45.46355],[9.1579,45.4628],[9.15801,45.4626]]]]}},{"type":"Feature","properties":{"nbhd_name":"Area funzionale 113","uesi_id":"ITA_R44915","nbhd_code":"ITA_R44915_39"},"geometry":{"type":"MultiPolygon","coordinates":[[[[9.1552,45.46687],[9.15512,45.46596],[9.15506,45.4643],[9.15503,45.46367],[9.15498,45.46307],[9.15489,45.46158],[9.15484,45.46051],[9.15481,45.45986],[9.15479,45.45889],[9.15314,45.45893],[9.1518,45.45898],[9.15125,45.45899],[9.15036,45.45903],[9.15002,45.45974],[9.14949,45.46063],[9.14927,45.461],[9.14919,45.46112],[9.14869,45.46203],[9.14807,45.46306],[9.14704,45.46487],[9.14668,45.46543],[9.14639,45.46599],[9.14613,45.46673],[9.14606,45.46695],[9.14655,45.46691],[9.14791,45.46678],[9.14859,45.46672],[9.14863,45.46652],[9.15005,45.46685],[9.15065,45.46641],[9.15167,45.4667],[9.15283,45.46706],[9.1552,45.46687]]]]}},{"type":"Feature","properties":{"nbhd_name":"Area funzionale 114","uesi_id":"ITA_R44915","nbhd_code":"ITA_R44915_40"},"geometry":{"type":"MultiPolygon","coordinates":[[[[9.14894,45.47015],[9.14991,45.46942],[9.15045,45.46977],[9.15089,45.47008],[9.15168,45.4706],[9.15232,45.47102],[9.1535,45.47176],[9.15364,45.47165],[9.15442,45.47104],[9.15536,45.47037],[9.15415,45.46955],[9.15388,45.46937],[9.1518,45.468],[9.15154,45.46782],[9.15005,45.46685],[9.14863,45.46652],[9.14859,45.46672],[9.14791,45.46678],[9.14655,45.46691],[9.14606,45.46695],[9.14573,45.46798],[9.1457,45.46808],[9.14553,45.46861],[9.14549,45.46875],[9.14536,45.46916],[9.14519,45.46965],[9.1451,45.46997],[9.14489,45.47064],[9.14477,45.47103],[9.14456,45.4717],[9.14445,45.47208],[9.14412,45.47319],[9.14453,45.4735],[9.14546,45.47275],[9.14605,45.47232],[9.14698,45.47164],[9.14755,45.47121],[9.14801,45.47086],[9.14894,45.47015]]]]}},{"type":"Feature","properties":{"nbhd_name":"Area funzionale 115","uesi_id":"ITA_R44915","nbhd_code":"ITA_R44915_41"},"geometry":{"type":"MultiPolygon","coordinates":[[[[9.15057,45.47398],[9.15158,45.4732],[9.15255,45.47251],[9.1535,45.47176],[9.15232,45.47102],[9.15168,45.4706],[9.15089,45.47008],[9.15045,45.46977],[9.14991,45.46942],[9.14894,45.47015],[9.14801,45.47086],[9.14755,45.47121],[9.14698,45.47164],[9.14605,45.47232],[9.14546,45.47275],[9.14453,45.4735],[9.14412,45.47319],[9.14387,45.47386],[9.14369,45.47442],[9.14333,45.47543],[9.1432,45.4759],[9.14309,45.47636],[9.14287,45.47716],[9.14287,45.47774],[9.14291,45.47911],[9.1434,45.47943],[9.14583,45.47759],[9.14814,45.47587],[9.14857,45.47554],[9.14894,45.47525],[9.1497,45.47467],[9.15057,45.47398]]]]}},{"type":"Feature","properties":{"nbhd_name":"Area funzionale 116","uesi_id":"ITA_R44915","nbhd_code":"ITA_R44915_42"},"geometry":{"type":"MultiPolygon","coordinates":[[[[9.14148,45.46738],[9.14321,45.46721],[9.14419,45.46712],[9.14454,45.46709],[9.145,45.46705],[9.14606,45.46695],[9.14613,45.46673],[9.14639,45.46599],[9.14668,45.46543],[9.14704,45.46487],[9.14807,45.46306],[9.14869,45.46203],[9.14919,45.46112],[9.14927,45.461],[9.14949,45.46063],[9.15002,45.45974],[9.15036,45.45903],[9.1489,45.45932],[9.14594,45.45985],[9.14486,45.46005],[9.14369,45.46025],[9.14309,45.46036],[9.14162,45.46061],[9.13974,45.46092],[9.13771,45.4613],[9.13671,45.4616],[9.13674,45.46331],[9.13678,45.46382],[9.13681,45.46434],[9.13687,45.46507],[9.13696,45.46622],[9.13705,45.46737],[9.13817,45.46737],[9.13845,45.46737],[9.13942,45.46736],[9.14042,45.46737],[9.1409,45.46737],[9.14148,45.46738]]]]}},{"type":"Feature","properties":{"nbhd_name":"Area funzionale 118","uesi_id":"ITA_R44915","nbhd_code":"ITA_R44915_43"},"geometry":{"type":"MultiPolygon","coordinates":[[[[9.14573,45.46798],[9.14606,45.46695],[9.145,45.46705],[9.14454,45.46709],[9.14419,45.46712],[9.14321,45.46721],[9.14148,45.46738],[9.1409,45.46737],[9.14042,45.46737],[9.13942,45.46736],[9.13845,45.46737],[9.13817,45.46737],[9.13705,45.46737],[9.13711,45.46809],[9.13716,45.46862],[9.13719,45.46882],[9.13826,45.46941],[9.13862,45.46964],[9.13974,45.47036],[9.14075,45.47104],[9.14172,45.47165],[9.14199,45.47184],[9.14275,45.47231],[9.1435,45.4728],[9.14372,45.47295],[9.14412,45.47319],[9.14445,45.47208],[9.14456,45.4717],[9.14477,45.47103],[9.14489,45.47064],[9.1451,45.46997],[9.14519,45.46965],[9.14536,45.46916],[9.14549,45.46875],[9.14553,45.46861],[9.1457,45.46808],[9.14573,45.46798]]]]}},{"type":"Feature","properties":{"nbhd_name":"Area funzionale 119","uesi_id":"ITA_R44915","nbhd_code":"ITA_R44915_44"},"geometry":{"type":"MultiPolygon","coordinates":[[[[9.13711,45.46809],[9.13705,45.46737],[9.13601,45.46744],[9.13444,45.46763],[9.13395,45.46769],[9.13111,45.46802],[9.13164,45.46834],[9.13177,45.46842],[9.13271,45.469],[9.1337,45.46966],[9.13455,45.47022],[9.13488,45.47043],[9.13561,45.47094],[9.13619,45.4713],[9.13744,45.47208],[9.13849,45.4728],[9.13896,45.4731],[9.13957,45.4735],[9.14045,45.47409],[9.14118,45.47456],[9.14193,45.47505],[9.1424,45.47539],[9.1432,45.4759],[9.14333,45.47543],[9.14369,45.47442],[9.14387,45.47386],[9.14412,45.47319],[9.14372,45.47295],[9.1435,45.4728],[9.14275,45.47231],[9.14199,45.47184],[9.14172,45.47165],[9.14075,45.47104],[9.13974,45.47036],[9.13862,45.46964],[9.13826,45.46941],[9.13719,45.46882],[9.13716,45.46862],[9.13711,45.46809]]]]}},{"type":"Feature","properties":{"nbhd_name":"Area funzionale 12","uesi_id":"ITA_R44915","nbhd_code":"ITA_R44915_45"},"geometry":{"type":"MultiPolygon","coordinates":[[[[9.17745,45.47747],[9.17823,45.47705],[9.1771,45.47662],[9.17648,45.47615],[9.17501,45.47734],[9.17319,45.47616],[9.17281,45.47633],[9.17246,45.47639],[9.17223,45.47637],[9.17198,45.47632],[9.17174,45.47619],[9.1715,45.47595],[9.17139,45.47573],[9.17147,45.47541],[9.17161,45.47516],[9.17108,45.4748],[9.16983,45.474],[9.1693,45.47365],[9.16894,45.47341],[9.16871,45.47323],[9.16824,45.47292],[9.1673,45.47232],[9.16639,45.47176],[9.16617,45.47163],[9.16641,45.47149],[9.16587,45.46961],[9.16553,45.46852],[9.16527,45.46758],[9.16495,45.46764],[9.1643,45.46809],[9.16268,45.46934],[9.16169,45.47008],[9.1624,45.4709],[9.1631,45.47172],[9.16435,45.4746],[9.16485,45.47589],[9.16524,45.4764],[9.16631,45.47708],[9.16644,45.47715],[9.16727,45.47771],[9.16867,45.47863],[9.16999,45.47946],[9.17041,45.47972],[9.17129,45.48031],[9.17285,45.47959],[9.175,45.47869],[9.17576,45.47828],[9.17614,45.4781],[9.17624,45.47805],[9.17745,45.47747]]]]}},{"type":"Feature","properties":{"nbhd_name":"Area funzionale 120","uesi_id":"ITA_R44915","nbhd_code":"ITA_R44915_46"},"geometry":{"type":"MultiPolygon","coordinates":[[[[9.13028,45.47606],[9.13205,45.47604],[9.13235,45.47604],[9.13301,45.47604],[9.1337,45.47603],[9.13548,45.47601],[9.1377,45.47597],[9.13861,45.47596],[9.14058,45.47594],[9.14081,45.47594],[9.14141,45.47592],[9.14207,45.47592],[9.1432,45.4759],[9.1424,45.47539],[9.14193,45.47505],[9.14118,45.47456],[9.14045,45.47409],[9.13957,45.4735],[9.13896,45.4731],[9.13849,45.4728],[9.13744,45.47208],[9.13619,45.4713],[9.13561,45.47094],[9.13488,45.47043],[9.1341,45.47102],[9.13355,45.47143],[9.13244,45.47227],[9.1303,45.47392],[9.12824,45.47549],[9.12798,45.47569],[9.12863,45.47608],[9.13028,45.47606]]]]}},{"type":"Feature","properties":{"nbhd_name":"Area funzionale 121","uesi_id":"ITA_R44915","nbhd_code":"ITA_R44915_47"},"geometry":{"type":"MultiPolygon","coordinates":[[[[9.07302,45.50602],[9.07308,45.5056],[9.07267,45.50545],[9.07224,45.50528],[9.07288,45.50455],[9.07295,45.50399],[9.07342,45.50318],[9.07427,45.50171],[9.074,45.50153],[9.07394,45.50149],[9.07404,45.50137],[9.07494,45.5003],[9.07508,45.49993],[9.07526,45.49959],[9.07546,45.49885],[9.0755,45.49864],[9.07559,45.49825],[9.07567,45.49806],[9.07573,45.49792],[9.07577,45.49784],[9.07661,45.49787],[9.07706,45.498],[9.07712,45.49796],[9.07738,45.49779],[9.07866,45.49697],[9.07898,45.49657],[9.0795,45.49646],[9.0802,45.49627],[9.08079,45.49606],[9.08151,45.49572],[9.08215,45.49535],[9.08426,45.49399],[9.08717,45.49213],[9.09255,45.48855],[9.09366,45.48754],[9.09444,45.48651],[9.09591,45.48683],[9.09675,45.48703],[9.09742,45.48723],[9.09765,45.4871],[9.09852,45.48737],[9.09998,45.48789],[9.10146,45.48847],[9.10311,45.48881],[9.10295,45.48939],[9.10623,45.49016],[9.10723,45.49038],[9.10662,45.49162],[9.10813,45.49186],[9.10908,45.49027],[9.11112,45.49095],[9.11182,45.49088],[9.11239,45.49071],[9.11257,45.49093],[9.11292,45.49077],[9.11486,45.48974],[9.11653,45.48886],[9.11701,45.48861],[9.11754,45.4883],[9.11816,45.48789],[9.11852,45.48725],[9.11858,45.48665],[9.11804,45.48486],[9.11929,45.48508],[9.12461,45.486],[9.12688,45.48546],[9.12803,45.48518],[9.1302,45.48464],[9.13075,45.48449],[9.13112,45.4844],[9.13149,45.48431],[9.13185,45.48422],[9.13261,45.48403],[9.133,45.48394],[9.13336,45.48385],[9.13373,45.48376],[9.13409,45.48367],[9.13475,45.4835],[9.13553,45.48331],[9.13626,45.48314],[9.13689,45.48298],[9.1375,45.48283],[9.13829,45.48263],[9.13891,45.48248],[9.13946,45.48234],[9.1399,45.48204],[9.1402,45.48175],[9.14043,45.48143],[9.14057,45.48106],[9.14075,45.48047],[9.14229,45.47951],[9.14291,45.47911],[9.14287,45.47774],[9.14287,45.47716],[9.14309,45.47636],[9.1432,45.4759],[9.14207,45.47592],[9.14141,45.47592],[9.14081,45.47594],[9.14058,45.47594],[9.13861,45.47596],[9.1377,45.47597],[9.13548,45.47601],[9.1337,45.47603],[9.13301,45.47604],[9.13235,45.47604],[9.13205,45.47604],[9.13028,45.47606],[9.12863,45.47608],[9.12431,45.47613],[9.12102,45.47618],[9.118,45.47622],[9.11732,45.47622],[9.11519,45.47625],[9.11193,45.47624],[9.11143,45.4764],[9.10828,45.47743],[9.10796,45.47755],[9.10696,45.47788],[9.10629,45.47813],[9.10291,45.47943],[9.10172,45.47984],[9.09967,45.48048],[9.09739,45.48118],[9.09517,45.48169],[9.09429,45.4819],[9.09295,45.48223],[9.08909,45.48328],[9.08673,45.48376],[9.08444,45.48459],[9.08375,45.48485],[9.0828,45.48521],[9.08065,45.48605],[9.0778,45.48714],[9.07603,45.48772],[9.07515,45.48809],[9.07417,45.48854],[9.07209,45.48952],[9.07175,45.48955],[9.07023,45.48928],[9.06772,45.48868],[9.06696,45.48855],[9.06666,45.48851],[9.06644,45.4885],[9.06626,45.48849],[9.06618,45.48848],[9.06588,45.48847],[9.06491,45.48843],[9.06495,45.48895],[9.06499,45.48945],[9.06502,45.48991],[9.06504,45.49018],[9.06466,45.49019],[9.06394,45.4902],[9.06395,45.49028],[9.06395,45.49036],[9.06267,45.4904],[9.06271,45.49015],[9.06284,45.49006],[9.06277,45.48979],[9.06296,45.48937],[9.06299,45.48935],[9.06311,45.48924],[9.06365,45.48898],[9.06403,45.48866],[9.06412,45.48858],[9.06414,45.4885],[9.06414,45.48845],[9.06317,45.48865],[9.06275,45.48874],[9.06219,45.48886],[9.06147,45.48901],[9.06143,45.48902],[9.06143,45.48905],[9.06144,45.49012],[9.06132,45.49052],[9.0613,45.49057],[9.06131,45.49061],[9.06132,45.49089],[9.0611,45.49124],[9.06091,45.49155],[9.06102,45.49159],[9.06183,45.4919],[9.06208,45.49211],[9.06214,45.49215],[9.06248,45.49185],[9.06393,45.49192],[9.06372,45.49278],[9.06344,45.49306],[9.06341,45.49309],[9.06293,45.4935],[9.06225,45.49421],[9.06146,45.49478],[9.06,45.49422],[9.0599,45.4943],[9.05917,45.49486],[9.05877,45.49563],[9.05864,45.4959],[9.05863,45.49604],[9.05862,45.49638],[9.05849,45.49659],[9.05846,45.4967],[9.05813,45.49765],[9.05656,45.49763],[9.05589,45.49969],[9.05521,45.50117],[9.05428,45.50272],[9.05422,45.50282],[9.05406,45.50308],[9.05365,45.50376],[9.05443,45.50402],[9.05387,45.50486],[9.0545,45.50501],[9.05527,45.5052],[9.05532,45.50521],[9.05614,45.50535],[9.05644,45.5054],[9.05666,45.50544],[9.05669,45.5054],[9.05679,45.50525],[9.05683,45.50523],[9.05694,45.50519],[9.05727,45.50517],[9.05748,45.50506],[9.05779,45.5049],[9.05794,45.50472],[9.05835,45.50447],[9.05918,45.50446],[9.0593,45.50425],[9.05949,45.50438],[9.05971,45.50454],[9.0598,45.50436],[9.05987,45.50435],[9.05998,45.5044],[9.06033,45.50456],[9.06045,45.50438],[9.0619,45.50232],[9.06298,45.50268],[9.06305,45.50274],[9.06313,45.50278],[9.0632,45.50279],[9.06355,45.50292],[9.0646,45.50332],[9.06464,45.50333],[9.06483,45.50337],[9.06564,45.50367],[9.06479,45.5046],[9.06525,45.50485],[9.06585,45.50519],[9.06736,45.50492],[9.0685,45.50518],[9.06905,45.50555],[9.06921,45.5058],[9.07012,45.50601],[9.07045,45.50604],[9.07107,45.50594],[9.07182,45.50593],[9.07196,45.50595],[9.07234,45.50598],[9.07251,45.50599],[9.07285,45.50606],[9.07301,45.50609],[9.07301,45.50607],[9.07302,45.50602]]]]}},{"type":"Feature","properties":{"nbhd_name":"Area funzionale 122","uesi_id":"ITA_R44915","nbhd_code":"ITA_R44915_48"},"geometry":{"type":"MultiPolygon","coordinates":[[[[9.13674,45.46331],[9.13671,45.4616],[9.13581,45.46189],[9.13524,45.4621],[9.13495,45.46221],[9.13374,45.46188],[9.13291,45.46168],[9.13128,45.46125],[9.13089,45.46115],[9.1295,45.46078],[9.12906,45.46064],[9.12883,45.46113],[9.1253,45.46015],[9.12622,45.45863],[9.1247,45.45822],[9.12278,45.45773],[9.12223,45.45757],[9.12111,45.45729],[9.12084,45.45722],[9.12031,45.45708],[9.11951,45.45687],[9.11939,45.45683],[9.11855,45.45662],[9.11776,45.45641],[9.11749,45.45635],[9.11646,45.45606],[9.11629,45.45601],[9.11488,45.45565],[9.11471,45.45621],[9.11429,45.45735],[9.11379,45.45867],[9.11368,45.45893],[9.1133,45.45991],[9.11317,45.46029],[9.1136,45.46025],[9.11434,45.46024],[9.11569,45.46052],[9.1171,45.4608],[9.11896,45.46121],[9.12024,45.46147],[9.12404,45.46227],[9.12665,45.46282],[9.12698,45.46289],[9.12794,45.46303],[9.12935,45.46303],[9.1302,45.46303],[9.13076,45.46303],[9.1313,45.46304],[9.13209,45.46304],[9.13286,45.46305],[9.13363,45.46305],[9.13422,45.46308],[9.13463,45.46311],[9.13505,45.46315],[9.13601,45.46325],[9.13674,45.46331]]]]}},{"type":"Feature","properties":{"nbhd_name":"Area funzionale 123","uesi_id":"ITA_R44915","nbhd_code":"ITA_R44915_49"},"geometry":{"type":"MultiPolygon","coordinates":[[[[9.1313,45.46304],[9.13076,45.46303],[9.1302,45.46303],[9.12935,45.46303],[9.12794,45.46303],[9.12745,45.46495],[9.1273,45.46546],[9.12711,45.46608],[9.12671,45.46736],[9.12647,45.46821],[9.12638,45.46851],[9.12613,45.46928],[9.12727,45.46894],[9.12874,45.4684],[9.12985,45.46818],[9.13111,45.46802],[9.13395,45.46769],[9.13444,45.46763],[9.13601,45.46744],[9.13705,45.46737],[9.13696,45.46622],[9.13687,45.46507],[9.13681,45.46434],[9.13678,45.46382],[9.13674,45.46331],[9.13601,45.46325],[9.13505,45.46315],[9.13463,45.46311],[9.13422,45.46308],[9.13363,45.46305],[9.13286,45.46305],[9.13209,45.46304],[9.1313,45.46304]]]]}},{"type":"Feature","properties":{"nbhd_name":"Area funzionale 124","uesi_id":"ITA_R44915","nbhd_code":"ITA_R44915_50"},"geometry":{"type":"MultiPolygon","coordinates":[[[[9.13164,45.46834],[9.13111,45.46802],[9.12985,45.46818],[9.12874,45.4684],[9.12727,45.46894],[9.12613,45.46928],[9.12574,45.4694],[9.1249,45.46965],[9.12427,45.46988],[9.12407,45.46999],[9.12364,45.47023],[9.12273,45.47074],[9.12187,45.47122],[9.12173,45.47129],[9.12083,45.47182],[9.11929,45.4727],[9.11895,45.47289],[9.11676,45.47419],[9.11579,45.47477],[9.11502,45.47523],[9.11291,45.47591],[9.11193,45.47624],[9.11519,45.47625],[9.11732,45.47622],[9.118,45.47622],[9.12102,45.47618],[9.12431,45.47613],[9.12863,45.47608],[9.12798,45.47569],[9.12824,45.47549],[9.1303,45.47392],[9.13244,45.47227],[9.13355,45.47143],[9.1341,45.47102],[9.13488,45.47043],[9.13455,45.47022],[9.1337,45.46966],[9.13271,45.469],[9.13177,45.46842],[9.13164,45.46834]]]]}},{"type":"Feature","properties":{"nbhd_name":"Area funzionale 125","uesi_id":"ITA_R44915","nbhd_code":"ITA_R44915_51"},"geometry":{"type":"MultiPolygon","coordinates":[[[[9.11676,45.47419],[9.11895,45.47289],[9.11929,45.4727],[9.12083,45.47182],[9.12173,45.47129],[9.12187,45.47122],[9.12273,45.47074],[9.12364,45.47023],[9.12407,45.46999],[9.12427,45.46988],[9.1249,45.46965],[9.12574,45.4694],[9.12613,45.46928],[9.12638,45.46851],[9.12647,45.46821],[9.12671,45.46736],[9.12711,45.46608],[9.1273,45.46546],[9.12745,45.46495],[9.12794,45.46303],[9.12698,45.46289],[9.12665,45.46282],[9.12404,45.46227],[9.12024,45.46147],[9.11896,45.46121],[9.1171,45.4608],[9.11569,45.46052],[9.11434,45.46024],[9.1136,45.46025],[9.11317,45.46029],[9.11131,45.46046],[9.11112,45.46045],[9.11059,45.46143],[9.11038,45.46187],[9.11016,45.46242],[9.11007,45.46352],[9.10955,45.46509],[9.10937,45.46576],[9.10952,45.46675],[9.10962,45.4669],[9.11004,45.46722],[9.11017,45.46747],[9.10963,45.46964],[9.10945,45.47043],[9.10939,45.47067],[9.10919,45.47139],[9.10909,45.47155],[9.11138,45.47187],[9.1121,45.47192],[9.11179,45.47338],[9.1117,45.47409],[9.11113,45.474],[9.11077,45.4754],[9.11143,45.4764],[9.11193,45.47624],[9.11291,45.47591],[9.11502,45.47523],[9.11579,45.47477],[9.11676,45.47419]]]]}},{"type":"Feature","properties":{"nbhd_name":"Area funzionale 126","uesi_id":"ITA_R44915","nbhd_code":"ITA_R44915_52"},"geometry":{"type":"MultiPolygon","coordinates":[[[[9.10962,45.46057],[9.11112,45.46045],[9.11131,45.46046],[9.11317,45.46029],[9.1133,45.45991],[9.11368,45.45893],[9.11379,45.45867],[9.11429,45.45735],[9.11471,45.45621],[9.11488,45.45565],[9.11235,45.45512],[9.11054,45.45475],[9.10872,45.45442],[9.10731,45.45418],[9.10543,45.4538],[9.10478,45.45352],[9.10308,45.45261],[9.10257,45.45257],[9.10211,45.45265],[9.10133,45.45313],[9.10107,45.45383],[9.10061,45.45478],[9.09995,45.45549],[9.09912,45.45631],[9.09745,45.45804],[9.09826,45.45828],[9.10077,45.45882],[9.1023,45.45916],[9.10293,45.45929],[9.10412,45.45951],[9.10431,45.45955],[9.10475,45.45963],[9.10543,45.45976],[9.10656,45.45999],[9.107,45.46008],[9.10786,45.46025],[9.10907,45.46049],[9.10962,45.46057]]]]}},{"type":"Feature","properties":{"nbhd_name":"Area funzionale 127","uesi_id":"ITA_R44915","nbhd_code":"ITA_R44915_53"},"geometry":{"type":"MultiPolygon","coordinates":[[[[9.10016,45.47736],[9.10273,45.4742],[9.10112,45.47414],[9.09997,45.47381],[9.09846,45.47313],[9.10009,45.47182],[9.10162,45.47049],[9.10292,45.46918],[9.10362,45.4666],[9.10599,45.46666],[9.10748,45.46683],[9.10962,45.4669],[9.10952,45.46675],[9.10937,45.46576],[9.10955,45.46509],[9.11007,45.46352],[9.11016,45.46242],[9.11038,45.46187],[9.11059,45.46143],[9.11112,45.46045],[9.10962,45.46057],[9.10907,45.46049],[9.10786,45.46025],[9.107,45.46008],[9.10656,45.45999],[9.10543,45.45976],[9.10475,45.45963],[9.10431,45.45955],[9.10412,45.45951],[9.10293,45.45929],[9.10205,45.45942],[9.09963,45.45982],[9.09873,45.45996],[9.09709,45.46024],[9.09698,45.46026],[9.09569,45.46046],[9.09433,45.46067],[9.09364,45.46178],[9.09338,45.46219],[9.09325,45.46239],[9.093,45.46277],[9.0924,45.46374],[9.09207,45.46419],[9.09158,45.46491],[9.09109,45.46561],[9.09098,45.46577],[9.09126,45.46631],[9.0911,45.46691],[9.09077,45.4683],[9.09085,45.46845],[9.09036,45.46947],[9.09018,45.47005],[9.08982,45.47087],[9.08587,45.47025],[9.08138,45.46984],[9.08099,45.47003],[9.08028,45.47026],[9.07976,45.47054],[9.07927,45.47068],[9.0795,45.47131],[9.07962,45.47177],[9.07968,45.47246],[9.07966,45.473],[9.08013,45.47306],[9.08021,45.47352],[9.08296,45.47491],[9.08367,45.47524],[9.08398,45.47541],[9.08426,45.47551],[9.08454,45.47549],[9.0865,45.47571],[9.08677,45.47563],[9.08726,45.47532],[9.08783,45.47515],[9.08861,45.47562],[9.08882,45.47545],[9.08922,45.47515],[9.08968,45.47493],[9.0899,45.47496],[9.09061,45.47534],[9.09131,45.47564],[9.09166,45.47568],[9.09354,45.47589],[9.09394,45.47594],[9.0978,45.47641],[9.09898,45.47691],[9.10016,45.47736]]]]}},{"type":"Feature","properties":{"nbhd_name":"Area funzionale 128","uesi_id":"ITA_R44915","nbhd_code":"ITA_R44915_54"},"geometry":{"type":"MultiPolygon","coordinates":[[[[9.09739,45.48118],[9.09967,45.48048],[9.10172,45.47984],[9.10291,45.47943],[9.10629,45.47813],[9.10696,45.47788],[9.10796,45.47755],[9.10828,45.47743],[9.11143,45.4764],[9.11077,45.4754],[9.11113,45.474],[9.1117,45.47409],[9.11179,45.47338],[9.1121,45.47192],[9.11138,45.47187],[9.10909,45.47155],[9.10919,45.47139],[9.10939,45.47067],[9.10945,45.47043],[9.10963,45.46964],[9.11017,45.46747],[9.11004,45.46722],[9.10962,45.4669],[9.10748,45.46683],[9.10599,45.46666],[9.10362,45.4666],[9.10292,45.46918],[9.10162,45.47049],[9.10009,45.47182],[9.09846,45.47313],[9.09997,45.47381],[9.10112,45.47414],[9.10273,45.4742],[9.10016,45.47736],[9.09898,45.47691],[9.0978,45.47641],[9.09394,45.47594],[9.09354,45.47589],[9.09166,45.47568],[9.09131,45.47564],[9.09061,45.47534],[9.0899,45.47496],[9.08968,45.47493],[9.08922,45.47515],[9.08882,45.47545],[9.08861,45.47562],[9.08783,45.47515],[9.08726,45.47532],[9.08677,45.47563],[9.0865,45.47571],[9.08454,45.47549],[9.08426,45.47551],[9.08398,45.47541],[9.08367,45.47524],[9.08296,45.47491],[9.08021,45.47352],[9.08013,45.47306],[9.07966,45.473],[9.07907,45.47295],[9.07791,45.47211],[9.07783,45.4721],[9.07717,45.47258],[9.07654,45.47303],[9.07472,45.47434],[9.07541,45.47488],[9.07555,45.47501],[9.07568,45.47514],[9.07569,45.47517],[9.07572,45.47521],[9.07583,45.47542],[9.07586,45.47547],[9.07573,45.4757],[9.07571,45.47578],[9.07561,45.47587],[9.0756,45.47603],[9.07555,45.47605],[9.07538,45.47613],[9.07536,45.47636],[9.07553,45.47661],[9.07551,45.47669],[9.07537,45.47673],[9.07522,45.47673],[9.07525,45.47688],[9.07506,45.47686],[9.07494,45.4769],[9.07492,45.47702],[9.07515,45.47719],[9.07516,45.47738],[9.0753,45.47748],[9.07497,45.47766],[9.07486,45.47746],[9.07466,45.47755],[9.07448,45.47756],[9.07437,45.47756],[9.07418,45.47773],[9.07391,45.47786],[9.07374,45.47782],[9.07336,45.47794],[9.07324,45.4782],[9.07314,45.47823],[9.07297,45.47828],[9.07269,45.4783],[9.0725,45.47848],[9.07201,45.47875],[9.07182,45.47899],[9.07141,45.47938],[9.07068,45.48009],[9.07007,45.48059],[9.06994,45.48052],[9.06922,45.48106],[9.06879,45.48126],[9.06801,45.4817],[9.06624,45.48268],[9.06616,45.48273],[9.06597,45.48282],[9.0659,45.48285],[9.06567,45.48307],[9.06576,45.48319],[9.06568,45.48329],[9.06602,45.4836],[9.06602,45.48388],[9.06601,45.48413],[9.06601,45.48417],[9.06601,45.48451],[9.06609,45.48497],[9.06608,45.48502],[9.0658,45.48582],[9.06568,45.48615],[9.06644,45.48635],[9.06681,45.48644],[9.06733,45.48673],[9.06691,45.48784],[9.0667,45.4884],[9.06666,45.48851],[9.06696,45.48855],[9.06772,45.48868],[9.07023,45.48928],[9.07175,45.48955],[9.07209,45.48952],[9.07417,45.48854],[9.07515,45.48809],[9.07603,45.48772],[9.0778,45.48714],[9.08065,45.48605],[9.0828,45.48521],[9.08375,45.48485],[9.08444,45.48459],[9.08673,45.48376],[9.08909,45.48328],[9.09295,45.48223],[9.09429,45.4819],[9.09517,45.48169],[9.09739,45.48118]]]]}},{"type":"Feature","properties":{"nbhd_name":"Area funzionale 129","uesi_id":"ITA_R44915","nbhd_code":"ITA_R44915_55"},"geometry":{"type":"MultiPolygon","coordinates":[[[[9.04631,45.46346],[9.04687,45.46277],[9.04729,45.46296],[9.04853,45.46356],[9.04862,45.4636],[9.04988,45.46412],[9.0504,45.46346],[9.05156,45.46197],[9.05163,45.46188],[9.05178,45.46193],[9.05201,45.462],[9.05239,45.46203],[9.05363,45.46138],[9.05395,45.4614],[9.05462,45.46152],[9.0547,45.46153],[9.05482,45.46136],[9.05502,45.46136],[9.05517,45.46136],[9.05526,45.46138],[9.05531,45.46139],[9.05546,45.46145],[9.05552,45.46148],[9.05579,45.46148],[9.05592,45.4615],[9.0561,45.46158],[9.05616,45.4616],[9.05651,45.46172],[9.05691,45.46184],[9.05738,45.46197],[9.05748,45.462],[9.05761,45.46203],[9.05809,45.46216],[9.05819,45.46219],[9.05824,45.4622],[9.05831,45.46223],[9.05833,45.46229],[9.05826,45.46239],[9.0581,45.46254],[9.05796,45.46268],[9.05797,45.46273],[9.05801,45.46275],[9.0581,45.46275],[9.05877,45.46272],[9.05881,45.46272],[9.05993,45.46275],[9.06023,45.46276],[9.06091,45.46278],[9.06151,45.4628],[9.06241,45.46297],[9.06403,45.46328],[9.06453,45.46338],[9.06603,45.46367],[9.06642,45.4638],[9.0665,45.46375],[9.06655,45.46341],[9.06675,45.46299],[9.06697,45.46285],[9.06717,45.46288],[9.06727,45.46283],[9.06731,45.46282],[9.06719,45.4625],[9.06737,45.4624],[9.06745,45.46236],[9.0673,45.46205],[9.06752,45.46187],[9.06789,45.46186],[9.06848,45.46162],[9.06859,45.46155],[9.06885,45.46137],[9.069,45.46135],[9.06928,45.46129],[9.06963,45.46106],[9.06971,45.46095],[9.06972,45.46081],[9.0698,45.46065],[9.06983,45.46043],[9.06986,45.46013],[9.06984,45.46007],[9.06973,45.45982],[9.06974,45.45954],[9.06973,45.45938],[9.06981,45.4592],[9.07005,45.45889],[9.07025,45.45873],[9.07035,45.45869],[9.07047,45.45864],[9.07075,45.45861],[9.07164,45.45864],[9.0717,45.45859],[9.07171,45.4585],[9.07191,45.45848],[9.07199,45.45848],[9.07212,45.45837],[9.07219,45.45831],[9.07246,45.45806],[9.07244,45.45789],[9.07245,45.45777],[9.07246,45.45752],[9.07247,45.4574],[9.07252,45.45732],[9.07253,45.45709],[9.07256,45.457],[9.07303,45.457],[9.07449,45.4571],[9.07623,45.45726],[9.07751,45.45736],[9.07864,45.45748],[9.07993,45.45746],[9.08048,45.45735],[9.08165,45.457],[9.0851,45.45586],[9.08609,45.45556],[9.08713,45.45536],[9.08831,45.45513],[9.08852,45.45533],[9.08907,45.45556],[9.09106,45.45615],[9.09373,45.45693],[9.09413,45.45704],[9.09577,45.45752],[9.0971,45.45793],[9.09745,45.45804],[9.09912,45.45631],[9.09995,45.45549],[9.10061,45.45478],[9.10107,45.45383],[9.10133,45.45313],[9.10211,45.45265],[9.10257,45.45257],[9.10308,45.45261],[9.10204,45.45208],[9.10098,45.45173],[9.09988,45.45158],[9.09871,45.4516],[9.0996,45.44925],[9.10005,45.44861],[9.10045,45.44814],[9.10085,45.4476],[9.10105,45.44734],[9.10109,45.44723],[9.10117,45.44709],[9.10127,45.44693],[9.10112,45.44693],[9.10058,45.44693],[9.10013,45.44691],[9.09984,45.4469],[9.09933,45.44688],[9.09928,45.44692],[9.09922,45.44695],[9.09886,45.44721],[9.09856,45.44741],[9.09848,45.4475],[9.09845,45.44754],[9.09842,45.44757],[9.0982,45.44782],[9.09816,45.44788],[9.09813,45.44793],[9.09782,45.4484],[9.09749,45.44885],[9.09724,45.44887],[9.09694,45.44889],[9.09676,45.4489],[9.09672,45.44891],[9.09621,45.44888],[9.09589,45.44885],[9.09552,45.44905],[9.09538,45.44912],[9.09535,45.44938],[9.09535,45.44961],[9.09535,45.44971],[9.09521,45.44997],[9.09513,45.45017],[9.09508,45.45029],[9.09493,45.45049],[9.09488,45.45056],[9.09483,45.45062],[9.09464,45.45086],[9.09443,45.45109],[9.0941,45.45139],[9.09393,45.45163],[9.09388,45.45171],[9.09383,45.45175],[9.09354,45.45205],[9.09335,45.45225],[9.09328,45.45228],[9.09321,45.45231],[9.09306,45.45236],[9.09299,45.45238],[9.09218,45.45266],[9.09185,45.45278],[9.08996,45.45309],[9.08942,45.45317],[9.08908,45.45322],[9.08872,45.45315],[9.08863,45.45313],[9.08815,45.4532],[9.08722,45.45291],[9.08703,45.45286],[9.08676,45.45274],[9.0864,45.45258],[9.08561,45.45224],[9.08527,45.45208],[9.08524,45.45206],[9.08401,45.45147],[9.08368,45.4514],[9.08361,45.45139],[9.08351,45.45137],[9.08325,45.45132],[9.08321,45.45131],[9.08297,45.45126],[9.08248,45.45117],[9.08233,45.45113],[9.08181,45.451],[9.08171,45.45103],[9.0814,45.45114],[9.08132,45.45116],[9.08114,45.45126],[9.08096,45.45135],[9.0809,45.45138],[9.0806,45.45154],[9.08038,45.45154],[9.08027,45.45155],[9.08009,45.45147],[9.0799,45.45139],[9.07966,45.45129],[9.07893,45.45202],[9.07889,45.45206],[9.07885,45.4521],[9.07828,45.45268],[9.07825,45.45271],[9.07811,45.45286],[9.07799,45.45297],[9.07757,45.45212],[9.07753,45.45205],[9.07742,45.45191],[9.07713,45.45156],[9.07716,45.45136],[9.07717,45.45128],[9.07723,45.45094],[9.07747,45.45055],[9.07799,45.44958],[9.07799,45.44949],[9.07799,45.44946],[9.07799,45.44884],[9.07739,45.4488],[9.07698,45.44841],[9.07698,45.44815],[9.07698,45.44756],[9.07698,45.44735],[9.07744,45.44712],[9.07785,45.44681],[9.07799,45.44662],[9.07817,45.44636],[9.07813,45.446],[9.07823,45.44584],[9.07832,45.44569],[9.07837,45.44546],[9.07838,45.44524],[9.07852,45.4452],[9.0787,45.44516],[9.07882,45.44483],[9.0786,45.44458],[9.0788,45.44438],[9.0788,45.44409],[9.07845,45.44392],[9.07833,45.44389],[9.07802,45.44379],[9.07759,45.44356],[9.07618,45.44282],[9.07549,45.44245],[9.07699,45.44067],[9.07721,45.44044],[9.07752,45.44014],[9.07773,45.43991],[9.07799,45.43962],[9.07852,45.43899],[9.07902,45.43856],[9.07913,45.43847],[9.07886,45.43826],[9.07881,45.43823],[9.07827,45.4379],[9.07799,45.43778],[9.07768,45.43764],[9.07716,45.43734],[9.07714,45.43718],[9.07703,45.43618],[9.07598,45.43572],[9.07524,45.43532],[9.07498,45.43517],[9.07439,45.43481],[9.07377,45.43441],[9.07302,45.43381],[9.0707,45.43428],[9.06942,45.43353],[9.06847,45.43409],[9.06616,45.43547],[9.06611,45.43549],[9.06601,45.43524],[9.06546,45.43386],[9.06504,45.43394],[9.06486,45.43398],[9.06445,45.43468],[9.06335,45.43538],[9.06313,45.43555],[9.06115,45.43472],[9.06063,45.43451],[9.06015,45.43546],[9.05917,45.43658],[9.05815,45.43776],[9.05765,45.43821],[9.05619,45.43803],[9.05618,45.43807],[9.05528,45.43981],[9.05402,45.43975],[9.05448,45.44144],[9.05481,45.44256],[9.05395,45.44483],[9.05393,45.44488],[9.05384,45.44514],[9.04715,45.44596],[9.04577,45.44613],[9.04528,45.44599],[9.04467,45.446],[9.04351,45.44602],[9.04318,45.44609],[9.04293,45.44614],[9.04269,45.4462],[9.0421,45.44632],[9.04202,45.44637],[9.04162,45.4466],[9.04135,45.44704],[9.04115,45.44759],[9.04112,45.44775],[9.04108,45.44796],[9.0415,45.44812],[9.04281,45.44861],[9.04453,45.4492],[9.04509,45.44939],[9.0455,45.44954],[9.04623,45.44982],[9.0469,45.45009],[9.04742,45.45029],[9.04893,45.45086],[9.0493,45.45103],[9.04978,45.45126],[9.04996,45.4514],[9.05,45.45142],[9.04959,45.45214],[9.04962,45.4522],[9.04967,45.4523],[9.04981,45.45257],[9.04968,45.45295],[9.04907,45.4537],[9.04894,45.45386],[9.04881,45.45408],[9.04853,45.4546],[9.04849,45.45482],[9.04954,45.45471],[9.04822,45.45642],[9.04816,45.45651],[9.04774,45.45712],[9.04745,45.45753],[9.04737,45.45765],[9.04709,45.45821],[9.04703,45.45833],[9.047,45.4584],[9.0467,45.45901],[9.04659,45.45924],[9.04655,45.45932],[9.04524,45.45922],[9.04499,45.45921],[9.04464,45.45992],[9.04448,45.46025],[9.04284,45.46373],[9.04289,45.46374],[9.04319,45.46379],[9.04337,45.46383],[9.04316,45.46471],[9.04297,45.46547],[9.04385,45.46576],[9.04404,45.46587],[9.04418,45.46592],[9.04474,45.46611],[9.04477,45.46607],[9.04489,45.46593],[9.04508,45.46559],[9.04563,45.46461],[9.04598,45.46387],[9.04631,45.46346]]]]}},{"type":"Feature","properties":{"nbhd_name":"Area funzionale 13","uesi_id":"ITA_R44915","nbhd_code":"ITA_R44915_56"},"geometry":{"type":"MultiPolygon","coordinates":[[[[9.18006,45.47739],[9.17823,45.47705],[9.17745,45.47747],[9.17624,45.47805],[9.17614,45.4781],[9.17576,45.47828],[9.175,45.47869],[9.17285,45.47959],[9.17129,45.48031],[9.17211,45.48084],[9.17255,45.48112],[9.17306,45.48116],[9.17393,45.48122],[9.17469,45.48128],[9.17587,45.48138],[9.17651,45.48143],[9.17722,45.48148],[9.17782,45.48153],[9.17898,45.48162],[9.18042,45.48175],[9.18143,45.48186],[9.18134,45.48148],[9.18117,45.48071],[9.18108,45.48012],[9.18105,45.47998],[9.18076,45.47847],[9.18151,45.47834],[9.18123,45.47757],[9.18088,45.47752],[9.18006,45.47739]]]]}},{"type":"Feature","properties":{"nbhd_name":"Area funzionale 130","uesi_id":"ITA_R44915","nbhd_code":"ITA_R44915_57"},"geometry":{"type":"MultiPolygon","coordinates":[[[[9.0881,45.46258],[9.0886,45.46201],[9.08905,45.46214],[9.08977,45.46144],[9.09003,45.4613],[9.09057,45.46131],[9.09074,45.46125],[9.09119,45.46098],[9.0918,45.46093],[9.09279,45.46083],[9.09433,45.46067],[9.09569,45.46046],[9.09698,45.46026],[9.09709,45.46024],[9.09873,45.45996],[9.09963,45.45982],[9.10205,45.45942],[9.10293,45.45929],[9.1023,45.45916],[9.10077,45.45882],[9.09826,45.45828],[9.09745,45.45804],[9.0971,45.45793],[9.09577,45.45752],[9.09413,45.45704],[9.09373,45.45693],[9.09106,45.45615],[9.09084,45.4565],[9.09055,45.45697],[9.09043,45.4572],[9.09007,45.45782],[9.09003,45.4579],[9.08986,45.45816],[9.08943,45.45803],[9.08929,45.45822],[9.08898,45.45866],[9.08895,45.45872],[9.08865,45.4591],[9.08848,45.45934],[9.08815,45.45978],[9.08765,45.46046],[9.08712,45.46117],[9.08637,45.46225],[9.08752,45.46259],[9.08798,45.4627],[9.0881,45.46258]]]]}},{"type":"Feature","properties":{"nbhd_name":"Area funzionale 131","uesi_id":"ITA_R44915","nbhd_code":"ITA_R44915_58"},"geometry":{"type":"MultiPolygon","coordinates":[[[[9.07968,45.47246],[9.07962,45.47177],[9.0795,45.47131],[9.07927,45.47068],[9.07976,45.47054],[9.08028,45.47026],[9.08099,45.47003],[9.08138,45.46984],[9.08587,45.47025],[9.08982,45.47087],[9.09018,45.47005],[9.09036,45.46947],[9.09085,45.46845],[9.09077,45.4683],[9.0911,45.46691],[9.09126,45.46631],[9.09098,45.46577],[9.09109,45.46561],[9.09158,45.46491],[9.09207,45.46419],[9.0924,45.46374],[9.093,45.46277],[9.09325,45.46239],[9.09338,45.46219],[9.09364,45.46178],[9.09433,45.46067],[9.09279,45.46083],[9.0918,45.46093],[9.09119,45.46098],[9.09074,45.46125],[9.09057,45.46131],[9.09003,45.4613],[9.08977,45.46144],[9.08905,45.46214],[9.0886,45.46201],[9.0881,45.46258],[9.08798,45.4627],[9.08752,45.46259],[9.08637,45.46225],[9.08444,45.4617],[9.08306,45.46135],[9.08124,45.46085],[9.08024,45.4606],[9.07877,45.46018],[9.07702,45.45972],[9.07737,45.45845],[9.07751,45.45736],[9.07623,45.45726],[9.07449,45.4571],[9.07303,45.457],[9.07256,45.457],[9.07253,45.45709],[9.07417,45.45734],[9.07453,45.45735],[9.07474,45.4579],[9.07469,45.45855],[9.07442,45.459],[9.07464,45.45906],[9.07447,45.45937],[9.07427,45.45951],[9.07399,45.45978],[9.07375,45.46001],[9.07341,45.46013],[9.07334,45.46032],[9.07317,45.46045],[9.07267,45.4606],[9.07214,45.46106],[9.07209,45.46132],[9.0717,45.46177],[9.0718,45.46189],[9.07183,45.46198],[9.07183,45.4621],[9.07174,45.46223],[9.07161,45.46236],[9.07101,45.46252],[9.07071,45.46276],[9.07038,45.46285],[9.06999,45.46335],[9.06979,45.46374],[9.0698,45.46394],[9.07001,45.46426],[9.06946,45.46458],[9.06938,45.46457],[9.06926,45.46482],[9.06948,45.46489],[9.0697,45.46486],[9.07046,45.46464],[9.07085,45.46447],[9.07152,45.46411],[9.07179,45.46396],[9.07185,45.46393],[9.07217,45.46376],[9.0733,45.46317],[9.0738,45.46284],[9.07444,45.46301],[9.07527,45.46323],[9.07549,45.46333],[9.07572,45.46353],[9.07571,45.46358],[9.07569,45.46367],[9.0756,45.46369],[9.07485,45.46471],[9.07469,45.46516],[9.07417,45.46658],[9.07416,45.46663],[9.07407,45.46678],[9.07388,45.46689],[9.07439,45.46698],[9.07348,45.46876],[9.07351,45.46879],[9.07349,45.46884],[9.07337,45.46917],[9.07335,45.46924],[9.07296,45.47032],[9.07326,45.47027],[9.07384,45.47032],[9.07388,45.47033],[9.07426,45.47034],[9.07479,45.47051],[9.07563,45.47128],[9.07575,45.47137],[9.07579,45.47141],[9.07588,45.4715],[9.07605,45.47165],[9.07651,45.47196],[9.07669,45.47205],[9.07673,45.47205],[9.07714,45.47208],[9.07774,45.47198],[9.07783,45.4721],[9.07791,45.47211],[9.07907,45.47295],[9.07966,45.473],[9.07968,45.47246]]]]}},{"type":"Feature","properties":{"nbhd_name":"Area funzionale 132","uesi_id":"ITA_R44915","nbhd_code":"ITA_R44915_59"},"geometry":{"type":"MultiPolygon","coordinates":[[[[9.08929,45.45822],[9.08943,45.45803],[9.08986,45.45816],[9.09003,45.4579],[9.09007,45.45782],[9.09043,45.4572],[9.09055,45.45697],[9.09084,45.4565],[9.09106,45.45615],[9.08907,45.45556],[9.08852,45.45533],[9.08831,45.45513],[9.08713,45.45536],[9.08609,45.45556],[9.0851,45.45586],[9.08165,45.457],[9.08048,45.45735],[9.07993,45.45746],[9.07864,45.45748],[9.07751,45.45736],[9.07737,45.45845],[9.07702,45.45972],[9.07877,45.46018],[9.08024,45.4606],[9.08124,45.46085],[9.08306,45.46135],[9.08444,45.4617],[9.08637,45.46225],[9.08712,45.46117],[9.08765,45.46046],[9.08815,45.45978],[9.08848,45.45934],[9.08865,45.4591],[9.08895,45.45872],[9.08898,45.45866],[9.08929,45.45822]]]]}},{"type":"Feature","properties":{"nbhd_name":"Area funzionale 133","uesi_id":"ITA_R44915","nbhd_code":"ITA_R44915_60"},"geometry":{"type":"MultiPolygon","coordinates":[[[[9.16727,45.47771],[9.16644,45.47715],[9.16631,45.47708],[9.16524,45.4764],[9.16485,45.47589],[9.16435,45.4746],[9.1631,45.47172],[9.1624,45.4709],[9.16169,45.47008],[9.16268,45.46934],[9.1643,45.46809],[9.16331,45.46817],[9.16116,45.46833],[9.16066,45.46836],[9.1577,45.4686],[9.15678,45.4693],[9.15536,45.47037],[9.15726,45.47161],[9.15743,45.47171],[9.15856,45.47241],[9.15979,45.4732],[9.15982,45.47345],[9.15989,45.47425],[9.15997,45.47523],[9.15998,45.47572],[9.16008,45.47744],[9.16067,45.47743],[9.16139,45.47782],[9.16175,45.47801],[9.16291,45.4786],[9.16311,45.47871],[9.16332,45.47885],[9.16408,45.47926],[9.1649,45.47971],[9.16551,45.48098],[9.16596,45.48065],[9.16755,45.47946],[9.16867,45.47863],[9.16727,45.47771]]]]}},{"type":"Feature","properties":{"nbhd_name":"Area funzionale 135","uesi_id":"ITA_R44915","nbhd_code":"ITA_R44915_61"},"geometry":{"type":"MultiPolygon","coordinates":[[[[9.15726,45.47161],[9.15536,45.47037],[9.15442,45.47104],[9.15364,45.47165],[9.1535,45.47176],[9.15255,45.47251],[9.15158,45.4732],[9.15057,45.47398],[9.1497,45.47467],[9.14894,45.47525],[9.14857,45.47554],[9.14814,45.47587],[9.14583,45.47759],[9.1434,45.47943],[9.14395,45.47977],[9.14596,45.48111],[9.14851,45.48282],[9.15116,45.48456],[9.15242,45.48362],[9.15365,45.48269],[9.15521,45.48148],[9.15596,45.48098],[9.15598,45.48039],[9.15868,45.48036],[9.16028,45.4803],[9.16022,45.48005],[9.16014,45.47867],[9.16008,45.47744],[9.15998,45.47572],[9.15997,45.47523],[9.15989,45.47425],[9.15982,45.47345],[9.15979,45.4732],[9.15856,45.47241],[9.15743,45.47171],[9.15726,45.47161]]]]}},{"type":"Feature","properties":{"nbhd_name":"Area funzionale 136","uesi_id":"ITA_R44915","nbhd_code":"ITA_R44915_62"},"geometry":{"type":"MultiPolygon","coordinates":[[[[9.16139,45.47782],[9.16067,45.47743],[9.16008,45.47744],[9.16014,45.47867],[9.16022,45.48005],[9.16028,45.4803],[9.15868,45.48036],[9.15598,45.48039],[9.15596,45.48098],[9.15521,45.48148],[9.15365,45.48269],[9.15242,45.48362],[9.15116,45.48456],[9.15204,45.48515],[9.15245,45.48539],[9.15368,45.48618],[9.15529,45.4872],[9.15636,45.48785],[9.15724,45.48721],[9.15879,45.48604],[9.15993,45.4852],[9.16074,45.48462],[9.1611,45.48433],[9.16228,45.48338],[9.16349,45.48243],[9.16424,45.48189],[9.16431,45.48183],[9.16478,45.4815],[9.16551,45.48098],[9.1649,45.47971],[9.16408,45.47926],[9.16332,45.47885],[9.16311,45.47871],[9.16291,45.4786],[9.16175,45.47801],[9.16139,45.47782]]]]}},{"type":"Feature","properties":{"nbhd_name":"Area funzionale 137","uesi_id":"ITA_R44915","nbhd_code":"ITA_R44915_63"},"geometry":{"type":"MultiPolygon","coordinates":[[[[9.15874,45.48785],[9.16056,45.4878],[9.16075,45.48781],[9.1622,45.48777],[9.16411,45.48773],[9.16618,45.48766],[9.16863,45.48756],[9.1684,45.48702],[9.16803,45.48618],[9.16743,45.48492],[9.16707,45.48397],[9.16645,45.48256],[9.16596,45.48149],[9.16581,45.48123],[9.16551,45.48098],[9.16478,45.4815],[9.16431,45.48183],[9.16424,45.48189],[9.16349,45.48243],[9.16228,45.48338],[9.1611,45.48433],[9.16074,45.48462],[9.15993,45.4852],[9.15879,45.48604],[9.15724,45.48721],[9.15636,45.48785],[9.15788,45.48786],[9.15874,45.48785]]]]}},{"type":"Feature","properties":{"nbhd_name":"Area funzionale 138","uesi_id":"ITA_R44915","nbhd_code":"ITA_R44915_64"},"geometry":{"type":"MultiPolygon","coordinates":[[[[9.17682,45.49009],[9.17784,45.48975],[9.17913,45.48914],[9.18225,45.48679],[9.18201,45.4856],[9.18187,45.485],[9.18172,45.48399],[9.1815,45.48271],[9.18149,45.48252],[9.18183,45.48201],[9.18143,45.48186],[9.18042,45.48175],[9.17898,45.48162],[9.17782,45.48153],[9.17722,45.48148],[9.17651,45.48143],[9.17587,45.48138],[9.17469,45.48128],[9.17393,45.48122],[9.17306,45.48116],[9.17255,45.48112],[9.17211,45.48084],[9.17129,45.48031],[9.17041,45.47972],[9.16999,45.47946],[9.16867,45.47863],[9.16755,45.47946],[9.16596,45.48065],[9.16551,45.48098],[9.16581,45.48123],[9.16596,45.48149],[9.16645,45.48256],[9.16707,45.48397],[9.16743,45.48492],[9.16803,45.48618],[9.1684,45.48702],[9.16863,45.48756],[9.16894,45.48815],[9.16906,45.48838],[9.16947,45.48933],[9.1697,45.48946],[9.16995,45.48964],[9.17016,45.48949],[9.17033,45.48938],[9.17196,45.49001],[9.17328,45.49024],[9.17346,45.49009],[9.17371,45.48976],[9.17383,45.48981],[9.1746,45.49011],[9.17433,45.49045],[9.17597,45.49026],[9.17682,45.49009]]]]}},{"type":"Feature","properties":{"nbhd_name":"Area funzionale 139","uesi_id":"ITA_R44915","nbhd_code":"ITA_R44915_65"},"geometry":{"type":"MultiPolygon","coordinates":[[[[9.16561,45.48807],[9.16618,45.48766],[9.16411,45.48773],[9.1622,45.48777],[9.16075,45.48781],[9.16056,45.4878],[9.15874,45.48785],[9.15788,45.48786],[9.15636,45.48785],[9.15495,45.48852],[9.15359,45.48911],[9.15191,45.48989],[9.15152,45.49007],[9.15255,45.49075],[9.15302,45.49105],[9.1533,45.49124],[9.1552,45.49248],[9.15656,45.49336],[9.15709,45.4937],[9.15716,45.49374],[9.15771,45.4941],[9.15874,45.4933],[9.15932,45.49286],[9.16083,45.4917],[9.16145,45.49123],[9.16203,45.49081],[9.16282,45.4902],[9.16355,45.48964],[9.16388,45.48938],[9.1641,45.48922],[9.16503,45.4885],[9.16561,45.48807]]]]}},{"type":"Feature","properties":{"nbhd_name":"Area funzionale 14","uesi_id":"ITA_R44915","nbhd_code":"ITA_R44915_66"},"geometry":{"type":"MultiPolygon","coordinates":[[[[9.20159,45.47734],[9.2009,45.47654],[9.2,45.47696],[9.19915,45.47734],[9.19843,45.47768],[9.19693,45.47837],[9.19562,45.47896],[9.1944,45.47949],[9.19451,45.47953],[9.19533,45.47991],[9.19638,45.48035],[9.1975,45.48096],[9.19732,45.48105],[9.19809,45.48317],[9.19836,45.48389],[9.19871,45.48484],[9.19931,45.48634],[9.20099,45.48543],[9.20164,45.48508],[9.20281,45.48445],[9.2042,45.48372],[9.20475,45.48341],[9.20571,45.4829],[9.20663,45.48241],[9.20648,45.48225],[9.20531,45.48113],[9.20393,45.47981],[9.20311,45.47896],[9.20275,45.47853],[9.20226,45.47804],[9.20197,45.47774],[9.20159,45.47734]]]]}},{"type":"Feature","properties":{"nbhd_name":"Area funzionale 140","uesi_id":"ITA_R44915","nbhd_code":"ITA_R44915_67"},"geometry":{"type":"MultiPolygon","coordinates":[[[[9.17433,45.49045],[9.1746,45.49011],[9.17383,45.48981],[9.17371,45.48976],[9.17346,45.49009],[9.17328,45.49024],[9.17196,45.49001],[9.17033,45.48938],[9.17016,45.48949],[9.16995,45.48964],[9.1697,45.48946],[9.16947,45.48933],[9.16906,45.48838],[9.16894,45.48815],[9.16863,45.48756],[9.16618,45.48766],[9.16561,45.48807],[9.16503,45.4885],[9.1641,45.48922],[9.16388,45.48938],[9.16355,45.48964],[9.16282,45.4902],[9.16203,45.49081],[9.16145,45.49123],[9.16083,45.4917],[9.15932,45.49286],[9.15874,45.4933],[9.15771,45.4941],[9.15951,45.49531],[9.16012,45.4957],[9.16204,45.4969],[9.16352,45.49623],[9.16391,45.49591],[9.16568,45.49481],[9.16636,45.49422],[9.16718,45.49349],[9.16836,45.49261],[9.16968,45.49174],[9.17041,45.49136],[9.171,45.49114],[9.17181,45.49086],[9.17303,45.4906],[9.17433,45.49045]]]]}},{"type":"Feature","properties":{"nbhd_name":"Area funzionale 141","uesi_id":"ITA_R44915","nbhd_code":"ITA_R44915_68"},"geometry":{"type":"MultiPolygon","coordinates":[[[[9.1434,45.47943],[9.14291,45.47911],[9.14229,45.47951],[9.14075,45.48047],[9.14057,45.48106],[9.14043,45.48143],[9.1402,45.48175],[9.1399,45.48204],[9.13946,45.48234],[9.13891,45.48248],[9.13829,45.48263],[9.1375,45.48283],[9.13689,45.48298],[9.13626,45.48314],[9.13553,45.48331],[9.13475,45.4835],[9.13409,45.48367],[9.13373,45.48376],[9.13336,45.48385],[9.133,45.48394],[9.13261,45.48403],[9.13185,45.48422],[9.13149,45.48431],[9.13112,45.4844],[9.13075,45.48449],[9.1302,45.48464],[9.13023,45.48581],[9.13021,45.48656],[9.1302,45.48662],[9.13011,45.48742],[9.13,45.49216],[9.12999,45.49274],[9.13202,45.49319],[9.13264,45.49333],[9.13297,45.49332],[9.13326,45.49323],[9.13357,45.49308],[9.13624,45.4919],[9.13774,45.49119],[9.13829,45.49061],[9.13899,45.48996],[9.1404,45.48886],[9.14152,45.48813],[9.14276,45.48725],[9.14432,45.48602],[9.1447,45.48572],[9.14479,45.48565],[9.14534,45.48518],[9.14637,45.48441],[9.14738,45.48362],[9.14765,45.48342],[9.14799,45.48318],[9.14851,45.48282],[9.14596,45.48111],[9.14395,45.47977],[9.1434,45.47943]]]]}},{"type":"Feature","properties":{"nbhd_name":"Area funzionale 142","uesi_id":"ITA_R44915","nbhd_code":"ITA_R44915_69"},"geometry":{"type":"MultiPolygon","coordinates":[[[[9.14322,45.49384],[9.14478,45.49314],[9.14582,45.49267],[9.14784,45.49175],[9.14815,45.49161],[9.14922,45.49113],[9.14991,45.49079],[9.15152,45.49007],[9.15191,45.48989],[9.15359,45.48911],[9.15495,45.48852],[9.15636,45.48785],[9.15529,45.4872],[9.15368,45.48618],[9.15245,45.48539],[9.15204,45.48515],[9.15116,45.48456],[9.14851,45.48282],[9.14799,45.48318],[9.14765,45.48342],[9.14738,45.48362],[9.14637,45.48441],[9.14534,45.48518],[9.14479,45.48565],[9.1447,45.48572],[9.14432,45.48602],[9.14276,45.48725],[9.14152,45.48813],[9.1404,45.48886],[9.13899,45.48996],[9.13829,45.49061],[9.13774,45.49119],[9.13624,45.4919],[9.13357,45.49308],[9.13326,45.49323],[9.13297,45.49332],[9.13264,45.49333],[9.13202,45.49319],[9.12999,45.49274],[9.13002,45.49403],[9.13019,45.4952],[9.1303,45.497],[9.13029,45.49761],[9.12887,45.49816],[9.12955,45.49891],[9.1303,45.49974],[9.13042,45.4997],[9.13215,45.49889],[9.13329,45.49836],[9.13482,45.49765],[9.13625,45.49704],[9.1378,45.49628],[9.13961,45.49545],[9.14069,45.49497],[9.14082,45.49491],[9.14132,45.49468],[9.1415,45.49461],[9.14322,45.49384]]]]}},{"type":"Feature","properties":{"nbhd_name":"Area funzionale 143","uesi_id":"ITA_R44915","nbhd_code":"ITA_R44915_70"},"geometry":{"type":"MultiPolygon","coordinates":[[[[9.15255,45.49075],[9.15152,45.49007],[9.14991,45.49079],[9.14922,45.49113],[9.14815,45.49161],[9.14784,45.49175],[9.14582,45.49267],[9.14478,45.49314],[9.14322,45.49384],[9.1415,45.49461],[9.14132,45.49468],[9.14186,45.49481],[9.14279,45.49504],[9.14362,45.49524],[9.14403,45.49534],[9.14673,45.49601],[9.14698,45.49609],[9.14651,45.4966],[9.14683,45.49671],[9.14868,45.4974],[9.14884,45.49727],[9.14917,45.49703],[9.14939,45.49686],[9.14991,45.49649],[9.15026,45.49622],[9.1505,45.49605],[9.15114,45.49555],[9.15158,45.49524],[9.15178,45.49509],[9.15238,45.49461],[9.15242,45.49457],[9.15287,45.49424],[9.15374,45.49359],[9.15402,45.49337],[9.15427,45.49319],[9.15467,45.49288],[9.15482,45.49277],[9.15496,45.49267],[9.1552,45.49248],[9.1533,45.49124],[9.15302,45.49105],[9.15255,45.49075]]]]}},{"type":"Feature","properties":{"nbhd_name":"Area funzionale 144","uesi_id":"ITA_R44915","nbhd_code":"ITA_R44915_71"},"geometry":{"type":"MultiPolygon","coordinates":[[[[9.15656,45.49336],[9.1552,45.49248],[9.15496,45.49267],[9.15482,45.49277],[9.15467,45.49288],[9.15427,45.49319],[9.15402,45.49337],[9.15374,45.49359],[9.15287,45.49424],[9.15242,45.49457],[9.15238,45.49461],[9.15178,45.49509],[9.15158,45.49524],[9.15114,45.49555],[9.1505,45.49605],[9.15026,45.49622],[9.14991,45.49649],[9.14939,45.49686],[9.14917,45.49703],[9.14884,45.49727],[9.14868,45.4974],[9.14955,45.49778],[9.15022,45.49818],[9.15134,45.49893],[9.15188,45.49928],[9.15274,45.49983],[9.15393,45.50064],[9.15756,45.49897],[9.15841,45.49857],[9.15903,45.49828],[9.15991,45.49787],[9.16204,45.4969],[9.16012,45.4957],[9.15951,45.49531],[9.15771,45.4941],[9.15716,45.49374],[9.15709,45.4937],[9.15656,45.49336]]]]}},{"type":"Feature","properties":{"nbhd_name":"Area funzionale 145","uesi_id":"ITA_R44915","nbhd_code":"ITA_R44915_72"},"geometry":{"type":"MultiPolygon","coordinates":[[[[9.12108,45.49426],[9.12227,45.49423],[9.12407,45.49425],[9.12436,45.49341],[9.12466,45.4934],[9.12584,45.49329],[9.12706,45.49308],[9.12847,45.49287],[9.12999,45.49274],[9.13,45.49216],[9.13011,45.48742],[9.1302,45.48662],[9.13021,45.48656],[9.13023,45.48581],[9.1302,45.48464],[9.12803,45.48518],[9.12688,45.48546],[9.12461,45.486],[9.11929,45.48508],[9.11804,45.48486],[9.11858,45.48665],[9.11852,45.48725],[9.11816,45.48789],[9.11754,45.4883],[9.11701,45.48861],[9.11653,45.48886],[9.11486,45.48974],[9.11545,45.49034],[9.11561,45.49056],[9.11604,45.49138],[9.11616,45.49156],[9.1164,45.49173],[9.11734,45.49218],[9.1178,45.49239],[9.11824,45.49269],[9.11889,45.49336],[9.11917,45.49375],[9.11976,45.49453],[9.12108,45.49426]]]]}},{"type":"Feature","properties":{"nbhd_name":"Area funzionale 146","uesi_id":"ITA_R44915","nbhd_code":"ITA_R44915_73"},"geometry":{"type":"MultiPolygon","coordinates":[[[[9.14186,45.49481],[9.14132,45.49468],[9.14082,45.49491],[9.14069,45.49497],[9.13961,45.49545],[9.1378,45.49628],[9.13625,45.49704],[9.13482,45.49765],[9.13329,45.49836],[9.13215,45.49889],[9.13042,45.4997],[9.13043,45.50044],[9.13062,45.50325],[9.13067,45.50471],[9.13058,45.50565],[9.13048,45.50632],[9.13038,45.50686],[9.13016,45.50784],[9.1346,45.50673],[9.13554,45.50621],[9.13607,45.50572],[9.1362,45.50564],[9.13699,45.50492],[9.13737,45.5046],[9.1388,45.50335],[9.13911,45.5031],[9.13981,45.50246],[9.14005,45.50227],[9.14066,45.50174],[9.14125,45.50121],[9.14296,45.49968],[9.1438,45.49898],[9.14432,45.49851],[9.14438,45.49846],[9.1447,45.49819],[9.14588,45.49714],[9.14651,45.4966],[9.14698,45.49609],[9.14673,45.49601],[9.14403,45.49534],[9.14362,45.49524],[9.14279,45.49504],[9.14186,45.49481]]]]}},{"type":"Feature","properties":{"nbhd_name":"Area funzionale 147","uesi_id":"ITA_R44915","nbhd_code":"ITA_R44915_74"},"geometry":{"type":"MultiPolygon","coordinates":[[[[9.14683,45.49671],[9.14651,45.4966],[9.14588,45.49714],[9.1447,45.49819],[9.14438,45.49846],[9.14432,45.49851],[9.1438,45.49898],[9.14296,45.49968],[9.14125,45.50121],[9.14066,45.50174],[9.14005,45.50227],[9.13981,45.50246],[9.13911,45.5031],[9.1388,45.50335],[9.13737,45.5046],[9.13699,45.50492],[9.1362,45.50564],[9.13607,45.50572],[9.13554,45.50621],[9.1346,45.50673],[9.13728,45.5062],[9.13742,45.50617],[9.14025,45.50559],[9.14254,45.50513],[9.14411,45.50475],[9.14584,45.50421],[9.14733,45.50364],[9.15026,45.5023],[9.15083,45.50202],[9.15123,45.50183],[9.15274,45.50115],[9.15393,45.50064],[9.15274,45.49983],[9.15188,45.49928],[9.15134,45.49893],[9.15022,45.49818],[9.14955,45.49778],[9.14868,45.4974],[9.14683,45.49671]]]]}},{"type":"Feature","properties":{"nbhd_name":"Area funzionale 148","uesi_id":"ITA_R44915","nbhd_code":"ITA_R44915_75"},"geometry":{"type":"MultiPolygon","coordinates":[[[[9.09529,45.50695],[9.09759,45.50651],[9.09785,45.50664],[9.09795,45.50669],[9.09801,45.50672],[9.09884,45.50651],[9.10114,45.50597],[9.10329,45.50543],[9.10531,45.50493],[9.10733,45.50444],[9.10854,45.50415],[9.10947,45.50393],[9.11157,45.50339],[9.11548,45.50246],[9.11759,45.50198],[9.11859,45.50174],[9.12032,45.50135],[9.12219,45.5009],[9.12381,45.50022],[9.12396,45.50015],[9.12509,45.49969],[9.12757,45.49866],[9.12821,45.49841],[9.12887,45.49816],[9.13029,45.49761],[9.1303,45.497],[9.13019,45.4952],[9.13002,45.49403],[9.12999,45.49274],[9.12847,45.49287],[9.12706,45.49308],[9.12584,45.49329],[9.12466,45.4934],[9.12436,45.49341],[9.12407,45.49425],[9.12227,45.49423],[9.12108,45.49426],[9.11976,45.49453],[9.11827,45.49517],[9.11732,45.49557],[9.11518,45.49657],[9.11454,45.49686],[9.11398,45.49712],[9.11217,45.49798],[9.11142,45.49841],[9.11078,45.49871],[9.10989,45.49914],[9.1097,45.49922],[9.10849,45.49976],[9.1074,45.5003],[9.10736,45.50067],[9.10724,45.50108],[9.1071,45.50132],[9.10674,45.50169],[9.10621,45.50212],[9.10523,45.50295],[9.10487,45.50333],[9.10453,45.50365],[9.10428,45.50383],[9.10353,45.50443],[9.10309,45.50471],[9.10296,45.50475],[9.10163,45.50522],[9.10011,45.50555],[9.09839,45.50582],[9.09779,45.50593],[9.09718,45.50594],[9.09655,45.50574],[9.09599,45.50528],[9.09568,45.50554],[9.09505,45.50581],[9.09427,45.50597],[9.09431,45.50603],[9.09436,45.50602],[9.09505,45.50667],[9.09529,45.50695]]]]}},{"type":"Feature","properties":{"nbhd_name":"Area funzionale 149","uesi_id":"ITA_R44915","nbhd_code":"ITA_R44915_76"},"geometry":{"type":"MultiPolygon","coordinates":[[[[9.09904,45.53209],[9.09937,45.53116],[9.10042,45.53153],[9.10047,45.53155],[9.10107,45.53177],[9.1016,45.53093],[9.1005,45.52994],[9.10079,45.52961],[9.10107,45.52927],[9.10076,45.52907],[9.09853,45.5299],[9.0981,45.52907],[9.09757,45.52923],[9.09666,45.52912],[9.09775,45.52801],[9.0986,45.52715],[9.09832,45.52712],[9.09772,45.52684],[9.09747,45.52683],[9.09718,45.52695],[9.09686,45.52677],[9.09795,45.52575],[9.0988,45.52581],[9.09903,45.52587],[9.09943,45.52606],[9.10011,45.52613],[9.1007,45.52612],[9.10093,45.52586],[9.10133,45.52508],[9.10181,45.52474],[9.10262,45.5232],[9.10267,45.52289],[9.10283,45.52272],[9.10306,45.52181],[9.10304,45.52146],[9.10289,45.52108],[9.1029,45.52106],[9.10351,45.52134],[9.10366,45.52143],[9.10665,45.52307],[9.10706,45.52266],[9.10717,45.52255],[9.10731,45.52256],[9.10767,45.5226],[9.10893,45.52273],[9.1091,45.52275],[9.10865,45.52397],[9.10896,45.52404],[9.1091,45.52382],[9.10934,45.52342],[9.1098,45.52309],[9.11053,45.52282],[9.11101,45.52224],[9.11158,45.52174],[9.11294,45.52078],[9.11479,45.52043],[9.11598,45.52029],[9.1168,45.52003],[9.11727,45.51974],[9.11823,45.51896],[9.11839,45.51901],[9.11881,45.51855],[9.11903,45.51832],[9.11938,45.51801],[9.12195,45.51602],[9.12163,45.51589],[9.1212,45.51577],[9.12092,45.51571],[9.12248,45.51481],[9.12352,45.51414],[9.12452,45.51345],[9.12591,45.51242],[9.12802,45.511],[9.12879,45.51051],[9.12933,45.50998],[9.12973,45.50939],[9.12994,45.50876],[9.13009,45.5082],[9.13016,45.50784],[9.13038,45.50686],[9.13048,45.50632],[9.13058,45.50565],[9.13067,45.50471],[9.13062,45.50325],[9.13043,45.50044],[9.13042,45.4997],[9.1303,45.49974],[9.12955,45.49891],[9.12887,45.49816],[9.12821,45.49841],[9.12757,45.49866],[9.12509,45.49969],[9.12396,45.50015],[9.12381,45.50022],[9.12219,45.5009],[9.12032,45.50135],[9.11859,45.50174],[9.11759,45.50198],[9.11548,45.50246],[9.11157,45.50339],[9.10947,45.50393],[9.10854,45.50415],[9.10733,45.50444],[9.10531,45.50493],[9.10329,45.50543],[9.10114,45.50597],[9.09884,45.50651],[9.09801,45.50672],[9.09807,45.50675],[9.09815,45.50689],[9.09844,45.50669],[9.09836,45.5074],[9.09773,45.50872],[9.09651,45.5112],[9.09634,45.51221],[9.09623,45.51238],[9.0962,45.51243],[9.09612,45.51255],[9.09589,45.5129],[9.09542,45.51354],[9.0951,45.51389],[9.0948,45.51417],[9.09479,45.51435],[9.09484,45.51452],[9.09501,45.51507],[9.09494,45.51566],[9.09492,45.51585],[9.09491,45.51597],[9.09468,45.51624],[9.09466,45.51627],[9.09461,45.51633],[9.09454,45.51639],[9.09452,45.51643],[9.09352,45.51863],[9.09319,45.51937],[9.09295,45.51945],[9.09303,45.51959],[9.09311,45.51972],[9.09333,45.51965],[9.09307,45.51996],[9.09268,45.52043],[9.09443,45.52131],[9.09537,45.52179],[9.09513,45.52203],[9.09436,45.52281],[9.09523,45.52331],[9.09601,45.52376],[9.09639,45.52398],[9.09516,45.52468],[9.09495,45.52479],[9.09455,45.52498],[9.09357,45.52545],[9.09325,45.5259],[9.09293,45.52621],[9.09284,45.52635],[9.09276,45.52649],[9.09295,45.52733],[9.09408,45.52829],[9.09411,45.52832],[9.09294,45.52877],[9.09309,45.52907],[9.09327,45.52943],[9.09471,45.52934],[9.0955,45.52929],[9.09557,45.52934],[9.09578,45.52951],[9.09688,45.53038],[9.09904,45.53209]]]]}},{"type":"Feature","properties":{"nbhd_name":"Area funzionale 15","uesi_id":"ITA_R44915","nbhd_code":"ITA_R44915_77"},"geometry":{"type":"MultiPolygon","coordinates":[[[[9.19756,45.49474],[9.19891,45.49437],[9.19914,45.49459],[9.1994,45.49476],[9.20001,45.49487],[9.2003,45.49486],[9.20059,45.49484],[9.20084,45.49475],[9.20112,45.49462],[9.20147,45.49433],[9.20164,45.49407],[9.20161,45.49386],[9.20156,45.49358],[9.20145,45.49339],[9.20406,45.49212],[9.20442,45.49193],[9.20521,45.49153],[9.20577,45.49124],[9.2064,45.49095],[9.20497,45.48965],[9.20389,45.48865],[9.20362,45.48841],[9.2026,45.48749],[9.20181,45.48669],[9.20145,45.48614],[9.20099,45.48543],[9.19931,45.48634],[9.19868,45.48668],[9.19807,45.48701],[9.19689,45.48763],[9.1958,45.48817],[9.19508,45.48845],[9.19403,45.48876],[9.19292,45.48909],[9.19277,45.48913],[9.19175,45.48943],[9.1914,45.49011],[9.19235,45.49177],[9.19284,45.4926],[9.19363,45.49408],[9.19453,45.49555],[9.19619,45.49511],[9.19756,45.49474]]]]}},{"type":"Feature","properties":{"nbhd_name":"Area funzionale 150","uesi_id":"ITA_R44915","nbhd_code":"ITA_R44915_78"},"geometry":{"type":"MultiPolygon","coordinates":[[[[9.14821,45.50779],[9.14779,45.50723],[9.14746,45.5065],[9.14737,45.50568],[9.1475,45.50496],[9.14784,45.50432],[9.14838,45.50371],[9.14922,45.50298],[9.15026,45.5023],[9.14733,45.50364],[9.14584,45.50421],[9.14411,45.50475],[9.14254,45.50513],[9.14025,45.50559],[9.13742,45.50617],[9.13728,45.5062],[9.1346,45.50673],[9.13468,45.50696],[9.13681,45.50815],[9.13835,45.50753],[9.13823,45.50788],[9.1377,45.50941],[9.13766,45.50954],[9.13748,45.51046],[9.13743,45.51134],[9.13735,45.51146],[9.13693,45.51254],[9.13678,45.51295],[9.13676,45.51299],[9.13674,45.51309],[9.13649,45.514],[9.13643,45.51426],[9.13683,45.51432],[9.13931,45.51469],[9.14071,45.5149],[9.1421,45.51511],[9.14269,45.5152],[9.14352,45.51533],[9.14481,45.51551],[9.14532,45.51583],[9.14558,45.51618],[9.14563,45.51652],[9.14556,45.51679],[9.14537,45.51735],[9.14528,45.51765],[9.14514,45.51804],[9.14616,45.51819],[9.14766,45.51648],[9.14836,45.51569],[9.14913,45.51477],[9.14957,45.51427],[9.14985,45.51393],[9.15045,45.51326],[9.15191,45.51168],[9.15254,45.51099],[9.1533,45.51012],[9.15227,45.50997],[9.15144,45.50976],[9.15065,45.50946],[9.14974,45.50898],[9.1489,45.50843],[9.14821,45.50779]]]]}},{"type":"Feature","properties":{"nbhd_name":"Area funzionale 151","uesi_id":"ITA_R44915","nbhd_code":"ITA_R44915_79"},"geometry":{"type":"MultiPolygon","coordinates":[[[[9.09866,45.49881],[9.09994,45.49763],[9.10047,45.49718],[9.10055,45.49712],[9.10128,45.49663],[9.10215,45.49617],[9.10274,45.49589],[9.10344,45.49562],[9.10458,45.49516],[9.10568,45.49458],[9.10627,45.49412],[9.10657,45.49386],[9.10689,45.49338],[9.10715,45.49272],[9.10723,45.49246],[9.10819,45.49252],[9.10839,45.4924],[9.10869,45.49209],[9.10894,45.49192],[9.10916,45.49188],[9.10943,45.4919],[9.10988,45.49176],[9.11257,45.49093],[9.11239,45.49071],[9.11182,45.49088],[9.11112,45.49095],[9.10908,45.49027],[9.10813,45.49186],[9.10662,45.49162],[9.10723,45.49038],[9.10623,45.49016],[9.10295,45.48939],[9.10311,45.48881],[9.10146,45.48847],[9.09998,45.48789],[9.09852,45.48737],[9.09765,45.4871],[9.09742,45.48723],[9.09675,45.48703],[9.09591,45.48683],[9.09444,45.48651],[9.09366,45.48754],[9.09255,45.48855],[9.08717,45.49213],[9.08426,45.49399],[9.08215,45.49535],[9.08151,45.49572],[9.08079,45.49606],[9.0802,45.49627],[9.0795,45.49646],[9.07898,45.49657],[9.07866,45.49697],[9.07875,45.4969],[9.08041,45.49728],[9.08079,45.49779],[9.08083,45.49784],[9.08154,45.49794],[9.08207,45.49802],[9.08256,45.49773],[9.08301,45.49746],[9.08332,45.49728],[9.08352,45.49742],[9.08361,45.49749],[9.08436,45.49802],[9.08498,45.4982],[9.08539,45.49833],[9.08622,45.49857],[9.08622,45.4982],[9.08661,45.4982],[9.08768,45.4982],[9.08803,45.49799],[9.0883,45.49783],[9.08855,45.49816],[9.08872,45.49838],[9.08895,45.49838],[9.08934,45.49838],[9.08941,45.49857],[9.08947,45.49874],[9.08955,45.49895],[9.08973,45.49943],[9.08975,45.4995],[9.08972,45.49966],[9.08965,45.49998],[9.08955,45.50043],[9.0899,45.50075],[9.08998,45.50082],[9.09003,45.50087],[9.09017,45.50099],[9.09059,45.50174],[9.0908,45.50229],[9.09072,45.50269],[9.09059,45.50341],[9.09085,45.50385],[9.09119,45.50393],[9.09124,45.50396],[9.09171,45.50421],[9.09181,45.50459],[9.09192,45.50556],[9.09202,45.50626],[9.09208,45.50629],[9.09236,45.5064],[9.09253,45.50636],[9.09282,45.50631],[9.09289,45.5063],[9.09379,45.50613],[9.09431,45.50603],[9.09427,45.50597],[9.09505,45.50581],[9.09568,45.50554],[9.09599,45.50528],[9.09551,45.50469],[9.09444,45.5032],[9.09432,45.5029],[9.09432,45.50257],[9.09463,45.502],[9.09494,45.5016],[9.09559,45.50072],[9.09614,45.50027],[9.09667,45.49997],[9.09866,45.49881]]]]}},{"type":"Feature","properties":{"nbhd_name":"Area funzionale 152","uesi_id":"ITA_R44915","nbhd_code":"ITA_R44915_80"},"geometry":{"type":"MultiPolygon","coordinates":[[[[9.11827,45.49517],[9.11976,45.49453],[9.11917,45.49375],[9.11889,45.49336],[9.11824,45.49269],[9.1178,45.49239],[9.11734,45.49218],[9.1164,45.49173],[9.11616,45.49156],[9.11604,45.49138],[9.11561,45.49056],[9.11545,45.49034],[9.11486,45.48974],[9.11292,45.49077],[9.11257,45.49093],[9.10988,45.49176],[9.10943,45.4919],[9.10916,45.49188],[9.10894,45.49192],[9.10869,45.49209],[9.10839,45.4924],[9.10819,45.49252],[9.10723,45.49246],[9.10715,45.49272],[9.10689,45.49338],[9.10657,45.49386],[9.10627,45.49412],[9.10568,45.49458],[9.10458,45.49516],[9.10512,45.49515],[9.10555,45.4952],[9.10596,45.49536],[9.10626,45.49558],[9.10643,45.4958],[9.10651,45.49605],[9.10652,45.49639],[9.10659,45.49724],[9.10689,45.49746],[9.10717,45.49764],[9.10759,45.49815],[9.10763,45.49841],[9.10749,45.49945],[9.1074,45.5003],[9.10849,45.49976],[9.1097,45.49922],[9.10989,45.49914],[9.11078,45.49871],[9.11142,45.49841],[9.11217,45.49798],[9.11398,45.49712],[9.11454,45.49686],[9.11518,45.49657],[9.11732,45.49557],[9.11827,45.49517]]]]}},{"type":"Feature","properties":{"nbhd_name":"Area funzionale 153","uesi_id":"ITA_R44915","nbhd_code":"ITA_R44915_81"},"geometry":{"type":"MultiPolygon","coordinates":[[[[9.0966,45.5042],[9.09683,45.50408],[9.09729,45.50414],[9.09771,45.50416],[9.09809,45.50403],[9.09859,45.50367],[9.10002,45.50262],[9.10085,45.5021],[9.10141,45.50175],[9.10175,45.50154],[9.10189,45.50118],[9.10233,45.50086],[9.10316,45.50026],[9.10357,45.50006],[9.10487,45.49966],[9.10517,45.49955],[9.10452,45.49864],[9.10467,45.49862],[9.10605,45.49842],[9.10717,45.49764],[9.10689,45.49746],[9.10659,45.49724],[9.10652,45.49639],[9.10651,45.49605],[9.10643,45.4958],[9.10626,45.49558],[9.10596,45.49536],[9.10555,45.4952],[9.10512,45.49515],[9.10458,45.49516],[9.10344,45.49562],[9.10274,45.49589],[9.10215,45.49617],[9.10128,45.49663],[9.10055,45.49712],[9.10047,45.49718],[9.09994,45.49763],[9.09866,45.49881],[9.09667,45.49997],[9.09614,45.50027],[9.09559,45.50072],[9.09494,45.5016],[9.09463,45.502],[9.09432,45.50257],[9.09432,45.5029],[9.09444,45.5032],[9.09551,45.50469],[9.09632,45.50433],[9.0966,45.5042]]]]}},{"type":"Feature","properties":{"nbhd_name":"Area funzionale 154","uesi_id":"ITA_R44915","nbhd_code":"ITA_R44915_82"},"geometry":{"type":"MultiPolygon","coordinates":[[[[9.10353,45.50443],[9.10428,45.50383],[9.10453,45.50365],[9.10487,45.50333],[9.10523,45.50295],[9.10621,45.50212],[9.10674,45.50169],[9.1071,45.50132],[9.10724,45.50108],[9.10736,45.50067],[9.1074,45.5003],[9.10749,45.49945],[9.10763,45.49841],[9.10759,45.49815],[9.10717,45.49764],[9.10605,45.49842],[9.10467,45.49862],[9.10452,45.49864],[9.10517,45.49955],[9.10487,45.49966],[9.10357,45.50006],[9.10316,45.50026],[9.10233,45.50086],[9.10189,45.50118],[9.10175,45.50154],[9.10141,45.50175],[9.10085,45.5021],[9.10002,45.50262],[9.09859,45.50367],[9.09809,45.50403],[9.09771,45.50416],[9.09729,45.50414],[9.09683,45.50408],[9.0966,45.5042],[9.09632,45.50433],[9.09551,45.50469],[9.09599,45.50528],[9.09655,45.50574],[9.09718,45.50594],[9.09779,45.50593],[9.09839,45.50582],[9.10011,45.50555],[9.10163,45.50522],[9.10296,45.50475],[9.10309,45.50471],[9.10353,45.50443]]]]}},{"type":"Feature","properties":{"nbhd_name":"Area funzionale 155","uesi_id":"ITA_R44915","nbhd_code":"ITA_R44915_83"},"geometry":{"type":"MultiPolygon","coordinates":[[[[9.13603,45.51567],[9.13643,45.51426],[9.13649,45.514],[9.13674,45.51309],[9.13676,45.51299],[9.13678,45.51295],[9.13693,45.51254],[9.13735,45.51146],[9.13743,45.51134],[9.13748,45.51046],[9.13766,45.50954],[9.1377,45.50941],[9.13823,45.50788],[9.13835,45.50753],[9.13681,45.50815],[9.13468,45.50696],[9.1346,45.50673],[9.13016,45.50784],[9.13009,45.5082],[9.12994,45.50876],[9.12973,45.50939],[9.12933,45.50998],[9.12879,45.51051],[9.12802,45.511],[9.12591,45.51242],[9.12452,45.51345],[9.12352,45.51414],[9.12248,45.51481],[9.12092,45.51571],[9.1212,45.51577],[9.12163,45.51589],[9.12195,45.51602],[9.12214,45.51584],[9.12411,45.5147],[9.12575,45.51584],[9.12603,45.51598],[9.12768,45.51624],[9.12873,45.5164],[9.12888,45.51643],[9.13027,45.51666],[9.12995,45.51736],[9.13119,45.51772],[9.13241,45.5181],[9.13308,45.51823],[9.13359,45.51829],[9.13528,45.51842],[9.13542,45.51792],[9.13557,45.5174],[9.13577,45.51657],[9.13603,45.51567]]]]}},{"type":"Feature","properties":{"nbhd_name":"Area funzionale 156","uesi_id":"ITA_R44915","nbhd_code":"ITA_R44915_84"},"geometry":{"type":"MultiPolygon","coordinates":[[[[9.13683,45.51432],[9.13643,45.51426],[9.13603,45.51567],[9.13577,45.51657],[9.13557,45.5174],[9.13542,45.51792],[9.13528,45.51842],[9.13524,45.51859],[9.13701,45.51883],[9.13798,45.51894],[9.13884,45.51906],[9.14017,45.51921],[9.14157,45.5194],[9.14183,45.51942],[9.14284,45.51946],[9.14359,45.5196],[9.14462,45.51999],[9.14616,45.51819],[9.14514,45.51804],[9.14528,45.51765],[9.14537,45.51735],[9.14556,45.51679],[9.14563,45.51652],[9.14558,45.51618],[9.14532,45.51583],[9.14481,45.51551],[9.14352,45.51533],[9.14269,45.5152],[9.1421,45.51511],[9.14071,45.5149],[9.13931,45.51469],[9.13683,45.51432]]]]}},{"type":"Feature","properties":{"nbhd_name":"Area funzionale 157","uesi_id":"ITA_R44915","nbhd_code":"ITA_R44915_85"},"geometry":{"type":"MultiPolygon","coordinates":[[[[9.12991,45.52318],[9.13005,45.52289],[9.1304,45.52299],[9.1318,45.5232],[9.13248,45.52349],[9.13264,45.52352],[9.13573,45.52427],[9.13586,45.52378],[9.13526,45.52369],[9.13541,45.523],[9.13437,45.52286],[9.13444,45.52253],[9.13472,45.52092],[9.13602,45.52108],[9.13671,45.52116],[9.13689,45.52],[9.1395,45.52032],[9.14058,45.52044],[9.14164,45.52058],[9.1413,45.52191],[9.14283,45.52207],[9.14302,45.52184],[9.14462,45.51999],[9.14359,45.5196],[9.14284,45.51946],[9.14183,45.51942],[9.14157,45.5194],[9.14017,45.51921],[9.13884,45.51906],[9.13798,45.51894],[9.13701,45.51883],[9.13524,45.51859],[9.13528,45.51842],[9.13359,45.51829],[9.13308,45.51823],[9.13241,45.5181],[9.13119,45.51772],[9.12995,45.51736],[9.13027,45.51666],[9.12888,45.51643],[9.12873,45.5164],[9.12768,45.51624],[9.12603,45.51598],[9.12575,45.51584],[9.12411,45.5147],[9.12214,45.51584],[9.12195,45.51602],[9.11938,45.51801],[9.11903,45.51832],[9.11881,45.51855],[9.11839,45.51901],[9.11845,45.51904],[9.11777,45.51991],[9.11793,45.51997],[9.11766,45.52162],[9.11979,45.52178],[9.12002,45.52164],[9.12022,45.52152],[9.12038,45.52063],[9.12238,45.52085],[9.12245,45.52051],[9.12366,45.52064],[9.1233,45.5211],[9.12365,45.52147],[9.12388,45.52187],[9.12399,45.52237],[9.1239,45.52279],[9.12473,45.52281],[9.12501,45.52289],[9.12622,45.52292],[9.12884,45.52299],[9.1288,45.52357],[9.12845,45.52412],[9.12846,45.52489],[9.12867,45.52502],[9.12897,45.52469],[9.1293,45.52452],[9.12959,45.52426],[9.12992,45.52382],[9.12995,45.52361],[9.12991,45.52318]]]]}},{"type":"Feature","properties":{"nbhd_name":"Area funzionale 158","uesi_id":"ITA_R44915","nbhd_code":"ITA_R44915_86"},"geometry":{"type":"MultiPolygon","coordinates":[[[[9.18833,45.4853],[9.18856,45.48526],[9.18905,45.48531],[9.19168,45.48567],[9.19395,45.48597],[9.19418,45.48601],[9.19433,45.48573],[9.19452,45.48513],[9.19527,45.48469],[9.19643,45.4841],[9.19751,45.48386],[9.19836,45.48389],[9.19809,45.48317],[9.19732,45.48105],[9.1975,45.48096],[9.19638,45.48035],[9.19533,45.47991],[9.19451,45.47953],[9.1944,45.47949],[9.19246,45.47968],[9.19212,45.47973],[9.19225,45.4803],[9.19099,45.48051],[9.19046,45.48069],[9.18822,45.4808],[9.188,45.48081],[9.18698,45.48096],[9.18654,45.48103],[9.18604,45.48113],[9.18453,45.48152],[9.18427,45.48159],[9.18233,45.48212],[9.18223,45.48215],[9.18183,45.48201],[9.18149,45.48252],[9.1815,45.48271],[9.18172,45.48399],[9.18187,45.485],[9.18201,45.4856],[9.18225,45.48679],[9.1824,45.48795],[9.18465,45.48688],[9.18519,45.48677],[9.18516,45.48665],[9.18667,45.48596],[9.18722,45.48575],[9.18829,45.48557],[9.18826,45.48544],[9.18833,45.4853]]]]}},{"type":"Feature","properties":{"nbhd_name":"Area funzionale 99","uesi_id":"ITA_R44915","nbhd_code":"ITA_R44915_87"},"geometry":{"type":"MultiPolygon","coordinates":[[[[9.15969,45.42924],[9.15911,45.4286],[9.15853,45.42842],[9.15801,45.42797],[9.15631,45.42846],[9.15583,45.42856],[9.15557,45.42811],[9.15251,45.42871],[9.1518,45.42842],[9.15141,45.42829],[9.15111,45.4283],[9.15061,45.42851],[9.15001,45.4288],[9.14988,45.42894],[9.14986,45.4291],[9.14992,45.42923],[9.15018,45.42944],[9.15035,45.42955],[9.15172,45.43054],[9.15189,45.43066],[9.15289,45.43141],[9.1531,45.43163],[9.15335,45.43193],[9.15361,45.43203],[9.15395,45.43204],[9.1544,45.4321],[9.15454,45.43374],[9.15456,45.43446],[9.15456,45.43523],[9.15458,45.43578],[9.1546,45.43708],[9.15512,45.4371],[9.15548,45.43711],[9.15629,45.43714],[9.15718,45.43717],[9.15844,45.43722],[9.15914,45.43725],[9.15966,45.43727],[9.16058,45.4373],[9.16072,45.4373],[9.16176,45.43733],[9.1627,45.43735],[9.16497,45.43744],[9.16493,45.43612],[9.16469,45.43534],[9.16433,45.43503],[9.16386,45.43473],[9.16344,45.43446],[9.16252,45.43383],[9.16235,45.43367],[9.16218,45.43338],[9.16193,45.43289],[9.16168,45.43262],[9.16142,45.43247],[9.16114,45.4324],[9.1608,45.43165],[9.16026,45.43012],[9.15996,45.4296],[9.15969,45.42924]]]]}},{"type":"Feature","properties":{"nbhd_name":"Area funzionale 178","uesi_id":"ITA_R44915","nbhd_code":"ITA_R44915_88"},"geometry":{"type":"MultiPolygon","coordinates":[[[[9.20021,45.52547],[9.20067,45.52544],[9.20112,45.52549],[9.20166,45.52559],[9.20222,45.52581],[9.20417,45.52307],[9.20436,45.5228],[9.20498,45.52377],[9.20599,45.52349],[9.20719,45.52316],[9.20644,45.52184],[9.20602,45.52109],[9.2058,45.52066],[9.20519,45.51962],[9.20499,45.51925],[9.20432,45.51809],[9.20406,45.51764],[9.20377,45.51713],[9.20309,45.51592],[9.20193,45.51625],[9.20016,45.51674],[9.19871,45.51715],[9.19808,45.51733],[9.19795,45.51736],[9.19726,45.51751],[9.1967,45.51757],[9.19596,45.51757],[9.19524,45.51748],[9.19376,45.5173],[9.19261,45.51718],[9.19219,45.51761],[9.1919,45.51784],[9.19189,45.51789],[9.192,45.5185],[9.19209,45.51976],[9.19211,45.52013],[9.19223,45.52145],[9.19227,45.52239],[9.19228,45.5225],[9.19234,45.52317],[9.1925,45.52631],[9.19461,45.52634],[9.19648,45.52635],[9.19708,45.52632],[9.19774,45.52619],[9.19973,45.52555],[9.20021,45.52547]]]]}},{"type":"Feature","properties":{"nbhd_name":"Area funzionale 179","uesi_id":"ITA_R44915","nbhd_code":"ITA_R44915_89"},"geometry":{"type":"MultiPolygon","coordinates":[[[[9.21643,45.52929],[9.21647,45.52929],[9.21684,45.5293],[9.21673,45.52839],[9.21625,45.52679],[9.21981,45.52671],[9.2198,45.52617],[9.2194,45.52549],[9.21956,45.52501],[9.2198,45.52504],[9.22009,45.52357],[9.22013,45.52339],[9.22147,45.52343],[9.22272,45.52372],[9.2222,45.5232],[9.22173,45.52269],[9.22016,45.52098],[9.21914,45.51984],[9.21719,45.5174],[9.21663,45.51653],[9.21632,45.51603],[9.21558,45.51484],[9.21458,45.5135],[9.21437,45.51356],[9.21389,45.51295],[9.21226,45.51341],[9.21263,45.51404],[9.21069,45.51456],[9.21032,45.51393],[9.20808,45.51457],[9.20696,45.51486],[9.20563,45.51521],[9.20446,45.51553],[9.20405,45.51564],[9.20309,45.51592],[9.20377,45.51713],[9.20406,45.51764],[9.20432,45.51809],[9.20499,45.51925],[9.20519,45.51962],[9.2058,45.52066],[9.20602,45.52109],[9.20644,45.52184],[9.20719,45.52316],[9.20875,45.52273],[9.20882,45.52271],[9.20979,45.52242],[9.21029,45.52341],[9.21199,45.5264],[9.21233,45.527],[9.21381,45.52961],[9.21536,45.52963],[9.21646,45.52966],[9.21625,45.5293],[9.21643,45.52929]]]]}},{"type":"Feature","properties":{"nbhd_name":"Area funzionale 18","uesi_id":"ITA_R44915","nbhd_code":"ITA_R44915_90"},"geometry":{"type":"MultiPolygon","coordinates":[[[[9.21216,45.50493],[9.21221,45.50469],[9.21267,45.50484],[9.21373,45.50341],[9.2146,45.50222],[9.21494,45.5018],[9.21517,45.50146],[9.21546,45.50077],[9.2155,45.50062],[9.21486,45.50078],[9.21405,45.50096],[9.21302,45.50116],[9.21242,45.50126],[9.2114,45.50141],[9.21007,45.50162],[9.2091,45.50049],[9.2087,45.49991],[9.20864,45.49954],[9.20838,45.49829],[9.2082,45.49719],[9.20807,45.49675],[9.20779,45.49589],[9.20776,45.49578],[9.20757,45.49528],[9.20741,45.49505],[9.20706,45.49407],[9.20651,45.49266],[9.20617,45.49168],[9.20604,45.49154],[9.20577,45.49124],[9.20521,45.49153],[9.20442,45.49193],[9.20406,45.49212],[9.20145,45.49339],[9.20156,45.49358],[9.20161,45.49386],[9.20164,45.49407],[9.20147,45.49433],[9.20112,45.49462],[9.20084,45.49475],[9.20124,45.49527],[9.2013,45.49534],[9.20178,45.49599],[9.20193,45.49616],[9.20258,45.49701],[9.2028,45.49731],[9.20292,45.49749],[9.20315,45.49775],[9.2037,45.49849],[9.20434,45.49934],[9.20586,45.50134],[9.20649,45.50217],[9.20803,45.50416],[9.20863,45.50496],[9.20996,45.5067],[9.21044,45.5073],[9.21103,45.5067],[9.2117,45.50568],[9.21216,45.50493]]]]}},{"type":"Feature","properties":{"nbhd_name":"Area funzionale 180","uesi_id":"ITA_R44915","nbhd_code":"ITA_R44915_91"},"geometry":{"type":"MultiPolygon","coordinates":[[[[9.21381,45.52961],[9.21233,45.527],[9.21199,45.5264],[9.21029,45.52341],[9.20979,45.52242],[9.20882,45.52271],[9.20875,45.52273],[9.20719,45.52316],[9.20599,45.52349],[9.20498,45.52377],[9.20436,45.5228],[9.20417,45.52307],[9.20222,45.52581],[9.20166,45.52559],[9.20112,45.52549],[9.20067,45.52544],[9.20021,45.52547],[9.19973,45.52555],[9.19774,45.52619],[9.19708,45.52632],[9.19648,45.52635],[9.19461,45.52634],[9.1925,45.52631],[9.19261,45.52726],[9.19427,45.52749],[9.1957,45.52769],[9.1961,45.52775],[9.19585,45.52837],[9.19578,45.52854],[9.19571,45.52854],[9.19565,45.52853],[9.19549,45.52934],[9.19583,45.52938],[9.19657,45.52947],[9.1971,45.52798],[9.19747,45.52805],[9.19771,45.52728],[9.19856,45.52745],[9.19913,45.52757],[9.19901,45.52778],[9.19885,45.52804],[9.19925,45.52814],[9.19913,45.52831],[9.20037,45.52851],[9.20017,45.52913],[9.19996,45.52974],[9.20075,45.52986],[9.20116,45.52991],[9.20127,45.52949],[9.20149,45.52869],[9.20206,45.5288],[9.20202,45.52897],[9.202,45.52902],[9.20292,45.52921],[9.20302,45.529],[9.20504,45.52926],[9.2057,45.52934],[9.20612,45.52793],[9.20738,45.52802],[9.20746,45.52818],[9.20806,45.52822],[9.20952,45.52834],[9.20965,45.52835],[9.20973,45.52828],[9.20967,45.52818],[9.21009,45.5282],[9.21138,45.52829],[9.21194,45.52926],[9.21181,45.52999],[9.21187,45.53016],[9.21325,45.53029],[9.21324,45.52974],[9.21381,45.52961]]]]}},{"type":"Feature","properties":{"nbhd_name":"Area funzionale 19","uesi_id":"ITA_R44915","nbhd_code":"ITA_R44915_92"},"geometry":{"type":"MultiPolygon","coordinates":[[[[9.20866,45.49202],[9.20725,45.49056],[9.207,45.49068],[9.2064,45.49095],[9.20577,45.49124],[9.20604,45.49154],[9.20617,45.49168],[9.20651,45.49266],[9.20706,45.49407],[9.20741,45.49505],[9.20757,45.49528],[9.20776,45.49578],[9.20779,45.49589],[9.20807,45.49675],[9.2082,45.49719],[9.20838,45.49829],[9.20864,45.49954],[9.2087,45.49991],[9.2091,45.50049],[9.21007,45.50162],[9.2114,45.50141],[9.21242,45.50126],[9.21302,45.50116],[9.21405,45.50096],[9.21486,45.50078],[9.2155,45.50062],[9.21683,45.50024],[9.21651,45.49994],[9.21585,45.49956],[9.2156,45.49943],[9.21533,45.49929],[9.21493,45.49909],[9.21461,45.49798],[9.21412,45.49748],[9.21314,45.49647],[9.21171,45.49512],[9.21087,45.49423],[9.20938,45.49271],[9.20866,45.49202]]]]}},{"type":"Feature","properties":{"nbhd_name":"Area funzionale 2","uesi_id":"ITA_R44915","nbhd_code":"ITA_R44915_93"},"geometry":{"type":"MultiPolygon","coordinates":[[[[9.18521,45.46598],[9.18567,45.46562],[9.18618,45.46521],[9.18715,45.46449],[9.18766,45.46413],[9.18826,45.46373],[9.1885,45.46369],[9.19,45.46368],[9.19211,45.46372],[9.19215,45.46303],[9.19227,45.46273],[9.1916,45.46245],[9.19122,45.46218],[9.19127,45.46214],[9.19066,45.46167],[9.18975,45.46093],[9.18883,45.46026],[9.1891,45.4601],[9.1897,45.45978],[9.19028,45.45946],[9.19112,45.45896],[9.19158,45.45869],[9.19182,45.45855],[9.1921,45.45838],[9.19219,45.45833],[9.19339,45.45758],[9.1933,45.45748],[9.19116,45.45724],[9.191,45.45722],[9.19014,45.45696],[9.18792,45.45614],[9.1874,45.45603],[9.18481,45.45645],[9.1843,45.45655],[9.18356,45.45673],[9.18301,45.45687],[9.18221,45.45705],[9.18186,45.45713],[9.18095,45.45736],[9.18067,45.45746],[9.18039,45.45757],[9.17816,45.45857],[9.17785,45.45878],[9.178,45.45887],[9.17821,45.45902],[9.17816,45.4591],[9.18097,45.46014],[9.18119,45.46022],[9.18157,45.46042],[9.18149,45.46111],[9.18149,45.46161],[9.18069,45.46156],[9.18036,45.46154],[9.17996,45.46147],[9.17995,45.46154],[9.17991,45.46169],[9.17973,45.46253],[9.17952,45.46278],[9.17937,45.46316],[9.17931,45.46396],[9.1793,45.46405],[9.17918,45.46479],[9.18033,45.46488],[9.18037,45.46566],[9.18061,45.46563],[9.18169,45.46571],[9.18224,45.46572],[9.18231,45.46573],[9.18364,45.46585],[9.18485,45.46594],[9.18521,45.46598]]]]}},{"type":"Feature","properties":{"nbhd_name":"Area funzionale 20","uesi_id":"ITA_R44915","nbhd_code":"ITA_R44915_94"},"geometry":{"type":"MultiPolygon","coordinates":[[[[9.21323,45.48867],[9.21242,45.4879],[9.21147,45.48837],[9.21052,45.48888],[9.20991,45.48918],[9.2097,45.48928],[9.20948,45.48939],[9.20725,45.49056],[9.20866,45.49202],[9.20938,45.49271],[9.21087,45.49423],[9.21171,45.49512],[9.21314,45.49647],[9.21412,45.49748],[9.21461,45.49798],[9.21493,45.49909],[9.21533,45.49929],[9.2156,45.49943],[9.21585,45.49956],[9.21651,45.49994],[9.21683,45.50024],[9.21736,45.50008],[9.21836,45.4997],[9.21877,45.49951],[9.21944,45.49901],[9.2204,45.49835],[9.21999,45.497],[9.21975,45.49625],[9.2197,45.49612],[9.2196,45.49582],[9.21959,45.49577],[9.21934,45.49492],[9.21932,45.49483],[9.21927,45.49463],[9.21912,45.49413],[9.21879,45.49306],[9.21819,45.49119],[9.21774,45.49118],[9.21739,45.49118],[9.2167,45.49118],[9.21648,45.49117],[9.21584,45.49117],[9.21523,45.49058],[9.21477,45.49013],[9.21453,45.4899],[9.21414,45.48954],[9.21323,45.48867]]]]}},{"type":"Feature","properties":{"nbhd_name":"Area funzionale 21","uesi_id":"ITA_R44915","nbhd_code":"ITA_R44915_95"},"geometry":{"type":"MultiPolygon","coordinates":[[[[9.21669,45.48612],[9.21597,45.4861],[9.21526,45.48645],[9.2149,45.48664],[9.21357,45.48731],[9.21274,45.48773],[9.21242,45.4879],[9.21323,45.48867],[9.21414,45.48954],[9.21453,45.4899],[9.21477,45.49013],[9.21523,45.49058],[9.21584,45.49117],[9.21648,45.49117],[9.2167,45.49118],[9.21739,45.49118],[9.21774,45.49118],[9.21819,45.49119],[9.21879,45.49306],[9.21968,45.49307],[9.22008,45.49308],[9.22125,45.49309],[9.2223,45.49309],[9.22264,45.49231],[9.22307,45.49134],[9.22317,45.49109],[9.22346,45.48969],[9.22333,45.48957],[9.22232,45.48868],[9.22111,45.48761],[9.22064,45.48733],[9.22013,45.4871],[9.21965,45.4869],[9.21935,45.48677],[9.21923,45.48673],[9.21787,45.48617],[9.21698,45.48613],[9.21669,45.48612]]]]}},{"type":"Feature","properties":{"nbhd_name":"Area funzionale 22","uesi_id":"ITA_R44915","nbhd_code":"ITA_R44915_96"},"geometry":{"type":"MultiPolygon","coordinates":[[[[9.22983,45.49318],[9.23044,45.4925],[9.22984,45.4923],[9.22919,45.49208],[9.22855,45.49197],[9.22664,45.49161],[9.22617,45.4914],[9.22541,45.49097],[9.22482,45.49066],[9.22434,45.49038],[9.22374,45.4899],[9.22346,45.48969],[9.22317,45.49109],[9.22307,45.49134],[9.22264,45.49231],[9.2223,45.49309],[9.22125,45.49309],[9.22008,45.49308],[9.21968,45.49307],[9.21879,45.49306],[9.21912,45.49413],[9.21927,45.49463],[9.21932,45.49483],[9.21934,45.49492],[9.21959,45.49577],[9.2196,45.49582],[9.2197,45.49612],[9.21975,45.49625],[9.21999,45.497],[9.2204,45.49835],[9.22125,45.49797],[9.22248,45.49752],[9.22369,45.49712],[9.22405,45.497],[9.22509,45.4966],[9.22619,45.49613],[9.22662,45.49591],[9.22695,45.49573],[9.22824,45.49485],[9.22983,45.49318]]]]}},{"type":"Feature","properties":{"nbhd_name":"Area funzionale 23","uesi_id":"ITA_R44915","nbhd_code":"ITA_R44915_97"},"geometry":{"type":"MultiPolygon","coordinates":[[[[9.22436,45.51414],[9.22448,45.51382],[9.22508,45.51399],[9.22475,45.51288],[9.22461,45.51239],[9.2242,45.51104],[9.22403,45.51043],[9.22398,45.51027],[9.22361,45.50891],[9.22347,45.5085],[9.22325,45.50771],[9.22302,45.507],[9.22281,45.50635],[9.22251,45.50546],[9.22242,45.50519],[9.22233,45.5049],[9.22218,45.50442],[9.222,45.50378],[9.22119,45.50363],[9.22069,45.50352],[9.21992,45.50342],[9.21946,45.50333],[9.21911,45.5032],[9.21883,45.50304],[9.21825,45.50262],[9.2181,45.50248],[9.21756,45.5018],[9.21733,45.50143],[9.21711,45.50097],[9.21683,45.50024],[9.2155,45.50062],[9.21546,45.50077],[9.21517,45.50146],[9.21494,45.5018],[9.2146,45.50222],[9.21373,45.50341],[9.21267,45.50484],[9.21221,45.50469],[9.21216,45.50493],[9.2117,45.50568],[9.21103,45.5067],[9.21044,45.5073],[9.2122,45.50971],[9.21399,45.51225],[9.21459,45.51204],[9.21467,45.51187],[9.21472,45.51171],[9.21472,45.51158],[9.21509,45.51137],[9.21542,45.51164],[9.21676,45.51298],[9.21787,45.51455],[9.21861,45.5155],[9.22184,45.51487],[9.22176,45.51456],[9.22229,45.51447],[9.22371,45.51424],[9.22436,45.51414]]]]}},{"type":"Feature","properties":{"nbhd_name":"Area funzionale 24","uesi_id":"ITA_R44915","nbhd_code":"ITA_R44915_98"},"geometry":{"type":"MultiPolygon","coordinates":[[[[9.22466,45.50031],[9.22489,45.49963],[9.22594,45.4998],[9.22871,45.50028],[9.22904,45.49898],[9.2292,45.49844],[9.22934,45.49791],[9.22812,45.49774],[9.22672,45.49754],[9.22595,45.49742],[9.2254,45.49733],[9.22416,45.49712],[9.22405,45.497],[9.22369,45.49712],[9.22248,45.49752],[9.22125,45.49797],[9.2204,45.49835],[9.21944,45.49901],[9.21877,45.49951],[9.21836,45.4997],[9.21736,45.50008],[9.21683,45.50024],[9.21711,45.50097],[9.21733,45.50143],[9.21756,45.5018],[9.2181,45.50248],[9.21825,45.50262],[9.21883,45.50304],[9.21911,45.5032],[9.21946,45.50333],[9.21992,45.50342],[9.22069,45.50352],[9.22119,45.50363],[9.222,45.50378],[9.22296,45.50396],[9.22396,45.50405],[9.22403,45.50326],[9.22403,45.50315],[9.2241,45.50255],[9.22418,45.50167],[9.22424,45.50143],[9.22458,45.50054],[9.22466,45.50031]]]]}},{"type":"Feature","properties":{"nbhd_name":"Area funzionale 25","uesi_id":"ITA_R44915","nbhd_code":"ITA_R44915_99"},"geometry":{"type":"MultiPolygon","coordinates":[[[[9.23414,45.50056],[9.23501,45.5],[9.23523,45.50013],[9.23552,45.49994],[9.23607,45.49959],[9.23643,45.49934],[9.23756,45.49862],[9.23839,45.49808],[9.23738,45.49723],[9.23715,45.49704],[9.236,45.49609],[9.23555,45.49573],[9.2352,45.49546],[9.23409,45.49462],[9.23313,45.49393],[9.23233,45.4934],[9.23201,45.49319],[9.23144,45.49283],[9.23083,45.4926],[9.23044,45.4925],[9.22983,45.49318],[9.22824,45.49485],[9.22695,45.49573],[9.22662,45.49591],[9.22619,45.49613],[9.22509,45.4966],[9.22405,45.497],[9.22416,45.49712],[9.2254,45.49733],[9.22595,45.49742],[9.22672,45.49754],[9.22812,45.49774],[9.22934,45.49791],[9.2292,45.49844],[9.22904,45.49898],[9.22871,45.50028],[9.23189,45.50079],[9.23335,45.50105],[9.23414,45.50056]]]]}},{"type":"Feature","properties":{"nbhd_name":"Area funzionale 26","uesi_id":"ITA_R44915","nbhd_code":"ITA_R44915_100"},"geometry":{"type":"MultiPolygon","coordinates":[[[[9.23993,45.5037],[9.24069,45.5032],[9.24117,45.50292],[9.24227,45.50222],[9.24311,45.5017],[9.24197,45.50084],[9.24167,45.50059],[9.24092,45.5],[9.24049,45.49966],[9.23992,45.49921],[9.23957,45.49895],[9.23917,45.49867],[9.23839,45.49808],[9.23756,45.49862],[9.23643,45.49934],[9.23607,45.49959],[9.23552,45.49994],[9.23523,45.50013],[9.23501,45.5],[9.23414,45.50056],[9.23335,45.50105],[9.23189,45.50079],[9.22871,45.50028],[9.22594,45.4998],[9.22489,45.49963],[9.22466,45.50031],[9.22458,45.50054],[9.22424,45.50143],[9.22418,45.50167],[9.2241,45.50255],[9.22403,45.50315],[9.22403,45.50326],[9.22396,45.50405],[9.22485,45.50403],[9.22524,45.50398],[9.22616,45.5037],[9.2267,45.50356],[9.2273,45.50344],[9.22785,45.50341],[9.22817,45.50344],[9.22898,45.50359],[9.22994,45.50379],[9.23099,45.50396],[9.23193,45.50406],[9.23212,45.50408],[9.23358,45.50424],[9.23442,45.50441],[9.23561,45.50464],[9.23694,45.50482],[9.23744,45.50492],[9.23789,45.50507],[9.23808,45.5049],[9.23862,45.50454],[9.23909,45.50425],[9.23993,45.5037]]]]}},{"type":"Feature","properties":{"nbhd_name":"Area funzionale 27","uesi_id":"ITA_R44915","nbhd_code":"ITA_R44915_101"},"geometry":{"type":"MultiPolygon","coordinates":[[[[9.23459,45.50688],[9.23511,45.50583],[9.23545,45.50509],[9.23561,45.50464],[9.23442,45.50441],[9.23358,45.50424],[9.23212,45.50408],[9.23193,45.50406],[9.23099,45.50396],[9.22994,45.50379],[9.22898,45.50359],[9.22817,45.50344],[9.22785,45.50341],[9.2273,45.50344],[9.2267,45.50356],[9.22616,45.5037],[9.22524,45.50398],[9.22485,45.50403],[9.22396,45.50405],[9.22296,45.50396],[9.222,45.50378],[9.22218,45.50442],[9.22233,45.5049],[9.22242,45.50519],[9.22251,45.50546],[9.22281,45.50635],[9.22302,45.507],[9.22325,45.50771],[9.22421,45.50755],[9.22482,45.50747],[9.22582,45.50767],[9.22622,45.50776],[9.22698,45.50789],[9.2271,45.5071],[9.2272,45.50655],[9.22832,45.50675],[9.22956,45.50696],[9.23148,45.50729],[9.23226,45.50746],[9.23289,45.50762],[9.23269,45.50811],[9.23387,45.50837],[9.23411,45.50789],[9.23432,45.50742],[9.23459,45.50688]]]]}},{"type":"Feature","properties":{"nbhd_name":"Area funzionale 28","uesi_id":"ITA_R44915","nbhd_code":"ITA_R44915_102"},"geometry":{"type":"MultiPolygon","coordinates":[[[[9.23119,45.52173],[9.23129,45.52118],[9.23303,45.52129],[9.23342,45.51985],[9.23334,45.51984],[9.23348,45.51906],[9.23399,45.51906],[9.23463,45.51746],[9.23582,45.51768],[9.23592,45.51744],[9.23657,45.51574],[9.23801,45.51602],[9.23856,45.51492],[9.23701,45.51458],[9.23814,45.5116],[9.23521,45.51096],[9.23611,45.50885],[9.23387,45.50837],[9.23269,45.50811],[9.23289,45.50762],[9.23226,45.50746],[9.23148,45.50729],[9.22956,45.50696],[9.22832,45.50675],[9.2272,45.50655],[9.2271,45.5071],[9.22698,45.50789],[9.22622,45.50776],[9.22582,45.50767],[9.22482,45.50747],[9.22421,45.50755],[9.22325,45.50771],[9.22347,45.5085],[9.22361,45.50891],[9.22398,45.51027],[9.22403,45.51043],[9.2242,45.51104],[9.22461,45.51239],[9.22475,45.51288],[9.22508,45.51399],[9.22543,45.51516],[9.22567,45.51599],[9.22587,45.51665],[9.22597,45.51704],[9.22664,45.51694],[9.22805,45.51675],[9.22925,45.51665],[9.23086,45.51685],[9.23054,45.51809],[9.23029,45.51901],[9.23011,45.51988],[9.23007,45.52094],[9.23005,45.52162],[9.23119,45.52173]]]]}},{"type":"Feature","properties":{"nbhd_name":"Area funzionale 29","uesi_id":"ITA_R44915","nbhd_code":"ITA_R44915_103"},"geometry":{"type":"MultiPolygon","coordinates":[[[[9.22282,45.52368],[9.22322,45.52352],[9.22334,45.52365],[9.22352,45.52358],[9.2236,45.52355],[9.22393,45.52359],[9.22397,45.52343],[9.22516,45.52358],[9.22516,45.52363],[9.22554,45.52367],[9.22556,45.52351],[9.22587,45.52357],[9.22594,45.52329],[9.22604,45.52285],[9.2277,45.52304],[9.22782,45.52306],[9.22925,45.52322],[9.22929,45.52305],[9.23086,45.52315],[9.23094,45.52315],[9.23119,45.52173],[9.23005,45.52162],[9.23007,45.52094],[9.23011,45.51988],[9.23029,45.51901],[9.23054,45.51809],[9.23086,45.51685],[9.22925,45.51665],[9.22805,45.51675],[9.22664,45.51694],[9.22597,45.51704],[9.22587,45.51665],[9.22567,45.51599],[9.22543,45.51516],[9.22508,45.51399],[9.22448,45.51382],[9.22436,45.51414],[9.22371,45.51424],[9.22229,45.51447],[9.22176,45.51456],[9.22184,45.51487],[9.21861,45.5155],[9.21787,45.51455],[9.21676,45.51298],[9.21542,45.51164],[9.21509,45.51137],[9.21472,45.51158],[9.21472,45.51171],[9.21467,45.51187],[9.21459,45.51204],[9.21399,45.51225],[9.21483,45.51343],[9.21458,45.5135],[9.21558,45.51484],[9.21632,45.51603],[9.21663,45.51653],[9.21719,45.5174],[9.21914,45.51984],[9.22016,45.52098],[9.22173,45.52269],[9.2222,45.5232],[9.22272,45.52372],[9.22282,45.52368]]]]}},{"type":"Feature","properties":{"nbhd_name":"Area funzionale 3","uesi_id":"ITA_R44915","nbhd_code":"ITA_R44915_104"},"geometry":{"type":"MultiPolygon","coordinates":[[[[9.18143,45.47632],[9.18158,45.47539],[9.18166,45.47481],[9.18181,45.47389],[9.18187,45.47346],[9.1816,45.47293],[9.18168,45.47258],[9.18173,45.47229],[9.18234,45.47181],[9.18243,45.47173],[9.18389,45.47209],[9.18394,45.47182],[9.184,45.47164],[9.18409,45.47139],[9.18425,45.47102],[9.18453,45.4706],[9.18478,45.47017],[9.18526,45.46934],[9.18534,45.46896],[9.18536,45.46876],[9.18541,45.46854],[9.18566,45.46751],[9.18572,45.46732],[9.18625,45.46606],[9.18521,45.46598],[9.18485,45.46594],[9.18364,45.46585],[9.18231,45.46573],[9.18224,45.46572],[9.18169,45.46571],[9.18061,45.46563],[9.18037,45.46566],[9.18033,45.46488],[9.17918,45.46479],[9.1793,45.46405],[9.17931,45.46396],[9.17937,45.46316],[9.17952,45.46278],[9.17973,45.46253],[9.17991,45.46169],[9.17995,45.46154],[9.17996,45.46147],[9.18036,45.46154],[9.18069,45.46156],[9.18149,45.46161],[9.18149,45.46111],[9.18157,45.46042],[9.18119,45.46022],[9.18097,45.46014],[9.17816,45.4591],[9.17795,45.45903],[9.17755,45.4589],[9.17513,45.46035],[9.17412,45.46106],[9.17351,45.46148],[9.17326,45.46167],[9.17348,45.46189],[9.17364,45.46235],[9.17383,45.46269],[9.17451,45.46395],[9.17482,45.4645],[9.17504,45.46488],[9.17552,45.46575],[9.17563,45.46592],[9.1757,45.46599],[9.17623,45.46683],[9.17657,45.46739],[9.17675,45.46769],[9.17631,45.46786],[9.17603,45.46844],[9.17221,45.47132],[9.17169,45.47097],[9.17032,45.47192],[9.16871,45.47323],[9.16894,45.47341],[9.1693,45.47365],[9.16983,45.474],[9.17108,45.4748],[9.17161,45.47516],[9.17147,45.47541],[9.17139,45.47573],[9.1715,45.47595],[9.17174,45.47619],[9.17198,45.47632],[9.17223,45.47637],[9.17246,45.47639],[9.17281,45.47633],[9.17319,45.47616],[9.17501,45.47734],[9.17648,45.47615],[9.1771,45.47662],[9.17823,45.47705],[9.18006,45.47739],[9.18088,45.47752],[9.18123,45.47757],[9.18127,45.47728],[9.18143,45.47632]]]]}},{"type":"Feature","properties":{"nbhd_name":"Area funzionale 30","uesi_id":"ITA_R44915","nbhd_code":"ITA_R44915_105"},"geometry":{"type":"MultiPolygon","coordinates":[[[[9.24437,45.51638],[9.24478,45.51553],[9.24598,45.51313],[9.24642,45.51214],[9.24685,45.51111],[9.24703,45.51067],[9.24706,45.51048],[9.24708,45.51037],[9.24719,45.51007],[9.24732,45.50975],[9.24747,45.50957],[9.24723,45.50944],[9.24428,45.50806],[9.24375,45.50781],[9.24213,45.50705],[9.24089,45.50647],[9.24044,45.50626],[9.23905,45.50561],[9.23789,45.50507],[9.23744,45.50492],[9.23694,45.50482],[9.23561,45.50464],[9.23545,45.50509],[9.23511,45.50583],[9.23459,45.50688],[9.23432,45.50742],[9.23411,45.50789],[9.23387,45.50837],[9.23611,45.50885],[9.23521,45.51096],[9.23814,45.5116],[9.23701,45.51458],[9.23856,45.51492],[9.23801,45.51602],[9.23657,45.51574],[9.23592,45.51744],[9.23791,45.51786],[9.23761,45.51871],[9.23821,45.51881],[9.24098,45.51929],[9.24288,45.51904],[9.24302,45.51903],[9.2439,45.51729],[9.24437,45.51638]]]]}},{"type":"Feature","properties":{"nbhd_name":"Area funzionale 31","uesi_id":"ITA_R44915","nbhd_code":"ITA_R44915_106"},"geometry":{"type":"MultiPolygon","coordinates":[[[[9.25605,45.51151],[9.25496,45.51069],[9.25355,45.50957],[9.25299,45.50915],[9.25154,45.50802],[9.25123,45.50778],[9.25018,45.50703],[9.24918,45.50625],[9.24799,45.50534],[9.24771,45.50514],[9.24701,45.50461],[9.24595,45.50384],[9.24545,45.50349],[9.24491,45.50309],[9.24422,45.50254],[9.24311,45.5017],[9.24227,45.50222],[9.24117,45.50292],[9.24069,45.5032],[9.23993,45.5037],[9.23909,45.50425],[9.23862,45.50454],[9.23808,45.5049],[9.23789,45.50507],[9.23905,45.50561],[9.24044,45.50626],[9.24089,45.50647],[9.24213,45.50705],[9.24375,45.50781],[9.24428,45.50806],[9.24723,45.50944],[9.24747,45.50957],[9.24771,45.50971],[9.24829,45.51004],[9.24861,45.51019],[9.24913,45.51032],[9.2516,45.51078],[9.25275,45.511],[9.25338,45.51111],[9.2536,45.51117],[9.25388,45.51125],[9.25412,45.51135],[9.2544,45.51122],[9.25605,45.51151]]]]}},{"type":"Feature","properties":{"nbhd_name":"Area funzionale 32","uesi_id":"ITA_R44915","nbhd_code":"ITA_R44915_107"},"geometry":{"type":"MultiPolygon","coordinates":[[[[9.2552,45.51991],[9.25529,45.51955],[9.25516,45.51891],[9.25541,45.51889],[9.25685,45.51824],[9.25739,45.51837],[9.25747,45.51825],[9.25879,45.51889],[9.25863,45.51904],[9.25875,45.51907],[9.25903,45.51914],[9.25916,45.51916],[9.25927,45.51918],[9.25948,45.51921],[9.25956,45.51923],[9.25978,45.51926],[9.25997,45.51934],[9.2601,45.51939],[9.26017,45.51943],[9.26039,45.51955],[9.26063,45.51962],[9.26091,45.51957],[9.26108,45.51954],[9.26112,45.51937],[9.26107,45.5192],[9.26104,45.51912],[9.26124,45.51896],[9.26129,45.51891],[9.26139,45.51884],[9.26153,45.51879],[9.26165,45.51877],[9.26205,45.51874],[9.26228,45.51852],[9.26224,45.51836],[9.26218,45.51805],[9.262,45.51787],[9.26193,45.5177],[9.26186,45.51731],[9.2618,45.51697],[9.26179,45.5169],[9.2619,45.51679],[9.26203,45.51675],[9.26213,45.51664],[9.26213,45.51651],[9.26208,45.51636],[9.26208,45.51623],[9.26211,45.51615],[9.26227,45.51618],[9.26238,45.51614],[9.26238,45.51601],[9.26237,45.51588],[9.26254,45.51578],[9.26273,45.51578],[9.2631,45.51577],[9.26351,45.51578],[9.26412,45.51577],[9.26432,45.51586],[9.26449,45.51603],[9.26489,45.51605],[9.26512,45.51606],[9.26525,45.51607],[9.26586,45.5161],[9.26721,45.51607],[9.26809,45.51605],[9.26826,45.51654],[9.26834,45.51679],[9.26843,45.51677],[9.26849,45.51675],[9.26871,45.51676],[9.26876,45.51676],[9.26883,45.51676],[9.26889,45.51622],[9.26893,45.51608],[9.26906,45.51556],[9.26896,45.51506],[9.26881,45.51457],[9.26875,45.5143],[9.26874,45.51427],[9.26866,45.51391],[9.26865,45.51374],[9.26861,45.51334],[9.26854,45.51291],[9.26848,45.51248],[9.26825,45.51247],[9.26814,45.51247],[9.26801,45.51246],[9.26785,45.51246],[9.2675,45.51245],[9.26718,45.51244],[9.26721,45.51239],[9.26724,45.51234],[9.26701,45.51241],[9.26592,45.5125],[9.26326,45.51262],[9.26198,45.51272],[9.26161,45.5127],[9.25955,45.51224],[9.25825,45.51203],[9.25605,45.51151],[9.2544,45.51122],[9.25412,45.51135],[9.25388,45.51125],[9.2536,45.51117],[9.25338,45.51111],[9.25275,45.511],[9.2516,45.51078],[9.24913,45.51032],[9.24861,45.51019],[9.24829,45.51004],[9.24771,45.50971],[9.24747,45.50957],[9.24732,45.50975],[9.24719,45.51007],[9.24708,45.51037],[9.24706,45.51048],[9.24703,45.51067],[9.24685,45.51111],[9.24642,45.51214],[9.24598,45.51313],[9.24478,45.51553],[9.24437,45.51638],[9.2439,45.51729],[9.24302,45.51903],[9.24371,45.51902],[9.24408,45.51892],[9.24463,45.51902],[9.24488,45.51838],[9.2451,45.51848],[9.24514,45.51849],[9.24559,45.51869],[9.24609,45.51886],[9.24651,45.51902],[9.24759,45.51944],[9.24882,45.51982],[9.24961,45.52],[9.24978,45.51968],[9.2508,45.51985],[9.25152,45.51996],[9.25252,45.52003],[9.25279,45.5201],[9.25303,45.52017],[9.25402,45.52032],[9.25536,45.52042],[9.2552,45.51991]]]]}},{"type":"Feature","properties":{"nbhd_name":"Area funzionale 33","uesi_id":"ITA_R44915","nbhd_code":"ITA_R44915_108"},"geometry":{"type":"MultiPolygon","coordinates":[[[[9.20698,45.47198],[9.20658,45.47194],[9.20643,45.47369],[9.20635,45.47396],[9.20621,45.47408],[9.20568,45.47435],[9.20521,45.47458],[9.20455,45.47487],[9.20407,45.4751],[9.20305,45.47555],[9.20204,45.47601],[9.2009,45.47654],[9.20159,45.47734],[9.20197,45.47774],[9.20226,45.47804],[9.20275,45.47853],[9.20385,45.47803],[9.20465,45.47765],[9.20486,45.47757],[9.20587,45.4771],[9.20711,45.47653],[9.20779,45.47622],[9.20819,45.47604],[9.20884,45.47573],[9.20947,45.47543],[9.21101,45.47472],[9.21124,45.4746],[9.21307,45.47377],[9.21471,45.47303],[9.21496,45.47291],[9.21472,45.47288],[9.21407,45.47279],[9.21323,45.47268],[9.21277,45.47262],[9.21114,45.47239],[9.21012,45.47231],[9.20965,45.47226],[9.20846,45.47215],[9.2081,45.47211],[9.20698,45.47198]]]]}},{"type":"Feature","properties":{"nbhd_name":"Area funzionale 34","uesi_id":"ITA_R44915","nbhd_code":"ITA_R44915_109"},"geometry":{"type":"MultiPolygon","coordinates":[[[[9.2147,45.46795],[9.21332,45.46792],[9.21175,45.46793],[9.21124,45.46793],[9.21018,45.46791],[9.20864,45.46788],[9.207,45.46787],[9.20693,45.46853],[9.20687,45.46916],[9.20673,45.47046],[9.20672,45.47071],[9.20657,45.47185],[9.20658,45.47194],[9.20698,45.47198],[9.2081,45.47211],[9.20846,45.47215],[9.20965,45.47226],[9.21012,45.47231],[9.21114,45.47239],[9.21277,45.47262],[9.21323,45.47268],[9.21407,45.47279],[9.21472,45.47288],[9.21496,45.47291],[9.21577,45.47308],[9.2168,45.47331],[9.21715,45.47334],[9.2172,45.4719],[9.21722,45.47144],[9.21723,45.47109],[9.21724,45.47082],[9.21726,45.47001],[9.21729,45.46927],[9.21731,45.46883],[9.21734,45.46798],[9.21597,45.46797],[9.21506,45.46796],[9.2147,45.46795]]]]}},{"type":"Feature","properties":{"nbhd_name":"Area funzionale 35","uesi_id":"ITA_R44915","nbhd_code":"ITA_R44915_110"},"geometry":{"type":"MultiPolygon","coordinates":[[[[9.21526,45.48645],[9.21597,45.4861],[9.21669,45.48612],[9.21637,45.48582],[9.21553,45.48496],[9.21515,45.48455],[9.2146,45.48402],[9.21384,45.48329],[9.21356,45.48301],[9.21282,45.48225],[9.21213,45.4826],[9.21146,45.48294],[9.21071,45.48223],[9.20971,45.48121],[9.2094,45.48092],[9.20906,45.48057],[9.20821,45.47972],[9.20706,45.47843],[9.20697,45.47831],[9.20672,45.47806],[9.20623,45.47751],[9.20587,45.4771],[9.20486,45.47757],[9.20465,45.47765],[9.20385,45.47803],[9.20275,45.47853],[9.20311,45.47896],[9.20393,45.47981],[9.20531,45.48113],[9.20648,45.48225],[9.20663,45.48241],[9.20774,45.48346],[9.20793,45.48364],[9.20809,45.48379],[9.20869,45.48435],[9.20918,45.48481],[9.20974,45.48534],[9.21062,45.48618],[9.21106,45.48659],[9.21133,45.48686],[9.21242,45.4879],[9.21274,45.48773],[9.21357,45.48731],[9.2149,45.48664],[9.21526,45.48645]]]]}},{"type":"Feature","properties":{"nbhd_name":"Area funzionale 36","uesi_id":"ITA_R44915","nbhd_code":"ITA_R44915_111"},"geometry":{"type":"MultiPolygon","coordinates":[[[[9.21577,45.47308],[9.21496,45.47291],[9.21471,45.47303],[9.21307,45.47377],[9.21124,45.4746],[9.21101,45.47472],[9.20947,45.47543],[9.20884,45.47573],[9.20819,45.47604],[9.20779,45.47622],[9.20711,45.47653],[9.20587,45.4771],[9.20623,45.47751],[9.20672,45.47806],[9.20697,45.47831],[9.20706,45.47843],[9.20821,45.47972],[9.20906,45.48057],[9.2094,45.48092],[9.21079,45.48017],[9.21099,45.48006],[9.21141,45.47984],[9.21301,45.47894],[9.21477,45.47804],[9.21531,45.47772],[9.21651,45.47707],[9.2168,45.47692],[9.21711,45.47676],[9.21713,45.47509],[9.21714,45.47469],[9.21715,45.47345],[9.21715,45.47334],[9.2168,45.47331],[9.21577,45.47308]]]]}},{"type":"Feature","properties":{"nbhd_name":"Area funzionale 37","uesi_id":"ITA_R44915","nbhd_code":"ITA_R44915_112"},"geometry":{"type":"MultiPolygon","coordinates":[[[[9.21701,45.48271],[9.21701,45.48223],[9.21702,45.48168],[9.21702,45.48164],[9.21705,45.48133],[9.21705,45.48119],[9.21706,45.48029],[9.21705,45.47914],[9.21706,45.47896],[9.2171,45.47817],[9.21711,45.47676],[9.2168,45.47692],[9.21651,45.47707],[9.21531,45.47772],[9.21477,45.47804],[9.21301,45.47894],[9.21141,45.47984],[9.21099,45.48006],[9.21079,45.48017],[9.2094,45.48092],[9.20971,45.48121],[9.21071,45.48223],[9.21146,45.48294],[9.21213,45.4826],[9.21282,45.48225],[9.21356,45.48301],[9.21384,45.48329],[9.2146,45.48402],[9.21515,45.48455],[9.21553,45.48496],[9.21637,45.48582],[9.21669,45.48612],[9.21698,45.48613],[9.21697,45.48551],[9.21697,45.48518],[9.21696,45.4845],[9.21701,45.48364],[9.21701,45.48271]]]]}},{"type":"Feature","properties":{"nbhd_name":"Area funzionale 38","uesi_id":"ITA_R44915","nbhd_code":"ITA_R44915_113"},"geometry":{"type":"MultiPolygon","coordinates":[[[[9.21936,45.48029],[9.21706,45.48029],[9.21705,45.48119],[9.21705,45.48133],[9.21702,45.48164],[9.21702,45.48168],[9.21701,45.48223],[9.21701,45.48271],[9.21701,45.48364],[9.21696,45.4845],[9.21697,45.48518],[9.21697,45.48551],[9.21698,45.48613],[9.21787,45.48617],[9.21923,45.48673],[9.21935,45.48677],[9.21965,45.4869],[9.22013,45.4871],[9.22064,45.48733],[9.22111,45.48761],[9.22109,45.48711],[9.22114,45.48602],[9.22117,45.48433],[9.22206,45.48429],[9.22265,45.48427],[9.22358,45.48423],[9.2236,45.48325],[9.22361,45.4821],[9.22363,45.48083],[9.22367,45.48031],[9.22123,45.48031],[9.21978,45.4803],[9.21936,45.48029]]]]}},{"type":"Feature","properties":{"nbhd_name":"Area funzionale 39","uesi_id":"ITA_R44915","nbhd_code":"ITA_R44915_114"},"geometry":{"type":"MultiPolygon","coordinates":[[[[9.21948,45.47336],[9.21715,45.47334],[9.21715,45.47345],[9.21714,45.47469],[9.21713,45.47509],[9.21711,45.47676],[9.2171,45.47817],[9.21706,45.47896],[9.21705,45.47914],[9.21706,45.48029],[9.21936,45.48029],[9.21978,45.4803],[9.22123,45.48031],[9.22367,45.48031],[9.22369,45.47973],[9.22368,45.47853],[9.22368,45.47795],[9.22368,45.47768],[9.22368,45.47663],[9.2237,45.47609],[9.22373,45.47567],[9.22374,45.4751],[9.22374,45.4742],[9.22373,45.47388],[9.22374,45.4734],[9.22132,45.47338],[9.22022,45.47337],[9.21948,45.47336]]]]}},{"type":"Feature","properties":{"nbhd_name":"Area funzionale 4","uesi_id":"ITA_R44915","nbhd_code":"ITA_R44915_115"},"geometry":{"type":"MultiPolygon","coordinates":[[[[9.19701,45.47535],[9.19545,45.47283],[9.195,45.4724],[9.19447,45.47249],[9.19275,45.47281],[9.19121,45.47308],[9.19067,45.47318],[9.19032,45.47322],[9.18951,45.47312],[9.1893,45.4731],[9.18829,45.47296],[9.18781,45.47294],[9.18739,45.4729],[9.18546,45.47248],[9.18494,45.47236],[9.18389,45.47209],[9.18243,45.47173],[9.18234,45.47181],[9.18173,45.47229],[9.18168,45.47258],[9.1816,45.47293],[9.18187,45.47346],[9.18181,45.47389],[9.18166,45.47481],[9.18158,45.47539],[9.18143,45.47632],[9.18127,45.47728],[9.18123,45.47757],[9.18151,45.47834],[9.18198,45.47824],[9.1823,45.47817],[9.18341,45.47793],[9.18417,45.47777],[9.18457,45.4777],[9.18632,45.47738],[9.18778,45.47711],[9.18853,45.47697],[9.18984,45.47673],[9.19177,45.47634],[9.19183,45.47633],[9.19368,45.47599],[9.19456,45.47581],[9.19586,45.47557],[9.19701,45.47535]]]]}},{"type":"Feature","properties":{"nbhd_name":"Area funzionale 40","uesi_id":"ITA_R44915","nbhd_code":"ITA_R44915_116"},"geometry":{"type":"MultiPolygon","coordinates":[[[[9.22375,45.47135],[9.22376,45.47089],[9.22435,45.47089],[9.22516,45.4709],[9.22589,45.4709],[9.22663,45.47091],[9.22737,45.47092],[9.22902,45.47094],[9.22937,45.47095],[9.2296,45.47094],[9.23008,45.47095],[9.23011,45.46994],[9.23011,45.46938],[9.23011,45.46912],[9.23011,45.46812],[9.22941,45.46811],[9.22831,45.46811],[9.22819,45.46811],[9.22743,45.46811],[9.22711,45.46811],[9.22666,45.4681],[9.22489,45.46808],[9.2238,45.46805],[9.22254,45.46801],[9.22142,45.468],[9.22061,45.46799],[9.21971,45.46798],[9.21836,45.46797],[9.21734,45.46798],[9.21731,45.46883],[9.21729,45.46927],[9.21726,45.47001],[9.21724,45.47082],[9.21723,45.47109],[9.21722,45.47144],[9.2172,45.4719],[9.21715,45.47334],[9.21948,45.47336],[9.22022,45.47337],[9.22132,45.47338],[9.22374,45.4734],[9.22373,45.47281],[9.22375,45.47256],[9.22375,45.47135]]]]}},{"type":"Feature","properties":{"nbhd_name":"Area funzionale 41","uesi_id":"ITA_R44915","nbhd_code":"ITA_R44915_117"},"geometry":{"type":"MultiPolygon","coordinates":[[[[9.22201,45.48602],[9.22114,45.48602],[9.22109,45.48711],[9.22111,45.48761],[9.22232,45.48868],[9.22333,45.48957],[9.22346,45.48969],[9.22374,45.4899],[9.22434,45.49038],[9.22482,45.49066],[9.22541,45.49097],[9.22617,45.4914],[9.22664,45.49161],[9.22855,45.49197],[9.22919,45.49208],[9.22984,45.4923],[9.23044,45.4925],[9.2309,45.49197],[9.23115,45.4917],[9.23219,45.49058],[9.23254,45.49016],[9.23283,45.4898],[9.233,45.48961],[9.2324,45.48931],[9.23144,45.48921],[9.22983,45.48904],[9.22792,45.48884],[9.22786,45.48873],[9.22684,45.48867],[9.22641,45.48865],[9.2264,45.4879],[9.22644,45.48605],[9.2254,45.48604],[9.22465,45.48603],[9.22356,45.48603],[9.22261,45.48603],[9.22201,45.48602]]]]}},{"type":"Feature","properties":{"nbhd_name":"Area funzionale 42","uesi_id":"ITA_R44915","nbhd_code":"ITA_R44915_118"},"geometry":{"type":"MultiPolygon","coordinates":[[[[9.224,45.48425],[9.22358,45.48423],[9.22265,45.48427],[9.22206,45.48429],[9.22117,45.48433],[9.22114,45.48602],[9.22201,45.48602],[9.22261,45.48603],[9.22356,45.48603],[9.22465,45.48603],[9.2254,45.48604],[9.22644,45.48605],[9.2264,45.4879],[9.22641,45.48865],[9.22684,45.48867],[9.22786,45.48873],[9.22792,45.48884],[9.22983,45.48904],[9.23144,45.48921],[9.2324,45.48931],[9.233,45.48961],[9.23351,45.48902],[9.23448,45.48802],[9.23493,45.48756],[9.23631,45.48613],[9.23473,45.48612],[9.23474,45.48553],[9.23399,45.48551],[9.23321,45.48551],[9.23234,45.48534],[9.23182,45.48523],[9.23142,45.48515],[9.23059,45.48496],[9.23041,45.48493],[9.23024,45.48489],[9.22989,45.48483],[9.22888,45.4847],[9.22831,45.48463],[9.22794,45.48458],[9.22723,45.48449],[9.22645,45.4844],[9.22544,45.48434],[9.22506,45.48431],[9.22467,45.48429],[9.224,45.48425]]]]}},{"type":"Feature","properties":{"nbhd_name":"Area funzionale 43","uesi_id":"ITA_R44915","nbhd_code":"ITA_R44915_119"},"geometry":{"type":"MultiPolygon","coordinates":[[[[9.22434,45.48055],[9.22367,45.48031],[9.22363,45.48083],[9.22361,45.4821],[9.2236,45.48325],[9.22358,45.48423],[9.224,45.48425],[9.22467,45.48429],[9.22506,45.48431],[9.22544,45.48434],[9.22645,45.4844],[9.22723,45.48449],[9.22794,45.48458],[9.22831,45.48463],[9.22888,45.4847],[9.22989,45.48483],[9.23024,45.48489],[9.23041,45.48493],[9.23059,45.48496],[9.23142,45.48515],[9.23182,45.48523],[9.23234,45.48534],[9.23321,45.48551],[9.23399,45.48551],[9.23474,45.48553],[9.23473,45.48612],[9.23631,45.48613],[9.23674,45.48556],[9.23621,45.48537],[9.23583,45.48513],[9.23571,45.48494],[9.2357,45.48469],[9.23575,45.48452],[9.23496,45.48423],[9.23427,45.484],[9.23352,45.48374],[9.23304,45.48357],[9.23224,45.4833],[9.23097,45.48284],[9.23023,45.48259],[9.22993,45.48248],[9.22934,45.48229],[9.22889,45.48215],[9.22798,45.48183],[9.22648,45.48128],[9.22568,45.48101],[9.22512,45.48081],[9.22472,45.48068],[9.22434,45.48055]]]]}},{"type":"Feature","properties":{"nbhd_name":"Area funzionale 44","uesi_id":"ITA_R44915","nbhd_code":"ITA_R44915_120"},"geometry":{"type":"MultiPolygon","coordinates":[[[[9.23008,45.47095],[9.2296,45.47094],[9.22937,45.47095],[9.22902,45.47094],[9.22737,45.47092],[9.22663,45.47091],[9.22589,45.4709],[9.22516,45.4709],[9.22435,45.47089],[9.22376,45.47089],[9.22375,45.47135],[9.22375,45.47256],[9.22373,45.47281],[9.22374,45.4734],[9.22373,45.47388],[9.22374,45.4742],[9.22374,45.4751],[9.22373,45.47567],[9.2237,45.47609],[9.22368,45.47663],[9.22368,45.47768],[9.22368,45.47795],[9.22368,45.47853],[9.22369,45.47973],[9.22367,45.48031],[9.22434,45.48055],[9.22472,45.48068],[9.22512,45.48081],[9.22568,45.48101],[9.22648,45.48128],[9.22798,45.48183],[9.22889,45.48215],[9.22934,45.48229],[9.22993,45.48248],[9.22994,45.48207],[9.22995,45.48144],[9.22994,45.48104],[9.22998,45.48033],[9.22996,45.47931],[9.23002,45.47691],[9.23004,45.47425],[9.23005,45.47346],[9.23006,45.4732],[9.23009,45.47263],[9.23009,45.47247],[9.2301,45.47178],[9.23008,45.47095]]]]}},{"type":"Feature","properties":{"nbhd_name":"Area funzionale 45","uesi_id":"ITA_R44915","nbhd_code":"ITA_R44915_121"},"geometry":{"type":"MultiPolygon","coordinates":[[[[9.23822,45.47455],[9.23816,45.47359],[9.23668,45.47357],[9.23436,45.47356],[9.23437,45.47393],[9.23437,45.4743],[9.23235,45.47426],[9.23053,45.47425],[9.23004,45.47425],[9.23002,45.47691],[9.22996,45.47931],[9.22998,45.48033],[9.22994,45.48104],[9.22995,45.48144],[9.22994,45.48207],[9.22993,45.48248],[9.23023,45.48259],[9.23097,45.48284],[9.23224,45.4833],[9.23304,45.48357],[9.23352,45.48374],[9.23427,45.484],[9.23496,45.48423],[9.23575,45.48452],[9.2357,45.48469],[9.23571,45.48494],[9.23583,45.48513],[9.23621,45.48537],[9.23674,45.48556],[9.23727,45.48498],[9.23766,45.48439],[9.2379,45.48401],[9.23807,45.48356],[9.23845,45.48207],[9.23863,45.47879],[9.23854,45.47732],[9.23841,45.47652],[9.2383,45.47578],[9.23822,45.47455]]]]}},{"type":"Feature","properties":{"nbhd_name":"Area funzionale 46","uesi_id":"ITA_R44915","nbhd_code":"ITA_R44915_122"},"geometry":{"type":"MultiPolygon","coordinates":[[[[9.23437,45.47393],[9.23436,45.47356],[9.23668,45.47357],[9.23816,45.47359],[9.23815,45.47332],[9.23809,45.47189],[9.23802,45.47095],[9.23797,45.46971],[9.23671,45.46966],[9.23609,45.46955],[9.23507,45.46918],[9.2344,45.46895],[9.23407,45.4688],[9.23264,45.46819],[9.23243,45.4681],[9.2318,45.46811],[9.23128,45.46811],[9.23119,45.46811],[9.23011,45.46812],[9.23011,45.46912],[9.23011,45.46938],[9.23011,45.46994],[9.23008,45.47095],[9.2301,45.47178],[9.23009,45.47247],[9.23009,45.47263],[9.23006,45.4732],[9.23005,45.47346],[9.23004,45.47425],[9.23053,45.47425],[9.23235,45.47426],[9.23437,45.4743],[9.23437,45.47393]]]]}},{"type":"Feature","properties":{"nbhd_name":"Area funzionale 47","uesi_id":"ITA_R44915","nbhd_code":"ITA_R44915_123"},"geometry":{"type":"MultiPolygon","coordinates":[[[[9.23859,45.49773],[9.23922,45.49733],[9.23947,45.49754],[9.23998,45.49571],[9.24017,45.49493],[9.24027,45.49484],[9.24044,45.49478],[9.24065,45.49475],[9.24077,45.49424],[9.24106,45.49314],[9.24128,45.49125],[9.2402,45.4912],[9.23823,45.49113],[9.23697,45.49108],[9.23526,45.49043],[9.2347,45.49022],[9.233,45.48961],[9.23283,45.4898],[9.23254,45.49016],[9.23219,45.49058],[9.23115,45.4917],[9.2309,45.49197],[9.23044,45.4925],[9.23083,45.4926],[9.23144,45.49283],[9.23201,45.49319],[9.23233,45.4934],[9.23313,45.49393],[9.23409,45.49462],[9.2352,45.49546],[9.23555,45.49573],[9.236,45.49609],[9.23715,45.49704],[9.23738,45.49723],[9.23839,45.49808],[9.23859,45.49773]]]]}},{"type":"Feature","properties":{"nbhd_name":"Area funzionale 48","uesi_id":"ITA_R44915","nbhd_code":"ITA_R44915_124"},"geometry":{"type":"MultiPolygon","coordinates":[[[[9.24041,45.48612],[9.23855,45.48601],[9.2372,45.48609],[9.23631,45.48613],[9.23493,45.48756],[9.23448,45.48802],[9.23351,45.48902],[9.233,45.48961],[9.2347,45.49022],[9.23526,45.49043],[9.23697,45.49108],[9.23823,45.49113],[9.2402,45.4912],[9.24128,45.49125],[9.2414,45.49012],[9.24175,45.48911],[9.24214,45.48794],[9.24234,45.48734],[9.24277,45.48632],[9.24147,45.48619],[9.24059,45.48613],[9.24041,45.48612]]]]}},{"type":"Feature","properties":{"nbhd_name":"Area funzionale 49","uesi_id":"ITA_R44915","nbhd_code":"ITA_R44915_125"},"geometry":{"type":"MultiPolygon","coordinates":[[[[9.25844,45.48714],[9.25881,45.48442],[9.25924,45.48418],[9.25928,45.48415],[9.26236,45.4841],[9.26407,45.48406],[9.26486,45.48405],[9.26471,45.48028],[9.2647,45.48009],[9.26469,45.47972],[9.26468,45.47928],[9.26467,45.47923],[9.26364,45.47919],[9.26198,45.47913],[9.26169,45.47912],[9.26159,45.47791],[9.26155,45.47748],[9.26147,45.47655],[9.26146,45.47645],[9.26133,45.47646],[9.2609,45.47648],[9.26048,45.47651],[9.26071,45.47412],[9.26072,45.47394],[9.26074,45.47376],[9.26079,45.47322],[9.26091,45.47202],[9.26096,45.47146],[9.26098,45.47143],[9.26168,45.4715],[9.26324,45.47162],[9.26501,45.47177],[9.26628,45.47194],[9.26752,45.47209],[9.26811,45.47217],[9.26821,45.4722],[9.26889,45.47249],[9.26954,45.47245],[9.26992,45.47239],[9.27033,45.47233],[9.27137,45.47231],[9.27143,45.47222],[9.27142,45.47144],[9.27141,45.47077],[9.27026,45.47076],[9.27027,45.47147],[9.26893,45.47154],[9.26779,45.4714],[9.26758,45.47202],[9.26739,45.47196],[9.26635,45.4718],[9.26648,45.47121],[9.26649,45.47113],[9.26652,45.47079],[9.26648,45.4706],[9.26671,45.47031],[9.267,45.47008],[9.26722,45.46955],[9.26341,45.46922],[9.26321,45.47001],[9.2605,45.46976],[9.25876,45.46959],[9.25844,45.47118],[9.25567,45.47083],[9.25584,45.46995],[9.25464,45.46991],[9.25453,45.46943],[9.25468,45.46906],[9.25512,45.46872],[9.25531,45.46846],[9.25529,45.46766],[9.25543,45.46694],[9.25489,45.46692],[9.25481,45.46733],[9.25307,45.4673],[9.25305,45.46777],[9.25209,45.46775],[9.24901,45.46773],[9.24907,45.47022],[9.24942,45.47022],[9.24945,45.4712],[9.2491,45.47122],[9.24884,45.47121],[9.24876,45.46863],[9.24578,45.46808],[9.24384,45.46828],[9.24265,45.46833],[9.24271,45.46951],[9.24165,45.46941],[9.24107,45.46941],[9.23943,45.46951],[9.23892,45.46896],[9.2379,45.46813],[9.23792,45.46851],[9.23793,45.46888],[9.23797,45.46971],[9.23802,45.47095],[9.23809,45.47189],[9.23815,45.47332],[9.23816,45.47359],[9.23822,45.47455],[9.2383,45.47578],[9.23841,45.47652],[9.23854,45.47732],[9.23863,45.47879],[9.23845,45.48207],[9.23807,45.48356],[9.2379,45.48401],[9.23766,45.48439],[9.23727,45.48498],[9.23674,45.48556],[9.23631,45.48613],[9.2372,45.48609],[9.23855,45.48601],[9.24041,45.48612],[9.24059,45.48613],[9.24147,45.48619],[9.24277,45.48632],[9.24304,45.48634],[9.24365,45.48641],[9.24543,45.48657],[9.24632,45.48666],[9.24734,45.48675],[9.24931,45.48693],[9.2514,45.48708],[9.25267,45.48718],[9.25839,45.48755],[9.2584,45.48747],[9.25844,45.48714]]]]}},{"type":"Feature","properties":{"nbhd_name":"Area funzionale 5","uesi_id":"ITA_R44915","nbhd_code":"ITA_R44915_126"},"geometry":{"type":"MultiPolygon","coordinates":[[[[9.20013,45.46975],[9.19925,45.46878],[9.19904,45.46901],[9.19822,45.46977],[9.19815,45.46983],[9.19805,45.46993],[9.19738,45.47045],[9.19513,45.47229],[9.195,45.4724],[9.19545,45.47283],[9.19701,45.47535],[9.19586,45.47557],[9.19456,45.47581],[9.19368,45.47599],[9.19183,45.47633],[9.19177,45.47634],[9.18984,45.47673],[9.18853,45.47697],[9.18778,45.47711],[9.18632,45.47738],[9.18457,45.4777],[9.18417,45.47777],[9.18341,45.47793],[9.1823,45.47817],[9.18198,45.47824],[9.18151,45.47834],[9.18076,45.47847],[9.18105,45.47998],[9.18108,45.48012],[9.18117,45.48071],[9.18134,45.48148],[9.18143,45.48186],[9.18183,45.48201],[9.18223,45.48215],[9.18233,45.48212],[9.18427,45.48159],[9.18453,45.48152],[9.18604,45.48113],[9.18654,45.48103],[9.18698,45.48096],[9.188,45.48081],[9.18822,45.4808],[9.19046,45.48069],[9.19099,45.48051],[9.19225,45.4803],[9.19212,45.47973],[9.19246,45.47968],[9.1944,45.47949],[9.19562,45.47896],[9.19693,45.47837],[9.19843,45.47768],[9.19915,45.47734],[9.2,45.47696],[9.2009,45.47654],[9.20204,45.47601],[9.20305,45.47555],[9.20407,45.4751],[9.20455,45.47487],[9.20521,45.47458],[9.20428,45.47372],[9.20366,45.4731],[9.20279,45.4722],[9.20245,45.47189],[9.20106,45.47062],[9.20033,45.46998],[9.20013,45.46975]]]]}},{"type":"Feature","properties":{"nbhd_name":"Area funzionale 50","uesi_id":"ITA_R44915","nbhd_code":"ITA_R44915_127"},"geometry":{"type":"MultiPolygon","coordinates":[[[[9.26954,45.51033],[9.26985,45.50921],[9.27095,45.50925],[9.271,45.50926],[9.27103,45.50913],[9.27115,45.50862],[9.27123,45.50826],[9.27147,45.50728],[9.27157,45.50685],[9.2716,45.50673],[9.27182,45.50664],[9.27203,45.50656],[9.2723,45.50645],[9.27311,45.50638],[9.27333,45.50635],[9.27427,45.50632],[9.27462,45.50626],[9.27491,45.50603],[9.27504,45.50593],[9.2756,45.50579],[9.27673,45.50568],[9.2775,45.50559],[9.27791,45.50557],[9.27785,45.50524],[9.27759,45.50362],[9.27622,45.50364],[9.27618,45.50342],[9.27602,45.50257],[9.27579,45.50256],[9.27556,45.50255],[9.27487,45.50251],[9.27432,45.50248],[9.27426,45.50223],[9.2742,45.50196],[9.27387,45.50196],[9.27188,45.502],[9.27177,45.50216],[9.27166,45.50233],[9.27175,45.5027],[9.27182,45.50295],[9.27184,45.50304],[9.27212,45.50386],[9.27233,45.50456],[9.2725,45.5051],[9.27255,45.50561],[9.27215,45.50576],[9.2716,45.50582],[9.27029,45.50585],[9.26797,45.50591],[9.26791,45.50592],[9.26789,45.50587],[9.26744,45.5056],[9.26691,45.50542],[9.26565,45.50516],[9.26499,45.50502],[9.26438,45.5049],[9.26377,45.50478],[9.26312,45.5047],[9.26242,45.50462],[9.26237,45.50462],[9.26155,45.50448],[9.2613,45.5044],[9.2613,45.50437],[9.26128,45.50367],[9.26128,45.50358],[9.26127,45.50309],[9.26126,45.50272],[9.26124,45.50265],[9.26116,45.50221],[9.26107,45.50174],[9.26105,45.50161],[9.26087,45.50122],[9.26059,45.50062],[9.26041,45.50019],[9.26039,45.50015],[9.26036,45.50009],[9.26033,45.49984],[9.26046,45.49896],[9.26056,45.49869],[9.26068,45.49838],[9.26078,45.49812],[9.26107,45.49749],[9.26115,45.49732],[9.26118,45.49724],[9.26134,45.49691],[9.26144,45.49666],[9.26164,45.49617],[9.26186,45.4958],[9.26206,45.49525],[9.26208,45.49522],[9.2621,45.49519],[9.2622,45.49506],[9.26213,45.49504],[9.26208,45.49502],[9.26206,45.495],[9.26201,45.495],[9.26178,45.49494],[9.26153,45.49487],[9.26113,45.49313],[9.2609,45.49116],[9.26087,45.49104],[9.26085,45.49097],[9.26083,45.49082],[9.26075,45.49072],[9.26067,45.49062],[9.26049,45.49046],[9.26042,45.49041],[9.2599,45.49015],[9.2597,45.49006],[9.25956,45.48999],[9.25849,45.48973],[9.25824,45.48969],[9.2581,45.48967],[9.25838,45.4876],[9.25839,45.48755],[9.25267,45.48718],[9.2514,45.48708],[9.24931,45.48693],[9.24734,45.48675],[9.24632,45.48666],[9.24543,45.48657],[9.24365,45.48641],[9.24304,45.48634],[9.24277,45.48632],[9.24234,45.48734],[9.24214,45.48794],[9.24175,45.48911],[9.2414,45.49012],[9.24128,45.49125],[9.24106,45.49314],[9.24077,45.49424],[9.24065,45.49475],[9.24044,45.49478],[9.24027,45.49484],[9.24017,45.49493],[9.23998,45.49571],[9.23947,45.49754],[9.23922,45.49733],[9.23859,45.49773],[9.23839,45.49808],[9.23917,45.49867],[9.23957,45.49895],[9.23992,45.49921],[9.24049,45.49966],[9.24092,45.5],[9.24167,45.50059],[9.24197,45.50084],[9.24311,45.5017],[9.24422,45.50254],[9.24491,45.50309],[9.24545,45.50349],[9.24595,45.50384],[9.24701,45.50461],[9.24771,45.50514],[9.24799,45.50534],[9.24918,45.50625],[9.25018,45.50703],[9.25123,45.50778],[9.25154,45.50802],[9.25299,45.50915],[9.25355,45.50957],[9.25496,45.51069],[9.25605,45.51151],[9.25825,45.51203],[9.25955,45.51224],[9.26161,45.5127],[9.26198,45.51272],[9.26326,45.51262],[9.26592,45.5125],[9.26701,45.51241],[9.26724,45.51234],[9.26726,45.5123],[9.26727,45.51226],[9.26755,45.51169],[9.26758,45.51162],[9.26748,45.51099],[9.26748,45.51092],[9.26745,45.51052],[9.26798,45.51047],[9.26893,45.51039],[9.26954,45.51033]]]]}},{"type":"Feature","properties":{"nbhd_name":"Area funzionale 51","uesi_id":"ITA_R44915","nbhd_code":"ITA_R44915_128"},"geometry":{"type":"MultiPolygon","coordinates":[[[[9.21734,45.46798],[9.21733,45.46665],[9.21735,45.46552],[9.21603,45.4655],[9.21543,45.4655],[9.21471,45.4655],[9.21405,45.4655],[9.21337,45.46551],[9.2116,45.46514],[9.21128,45.46507],[9.2103,45.46488],[9.20879,45.46459],[9.20739,45.46434],[9.20731,45.46527],[9.20731,45.46533],[9.20722,45.46632],[9.20719,45.46656],[9.20712,45.46721],[9.207,45.46787],[9.20864,45.46788],[9.21018,45.46791],[9.21124,45.46793],[9.21175,45.46793],[9.21332,45.46792],[9.2147,45.46795],[9.21506,45.46796],[9.21597,45.46797],[9.21734,45.46798]]]]}},{"type":"Feature","properties":{"nbhd_name":"Area funzionale 52","uesi_id":"ITA_R44915","nbhd_code":"ITA_R44915_129"},"geometry":{"type":"MultiPolygon","coordinates":[[[[9.21735,45.46552],[9.21737,45.46408],[9.2174,45.46255],[9.21738,45.4622],[9.21609,45.46221],[9.21468,45.46221],[9.21396,45.46223],[9.21345,45.46224],[9.21298,45.46224],[9.21208,45.46225],[9.21135,45.46225],[9.21082,45.46225],[9.21037,45.46225],[9.20976,45.46225],[9.20955,45.46225],[9.20886,45.46226],[9.20815,45.46226],[9.20758,45.46226],[9.20746,45.46337],[9.20739,45.46434],[9.20879,45.46459],[9.2103,45.46488],[9.21128,45.46507],[9.2116,45.46514],[9.21337,45.46551],[9.21405,45.4655],[9.21471,45.4655],[9.21543,45.4655],[9.21603,45.4655],[9.21735,45.46552]]]]}},{"type":"Feature","properties":{"nbhd_name":"Area funzionale 53","uesi_id":"ITA_R44915","nbhd_code":"ITA_R44915_130"},"geometry":{"type":"MultiPolygon","coordinates":[[[[9.20758,45.46226],[9.20815,45.46226],[9.20886,45.46226],[9.20955,45.46225],[9.20976,45.46225],[9.21037,45.46225],[9.21082,45.46225],[9.21135,45.46225],[9.21208,45.46225],[9.21298,45.46224],[9.21345,45.46224],[9.21396,45.46223],[9.21468,45.46221],[9.21609,45.46221],[9.21738,45.4622],[9.2174,45.46055],[9.21739,45.45859],[9.21735,45.45825],[9.21726,45.45774],[9.21707,45.45693],[9.21663,45.4558],[9.21514,45.45656],[9.21325,45.45752],[9.21288,45.45772],[9.21184,45.45809],[9.21076,45.45847],[9.20911,45.45906],[9.20716,45.45977],[9.20773,45.46053],[9.20769,45.46084],[9.20758,45.46226]]]]}},{"type":"Feature","properties":{"nbhd_name":"Area funzionale 54","uesi_id":"ITA_R44915","nbhd_code":"ITA_R44915_131"},"geometry":{"type":"MultiPolygon","coordinates":[[[[9.21623,45.45477],[9.21571,45.45405],[9.21559,45.4541],[9.21544,45.45389],[9.21357,45.45461],[9.21207,45.45522],[9.21114,45.4556],[9.21011,45.45602],[9.20908,45.45643],[9.2075,45.45707],[9.20697,45.45729],[9.20568,45.45779],[9.20587,45.45814],[9.20634,45.45873],[9.20696,45.45951],[9.20716,45.45977],[9.20911,45.45906],[9.21076,45.45847],[9.21184,45.45809],[9.21288,45.45772],[9.21325,45.45752],[9.21514,45.45656],[9.21663,45.4558],[9.21659,45.45573],[9.21636,45.4553],[9.2161,45.45482],[9.21623,45.45477]]]]}},{"type":"Feature","properties":{"nbhd_name":"Area funzionale 55","uesi_id":"ITA_R44915","nbhd_code":"ITA_R44915_132"},"geometry":{"type":"MultiPolygon","coordinates":[[[[9.2134,45.45144],[9.21277,45.45066],[9.21234,45.45072],[9.21146,45.45089],[9.21073,45.45115],[9.20886,45.4516],[9.2081,45.45186],[9.20769,45.45202],[9.20604,45.45268],[9.20472,45.45322],[9.20445,45.45334],[9.20348,45.45372],[9.20358,45.45394],[9.2039,45.45455],[9.20422,45.45512],[9.20495,45.45645],[9.20568,45.45779],[9.20697,45.45729],[9.2075,45.45707],[9.20908,45.45643],[9.21011,45.45602],[9.21114,45.4556],[9.21207,45.45522],[9.21357,45.45461],[9.21544,45.45389],[9.21494,45.45333],[9.21475,45.45307],[9.21439,45.45264],[9.21381,45.45198],[9.2134,45.45144]]]]}},{"type":"Feature","properties":{"nbhd_name":"Area funzionale 56","uesi_id":"ITA_R44915","nbhd_code":"ITA_R44915_133"},"geometry":{"type":"MultiPolygon","coordinates":[[[[9.21039,45.4478],[9.21002,45.44739],[9.20958,45.44763],[9.20844,45.44833],[9.2079,45.44866],[9.20715,45.44913],[9.20629,45.44966],[9.20561,45.45007],[9.20516,45.45034],[9.2041,45.45103],[9.20272,45.45187],[9.20255,45.45196],[9.20265,45.45212],[9.20292,45.45264],[9.20348,45.45372],[9.20445,45.45334],[9.20472,45.45322],[9.20604,45.45268],[9.20769,45.45202],[9.2081,45.45186],[9.20886,45.4516],[9.21073,45.45115],[9.21146,45.45089],[9.21234,45.45072],[9.21277,45.45066],[9.2119,45.44956],[9.21153,45.44912],[9.21141,45.44896],[9.21039,45.4478]]]]}},{"type":"Feature","properties":{"nbhd_name":"Area funzionale 57","uesi_id":"ITA_R44915","nbhd_code":"ITA_R44915_134"},"geometry":{"type":"MultiPolygon","coordinates":[[[[9.2238,45.46805],[9.22382,45.46671],[9.22384,45.46602],[9.22384,45.46556],[9.22389,45.46414],[9.2239,45.46368],[9.22389,45.46355],[9.22389,45.46328],[9.22391,45.46217],[9.22391,45.46067],[9.22195,45.46061],[9.22023,45.46059],[9.21809,45.46055],[9.2174,45.46055],[9.21738,45.4622],[9.2174,45.46255],[9.21737,45.46408],[9.21735,45.46552],[9.21733,45.46665],[9.21734,45.46798],[9.21836,45.46797],[9.21971,45.46798],[9.22061,45.46799],[9.22142,45.468],[9.22254,45.46801],[9.2238,45.46805]]]]}},{"type":"Feature","properties":{"nbhd_name":"Area funzionale 58","uesi_id":"ITA_R44915","nbhd_code":"ITA_R44915_135"},"geometry":{"type":"MultiPolygon","coordinates":[[[[9.2374,45.45627],[9.23739,45.45588],[9.23731,45.45427],[9.23726,45.45382],[9.23705,45.45229],[9.23684,45.45087],[9.23625,45.44942],[9.23579,45.44872],[9.23565,45.44842],[9.23544,45.448],[9.23521,45.44755],[9.235,45.44707],[9.23488,45.44662],[9.2348,45.44624],[9.2348,45.44588],[9.23366,45.44627],[9.23226,45.44677],[9.23193,45.44688],[9.23092,45.44717],[9.23017,45.44752],[9.22941,45.44805],[9.2294,45.44727],[9.22938,45.4466],[9.22864,45.44656],[9.22769,45.44652],[9.22698,45.4465],[9.22632,45.44646],[9.22412,45.44637],[9.22411,45.44787],[9.2241,45.44806],[9.22407,45.45063],[9.22407,45.45113],[9.22407,45.45134],[9.22405,45.45213],[9.224,45.45299],[9.22399,45.45362],[9.22396,45.45443],[9.22396,45.45468],[9.22396,45.45537],[9.22395,45.45618],[9.2225,45.45617],[9.22186,45.45616],[9.22144,45.45595],[9.22086,45.45584],[9.22031,45.45585],[9.21991,45.45591],[9.21952,45.45602],[9.21932,45.45617],[9.21747,45.45591],[9.21733,45.45589],[9.2172,45.45587],[9.21663,45.4558],[9.21707,45.45693],[9.21726,45.45774],[9.21735,45.45825],[9.21739,45.45859],[9.2174,45.46055],[9.21809,45.46055],[9.22023,45.46059],[9.22195,45.46061],[9.22391,45.46067],[9.22497,45.46068],[9.22616,45.46069],[9.22699,45.4607],[9.2278,45.46071],[9.22815,45.46071],[9.23023,45.46073],[9.23102,45.46074],[9.23251,45.46076],[9.23353,45.46076],[9.23519,45.46077],[9.23661,45.46077],[9.23759,45.46206],[9.23753,45.46105],[9.23747,45.4602],[9.23747,45.45782],[9.2374,45.45627]]]]}},{"type":"Feature","properties":{"nbhd_name":"Area funzionale 59","uesi_id":"ITA_R44915","nbhd_code":"ITA_R44915_136"},"geometry":{"type":"MultiPolygon","coordinates":[[[[9.22395,45.45618],[9.22396,45.45537],[9.22396,45.45468],[9.22396,45.45443],[9.22399,45.45362],[9.224,45.45299],[9.22405,45.45213],[9.22407,45.45134],[9.22356,45.45134],[9.22292,45.45164],[9.22195,45.45218],[9.22165,45.45236],[9.22063,45.45237],[9.21966,45.45235],[9.2192,45.45235],[9.21884,45.45251],[9.21845,45.45266],[9.21722,45.45316],[9.21571,45.45378],[9.21544,45.45389],[9.21559,45.4541],[9.21571,45.45405],[9.21623,45.45477],[9.2161,45.45482],[9.21636,45.4553],[9.21659,45.45573],[9.21663,45.4558],[9.2172,45.45587],[9.21733,45.45589],[9.21747,45.45591],[9.21932,45.45617],[9.21952,45.45602],[9.21991,45.45591],[9.22031,45.45585],[9.22086,45.45584],[9.22144,45.45595],[9.22186,45.45616],[9.2225,45.45617],[9.22395,45.45618]]]]}},{"type":"Feature","properties":{"nbhd_name":"Area funzionale 6","uesi_id":"ITA_R44915","nbhd_code":"ITA_R44915_137"},"geometry":{"type":"MultiPolygon","coordinates":[[[[9.20746,45.46337],[9.20758,45.46226],[9.2066,45.46229],[9.20533,45.46229],[9.20448,45.46229],[9.20369,45.46229],[9.20314,45.46229],[9.2026,45.46229],[9.20221,45.46229],[9.20117,45.46229],[9.20047,45.46229],[9.19979,45.46229],[9.19917,45.46229],[9.19829,45.46229],[9.19805,45.46244],[9.19881,45.46322],[9.19971,45.46421],[9.19999,45.46478],[9.20036,45.46543],[9.20046,45.46579],[9.2005,45.46627],[9.20053,45.46673],[9.20054,45.46701],[9.20044,45.46726],[9.20021,45.46758],[9.19975,45.46821],[9.19953,45.46847],[9.19925,45.46878],[9.20013,45.46975],[9.20033,45.46998],[9.20106,45.47062],[9.20245,45.47189],[9.20279,45.4722],[9.20366,45.4731],[9.20428,45.47372],[9.20521,45.47458],[9.20568,45.47435],[9.20621,45.47408],[9.20635,45.47396],[9.20643,45.47369],[9.20658,45.47194],[9.20657,45.47185],[9.20672,45.47071],[9.20673,45.47046],[9.20687,45.46916],[9.20693,45.46853],[9.207,45.46787],[9.20712,45.46721],[9.20719,45.46656],[9.20722,45.46632],[9.20731,45.46533],[9.20731,45.46527],[9.20739,45.46434],[9.20746,45.46337]]]]}},{"type":"Feature","properties":{"nbhd_name":"Area funzionale 60","uesi_id":"ITA_R44915","nbhd_code":"ITA_R44915_138"},"geometry":{"type":"MultiPolygon","coordinates":[[[[9.21884,45.45251],[9.2192,45.45235],[9.21966,45.45235],[9.22063,45.45237],[9.22165,45.45236],[9.22195,45.45218],[9.22292,45.45164],[9.22356,45.45134],[9.22407,45.45134],[9.22407,45.45113],[9.22407,45.45063],[9.2241,45.44806],[9.22335,45.44817],[9.22106,45.44846],[9.21972,45.44866],[9.21957,45.44869],[9.2175,45.44936],[9.21663,45.44962],[9.21608,45.4498],[9.2148,45.45018],[9.21277,45.45066],[9.2134,45.45144],[9.21381,45.45198],[9.21439,45.45264],[9.21475,45.45307],[9.21494,45.45333],[9.21544,45.45389],[9.21571,45.45378],[9.21722,45.45316],[9.21845,45.45266],[9.21884,45.45251]]]]}},{"type":"Feature","properties":{"nbhd_name":"Area funzionale 61","uesi_id":"ITA_R44915","nbhd_code":"ITA_R44915_139"},"geometry":{"type":"MultiPolygon","coordinates":[[[[9.22418,45.44117],[9.22421,45.44001],[9.22347,45.44036],[9.22293,45.44062],[9.2212,45.4415],[9.21953,45.44229],[9.21911,45.44249],[9.21769,45.44314],[9.21659,45.44367],[9.21588,45.44402],[9.21574,45.44408],[9.21472,45.44455],[9.21344,45.44533],[9.21267,45.44579],[9.21251,45.4459],[9.21173,45.44639],[9.21067,45.44704],[9.21018,45.44731],[9.21002,45.44739],[9.21039,45.4478],[9.21141,45.44896],[9.21153,45.44912],[9.2119,45.44956],[9.21277,45.45066],[9.2148,45.45018],[9.21608,45.4498],[9.21663,45.44962],[9.2175,45.44936],[9.21957,45.44869],[9.21972,45.44866],[9.22106,45.44846],[9.22335,45.44817],[9.2241,45.44806],[9.22411,45.44787],[9.22412,45.44637],[9.22412,45.44434],[9.22412,45.44291],[9.22416,45.44194],[9.22418,45.44117]]]]}},{"type":"Feature","properties":{"nbhd_name":"Area funzionale 62","uesi_id":"ITA_R44915","nbhd_code":"ITA_R44915_140"},"geometry":{"type":"MultiPolygon","coordinates":[[[[9.21721,45.43696],[9.21685,45.43686],[9.21654,45.43726],[9.21561,45.43849],[9.21522,45.43897],[9.21513,45.43908],[9.21467,45.43973],[9.21447,45.43998],[9.21413,45.44045],[9.21379,45.44092],[9.21341,45.44142],[9.21311,45.44184],[9.21272,45.44261],[9.21251,45.44303],[9.2123,45.44339],[9.21187,45.44425],[9.21155,45.44488],[9.21267,45.44579],[9.21344,45.44533],[9.21472,45.44455],[9.21574,45.44408],[9.21588,45.44402],[9.21659,45.44367],[9.21769,45.44314],[9.21911,45.44249],[9.21953,45.44229],[9.2212,45.4415],[9.22293,45.44062],[9.22347,45.44036],[9.22421,45.44001],[9.22377,45.43982],[9.22271,45.43934],[9.22028,45.43821],[9.21985,45.43801],[9.21909,45.43767],[9.21862,45.43746],[9.21762,45.437],[9.21721,45.43696]]]]}},{"type":"Feature","properties":{"nbhd_name":"Area funzionale 63","uesi_id":"ITA_R44915","nbhd_code":"ITA_R44915_141"},"geometry":{"type":"MultiPolygon","coordinates":[[[[9.2379,45.46813],[9.23789,45.46784],[9.23783,45.46628],[9.23781,45.46551],[9.23759,45.46206],[9.23517,45.46205],[9.23516,45.46241],[9.23513,45.4637],[9.23511,45.46563],[9.23298,45.46561],[9.23247,45.46561],[9.23165,45.4656],[9.23143,45.4656],[9.23016,45.4656],[9.22909,45.46559],[9.22876,45.46559],[9.22774,45.46557],[9.22711,45.46556],[9.22655,45.46556],[9.22384,45.46556],[9.22384,45.46602],[9.22382,45.46671],[9.2238,45.46805],[9.22489,45.46808],[9.22666,45.4681],[9.22711,45.46811],[9.22743,45.46811],[9.22819,45.46811],[9.22831,45.46811],[9.22941,45.46811],[9.23011,45.46812],[9.23119,45.46811],[9.23128,45.46811],[9.2318,45.46811],[9.23243,45.4681],[9.23264,45.46819],[9.23407,45.4688],[9.2344,45.46895],[9.23507,45.46918],[9.23609,45.46955],[9.23671,45.46966],[9.23797,45.46971],[9.23793,45.46888],[9.23792,45.46851],[9.2379,45.46813]]]]}},{"type":"Feature","properties":{"nbhd_name":"Area funzionale 64","uesi_id":"ITA_R44915","nbhd_code":"ITA_R44915_142"},"geometry":{"type":"MultiPolygon","coordinates":[[[[9.22497,45.46068],[9.22391,45.46067],[9.22391,45.46217],[9.22389,45.46328],[9.22389,45.46355],[9.2239,45.46368],[9.22389,45.46414],[9.22384,45.46556],[9.22655,45.46556],[9.22711,45.46556],[9.22774,45.46557],[9.22876,45.46559],[9.22909,45.46559],[9.23016,45.4656],[9.23018,45.4653],[9.23017,45.4652],[9.23018,45.46421],[9.23019,45.46371],[9.23019,45.46355],[9.2302,45.46261],[9.23021,45.46226],[9.23022,45.461],[9.23023,45.46073],[9.22815,45.46071],[9.2278,45.46071],[9.22699,45.4607],[9.22616,45.46069],[9.22497,45.46068]]]]}},{"type":"Feature","properties":{"nbhd_name":"Area funzionale 65","uesi_id":"ITA_R44915","nbhd_code":"ITA_R44915_143"},"geometry":{"type":"MultiPolygon","coordinates":[[[[9.23516,45.46241],[9.23517,45.46205],[9.23759,45.46206],[9.23661,45.46077],[9.23519,45.46077],[9.23353,45.46076],[9.23251,45.46076],[9.23102,45.46074],[9.23023,45.46073],[9.23022,45.461],[9.23021,45.46226],[9.2302,45.46261],[9.23019,45.46355],[9.23019,45.46371],[9.23018,45.46421],[9.23017,45.4652],[9.23018,45.4653],[9.23016,45.4656],[9.23143,45.4656],[9.23165,45.4656],[9.23247,45.46561],[9.23298,45.46561],[9.23511,45.46563],[9.23513,45.4637],[9.23516,45.46241]]]]}},{"type":"Feature","properties":{"nbhd_name":"Area funzionale 66","uesi_id":"ITA_R44915","nbhd_code":"ITA_R44915_144"},"geometry":{"type":"MultiPolygon","coordinates":[[[[9.23981,45.43162],[9.23989,45.43125],[9.23914,45.43139],[9.23843,45.43163],[9.23786,45.43203],[9.23617,45.43349],[9.23566,45.43391],[9.2346,45.43457],[9.23271,45.43576],[9.23236,45.43593],[9.23069,45.43679],[9.23012,45.43709],[9.22995,45.43717],[9.22845,45.43786],[9.22775,45.4382],[9.22643,45.43886],[9.22551,45.43932],[9.22518,45.43948],[9.22455,45.43981],[9.22421,45.44001],[9.22418,45.44117],[9.22416,45.44194],[9.22412,45.44291],[9.22412,45.44434],[9.22412,45.44637],[9.22632,45.44646],[9.22698,45.4465],[9.22769,45.44652],[9.22864,45.44656],[9.22938,45.4466],[9.2294,45.44727],[9.22941,45.44805],[9.23017,45.44752],[9.23092,45.44717],[9.23193,45.44688],[9.23226,45.44677],[9.23366,45.44627],[9.2348,45.44588],[9.2348,45.44569],[9.23484,45.44523],[9.23497,45.44464],[9.23501,45.44414],[9.23527,45.44357],[9.23584,45.44197],[9.23677,45.43942],[9.23746,45.43789],[9.23829,45.43598],[9.23855,45.43523],[9.23934,45.43298],[9.23981,45.43162]]]]}},{"type":"Feature","properties":{"nbhd_name":"Area funzionale 67","uesi_id":"ITA_R44915","nbhd_code":"ITA_R44915_145"},"geometry":{"type":"MultiPolygon","coordinates":[[[[9.22427,45.43186],[9.22413,45.43169],[9.2236,45.43175],[9.22298,45.43197],[9.22202,45.43242],[9.22116,45.43297],[9.22015,45.4337],[9.21922,45.43443],[9.21836,45.4352],[9.21776,45.43572],[9.21761,45.43588],[9.21727,45.43632],[9.21705,45.43659],[9.21685,45.43686],[9.21721,45.43696],[9.21762,45.437],[9.21862,45.43746],[9.21909,45.43767],[9.21985,45.43801],[9.22028,45.43821],[9.22271,45.43934],[9.22377,45.43982],[9.22421,45.44001],[9.22421,45.43856],[9.22422,45.43812],[9.22424,45.43753],[9.22427,45.43627],[9.22427,45.43549],[9.22428,45.43495],[9.22428,45.43484],[9.22429,45.43343],[9.22427,45.43186]]]]}},{"type":"Feature","properties":{"nbhd_name":"Area funzionale 68","uesi_id":"ITA_R44915","nbhd_code":"ITA_R44915_146"},"geometry":{"type":"MultiPolygon","coordinates":[[[[9.26758,45.47202],[9.26779,45.4714],[9.26893,45.47154],[9.27027,45.47147],[9.27026,45.47076],[9.27141,45.47077],[9.27178,45.46839],[9.27131,45.46815],[9.27111,45.46761],[9.27141,45.46602],[9.27154,45.4654],[9.27161,45.46504],[9.27175,45.46438],[9.27172,45.46413],[9.27166,45.46335],[9.27165,45.46328],[9.27149,45.46229],[9.27159,45.46229],[9.27167,45.46191],[9.27172,45.46182],[9.27216,45.4611],[9.2722,45.4607],[9.27221,45.46056],[9.27153,45.46051],[9.27042,45.46039],[9.27034,45.46013],[9.27032,45.45992],[9.27029,45.45958],[9.27017,45.45906],[9.26994,45.45887],[9.26984,45.45882],[9.26962,45.45869],[9.26941,45.45859],[9.26933,45.45856],[9.26924,45.45819],[9.26927,45.45814],[9.26936,45.45794],[9.26896,45.45774],[9.26805,45.45753],[9.2671,45.45741],[9.26577,45.45735],[9.2646,45.45734],[9.26456,45.45722],[9.26448,45.457],[9.26437,45.45616],[9.26429,45.45579],[9.26418,45.45534],[9.26387,45.45505],[9.26384,45.45496],[9.2637,45.45453],[9.26405,45.4535],[9.26452,45.4527],[9.26505,45.4526],[9.26511,45.45245],[9.26517,45.45227],[9.26525,45.45207],[9.26489,45.45181],[9.26479,45.45173],[9.26488,45.45157],[9.26492,45.45149],[9.26519,45.45101],[9.26577,45.45109],[9.26618,45.45107],[9.26625,45.45098],[9.26638,45.45083],[9.26638,45.45072],[9.26637,45.45048],[9.26713,45.44978],[9.26699,45.44887],[9.26661,45.44804],[9.26651,45.4473],[9.26645,45.44688],[9.26653,45.44644],[9.26658,45.44616],[9.26664,45.44572],[9.26656,45.44494],[9.2666,45.44462],[9.26669,45.44433],[9.26655,45.44433],[9.2655,45.44442],[9.26404,45.44454],[9.26349,45.4446],[9.26294,45.44457],[9.26225,45.44447],[9.26048,45.44425],[9.25807,45.44403],[9.25867,45.4461],[9.25654,45.44667],[9.25553,45.44738],[9.25283,45.44939],[9.25074,45.45092],[9.24862,45.45249],[9.2463,45.45417],[9.24588,45.45449],[9.24458,45.45546],[9.24445,45.45554],[9.24387,45.45597],[9.24346,45.45626],[9.24283,45.45674],[9.24217,45.45724],[9.24075,45.45826],[9.23813,45.4602],[9.23747,45.4602],[9.23753,45.46105],[9.23759,45.46206],[9.23781,45.46551],[9.23783,45.46628],[9.23789,45.46784],[9.2379,45.46813],[9.23892,45.46896],[9.23943,45.46951],[9.24107,45.46941],[9.24165,45.46941],[9.24271,45.46951],[9.24265,45.46833],[9.24384,45.46828],[9.24578,45.46808],[9.24876,45.46863],[9.24884,45.47121],[9.2491,45.47122],[9.24945,45.4712],[9.24942,45.47022],[9.24907,45.47022],[9.24901,45.46773],[9.25209,45.46775],[9.25305,45.46777],[9.25307,45.4673],[9.25481,45.46733],[9.25489,45.46692],[9.25543,45.46694],[9.25529,45.46766],[9.25531,45.46846],[9.25512,45.46872],[9.25468,45.46906],[9.25453,45.46943],[9.25464,45.46991],[9.25584,45.46995],[9.25567,45.47083],[9.25844,45.47118],[9.25876,45.46959],[9.2605,45.46976],[9.26321,45.47001],[9.26341,45.46922],[9.26722,45.46955],[9.267,45.47008],[9.26671,45.47031],[9.26648,45.4706],[9.26652,45.47079],[9.26649,45.47113],[9.26648,45.47121],[9.26635,45.4718],[9.26739,45.47196],[9.26758,45.47202]]]]}},{"type":"Feature","properties":{"nbhd_name":"Area funzionale 69","uesi_id":"ITA_R44915","nbhd_code":"ITA_R44915_147"},"geometry":{"type":"MultiPolygon","coordinates":[[[[9.25867,45.4461],[9.25807,45.44403],[9.25693,45.44392],[9.25494,45.44481],[9.2544,45.4449],[9.25393,45.44486],[9.25339,45.44473],[9.25278,45.44447],[9.25237,45.44433],[9.25186,45.4443],[9.25136,45.44439],[9.25054,45.44482],[9.24997,45.44503],[9.24944,45.44508],[9.2487,45.44507],[9.24799,45.44503],[9.24765,45.44498],[9.2467,45.44478],[9.24559,45.44463],[9.2443,45.44463],[9.24369,45.44463],[9.24319,45.44453],[9.24297,45.44447],[9.24247,45.44435],[9.24196,45.44428],[9.24142,45.44425],[9.24084,45.44424],[9.24044,45.44427],[9.23951,45.44435],[9.2387,45.44454],[9.23808,45.44483],[9.23738,45.44518],[9.23674,45.44538],[9.2348,45.44588],[9.2348,45.44624],[9.23488,45.44662],[9.235,45.44707],[9.23521,45.44755],[9.23544,45.448],[9.23565,45.44842],[9.23579,45.44872],[9.23625,45.44942],[9.23684,45.45087],[9.23705,45.45229],[9.23726,45.45382],[9.23731,45.45427],[9.23739,45.45588],[9.2374,45.45627],[9.23747,45.45782],[9.23747,45.4602],[9.23813,45.4602],[9.24075,45.45826],[9.24217,45.45724],[9.24283,45.45674],[9.24346,45.45626],[9.24387,45.45597],[9.24445,45.45554],[9.24458,45.45546],[9.24588,45.45449],[9.2463,45.45417],[9.24862,45.45249],[9.25074,45.45092],[9.25283,45.44939],[9.25553,45.44738],[9.25654,45.44667],[9.25867,45.4461]]]]}},{"type":"Feature","properties":{"nbhd_name":"Area funzionale 7","uesi_id":"ITA_R44915","nbhd_code":"ITA_R44915_148"},"geometry":{"type":"MultiPolygon","coordinates":[[[[9.19829,45.46229],[9.19917,45.46229],[9.19979,45.46229],[9.20047,45.46229],[9.20117,45.46229],[9.20221,45.46229],[9.2026,45.46229],[9.20314,45.46229],[9.20369,45.46229],[9.20448,45.46229],[9.20533,45.46229],[9.2066,45.46229],[9.20758,45.46226],[9.20769,45.46084],[9.20773,45.46053],[9.20716,45.45977],[9.20696,45.45951],[9.20634,45.45873],[9.20587,45.45814],[9.20568,45.45779],[9.20495,45.45645],[9.20422,45.45512],[9.2039,45.45455],[9.20358,45.45394],[9.20348,45.45372],[9.20292,45.45264],[9.20265,45.45212],[9.20255,45.45196],[9.20186,45.45238],[9.20078,45.45301],[9.20033,45.4533],[9.20023,45.45336],[9.19963,45.45372],[9.19861,45.45434],[9.19807,45.45468],[9.19612,45.45592],[9.19588,45.45608],[9.19539,45.45634],[9.19358,45.45747],[9.19339,45.45758],[9.19402,45.4582],[9.19529,45.45953],[9.19644,45.46076],[9.19658,45.46089],[9.19716,45.46152],[9.19805,45.46244],[9.19829,45.46229]]]]}},{"type":"Feature","properties":{"nbhd_name":"Area funzionale 70","uesi_id":"ITA_R44915","nbhd_code":"ITA_R44915_149"},"geometry":{"type":"MultiPolygon","coordinates":[[[[9.24044,45.44427],[9.24084,45.44424],[9.24142,45.44425],[9.24196,45.44428],[9.24247,45.44435],[9.24297,45.44447],[9.24319,45.44453],[9.24369,45.44463],[9.2443,45.44463],[9.24559,45.44463],[9.2467,45.44478],[9.24765,45.44498],[9.24799,45.44503],[9.2487,45.44507],[9.24944,45.44508],[9.24997,45.44503],[9.25054,45.44482],[9.25136,45.44439],[9.25186,45.4443],[9.25237,45.44433],[9.25278,45.44447],[9.25339,45.44473],[9.25393,45.44486],[9.2544,45.4449],[9.25494,45.44481],[9.25693,45.44392],[9.25807,45.44403],[9.26048,45.44425],[9.26225,45.44447],[9.26294,45.44457],[9.26349,45.4446],[9.26404,45.44454],[9.2655,45.44442],[9.26655,45.44433],[9.26669,45.44433],[9.26673,45.44419],[9.26677,45.44397],[9.26683,45.44354],[9.26683,45.44351],[9.26675,45.44303],[9.26673,45.4429],[9.26669,45.44212],[9.26672,45.44116],[9.26693,45.44036],[9.26694,45.44024],[9.26695,45.43992],[9.26696,45.43978],[9.26665,45.43901],[9.26666,45.43835],[9.26665,45.43778],[9.26654,45.43746],[9.26652,45.43739],[9.2665,45.43733],[9.26633,45.43682],[9.26641,45.43642],[9.2665,45.43601],[9.26657,45.43589],[9.26693,45.43524],[9.2668,45.43521],[9.26663,45.43511],[9.26656,45.43508],[9.26651,45.43505],[9.26628,45.43482],[9.26577,45.43433],[9.26534,45.4339],[9.26408,45.43278],[9.26386,45.43258],[9.26378,45.4325],[9.26006,45.43393],[9.25539,45.43542],[9.25302,45.43613],[9.2502,45.4338],[9.2496,45.43413],[9.24904,45.43446],[9.24882,45.43506],[9.24867,45.43544],[9.24833,45.43565],[9.24776,45.436],[9.24735,45.43625],[9.24667,45.43666],[9.24688,45.43674],[9.24565,45.43748],[9.24433,45.43833],[9.24282,45.43921],[9.24221,45.43905],[9.24143,45.43852],[9.24115,45.43834],[9.24054,45.43784],[9.23972,45.43718],[9.23903,45.43664],[9.2389,45.43648],[9.23857,45.43605],[9.23829,45.43598],[9.23746,45.43789],[9.23677,45.43942],[9.23584,45.44197],[9.23527,45.44357],[9.23501,45.44414],[9.23497,45.44464],[9.23484,45.44523],[9.2348,45.44569],[9.2348,45.44588],[9.23674,45.44538],[9.23738,45.44518],[9.23808,45.44483],[9.2387,45.44454],[9.23951,45.44435],[9.24044,45.44427]]]]}},{"type":"Feature","properties":{"nbhd_name":"Area funzionale 71","uesi_id":"ITA_R44915","nbhd_code":"ITA_R44915_150"},"geometry":{"type":"MultiPolygon","coordinates":[[[[9.23914,45.43139],[9.23989,45.43125],[9.23981,45.43162],[9.23934,45.43298],[9.23855,45.43523],[9.23829,45.43598],[9.23857,45.43605],[9.2389,45.43648],[9.23903,45.43664],[9.23972,45.43718],[9.24054,45.43784],[9.24115,45.43834],[9.24143,45.43852],[9.24221,45.43905],[9.24282,45.43921],[9.24433,45.43833],[9.24565,45.43748],[9.24688,45.43674],[9.24667,45.43666],[9.24735,45.43625],[9.24776,45.436],[9.24833,45.43565],[9.24867,45.43544],[9.24882,45.43506],[9.24904,45.43446],[9.2496,45.43413],[9.2502,45.4338],[9.25302,45.43613],[9.25539,45.43542],[9.26006,45.43393],[9.26378,45.4325],[9.26361,45.43221],[9.26204,45.43133],[9.26192,45.43137],[9.26172,45.43126],[9.26024,45.43046],[9.25995,45.4304],[9.25936,45.43029],[9.25851,45.42947],[9.25729,45.42872],[9.25722,45.42868],[9.25612,45.4281],[9.25576,45.42791],[9.25489,45.42744],[9.25401,45.42697],[9.25387,45.42678],[9.25376,45.42671],[9.2537,45.42659],[9.25347,45.42639],[9.25322,45.42624],[9.25309,45.42615],[9.25258,45.42595],[9.25251,45.42592],[9.25242,45.42588],[9.25176,45.4256],[9.25199,45.42538],[9.25279,45.42462],[9.25387,45.42358],[9.2538,45.42356],[9.25353,45.42347],[9.25306,45.42333],[9.25277,45.42325],[9.25185,45.42301],[9.25164,45.42293],[9.25099,45.42269],[9.2508,45.42277],[9.25061,45.42286],[9.25006,45.42314],[9.24925,45.4235],[9.24896,45.42355],[9.24786,45.42374],[9.24665,45.42362],[9.24554,45.42316],[9.2453,45.42306],[9.24388,45.42222],[9.24289,45.42153],[9.24013,45.4198],[9.24002,45.41974],[9.24038,45.41962],[9.2403,45.41956],[9.23894,45.42015],[9.23463,45.42261],[9.23309,45.42391],[9.23246,45.42438],[9.23181,45.42492],[9.2308,45.42575],[9.23049,45.42604],[9.22886,45.4274],[9.22846,45.42777],[9.22819,45.42816],[9.22787,45.4285],[9.22743,45.42894],[9.22651,45.4298],[9.22611,45.43032],[9.22413,45.43169],[9.22427,45.43186],[9.22429,45.43343],[9.22428,45.43484],[9.22428,45.43495],[9.22427,45.43549],[9.22427,45.43627],[9.22424,45.43753],[9.22422,45.43812],[9.22421,45.43856],[9.22421,45.44001],[9.22455,45.43981],[9.22518,45.43948],[9.22551,45.43932],[9.22643,45.43886],[9.22775,45.4382],[9.22845,45.43786],[9.22995,45.43717],[9.23012,45.43709],[9.23069,45.43679],[9.23236,45.43593],[9.23271,45.43576],[9.2346,45.43457],[9.23566,45.43391],[9.23617,45.43349],[9.23786,45.43203],[9.23843,45.43163],[9.23914,45.43139]]]]}},{"type":"Feature","properties":{"nbhd_name":"Area funzionale 72","uesi_id":"ITA_R44915","nbhd_code":"ITA_R44915_151"},"geometry":{"type":"MultiPolygon","coordinates":[[[[9.20255,45.45196],[9.20272,45.45187],[9.2041,45.45103],[9.20516,45.45034],[9.20561,45.45007],[9.20629,45.44966],[9.20715,45.44913],[9.2079,45.44866],[9.20844,45.44833],[9.20958,45.44763],[9.21002,45.44739],[9.21018,45.44731],[9.21067,45.44704],[9.21173,45.44639],[9.21251,45.4459],[9.21134,45.44577],[9.20448,45.44549],[9.19836,45.44526],[9.19803,45.4465],[9.19779,45.44737],[9.19769,45.44769],[9.19744,45.44863],[9.19732,45.44908],[9.19723,45.44935],[9.19691,45.45055],[9.19687,45.45076],[9.19683,45.45093],[9.19674,45.45122],[9.19652,45.45204],[9.19803,45.45204],[9.19862,45.45204],[9.19988,45.45197],[9.2005,45.45194],[9.20115,45.45196],[9.20186,45.45238],[9.20255,45.45196]]]]}},{"type":"Feature","properties":{"nbhd_name":"Area funzionale 73","uesi_id":"ITA_R44915","nbhd_code":"ITA_R44915_152"},"geometry":{"type":"MultiPolygon","coordinates":[[[[9.18956,45.45197],[9.19034,45.45195],[9.19093,45.45195],[9.1927,45.45197],[9.19397,45.45198],[9.19413,45.45198],[9.19437,45.45198],[9.19652,45.45204],[9.19674,45.45122],[9.19683,45.45093],[9.19687,45.45076],[9.19691,45.45055],[9.19723,45.44935],[9.19732,45.44908],[9.19744,45.44863],[9.19769,45.44769],[9.19779,45.44737],[9.19803,45.4465],[9.19836,45.44526],[9.19466,45.44518],[9.19348,45.44515],[9.19241,45.44512],[9.19068,45.44508],[9.18958,45.44502],[9.18866,45.44491],[9.18773,45.44474],[9.18757,45.44578],[9.18735,45.44622],[9.18708,45.44671],[9.1869,45.44712],[9.18671,45.44751],[9.18651,45.44802],[9.18621,45.44874],[9.18584,45.44948],[9.18608,45.45024],[9.1863,45.45095],[9.18659,45.45183],[9.18675,45.45235],[9.18766,45.45217],[9.1886,45.45205],[9.18956,45.45197]]]]}},{"type":"Feature","properties":{"nbhd_name":"Area funzionale 74","uesi_id":"ITA_R44915","nbhd_code":"ITA_R44915_153"},"geometry":{"type":"MultiPolygon","coordinates":[[[[9.18029,45.44741],[9.17952,45.44736],[9.17804,45.44743],[9.1776,45.44745],[9.17698,45.44748],[9.17704,45.44778],[9.17732,45.4489],[9.17756,45.44993],[9.17786,45.45124],[9.1779,45.45144],[9.17795,45.45163],[9.1781,45.45227],[9.17894,45.45236],[9.17868,45.45301],[9.17866,45.45321],[9.1791,45.45324],[9.17956,45.45324],[9.18029,45.45323],[9.18028,45.45307],[9.18073,45.45292],[9.18107,45.45281],[9.18407,45.45255],[9.18452,45.45251],[9.18468,45.4525],[9.18577,45.45242],[9.18598,45.45241],[9.18675,45.45235],[9.18659,45.45183],[9.1863,45.45095],[9.18608,45.45024],[9.18584,45.44948],[9.18621,45.44874],[9.18651,45.44802],[9.18537,45.44791],[9.18302,45.44768],[9.18191,45.44758],[9.18029,45.44741]]]]}},{"type":"Feature","properties":{"nbhd_name":"Area funzionale 75","uesi_id":"ITA_R44915","nbhd_code":"ITA_R44915_154"},"geometry":{"type":"MultiPolygon","coordinates":[[[[9.18671,45.44751],[9.1869,45.44712],[9.18708,45.44671],[9.18735,45.44622],[9.18757,45.44578],[9.18773,45.44474],[9.18716,45.44463],[9.18641,45.44442],[9.18535,45.44409],[9.18465,45.44387],[9.18386,45.44363],[9.18287,45.44332],[9.18129,45.44291],[9.18022,45.44278],[9.17985,45.44274],[9.17892,45.44273],[9.17754,45.4428],[9.17587,45.44287],[9.17605,45.44366],[9.17611,45.44386],[9.17651,45.44545],[9.17653,45.44557],[9.1769,45.44715],[9.17698,45.44748],[9.1776,45.44745],[9.17804,45.44743],[9.17952,45.44736],[9.18029,45.44741],[9.18191,45.44758],[9.18302,45.44768],[9.18537,45.44791],[9.18651,45.44802],[9.18671,45.44751]]]]}},{"type":"Feature","properties":{"nbhd_name":"Area funzionale 76","uesi_id":"ITA_R44915","nbhd_code":"ITA_R44915_155"},"geometry":{"type":"MultiPolygon","coordinates":[[[[9.21654,45.43726],[9.21685,45.43686],[9.2166,45.43682],[9.21584,45.43684],[9.21434,45.43687],[9.2136,45.4369],[9.21191,45.43692],[9.21038,45.43694],[9.2092,45.43688],[9.20799,45.43678],[9.20604,45.4366],[9.20429,45.43642],[9.2006,45.43608],[9.2005,45.43672],[9.20044,45.43704],[9.20033,45.43764],[9.20008,45.43882],[9.20007,45.43889],[9.19983,45.44009],[9.19966,45.44093],[9.19942,45.44152],[9.1989,45.44339],[9.19836,45.44526],[9.20448,45.44549],[9.21134,45.44577],[9.21251,45.4459],[9.21267,45.44579],[9.21155,45.44488],[9.21187,45.44425],[9.2123,45.44339],[9.21251,45.44303],[9.21272,45.44261],[9.21311,45.44184],[9.21341,45.44142],[9.21379,45.44092],[9.21413,45.44045],[9.21447,45.43998],[9.21467,45.43973],[9.21513,45.43908],[9.21522,45.43897],[9.21561,45.43849],[9.21654,45.43726]]]]}},{"type":"Feature","properties":{"nbhd_name":"Area funzionale 77","uesi_id":"ITA_R44915","nbhd_code":"ITA_R44915_156"},"geometry":{"type":"MultiPolygon","coordinates":[[[[9.19814,45.43735],[9.19772,45.4372],[9.19724,45.4372],[9.19598,45.43721],[9.19408,45.4372],[9.19061,45.43726],[9.18941,45.43729],[9.18775,45.43732],[9.18644,45.43733],[9.18554,45.43733],[9.18344,45.43734],[9.18337,45.43862],[9.18329,45.43928],[9.18325,45.44012],[9.18319,45.44096],[9.18309,45.4417],[9.18307,45.44196],[9.183,45.44301],[9.18287,45.44332],[9.18386,45.44363],[9.18465,45.44387],[9.18535,45.44409],[9.18641,45.44442],[9.18716,45.44463],[9.18773,45.44474],[9.18866,45.44491],[9.18958,45.44502],[9.19068,45.44508],[9.19241,45.44512],[9.19348,45.44515],[9.19466,45.44518],[9.19836,45.44526],[9.1989,45.44339],[9.19942,45.44152],[9.19966,45.44093],[9.19983,45.44009],[9.20007,45.43889],[9.20008,45.43882],[9.20033,45.43764],[9.19814,45.43735]]]]}},{"type":"Feature","properties":{"nbhd_name":"Area funzionale 78","uesi_id":"ITA_R44915","nbhd_code":"ITA_R44915_157"},"geometry":{"type":"MultiPolygon","coordinates":[[[[9.183,45.44301],[9.18307,45.44196],[9.18309,45.4417],[9.18319,45.44096],[9.18325,45.44012],[9.18329,45.43928],[9.18337,45.43862],[9.18344,45.43734],[9.18211,45.43737],[9.18165,45.43738],[9.18079,45.43739],[9.17999,45.4374],[9.17865,45.43741],[9.17825,45.43742],[9.17778,45.43744],[9.17735,45.43755],[9.17662,45.43756],[9.17465,45.4376],[9.17357,45.4376],[9.1728,45.43762],[9.17111,45.43766],[9.17195,45.43893],[9.17224,45.43949],[9.1725,45.44036],[9.17252,45.44072],[9.1726,45.44189],[9.17267,45.44301],[9.17387,45.44296],[9.17587,45.44287],[9.17754,45.4428],[9.17892,45.44273],[9.17985,45.44274],[9.18022,45.44278],[9.18129,45.44291],[9.18287,45.44332],[9.183,45.44301]]]]}},{"type":"Feature","properties":{"nbhd_name":"Area funzionale 79","uesi_id":"ITA_R44915","nbhd_code":"ITA_R44915_158"},"geometry":{"type":"MultiPolygon","coordinates":[[[[9.21584,45.43684],[9.2166,45.43682],[9.21685,45.43686],[9.21705,45.43659],[9.21727,45.43632],[9.21761,45.43588],[9.21776,45.43572],[9.21836,45.4352],[9.21922,45.43443],[9.22015,45.4337],[9.22116,45.43297],[9.22202,45.43242],[9.22298,45.43197],[9.2236,45.43175],[9.22413,45.43169],[9.22611,45.43032],[9.22651,45.4298],[9.22743,45.42894],[9.22787,45.4285],[9.22819,45.42816],[9.22846,45.42777],[9.22886,45.4274],[9.23049,45.42604],[9.2308,45.42575],[9.23181,45.42492],[9.23246,45.42438],[9.23309,45.42391],[9.23463,45.42261],[9.23894,45.42015],[9.2403,45.41956],[9.24038,45.41962],[9.24075,45.4195],[9.24137,45.41924],[9.24255,45.41869],[9.2434,45.41829],[9.24511,45.41748],[9.24516,45.41746],[9.24693,45.41681],[9.24762,45.41642],[9.24859,45.41564],[9.24937,45.41526],[9.2497,45.415],[9.24999,45.41476],[9.25018,45.41461],[9.24877,45.41371],[9.24787,45.41312],[9.24707,45.41304],[9.24665,45.4127],[9.24625,45.41239],[9.24614,45.41231],[9.24604,45.41224],[9.24548,45.4121],[9.24432,45.41262],[9.24389,45.41255],[9.24318,45.41176],[9.24266,45.41101],[9.24281,45.41079],[9.24287,45.41071],[9.24301,45.41051],[9.24295,45.41042],[9.2426,45.40981],[9.24139,45.40941],[9.24042,45.40902],[9.24004,45.40875],[9.23876,45.40922],[9.23866,45.40926],[9.23863,45.40928],[9.23794,45.40959],[9.23738,45.40992],[9.23635,45.40969],[9.23508,45.4094],[9.23366,45.40913],[9.23297,45.40886],[9.23214,45.4083],[9.23142,45.40802],[9.22995,45.408],[9.22969,45.40799],[9.2286,45.40794],[9.22744,45.40803],[9.22659,45.40787],[9.22592,45.40764],[9.22557,45.4076],[9.22495,45.40837],[9.22432,45.40894],[9.22412,45.40913],[9.22344,45.40955],[9.22326,45.4096],[9.22321,45.40961],[9.22315,45.40966],[9.22521,45.41061],[9.22677,45.41136],[9.22761,45.41168],[9.23067,45.41318],[9.2312,45.41356],[9.23228,45.41418],[9.23159,45.41464],[9.23122,45.41445],[9.22983,45.41537],[9.22824,45.41412],[9.22468,45.41628],[9.22441,45.41648],[9.2236,45.41721],[9.22344,45.41746],[9.22293,45.41831],[9.22271,45.41874],[9.22248,45.41901],[9.22152,45.41993],[9.22112,45.42026],[9.22078,45.42048],[9.21954,45.42114],[9.21935,45.42129],[9.21912,45.42161],[9.21893,45.422],[9.21873,45.4223],[9.21845,45.42253],[9.21768,45.42307],[9.21752,45.42324],[9.21728,45.42362],[9.21716,45.42421],[9.21697,45.42501],[9.21649,45.42538],[9.21643,45.4255],[9.21646,45.42578],[9.21602,45.42612],[9.21585,45.42631],[9.21568,45.4266],[9.21551,45.42679],[9.21514,45.42704],[9.21508,45.42721],[9.21552,45.4275],[9.21562,45.42764],[9.21566,45.42783],[9.21559,45.428],[9.21547,45.42815],[9.21536,45.42834],[9.21525,45.4287],[9.21357,45.42871],[9.21355,45.42941],[9.21325,45.42968],[9.21281,45.42992],[9.21208,45.4303],[9.21082,45.43115],[9.2105,45.4313],[9.21034,45.43132],[9.20964,45.43122],[9.20954,45.43122],[9.20897,45.43148],[9.20881,45.43166],[9.20856,45.43209],[9.20825,45.43259],[9.20804,45.43285],[9.2077,45.43307],[9.20775,45.43312],[9.20695,45.43339],[9.2068,45.43354],[9.20626,45.4337],[9.20558,45.43365],[9.20534,45.43351],[9.20512,45.43343],[9.20483,45.43343],[9.20461,45.43466],[9.20439,45.43561],[9.20429,45.43642],[9.20604,45.4366],[9.20799,45.43678],[9.2092,45.43688],[9.21038,45.43694],[9.21191,45.43692],[9.2136,45.4369],[9.21434,45.43687],[9.21584,45.43684]]]]}},{"type":"Feature","properties":{"nbhd_name":"Area funzionale 8","uesi_id":"ITA_R44915","nbhd_code":"ITA_R44915_159"},"geometry":{"type":"MultiPolygon","coordinates":[[[[9.20186,45.45238],[9.20115,45.45196],[9.2005,45.45194],[9.19988,45.45197],[9.19862,45.45204],[9.19803,45.45204],[9.19652,45.45204],[9.19437,45.45198],[9.19413,45.45198],[9.19397,45.45198],[9.1927,45.45197],[9.19093,45.45195],[9.19034,45.45195],[9.18956,45.45197],[9.1886,45.45205],[9.18766,45.45217],[9.18675,45.45235],[9.18691,45.45332],[9.187,45.45396],[9.18706,45.45445],[9.18722,45.4552],[9.18726,45.45538],[9.1873,45.45557],[9.18736,45.45584],[9.1874,45.45603],[9.18792,45.45614],[9.19014,45.45696],[9.191,45.45722],[9.19116,45.45724],[9.1933,45.45748],[9.19339,45.45758],[9.19358,45.45747],[9.19539,45.45634],[9.19588,45.45608],[9.19612,45.45592],[9.19807,45.45468],[9.19861,45.45434],[9.19963,45.45372],[9.20023,45.45336],[9.20033,45.4533],[9.20078,45.45301],[9.20186,45.45238]]]]}},{"type":"Feature","properties":{"nbhd_name":"Area funzionale 80","uesi_id":"ITA_R44915","nbhd_code":"ITA_R44915_160"},"geometry":{"type":"MultiPolygon","coordinates":[[[[9.20461,45.43466],[9.20483,45.43343],[9.20512,45.43343],[9.20534,45.43351],[9.20558,45.43365],[9.20626,45.4337],[9.2068,45.43354],[9.20695,45.43339],[9.20775,45.43312],[9.2077,45.43307],[9.20804,45.43285],[9.20825,45.43259],[9.20856,45.43209],[9.20881,45.43166],[9.20897,45.43148],[9.20954,45.43122],[9.20964,45.43122],[9.21034,45.43132],[9.2105,45.4313],[9.21082,45.43115],[9.21208,45.4303],[9.21281,45.42992],[9.21325,45.42968],[9.21355,45.42941],[9.21357,45.42871],[9.21525,45.4287],[9.21536,45.42834],[9.21547,45.42815],[9.21559,45.428],[9.21566,45.42783],[9.21562,45.42764],[9.21552,45.4275],[9.21508,45.42721],[9.21514,45.42704],[9.21551,45.42679],[9.21568,45.4266],[9.21585,45.42631],[9.21602,45.42612],[9.21646,45.42578],[9.21643,45.4255],[9.21649,45.42538],[9.21697,45.42501],[9.21716,45.42421],[9.21728,45.42362],[9.21752,45.42324],[9.21768,45.42307],[9.21845,45.42253],[9.21873,45.4223],[9.21893,45.422],[9.21912,45.42161],[9.21935,45.42129],[9.21954,45.42114],[9.22078,45.42048],[9.22112,45.42026],[9.22152,45.41993],[9.22248,45.41901],[9.22271,45.41874],[9.22293,45.41831],[9.22344,45.41746],[9.2236,45.41721],[9.22441,45.41648],[9.22468,45.41628],[9.22824,45.41412],[9.22983,45.41537],[9.23122,45.41445],[9.23159,45.41464],[9.23228,45.41418],[9.2312,45.41356],[9.23067,45.41318],[9.22761,45.41168],[9.22677,45.41136],[9.22521,45.41061],[9.22315,45.40966],[9.22298,45.40978],[9.22285,45.40988],[9.22095,45.409],[9.22039,45.40874],[9.21898,45.4081],[9.21781,45.40757],[9.21786,45.40744],[9.21798,45.40717],[9.21811,45.40686],[9.21853,45.40585],[9.21751,45.40522],[9.21694,45.40473],[9.21682,45.40463],[9.21666,45.40449],[9.21617,45.40371],[9.21589,45.40301],[9.21582,45.40222],[9.21606,45.40115],[9.21677,45.40021],[9.21693,45.4],[9.21763,45.39915],[9.21843,45.39834],[9.21871,45.39786],[9.21851,45.39781],[9.21656,45.39733],[9.21503,45.39708],[9.21482,45.39705],[9.21475,45.39729],[9.21468,45.39753],[9.21365,45.39736],[9.21322,45.39729],[9.21048,45.39686],[9.20965,45.40018],[9.20955,45.40055],[9.2095,45.40074],[9.20915,45.40216],[9.20882,45.40345],[9.20856,45.40452],[9.20794,45.40681],[9.20783,45.40738],[9.20639,45.41309],[9.2063,45.41345],[9.2054,45.41689],[9.20497,45.41855],[9.20473,45.41935],[9.20447,45.42115],[9.20411,45.42267],[9.20404,45.42293],[9.20355,45.42471],[9.20345,45.42521],[9.20337,45.42547],[9.20303,45.42676],[9.20299,45.42689],[9.2026,45.4283],[9.20233,45.42933],[9.20221,45.42975],[9.20186,45.43088],[9.2017,45.43135],[9.2016,45.43162],[9.20115,45.43317],[9.20092,45.43431],[9.20084,45.43479],[9.2008,45.43506],[9.2006,45.43608],[9.20429,45.43642],[9.20439,45.43561],[9.20461,45.43466]]]]}},{"type":"Feature","properties":{"nbhd_name":"Area funzionale 81","uesi_id":"ITA_R44915","nbhd_code":"ITA_R44915_161"},"geometry":{"type":"MultiPolygon","coordinates":[[[[9.20033,45.43764],[9.20044,45.43704],[9.2005,45.43672],[9.2006,45.43608],[9.2008,45.43506],[9.20084,45.43479],[9.20092,45.43431],[9.20115,45.43317],[9.2016,45.43162],[9.2017,45.43135],[9.20186,45.43088],[9.20221,45.42975],[9.20233,45.42933],[9.2026,45.4283],[9.20299,45.42689],[9.20303,45.42676],[9.20337,45.42547],[9.20345,45.42521],[9.20355,45.42471],[9.20404,45.42293],[9.20411,45.42267],[9.20447,45.42115],[9.20473,45.41935],[9.20375,45.42024],[9.20208,45.421],[9.1991,45.42243],[9.19848,45.4229],[9.19774,45.42382],[9.1965,45.4267],[9.19599,45.42792],[9.19512,45.42979],[9.19479,45.43035],[9.19399,45.43152],[9.19313,45.43275],[9.19257,45.43361],[9.19152,45.43529],[9.19122,45.4357],[9.19049,45.43649],[9.18994,45.43698],[9.18941,45.43729],[9.19061,45.43726],[9.19408,45.4372],[9.19598,45.43721],[9.19724,45.4372],[9.19772,45.4372],[9.19814,45.43735],[9.20033,45.43764]]]]}},{"type":"Feature","properties":{"nbhd_name":"Area funzionale 82","uesi_id":"ITA_R44915","nbhd_code":"ITA_R44915_162"},"geometry":{"type":"MultiPolygon","coordinates":[[[[9.18972,45.43199],[9.18914,45.43191],[9.18762,45.43198],[9.1871,45.43174],[9.18632,45.43164],[9.1865,45.43023],[9.18636,45.42997],[9.18611,45.42984],[9.18568,45.42978],[9.18484,45.42981],[9.18443,45.42985],[9.18271,45.42997],[9.18179,45.42998],[9.17964,45.42999],[9.17843,45.42999],[9.1777,45.42998],[9.17755,45.43057],[9.17761,45.43169],[9.17769,45.43252],[9.17773,45.43304],[9.17777,45.43344],[9.17784,45.43395],[9.1779,45.43441],[9.17796,45.43495],[9.178,45.43524],[9.1781,45.43616],[9.17825,45.43742],[9.17865,45.43741],[9.17999,45.4374],[9.18079,45.43739],[9.18165,45.43738],[9.18211,45.43737],[9.18344,45.43734],[9.18554,45.43733],[9.18644,45.43733],[9.18775,45.43732],[9.18941,45.43729],[9.18994,45.43698],[9.19049,45.43649],[9.19122,45.4357],[9.19072,45.43545],[9.19064,45.43217],[9.19015,45.43211],[9.18972,45.43199]]]]}},{"type":"Feature","properties":{"nbhd_name":"Area funzionale 83","uesi_id":"ITA_R44915","nbhd_code":"ITA_R44915_163"},"geometry":{"type":"MultiPolygon","coordinates":[[[[9.17755,45.43057],[9.1777,45.42998],[9.1765,45.43],[9.17579,45.43001],[9.17414,45.43003],[9.17316,45.43004],[9.17269,45.43005],[9.17233,45.43013],[9.17194,45.43037],[9.17123,45.42912],[9.16998,45.42695],[9.16851,45.42441],[9.16751,45.42268],[9.16691,45.42164],[9.16629,45.42057],[9.16452,45.4175],[9.16279,45.41451],[9.16252,45.41406],[9.16082,45.41123],[9.15891,45.40816],[9.15851,45.40828],[9.1585,45.40899],[9.1585,45.4093],[9.15823,45.41003],[9.15815,45.41026],[9.15794,45.41086],[9.15765,45.41165],[9.15736,45.41243],[9.15723,45.41245],[9.15638,45.41252],[9.15557,45.41259],[9.15549,45.4126],[9.15556,45.41319],[9.15554,45.41353],[9.15544,45.41398],[9.15542,45.41404],[9.15533,45.41441],[9.15528,45.41446],[9.15514,45.4146],[9.15507,45.4148],[9.15494,45.41518],[9.15488,45.41538],[9.15461,45.41617],[9.15453,45.41613],[9.15417,45.41569],[9.15412,45.41563],[9.15354,45.41542],[9.15305,45.4153],[9.15266,45.4152],[9.15433,45.41743],[9.15445,45.41758],[9.15594,45.41908],[9.15772,45.42092],[9.15913,45.42243],[9.16112,45.42589],[9.16227,45.42787],[9.16288,45.42869],[9.16352,45.4294],[9.16399,45.42985],[9.16559,45.43112],[9.16625,45.43158],[9.1676,45.43257],[9.16865,45.43352],[9.1694,45.43439],[9.16995,45.4352],[9.17111,45.43766],[9.1728,45.43762],[9.17357,45.4376],[9.17465,45.4376],[9.17662,45.43756],[9.17735,45.43755],[9.17778,45.43744],[9.17825,45.43742],[9.1781,45.43616],[9.178,45.43524],[9.17796,45.43495],[9.1779,45.43441],[9.17784,45.43395],[9.17777,45.43344],[9.17773,45.43304],[9.17769,45.43252],[9.17761,45.43169],[9.17755,45.43057]]]]}},{"type":"Feature","properties":{"nbhd_name":"Area funzionale 84","uesi_id":"ITA_R44915","nbhd_code":"ITA_R44915_164"},"geometry":{"type":"MultiPolygon","coordinates":[[[[9.19313,45.43275],[9.19399,45.43152],[9.19479,45.43035],[9.19512,45.42979],[9.19599,45.42792],[9.1965,45.4267],[9.19774,45.42382],[9.19848,45.4229],[9.1991,45.42243],[9.20208,45.421],[9.20375,45.42024],[9.20473,45.41935],[9.20497,45.41855],[9.2054,45.41689],[9.2063,45.41345],[9.20639,45.41309],[9.20783,45.40738],[9.20794,45.40681],[9.20856,45.40452],[9.20882,45.40345],[9.20915,45.40216],[9.2095,45.40074],[9.20955,45.40055],[9.20965,45.40018],[9.21048,45.39686],[9.21038,45.39684],[9.21015,45.3968],[9.21002,45.39678],[9.20995,45.39695],[9.20983,45.39723],[9.20969,45.39758],[9.20808,45.39714],[9.20884,45.39646],[9.2089,45.39632],[9.20913,45.39583],[9.20914,45.39556],[9.20916,45.39532],[9.20898,45.39521],[9.20878,45.39508],[9.20864,45.395],[9.2084,45.3946],[9.20832,45.39387],[9.20843,45.39321],[9.2085,45.39293],[9.20773,45.39266],[9.20746,45.39256],[9.2067,45.39229],[9.20627,45.39217],[9.20608,45.39255],[9.20595,45.393],[9.20552,45.39329],[9.2055,45.39331],[9.20503,45.3934],[9.20481,45.39344],[9.20435,45.3941],[9.20374,45.39488],[9.2037,45.39525],[9.20363,45.39552],[9.20344,45.39597],[9.20329,45.39611],[9.20321,45.39619],[9.20296,45.39641],[9.20251,45.39673],[9.20244,45.39706],[9.20237,45.39738],[9.20231,45.39745],[9.20224,45.39752],[9.20221,45.39756],[9.20182,45.39756],[9.20155,45.39757],[9.20135,45.39759],[9.20096,45.39763],[9.2009,45.39764],[9.20042,45.39761],[9.20039,45.39756],[9.20034,45.39744],[9.20026,45.39723],[9.20014,45.39661],[9.20002,45.39603],[9.19996,45.39571],[9.19984,45.39503],[9.19989,45.39467],[9.20018,45.3943],[9.20054,45.39383],[9.20137,45.39281],[9.20162,45.39211],[9.20138,45.39171],[9.20118,45.39145],[9.20071,45.39086],[9.19991,45.39007],[9.19913,45.3894],[9.19909,45.38937],[9.19857,45.38909],[9.19853,45.38907],[9.19752,45.38853],[9.19592,45.38789],[9.19472,45.3875],[9.19338,45.38726],[9.19256,45.38711],[9.19251,45.3871],[9.19209,45.38775],[9.19183,45.38804],[9.19108,45.38828],[9.19098,45.38842],[9.19097,45.38848],[9.19084,45.38865],[9.19081,45.38879],[9.19086,45.38888],[9.19096,45.38896],[9.19087,45.38984],[9.19078,45.38992],[9.19064,45.39015],[9.19137,45.39073],[9.19127,45.39084],[9.1913,45.3911],[9.19133,45.39131],[9.19125,45.39167],[9.19107,45.39196],[9.19123,45.39223],[9.19124,45.39242],[9.19109,45.39262],[9.19079,45.39267],[9.19033,45.39277],[9.19002,45.39276],[9.18985,45.39266],[9.18939,45.39225],[9.18886,45.39203],[9.18829,45.39165],[9.18808,45.3916],[9.18791,45.39148],[9.18779,45.39136],[9.18721,45.39115],[9.18707,45.39121],[9.18692,45.39116],[9.18696,45.39099],[9.1869,45.391],[9.18683,45.3912],[9.18647,45.39147],[9.18633,45.39151],[9.18625,45.39139],[9.18599,45.39027],[9.1861,45.39017],[9.18565,45.38989],[9.18415,45.39039],[9.18385,45.39045],[9.18253,45.39057],[9.18215,45.39077],[9.18259,45.39181],[9.18256,45.39191],[9.17972,45.39312],[9.17942,45.3933],[9.17878,45.39337],[9.17812,45.39352],[9.1773,45.39371],[9.17707,45.39372],[9.17672,45.39382],[9.1766,45.3938],[9.1731,45.39449],[9.17292,45.39452],[9.17304,45.39546],[9.17325,45.39713],[9.17338,45.39844],[9.17344,45.39906],[9.1736,45.40077],[9.17399,45.40077],[9.17445,45.40277],[9.17483,45.40381],[9.17526,45.40473],[9.17529,45.40541],[9.17498,45.40666],[9.17461,45.40803],[9.17455,45.40903],[9.17465,45.41042],[9.17469,45.4107],[9.1749,45.41284],[9.17494,45.41321],[9.17508,45.41432],[9.17515,45.41515],[9.17524,45.41573],[9.17564,45.41843],[9.17581,45.41942],[9.17613,45.42035],[9.17644,45.42089],[9.1766,45.42118],[9.17689,45.42164],[9.17708,45.42218],[9.17714,45.42275],[9.17715,45.42297],[9.17722,45.42446],[9.17728,45.42513],[9.17729,45.42529],[9.17735,45.42596],[9.17743,45.42691],[9.17748,45.42732],[9.1775,45.42754],[9.17759,45.42825],[9.17762,45.42861],[9.1777,45.42998],[9.17843,45.42999],[9.17964,45.42999],[9.18179,45.42998],[9.18271,45.42997],[9.18443,45.42985],[9.18484,45.42981],[9.18568,45.42978],[9.18611,45.42984],[9.18636,45.42997],[9.1865,45.43023],[9.18632,45.43164],[9.1871,45.43174],[9.18762,45.43198],[9.18914,45.43191],[9.18972,45.43199],[9.19015,45.43211],[9.19064,45.43217],[9.19072,45.43545],[9.19122,45.4357],[9.19152,45.43529],[9.19257,45.43361],[9.19313,45.43275]]]]}},{"type":"Feature","properties":{"nbhd_name":"Area funzionale 85","uesi_id":"ITA_R44915","nbhd_code":"ITA_R44915_165"},"geometry":{"type":"MultiPolygon","coordinates":[[[[9.17515,45.41515],[9.17508,45.41432],[9.17448,45.41438],[9.17391,45.41441],[9.17362,45.41443],[9.17267,45.41449],[9.17206,45.41453],[9.17152,45.41456],[9.1709,45.41459],[9.16944,45.41468],[9.16818,45.4148],[9.1681,45.41434],[9.16806,45.41406],[9.16878,45.41191],[9.1689,45.41156],[9.16895,45.41121],[9.16894,45.41085],[9.1689,45.40936],[9.16879,45.40888],[9.16874,45.40877],[9.16806,45.4076],[9.16794,45.40712],[9.16788,45.4064],[9.16776,45.40546],[9.16707,45.40422],[9.16644,45.4022],[9.16636,45.40221],[9.1661,45.40229],[9.16598,45.40239],[9.16572,45.40298],[9.1656,45.40307],[9.16536,45.40312],[9.16469,45.40338],[9.16437,45.40353],[9.16426,45.40345],[9.16411,45.40345],[9.16406,45.40331],[9.16423,45.40328],[9.16414,45.40313],[9.16406,45.4031],[9.16304,45.40341],[9.16292,45.40339],[9.16237,45.40322],[9.15999,45.40299],[9.15815,45.40258],[9.15812,45.40252],[9.15859,45.40173],[9.15844,45.40155],[9.15683,45.40114],[9.15646,45.40135],[9.15628,45.40145],[9.15587,45.40154],[9.15778,45.40285],[9.15797,45.40299],[9.15688,45.40408],[9.15707,45.40441],[9.15753,45.40522],[9.15756,45.40526],[9.15767,45.40546],[9.15878,45.40736],[9.15888,45.40754],[9.15894,45.40763],[9.15917,45.40809],[9.15891,45.40816],[9.16082,45.41123],[9.16252,45.41406],[9.16279,45.41451],[9.16452,45.4175],[9.16629,45.42057],[9.16691,45.42164],[9.16751,45.42268],[9.16851,45.42441],[9.16998,45.42695],[9.17123,45.42912],[9.17194,45.43037],[9.17233,45.43013],[9.17269,45.43005],[9.17316,45.43004],[9.17414,45.43003],[9.17579,45.43001],[9.1765,45.43],[9.1777,45.42998],[9.17762,45.42861],[9.17759,45.42825],[9.1775,45.42754],[9.17748,45.42732],[9.17743,45.42691],[9.17735,45.42596],[9.17729,45.42529],[9.17728,45.42513],[9.17722,45.42446],[9.17715,45.42297],[9.17714,45.42275],[9.17708,45.42218],[9.17689,45.42164],[9.1766,45.42118],[9.17644,45.42089],[9.17613,45.42035],[9.17581,45.41942],[9.17564,45.41843],[9.17524,45.41573],[9.17515,45.41515]]]]}},{"type":"Feature","properties":{"nbhd_name":"Area funzionale 86","uesi_id":"ITA_R44915","nbhd_code":"ITA_R44915_166"},"geometry":{"type":"MultiPolygon","coordinates":[[[[9.17498,45.40666],[9.17529,45.40541],[9.17526,45.40473],[9.17483,45.40381],[9.17445,45.40277],[9.17399,45.40077],[9.1736,45.40077],[9.17245,45.40077],[9.17052,45.40078],[9.17077,45.40283],[9.17079,45.40292],[9.17305,45.40281],[9.17377,45.40277],[9.17395,45.40292],[9.1736,45.40318],[9.17335,45.4034],[9.17257,45.40409],[9.17205,45.4045],[9.17163,45.40482],[9.17124,45.40513],[9.17086,45.40495],[9.17032,45.40545],[9.16985,45.40534],[9.16982,45.40554],[9.16983,45.40569],[9.16991,45.40613],[9.16995,45.40655],[9.16995,45.40674],[9.17005,45.40748],[9.17015,45.4077],[9.17056,45.40795],[9.17083,45.40815],[9.17088,45.40839],[9.17105,45.40966],[9.17112,45.41048],[9.17117,45.41079],[9.17125,45.41094],[9.17145,45.41112],[9.1725,45.41172],[9.17278,45.41192],[9.17276,45.41202],[9.17206,45.4126],[9.17205,45.41285],[9.17199,45.41297],[9.1716,45.41327],[9.17087,45.41337],[9.17073,45.41348],[9.16943,45.41407],[9.16929,45.41416],[9.16944,45.41468],[9.1709,45.41459],[9.17152,45.41456],[9.17206,45.41453],[9.17267,45.41449],[9.17362,45.41443],[9.17391,45.41441],[9.17448,45.41438],[9.17508,45.41432],[9.17494,45.41321],[9.1749,45.41284],[9.17469,45.4107],[9.17465,45.41042],[9.17455,45.40903],[9.17461,45.40803],[9.17498,45.40666]]]]}},{"type":"Feature","properties":{"nbhd_name":"Area funzionale 87","uesi_id":"ITA_R44915","nbhd_code":"ITA_R44915_167"},"geometry":{"type":"MultiPolygon","coordinates":[[[[9.16982,45.40554],[9.16985,45.40534],[9.17032,45.40545],[9.17086,45.40495],[9.17124,45.40513],[9.17163,45.40482],[9.17205,45.4045],[9.17257,45.40409],[9.17335,45.4034],[9.1736,45.40318],[9.17395,45.40292],[9.17377,45.40277],[9.17305,45.40281],[9.17079,45.40292],[9.17077,45.40283],[9.17001,45.4028],[9.16837,45.40227],[9.16818,45.4022],[9.16804,45.40214],[9.16747,45.4013],[9.16732,45.40119],[9.16654,45.40087],[9.1666,45.40051],[9.16556,45.4005],[9.16525,45.4005],[9.16636,45.40221],[9.16644,45.4022],[9.16707,45.40422],[9.16776,45.40546],[9.16788,45.4064],[9.16794,45.40712],[9.16806,45.4076],[9.16874,45.40877],[9.16879,45.40888],[9.1689,45.40936],[9.16894,45.41085],[9.16895,45.41121],[9.1689,45.41156],[9.16878,45.41191],[9.16806,45.41406],[9.1681,45.41434],[9.16818,45.4148],[9.16944,45.41468],[9.16929,45.41416],[9.16943,45.41407],[9.17073,45.41348],[9.17087,45.41337],[9.1716,45.41327],[9.17199,45.41297],[9.17205,45.41285],[9.17206,45.4126],[9.17276,45.41202],[9.17278,45.41192],[9.1725,45.41172],[9.17145,45.41112],[9.17125,45.41094],[9.17117,45.41079],[9.17112,45.41048],[9.17105,45.40966],[9.17088,45.40839],[9.17083,45.40815],[9.17056,45.40795],[9.17015,45.4077],[9.17005,45.40748],[9.16995,45.40674],[9.16995,45.40655],[9.16991,45.40613],[9.16983,45.40569],[9.16982,45.40554]]]]}},{"type":"Feature","properties":{"nbhd_name":"Area funzionale 88","uesi_id":"ITA_R44915","nbhd_code":"ITA_R44915_168"},"geometry":{"type":"MultiPolygon","coordinates":[[[[9.1772,45.45229],[9.17761,45.45225],[9.17786,45.45226],[9.1781,45.45227],[9.17795,45.45163],[9.1779,45.45144],[9.17786,45.45124],[9.17756,45.44993],[9.17732,45.4489],[9.17704,45.44778],[9.17698,45.44748],[9.1769,45.44715],[9.17653,45.44557],[9.17651,45.44545],[9.17611,45.44386],[9.17605,45.44366],[9.17587,45.44287],[9.17387,45.44296],[9.17267,45.44301],[9.17268,45.44383],[9.17276,45.44482],[9.17279,45.44547],[9.17293,45.44755],[9.17302,45.44891],[9.17307,45.44924],[9.17311,45.44969],[9.17231,45.44971],[9.17229,45.45002],[9.17211,45.45018],[9.17162,45.45068],[9.17129,45.45103],[9.17156,45.45109],[9.17379,45.45155],[9.17423,45.45162],[9.1772,45.45229]]]]}},{"type":"Feature","properties":{"nbhd_name":"Area funzionale 89","uesi_id":"ITA_R44915","nbhd_code":"ITA_R44915_169"},"geometry":{"type":"MultiPolygon","coordinates":[[[[9.17134,45.45586],[9.17173,45.45558],[9.17273,45.45631],[9.17348,45.45583],[9.17417,45.45535],[9.17448,45.45513],[9.17487,45.45485],[9.17546,45.45442],[9.17587,45.45413],[9.17665,45.45344],[9.17729,45.45293],[9.17844,45.45299],[9.17868,45.45301],[9.17894,45.45236],[9.1781,45.45227],[9.17786,45.45226],[9.17761,45.45225],[9.1772,45.45229],[9.17423,45.45162],[9.17379,45.45155],[9.17156,45.45109],[9.17129,45.45103],[9.17004,45.45078],[9.16945,45.45065],[9.16791,45.45034],[9.16609,45.44995],[9.16386,45.44948],[9.1621,45.4491],[9.16012,45.44871],[9.15837,45.44833],[9.15667,45.44795],[9.15613,45.44783],[9.15574,45.44774],[9.15496,45.44758],[9.15458,45.44751],[9.1534,45.44725],[9.14689,45.44589],[9.14599,45.44569],[9.14424,45.44534],[9.14238,45.44495],[9.13881,45.44419],[9.1386,45.44414],[9.13815,45.4446],[9.13912,45.44486],[9.14131,45.44538],[9.14432,45.44606],[9.14557,45.44636],[9.14694,45.44667],[9.15281,45.44806],[9.15394,45.44812],[9.15497,45.44806],[9.15492,45.44854],[9.1549,45.44882],[9.15493,45.44923],[9.15513,45.44981],[9.15549,45.45019],[9.15541,45.45032],[9.15489,45.45125],[9.15473,45.45152],[9.15463,45.45167],[9.15416,45.45247],[9.15524,45.45278],[9.15572,45.45294],[9.15592,45.45301],[9.15641,45.45315],[9.15688,45.45331],[9.15764,45.45355],[9.15892,45.45397],[9.16072,45.45455],[9.1628,45.45522],[9.16466,45.45584],[9.16476,45.45587],[9.16601,45.45627],[9.1679,45.45688],[9.16814,45.45695],[9.16854,45.45703],[9.1684,45.45715],[9.16874,45.45755],[9.16943,45.4571],[9.17062,45.45633],[9.17134,45.45586]]]]}},{"type":"Feature","properties":{"nbhd_name":"Area funzionale 9","uesi_id":"ITA_R44915","nbhd_code":"ITA_R44915_170"},"geometry":{"type":"MultiPolygon","coordinates":[[[[9.17816,45.45857],[9.18039,45.45757],[9.18067,45.45746],[9.18095,45.45736],[9.18186,45.45713],[9.18221,45.45705],[9.18301,45.45687],[9.18356,45.45673],[9.1843,45.45655],[9.18481,45.45645],[9.1874,45.45603],[9.18736,45.45584],[9.1873,45.45557],[9.18726,45.45538],[9.18722,45.4552],[9.18706,45.45445],[9.187,45.45396],[9.18691,45.45332],[9.18675,45.45235],[9.18598,45.45241],[9.18577,45.45242],[9.18468,45.4525],[9.18452,45.45251],[9.18407,45.45255],[9.18107,45.45281],[9.18073,45.45292],[9.18028,45.45307],[9.18029,45.45323],[9.17956,45.45324],[9.1791,45.45324],[9.17866,45.45321],[9.17868,45.45301],[9.17844,45.45299],[9.17729,45.45293],[9.17665,45.45344],[9.17587,45.45413],[9.17546,45.45442],[9.17487,45.45485],[9.17448,45.45513],[9.17417,45.45535],[9.17348,45.45583],[9.17273,45.45631],[9.17318,45.45664],[9.17371,45.45699],[9.17479,45.45772],[9.17551,45.45823],[9.17668,45.45833],[9.17689,45.45815],[9.17754,45.4586],[9.17785,45.45878],[9.17816,45.45857]]]]}},{"type":"Feature","properties":{"nbhd_name":"Area funzionale 91","uesi_id":"ITA_R44915","nbhd_code":"ITA_R44915_171"},"geometry":{"type":"MultiPolygon","coordinates":[[[[9.16072,45.45455],[9.15892,45.45397],[9.15764,45.45355],[9.15688,45.45331],[9.15641,45.45315],[9.15592,45.45301],[9.15572,45.45294],[9.15524,45.45278],[9.15444,45.45431],[9.15381,45.45413],[9.15336,45.454],[9.15285,45.45492],[9.15269,45.45521],[9.15294,45.45528],[9.15459,45.45581],[9.15524,45.45602],[9.15644,45.4564],[9.15716,45.45665],[9.1582,45.45697],[9.15898,45.45721],[9.15966,45.45743],[9.15995,45.45753],[9.16107,45.45789],[9.16148,45.45802],[9.16246,45.45832],[9.16258,45.45836],[9.16437,45.45895],[9.16579,45.4595],[9.16707,45.45866],[9.16737,45.45846],[9.16743,45.45843],[9.16874,45.45755],[9.1684,45.45715],[9.16854,45.45703],[9.16814,45.45695],[9.1679,45.45688],[9.16601,45.45627],[9.16476,45.45587],[9.16466,45.45584],[9.1628,45.45522],[9.16072,45.45455]]]]}},{"type":"Feature","properties":{"nbhd_name":"Area funzionale 92","uesi_id":"ITA_R44915","nbhd_code":"ITA_R44915_172"},"geometry":{"type":"MultiPolygon","coordinates":[[[[9.17268,45.44383],[9.17267,45.44301],[9.16776,45.44325],[9.16757,45.44326],[9.16579,45.44335],[9.16486,45.4434],[9.16436,45.44344],[9.16372,45.44355],[9.16264,45.44382],[9.16165,45.44417],[9.1606,45.44471],[9.15981,45.44527],[9.15933,45.44572],[9.15904,45.44604],[9.15858,45.44652],[9.15815,45.44688],[9.15736,45.44737],[9.15686,45.44759],[9.15639,45.44776],[9.15613,45.44783],[9.15667,45.44795],[9.15837,45.44833],[9.16012,45.44871],[9.1621,45.4491],[9.16386,45.44948],[9.16609,45.44995],[9.16791,45.45034],[9.16945,45.45065],[9.17004,45.45078],[9.17129,45.45103],[9.17162,45.45068],[9.17211,45.45018],[9.17229,45.45002],[9.17231,45.44971],[9.17311,45.44969],[9.17307,45.44924],[9.17302,45.44891],[9.17293,45.44755],[9.17279,45.44547],[9.17276,45.44482],[9.17268,45.44383]]]]}},{"type":"Feature","properties":{"nbhd_name":"Area funzionale 93","uesi_id":"ITA_R44915","nbhd_code":"ITA_R44915_173"},"geometry":{"type":"MultiPolygon","coordinates":[[[[9.14963,45.4542],[9.14928,45.45409],[9.14901,45.45456],[9.14878,45.45496],[9.14853,45.45539],[9.14819,45.45595],[9.14784,45.45654],[9.14747,45.4572],[9.14726,45.45755],[9.14707,45.45789],[9.14638,45.45905],[9.14613,45.45949],[9.14594,45.45985],[9.1489,45.45932],[9.15036,45.45903],[9.15125,45.45899],[9.1518,45.45898],[9.15314,45.45893],[9.15479,45.45889],[9.15581,45.45833],[9.15609,45.45812],[9.15644,45.45781],[9.15651,45.4577],[9.15716,45.45665],[9.15644,45.4564],[9.15524,45.45602],[9.15459,45.45581],[9.15294,45.45528],[9.15269,45.45521],[9.15164,45.45486],[9.15018,45.45439],[9.14963,45.4542]]]]}},{"type":"Feature","properties":{"nbhd_name":"Area funzionale 94","uesi_id":"ITA_R44915","nbhd_code":"ITA_R44915_174"},"geometry":{"type":"MultiPolygon","coordinates":[[[[9.16227,45.42787],[9.16112,45.42589],[9.16056,45.42605],[9.16012,45.42624],[9.15987,45.42648],[9.15971,45.42676],[9.15989,45.42708],[9.15984,45.42722],[9.15889,45.42776],[9.15876,45.42724],[9.15785,45.42751],[9.15801,45.42797],[9.15853,45.42842],[9.15911,45.4286],[9.15969,45.42924],[9.15996,45.4296],[9.16026,45.43012],[9.1608,45.43165],[9.16114,45.4324],[9.16142,45.43247],[9.16168,45.43262],[9.16193,45.43289],[9.16218,45.43338],[9.16235,45.43367],[9.16252,45.43383],[9.16344,45.43446],[9.16386,45.43473],[9.16433,45.43503],[9.16469,45.43534],[9.16493,45.43612],[9.16497,45.43744],[9.16498,45.43844],[9.16497,45.43896],[9.16478,45.43927],[9.16446,45.43955],[9.16319,45.4405],[9.16294,45.44068],[9.16212,45.44129],[9.16126,45.44192],[9.15993,45.4429],[9.15934,45.44336],[9.16078,45.44377],[9.16165,45.44417],[9.16264,45.44382],[9.16372,45.44355],[9.16436,45.44344],[9.16486,45.4434],[9.16579,45.44335],[9.16757,45.44326],[9.16776,45.44325],[9.17267,45.44301],[9.1726,45.44189],[9.17252,45.44072],[9.1725,45.44036],[9.17224,45.43949],[9.17195,45.43893],[9.17111,45.43766],[9.16995,45.4352],[9.1694,45.43439],[9.16865,45.43352],[9.1676,45.43257],[9.16625,45.43158],[9.16559,45.43112],[9.16399,45.42985],[9.16352,45.4294],[9.16288,45.42869],[9.16227,45.42787]]]]}},{"type":"Feature","properties":{"nbhd_name":"Area funzionale 95","uesi_id":"ITA_R44915","nbhd_code":"ITA_R44915_175"},"geometry":{"type":"MultiPolygon","coordinates":[[[[9.1546,45.43708],[9.15419,45.43707],[9.15422,45.43775],[9.15274,45.43887],[9.15191,45.43959],[9.15047,45.44067],[9.15009,45.44093],[9.14945,45.44142],[9.14803,45.44253],[9.14775,45.4428],[9.14599,45.44569],[9.14689,45.44589],[9.1534,45.44725],[9.15458,45.44751],[9.15496,45.44758],[9.15574,45.44774],[9.15613,45.44783],[9.15639,45.44776],[9.15686,45.44759],[9.15736,45.44737],[9.15815,45.44688],[9.15858,45.44652],[9.15904,45.44604],[9.15933,45.44572],[9.15981,45.44527],[9.1606,45.44471],[9.16165,45.44417],[9.16078,45.44377],[9.15934,45.44336],[9.15993,45.4429],[9.16126,45.44192],[9.16212,45.44129],[9.16294,45.44068],[9.16319,45.4405],[9.16446,45.43955],[9.16478,45.43927],[9.16497,45.43896],[9.16498,45.43844],[9.16497,45.43744],[9.1627,45.43735],[9.16176,45.43733],[9.16072,45.4373],[9.16058,45.4373],[9.15966,45.43727],[9.15914,45.43725],[9.15844,45.43722],[9.15718,45.43717],[9.15629,45.43714],[9.15548,45.43711],[9.15512,45.4371],[9.1546,45.43708]]]]}},{"type":"Feature","properties":{"nbhd_name":"Area funzionale 96","uesi_id":"ITA_R44915","nbhd_code":"ITA_R44915_176"},"geometry":{"type":"MultiPolygon","coordinates":[[[[9.15285,45.45492],[9.15336,45.454],[9.15381,45.45413],[9.15444,45.45431],[9.15524,45.45278],[9.15416,45.45247],[9.15463,45.45167],[9.15473,45.45152],[9.15489,45.45125],[9.15541,45.45032],[9.15549,45.45019],[9.15513,45.44981],[9.15493,45.44923],[9.1549,45.44882],[9.15492,45.44854],[9.15497,45.44806],[9.15394,45.44812],[9.15281,45.44806],[9.14694,45.44667],[9.14557,45.44636],[9.14473,45.44795],[9.14469,45.44801],[9.14403,45.44917],[9.14454,45.44933],[9.14519,45.44956],[9.14582,45.44977],[9.14627,45.44991],[9.14857,45.45062],[9.14913,45.45081],[9.15004,45.45111],[9.15085,45.45135],[9.15036,45.4522],[9.14994,45.45294],[9.14928,45.45409],[9.14963,45.4542],[9.15018,45.45439],[9.15164,45.45486],[9.15269,45.45521],[9.15285,45.45492]]]]}},{"type":"Feature","properties":{"nbhd_name":"Area funzionale 97","uesi_id":"ITA_R44915","nbhd_code":"ITA_R44915_177"},"geometry":{"type":"MultiPolygon","coordinates":[[[[9.14454,45.44933],[9.14403,45.44917],[9.14359,45.44987],[9.1434,45.45016],[9.14305,45.45077],[9.14282,45.45112],[9.14242,45.45187],[9.14328,45.45213],[9.14447,45.45252],[9.14469,45.45259],[9.14523,45.45277],[9.14611,45.45306],[9.14697,45.45335],[9.14747,45.4535],[9.14885,45.45395],[9.14928,45.45409],[9.14994,45.45294],[9.15036,45.4522],[9.15085,45.45135],[9.15004,45.45111],[9.14913,45.45081],[9.14857,45.45062],[9.14627,45.44991],[9.14582,45.44977],[9.14519,45.44956],[9.14454,45.44933]]]]}},{"type":"Feature","properties":{"nbhd_name":"Area funzionale 98","uesi_id":"ITA_R44915","nbhd_code":"ITA_R44915_178"},"geometry":{"type":"MultiPolygon","coordinates":[[[[9.14328,45.45213],[9.14242,45.45187],[9.14206,45.45244],[9.14177,45.45295],[9.14143,45.45355],[9.14114,45.45407],[9.14108,45.4542],[9.14089,45.45452],[9.14061,45.455],[9.14035,45.4554],[9.14006,45.45588],[9.13968,45.4566],[9.13917,45.45749],[9.13839,45.45881],[9.13671,45.4616],[9.13771,45.4613],[9.13974,45.46092],[9.14162,45.46061],[9.14309,45.46036],[9.14369,45.46025],[9.14486,45.46005],[9.14594,45.45985],[9.14613,45.45949],[9.14638,45.45905],[9.14707,45.45789],[9.14726,45.45755],[9.14747,45.4572],[9.14784,45.45654],[9.14819,45.45595],[9.14853,45.45539],[9.14878,45.45496],[9.14901,45.45456],[9.14928,45.45409],[9.14885,45.45395],[9.14747,45.4535],[9.14697,45.45335],[9.14611,45.45306],[9.14523,45.45277],[9.14469,45.45259],[9.14447,45.45252],[9.14328,45.45213]]]]}}]}