{"type":"FeatureCollection","name":"SEN_R12982139","crs":{"type":"name","properties":{"name":"urn:ogc:def:crs:OGC:1.3:CRS84"}},"features":[{"type":"Feature","properties":{"uesi_id":"SEN_R12982139","nbhd_code":"SEN_R12982139_1","nbhd_name":"Mermoz/ Sacre -Coeur"},"geometry":{"type":"MultiPolygon","coordinates":[[[[-17.46007,14.70718,0.0],[-17.46102,14.70611,0.0],[-17.46174,14.7053,0.0],[-17.46203,14.70496,0.0],[-17.46215,14.70482,0.0],[-17.46219,14.70478,0.0],[-17.46279,14.70409,0.0],[-17.46293,14.70393,0.0],[-17.46335,14.70347,0.0],[-17.46419,14.70254,0.0],[-17.46721,14.69918,0.0],[-17.46815,14.69898,0.0],[-17.46819,14.69897,0.0],[-17.4688,14.69884,0.0],[-17.46951,14.69943,0.0],[-17.47173,14.7013,0.0],[-17.47284,14.70223,0.0],[-17.4729,14.70228,0.0],[-17.47371,14.70292,0.0],[-17.474,14.70312,0.0],[-17.47444,14.70333,0.0],[-17.47463,14.70339,0.0],[-17.4746,14.7032,0.0],[-17.47528,14.70099,0.0],[-17.47528,14.70078,0.0],[-17.47534,14.70057,0.0],[-17.47547,14.69975,0.0],[-17.4756,14.69927,0.0],[-17.47543,14.69904,0.0],[-17.47542,14.69874,0.0],[-17.47569,14.69874,0.0],[-17.47569,14.69902,0.0],[-17.47597,14.69902,0.0],[-17.47597,14.6993,0.0],[-17.47649,14.6993,0.0],[-17.47655,14.69928,0.0],[-17.47668,14.69914,0.0],[-17.47702,14.69915,0.0],[-17.47728,14.69918,0.0],[-17.47741,14.6993,0.0],[-17.47764,14.6993,0.0],[-17.47764,14.69955,0.0],[-17.47766,14.69958,0.0],[-17.47791,14.69958,0.0],[-17.47792,14.69982,0.0],[-17.47804,14.69985,0.0],[-17.47821,14.69985,0.0],[-17.47821,14.69993,0.0],[-17.47834,14.69999,0.0],[-17.47844,14.70007,0.0],[-17.47844,14.70013,0.0],[-17.47847,14.70013,0.0],[-17.47846,14.70041,0.0],[-17.47875,14.70041,0.0],[-17.47875,14.70055,0.0],[-17.47875,14.70069,0.0],[-17.47904,14.70069,0.0],[-17.47903,14.70097,0.0],[-17.4793,14.70097,0.0],[-17.4793,14.70124,0.0],[-17.47958,14.70124,0.0],[-17.47958,14.70152,0.0],[-17.48014,14.70152,0.0],[-17.48014,14.70208,0.0],[-17.48069,14.70208,0.0],[-17.48069,14.70236,0.0],[-17.48125,14.70236,0.0],[-17.48125,14.70263,0.0],[-17.4818,14.70263,0.0],[-17.48181,14.70291,0.0],[-17.48319,14.70291,0.0],[-17.48319,14.70319,0.0],[-17.48375,14.70319,0.0],[-17.48375,14.70347,0.0],[-17.48403,14.70346,0.0],[-17.48403,14.70374,0.0],[-17.48458,14.70374,0.0],[-17.48458,14.7043,0.0],[-17.48486,14.7043,0.0],[-17.48486,14.70513,0.0],[-17.48514,14.70513,0.0],[-17.48514,14.70569,0.0],[-17.48541,14.70569,0.0],[-17.48541,14.70624,0.0],[-17.48792,14.70629,0.0],[-17.48791,14.70652,0.0],[-17.488,14.70652,0.0],[-17.48819,14.70652,0.0],[-17.48819,14.70708,0.0],[-17.48827,14.70708,0.0],[-17.48847,14.70708,0.0],[-17.48852,14.70763,0.0],[-17.48875,14.70763,0.0],[-17.48875,14.70815,0.0],[-17.48875,14.70874,0.0],[-17.48903,14.70877,0.0],[-17.48903,14.70986,0.0],[-17.4893,14.70986,0.0],[-17.4893,14.71001,0.0],[-17.4887,14.70996,0.0],[-17.48693,14.70981,0.0],[-17.48675,14.7098,0.0],[-17.48659,14.70977,0.0],[-17.48654,14.70977,0.0],[-17.48645,14.70974,0.0],[-17.48621,14.70975,0.0],[-17.48614,14.70976,0.0],[-17.48592,14.70983,0.0],[-17.4857,14.7099,0.0],[-17.48554,14.70994,0.0],[-17.4855,14.70995,0.0],[-17.48543,14.70997,0.0],[-17.4854,14.70998,0.0],[-17.48527,14.71001,0.0],[-17.48522,14.71016,0.0],[-17.48505,14.71012,0.0],[-17.48483,14.71007,0.0],[-17.48477,14.71006,0.0],[-17.48464,14.71003,0.0],[-17.48443,14.70998,0.0],[-17.48421,14.70993,0.0],[-17.48417,14.70992,0.0],[-17.48407,14.7099,0.0],[-17.48369,14.70982,0.0],[-17.48336,14.70974,0.0],[-17.48322,14.70975,0.0],[-17.48287,14.70979,0.0],[-17.48269,14.70981,0.0],[-17.4825,14.70983,0.0],[-17.4822,14.70986,0.0],[-17.48194,14.70989,0.0],[-17.48191,14.70989,0.0],[-17.48159,14.70992,0.0],[-17.48153,14.70996,0.0],[-17.48003,14.7108,0.0],[-17.47741,14.7122,0.0],[-17.47659,14.71264,0.0],[-17.47641,14.7127,0.0],[-17.47593,14.71296,0.0],[-17.47512,14.7134,0.0],[-17.4748,14.71357,0.0],[-17.47439,14.71378,0.0],[-17.47219,14.71493,0.0],[-17.47154,14.71528,0.0],[-17.47046,14.71584,0.0],[-17.46965,14.71628,0.0],[-17.46867,14.71682,0.0],[-17.46662,14.71789,0.0],[-17.46634,14.71804,0.0],[-17.46626,14.7182,0.0],[-17.46616,14.71841,0.0],[-17.46591,14.71881,0.0],[-17.46461,14.72032,0.0],[-17.46447,14.72049,0.0],[-17.46342,14.72171,0.0],[-17.46333,14.72181,0.0],[-17.46324,14.72171,0.0],[-17.46311,14.72155,0.0],[-17.46306,14.72147,0.0],[-17.46281,14.72126,0.0],[-17.462,14.72058,0.0],[-17.46161,14.72026,0.0],[-17.46126,14.71996,0.0],[-17.46151,14.7197,0.0],[-17.46112,14.71938,0.0],[-17.46046,14.71883,0.0],[-17.45966,14.71817,0.0],[-17.45963,14.71814,0.0],[-17.45925,14.71782,0.0],[-17.45885,14.71749,0.0],[-17.4585,14.7172,0.0],[-17.45952,14.71606,0.0],[-17.45985,14.71569,0.0],[-17.46064,14.7148,0.0],[-17.46119,14.71419,0.0],[-17.46135,14.71401,0.0],[-17.46143,14.71393,0.0],[-17.46177,14.71354,0.0],[-17.46364,14.71144,0.0],[-17.46235,14.7099,0.0],[-17.46231,14.70986,0.0],[-17.46199,14.70948,0.0],[-17.46194,14.70941,0.0],[-17.46181,14.70925,0.0],[-17.46108,14.70839,0.0],[-17.46047,14.70766,0.0],[-17.4601,14.70721,0.0],[-17.46007,14.70718,0.0]]]]}},{"type":"Feature","properties":{"uesi_id":"SEN_R12982139","nbhd_code":"SEN_R12982139_2","nbhd_name":"Ngor"},"geometry":{"type":"MultiPolygon","coordinates":[[[[-17.49803,14.75481,0.0],[-17.49786,14.75446,0.0],[-17.49768,14.75427,0.0],[-17.49743,14.75355,0.0],[-17.49719,14.75285,0.0],[-17.49704,14.75238,0.0],[-17.49699,14.75222,0.0],[-17.49696,14.7521,0.0],[-17.49691,14.75194,0.0],[-17.49682,14.75142,0.0],[-17.49706,14.75132,0.0],[-17.49714,14.75128,0.0],[-17.4971,14.75118,0.0],[-17.49728,14.75109,0.0],[-17.49732,14.75119,0.0],[-17.49807,14.75083,0.0],[-17.49864,14.75055,0.0],[-17.49911,14.75034,0.0],[-17.50046,14.74972,0.0],[-17.50189,14.74906,0.0],[-17.50443,14.74788,0.0],[-17.50453,14.74784,0.0],[-17.50578,14.7473,0.0],[-17.50628,14.74707,0.0],[-17.5062,14.74537,0.0],[-17.50618,14.74498,0.0],[-17.50613,14.74392,0.0],[-17.50612,14.74357,0.0],[-17.50612,14.74353,0.0],[-17.50592,14.74206,0.0],[-17.50587,14.74029,0.0],[-17.50585,14.73982,0.0],[-17.50582,14.73873,0.0],[-17.5058,14.73827,0.0],[-17.50573,14.73817,0.0],[-17.50569,14.73798,0.0],[-17.50568,14.73785,0.0],[-17.50564,14.73777,0.0],[-17.50552,14.7374,0.0],[-17.50496,14.73685,0.0],[-17.50505,14.73665,0.0],[-17.50524,14.73619,0.0],[-17.50536,14.73593,0.0],[-17.50548,14.73567,0.0],[-17.50566,14.73532,0.0],[-17.50555,14.73299,0.0],[-17.50686,14.73085,0.0],[-17.50695,14.73054,0.0],[-17.50664,14.7302,0.0],[-17.50646,14.72998,0.0],[-17.50688,14.72966,0.0],[-17.50733,14.7294,0.0],[-17.50741,14.7294,0.0],[-17.50763,14.7293,0.0],[-17.50763,14.72953,0.0],[-17.50768,14.72958,0.0],[-17.50791,14.72958,0.0],[-17.50793,14.72982,0.0],[-17.50795,14.72985,0.0],[-17.50819,14.72985,0.0],[-17.50819,14.73013,0.0],[-17.50847,14.73013,0.0],[-17.50847,14.73041,0.0],[-17.50875,14.73041,0.0],[-17.50875,14.73069,0.0],[-17.50902,14.73069,0.0],[-17.50903,14.73096,0.0],[-17.5093,14.73096,0.0],[-17.50935,14.73124,0.0],[-17.50958,14.73124,0.0],[-17.50958,14.73152,0.0],[-17.50986,14.73152,0.0],[-17.50986,14.7318,0.0],[-17.51013,14.7318,0.0],[-17.51013,14.73208,0.0],[-17.51041,14.73208,0.0],[-17.51041,14.73236,0.0],[-17.51069,14.73236,0.0],[-17.51069,14.73263,0.0],[-17.51097,14.73263,0.0],[-17.51097,14.73291,0.0],[-17.51124,14.73291,0.0],[-17.51124,14.73319,0.0],[-17.51152,14.73319,0.0],[-17.51152,14.73346,0.0],[-17.5118,14.73346,0.0],[-17.5118,14.73374,0.0],[-17.51236,14.73374,0.0],[-17.51236,14.7343,0.0],[-17.51263,14.7343,0.0],[-17.51263,14.73458,0.0],[-17.51319,14.73458,0.0],[-17.51319,14.73485,0.0],[-17.51328,14.73485,0.0],[-17.51347,14.73485,0.0],[-17.51347,14.73515,0.0],[-17.51375,14.73513,0.0],[-17.51375,14.73541,0.0],[-17.51402,14.73541,0.0],[-17.51402,14.73569,0.0],[-17.5143,14.73569,0.0],[-17.5143,14.73624,0.0],[-17.51458,14.73624,0.0],[-17.51458,14.73652,0.0],[-17.51486,14.73652,0.0],[-17.51486,14.7368,0.0],[-17.51513,14.7368,0.0],[-17.51513,14.73708,0.0],[-17.51541,14.73708,0.0],[-17.51541,14.73736,0.0],[-17.51569,14.73736,0.0],[-17.51569,14.73763,0.0],[-17.51736,14.73763,0.0],[-17.51736,14.73785,0.0],[-17.51738,14.73787,0.0],[-17.5174,14.73791,0.0],[-17.51763,14.73791,0.0],[-17.51763,14.73847,0.0],[-17.51791,14.73847,0.0],[-17.51791,14.73902,0.0],[-17.51847,14.73902,0.0],[-17.51847,14.7393,0.0],[-17.5193,14.7393,0.0],[-17.5193,14.73958,0.0],[-17.51986,14.73958,0.0],[-17.51986,14.73985,0.0],[-17.52069,14.73985,0.0],[-17.52069,14.74013,0.0],[-17.52124,14.74013,0.0],[-17.52124,14.74041,0.0],[-17.52139,14.74041,0.0],[-17.52185,14.74041,0.0],[-17.53069,14.74041,0.0],[-17.53069,14.74124,0.0],[-17.53041,14.74124,0.0],[-17.53041,14.74235,0.0],[-17.53013,14.74235,0.0],[-17.53013,14.74319,0.0],[-17.53041,14.74319,0.0],[-17.53041,14.74347,0.0],[-17.53069,14.74347,0.0],[-17.53069,14.74374,0.0],[-17.53041,14.74374,0.0],[-17.53041,14.74402,0.0],[-17.53013,14.74402,0.0],[-17.53013,14.7443,0.0],[-17.52986,14.7443,0.0],[-17.52986,14.74457,0.0],[-17.52902,14.74457,0.0],[-17.52902,14.74513,0.0],[-17.52874,14.74513,0.0],[-17.52874,14.74539,0.0],[-17.52881,14.74566,0.0],[-17.52895,14.74569,0.0],[-17.52902,14.74569,0.0],[-17.52905,14.74571,0.0],[-17.52902,14.74597,0.0],[-17.5293,14.74597,0.0],[-17.5293,14.74625,0.0],[-17.52958,14.74624,0.0],[-17.52958,14.74708,0.0],[-17.5293,14.74708,0.0],[-17.5293,14.74791,0.0],[-17.52874,14.74791,0.0],[-17.52874,14.74874,0.0],[-17.52847,14.74877,0.0],[-17.52851,14.74881,0.0],[-17.52847,14.74887,0.0],[-17.52847,14.74986,0.0],[-17.52819,14.74985,0.0],[-17.52819,14.75001,0.0],[-17.52819,14.75013,0.0],[-17.52791,14.75013,0.0],[-17.52791,14.75069,0.0],[-17.52763,14.75069,0.0],[-17.52763,14.75096,0.0],[-17.52736,14.75096,0.0],[-17.52736,14.75124,0.0],[-17.52708,14.75124,0.0],[-17.52707,14.7518,0.0],[-17.5268,14.7518,0.0],[-17.5268,14.75208,0.0],[-17.52652,14.75208,0.0],[-17.52652,14.7518,0.0],[-17.52596,14.7518,0.0],[-17.52597,14.75152,0.0],[-17.52569,14.75152,0.0],[-17.52569,14.75124,0.0],[-17.52513,14.75124,0.0],[-17.52513,14.75096,0.0],[-17.52485,14.75096,0.0],[-17.52485,14.75069,0.0],[-17.5243,14.75069,0.0],[-17.5243,14.75041,0.0],[-17.52402,14.75041,0.0],[-17.52402,14.75025,0.0],[-17.52391,14.75013,0.0],[-17.52346,14.75013,0.0],[-17.52346,14.74985,0.0],[-17.52291,14.74985,0.0],[-17.52291,14.74957,0.0],[-17.52236,14.74957,0.0],[-17.52235,14.7493,0.0],[-17.52229,14.7493,0.0],[-17.52232,14.74943,0.0],[-17.52212,14.74933,0.0],[-17.52211,14.7493,0.0],[-17.5218,14.7493,0.0],[-17.5218,14.74902,0.0],[-17.52124,14.74902,0.0],[-17.52124,14.74874,0.0],[-17.52069,14.74874,0.0],[-17.52069,14.74846,0.0],[-17.51995,14.74847,0.0],[-17.51986,14.7486,0.0],[-17.51986,14.74874,0.0],[-17.51975,14.74874,0.0],[-17.51974,14.74877,0.0],[-17.51958,14.74884,0.0],[-17.51958,14.7493,0.0],[-17.5193,14.7493,0.0],[-17.5193,14.74985,0.0],[-17.51902,14.74985,0.0],[-17.51902,14.75041,0.0],[-17.51874,14.75041,0.0],[-17.51874,14.75096,0.0],[-17.51819,14.75096,0.0],[-17.51819,14.75124,0.0],[-17.51763,14.75124,0.0],[-17.51763,14.75152,0.0],[-17.51597,14.75152,0.0],[-17.51597,14.75124,0.0],[-17.51563,14.75124,0.0],[-17.51559,14.75125,0.0],[-17.51544,14.75125,0.0],[-17.51528,14.75127,0.0],[-17.51515,14.75134,0.0],[-17.51504,14.75139,0.0],[-17.51495,14.75134,0.0],[-17.51491,14.75122,0.0],[-17.51483,14.75111,0.0],[-17.51473,14.75105,0.0],[-17.51465,14.75096,0.0],[-17.51458,14.75096,0.0],[-17.51458,14.7509,0.0],[-17.51444,14.75082,0.0],[-17.51439,14.7508,0.0],[-17.51437,14.75079,0.0],[-17.51426,14.75073,0.0],[-17.51427,14.7507,0.0],[-17.51421,14.7507,0.0],[-17.51412,14.75066,0.0],[-17.51401,14.75063,0.0],[-17.51392,14.75062,0.0],[-17.5138,14.75059,0.0],[-17.51363,14.7505,0.0],[-17.51337,14.75046,0.0],[-17.51323,14.75046,0.0],[-17.51306,14.75042,0.0],[-17.513,14.75041,0.0],[-17.51152,14.75041,0.0],[-17.51152,14.75069,0.0],[-17.51048,14.75069,0.0],[-17.51044,14.75071,0.0],[-17.51017,14.75083,0.0],[-17.50997,14.75102,0.0],[-17.50985,14.75112,0.0],[-17.50986,14.75188,0.0],[-17.50998,14.75198,0.0],[-17.5099,14.75227,0.0],[-17.50991,14.75264,0.0],[-17.50986,14.75276,0.0],[-17.50986,14.75291,0.0],[-17.50958,14.75291,0.0],[-17.50958,14.75319,0.0],[-17.50902,14.75319,0.0],[-17.50902,14.75346,0.0],[-17.50875,14.75346,0.0],[-17.50875,14.75457,0.0],[-17.50902,14.75457,0.0],[-17.50902,14.75569,0.0],[-17.50847,14.75569,0.0],[-17.50847,14.75541,0.0],[-17.50819,14.75541,0.0],[-17.50819,14.75513,0.0],[-17.50791,14.75513,0.0],[-17.50791,14.75485,0.0],[-17.5068,14.75485,0.0],[-17.5068,14.75513,0.0],[-17.50624,14.75513,0.0],[-17.50624,14.75541,0.0],[-17.50597,14.75541,0.0],[-17.50597,14.75513,0.0],[-17.50569,14.75513,0.0],[-17.50569,14.75485,0.0],[-17.50513,14.75485,0.0],[-17.50513,14.75457,0.0],[-17.50486,14.75457,0.0],[-17.50486,14.7543,0.0],[-17.50375,14.7543,0.0],[-17.50375,14.75457,0.0],[-17.50319,14.75457,0.0],[-17.50319,14.75485,0.0],[-17.50291,14.75485,0.0],[-17.50291,14.75513,0.0],[-17.50236,14.75513,0.0],[-17.50236,14.75541,0.0],[-17.50208,14.75541,0.0],[-17.50208,14.75596,0.0],[-17.5018,14.75596,0.0],[-17.5018,14.75652,0.0],[-17.50152,14.75652,0.0],[-17.50152,14.7568,0.0],[-17.49958,14.7568,0.0],[-17.49958,14.75652,0.0],[-17.4993,14.75652,0.0],[-17.4993,14.75624,0.0],[-17.49902,14.75624,0.0],[-17.49903,14.75596,0.0],[-17.4986,14.75596,0.0],[-17.49847,14.7557,0.0],[-17.49803,14.75481,0.0]]],[[[-17.53735,14.74652,0.0],[-17.53735,14.74624,0.0],[-17.53707,14.74624,0.0],[-17.53708,14.74569,0.0],[-17.53763,14.74569,0.0],[-17.53763,14.74541,0.0],[-17.5393,14.74541,0.0],[-17.5393,14.74513,0.0],[-17.53958,14.74513,0.0],[-17.53958,14.7443,0.0],[-17.54069,14.7443,0.0],[-17.54069,14.74402,0.0],[-17.54096,14.74402,0.0],[-17.54096,14.74374,0.0],[-17.54041,14.74374,0.0],[-17.54041,14.74291,0.0],[-17.54069,14.74291,0.0],[-17.54069,14.74263,0.0],[-17.54096,14.74263,0.0],[-17.54096,14.74208,0.0],[-17.54124,14.74208,0.0],[-17.54124,14.7418,0.0],[-17.5418,14.7418,0.0],[-17.5418,14.74208,0.0],[-17.54208,14.74208,0.0],[-17.54208,14.74124,0.0],[-17.54291,14.74124,0.0],[-17.54291,14.7418,0.0],[-17.54319,14.7418,0.0],[-17.54318,14.74263,0.0],[-17.54291,14.74263,0.0],[-17.54291,14.74319,0.0],[-17.54263,14.74319,0.0],[-17.54263,14.7443,0.0],[-17.54235,14.7443,0.0],[-17.54235,14.74485,0.0],[-17.54152,14.74485,0.0],[-17.54152,14.74458,0.0],[-17.54096,14.74457,0.0],[-17.54096,14.74485,0.0],[-17.54069,14.74486,0.0],[-17.54069,14.74513,0.0],[-17.54041,14.74513,0.0],[-17.54041,14.74541,0.0],[-17.53985,14.74541,0.0],[-17.53985,14.74597,0.0],[-17.53958,14.74597,0.0],[-17.53958,14.74652,0.0],[-17.53874,14.74652,0.0],[-17.53874,14.7468,0.0],[-17.53819,14.7468,0.0],[-17.53819,14.74708,0.0],[-17.53763,14.74708,0.0],[-17.53763,14.74652,0.0],[-17.53735,14.74652,0.0]]],[[[-17.5118,14.75791,0.0],[-17.5118,14.75763,0.0],[-17.51152,14.75763,0.0],[-17.51152,14.75735,0.0],[-17.51097,14.75735,0.0],[-17.51097,14.75708,0.0],[-17.51069,14.75708,0.0],[-17.51074,14.75656,0.0],[-17.51041,14.75652,0.0],[-17.51041,14.75624,0.0],[-17.51097,14.75624,0.0],[-17.51097,14.75596,0.0],[-17.51124,14.75596,0.0],[-17.51128,14.75596,0.0],[-17.51143,14.75577,0.0],[-17.51151,14.75572,0.0],[-17.51151,14.75568,0.0],[-17.5118,14.75569,0.0],[-17.51179,14.75539,0.0],[-17.51208,14.75541,0.0],[-17.51206,14.75511,0.0],[-17.51236,14.75513,0.0],[-17.51233,14.75483,0.0],[-17.51263,14.75485,0.0],[-17.5126,14.75455,0.0],[-17.51291,14.75458,0.0],[-17.51287,14.75426,0.0],[-17.51486,14.7543,0.0],[-17.51486,14.75457,0.0],[-17.51541,14.75457,0.0],[-17.51541,14.75485,0.0],[-17.51597,14.75485,0.0],[-17.51597,14.7543,0.0],[-17.51625,14.7543,0.0],[-17.51624,14.75402,0.0],[-17.5168,14.75402,0.0],[-17.5168,14.7543,0.0],[-17.51736,14.7543,0.0],[-17.51735,14.75485,0.0],[-17.51708,14.75485,0.0],[-17.51708,14.75596,0.0],[-17.5168,14.75596,0.0],[-17.5168,14.75652,0.0],[-17.51652,14.75652,0.0],[-17.51652,14.7568,0.0],[-17.51625,14.7568,0.0],[-17.51625,14.75708,0.0],[-17.51597,14.75708,0.0],[-17.51597,14.75735,0.0],[-17.51569,14.75735,0.0],[-17.51569,14.75763,0.0],[-17.51541,14.75763,0.0],[-17.51541,14.75791,0.0],[-17.5143,14.75791,0.0],[-17.5143,14.75819,0.0],[-17.51236,14.75819,0.0],[-17.51236,14.75791,0.0],[-17.5118,14.75791,0.0]]]]}},{"type":"Feature","properties":{"uesi_id":"SEN_R12982139","nbhd_code":"SEN_R12982139_3","nbhd_name":"Ouakam"},"geometry":{"type":"MultiPolygon","coordinates":[[[[-17.4893,14.71001,0.0],[-17.4893,14.71097,0.0],[-17.48958,14.71097,0.0],[-17.48958,14.71166,0.0],[-17.48958,14.7118,0.0],[-17.48986,14.7118,0.0],[-17.48986,14.71263,0.0],[-17.49014,14.71263,0.0],[-17.49014,14.71319,0.0],[-17.49041,14.71319,0.0],[-17.49041,14.71402,0.0],[-17.49069,14.71402,0.0],[-17.49069,14.7143,0.0],[-17.49097,14.7143,0.0],[-17.49097,14.71485,0.0],[-17.49152,14.71485,0.0],[-17.49152,14.71513,0.0],[-17.49262,14.71513,0.0],[-17.49347,14.71513,0.0],[-17.49347,14.71485,0.0],[-17.49375,14.71485,0.0],[-17.49375,14.71458,0.0],[-17.4943,14.71458,0.0],[-17.4943,14.7143,0.0],[-17.49486,14.7143,0.0],[-17.49486,14.71402,0.0],[-17.49541,14.71402,0.0],[-17.49541,14.7143,0.0],[-17.49624,14.7143,0.0],[-17.49624,14.71458,0.0],[-17.49764,14.71458,0.0],[-17.49764,14.71496,0.0],[-17.49764,14.71541,0.0],[-17.49791,14.71541,0.0],[-17.49791,14.71652,0.0],[-17.49819,14.71652,0.0],[-17.49819,14.71736,0.0],[-17.4993,14.71735,0.0],[-17.4993,14.71763,0.0],[-17.50069,14.71763,0.0],[-17.50069,14.71736,0.0],[-17.50125,14.71736,0.0],[-17.50125,14.71763,0.0],[-17.5018,14.71763,0.0],[-17.5018,14.71791,0.0],[-17.50236,14.71791,0.0],[-17.50236,14.71819,0.0],[-17.50291,14.71819,0.0],[-17.50291,14.71847,0.0],[-17.50347,14.71847,0.0],[-17.50347,14.71875,0.0],[-17.50375,14.71874,0.0],[-17.50374,14.71902,0.0],[-17.50402,14.71902,0.0],[-17.50402,14.71958,0.0],[-17.5043,14.71958,0.0],[-17.5043,14.71985,0.0],[-17.50402,14.71985,0.0],[-17.50402,14.72069,0.0],[-17.5043,14.72069,0.0],[-17.5043,14.72124,0.0],[-17.50458,14.72124,0.0],[-17.50458,14.72152,0.0],[-17.50486,14.72152,0.0],[-17.50486,14.7218,0.0],[-17.50513,14.7218,0.0],[-17.50513,14.72263,0.0],[-17.50486,14.72263,0.0],[-17.50486,14.72291,0.0],[-17.50458,14.72291,0.0],[-17.50458,14.72347,0.0],[-17.5043,14.72347,0.0],[-17.5043,14.72402,0.0],[-17.50402,14.72402,0.0],[-17.50402,14.72485,0.0],[-17.5043,14.72485,0.0],[-17.5043,14.72587,0.0],[-17.5043,14.72597,0.0],[-17.50458,14.72597,0.0],[-17.50458,14.72624,0.0],[-17.50513,14.72624,0.0],[-17.50513,14.72652,0.0],[-17.50541,14.72652,0.0],[-17.50541,14.7268,0.0],[-17.50597,14.7268,0.0],[-17.50597,14.72708,0.0],[-17.50624,14.72708,0.0],[-17.50624,14.72736,0.0],[-17.50652,14.72735,0.0],[-17.50652,14.72791,0.0],[-17.5068,14.72791,0.0],[-17.5068,14.7284,0.0],[-17.50685,14.72846,0.0],[-17.50708,14.72847,0.0],[-17.50708,14.72875,0.0],[-17.50715,14.72884,0.0],[-17.50721,14.72902,0.0],[-17.50736,14.72902,0.0],[-17.50735,14.7293,0.0],[-17.50763,14.7293,0.0],[-17.50741,14.7294,0.0],[-17.50733,14.7294,0.0],[-17.50688,14.72966,0.0],[-17.50646,14.72998,0.0],[-17.50645,14.72995,0.0],[-17.50603,14.72949,0.0],[-17.50542,14.7288,0.0],[-17.50503,14.72846,0.0],[-17.50475,14.72892,0.0],[-17.50438,14.72977,0.0],[-17.50365,14.73139,0.0],[-17.50257,14.73387,0.0],[-17.50221,14.73537,0.0],[-17.49899,14.73556,0.0],[-17.49832,14.73585,0.0],[-17.49761,14.7367,0.0],[-17.49752,14.7368,0.0],[-17.4972,14.73717,0.0],[-17.49665,14.73765,0.0],[-17.49661,14.73773,0.0],[-17.49655,14.73783,0.0],[-17.4965,14.73793,0.0],[-17.49644,14.73804,0.0],[-17.49627,14.73833,0.0],[-17.49573,14.73898,0.0],[-17.49543,14.73932,0.0],[-17.49537,14.7394,0.0],[-17.49521,14.73957,0.0],[-17.49417,14.73898,0.0],[-17.49407,14.73893,0.0],[-17.49398,14.73888,0.0],[-17.49388,14.73882,0.0],[-17.4928,14.73824,0.0],[-17.49266,14.73764,0.0],[-17.49181,14.73788,0.0],[-17.4916,14.73793,0.0],[-17.4914,14.73792,0.0],[-17.49126,14.73786,0.0],[-17.49116,14.73782,0.0],[-17.49086,14.73768,0.0],[-17.49064,14.73765,0.0],[-17.4897,14.73763,0.0],[-17.48884,14.73736,0.0],[-17.48908,14.73655,0.0],[-17.48935,14.73563,0.0],[-17.48961,14.73478,0.0],[-17.48987,14.73377,0.0],[-17.4901,14.73297,0.0],[-17.49017,14.73277,0.0],[-17.49036,14.73215,0.0],[-17.49037,14.7321,0.0],[-17.48901,14.73171,0.0],[-17.48727,14.73123,0.0],[-17.48681,14.73112,0.0],[-17.48553,14.7311,0.0],[-17.48435,14.73107,0.0],[-17.48376,14.73306,0.0],[-17.48296,14.73304,0.0],[-17.48124,14.73299,0.0],[-17.48104,14.7319,0.0],[-17.48091,14.73113,0.0],[-17.48098,14.73102,0.0],[-17.48133,14.73042,0.0],[-17.48144,14.73017,0.0],[-17.4815,14.73005,0.0],[-17.48148,14.73003,0.0],[-17.48124,14.72975,0.0],[-17.48094,14.72754,0.0],[-17.48092,14.72738,0.0],[-17.48096,14.72723,0.0],[-17.48087,14.7265,0.0],[-17.48081,14.72605,0.0],[-17.48072,14.72597,0.0],[-17.48003,14.72551,0.0],[-17.47996,14.72546,0.0],[-17.47946,14.7251,0.0],[-17.47847,14.72521,0.0],[-17.47769,14.7253,0.0],[-17.47724,14.72525,0.0],[-17.47687,14.72521,0.0],[-17.47538,14.72561,0.0],[-17.47505,14.72571,0.0],[-17.47509,14.72595,0.0],[-17.47514,14.72619,0.0],[-17.47337,14.72623,0.0],[-17.47258,14.72623,0.0],[-17.4716,14.72637,0.0],[-17.47152,14.72616,0.0],[-17.47144,14.72594,0.0],[-17.47137,14.72573,0.0],[-17.47134,14.72564,0.0],[-17.4713,14.72551,0.0],[-17.47124,14.72529,0.0],[-17.47119,14.72506,0.0],[-17.47116,14.72491,0.0],[-17.47114,14.72485,0.0],[-17.4711,14.72463,0.0],[-17.47107,14.72441,0.0],[-17.47104,14.72419,0.0],[-17.47102,14.72398,0.0],[-17.47101,14.72375,0.0],[-17.471,14.72353,0.0],[-17.471,14.7233,0.0],[-17.47101,14.72308,0.0],[-17.47105,14.72192,0.0],[-17.47107,14.72145,0.0],[-17.47109,14.721,0.0],[-17.47118,14.71979,0.0],[-17.47133,14.71802,0.0],[-17.4714,14.7172,0.0],[-17.4714,14.71708,0.0],[-17.47154,14.71528,0.0],[-17.47219,14.71493,0.0],[-17.47439,14.71378,0.0],[-17.4748,14.71357,0.0],[-17.47512,14.7134,0.0],[-17.47593,14.71296,0.0],[-17.47641,14.7127,0.0],[-17.47659,14.71264,0.0],[-17.47741,14.7122,0.0],[-17.48003,14.7108,0.0],[-17.48153,14.70996,0.0],[-17.48159,14.70992,0.0],[-17.48191,14.70989,0.0],[-17.48194,14.70989,0.0],[-17.4822,14.70986,0.0],[-17.4825,14.70983,0.0],[-17.48269,14.70981,0.0],[-17.48287,14.70979,0.0],[-17.48322,14.70975,0.0],[-17.48336,14.70974,0.0],[-17.48369,14.70982,0.0],[-17.48407,14.7099,0.0],[-17.48417,14.70992,0.0],[-17.48421,14.70993,0.0],[-17.48443,14.70998,0.0],[-17.48464,14.71003,0.0],[-17.48477,14.71006,0.0],[-17.48483,14.71007,0.0],[-17.48505,14.71012,0.0],[-17.48522,14.71016,0.0],[-17.48527,14.71001,0.0],[-17.4854,14.70998,0.0],[-17.48543,14.70997,0.0],[-17.4855,14.70995,0.0],[-17.48554,14.70994,0.0],[-17.4857,14.7099,0.0],[-17.48592,14.70983,0.0],[-17.48614,14.70976,0.0],[-17.48621,14.70975,0.0],[-17.48645,14.70974,0.0],[-17.48654,14.70977,0.0],[-17.48659,14.70977,0.0],[-17.48675,14.7098,0.0],[-17.48693,14.70981,0.0],[-17.4887,14.70996,0.0],[-17.4893,14.71001,0.0]]]]}},{"type":"Feature","properties":{"uesi_id":"SEN_R12982139","nbhd_code":"SEN_R12982139_4","nbhd_name":"Yoff"},"geometry":{"type":"MultiPolygon","coordinates":[[[[-17.49819,14.75569,0.0],[-17.49819,14.75541,0.0],[-17.49764,14.75541,0.0],[-17.49763,14.75513,0.0],[-17.49708,14.75513,0.0],[-17.49706,14.75506,0.0],[-17.49665,14.75499,0.0],[-17.49586,14.7552,0.0],[-17.49541,14.75537,0.0],[-17.49541,14.75541,0.0],[-17.49533,14.75541,0.0],[-17.49513,14.75549,0.0],[-17.49513,14.75569,0.0],[-17.49486,14.75569,0.0],[-17.49486,14.75596,0.0],[-17.4943,14.75596,0.0],[-17.4943,14.75624,0.0],[-17.49402,14.75624,0.0],[-17.49402,14.75652,0.0],[-17.49319,14.75652,0.0],[-17.49319,14.7568,0.0],[-17.49291,14.7568,0.0],[-17.49291,14.75735,0.0],[-17.49271,14.75735,0.0],[-17.49265,14.75761,0.0],[-17.49264,14.75765,0.0],[-17.49264,14.75791,0.0],[-17.4925,14.75791,0.0],[-17.49236,14.75801,0.0],[-17.49236,14.75818,0.0],[-17.4921,14.75819,0.0],[-17.49208,14.7582,0.0],[-17.49208,14.75846,0.0],[-17.49152,14.75846,0.0],[-17.49152,14.75874,0.0],[-17.49097,14.75874,0.0],[-17.49097,14.75846,0.0],[-17.49069,14.75846,0.0],[-17.49069,14.75825,0.0],[-17.4906,14.75818,0.0],[-17.49014,14.75819,0.0],[-17.49014,14.75791,0.0],[-17.48902,14.75791,0.0],[-17.48902,14.75818,0.0],[-17.48875,14.75818,0.0],[-17.48875,14.75874,0.0],[-17.48847,14.75874,0.0],[-17.48847,14.75902,0.0],[-17.48819,14.75902,0.0],[-17.48819,14.7593,0.0],[-17.48791,14.7593,0.0],[-17.48791,14.75985,0.0],[-17.48774,14.75987,0.0],[-17.48767,14.7602,0.0],[-17.48764,14.76047,0.0],[-17.48764,14.76096,0.0],[-17.48736,14.76096,0.0],[-17.48736,14.76124,0.0],[-17.48708,14.76124,0.0],[-17.48708,14.76152,0.0],[-17.48653,14.76152,0.0],[-17.48653,14.7618,0.0],[-17.48625,14.7618,0.0],[-17.48625,14.76208,0.0],[-17.48486,14.76208,0.0],[-17.48486,14.76235,0.0],[-17.48458,14.76235,0.0],[-17.48458,14.76291,0.0],[-17.4843,14.76291,0.0],[-17.4843,14.76346,0.0],[-17.48403,14.76346,0.0],[-17.48402,14.76402,0.0],[-17.48375,14.76402,0.0],[-17.48375,14.76458,0.0],[-17.48347,14.76458,0.0],[-17.48347,14.76513,0.0],[-17.48319,14.76513,0.0],[-17.48319,14.76541,0.0],[-17.48291,14.76541,0.0],[-17.48291,14.76569,0.0],[-17.48264,14.76568,0.0],[-17.48264,14.76596,0.0],[-17.48236,14.76596,0.0],[-17.48236,14.76624,0.0],[-17.48208,14.76624,0.0],[-17.48208,14.76652,0.0],[-17.48181,14.76652,0.0],[-17.4818,14.7668,0.0],[-17.48152,14.7668,0.0],[-17.48152,14.76707,0.0],[-17.48125,14.76707,0.0],[-17.48125,14.7668,0.0],[-17.48069,14.7668,0.0],[-17.48069,14.76652,0.0],[-17.48013,14.76652,0.0],[-17.48013,14.76624,0.0],[-17.47958,14.76624,0.0],[-17.47958,14.76596,0.0],[-17.47903,14.76596,0.0],[-17.47903,14.7657,0.0],[-17.47851,14.76541,0.0],[-17.47847,14.76541,0.0],[-17.47828,14.76527,0.0],[-17.47795,14.76493,0.0],[-17.4779,14.76485,0.0],[-17.47763,14.76485,0.0],[-17.47763,14.76457,0.0],[-17.47736,14.76457,0.0],[-17.47736,14.7643,0.0],[-17.47625,14.7643,0.0],[-17.47625,14.76402,0.0],[-17.47541,14.76402,0.0],[-17.47541,14.76374,0.0],[-17.47514,14.76374,0.0],[-17.47514,14.76346,0.0],[-17.47458,14.76346,0.0],[-17.47458,14.76318,0.0],[-17.47347,14.76318,0.0],[-17.47347,14.76291,0.0],[-17.47236,14.76291,0.0],[-17.47236,14.76263,0.0],[-17.47097,14.76263,0.0],[-17.47097,14.76291,0.0],[-17.46819,14.76291,0.0],[-17.46819,14.76318,0.0],[-17.46792,14.76318,0.0],[-17.46792,14.76291,0.0],[-17.46764,14.76291,0.0],[-17.46763,14.76318,0.0],[-17.46736,14.76318,0.0],[-17.46736,14.76291,0.0],[-17.46708,14.76291,0.0],[-17.46708,14.76318,0.0],[-17.4668,14.76318,0.0],[-17.4668,14.76346,0.0],[-17.46625,14.76346,0.0],[-17.46625,14.76374,0.0],[-17.46569,14.76374,0.0],[-17.46569,14.7643,0.0],[-17.46347,14.7643,0.0],[-17.46347,14.76402,0.0],[-17.46097,14.76402,0.0],[-17.46097,14.7643,0.0],[-17.45986,14.7643,0.0],[-17.45986,14.76457,0.0],[-17.45875,14.76457,0.0],[-17.45875,14.76485,0.0],[-17.45764,14.76485,0.0],[-17.45764,14.76513,0.0],[-17.45653,14.76513,0.0],[-17.45653,14.76541,0.0],[-17.45542,14.76541,0.0],[-17.45542,14.76568,0.0],[-17.4553,14.76568,0.0],[-17.45431,14.76568,0.0],[-17.45431,14.76596,0.0],[-17.45208,14.76596,0.0],[-17.45208,14.76568,0.0],[-17.45125,14.76568,0.0],[-17.45125,14.76596,0.0],[-17.45069,14.76596,0.0],[-17.45069,14.76624,0.0],[-17.44938,14.76624,0.0],[-17.44928,14.7655,0.0],[-17.44906,14.76377,0.0],[-17.44917,14.76368,0.0],[-17.44938,14.76349,0.0],[-17.44957,14.76328,0.0],[-17.44966,14.76315,0.0],[-17.4497,14.76309,0.0],[-17.44978,14.76299,0.0],[-17.44986,14.76287,0.0],[-17.44995,14.76275,0.0],[-17.45008,14.76252,0.0],[-17.45035,14.762,0.0],[-17.45042,14.76185,0.0],[-17.45045,14.76177,0.0],[-17.4505,14.76168,0.0],[-17.45055,14.76157,0.0],[-17.45108,14.76042,0.0],[-17.45142,14.75967,0.0],[-17.45151,14.75946,0.0],[-17.45156,14.75936,0.0],[-17.4516,14.75926,0.0],[-17.45166,14.75912,0.0],[-17.4517,14.75905,0.0],[-17.45187,14.75866,0.0],[-17.452,14.75839,0.0],[-17.45218,14.758,0.0],[-17.45238,14.75756,0.0],[-17.45262,14.75706,0.0],[-17.45291,14.75643,0.0],[-17.45307,14.75608,0.0],[-17.45328,14.75563,0.0],[-17.45348,14.75521,0.0],[-17.45354,14.75512,0.0],[-17.45382,14.75449,0.0],[-17.45398,14.75414,0.0],[-17.45471,14.75249,0.0],[-17.45486,14.75221,0.0],[-17.45533,14.75186,0.0],[-17.45561,14.75167,0.0],[-17.45629,14.75119,0.0],[-17.45631,14.75117,0.0],[-17.45701,14.7507,0.0],[-17.45782,14.75022,0.0],[-17.45843,14.74993,0.0],[-17.45846,14.74992,0.0],[-17.45855,14.74988,0.0],[-17.45867,14.74984,0.0],[-17.459,14.74984,0.0],[-17.45921,14.74974,0.0],[-17.46067,14.74903,0.0],[-17.46168,14.74853,0.0],[-17.46259,14.74809,0.0],[-17.46281,14.74797,0.0],[-17.46318,14.74779,0.0],[-17.46328,14.74775,0.0],[-17.46451,14.74721,0.0],[-17.46558,14.74679,0.0],[-17.46578,14.74673,0.0],[-17.46587,14.74666,0.0],[-17.46636,14.74647,0.0],[-17.46677,14.7463,0.0],[-17.46734,14.74601,0.0],[-17.46743,14.74596,0.0],[-17.4681,14.74554,0.0],[-17.4684,14.7453,0.0],[-17.46879,14.74499,0.0],[-17.46936,14.74436,0.0],[-17.46986,14.7438,0.0],[-17.47002,14.74351,0.0],[-17.47007,14.74343,0.0],[-17.47015,14.74332,0.0],[-17.47052,14.74276,0.0],[-17.47117,14.74129,0.0],[-17.47123,14.74112,0.0],[-17.47135,14.74072,0.0],[-17.4716,14.74004,0.0],[-17.47187,14.73933,0.0],[-17.47193,14.73914,0.0],[-17.47237,14.73783,0.0],[-17.47241,14.73771,0.0],[-17.4728,14.73671,0.0],[-17.47283,14.73663,0.0],[-17.47322,14.73535,0.0],[-17.47334,14.73449,0.0],[-17.47342,14.7336,0.0],[-17.47339,14.73267,0.0],[-17.47329,14.73205,0.0],[-17.47313,14.73131,0.0],[-17.4731,14.73118,0.0],[-17.47228,14.72711,0.0],[-17.4716,14.72637,0.0],[-17.47258,14.72623,0.0],[-17.47337,14.72623,0.0],[-17.47514,14.72619,0.0],[-17.47509,14.72595,0.0],[-17.47505,14.72571,0.0],[-17.47538,14.72561,0.0],[-17.47687,14.72521,0.0],[-17.47724,14.72525,0.0],[-17.47769,14.7253,0.0],[-17.47847,14.72521,0.0],[-17.47946,14.7251,0.0],[-17.47996,14.72546,0.0],[-17.48003,14.72551,0.0],[-17.48072,14.72597,0.0],[-17.48081,14.72605,0.0],[-17.48087,14.7265,0.0],[-17.48096,14.72723,0.0],[-17.48092,14.72738,0.0],[-17.48094,14.72754,0.0],[-17.48124,14.72975,0.0],[-17.48148,14.73003,0.0],[-17.4815,14.73005,0.0],[-17.48144,14.73017,0.0],[-17.48133,14.73042,0.0],[-17.48098,14.73102,0.0],[-17.48091,14.73113,0.0],[-17.48104,14.7319,0.0],[-17.48124,14.73299,0.0],[-17.48296,14.73304,0.0],[-17.48376,14.73306,0.0],[-17.48435,14.73107,0.0],[-17.48553,14.7311,0.0],[-17.48681,14.73112,0.0],[-17.48727,14.73123,0.0],[-17.48901,14.73171,0.0],[-17.49037,14.7321,0.0],[-17.49036,14.73215,0.0],[-17.49017,14.73277,0.0],[-17.4901,14.73297,0.0],[-17.48987,14.73377,0.0],[-17.48961,14.73478,0.0],[-17.48935,14.73563,0.0],[-17.48908,14.73655,0.0],[-17.48884,14.73736,0.0],[-17.4897,14.73763,0.0],[-17.49064,14.73765,0.0],[-17.49086,14.73768,0.0],[-17.49116,14.73782,0.0],[-17.49126,14.73786,0.0],[-17.4914,14.73792,0.0],[-17.4916,14.73793,0.0],[-17.49181,14.73788,0.0],[-17.49266,14.73764,0.0],[-17.4928,14.73824,0.0],[-17.49388,14.73882,0.0],[-17.49398,14.73888,0.0],[-17.49407,14.73893,0.0],[-17.49417,14.73898,0.0],[-17.49521,14.73957,0.0],[-17.49537,14.7394,0.0],[-17.49543,14.73932,0.0],[-17.49573,14.73898,0.0],[-17.49627,14.73833,0.0],[-17.49644,14.73804,0.0],[-17.4965,14.73793,0.0],[-17.49655,14.73783,0.0],[-17.49661,14.73773,0.0],[-17.49665,14.73765,0.0],[-17.4972,14.73717,0.0],[-17.49752,14.7368,0.0],[-17.49761,14.7367,0.0],[-17.49832,14.73585,0.0],[-17.49899,14.73556,0.0],[-17.50221,14.73537,0.0],[-17.50257,14.73387,0.0],[-17.50365,14.73139,0.0],[-17.50438,14.72977,0.0],[-17.50475,14.72892,0.0],[-17.50503,14.72846,0.0],[-17.50542,14.7288,0.0],[-17.50603,14.72949,0.0],[-17.50645,14.72995,0.0],[-17.50646,14.72998,0.0],[-17.50664,14.7302,0.0],[-17.50695,14.73054,0.0],[-17.50686,14.73085,0.0],[-17.50555,14.73299,0.0],[-17.50566,14.73532,0.0],[-17.50548,14.73567,0.0],[-17.50536,14.73593,0.0],[-17.50524,14.73619,0.0],[-17.50505,14.73665,0.0],[-17.50496,14.73685,0.0],[-17.50552,14.7374,0.0],[-17.50564,14.73777,0.0],[-17.50568,14.73785,0.0],[-17.50569,14.73798,0.0],[-17.50573,14.73817,0.0],[-17.5058,14.73827,0.0],[-17.50582,14.73873,0.0],[-17.50585,14.73982,0.0],[-17.50587,14.74029,0.0],[-17.50592,14.74206,0.0],[-17.50612,14.74353,0.0],[-17.50612,14.74357,0.0],[-17.50613,14.74392,0.0],[-17.50618,14.74498,0.0],[-17.5062,14.74537,0.0],[-17.50628,14.74707,0.0],[-17.50578,14.7473,0.0],[-17.50453,14.74784,0.0],[-17.50443,14.74788,0.0],[-17.50189,14.74906,0.0],[-17.50046,14.74972,0.0],[-17.49911,14.75034,0.0],[-17.49864,14.75055,0.0],[-17.49807,14.75083,0.0],[-17.49732,14.75119,0.0],[-17.49728,14.75109,0.0],[-17.4971,14.75118,0.0],[-17.49714,14.75128,0.0],[-17.49706,14.75132,0.0],[-17.49682,14.75142,0.0],[-17.49691,14.75194,0.0],[-17.49696,14.7521,0.0],[-17.49699,14.75222,0.0],[-17.49704,14.75238,0.0],[-17.49719,14.75285,0.0],[-17.49743,14.75355,0.0],[-17.49768,14.75427,0.0],[-17.49786,14.75446,0.0],[-17.49803,14.75481,0.0],[-17.49847,14.7557,0.0],[-17.49819,14.75569,0.0]]],[[[-17.49847,14.7557,0.0],[-17.4986,14.75596,0.0],[-17.49847,14.75596,0.0],[-17.49847,14.7557,0.0]]],[[[-17.47652,14.77013,0.0],[-17.47653,14.76985,0.0],[-17.47625,14.76985,0.0],[-17.47625,14.7693,0.0],[-17.47597,14.7693,0.0],[-17.47597,14.76902,0.0],[-17.47569,14.76902,0.0],[-17.47569,14.76874,0.0],[-17.47597,14.76874,0.0],[-17.47597,14.7682,0.0],[-17.4768,14.76818,0.0],[-17.4768,14.76791,0.0],[-17.47763,14.76791,0.0],[-17.47764,14.76763,0.0],[-17.47819,14.76763,0.0],[-17.47819,14.76735,0.0],[-17.47958,14.76735,0.0],[-17.47958,14.76763,0.0],[-17.48013,14.76763,0.0],[-17.48013,14.76791,0.0],[-17.48041,14.76791,0.0],[-17.48041,14.76846,0.0],[-17.48013,14.76846,0.0],[-17.48013,14.7693,0.0],[-17.47986,14.7693,0.0],[-17.47986,14.76985,0.0],[-17.47959,14.76985,0.0],[-17.47903,14.76985,0.0],[-17.47902,14.77013,0.0],[-17.47791,14.77013,0.0],[-17.47791,14.77041,0.0],[-17.4768,14.77041,0.0],[-17.4768,14.77013,0.0],[-17.47652,14.77013,0.0]]]]}},{"type":"Feature","properties":{"uesi_id":"SEN_R12982139","nbhd_code":"SEN_R12982139_5","nbhd_name":"Fann/Point E/ Amitie"},"geometry":{"type":"MultiPolygon","coordinates":[[[[-17.45141,14.69698,0.0],[-17.45139,14.69688,0.0],[-17.45211,14.69622,0.0],[-17.45307,14.69535,0.0],[-17.45387,14.69462,0.0],[-17.45451,14.69404,0.0],[-17.45545,14.69313,0.0],[-17.45635,14.69225,0.0],[-17.45638,14.69222,0.0],[-17.4564,14.6922,0.0],[-17.45706,14.69155,0.0],[-17.45761,14.69102,0.0],[-17.45849,14.69019,0.0],[-17.46062,14.68653,0.0],[-17.46066,14.68647,0.0],[-17.46068,14.68504,0.0],[-17.4607,14.68379,0.0],[-17.46068,14.68345,0.0],[-17.46067,14.68321,0.0],[-17.46067,14.68313,0.0],[-17.46067,14.68271,0.0],[-17.46066,14.68169,0.0],[-17.46065,14.68123,0.0],[-17.46065,14.68104,0.0],[-17.46065,14.68067,0.0],[-17.46064,14.68012,0.0],[-17.46064,14.6799,0.0],[-17.46063,14.67976,0.0],[-17.46063,14.6797,0.0],[-17.46063,14.67963,0.0],[-17.46063,14.67956,0.0],[-17.46066,14.67939,0.0],[-17.46068,14.67901,0.0],[-17.46068,14.67893,0.0],[-17.4607,14.67875,0.0],[-17.4607,14.6787,0.0],[-17.46073,14.67846,0.0],[-17.46208,14.67846,0.0],[-17.46208,14.67819,0.0],[-17.46236,14.67819,0.0],[-17.46236,14.67708,0.0],[-17.46264,14.67708,0.0],[-17.46264,14.6769,0.0],[-17.46227,14.67683,0.0],[-17.46213,14.67668,0.0],[-17.46222,14.67621,0.0],[-17.46224,14.67608,0.0],[-17.46227,14.67594,0.0],[-17.46244,14.67548,0.0],[-17.46252,14.67518,0.0],[-17.46263,14.6749,0.0],[-17.46285,14.67476,0.0],[-17.46313,14.67453,0.0],[-17.46354,14.67451,0.0],[-17.46387,14.67451,0.0],[-17.46428,14.67457,0.0],[-17.46446,14.6747,0.0],[-17.46452,14.67484,0.0],[-17.46453,14.67515,0.0],[-17.46447,14.67569,0.0],[-17.46458,14.67569,0.0],[-17.46458,14.67596,0.0],[-17.46486,14.67597,0.0],[-17.46486,14.67625,0.0],[-17.46616,14.67625,0.0],[-17.46618,14.67622,0.0],[-17.46622,14.6762,0.0],[-17.46625,14.67618,0.0],[-17.46625,14.67597,0.0],[-17.4668,14.67597,0.0],[-17.4668,14.67569,0.0],[-17.46736,14.67569,0.0],[-17.46736,14.67541,0.0],[-17.46792,14.67541,0.0],[-17.46792,14.67513,0.0],[-17.46847,14.67513,0.0],[-17.46847,14.67486,0.0],[-17.4686,14.67486,0.0],[-17.46869,14.67483,0.0],[-17.46875,14.67482,0.0],[-17.46875,14.67458,0.0],[-17.46931,14.67458,0.0],[-17.46931,14.6743,0.0],[-17.46958,14.6743,0.0],[-17.46958,14.67402,0.0],[-17.47042,14.67402,0.0],[-17.47042,14.67541,0.0],[-17.47069,14.67541,0.0],[-17.47069,14.67708,0.0],[-17.47042,14.67708,0.0],[-17.47042,14.67736,0.0],[-17.47014,14.67736,0.0],[-17.47014,14.67763,0.0],[-17.46986,14.67763,0.0],[-17.46986,14.67791,0.0],[-17.46958,14.67791,0.0],[-17.46958,14.67819,0.0],[-17.46931,14.67819,0.0],[-17.46931,14.67846,0.0],[-17.46904,14.67846,0.0],[-17.46904,14.67851,0.0],[-17.46904,14.67854,0.0],[-17.46904,14.67859,0.0],[-17.46904,14.67862,0.0],[-17.46904,14.67866,0.0],[-17.46903,14.67874,0.0],[-17.46931,14.67874,0.0],[-17.46931,14.67902,0.0],[-17.46986,14.67902,0.0],[-17.46986,14.67986,0.0],[-17.47014,14.67986,0.0],[-17.47014,14.68013,0.0],[-17.46988,14.68013,0.0],[-17.46987,14.68052,0.0],[-17.46986,14.68069,0.0],[-17.4697,14.68068,0.0],[-17.4697,14.68071,0.0],[-17.46971,14.68075,0.0],[-17.46968,14.68079,0.0],[-17.46963,14.68087,0.0],[-17.46961,14.68091,0.0],[-17.4696,14.68095,0.0],[-17.4696,14.68098,0.0],[-17.46961,14.68102,0.0],[-17.46963,14.68107,0.0],[-17.46964,14.68112,0.0],[-17.46963,14.68116,0.0],[-17.46961,14.6812,0.0],[-17.4696,14.68124,0.0],[-17.46959,14.68128,0.0],[-17.46959,14.68132,0.0],[-17.46959,14.68137,0.0],[-17.4696,14.68143,0.0],[-17.4696,14.68148,0.0],[-17.4696,14.68152,0.0],[-17.46958,14.68156,0.0],[-17.46958,14.6818,0.0],[-17.46953,14.68181,0.0],[-17.46954,14.68184,0.0],[-17.46954,14.68188,0.0],[-17.46952,14.68195,0.0],[-17.46948,14.68201,0.0],[-17.46948,14.68204,0.0],[-17.46947,14.68208,0.0],[-17.46946,14.68212,0.0],[-17.46945,14.68217,0.0],[-17.46943,14.68219,0.0],[-17.46942,14.68223,0.0],[-17.46939,14.68228,0.0],[-17.46939,14.68234,0.0],[-17.46939,14.6824,0.0],[-17.46939,14.68245,0.0],[-17.46939,14.68249,0.0],[-17.46938,14.68252,0.0],[-17.46939,14.68257,0.0],[-17.4694,14.6826,0.0],[-17.46941,14.68265,0.0],[-17.4694,14.68269,0.0],[-17.46938,14.68272,0.0],[-17.46936,14.68275,0.0],[-17.46935,14.68279,0.0],[-17.4693,14.68284,0.0],[-17.4693,14.68319,0.0],[-17.46922,14.68319,0.0],[-17.46922,14.68323,0.0],[-17.46923,14.68332,0.0],[-17.46925,14.6834,0.0],[-17.46928,14.68346,0.0],[-17.46928,14.68352,0.0],[-17.46928,14.68357,0.0],[-17.46928,14.6836,0.0],[-17.46929,14.68364,0.0],[-17.4693,14.68368,0.0],[-17.46932,14.68373,0.0],[-17.46933,14.68379,0.0],[-17.46934,14.68384,0.0],[-17.46935,14.68389,0.0],[-17.46935,14.68393,0.0],[-17.46936,14.684,0.0],[-17.46937,14.68406,0.0],[-17.46938,14.6841,0.0],[-17.46939,14.68414,0.0],[-17.46939,14.68417,0.0],[-17.46939,14.68421,0.0],[-17.4694,14.68423,0.0],[-17.46943,14.68435,0.0],[-17.46946,14.68442,0.0],[-17.46952,14.68447,0.0],[-17.46958,14.68451,0.0],[-17.46963,14.68454,0.0],[-17.46966,14.68456,0.0],[-17.46971,14.68459,0.0],[-17.46974,14.68462,0.0],[-17.46977,14.68465,0.0],[-17.46981,14.68468,0.0],[-17.46984,14.68471,0.0],[-17.46987,14.68473,0.0],[-17.46991,14.68475,0.0],[-17.46996,14.68477,0.0],[-17.47,14.6848,0.0],[-17.47003,14.68483,0.0],[-17.47005,14.68485,0.0],[-17.47006,14.6849,0.0],[-17.47008,14.68497,0.0],[-17.47009,14.68503,0.0],[-17.4701,14.68509,0.0],[-17.4701,14.68514,0.0],[-17.4701,14.6852,0.0],[-17.47009,14.68523,0.0],[-17.47008,14.68527,0.0],[-17.47005,14.68532,0.0],[-17.47002,14.68535,0.0],[-17.46999,14.68537,0.0],[-17.46996,14.68541,0.0],[-17.47014,14.68541,0.0],[-17.47014,14.68597,0.0],[-17.47042,14.68596,0.0],[-17.47042,14.68624,0.0],[-17.47069,14.68624,0.0],[-17.47069,14.68652,0.0],[-17.47153,14.68652,0.0],[-17.47153,14.6868,0.0],[-17.47208,14.6868,0.0],[-17.47208,14.68708,0.0],[-17.4724,14.68708,0.0],[-17.47319,14.68708,0.0],[-17.47319,14.68731,0.0],[-17.47324,14.68735,0.0],[-17.47347,14.68735,0.0],[-17.47347,14.68791,0.0],[-17.47375,14.68791,0.0],[-17.47375,14.68819,0.0],[-17.47403,14.68819,0.0],[-17.47403,14.68847,0.0],[-17.47458,14.68847,0.0],[-17.47458,14.68874,0.0],[-17.47486,14.68874,0.0],[-17.47486,14.69013,0.0],[-17.47514,14.69013,0.0],[-17.47514,14.69041,0.0],[-17.47541,14.69041,0.0],[-17.47541,14.69069,0.0],[-17.47569,14.69069,0.0],[-17.47569,14.69096,0.0],[-17.47597,14.69097,0.0],[-17.47597,14.69124,0.0],[-17.47653,14.69125,0.0],[-17.47653,14.69147,0.0],[-17.47662,14.69142,0.0],[-17.47674,14.69152,0.0],[-17.47713,14.69151,0.0],[-17.47708,14.69208,0.0],[-17.47725,14.69208,0.0],[-17.47736,14.69207,0.0],[-17.47731,14.69236,0.0],[-17.47791,14.69235,0.0],[-17.47791,14.69319,0.0],[-17.47749,14.69319,0.0],[-17.47597,14.69319,0.0],[-17.47597,14.69347,0.0],[-17.47549,14.69347,0.0],[-17.47526,14.69395,0.0],[-17.47452,14.69489,0.0],[-17.47375,14.69601,0.0],[-17.47375,14.69652,0.0],[-17.47403,14.69652,0.0],[-17.47403,14.69736,0.0],[-17.4743,14.69735,0.0],[-17.4743,14.69763,0.0],[-17.47458,14.69763,0.0],[-17.47458,14.69819,0.0],[-17.47486,14.69819,0.0],[-17.47486,14.69847,0.0],[-17.47541,14.69847,0.0],[-17.47542,14.69874,0.0],[-17.47543,14.69904,0.0],[-17.4756,14.69927,0.0],[-17.47547,14.69975,0.0],[-17.47534,14.70057,0.0],[-17.47528,14.70078,0.0],[-17.47528,14.70099,0.0],[-17.4746,14.7032,0.0],[-17.47463,14.70339,0.0],[-17.47444,14.70333,0.0],[-17.474,14.70312,0.0],[-17.47371,14.70292,0.0],[-17.4729,14.70228,0.0],[-17.47284,14.70223,0.0],[-17.47173,14.7013,0.0],[-17.46951,14.69943,0.0],[-17.4688,14.69884,0.0],[-17.46819,14.69897,0.0],[-17.46815,14.69898,0.0],[-17.46721,14.69918,0.0],[-17.46419,14.70254,0.0],[-17.46335,14.70347,0.0],[-17.46293,14.70393,0.0],[-17.46279,14.70409,0.0],[-17.46219,14.70478,0.0],[-17.46215,14.70482,0.0],[-17.46203,14.70496,0.0],[-17.46174,14.7053,0.0],[-17.46102,14.70611,0.0],[-17.46007,14.70718,0.0],[-17.45979,14.70685,0.0],[-17.45972,14.70677,0.0],[-17.45963,14.70666,0.0],[-17.45958,14.70661,0.0],[-17.45885,14.70575,0.0],[-17.45878,14.70566,0.0],[-17.45853,14.70537,0.0],[-17.45828,14.70508,0.0],[-17.45803,14.70478,0.0],[-17.45781,14.70452,0.0],[-17.45767,14.70436,0.0],[-17.45756,14.70422,0.0],[-17.45753,14.7042,0.0],[-17.45731,14.70393,0.0],[-17.45729,14.70391,0.0],[-17.45704,14.70361,0.0],[-17.4569,14.70345,0.0],[-17.45677,14.7033,0.0],[-17.45637,14.70283,0.0],[-17.45573,14.70205,0.0],[-17.45562,14.70192,0.0],[-17.45558,14.70187,0.0],[-17.4548,14.70099,0.0],[-17.454,14.70007,0.0],[-17.45395,14.70001,0.0],[-17.45141,14.69698,0.0]]]]}},{"type":"Feature","properties":{"uesi_id":"SEN_R12982139","nbhd_code":"SEN_R12982139_6","nbhd_name":"Goree"},"geometry":{"type":"MultiPolygon","coordinates":[[[[-17.39903,14.6718,0.0],[-17.39903,14.67152,0.0],[-17.39848,14.67152,0.0],[-17.39848,14.6693,0.0],[-17.39764,14.6693,0.0],[-17.39764,14.66902,0.0],[-17.39737,14.66902,0.0],[-17.39737,14.66846,0.0],[-17.39709,14.66846,0.0],[-17.39709,14.66819,0.0],[-17.39681,14.66819,0.0],[-17.39681,14.66791,0.0],[-17.39653,14.66791,0.0],[-17.39653,14.66735,0.0],[-17.39626,14.66735,0.0],[-17.39626,14.66513,0.0],[-17.39598,14.66513,0.0],[-17.39598,14.66457,0.0],[-17.3957,14.66457,0.0],[-17.3957,14.6643,0.0],[-17.39598,14.6643,0.0],[-17.39598,14.66402,0.0],[-17.39653,14.66402,0.0],[-17.39653,14.66374,0.0],[-17.39681,14.66374,0.0],[-17.39681,14.66346,0.0],[-17.39709,14.66346,0.0],[-17.39709,14.66291,0.0],[-17.39737,14.66291,0.0],[-17.39737,14.66263,0.0],[-17.3982,14.66263,0.0],[-17.3982,14.66291,0.0],[-17.39875,14.66291,0.0],[-17.39875,14.66319,0.0],[-17.39903,14.66319,0.0],[-17.39903,14.66374,0.0],[-17.39931,14.66374,0.0],[-17.39931,14.66457,0.0],[-17.39959,14.66457,0.0],[-17.39959,14.66513,0.0],[-17.39986,14.66513,0.0],[-17.39986,14.66541,0.0],[-17.40014,14.66541,0.0],[-17.40014,14.66597,0.0],[-17.40042,14.66597,0.0],[-17.40042,14.6668,0.0],[-17.4007,14.6668,0.0],[-17.4007,14.66819,0.0],[-17.40098,14.66819,0.0],[-17.40098,14.66874,0.0],[-17.40126,14.66874,0.0],[-17.40126,14.6693,0.0],[-17.40098,14.6693,0.0],[-17.40098,14.66985,0.0],[-17.4007,14.66985,0.0],[-17.4007,14.67041,0.0],[-17.40042,14.67041,0.0],[-17.40042,14.67096,0.0],[-17.40014,14.67096,0.0],[-17.40014,14.67124,0.0],[-17.39986,14.67124,0.0],[-17.39986,14.6718,0.0],[-17.39903,14.6718,0.0]]]]}},{"type":"Feature","properties":{"uesi_id":"SEN_R12982139","nbhd_code":"SEN_R12982139_7","nbhd_name":"Gueule Tapee/Colobane/Fass"},"geometry":{"type":"MultiPolygon","coordinates":[[[[-17.45141,14.69698,0.0],[-17.45102,14.69738,0.0],[-17.45041,14.69793,0.0],[-17.44996,14.69818,0.0],[-17.44986,14.69823,0.0],[-17.44956,14.69835,0.0],[-17.44902,14.69845,0.0],[-17.44867,14.69843,0.0],[-17.44863,14.69843,0.0],[-17.44799,14.69839,0.0],[-17.44729,14.69826,0.0],[-17.4473,14.69812,0.0],[-17.4472,14.69815,0.0],[-17.44703,14.69809,0.0],[-17.44694,14.69804,0.0],[-17.44687,14.69798,0.0],[-17.44669,14.69785,0.0],[-17.4465,14.69773,0.0],[-17.44631,14.69763,0.0],[-17.44605,14.69755,0.0],[-17.44592,14.69754,0.0],[-17.44579,14.69751,0.0],[-17.44553,14.69748,0.0],[-17.44545,14.69748,0.0],[-17.44524,14.69749,0.0],[-17.44497,14.69756,0.0],[-17.44471,14.69766,0.0],[-17.44428,14.69784,0.0],[-17.44419,14.69786,0.0],[-17.44421,14.69793,0.0],[-17.44217,14.69797,0.0],[-17.44236,14.69579,0.0],[-17.44242,14.69543,0.0],[-17.44244,14.69526,0.0],[-17.44252,14.6942,0.0],[-17.44263,14.69257,0.0],[-17.44273,14.69256,0.0],[-17.44316,14.69256,0.0],[-17.44325,14.69256,0.0],[-17.44481,14.69256,0.0],[-17.44552,14.69185,0.0],[-17.44559,14.69179,0.0],[-17.44665,14.69077,0.0],[-17.4468,14.69066,0.0],[-17.4468,14.69047,0.0],[-17.44683,14.69029,0.0],[-17.44696,14.69027,0.0],[-17.44705,14.69031,0.0],[-17.44736,14.6907,0.0],[-17.44738,14.69075,0.0],[-17.44745,14.69095,0.0],[-17.44778,14.69108,0.0],[-17.44831,14.69129,0.0],[-17.44878,14.69148,0.0],[-17.44961,14.69181,0.0],[-17.4497,14.69185,0.0],[-17.45052,14.69028,0.0],[-17.45066,14.69001,0.0],[-17.45079,14.68977,0.0],[-17.45112,14.68917,0.0],[-17.45166,14.68818,0.0],[-17.45196,14.68762,0.0],[-17.45251,14.68662,0.0],[-17.45304,14.68563,0.0],[-17.45328,14.68511,0.0],[-17.45353,14.68458,0.0],[-17.45377,14.68407,0.0],[-17.45423,14.68311,0.0],[-17.45426,14.68305,0.0],[-17.45477,14.68197,0.0],[-17.45482,14.68185,0.0],[-17.45547,14.68047,0.0],[-17.45582,14.67973,0.0],[-17.45601,14.67933,0.0],[-17.4565,14.67899,0.0],[-17.45682,14.67877,0.0],[-17.45688,14.67873,0.0],[-17.45793,14.67797,0.0],[-17.45854,14.67744,0.0],[-17.45875,14.67723,0.0],[-17.45875,14.67758,0.0],[-17.45877,14.67759,0.0],[-17.45879,14.67764,0.0],[-17.45903,14.67766,0.0],[-17.45903,14.67791,0.0],[-17.45958,14.67791,0.0],[-17.45958,14.67819,0.0],[-17.46014,14.67819,0.0],[-17.46014,14.67846,0.0],[-17.46073,14.67846,0.0],[-17.4607,14.6787,0.0],[-17.4607,14.67875,0.0],[-17.46068,14.67893,0.0],[-17.46068,14.67901,0.0],[-17.46066,14.67939,0.0],[-17.46063,14.67956,0.0],[-17.46063,14.67963,0.0],[-17.46063,14.6797,0.0],[-17.46063,14.67976,0.0],[-17.46064,14.6799,0.0],[-17.46064,14.68012,0.0],[-17.46065,14.68067,0.0],[-17.46065,14.68104,0.0],[-17.46065,14.68123,0.0],[-17.46066,14.68169,0.0],[-17.46067,14.68271,0.0],[-17.46067,14.68313,0.0],[-17.46067,14.68321,0.0],[-17.46068,14.68345,0.0],[-17.4607,14.68379,0.0],[-17.46068,14.68504,0.0],[-17.46066,14.68647,0.0],[-17.46062,14.68653,0.0],[-17.45849,14.69019,0.0],[-17.45761,14.69102,0.0],[-17.45706,14.69155,0.0],[-17.4564,14.6922,0.0],[-17.45638,14.69222,0.0],[-17.45635,14.69225,0.0],[-17.45545,14.69313,0.0],[-17.45451,14.69404,0.0],[-17.45387,14.69462,0.0],[-17.45307,14.69535,0.0],[-17.45211,14.69622,0.0],[-17.45139,14.69688,0.0],[-17.45141,14.69698,0.0]]]]}},{"type":"Feature","properties":{"uesi_id":"SEN_R12982139","nbhd_code":"SEN_R12982139_8","nbhd_name":"Medina"},"geometry":{"type":"MultiPolygon","coordinates":[[[[-17.43973,14.68251,0.0],[-17.43997,14.68231,0.0],[-17.44059,14.68182,0.0],[-17.44108,14.68142,0.0],[-17.44298,14.67977,0.0],[-17.44309,14.67967,0.0],[-17.44313,14.67964,0.0],[-17.44577,14.67726,0.0],[-17.4464,14.6767,0.0],[-17.4466,14.67653,0.0],[-17.44742,14.6758,0.0],[-17.44828,14.67506,0.0],[-17.44908,14.67438,0.0],[-17.44913,14.67434,0.0],[-17.44988,14.67369,0.0],[-17.44991,14.67367,0.0],[-17.45003,14.67341,0.0],[-17.45007,14.67303,0.0],[-17.45006,14.67298,0.0],[-17.45008,14.67235,0.0],[-17.45097,14.67235,0.0],[-17.45097,14.67263,0.0],[-17.45125,14.67263,0.0],[-17.45125,14.67291,0.0],[-17.45181,14.67291,0.0],[-17.4518,14.67347,0.0],[-17.45236,14.67347,0.0],[-17.45236,14.67374,0.0],[-17.4539,14.67374,0.0],[-17.45393,14.67372,0.0],[-17.45396,14.67371,0.0],[-17.45399,14.67369,0.0],[-17.45402,14.67367,0.0],[-17.45406,14.67365,0.0],[-17.45408,14.67363,0.0],[-17.45413,14.67361,0.0],[-17.45415,14.6736,0.0],[-17.4542,14.67357,0.0],[-17.45424,14.67356,0.0],[-17.45428,14.67354,0.0],[-17.45431,14.67354,0.0],[-17.45431,14.67347,0.0],[-17.45486,14.67347,0.0],[-17.45486,14.67319,0.0],[-17.45514,14.67319,0.0],[-17.45514,14.67291,0.0],[-17.45569,14.67291,0.0],[-17.45569,14.67319,0.0],[-17.45681,14.67319,0.0],[-17.45681,14.67347,0.0],[-17.45736,14.67347,0.0],[-17.45736,14.67319,0.0],[-17.45764,14.67319,0.0],[-17.45764,14.67347,0.0],[-17.45875,14.67347,0.0],[-17.45875,14.67374,0.0],[-17.45903,14.67374,0.0],[-17.45903,14.6742,0.0],[-17.45903,14.67541,0.0],[-17.45875,14.67541,0.0],[-17.45875,14.67723,0.0],[-17.45854,14.67744,0.0],[-17.45793,14.67797,0.0],[-17.45688,14.67873,0.0],[-17.45682,14.67877,0.0],[-17.4565,14.67899,0.0],[-17.45601,14.67933,0.0],[-17.45582,14.67973,0.0],[-17.45547,14.68047,0.0],[-17.45482,14.68185,0.0],[-17.45477,14.68197,0.0],[-17.45426,14.68305,0.0],[-17.45423,14.68311,0.0],[-17.45377,14.68407,0.0],[-17.45353,14.68458,0.0],[-17.45328,14.68511,0.0],[-17.45304,14.68563,0.0],[-17.45251,14.68662,0.0],[-17.45196,14.68762,0.0],[-17.45166,14.68818,0.0],[-17.45112,14.68917,0.0],[-17.45079,14.68977,0.0],[-17.45066,14.69001,0.0],[-17.45052,14.69028,0.0],[-17.4497,14.69185,0.0],[-17.44961,14.69181,0.0],[-17.44878,14.69148,0.0],[-17.44831,14.69129,0.0],[-17.44778,14.69108,0.0],[-17.44745,14.69095,0.0],[-17.44738,14.69075,0.0],[-17.44736,14.6907,0.0],[-17.44705,14.69031,0.0],[-17.44696,14.69027,0.0],[-17.44683,14.69029,0.0],[-17.4468,14.69047,0.0],[-17.4468,14.69066,0.0],[-17.44665,14.69077,0.0],[-17.44559,14.69179,0.0],[-17.44552,14.69185,0.0],[-17.44481,14.69256,0.0],[-17.44325,14.69256,0.0],[-17.44316,14.69256,0.0],[-17.44273,14.69256,0.0],[-17.44263,14.69257,0.0],[-17.44265,14.69234,0.0],[-17.44266,14.69208,0.0],[-17.44266,14.69141,0.0],[-17.44261,14.69093,0.0],[-17.44226,14.68945,0.0],[-17.44222,14.68929,0.0],[-17.44214,14.68895,0.0],[-17.44181,14.6876,0.0],[-17.44174,14.68731,0.0],[-17.44145,14.68614,0.0],[-17.44141,14.68597,0.0],[-17.44127,14.68541,0.0],[-17.44115,14.68506,0.0],[-17.441,14.68464,0.0],[-17.44098,14.6846,0.0],[-17.44093,14.68447,0.0],[-17.44089,14.68439,0.0],[-17.44086,14.68431,0.0],[-17.44078,14.68415,0.0],[-17.44071,14.68402,0.0],[-17.44069,14.68398,0.0],[-17.44063,14.68387,0.0],[-17.44048,14.68363,0.0],[-17.44032,14.68338,0.0],[-17.44023,14.68325,0.0],[-17.43978,14.68259,0.0],[-17.43973,14.68251,0.0]]]]}},{"type":"Feature","properties":{"uesi_id":"SEN_R12982139","nbhd_code":"SEN_R12982139_9","nbhd_name":"Plateau"},"geometry":{"type":"MultiPolygon","coordinates":[[[[-17.4334,14.68458,0.0],[-17.4332,14.68458,0.0],[-17.4332,14.68486,0.0],[-17.43292,14.68486,0.0],[-17.43292,14.68541,0.0],[-17.43264,14.68541,0.0],[-17.43264,14.68569,0.0],[-17.43236,14.68569,0.0],[-17.43236,14.68624,0.0],[-17.43209,14.68624,0.0],[-17.43209,14.6868,0.0],[-17.43097,14.6868,0.0],[-17.43098,14.68652,0.0],[-17.4307,14.68652,0.0],[-17.4307,14.68597,0.0],[-17.43042,14.68596,0.0],[-17.43042,14.68569,0.0],[-17.43014,14.68569,0.0],[-17.43014,14.68541,0.0],[-17.42986,14.68541,0.0],[-17.42986,14.68458,0.0],[-17.42958,14.68458,0.0],[-17.42958,14.68374,0.0],[-17.42931,14.68374,0.0],[-17.42931,14.68347,0.0],[-17.42952,14.68346,0.0],[-17.42946,14.68334,0.0],[-17.42946,14.68329,0.0],[-17.42958,14.68317,0.0],[-17.42958,14.68235,0.0],[-17.42986,14.68235,0.0],[-17.42986,14.68208,0.0],[-17.43014,14.68208,0.0],[-17.43014,14.68235,0.0],[-17.43098,14.68235,0.0],[-17.43097,14.68263,0.0],[-17.43153,14.68263,0.0],[-17.43153,14.68235,0.0],[-17.43209,14.68235,0.0],[-17.43209,14.68152,0.0],[-17.43236,14.68152,0.0],[-17.43236,14.68124,0.0],[-17.43209,14.68124,0.0],[-17.43209,14.68095,0.0],[-17.43153,14.68097,0.0],[-17.43153,14.68041,0.0],[-17.43125,14.68041,0.0],[-17.43125,14.68013,0.0],[-17.42931,14.68013,0.0],[-17.42931,14.68041,0.0],[-17.42903,14.68041,0.0],[-17.42903,14.68013,0.0],[-17.42847,14.68013,0.0],[-17.42848,14.67846,0.0],[-17.4282,14.67846,0.0],[-17.4282,14.67819,0.0],[-17.42792,14.67819,0.0],[-17.42792,14.67791,0.0],[-17.42681,14.67791,0.0],[-17.42681,14.67763,0.0],[-17.42598,14.67763,0.0],[-17.42598,14.67708,0.0],[-17.42625,14.67708,0.0],[-17.42625,14.67569,0.0],[-17.42653,14.67569,0.0],[-17.42659,14.67538,0.0],[-17.42681,14.67541,0.0],[-17.42681,14.67458,0.0],[-17.42653,14.67458,0.0],[-17.42653,14.6743,0.0],[-17.42602,14.6743,0.0],[-17.42598,14.67402,0.0],[-17.4259,14.67402,0.0],[-17.42572,14.67402,0.0],[-17.4257,14.6741,0.0],[-17.4257,14.6743,0.0],[-17.42562,14.6743,0.0],[-17.42505,14.67587,0.0],[-17.42459,14.67571,0.0],[-17.42459,14.67624,0.0],[-17.42431,14.67624,0.0],[-17.42431,14.67596,0.0],[-17.42375,14.67596,0.0],[-17.42375,14.67569,0.0],[-17.42348,14.67569,0.0],[-17.42348,14.67541,0.0],[-17.42153,14.67541,0.0],[-17.42153,14.67569,0.0],[-17.42097,14.67569,0.0],[-17.42097,14.67541,0.0],[-17.4207,14.67541,0.0],[-17.4207,14.67485,0.0],[-17.42042,14.67485,0.0],[-17.42042,14.67457,0.0],[-17.4207,14.67457,0.0],[-17.4207,14.67402,0.0],[-17.42097,14.67402,0.0],[-17.42097,14.67263,0.0],[-17.42125,14.67263,0.0],[-17.42125,14.67096,0.0],[-17.42097,14.67096,0.0],[-17.42097,14.66958,0.0],[-17.42125,14.66958,0.0],[-17.42125,14.6693,0.0],[-17.42364,14.6693,0.0],[-17.42385,14.66917,0.0],[-17.42402,14.66908,0.0],[-17.42429,14.66908,0.0],[-17.42454,14.66899,0.0],[-17.42489,14.66879,0.0],[-17.42513,14.6687,0.0],[-17.4256,14.66857,0.0],[-17.42583,14.66852,0.0],[-17.42607,14.66842,0.0],[-17.42614,14.66842,0.0],[-17.42625,14.66826,0.0],[-17.42625,14.66819,0.0],[-17.42633,14.66819,0.0],[-17.42643,14.66813,0.0],[-17.42653,14.66811,0.0],[-17.42653,14.66791,0.0],[-17.42681,14.66791,0.0],[-17.42681,14.66763,0.0],[-17.42709,14.66763,0.0],[-17.42709,14.66735,0.0],[-17.42764,14.66735,0.0],[-17.42764,14.66708,0.0],[-17.42931,14.66708,0.0],[-17.42931,14.6668,0.0],[-17.42958,14.6668,0.0],[-17.42958,14.66652,0.0],[-17.42986,14.66652,0.0],[-17.42986,14.66624,0.0],[-17.43014,14.66624,0.0],[-17.43014,14.66597,0.0],[-17.43042,14.66597,0.0],[-17.43042,14.66569,0.0],[-17.4307,14.66569,0.0],[-17.4307,14.66541,0.0],[-17.43097,14.66541,0.0],[-17.43097,14.665,0.0],[-17.43097,14.66496,0.0],[-17.43097,14.66485,0.0],[-17.43121,14.66485,0.0],[-17.43125,14.66483,0.0],[-17.43125,14.6643,0.0],[-17.43143,14.6643,0.0],[-17.43147,14.6639,0.0],[-17.43145,14.66372,0.0],[-17.4315,14.66353,0.0],[-17.43153,14.66341,0.0],[-17.43153,14.66291,0.0],[-17.43168,14.66291,0.0],[-17.43176,14.66263,0.0],[-17.43153,14.66263,0.0],[-17.43153,14.66152,0.0],[-17.43181,14.66152,0.0],[-17.43181,14.65986,0.0],[-17.43292,14.65985,0.0],[-17.43292,14.65958,0.0],[-17.43347,14.65958,0.0],[-17.43347,14.65894,0.0],[-17.4334,14.65888,0.0],[-17.43333,14.65877,0.0],[-17.4333,14.65865,0.0],[-17.43328,14.65856,0.0],[-17.43327,14.6584,0.0],[-17.43327,14.65825,0.0],[-17.43329,14.65808,0.0],[-17.43333,14.6579,0.0],[-17.43348,14.65771,0.0],[-17.43359,14.65756,0.0],[-17.43361,14.65738,0.0],[-17.43347,14.65736,0.0],[-17.43347,14.65652,0.0],[-17.4332,14.65652,0.0],[-17.4332,14.65597,0.0],[-17.43292,14.65597,0.0],[-17.43292,14.65541,0.0],[-17.43236,14.65541,0.0],[-17.43236,14.65513,0.0],[-17.43042,14.65513,0.0],[-17.43042,14.65291,0.0],[-17.4307,14.65291,0.0],[-17.4307,14.6518,0.0],[-17.43042,14.6518,0.0],[-17.43042,14.65152,0.0],[-17.43014,14.65152,0.0],[-17.43014,14.65124,0.0],[-17.42986,14.65124,0.0],[-17.42986,14.65096,0.0],[-17.42958,14.65096,0.0],[-17.42958,14.65069,0.0],[-17.42986,14.65069,0.0],[-17.42986,14.65013,0.0],[-17.43014,14.65013,0.0],[-17.43014,14.64958,0.0],[-17.43042,14.64958,0.0],[-17.43042,14.64902,0.0],[-17.4307,14.64902,0.0],[-17.4307,14.64847,0.0],[-17.43098,14.64847,0.0],[-17.43097,14.64819,0.0],[-17.43125,14.64819,0.0],[-17.43125,14.64763,0.0],[-17.43153,14.64763,0.0],[-17.43153,14.64708,0.0],[-17.43181,14.64708,0.0],[-17.43181,14.64652,0.0],[-17.43209,14.64652,0.0],[-17.43209,14.64624,0.0],[-17.43347,14.64624,0.0],[-17.43347,14.6468,0.0],[-17.43375,14.6468,0.0],[-17.43375,14.64708,0.0],[-17.43458,14.64708,0.0],[-17.43459,14.6468,0.0],[-17.43514,14.6468,0.0],[-17.43514,14.64847,0.0],[-17.43542,14.64847,0.0],[-17.43542,14.65203,0.0],[-17.43547,14.65208,0.0],[-17.43569,14.65208,0.0],[-17.43569,14.65249,0.0],[-17.43625,14.6536,0.0],[-17.43677,14.65462,0.0],[-17.43711,14.65503,0.0],[-17.43719,14.65513,0.0],[-17.43736,14.65513,0.0],[-17.43736,14.65534,0.0],[-17.43742,14.65541,0.0],[-17.43764,14.65541,0.0],[-17.43764,14.65559,0.0],[-17.43777,14.65569,0.0],[-17.4382,14.65569,0.0],[-17.4382,14.65597,0.0],[-17.43847,14.65597,0.0],[-17.43849,14.6562,0.0],[-17.43856,14.65624,0.0],[-17.43903,14.65624,0.0],[-17.43903,14.65632,0.0],[-17.43922,14.65647,0.0],[-17.43929,14.65652,0.0],[-17.43958,14.65652,0.0],[-17.43958,14.65672,0.0],[-17.4398,14.6568,0.0],[-17.44014,14.6568,0.0],[-17.44014,14.65702,0.0],[-17.44022,14.65708,0.0],[-17.4407,14.65708,0.0],[-17.4407,14.65736,0.0],[-17.44097,14.65736,0.0],[-17.44097,14.65763,0.0],[-17.44153,14.65763,0.0],[-17.44153,14.65791,0.0],[-17.44209,14.65791,0.0],[-17.44209,14.65819,0.0],[-17.44236,14.65819,0.0],[-17.44236,14.65847,0.0],[-17.44264,14.65847,0.0],[-17.44264,14.65874,0.0],[-17.44292,14.65874,0.0],[-17.44292,14.65902,0.0],[-17.4432,14.65902,0.0],[-17.4432,14.6593,0.0],[-17.44347,14.6593,0.0],[-17.44347,14.65958,0.0],[-17.44403,14.65958,0.0],[-17.44403,14.65986,0.0],[-17.44431,14.65986,0.0],[-17.44431,14.66069,0.0],[-17.44403,14.66069,0.0],[-17.44403,14.6618,0.0],[-17.44375,14.6618,0.0],[-17.44375,14.66263,0.0],[-17.44347,14.66263,0.0],[-17.44347,14.66319,0.0],[-17.4432,14.66319,0.0],[-17.4432,14.66347,0.0],[-17.44347,14.66347,0.0],[-17.44347,14.66374,0.0],[-17.4432,14.66374,0.0],[-17.4432,14.6643,0.0],[-17.44301,14.6643,0.0],[-17.44308,14.6645,0.0],[-17.44308,14.66474,0.0],[-17.44308,14.66504,0.0],[-17.44309,14.66513,0.0],[-17.4432,14.66513,0.0],[-17.4432,14.66555,0.0],[-17.4433,14.66568,0.0],[-17.44337,14.66589,0.0],[-17.44351,14.66627,0.0],[-17.44361,14.66645,0.0],[-17.44373,14.66663,0.0],[-17.444,14.667,0.0],[-17.44409,14.66708,0.0],[-17.44431,14.66708,0.0],[-17.44431,14.66728,0.0],[-17.44433,14.6673,0.0],[-17.44435,14.66735,0.0],[-17.44486,14.66735,0.0],[-17.44486,14.66763,0.0],[-17.445,14.6676,0.0],[-17.44514,14.6676,0.0],[-17.44528,14.66767,0.0],[-17.44536,14.66778,0.0],[-17.44548,14.66779,0.0],[-17.44556,14.66787,0.0],[-17.44558,14.66791,0.0],[-17.44597,14.66791,0.0],[-17.44597,14.66858,0.0],[-17.44597,14.66864,0.0],[-17.44598,14.66912,0.0],[-17.44604,14.66918,0.0],[-17.4461,14.66925,0.0],[-17.44621,14.66933,0.0],[-17.44631,14.66945,0.0],[-17.44639,14.66965,0.0],[-17.44647,14.66974,0.0],[-17.44659,14.66997,0.0],[-17.4466,14.67008,0.0],[-17.44666,14.67021,0.0],[-17.44675,14.67034,0.0],[-17.44682,14.6704,0.0],[-17.44703,14.6706,0.0],[-17.44729,14.67089,0.0],[-17.44746,14.6711,0.0],[-17.44765,14.67126,0.0],[-17.44792,14.67158,0.0],[-17.4481,14.67171,0.0],[-17.44845,14.67187,0.0],[-17.44879,14.67208,0.0],[-17.44903,14.67208,0.0],[-17.44903,14.67227,0.0],[-17.44912,14.67235,0.0],[-17.45008,14.67235,0.0],[-17.45006,14.67298,0.0],[-17.45007,14.67303,0.0],[-17.45003,14.67341,0.0],[-17.44991,14.67367,0.0],[-17.44988,14.67369,0.0],[-17.44913,14.67434,0.0],[-17.44908,14.67438,0.0],[-17.44828,14.67506,0.0],[-17.44742,14.6758,0.0],[-17.4466,14.67653,0.0],[-17.4464,14.6767,0.0],[-17.44577,14.67726,0.0],[-17.44313,14.67964,0.0],[-17.44309,14.67967,0.0],[-17.44298,14.67977,0.0],[-17.44108,14.68142,0.0],[-17.44059,14.68182,0.0],[-17.43997,14.68231,0.0],[-17.43973,14.68251,0.0],[-17.43943,14.68278,0.0],[-17.43849,14.68361,0.0],[-17.43799,14.68429,0.0],[-17.43792,14.68437,0.0],[-17.43784,14.68447,0.0],[-17.43779,14.68456,0.0],[-17.4377,14.68474,0.0],[-17.43414,14.68359,0.0],[-17.43401,14.68371,0.0],[-17.43395,14.68379,0.0],[-17.4334,14.68458,0.0]]]]}},{"type":"Feature","properties":{"uesi_id":"SEN_R12982139","nbhd_code":"SEN_R12982139_10","nbhd_name":"Biscuiterie"},"geometry":{"type":"MultiPolygon","coordinates":[[[[-17.44707,14.70204,0.0],[-17.44774,14.70228,0.0],[-17.4496,14.703,0.0],[-17.44989,14.70312,0.0],[-17.45011,14.70321,0.0],[-17.45038,14.70336,0.0],[-17.45041,14.70339,0.0],[-17.45106,14.70388,0.0],[-17.45146,14.70418,0.0],[-17.45165,14.70426,0.0],[-17.45173,14.70459,0.0],[-17.45176,14.70466,0.0],[-17.45182,14.70483,0.0],[-17.45189,14.70506,0.0],[-17.45196,14.70526,0.0],[-17.45203,14.70546,0.0],[-17.4521,14.70565,0.0],[-17.45219,14.70591,0.0],[-17.45227,14.70615,0.0],[-17.45232,14.70629,0.0],[-17.45239,14.70649,0.0],[-17.45247,14.70672,0.0],[-17.45254,14.70692,0.0],[-17.45261,14.70713,0.0],[-17.45268,14.70732,0.0],[-17.45275,14.70754,0.0],[-17.4529,14.70797,0.0],[-17.45305,14.70842,0.0],[-17.45321,14.70888,0.0],[-17.45327,14.70906,0.0],[-17.45335,14.7093,0.0],[-17.45341,14.70948,0.0],[-17.4535,14.70973,0.0],[-17.45356,14.70991,0.0],[-17.45364,14.71014,0.0],[-17.45369,14.71031,0.0],[-17.45377,14.71054,0.0],[-17.45383,14.71073,0.0],[-17.45391,14.71095,0.0],[-17.45392,14.71098,0.0],[-17.45397,14.71113,0.0],[-17.45404,14.71136,0.0],[-17.45412,14.71158,0.0],[-17.45419,14.71178,0.0],[-17.45433,14.7122,0.0],[-17.45438,14.71235,0.0],[-17.45469,14.71329,0.0],[-17.45452,14.71349,0.0],[-17.45424,14.71379,0.0],[-17.45391,14.71416,0.0],[-17.45358,14.71454,0.0],[-17.45348,14.71465,0.0],[-17.45345,14.71468,0.0],[-17.4529,14.71531,0.0],[-17.45288,14.71534,0.0],[-17.45197,14.71637,0.0],[-17.45194,14.71641,0.0],[-17.45142,14.71701,0.0],[-17.45048,14.71808,0.0],[-17.44949,14.71924,0.0],[-17.44942,14.71932,0.0],[-17.44792,14.72108,0.0],[-17.4478,14.7212,0.0],[-17.44774,14.72115,0.0],[-17.44748,14.72093,0.0],[-17.44745,14.7209,0.0],[-17.4473,14.72072,0.0],[-17.44695,14.72029,0.0],[-17.44682,14.72011,0.0],[-17.44671,14.71996,0.0],[-17.44669,14.71991,0.0],[-17.44648,14.7195,0.0],[-17.44644,14.71939,0.0],[-17.44624,14.71882,0.0],[-17.44608,14.71811,0.0],[-17.44606,14.71766,0.0],[-17.44604,14.71721,0.0],[-17.44605,14.71699,0.0],[-17.4461,14.71604,0.0],[-17.44611,14.71586,0.0],[-17.44618,14.71491,0.0],[-17.44625,14.71385,0.0],[-17.4463,14.71317,0.0],[-17.4463,14.71312,0.0],[-17.44631,14.71308,0.0],[-17.44636,14.71237,0.0],[-17.44638,14.712,0.0],[-17.44639,14.71197,0.0],[-17.44642,14.7115,0.0],[-17.44643,14.71144,0.0],[-17.44652,14.71017,0.0],[-17.44654,14.7101,0.0],[-17.44655,14.71004,0.0],[-17.44667,14.70806,0.0],[-17.44671,14.70739,0.0],[-17.44674,14.70696,0.0],[-17.44681,14.70587,0.0],[-17.44682,14.70572,0.0],[-17.44688,14.7047,0.0],[-17.44689,14.70467,0.0],[-17.44691,14.70424,0.0],[-17.44693,14.70393,0.0],[-17.44707,14.70204,0.0]]]]}},{"type":"Feature","properties":{"uesi_id":"SEN_R12982139","nbhd_code":"SEN_R12982139_11","nbhd_name":"Dieuppeul Derkle"},"geometry":{"type":"MultiPolygon","coordinates":[[[[-17.4478,14.7212,0.0],[-17.44792,14.72108,0.0],[-17.44942,14.71932,0.0],[-17.44949,14.71924,0.0],[-17.45048,14.71808,0.0],[-17.45142,14.71701,0.0],[-17.45156,14.71697,0.0],[-17.45193,14.71691,0.0],[-17.45226,14.71691,0.0],[-17.45305,14.717,0.0],[-17.45363,14.71708,0.0],[-17.45399,14.7171,0.0],[-17.45435,14.71712,0.0],[-17.45502,14.71719,0.0],[-17.45507,14.7172,0.0],[-17.45527,14.71722,0.0],[-17.45546,14.71723,0.0],[-17.45572,14.71723,0.0],[-17.45581,14.71722,0.0],[-17.45605,14.71718,0.0],[-17.45621,14.71765,0.0],[-17.45667,14.71897,0.0],[-17.45712,14.72034,0.0],[-17.45731,14.72089,0.0],[-17.45786,14.72255,0.0],[-17.45805,14.72311,0.0],[-17.45867,14.72278,0.0],[-17.46022,14.72414,0.0],[-17.46072,14.72457,0.0],[-17.46043,14.72492,0.0],[-17.4601,14.72528,0.0],[-17.45916,14.72634,0.0],[-17.45878,14.72677,0.0],[-17.45844,14.72715,0.0],[-17.4582,14.72744,0.0],[-17.45743,14.72834,0.0],[-17.45727,14.72858,0.0],[-17.45724,14.72862,0.0],[-17.45646,14.72851,0.0],[-17.45543,14.72835,0.0],[-17.45456,14.72822,0.0],[-17.45422,14.72816,0.0],[-17.45379,14.7281,0.0],[-17.45238,14.72792,0.0],[-17.45099,14.72773,0.0],[-17.44979,14.72757,0.0],[-17.44943,14.72752,0.0],[-17.44882,14.72744,0.0],[-17.44796,14.72733,0.0],[-17.44727,14.72722,0.0],[-17.44675,14.72715,0.0],[-17.44659,14.72712,0.0],[-17.44477,14.72687,0.0],[-17.44435,14.72681,0.0],[-17.44419,14.72678,0.0],[-17.44471,14.72603,0.0],[-17.44509,14.72536,0.0],[-17.44549,14.72465,0.0],[-17.44562,14.72441,0.0],[-17.44606,14.72364,0.0],[-17.44636,14.7231,0.0],[-17.4466,14.72266,0.0],[-17.44702,14.72212,0.0],[-17.44733,14.72176,0.0],[-17.44749,14.72156,0.0],[-17.44758,14.72146,0.0],[-17.4478,14.7212,0.0]]]]}},{"type":"Feature","properties":{"uesi_id":"SEN_R12982139","nbhd_code":"SEN_R12982139_12","nbhd_name":"Grand Dakar"},"geometry":{"type":"MultiPolygon","coordinates":[[[[-17.44729,14.69826,0.0],[-17.44799,14.69839,0.0],[-17.44863,14.69843,0.0],[-17.44867,14.69843,0.0],[-17.44902,14.69845,0.0],[-17.44956,14.69835,0.0],[-17.44986,14.69823,0.0],[-17.44996,14.69818,0.0],[-17.45041,14.69793,0.0],[-17.45102,14.69738,0.0],[-17.45141,14.69698,0.0],[-17.45395,14.70001,0.0],[-17.454,14.70007,0.0],[-17.4548,14.70099,0.0],[-17.45558,14.70187,0.0],[-17.45562,14.70192,0.0],[-17.45573,14.70205,0.0],[-17.45637,14.70283,0.0],[-17.45677,14.7033,0.0],[-17.4569,14.70345,0.0],[-17.45704,14.70361,0.0],[-17.45729,14.70391,0.0],[-17.45731,14.70393,0.0],[-17.45753,14.7042,0.0],[-17.45756,14.70422,0.0],[-17.45767,14.70436,0.0],[-17.45781,14.70452,0.0],[-17.45803,14.70478,0.0],[-17.45828,14.70508,0.0],[-17.45853,14.70537,0.0],[-17.45878,14.70566,0.0],[-17.45885,14.70575,0.0],[-17.45958,14.70661,0.0],[-17.45963,14.70666,0.0],[-17.45972,14.70677,0.0],[-17.45979,14.70685,0.0],[-17.46007,14.70718,0.0],[-17.45852,14.70894,0.0],[-17.45818,14.70932,0.0],[-17.45795,14.70959,0.0],[-17.45713,14.71055,0.0],[-17.45692,14.71077,0.0],[-17.45679,14.71093,0.0],[-17.45577,14.71208,0.0],[-17.45575,14.7121,0.0],[-17.45483,14.71314,0.0],[-17.45469,14.71329,0.0],[-17.45438,14.71235,0.0],[-17.45433,14.7122,0.0],[-17.45419,14.71178,0.0],[-17.45412,14.71158,0.0],[-17.45404,14.71136,0.0],[-17.45397,14.71113,0.0],[-17.45392,14.71098,0.0],[-17.45391,14.71095,0.0],[-17.45383,14.71073,0.0],[-17.45377,14.71054,0.0],[-17.45369,14.71031,0.0],[-17.45364,14.71014,0.0],[-17.45356,14.70991,0.0],[-17.4535,14.70973,0.0],[-17.45341,14.70948,0.0],[-17.45335,14.7093,0.0],[-17.45327,14.70906,0.0],[-17.45321,14.70888,0.0],[-17.45305,14.70842,0.0],[-17.4529,14.70797,0.0],[-17.45275,14.70754,0.0],[-17.45268,14.70732,0.0],[-17.45261,14.70713,0.0],[-17.45254,14.70692,0.0],[-17.45247,14.70672,0.0],[-17.45239,14.70649,0.0],[-17.45232,14.70629,0.0],[-17.45227,14.70615,0.0],[-17.45219,14.70591,0.0],[-17.4521,14.70565,0.0],[-17.45203,14.70546,0.0],[-17.45196,14.70526,0.0],[-17.45189,14.70506,0.0],[-17.45182,14.70483,0.0],[-17.45176,14.70466,0.0],[-17.45173,14.70459,0.0],[-17.45165,14.70426,0.0],[-17.45146,14.70418,0.0],[-17.45106,14.70388,0.0],[-17.45041,14.70339,0.0],[-17.45038,14.70336,0.0],[-17.45011,14.70321,0.0],[-17.44989,14.70312,0.0],[-17.4496,14.703,0.0],[-17.44774,14.70228,0.0],[-17.44707,14.70204,0.0],[-17.44716,14.7006,0.0],[-17.44723,14.69928,0.0],[-17.44729,14.69826,0.0]]]]}},{"type":"Feature","properties":{"uesi_id":"SEN_R12982139","nbhd_code":"SEN_R12982139_13","nbhd_name":"Hann/ Bel Air"},"geometry":{"type":"MultiPolygon","coordinates":[[[[-17.4334,14.68458,0.0],[-17.43395,14.68379,0.0],[-17.43401,14.68371,0.0],[-17.43414,14.68359,0.0],[-17.4377,14.68474,0.0],[-17.43779,14.68456,0.0],[-17.43784,14.68447,0.0],[-17.43792,14.68437,0.0],[-17.43799,14.68429,0.0],[-17.43849,14.68361,0.0],[-17.43943,14.68278,0.0],[-17.43973,14.68251,0.0],[-17.43978,14.68259,0.0],[-17.44023,14.68325,0.0],[-17.44032,14.68338,0.0],[-17.44048,14.68363,0.0],[-17.44063,14.68387,0.0],[-17.44069,14.68398,0.0],[-17.44071,14.68402,0.0],[-17.44078,14.68415,0.0],[-17.44086,14.68431,0.0],[-17.44089,14.68439,0.0],[-17.44093,14.68447,0.0],[-17.44098,14.6846,0.0],[-17.441,14.68464,0.0],[-17.44115,14.68506,0.0],[-17.44127,14.68541,0.0],[-17.44141,14.68597,0.0],[-17.44145,14.68614,0.0],[-17.44174,14.68731,0.0],[-17.44181,14.6876,0.0],[-17.44214,14.68895,0.0],[-17.44222,14.68929,0.0],[-17.44226,14.68945,0.0],[-17.44261,14.69093,0.0],[-17.44266,14.69141,0.0],[-17.44266,14.69208,0.0],[-17.44265,14.69234,0.0],[-17.44263,14.69257,0.0],[-17.44252,14.6942,0.0],[-17.44244,14.69526,0.0],[-17.44242,14.69543,0.0],[-17.44236,14.69579,0.0],[-17.44217,14.69797,0.0],[-17.44217,14.69866,0.0],[-17.44206,14.70133,0.0],[-17.44204,14.70172,0.0],[-17.44181,14.70537,0.0],[-17.44149,14.70989,0.0],[-17.44136,14.71202,0.0],[-17.44124,14.71416,0.0],[-17.44107,14.71656,0.0],[-17.44094,14.71843,0.0],[-17.44094,14.71847,0.0],[-17.44073,14.72075,0.0],[-17.44066,14.72194,0.0],[-17.44054,14.72414,0.0],[-17.44053,14.72431,0.0],[-17.44048,14.72546,0.0],[-17.44043,14.72601,0.0],[-17.44035,14.72735,0.0],[-17.4403,14.72813,0.0],[-17.44012,14.73075,0.0],[-17.44012,14.7308,0.0],[-17.44,14.73249,0.0],[-17.43999,14.73265,0.0],[-17.43993,14.73374,0.0],[-17.43993,14.73383,0.0],[-17.43986,14.73505,0.0],[-17.43985,14.73515,0.0],[-17.43983,14.73552,0.0],[-17.4398,14.73599,0.0],[-17.43975,14.73677,0.0],[-17.43974,14.73684,0.0],[-17.43963,14.73779,0.0],[-17.43957,14.73809,0.0],[-17.43953,14.73822,0.0],[-17.43937,14.73884,0.0],[-17.43912,14.73942,0.0],[-17.43879,14.74001,0.0],[-17.43854,14.74042,0.0],[-17.43843,14.74062,0.0],[-17.4381,14.74094,0.0],[-17.43754,14.74149,0.0],[-17.43742,14.74158,0.0],[-17.43631,14.74221,0.0],[-17.43439,14.74268,0.0],[-17.43416,14.74272,0.0],[-17.43409,14.74274,0.0],[-17.43061,14.7435,0.0],[-17.42921,14.74383,0.0],[-17.42703,14.74434,0.0],[-17.42625,14.74453,0.0],[-17.42462,14.74497,0.0],[-17.42451,14.74501,0.0],[-17.42449,14.74475,0.0],[-17.42448,14.7447,0.0],[-17.42445,14.74449,0.0],[-17.4244,14.74435,0.0],[-17.42419,14.74418,0.0],[-17.42387,14.744,0.0],[-17.42361,14.7439,0.0],[-17.42328,14.74377,0.0],[-17.42228,14.74033,0.0],[-17.42116,14.73559,0.0],[-17.42112,14.73542,0.0],[-17.421,14.73503,0.0],[-17.42068,14.7344,0.0],[-17.42028,14.73368,0.0],[-17.42018,14.73348,0.0],[-17.42003,14.73321,0.0],[-17.4199,14.73329,0.0],[-17.41945,14.73356,0.0],[-17.41886,14.73393,0.0],[-17.41848,14.73417,0.0],[-17.41717,14.73498,0.0],[-17.41701,14.73508,0.0],[-17.41591,14.73571,0.0],[-17.41587,14.73574,0.0],[-17.4157,14.73584,0.0],[-17.41516,14.7362,0.0],[-17.41446,14.73658,0.0],[-17.41442,14.73652,0.0],[-17.41437,14.73638,0.0],[-17.41399,14.73547,0.0],[-17.4139,14.73522,0.0],[-17.41376,14.73485,0.0],[-17.41362,14.73451,0.0],[-17.41357,14.73439,0.0],[-17.41331,14.73355,0.0],[-17.41352,14.73347,0.0],[-17.41375,14.73339,0.0],[-17.41375,14.73319,0.0],[-17.41432,14.73319,0.0],[-17.41477,14.73307,0.0],[-17.41549,14.73276,0.0],[-17.41595,14.73255,0.0],[-17.41597,14.73208,0.0],[-17.41693,14.73208,0.0],[-17.41708,14.732,0.0],[-17.41708,14.7318,0.0],[-17.41743,14.7318,0.0],[-17.41751,14.73175,0.0],[-17.41764,14.73169,0.0],[-17.41764,14.73153,0.0],[-17.41798,14.73153,0.0],[-17.41819,14.73143,0.0],[-17.41819,14.73125,0.0],[-17.41847,14.73125,0.0],[-17.41847,14.73097,0.0],[-17.41875,14.73097,0.0],[-17.41875,14.7307,0.0],[-17.41903,14.7307,0.0],[-17.41903,14.73042,0.0],[-17.41986,14.73042,0.0],[-17.41986,14.73014,0.0],[-17.42024,14.73014,0.0],[-17.42042,14.73003,0.0],[-17.42042,14.72986,0.0],[-17.42068,14.72986,0.0],[-17.42069,14.72958,0.0],[-17.42112,14.72958,0.0],[-17.42118,14.72955,0.0],[-17.42125,14.7295,0.0],[-17.42125,14.72931,0.0],[-17.42151,14.72931,0.0],[-17.42153,14.72903,0.0],[-17.42195,14.72903,0.0],[-17.42208,14.72894,0.0],[-17.42208,14.72875,0.0],[-17.42236,14.72875,0.0],[-17.42236,14.72847,0.0],[-17.42278,14.72847,0.0],[-17.42289,14.72839,0.0],[-17.42292,14.72837,0.0],[-17.42292,14.7282,0.0],[-17.42317,14.7282,0.0],[-17.4232,14.72817,0.0],[-17.42324,14.72791,0.0],[-17.4235,14.72791,0.0],[-17.42373,14.72773,0.0],[-17.42375,14.72771,0.0],[-17.42375,14.72763,0.0],[-17.42385,14.72763,0.0],[-17.42396,14.72753,0.0],[-17.42403,14.72747,0.0],[-17.42403,14.72735,0.0],[-17.42417,14.72735,0.0],[-17.42428,14.72726,0.0],[-17.42441,14.72715,0.0],[-17.42487,14.7268,0.0],[-17.42496,14.72673,0.0],[-17.42514,14.72654,0.0],[-17.42516,14.72652,0.0],[-17.42533,14.72633,0.0],[-17.42542,14.72627,0.0],[-17.42542,14.72596,0.0],[-17.4257,14.72596,0.0],[-17.4257,14.72569,0.0],[-17.4259,14.72569,0.0],[-17.42597,14.72557,0.0],[-17.42597,14.72541,0.0],[-17.42608,14.72541,0.0],[-17.42625,14.72511,0.0],[-17.42625,14.72485,0.0],[-17.42641,14.72485,0.0],[-17.42646,14.72478,0.0],[-17.42653,14.72473,0.0],[-17.42653,14.72457,0.0],[-17.42669,14.72457,0.0],[-17.42679,14.72445,0.0],[-17.42681,14.72443,0.0],[-17.42681,14.72402,0.0],[-17.42709,14.72402,0.0],[-17.42709,14.72374,0.0],[-17.42736,14.72374,0.0],[-17.42736,14.72318,0.0],[-17.42764,14.72319,0.0],[-17.42764,14.72291,0.0],[-17.42792,14.72291,0.0],[-17.42792,14.72235,0.0],[-17.4282,14.72235,0.0],[-17.4282,14.72207,0.0],[-17.42847,14.72207,0.0],[-17.42847,14.72152,0.0],[-17.42903,14.72152,0.0],[-17.42903,14.72096,0.0],[-17.42931,14.72096,0.0],[-17.42931,14.72069,0.0],[-17.42958,14.72069,0.0],[-17.42958,14.72013,0.0],[-17.42979,14.72013,0.0],[-17.42985,14.7198,0.0],[-17.42986,14.71846,0.0],[-17.43014,14.71846,0.0],[-17.43014,14.71819,0.0],[-17.4304,14.71819,0.0],[-17.43042,14.71809,0.0],[-17.43042,14.71707,0.0],[-17.43059,14.71707,0.0],[-17.4307,14.71646,0.0],[-17.4307,14.71568,0.0],[-17.43082,14.71568,0.0],[-17.43089,14.71525,0.0],[-17.4309,14.71457,0.0],[-17.4307,14.71457,0.0],[-17.4307,14.71319,0.0],[-17.43042,14.71319,0.0],[-17.43042,14.7116,0.0],[-17.43039,14.71154,0.0],[-17.43014,14.71152,0.0],[-17.43014,14.71071,0.0],[-17.43003,14.71037,0.0],[-17.4299,14.71013,0.0],[-17.42986,14.71013,0.0],[-17.42986,14.71005,0.0],[-17.42966,14.70965,0.0],[-17.42905,14.70874,0.0],[-17.42903,14.70872,0.0],[-17.42881,14.70846,0.0],[-17.42875,14.70846,0.0],[-17.42875,14.7084,0.0],[-17.42856,14.70819,0.0],[-17.4282,14.70819,0.0],[-17.4282,14.70791,0.0],[-17.42803,14.70791,0.0],[-17.42773,14.70802,0.0],[-17.42765,14.70811,0.0],[-17.42756,14.70811,0.0],[-17.42735,14.70814,0.0],[-17.42731,14.70811,0.0],[-17.42722,14.70804,0.0],[-17.42717,14.70791,0.0],[-17.42764,14.70752,0.0],[-17.42764,14.70735,0.0],[-17.42736,14.70735,0.0],[-17.42736,14.70708,0.0],[-17.42616,14.70708,0.0],[-17.4257,14.70708,0.0],[-17.4257,14.70735,0.0],[-17.42459,14.70735,0.0],[-17.42459,14.70708,0.0],[-17.42431,14.70708,0.0],[-17.42431,14.70686,0.0],[-17.42422,14.7068,0.0],[-17.42403,14.7068,0.0],[-17.42403,14.70661,0.0],[-17.42395,14.70652,0.0],[-17.42348,14.70652,0.0],[-17.42348,14.70624,0.0],[-17.4232,14.70624,0.0],[-17.4232,14.70597,0.0],[-17.42125,14.70597,0.0],[-17.42125,14.70624,0.0],[-17.41994,14.70624,0.0],[-17.41986,14.70627,0.0],[-17.41986,14.70652,0.0],[-17.41932,14.70653,0.0],[-17.41924,14.70658,0.0],[-17.41917,14.70659,0.0],[-17.41911,14.70661,0.0],[-17.41905,14.70662,0.0],[-17.41897,14.70664,0.0],[-17.41888,14.70664,0.0],[-17.41881,14.70666,0.0],[-17.41873,14.70669,0.0],[-17.41866,14.70674,0.0],[-17.41862,14.70682,0.0],[-17.41858,14.70688,0.0],[-17.41854,14.70693,0.0],[-17.41849,14.70697,0.0],[-17.41844,14.707,0.0],[-17.41838,14.70703,0.0],[-17.41832,14.70707,0.0],[-17.41823,14.70712,0.0],[-17.41817,14.70715,0.0],[-17.41811,14.70717,0.0],[-17.41801,14.70717,0.0],[-17.41793,14.70717,0.0],[-17.41784,14.70718,0.0],[-17.41775,14.70717,0.0],[-17.41766,14.70715,0.0],[-17.41757,14.70712,0.0],[-17.41751,14.70708,0.0],[-17.41745,14.70702,0.0],[-17.41741,14.70698,0.0],[-17.41737,14.70693,0.0],[-17.41735,14.70685,0.0],[-17.41735,14.70676,0.0],[-17.41735,14.70669,0.0],[-17.41735,14.70661,0.0],[-17.41735,14.70655,0.0],[-17.41734,14.70646,0.0],[-17.41734,14.7064,0.0],[-17.41734,14.70633,0.0],[-17.41734,14.70626,0.0],[-17.41734,14.70619,0.0],[-17.41734,14.70609,0.0],[-17.41736,14.70602,0.0],[-17.41739,14.70597,0.0],[-17.41739,14.7059,0.0],[-17.4174,14.70578,0.0],[-17.41741,14.7057,0.0],[-17.41741,14.7056,0.0],[-17.41741,14.70552,0.0],[-17.41741,14.70545,0.0],[-17.4174,14.70537,0.0],[-17.41743,14.70527,0.0],[-17.41743,14.70518,0.0],[-17.41745,14.7051,0.0],[-17.41745,14.70503,0.0],[-17.41747,14.70492,0.0],[-17.41749,14.70482,0.0],[-17.41752,14.70472,0.0],[-17.41754,14.7046,0.0],[-17.41757,14.7045,0.0],[-17.41757,14.70442,0.0],[-17.41757,14.70433,0.0],[-17.41756,14.70423,0.0],[-17.41756,14.70412,0.0],[-17.41756,14.70405,0.0],[-17.41756,14.70402,0.0],[-17.41736,14.70402,0.0],[-17.41736,14.70323,0.0],[-17.41734,14.70319,0.0],[-17.41709,14.70319,0.0],[-17.41709,14.7021,0.0],[-17.41704,14.70203,0.0],[-17.41697,14.70194,0.0],[-17.41694,14.70187,0.0],[-17.41688,14.70178,0.0],[-17.41687,14.70168,0.0],[-17.41687,14.70159,0.0],[-17.41687,14.7015,0.0],[-17.41689,14.70142,0.0],[-17.41695,14.70135,0.0],[-17.41702,14.70129,0.0],[-17.41708,14.70125,0.0],[-17.41712,14.70121,0.0],[-17.4172,14.70119,0.0],[-17.4173,14.70116,0.0],[-17.41736,14.70114,0.0],[-17.41736,14.70096,0.0],[-17.4186,14.70096,0.0],[-17.41865,14.70095,0.0],[-17.41875,14.70093,0.0],[-17.41875,14.70068,0.0],[-17.41903,14.70068,0.0],[-17.41903,14.7009,0.0],[-17.41914,14.70088,0.0],[-17.4192,14.70087,0.0],[-17.41926,14.70087,0.0],[-17.41931,14.70086,0.0],[-17.41931,14.70068,0.0],[-17.41985,14.70068,0.0],[-17.41992,14.70066,0.0],[-17.41998,14.70065,0.0],[-17.42005,14.70063,0.0],[-17.42011,14.7006,0.0],[-17.42014,14.7006,0.0],[-17.42014,14.70041,0.0],[-17.4206,14.70041,0.0],[-17.42063,14.70038,0.0],[-17.42069,14.70036,0.0],[-17.42074,14.70032,0.0],[-17.42081,14.70026,0.0],[-17.42086,14.70023,0.0],[-17.42092,14.70019,0.0],[-17.42097,14.70019,0.0],[-17.42097,14.70013,0.0],[-17.42106,14.70013,0.0],[-17.42125,14.69992,0.0],[-17.42125,14.69985,0.0],[-17.42132,14.69985,0.0],[-17.42135,14.69983,0.0],[-17.4214,14.69978,0.0],[-17.42144,14.69975,0.0],[-17.42149,14.69969,0.0],[-17.42157,14.69962,0.0],[-17.42163,14.69957,0.0],[-17.4217,14.6995,0.0],[-17.42177,14.69944,0.0],[-17.42181,14.69939,0.0],[-17.42181,14.6993,0.0],[-17.42187,14.6993,0.0],[-17.42193,14.69921,0.0],[-17.42197,14.69915,0.0],[-17.42201,14.69909,0.0],[-17.42208,14.69902,0.0],[-17.42216,14.69894,0.0],[-17.42221,14.69887,0.0],[-17.42227,14.6988,0.0],[-17.4223,14.69873,0.0],[-17.42232,14.69867,0.0],[-17.42239,14.69857,0.0],[-17.42245,14.69851,0.0],[-17.42249,14.69846,0.0],[-17.42256,14.69843,0.0],[-17.42262,14.6984,0.0],[-17.42268,14.6984,0.0],[-17.42273,14.69838,0.0],[-17.42279,14.69836,0.0],[-17.42286,14.69835,0.0],[-17.42292,14.69833,0.0],[-17.42292,14.69791,0.0],[-17.4232,14.69791,0.0],[-17.4232,14.69707,0.0],[-17.42348,14.69707,0.0],[-17.42348,14.6968,0.0],[-17.42355,14.6968,0.0],[-17.42356,14.69675,0.0],[-17.42358,14.69666,0.0],[-17.42362,14.6966,0.0],[-17.42362,14.69653,0.0],[-17.42365,14.69645,0.0],[-17.42369,14.69637,0.0],[-17.42372,14.69632,0.0],[-17.42376,14.69625,0.0],[-17.42379,14.69618,0.0],[-17.42382,14.69612,0.0],[-17.42388,14.69604,0.0],[-17.42392,14.69596,0.0],[-17.42397,14.69589,0.0],[-17.424,14.69584,0.0],[-17.42403,14.69579,0.0],[-17.42406,14.69574,0.0],[-17.4241,14.69568,0.0],[-17.42414,14.69563,0.0],[-17.42417,14.69558,0.0],[-17.42421,14.69551,0.0],[-17.42428,14.69544,0.0],[-17.42433,14.69536,0.0],[-17.42438,14.69529,0.0],[-17.42444,14.69525,0.0],[-17.42447,14.69519,0.0],[-17.42451,14.69508,0.0],[-17.42451,14.69501,0.0],[-17.42451,14.69494,0.0],[-17.42451,14.69485,0.0],[-17.42447,14.69477,0.0],[-17.42442,14.69467,0.0],[-17.42438,14.69461,0.0],[-17.42435,14.69456,0.0],[-17.4243,14.6945,0.0],[-17.42428,14.69444,0.0],[-17.42423,14.69439,0.0],[-17.42421,14.69432,0.0],[-17.42418,14.69426,0.0],[-17.42414,14.69419,0.0],[-17.4241,14.69413,0.0],[-17.42407,14.69407,0.0],[-17.42402,14.69399,0.0],[-17.42397,14.69391,0.0],[-17.42393,14.69382,0.0],[-17.42388,14.69374,0.0],[-17.42383,14.69361,0.0],[-17.42381,14.69351,0.0],[-17.42377,14.69345,0.0],[-17.42374,14.69339,0.0],[-17.42371,14.69335,0.0],[-17.42368,14.69326,0.0],[-17.42365,14.69316,0.0],[-17.42363,14.69311,0.0],[-17.4236,14.69306,0.0],[-17.42353,14.69296,0.0],[-17.42346,14.69285,0.0],[-17.42339,14.69277,0.0],[-17.42318,14.69245,0.0],[-17.42314,14.69241,0.0],[-17.42309,14.69235,0.0],[-17.42304,14.69228,0.0],[-17.42298,14.69219,0.0],[-17.42291,14.69211,0.0],[-17.42288,14.69206,0.0],[-17.42283,14.692,0.0],[-17.42278,14.69194,0.0],[-17.42273,14.69187,0.0],[-17.4227,14.69181,0.0],[-17.42263,14.69176,0.0],[-17.42257,14.69167,0.0],[-17.42252,14.6916,0.0],[-17.42247,14.69153,0.0],[-17.42243,14.69147,0.0],[-17.4224,14.69139,0.0],[-17.42234,14.69131,0.0],[-17.42228,14.69124,0.0],[-17.42223,14.69119,0.0],[-17.4222,14.69114,0.0],[-17.42216,14.69108,0.0],[-17.42213,14.69102,0.0],[-17.4221,14.69096,0.0],[-17.42208,14.69089,0.0],[-17.42204,14.69079,0.0],[-17.422,14.6907,0.0],[-17.42195,14.6906,0.0],[-17.42191,14.69056,0.0],[-17.42188,14.6905,0.0],[-17.42188,14.69044,0.0],[-17.42188,14.69035,0.0],[-17.42188,14.69026,0.0],[-17.42188,14.69011,0.0],[-17.42188,14.68997,0.0],[-17.42188,14.6899,0.0],[-17.42189,14.68982,0.0],[-17.4219,14.68973,0.0],[-17.4219,14.68966,0.0],[-17.42192,14.6896,0.0],[-17.42195,14.68953,0.0],[-17.42194,14.68944,0.0],[-17.42199,14.68929,0.0],[-17.42204,14.68919,0.0],[-17.42205,14.68912,0.0],[-17.42206,14.68906,0.0],[-17.42207,14.68897,0.0],[-17.42209,14.6889,0.0],[-17.42208,14.68884,0.0],[-17.42208,14.68878,0.0],[-17.4221,14.68871,0.0],[-17.42211,14.68864,0.0],[-17.42211,14.68857,0.0],[-17.42213,14.6885,0.0],[-17.42213,14.68844,0.0],[-17.42213,14.68833,0.0],[-17.4222,14.68796,0.0],[-17.42214,14.68791,0.0],[-17.42181,14.68791,0.0],[-17.42181,14.68763,0.0],[-17.42153,14.68763,0.0],[-17.42153,14.68738,0.0],[-17.4215,14.68735,0.0],[-17.42125,14.68735,0.0],[-17.42125,14.68713,0.0],[-17.42118,14.68708,0.0],[-17.42097,14.68707,0.0],[-17.42097,14.68689,0.0],[-17.42055,14.68652,0.0],[-17.42042,14.68652,0.0],[-17.42042,14.68641,0.0],[-17.42023,14.68624,0.0],[-17.41986,14.68624,0.0],[-17.41986,14.68592,0.0],[-17.41959,14.68569,0.0],[-17.41957,14.68567,0.0],[-17.41959,14.68529,0.0],[-17.41959,14.68374,0.0],[-17.41931,14.68374,0.0],[-17.41931,14.68319,0.0],[-17.41903,14.68318,0.0],[-17.41903,14.68263,0.0],[-17.41931,14.68263,0.0],[-17.41931,14.68235,0.0],[-17.41959,14.68235,0.0],[-17.41959,14.68208,0.0],[-17.41984,14.68208,0.0],[-17.41986,14.68195,0.0],[-17.41986,14.6818,0.0],[-17.41989,14.6818,0.0],[-17.42046,14.67879,0.0],[-17.42083,14.67884,0.0],[-17.42049,14.68208,0.0],[-17.4207,14.68208,0.0],[-17.4207,14.68235,0.0],[-17.42153,14.68235,0.0],[-17.42156,14.68263,0.0],[-17.42164,14.68201,0.0],[-17.42209,14.68207,0.0],[-17.42203,14.68263,0.0],[-17.42208,14.68263,0.0],[-17.42208,14.68291,0.0],[-17.42264,14.68291,0.0],[-17.42264,14.68319,0.0],[-17.42397,14.68319,0.0],[-17.42409,14.68289,0.0],[-17.42492,14.68319,0.0],[-17.42514,14.68319,0.0],[-17.42514,14.68327,0.0],[-17.42584,14.68352,0.0],[-17.42598,14.68374,0.0],[-17.42598,14.68378,0.0],[-17.4261,14.68402,0.0],[-17.42625,14.68402,0.0],[-17.42624,14.6843,0.0],[-17.42874,14.68919,0.0],[-17.4287,14.6893,0.0],[-17.42986,14.6893,0.0],[-17.42986,14.68902,0.0],[-17.43014,14.68902,0.0],[-17.43014,14.68874,0.0],[-17.43042,14.68874,0.0],[-17.43042,14.68846,0.0],[-17.4307,14.68846,0.0],[-17.4307,14.68819,0.0],[-17.43097,14.68819,0.0],[-17.43097,14.68791,0.0],[-17.43209,14.68791,0.0],[-17.43209,14.68819,0.0],[-17.4334,14.68819,0.0],[-17.43375,14.68708,0.0],[-17.43375,14.68541,0.0],[-17.43403,14.68541,0.0],[-17.43403,14.68458,0.0],[-17.4334,14.68458,0.0]]]]}},{"type":"Feature","properties":{"uesi_id":"SEN_R12982139","nbhd_code":"SEN_R12982139_14","nbhd_name":"Hlm"},"geometry":{"type":"MultiPolygon","coordinates":[[[[-17.44729,14.69826,0.0],[-17.44723,14.69928,0.0],[-17.44716,14.7006,0.0],[-17.44707,14.70204,0.0],[-17.44693,14.70393,0.0],[-17.44691,14.70424,0.0],[-17.44689,14.70467,0.0],[-17.44688,14.7047,0.0],[-17.44682,14.70572,0.0],[-17.44681,14.70587,0.0],[-17.44674,14.70696,0.0],[-17.44671,14.70739,0.0],[-17.44667,14.70806,0.0],[-17.44655,14.71004,0.0],[-17.44654,14.7101,0.0],[-17.44652,14.71017,0.0],[-17.44643,14.71144,0.0],[-17.44642,14.7115,0.0],[-17.44639,14.71197,0.0],[-17.44638,14.712,0.0],[-17.44636,14.71237,0.0],[-17.44631,14.71308,0.0],[-17.4463,14.71312,0.0],[-17.4463,14.71317,0.0],[-17.44625,14.71385,0.0],[-17.44618,14.71491,0.0],[-17.44611,14.71586,0.0],[-17.4461,14.71604,0.0],[-17.44605,14.71699,0.0],[-17.44604,14.71721,0.0],[-17.44606,14.71766,0.0],[-17.44608,14.71811,0.0],[-17.44624,14.71882,0.0],[-17.44644,14.71939,0.0],[-17.44648,14.7195,0.0],[-17.44669,14.71991,0.0],[-17.44671,14.71996,0.0],[-17.44682,14.72011,0.0],[-17.44695,14.72029,0.0],[-17.4473,14.72072,0.0],[-17.44745,14.7209,0.0],[-17.44748,14.72093,0.0],[-17.44774,14.72115,0.0],[-17.4478,14.7212,0.0],[-17.44758,14.72146,0.0],[-17.44749,14.72156,0.0],[-17.44733,14.72176,0.0],[-17.44702,14.72212,0.0],[-17.4466,14.72266,0.0],[-17.44636,14.7231,0.0],[-17.44606,14.72364,0.0],[-17.44562,14.72441,0.0],[-17.44549,14.72465,0.0],[-17.44509,14.72536,0.0],[-17.44471,14.72603,0.0],[-17.44419,14.72678,0.0],[-17.44406,14.72677,0.0],[-17.44379,14.72673,0.0],[-17.44332,14.72667,0.0],[-17.44317,14.72665,0.0],[-17.44311,14.72664,0.0],[-17.44288,14.72661,0.0],[-17.44259,14.72657,0.0],[-17.44228,14.72653,0.0],[-17.44223,14.72652,0.0],[-17.44215,14.7265,0.0],[-17.44209,14.72648,0.0],[-17.44172,14.72635,0.0],[-17.4416,14.7263,0.0],[-17.44109,14.72594,0.0],[-17.44076,14.72568,0.0],[-17.44048,14.72546,0.0],[-17.44053,14.72431,0.0],[-17.44054,14.72414,0.0],[-17.44066,14.72194,0.0],[-17.44073,14.72075,0.0],[-17.44094,14.71847,0.0],[-17.44094,14.71843,0.0],[-17.44107,14.71656,0.0],[-17.44124,14.71416,0.0],[-17.44136,14.71202,0.0],[-17.44149,14.70989,0.0],[-17.44181,14.70537,0.0],[-17.44204,14.70172,0.0],[-17.44206,14.70133,0.0],[-17.44217,14.69866,0.0],[-17.44217,14.69797,0.0],[-17.44421,14.69793,0.0],[-17.44419,14.69786,0.0],[-17.44428,14.69784,0.0],[-17.44471,14.69766,0.0],[-17.44497,14.69756,0.0],[-17.44524,14.69749,0.0],[-17.44545,14.69748,0.0],[-17.44553,14.69748,0.0],[-17.44579,14.69751,0.0],[-17.44592,14.69754,0.0],[-17.44605,14.69755,0.0],[-17.44631,14.69763,0.0],[-17.4465,14.69773,0.0],[-17.44669,14.69785,0.0],[-17.44687,14.69798,0.0],[-17.44694,14.69804,0.0],[-17.44703,14.69809,0.0],[-17.4472,14.69815,0.0],[-17.4473,14.69812,0.0],[-17.44729,14.69826,0.0]]]]}},{"type":"Feature","properties":{"uesi_id":"SEN_R12982139","nbhd_code":"SEN_R12982139_15","nbhd_name":"Sicap Liberte"},"geometry":{"type":"MultiPolygon","coordinates":[[[[-17.45142,14.71701,0.0],[-17.45194,14.71641,0.0],[-17.45197,14.71637,0.0],[-17.45288,14.71534,0.0],[-17.4529,14.71531,0.0],[-17.45345,14.71468,0.0],[-17.45348,14.71465,0.0],[-17.45358,14.71454,0.0],[-17.45391,14.71416,0.0],[-17.45424,14.71379,0.0],[-17.45452,14.71349,0.0],[-17.45469,14.71329,0.0],[-17.45483,14.71314,0.0],[-17.45575,14.7121,0.0],[-17.45577,14.71208,0.0],[-17.45679,14.71093,0.0],[-17.45692,14.71077,0.0],[-17.45713,14.71055,0.0],[-17.45795,14.70959,0.0],[-17.45818,14.70932,0.0],[-17.45852,14.70894,0.0],[-17.46007,14.70718,0.0],[-17.4601,14.70721,0.0],[-17.46047,14.70766,0.0],[-17.46108,14.70839,0.0],[-17.46181,14.70925,0.0],[-17.46194,14.70941,0.0],[-17.46199,14.70948,0.0],[-17.46231,14.70986,0.0],[-17.46235,14.7099,0.0],[-17.46364,14.71144,0.0],[-17.46177,14.71354,0.0],[-17.46143,14.71393,0.0],[-17.46135,14.71401,0.0],[-17.46119,14.71419,0.0],[-17.46064,14.7148,0.0],[-17.45985,14.71569,0.0],[-17.45952,14.71606,0.0],[-17.4585,14.7172,0.0],[-17.45885,14.71749,0.0],[-17.45925,14.71782,0.0],[-17.45963,14.71814,0.0],[-17.45966,14.71817,0.0],[-17.46046,14.71883,0.0],[-17.46112,14.71938,0.0],[-17.46151,14.7197,0.0],[-17.46126,14.71996,0.0],[-17.46161,14.72026,0.0],[-17.462,14.72058,0.0],[-17.46281,14.72126,0.0],[-17.46306,14.72147,0.0],[-17.46311,14.72155,0.0],[-17.46324,14.72171,0.0],[-17.46333,14.72181,0.0],[-17.46342,14.72171,0.0],[-17.46447,14.72049,0.0],[-17.46461,14.72032,0.0],[-17.46591,14.71881,0.0],[-17.46616,14.71841,0.0],[-17.46626,14.7182,0.0],[-17.46634,14.71804,0.0],[-17.46662,14.71789,0.0],[-17.46867,14.71682,0.0],[-17.46965,14.71628,0.0],[-17.47046,14.71584,0.0],[-17.47154,14.71528,0.0],[-17.4714,14.71708,0.0],[-17.4714,14.7172,0.0],[-17.47133,14.71802,0.0],[-17.47118,14.71979,0.0],[-17.47109,14.721,0.0],[-17.47107,14.72145,0.0],[-17.47105,14.72192,0.0],[-17.47101,14.72308,0.0],[-17.471,14.7233,0.0],[-17.471,14.72353,0.0],[-17.47101,14.72375,0.0],[-17.47102,14.72398,0.0],[-17.47104,14.72419,0.0],[-17.47107,14.72441,0.0],[-17.4711,14.72463,0.0],[-17.47114,14.72485,0.0],[-17.47116,14.72491,0.0],[-17.47119,14.72506,0.0],[-17.47124,14.72529,0.0],[-17.4713,14.72551,0.0],[-17.47134,14.72564,0.0],[-17.47137,14.72573,0.0],[-17.47144,14.72594,0.0],[-17.47152,14.72616,0.0],[-17.4716,14.72637,0.0],[-17.47228,14.72711,0.0],[-17.4731,14.73118,0.0],[-17.47313,14.73131,0.0],[-17.47302,14.73135,0.0],[-17.47274,14.73147,0.0],[-17.47238,14.73169,0.0],[-17.47231,14.73174,0.0],[-17.47163,14.73218,0.0],[-17.47156,14.73222,0.0],[-17.47141,14.73227,0.0],[-17.47119,14.73228,0.0],[-17.47033,14.73201,0.0],[-17.46923,14.73158,0.0],[-17.46755,14.73097,0.0],[-17.46588,14.73033,0.0],[-17.46535,14.73012,0.0],[-17.46448,14.72978,0.0],[-17.46439,14.72974,0.0],[-17.46424,14.72968,0.0],[-17.46418,14.72966,0.0],[-17.46372,14.72951,0.0],[-17.46286,14.72938,0.0],[-17.46242,14.72932,0.0],[-17.46161,14.72921,0.0],[-17.46102,14.72913,0.0],[-17.46022,14.72901,0.0],[-17.46015,14.729,0.0],[-17.45978,14.72896,0.0],[-17.45817,14.72874,0.0],[-17.45773,14.72869,0.0],[-17.45724,14.72862,0.0],[-17.45727,14.72858,0.0],[-17.45743,14.72834,0.0],[-17.4582,14.72744,0.0],[-17.45844,14.72715,0.0],[-17.45878,14.72677,0.0],[-17.45916,14.72634,0.0],[-17.4601,14.72528,0.0],[-17.46043,14.72492,0.0],[-17.46072,14.72457,0.0],[-17.46022,14.72414,0.0],[-17.45867,14.72278,0.0],[-17.45805,14.72311,0.0],[-17.45786,14.72255,0.0],[-17.45731,14.72089,0.0],[-17.45712,14.72034,0.0],[-17.45667,14.71897,0.0],[-17.45621,14.71765,0.0],[-17.45605,14.71718,0.0],[-17.45581,14.71722,0.0],[-17.45572,14.71723,0.0],[-17.45546,14.71723,0.0],[-17.45527,14.71722,0.0],[-17.45507,14.7172,0.0],[-17.45502,14.71719,0.0],[-17.45435,14.71712,0.0],[-17.45399,14.7171,0.0],[-17.45363,14.71708,0.0],[-17.45305,14.717,0.0],[-17.45226,14.71691,0.0],[-17.45193,14.71691,0.0],[-17.45156,14.71697,0.0],[-17.45142,14.71701,0.0]]]]}},{"type":"Feature","properties":{"uesi_id":"SEN_R12982139","nbhd_code":"SEN_R12982139_16","nbhd_name":"Camberene"},"geometry":{"type":"MultiPolygon","coordinates":[[[[-17.42987,14.76323,0.0],[-17.4299,14.76331,0.0],[-17.43107,14.76314,0.0],[-17.431,14.76264,0.0],[-17.43124,14.76261,0.0],[-17.43124,14.76252,0.0],[-17.43195,14.76238,0.0],[-17.43192,14.76212,0.0],[-17.43218,14.76206,0.0],[-17.4329,14.76195,0.0],[-17.43373,14.76182,0.0],[-17.4338,14.76218,0.0],[-17.43392,14.76268,0.0],[-17.43346,14.76354,0.0],[-17.4335,14.76362,0.0],[-17.43407,14.76393,0.0],[-17.43413,14.76396,0.0],[-17.4342,14.764,0.0],[-17.43483,14.76438,0.0],[-17.43525,14.76464,0.0],[-17.4353,14.76467,0.0],[-17.43638,14.76534,0.0],[-17.43698,14.7657,0.0],[-17.43714,14.76545,0.0],[-17.43789,14.76437,0.0],[-17.43802,14.76444,0.0],[-17.43828,14.76451,0.0],[-17.43849,14.76451,0.0],[-17.4386,14.76451,0.0],[-17.43917,14.76441,0.0],[-17.43947,14.76435,0.0],[-17.44023,14.76419,0.0],[-17.44116,14.764,0.0],[-17.44132,14.76393,0.0],[-17.44142,14.76391,0.0],[-17.44148,14.7639,0.0],[-17.44194,14.76574,0.0],[-17.44233,14.76741,0.0],[-17.44249,14.76818,0.0],[-17.44209,14.76818,0.0],[-17.44208,14.76846,0.0],[-17.44181,14.76846,0.0],[-17.44181,14.76874,0.0],[-17.44153,14.76874,0.0],[-17.44153,14.76902,0.0],[-17.44125,14.76902,0.0],[-17.44125,14.76929,0.0],[-17.4407,14.76929,0.0],[-17.4407,14.76957,0.0],[-17.43986,14.76957,0.0],[-17.43986,14.76985,0.0],[-17.43875,14.76985,0.0],[-17.43875,14.77013,0.0],[-17.43764,14.77013,0.0],[-17.43764,14.7704,0.0],[-17.43653,14.7704,0.0],[-17.43653,14.77068,0.0],[-17.43566,14.77071,0.0],[-17.43569,14.77097,0.0],[-17.43458,14.77097,0.0],[-17.43458,14.77125,0.0],[-17.43347,14.77125,0.0],[-17.43347,14.77153,0.0],[-17.4332,14.77153,0.0],[-17.4332,14.77181,0.0],[-17.43264,14.77181,0.0],[-17.43264,14.77208,0.0],[-17.43097,14.77208,0.0],[-17.43097,14.77236,0.0],[-17.43042,14.77236,0.0],[-17.43042,14.77264,0.0],[-17.42958,14.77264,0.0],[-17.42958,14.77292,0.0],[-17.42903,14.77292,0.0],[-17.42903,14.7732,0.0],[-17.42819,14.7732,0.0],[-17.42819,14.77347,0.0],[-17.42764,14.77347,0.0],[-17.42764,14.77375,0.0],[-17.42736,14.77375,0.0],[-17.42736,14.77347,0.0],[-17.42681,14.77347,0.0],[-17.42681,14.77375,0.0],[-17.42625,14.77375,0.0],[-17.42625,14.77403,0.0],[-17.42597,14.77403,0.0],[-17.42597,14.7743,0.0],[-17.42514,14.7743,0.0],[-17.42514,14.77458,0.0],[-17.42375,14.77458,0.0],[-17.42375,14.77486,0.0],[-17.42319,14.77486,0.0],[-17.42319,14.77514,0.0],[-17.42236,14.77514,0.0],[-17.42236,14.77542,0.0],[-17.42153,14.77542,0.0],[-17.42153,14.77569,0.0],[-17.42097,14.77569,0.0],[-17.42097,14.77597,0.0],[-17.42042,14.77597,0.0],[-17.42042,14.77625,0.0],[-17.41986,14.77625,0.0],[-17.41986,14.77653,0.0],[-17.41941,14.77653,0.0],[-17.41909,14.77577,0.0],[-17.41858,14.7746,0.0],[-17.4174,14.77195,0.0],[-17.41706,14.77117,0.0],[-17.41802,14.77059,0.0],[-17.41877,14.77013,0.0],[-17.42026,14.7692,0.0],[-17.42031,14.76917,0.0],[-17.42087,14.76883,0.0],[-17.42206,14.76813,0.0],[-17.4227,14.76772,0.0],[-17.42284,14.76764,0.0],[-17.42329,14.76735,0.0],[-17.42375,14.76707,0.0],[-17.42463,14.76654,0.0],[-17.42593,14.76575,0.0],[-17.42672,14.76528,0.0],[-17.42702,14.76508,0.0],[-17.42726,14.76489,0.0],[-17.4281,14.76426,0.0],[-17.42853,14.76395,0.0],[-17.42869,14.76381,0.0],[-17.42875,14.76376,0.0],[-17.42896,14.76359,0.0],[-17.42902,14.76355,0.0],[-17.42916,14.76338,0.0],[-17.42987,14.76323,0.0]]]]}},{"type":"Feature","properties":{"uesi_id":"SEN_R12982139","nbhd_code":"SEN_R12982139_17","nbhd_name":"Grand Yoff"},"geometry":{"type":"MultiPolygon","coordinates":[[[[-17.44419,14.72678,0.0],[-17.44435,14.72681,0.0],[-17.44477,14.72687,0.0],[-17.44659,14.72712,0.0],[-17.44675,14.72715,0.0],[-17.44727,14.72722,0.0],[-17.44796,14.72733,0.0],[-17.44882,14.72744,0.0],[-17.44943,14.72752,0.0],[-17.44979,14.72757,0.0],[-17.45099,14.72773,0.0],[-17.45238,14.72792,0.0],[-17.45379,14.7281,0.0],[-17.45422,14.72816,0.0],[-17.45456,14.72822,0.0],[-17.45543,14.72835,0.0],[-17.45646,14.72851,0.0],[-17.45724,14.72862,0.0],[-17.45773,14.72869,0.0],[-17.45817,14.72874,0.0],[-17.45978,14.72896,0.0],[-17.46015,14.729,0.0],[-17.46022,14.72901,0.0],[-17.46102,14.72913,0.0],[-17.46161,14.72921,0.0],[-17.46242,14.72932,0.0],[-17.46286,14.72938,0.0],[-17.46372,14.72951,0.0],[-17.46418,14.72966,0.0],[-17.46424,14.72968,0.0],[-17.46439,14.72974,0.0],[-17.46448,14.72978,0.0],[-17.46535,14.73012,0.0],[-17.46588,14.73033,0.0],[-17.46755,14.73097,0.0],[-17.46923,14.73158,0.0],[-17.47033,14.73201,0.0],[-17.47119,14.73228,0.0],[-17.47141,14.73227,0.0],[-17.47156,14.73222,0.0],[-17.47163,14.73218,0.0],[-17.47231,14.73174,0.0],[-17.47238,14.73169,0.0],[-17.47274,14.73147,0.0],[-17.47302,14.73135,0.0],[-17.47313,14.73131,0.0],[-17.47329,14.73205,0.0],[-17.47339,14.73267,0.0],[-17.47342,14.7336,0.0],[-17.47334,14.73449,0.0],[-17.47322,14.73535,0.0],[-17.47283,14.73663,0.0],[-17.4728,14.73671,0.0],[-17.47241,14.73771,0.0],[-17.47237,14.73783,0.0],[-17.47193,14.73914,0.0],[-17.47187,14.73933,0.0],[-17.4716,14.74004,0.0],[-17.47135,14.74072,0.0],[-17.47123,14.74112,0.0],[-17.47117,14.74129,0.0],[-17.47052,14.74276,0.0],[-17.47015,14.74332,0.0],[-17.47007,14.74343,0.0],[-17.47002,14.74351,0.0],[-17.46986,14.7438,0.0],[-17.46936,14.74436,0.0],[-17.46879,14.74499,0.0],[-17.4684,14.7453,0.0],[-17.4681,14.74554,0.0],[-17.46743,14.74596,0.0],[-17.46734,14.74601,0.0],[-17.46677,14.7463,0.0],[-17.46636,14.74647,0.0],[-17.46587,14.74666,0.0],[-17.46578,14.74673,0.0],[-17.46558,14.74679,0.0],[-17.46451,14.74721,0.0],[-17.46328,14.74775,0.0],[-17.46318,14.74779,0.0],[-17.46281,14.74797,0.0],[-17.46259,14.74809,0.0],[-17.46224,14.74764,0.0],[-17.46152,14.74694,0.0],[-17.46129,14.74676,0.0],[-17.46122,14.74666,0.0],[-17.45986,14.74596,0.0],[-17.4593,14.74577,0.0],[-17.45877,14.74565,0.0],[-17.45761,14.74548,0.0],[-17.45748,14.74546,0.0],[-17.45724,14.74542,0.0],[-17.45702,14.74539,0.0],[-17.45594,14.74522,0.0],[-17.454,14.74492,0.0],[-17.45391,14.74491,0.0],[-17.4528,14.74472,0.0],[-17.45055,14.74435,0.0],[-17.4494,14.74416,0.0],[-17.44888,14.74407,0.0],[-17.44868,14.74404,0.0],[-17.44859,14.74402,0.0],[-17.44856,14.74402,0.0],[-17.44827,14.74397,0.0],[-17.44802,14.74393,0.0],[-17.44755,14.74385,0.0],[-17.44649,14.74367,0.0],[-17.4461,14.7436,0.0],[-17.44461,14.74337,0.0],[-17.44362,14.74321,0.0],[-17.44347,14.74319,0.0],[-17.44262,14.74305,0.0],[-17.4425,14.74303,0.0],[-17.44228,14.74297,0.0],[-17.44184,14.74284,0.0],[-17.44089,14.74247,0.0],[-17.44086,14.74244,0.0],[-17.44057,14.74224,0.0],[-17.44013,14.74193,0.0],[-17.43979,14.74169,0.0],[-17.43958,14.74155,0.0],[-17.43843,14.74062,0.0],[-17.43854,14.74042,0.0],[-17.43879,14.74001,0.0],[-17.43912,14.73942,0.0],[-17.43937,14.73884,0.0],[-17.43953,14.73822,0.0],[-17.43957,14.73809,0.0],[-17.43963,14.73779,0.0],[-17.43974,14.73684,0.0],[-17.43975,14.73677,0.0],[-17.4398,14.73599,0.0],[-17.43983,14.73552,0.0],[-17.43985,14.73515,0.0],[-17.43986,14.73505,0.0],[-17.43993,14.73383,0.0],[-17.43993,14.73374,0.0],[-17.43999,14.73265,0.0],[-17.44,14.73249,0.0],[-17.44012,14.7308,0.0],[-17.44012,14.73075,0.0],[-17.4403,14.72813,0.0],[-17.44035,14.72735,0.0],[-17.44043,14.72601,0.0],[-17.44048,14.72546,0.0],[-17.44076,14.72568,0.0],[-17.44109,14.72594,0.0],[-17.4416,14.7263,0.0],[-17.44172,14.72635,0.0],[-17.44209,14.72648,0.0],[-17.44215,14.7265,0.0],[-17.44223,14.72652,0.0],[-17.44228,14.72653,0.0],[-17.44259,14.72657,0.0],[-17.44288,14.72661,0.0],[-17.44311,14.72664,0.0],[-17.44317,14.72665,0.0],[-17.44332,14.72667,0.0],[-17.44379,14.72673,0.0],[-17.44406,14.72677,0.0],[-17.44419,14.72678,0.0]]]]}},{"type":"Feature","properties":{"uesi_id":"SEN_R12982139","nbhd_code":"SEN_R12982139_18","nbhd_name":"Parcelles Assainies"},"geometry":{"type":"MultiPolygon","coordinates":[[[[-17.45486,14.75221,0.0],[-17.45471,14.75249,0.0],[-17.45398,14.75414,0.0],[-17.45382,14.75449,0.0],[-17.45354,14.75512,0.0],[-17.45348,14.75521,0.0],[-17.45328,14.75563,0.0],[-17.45307,14.75608,0.0],[-17.45291,14.75643,0.0],[-17.45262,14.75706,0.0],[-17.45238,14.75756,0.0],[-17.45218,14.758,0.0],[-17.452,14.75839,0.0],[-17.45187,14.75866,0.0],[-17.4517,14.75905,0.0],[-17.45166,14.75912,0.0],[-17.4516,14.75926,0.0],[-17.45156,14.75936,0.0],[-17.45151,14.75946,0.0],[-17.45142,14.75967,0.0],[-17.45108,14.76042,0.0],[-17.45055,14.76157,0.0],[-17.4505,14.76168,0.0],[-17.45045,14.76177,0.0],[-17.45042,14.76185,0.0],[-17.45035,14.762,0.0],[-17.45008,14.76252,0.0],[-17.44995,14.76275,0.0],[-17.44986,14.76287,0.0],[-17.44978,14.76299,0.0],[-17.4497,14.76309,0.0],[-17.44966,14.76315,0.0],[-17.44957,14.76328,0.0],[-17.44938,14.76349,0.0],[-17.44917,14.76368,0.0],[-17.44906,14.76377,0.0],[-17.44928,14.7655,0.0],[-17.44938,14.76624,0.0],[-17.44931,14.76624,0.0],[-17.4493,14.76652,0.0],[-17.44875,14.76652,0.0],[-17.44875,14.7668,0.0],[-17.44736,14.7668,0.0],[-17.44736,14.76707,0.0],[-17.44625,14.76707,0.0],[-17.44625,14.76735,0.0],[-17.44514,14.76735,0.0],[-17.44514,14.76763,0.0],[-17.44458,14.76763,0.0],[-17.44458,14.76791,0.0],[-17.44285,14.7679,0.0],[-17.44292,14.76818,0.0],[-17.44283,14.76818,0.0],[-17.44249,14.76818,0.0],[-17.44233,14.76741,0.0],[-17.44194,14.76574,0.0],[-17.44148,14.7639,0.0],[-17.44142,14.76391,0.0],[-17.44132,14.76393,0.0],[-17.44116,14.764,0.0],[-17.44023,14.76419,0.0],[-17.43947,14.76435,0.0],[-17.43917,14.76441,0.0],[-17.4386,14.76451,0.0],[-17.43849,14.76451,0.0],[-17.43828,14.76451,0.0],[-17.43802,14.76444,0.0],[-17.43789,14.76437,0.0],[-17.43714,14.76545,0.0],[-17.43698,14.7657,0.0],[-17.43638,14.76534,0.0],[-17.4353,14.76467,0.0],[-17.43525,14.76464,0.0],[-17.43483,14.76438,0.0],[-17.4342,14.764,0.0],[-17.43413,14.76396,0.0],[-17.43407,14.76393,0.0],[-17.4335,14.76362,0.0],[-17.43346,14.76354,0.0],[-17.43392,14.76268,0.0],[-17.4338,14.76218,0.0],[-17.43373,14.76182,0.0],[-17.4329,14.76195,0.0],[-17.43218,14.76206,0.0],[-17.43192,14.76212,0.0],[-17.43195,14.76238,0.0],[-17.43124,14.76252,0.0],[-17.43124,14.76261,0.0],[-17.431,14.76264,0.0],[-17.43107,14.76314,0.0],[-17.4299,14.76331,0.0],[-17.42987,14.76323,0.0],[-17.42973,14.76217,0.0],[-17.42955,14.76126,0.0],[-17.42947,14.76083,0.0],[-17.4293,14.75987,0.0],[-17.42928,14.75977,0.0],[-17.42916,14.75907,0.0],[-17.42898,14.75788,0.0],[-17.42897,14.75783,0.0],[-17.42896,14.75778,0.0],[-17.4289,14.75729,0.0],[-17.42885,14.75695,0.0],[-17.42881,14.75664,0.0],[-17.43,14.75599,0.0],[-17.43019,14.75589,0.0],[-17.43111,14.75531,0.0],[-17.43211,14.75469,0.0],[-17.43246,14.75447,0.0],[-17.43401,14.75352,0.0],[-17.43461,14.75315,0.0],[-17.43472,14.75308,0.0],[-17.4353,14.75271,0.0],[-17.43541,14.75264,0.0],[-17.43625,14.75215,0.0],[-17.4366,14.75194,0.0],[-17.43706,14.75172,0.0],[-17.43721,14.75165,0.0],[-17.43733,14.7516,0.0],[-17.43769,14.75145,0.0],[-17.43778,14.75141,0.0],[-17.43798,14.75132,0.0],[-17.43805,14.75129,0.0],[-17.43809,14.75128,0.0],[-17.43879,14.75105,0.0],[-17.43961,14.7508,0.0],[-17.43989,14.75071,0.0],[-17.44032,14.75057,0.0],[-17.44044,14.75052,0.0],[-17.44096,14.75035,0.0],[-17.4416,14.7501,0.0],[-17.44207,14.74986,0.0],[-17.44246,14.74966,0.0],[-17.44298,14.74931,0.0],[-17.44302,14.74928,0.0],[-17.44324,14.74912,0.0],[-17.44329,14.74908,0.0],[-17.44347,14.74893,0.0],[-17.44361,14.74881,0.0],[-17.44384,14.74895,0.0],[-17.44409,14.74906,0.0],[-17.44472,14.74929,0.0],[-17.44516,14.74945,0.0],[-17.44574,14.74961,0.0],[-17.44601,14.74969,0.0],[-17.44624,14.74974,0.0],[-17.44636,14.74977,0.0],[-17.44656,14.74982,0.0],[-17.44678,14.74986,0.0],[-17.44701,14.74989,0.0],[-17.4472,14.74993,0.0],[-17.44743,14.74996,0.0],[-17.44824,14.75012,0.0],[-17.44895,14.75025,0.0],[-17.45016,14.75046,0.0],[-17.4507,14.75051,0.0],[-17.45075,14.75052,0.0],[-17.45187,14.75075,0.0],[-17.4519,14.75076,0.0],[-17.45213,14.75084,0.0],[-17.45333,14.75134,0.0],[-17.4534,14.75137,0.0],[-17.45437,14.75193,0.0],[-17.45471,14.75213,0.0],[-17.45486,14.75221,0.0]]]]}},{"type":"Feature","properties":{"uesi_id":"SEN_R12982139","nbhd_code":"SEN_R12982139_19","nbhd_name":"Patte D'Oie"},"geometry":{"type":"MultiPolygon","coordinates":[[[[-17.42451,14.74501,0.0],[-17.42462,14.74497,0.0],[-17.42625,14.74453,0.0],[-17.42703,14.74434,0.0],[-17.42921,14.74383,0.0],[-17.43061,14.7435,0.0],[-17.43409,14.74274,0.0],[-17.43416,14.74272,0.0],[-17.43439,14.74268,0.0],[-17.43631,14.74221,0.0],[-17.43742,14.74158,0.0],[-17.43754,14.74149,0.0],[-17.4381,14.74094,0.0],[-17.43843,14.74062,0.0],[-17.43958,14.74155,0.0],[-17.43979,14.74169,0.0],[-17.44013,14.74193,0.0],[-17.44057,14.74224,0.0],[-17.44086,14.74244,0.0],[-17.44089,14.74247,0.0],[-17.44184,14.74284,0.0],[-17.44228,14.74297,0.0],[-17.4425,14.74303,0.0],[-17.44262,14.74305,0.0],[-17.44347,14.74319,0.0],[-17.44362,14.74321,0.0],[-17.44461,14.74337,0.0],[-17.4461,14.7436,0.0],[-17.44649,14.74367,0.0],[-17.44755,14.74385,0.0],[-17.44802,14.74393,0.0],[-17.44827,14.74397,0.0],[-17.44856,14.74402,0.0],[-17.44859,14.74402,0.0],[-17.44868,14.74404,0.0],[-17.44888,14.74407,0.0],[-17.4494,14.74416,0.0],[-17.45055,14.74435,0.0],[-17.4528,14.74472,0.0],[-17.45391,14.74491,0.0],[-17.454,14.74492,0.0],[-17.45594,14.74522,0.0],[-17.45702,14.74539,0.0],[-17.45724,14.74542,0.0],[-17.45748,14.74546,0.0],[-17.45761,14.74548,0.0],[-17.45877,14.74565,0.0],[-17.4593,14.74577,0.0],[-17.45986,14.74596,0.0],[-17.46122,14.74666,0.0],[-17.46129,14.74676,0.0],[-17.46152,14.74694,0.0],[-17.46224,14.74764,0.0],[-17.46259,14.74809,0.0],[-17.46168,14.74853,0.0],[-17.46067,14.74903,0.0],[-17.45921,14.74974,0.0],[-17.459,14.74984,0.0],[-17.45867,14.74984,0.0],[-17.45855,14.74988,0.0],[-17.45846,14.74992,0.0],[-17.45843,14.74993,0.0],[-17.45782,14.75022,0.0],[-17.45701,14.7507,0.0],[-17.45631,14.75117,0.0],[-17.45629,14.75119,0.0],[-17.45561,14.75167,0.0],[-17.45533,14.75186,0.0],[-17.45486,14.75221,0.0],[-17.45471,14.75213,0.0],[-17.45437,14.75193,0.0],[-17.4534,14.75137,0.0],[-17.45333,14.75134,0.0],[-17.45213,14.75084,0.0],[-17.4519,14.75076,0.0],[-17.45187,14.75075,0.0],[-17.45075,14.75052,0.0],[-17.4507,14.75051,0.0],[-17.45016,14.75046,0.0],[-17.44895,14.75025,0.0],[-17.44824,14.75012,0.0],[-17.44743,14.74996,0.0],[-17.4472,14.74993,0.0],[-17.44701,14.74989,0.0],[-17.44678,14.74986,0.0],[-17.44656,14.74982,0.0],[-17.44636,14.74977,0.0],[-17.44624,14.74974,0.0],[-17.44601,14.74969,0.0],[-17.44574,14.74961,0.0],[-17.44516,14.74945,0.0],[-17.44472,14.74929,0.0],[-17.44409,14.74906,0.0],[-17.44384,14.74895,0.0],[-17.44361,14.74881,0.0],[-17.44347,14.74893,0.0],[-17.44329,14.74908,0.0],[-17.44324,14.74912,0.0],[-17.44302,14.74928,0.0],[-17.44298,14.74931,0.0],[-17.44246,14.74966,0.0],[-17.44207,14.74986,0.0],[-17.4416,14.7501,0.0],[-17.44096,14.75035,0.0],[-17.44044,14.75052,0.0],[-17.44032,14.75057,0.0],[-17.43989,14.75071,0.0],[-17.43961,14.7508,0.0],[-17.43879,14.75105,0.0],[-17.43809,14.75128,0.0],[-17.43805,14.75129,0.0],[-17.43798,14.75132,0.0],[-17.43778,14.75141,0.0],[-17.43769,14.75145,0.0],[-17.43733,14.7516,0.0],[-17.43721,14.75165,0.0],[-17.43706,14.75172,0.0],[-17.4366,14.75194,0.0],[-17.43625,14.75215,0.0],[-17.43541,14.75264,0.0],[-17.4353,14.75271,0.0],[-17.43472,14.75308,0.0],[-17.43461,14.75315,0.0],[-17.43401,14.75352,0.0],[-17.43246,14.75447,0.0],[-17.43211,14.75469,0.0],[-17.43111,14.75531,0.0],[-17.43019,14.75589,0.0],[-17.43,14.75599,0.0],[-17.42881,14.75664,0.0],[-17.42889,14.7564,0.0],[-17.42888,14.75545,0.0],[-17.42888,14.75463,0.0],[-17.42887,14.75425,0.0],[-17.42885,14.7538,0.0],[-17.42875,14.75324,0.0],[-17.4287,14.753,0.0],[-17.42866,14.75285,0.0],[-17.42859,14.75263,0.0],[-17.4285,14.75229,0.0],[-17.42844,14.75214,0.0],[-17.4282,14.7515,0.0],[-17.42816,14.75142,0.0],[-17.42782,14.75081,0.0],[-17.42753,14.7503,0.0],[-17.42745,14.75018,0.0],[-17.42726,14.74991,0.0],[-17.42649,14.7488,0.0],[-17.42602,14.74813,0.0],[-17.42587,14.74792,0.0],[-17.42575,14.7477,0.0],[-17.4255,14.74728,0.0],[-17.42543,14.74713,0.0],[-17.42522,14.74667,0.0],[-17.42512,14.74644,0.0],[-17.42508,14.74635,0.0],[-17.42495,14.74595,0.0],[-17.42472,14.7455,0.0],[-17.42465,14.74536,0.0],[-17.42451,14.74501,0.0]]]]}}]}