{"type":"FeatureCollection","name":"USA_R2315704","crs":{"type":"name","properties":{"name":"urn:ogc:def:crs:OGC:1.3:CRS84"}},"features":[{"type":"Feature","properties":{"uesi_id":"USA_R2315704","nbhd_code":"USA_R2315704_1","nbhd_name":"14000US25025010405"},"geometry":{"type":"MultiPolygon","coordinates":[[[[-71.08997,42.34393,0.0],[-71.0902,42.34315,0.0],[-71.09033,42.34261,0.0],[-71.09041,42.3423,0.0],[-71.09048,42.34211,0.0],[-71.09049,42.34209,0.0],[-71.0907,42.34175,0.0],[-71.0911,42.3411,0.0],[-71.09121,42.34092,0.0],[-71.09175,42.34006,0.0],[-71.09183,42.33995,0.0],[-71.09177,42.3399,0.0],[-71.09103,42.33962,0.0],[-71.09066,42.33977,0.0],[-71.0898,42.34013,0.0],[-71.08897,42.34046,0.0],[-71.08828,42.34072,0.0],[-71.08715,42.34116,0.0],[-71.08698,42.34124,0.0],[-71.08661,42.34148,0.0],[-71.08642,42.3416,0.0],[-71.08567,42.3422,0.0],[-71.08531,42.34251,0.0],[-71.08496,42.34278,0.0],[-71.0849,42.34274,0.0],[-71.08486,42.34271,0.0],[-71.0841,42.3422,0.0],[-71.08335,42.3417,0.0],[-71.0835,42.34127,0.0],[-71.08431,42.34062,0.0],[-71.08468,42.3403,0.0],[-71.08503,42.34001,0.0],[-71.08673,42.33869,0.0],[-71.08812,42.33765,0.0],[-71.08824,42.33756,0.0],[-71.08935,42.33662,0.0],[-71.09011,42.33599,0.0],[-71.09038,42.33578,0.0],[-71.09052,42.33567,0.0],[-71.09058,42.33572,0.0],[-71.09065,42.33575,0.0],[-71.09081,42.33585,0.0],[-71.09105,42.33594,0.0],[-71.09124,42.33603,0.0],[-71.09203,42.33633,0.0],[-71.09252,42.33653,0.0],[-71.09299,42.33672,0.0],[-71.09306,42.33674,0.0],[-71.09367,42.33697,0.0],[-71.09426,42.33721,0.0],[-71.09501,42.33747,0.0],[-71.09524,42.33754,0.0],[-71.09549,42.33763,0.0],[-71.0956,42.33767,0.0],[-71.09566,42.3377,0.0],[-71.09575,42.33774,0.0],[-71.09482,42.3381,0.0],[-71.09475,42.33813,0.0],[-71.09327,42.33873,0.0],[-71.09272,42.33894,0.0],[-71.09246,42.33904,0.0],[-71.09227,42.33912,0.0],[-71.09246,42.3396,0.0],[-71.09278,42.34003,0.0],[-71.09321,42.34062,0.0],[-71.09325,42.34069,0.0],[-71.09327,42.34077,0.0],[-71.09326,42.34086,0.0],[-71.09321,42.34095,0.0],[-71.09298,42.34102,0.0],[-71.09279,42.34108,0.0],[-71.09267,42.34113,0.0],[-71.09245,42.34124,0.0],[-71.09221,42.34139,0.0],[-71.09206,42.34154,0.0],[-71.09176,42.34189,0.0],[-71.09171,42.34199,0.0],[-71.09163,42.34213,0.0],[-71.09156,42.34233,0.0],[-71.09153,42.34255,0.0],[-71.09151,42.34297,0.0],[-71.0915,42.34306,0.0],[-71.09145,42.34319,0.0],[-71.09135,42.34336,0.0],[-71.09122,42.3435,0.0],[-71.09102,42.34373,0.0],[-71.09092,42.34389,0.0],[-71.09088,42.34401,0.0],[-71.09084,42.34409,0.0],[-71.0908,42.34436,0.0],[-71.09078,42.3445,0.0],[-71.0908,42.34465,0.0],[-71.09076,42.34487,0.0],[-71.09065,42.34527,0.0],[-71.09063,42.34545,0.0],[-71.09064,42.34562,0.0],[-71.09067,42.34579,0.0],[-71.09079,42.34632,0.0],[-71.09083,42.34644,0.0],[-71.09085,42.3465,0.0],[-71.0909,42.34655,0.0],[-71.0907,42.34654,0.0],[-71.09055,42.34656,0.0],[-71.0904,42.34658,0.0],[-71.09009,42.34667,0.0],[-71.09001,42.34669,0.0],[-71.08941,42.34686,0.0],[-71.08926,42.3469,0.0],[-71.08923,42.34673,0.0],[-71.08922,42.34664,0.0],[-71.08927,42.34647,0.0],[-71.08931,42.34631,0.0],[-71.0894,42.34593,0.0],[-71.08955,42.34542,0.0],[-71.08977,42.34467,0.0],[-71.08985,42.34435,0.0],[-71.08997,42.34393,0.0]]]]}},{"type":"Feature","properties":{"uesi_id":"USA_R2315704","nbhd_code":"USA_R2315704_2","nbhd_name":"14000US25025010404"},"geometry":{"type":"MultiPolygon","coordinates":[[[[-71.0858,42.34334,0.0],[-71.08505,42.34283,0.0],[-71.08496,42.34278,0.0],[-71.08531,42.34251,0.0],[-71.08567,42.3422,0.0],[-71.08642,42.3416,0.0],[-71.08661,42.34148,0.0],[-71.08698,42.34124,0.0],[-71.08715,42.34116,0.0],[-71.08828,42.34072,0.0],[-71.08897,42.34046,0.0],[-71.0898,42.34013,0.0],[-71.09066,42.33977,0.0],[-71.09103,42.33962,0.0],[-71.09177,42.3399,0.0],[-71.09183,42.33995,0.0],[-71.09175,42.34006,0.0],[-71.09121,42.34092,0.0],[-71.0911,42.3411,0.0],[-71.0907,42.34175,0.0],[-71.09049,42.34209,0.0],[-71.09048,42.34211,0.0],[-71.09041,42.3423,0.0],[-71.09033,42.34261,0.0],[-71.0902,42.34315,0.0],[-71.08997,42.34393,0.0],[-71.08949,42.34385,0.0],[-71.08769,42.34358,0.0],[-71.08681,42.34344,0.0],[-71.08632,42.34336,0.0],[-71.08598,42.34333,0.0],[-71.0858,42.34334,0.0]]]]}},{"type":"Feature","properties":{"uesi_id":"USA_R2315704","nbhd_code":"USA_R2315704_3","nbhd_name":"14000US25025010801"},"geometry":{"type":"MultiPolygon","coordinates":[[[[-71.07251,42.35546,0.0],[-71.0723,42.35501,0.0],[-71.07212,42.35465,0.0],[-71.07289,42.35445,0.0],[-71.07428,42.35407,0.0],[-71.0744,42.35403,0.0],[-71.07658,42.35343,0.0],[-71.07759,42.35317,0.0],[-71.07872,42.35285,0.0],[-71.07906,42.35275,0.0],[-71.08086,42.35228,0.0],[-71.08106,42.35265,0.0],[-71.08126,42.35306,0.0],[-71.08145,42.35341,0.0],[-71.08153,42.35359,0.0],[-71.0816,42.35371,0.0],[-71.08044,42.35403,0.0],[-71.07995,42.35416,0.0],[-71.07944,42.3543,0.0],[-71.07937,42.35433,0.0],[-71.0791,42.35443,0.0],[-71.0789,42.35451,0.0],[-71.07758,42.35488,0.0],[-71.07736,42.35495,0.0],[-71.07582,42.35535,0.0],[-71.07552,42.35543,0.0],[-71.07522,42.35552,0.0],[-71.07505,42.35533,0.0],[-71.0733,42.35582,0.0],[-71.07316,42.35555,0.0],[-71.07302,42.35532,0.0],[-71.07281,42.35539,0.0],[-71.07251,42.35546,0.0]]]]}},{"type":"Feature","properties":{"uesi_id":"USA_R2315704","nbhd_code":"USA_R2315704_4","nbhd_name":"14000US25025010702"},"geometry":{"type":"MultiPolygon","coordinates":[[[[-71.07066,42.35186,0.0],[-71.07046,42.35143,0.0],[-71.07282,42.35076,0.0],[-71.07266,42.35042,0.0],[-71.07479,42.34987,0.0],[-71.07587,42.34962,0.0],[-71.07641,42.34949,0.0],[-71.07657,42.34944,0.0],[-71.07668,42.3494,0.0],[-71.07682,42.34935,0.0],[-71.07693,42.34929,0.0],[-71.07706,42.34947,0.0],[-71.07737,42.35008,0.0],[-71.07951,42.34952,0.0],[-71.07962,42.34979,0.0],[-71.07968,42.34992,0.0],[-71.07986,42.35031,0.0],[-71.08008,42.35072,0.0],[-71.08028,42.35109,0.0],[-71.08047,42.3515,0.0],[-71.08065,42.35186,0.0],[-71.08086,42.35228,0.0],[-71.07906,42.35275,0.0],[-71.07872,42.35285,0.0],[-71.07759,42.35317,0.0],[-71.07658,42.35343,0.0],[-71.0744,42.35403,0.0],[-71.07428,42.35407,0.0],[-71.07289,42.35445,0.0],[-71.07212,42.35465,0.0],[-71.07187,42.35423,0.0],[-71.07164,42.35384,0.0],[-71.07145,42.35345,0.0],[-71.07128,42.35309,0.0],[-71.07108,42.35268,0.0],[-71.0709,42.35232,0.0],[-71.0707,42.35195,0.0],[-71.07066,42.35186,0.0]]]]}},{"type":"Feature","properties":{"uesi_id":"USA_R2315704","nbhd_code":"USA_R2315704_5","nbhd_name":"14000US25025010204"},"geometry":{"type":"MultiPolygon","coordinates":[[[[-71.10114,42.34777,0.0],[-71.10087,42.34773,0.0],[-71.10062,42.3477,0.0],[-71.10015,42.34767,0.0],[-71.0998,42.34766,0.0],[-71.09812,42.34765,0.0],[-71.09817,42.34761,0.0],[-71.09858,42.34718,0.0],[-71.09896,42.34682,0.0],[-71.09935,42.34645,0.0],[-71.0995,42.34628,0.0],[-71.0997,42.34608,0.0],[-71.10032,42.34548,0.0],[-71.1006,42.34523,0.0],[-71.1008,42.34504,0.0],[-71.10098,42.34489,0.0],[-71.10167,42.34423,0.0],[-71.10182,42.34409,0.0],[-71.1019,42.34402,0.0],[-71.10242,42.34353,0.0],[-71.10252,42.34338,0.0],[-71.10282,42.34352,0.0],[-71.1031,42.34372,0.0],[-71.1034,42.34397,0.0],[-71.10361,42.34407,0.0],[-71.10374,42.3441,0.0],[-71.10389,42.34412,0.0],[-71.10405,42.34413,0.0],[-71.10421,42.34411,0.0],[-71.10431,42.34409,0.0],[-71.10439,42.34413,0.0],[-71.10471,42.34407,0.0],[-71.10523,42.34399,0.0],[-71.10519,42.34403,0.0],[-71.10513,42.34406,0.0],[-71.10492,42.34409,0.0],[-71.10482,42.34411,0.0],[-71.10482,42.34415,0.0],[-71.10488,42.34419,0.0],[-71.10501,42.34422,0.0],[-71.10513,42.34423,0.0],[-71.1052,42.34422,0.0],[-71.10529,42.34416,0.0],[-71.10553,42.34392,0.0],[-71.10562,42.34389,0.0],[-71.10567,42.34387,0.0],[-71.10588,42.34384,0.0],[-71.10594,42.34382,0.0],[-71.10589,42.34385,0.0],[-71.10575,42.34397,0.0],[-71.1057,42.344,0.0],[-71.10572,42.34408,0.0],[-71.10578,42.34432,0.0],[-71.1058,42.34441,0.0],[-71.10583,42.34446,0.0],[-71.10591,42.34457,0.0],[-71.10625,42.34508,0.0],[-71.10635,42.34526,0.0],[-71.10638,42.34533,0.0],[-71.10648,42.34555,0.0],[-71.10651,42.34563,0.0],[-71.10653,42.34565,0.0],[-71.10657,42.34574,0.0],[-71.10659,42.34576,0.0],[-71.10662,42.34582,0.0],[-71.10671,42.34599,0.0],[-71.10674,42.34605,0.0],[-71.10676,42.34609,0.0],[-71.10681,42.34622,0.0],[-71.10682,42.34626,0.0],[-71.10686,42.34634,0.0],[-71.10699,42.34659,0.0],[-71.10703,42.34667,0.0],[-71.10704,42.34669,0.0],[-71.10707,42.34674,0.0],[-71.10708,42.34676,0.0],[-71.10711,42.34683,0.0],[-71.10719,42.34702,0.0],[-71.10718,42.34704,0.0],[-71.10717,42.34712,0.0],[-71.10716,42.34719,0.0],[-71.10713,42.34741,0.0],[-71.10712,42.34748,0.0],[-71.10711,42.34755,0.0],[-71.10706,42.34777,0.0],[-71.10705,42.34785,0.0],[-71.10703,42.34792,0.0],[-71.10698,42.34815,0.0],[-71.10696,42.34823,0.0],[-71.10694,42.3483,0.0],[-71.10687,42.34852,0.0],[-71.10685,42.3486,0.0],[-71.10684,42.34864,0.0],[-71.10683,42.34871,0.0],[-71.10683,42.34874,0.0],[-71.10683,42.34876,0.0],[-71.1052,42.34845,0.0],[-71.10468,42.34834,0.0],[-71.10331,42.3481,0.0],[-71.10159,42.34783,0.0],[-71.10114,42.34777,0.0]]]]}},{"type":"Feature","properties":{"uesi_id":"USA_R2315704","nbhd_code":"USA_R2315704_6","nbhd_name":"14000US25025010802"},"geometry":{"type":"MultiPolygon","coordinates":[[[[-71.08086,42.35228,0.0],[-71.08317,42.35166,0.0],[-71.08513,42.35115,0.0],[-71.08493,42.35076,0.0],[-71.08472,42.35035,0.0],[-71.08624,42.34992,0.0],[-71.08696,42.34972,0.0],[-71.08727,42.34964,0.0],[-71.08842,42.34934,0.0],[-71.08873,42.3493,0.0],[-71.08894,42.34971,0.0],[-71.08912,42.35006,0.0],[-71.0893,42.35047,0.0],[-71.0895,42.35086,0.0],[-71.08976,42.35137,0.0],[-71.08982,42.3515,0.0],[-71.08798,42.35199,0.0],[-71.08741,42.35214,0.0],[-71.08733,42.35216,0.0],[-71.08656,42.35238,0.0],[-71.08592,42.35253,0.0],[-71.08578,42.35257,0.0],[-71.08454,42.35293,0.0],[-71.08395,42.35307,0.0],[-71.08385,42.3531,0.0],[-71.08294,42.35335,0.0],[-71.08223,42.35354,0.0],[-71.08171,42.35368,0.0],[-71.0816,42.35371,0.0],[-71.08153,42.35359,0.0],[-71.08145,42.35341,0.0],[-71.08126,42.35306,0.0],[-71.08106,42.35265,0.0],[-71.08086,42.35228,0.0]]]]}},{"type":"Feature","properties":{"uesi_id":"USA_R2315704","nbhd_code":"USA_R2315704_7","nbhd_name":"14000US25025010104"},"geometry":{"type":"MultiPolygon","coordinates":[[[[-71.08982,42.3515,0.0],[-71.08976,42.35137,0.0],[-71.0895,42.35086,0.0],[-71.0893,42.35047,0.0],[-71.08912,42.35006,0.0],[-71.08894,42.34971,0.0],[-71.08873,42.3493,0.0],[-71.08865,42.34914,0.0],[-71.08862,42.34908,0.0],[-71.08857,42.34897,0.0],[-71.08846,42.34876,0.0],[-71.08835,42.34848,0.0],[-71.08819,42.34814,0.0],[-71.08796,42.3477,0.0],[-71.08789,42.34757,0.0],[-71.08784,42.34747,0.0],[-71.08805,42.34746,0.0],[-71.0883,42.34748,0.0],[-71.08872,42.34753,0.0],[-71.0891,42.3476,0.0],[-71.0894,42.34763,0.0],[-71.08964,42.34765,0.0],[-71.09005,42.34766,0.0],[-71.09155,42.34764,0.0],[-71.09194,42.34764,0.0],[-71.09212,42.34764,0.0],[-71.09232,42.34764,0.0],[-71.09244,42.34764,0.0],[-71.09287,42.34765,0.0],[-71.09485,42.34765,0.0],[-71.09812,42.34765,0.0],[-71.0998,42.34766,0.0],[-71.10015,42.34767,0.0],[-71.10062,42.3477,0.0],[-71.10087,42.34773,0.0],[-71.10114,42.34777,0.0],[-71.10098,42.34781,0.0],[-71.10056,42.34793,0.0],[-71.09949,42.34824,0.0],[-71.09884,42.34841,0.0],[-71.09826,42.34858,0.0],[-71.09762,42.34875,0.0],[-71.09734,42.34881,0.0],[-71.09717,42.34899,0.0],[-71.09746,42.3496,0.0],[-71.09761,42.34991,0.0],[-71.09763,42.34999,0.0],[-71.09762,42.35013,0.0],[-71.09777,42.35028,0.0],[-71.09781,42.35035,0.0],[-71.09781,42.35041,0.0],[-71.09778,42.3506,0.0],[-71.09818,42.35074,0.0],[-71.09583,42.35059,0.0],[-71.09545,42.35057,0.0],[-71.09531,42.35057,0.0],[-71.09499,42.35058,0.0],[-71.09468,42.35062,0.0],[-71.09444,42.35067,0.0],[-71.09432,42.3507,0.0],[-71.09358,42.35091,0.0],[-71.09319,42.35099,0.0],[-71.09307,42.35101,0.0],[-71.09295,42.35104,0.0],[-71.0929,42.35105,0.0],[-71.09259,42.3511,0.0],[-71.0923,42.35114,0.0],[-71.09218,42.35116,0.0],[-71.09207,42.35117,0.0],[-71.09162,42.35121,0.0],[-71.09147,42.35122,0.0],[-71.09126,42.35125,0.0],[-71.09097,42.35131,0.0],[-71.09067,42.35138,0.0],[-71.09041,42.35144,0.0],[-71.08986,42.35158,0.0],[-71.08982,42.3515,0.0]]]]}},{"type":"Feature","properties":{"uesi_id":"USA_R2315704","nbhd_code":"USA_R2315704_8","nbhd_name":"14000US25025000703"},"geometry":{"type":"MultiPolygon","coordinates":[[[[-71.12126,42.35188,0.0],[-71.12128,42.35179,0.0],[-71.12131,42.35168,0.0],[-71.12153,42.35171,0.0],[-71.12218,42.35179,0.0],[-71.12223,42.3518,0.0],[-71.12224,42.3518,0.0],[-71.12228,42.3518,0.0],[-71.1224,42.35182,0.0],[-71.12242,42.35182,0.0],[-71.12263,42.35175,0.0],[-71.12323,42.35153,0.0],[-71.12343,42.35146,0.0],[-71.12352,42.35147,0.0],[-71.12388,42.35154,0.0],[-71.12422,42.35153,0.0],[-71.12441,42.35143,0.0],[-71.1247,42.35127,0.0],[-71.12476,42.35124,0.0],[-71.12553,42.3508,0.0],[-71.12589,42.35059,0.0],[-71.12622,42.35042,0.0],[-71.12685,42.3501,0.0],[-71.12748,42.35001,0.0],[-71.12751,42.35,0.0],[-71.12767,42.34998,0.0],[-71.12794,42.34994,0.0],[-71.12858,42.34984,0.0],[-71.12858,42.3497,0.0],[-71.12878,42.34957,0.0],[-71.129,42.34938,0.0],[-71.12915,42.34925,0.0],[-71.12928,42.34908,0.0],[-71.12975,42.34886,0.0],[-71.1299,42.34907,0.0],[-71.13003,42.34923,0.0],[-71.13007,42.34926,0.0],[-71.13037,42.34954,0.0],[-71.13067,42.34987,0.0],[-71.13087,42.35014,0.0],[-71.13094,42.35027,0.0],[-71.13098,42.35034,0.0],[-71.13102,42.35041,0.0],[-71.13104,42.35043,0.0],[-71.13104,42.35044,0.0],[-71.13107,42.35051,0.0],[-71.13145,42.35116,0.0],[-71.1316,42.35145,0.0],[-71.13181,42.35202,0.0],[-71.13193,42.35239,0.0],[-71.13208,42.35295,0.0],[-71.13209,42.35302,0.0],[-71.13211,42.35307,0.0],[-71.13128,42.35296,0.0],[-71.13017,42.35284,0.0],[-71.12951,42.35276,0.0],[-71.12939,42.35274,0.0],[-71.12834,42.35261,0.0],[-71.12771,42.35254,0.0],[-71.12692,42.35244,0.0],[-71.1269,42.35244,0.0],[-71.12591,42.35233,0.0],[-71.1252,42.35225,0.0],[-71.12502,42.35224,0.0],[-71.12486,42.35224,0.0],[-71.12458,42.35223,0.0],[-71.12441,42.35224,0.0],[-71.12424,42.35225,0.0],[-71.12406,42.35223,0.0],[-71.1238,42.3522,0.0],[-71.1232,42.35212,0.0],[-71.12281,42.35207,0.0],[-71.1222,42.352,0.0],[-71.12126,42.35188,0.0]]]]}},{"type":"Feature","properties":{"uesi_id":"USA_R2315704","nbhd_code":"USA_R2315704_9","nbhd_name":"14000US25025000504"},"geometry":{"type":"MultiPolygon","coordinates":[[[[-71.13782,42.34388,0.0],[-71.13797,42.34378,0.0],[-71.1385,42.34335,0.0],[-71.13865,42.34322,0.0],[-71.13875,42.34314,0.0],[-71.13881,42.3431,0.0],[-71.1389,42.34302,0.0],[-71.13998,42.34215,0.0],[-71.14007,42.3421,0.0],[-71.14071,42.34156,0.0],[-71.1411,42.34124,0.0],[-71.1413,42.34108,0.0],[-71.14133,42.34106,0.0],[-71.14145,42.34088,0.0],[-71.14162,42.34065,0.0],[-71.14175,42.3404,0.0],[-71.14194,42.34002,0.0],[-71.14234,42.34006,0.0],[-71.1424,42.34007,0.0],[-71.14249,42.34007,0.0],[-71.14251,42.34007,0.0],[-71.14263,42.34006,0.0],[-71.14421,42.34003,0.0],[-71.14466,42.33975,0.0],[-71.14469,42.33972,0.0],[-71.14478,42.33967,0.0],[-71.14528,42.33935,0.0],[-71.14556,42.33914,0.0],[-71.14593,42.33891,0.0],[-71.14625,42.33872,0.0],[-71.14632,42.33868,0.0],[-71.14653,42.33855,0.0],[-71.1466,42.33851,0.0],[-71.14658,42.33843,0.0],[-71.14653,42.33818,0.0],[-71.14652,42.3381,0.0],[-71.14651,42.33807,0.0],[-71.1465,42.338,0.0],[-71.14645,42.3379,0.0],[-71.1462,42.33741,0.0],[-71.14628,42.33739,0.0],[-71.14649,42.33733,0.0],[-71.14656,42.33731,0.0],[-71.14664,42.33729,0.0],[-71.14674,42.33727,0.0],[-71.14679,42.33726,0.0],[-71.1471,42.33718,0.0],[-71.14725,42.33714,0.0],[-71.14726,42.3372,0.0],[-71.14735,42.33752,0.0],[-71.14774,42.33746,0.0],[-71.1487,42.33728,0.0],[-71.14896,42.3372,0.0],[-71.1492,42.3371,0.0],[-71.14936,42.337,0.0],[-71.14948,42.33694,0.0],[-71.15008,42.33685,0.0],[-71.15031,42.33685,0.0],[-71.15011,42.3372,0.0],[-71.14984,42.33767,0.0],[-71.14966,42.33799,0.0],[-71.14947,42.33829,0.0],[-71.14929,42.33864,0.0],[-71.14885,42.33937,0.0],[-71.1487,42.33955,0.0],[-71.14838,42.33991,0.0],[-71.14808,42.34018,0.0],[-71.14757,42.34062,0.0],[-71.14733,42.34085,0.0],[-71.14698,42.3412,0.0],[-71.14689,42.34133,0.0],[-71.14686,42.34138,0.0],[-71.14682,42.34145,0.0],[-71.14652,42.34147,0.0],[-71.14633,42.34148,0.0],[-71.1458,42.34159,0.0],[-71.14587,42.34178,0.0],[-71.14592,42.34191,0.0],[-71.14548,42.34202,0.0],[-71.14512,42.34215,0.0],[-71.14473,42.34233,0.0],[-71.14436,42.34253,0.0],[-71.14407,42.34275,0.0],[-71.14382,42.34299,0.0],[-71.14366,42.34315,0.0],[-71.14359,42.34323,0.0],[-71.14343,42.34346,0.0],[-71.14311,42.34389,0.0],[-71.14279,42.34438,0.0],[-71.1427,42.34452,0.0],[-71.14244,42.34488,0.0],[-71.14231,42.34508,0.0],[-71.14209,42.34545,0.0],[-71.14173,42.34598,0.0],[-71.1417,42.34603,0.0],[-71.14145,42.34594,0.0],[-71.14124,42.34586,0.0],[-71.1412,42.34584,0.0],[-71.14075,42.34564,0.0],[-71.14052,42.34553,0.0],[-71.14017,42.34533,0.0],[-71.1398,42.3451,0.0],[-71.13955,42.34495,0.0],[-71.13905,42.34462,0.0],[-71.13839,42.34423,0.0],[-71.13825,42.34413,0.0],[-71.13782,42.34388,0.0]]]]}},{"type":"Feature","properties":{"uesi_id":"USA_R2315704","nbhd_code":"USA_R2315704_10","nbhd_name":"14000US25025000704"},"geometry":{"type":"MultiPolygon","coordinates":[[[[-71.13211,42.35307,0.0],[-71.13209,42.35302,0.0],[-71.13208,42.35295,0.0],[-71.13193,42.35239,0.0],[-71.13181,42.35202,0.0],[-71.1316,42.35145,0.0],[-71.13145,42.35116,0.0],[-71.13107,42.35051,0.0],[-71.13104,42.35044,0.0],[-71.13104,42.35043,0.0],[-71.13102,42.35041,0.0],[-71.13098,42.35034,0.0],[-71.13094,42.35027,0.0],[-71.13087,42.35014,0.0],[-71.13067,42.34987,0.0],[-71.13037,42.34954,0.0],[-71.13007,42.34926,0.0],[-71.13003,42.34923,0.0],[-71.1299,42.34907,0.0],[-71.12975,42.34886,0.0],[-71.13014,42.34867,0.0],[-71.13053,42.34848,0.0],[-71.13076,42.34838,0.0],[-71.13107,42.34822,0.0],[-71.13128,42.34813,0.0],[-71.13201,42.34778,0.0],[-71.13338,42.34713,0.0],[-71.13425,42.34659,0.0],[-71.13455,42.34674,0.0],[-71.13467,42.34686,0.0],[-71.13556,42.3476,0.0],[-71.13596,42.34797,0.0],[-71.13576,42.34798,0.0],[-71.13557,42.34801,0.0],[-71.13538,42.34806,0.0],[-71.13504,42.34817,0.0],[-71.13513,42.3483,0.0],[-71.13517,42.34837,0.0],[-71.13521,42.34843,0.0],[-71.13524,42.3485,0.0],[-71.13551,42.34878,0.0],[-71.13572,42.34905,0.0],[-71.1358,42.34918,0.0],[-71.13584,42.34928,0.0],[-71.13585,42.34939,0.0],[-71.13585,42.34946,0.0],[-71.13583,42.34958,0.0],[-71.13577,42.34973,0.0],[-71.13573,42.34985,0.0],[-71.13569,42.35,0.0],[-71.1359,42.35007,0.0],[-71.13618,42.35022,0.0],[-71.13638,42.3504,0.0],[-71.13615,42.3508,0.0],[-71.13589,42.35126,0.0],[-71.13574,42.35154,0.0],[-71.13564,42.3517,0.0],[-71.13555,42.35184,0.0],[-71.13511,42.35238,0.0],[-71.13452,42.35312,0.0],[-71.13446,42.35325,0.0],[-71.13456,42.35336,0.0],[-71.134,42.35329,0.0],[-71.13318,42.35319,0.0],[-71.13312,42.35318,0.0],[-71.13211,42.35307,0.0]]]]}},{"type":"Feature","properties":{"uesi_id":"USA_R2315704","nbhd_code":"USA_R2315704_11","nbhd_name":"14000US25025010103"},"geometry":{"type":"MultiPolygon","coordinates":[[[[-71.09778,42.3506,0.0],[-71.09781,42.35041,0.0],[-71.09781,42.35035,0.0],[-71.09777,42.35028,0.0],[-71.09762,42.35013,0.0],[-71.09763,42.34999,0.0],[-71.09761,42.34991,0.0],[-71.09746,42.3496,0.0],[-71.09717,42.34899,0.0],[-71.09734,42.34881,0.0],[-71.09762,42.34875,0.0],[-71.09826,42.34858,0.0],[-71.09884,42.34841,0.0],[-71.09949,42.34824,0.0],[-71.10056,42.34793,0.0],[-71.10098,42.34781,0.0],[-71.10114,42.34777,0.0],[-71.10159,42.34783,0.0],[-71.10331,42.3481,0.0],[-71.10468,42.34834,0.0],[-71.1052,42.34845,0.0],[-71.10683,42.34876,0.0],[-71.10682,42.34878,0.0],[-71.10681,42.34883,0.0],[-71.10681,42.34884,0.0],[-71.1068,42.34888,0.0],[-71.1068,42.34889,0.0],[-71.10679,42.34893,0.0],[-71.10677,42.34902,0.0],[-71.10677,42.34906,0.0],[-71.10675,42.34911,0.0],[-71.10672,42.34926,0.0],[-71.10671,42.34931,0.0],[-71.1067,42.34933,0.0],[-71.10669,42.34941,0.0],[-71.10668,42.34944,0.0],[-71.10667,42.3495,0.0],[-71.10662,42.3497,0.0],[-71.10661,42.34976,0.0],[-71.1066,42.34979,0.0],[-71.10658,42.34989,0.0],[-71.10657,42.34992,0.0],[-71.10664,42.34993,0.0],[-71.10683,42.34995,0.0],[-71.10691,42.34996,0.0],[-71.1073,42.35001,0.0],[-71.10849,42.35016,0.0],[-71.10888,42.3502,0.0],[-71.10899,42.35022,0.0],[-71.10931,42.35026,0.0],[-71.10942,42.35027,0.0],[-71.1095,42.35028,0.0],[-71.10975,42.3503,0.0],[-71.10983,42.35031,0.0],[-71.10995,42.35032,0.0],[-71.1103,42.35037,0.0],[-71.11042,42.35039,0.0],[-71.1105,42.3504,0.0],[-71.11075,42.35043,0.0],[-71.11083,42.35045,0.0],[-71.11088,42.35045,0.0],[-71.11089,42.35045,0.0],[-71.11092,42.35045,0.0],[-71.11094,42.35045,0.0],[-71.11093,42.35048,0.0],[-71.11093,42.3505,0.0],[-71.11092,42.35055,0.0],[-71.1109,42.35065,0.0],[-71.1109,42.35067,0.0],[-71.11088,42.35079,0.0],[-71.11082,42.35121,0.0],[-71.11071,42.35183,0.0],[-71.11058,42.35182,0.0],[-71.10949,42.35172,0.0],[-71.10869,42.35163,0.0],[-71.10813,42.35158,0.0],[-71.10819,42.35155,0.0],[-71.10827,42.35154,0.0],[-71.10896,42.35157,0.0],[-71.10913,42.35157,0.0],[-71.10924,42.35155,0.0],[-71.10931,42.3515,0.0],[-71.109,42.3514,0.0],[-71.10885,42.35138,0.0],[-71.10869,42.35139,0.0],[-71.10847,42.35142,0.0],[-71.10832,42.35145,0.0],[-71.10662,42.35122,0.0],[-71.10658,42.3512,0.0],[-71.10652,42.35115,0.0],[-71.10644,42.35111,0.0],[-71.10626,42.35109,0.0],[-71.10492,42.351,0.0],[-71.10455,42.35097,0.0],[-71.10447,42.35096,0.0],[-71.10443,42.35098,0.0],[-71.1042,42.35102,0.0],[-71.10407,42.35103,0.0],[-71.10391,42.35104,0.0],[-71.10332,42.35099,0.0],[-71.10211,42.3509,0.0],[-71.10026,42.35079,0.0],[-71.09947,42.35072,0.0],[-71.09778,42.3506,0.0]]]]}},{"type":"Feature","properties":{"uesi_id":"USA_R2315704","nbhd_code":"USA_R2315704_12","nbhd_name":"14000US25025000803"},"geometry":{"type":"MultiPolygon","coordinates":[[[[-71.11071,42.35183,0.0],[-71.11082,42.35121,0.0],[-71.11088,42.35079,0.0],[-71.1109,42.35067,0.0],[-71.1109,42.35065,0.0],[-71.11092,42.35055,0.0],[-71.11093,42.3505,0.0],[-71.11093,42.35048,0.0],[-71.11094,42.35045,0.0],[-71.11111,42.35048,0.0],[-71.11128,42.3505,0.0],[-71.11151,42.35052,0.0],[-71.11322,42.35073,0.0],[-71.11364,42.35078,0.0],[-71.11378,42.35079,0.0],[-71.11401,42.35082,0.0],[-71.11409,42.35082,0.0],[-71.1147,42.35089,0.0],[-71.11493,42.35092,0.0],[-71.11511,42.35094,0.0],[-71.11563,42.351,0.0],[-71.11581,42.35103,0.0],[-71.11609,42.35106,0.0],[-71.11695,42.35118,0.0],[-71.11724,42.35121,0.0],[-71.11745,42.35124,0.0],[-71.11807,42.35131,0.0],[-71.11828,42.35133,0.0],[-71.11831,42.35134,0.0],[-71.11834,42.35134,0.0],[-71.11841,42.35135,0.0],[-71.11844,42.35135,0.0],[-71.11881,42.35139,0.0],[-71.11972,42.3515,0.0],[-71.11992,42.35152,0.0],[-71.12029,42.35157,0.0],[-71.12049,42.35159,0.0],[-71.12054,42.35159,0.0],[-71.12111,42.35166,0.0],[-71.12131,42.35168,0.0],[-71.12128,42.35179,0.0],[-71.12126,42.35188,0.0],[-71.12111,42.35254,0.0],[-71.12104,42.3529,0.0],[-71.12099,42.35311,0.0],[-71.12083,42.35383,0.0],[-71.12069,42.35449,0.0],[-71.12073,42.35462,0.0],[-71.12164,42.35475,0.0],[-71.12285,42.35493,0.0],[-71.12478,42.3552,0.0],[-71.12616,42.3554,0.0],[-71.12727,42.35556,0.0],[-71.12841,42.35571,0.0],[-71.12991,42.35593,0.0],[-71.13027,42.35597,0.0],[-71.13119,42.3561,0.0],[-71.1314,42.35611,0.0],[-71.13128,42.35617,0.0],[-71.1308,42.35634,0.0],[-71.13074,42.35637,0.0],[-71.13023,42.35649,0.0],[-71.12972,42.35666,0.0],[-71.12952,42.35673,0.0],[-71.12803,42.35727,0.0],[-71.12706,42.35763,0.0],[-71.12653,42.35783,0.0],[-71.12642,42.35786,0.0],[-71.12578,42.35807,0.0],[-71.12487,42.35837,0.0],[-71.12386,42.35873,0.0],[-71.12376,42.35877,0.0],[-71.12332,42.35894,0.0],[-71.12318,42.35901,0.0],[-71.12325,42.3591,0.0],[-71.12336,42.35928,0.0],[-71.12346,42.35944,0.0],[-71.12371,42.35975,0.0],[-71.12383,42.35993,0.0],[-71.12447,42.36076,0.0],[-71.12458,42.36089,0.0],[-71.12483,42.36119,0.0],[-71.12491,42.36134,0.0],[-71.12493,42.36144,0.0],[-71.1249,42.36161,0.0],[-71.12483,42.36193,0.0],[-71.12475,42.36224,0.0],[-71.12468,42.36247,0.0],[-71.12463,42.36257,0.0],[-71.12456,42.36268,0.0],[-71.12441,42.36284,0.0],[-71.12423,42.36295,0.0],[-71.12407,42.36302,0.0],[-71.12385,42.36308,0.0],[-71.12361,42.36312,0.0],[-71.12341,42.36313,0.0],[-71.12315,42.3631,0.0],[-71.12301,42.36308,0.0],[-71.12288,42.36306,0.0],[-71.12293,42.36327,0.0],[-71.12296,42.36346,0.0],[-71.12296,42.36348,0.0],[-71.12299,42.36361,0.0],[-71.12304,42.36376,0.0],[-71.12332,42.36375,0.0],[-71.12474,42.36362,0.0],[-71.12502,42.36359,0.0],[-71.12545,42.36356,0.0],[-71.12615,42.3635,0.0],[-71.12656,42.36346,0.0],[-71.12802,42.36335,0.0],[-71.12877,42.36329,0.0],[-71.12976,42.36321,0.0],[-71.1296,42.36334,0.0],[-71.12938,42.3635,0.0],[-71.12891,42.36384,0.0],[-71.12823,42.36434,0.0],[-71.12803,42.36449,0.0],[-71.12748,42.36488,0.0],[-71.12663,42.3655,0.0],[-71.12645,42.36563,0.0],[-71.12631,42.36576,0.0],[-71.12627,42.36578,0.0],[-71.12595,42.36605,0.0],[-71.12557,42.36641,0.0],[-71.12521,42.36679,0.0],[-71.12498,42.36701,0.0],[-71.12463,42.36738,0.0],[-71.1238,42.36826,0.0],[-71.12374,42.36833,0.0],[-71.1236,42.36828,0.0],[-71.12299,42.36806,0.0],[-71.12266,42.36797,0.0],[-71.12235,42.36789,0.0],[-71.12196,42.36782,0.0],[-71.12175,42.3678,0.0],[-71.12123,42.36776,0.0],[-71.12069,42.36773,0.0],[-71.12023,42.36774,0.0],[-71.12001,42.36772,0.0],[-71.11979,42.36768,0.0],[-71.11953,42.36763,0.0],[-71.11921,42.36755,0.0],[-71.11907,42.36748,0.0],[-71.11885,42.36737,0.0],[-71.11858,42.36717,0.0],[-71.11835,42.36692,0.0],[-71.1182,42.36669,0.0],[-71.11811,42.36647,0.0],[-71.11806,42.36624,0.0],[-71.11805,42.36603,0.0],[-71.11808,42.36572,0.0],[-71.11805,42.3652,0.0],[-71.11804,42.36458,0.0],[-71.11804,42.36419,0.0],[-71.11805,42.36407,0.0],[-71.11803,42.36345,0.0],[-71.11801,42.36327,0.0],[-71.11768,42.36108,0.0],[-71.11766,42.361,0.0],[-71.11765,42.36092,0.0],[-71.11763,42.36074,0.0],[-71.11752,42.36004,0.0],[-71.1175,42.35987,0.0],[-71.1175,42.35973,0.0],[-71.11753,42.35942,0.0],[-71.11757,42.35922,0.0],[-71.1177,42.35884,0.0],[-71.11811,42.35765,0.0],[-71.11831,42.35711,0.0],[-71.11836,42.35693,0.0],[-71.11838,42.35679,0.0],[-71.1184,42.3567,0.0],[-71.11842,42.35655,0.0],[-71.11842,42.35636,0.0],[-71.11841,42.35612,0.0],[-71.1184,42.35601,0.0],[-71.11836,42.35579,0.0],[-71.11829,42.35551,0.0],[-71.11821,42.35527,0.0],[-71.11809,42.35503,0.0],[-71.11796,42.35482,0.0],[-71.11793,42.35477,0.0],[-71.11783,42.35464,0.0],[-71.11763,42.35443,0.0],[-71.11747,42.35428,0.0],[-71.11724,42.35412,0.0],[-71.11719,42.35408,0.0],[-71.11705,42.35398,0.0],[-71.11619,42.35353,0.0],[-71.11542,42.35309,0.0],[-71.11503,42.35288,0.0],[-71.11446,42.35256,0.0],[-71.11412,42.3524,0.0],[-71.11381,42.35227,0.0],[-71.11345,42.35215,0.0],[-71.11317,42.35208,0.0],[-71.11288,42.35202,0.0],[-71.11249,42.35196,0.0],[-71.11224,42.35194,0.0],[-71.11157,42.35189,0.0],[-71.11147,42.35189,0.0],[-71.11071,42.35183,0.0]]]]}},{"type":"Feature","properties":{"uesi_id":"USA_R2315704","nbhd_code":"USA_R2315704_13","nbhd_name":"14000US25025980300"},"geometry":{"type":"MultiPolygon","coordinates":[[[[-71.09217,42.30987,0.0],[-71.0919,42.30967,0.0],[-71.09109,42.30906,0.0],[-71.09071,42.30879,0.0],[-71.08991,42.30818,0.0],[-71.08924,42.30765,0.0],[-71.08908,42.30754,0.0],[-71.08859,42.30724,0.0],[-71.08846,42.30717,0.0],[-71.08823,42.30705,0.0],[-71.08792,42.30691,0.0],[-71.08748,42.30668,0.0],[-71.08726,42.30655,0.0],[-71.08657,42.30612,0.0],[-71.08616,42.30588,0.0],[-71.08556,42.30554,0.0],[-71.0853,42.30542,0.0],[-71.08509,42.30525,0.0],[-71.08501,42.30518,0.0],[-71.08496,42.30509,0.0],[-71.08493,42.305,0.0],[-71.08491,42.30491,0.0],[-71.08492,42.30444,0.0],[-71.085,42.30419,0.0],[-71.08525,42.30345,0.0],[-71.08536,42.3031,0.0],[-71.08556,42.3025,0.0],[-71.08573,42.30196,0.0],[-71.0859,42.30139,0.0],[-71.08592,42.30134,0.0],[-71.08616,42.30064,0.0],[-71.08626,42.3004,0.0],[-71.0864,42.30001,0.0],[-71.08654,42.29957,0.0],[-71.08669,42.29911,0.0],[-71.08679,42.29878,0.0],[-71.08694,42.29837,0.0],[-71.08699,42.29815,0.0],[-71.08742,42.29805,0.0],[-71.0886,42.29775,0.0],[-71.08964,42.29751,0.0],[-71.09006,42.2974,0.0],[-71.09048,42.29727,0.0],[-71.09092,42.29712,0.0],[-71.09118,42.29701,0.0],[-71.09135,42.29693,0.0],[-71.09144,42.29687,0.0],[-71.09157,42.29676,0.0],[-71.09172,42.29657,0.0],[-71.09221,42.29589,0.0],[-71.09233,42.29576,0.0],[-71.09258,42.29544,0.0],[-71.09317,42.29462,0.0],[-71.09323,42.29455,0.0],[-71.09427,42.29331,0.0],[-71.09435,42.29323,0.0],[-71.09444,42.29313,0.0],[-71.09458,42.29299,0.0],[-71.09484,42.29273,0.0],[-71.09538,42.29225,0.0],[-71.09576,42.29198,0.0],[-71.09579,42.29205,0.0],[-71.09603,42.29257,0.0],[-71.0962,42.29294,0.0],[-71.09633,42.29316,0.0],[-71.0964,42.29324,0.0],[-71.09662,42.29347,0.0],[-71.0969,42.29374,0.0],[-71.0974,42.29423,0.0],[-71.09885,42.29565,0.0],[-71.099,42.29579,0.0],[-71.09916,42.29595,0.0],[-71.09947,42.29625,0.0],[-71.09982,42.29658,0.0],[-71.10022,42.29697,0.0],[-71.10186,42.29852,0.0],[-71.10259,42.29918,0.0],[-71.10295,42.2995,0.0],[-71.10329,42.29981,0.0],[-71.10349,42.29994,0.0],[-71.10362,42.30002,0.0],[-71.10376,42.30009,0.0],[-71.10393,42.30014,0.0],[-71.10405,42.30018,0.0],[-71.10409,42.30019,0.0],[-71.10427,42.30024,0.0],[-71.10466,42.30028,0.0],[-71.10502,42.30029,0.0],[-71.1052,42.30031,0.0],[-71.10535,42.30032,0.0],[-71.10578,42.30038,0.0],[-71.10591,42.30041,0.0],[-71.10598,42.30043,0.0],[-71.10606,42.30045,0.0],[-71.10612,42.30051,0.0],[-71.10618,42.3006,0.0],[-71.10626,42.30073,0.0],[-71.10635,42.30081,0.0],[-71.10644,42.30086,0.0],[-71.1065,42.30087,0.0],[-71.10655,42.30088,0.0],[-71.10666,42.30089,0.0],[-71.10674,42.30094,0.0],[-71.10678,42.30097,0.0],[-71.1068,42.301,0.0],[-71.10681,42.30103,0.0],[-71.10678,42.30107,0.0],[-71.1067,42.30116,0.0],[-71.10645,42.30131,0.0],[-71.10624,42.30142,0.0],[-71.10594,42.30156,0.0],[-71.1057,42.30167,0.0],[-71.10558,42.30175,0.0],[-71.1055,42.30181,0.0],[-71.10523,42.30202,0.0],[-71.10496,42.30223,0.0],[-71.10485,42.30233,0.0],[-71.10456,42.30259,0.0],[-71.10434,42.30277,0.0],[-71.10407,42.30299,0.0],[-71.10387,42.30317,0.0],[-71.10376,42.3033,0.0],[-71.10341,42.30369,0.0],[-71.1033,42.30384,0.0],[-71.10325,42.30398,0.0],[-71.10322,42.30419,0.0],[-71.10317,42.30451,0.0],[-71.10313,42.30466,0.0],[-71.10308,42.3048,0.0],[-71.103,42.30494,0.0],[-71.10286,42.30507,0.0],[-71.10276,42.30518,0.0],[-71.10271,42.30528,0.0],[-71.10269,42.30542,0.0],[-71.10267,42.30566,0.0],[-71.1027,42.30604,0.0],[-71.10244,42.30601,0.0],[-71.10173,42.30588,0.0],[-71.10149,42.3064,0.0],[-71.10064,42.3062,0.0],[-71.10019,42.30736,0.0],[-71.10045,42.30751,0.0],[-71.10025,42.30801,0.0],[-71.09995,42.30791,0.0],[-71.10006,42.30821,0.0],[-71.09904,42.30889,0.0],[-71.09906,42.3092,0.0],[-71.0989,42.30925,0.0],[-71.09854,42.3094,0.0],[-71.09832,42.30951,0.0],[-71.09819,42.30959,0.0],[-71.09807,42.30973,0.0],[-71.09798,42.30989,0.0],[-71.09793,42.31004,0.0],[-71.0979,42.31022,0.0],[-71.09787,42.31045,0.0],[-71.09787,42.31059,0.0],[-71.09786,42.31094,0.0],[-71.09785,42.31108,0.0],[-71.09783,42.31127,0.0],[-71.0978,42.31143,0.0],[-71.09775,42.31155,0.0],[-71.09764,42.31169,0.0],[-71.09749,42.31187,0.0],[-71.0973,42.31202,0.0],[-71.09709,42.31216,0.0],[-71.09702,42.31219,0.0],[-71.09683,42.31225,0.0],[-71.09658,42.31232,0.0],[-71.09639,42.3124,0.0],[-71.09625,42.3125,0.0],[-71.09598,42.31268,0.0],[-71.09554,42.313,0.0],[-71.09536,42.31314,0.0],[-71.09515,42.31329,0.0],[-71.09482,42.31308,0.0],[-71.09466,42.313,0.0],[-71.09462,42.31298,0.0],[-71.09427,42.31285,0.0],[-71.09411,42.31278,0.0],[-71.09398,42.3127,0.0],[-71.09386,42.31259,0.0],[-71.09375,42.31246,0.0],[-71.09364,42.31227,0.0],[-71.09357,42.31207,0.0],[-71.09355,42.31187,0.0],[-71.09354,42.3118,0.0],[-71.09344,42.31138,0.0],[-71.0933,42.311,0.0],[-71.09313,42.31073,0.0],[-71.09298,42.31056,0.0],[-71.09295,42.31053,0.0],[-71.09269,42.31028,0.0],[-71.09217,42.30987,0.0]]]]}},{"type":"Feature","properties":{"uesi_id":"USA_R2315704","nbhd_code":"USA_R2315704_14","nbhd_name":"14000US25025120201"},"geometry":{"type":"MultiPolygon","coordinates":[[[[-71.1027,42.30604,0.0],[-71.10267,42.30566,0.0],[-71.10269,42.30542,0.0],[-71.10271,42.30528,0.0],[-71.10276,42.30518,0.0],[-71.10286,42.30507,0.0],[-71.103,42.30494,0.0],[-71.10308,42.3048,0.0],[-71.10313,42.30466,0.0],[-71.10317,42.30451,0.0],[-71.10322,42.30419,0.0],[-71.10325,42.30398,0.0],[-71.1033,42.30384,0.0],[-71.10341,42.30369,0.0],[-71.10376,42.3033,0.0],[-71.10387,42.30317,0.0],[-71.10407,42.30299,0.0],[-71.10434,42.30277,0.0],[-71.10456,42.30259,0.0],[-71.10485,42.30233,0.0],[-71.10496,42.30223,0.0],[-71.10523,42.30202,0.0],[-71.1055,42.30181,0.0],[-71.10558,42.30175,0.0],[-71.1057,42.30167,0.0],[-71.10594,42.30156,0.0],[-71.10624,42.30142,0.0],[-71.10645,42.30131,0.0],[-71.1067,42.30116,0.0],[-71.10678,42.30107,0.0],[-71.10681,42.30103,0.0],[-71.1068,42.301,0.0],[-71.10678,42.30097,0.0],[-71.10674,42.30094,0.0],[-71.10666,42.30089,0.0],[-71.10711,42.30096,0.0],[-71.10743,42.30086,0.0],[-71.10746,42.30089,0.0],[-71.10767,42.30101,0.0],[-71.10789,42.30111,0.0],[-71.10808,42.30119,0.0],[-71.10841,42.3013,0.0],[-71.10879,42.30138,0.0],[-71.10903,42.30141,0.0],[-71.10938,42.30142,0.0],[-71.1103,42.30141,0.0],[-71.11205,42.30138,0.0],[-71.1125,42.30138,0.0],[-71.11266,42.30138,0.0],[-71.11324,42.30139,0.0],[-71.11343,42.3014,0.0],[-71.11362,42.30142,0.0],[-71.11372,42.30144,0.0],[-71.11403,42.30152,0.0],[-71.11421,42.30156,0.0],[-71.11451,42.30165,0.0],[-71.11448,42.30177,0.0],[-71.11446,42.30191,0.0],[-71.11445,42.30218,0.0],[-71.11445,42.30225,0.0],[-71.11445,42.30234,0.0],[-71.11447,42.30252,0.0],[-71.11454,42.30287,0.0],[-71.11458,42.30304,0.0],[-71.1147,42.30355,0.0],[-71.1147,42.30364,0.0],[-71.1147,42.30391,0.0],[-71.11471,42.30423,0.0],[-71.1147,42.30457,0.0],[-71.11467,42.30486,0.0],[-71.11465,42.30513,0.0],[-71.11465,42.30533,0.0],[-71.11467,42.3055,0.0],[-71.11474,42.30561,0.0],[-71.11477,42.30567,0.0],[-71.11481,42.30577,0.0],[-71.11487,42.30587,0.0],[-71.11492,42.30595,0.0],[-71.1151,42.30631,0.0],[-71.11525,42.30664,0.0],[-71.11495,42.30669,0.0],[-71.11443,42.30674,0.0],[-71.11385,42.30681,0.0],[-71.11259,42.30692,0.0],[-71.11173,42.30701,0.0],[-71.11155,42.30704,0.0],[-71.11097,42.30709,0.0],[-71.11093,42.30709,0.0],[-71.11062,42.3071,0.0],[-71.11041,42.30709,0.0],[-71.11058,42.30684,0.0],[-71.11065,42.30674,0.0],[-71.11069,42.30664,0.0],[-71.11073,42.30649,0.0],[-71.1108,42.30615,0.0],[-71.11055,42.30614,0.0],[-71.11034,42.30609,0.0],[-71.1103,42.30608,0.0],[-71.10933,42.30753,0.0],[-71.10881,42.30828,0.0],[-71.10766,42.31011,0.0],[-71.10735,42.31063,0.0],[-71.107,42.31047,0.0],[-71.10644,42.31024,0.0],[-71.10617,42.31013,0.0],[-71.10611,42.3101,0.0],[-71.10565,42.30989,0.0],[-71.10541,42.3098,0.0],[-71.10489,42.30957,0.0],[-71.10456,42.30944,0.0],[-71.10437,42.30939,0.0],[-71.10295,42.30901,0.0],[-71.10245,42.30889,0.0],[-71.10251,42.30875,0.0],[-71.10254,42.30862,0.0],[-71.10254,42.30848,0.0],[-71.10254,42.30829,0.0],[-71.10255,42.3078,0.0],[-71.10257,42.30766,0.0],[-71.10263,42.30727,0.0],[-71.1027,42.30685,0.0],[-71.10272,42.30664,0.0],[-71.10272,42.30643,0.0],[-71.1027,42.30604,0.0]]]]}},{"type":"Feature","properties":{"uesi_id":"USA_R2315704","nbhd_code":"USA_R2315704_15","nbhd_name":"14000US25025120104"},"geometry":{"type":"MultiPolygon","coordinates":[[[[-71.11525,42.30664,0.0],[-71.1151,42.30631,0.0],[-71.11492,42.30595,0.0],[-71.11487,42.30587,0.0],[-71.11481,42.30577,0.0],[-71.11477,42.30567,0.0],[-71.11474,42.30561,0.0],[-71.11467,42.3055,0.0],[-71.11465,42.30533,0.0],[-71.11465,42.30513,0.0],[-71.11467,42.30486,0.0],[-71.1147,42.30457,0.0],[-71.11471,42.30423,0.0],[-71.1147,42.30391,0.0],[-71.1147,42.30364,0.0],[-71.1147,42.30355,0.0],[-71.11458,42.30304,0.0],[-71.11454,42.30287,0.0],[-71.11447,42.30252,0.0],[-71.11445,42.30234,0.0],[-71.11445,42.30225,0.0],[-71.11445,42.30218,0.0],[-71.11446,42.30191,0.0],[-71.11448,42.30177,0.0],[-71.11451,42.30165,0.0],[-71.11469,42.30173,0.0],[-71.11491,42.30184,0.0],[-71.11514,42.30197,0.0],[-71.11543,42.30212,0.0],[-71.11577,42.30224,0.0],[-71.11605,42.30232,0.0],[-71.11637,42.30239,0.0],[-71.11668,42.30243,0.0],[-71.11705,42.30246,0.0],[-71.11731,42.30249,0.0],[-71.11766,42.30256,0.0],[-71.11811,42.30269,0.0],[-71.11845,42.30282,0.0],[-71.1188,42.303,0.0],[-71.11915,42.30326,0.0],[-71.11941,42.30352,0.0],[-71.11965,42.30383,0.0],[-71.11979,42.30406,0.0],[-71.12,42.30458,0.0],[-71.12008,42.30487,0.0],[-71.12008,42.30504,0.0],[-71.12007,42.3052,0.0],[-71.12003,42.30534,0.0],[-71.1199,42.30564,0.0],[-71.11976,42.30596,0.0],[-71.11961,42.30631,0.0],[-71.11954,42.30652,0.0],[-71.11952,42.30672,0.0],[-71.11957,42.30707,0.0],[-71.11963,42.3073,0.0],[-71.11966,42.30738,0.0],[-71.1198,42.30768,0.0],[-71.11984,42.3078,0.0],[-71.12001,42.30809,0.0],[-71.12025,42.30836,0.0],[-71.12035,42.30843,0.0],[-71.12062,42.30858,0.0],[-71.1208,42.30865,0.0],[-71.12099,42.30869,0.0],[-71.12117,42.3087,0.0],[-71.12146,42.30869,0.0],[-71.12136,42.30874,0.0],[-71.1213,42.30879,0.0],[-71.12119,42.3089,0.0],[-71.12121,42.30901,0.0],[-71.12124,42.30909,0.0],[-71.12137,42.30924,0.0],[-71.12115,42.30914,0.0],[-71.12073,42.30902,0.0],[-71.1205,42.30902,0.0],[-71.12013,42.30896,0.0],[-71.11954,42.30888,0.0],[-71.11913,42.30882,0.0],[-71.11887,42.30879,0.0],[-71.11865,42.30877,0.0],[-71.11847,42.30876,0.0],[-71.11839,42.30876,0.0],[-71.11825,42.30878,0.0],[-71.118,42.30881,0.0],[-71.11731,42.30896,0.0],[-71.11716,42.30899,0.0],[-71.11672,42.30911,0.0],[-71.11653,42.30917,0.0],[-71.11642,42.30922,0.0],[-71.11621,42.30932,0.0],[-71.11606,42.30944,0.0],[-71.11583,42.30961,0.0],[-71.11566,42.30968,0.0],[-71.11547,42.30968,0.0],[-71.11551,42.30961,0.0],[-71.11555,42.30947,0.0],[-71.11558,42.30931,0.0],[-71.11558,42.3092,0.0],[-71.11558,42.30895,0.0],[-71.11556,42.30848,0.0],[-71.11553,42.30807,0.0],[-71.11551,42.30766,0.0],[-71.11548,42.3074,0.0],[-71.11545,42.30726,0.0],[-71.11541,42.30708,0.0],[-71.11539,42.30701,0.0],[-71.11534,42.30685,0.0],[-71.11525,42.30664,0.0]]]]}},{"type":"Feature","properties":{"uesi_id":"USA_R2315704","nbhd_code":"USA_R2315704_16","nbhd_name":"14000US25025110607"},"geometry":{"type":"MultiPolygon","coordinates":[[[[-71.12308,42.29374,0.0],[-71.12281,42.29354,0.0],[-71.1228,42.29343,0.0],[-71.1228,42.29332,0.0],[-71.12286,42.29319,0.0],[-71.12308,42.29294,0.0],[-71.12352,42.29243,0.0],[-71.12378,42.29214,0.0],[-71.12392,42.29194,0.0],[-71.12403,42.29169,0.0],[-71.12418,42.2914,0.0],[-71.12428,42.29124,0.0],[-71.12442,42.29111,0.0],[-71.12477,42.2908,0.0],[-71.1256,42.29004,0.0],[-71.12574,42.28987,0.0],[-71.12578,42.28974,0.0],[-71.12583,42.2893,0.0],[-71.12589,42.28892,0.0],[-71.12593,42.28877,0.0],[-71.12591,42.28871,0.0],[-71.12581,42.28862,0.0],[-71.12597,42.28849,0.0],[-71.12631,42.28816,0.0],[-71.12655,42.28793,0.0],[-71.12684,42.28765,0.0],[-71.12705,42.28747,0.0],[-71.12766,42.28707,0.0],[-71.12791,42.28698,0.0],[-71.12817,42.28692,0.0],[-71.1283,42.28692,0.0],[-71.12864,42.28694,0.0],[-71.12878,42.28695,0.0],[-71.12896,42.28699,0.0],[-71.12912,42.28703,0.0],[-71.12928,42.28709,0.0],[-71.12938,42.28714,0.0],[-71.12956,42.28722,0.0],[-71.1297,42.28719,0.0],[-71.13006,42.28708,0.0],[-71.13056,42.28691,0.0],[-71.13095,42.28679,0.0],[-71.13117,42.28671,0.0],[-71.13166,42.28658,0.0],[-71.13183,42.28654,0.0],[-71.13226,42.28647,0.0],[-71.13306,42.28638,0.0],[-71.13338,42.28636,0.0],[-71.13385,42.28633,0.0],[-71.13423,42.28632,0.0],[-71.13523,42.28631,0.0],[-71.137,42.28627,0.0],[-71.13742,42.28626,0.0],[-71.13762,42.28626,0.0],[-71.1382,42.28623,0.0],[-71.13865,42.2862,0.0],[-71.13933,42.28617,0.0],[-71.14055,42.28614,0.0],[-71.14191,42.28612,0.0],[-71.1432,42.28609,0.0],[-71.14436,42.28606,0.0],[-71.1449,42.28606,0.0],[-71.14517,42.28605,0.0],[-71.14579,42.28604,0.0],[-71.14626,42.28603,0.0],[-71.1465,42.28603,0.0],[-71.14705,42.28603,0.0],[-71.14739,42.28602,0.0],[-71.14778,42.286,0.0],[-71.14777,42.28628,0.0],[-71.14775,42.28657,0.0],[-71.14775,42.28666,0.0],[-71.14768,42.28683,0.0],[-71.14765,42.28692,0.0],[-71.14757,42.28702,0.0],[-71.14742,42.28713,0.0],[-71.14734,42.28723,0.0],[-71.14732,42.28733,0.0],[-71.14732,42.28742,0.0],[-71.14684,42.28756,0.0],[-71.1465,42.28767,0.0],[-71.14593,42.28787,0.0],[-71.14587,42.2879,0.0],[-71.14552,42.28802,0.0],[-71.14512,42.28812,0.0],[-71.14478,42.2882,0.0],[-71.14464,42.28824,0.0],[-71.14416,42.28835,0.0],[-71.14305,42.28861,0.0],[-71.14293,42.28867,0.0],[-71.14278,42.28875,0.0],[-71.14274,42.28878,0.0],[-71.14273,42.28879,0.0],[-71.14244,42.28904,0.0],[-71.14203,42.28941,0.0],[-71.14172,42.28965,0.0],[-71.14115,42.29013,0.0],[-71.14101,42.29024,0.0],[-71.14038,42.29077,0.0],[-71.13975,42.29131,0.0],[-71.13916,42.2918,0.0],[-71.1387,42.29219,0.0],[-71.13851,42.29234,0.0],[-71.1379,42.29285,0.0],[-71.13731,42.29336,0.0],[-71.1367,42.29384,0.0],[-71.13634,42.29413,0.0],[-71.13601,42.29444,0.0],[-71.13523,42.29512,0.0],[-71.13483,42.29544,0.0],[-71.13429,42.29591,0.0],[-71.13366,42.29637,0.0],[-71.13363,42.2964,0.0],[-71.1333,42.29662,0.0],[-71.13327,42.29664,0.0],[-71.13298,42.29684,0.0],[-71.1325,42.29705,0.0],[-71.13204,42.29725,0.0],[-71.13191,42.2973,0.0],[-71.1313,42.29754,0.0],[-71.13087,42.29774,0.0],[-71.13061,42.29788,0.0],[-71.1304,42.298,0.0],[-71.13037,42.29801,0.0],[-71.13009,42.29818,0.0],[-71.13007,42.29819,0.0],[-71.12993,42.29809,0.0],[-71.12988,42.29802,0.0],[-71.1298,42.29789,0.0],[-71.12982,42.29777,0.0],[-71.12982,42.29757,0.0],[-71.12973,42.29738,0.0],[-71.12956,42.29707,0.0],[-71.12945,42.29684,0.0],[-71.12939,42.29673,0.0],[-71.12935,42.29665,0.0],[-71.12933,42.29651,0.0],[-71.12933,42.29637,0.0],[-71.12936,42.29622,0.0],[-71.12943,42.29604,0.0],[-71.12953,42.29589,0.0],[-71.13021,42.29518,0.0],[-71.13044,42.29488,0.0],[-71.13058,42.29457,0.0],[-71.13061,42.29439,0.0],[-71.1306,42.29411,0.0],[-71.13055,42.29371,0.0],[-71.1292,42.29281,0.0],[-71.1293,42.29241,0.0],[-71.1276,42.29111,0.0],[-71.1269,42.29081,0.0],[-71.1264,42.29021,0.0],[-71.1242,42.29273,0.0],[-71.12313,42.29378,0.0],[-71.12308,42.29374,0.0]]]]}},{"type":"Feature","properties":{"uesi_id":"USA_R2315704","nbhd_code":"USA_R2315704_17","nbhd_name":"14000US25025000302"},"geometry":{"type":"MultiPolygon","coordinates":[[[[-71.16761,42.35061,0.0],[-71.16739,42.35058,0.0],[-71.16664,42.35051,0.0],[-71.16613,42.35044,0.0],[-71.16555,42.35032,0.0],[-71.16539,42.35028,0.0],[-71.16513,42.35018,0.0],[-71.16486,42.35005,0.0],[-71.16473,42.34997,0.0],[-71.1645,42.34982,0.0],[-71.16427,42.34967,0.0],[-71.16374,42.34934,0.0],[-71.16339,42.34914,0.0],[-71.16333,42.34912,0.0],[-71.16309,42.34905,0.0],[-71.16276,42.34903,0.0],[-71.16243,42.349,0.0],[-71.16214,42.349,0.0],[-71.16162,42.34897,0.0],[-71.1613,42.34897,0.0],[-71.16044,42.34892,0.0],[-71.16084,42.34835,0.0],[-71.16131,42.34758,0.0],[-71.16168,42.34701,0.0],[-71.16202,42.34652,0.0],[-71.16212,42.34638,0.0],[-71.16225,42.34623,0.0],[-71.16246,42.34592,0.0],[-71.16273,42.34558,0.0],[-71.16289,42.34543,0.0],[-71.16315,42.34526,0.0],[-71.16336,42.34512,0.0],[-71.16349,42.345,0.0],[-71.16362,42.34487,0.0],[-71.1638,42.34459,0.0],[-71.16403,42.34418,0.0],[-71.16421,42.34393,0.0],[-71.16443,42.34369,0.0],[-71.16483,42.3433,0.0],[-71.16533,42.34268,0.0],[-71.16584,42.34188,0.0],[-71.166,42.3416,0.0],[-71.16605,42.34148,0.0],[-71.1661,42.34113,0.0],[-71.16611,42.34082,0.0],[-71.16612,42.3406,0.0],[-71.16613,42.34044,0.0],[-71.16613,42.3401,0.0],[-71.16655,42.34004,0.0],[-71.1667,42.34002,0.0],[-71.16668,42.34011,0.0],[-71.16699,42.34047,0.0],[-71.16812,42.34193,0.0],[-71.16832,42.34218,0.0],[-71.16942,42.34354,0.0],[-71.17,42.34426,0.0],[-71.1719,42.34666,0.0],[-71.17232,42.34718,0.0],[-71.17317,42.34822,0.0],[-71.17342,42.34854,0.0],[-71.17427,42.34959,0.0],[-71.17471,42.35016,0.0],[-71.17458,42.35025,0.0],[-71.17283,42.35005,0.0],[-71.17244,42.35002,0.0],[-71.17223,42.35,0.0],[-71.17192,42.34996,0.0],[-71.17173,42.34992,0.0],[-71.17156,42.34986,0.0],[-71.1711,42.34971,0.0],[-71.17056,42.34951,0.0],[-71.1703,42.34944,0.0],[-71.17011,42.3494,0.0],[-71.16993,42.34939,0.0],[-71.1697,42.34942,0.0],[-71.16937,42.34952,0.0],[-71.16898,42.34965,0.0],[-71.16885,42.34975,0.0],[-71.16864,42.34999,0.0],[-71.16835,42.35035,0.0],[-71.16811,42.35067,0.0],[-71.16788,42.35066,0.0],[-71.16776,42.35063,0.0],[-71.16761,42.35061,0.0]]]]}},{"type":"Feature","properties":{"uesi_id":"USA_R2315704","nbhd_code":"USA_R2315704_18","nbhd_name":"14000US25025000301"},"geometry":{"type":"MultiPolygon","coordinates":[[[[-71.16761,42.35061,0.0],[-71.16776,42.35063,0.0],[-71.16788,42.35066,0.0],[-71.16811,42.35067,0.0],[-71.16835,42.35035,0.0],[-71.16864,42.34999,0.0],[-71.16885,42.34975,0.0],[-71.16898,42.34965,0.0],[-71.16937,42.34952,0.0],[-71.1697,42.34942,0.0],[-71.16993,42.34939,0.0],[-71.17011,42.3494,0.0],[-71.1703,42.34944,0.0],[-71.17056,42.34951,0.0],[-71.1711,42.34971,0.0],[-71.17156,42.34986,0.0],[-71.17173,42.34992,0.0],[-71.17192,42.34996,0.0],[-71.17223,42.35,0.0],[-71.17244,42.35002,0.0],[-71.17283,42.35005,0.0],[-71.17458,42.35025,0.0],[-71.17471,42.35016,0.0],[-71.1748,42.35027,0.0],[-71.1748,42.35044,0.0],[-71.1748,42.3508,0.0],[-71.17475,42.35092,0.0],[-71.17469,42.35107,0.0],[-71.17463,42.35122,0.0],[-71.17445,42.35168,0.0],[-71.1744,42.3518,0.0],[-71.17439,42.35183,0.0],[-71.1743,42.35215,0.0],[-71.17403,42.35309,0.0],[-71.174,42.3532,0.0],[-71.17387,42.35337,0.0],[-71.17364,42.35365,0.0],[-71.17297,42.35449,0.0],[-71.1728,42.3547,0.0],[-71.17274,42.35477,0.0],[-71.17243,42.3551,0.0],[-71.17151,42.35608,0.0],[-71.17149,42.3561,0.0],[-71.1712,42.3564,0.0],[-71.17103,42.35655,0.0],[-71.17051,42.35698,0.0],[-71.17034,42.35712,0.0],[-71.17026,42.35719,0.0],[-71.17002,42.35739,0.0],[-71.17,42.35741,0.0],[-71.16997,42.35747,0.0],[-71.16996,42.3575,0.0],[-71.16991,42.3576,0.0],[-71.1699,42.35763,0.0],[-71.16989,42.35765,0.0],[-71.16947,42.35806,0.0],[-71.16771,42.35799,0.0],[-71.16636,42.35797,0.0],[-71.16578,42.35796,0.0],[-71.16337,42.35795,0.0],[-71.16289,42.35796,0.0],[-71.16256,42.358,0.0],[-71.16213,42.35806,0.0],[-71.16187,42.35815,0.0],[-71.1619,42.35801,0.0],[-71.16199,42.35768,0.0],[-71.16203,42.35752,0.0],[-71.16205,42.35744,0.0],[-71.16208,42.35736,0.0],[-71.16209,42.35734,0.0],[-71.16228,42.35654,0.0],[-71.16233,42.35633,0.0],[-71.16244,42.35597,0.0],[-71.16256,42.35554,0.0],[-71.16261,42.35539,0.0],[-71.16279,42.35483,0.0],[-71.16337,42.3551,0.0],[-71.16422,42.35553,0.0],[-71.1643,42.35529,0.0],[-71.1645,42.35446,0.0],[-71.16457,42.35414,0.0],[-71.16466,42.35386,0.0],[-71.1648,42.35368,0.0],[-71.16487,42.35353,0.0],[-71.16502,42.3532,0.0],[-71.16509,42.35326,0.0],[-71.1652,42.35332,0.0],[-71.16532,42.35336,0.0],[-71.16562,42.35344,0.0],[-71.16588,42.35347,0.0],[-71.16651,42.3536,0.0],[-71.16711,42.35371,0.0],[-71.16764,42.3538,0.0],[-71.16775,42.35352,0.0],[-71.16782,42.35329,0.0],[-71.16783,42.3532,0.0],[-71.16781,42.35285,0.0],[-71.16775,42.35261,0.0],[-71.16769,42.35195,0.0],[-71.16758,42.35122,0.0],[-71.1676,42.35079,0.0],[-71.16761,42.35061,0.0]]]]}},{"type":"Feature","properties":{"uesi_id":"USA_R2315704","nbhd_code":"USA_R2315704_19","nbhd_name":"14000US25025140400"},"geometry":{"type":"MultiPolygon","coordinates":[[[[-71.11534,42.27805,0.0],[-71.11453,42.27738,0.0],[-71.11419,42.27711,0.0],[-71.11379,42.27686,0.0],[-71.11323,42.27659,0.0],[-71.1128,42.27637,0.0],[-71.11274,42.27633,0.0],[-71.1125,42.27621,0.0],[-71.11186,42.27589,0.0],[-71.11133,42.27563,0.0],[-71.11126,42.27559,0.0],[-71.11082,42.27536,0.0],[-71.11037,42.27507,0.0],[-71.10981,42.27477,0.0],[-71.10964,42.27468,0.0],[-71.10948,42.27459,0.0],[-71.10932,42.27446,0.0],[-71.10919,42.27437,0.0],[-71.10864,42.27373,0.0],[-71.10842,42.27351,0.0],[-71.10803,42.27312,0.0],[-71.10764,42.27271,0.0],[-71.10718,42.27221,0.0],[-71.10689,42.27198,0.0],[-71.1067,42.27186,0.0],[-71.10656,42.27178,0.0],[-71.10631,42.27169,0.0],[-71.10588,42.27158,0.0],[-71.10508,42.27141,0.0],[-71.10473,42.27134,0.0],[-71.10336,42.27101,0.0],[-71.10359,42.27063,0.0],[-71.10386,42.27025,0.0],[-71.10402,42.27004,0.0],[-71.10417,42.26987,0.0],[-71.10437,42.26954,0.0],[-71.10411,42.2693,0.0],[-71.10376,42.26901,0.0],[-71.10358,42.26885,0.0],[-71.10318,42.26851,0.0],[-71.10291,42.26827,0.0],[-71.10254,42.26797,0.0],[-71.1024,42.26783,0.0],[-71.10191,42.2674,0.0],[-71.10162,42.26714,0.0],[-71.10142,42.26699,0.0],[-71.10133,42.26691,0.0],[-71.10124,42.26684,0.0],[-71.10086,42.26647,0.0],[-71.10054,42.26616,0.0],[-71.10028,42.26595,0.0],[-71.10014,42.26584,0.0],[-71.09962,42.26551,0.0],[-71.09936,42.26533,0.0],[-71.09913,42.26514,0.0],[-71.09968,42.26485,0.0],[-71.09914,42.26431,0.0],[-71.09847,42.26361,0.0],[-71.09805,42.26318,0.0],[-71.09791,42.26292,0.0],[-71.09787,42.26283,0.0],[-71.09795,42.26281,0.0],[-71.09796,42.26281,0.0],[-71.09827,42.26273,0.0],[-71.09842,42.2627,0.0],[-71.09856,42.26266,0.0],[-71.09864,42.26262,0.0],[-71.09872,42.26259,0.0],[-71.09888,42.2625,0.0],[-71.09899,42.26243,0.0],[-71.09909,42.26235,0.0],[-71.09916,42.26229,0.0],[-71.0994,42.26205,0.0],[-71.09944,42.26201,0.0],[-71.09947,42.26198,0.0],[-71.09962,42.26184,0.0],[-71.09971,42.26176,0.0],[-71.09977,42.26171,0.0],[-71.09979,42.2617,0.0],[-71.09984,42.26165,0.0],[-71.09993,42.26157,0.0],[-71.09999,42.26152,0.0],[-71.10001,42.2615,0.0],[-71.10004,42.26147,0.0],[-71.10017,42.26136,0.0],[-71.10023,42.26129,0.0],[-71.1003,42.26124,0.0],[-71.10041,42.26117,0.0],[-71.10057,42.26108,0.0],[-71.10058,42.26108,0.0],[-71.10065,42.26104,0.0],[-71.10073,42.261,0.0],[-71.10082,42.26095,0.0],[-71.10107,42.26081,0.0],[-71.10115,42.26076,0.0],[-71.10119,42.26074,0.0],[-71.1013,42.26068,0.0],[-71.10131,42.26067,0.0],[-71.10135,42.26065,0.0],[-71.10142,42.26061,0.0],[-71.10146,42.26059,0.0],[-71.10208,42.26022,0.0],[-71.10222,42.26014,0.0],[-71.10241,42.26003,0.0],[-71.10269,42.25989,0.0],[-71.103,42.25979,0.0],[-71.10314,42.25976,0.0],[-71.10329,42.25974,0.0],[-71.10338,42.25973,0.0],[-71.10343,42.25973,0.0],[-71.10361,42.25973,0.0],[-71.10367,42.25973,0.0],[-71.10374,42.25974,0.0],[-71.10383,42.25976,0.0],[-71.10387,42.25977,0.0],[-71.10396,42.2598,0.0],[-71.10405,42.25984,0.0],[-71.10423,42.25995,0.0],[-71.10437,42.26005,0.0],[-71.10442,42.2601,0.0],[-71.10455,42.26022,0.0],[-71.10466,42.26034,0.0],[-71.10481,42.26048,0.0],[-71.10494,42.26059,0.0],[-71.10499,42.26062,0.0],[-71.10505,42.26067,0.0],[-71.10508,42.26069,0.0],[-71.10516,42.26073,0.0],[-71.10523,42.26077,0.0],[-71.10541,42.26083,0.0],[-71.10551,42.26086,0.0],[-71.10555,42.26087,0.0],[-71.1056,42.26087,0.0],[-71.10563,42.26087,0.0],[-71.10566,42.26087,0.0],[-71.10574,42.26087,0.0],[-71.10577,42.26087,0.0],[-71.10579,42.26087,0.0],[-71.10589,42.26087,0.0],[-71.10608,42.26085,0.0],[-71.10633,42.26081,0.0],[-71.10674,42.26073,0.0],[-71.10703,42.26069,0.0],[-71.10746,42.26066,0.0],[-71.10761,42.26068,0.0],[-71.10799,42.26082,0.0],[-71.10813,42.26087,0.0],[-71.10829,42.26095,0.0],[-71.1085,42.26107,0.0],[-71.10839,42.26113,0.0],[-71.10809,42.26131,0.0],[-71.10773,42.26149,0.0],[-71.10732,42.26171,0.0],[-71.1069,42.26194,0.0],[-71.10726,42.26229,0.0],[-71.10774,42.26298,0.0],[-71.10777,42.26297,0.0],[-71.10816,42.26279,0.0],[-71.10832,42.26268,0.0],[-71.10842,42.2626,0.0],[-71.10864,42.26289,0.0],[-71.10885,42.2632,0.0],[-71.10924,42.26377,0.0],[-71.10949,42.26411,0.0],[-71.10959,42.26428,0.0],[-71.10986,42.26467,0.0],[-71.11014,42.26508,0.0],[-71.11033,42.26537,0.0],[-71.11072,42.26591,0.0],[-71.11083,42.26607,0.0],[-71.11113,42.26656,0.0],[-71.11144,42.26704,0.0],[-71.11162,42.26737,0.0],[-71.11165,42.26749,0.0],[-71.11163,42.26762,0.0],[-71.11149,42.26797,0.0],[-71.111,42.26905,0.0],[-71.11134,42.26896,0.0],[-71.11239,42.26857,0.0],[-71.11283,42.26843,0.0],[-71.11368,42.2681,0.0],[-71.11485,42.26768,0.0],[-71.11539,42.26748,0.0],[-71.11589,42.2673,0.0],[-71.11643,42.26712,0.0],[-71.11687,42.26698,0.0],[-71.11756,42.26679,0.0],[-71.11809,42.26666,0.0],[-71.11827,42.2666,0.0],[-71.11839,42.26685,0.0],[-71.1189,42.26765,0.0],[-71.11952,42.26867,0.0],[-71.12,42.26942,0.0],[-71.12025,42.26982,0.0],[-71.12061,42.27029,0.0],[-71.12078,42.27042,0.0],[-71.121,42.27056,0.0],[-71.12119,42.27069,0.0],[-71.12135,42.2706,0.0],[-71.12141,42.27046,0.0],[-71.12144,42.27039,0.0],[-71.12178,42.27068,0.0],[-71.12216,42.27105,0.0],[-71.12297,42.27123,0.0],[-71.12336,42.27132,0.0],[-71.12349,42.27136,0.0],[-71.12359,42.27142,0.0],[-71.12371,42.27153,0.0],[-71.12415,42.27196,0.0],[-71.12467,42.27247,0.0],[-71.1248,42.27259,0.0],[-71.12491,42.27271,0.0],[-71.12445,42.27301,0.0],[-71.12357,42.27355,0.0],[-71.12367,42.27383,0.0],[-71.12244,42.2738,0.0],[-71.12146,42.27378,0.0],[-71.12133,42.27381,0.0],[-71.12129,42.27383,0.0],[-71.12125,42.27396,0.0],[-71.12124,42.27411,0.0],[-71.12124,42.27423,0.0],[-71.12132,42.27439,0.0],[-71.12144,42.27465,0.0],[-71.12099,42.27565,0.0],[-71.12087,42.27588,0.0],[-71.12081,42.27607,0.0],[-71.12064,42.2769,0.0],[-71.12035,42.2782,0.0],[-71.1203,42.27843,0.0],[-71.1203,42.27856,0.0],[-71.1203,42.27866,0.0],[-71.12038,42.27878,0.0],[-71.12002,42.27883,0.0],[-71.11999,42.27883,0.0],[-71.11994,42.27882,0.0],[-71.11969,42.27878,0.0],[-71.11933,42.27867,0.0],[-71.11918,42.27865,0.0],[-71.11941,42.27744,0.0],[-71.11953,42.27688,0.0],[-71.11896,42.27663,0.0],[-71.11852,42.27643,0.0],[-71.11778,42.2761,0.0],[-71.11721,42.27588,0.0],[-71.11732,42.27664,0.0],[-71.11626,42.27707,0.0],[-71.11598,42.27717,0.0],[-71.11585,42.27721,0.0],[-71.11573,42.2773,0.0],[-71.11578,42.27748,0.0],[-71.11585,42.27765,0.0],[-71.11597,42.27786,0.0],[-71.11617,42.2781,0.0],[-71.11638,42.27835,0.0],[-71.1165,42.27852,0.0],[-71.11659,42.27874,0.0],[-71.11663,42.27901,0.0],[-71.11638,42.27887,0.0],[-71.11534,42.27805,0.0]]]]}},{"type":"Feature","properties":{"uesi_id":"USA_R2315704","nbhd_code":"USA_R2315704_20","nbhd_name":"14000US25025140300"},"geometry":{"type":"MultiPolygon","coordinates":[[[[-71.1085,42.26107,0.0],[-71.10857,42.26111,0.0],[-71.1086,42.26113,0.0],[-71.10872,42.26119,0.0],[-71.10881,42.26122,0.0],[-71.10889,42.26125,0.0],[-71.10913,42.26128,0.0],[-71.10928,42.26129,0.0],[-71.10951,42.26128,0.0],[-71.10961,42.26128,0.0],[-71.10985,42.26124,0.0],[-71.10999,42.26121,0.0],[-71.11008,42.2612,0.0],[-71.11022,42.26117,0.0],[-71.11045,42.2611,0.0],[-71.11054,42.26107,0.0],[-71.11058,42.26105,0.0],[-71.11069,42.26097,0.0],[-71.1108,42.26093,0.0],[-71.11082,42.26092,0.0],[-71.11094,42.26089,0.0],[-71.111,42.26087,0.0],[-71.11118,42.26082,0.0],[-71.11139,42.26072,0.0],[-71.11157,42.26061,0.0],[-71.11161,42.26059,0.0],[-71.11171,42.2605,0.0],[-71.11174,42.26048,0.0],[-71.11182,42.26039,0.0],[-71.11192,42.26027,0.0],[-71.11202,42.26014,0.0],[-71.11211,42.26002,0.0],[-71.11236,42.2598,0.0],[-71.11251,42.25958,0.0],[-71.11265,42.25943,0.0],[-71.11287,42.25924,0.0],[-71.11293,42.25919,0.0],[-71.11317,42.25901,0.0],[-71.11328,42.25892,0.0],[-71.11343,42.25879,0.0],[-71.11372,42.2586,0.0],[-71.11399,42.25839,0.0],[-71.11415,42.25826,0.0],[-71.11418,42.25823,0.0],[-71.11425,42.25817,0.0],[-71.11439,42.25804,0.0],[-71.11463,42.25786,0.0],[-71.1147,42.25781,0.0],[-71.11478,42.25777,0.0],[-71.11511,42.25751,0.0],[-71.11521,42.25743,0.0],[-71.11523,42.2574,0.0],[-71.11547,42.25717,0.0],[-71.11551,42.25711,0.0],[-71.11552,42.25707,0.0],[-71.11553,42.257,0.0],[-71.1155,42.25694,0.0],[-71.11549,42.25691,0.0],[-71.11547,42.25688,0.0],[-71.11546,42.25687,0.0],[-71.11544,42.25684,0.0],[-71.11542,42.25673,0.0],[-71.11542,42.2567,0.0],[-71.11543,42.25666,0.0],[-71.11556,42.25644,0.0],[-71.11558,42.2564,0.0],[-71.1157,42.25621,0.0],[-71.11574,42.25614,0.0],[-71.11586,42.25599,0.0],[-71.116,42.25585,0.0],[-71.11613,42.25574,0.0],[-71.11706,42.25506,0.0],[-71.11722,42.25493,0.0],[-71.11734,42.25481,0.0],[-71.11771,42.25453,0.0],[-71.11794,42.25435,0.0],[-71.1182,42.25413,0.0],[-71.11828,42.25406,0.0],[-71.11836,42.254,0.0],[-71.1184,42.25393,0.0],[-71.11845,42.25383,0.0],[-71.11849,42.25373,0.0],[-71.11857,42.25352,0.0],[-71.1186,42.25346,0.0],[-71.11873,42.2533,0.0],[-71.11879,42.25325,0.0],[-71.11889,42.25317,0.0],[-71.11906,42.25304,0.0],[-71.1192,42.25294,0.0],[-71.11987,42.25248,0.0],[-71.11997,42.25241,0.0],[-71.12023,42.25224,0.0],[-71.12026,42.25221,0.0],[-71.1204,42.25217,0.0],[-71.12049,42.25214,0.0],[-71.12063,42.25212,0.0],[-71.12087,42.25213,0.0],[-71.12097,42.25213,0.0],[-71.12126,42.25212,0.0],[-71.1216,42.25211,0.0],[-71.12193,42.25208,0.0],[-71.12213,42.25206,0.0],[-71.12222,42.25204,0.0],[-71.12259,42.25195,0.0],[-71.12273,42.25191,0.0],[-71.12288,42.25186,0.0],[-71.12321,42.25174,0.0],[-71.12331,42.25169,0.0],[-71.12332,42.25162,0.0],[-71.12333,42.25155,0.0],[-71.12336,42.25149,0.0],[-71.1234,42.25135,0.0],[-71.12349,42.25096,0.0],[-71.12355,42.25082,0.0],[-71.1236,42.25072,0.0],[-71.12371,42.25049,0.0],[-71.12376,42.25039,0.0],[-71.12382,42.25029,0.0],[-71.12392,42.25021,0.0],[-71.12402,42.25013,0.0],[-71.12406,42.25011,0.0],[-71.12414,42.25007,0.0],[-71.12447,42.25,0.0],[-71.12451,42.24998,0.0],[-71.12452,42.24997,0.0],[-71.12464,42.24988,0.0],[-71.12468,42.24981,0.0],[-71.12473,42.24971,0.0],[-71.12476,42.24961,0.0],[-71.12477,42.24932,0.0],[-71.12477,42.24911,0.0],[-71.12481,42.24893,0.0],[-71.12487,42.24876,0.0],[-71.12488,42.24872,0.0],[-71.12491,42.24866,0.0],[-71.12491,42.24865,0.0],[-71.12495,42.24859,0.0],[-71.125,42.24853,0.0],[-71.12508,42.2484,0.0],[-71.12541,42.24805,0.0],[-71.12551,42.24796,0.0],[-71.12558,42.24799,0.0],[-71.1258,42.24809,0.0],[-71.12639,42.24833,0.0],[-71.12693,42.24857,0.0],[-71.12737,42.24873,0.0],[-71.12778,42.2489,0.0],[-71.12828,42.2491,0.0],[-71.12843,42.24918,0.0],[-71.12899,42.248,0.0],[-71.12903,42.24801,0.0],[-71.1291,42.24804,0.0],[-71.12935,42.24814,0.0],[-71.12951,42.24822,0.0],[-71.12956,42.24826,0.0],[-71.12958,42.24831,0.0],[-71.12957,42.24838,0.0],[-71.12946,42.24862,0.0],[-71.12917,42.24922,0.0],[-71.129,42.24956,0.0],[-71.12897,42.24965,0.0],[-71.12897,42.24973,0.0],[-71.129,42.24983,0.0],[-71.1291,42.24997,0.0],[-71.12949,42.25043,0.0],[-71.12954,42.25049,0.0],[-71.12959,42.25055,0.0],[-71.12965,42.25063,0.0],[-71.13012,42.25118,0.0],[-71.12961,42.25148,0.0],[-71.12882,42.25192,0.0],[-71.1286,42.25205,0.0],[-71.12853,42.25209,0.0],[-71.12837,42.25221,0.0],[-71.12822,42.25235,0.0],[-71.12805,42.25254,0.0],[-71.12786,42.25275,0.0],[-71.12773,42.25293,0.0],[-71.12754,42.2533,0.0],[-71.12742,42.25349,0.0],[-71.12733,42.25366,0.0],[-71.12716,42.25384,0.0],[-71.12681,42.25414,0.0],[-71.12672,42.2542,0.0],[-71.12665,42.25425,0.0],[-71.12639,42.25441,0.0],[-71.12614,42.25457,0.0],[-71.12602,42.25467,0.0],[-71.12588,42.25485,0.0],[-71.12581,42.25502,0.0],[-71.12578,42.25518,0.0],[-71.12564,42.25547,0.0],[-71.12559,42.25562,0.0],[-71.12531,42.25566,0.0],[-71.12506,42.25625,0.0],[-71.12487,42.25676,0.0],[-71.12471,42.25724,0.0],[-71.1245,42.25807,0.0],[-71.1243,42.25902,0.0],[-71.12391,42.26056,0.0],[-71.12382,42.26114,0.0],[-71.12371,42.26168,0.0],[-71.12357,42.26221,0.0],[-71.12334,42.26211,0.0],[-71.12326,42.26208,0.0],[-71.12333,42.26225,0.0],[-71.12315,42.26315,0.0],[-71.12308,42.26326,0.0],[-71.12297,42.26336,0.0],[-71.1229,42.2633,0.0],[-71.12204,42.26293,0.0],[-71.1216,42.26276,0.0],[-71.12081,42.26249,0.0],[-71.12042,42.26236,0.0],[-71.11997,42.26223,0.0],[-71.11971,42.26215,0.0],[-71.11948,42.26209,0.0],[-71.11896,42.26193,0.0],[-71.11837,42.26323,0.0],[-71.11819,42.26358,0.0],[-71.11804,42.26391,0.0],[-71.1181,42.26392,0.0],[-71.11818,42.26396,0.0],[-71.11825,42.26405,0.0],[-71.11827,42.26412,0.0],[-71.11829,42.26422,0.0],[-71.11825,42.26432,0.0],[-71.11816,42.26436,0.0],[-71.1181,42.26436,0.0],[-71.11803,42.26436,0.0],[-71.118,42.26459,0.0],[-71.11803,42.26478,0.0],[-71.11812,42.26545,0.0],[-71.11825,42.26638,0.0],[-71.11827,42.2666,0.0],[-71.11809,42.26666,0.0],[-71.11756,42.26679,0.0],[-71.11687,42.26698,0.0],[-71.11643,42.26712,0.0],[-71.11589,42.2673,0.0],[-71.11539,42.26748,0.0],[-71.11485,42.26768,0.0],[-71.11368,42.2681,0.0],[-71.11283,42.26843,0.0],[-71.11239,42.26857,0.0],[-71.11134,42.26896,0.0],[-71.111,42.26905,0.0],[-71.11149,42.26797,0.0],[-71.11163,42.26762,0.0],[-71.11165,42.26749,0.0],[-71.11162,42.26737,0.0],[-71.11144,42.26704,0.0],[-71.11113,42.26656,0.0],[-71.11083,42.26607,0.0],[-71.11072,42.26591,0.0],[-71.11033,42.26537,0.0],[-71.11014,42.26508,0.0],[-71.10986,42.26467,0.0],[-71.10959,42.26428,0.0],[-71.10949,42.26411,0.0],[-71.10924,42.26377,0.0],[-71.10885,42.2632,0.0],[-71.10864,42.26289,0.0],[-71.10842,42.2626,0.0],[-71.10832,42.26268,0.0],[-71.10816,42.26279,0.0],[-71.10777,42.26297,0.0],[-71.10774,42.26298,0.0],[-71.10726,42.26229,0.0],[-71.1069,42.26194,0.0],[-71.10732,42.26171,0.0],[-71.10773,42.26149,0.0],[-71.10809,42.26131,0.0],[-71.10839,42.26113,0.0],[-71.1085,42.26107,0.0]]]]}},{"type":"Feature","properties":{"uesi_id":"USA_R2315704","nbhd_code":"USA_R2315704_21","nbhd_name":"14000US25025140201"},"geometry":{"type":"MultiPolygon","coordinates":[[[[-71.12567,42.23954,0.0],[-71.1258,42.23946,0.0],[-71.12638,42.23917,0.0],[-71.1263,42.23907,0.0],[-71.12614,42.23893,0.0],[-71.12608,42.2388,0.0],[-71.12603,42.23871,0.0],[-71.12595,42.23857,0.0],[-71.12587,42.23842,0.0],[-71.12577,42.23821,0.0],[-71.1257,42.23798,0.0],[-71.12568,42.23791,0.0],[-71.12554,42.23779,0.0],[-71.12548,42.23775,0.0],[-71.12526,42.23768,0.0],[-71.12521,42.23767,0.0],[-71.12514,42.23763,0.0],[-71.12513,42.23762,0.0],[-71.1251,42.23761,0.0],[-71.12506,42.23758,0.0],[-71.12502,42.23756,0.0],[-71.12493,42.23747,0.0],[-71.12475,42.23722,0.0],[-71.12465,42.237,0.0],[-71.12457,42.23682,0.0],[-71.12435,42.23654,0.0],[-71.12421,42.23639,0.0],[-71.12387,42.23609,0.0],[-71.12381,42.23604,0.0],[-71.12306,42.23544,0.0],[-71.12304,42.23542,0.0],[-71.12293,42.23532,0.0],[-71.12288,42.23526,0.0],[-71.12286,42.23523,0.0],[-71.12281,42.23513,0.0],[-71.12269,42.23476,0.0],[-71.12269,42.23472,0.0],[-71.12269,42.23465,0.0],[-71.1227,42.23459,0.0],[-71.1227,42.23455,0.0],[-71.1227,42.23453,0.0],[-71.12271,42.23451,0.0],[-71.12273,42.23447,0.0],[-71.12275,42.23445,0.0],[-71.12277,42.23443,0.0],[-71.12281,42.23439,0.0],[-71.12288,42.23434,0.0],[-71.1229,42.23433,0.0],[-71.12292,42.23432,0.0],[-71.12295,42.23429,0.0],[-71.123,42.23427,0.0],[-71.12327,42.2342,0.0],[-71.12337,42.23419,0.0],[-71.12361,42.23419,0.0],[-71.12375,42.23421,0.0],[-71.12384,42.23422,0.0],[-71.12418,42.23423,0.0],[-71.12428,42.23421,0.0],[-71.12437,42.23418,0.0],[-71.12441,42.23417,0.0],[-71.12446,42.23416,0.0],[-71.1246,42.23406,0.0],[-71.12467,42.23401,0.0],[-71.12475,42.23388,0.0],[-71.12478,42.23381,0.0],[-71.12478,42.23378,0.0],[-71.12478,42.23364,0.0],[-71.12477,42.23353,0.0],[-71.12476,42.23346,0.0],[-71.12472,42.2332,0.0],[-71.1247,42.23307,0.0],[-71.1247,42.23297,0.0],[-71.12471,42.23286,0.0],[-71.12472,42.23283,0.0],[-71.12479,42.23269,0.0],[-71.12483,42.23263,0.0],[-71.12487,42.2326,0.0],[-71.12507,42.2325,0.0],[-71.12521,42.23239,0.0],[-71.12527,42.23234,0.0],[-71.12545,42.23209,0.0],[-71.12551,42.23202,0.0],[-71.12561,42.23191,0.0],[-71.12567,42.23185,0.0],[-71.12571,42.23183,0.0],[-71.12578,42.23179,0.0],[-71.12587,42.23175,0.0],[-71.12599,42.23169,0.0],[-71.12603,42.23168,0.0],[-71.12614,42.23161,0.0],[-71.12621,42.23156,0.0],[-71.12636,42.23138,0.0],[-71.12638,42.23135,0.0],[-71.12641,42.23132,0.0],[-71.12647,42.23126,0.0],[-71.12651,42.23124,0.0],[-71.12655,42.23122,0.0],[-71.12681,42.23113,0.0],[-71.12686,42.23112,0.0],[-71.12738,42.23108,0.0],[-71.12747,42.23106,0.0],[-71.12756,42.23103,0.0],[-71.12763,42.23098,0.0],[-71.12772,42.2309,0.0],[-71.12774,42.23087,0.0],[-71.12818,42.23036,0.0],[-71.12826,42.23027,0.0],[-71.1283,42.23021,0.0],[-71.12833,42.23018,0.0],[-71.12839,42.23013,0.0],[-71.12844,42.23006,0.0],[-71.1285,42.23001,0.0],[-71.12868,42.22989,0.0],[-71.12875,42.22984,0.0],[-71.12884,42.22979,0.0],[-71.12886,42.22977,0.0],[-71.12897,42.2297,0.0],[-71.129,42.22967,0.0],[-71.12903,42.22961,0.0],[-71.12908,42.22947,0.0],[-71.12912,42.22937,0.0],[-71.12914,42.22934,0.0],[-71.12917,42.22927,0.0],[-71.12919,42.22924,0.0],[-71.12921,42.22917,0.0],[-71.12929,42.22904,0.0],[-71.1294,42.22888,0.0],[-71.12947,42.22879,0.0],[-71.12951,42.22877,0.0],[-71.12972,42.22868,0.0],[-71.12976,42.22867,0.0],[-71.1299,42.22864,0.0],[-71.12995,42.22864,0.0],[-71.13004,42.22862,0.0],[-71.13013,42.2286,0.0],[-71.13017,42.22858,0.0],[-71.13029,42.22849,0.0],[-71.13031,42.22848,0.0],[-71.13039,42.22839,0.0],[-71.13062,42.22808,0.0],[-71.13074,42.22797,0.0],[-71.13076,42.22796,0.0],[-71.13077,42.22794,0.0],[-71.13078,42.22791,0.0],[-71.13079,42.2279,0.0],[-71.13081,42.22789,0.0],[-71.13082,42.2279,0.0],[-71.13086,42.22792,0.0],[-71.13087,42.22793,0.0],[-71.1309,42.22796,0.0],[-71.13101,42.22803,0.0],[-71.13104,42.22806,0.0],[-71.13107,42.22808,0.0],[-71.1311,42.2281,0.0],[-71.13114,42.22813,0.0],[-71.13116,42.22815,0.0],[-71.13118,42.22816,0.0],[-71.13122,42.22819,0.0],[-71.13125,42.22822,0.0],[-71.13128,42.22823,0.0],[-71.13132,42.22826,0.0],[-71.13133,42.22827,0.0],[-71.13148,42.22837,0.0],[-71.13153,42.22841,0.0],[-71.13154,42.22842,0.0],[-71.13159,42.22846,0.0],[-71.13176,42.22859,0.0],[-71.13182,42.22863,0.0],[-71.13195,42.22873,0.0],[-71.1322,42.22891,0.0],[-71.13252,42.22911,0.0],[-71.13263,42.22919,0.0],[-71.13302,42.22946,0.0],[-71.13582,42.23135,0.0],[-71.13667,42.23192,0.0],[-71.13687,42.23206,0.0],[-71.1371,42.23222,0.0],[-71.13805,42.23286,0.0],[-71.13825,42.23299,0.0],[-71.13877,42.23334,0.0],[-71.13883,42.23338,0.0],[-71.13887,42.2334,0.0],[-71.1392,42.23351,0.0],[-71.13923,42.23353,0.0],[-71.13933,42.23361,0.0],[-71.13928,42.23365,0.0],[-71.13925,42.23366,0.0],[-71.13841,42.23445,0.0],[-71.13775,42.23505,0.0],[-71.13743,42.23534,0.0],[-71.13724,42.23551,0.0],[-71.13666,42.23601,0.0],[-71.13656,42.23609,0.0],[-71.13646,42.23619,0.0],[-71.13631,42.23635,0.0],[-71.13618,42.23653,0.0],[-71.13608,42.23675,0.0],[-71.13607,42.23677,0.0],[-71.13603,42.23684,0.0],[-71.13566,42.23748,0.0],[-71.13556,42.23767,0.0],[-71.13527,42.23817,0.0],[-71.13512,42.23846,0.0],[-71.13499,42.23861,0.0],[-71.13485,42.23873,0.0],[-71.13465,42.2389,0.0],[-71.13404,42.23949,0.0],[-71.13391,42.23959,0.0],[-71.13377,42.23965,0.0],[-71.13372,42.23964,0.0],[-71.13357,42.23962,0.0],[-71.13348,42.2396,0.0],[-71.13336,42.23957,0.0],[-71.13326,42.23955,0.0],[-71.13308,42.2395,0.0],[-71.13306,42.23949,0.0],[-71.13301,42.23948,0.0],[-71.13241,42.23931,0.0],[-71.13215,42.23921,0.0],[-71.13194,42.23943,0.0],[-71.13186,42.23951,0.0],[-71.13161,42.23979,0.0],[-71.13143,42.24001,0.0],[-71.13137,42.2401,0.0],[-71.13131,42.24022,0.0],[-71.13116,42.24057,0.0],[-71.13087,42.24128,0.0],[-71.13069,42.24176,0.0],[-71.13016,42.2431,0.0],[-71.13008,42.2433,0.0],[-71.1297,42.24423,0.0],[-71.1292,42.24553,0.0],[-71.12906,42.24588,0.0],[-71.129,42.246,0.0],[-71.12891,42.24643,0.0],[-71.12878,42.24726,0.0],[-71.1287,42.24764,0.0],[-71.12865,42.24776,0.0],[-71.12861,42.24781,0.0],[-71.12894,42.24798,0.0],[-71.12896,42.24798,0.0],[-71.12899,42.248,0.0],[-71.12843,42.24918,0.0],[-71.12828,42.2491,0.0],[-71.12778,42.2489,0.0],[-71.12737,42.24873,0.0],[-71.12693,42.24857,0.0],[-71.12639,42.24833,0.0],[-71.1258,42.24809,0.0],[-71.12558,42.24799,0.0],[-71.12551,42.24796,0.0],[-71.12541,42.24805,0.0],[-71.12508,42.2484,0.0],[-71.125,42.24853,0.0],[-71.12495,42.24859,0.0],[-71.12491,42.24865,0.0],[-71.12491,42.24866,0.0],[-71.12488,42.24872,0.0],[-71.12487,42.24876,0.0],[-71.12481,42.24893,0.0],[-71.12477,42.24911,0.0],[-71.12477,42.24932,0.0],[-71.12476,42.24961,0.0],[-71.12473,42.24971,0.0],[-71.12468,42.24981,0.0],[-71.12464,42.24988,0.0],[-71.12452,42.24997,0.0],[-71.12451,42.24998,0.0],[-71.12447,42.25,0.0],[-71.12414,42.25007,0.0],[-71.12406,42.25011,0.0],[-71.12402,42.25013,0.0],[-71.12392,42.25021,0.0],[-71.12382,42.25029,0.0],[-71.12376,42.25039,0.0],[-71.12371,42.25049,0.0],[-71.1236,42.25072,0.0],[-71.12355,42.25082,0.0],[-71.12349,42.25096,0.0],[-71.1234,42.25135,0.0],[-71.12336,42.25149,0.0],[-71.12333,42.25155,0.0],[-71.12332,42.25162,0.0],[-71.12331,42.25169,0.0],[-71.12321,42.25174,0.0],[-71.12288,42.25186,0.0],[-71.12277,42.2517,0.0],[-71.12264,42.25151,0.0],[-71.12253,42.25136,0.0],[-71.12246,42.25124,0.0],[-71.12244,42.25116,0.0],[-71.12245,42.25106,0.0],[-71.12254,42.25091,0.0],[-71.12275,42.25066,0.0],[-71.12283,42.25056,0.0],[-71.12284,42.25049,0.0],[-71.12282,42.25043,0.0],[-71.1227,42.25031,0.0],[-71.12269,42.2503,0.0],[-71.12265,42.25027,0.0],[-71.12244,42.25007,0.0],[-71.12304,42.24947,0.0],[-71.12354,42.24895,0.0],[-71.12412,42.24836,0.0],[-71.12418,42.24831,0.0],[-71.12451,42.24797,0.0],[-71.12484,42.24762,0.0],[-71.12507,42.2473,0.0],[-71.12525,42.24709,0.0],[-71.12541,42.24687,0.0],[-71.12555,42.24666,0.0],[-71.12571,42.24637,0.0],[-71.12584,42.2461,0.0],[-71.12595,42.24586,0.0],[-71.12607,42.24549,0.0],[-71.12614,42.24519,0.0],[-71.12618,42.24488,0.0],[-71.12621,42.24463,0.0],[-71.12623,42.24268,0.0],[-71.12624,42.24213,0.0],[-71.12618,42.24162,0.0],[-71.12606,42.24096,0.0],[-71.12591,42.24034,0.0],[-71.12585,42.2401,0.0],[-71.12577,42.23985,0.0],[-71.12567,42.23954,0.0]]]]}},{"type":"Feature","properties":{"uesi_id":"USA_R2315704","nbhd_code":"USA_R2315704_22","nbhd_name":"14000US25025140202"},"geometry":{"type":"MultiPolygon","coordinates":[[[[-71.10947,42.25242,0.0],[-71.10946,42.25211,0.0],[-71.10943,42.25102,0.0],[-71.10941,42.25024,0.0],[-71.10938,42.24913,0.0],[-71.10937,42.24856,0.0],[-71.10936,42.2484,0.0],[-71.10935,42.24805,0.0],[-71.10935,42.248,0.0],[-71.10993,42.24769,0.0],[-71.11029,42.24751,0.0],[-71.11094,42.24719,0.0],[-71.11178,42.24674,0.0],[-71.11206,42.24659,0.0],[-71.11216,42.24654,0.0],[-71.11261,42.2463,0.0],[-71.11299,42.24611,0.0],[-71.11327,42.24596,0.0],[-71.11345,42.24587,0.0],[-71.11446,42.24535,0.0],[-71.11456,42.24529,0.0],[-71.11465,42.24525,0.0],[-71.11507,42.24503,0.0],[-71.1152,42.24496,0.0],[-71.1154,42.24486,0.0],[-71.11616,42.24447,0.0],[-71.11641,42.24434,0.0],[-71.11653,42.24428,0.0],[-71.11942,42.24277,0.0],[-71.11964,42.24266,0.0],[-71.11993,42.24251,0.0],[-71.12052,42.2422,0.0],[-71.12139,42.24175,0.0],[-71.12212,42.24138,0.0],[-71.12255,42.24115,0.0],[-71.12567,42.23954,0.0],[-71.12577,42.23985,0.0],[-71.12585,42.2401,0.0],[-71.12591,42.24034,0.0],[-71.12606,42.24096,0.0],[-71.12618,42.24162,0.0],[-71.12624,42.24213,0.0],[-71.12623,42.24268,0.0],[-71.12621,42.24463,0.0],[-71.12618,42.24488,0.0],[-71.12614,42.24519,0.0],[-71.12607,42.24549,0.0],[-71.12595,42.24586,0.0],[-71.12584,42.2461,0.0],[-71.12571,42.24637,0.0],[-71.12555,42.24666,0.0],[-71.12541,42.24687,0.0],[-71.12525,42.24709,0.0],[-71.12507,42.2473,0.0],[-71.12484,42.24762,0.0],[-71.12451,42.24797,0.0],[-71.12418,42.24831,0.0],[-71.12412,42.24836,0.0],[-71.12354,42.24895,0.0],[-71.12304,42.24947,0.0],[-71.12244,42.25007,0.0],[-71.12265,42.25027,0.0],[-71.12269,42.2503,0.0],[-71.1227,42.25031,0.0],[-71.12282,42.25043,0.0],[-71.12284,42.25049,0.0],[-71.12283,42.25056,0.0],[-71.12275,42.25066,0.0],[-71.12254,42.25091,0.0],[-71.12245,42.25106,0.0],[-71.12244,42.25116,0.0],[-71.12246,42.25124,0.0],[-71.12253,42.25136,0.0],[-71.12264,42.25151,0.0],[-71.12277,42.2517,0.0],[-71.12288,42.25186,0.0],[-71.12273,42.25191,0.0],[-71.12259,42.25195,0.0],[-71.12222,42.25204,0.0],[-71.12213,42.25206,0.0],[-71.12193,42.25208,0.0],[-71.1216,42.25211,0.0],[-71.12126,42.25212,0.0],[-71.12097,42.25213,0.0],[-71.12087,42.25213,0.0],[-71.12063,42.25212,0.0],[-71.12049,42.25214,0.0],[-71.1204,42.25217,0.0],[-71.12026,42.25221,0.0],[-71.12023,42.25224,0.0],[-71.11997,42.25241,0.0],[-71.11987,42.25248,0.0],[-71.1192,42.25294,0.0],[-71.11906,42.25304,0.0],[-71.11889,42.25317,0.0],[-71.11879,42.25325,0.0],[-71.11873,42.2533,0.0],[-71.1186,42.25346,0.0],[-71.11857,42.25352,0.0],[-71.11849,42.25373,0.0],[-71.11845,42.25383,0.0],[-71.1184,42.25393,0.0],[-71.11836,42.254,0.0],[-71.11828,42.25406,0.0],[-71.1182,42.25413,0.0],[-71.11794,42.25435,0.0],[-71.11771,42.25453,0.0],[-71.11734,42.25481,0.0],[-71.11722,42.25493,0.0],[-71.11706,42.25506,0.0],[-71.11613,42.25574,0.0],[-71.116,42.25585,0.0],[-71.11586,42.25599,0.0],[-71.11574,42.25614,0.0],[-71.1157,42.25621,0.0],[-71.11558,42.2564,0.0],[-71.11556,42.25644,0.0],[-71.11543,42.25666,0.0],[-71.11542,42.2567,0.0],[-71.11542,42.25673,0.0],[-71.11544,42.25684,0.0],[-71.11546,42.25687,0.0],[-71.11547,42.25688,0.0],[-71.11549,42.25691,0.0],[-71.1155,42.25694,0.0],[-71.11553,42.257,0.0],[-71.11552,42.25707,0.0],[-71.11551,42.25711,0.0],[-71.11547,42.25717,0.0],[-71.11523,42.2574,0.0],[-71.11521,42.25743,0.0],[-71.11511,42.25751,0.0],[-71.11478,42.25777,0.0],[-71.1147,42.25781,0.0],[-71.11463,42.25786,0.0],[-71.11439,42.25804,0.0],[-71.11425,42.25817,0.0],[-71.11418,42.25823,0.0],[-71.11415,42.25826,0.0],[-71.11399,42.25839,0.0],[-71.11372,42.2586,0.0],[-71.11343,42.25879,0.0],[-71.11328,42.25892,0.0],[-71.11325,42.2589,0.0],[-71.11322,42.25888,0.0],[-71.11318,42.25885,0.0],[-71.11316,42.25883,0.0],[-71.11313,42.25881,0.0],[-71.11308,42.25877,0.0],[-71.11303,42.25873,0.0],[-71.113,42.25871,0.0],[-71.11294,42.25865,0.0],[-71.11289,42.2586,0.0],[-71.11258,42.25829,0.0],[-71.1125,42.25821,0.0],[-71.11247,42.25818,0.0],[-71.11243,42.25816,0.0],[-71.1124,42.25813,0.0],[-71.11239,42.25812,0.0],[-71.11236,42.2581,0.0],[-71.11139,42.25716,0.0],[-71.11086,42.25666,0.0],[-71.11043,42.25626,0.0],[-71.10973,42.2556,0.0],[-71.10954,42.25542,0.0],[-71.10953,42.25476,0.0],[-71.1095,42.25379,0.0],[-71.10949,42.25334,0.0],[-71.10947,42.25242,0.0]]]]}},{"type":"Feature","properties":{"uesi_id":"USA_R2315704","nbhd_code":"USA_R2315704_23","nbhd_name":"14000US25025140102"},"geometry":{"type":"MultiPolygon","coordinates":[[[[-71.13397,42.25432,0.0],[-71.13367,42.25424,0.0],[-71.13335,42.25416,0.0],[-71.13307,42.25408,0.0],[-71.13273,42.25398,0.0],[-71.13266,42.25394,0.0],[-71.13248,42.25387,0.0],[-71.13229,42.25376,0.0],[-71.1322,42.25369,0.0],[-71.13208,42.25358,0.0],[-71.13184,42.25333,0.0],[-71.13159,42.253,0.0],[-71.13127,42.25261,0.0],[-71.13114,42.25247,0.0],[-71.13096,42.25223,0.0],[-71.13076,42.25198,0.0],[-71.13059,42.25178,0.0],[-71.13048,42.25162,0.0],[-71.13012,42.25118,0.0],[-71.12965,42.25063,0.0],[-71.12959,42.25055,0.0],[-71.12954,42.25049,0.0],[-71.12949,42.25043,0.0],[-71.1291,42.24997,0.0],[-71.129,42.24983,0.0],[-71.12897,42.24973,0.0],[-71.12897,42.24965,0.0],[-71.129,42.24956,0.0],[-71.12917,42.24922,0.0],[-71.12946,42.24862,0.0],[-71.12957,42.24838,0.0],[-71.12958,42.24831,0.0],[-71.12956,42.24826,0.0],[-71.12951,42.24822,0.0],[-71.12935,42.24814,0.0],[-71.1291,42.24804,0.0],[-71.12903,42.24801,0.0],[-71.12899,42.248,0.0],[-71.12896,42.24798,0.0],[-71.12894,42.24798,0.0],[-71.12861,42.24781,0.0],[-71.12865,42.24776,0.0],[-71.1287,42.24764,0.0],[-71.12878,42.24726,0.0],[-71.12891,42.24643,0.0],[-71.129,42.246,0.0],[-71.12906,42.24588,0.0],[-71.1292,42.24553,0.0],[-71.1297,42.24423,0.0],[-71.13008,42.2433,0.0],[-71.13016,42.2431,0.0],[-71.13069,42.24176,0.0],[-71.13087,42.24128,0.0],[-71.13116,42.24057,0.0],[-71.13131,42.24022,0.0],[-71.13137,42.2401,0.0],[-71.13143,42.24001,0.0],[-71.13161,42.23979,0.0],[-71.13186,42.23951,0.0],[-71.13194,42.23943,0.0],[-71.13215,42.23921,0.0],[-71.13241,42.23931,0.0],[-71.13301,42.23948,0.0],[-71.13306,42.23949,0.0],[-71.13308,42.2395,0.0],[-71.13326,42.23955,0.0],[-71.13336,42.23957,0.0],[-71.13348,42.2396,0.0],[-71.13357,42.23962,0.0],[-71.13372,42.23964,0.0],[-71.13377,42.23965,0.0],[-71.13391,42.23959,0.0],[-71.13404,42.23949,0.0],[-71.13465,42.2389,0.0],[-71.13485,42.23873,0.0],[-71.13499,42.23861,0.0],[-71.13512,42.23846,0.0],[-71.13527,42.23817,0.0],[-71.13556,42.23767,0.0],[-71.13566,42.23748,0.0],[-71.13603,42.23684,0.0],[-71.13607,42.23677,0.0],[-71.13608,42.23675,0.0],[-71.13618,42.23653,0.0],[-71.13631,42.23635,0.0],[-71.13646,42.23619,0.0],[-71.13656,42.23609,0.0],[-71.13666,42.23601,0.0],[-71.13724,42.23551,0.0],[-71.13743,42.23534,0.0],[-71.13775,42.23505,0.0],[-71.13841,42.23445,0.0],[-71.13925,42.23366,0.0],[-71.13928,42.23365,0.0],[-71.13933,42.23361,0.0],[-71.13952,42.23374,0.0],[-71.14009,42.23415,0.0],[-71.14028,42.23429,0.0],[-71.14042,42.23439,0.0],[-71.14083,42.23468,0.0],[-71.14097,42.23478,0.0],[-71.1411,42.23487,0.0],[-71.14148,42.23515,0.0],[-71.14161,42.23524,0.0],[-71.14167,42.23528,0.0],[-71.14184,42.23541,0.0],[-71.1419,42.23545,0.0],[-71.14204,42.23555,0.0],[-71.14239,42.23581,0.0],[-71.14268,42.23601,0.0],[-71.14275,42.23633,0.0],[-71.14276,42.2364,0.0],[-71.1428,42.2366,0.0],[-71.14285,42.23684,0.0],[-71.14288,42.23698,0.0],[-71.143,42.23756,0.0],[-71.14307,42.23792,0.0],[-71.14309,42.23802,0.0],[-71.14319,42.23852,0.0],[-71.14336,42.23935,0.0],[-71.1434,42.23955,0.0],[-71.14345,42.23978,0.0],[-71.1435,42.24007,0.0],[-71.14366,42.24084,0.0],[-71.14381,42.24156,0.0],[-71.14386,42.24178,0.0],[-71.14387,42.24185,0.0],[-71.14407,42.24283,0.0],[-71.14439,42.24442,0.0],[-71.14454,42.24512,0.0],[-71.14454,42.24515,0.0],[-71.14452,42.24515,0.0],[-71.14446,42.24513,0.0],[-71.14444,42.24517,0.0],[-71.14444,42.24518,0.0],[-71.14444,42.24519,0.0],[-71.14442,42.24523,0.0],[-71.14442,42.24524,0.0],[-71.14441,42.24526,0.0],[-71.1444,42.24529,0.0],[-71.1444,42.24531,0.0],[-71.14443,42.24544,0.0],[-71.14451,42.24585,0.0],[-71.14454,42.24598,0.0],[-71.14459,42.24618,0.0],[-71.14472,42.24679,0.0],[-71.14476,42.247,0.0],[-71.14478,42.24709,0.0],[-71.14484,42.24738,0.0],[-71.14486,42.24747,0.0],[-71.14489,42.2476,0.0],[-71.14497,42.24798,0.0],[-71.145,42.24811,0.0],[-71.14504,42.24827,0.0],[-71.14516,42.24877,0.0],[-71.1452,42.24891,0.0],[-71.1452,42.24893,0.0],[-71.14523,42.24907,0.0],[-71.14526,42.24918,0.0],[-71.14532,42.24947,0.0],[-71.14535,42.24961,0.0],[-71.14545,42.25003,0.0],[-71.14573,42.25129,0.0],[-71.14583,42.25171,0.0],[-71.14589,42.25197,0.0],[-71.14606,42.25274,0.0],[-71.1461,42.25291,0.0],[-71.1461,42.253,0.0],[-71.14606,42.25304,0.0],[-71.1459,42.25315,0.0],[-71.14567,42.25327,0.0],[-71.14541,42.25336,0.0],[-71.14516,42.25346,0.0],[-71.14491,42.25359,0.0],[-71.14449,42.25387,0.0],[-71.14417,42.25412,0.0],[-71.1438,42.25444,0.0],[-71.14356,42.25469,0.0],[-71.14339,42.25493,0.0],[-71.14316,42.25538,0.0],[-71.14308,42.25556,0.0],[-71.14283,42.25595,0.0],[-71.14257,42.25636,0.0],[-71.14241,42.25664,0.0],[-71.14226,42.25695,0.0],[-71.14211,42.25721,0.0],[-71.14197,42.25739,0.0],[-71.14184,42.25755,0.0],[-71.1417,42.25768,0.0],[-71.14153,42.25781,0.0],[-71.1411,42.25808,0.0],[-71.14081,42.25826,0.0],[-71.14059,42.25837,0.0],[-71.14043,42.25843,0.0],[-71.1402,42.25846,0.0],[-71.14001,42.25825,0.0],[-71.1398,42.25803,0.0],[-71.13952,42.25773,0.0],[-71.13936,42.25748,0.0],[-71.13924,42.25727,0.0],[-71.13905,42.25669,0.0],[-71.13894,42.25644,0.0],[-71.13884,42.25627,0.0],[-71.13876,42.2562,0.0],[-71.13858,42.25598,0.0],[-71.13839,42.25576,0.0],[-71.13821,42.25551,0.0],[-71.1381,42.25532,0.0],[-71.13807,42.25512,0.0],[-71.13809,42.25494,0.0],[-71.13813,42.25476,0.0],[-71.13821,42.25458,0.0],[-71.13835,42.25442,0.0],[-71.13872,42.25416,0.0],[-71.13887,42.25404,0.0],[-71.13896,42.25392,0.0],[-71.13904,42.25373,0.0],[-71.1391,42.25359,0.0],[-71.1391,42.25353,0.0],[-71.13915,42.25338,0.0],[-71.13916,42.25311,0.0],[-71.13919,42.25297,0.0],[-71.13924,42.25286,0.0],[-71.13933,42.25268,0.0],[-71.13939,42.25253,0.0],[-71.13945,42.25234,0.0],[-71.13945,42.25216,0.0],[-71.13943,42.252,0.0],[-71.13938,42.25186,0.0],[-71.13912,42.25144,0.0],[-71.13908,42.25134,0.0],[-71.13906,42.25123,0.0],[-71.13904,42.25117,0.0],[-71.13902,42.25091,0.0],[-71.13906,42.25066,0.0],[-71.13914,42.25046,0.0],[-71.13926,42.25022,0.0],[-71.13936,42.25,0.0],[-71.1394,42.24982,0.0],[-71.13941,42.24967,0.0],[-71.13938,42.2495,0.0],[-71.13936,42.24943,0.0],[-71.13934,42.24935,0.0],[-71.13926,42.24916,0.0],[-71.13914,42.24899,0.0],[-71.139,42.24885,0.0],[-71.13874,42.24864,0.0],[-71.1384,42.24839,0.0],[-71.13809,42.24815,0.0],[-71.13765,42.24781,0.0],[-71.13711,42.2474,0.0],[-71.13687,42.2472,0.0],[-71.13672,42.24706,0.0],[-71.13661,42.24692,0.0],[-71.13641,42.24662,0.0],[-71.13635,42.24648,0.0],[-71.13632,42.2464,0.0],[-71.13629,42.24632,0.0],[-71.1362,42.24658,0.0],[-71.13612,42.24673,0.0],[-71.13598,42.24686,0.0],[-71.13556,42.24714,0.0],[-71.13526,42.24729,0.0],[-71.13463,42.24745,0.0],[-71.1341,42.24757,0.0],[-71.13386,42.24762,0.0],[-71.13364,42.24767,0.0],[-71.13346,42.24775,0.0],[-71.13309,42.2479,0.0],[-71.13233,42.24824,0.0],[-71.13428,42.24886,0.0],[-71.13432,42.24886,0.0],[-71.13441,42.24889,0.0],[-71.13506,42.24919,0.0],[-71.13516,42.24925,0.0],[-71.13643,42.24966,0.0],[-71.13623,42.25105,0.0],[-71.13601,42.25126,0.0],[-71.13486,42.25235,0.0],[-71.13429,42.25291,0.0],[-71.13406,42.25313,0.0],[-71.13379,42.25339,0.0],[-71.13427,42.25357,0.0],[-71.13389,42.25387,0.0],[-71.13425,42.25403,0.0],[-71.13397,42.25432,0.0]]]]}},{"type":"Feature","properties":{"uesi_id":"USA_R2315704","nbhd_code":"USA_R2315704_24","nbhd_name":"14000US25025100800"},"geometry":{"type":"MultiPolygon","coordinates":[[[[-71.05535,42.28825,0.0],[-71.0551,42.28794,0.0],[-71.05488,42.28768,0.0],[-71.05473,42.28745,0.0],[-71.05465,42.28734,0.0],[-71.05454,42.28712,0.0],[-71.05451,42.28687,0.0],[-71.05451,42.28681,0.0],[-71.05453,42.28668,0.0],[-71.05455,42.28662,0.0],[-71.05469,42.28628,0.0],[-71.05478,42.28602,0.0],[-71.05496,42.28558,0.0],[-71.05501,42.28543,0.0],[-71.05515,42.28508,0.0],[-71.05521,42.28492,0.0],[-71.05543,42.28436,0.0],[-71.05566,42.28361,0.0],[-71.0558,42.28322,0.0],[-71.05601,42.28293,0.0],[-71.05616,42.28282,0.0],[-71.05654,42.28259,0.0],[-71.05663,42.28258,0.0],[-71.05697,42.28252,0.0],[-71.05728,42.28246,0.0],[-71.05779,42.28232,0.0],[-71.05796,42.28227,0.0],[-71.05846,42.28214,0.0],[-71.0589,42.28201,0.0],[-71.05888,42.28187,0.0],[-71.05883,42.28128,0.0],[-71.05881,42.28109,0.0],[-71.05878,42.28088,0.0],[-71.05876,42.28065,0.0],[-71.05853,42.28007,0.0],[-71.05846,42.28007,0.0],[-71.05752,42.28014,0.0],[-71.0571,42.28017,0.0],[-71.05656,42.28021,0.0],[-71.05584,42.28026,0.0],[-71.05518,42.2803,0.0],[-71.05469,42.28035,0.0],[-71.05427,42.27923,0.0],[-71.05416,42.27895,0.0],[-71.05399,42.2785,0.0],[-71.05387,42.27821,0.0],[-71.05377,42.27804,0.0],[-71.05375,42.278,0.0],[-71.05362,42.27786,0.0],[-71.05351,42.27773,0.0],[-71.0537,42.27764,0.0],[-71.05385,42.27763,0.0],[-71.05396,42.27761,0.0],[-71.05425,42.27743,0.0],[-71.05448,42.27727,0.0],[-71.05493,42.27682,0.0],[-71.05504,42.27669,0.0],[-71.05517,42.27643,0.0],[-71.05525,42.27633,0.0],[-71.05538,42.27627,0.0],[-71.05556,42.27623,0.0],[-71.05563,42.27617,0.0],[-71.05562,42.27613,0.0],[-71.05546,42.27604,0.0],[-71.05545,42.27597,0.0],[-71.05549,42.27571,0.0],[-71.05573,42.27528,0.0],[-71.0559,42.27466,0.0],[-71.05591,42.27415,0.0],[-71.05609,42.27412,0.0],[-71.05627,42.27427,0.0],[-71.05639,42.27445,0.0],[-71.05649,42.2745,0.0],[-71.05654,42.27446,0.0],[-71.0566,42.27437,0.0],[-71.0566,42.27425,0.0],[-71.0562,42.2741,0.0],[-71.05598,42.27407,0.0],[-71.05489,42.2732,0.0],[-71.05444,42.27288,0.0],[-71.05441,42.27284,0.0],[-71.0544,42.27281,0.0],[-71.05444,42.27279,0.0],[-71.0545,42.2728,0.0],[-71.05479,42.2729,0.0],[-71.0551,42.27295,0.0],[-71.05556,42.27297,0.0],[-71.05615,42.27291,0.0],[-71.05636,42.27284,0.0],[-71.05667,42.2727,0.0],[-71.05678,42.27269,0.0],[-71.057,42.27272,0.0],[-71.05741,42.27272,0.0],[-71.05753,42.27276,0.0],[-71.05777,42.27289,0.0],[-71.05786,42.27291,0.0],[-71.05804,42.27291,0.0],[-71.05818,42.27285,0.0],[-71.05809,42.27278,0.0],[-71.05789,42.27276,0.0],[-71.05769,42.27269,0.0],[-71.05757,42.27261,0.0],[-71.0574,42.27254,0.0],[-71.05669,42.27247,0.0],[-71.0564,42.27249,0.0],[-71.05635,42.27251,0.0],[-71.05618,42.27258,0.0],[-71.05589,42.27275,0.0],[-71.05573,42.27279,0.0],[-71.05556,42.2728,0.0],[-71.05539,42.27278,0.0],[-71.05521,42.27273,0.0],[-71.05506,42.27262,0.0],[-71.05489,42.27255,0.0],[-71.0547,42.27252,0.0],[-71.05453,42.2725,0.0],[-71.05446,42.27244,0.0],[-71.05439,42.2724,0.0],[-71.05436,42.27234,0.0],[-71.05436,42.27224,0.0],[-71.05439,42.2722,0.0],[-71.05444,42.27214,0.0],[-71.0546,42.27204,0.0],[-71.05493,42.272,0.0],[-71.05507,42.27197,0.0],[-71.0552,42.27192,0.0],[-71.05524,42.27185,0.0],[-71.05549,42.2718,0.0],[-71.05557,42.27172,0.0],[-71.05581,42.27167,0.0],[-71.05589,42.27159,0.0],[-71.05632,42.27155,0.0],[-71.05648,42.2714,0.0],[-71.0566,42.27128,0.0],[-71.05679,42.27114,0.0],[-71.05702,42.27104,0.0],[-71.05726,42.271,0.0],[-71.05745,42.27096,0.0],[-71.0575,42.27093,0.0],[-71.05751,42.27081,0.0],[-71.05759,42.27071,0.0],[-71.05776,42.27064,0.0],[-71.05806,42.27039,0.0],[-71.05818,42.2703,0.0],[-71.05819,42.27018,0.0],[-71.0583,42.27012,0.0],[-71.05838,42.27003,0.0],[-71.05856,42.26991,0.0],[-71.05869,42.26974,0.0],[-71.05883,42.26947,0.0],[-71.05892,42.26941,0.0],[-71.05901,42.2694,0.0],[-71.05924,42.26947,0.0],[-71.05992,42.26983,0.0],[-71.06043,42.26993,0.0],[-71.06052,42.26992,0.0],[-71.06053,42.26984,0.0],[-71.06044,42.26974,0.0],[-71.06032,42.26963,0.0],[-71.05974,42.26921,0.0],[-71.05974,42.26916,0.0],[-71.05977,42.26914,0.0],[-71.05986,42.26914,0.0],[-71.06004,42.26916,0.0],[-71.06021,42.26907,0.0],[-71.06049,42.26905,0.0],[-71.06072,42.26886,0.0],[-71.06108,42.26882,0.0],[-71.06121,42.26889,0.0],[-71.06132,42.26889,0.0],[-71.06152,42.26881,0.0],[-71.06165,42.26871,0.0],[-71.06166,42.26859,0.0],[-71.06165,42.26856,0.0],[-71.06132,42.26832,0.0],[-71.06133,42.26821,0.0],[-71.0614,42.26814,0.0],[-71.06168,42.26808,0.0],[-71.06186,42.26798,0.0],[-71.0621,42.2678,0.0],[-71.0623,42.26769,0.0],[-71.06236,42.26769,0.0],[-71.0625,42.26777,0.0],[-71.06279,42.26786,0.0],[-71.06299,42.26799,0.0],[-71.06299,42.26808,0.0],[-71.06285,42.26828,0.0],[-71.06285,42.26838,0.0],[-71.06297,42.2685,0.0],[-71.06296,42.26861,0.0],[-71.06302,42.26865,0.0],[-71.06317,42.26869,0.0],[-71.06336,42.26886,0.0],[-71.06362,42.26886,0.0],[-71.06428,42.26892,0.0],[-71.06439,42.26897,0.0],[-71.0646,42.26911,0.0],[-71.06465,42.26916,0.0],[-71.06465,42.26925,0.0],[-71.06448,42.26942,0.0],[-71.06452,42.26961,0.0],[-71.06451,42.26997,0.0],[-71.06446,42.27002,0.0],[-71.06426,42.26998,0.0],[-71.06421,42.27004,0.0],[-71.06423,42.27013,0.0],[-71.06429,42.27019,0.0],[-71.0643,42.27029,0.0],[-71.06444,42.2704,0.0],[-71.06444,42.27057,0.0],[-71.0645,42.27061,0.0],[-71.06469,42.27065,0.0],[-71.06474,42.27066,0.0],[-71.06497,42.27074,0.0],[-71.06512,42.27082,0.0],[-71.06517,42.27086,0.0],[-71.0653,42.2708,0.0],[-71.06533,42.27082,0.0],[-71.06554,42.27099,0.0],[-71.06565,42.27106,0.0],[-71.06586,42.27115,0.0],[-71.0659,42.27117,0.0],[-71.06604,42.2712,0.0],[-71.06623,42.27125,0.0],[-71.06671,42.27131,0.0],[-71.06703,42.2714,0.0],[-71.0674,42.27147,0.0],[-71.06745,42.27147,0.0],[-71.0675,42.27147,0.0],[-71.0676,42.27147,0.0],[-71.0677,42.27146,0.0],[-71.06771,42.27146,0.0],[-71.06774,42.27145,0.0],[-71.06778,42.27143,0.0],[-71.06782,42.2714,0.0],[-71.06788,42.27131,0.0],[-71.06795,42.27118,0.0],[-71.06798,42.27115,0.0],[-71.06814,42.27101,0.0],[-71.06817,42.27109,0.0],[-71.06817,42.27113,0.0],[-71.06819,42.27123,0.0],[-71.06818,42.27135,0.0],[-71.06809,42.27157,0.0],[-71.06802,42.27178,0.0],[-71.06799,42.27196,0.0],[-71.06799,42.27212,0.0],[-71.06802,42.27222,0.0],[-71.06802,42.27229,0.0],[-71.068,42.27247,0.0],[-71.06788,42.27297,0.0],[-71.0678,42.27327,0.0],[-71.06771,42.27356,0.0],[-71.06762,42.27391,0.0],[-71.06744,42.27458,0.0],[-71.06719,42.27551,0.0],[-71.06698,42.27626,0.0],[-71.06682,42.2768,0.0],[-71.06661,42.27754,0.0],[-71.0665,42.27791,0.0],[-71.06623,42.27884,0.0],[-71.06605,42.27953,0.0],[-71.06592,42.27994,0.0],[-71.06566,42.28088,0.0],[-71.06544,42.28165,0.0],[-71.06537,42.28191,0.0],[-71.06532,42.28206,0.0],[-71.06528,42.28224,0.0],[-71.06507,42.28301,0.0],[-71.06506,42.28304,0.0],[-71.06487,42.28371,0.0],[-71.06479,42.28401,0.0],[-71.06471,42.28428,0.0],[-71.06456,42.28479,0.0],[-71.06442,42.28529,0.0],[-71.0643,42.28571,0.0],[-71.06425,42.28588,0.0],[-71.06418,42.28618,0.0],[-71.06414,42.28629,0.0],[-71.06413,42.28635,0.0],[-71.06397,42.28694,0.0],[-71.0638,42.2875,0.0],[-71.06365,42.2875,0.0],[-71.06342,42.28755,0.0],[-71.06287,42.2877,0.0],[-71.06212,42.28787,0.0],[-71.06145,42.28807,0.0],[-71.06049,42.2883,0.0],[-71.06037,42.28832,0.0],[-71.06028,42.28832,0.0],[-71.06017,42.28829,0.0],[-71.06001,42.28828,0.0],[-71.05977,42.2883,0.0],[-71.05907,42.28838,0.0],[-71.05862,42.28845,0.0],[-71.05786,42.28864,0.0],[-71.05736,42.28879,0.0],[-71.05684,42.28892,0.0],[-71.05658,42.28897,0.0],[-71.0557,42.28917,0.0],[-71.05559,42.28885,0.0],[-71.05546,42.28845,0.0],[-71.05535,42.28825,0.0]]]]}},{"type":"Feature","properties":{"uesi_id":"USA_R2315704","nbhd_code":"USA_R2315704_25","nbhd_name":"14000US25025100601"},"geometry":{"type":"MultiPolygon","coordinates":[[[[-71.05063,42.29279,0.0],[-71.05016,42.29219,0.0],[-71.04976,42.29173,0.0],[-71.04942,42.29131,0.0],[-71.04871,42.29043,0.0],[-71.04842,42.29007,0.0],[-71.05032,42.28962,0.0],[-71.05136,42.28934,0.0],[-71.05147,42.28932,0.0],[-71.05191,42.28921,0.0],[-71.05216,42.28915,0.0],[-71.05274,42.289,0.0],[-71.05358,42.28877,0.0],[-71.05433,42.28856,0.0],[-71.05489,42.28841,0.0],[-71.05535,42.28825,0.0],[-71.05546,42.28845,0.0],[-71.05559,42.28885,0.0],[-71.0557,42.28917,0.0],[-71.05658,42.28897,0.0],[-71.05684,42.28892,0.0],[-71.05736,42.28879,0.0],[-71.05786,42.28864,0.0],[-71.05862,42.28845,0.0],[-71.05907,42.28838,0.0],[-71.05977,42.2883,0.0],[-71.06001,42.28828,0.0],[-71.06017,42.28829,0.0],[-71.06028,42.28832,0.0],[-71.06037,42.28832,0.0],[-71.06049,42.2883,0.0],[-71.06145,42.28807,0.0],[-71.06212,42.28787,0.0],[-71.06287,42.2877,0.0],[-71.06342,42.28755,0.0],[-71.06365,42.2875,0.0],[-71.0638,42.2875,0.0],[-71.06373,42.28779,0.0],[-71.06364,42.28812,0.0],[-71.06352,42.28856,0.0],[-71.06345,42.28877,0.0],[-71.06326,42.28947,0.0],[-71.06315,42.2899,0.0],[-71.06312,42.28997,0.0],[-71.06293,42.29063,0.0],[-71.06281,42.29113,0.0],[-71.06269,42.29152,0.0],[-71.06261,42.29182,0.0],[-71.06185,42.292,0.0],[-71.06127,42.29214,0.0],[-71.06059,42.2923,0.0],[-71.06036,42.29236,0.0],[-71.06012,42.29242,0.0],[-71.05904,42.29271,0.0],[-71.05796,42.29297,0.0],[-71.0573,42.29313,0.0],[-71.05613,42.29339,0.0],[-71.05549,42.29351,0.0],[-71.05465,42.29371,0.0],[-71.0538,42.29398,0.0],[-71.05333,42.29415,0.0],[-71.05276,42.29436,0.0],[-71.05259,42.29442,0.0],[-71.05243,42.29448,0.0],[-71.05191,42.29411,0.0],[-71.05174,42.29399,0.0],[-71.05146,42.29375,0.0],[-71.05133,42.29361,0.0],[-71.05112,42.29339,0.0],[-71.05088,42.29309,0.0],[-71.05063,42.29279,0.0]]]]}},{"type":"Feature","properties":{"uesi_id":"USA_R2315704","nbhd_code":"USA_R2315704_26","nbhd_name":"14000US25025100500"},"geometry":{"type":"MultiPolygon","coordinates":[[[[-71.06261,42.29182,0.0],[-71.06269,42.29152,0.0],[-71.06281,42.29113,0.0],[-71.06293,42.29063,0.0],[-71.06312,42.28997,0.0],[-71.06315,42.2899,0.0],[-71.06326,42.28947,0.0],[-71.06345,42.28877,0.0],[-71.06352,42.28856,0.0],[-71.06364,42.28812,0.0],[-71.06373,42.28779,0.0],[-71.0638,42.2875,0.0],[-71.06397,42.28694,0.0],[-71.06413,42.28635,0.0],[-71.06414,42.28629,0.0],[-71.06418,42.28618,0.0],[-71.06425,42.28588,0.0],[-71.0643,42.28571,0.0],[-71.06485,42.28556,0.0],[-71.06549,42.28538,0.0],[-71.0658,42.28528,0.0],[-71.0661,42.2852,0.0],[-71.06634,42.28516,0.0],[-71.0667,42.28514,0.0],[-71.0681,42.28524,0.0],[-71.06876,42.28524,0.0],[-71.06926,42.28526,0.0],[-71.07002,42.2853,0.0],[-71.07118,42.28536,0.0],[-71.07125,42.28517,0.0],[-71.0713,42.28507,0.0],[-71.07152,42.28457,0.0],[-71.07154,42.28451,0.0],[-71.07201,42.2846,0.0],[-71.07227,42.28464,0.0],[-71.07248,42.28464,0.0],[-71.07264,42.28463,0.0],[-71.07291,42.28457,0.0],[-71.07592,42.28395,0.0],[-71.07646,42.28384,0.0],[-71.07663,42.28378,0.0],[-71.07683,42.28404,0.0],[-71.07709,42.28443,0.0],[-71.07726,42.28501,0.0],[-71.0775,42.28567,0.0],[-71.0778,42.2866,0.0],[-71.07808,42.28745,0.0],[-71.0782,42.28772,0.0],[-71.07799,42.2879,0.0],[-71.07781,42.288,0.0],[-71.07786,42.28806,0.0],[-71.07791,42.28813,0.0],[-71.07806,42.28856,0.0],[-71.07822,42.28906,0.0],[-71.07827,42.28929,0.0],[-71.07828,42.28942,0.0],[-71.07854,42.28934,0.0],[-71.07851,42.28944,0.0],[-71.0784,42.28982,0.0],[-71.07831,42.29018,0.0],[-71.07826,42.29043,0.0],[-71.0782,42.29078,0.0],[-71.07816,42.2911,0.0],[-71.07814,42.29135,0.0],[-71.07814,42.29163,0.0],[-71.07815,42.29203,0.0],[-71.078,42.29198,0.0],[-71.07718,42.29175,0.0],[-71.07611,42.29143,0.0],[-71.07584,42.29135,0.0],[-71.07541,42.29123,0.0],[-71.07519,42.29117,0.0],[-71.07465,42.29101,0.0],[-71.07415,42.29085,0.0],[-71.07331,42.29061,0.0],[-71.07255,42.29039,0.0],[-71.07223,42.29029,0.0],[-71.07211,42.29025,0.0],[-71.072,42.29023,0.0],[-71.0716,42.29023,0.0],[-71.07162,42.29041,0.0],[-71.07076,42.29028,0.0],[-71.07073,42.29043,0.0],[-71.07068,42.29049,0.0],[-71.07062,42.29052,0.0],[-71.0704,42.2906,0.0],[-71.06986,42.29072,0.0],[-71.06865,42.29111,0.0],[-71.06846,42.29117,0.0],[-71.06758,42.29143,0.0],[-71.06736,42.29152,0.0],[-71.0667,42.29171,0.0],[-71.06616,42.29186,0.0],[-71.06592,42.29194,0.0],[-71.06559,42.29203,0.0],[-71.06554,42.29205,0.0],[-71.0654,42.29211,0.0],[-71.06506,42.29222,0.0],[-71.06459,42.29236,0.0],[-71.06413,42.29249,0.0],[-71.06226,42.29302,0.0],[-71.06234,42.29274,0.0],[-71.06249,42.29222,0.0],[-71.06261,42.29182,0.0]]]]}},{"type":"Feature","properties":{"uesi_id":"USA_R2315704","nbhd_code":"USA_R2315704_27","nbhd_name":"14000US25025100400"},"geometry":{"type":"MultiPolygon","coordinates":[[[[-71.06592,42.27994,0.0],[-71.06639,42.27981,0.0],[-71.06724,42.27957,0.0],[-71.06785,42.27938,0.0],[-71.06814,42.27928,0.0],[-71.06863,42.27912,0.0],[-71.06951,42.27883,0.0],[-71.06979,42.27873,0.0],[-71.07057,42.27846,0.0],[-71.07102,42.27832,0.0],[-71.07168,42.27819,0.0],[-71.07222,42.27812,0.0],[-71.07277,42.27808,0.0],[-71.07317,42.27806,0.0],[-71.0737,42.27808,0.0],[-71.07453,42.27812,0.0],[-71.07473,42.27814,0.0],[-71.07572,42.27826,0.0],[-71.07578,42.27826,0.0],[-71.07632,42.27831,0.0],[-71.07663,42.27834,0.0],[-71.078,42.27849,0.0],[-71.07889,42.27858,0.0],[-71.07864,42.27876,0.0],[-71.07845,42.27888,0.0],[-71.07817,42.279,0.0],[-71.07796,42.27906,0.0],[-71.07751,42.27919,0.0],[-71.07694,42.27931,0.0],[-71.07525,42.27969,0.0],[-71.0753,42.2798,0.0],[-71.07541,42.2801,0.0],[-71.07547,42.28034,0.0],[-71.0756,42.28073,0.0],[-71.07574,42.28105,0.0],[-71.07596,42.28166,0.0],[-71.07603,42.28181,0.0],[-71.07606,42.28194,0.0],[-71.0761,42.28221,0.0],[-71.07616,42.28255,0.0],[-71.07621,42.28292,0.0],[-71.07625,42.28307,0.0],[-71.07626,42.28317,0.0],[-71.0763,42.28327,0.0],[-71.07663,42.28378,0.0],[-71.07646,42.28384,0.0],[-71.07592,42.28395,0.0],[-71.07291,42.28457,0.0],[-71.07264,42.28463,0.0],[-71.07248,42.28464,0.0],[-71.07227,42.28464,0.0],[-71.07201,42.2846,0.0],[-71.07154,42.28451,0.0],[-71.07152,42.28457,0.0],[-71.0713,42.28507,0.0],[-71.07125,42.28517,0.0],[-71.07118,42.28536,0.0],[-71.07002,42.2853,0.0],[-71.06926,42.28526,0.0],[-71.06876,42.28524,0.0],[-71.0681,42.28524,0.0],[-71.0667,42.28514,0.0],[-71.06634,42.28516,0.0],[-71.0661,42.2852,0.0],[-71.0658,42.28528,0.0],[-71.06549,42.28538,0.0],[-71.06485,42.28556,0.0],[-71.0643,42.28571,0.0],[-71.06442,42.28529,0.0],[-71.06456,42.28479,0.0],[-71.06471,42.28428,0.0],[-71.06479,42.28401,0.0],[-71.06487,42.28371,0.0],[-71.06506,42.28304,0.0],[-71.06507,42.28301,0.0],[-71.06528,42.28224,0.0],[-71.06532,42.28206,0.0],[-71.06537,42.28191,0.0],[-71.06544,42.28165,0.0],[-71.06566,42.28088,0.0],[-71.06592,42.27994,0.0]]]]}},{"type":"Feature","properties":{"uesi_id":"USA_R2315704","nbhd_code":"USA_R2315704_28","nbhd_name":"14000US25025100300"},"geometry":{"type":"MultiPolygon","coordinates":[[[[-71.07663,42.28378,0.0],[-71.0763,42.28327,0.0],[-71.07626,42.28317,0.0],[-71.07625,42.28307,0.0],[-71.07621,42.28292,0.0],[-71.07616,42.28255,0.0],[-71.0761,42.28221,0.0],[-71.07606,42.28194,0.0],[-71.07603,42.28181,0.0],[-71.07596,42.28166,0.0],[-71.07574,42.28105,0.0],[-71.0756,42.28073,0.0],[-71.07547,42.28034,0.0],[-71.07541,42.2801,0.0],[-71.0753,42.2798,0.0],[-71.07525,42.27969,0.0],[-71.07694,42.27931,0.0],[-71.07751,42.27919,0.0],[-71.07796,42.27906,0.0],[-71.07817,42.279,0.0],[-71.07845,42.27888,0.0],[-71.07864,42.27876,0.0],[-71.07889,42.27858,0.0],[-71.07937,42.27865,0.0],[-71.0799,42.27874,0.0],[-71.07999,42.27877,0.0],[-71.08044,42.27897,0.0],[-71.08053,42.27903,0.0],[-71.0811,42.2794,0.0],[-71.08157,42.27973,0.0],[-71.08215,42.28012,0.0],[-71.08225,42.28019,0.0],[-71.08257,42.28035,0.0],[-71.08263,42.28038,0.0],[-71.08274,42.28042,0.0],[-71.08281,42.28044,0.0],[-71.08328,42.28054,0.0],[-71.08449,42.28079,0.0],[-71.08489,42.28087,0.0],[-71.08501,42.2809,0.0],[-71.08547,42.28099,0.0],[-71.0855,42.281,0.0],[-71.08546,42.28105,0.0],[-71.08382,42.28325,0.0],[-71.08328,42.28394,0.0],[-71.08305,42.28425,0.0],[-71.0828,42.28454,0.0],[-71.08243,42.28493,0.0],[-71.08205,42.28528,0.0],[-71.08122,42.28602,0.0],[-71.08089,42.28631,0.0],[-71.08056,42.28663,0.0],[-71.08037,42.28679,0.0],[-71.07999,42.28715,0.0],[-71.07986,42.28727,0.0],[-71.07951,42.28769,0.0],[-71.07919,42.28815,0.0],[-71.07891,42.28859,0.0],[-71.07871,42.28899,0.0],[-71.07854,42.28934,0.0],[-71.07828,42.28942,0.0],[-71.07827,42.28929,0.0],[-71.07822,42.28906,0.0],[-71.07806,42.28856,0.0],[-71.07791,42.28813,0.0],[-71.07786,42.28806,0.0],[-71.07781,42.288,0.0],[-71.07799,42.2879,0.0],[-71.0782,42.28772,0.0],[-71.07808,42.28745,0.0],[-71.0778,42.2866,0.0],[-71.0775,42.28567,0.0],[-71.07726,42.28501,0.0],[-71.07709,42.28443,0.0],[-71.07683,42.28404,0.0],[-71.07663,42.28378,0.0]]]]}},{"type":"Feature","properties":{"uesi_id":"USA_R2315704","nbhd_code":"USA_R2315704_29","nbhd_name":"14000US25025130402"},"geometry":{"type":"MultiPolygon","coordinates":[[[[-71.1619,42.27978,0.0],[-71.16166,42.27993,0.0],[-71.16146,42.28008,0.0],[-71.16115,42.28035,0.0],[-71.16095,42.28019,0.0],[-71.16085,42.27993,0.0],[-71.16022,42.27944,0.0],[-71.15943,42.27884,0.0],[-71.15978,42.27846,0.0],[-71.15993,42.27836,0.0],[-71.16009,42.27827,0.0],[-71.16004,42.27818,0.0],[-71.16004,42.27806,0.0],[-71.1601,42.27782,0.0],[-71.16019,42.27759,0.0],[-71.16031,42.27728,0.0],[-71.16043,42.27686,0.0],[-71.16047,42.27658,0.0],[-71.16047,42.27641,0.0],[-71.16035,42.27599,0.0],[-71.16025,42.27552,0.0],[-71.16019,42.27519,0.0],[-71.16019,42.27501,0.0],[-71.16023,42.27481,0.0],[-71.16023,42.27472,0.0],[-71.16026,42.27464,0.0],[-71.16039,42.27419,0.0],[-71.16052,42.27373,0.0],[-71.16057,42.27357,0.0],[-71.16065,42.27335,0.0],[-71.16078,42.27314,0.0],[-71.1611,42.27263,0.0],[-71.16124,42.27241,0.0],[-71.16142,42.27205,0.0],[-71.16171,42.27145,0.0],[-71.16184,42.27116,0.0],[-71.1619,42.27095,0.0],[-71.16196,42.2703,0.0],[-71.162,42.26949,0.0],[-71.162,42.26925,0.0],[-71.16195,42.26907,0.0],[-71.16185,42.26889,0.0],[-71.16186,42.26882,0.0],[-71.16193,42.26866,0.0],[-71.16206,42.26852,0.0],[-71.16234,42.26822,0.0],[-71.16253,42.26801,0.0],[-71.16271,42.26776,0.0],[-71.16278,42.26762,0.0],[-71.16288,42.26728,0.0],[-71.16293,42.26691,0.0],[-71.16293,42.26672,0.0],[-71.16293,42.26629,0.0],[-71.1629,42.26592,0.0],[-71.16291,42.26558,0.0],[-71.16291,42.26481,0.0],[-71.16294,42.26451,0.0],[-71.16298,42.26428,0.0],[-71.16325,42.26346,0.0],[-71.16341,42.26293,0.0],[-71.16345,42.26281,0.0],[-71.16351,42.2626,0.0],[-71.16354,42.26225,0.0],[-71.16347,42.2618,0.0],[-71.16345,42.26171,0.0],[-71.16338,42.26154,0.0],[-71.1633,42.26118,0.0],[-71.16323,42.26068,0.0],[-71.1632,42.26026,0.0],[-71.16328,42.25998,0.0],[-71.1633,42.25985,0.0],[-71.16337,42.25928,0.0],[-71.1634,42.25903,0.0],[-71.1631,42.25881,0.0],[-71.16325,42.25886,0.0],[-71.1634,42.25891,0.0],[-71.16343,42.25894,0.0],[-71.16404,42.25944,0.0],[-71.1646,42.2599,0.0],[-71.16493,42.26017,0.0],[-71.16531,42.26048,0.0],[-71.16589,42.26096,0.0],[-71.1662,42.26121,0.0],[-71.1665,42.26148,0.0],[-71.16664,42.26147,0.0],[-71.16667,42.26147,0.0],[-71.16692,42.26177,0.0],[-71.167,42.26188,0.0],[-71.16705,42.26192,0.0],[-71.16718,42.26203,0.0],[-71.16722,42.26206,0.0],[-71.16746,42.26222,0.0],[-71.16816,42.26271,0.0],[-71.16829,42.2628,0.0],[-71.16838,42.26288,0.0],[-71.16841,42.2629,0.0],[-71.16849,42.26298,0.0],[-71.16852,42.263,0.0],[-71.16854,42.26302,0.0],[-71.16861,42.26307,0.0],[-71.16863,42.26309,0.0],[-71.16866,42.26311,0.0],[-71.16875,42.26319,0.0],[-71.16878,42.26322,0.0],[-71.16922,42.2636,0.0],[-71.17057,42.26474,0.0],[-71.17102,42.26513,0.0],[-71.17118,42.26517,0.0],[-71.17132,42.2652,0.0],[-71.17134,42.26521,0.0],[-71.17132,42.26531,0.0],[-71.17132,42.26535,0.0],[-71.17134,42.26549,0.0],[-71.17134,42.26556,0.0],[-71.17138,42.26578,0.0],[-71.17141,42.26592,0.0],[-71.17145,42.26606,0.0],[-71.17153,42.26619,0.0],[-71.17158,42.26625,0.0],[-71.17162,42.26627,0.0],[-71.17183,42.26636,0.0],[-71.17202,42.2664,0.0],[-71.1721,42.26643,0.0],[-71.17215,42.26644,0.0],[-71.17243,42.26652,0.0],[-71.17266,42.26657,0.0],[-71.17333,42.26665,0.0],[-71.17356,42.26671,0.0],[-71.17369,42.26676,0.0],[-71.17392,42.2669,0.0],[-71.17403,42.26697,0.0],[-71.17415,42.26708,0.0],[-71.17426,42.2672,0.0],[-71.17439,42.26739,0.0],[-71.17445,42.26749,0.0],[-71.17452,42.26766,0.0],[-71.17458,42.26783,0.0],[-71.1746,42.2679,0.0],[-71.17461,42.26808,0.0],[-71.1746,42.26826,0.0],[-71.17458,42.26833,0.0],[-71.1745,42.26857,0.0],[-71.17432,42.26886,0.0],[-71.17429,42.26889,0.0],[-71.17416,42.269,0.0],[-71.17382,42.26925,0.0],[-71.17366,42.26934,0.0],[-71.17356,42.26942,0.0],[-71.17353,42.26945,0.0],[-71.17348,42.26951,0.0],[-71.17341,42.2696,0.0],[-71.17334,42.2697,0.0],[-71.17305,42.27007,0.0],[-71.17303,42.2701,0.0],[-71.17301,42.27021,0.0],[-71.17301,42.27024,0.0],[-71.17309,42.27052,0.0],[-71.17329,42.27091,0.0],[-71.17336,42.27106,0.0],[-71.17342,42.27115,0.0],[-71.17351,42.27132,0.0],[-71.17357,42.27142,0.0],[-71.17362,42.27148,0.0],[-71.17389,42.2719,0.0],[-71.17406,42.27211,0.0],[-71.17427,42.2724,0.0],[-71.17441,42.27262,0.0],[-71.17456,42.27289,0.0],[-71.17475,42.27333,0.0],[-71.17482,42.27354,0.0],[-71.17485,42.27374,0.0],[-71.17486,42.27382,0.0],[-71.17485,42.27407,0.0],[-71.17483,42.27421,0.0],[-71.17479,42.27435,0.0],[-71.17474,42.27446,0.0],[-71.1747,42.27456,0.0],[-71.1746,42.27479,0.0],[-71.17459,42.27483,0.0],[-71.17455,42.27508,0.0],[-71.17455,42.27515,0.0],[-71.17455,42.2752,0.0],[-71.17455,42.27535,0.0],[-71.17457,42.27558,0.0],[-71.1763,42.27617,0.0],[-71.17759,42.2766,0.0],[-71.17996,42.27622,0.0],[-71.18167,42.27594,0.0],[-71.18313,42.2757,0.0],[-71.18336,42.27544,0.0],[-71.18344,42.27545,0.0],[-71.18364,42.27558,0.0],[-71.1837,42.27562,0.0],[-71.18381,42.27582,0.0],[-71.18388,42.27594,0.0],[-71.18397,42.27629,0.0],[-71.18398,42.2763,0.0],[-71.18398,42.27631,0.0],[-71.18399,42.27633,0.0],[-71.18403,42.27647,0.0],[-71.18408,42.27667,0.0],[-71.18409,42.27669,0.0],[-71.18406,42.27684,0.0],[-71.18406,42.27686,0.0],[-71.18404,42.27695,0.0],[-71.18404,42.27697,0.0],[-71.18407,42.27703,0.0],[-71.18455,42.27799,0.0],[-71.18465,42.27819,0.0],[-71.18471,42.27831,0.0],[-71.18477,42.27845,0.0],[-71.18482,42.27856,0.0],[-71.18486,42.27865,0.0],[-71.18495,42.27884,0.0],[-71.18497,42.27888,0.0],[-71.18501,42.27898,0.0],[-71.18506,42.27908,0.0],[-71.18513,42.27925,0.0],[-71.1852,42.27941,0.0],[-71.18524,42.2795,0.0],[-71.18525,42.27952,0.0],[-71.18506,42.27953,0.0],[-71.18465,42.27957,0.0],[-71.1805,42.28008,0.0],[-71.17821,42.28038,0.0],[-71.17765,42.28042,0.0],[-71.17702,42.28041,0.0],[-71.17555,42.28033,0.0],[-71.17306,42.28003,0.0],[-71.17206,42.2799,0.0],[-71.17122,42.27979,0.0],[-71.17108,42.27977,0.0],[-71.16955,42.27957,0.0],[-71.16872,42.27946,0.0],[-71.16848,42.27943,0.0],[-71.16746,42.27931,0.0],[-71.16634,42.27919,0.0],[-71.16605,42.27916,0.0],[-71.16522,42.27907,0.0],[-71.16473,42.27903,0.0],[-71.16463,42.27903,0.0],[-71.16427,42.27905,0.0],[-71.16386,42.27909,0.0],[-71.16337,42.27918,0.0],[-71.16296,42.2793,0.0],[-71.16244,42.2795,0.0],[-71.16213,42.27965,0.0],[-71.1619,42.27978,0.0]]]]}},{"type":"Feature","properties":{"uesi_id":"USA_R2315704","nbhd_code":"USA_R2315704_30","nbhd_name":"14000US25025130300"},"geometry":{"type":"MultiPolygon","coordinates":[[[[-71.14775,42.28666,0.0],[-71.14775,42.28657,0.0],[-71.14777,42.28628,0.0],[-71.14778,42.286,0.0],[-71.14766,42.28505,0.0],[-71.1475,42.28419,0.0],[-71.1474,42.2839,0.0],[-71.14739,42.28388,0.0],[-71.14725,42.28362,0.0],[-71.14707,42.28336,0.0],[-71.14703,42.28329,0.0],[-71.14701,42.28326,0.0],[-71.14676,42.28295,0.0],[-71.14636,42.28254,0.0],[-71.14605,42.28226,0.0],[-71.14566,42.28194,0.0],[-71.14552,42.28181,0.0],[-71.14522,42.28158,0.0],[-71.14492,42.28134,0.0],[-71.14474,42.2812,0.0],[-71.14425,42.28078,0.0],[-71.14396,42.28051,0.0],[-71.14404,42.28012,0.0],[-71.14324,42.27932,0.0],[-71.14278,42.27877,0.0],[-71.14278,42.27876,0.0],[-71.14261,42.27846,0.0],[-71.14251,42.27816,0.0],[-71.14246,42.27782,0.0],[-71.14249,42.27758,0.0],[-71.14257,42.27739,0.0],[-71.14272,42.27721,0.0],[-71.14288,42.2771,0.0],[-71.14306,42.27702,0.0],[-71.14317,42.27699,0.0],[-71.14324,42.27697,0.0],[-71.14367,42.2769,0.0],[-71.14416,42.2768,0.0],[-71.14465,42.27666,0.0],[-71.14501,42.27648,0.0],[-71.14523,42.27634,0.0],[-71.14532,42.27625,0.0],[-71.14543,42.27611,0.0],[-71.14557,42.27592,0.0],[-71.14565,42.27574,0.0],[-71.14567,42.27554,0.0],[-71.14566,42.27539,0.0],[-71.14565,42.27522,0.0],[-71.14571,42.27506,0.0],[-71.14548,42.27488,0.0],[-71.14531,42.27475,0.0],[-71.14513,42.27456,0.0],[-71.14482,42.27421,0.0],[-71.14428,42.27359,0.0],[-71.14399,42.27325,0.0],[-71.14375,42.27296,0.0],[-71.14366,42.27286,0.0],[-71.14387,42.27272,0.0],[-71.14443,42.27227,0.0],[-71.145,42.27181,0.0],[-71.14569,42.27127,0.0],[-71.14681,42.2704,0.0],[-71.14729,42.27,0.0],[-71.14739,42.27007,0.0],[-71.14754,42.27019,0.0],[-71.14808,42.27061,0.0],[-71.14847,42.27093,0.0],[-71.14856,42.271,0.0],[-71.1487,42.27112,0.0],[-71.14881,42.27127,0.0],[-71.14909,42.27169,0.0],[-71.14918,42.27177,0.0],[-71.14939,42.27192,0.0],[-71.14963,42.27206,0.0],[-71.14989,42.27224,0.0],[-71.15005,42.27243,0.0],[-71.15047,42.27305,0.0],[-71.15072,42.27348,0.0],[-71.15078,42.27356,0.0],[-71.15087,42.2737,0.0],[-71.151,42.27392,0.0],[-71.15118,42.27404,0.0],[-71.1515,42.27425,0.0],[-71.15178,42.27441,0.0],[-71.15212,42.27461,0.0],[-71.15236,42.27479,0.0],[-71.15298,42.27527,0.0],[-71.1531,42.27544,0.0],[-71.15322,42.27565,0.0],[-71.1533,42.2758,0.0],[-71.1535,42.27598,0.0],[-71.15372,42.2761,0.0],[-71.15406,42.2762,0.0],[-71.1546,42.2764,0.0],[-71.15492,42.27652,0.0],[-71.15526,42.27662,0.0],[-71.15557,42.2767,0.0],[-71.15607,42.27685,0.0],[-71.15646,42.27693,0.0],[-71.15655,42.27696,0.0],[-71.15677,42.27706,0.0],[-71.15712,42.27725,0.0],[-71.15774,42.27762,0.0],[-71.15802,42.2778,0.0],[-71.15834,42.27802,0.0],[-71.15866,42.2783,0.0],[-71.15891,42.27853,0.0],[-71.15917,42.27875,0.0],[-71.15926,42.2788,0.0],[-71.15931,42.27883,0.0],[-71.15937,42.27884,0.0],[-71.15943,42.27884,0.0],[-71.16022,42.27944,0.0],[-71.16085,42.27993,0.0],[-71.16095,42.28019,0.0],[-71.16115,42.28035,0.0],[-71.16087,42.28062,0.0],[-71.1606,42.28088,0.0],[-71.16023,42.2812,0.0],[-71.15981,42.28153,0.0],[-71.15958,42.28169,0.0],[-71.15926,42.28192,0.0],[-71.15889,42.28215,0.0],[-71.15862,42.28231,0.0],[-71.15748,42.28295,0.0],[-71.1572,42.28311,0.0],[-71.15658,42.28345,0.0],[-71.15637,42.28357,0.0],[-71.15498,42.28436,0.0],[-71.154,42.2849,0.0],[-71.15339,42.28519,0.0],[-71.15271,42.28548,0.0],[-71.15222,42.28567,0.0],[-71.15175,42.28584,0.0],[-71.15124,42.28601,0.0],[-71.15076,42.28614,0.0],[-71.15035,42.28624,0.0],[-71.15002,42.2863,0.0],[-71.14963,42.2864,0.0],[-71.14968,42.28645,0.0],[-71.14979,42.2866,0.0],[-71.1499,42.28677,0.0],[-71.15005,42.2872,0.0],[-71.15007,42.2873,0.0],[-71.14901,42.28719,0.0],[-71.14877,42.28717,0.0],[-71.14869,42.28716,0.0],[-71.14856,42.28716,0.0],[-71.14838,42.28717,0.0],[-71.1481,42.28711,0.0],[-71.14804,42.28708,0.0],[-71.1479,42.28701,0.0],[-71.1478,42.28691,0.0],[-71.14776,42.2868,0.0],[-71.14775,42.28666,0.0]]]]}},{"type":"Feature","properties":{"uesi_id":"USA_R2315704","nbhd_code":"USA_R2315704_31","nbhd_name":"14000US25025130200"},"geometry":{"type":"MultiPolygon","coordinates":[[[[-71.14938,42.2931,0.0],[-71.14899,42.29248,0.0],[-71.14879,42.29211,0.0],[-71.14865,42.29188,0.0],[-71.14835,42.29139,0.0],[-71.1483,42.29129,0.0],[-71.14809,42.29098,0.0],[-71.14799,42.2909,0.0],[-71.1478,42.29075,0.0],[-71.14756,42.29054,0.0],[-71.14743,42.29044,0.0],[-71.14723,42.29028,0.0],[-71.14706,42.29014,0.0],[-71.14635,42.28954,0.0],[-71.14569,42.28901,0.0],[-71.1456,42.28893,0.0],[-71.1455,42.28881,0.0],[-71.14534,42.28853,0.0],[-71.14512,42.28812,0.0],[-71.14552,42.28802,0.0],[-71.14587,42.2879,0.0],[-71.14593,42.28787,0.0],[-71.1465,42.28767,0.0],[-71.14684,42.28756,0.0],[-71.14732,42.28742,0.0],[-71.14732,42.28733,0.0],[-71.14734,42.28723,0.0],[-71.14742,42.28713,0.0],[-71.14757,42.28702,0.0],[-71.14765,42.28692,0.0],[-71.14768,42.28683,0.0],[-71.14775,42.28666,0.0],[-71.14776,42.2868,0.0],[-71.1478,42.28691,0.0],[-71.1479,42.28701,0.0],[-71.14804,42.28708,0.0],[-71.1481,42.28711,0.0],[-71.14838,42.28717,0.0],[-71.14856,42.28716,0.0],[-71.14869,42.28716,0.0],[-71.14877,42.28717,0.0],[-71.14901,42.28719,0.0],[-71.15007,42.2873,0.0],[-71.15005,42.2872,0.0],[-71.1499,42.28677,0.0],[-71.14979,42.2866,0.0],[-71.14968,42.28645,0.0],[-71.14963,42.2864,0.0],[-71.15002,42.2863,0.0],[-71.15035,42.28624,0.0],[-71.15076,42.28614,0.0],[-71.15124,42.28601,0.0],[-71.15175,42.28584,0.0],[-71.15222,42.28567,0.0],[-71.15271,42.28548,0.0],[-71.15339,42.28519,0.0],[-71.154,42.2849,0.0],[-71.15498,42.28436,0.0],[-71.15637,42.28357,0.0],[-71.15658,42.28345,0.0],[-71.1572,42.28311,0.0],[-71.15748,42.28295,0.0],[-71.15862,42.28231,0.0],[-71.15889,42.28215,0.0],[-71.15926,42.28192,0.0],[-71.15958,42.28169,0.0],[-71.15981,42.28153,0.0],[-71.16023,42.2812,0.0],[-71.1606,42.28088,0.0],[-71.16087,42.28062,0.0],[-71.16115,42.28035,0.0],[-71.16146,42.28008,0.0],[-71.16166,42.27993,0.0],[-71.1619,42.27978,0.0],[-71.16196,42.27983,0.0],[-71.16248,42.28025,0.0],[-71.16291,42.28063,0.0],[-71.16347,42.28109,0.0],[-71.16421,42.28169,0.0],[-71.16466,42.28209,0.0],[-71.16533,42.28262,0.0],[-71.16605,42.28325,0.0],[-71.16526,42.28378,0.0],[-71.16614,42.28454,0.0],[-71.16762,42.28578,0.0],[-71.16773,42.28587,0.0],[-71.167,42.28633,0.0],[-71.16641,42.28676,0.0],[-71.16578,42.2872,0.0],[-71.16532,42.28749,0.0],[-71.16463,42.2879,0.0],[-71.16418,42.28818,0.0],[-71.16397,42.28832,0.0],[-71.16368,42.28856,0.0],[-71.16285,42.28918,0.0],[-71.16206,42.28975,0.0],[-71.16176,42.28996,0.0],[-71.16145,42.29014,0.0],[-71.16129,42.29023,0.0],[-71.16105,42.29032,0.0],[-71.16088,42.29037,0.0],[-71.16059,42.29056,0.0],[-71.16016,42.2909,0.0],[-71.16063,42.29159,0.0],[-71.15998,42.29174,0.0],[-71.15967,42.2918,0.0],[-71.15949,42.29183,0.0],[-71.1591,42.29186,0.0],[-71.15868,42.29185,0.0],[-71.15852,42.29184,0.0],[-71.15841,42.29182,0.0],[-71.15795,42.29173,0.0],[-71.1577,42.29166,0.0],[-71.15726,42.29156,0.0],[-71.15698,42.29153,0.0],[-71.15677,42.29152,0.0],[-71.15656,42.29154,0.0],[-71.15629,42.29165,0.0],[-71.15618,42.29172,0.0],[-71.15566,42.29212,0.0],[-71.15503,42.29259,0.0],[-71.15468,42.29279,0.0],[-71.15431,42.29298,0.0],[-71.15377,42.29321,0.0],[-71.15349,42.29327,0.0],[-71.15326,42.29329,0.0],[-71.15309,42.2933,0.0],[-71.15289,42.29328,0.0],[-71.15269,42.29321,0.0],[-71.15232,42.29306,0.0],[-71.15177,42.29291,0.0],[-71.15144,42.29288,0.0],[-71.15113,42.29287,0.0],[-71.1503,42.29291,0.0],[-71.14989,42.29297,0.0],[-71.14938,42.2931,0.0]]]]}},{"type":"Feature","properties":{"uesi_id":"USA_R2315704","nbhd_code":"USA_R2315704_32","nbhd_name":"14000US25025130100"},"geometry":{"type":"MultiPolygon","coordinates":[[[[-71.1503,42.29554,0.0],[-71.15028,42.29549,0.0],[-71.15025,42.29538,0.0],[-71.15021,42.29522,0.0],[-71.1501,42.29499,0.0],[-71.14989,42.29442,0.0],[-71.14983,42.29426,0.0],[-71.14955,42.29354,0.0],[-71.14938,42.2931,0.0],[-71.14989,42.29297,0.0],[-71.1503,42.29291,0.0],[-71.15113,42.29287,0.0],[-71.15144,42.29288,0.0],[-71.15177,42.29291,0.0],[-71.15232,42.29306,0.0],[-71.15269,42.29321,0.0],[-71.15289,42.29328,0.0],[-71.15309,42.2933,0.0],[-71.15326,42.29329,0.0],[-71.15349,42.29327,0.0],[-71.15377,42.29321,0.0],[-71.15431,42.29298,0.0],[-71.15468,42.29279,0.0],[-71.15503,42.29259,0.0],[-71.15566,42.29212,0.0],[-71.15618,42.29172,0.0],[-71.15629,42.29165,0.0],[-71.15656,42.29154,0.0],[-71.15677,42.29152,0.0],[-71.15698,42.29153,0.0],[-71.15726,42.29156,0.0],[-71.1577,42.29166,0.0],[-71.15795,42.29173,0.0],[-71.15841,42.29182,0.0],[-71.15852,42.29184,0.0],[-71.15868,42.29185,0.0],[-71.1591,42.29186,0.0],[-71.15949,42.29183,0.0],[-71.15967,42.2918,0.0],[-71.15998,42.29174,0.0],[-71.16063,42.29159,0.0],[-71.16016,42.2909,0.0],[-71.16059,42.29056,0.0],[-71.16088,42.29037,0.0],[-71.16105,42.29032,0.0],[-71.16129,42.29023,0.0],[-71.16145,42.29014,0.0],[-71.16176,42.28996,0.0],[-71.16206,42.28975,0.0],[-71.16285,42.28918,0.0],[-71.16368,42.28856,0.0],[-71.16397,42.28832,0.0],[-71.16418,42.28818,0.0],[-71.16463,42.2879,0.0],[-71.16532,42.28749,0.0],[-71.16578,42.2872,0.0],[-71.16641,42.28676,0.0],[-71.167,42.28633,0.0],[-71.16773,42.28587,0.0],[-71.16762,42.28578,0.0],[-71.16614,42.28454,0.0],[-71.16526,42.28378,0.0],[-71.16605,42.28325,0.0],[-71.16533,42.28262,0.0],[-71.16466,42.28209,0.0],[-71.16421,42.28169,0.0],[-71.16347,42.28109,0.0],[-71.16291,42.28063,0.0],[-71.16248,42.28025,0.0],[-71.16196,42.27983,0.0],[-71.1619,42.27978,0.0],[-71.16213,42.27965,0.0],[-71.16244,42.2795,0.0],[-71.16296,42.2793,0.0],[-71.16337,42.27918,0.0],[-71.16386,42.27909,0.0],[-71.16427,42.27905,0.0],[-71.16463,42.27903,0.0],[-71.16473,42.27903,0.0],[-71.16522,42.27907,0.0],[-71.16605,42.27916,0.0],[-71.16634,42.27919,0.0],[-71.16746,42.27931,0.0],[-71.16848,42.27943,0.0],[-71.16872,42.27946,0.0],[-71.16955,42.27957,0.0],[-71.17108,42.27977,0.0],[-71.17122,42.27979,0.0],[-71.17206,42.2799,0.0],[-71.17306,42.28003,0.0],[-71.17555,42.28033,0.0],[-71.17702,42.28041,0.0],[-71.17765,42.28042,0.0],[-71.17821,42.28038,0.0],[-71.1805,42.28008,0.0],[-71.18465,42.27957,0.0],[-71.18506,42.27953,0.0],[-71.18525,42.27952,0.0],[-71.18528,42.27963,0.0],[-71.18529,42.27973,0.0],[-71.18532,42.27976,0.0],[-71.18539,42.2798,0.0],[-71.18544,42.27982,0.0],[-71.18558,42.27986,0.0],[-71.18567,42.27987,0.0],[-71.18577,42.27988,0.0],[-71.18596,42.2799,0.0],[-71.1863,42.27989,0.0],[-71.1864,42.2799,0.0],[-71.1865,42.27991,0.0],[-71.18668,42.27996,0.0],[-71.18685,42.28003,0.0],[-71.18694,42.28005,0.0],[-71.18718,42.28006,0.0],[-71.18723,42.28007,0.0],[-71.18745,42.28015,0.0],[-71.18777,42.28024,0.0],[-71.188,42.28034,0.0],[-71.18802,42.28035,0.0],[-71.18817,42.28042,0.0],[-71.18832,42.28051,0.0],[-71.18849,42.28064,0.0],[-71.18862,42.28075,0.0],[-71.18865,42.28077,0.0],[-71.18869,42.28079,0.0],[-71.189,42.2809,0.0],[-71.18916,42.28098,0.0],[-71.1895,42.28113,0.0],[-71.1896,42.28118,0.0],[-71.18974,42.28124,0.0],[-71.19004,42.28142,0.0],[-71.19019,42.28152,0.0],[-71.19026,42.28159,0.0],[-71.19042,42.28168,0.0],[-71.19068,42.28185,0.0],[-71.19086,42.28215,0.0],[-71.19102,42.28247,0.0],[-71.19105,42.28254,0.0],[-71.19111,42.28278,0.0],[-71.19111,42.28278,0.0],[-71.19111,42.28279,0.0],[-71.19112,42.28282,0.0],[-71.19112,42.28284,0.0],[-71.19115,42.28299,0.0],[-71.19116,42.28307,0.0],[-71.1909,42.28326,0.0],[-71.1907,42.28344,0.0],[-71.19011,42.28399,0.0],[-71.18838,42.28559,0.0],[-71.18738,42.28652,0.0],[-71.18635,42.28747,0.0],[-71.17864,42.2946,0.0],[-71.17861,42.29462,0.0],[-71.17636,42.29611,0.0],[-71.17044,42.30003,0.0],[-71.16981,42.30045,0.0],[-71.16842,42.30137,0.0],[-71.16829,42.30146,0.0],[-71.16827,42.30147,0.0],[-71.1681,42.30157,0.0],[-71.16792,42.3017,0.0],[-71.16734,42.30208,0.0],[-71.16725,42.30215,0.0],[-71.16711,42.30224,0.0],[-71.16654,42.30262,0.0],[-71.16512,42.30356,0.0],[-71.1648,42.30377,0.0],[-71.1647,42.30371,0.0],[-71.16432,42.30347,0.0],[-71.16344,42.30291,0.0],[-71.16317,42.30271,0.0],[-71.16287,42.3025,0.0],[-71.16151,42.3015,0.0],[-71.1601,42.30046,0.0],[-71.15874,42.29946,0.0],[-71.15772,42.29871,0.0],[-71.15721,42.29834,0.0],[-71.15698,42.29817,0.0],[-71.15684,42.29807,0.0],[-71.15682,42.29797,0.0],[-71.1568,42.2979,0.0],[-71.15604,42.2974,0.0],[-71.15576,42.29722,0.0],[-71.15575,42.2972,0.0],[-71.1557,42.29717,0.0],[-71.15568,42.29716,0.0],[-71.15563,42.29713,0.0],[-71.15548,42.29703,0.0],[-71.15543,42.297,0.0],[-71.15529,42.2969,0.0],[-71.15484,42.2966,0.0],[-71.15469,42.2965,0.0],[-71.15465,42.29647,0.0],[-71.15453,42.29639,0.0],[-71.15449,42.29636,0.0],[-71.1543,42.29624,0.0],[-71.15376,42.29588,0.0],[-71.15357,42.29576,0.0],[-71.15353,42.29572,0.0],[-71.15338,42.29563,0.0],[-71.15333,42.29559,0.0],[-71.1532,42.29551,0.0],[-71.15311,42.29543,0.0],[-71.15251,42.29489,0.0],[-71.15231,42.29471,0.0],[-71.15229,42.29469,0.0],[-71.15223,42.29464,0.0],[-71.15221,42.29462,0.0],[-71.1522,42.29461,0.0],[-71.15214,42.29462,0.0],[-71.15193,42.29469,0.0],[-71.15193,42.2947,0.0],[-71.15183,42.29474,0.0],[-71.15113,42.29511,0.0],[-71.1503,42.29554,0.0]]]]}},{"type":"Feature","properties":{"uesi_id":"USA_R2315704","nbhd_code":"USA_R2315704_33","nbhd_name":"14000US25025120700"},"geometry":{"type":"MultiPolygon","coordinates":[[[[-71.10654,42.32652,0.0],[-71.10679,42.32586,0.0],[-71.10681,42.32574,0.0],[-71.10725,42.32552,0.0],[-71.10734,42.32553,0.0],[-71.10741,42.32553,0.0],[-71.10751,42.32551,0.0],[-71.10764,42.32542,0.0],[-71.10772,42.32532,0.0],[-71.10776,42.32522,0.0],[-71.10778,42.32509,0.0],[-71.10779,42.32496,0.0],[-71.10782,42.32491,0.0],[-71.10785,42.32481,0.0],[-71.10793,42.32473,0.0],[-71.10805,42.32462,0.0],[-71.10827,42.32449,0.0],[-71.10835,42.32444,0.0],[-71.10871,42.32422,0.0],[-71.10895,42.32402,0.0],[-71.10914,42.32383,0.0],[-71.10933,42.32364,0.0],[-71.10945,42.32351,0.0],[-71.10955,42.32338,0.0],[-71.10897,42.32326,0.0],[-71.10889,42.32327,0.0],[-71.10873,42.32327,0.0],[-71.10848,42.32323,0.0],[-71.10827,42.32319,0.0],[-71.10837,42.32284,0.0],[-71.10844,42.32248,0.0],[-71.10845,42.3224,0.0],[-71.10926,42.32217,0.0],[-71.10945,42.32212,0.0],[-71.10994,42.32203,0.0],[-71.11032,42.32192,0.0],[-71.11064,42.32184,0.0],[-71.11166,42.32169,0.0],[-71.11209,42.32161,0.0],[-71.11231,42.32158,0.0],[-71.11282,42.3215,0.0],[-71.11321,42.32143,0.0],[-71.11388,42.32133,0.0],[-71.11415,42.32129,0.0],[-71.1145,42.32124,0.0],[-71.11495,42.32118,0.0],[-71.11519,42.32114,0.0],[-71.11543,42.3211,0.0],[-71.1156,42.32107,0.0],[-71.11581,42.32106,0.0],[-71.11599,42.32104,0.0],[-71.11632,42.32102,0.0],[-71.11657,42.32103,0.0],[-71.11661,42.32121,0.0],[-71.11669,42.32142,0.0],[-71.11679,42.32174,0.0],[-71.11683,42.32201,0.0],[-71.11685,42.32229,0.0],[-71.11683,42.32247,0.0],[-71.11674,42.32264,0.0],[-71.11663,42.32274,0.0],[-71.1165,42.32284,0.0],[-71.11629,42.32295,0.0],[-71.11569,42.32316,0.0],[-71.11555,42.32322,0.0],[-71.1153,42.32337,0.0],[-71.11508,42.32358,0.0],[-71.11467,42.32344,0.0],[-71.11435,42.32337,0.0],[-71.1141,42.32332,0.0],[-71.11385,42.32329,0.0],[-71.11326,42.32322,0.0],[-71.11283,42.3232,0.0],[-71.1122,42.32313,0.0],[-71.11224,42.3236,0.0],[-71.11226,42.32391,0.0],[-71.11227,42.32433,0.0],[-71.11226,42.32456,0.0],[-71.11223,42.32475,0.0],[-71.11219,42.32497,0.0],[-71.11211,42.32522,0.0],[-71.11201,42.3255,0.0],[-71.1119,42.32573,0.0],[-71.11145,42.32645,0.0],[-71.1114,42.32654,0.0],[-71.11131,42.3267,0.0],[-71.11114,42.32706,0.0],[-71.111,42.32741,0.0],[-71.1109,42.32767,0.0],[-71.11081,42.32799,0.0],[-71.11075,42.32826,0.0],[-71.11071,42.32849,0.0],[-71.11071,42.32865,0.0],[-71.11074,42.32877,0.0],[-71.11078,42.32894,0.0],[-71.11083,42.32908,0.0],[-71.11064,42.32892,0.0],[-71.11043,42.32877,0.0],[-71.11002,42.3285,0.0],[-71.10987,42.32838,0.0],[-71.10982,42.32835,0.0],[-71.1094,42.32805,0.0],[-71.10925,42.32794,0.0],[-71.10878,42.32759,0.0],[-71.10859,42.32747,0.0],[-71.10833,42.32733,0.0],[-71.10822,42.32727,0.0],[-71.10781,42.32713,0.0],[-71.1074,42.32698,0.0],[-71.10718,42.32691,0.0],[-71.10708,42.32686,0.0],[-71.10689,42.32673,0.0],[-71.10659,42.32654,0.0],[-71.10654,42.32652,0.0]]]]}},{"type":"Feature","properties":{"uesi_id":"USA_R2315704","nbhd_code":"USA_R2315704_34","nbhd_name":"14000US25025120600"},"geometry":{"type":"MultiPolygon","coordinates":[[[[-71.10667,42.31728,0.0],[-71.10684,42.31702,0.0],[-71.10689,42.3169,0.0],[-71.10707,42.31662,0.0],[-71.10724,42.31639,0.0],[-71.10745,42.31642,0.0],[-71.10777,42.31646,0.0],[-71.10813,42.31648,0.0],[-71.10826,42.31649,0.0],[-71.10844,42.31649,0.0],[-71.10904,42.31651,0.0],[-71.10936,42.3165,0.0],[-71.10963,42.31652,0.0],[-71.10986,42.31654,0.0],[-71.11,42.31656,0.0],[-71.11012,42.31659,0.0],[-71.11023,42.31663,0.0],[-71.11039,42.31671,0.0],[-71.11067,42.31683,0.0],[-71.11084,42.31691,0.0],[-71.11176,42.3174,0.0],[-71.11242,42.31774,0.0],[-71.11276,42.31793,0.0],[-71.11239,42.31847,0.0],[-71.11215,42.31881,0.0],[-71.11193,42.31911,0.0],[-71.11167,42.31955,0.0],[-71.11106,42.32033,0.0],[-71.11094,42.32048,0.0],[-71.11069,42.32076,0.0],[-71.11053,42.32101,0.0],[-71.11009,42.32153,0.0],[-71.11004,42.32186,0.0],[-71.11032,42.32192,0.0],[-71.10994,42.32203,0.0],[-71.10945,42.32212,0.0],[-71.10926,42.32217,0.0],[-71.10845,42.3224,0.0],[-71.10827,42.32233,0.0],[-71.10799,42.32212,0.0],[-71.1075,42.32173,0.0],[-71.10679,42.32116,0.0],[-71.10668,42.32105,0.0],[-71.10656,42.32092,0.0],[-71.10586,42.31997,0.0],[-71.10557,42.31961,0.0],[-71.10545,42.31952,0.0],[-71.10529,42.31937,0.0],[-71.10513,42.31929,0.0],[-71.10539,42.31894,0.0],[-71.10553,42.31874,0.0],[-71.10567,42.31855,0.0],[-71.1058,42.31841,0.0],[-71.10641,42.31764,0.0],[-71.1066,42.31739,0.0],[-71.10667,42.31728,0.0]]]]}},{"type":"Feature","properties":{"uesi_id":"USA_R2315704","nbhd_code":"USA_R2315704_35","nbhd_name":"14000US25025120500"},"geometry":{"type":"MultiPolygon","coordinates":[[[[-71.10002,42.32278,0.0],[-71.10054,42.32214,0.0],[-71.10141,42.32111,0.0],[-71.1025,42.31984,0.0],[-71.10294,42.31931,0.0],[-71.10343,42.31867,0.0],[-71.10368,42.3183,0.0],[-71.10397,42.31787,0.0],[-71.10421,42.31746,0.0],[-71.10448,42.31703,0.0],[-71.10488,42.31704,0.0],[-71.10513,42.31702,0.0],[-71.10537,42.31698,0.0],[-71.10567,42.31693,0.0],[-71.10576,42.31694,0.0],[-71.10586,42.31696,0.0],[-71.10613,42.31703,0.0],[-71.10638,42.31713,0.0],[-71.10667,42.31728,0.0],[-71.1066,42.31739,0.0],[-71.10641,42.31764,0.0],[-71.1058,42.31841,0.0],[-71.10567,42.31855,0.0],[-71.10553,42.31874,0.0],[-71.10539,42.31894,0.0],[-71.10513,42.31929,0.0],[-71.10529,42.31937,0.0],[-71.10545,42.31952,0.0],[-71.10557,42.31961,0.0],[-71.10586,42.31997,0.0],[-71.10656,42.32092,0.0],[-71.10668,42.32105,0.0],[-71.10679,42.32116,0.0],[-71.1075,42.32173,0.0],[-71.10799,42.32212,0.0],[-71.10827,42.32233,0.0],[-71.10845,42.3224,0.0],[-71.10799,42.32245,0.0],[-71.10784,42.32245,0.0],[-71.10685,42.32253,0.0],[-71.10657,42.32257,0.0],[-71.10583,42.32264,0.0],[-71.10516,42.32271,0.0],[-71.10487,42.32273,0.0],[-71.10402,42.32283,0.0],[-71.10361,42.32288,0.0],[-71.10351,42.32289,0.0],[-71.10322,42.32291,0.0],[-71.10286,42.32293,0.0],[-71.10247,42.32293,0.0],[-71.10218,42.32292,0.0],[-71.10211,42.32292,0.0],[-71.10174,42.3229,0.0],[-71.10134,42.32287,0.0],[-71.10062,42.32283,0.0],[-71.10059,42.32282,0.0],[-71.10036,42.32282,0.0],[-71.10002,42.32278,0.0]]]]}},{"type":"Feature","properties":{"uesi_id":"USA_R2315704","nbhd_code":"USA_R2315704_36","nbhd_name":"14000US25025120400"},"geometry":{"type":"MultiPolygon","coordinates":[[[[-71.10667,42.31728,0.0],[-71.10638,42.31713,0.0],[-71.10613,42.31703,0.0],[-71.10586,42.31696,0.0],[-71.10576,42.31694,0.0],[-71.10567,42.31693,0.0],[-71.10537,42.31698,0.0],[-71.10513,42.31702,0.0],[-71.10488,42.31704,0.0],[-71.10448,42.31703,0.0],[-71.10462,42.3167,0.0],[-71.10494,42.3158,0.0],[-71.10506,42.3155,0.0],[-71.1052,42.31512,0.0],[-71.10538,42.31465,0.0],[-71.10579,42.31345,0.0],[-71.10609,42.3128,0.0],[-71.10629,42.31234,0.0],[-71.10661,42.31175,0.0],[-71.10699,42.31116,0.0],[-71.10735,42.31063,0.0],[-71.10766,42.31011,0.0],[-71.10881,42.30828,0.0],[-71.10933,42.30753,0.0],[-71.1103,42.30608,0.0],[-71.11034,42.30609,0.0],[-71.11055,42.30614,0.0],[-71.1108,42.30615,0.0],[-71.11073,42.30649,0.0],[-71.11069,42.30664,0.0],[-71.11065,42.30674,0.0],[-71.11058,42.30684,0.0],[-71.11041,42.30709,0.0],[-71.11062,42.3071,0.0],[-71.11093,42.30709,0.0],[-71.11097,42.30709,0.0],[-71.11155,42.30704,0.0],[-71.11173,42.30701,0.0],[-71.11259,42.30692,0.0],[-71.11385,42.30681,0.0],[-71.11443,42.30674,0.0],[-71.11495,42.30669,0.0],[-71.11525,42.30664,0.0],[-71.11534,42.30685,0.0],[-71.11539,42.30701,0.0],[-71.11541,42.30708,0.0],[-71.11545,42.30726,0.0],[-71.11548,42.3074,0.0],[-71.11551,42.30766,0.0],[-71.11553,42.30807,0.0],[-71.11556,42.30848,0.0],[-71.11558,42.30895,0.0],[-71.11558,42.3092,0.0],[-71.11558,42.30931,0.0],[-71.11555,42.30947,0.0],[-71.11551,42.30961,0.0],[-71.11547,42.30968,0.0],[-71.11536,42.30987,0.0],[-71.11513,42.31012,0.0],[-71.11485,42.3104,0.0],[-71.11476,42.31056,0.0],[-71.11465,42.31076,0.0],[-71.11457,42.31099,0.0],[-71.1145,42.31124,0.0],[-71.1144,42.31163,0.0],[-71.11423,42.31217,0.0],[-71.11418,42.31232,0.0],[-71.11415,42.31253,0.0],[-71.1141,42.31304,0.0],[-71.1141,42.31324,0.0],[-71.11482,42.31351,0.0],[-71.1154,42.31373,0.0],[-71.11582,42.3139,0.0],[-71.11591,42.31393,0.0],[-71.11629,42.31408,0.0],[-71.11634,42.3141,0.0],[-71.11636,42.31413,0.0],[-71.11636,42.31418,0.0],[-71.11634,42.31424,0.0],[-71.11621,42.31443,0.0],[-71.11567,42.31514,0.0],[-71.11622,42.31532,0.0],[-71.117,42.31559,0.0],[-71.1169,42.31576,0.0],[-71.11679,42.3161,0.0],[-71.11675,42.31639,0.0],[-71.11673,42.3167,0.0],[-71.11674,42.31708,0.0],[-71.11675,42.31749,0.0],[-71.11674,42.31764,0.0],[-71.11668,42.31784,0.0],[-71.11655,42.31811,0.0],[-71.11648,42.31831,0.0],[-71.11646,42.31844,0.0],[-71.11647,42.31859,0.0],[-71.11649,42.31866,0.0],[-71.11655,42.31878,0.0],[-71.11667,42.31893,0.0],[-71.11686,42.31911,0.0],[-71.11699,42.31926,0.0],[-71.11708,42.31939,0.0],[-71.11715,42.31954,0.0],[-71.11717,42.31968,0.0],[-71.11716,42.31984,0.0],[-71.11711,42.31999,0.0],[-71.11702,42.32013,0.0],[-71.11697,42.32019,0.0],[-71.11678,42.32048,0.0],[-71.11668,42.32063,0.0],[-71.11661,42.32075,0.0],[-71.11659,42.32086,0.0],[-71.11657,42.32103,0.0],[-71.11632,42.32102,0.0],[-71.11599,42.32104,0.0],[-71.11581,42.32106,0.0],[-71.1156,42.32107,0.0],[-71.11543,42.3211,0.0],[-71.11519,42.32114,0.0],[-71.11495,42.32118,0.0],[-71.1145,42.32124,0.0],[-71.11415,42.32129,0.0],[-71.11388,42.32133,0.0],[-71.11321,42.32143,0.0],[-71.11282,42.3215,0.0],[-71.11231,42.32158,0.0],[-71.11209,42.32161,0.0],[-71.11166,42.32169,0.0],[-71.11064,42.32184,0.0],[-71.11032,42.32192,0.0],[-71.11004,42.32186,0.0],[-71.11009,42.32153,0.0],[-71.11053,42.32101,0.0],[-71.11069,42.32076,0.0],[-71.11094,42.32048,0.0],[-71.11106,42.32033,0.0],[-71.11167,42.31955,0.0],[-71.11193,42.31911,0.0],[-71.11215,42.31881,0.0],[-71.11239,42.31847,0.0],[-71.11276,42.31793,0.0],[-71.11242,42.31774,0.0],[-71.11176,42.3174,0.0],[-71.11084,42.31691,0.0],[-71.11067,42.31683,0.0],[-71.11039,42.31671,0.0],[-71.11023,42.31663,0.0],[-71.11012,42.31659,0.0],[-71.11,42.31656,0.0],[-71.10986,42.31654,0.0],[-71.10963,42.31652,0.0],[-71.10936,42.3165,0.0],[-71.10904,42.31651,0.0],[-71.10844,42.31649,0.0],[-71.10826,42.31649,0.0],[-71.10813,42.31648,0.0],[-71.10777,42.31646,0.0],[-71.10745,42.31642,0.0],[-71.10724,42.31639,0.0],[-71.10707,42.31662,0.0],[-71.10689,42.3169,0.0],[-71.10684,42.31702,0.0],[-71.10667,42.31728,0.0]]]]}},{"type":"Feature","properties":{"uesi_id":"USA_R2315704","nbhd_code":"USA_R2315704_37","nbhd_name":"14000US25025110601"},"geometry":{"type":"MultiPolygon","coordinates":[[[[-71.12793,42.30017,0.0],[-71.12807,42.30004,0.0],[-71.1288,42.2993,0.0],[-71.12939,42.29874,0.0],[-71.12962,42.29854,0.0],[-71.12989,42.29832,0.0],[-71.13007,42.29819,0.0],[-71.13009,42.29818,0.0],[-71.13037,42.29801,0.0],[-71.1304,42.298,0.0],[-71.13061,42.29788,0.0],[-71.13087,42.29774,0.0],[-71.1313,42.29754,0.0],[-71.13191,42.2973,0.0],[-71.13204,42.29725,0.0],[-71.1325,42.29705,0.0],[-71.13298,42.29684,0.0],[-71.13327,42.29664,0.0],[-71.1333,42.29662,0.0],[-71.13363,42.2964,0.0],[-71.13366,42.29637,0.0],[-71.13429,42.29591,0.0],[-71.13483,42.29544,0.0],[-71.13523,42.29512,0.0],[-71.13601,42.29444,0.0],[-71.13634,42.29413,0.0],[-71.1367,42.29384,0.0],[-71.13731,42.29336,0.0],[-71.1379,42.29285,0.0],[-71.13851,42.29234,0.0],[-71.1387,42.29219,0.0],[-71.13916,42.2918,0.0],[-71.13975,42.29131,0.0],[-71.14038,42.29077,0.0],[-71.14101,42.29024,0.0],[-71.14115,42.29013,0.0],[-71.14172,42.28965,0.0],[-71.14203,42.28941,0.0],[-71.14244,42.28904,0.0],[-71.14273,42.28879,0.0],[-71.14274,42.28878,0.0],[-71.14278,42.28875,0.0],[-71.14293,42.28867,0.0],[-71.14305,42.28861,0.0],[-71.14416,42.28835,0.0],[-71.14464,42.28824,0.0],[-71.14478,42.2882,0.0],[-71.14512,42.28812,0.0],[-71.14534,42.28853,0.0],[-71.1455,42.28881,0.0],[-71.1456,42.28893,0.0],[-71.14569,42.28901,0.0],[-71.14635,42.28954,0.0],[-71.14706,42.29014,0.0],[-71.14723,42.29028,0.0],[-71.14743,42.29044,0.0],[-71.14756,42.29054,0.0],[-71.1478,42.29075,0.0],[-71.14799,42.2909,0.0],[-71.14809,42.29098,0.0],[-71.1483,42.29129,0.0],[-71.14835,42.29139,0.0],[-71.14865,42.29188,0.0],[-71.14879,42.29211,0.0],[-71.14899,42.29248,0.0],[-71.14938,42.2931,0.0],[-71.14955,42.29354,0.0],[-71.14983,42.29426,0.0],[-71.14989,42.29442,0.0],[-71.1501,42.29499,0.0],[-71.15021,42.29522,0.0],[-71.15025,42.29538,0.0],[-71.15028,42.29549,0.0],[-71.1503,42.29554,0.0],[-71.15002,42.29569,0.0],[-71.14878,42.29632,0.0],[-71.14829,42.29657,0.0],[-71.14792,42.29676,0.0],[-71.1475,42.29697,0.0],[-71.14742,42.29703,0.0],[-71.1473,42.29711,0.0],[-71.1472,42.29714,0.0],[-71.14704,42.29721,0.0],[-71.14688,42.29729,0.0],[-71.14682,42.29733,0.0],[-71.14597,42.29795,0.0],[-71.14414,42.29926,0.0],[-71.14405,42.29933,0.0],[-71.14347,42.29975,0.0],[-71.14231,42.30059,0.0],[-71.14153,42.30115,0.0],[-71.14014,42.30216,0.0],[-71.13983,42.30201,0.0],[-71.13956,42.3019,0.0],[-71.13912,42.30176,0.0],[-71.13902,42.30174,0.0],[-71.1378,42.30136,0.0],[-71.13744,42.30126,0.0],[-71.1371,42.30119,0.0],[-71.13692,42.3012,0.0],[-71.13659,42.30127,0.0],[-71.136,42.30143,0.0],[-71.13576,42.30149,0.0],[-71.13544,42.30159,0.0],[-71.13487,42.30173,0.0],[-71.13462,42.30176,0.0],[-71.13436,42.30175,0.0],[-71.13405,42.30171,0.0],[-71.13382,42.30166,0.0],[-71.13326,42.30155,0.0],[-71.13258,42.30143,0.0],[-71.13223,42.30138,0.0],[-71.13191,42.30135,0.0],[-71.13142,42.30133,0.0],[-71.13107,42.30132,0.0],[-71.1309,42.30128,0.0],[-71.13056,42.30115,0.0],[-71.13018,42.30101,0.0],[-71.12876,42.3005,0.0],[-71.12857,42.30042,0.0],[-71.12823,42.30029,0.0],[-71.12793,42.30017,0.0]]]]}},{"type":"Feature","properties":{"uesi_id":"USA_R2315704","nbhd_code":"USA_R2315704_38","nbhd_name":"14000US25025110502"},"geometry":{"type":"MultiPolygon","coordinates":[[[[-71.12513,42.2845,0.0],[-71.12594,42.28379,0.0],[-71.1266,42.28322,0.0],[-71.1267,42.28314,0.0],[-71.12679,42.28308,0.0],[-71.12726,42.28291,0.0],[-71.12794,42.28267,0.0],[-71.12781,42.28252,0.0],[-71.12758,42.28222,0.0],[-71.12777,42.28211,0.0],[-71.12819,42.28173,0.0],[-71.12861,42.28138,0.0],[-71.12908,42.28098,0.0],[-71.12945,42.28123,0.0],[-71.12975,42.28146,0.0],[-71.12995,42.28154,0.0],[-71.13013,42.28139,0.0],[-71.13058,42.28101,0.0],[-71.13132,42.28038,0.0],[-71.13155,42.28015,0.0],[-71.13217,42.27961,0.0],[-71.1325,42.27933,0.0],[-71.13256,42.27927,0.0],[-71.1326,42.27919,0.0],[-71.13263,42.27914,0.0],[-71.13267,42.27905,0.0],[-71.13268,42.27893,0.0],[-71.13269,42.27874,0.0],[-71.13276,42.27861,0.0],[-71.13305,42.27831,0.0],[-71.13336,42.27806,0.0],[-71.13421,42.27736,0.0],[-71.13479,42.27691,0.0],[-71.13535,42.27727,0.0],[-71.13571,42.27748,0.0],[-71.1359,42.2776,0.0],[-71.13642,42.27792,0.0],[-71.137,42.27833,0.0],[-71.13707,42.2788,0.0],[-71.13712,42.27961,0.0],[-71.13719,42.28039,0.0],[-71.13723,42.28064,0.0],[-71.13723,42.2807,0.0],[-71.13725,42.28108,0.0],[-71.13729,42.28153,0.0],[-71.13728,42.28167,0.0],[-71.13736,42.28244,0.0],[-71.13738,42.28268,0.0],[-71.13748,42.28367,0.0],[-71.1375,42.28434,0.0],[-71.13759,42.28538,0.0],[-71.13762,42.28586,0.0],[-71.13762,42.28606,0.0],[-71.13757,42.28615,0.0],[-71.13742,42.28626,0.0],[-71.137,42.28627,0.0],[-71.13523,42.28631,0.0],[-71.13423,42.28632,0.0],[-71.13385,42.28633,0.0],[-71.13338,42.28636,0.0],[-71.13306,42.28638,0.0],[-71.13226,42.28647,0.0],[-71.13183,42.28654,0.0],[-71.13166,42.28658,0.0],[-71.13117,42.28671,0.0],[-71.13095,42.28679,0.0],[-71.13056,42.28691,0.0],[-71.13006,42.28708,0.0],[-71.1297,42.28719,0.0],[-71.12956,42.28722,0.0],[-71.12938,42.28714,0.0],[-71.12928,42.28709,0.0],[-71.12912,42.28703,0.0],[-71.12896,42.28699,0.0],[-71.12878,42.28695,0.0],[-71.12864,42.28694,0.0],[-71.1283,42.28692,0.0],[-71.12817,42.28692,0.0],[-71.12791,42.28698,0.0],[-71.12766,42.28707,0.0],[-71.12705,42.28747,0.0],[-71.12737,42.28711,0.0],[-71.12813,42.28646,0.0],[-71.12744,42.28601,0.0],[-71.12727,42.2859,0.0],[-71.12666,42.28552,0.0],[-71.1261,42.28518,0.0],[-71.12569,42.28492,0.0],[-71.12513,42.2845,0.0]]]]}},{"type":"Feature","properties":{"uesi_id":"USA_R2315704","nbhd_code":"USA_R2315704_39","nbhd_name":"14000US25025110501"},"geometry":{"type":"MultiPolygon","coordinates":[[[[-71.137,42.27833,0.0],[-71.13715,42.27819,0.0],[-71.13773,42.2777,0.0],[-71.13817,42.27732,0.0],[-71.13832,42.27718,0.0],[-71.13865,42.27691,0.0],[-71.13914,42.27649,0.0],[-71.13962,42.27608,0.0],[-71.14001,42.27572,0.0],[-71.14027,42.27548,0.0],[-71.14031,42.27544,0.0],[-71.14065,42.27519,0.0],[-71.14065,42.27533,0.0],[-71.14066,42.27575,0.0],[-71.14068,42.27589,0.0],[-71.14075,42.2763,0.0],[-71.14093,42.27692,0.0],[-71.14115,42.27736,0.0],[-71.14138,42.27774,0.0],[-71.14177,42.27823,0.0],[-71.14235,42.27882,0.0],[-71.14259,42.27905,0.0],[-71.1429,42.27939,0.0],[-71.14348,42.28004,0.0],[-71.14357,42.28014,0.0],[-71.14373,42.28031,0.0],[-71.14391,42.28047,0.0],[-71.14396,42.28051,0.0],[-71.14425,42.28078,0.0],[-71.14474,42.2812,0.0],[-71.14492,42.28134,0.0],[-71.14522,42.28158,0.0],[-71.14552,42.28181,0.0],[-71.14566,42.28194,0.0],[-71.14605,42.28226,0.0],[-71.14636,42.28254,0.0],[-71.14676,42.28295,0.0],[-71.14701,42.28326,0.0],[-71.14703,42.28329,0.0],[-71.14707,42.28336,0.0],[-71.14725,42.28362,0.0],[-71.14739,42.28388,0.0],[-71.1474,42.2839,0.0],[-71.1475,42.28419,0.0],[-71.14766,42.28505,0.0],[-71.14778,42.286,0.0],[-71.14739,42.28602,0.0],[-71.14705,42.28603,0.0],[-71.1465,42.28603,0.0],[-71.14626,42.28603,0.0],[-71.14579,42.28604,0.0],[-71.14517,42.28605,0.0],[-71.1449,42.28606,0.0],[-71.14436,42.28606,0.0],[-71.1432,42.28609,0.0],[-71.14191,42.28612,0.0],[-71.14055,42.28614,0.0],[-71.13933,42.28617,0.0],[-71.13865,42.2862,0.0],[-71.1382,42.28623,0.0],[-71.13762,42.28626,0.0],[-71.13742,42.28626,0.0],[-71.13757,42.28615,0.0],[-71.13762,42.28606,0.0],[-71.13762,42.28586,0.0],[-71.13759,42.28538,0.0],[-71.1375,42.28434,0.0],[-71.13748,42.28367,0.0],[-71.13738,42.28268,0.0],[-71.13736,42.28244,0.0],[-71.13728,42.28167,0.0],[-71.13729,42.28153,0.0],[-71.13725,42.28108,0.0],[-71.13723,42.2807,0.0],[-71.13723,42.28064,0.0],[-71.13719,42.28039,0.0],[-71.13712,42.27961,0.0],[-71.13707,42.2788,0.0],[-71.137,42.27833,0.0]]]]}},{"type":"Feature","properties":{"uesi_id":"USA_R2315704","nbhd_code":"USA_R2315704_40","nbhd_name":"14000US25025110401"},"geometry":{"type":"MultiPolygon","coordinates":[[[[-71.11928,42.29024,0.0],[-71.1193,42.29011,0.0],[-71.11939,42.28944,0.0],[-71.11949,42.28792,0.0],[-71.11949,42.28781,0.0],[-71.11952,42.28649,0.0],[-71.11955,42.28552,0.0],[-71.11957,42.28503,0.0],[-71.11959,42.28392,0.0],[-71.11962,42.28269,0.0],[-71.11963,42.28149,0.0],[-71.11967,42.28086,0.0],[-71.11971,42.2803,0.0],[-71.12068,42.2807,0.0],[-71.12107,42.28093,0.0],[-71.12132,42.2811,0.0],[-71.12201,42.28155,0.0],[-71.12243,42.28183,0.0],[-71.12297,42.28217,0.0],[-71.12354,42.28255,0.0],[-71.12376,42.28271,0.0],[-71.12398,42.28294,0.0],[-71.12404,42.28301,0.0],[-71.12416,42.28322,0.0],[-71.12425,42.28346,0.0],[-71.12437,42.28371,0.0],[-71.1245,42.28391,0.0],[-71.12476,42.28419,0.0],[-71.12513,42.2845,0.0],[-71.12569,42.28492,0.0],[-71.1261,42.28518,0.0],[-71.12666,42.28552,0.0],[-71.12727,42.2859,0.0],[-71.12744,42.28601,0.0],[-71.12813,42.28646,0.0],[-71.12737,42.28711,0.0],[-71.12705,42.28747,0.0],[-71.12684,42.28765,0.0],[-71.12655,42.28793,0.0],[-71.12631,42.28816,0.0],[-71.12597,42.28849,0.0],[-71.12581,42.28862,0.0],[-71.1256,42.28882,0.0],[-71.12465,42.28972,0.0],[-71.12414,42.29021,0.0],[-71.1236,42.29072,0.0],[-71.12307,42.29121,0.0],[-71.12246,42.29176,0.0],[-71.12242,42.2917,0.0],[-71.12225,42.29162,0.0],[-71.12164,42.29142,0.0],[-71.12127,42.2913,0.0],[-71.12112,42.29126,0.0],[-71.12085,42.29119,0.0],[-71.12035,42.29111,0.0],[-71.12019,42.29088,0.0],[-71.12007,42.2908,0.0],[-71.11957,42.29053,0.0],[-71.11954,42.29041,0.0],[-71.11944,42.29032,0.0],[-71.11928,42.29024,0.0]]]]}},{"type":"Feature","properties":{"uesi_id":"USA_R2315704","nbhd_code":"USA_R2315704_41","nbhd_name":"14000US25025101102"},"geometry":{"type":"MultiPolygon","coordinates":[[[[-71.0855,42.281,0.0],[-71.08584,42.28054,0.0],[-71.08609,42.28022,0.0],[-71.08632,42.27996,0.0],[-71.08693,42.27935,0.0],[-71.08754,42.27872,0.0],[-71.08819,42.27809,0.0],[-71.08878,42.27752,0.0],[-71.08912,42.27719,0.0],[-71.08988,42.27648,0.0],[-71.09209,42.27441,0.0],[-71.09271,42.27379,0.0],[-71.09328,42.27325,0.0],[-71.09352,42.27304,0.0],[-71.0937,42.27289,0.0],[-71.09369,42.27309,0.0],[-71.0937,42.27327,0.0],[-71.0937,42.27339,0.0],[-71.09368,42.27436,0.0],[-71.09397,42.27447,0.0],[-71.09472,42.27484,0.0],[-71.09515,42.27507,0.0],[-71.09558,42.2753,0.0],[-71.09603,42.27553,0.0],[-71.09624,42.27564,0.0],[-71.09691,42.27604,0.0],[-71.09728,42.27634,0.0],[-71.09757,42.27665,0.0],[-71.0978,42.27696,0.0],[-71.09793,42.27718,0.0],[-71.09804,42.27741,0.0],[-71.09812,42.27765,0.0],[-71.09822,42.27801,0.0],[-71.09829,42.27844,0.0],[-71.09832,42.27872,0.0],[-71.09832,42.27925,0.0],[-71.09833,42.27959,0.0],[-71.09826,42.28008,0.0],[-71.09823,42.28025,0.0],[-71.09815,42.28059,0.0],[-71.09802,42.28103,0.0],[-71.09793,42.28127,0.0],[-71.09756,42.28085,0.0],[-71.0971,42.28028,0.0],[-71.09696,42.28014,0.0],[-71.09681,42.27997,0.0],[-71.09633,42.27953,0.0],[-71.09628,42.27948,0.0],[-71.09593,42.27916,0.0],[-71.0954,42.27863,0.0],[-71.09498,42.27825,0.0],[-71.09461,42.27799,0.0],[-71.09411,42.27762,0.0],[-71.09376,42.27737,0.0],[-71.09358,42.27726,0.0],[-71.09356,42.27762,0.0],[-71.09354,42.27797,0.0],[-71.09352,42.27817,0.0],[-71.09349,42.27843,0.0],[-71.09345,42.27858,0.0],[-71.09343,42.27864,0.0],[-71.09338,42.27878,0.0],[-71.09316,42.27945,0.0],[-71.09297,42.28003,0.0],[-71.09289,42.28027,0.0],[-71.09265,42.28095,0.0],[-71.09244,42.2816,0.0],[-71.09211,42.28261,0.0],[-71.09181,42.28353,0.0],[-71.09168,42.28392,0.0],[-71.09155,42.28428,0.0],[-71.09138,42.28425,0.0],[-71.09068,42.28411,0.0],[-71.08979,42.28394,0.0],[-71.08967,42.28389,0.0],[-71.08956,42.28383,0.0],[-71.08943,42.28372,0.0],[-71.0893,42.28358,0.0],[-71.08924,42.28349,0.0],[-71.08915,42.28327,0.0],[-71.08911,42.28314,0.0],[-71.08901,42.28298,0.0],[-71.08893,42.28286,0.0],[-71.08878,42.28271,0.0],[-71.08855,42.28256,0.0],[-71.08821,42.28234,0.0],[-71.08797,42.2822,0.0],[-71.08741,42.28181,0.0],[-71.08705,42.28157,0.0],[-71.0867,42.28135,0.0],[-71.08654,42.28126,0.0],[-71.0863,42.28118,0.0],[-71.08603,42.28111,0.0],[-71.08551,42.281,0.0],[-71.0855,42.281,0.0]]]]}},{"type":"Feature","properties":{"uesi_id":"USA_R2315704","nbhd_code":"USA_R2315704_42","nbhd_name":"14000US25025101101"},"geometry":{"type":"MultiPolygon","coordinates":[[[[-71.09155,42.28428,0.0],[-71.09168,42.28392,0.0],[-71.09181,42.28353,0.0],[-71.09211,42.28261,0.0],[-71.09244,42.2816,0.0],[-71.09265,42.28095,0.0],[-71.09289,42.28027,0.0],[-71.09297,42.28003,0.0],[-71.09316,42.27945,0.0],[-71.09338,42.27878,0.0],[-71.09343,42.27864,0.0],[-71.09345,42.27858,0.0],[-71.09349,42.27843,0.0],[-71.09352,42.27817,0.0],[-71.09354,42.27797,0.0],[-71.09356,42.27762,0.0],[-71.09358,42.27726,0.0],[-71.09376,42.27737,0.0],[-71.09411,42.27762,0.0],[-71.09461,42.27799,0.0],[-71.09498,42.27825,0.0],[-71.0954,42.27863,0.0],[-71.09593,42.27916,0.0],[-71.09628,42.27948,0.0],[-71.09633,42.27953,0.0],[-71.09681,42.27997,0.0],[-71.09696,42.28014,0.0],[-71.0971,42.28028,0.0],[-71.09756,42.28085,0.0],[-71.09793,42.28127,0.0],[-71.09807,42.28143,0.0],[-71.09832,42.28164,0.0],[-71.0988,42.28189,0.0],[-71.0993,42.28215,0.0],[-71.09963,42.28234,0.0],[-71.09945,42.2825,0.0],[-71.09866,42.28336,0.0],[-71.09772,42.28437,0.0],[-71.09739,42.28472,0.0],[-71.09677,42.28534,0.0],[-71.09632,42.28583,0.0],[-71.09611,42.28605,0.0],[-71.09545,42.28675,0.0],[-71.09523,42.287,0.0],[-71.09503,42.28715,0.0],[-71.09476,42.28731,0.0],[-71.09423,42.28754,0.0],[-71.09398,42.28764,0.0],[-71.09389,42.28768,0.0],[-71.09372,42.28729,0.0],[-71.09366,42.28713,0.0],[-71.09343,42.28657,0.0],[-71.09342,42.28652,0.0],[-71.0932,42.28594,0.0],[-71.09293,42.28533,0.0],[-71.09286,42.28514,0.0],[-71.09286,42.28496,0.0],[-71.09274,42.28486,0.0],[-71.09236,42.28464,0.0],[-71.09197,42.28445,0.0],[-71.09155,42.28428,0.0]]]]}},{"type":"Feature","properties":{"uesi_id":"USA_R2315704","nbhd_code":"USA_R2315704_43","nbhd_name":"14000US25025101002"},"geometry":{"type":"MultiPolygon","coordinates":[[[[-71.08044,42.27897,0.0],[-71.07982,42.27859,0.0],[-71.07961,42.27846,0.0],[-71.07866,42.27787,0.0],[-71.07829,42.2777,0.0],[-71.0776,42.27739,0.0],[-71.07725,42.27723,0.0],[-71.07781,42.27652,0.0],[-71.07815,42.27609,0.0],[-71.07831,42.27589,0.0],[-71.07845,42.27575,0.0],[-71.07833,42.27553,0.0],[-71.07825,42.27536,0.0],[-71.07816,42.27517,0.0],[-71.07792,42.27457,0.0],[-71.07789,42.27448,0.0],[-71.07778,42.27417,0.0],[-71.07762,42.27379,0.0],[-71.07821,42.27367,0.0],[-71.079,42.27342,0.0],[-71.07892,42.2732,0.0],[-71.07879,42.27296,0.0],[-71.0787,42.27282,0.0],[-71.07859,42.27259,0.0],[-71.0785,42.27229,0.0],[-71.0785,42.27172,0.0],[-71.07862,42.2717,0.0],[-71.07888,42.27164,0.0],[-71.07924,42.27155,0.0],[-71.07947,42.27151,0.0],[-71.07971,42.27147,0.0],[-71.08016,42.27142,0.0],[-71.08056,42.27139,0.0],[-71.08098,42.27136,0.0],[-71.08142,42.27134,0.0],[-71.08185,42.27133,0.0],[-71.08221,42.27133,0.0],[-71.08252,42.27133,0.0],[-71.08292,42.27134,0.0],[-71.08375,42.27126,0.0],[-71.08456,42.2711,0.0],[-71.08518,42.27099,0.0],[-71.0854,42.27095,0.0],[-71.08588,42.27083,0.0],[-71.08763,42.27025,0.0],[-71.08788,42.27019,0.0],[-71.08818,42.27014,0.0],[-71.08842,42.27013,0.0],[-71.08866,42.27012,0.0],[-71.08892,42.27015,0.0],[-71.08923,42.27018,0.0],[-71.08933,42.27018,0.0],[-71.08953,42.27017,0.0],[-71.08975,42.27012,0.0],[-71.08982,42.27009,0.0],[-71.09007,42.26996,0.0],[-71.0894,42.2697,0.0],[-71.08952,42.26967,0.0],[-71.0897,42.26964,0.0],[-71.08991,42.26951,0.0],[-71.08997,42.26948,0.0],[-71.09011,42.26935,0.0],[-71.09023,42.26915,0.0],[-71.09026,42.26881,0.0],[-71.0902,42.26843,0.0],[-71.09018,42.26838,0.0],[-71.09008,42.26818,0.0],[-71.09004,42.26812,0.0],[-71.08999,42.26801,0.0],[-71.08996,42.26795,0.0],[-71.08996,42.26794,0.0],[-71.08993,42.26787,0.0],[-71.08989,42.26779,0.0],[-71.08986,42.26774,0.0],[-71.08987,42.26771,0.0],[-71.08988,42.26764,0.0],[-71.0899,42.26757,0.0],[-71.08999,42.26729,0.0],[-71.09016,42.26685,0.0],[-71.09024,42.26668,0.0],[-71.09028,42.26662,0.0],[-71.09036,42.26653,0.0],[-71.09042,42.26647,0.0],[-71.09047,42.26646,0.0],[-71.09056,42.26643,0.0],[-71.09065,42.26642,0.0],[-71.0907,42.26642,0.0],[-71.09085,42.26644,0.0],[-71.09103,42.26648,0.0],[-71.09112,42.2665,0.0],[-71.09136,42.26655,0.0],[-71.09184,42.2666,0.0],[-71.09251,42.26669,0.0],[-71.09255,42.2667,0.0],[-71.09271,42.26674,0.0],[-71.09287,42.26679,0.0],[-71.09291,42.26681,0.0],[-71.09313,42.26695,0.0],[-71.09342,42.26707,0.0],[-71.09356,42.2671,0.0],[-71.0936,42.26711,0.0],[-71.09366,42.26712,0.0],[-71.0937,42.26712,0.0],[-71.09374,42.26712,0.0],[-71.09377,42.26712,0.0],[-71.09382,42.26712,0.0],[-71.09388,42.26712,0.0],[-71.09391,42.26712,0.0],[-71.09391,42.26721,0.0],[-71.0939,42.2673,0.0],[-71.0939,42.26741,0.0],[-71.09388,42.26764,0.0],[-71.09387,42.26816,0.0],[-71.09384,42.26869,0.0],[-71.09378,42.26993,0.0],[-71.09375,42.27121,0.0],[-71.09374,42.2717,0.0],[-71.09372,42.27215,0.0],[-71.0937,42.27283,0.0],[-71.0937,42.27289,0.0],[-71.09352,42.27304,0.0],[-71.09328,42.27325,0.0],[-71.09271,42.27379,0.0],[-71.09209,42.27441,0.0],[-71.08988,42.27648,0.0],[-71.08912,42.27719,0.0],[-71.08878,42.27752,0.0],[-71.08819,42.27809,0.0],[-71.08754,42.27872,0.0],[-71.08693,42.27935,0.0],[-71.08632,42.27996,0.0],[-71.08609,42.28022,0.0],[-71.08584,42.28054,0.0],[-71.0855,42.281,0.0],[-71.08547,42.28099,0.0],[-71.08501,42.2809,0.0],[-71.08489,42.28087,0.0],[-71.08449,42.28079,0.0],[-71.08328,42.28054,0.0],[-71.08281,42.28044,0.0],[-71.08274,42.28042,0.0],[-71.08263,42.28038,0.0],[-71.08257,42.28035,0.0],[-71.08225,42.28019,0.0],[-71.08215,42.28012,0.0],[-71.08157,42.27973,0.0],[-71.0811,42.2794,0.0],[-71.08053,42.27903,0.0],[-71.08044,42.27897,0.0]]]]}},{"type":"Feature","properties":{"uesi_id":"USA_R2315704","nbhd_code":"USA_R2315704_44","nbhd_name":"14000US25025101001"},"geometry":{"type":"MultiPolygon","coordinates":[[[[-71.09793,42.28127,0.0],[-71.09802,42.28103,0.0],[-71.09815,42.28059,0.0],[-71.09823,42.28025,0.0],[-71.09826,42.28008,0.0],[-71.09833,42.27959,0.0],[-71.09832,42.27925,0.0],[-71.09832,42.27872,0.0],[-71.09829,42.27844,0.0],[-71.09822,42.27801,0.0],[-71.09812,42.27765,0.0],[-71.09804,42.27741,0.0],[-71.09793,42.27718,0.0],[-71.0978,42.27696,0.0],[-71.09757,42.27665,0.0],[-71.09728,42.27634,0.0],[-71.09691,42.27604,0.0],[-71.09624,42.27564,0.0],[-71.09603,42.27553,0.0],[-71.09558,42.2753,0.0],[-71.09515,42.27507,0.0],[-71.09472,42.27484,0.0],[-71.09397,42.27447,0.0],[-71.09368,42.27436,0.0],[-71.0937,42.27339,0.0],[-71.0937,42.27327,0.0],[-71.09369,42.27309,0.0],[-71.0937,42.27289,0.0],[-71.0937,42.27283,0.0],[-71.09372,42.27215,0.0],[-71.09374,42.2717,0.0],[-71.09375,42.27121,0.0],[-71.09378,42.26993,0.0],[-71.09384,42.26869,0.0],[-71.09387,42.26816,0.0],[-71.09388,42.26764,0.0],[-71.0939,42.26741,0.0],[-71.0939,42.2673,0.0],[-71.09391,42.26721,0.0],[-71.09391,42.26712,0.0],[-71.09393,42.26712,0.0],[-71.09405,42.26709,0.0],[-71.09418,42.26706,0.0],[-71.09433,42.26698,0.0],[-71.09437,42.26695,0.0],[-71.09444,42.26691,0.0],[-71.09445,42.26689,0.0],[-71.0945,42.26685,0.0],[-71.09453,42.26683,0.0],[-71.09463,42.26671,0.0],[-71.09463,42.26671,0.0],[-71.09467,42.26666,0.0],[-71.09471,42.26662,0.0],[-71.09478,42.26652,0.0],[-71.09491,42.2663,0.0],[-71.09496,42.26624,0.0],[-71.09508,42.26604,0.0],[-71.09526,42.26579,0.0],[-71.09545,42.26558,0.0],[-71.09569,42.26536,0.0],[-71.09613,42.26499,0.0],[-71.09639,42.26473,0.0],[-71.09657,42.26452,0.0],[-71.09669,42.26432,0.0],[-71.09681,42.26409,0.0],[-71.09688,42.26392,0.0],[-71.09715,42.26341,0.0],[-71.09718,42.26335,0.0],[-71.09725,42.26326,0.0],[-71.0974,42.26308,0.0],[-71.09743,42.26305,0.0],[-71.09757,42.26295,0.0],[-71.09774,42.26288,0.0],[-71.09782,42.26285,0.0],[-71.09787,42.26283,0.0],[-71.09791,42.26292,0.0],[-71.09805,42.26318,0.0],[-71.09847,42.26361,0.0],[-71.09914,42.26431,0.0],[-71.09968,42.26485,0.0],[-71.09913,42.26514,0.0],[-71.09936,42.26533,0.0],[-71.09962,42.26551,0.0],[-71.10014,42.26584,0.0],[-71.10028,42.26595,0.0],[-71.10054,42.26616,0.0],[-71.10086,42.26647,0.0],[-71.10124,42.26684,0.0],[-71.10133,42.26691,0.0],[-71.10142,42.26699,0.0],[-71.10162,42.26714,0.0],[-71.10191,42.2674,0.0],[-71.1024,42.26783,0.0],[-71.10254,42.26797,0.0],[-71.10291,42.26827,0.0],[-71.10318,42.26851,0.0],[-71.10358,42.26885,0.0],[-71.10376,42.26901,0.0],[-71.10411,42.2693,0.0],[-71.10437,42.26954,0.0],[-71.10417,42.26987,0.0],[-71.10402,42.27004,0.0],[-71.10386,42.27025,0.0],[-71.10359,42.27063,0.0],[-71.10336,42.27101,0.0],[-71.10473,42.27134,0.0],[-71.10508,42.27141,0.0],[-71.10588,42.27158,0.0],[-71.10631,42.27169,0.0],[-71.10656,42.27178,0.0],[-71.1067,42.27186,0.0],[-71.10689,42.27198,0.0],[-71.10718,42.27221,0.0],[-71.10764,42.27271,0.0],[-71.10803,42.27312,0.0],[-71.10842,42.27351,0.0],[-71.10864,42.27373,0.0],[-71.10919,42.27437,0.0],[-71.10877,42.27504,0.0],[-71.10865,42.27526,0.0],[-71.10858,42.2754,0.0],[-71.10855,42.2755,0.0],[-71.10846,42.27578,0.0],[-71.10839,42.27598,0.0],[-71.10816,42.27651,0.0],[-71.10789,42.27718,0.0],[-71.10774,42.27751,0.0],[-71.10765,42.2778,0.0],[-71.10754,42.27821,0.0],[-71.10754,42.27821,0.0],[-71.10465,42.27681,0.0],[-71.10437,42.27707,0.0],[-71.10391,42.27684,0.0],[-71.10412,42.27623,0.0],[-71.1032,42.27739,0.0],[-71.1026,42.2781,0.0],[-71.10115,42.27772,0.0],[-71.0995,42.27913,0.0],[-71.0999,42.2793,0.0],[-71.1005,42.27937,0.0],[-71.10062,42.2794,0.0],[-71.09939,42.28023,0.0],[-71.09972,42.2805,0.0],[-71.09832,42.28164,0.0],[-71.09807,42.28143,0.0],[-71.09793,42.28127,0.0]]]]}},{"type":"Feature","properties":{"uesi_id":"USA_R2315704","nbhd_code":"USA_R2315704_45","nbhd_name":"14000US25025100900"},"geometry":{"type":"MultiPolygon","coordinates":[[[[-71.06814,42.27101,0.0],[-71.0682,42.27096,0.0],[-71.06826,42.27091,0.0],[-71.06838,42.27084,0.0],[-71.06841,42.27081,0.0],[-71.0685,42.27078,0.0],[-71.06869,42.27074,0.0],[-71.06878,42.27072,0.0],[-71.06885,42.2707,0.0],[-71.06901,42.27067,0.0],[-71.06925,42.27066,0.0],[-71.0693,42.27065,0.0],[-71.06946,42.27064,0.0],[-71.06971,42.27062,0.0],[-71.06978,42.27061,0.0],[-71.07042,42.27062,0.0],[-71.07061,42.27064,0.0],[-71.07093,42.27072,0.0],[-71.0713,42.27079,0.0],[-71.07135,42.2708,0.0],[-71.07169,42.27082,0.0],[-71.07174,42.27082,0.0],[-71.0719,42.27079,0.0],[-71.07191,42.27079,0.0],[-71.07215,42.27075,0.0],[-71.07231,42.27072,0.0],[-71.0724,42.27069,0.0],[-71.07244,42.27068,0.0],[-71.07256,42.27061,0.0],[-71.07273,42.27049,0.0],[-71.07278,42.27045,0.0],[-71.0728,42.27044,0.0],[-71.07299,42.27035,0.0],[-71.07304,42.27034,0.0],[-71.07313,42.27033,0.0],[-71.07321,42.27032,0.0],[-71.07323,42.27032,0.0],[-71.07326,42.27033,0.0],[-71.0733,42.27032,0.0],[-71.07359,42.2703,0.0],[-71.07371,42.27029,0.0],[-71.074,42.2703,0.0],[-71.07449,42.27033,0.0],[-71.07457,42.27032,0.0],[-71.07478,42.27032,0.0],[-71.07489,42.27031,0.0],[-71.07521,42.27026,0.0],[-71.07539,42.27028,0.0],[-71.07592,42.27034,0.0],[-71.07654,42.27021,0.0],[-71.07682,42.27006,0.0],[-71.07697,42.26998,0.0],[-71.07729,42.26993,0.0],[-71.07749,42.2699,0.0],[-71.07806,42.26981,0.0],[-71.07816,42.26979,0.0],[-71.07825,42.26978,0.0],[-71.07828,42.26977,0.0],[-71.07836,42.26976,0.0],[-71.07839,42.26976,0.0],[-71.07842,42.26975,0.0],[-71.07846,42.26974,0.0],[-71.07851,42.26974,0.0],[-71.07854,42.26973,0.0],[-71.07859,42.26972,0.0],[-71.07875,42.2697,0.0],[-71.0788,42.26969,0.0],[-71.07899,42.26966,0.0],[-71.07928,42.26961,0.0],[-71.07957,42.26957,0.0],[-71.07976,42.26954,0.0],[-71.0798,42.26951,0.0],[-71.07993,42.26944,0.0],[-71.07996,42.26942,0.0],[-71.08031,42.26921,0.0],[-71.08081,42.26898,0.0],[-71.08083,42.26898,0.0],[-71.08109,42.26893,0.0],[-71.08232,42.26875,0.0],[-71.08261,42.26862,0.0],[-71.08283,42.26854,0.0],[-71.08292,42.26851,0.0],[-71.08297,42.2685,0.0],[-71.08321,42.26852,0.0],[-71.08355,42.26857,0.0],[-71.08369,42.26862,0.0],[-71.08399,42.26873,0.0],[-71.08418,42.26877,0.0],[-71.08436,42.26882,0.0],[-71.08464,42.26887,0.0],[-71.08482,42.26889,0.0],[-71.08535,42.26898,0.0],[-71.08541,42.26899,0.0],[-71.08552,42.26902,0.0],[-71.08555,42.26906,0.0],[-71.08561,42.26913,0.0],[-71.08566,42.26919,0.0],[-71.08569,42.26924,0.0],[-71.08595,42.2693,0.0],[-71.0861,42.26932,0.0],[-71.08669,42.26939,0.0],[-71.08681,42.26941,0.0],[-71.08734,42.2695,0.0],[-71.08775,42.26958,0.0],[-71.08811,42.26964,0.0],[-71.08867,42.26974,0.0],[-71.08915,42.26975,0.0],[-71.08917,42.26975,0.0],[-71.0894,42.2697,0.0],[-71.09007,42.26996,0.0],[-71.08982,42.27009,0.0],[-71.08975,42.27012,0.0],[-71.08953,42.27017,0.0],[-71.08933,42.27018,0.0],[-71.08923,42.27018,0.0],[-71.08892,42.27015,0.0],[-71.08866,42.27012,0.0],[-71.08842,42.27013,0.0],[-71.08818,42.27014,0.0],[-71.08788,42.27019,0.0],[-71.08763,42.27025,0.0],[-71.08588,42.27083,0.0],[-71.0854,42.27095,0.0],[-71.08518,42.27099,0.0],[-71.08456,42.2711,0.0],[-71.08375,42.27126,0.0],[-71.08292,42.27134,0.0],[-71.08252,42.27133,0.0],[-71.08221,42.27133,0.0],[-71.08185,42.27133,0.0],[-71.08142,42.27134,0.0],[-71.08098,42.27136,0.0],[-71.08056,42.27139,0.0],[-71.08016,42.27142,0.0],[-71.07971,42.27147,0.0],[-71.07947,42.27151,0.0],[-71.07924,42.27155,0.0],[-71.07888,42.27164,0.0],[-71.07862,42.2717,0.0],[-71.0785,42.27172,0.0],[-71.0785,42.27229,0.0],[-71.07859,42.27259,0.0],[-71.0787,42.27282,0.0],[-71.07879,42.27296,0.0],[-71.07892,42.2732,0.0],[-71.079,42.27342,0.0],[-71.07821,42.27367,0.0],[-71.07762,42.27379,0.0],[-71.07778,42.27417,0.0],[-71.07789,42.27448,0.0],[-71.07792,42.27457,0.0],[-71.07816,42.27517,0.0],[-71.07825,42.27536,0.0],[-71.07833,42.27553,0.0],[-71.07845,42.27575,0.0],[-71.07831,42.27589,0.0],[-71.07815,42.27609,0.0],[-71.07781,42.27652,0.0],[-71.07725,42.27723,0.0],[-71.0776,42.27739,0.0],[-71.07829,42.2777,0.0],[-71.07866,42.27787,0.0],[-71.07961,42.27846,0.0],[-71.07982,42.27859,0.0],[-71.08044,42.27897,0.0],[-71.07999,42.27877,0.0],[-71.0799,42.27874,0.0],[-71.07937,42.27865,0.0],[-71.07889,42.27858,0.0],[-71.078,42.27849,0.0],[-71.07663,42.27834,0.0],[-71.07632,42.27831,0.0],[-71.07578,42.27826,0.0],[-71.07572,42.27826,0.0],[-71.07473,42.27814,0.0],[-71.07453,42.27812,0.0],[-71.0737,42.27808,0.0],[-71.07317,42.27806,0.0],[-71.07277,42.27808,0.0],[-71.07222,42.27812,0.0],[-71.07168,42.27819,0.0],[-71.07102,42.27832,0.0],[-71.07057,42.27846,0.0],[-71.06979,42.27873,0.0],[-71.06951,42.27883,0.0],[-71.06863,42.27912,0.0],[-71.06814,42.27928,0.0],[-71.06785,42.27938,0.0],[-71.06724,42.27957,0.0],[-71.06639,42.27981,0.0],[-71.06592,42.27994,0.0],[-71.06605,42.27953,0.0],[-71.06623,42.27884,0.0],[-71.0665,42.27791,0.0],[-71.06661,42.27754,0.0],[-71.06682,42.2768,0.0],[-71.06698,42.27626,0.0],[-71.06719,42.27551,0.0],[-71.06744,42.27458,0.0],[-71.06762,42.27391,0.0],[-71.06771,42.27356,0.0],[-71.0678,42.27327,0.0],[-71.06788,42.27297,0.0],[-71.068,42.27247,0.0],[-71.06802,42.27229,0.0],[-71.06802,42.27222,0.0],[-71.06799,42.27212,0.0],[-71.06799,42.27196,0.0],[-71.06802,42.27178,0.0],[-71.06809,42.27157,0.0],[-71.06818,42.27135,0.0],[-71.06819,42.27123,0.0],[-71.06817,42.27113,0.0],[-71.06817,42.27109,0.0],[-71.06814,42.27101,0.0]]]]}},{"type":"Feature","properties":{"uesi_id":"USA_R2315704","nbhd_code":"USA_R2315704_46","nbhd_name":"14000US25025981600"},"geometry":{"type":"MultiPolygon","coordinates":[[[[-70.99473,42.3929,0.0],[-70.9945,42.39278,0.0],[-70.99432,42.39269,0.0],[-70.99396,42.39264,0.0],[-70.99356,42.3926,0.0],[-70.99307,42.39257,0.0],[-70.99269,42.39248,0.0],[-70.99234,42.39252,0.0],[-70.99177,42.39266,0.0],[-70.99131,42.39273,0.0],[-70.99098,42.3928,0.0],[-70.99057,42.3929,0.0],[-70.99029,42.39292,0.0],[-70.98941,42.39287,0.0],[-70.98908,42.39283,0.0],[-70.9886,42.39271,0.0],[-70.98826,42.39261,0.0],[-70.98807,42.39254,0.0],[-70.98781,42.39238,0.0],[-70.98777,42.39236,0.0],[-70.98767,42.39229,0.0],[-70.98763,42.39224,0.0],[-70.98751,42.39206,0.0],[-70.98751,42.39204,0.0],[-70.98744,42.39193,0.0],[-70.98742,42.39183,0.0],[-70.98742,42.39161,0.0],[-70.98745,42.39147,0.0],[-70.98749,42.39133,0.0],[-70.98752,42.3913,0.0],[-70.9876,42.39127,0.0],[-70.9877,42.39126,0.0],[-70.9879,42.39139,0.0],[-70.98806,42.39147,0.0],[-70.98846,42.3916,0.0],[-70.98866,42.3917,0.0],[-70.98879,42.39175,0.0],[-70.98897,42.39178,0.0],[-70.98917,42.39178,0.0],[-70.98944,42.39174,0.0],[-70.98959,42.3917,0.0],[-70.98966,42.39162,0.0],[-70.98974,42.39147,0.0],[-70.98975,42.39142,0.0],[-70.98986,42.39121,0.0],[-70.99002,42.3908,0.0],[-70.99004,42.39074,0.0],[-70.99013,42.39056,0.0],[-70.99012,42.39045,0.0],[-70.99004,42.3905,0.0],[-70.99004,42.39052,0.0],[-70.99001,42.39054,0.0],[-70.98998,42.39058,0.0],[-70.98997,42.39062,0.0],[-70.98991,42.39074,0.0],[-70.98988,42.39077,0.0],[-70.98987,42.39083,0.0],[-70.98985,42.39084,0.0],[-70.98984,42.39091,0.0],[-70.98982,42.39092,0.0],[-70.98974,42.39114,0.0],[-70.98971,42.39125,0.0],[-70.98968,42.39126,0.0],[-70.98968,42.39129,0.0],[-70.98965,42.39131,0.0],[-70.98961,42.39141,0.0],[-70.98956,42.39147,0.0],[-70.98955,42.39149,0.0],[-70.98947,42.39154,0.0],[-70.98934,42.39162,0.0],[-70.98922,42.39164,0.0],[-70.98893,42.39166,0.0],[-70.98879,42.39163,0.0],[-70.98866,42.39156,0.0],[-70.98851,42.39142,0.0],[-70.98838,42.39134,0.0],[-70.98803,42.39117,0.0],[-70.98784,42.39099,0.0],[-70.98779,42.3909,0.0],[-70.98778,42.39082,0.0],[-70.98787,42.39065,0.0],[-70.98793,42.39051,0.0],[-70.98809,42.3899,0.0],[-70.98808,42.3895,0.0],[-70.98805,42.38922,0.0],[-70.98801,42.38906,0.0],[-70.98799,42.38896,0.0],[-70.98798,42.38888,0.0],[-70.98792,42.38873,0.0],[-70.98792,42.38869,0.0],[-70.98788,42.38863,0.0],[-70.98788,42.38861,0.0],[-70.9876,42.38841,0.0],[-70.98759,42.38838,0.0],[-70.98744,42.38825,0.0],[-70.98742,42.38821,0.0],[-70.98739,42.38818,0.0],[-70.98737,42.38815,0.0],[-70.98732,42.38809,0.0],[-70.98705,42.38775,0.0],[-70.98696,42.3876,0.0],[-70.98693,42.38755,0.0],[-70.9869,42.38753,0.0],[-70.98686,42.38742,0.0],[-70.98686,42.38728,0.0],[-70.98687,42.38725,0.0],[-70.98695,42.38719,0.0],[-70.98718,42.38718,0.0],[-70.98745,42.38723,0.0],[-70.9876,42.38731,0.0],[-70.9878,42.38728,0.0],[-70.9881,42.38734,0.0],[-70.98871,42.38748,0.0],[-70.9894,42.38757,0.0],[-70.98984,42.38757,0.0],[-70.99017,42.38753,0.0],[-70.99042,42.38746,0.0],[-70.99074,42.38733,0.0],[-70.99094,42.3872,0.0],[-70.99123,42.38702,0.0],[-70.99138,42.38696,0.0],[-70.9916,42.38694,0.0],[-70.99178,42.38699,0.0],[-70.99183,42.38703,0.0],[-70.99194,42.38705,0.0],[-70.99197,42.38698,0.0],[-70.99197,42.38696,0.0],[-70.99185,42.38684,0.0],[-70.99173,42.38674,0.0],[-70.99173,42.38662,0.0],[-70.99182,42.38653,0.0],[-70.99198,42.38645,0.0],[-70.99219,42.38639,0.0],[-70.99241,42.38639,0.0],[-70.99301,42.38646,0.0],[-70.99327,42.38647,0.0],[-70.99349,42.38645,0.0],[-70.99379,42.38637,0.0],[-70.9942,42.38616,0.0],[-70.99438,42.3861,0.0],[-70.99453,42.38609,0.0],[-70.99457,42.38605,0.0],[-70.99461,42.38596,0.0],[-70.99467,42.3859,0.0],[-70.99468,42.38586,0.0],[-70.9947,42.38584,0.0],[-70.99471,42.3858,0.0],[-70.99475,42.38574,0.0],[-70.99476,42.38571,0.0],[-70.99479,42.38567,0.0],[-70.9948,42.38562,0.0],[-70.99487,42.38556,0.0],[-70.99496,42.38556,0.0],[-70.99503,42.38557,0.0],[-70.99518,42.38566,0.0],[-70.99522,42.38573,0.0],[-70.99525,42.38584,0.0],[-70.99525,42.38598,0.0],[-70.99522,42.38612,0.0],[-70.9953,42.3861,0.0],[-70.99542,42.38596,0.0],[-70.99545,42.38581,0.0],[-70.99545,42.38562,0.0],[-70.99543,42.38548,0.0],[-70.99536,42.38526,0.0],[-70.99536,42.38522,0.0],[-70.99528,42.38497,0.0],[-70.99528,42.38481,0.0],[-70.99528,42.38464,0.0],[-70.99525,42.38463,0.0],[-70.99524,42.38427,0.0],[-70.9952,42.38423,0.0],[-70.99514,42.38419,0.0],[-70.99498,42.38416,0.0],[-70.99494,42.38413,0.0],[-70.99493,42.38409,0.0],[-70.99497,42.38407,0.0],[-70.99556,42.38408,0.0],[-70.99564,42.38406,0.0],[-70.99567,42.38401,0.0],[-70.99568,42.38396,0.0],[-70.99564,42.38395,0.0],[-70.99514,42.38392,0.0],[-70.99499,42.38386,0.0],[-70.99494,42.3838,0.0],[-70.99492,42.38368,0.0],[-70.99495,42.38364,0.0],[-70.99499,42.38361,0.0],[-70.99509,42.38361,0.0],[-70.99523,42.38366,0.0],[-70.99541,42.38368,0.0],[-70.9958,42.38368,0.0],[-70.99583,42.38368,0.0],[-70.99584,42.38363,0.0],[-70.99547,42.38345,0.0],[-70.99534,42.38336,0.0],[-70.9953,42.38331,0.0],[-70.9953,42.38317,0.0],[-70.99533,42.3831,0.0],[-70.9953,42.38298,0.0],[-70.99526,42.38295,0.0],[-70.99472,42.38284,0.0],[-70.99468,42.38273,0.0],[-70.99468,42.38272,0.0],[-70.99473,42.38273,0.0],[-70.99541,42.38279,0.0],[-70.99568,42.38282,0.0],[-70.99587,42.38286,0.0],[-70.99608,42.38289,0.0],[-70.9963,42.38294,0.0],[-70.99637,42.38296,0.0],[-70.99651,42.38299,0.0],[-70.99688,42.38311,0.0],[-70.99784,42.38345,0.0],[-70.99913,42.38391,0.0],[-70.9993,42.38397,0.0],[-71.00076,42.38452,0.0],[-71.00027,42.38525,0.0],[-71.00002,42.38564,0.0],[-70.99987,42.38563,0.0],[-70.99973,42.38557,0.0],[-70.99958,42.38549,0.0],[-70.99812,42.38494,0.0],[-70.99642,42.38436,0.0],[-70.99622,42.38436,0.0],[-70.99598,42.38439,0.0],[-70.99581,42.38451,0.0],[-70.99566,42.38467,0.0],[-70.99562,42.38485,0.0],[-70.99565,42.3851,0.0],[-70.99582,42.38525,0.0],[-70.99618,42.3854,0.0],[-70.99675,42.38558,0.0],[-70.99873,42.38631,0.0],[-70.99928,42.38639,0.0],[-71.00111,42.38697,0.0],[-71.00114,42.38704,0.0],[-71.00113,42.38711,0.0],[-71.001,42.38723,0.0],[-71.00074,42.38751,0.0],[-71.00053,42.38765,0.0],[-71.0001,42.38793,0.0],[-70.99939,42.38834,0.0],[-70.99931,42.38824,0.0],[-70.99921,42.38818,0.0],[-70.99908,42.38814,0.0],[-70.9977,42.38828,0.0],[-70.99668,42.38835,0.0],[-70.9964,42.38842,0.0],[-70.99567,42.38906,0.0],[-70.99535,42.38937,0.0],[-70.99557,42.3895,0.0],[-70.99627,42.38999,0.0],[-70.99673,42.3903,0.0],[-70.99642,42.39057,0.0],[-70.99608,42.39091,0.0],[-70.99586,42.39118,0.0],[-70.99566,42.39147,0.0],[-70.99495,42.39256,0.0],[-70.99473,42.3929,0.0]]],[[[-70.99448,42.39329,0.0],[-70.99445,42.39332,0.0],[-70.99443,42.39332,0.0],[-70.99436,42.39332,0.0],[-70.99429,42.39331,0.0],[-70.9943,42.39327,0.0],[-70.99433,42.39327,0.0],[-70.99436,42.39322,0.0],[-70.99437,42.39319,0.0],[-70.99441,42.39314,0.0],[-70.99443,42.39307,0.0],[-70.99445,42.39303,0.0],[-70.99455,42.39296,0.0],[-70.99473,42.3929,0.0],[-70.99448,42.39329,0.0]]]]}},{"type":"Feature","properties":{"uesi_id":"USA_R2315704","nbhd_code":"USA_R2315704_47","nbhd_name":"14000US25025051101"},"geometry":{"type":"MultiPolygon","coordinates":[[[[-70.99445,42.39332,0.0],[-70.99448,42.39329,0.0],[-70.99473,42.3929,0.0],[-70.99495,42.39256,0.0],[-70.99566,42.39147,0.0],[-70.99586,42.39118,0.0],[-70.99608,42.39091,0.0],[-70.99642,42.39057,0.0],[-70.99673,42.3903,0.0],[-70.99627,42.38999,0.0],[-70.99557,42.3895,0.0],[-70.99535,42.38937,0.0],[-70.99567,42.38906,0.0],[-70.9964,42.38842,0.0],[-70.99668,42.38835,0.0],[-70.9977,42.38828,0.0],[-70.99908,42.38814,0.0],[-70.99921,42.38818,0.0],[-70.99931,42.38824,0.0],[-70.99939,42.38834,0.0],[-71.0001,42.38793,0.0],[-71.00053,42.38765,0.0],[-71.00074,42.38751,0.0],[-71.001,42.38723,0.0],[-71.00113,42.38711,0.0],[-71.00114,42.38704,0.0],[-71.00111,42.38697,0.0],[-70.99928,42.38639,0.0],[-70.99873,42.38631,0.0],[-70.99675,42.38558,0.0],[-70.99618,42.3854,0.0],[-70.99582,42.38525,0.0],[-70.99565,42.3851,0.0],[-70.99562,42.38485,0.0],[-70.99566,42.38467,0.0],[-70.99581,42.38451,0.0],[-70.99598,42.38439,0.0],[-70.99622,42.38436,0.0],[-70.99642,42.38436,0.0],[-70.99812,42.38494,0.0],[-70.99958,42.38549,0.0],[-70.99973,42.38557,0.0],[-70.99987,42.38563,0.0],[-71.00002,42.38564,0.0],[-71.00027,42.38525,0.0],[-71.00076,42.38452,0.0],[-70.9993,42.38397,0.0],[-70.99913,42.38391,0.0],[-70.99784,42.38345,0.0],[-70.99688,42.38311,0.0],[-70.99651,42.38299,0.0],[-70.99637,42.38296,0.0],[-70.9963,42.38294,0.0],[-70.99608,42.38289,0.0],[-70.99587,42.38286,0.0],[-70.99568,42.38282,0.0],[-70.99541,42.38279,0.0],[-70.99473,42.38273,0.0],[-70.99468,42.38272,0.0],[-70.99472,42.38258,0.0],[-70.99478,42.38239,0.0],[-70.99483,42.38235,0.0],[-70.99495,42.38232,0.0],[-70.9951,42.38236,0.0],[-70.99522,42.38237,0.0],[-70.9953,42.38234,0.0],[-70.99533,42.38225,0.0],[-70.99529,42.3821,0.0],[-70.99528,42.38199,0.0],[-70.9953,42.38194,0.0],[-70.99535,42.38187,0.0],[-70.99556,42.38167,0.0],[-70.99561,42.38164,0.0],[-70.99576,42.38166,0.0],[-70.99594,42.38175,0.0],[-70.99607,42.38174,0.0],[-70.99614,42.38165,0.0],[-70.99623,42.38159,0.0],[-70.99695,42.3813,0.0],[-70.99708,42.38126,0.0],[-70.99738,42.38125,0.0],[-70.99759,42.38129,0.0],[-70.99792,42.38137,0.0],[-70.9984,42.38154,0.0],[-70.99869,42.38169,0.0],[-70.99879,42.38175,0.0],[-70.99889,42.38184,0.0],[-70.99942,42.38205,0.0],[-70.99949,42.38207,0.0],[-71.00046,42.38263,0.0],[-71.00063,42.38274,0.0],[-71.00098,42.38291,0.0],[-71.0014,42.38317,0.0],[-71.00183,42.3834,0.0],[-71.00213,42.38355,0.0],[-71.00274,42.38379,0.0],[-71.00284,42.38385,0.0],[-71.0033,42.38398,0.0],[-71.00367,42.38405,0.0],[-71.00438,42.38411,0.0],[-71.00462,42.38411,0.0],[-71.00465,42.3841,0.0],[-71.0047,42.38392,0.0],[-71.00481,42.38394,0.0],[-71.00522,42.384,0.0],[-71.00517,42.38413,0.0],[-71.00523,42.38416,0.0],[-71.0061,42.38426,0.0],[-71.00635,42.38432,0.0],[-71.00667,42.38446,0.0],[-71.0069,42.38451,0.0],[-71.00776,42.38459,0.0],[-71.00798,42.38463,0.0],[-71.00857,42.38463,0.0],[-71.00894,42.38459,0.0],[-71.00931,42.3845,0.0],[-71.00961,42.3844,0.0],[-71.00988,42.38427,0.0],[-71.01008,42.38411,0.0],[-71.01032,42.38388,0.0],[-71.01071,42.38334,0.0],[-71.01104,42.38267,0.0],[-71.01116,42.38185,0.0],[-71.01115,42.38114,0.0],[-71.0111,42.38094,0.0],[-71.01112,42.38081,0.0],[-71.01112,42.38078,0.0],[-71.01117,42.38073,0.0],[-71.01127,42.38066,0.0],[-71.01145,42.381,0.0],[-71.01165,42.38126,0.0],[-71.01216,42.38198,0.0],[-71.01217,42.38191,0.0],[-71.01221,42.38183,0.0],[-71.01228,42.38177,0.0],[-71.01238,42.38172,0.0],[-71.01244,42.38169,0.0],[-71.01254,42.38167,0.0],[-71.01308,42.38222,0.0],[-71.0134,42.38291,0.0],[-71.01324,42.38302,0.0],[-71.01231,42.38372,0.0],[-71.01162,42.38421,0.0],[-71.01124,42.38448,0.0],[-71.01098,42.38467,0.0],[-71.01069,42.38487,0.0],[-71.01041,42.38501,0.0],[-71.01015,42.38511,0.0],[-71.01038,42.38545,0.0],[-71.01084,42.38614,0.0],[-71.00891,42.38683,0.0],[-71.0084,42.38702,0.0],[-71.00822,42.38708,0.0],[-71.00805,42.38713,0.0],[-71.00981,42.38851,0.0],[-71.01068,42.38921,0.0],[-71.01084,42.38933,0.0],[-71.01144,42.38979,0.0],[-71.01183,42.3901,0.0],[-71.01205,42.39032,0.0],[-71.01227,42.39051,0.0],[-71.01245,42.39071,0.0],[-71.01266,42.39098,0.0],[-71.01305,42.39148,0.0],[-71.01312,42.39164,0.0],[-71.01305,42.39173,0.0],[-71.01301,42.39179,0.0],[-71.01266,42.3922,0.0],[-71.01222,42.39274,0.0],[-71.01187,42.39318,0.0],[-71.01161,42.3935,0.0],[-71.01144,42.39348,0.0],[-71.00999,42.39347,0.0],[-71.00921,42.39346,0.0],[-71.00883,42.39343,0.0],[-71.00858,42.3934,0.0],[-71.00826,42.39334,0.0],[-71.00597,42.39283,0.0],[-71.00595,42.39282,0.0],[-71.0054,42.3928,0.0],[-71.00501,42.39277,0.0],[-71.00456,42.3927,0.0],[-71.00438,42.39267,0.0],[-71.00402,42.3926,0.0],[-71.00365,42.39248,0.0],[-71.00353,42.3927,0.0],[-71.0023,42.39239,0.0],[-71.00039,42.39158,0.0],[-70.99964,42.39121,0.0],[-70.99872,42.39089,0.0],[-70.99864,42.39084,0.0],[-70.99823,42.39027,0.0],[-70.99509,42.39352,0.0],[-70.99508,42.39354,0.0],[-70.99505,42.39357,0.0],[-70.99502,42.39356,0.0],[-70.99494,42.39351,0.0],[-70.99481,42.39345,0.0],[-70.99477,42.39343,0.0],[-70.99458,42.39334,0.0],[-70.99445,42.39332,0.0]]]]}},{"type":"Feature","properties":{"uesi_id":"USA_R2315704","nbhd_code":"USA_R2315704_48","nbhd_name":"14000US25025051000"},"geometry":{"type":"MultiPolygon","coordinates":[[[[-71.01161,42.3935,0.0],[-71.01187,42.39318,0.0],[-71.01222,42.39274,0.0],[-71.01266,42.3922,0.0],[-71.01301,42.39179,0.0],[-71.01305,42.39173,0.0],[-71.01312,42.39164,0.0],[-71.01305,42.39148,0.0],[-71.01266,42.39098,0.0],[-71.01245,42.39071,0.0],[-71.01227,42.39051,0.0],[-71.01205,42.39032,0.0],[-71.01183,42.3901,0.0],[-71.01144,42.38979,0.0],[-71.01084,42.38933,0.0],[-71.01068,42.38921,0.0],[-71.00981,42.38851,0.0],[-71.00805,42.38713,0.0],[-71.00822,42.38708,0.0],[-71.0084,42.38702,0.0],[-71.00891,42.38683,0.0],[-71.01084,42.38614,0.0],[-71.01038,42.38545,0.0],[-71.01015,42.38511,0.0],[-71.01041,42.38501,0.0],[-71.01069,42.38487,0.0],[-71.01098,42.38467,0.0],[-71.01124,42.38448,0.0],[-71.01162,42.38421,0.0],[-71.01231,42.38372,0.0],[-71.01324,42.38302,0.0],[-71.0134,42.38291,0.0],[-71.01308,42.38222,0.0],[-71.01254,42.38167,0.0],[-71.01244,42.38169,0.0],[-71.01238,42.38172,0.0],[-71.01228,42.38177,0.0],[-71.01221,42.38183,0.0],[-71.01217,42.38191,0.0],[-71.01216,42.38198,0.0],[-71.01165,42.38126,0.0],[-71.01145,42.381,0.0],[-71.01127,42.38066,0.0],[-71.01138,42.38058,0.0],[-71.01158,42.38051,0.0],[-71.01179,42.3805,0.0],[-71.01195,42.38055,0.0],[-71.01207,42.38062,0.0],[-71.01228,42.38078,0.0],[-71.01248,42.38096,0.0],[-71.01259,42.38098,0.0],[-71.01288,42.38098,0.0],[-71.01329,42.38097,0.0],[-71.01338,42.38095,0.0],[-71.01345,42.38088,0.0],[-71.01352,42.38068,0.0],[-71.01355,42.38048,0.0],[-71.01355,42.38022,0.0],[-71.0135,42.38012,0.0],[-71.01332,42.37997,0.0],[-71.01328,42.37984,0.0],[-71.01332,42.37962,0.0],[-71.01347,42.37956,0.0],[-71.01377,42.37957,0.0],[-71.01408,42.37957,0.0],[-71.01438,42.37949,0.0],[-71.0146,42.37933,0.0],[-71.01475,42.37931,0.0],[-71.01563,42.38032,0.0],[-71.01572,42.38049,0.0],[-71.01591,42.38078,0.0],[-71.01601,42.38093,0.0],[-71.01631,42.38078,0.0],[-71.01667,42.38062,0.0],[-71.01708,42.38048,0.0],[-71.0173,42.38042,0.0],[-71.01758,42.38035,0.0],[-71.01796,42.38029,0.0],[-71.0185,42.38028,0.0],[-71.01976,42.38029,0.0],[-71.01989,42.38029,0.0],[-71.02055,42.38029,0.0],[-71.02084,42.38027,0.0],[-71.02113,42.38024,0.0],[-71.02142,42.38019,0.0],[-71.0215,42.38017,0.0],[-71.02156,42.38015,0.0],[-71.02162,42.38027,0.0],[-71.02177,42.38052,0.0],[-71.02176,42.38055,0.0],[-71.02203,42.38102,0.0],[-71.02214,42.38117,0.0],[-71.02232,42.38121,0.0],[-71.02262,42.38171,0.0],[-71.02264,42.38175,0.0],[-71.02327,42.3815,0.0],[-71.02356,42.38139,0.0],[-71.02287,42.382,0.0],[-71.02194,42.38285,0.0],[-71.02177,42.38303,0.0],[-71.0217,42.38313,0.0],[-71.02155,42.38335,0.0],[-71.02148,42.38348,0.0],[-71.02144,42.38357,0.0],[-71.0216,42.38354,0.0],[-71.0217,42.38355,0.0],[-71.02182,42.38355,0.0],[-71.02187,42.38359,0.0],[-71.02198,42.38365,0.0],[-71.02266,42.38392,0.0],[-71.02257,42.38404,0.0],[-71.02241,42.38434,0.0],[-71.02228,42.38462,0.0],[-71.02218,42.38495,0.0],[-71.02215,42.3852,0.0],[-71.02216,42.38525,0.0],[-71.02218,42.3854,0.0],[-71.02241,42.38588,0.0],[-71.02246,42.38595,0.0],[-71.02254,42.38607,0.0],[-71.02231,42.386,0.0],[-71.02226,42.386,0.0],[-71.02223,42.38607,0.0],[-71.02217,42.38618,0.0],[-71.02126,42.38656,0.0],[-71.02113,42.38651,0.0],[-71.02104,42.38647,0.0],[-71.02078,42.38642,0.0],[-71.02034,42.38637,0.0],[-71.0201,42.38639,0.0],[-71.01969,42.38648,0.0],[-71.01914,42.38713,0.0],[-71.0184,42.38797,0.0],[-71.01825,42.38818,0.0],[-71.01819,42.38827,0.0],[-71.01826,42.38846,0.0],[-71.01796,42.38857,0.0],[-71.01751,42.38908,0.0],[-71.01731,42.38934,0.0],[-71.01728,42.38937,0.0],[-71.01716,42.3895,0.0],[-71.01665,42.3901,0.0],[-71.01617,42.39071,0.0],[-71.01559,42.39132,0.0],[-71.01559,42.39132,0.0],[-71.01513,42.39189,0.0],[-71.01506,42.39197,0.0],[-71.01485,42.39224,0.0],[-71.01486,42.39227,0.0],[-71.01481,42.39235,0.0],[-71.01484,42.39249,0.0],[-71.01497,42.39268,0.0],[-71.01533,42.39299,0.0],[-71.01545,42.39312,0.0],[-71.01553,42.39327,0.0],[-71.01557,42.39345,0.0],[-71.01556,42.39375,0.0],[-71.0155,42.39394,0.0],[-71.01542,42.39406,0.0],[-71.0154,42.39409,0.0],[-71.01517,42.39433,0.0],[-71.01507,42.39453,0.0],[-71.01483,42.39471,0.0],[-71.01455,42.39497,0.0],[-71.01437,42.39511,0.0],[-71.01402,42.39528,0.0],[-71.01359,42.39539,0.0],[-71.01319,42.39544,0.0],[-71.01308,42.39545,0.0],[-71.01285,42.39546,0.0],[-71.01233,42.3955,0.0],[-71.01223,42.39551,0.0],[-71.01211,42.39556,0.0],[-71.01206,42.3956,0.0],[-71.01193,42.39576,0.0],[-71.01168,42.39573,0.0],[-71.01,42.3955,0.0],[-71.01038,42.39504,0.0],[-71.01069,42.39464,0.0],[-71.0112,42.39401,0.0],[-71.0115,42.39364,0.0],[-71.01161,42.3935,0.0]]]]}},{"type":"Feature","properties":{"uesi_id":"USA_R2315704","nbhd_code":"USA_R2315704_49","nbhd_name":"14000US25025030400"},"geometry":{"type":"MultiPolygon","coordinates":[[[[-71.05393,42.36697,0.0],[-71.05376,42.3669,0.0],[-71.05363,42.36681,0.0],[-71.05349,42.36665,0.0],[-71.05346,42.36661,0.0],[-71.05325,42.36633,0.0],[-71.05324,42.36631,0.0],[-71.053,42.36606,0.0],[-71.05286,42.36584,0.0],[-71.05291,42.36566,0.0],[-71.05293,42.36559,0.0],[-71.05297,42.36547,0.0],[-71.05298,42.36541,0.0],[-71.05301,42.36532,0.0],[-71.0532,42.36507,0.0],[-71.0534,42.36485,0.0],[-71.05315,42.36475,0.0],[-71.05296,42.36468,0.0],[-71.05231,42.36445,0.0],[-71.05222,42.36442,0.0],[-71.05177,42.36427,0.0],[-71.05155,42.36421,0.0],[-71.05133,42.36414,0.0],[-71.05122,42.36411,0.0],[-71.05112,42.36399,0.0],[-71.0512,42.36373,0.0],[-71.05135,42.36348,0.0],[-71.05141,42.36339,0.0],[-71.05165,42.36312,0.0],[-71.05166,42.3632,0.0],[-71.0519,42.36351,0.0],[-71.05206,42.36372,0.0],[-71.05224,42.36363,0.0],[-71.05246,42.36359,0.0],[-71.05277,42.36354,0.0],[-71.05304,42.3635,0.0],[-71.0532,42.36348,0.0],[-71.05355,42.36342,0.0],[-71.05359,42.36341,0.0],[-71.05371,42.36338,0.0],[-71.05383,42.36331,0.0],[-71.05406,42.36312,0.0],[-71.05419,42.36298,0.0],[-71.0543,42.36284,0.0],[-71.05431,42.36281,0.0],[-71.05441,42.36264,0.0],[-71.05449,42.36252,0.0],[-71.05458,42.36244,0.0],[-71.05463,42.36241,0.0],[-71.05466,42.36239,0.0],[-71.05489,42.36227,0.0],[-71.05503,42.36216,0.0],[-71.05512,42.36205,0.0],[-71.05516,42.362,0.0],[-71.05519,42.36195,0.0],[-71.05518,42.36193,0.0],[-71.05523,42.36188,0.0],[-71.05525,42.36184,0.0],[-71.05618,42.36237,0.0],[-71.05604,42.36245,0.0],[-71.05577,42.36262,0.0],[-71.0557,42.36266,0.0],[-71.05629,42.36301,0.0],[-71.05618,42.36314,0.0],[-71.05609,42.36326,0.0],[-71.0559,42.36353,0.0],[-71.05577,42.36372,0.0],[-71.05568,42.36388,0.0],[-71.05551,42.36418,0.0],[-71.05547,42.36442,0.0],[-71.05546,42.36447,0.0],[-71.05545,42.36459,0.0],[-71.05544,42.36475,0.0],[-71.05542,42.36505,0.0],[-71.05542,42.36518,0.0],[-71.05541,42.36528,0.0],[-71.05575,42.36548,0.0],[-71.05593,42.36557,0.0],[-71.05563,42.36596,0.0],[-71.05543,42.36625,0.0],[-71.05494,42.36606,0.0],[-71.05485,42.36621,0.0],[-71.05473,42.36641,0.0],[-71.05425,42.36711,0.0],[-71.05393,42.36697,0.0]]]]}},{"type":"Feature","properties":{"uesi_id":"USA_R2315704","nbhd_code":"USA_R2315704_50","nbhd_name":"14000US25025030300"},"geometry":{"type":"MultiPolygon","coordinates":[[[[-71.04941,42.36405,0.0],[-71.04949,42.36384,0.0],[-71.04968,42.36385,0.0],[-71.0497,42.3637,0.0],[-71.04902,42.36357,0.0],[-71.04837,42.36358,0.0],[-71.0483,42.36323,0.0],[-71.04894,42.36321,0.0],[-71.04895,42.36332,0.0],[-71.04905,42.36331,0.0],[-71.04911,42.3629,0.0],[-71.04834,42.36297,0.0],[-71.04831,42.36274,0.0],[-71.04911,42.36247,0.0],[-71.04959,42.36261,0.0],[-71.04958,42.3627,0.0],[-71.05054,42.363,0.0],[-71.05056,42.36294,0.0],[-71.05083,42.36301,0.0],[-71.05076,42.3626,0.0],[-71.04977,42.3624,0.0],[-71.04914,42.36211,0.0],[-71.04813,42.3623,0.0],[-71.04808,42.36212,0.0],[-71.0487,42.36198,0.0],[-71.0487,42.36194,0.0],[-71.04867,42.3618,0.0],[-71.04866,42.36177,0.0],[-71.04803,42.36189,0.0],[-71.04797,42.36172,0.0],[-71.04934,42.36145,0.0],[-71.04942,42.36143,0.0],[-71.04955,42.3617,0.0],[-71.04977,42.36177,0.0],[-71.05051,42.362,0.0],[-71.0506,42.36189,0.0],[-71.05076,42.36189,0.0],[-71.05074,42.36165,0.0],[-71.05065,42.36084,0.0],[-71.05046,42.36079,0.0],[-71.05037,42.36069,0.0],[-71.04968,42.3608,0.0],[-71.04954,42.36072,0.0],[-71.04925,42.36077,0.0],[-71.04929,42.36067,0.0],[-71.04929,42.36059,0.0],[-71.04925,42.36052,0.0],[-71.04918,42.36047,0.0],[-71.0485,42.36063,0.0],[-71.04771,42.36069,0.0],[-71.04763,42.36023,0.0],[-71.04762,42.36018,0.0],[-71.05058,42.35975,0.0],[-71.05055,42.35936,0.0],[-71.04839,42.35958,0.0],[-71.04834,42.35933,0.0],[-71.0485,42.35931,0.0],[-71.04848,42.3591,0.0],[-71.04873,42.35889,0.0],[-71.04868,42.35875,0.0],[-71.04943,42.35866,0.0],[-71.04947,42.35879,0.0],[-71.04954,42.35879,0.0],[-71.04962,42.35893,0.0],[-71.04999,42.3589,0.0],[-71.05023,42.35888,0.0],[-71.05012,42.3583,0.0],[-71.04944,42.35837,0.0],[-71.04937,42.35814,0.0],[-71.04946,42.35812,0.0],[-71.04941,42.35789,0.0],[-71.04955,42.35786,0.0],[-71.04952,42.35772,0.0],[-71.04968,42.35769,0.0],[-71.04964,42.3575,0.0],[-71.04959,42.35729,0.0],[-71.04913,42.35736,0.0],[-71.04942,42.3568,0.0],[-71.04985,42.35669,0.0],[-71.04982,42.35663,0.0],[-71.0498,42.35661,0.0],[-71.04949,42.35658,0.0],[-71.04983,42.35594,0.0],[-71.04991,42.35581,0.0],[-71.05041,42.35489,0.0],[-71.05043,42.35485,0.0],[-71.05047,42.35491,0.0],[-71.05089,42.35507,0.0],[-71.05106,42.35514,0.0],[-71.05098,42.35532,0.0],[-71.05089,42.35548,0.0],[-71.05086,42.35556,0.0],[-71.05076,42.35602,0.0],[-71.05075,42.35613,0.0],[-71.05082,42.35665,0.0],[-71.05101,42.35695,0.0],[-71.0512,42.35725,0.0],[-71.05137,42.35748,0.0],[-71.05141,42.35755,0.0],[-71.05151,42.3577,0.0],[-71.05161,42.35793,0.0],[-71.05178,42.3583,0.0],[-71.05194,42.35865,0.0],[-71.05198,42.35871,0.0],[-71.05201,42.3587,0.0],[-71.05207,42.35869,0.0],[-71.05216,42.35867,0.0],[-71.05229,42.35865,0.0],[-71.05275,42.35858,0.0],[-71.05319,42.3585,0.0],[-71.05325,42.35849,0.0],[-71.05332,42.35846,0.0],[-71.05352,42.35836,0.0],[-71.05377,42.35819,0.0],[-71.05396,42.35802,0.0],[-71.05427,42.35775,0.0],[-71.05437,42.35767,0.0],[-71.05452,42.35756,0.0],[-71.05485,42.35736,0.0],[-71.05502,42.35725,0.0],[-71.05519,42.35715,0.0],[-71.05554,42.35698,0.0],[-71.05576,42.35692,0.0],[-71.05629,42.35688,0.0],[-71.05659,42.35686,0.0],[-71.05719,42.35683,0.0],[-71.05771,42.35679,0.0],[-71.05799,42.3568,0.0],[-71.05824,42.35684,0.0],[-71.05874,42.357,0.0],[-71.05856,42.35717,0.0],[-71.05829,42.35742,0.0],[-71.05876,42.35759,0.0],[-71.0593,42.35777,0.0],[-71.05961,42.35787,0.0],[-71.06035,42.3581,0.0],[-71.06126,42.35829,0.0],[-71.06151,42.35834,0.0],[-71.06171,42.35833,0.0],[-71.06198,42.35825,0.0],[-71.06238,42.3581,0.0],[-71.06264,42.35799,0.0],[-71.06273,42.35832,0.0],[-71.06282,42.35867,0.0],[-71.06282,42.35872,0.0],[-71.06285,42.3589,0.0],[-71.06286,42.35921,0.0],[-71.06288,42.35949,0.0],[-71.06286,42.3601,0.0],[-71.06291,42.36124,0.0],[-71.06276,42.36165,0.0],[-71.06263,42.36185,0.0],[-71.0625,42.36201,0.0],[-71.06235,42.36215,0.0],[-71.06227,42.36221,0.0],[-71.0622,42.36227,0.0],[-71.06186,42.36244,0.0],[-71.06167,42.3625,0.0],[-71.06122,42.36264,0.0],[-71.06088,42.36274,0.0],[-71.06004,42.36298,0.0],[-71.05961,42.36308,0.0],[-71.05949,42.36311,0.0],[-71.05877,42.36333,0.0],[-71.05856,42.36339,0.0],[-71.0584,42.36342,0.0],[-71.05822,42.36344,0.0],[-71.05804,42.36349,0.0],[-71.05798,42.36352,0.0],[-71.05788,42.36355,0.0],[-71.05778,42.36355,0.0],[-71.05771,42.36355,0.0],[-71.05757,42.36343,0.0],[-71.05733,42.36319,0.0],[-71.05705,42.363,0.0],[-71.05623,42.36239,0.0],[-71.05618,42.36237,0.0],[-71.05525,42.36184,0.0],[-71.05523,42.36188,0.0],[-71.05518,42.36193,0.0],[-71.05519,42.36195,0.0],[-71.05516,42.362,0.0],[-71.05512,42.36205,0.0],[-71.05503,42.36216,0.0],[-71.05489,42.36227,0.0],[-71.05466,42.36239,0.0],[-71.05463,42.36241,0.0],[-71.05458,42.36244,0.0],[-71.05449,42.36252,0.0],[-71.05441,42.36264,0.0],[-71.05431,42.36281,0.0],[-71.0543,42.36284,0.0],[-71.05419,42.36298,0.0],[-71.05406,42.36312,0.0],[-71.05383,42.36331,0.0],[-71.05371,42.36338,0.0],[-71.05359,42.36341,0.0],[-71.05355,42.36342,0.0],[-71.0532,42.36348,0.0],[-71.05304,42.3635,0.0],[-71.05277,42.36354,0.0],[-71.05246,42.36359,0.0],[-71.05224,42.36363,0.0],[-71.05206,42.36372,0.0],[-71.0519,42.36351,0.0],[-71.05166,42.3632,0.0],[-71.05165,42.36312,0.0],[-71.05141,42.36339,0.0],[-71.05135,42.36348,0.0],[-71.0512,42.36373,0.0],[-71.05112,42.36399,0.0],[-71.05109,42.36407,0.0],[-71.05109,42.36418,0.0],[-71.0496,42.36405,0.0],[-71.04941,42.36405,0.0]]]]}},{"type":"Feature","properties":{"uesi_id":"USA_R2315704","nbhd_code":"USA_R2315704_51","nbhd_name":"14000US25025981300"},"geometry":{"type":"MultiPolygon","coordinates":[[[[-71.01475,42.37931,0.0],[-71.01492,42.3793,0.0],[-71.01515,42.37933,0.0],[-71.01529,42.3795,0.0],[-71.01582,42.38028,0.0],[-71.01612,42.3804,0.0],[-71.0164,42.38019,0.0],[-71.01681,42.37981,0.0],[-71.01751,42.37925,0.0],[-71.01818,42.37866,0.0],[-71.01867,42.37827,0.0],[-71.01914,42.37787,0.0],[-71.01941,42.3776,0.0],[-71.01959,42.37743,0.0],[-71.01955,42.37729,0.0],[-71.01928,42.37698,0.0],[-71.01906,42.37676,0.0],[-71.01878,42.37656,0.0],[-71.01835,42.37636,0.0],[-71.0179,42.37624,0.0],[-71.01761,42.37613,0.0],[-71.01737,42.37599,0.0],[-71.01713,42.37581,0.0],[-71.01702,42.37576,0.0],[-71.0168,42.37569,0.0],[-71.01632,42.37562,0.0],[-71.01626,42.3756,0.0],[-71.0162,42.37555,0.0],[-71.01618,42.37547,0.0],[-71.01589,42.37532,0.0],[-71.01576,42.37522,0.0],[-71.01571,42.37511,0.0],[-71.0157,42.37494,0.0],[-71.01612,42.37442,0.0],[-71.01617,42.37435,0.0],[-71.01617,42.37427,0.0],[-71.01611,42.37419,0.0],[-71.01507,42.37345,0.0],[-71.01479,42.37325,0.0],[-71.01304,42.37193,0.0],[-71.01278,42.37182,0.0],[-71.01268,42.37178,0.0],[-71.01248,42.37174,0.0],[-71.01206,42.37167,0.0],[-71.01156,42.3715,0.0],[-71.01137,42.3715,0.0],[-71.01125,42.37158,0.0],[-71.01106,42.37184,0.0],[-71.01091,42.37195,0.0],[-71.01084,42.37196,0.0],[-71.01072,42.37204,0.0],[-71.01016,42.3726,0.0],[-71.01002,42.37278,0.0],[-71.00999,42.37284,0.0],[-71.00999,42.37297,0.0],[-71.01013,42.37312,0.0],[-71.01032,42.37328,0.0],[-71.01047,42.3734,0.0],[-71.01044,42.37358,0.0],[-71.01042,42.3736,0.0],[-71.01037,42.37364,0.0],[-71.00951,42.37428,0.0],[-71.00906,42.37469,0.0],[-71.00886,42.37494,0.0],[-71.00886,42.37502,0.0],[-71.00886,42.37511,0.0],[-71.00883,42.37519,0.0],[-71.00892,42.37539,0.0],[-71.0089,42.37565,0.0],[-71.00876,42.37613,0.0],[-71.00857,42.37655,0.0],[-71.00851,42.37666,0.0],[-71.00843,42.37672,0.0],[-71.00828,42.37676,0.0],[-71.00815,42.37676,0.0],[-71.00805,42.37683,0.0],[-71.00787,42.37714,0.0],[-71.00765,42.37737,0.0],[-71.00727,42.37801,0.0],[-71.00705,42.37833,0.0],[-71.00695,42.37851,0.0],[-71.0068,42.37869,0.0],[-71.00658,42.37883,0.0],[-71.00638,42.3789,0.0],[-71.00621,42.37892,0.0],[-71.00597,42.37892,0.0],[-71.00589,42.37894,0.0],[-71.00576,42.379,0.0],[-71.0057,42.37905,0.0],[-71.00551,42.37919,0.0],[-71.00541,42.37922,0.0],[-71.00523,42.37922,0.0],[-71.00471,42.37916,0.0],[-71.00442,42.37912,0.0],[-71.00419,42.37905,0.0],[-71.00396,42.37893,0.0],[-71.00363,42.37879,0.0],[-71.00291,42.37854,0.0],[-71.00283,42.3785,0.0],[-71.00272,42.37841,0.0],[-71.00268,42.37836,0.0],[-71.00258,42.3783,0.0],[-71.00245,42.3783,0.0],[-71.00234,42.37833,0.0],[-71.00223,42.37833,0.0],[-71.00097,42.37796,0.0],[-71.00033,42.3778,0.0],[-71.00021,42.37776,0.0],[-71.00006,42.37771,0.0],[-70.99969,42.37774,0.0],[-70.99949,42.37766,0.0],[-70.99935,42.37767,0.0],[-70.99928,42.37771,0.0],[-70.99909,42.37768,0.0],[-70.99883,42.37758,0.0],[-70.99834,42.37727,0.0],[-70.99829,42.37721,0.0],[-70.99828,42.37706,0.0],[-70.99834,42.37673,0.0],[-70.99838,42.37667,0.0],[-70.99844,42.37656,0.0],[-70.99856,42.37635,0.0],[-70.99859,42.37626,0.0],[-70.99861,42.37624,0.0],[-70.99865,42.37612,0.0],[-70.99901,42.37556,0.0],[-70.99908,42.37542,0.0],[-70.99911,42.37532,0.0],[-70.99917,42.37511,0.0],[-70.99949,42.37434,0.0],[-71.0003,42.37268,0.0],[-71.00071,42.37177,0.0],[-71.00094,42.37127,0.0],[-71.00117,42.37077,0.0],[-71.00182,42.36932,0.0],[-71.00186,42.36913,0.0],[-71.00185,42.36902,0.0],[-71.00177,42.36894,0.0],[-71.00057,42.36803,0.0],[-71.0003,42.36793,0.0],[-71.0,42.36769,0.0],[-70.99976,42.36744,0.0],[-70.99962,42.36723,0.0],[-70.99961,42.36696,0.0],[-70.99965,42.36685,0.0],[-70.99981,42.36668,0.0],[-70.99998,42.3666,0.0],[-71.00038,42.36654,0.0],[-71.00074,42.36654,0.0],[-71.00086,42.36657,0.0],[-71.00115,42.36677,0.0],[-71.00121,42.36677,0.0],[-71.00131,42.3667,0.0],[-71.00138,42.3667,0.0],[-71.00147,42.36676,0.0],[-71.00181,42.36676,0.0],[-71.00201,42.36682,0.0],[-71.00206,42.36686,0.0],[-71.0022,42.36688,0.0],[-71.00225,42.36684,0.0],[-71.00226,42.36674,0.0],[-71.00211,42.36662,0.0],[-71.00209,42.36654,0.0],[-71.00212,42.36652,0.0],[-71.00229,42.36654,0.0],[-71.00232,42.36651,0.0],[-71.00233,42.36628,0.0],[-71.00237,42.36623,0.0],[-71.00248,42.36616,0.0],[-71.00254,42.36615,0.0],[-71.00322,42.36611,0.0],[-71.00328,42.36607,0.0],[-71.00328,42.36601,0.0],[-71.00324,42.36594,0.0],[-71.00324,42.36583,0.0],[-71.0033,42.36577,0.0],[-71.00339,42.3657,0.0],[-71.00362,42.36561,0.0],[-71.00372,42.36554,0.0],[-71.00372,42.36551,0.0],[-71.00367,42.36548,0.0],[-71.00352,42.36547,0.0],[-71.00301,42.36562,0.0],[-71.0027,42.36562,0.0],[-71.00244,42.36554,0.0],[-71.00231,42.36547,0.0],[-71.00204,42.36524,0.0],[-71.00194,42.36512,0.0],[-71.00178,42.36491,0.0],[-71.00176,42.36486,0.0],[-71.00169,42.36469,0.0],[-71.00162,42.36451,0.0],[-71.00166,42.36429,0.0],[-71.00175,42.36415,0.0],[-71.00189,42.36403,0.0],[-71.00193,42.36393,0.0],[-71.00194,42.36382,0.0],[-71.00187,42.36372,0.0],[-71.00078,42.36278,0.0],[-71.00023,42.36227,0.0],[-70.99989,42.36201,0.0],[-70.99959,42.36184,0.0],[-70.99949,42.36179,0.0],[-70.99947,42.36179,0.0],[-70.99933,42.36174,0.0],[-70.9993,42.36173,0.0],[-70.99893,42.3617,0.0],[-70.99869,42.36164,0.0],[-70.99846,42.36153,0.0],[-70.99828,42.3614,0.0],[-70.99816,42.36125,0.0],[-70.99812,42.36115,0.0],[-70.99812,42.3611,0.0],[-70.99809,42.36109,0.0],[-70.99809,42.36102,0.0],[-70.99799,42.36085,0.0],[-70.99793,42.36081,0.0],[-70.99767,42.36077,0.0],[-70.99754,42.36072,0.0],[-70.99747,42.36067,0.0],[-70.99728,42.36059,0.0],[-70.99715,42.36055,0.0],[-70.99701,42.36055,0.0],[-70.99668,42.36069,0.0],[-70.99647,42.36074,0.0],[-70.99611,42.36083,0.0],[-70.99569,42.36086,0.0],[-70.99556,42.36097,0.0],[-70.99554,42.361,0.0],[-70.99544,42.36112,0.0],[-70.99536,42.36116,0.0],[-70.9953,42.36121,0.0],[-70.99517,42.36126,0.0],[-70.99449,42.36133,0.0],[-70.99409,42.36135,0.0],[-70.99392,42.36138,0.0],[-70.99393,42.36144,0.0],[-70.99401,42.36151,0.0],[-70.99406,42.3616,0.0],[-70.99406,42.3617,0.0],[-70.99403,42.36175,0.0],[-70.99396,42.36181,0.0],[-70.99386,42.36184,0.0],[-70.99355,42.36187,0.0],[-70.99348,42.36184,0.0],[-70.9932,42.36162,0.0],[-70.99309,42.36156,0.0],[-70.99285,42.36152,0.0],[-70.99136,42.36152,0.0],[-70.99108,42.36159,0.0],[-70.99094,42.36166,0.0],[-70.99019,42.36183,0.0],[-70.98981,42.3619,0.0],[-70.98926,42.36203,0.0],[-70.98884,42.36205,0.0],[-70.98864,42.36202,0.0],[-70.98824,42.36191,0.0],[-70.988,42.3618,0.0],[-70.9876,42.36152,0.0],[-70.98734,42.3613,0.0],[-70.98735,42.36128,0.0],[-70.98731,42.36125,0.0],[-70.98722,42.36114,0.0],[-70.98721,42.3611,0.0],[-70.98721,42.36108,0.0],[-70.98714,42.36098,0.0],[-70.98702,42.36071,0.0],[-70.98701,42.36065,0.0],[-70.98699,42.36063,0.0],[-70.98695,42.36047,0.0],[-70.98692,42.36042,0.0],[-70.98691,42.3603,0.0],[-70.98688,42.36029,0.0],[-70.98688,42.36025,0.0],[-70.98686,42.36023,0.0],[-70.9868,42.3599,0.0],[-70.98678,42.35989,0.0],[-70.98678,42.35986,0.0],[-70.98676,42.35984,0.0],[-70.98668,42.35939,0.0],[-70.98665,42.35931,0.0],[-70.98664,42.35919,0.0],[-70.98659,42.35901,0.0],[-70.98655,42.35893,0.0],[-70.98651,42.35878,0.0],[-70.98649,42.35876,0.0],[-70.98649,42.35872,0.0],[-70.98646,42.35871,0.0],[-70.98641,42.35847,0.0],[-70.98638,42.35845,0.0],[-70.98639,42.35841,0.0],[-70.98637,42.35839,0.0],[-70.98636,42.35832,0.0],[-70.98634,42.3583,0.0],[-70.98627,42.35808,0.0],[-70.98624,42.35806,0.0],[-70.98624,42.35785,0.0],[-70.98624,42.35781,0.0],[-70.98631,42.3577,0.0],[-70.9864,42.35761,0.0],[-70.9865,42.35756,0.0],[-70.98762,42.35677,0.0],[-70.98795,42.35654,0.0],[-70.9895,42.35545,0.0],[-70.99073,42.35456,0.0],[-70.99091,42.35441,0.0],[-70.99115,42.35421,0.0],[-70.99123,42.35417,0.0],[-70.99141,42.35405,0.0],[-70.99173,42.35395,0.0],[-70.99207,42.35392,0.0],[-70.99225,42.35397,0.0],[-70.99244,42.35406,0.0],[-70.99257,42.35411,0.0],[-70.99283,42.35416,0.0],[-70.99323,42.35416,0.0],[-70.99444,42.35402,0.0],[-70.99456,42.35407,0.0],[-70.99467,42.35414,0.0],[-70.99503,42.35441,0.0],[-70.99509,42.35443,0.0],[-70.99557,42.3548,0.0],[-70.99558,42.35482,0.0],[-70.99565,42.35485,0.0],[-70.99588,42.35486,0.0],[-70.99607,42.35483,0.0],[-70.99645,42.35474,0.0],[-70.99671,42.35464,0.0],[-70.99701,42.35451,0.0],[-70.99714,42.3545,0.0],[-70.99723,42.35452,0.0],[-70.99735,42.35464,0.0],[-70.99736,42.35469,0.0],[-70.99733,42.35476,0.0],[-70.99732,42.3548,0.0],[-70.99703,42.35501,0.0],[-70.99688,42.35512,0.0],[-70.99682,42.35516,0.0],[-70.99658,42.35519,0.0],[-70.99648,42.35523,0.0],[-70.99648,42.35529,0.0],[-70.9966,42.35544,0.0],[-70.99679,42.35563,0.0],[-70.99679,42.35564,0.0],[-70.99699,42.35584,0.0],[-70.99699,42.35586,0.0],[-70.99728,42.35607,0.0],[-70.99729,42.3561,0.0],[-70.99763,42.35631,0.0],[-70.99773,42.35636,0.0],[-70.9979,42.35649,0.0],[-70.99809,42.35659,0.0],[-70.99821,42.35668,0.0],[-70.99846,42.3568,0.0],[-70.99865,42.35688,0.0],[-70.99901,42.35698,0.0],[-70.99944,42.35703,0.0],[-70.99949,42.35703,0.0],[-71.00023,42.35699,0.0],[-71.00109,42.35694,0.0],[-71.00161,42.35688,0.0],[-71.00282,42.35667,0.0],[-71.00327,42.35657,0.0],[-71.00331,42.35654,0.0],[-71.00342,42.35651,0.0],[-71.00416,42.3561,0.0],[-71.00463,42.35594,0.0],[-71.00506,42.35588,0.0],[-71.00583,42.35586,0.0],[-71.00603,42.35574,0.0],[-71.00625,42.35558,0.0],[-71.00637,42.35546,0.0],[-71.0065,42.35516,0.0],[-71.0065,42.35501,0.0],[-71.00643,42.35489,0.0],[-71.00641,42.35485,0.0],[-71.00622,42.35455,0.0],[-71.00604,42.35436,0.0],[-71.00558,42.35403,0.0],[-71.00543,42.35396,0.0],[-71.00533,42.3539,0.0],[-71.00516,42.35388,0.0],[-71.0051,42.35389,0.0],[-71.00502,42.35396,0.0],[-71.005,42.35403,0.0],[-71.00499,42.35407,0.0],[-71.005,42.35425,0.0],[-71.00496,42.35444,0.0],[-71.00482,42.35472,0.0],[-71.00466,42.35495,0.0],[-71.00457,42.355,0.0],[-71.00432,42.35505,0.0],[-71.00418,42.35512,0.0],[-71.00407,42.35518,0.0],[-71.00392,42.35518,0.0],[-71.00383,42.35515,0.0],[-71.00364,42.355,0.0],[-71.00357,42.35486,0.0],[-71.00357,42.35464,0.0],[-71.00366,42.3543,0.0],[-71.00374,42.35412,0.0],[-71.00379,42.354,0.0],[-71.00413,42.3535,0.0],[-71.00431,42.35311,0.0],[-71.00441,42.35282,0.0],[-71.0045,42.35235,0.0],[-71.00463,42.35135,0.0],[-71.00473,42.35087,0.0],[-71.00477,42.35076,0.0],[-71.00507,42.34953,0.0],[-71.00512,42.34914,0.0],[-71.00515,42.34888,0.0],[-71.00514,42.34845,0.0],[-71.00509,42.34816,0.0],[-71.00488,42.34742,0.0],[-71.00488,42.34733,0.0],[-71.00501,42.34723,0.0],[-71.00521,42.34721,0.0],[-71.00573,42.34711,0.0],[-71.00715,42.34686,0.0],[-71.00747,42.34681,0.0],[-71.00777,42.34681,0.0],[-71.00798,42.34692,0.0],[-71.00998,42.34821,0.0],[-71.01406,42.3508,0.0],[-71.01669,42.35247,0.0],[-71.01722,42.35274,0.0],[-71.01821,42.35322,0.0],[-71.01944,42.35382,0.0],[-71.02029,42.35423,0.0],[-71.02118,42.35466,0.0],[-71.02181,42.355,0.0],[-71.0221,42.35513,0.0],[-71.0227,42.35542,0.0],[-71.02614,42.35713,0.0],[-71.02619,42.35715,0.0],[-71.02624,42.35718,0.0],[-71.02635,42.35723,0.0],[-71.02718,42.35764,0.0],[-71.02786,42.35796,0.0],[-71.02804,42.3581,0.0],[-71.0281,42.35822,0.0],[-71.02809,42.35834,0.0],[-71.02747,42.35981,0.0],[-71.02656,42.36186,0.0],[-71.02639,42.36232,0.0],[-71.02634,42.3626,0.0],[-71.02634,42.36297,0.0],[-71.02631,42.36303,0.0],[-71.02628,42.36386,0.0],[-71.02631,42.36406,0.0],[-71.02638,42.36426,0.0],[-71.0265,42.36441,0.0],[-71.0267,42.36455,0.0],[-71.02763,42.36501,0.0],[-71.02789,42.36534,0.0],[-71.02887,42.36576,0.0],[-71.03024,42.36636,0.0],[-71.03068,42.36657,0.0],[-71.03122,42.36679,0.0],[-71.03204,42.36713,0.0],[-71.03265,42.36741,0.0],[-71.03339,42.36774,0.0],[-71.03287,42.36844,0.0],[-71.03269,42.3686,0.0],[-71.0326,42.36868,0.0],[-71.03232,42.36891,0.0],[-71.03169,42.36945,0.0],[-71.031,42.37005,0.0],[-71.03154,42.37042,0.0],[-71.03193,42.37067,0.0],[-71.03265,42.37111,0.0],[-71.03322,42.37148,0.0],[-71.03392,42.37194,0.0],[-71.03408,42.37204,0.0],[-71.03474,42.37247,0.0],[-71.03457,42.37262,0.0],[-71.03445,42.37272,0.0],[-71.03431,42.37268,0.0],[-71.03414,42.37265,0.0],[-71.03398,42.37263,0.0],[-71.03369,42.37262,0.0],[-71.03356,42.37263,0.0],[-71.03354,42.37264,0.0],[-71.03336,42.37268,0.0],[-71.03316,42.37274,0.0],[-71.03306,42.37277,0.0],[-71.03298,42.3728,0.0],[-71.03278,42.37291,0.0],[-71.03261,42.37304,0.0],[-71.03248,42.37315,0.0],[-71.03232,42.37326,0.0],[-71.03221,42.37337,0.0],[-71.03197,42.37359,0.0],[-71.03157,42.37394,0.0],[-71.03072,42.37468,0.0],[-71.03018,42.37514,0.0],[-71.02974,42.37551,0.0],[-71.02937,42.37585,0.0],[-71.02836,42.37672,0.0],[-71.02774,42.37723,0.0],[-71.02743,42.37749,0.0],[-71.02647,42.37831,0.0],[-71.026,42.3787,0.0],[-71.02595,42.37874,0.0],[-71.02577,42.37894,0.0],[-71.0251,42.37974,0.0],[-71.02501,42.37968,0.0],[-71.02488,42.37959,0.0],[-71.02451,42.37935,0.0],[-71.02446,42.37927,0.0],[-71.02447,42.37924,0.0],[-71.02433,42.37927,0.0],[-71.0242,42.37926,0.0],[-71.02419,42.3792,0.0],[-71.02266,42.37976,0.0],[-71.02228,42.37991,0.0],[-71.02156,42.38015,0.0],[-71.0215,42.38017,0.0],[-71.02142,42.38019,0.0],[-71.02113,42.38024,0.0],[-71.02084,42.38027,0.0],[-71.02055,42.38029,0.0],[-71.01989,42.38029,0.0],[-71.01976,42.38029,0.0],[-71.0185,42.38028,0.0],[-71.01796,42.38029,0.0],[-71.01758,42.38035,0.0],[-71.0173,42.38042,0.0],[-71.01708,42.38048,0.0],[-71.01667,42.38062,0.0],[-71.01631,42.38078,0.0],[-71.01601,42.38093,0.0],[-71.01591,42.38078,0.0],[-71.01572,42.38049,0.0],[-71.01563,42.38032,0.0],[-71.01475,42.37931,0.0]]]]}},{"type":"Feature","properties":{"uesi_id":"USA_R2315704","nbhd_code":"USA_R2315704_52","nbhd_name":"14000US25025110103"},"geometry":{"type":"MultiPolygon","coordinates":[[[[-71.11451,42.30165,0.0],[-71.11421,42.30156,0.0],[-71.11403,42.30152,0.0],[-71.11372,42.30144,0.0],[-71.11362,42.30142,0.0],[-71.11343,42.3014,0.0],[-71.11324,42.30139,0.0],[-71.11266,42.30138,0.0],[-71.1125,42.30138,0.0],[-71.11205,42.30138,0.0],[-71.1103,42.30141,0.0],[-71.10938,42.30142,0.0],[-71.10903,42.30141,0.0],[-71.10879,42.30138,0.0],[-71.10841,42.3013,0.0],[-71.10808,42.30119,0.0],[-71.10789,42.30111,0.0],[-71.10767,42.30101,0.0],[-71.10746,42.30089,0.0],[-71.10743,42.30086,0.0],[-71.10711,42.30096,0.0],[-71.10666,42.30089,0.0],[-71.10655,42.30088,0.0],[-71.1065,42.30087,0.0],[-71.10644,42.30086,0.0],[-71.10635,42.30081,0.0],[-71.10626,42.30073,0.0],[-71.10618,42.3006,0.0],[-71.10612,42.30051,0.0],[-71.10606,42.30045,0.0],[-71.10598,42.30043,0.0],[-71.10591,42.30041,0.0],[-71.10578,42.30038,0.0],[-71.10535,42.30032,0.0],[-71.1052,42.30031,0.0],[-71.10502,42.30029,0.0],[-71.10466,42.30028,0.0],[-71.10469,42.30018,0.0],[-71.10479,42.30004,0.0],[-71.10498,42.29984,0.0],[-71.10512,42.29968,0.0],[-71.10525,42.29947,0.0],[-71.10536,42.2993,0.0],[-71.10541,42.29916,0.0],[-71.10546,42.29899,0.0],[-71.10552,42.29884,0.0],[-71.1056,42.29875,0.0],[-71.1057,42.29865,0.0],[-71.10586,42.29856,0.0],[-71.10605,42.2985,0.0],[-71.10618,42.29848,0.0],[-71.10645,42.29844,0.0],[-71.10686,42.29842,0.0],[-71.10727,42.29839,0.0],[-71.10736,42.29838,0.0],[-71.10753,42.29862,0.0],[-71.10761,42.29865,0.0],[-71.10825,42.29891,0.0],[-71.1085,42.29901,0.0],[-71.1096,42.29911,0.0],[-71.11008,42.29852,0.0],[-71.10982,42.29817,0.0],[-71.11006,42.29794,0.0],[-71.11027,42.29778,0.0],[-71.11067,42.29748,0.0],[-71.11104,42.29703,0.0],[-71.11118,42.2969,0.0],[-71.11159,42.29655,0.0],[-71.11208,42.29619,0.0],[-71.11228,42.29628,0.0],[-71.11287,42.29667,0.0],[-71.11358,42.29609,0.0],[-71.11391,42.29584,0.0],[-71.11465,42.29519,0.0],[-71.11537,42.29458,0.0],[-71.11509,42.29441,0.0],[-71.11423,42.2939,0.0],[-71.114,42.29375,0.0],[-71.11397,42.29372,0.0],[-71.11376,42.29355,0.0],[-71.1134,42.29313,0.0],[-71.1135,42.29301,0.0],[-71.11363,42.29283,0.0],[-71.1139,42.29249,0.0],[-71.11422,42.29203,0.0],[-71.11433,42.29184,0.0],[-71.11443,42.29158,0.0],[-71.11448,42.29135,0.0],[-71.11448,42.2912,0.0],[-71.11444,42.29083,0.0],[-71.1144,42.29066,0.0],[-71.1146,42.29065,0.0],[-71.11467,42.29064,0.0],[-71.11472,42.29061,0.0],[-71.11483,42.29056,0.0],[-71.11577,42.29011,0.0],[-71.11626,42.2899,0.0],[-71.11653,42.28977,0.0],[-71.11647,42.28966,0.0],[-71.11637,42.28941,0.0],[-71.11632,42.28928,0.0],[-71.11627,42.28913,0.0],[-71.11649,42.28911,0.0],[-71.11659,42.28912,0.0],[-71.1168,42.28916,0.0],[-71.11696,42.28922,0.0],[-71.11711,42.28932,0.0],[-71.11723,42.28948,0.0],[-71.11728,42.28964,0.0],[-71.11726,42.28987,0.0],[-71.11741,42.28983,0.0],[-71.11753,42.28984,0.0],[-71.11817,42.28989,0.0],[-71.11814,42.29017,0.0],[-71.11908,42.29022,0.0],[-71.11928,42.29024,0.0],[-71.11944,42.29032,0.0],[-71.11954,42.29041,0.0],[-71.11957,42.29053,0.0],[-71.12007,42.2908,0.0],[-71.12019,42.29088,0.0],[-71.12035,42.29111,0.0],[-71.12085,42.29119,0.0],[-71.12112,42.29126,0.0],[-71.12127,42.2913,0.0],[-71.12164,42.29142,0.0],[-71.12225,42.29162,0.0],[-71.12242,42.2917,0.0],[-71.12246,42.29176,0.0],[-71.12307,42.29121,0.0],[-71.1236,42.29072,0.0],[-71.12414,42.29021,0.0],[-71.12465,42.28972,0.0],[-71.1256,42.28882,0.0],[-71.12581,42.28862,0.0],[-71.12591,42.28871,0.0],[-71.12593,42.28877,0.0],[-71.12589,42.28892,0.0],[-71.12583,42.2893,0.0],[-71.12578,42.28974,0.0],[-71.12574,42.28987,0.0],[-71.1256,42.29004,0.0],[-71.12477,42.2908,0.0],[-71.12442,42.29111,0.0],[-71.12428,42.29124,0.0],[-71.12418,42.2914,0.0],[-71.12403,42.29169,0.0],[-71.12392,42.29194,0.0],[-71.12378,42.29214,0.0],[-71.12352,42.29243,0.0],[-71.12308,42.29294,0.0],[-71.12286,42.29319,0.0],[-71.1228,42.29332,0.0],[-71.1228,42.29343,0.0],[-71.12281,42.29354,0.0],[-71.12308,42.29374,0.0],[-71.1228,42.29401,0.0],[-71.1225,42.2943,0.0],[-71.12217,42.29456,0.0],[-71.12186,42.2948,0.0],[-71.12129,42.29521,0.0],[-71.12071,42.2956,0.0],[-71.12011,42.29599,0.0],[-71.11953,42.29634,0.0],[-71.11865,42.29689,0.0],[-71.11807,42.29724,0.0],[-71.11794,42.29733,0.0],[-71.11718,42.29783,0.0],[-71.11638,42.29833,0.0],[-71.11543,42.29891,0.0],[-71.11541,42.29894,0.0],[-71.11529,42.2992,0.0],[-71.11524,42.29928,0.0],[-71.11501,42.29973,0.0],[-71.1149,42.29995,0.0],[-71.11492,42.30011,0.0],[-71.11549,42.29986,0.0],[-71.11612,42.29956,0.0],[-71.11678,42.29932,0.0],[-71.11742,42.30021,0.0],[-71.11762,42.30016,0.0],[-71.11802,42.30009,0.0],[-71.11839,42.30005,0.0],[-71.11924,42.29998,0.0],[-71.11938,42.29995,0.0],[-71.11967,42.29989,0.0],[-71.11978,42.29987,0.0],[-71.12002,42.29983,0.0],[-71.12011,42.29974,0.0],[-71.12006,42.29991,0.0],[-71.12015,42.30028,0.0],[-71.12018,42.30086,0.0],[-71.1202,42.30096,0.0],[-71.12004,42.30097,0.0],[-71.11991,42.30096,0.0],[-71.11967,42.30097,0.0],[-71.11966,42.30114,0.0],[-71.11951,42.30115,0.0],[-71.11938,42.30119,0.0],[-71.11929,42.30125,0.0],[-71.11919,42.30133,0.0],[-71.11908,42.30141,0.0],[-71.11875,42.30151,0.0],[-71.11852,42.30154,0.0],[-71.11817,42.30157,0.0],[-71.11793,42.30158,0.0],[-71.11768,42.30161,0.0],[-71.11756,42.30164,0.0],[-71.11744,42.30171,0.0],[-71.11733,42.3018,0.0],[-71.11724,42.30188,0.0],[-71.11713,42.30201,0.0],[-71.11696,42.30219,0.0],[-71.11678,42.30234,0.0],[-71.11716,42.30241,0.0],[-71.11766,42.30256,0.0],[-71.11731,42.30249,0.0],[-71.11705,42.30246,0.0],[-71.11668,42.30243,0.0],[-71.11637,42.30239,0.0],[-71.11605,42.30232,0.0],[-71.11577,42.30224,0.0],[-71.11543,42.30212,0.0],[-71.11514,42.30197,0.0],[-71.11491,42.30184,0.0],[-71.11469,42.30173,0.0],[-71.11451,42.30165,0.0]]]]}},{"type":"Feature","properties":{"uesi_id":"USA_R2315704","nbhd_code":"USA_R2315704_53","nbhd_name":"14000US25025110301"},"geometry":{"type":"MultiPolygon","coordinates":[[[[-71.11223,42.28022,0.0],[-71.11221,42.28035,0.0],[-71.11222,42.28051,0.0],[-71.11228,42.28059,0.0],[-71.11246,42.28076,0.0],[-71.11325,42.28136,0.0],[-71.11361,42.28159,0.0],[-71.11367,42.28162,0.0],[-71.11485,42.28237,0.0],[-71.11498,42.28243,0.0],[-71.11601,42.28309,0.0],[-71.11643,42.28334,0.0],[-71.11665,42.28349,0.0],[-71.11684,42.28361,0.0],[-71.11721,42.28386,0.0],[-71.11787,42.28431,0.0],[-71.11819,42.28453,0.0],[-71.11853,42.28476,0.0],[-71.11891,42.28497,0.0],[-71.11886,42.28531,0.0],[-71.11882,42.28551,0.0],[-71.11955,42.28552,0.0],[-71.11952,42.28649,0.0],[-71.11949,42.28781,0.0],[-71.11949,42.28792,0.0],[-71.11939,42.28944,0.0],[-71.1193,42.29011,0.0],[-71.11928,42.29024,0.0],[-71.11908,42.29022,0.0],[-71.11814,42.29017,0.0],[-71.11817,42.28989,0.0],[-71.11753,42.28984,0.0],[-71.11741,42.28983,0.0],[-71.11726,42.28987,0.0],[-71.11728,42.28964,0.0],[-71.11723,42.28948,0.0],[-71.11711,42.28932,0.0],[-71.11696,42.28922,0.0],[-71.1168,42.28916,0.0],[-71.11659,42.28912,0.0],[-71.11649,42.28911,0.0],[-71.11627,42.28913,0.0],[-71.11632,42.28928,0.0],[-71.11637,42.28941,0.0],[-71.11647,42.28966,0.0],[-71.11653,42.28977,0.0],[-71.11626,42.2899,0.0],[-71.11577,42.29011,0.0],[-71.11483,42.29056,0.0],[-71.11472,42.29061,0.0],[-71.11467,42.29064,0.0],[-71.1146,42.29065,0.0],[-71.1144,42.29066,0.0],[-71.11444,42.29083,0.0],[-71.11448,42.2912,0.0],[-71.11448,42.29135,0.0],[-71.11443,42.29158,0.0],[-71.11433,42.29184,0.0],[-71.11422,42.29203,0.0],[-71.1139,42.29249,0.0],[-71.11363,42.29283,0.0],[-71.1135,42.29301,0.0],[-71.1134,42.29313,0.0],[-71.11295,42.29257,0.0],[-71.11263,42.2922,0.0],[-71.11246,42.29205,0.0],[-71.11199,42.29171,0.0],[-71.11114,42.29106,0.0],[-71.11033,42.29045,0.0],[-71.10941,42.28974,0.0],[-71.10795,42.28862,0.0],[-71.10737,42.28819,0.0],[-71.10705,42.28796,0.0],[-71.10676,42.28775,0.0],[-71.10665,42.28767,0.0],[-71.10635,42.28745,0.0],[-71.10568,42.28695,0.0],[-71.1054,42.28673,0.0],[-71.10587,42.28633,0.0],[-71.10641,42.28596,0.0],[-71.10684,42.28572,0.0],[-71.10741,42.28543,0.0],[-71.10797,42.2852,0.0],[-71.1086,42.28496,0.0],[-71.10869,42.28493,0.0],[-71.10876,42.28491,0.0],[-71.10897,42.28485,0.0],[-71.10931,42.28473,0.0],[-71.10937,42.28469,0.0],[-71.10943,42.28466,0.0],[-71.10956,42.28451,0.0],[-71.10975,42.28428,0.0],[-71.11021,42.28377,0.0],[-71.11038,42.28362,0.0],[-71.11056,42.28353,0.0],[-71.1107,42.28347,0.0],[-71.11088,42.28341,0.0],[-71.11104,42.28337,0.0],[-71.11091,42.2831,0.0],[-71.11184,42.28232,0.0],[-71.11218,42.28194,0.0],[-71.11179,42.28161,0.0],[-71.11154,42.28135,0.0],[-71.11143,42.28118,0.0],[-71.11138,42.28106,0.0],[-71.11138,42.28097,0.0],[-71.11135,42.28085,0.0],[-71.11124,42.28074,0.0],[-71.11085,42.28061,0.0],[-71.11089,42.28036,0.0],[-71.1114,42.28031,0.0],[-71.11214,42.2802,0.0],[-71.11223,42.28022,0.0]]]]}},{"type":"Feature","properties":{"uesi_id":"USA_R2315704","nbhd_code":"USA_R2315704_54","nbhd_name":"14000US25025140106"},"geometry":{"type":"MultiPolygon","coordinates":[[[[-71.13479,42.27691,0.0],[-71.13463,42.27679,0.0],[-71.13408,42.27645,0.0],[-71.13375,42.27625,0.0],[-71.13315,42.27589,0.0],[-71.13286,42.27569,0.0],[-71.13212,42.27523,0.0],[-71.13164,42.27492,0.0],[-71.13244,42.27424,0.0],[-71.1327,42.27405,0.0],[-71.13351,42.27455,0.0],[-71.13378,42.2744,0.0],[-71.13466,42.27351,0.0],[-71.13631,42.27184,0.0],[-71.13659,42.27152,0.0],[-71.13757,42.272,0.0],[-71.13776,42.27212,0.0],[-71.13851,42.27262,0.0],[-71.13902,42.27323,0.0],[-71.13953,42.27356,0.0],[-71.14004,42.27358,0.0],[-71.13996,42.27417,0.0],[-71.14018,42.2742,0.0],[-71.14025,42.27411,0.0],[-71.14038,42.27409,0.0],[-71.14065,42.27406,0.0],[-71.14087,42.27397,0.0],[-71.14079,42.27416,0.0],[-71.14075,42.27435,0.0],[-71.14069,42.2747,0.0],[-71.14065,42.27519,0.0],[-71.14031,42.27544,0.0],[-71.14027,42.27548,0.0],[-71.14001,42.27572,0.0],[-71.13962,42.27608,0.0],[-71.13914,42.27649,0.0],[-71.13865,42.27691,0.0],[-71.13832,42.27718,0.0],[-71.13817,42.27732,0.0],[-71.13773,42.2777,0.0],[-71.13715,42.27819,0.0],[-71.137,42.27833,0.0],[-71.13642,42.27792,0.0],[-71.1359,42.2776,0.0],[-71.13571,42.27748,0.0],[-71.13535,42.27727,0.0],[-71.13479,42.27691,0.0]]]]}},{"type":"Feature","properties":{"uesi_id":"USA_R2315704","nbhd_code":"USA_R2315704_55","nbhd_name":"14000US25025010701"},"geometry":{"type":"MultiPolygon","coordinates":[[[[-71.07951,42.34952,0.0],[-71.0806,42.34925,0.0],[-71.08142,42.34903,0.0],[-71.08186,42.3489,0.0],[-71.08215,42.34881,0.0],[-71.0838,42.34838,0.0],[-71.08531,42.34797,0.0],[-71.0856,42.34789,0.0],[-71.08638,42.34769,0.0],[-71.08673,42.3476,0.0],[-71.08686,42.34756,0.0],[-71.08708,42.3475,0.0],[-71.08723,42.34746,0.0],[-71.08735,42.34742,0.0],[-71.08776,42.34731,0.0],[-71.08784,42.34747,0.0],[-71.08789,42.34757,0.0],[-71.08796,42.3477,0.0],[-71.08819,42.34814,0.0],[-71.08835,42.34848,0.0],[-71.08846,42.34876,0.0],[-71.08857,42.34897,0.0],[-71.08862,42.34908,0.0],[-71.08865,42.34914,0.0],[-71.08873,42.3493,0.0],[-71.08842,42.34934,0.0],[-71.08727,42.34964,0.0],[-71.08696,42.34972,0.0],[-71.08624,42.34992,0.0],[-71.08472,42.35035,0.0],[-71.08493,42.35076,0.0],[-71.08513,42.35115,0.0],[-71.08317,42.35166,0.0],[-71.08086,42.35228,0.0],[-71.08065,42.35186,0.0],[-71.08047,42.3515,0.0],[-71.08028,42.35109,0.0],[-71.08008,42.35072,0.0],[-71.07986,42.35031,0.0],[-71.07968,42.34992,0.0],[-71.07962,42.34979,0.0],[-71.07951,42.34952,0.0]]]]}},{"type":"Feature","properties":{"uesi_id":"USA_R2315704","nbhd_code":"USA_R2315704_56","nbhd_name":"14000US25025010408"},"geometry":{"type":"MultiPolygon","coordinates":[[[[-71.09649,42.34185,0.0],[-71.09661,42.34206,0.0],[-71.0968,42.34244,0.0],[-71.09702,42.34287,0.0],[-71.09713,42.34309,0.0],[-71.09722,42.34329,0.0],[-71.09741,42.3437,0.0],[-71.09651,42.34395,0.0],[-71.09574,42.34415,0.0],[-71.09493,42.34439,0.0],[-71.09484,42.34442,0.0],[-71.09477,42.34445,0.0],[-71.09464,42.34456,0.0],[-71.0947,42.34425,0.0],[-71.0947,42.34405,0.0],[-71.09468,42.34381,0.0],[-71.09461,42.34352,0.0],[-71.09458,42.34314,0.0],[-71.09458,42.3431,0.0],[-71.09461,42.34295,0.0],[-71.09469,42.34276,0.0],[-71.09484,42.34257,0.0],[-71.09507,42.34236,0.0],[-71.09531,42.34223,0.0],[-71.09549,42.34214,0.0],[-71.09563,42.34209,0.0],[-71.0959,42.34202,0.0],[-71.09649,42.34185,0.0]]]]}},{"type":"Feature","properties":{"uesi_id":"USA_R2315704","nbhd_code":"USA_R2315704_57","nbhd_name":"14000US25025000503"},"geometry":{"type":"MultiPolygon","coordinates":[[[[-71.14984,42.33767,0.0],[-71.15066,42.3375,0.0],[-71.15162,42.33731,0.0],[-71.1522,42.33718,0.0],[-71.15291,42.33781,0.0],[-71.15319,42.33805,0.0],[-71.15337,42.33819,0.0],[-71.15308,42.33834,0.0],[-71.15296,42.33843,0.0],[-71.15282,42.33855,0.0],[-71.15274,42.33865,0.0],[-71.15269,42.33872,0.0],[-71.15259,42.3389,0.0],[-71.15241,42.33926,0.0],[-71.15227,42.33948,0.0],[-71.15212,42.3397,0.0],[-71.15194,42.33991,0.0],[-71.15182,42.34003,0.0],[-71.15162,42.34022,0.0],[-71.15138,42.34043,0.0],[-71.15131,42.34049,0.0],[-71.15115,42.34061,0.0],[-71.15092,42.34077,0.0],[-71.15049,42.34106,0.0],[-71.1504,42.34123,0.0],[-71.15027,42.34133,0.0],[-71.14997,42.34147,0.0],[-71.14966,42.34159,0.0],[-71.1493,42.3417,0.0],[-71.14884,42.34179,0.0],[-71.14863,42.34182,0.0],[-71.14807,42.34184,0.0],[-71.14763,42.34181,0.0],[-71.14731,42.34179,0.0],[-71.14701,42.34179,0.0],[-71.14674,42.3418,0.0],[-71.14646,42.34182,0.0],[-71.14612,42.34187,0.0],[-71.14592,42.34191,0.0],[-71.14587,42.34178,0.0],[-71.1458,42.34159,0.0],[-71.14633,42.34148,0.0],[-71.14652,42.34147,0.0],[-71.14682,42.34145,0.0],[-71.14686,42.34138,0.0],[-71.14689,42.34133,0.0],[-71.14698,42.3412,0.0],[-71.14733,42.34085,0.0],[-71.14757,42.34062,0.0],[-71.14808,42.34018,0.0],[-71.14838,42.33991,0.0],[-71.1487,42.33955,0.0],[-71.14885,42.33937,0.0],[-71.14929,42.33864,0.0],[-71.14947,42.33829,0.0],[-71.14966,42.33799,0.0],[-71.14984,42.33767,0.0]]]]}},{"type":"Feature","properties":{"uesi_id":"USA_R2315704","nbhd_code":"USA_R2315704_58","nbhd_name":"14000US25025030200"},"geometry":{"type":"MultiPolygon","coordinates":[[[[-71.05593,42.36557,0.0],[-71.05575,42.36548,0.0],[-71.05541,42.36528,0.0],[-71.05542,42.36518,0.0],[-71.05542,42.36505,0.0],[-71.05544,42.36475,0.0],[-71.05545,42.36459,0.0],[-71.05546,42.36447,0.0],[-71.05547,42.36442,0.0],[-71.05551,42.36418,0.0],[-71.05568,42.36388,0.0],[-71.05577,42.36372,0.0],[-71.0559,42.36353,0.0],[-71.05609,42.36326,0.0],[-71.05618,42.36314,0.0],[-71.05629,42.36301,0.0],[-71.0557,42.36266,0.0],[-71.05577,42.36262,0.0],[-71.05604,42.36245,0.0],[-71.05618,42.36237,0.0],[-71.05623,42.36239,0.0],[-71.05705,42.363,0.0],[-71.05733,42.36319,0.0],[-71.05757,42.36343,0.0],[-71.05771,42.36355,0.0],[-71.0579,42.36372,0.0],[-71.05812,42.36399,0.0],[-71.05819,42.36406,0.0],[-71.0582,42.36412,0.0],[-71.05827,42.36433,0.0],[-71.05829,42.36439,0.0],[-71.0583,42.36457,0.0],[-71.05838,42.36527,0.0],[-71.05841,42.36556,0.0],[-71.05844,42.36595,0.0],[-71.05846,42.36616,0.0],[-71.05848,42.36675,0.0],[-71.05853,42.36696,0.0],[-71.05835,42.36682,0.0],[-71.05796,42.36645,0.0],[-71.05779,42.36624,0.0],[-71.0576,42.36603,0.0],[-71.05751,42.36592,0.0],[-71.05748,42.36586,0.0],[-71.05741,42.36535,0.0],[-71.05685,42.36537,0.0],[-71.0567,42.36543,0.0],[-71.05651,42.36559,0.0],[-71.05627,42.36575,0.0],[-71.05593,42.36557,0.0]]]]}},{"type":"Feature","properties":{"uesi_id":"USA_R2315704","nbhd_code":"USA_R2315704_59","nbhd_name":"14000US25025030100"},"geometry":{"type":"MultiPolygon","coordinates":[[[[-71.05393,42.36697,0.0],[-71.05425,42.36711,0.0],[-71.05473,42.36641,0.0],[-71.05485,42.36621,0.0],[-71.05494,42.36606,0.0],[-71.05543,42.36625,0.0],[-71.05563,42.36596,0.0],[-71.05593,42.36557,0.0],[-71.05627,42.36575,0.0],[-71.05651,42.36559,0.0],[-71.0567,42.36543,0.0],[-71.05685,42.36537,0.0],[-71.05741,42.36535,0.0],[-71.05748,42.36586,0.0],[-71.05751,42.36592,0.0],[-71.0576,42.36603,0.0],[-71.05779,42.36624,0.0],[-71.05796,42.36645,0.0],[-71.05835,42.36682,0.0],[-71.05853,42.36696,0.0],[-71.05804,42.36729,0.0],[-71.05756,42.36766,0.0],[-71.05732,42.36781,0.0],[-71.05688,42.36808,0.0],[-71.05669,42.36819,0.0],[-71.05663,42.36823,0.0],[-71.05651,42.36827,0.0],[-71.05637,42.3683,0.0],[-71.05619,42.3683,0.0],[-71.05609,42.36829,0.0],[-71.05578,42.36821,0.0],[-71.05495,42.36799,0.0],[-71.05476,42.36795,0.0],[-71.05443,42.36788,0.0],[-71.05404,42.36773,0.0],[-71.05397,42.36771,0.0],[-71.05379,42.36765,0.0],[-71.05347,42.36755,0.0],[-71.0534,42.36753,0.0],[-71.05393,42.36697,0.0]]]]}},{"type":"Feature","properties":{"uesi_id":"USA_R2315704","nbhd_code":"USA_R2315704_60","nbhd_name":"14000US25025020200"},"geometry":{"type":"MultiPolygon","coordinates":[[[[-71.06516,42.36121,0.0],[-71.06513,42.36081,0.0],[-71.06508,42.36008,0.0],[-71.06507,42.35995,0.0],[-71.06505,42.35938,0.0],[-71.06593,42.35937,0.0],[-71.06631,42.35936,0.0],[-71.06682,42.35936,0.0],[-71.06733,42.35935,0.0],[-71.06769,42.35932,0.0],[-71.06798,42.35931,0.0],[-71.06819,42.35933,0.0],[-71.06836,42.35935,0.0],[-71.06858,42.35935,0.0],[-71.06863,42.35958,0.0],[-71.06905,42.35956,0.0],[-71.06933,42.35955,0.0],[-71.06969,42.35954,0.0],[-71.07015,42.35952,0.0],[-71.07079,42.35951,0.0],[-71.07207,42.35946,0.0],[-71.07204,42.35973,0.0],[-71.07205,42.35997,0.0],[-71.07205,42.36005,0.0],[-71.07206,42.36015,0.0],[-71.07209,42.36026,0.0],[-71.07216,42.36042,0.0],[-71.07227,42.36061,0.0],[-71.07233,42.36077,0.0],[-71.07236,42.36089,0.0],[-71.07237,42.36101,0.0],[-71.07237,42.36115,0.0],[-71.07236,42.36122,0.0],[-71.07235,42.36135,0.0],[-71.07235,42.36138,0.0],[-71.07202,42.36137,0.0],[-71.07165,42.36135,0.0],[-71.07115,42.36134,0.0],[-71.07091,42.36134,0.0],[-71.07057,42.36133,0.0],[-71.07047,42.36132,0.0],[-71.07033,42.36129,0.0],[-71.07009,42.36121,0.0],[-71.06994,42.36118,0.0],[-71.06976,42.36117,0.0],[-71.06942,42.36118,0.0],[-71.06912,42.36118,0.0],[-71.06874,42.36119,0.0],[-71.06785,42.36121,0.0],[-71.06692,42.3612,0.0],[-71.06638,42.36121,0.0],[-71.06599,42.3612,0.0],[-71.06516,42.36121,0.0]]]]}},{"type":"Feature","properties":{"uesi_id":"USA_R2315704","nbhd_code":"USA_R2315704_61","nbhd_name":"14000US25025010600"},"geometry":{"type":"MultiPolygon","coordinates":[[[[-71.072,42.34903,0.0],[-71.07227,42.34896,0.0],[-71.07282,42.3488,0.0],[-71.07358,42.34859,0.0],[-71.07411,42.34845,0.0],[-71.0751,42.34817,0.0],[-71.07513,42.34816,0.0],[-71.07516,42.34817,0.0],[-71.07521,42.34821,0.0],[-71.07539,42.34858,0.0],[-71.07645,42.3483,0.0],[-71.07626,42.34791,0.0],[-71.07619,42.34777,0.0],[-71.0761,42.34758,0.0],[-71.07598,42.34735,0.0],[-71.07777,42.34605,0.0],[-71.07809,42.34583,0.0],[-71.07875,42.34529,0.0],[-71.07939,42.34477,0.0],[-71.07947,42.34472,0.0],[-71.08008,42.34423,0.0],[-71.08015,42.34427,0.0],[-71.08023,42.34433,0.0],[-71.08034,42.34441,0.0],[-71.08086,42.34476,0.0],[-71.08091,42.3448,0.0],[-71.0813,42.34506,0.0],[-71.08171,42.34535,0.0],[-71.08178,42.34539,0.0],[-71.08182,42.34542,0.0],[-71.08204,42.34557,0.0],[-71.08224,42.3457,0.0],[-71.08238,42.34574,0.0],[-71.08255,42.34579,0.0],[-71.08276,42.34583,0.0],[-71.08298,42.34585,0.0],[-71.08341,42.3459,0.0],[-71.08383,42.34595,0.0],[-71.08441,42.34605,0.0],[-71.08463,42.3461,0.0],[-71.08474,42.3462,0.0],[-71.08479,42.34628,0.0],[-71.0848,42.34631,0.0],[-71.08491,42.34649,0.0],[-71.08503,42.34675,0.0],[-71.08527,42.34718,0.0],[-71.08543,42.3475,0.0],[-71.08548,42.34758,0.0],[-71.08553,42.34771,0.0],[-71.0856,42.34789,0.0],[-71.08531,42.34797,0.0],[-71.0838,42.34838,0.0],[-71.08215,42.34881,0.0],[-71.08186,42.3489,0.0],[-71.08142,42.34903,0.0],[-71.0806,42.34925,0.0],[-71.07951,42.34952,0.0],[-71.07737,42.35008,0.0],[-71.07706,42.34947,0.0],[-71.07693,42.34929,0.0],[-71.07682,42.34935,0.0],[-71.07668,42.3494,0.0],[-71.07657,42.34944,0.0],[-71.07641,42.34949,0.0],[-71.07587,42.34962,0.0],[-71.07479,42.34987,0.0],[-71.07266,42.35042,0.0],[-71.07225,42.34954,0.0],[-71.072,42.34903,0.0]]]]}},{"type":"Feature","properties":{"uesi_id":"USA_R2315704","nbhd_code":"USA_R2315704_62","nbhd_name":"14000US25025010500"},"geometry":{"type":"MultiPolygon","coordinates":[[[[-71.08008,42.34441,0.0],[-71.08045,42.34415,0.0],[-71.08078,42.34393,0.0],[-71.08142,42.34338,0.0],[-71.08205,42.34286,0.0],[-71.08273,42.34232,0.0],[-71.08335,42.34188,0.0],[-71.0841,42.34238,0.0],[-71.08486,42.34289,0.0],[-71.0849,42.34292,0.0],[-71.08496,42.34296,0.0],[-71.08505,42.34301,0.0],[-71.0858,42.34352,0.0],[-71.08585,42.34358,0.0],[-71.08591,42.34367,0.0],[-71.08655,42.34505,0.0],[-71.0866,42.34514,0.0],[-71.08677,42.34546,0.0],[-71.08683,42.34561,0.0],[-71.08708,42.34611,0.0],[-71.08737,42.34667,0.0],[-71.08745,42.34682,0.0],[-71.08759,42.34711,0.0],[-71.08776,42.34749,0.0],[-71.08735,42.3476,0.0],[-71.08723,42.34764,0.0],[-71.08708,42.34768,0.0],[-71.08685,42.34774,0.0],[-71.08673,42.34778,0.0],[-71.08638,42.34787,0.0],[-71.0856,42.34807,0.0],[-71.08553,42.34789,0.0],[-71.08548,42.34776,0.0],[-71.08543,42.34768,0.0],[-71.08526,42.34736,0.0],[-71.08503,42.34693,0.0],[-71.08491,42.34667,0.0],[-71.0848,42.34649,0.0],[-71.08479,42.34646,0.0],[-71.08474,42.34638,0.0],[-71.08463,42.34628,0.0],[-71.08441,42.34623,0.0],[-71.08383,42.34613,0.0],[-71.08341,42.34608,0.0],[-71.08298,42.34603,0.0],[-71.08276,42.34601,0.0],[-71.08255,42.34597,0.0],[-71.08238,42.34592,0.0],[-71.08224,42.34588,0.0],[-71.08204,42.34575,0.0],[-71.08182,42.3456,0.0],[-71.08177,42.34557,0.0],[-71.08171,42.34553,0.0],[-71.0813,42.34524,0.0],[-71.08091,42.34498,0.0],[-71.08086,42.34494,0.0],[-71.08034,42.34459,0.0],[-71.08022,42.34451,0.0],[-71.08015,42.34445,0.0],[-71.08008,42.34441,0.0]]]]}},{"type":"Feature","properties":{"uesi_id":"USA_R2315704","nbhd_code":"USA_R2315704_63","nbhd_name":"14000US25025010300"},"geometry":{"type":"MultiPolygon","coordinates":[[[[-71.09321,42.34095,0.0],[-71.09326,42.34086,0.0],[-71.09327,42.34077,0.0],[-71.09325,42.34069,0.0],[-71.09321,42.34062,0.0],[-71.09278,42.34003,0.0],[-71.09246,42.3396,0.0],[-71.09227,42.33912,0.0],[-71.09246,42.33904,0.0],[-71.09272,42.33894,0.0],[-71.09327,42.33873,0.0],[-71.09475,42.33813,0.0],[-71.09482,42.3381,0.0],[-71.09575,42.33774,0.0],[-71.09683,42.33732,0.0],[-71.09695,42.33727,0.0],[-71.09725,42.33714,0.0],[-71.09761,42.337,0.0],[-71.09813,42.33679,0.0],[-71.09888,42.3365,0.0],[-71.09956,42.33626,0.0],[-71.10031,42.33595,0.0],[-71.10094,42.33618,0.0],[-71.10163,42.33643,0.0],[-71.10203,42.33658,0.0],[-71.1031,42.33699,0.0],[-71.1034,42.33712,0.0],[-71.10391,42.33732,0.0],[-71.10442,42.3375,0.0],[-71.10455,42.33755,0.0],[-71.10514,42.33778,0.0],[-71.10539,42.33787,0.0],[-71.10559,42.33796,0.0],[-71.10607,42.33824,0.0],[-71.10729,42.33894,0.0],[-71.10828,42.3395,0.0],[-71.10849,42.33963,0.0],[-71.10899,42.33993,0.0],[-71.10904,42.33996,0.0],[-71.10925,42.34007,0.0],[-71.10936,42.34013,0.0],[-71.10947,42.3402,0.0],[-71.10962,42.34025,0.0],[-71.10989,42.3403,0.0],[-71.11,42.34033,0.0],[-71.10963,42.34073,0.0],[-71.10947,42.34085,0.0],[-71.10929,42.34094,0.0],[-71.10908,42.34102,0.0],[-71.10832,42.34118,0.0],[-71.10822,42.3412,0.0],[-71.1078,42.34134,0.0],[-71.10757,42.34143,0.0],[-71.10726,42.34157,0.0],[-71.10708,42.34166,0.0],[-71.10691,42.34178,0.0],[-71.10677,42.3419,0.0],[-71.10656,42.34212,0.0],[-71.10633,42.34241,0.0],[-71.10616,42.34265,0.0],[-71.10605,42.34279,0.0],[-71.10592,42.34294,0.0],[-71.10575,42.34308,0.0],[-71.10553,42.34325,0.0],[-71.10546,42.34327,0.0],[-71.10536,42.3433,0.0],[-71.10513,42.34333,0.0],[-71.10493,42.34336,0.0],[-71.10472,42.34338,0.0],[-71.1045,42.34338,0.0],[-71.10436,42.34337,0.0],[-71.10417,42.34333,0.0],[-71.10379,42.34315,0.0],[-71.10328,42.34275,0.0],[-71.10295,42.34244,0.0],[-71.1017,42.34117,0.0],[-71.10156,42.34105,0.0],[-71.10105,42.34058,0.0],[-71.10082,42.34038,0.0],[-71.1006,42.34021,0.0],[-71.10024,42.33991,0.0],[-71.0998,42.33959,0.0],[-71.09954,42.33941,0.0],[-71.09899,42.3391,0.0],[-71.09867,42.33895,0.0],[-71.09838,42.33883,0.0],[-71.09824,42.33878,0.0],[-71.09793,42.33872,0.0],[-71.09774,42.33871,0.0],[-71.09754,42.33871,0.0],[-71.09729,42.33879,0.0],[-71.09708,42.3389,0.0],[-71.09689,42.33903,0.0],[-71.09667,42.33927,0.0],[-71.09632,42.33975,0.0],[-71.09619,42.33986,0.0],[-71.09599,42.33998,0.0],[-71.09568,42.34015,0.0],[-71.0949,42.34046,0.0],[-71.09447,42.34062,0.0],[-71.09394,42.34077,0.0],[-71.09363,42.34084,0.0],[-71.09321,42.34095,0.0]]]]}},{"type":"Feature","properties":{"uesi_id":"USA_R2315704","nbhd_code":"USA_R2315704_64","nbhd_name":"14000US25025000802"},"geometry":{"type":"MultiPolygon","coordinates":[[[[-71.12126,42.35188,0.0],[-71.1222,42.352,0.0],[-71.12281,42.35207,0.0],[-71.1232,42.35212,0.0],[-71.1238,42.3522,0.0],[-71.12406,42.35223,0.0],[-71.12424,42.35225,0.0],[-71.12441,42.35224,0.0],[-71.12458,42.35223,0.0],[-71.12486,42.35224,0.0],[-71.12502,42.35224,0.0],[-71.1252,42.35225,0.0],[-71.12591,42.35233,0.0],[-71.1269,42.35244,0.0],[-71.12692,42.35244,0.0],[-71.12771,42.35254,0.0],[-71.12834,42.35261,0.0],[-71.12939,42.35274,0.0],[-71.12951,42.35276,0.0],[-71.13017,42.35284,0.0],[-71.13128,42.35296,0.0],[-71.13211,42.35307,0.0],[-71.13312,42.35318,0.0],[-71.13318,42.35319,0.0],[-71.134,42.35329,0.0],[-71.13456,42.35336,0.0],[-71.13539,42.35346,0.0],[-71.1355,42.35347,0.0],[-71.1358,42.35351,0.0],[-71.13683,42.35358,0.0],[-71.13693,42.35358,0.0],[-71.13745,42.3536,0.0],[-71.13763,42.35362,0.0],[-71.13809,42.35368,0.0],[-71.13907,42.3538,0.0],[-71.13882,42.35456,0.0],[-71.13863,42.35507,0.0],[-71.13861,42.35518,0.0],[-71.13861,42.35527,0.0],[-71.13862,42.35535,0.0],[-71.13863,42.35545,0.0],[-71.1386,42.35567,0.0],[-71.1385,42.35606,0.0],[-71.13842,42.35632,0.0],[-71.13836,42.35657,0.0],[-71.13835,42.35662,0.0],[-71.13833,42.35676,0.0],[-71.13831,42.3568,0.0],[-71.1382,42.35709,0.0],[-71.1382,42.3571,0.0],[-71.13819,42.35714,0.0],[-71.13814,42.35729,0.0],[-71.13808,42.35743,0.0],[-71.13798,42.35762,0.0],[-71.13784,42.35789,0.0],[-71.13759,42.35834,0.0],[-71.13747,42.35859,0.0],[-71.13737,42.35877,0.0],[-71.13729,42.35887,0.0],[-71.13717,42.35897,0.0],[-71.1371,42.35906,0.0],[-71.13696,42.35932,0.0],[-71.13644,42.35924,0.0],[-71.13616,42.35918,0.0],[-71.13589,42.35911,0.0],[-71.13516,42.35896,0.0],[-71.1337,42.35867,0.0],[-71.1333,42.35859,0.0],[-71.13308,42.35856,0.0],[-71.13248,42.35858,0.0],[-71.13224,42.35859,0.0],[-71.13217,42.35861,0.0],[-71.13204,42.35865,0.0],[-71.13184,42.35874,0.0],[-71.13162,42.35881,0.0],[-71.13149,42.3586,0.0],[-71.13127,42.35873,0.0],[-71.13099,42.35893,0.0],[-71.13083,42.35903,0.0],[-71.13055,42.35922,0.0],[-71.13036,42.3593,0.0],[-71.12978,42.35957,0.0],[-71.12952,42.35972,0.0],[-71.12926,42.35989,0.0],[-71.12906,42.36009,0.0],[-71.12897,42.36022,0.0],[-71.12888,42.36038,0.0],[-71.12929,42.36071,0.0],[-71.12941,42.36079,0.0],[-71.12977,42.36108,0.0],[-71.1301,42.3614,0.0],[-71.13028,42.36162,0.0],[-71.13036,42.36178,0.0],[-71.13042,42.36197,0.0],[-71.13041,42.36213,0.0],[-71.13036,42.36236,0.0],[-71.1303,42.36252,0.0],[-71.13022,42.3627,0.0],[-71.13009,42.36288,0.0],[-71.12995,42.36304,0.0],[-71.12976,42.36321,0.0],[-71.12877,42.36329,0.0],[-71.12802,42.36335,0.0],[-71.12656,42.36346,0.0],[-71.12615,42.3635,0.0],[-71.12545,42.36356,0.0],[-71.12502,42.36359,0.0],[-71.12474,42.36362,0.0],[-71.12332,42.36375,0.0],[-71.12304,42.36376,0.0],[-71.12299,42.36361,0.0],[-71.12296,42.36348,0.0],[-71.12296,42.36346,0.0],[-71.12293,42.36327,0.0],[-71.12288,42.36306,0.0],[-71.12301,42.36308,0.0],[-71.12315,42.3631,0.0],[-71.12341,42.36313,0.0],[-71.12361,42.36312,0.0],[-71.12385,42.36308,0.0],[-71.12407,42.36302,0.0],[-71.12423,42.36295,0.0],[-71.12441,42.36284,0.0],[-71.12456,42.36268,0.0],[-71.12463,42.36257,0.0],[-71.12468,42.36247,0.0],[-71.12475,42.36224,0.0],[-71.12483,42.36193,0.0],[-71.1249,42.36161,0.0],[-71.12493,42.36144,0.0],[-71.12491,42.36134,0.0],[-71.12483,42.36119,0.0],[-71.12458,42.36089,0.0],[-71.12447,42.36076,0.0],[-71.12383,42.35993,0.0],[-71.12371,42.35975,0.0],[-71.12346,42.35944,0.0],[-71.12336,42.35928,0.0],[-71.12325,42.3591,0.0],[-71.12318,42.35901,0.0],[-71.12332,42.35894,0.0],[-71.12376,42.35877,0.0],[-71.12386,42.35873,0.0],[-71.12487,42.35837,0.0],[-71.12578,42.35807,0.0],[-71.12642,42.35786,0.0],[-71.12653,42.35783,0.0],[-71.12706,42.35763,0.0],[-71.12803,42.35727,0.0],[-71.12952,42.35673,0.0],[-71.12972,42.35666,0.0],[-71.13023,42.35649,0.0],[-71.13074,42.35637,0.0],[-71.1308,42.35634,0.0],[-71.13128,42.35617,0.0],[-71.1314,42.35611,0.0],[-71.13119,42.3561,0.0],[-71.13027,42.35597,0.0],[-71.12991,42.35593,0.0],[-71.12841,42.35571,0.0],[-71.12727,42.35556,0.0],[-71.12616,42.3554,0.0],[-71.12478,42.3552,0.0],[-71.12285,42.35493,0.0],[-71.12164,42.35475,0.0],[-71.12073,42.35462,0.0],[-71.12069,42.35449,0.0],[-71.12083,42.35383,0.0],[-71.12099,42.35311,0.0],[-71.12104,42.3529,0.0],[-71.12111,42.35254,0.0],[-71.12126,42.35188,0.0]]]]}},{"type":"Feature","properties":{"uesi_id":"USA_R2315704","nbhd_code":"USA_R2315704_65","nbhd_name":"14000US25025000701"},"geometry":{"type":"MultiPolygon","coordinates":[[[[-71.13425,42.34659,0.0],[-71.13516,42.34603,0.0],[-71.13528,42.34595,0.0],[-71.13599,42.34537,0.0],[-71.13676,42.34475,0.0],[-71.13711,42.34447,0.0],[-71.13736,42.34427,0.0],[-71.13782,42.34388,0.0],[-71.13825,42.34413,0.0],[-71.13839,42.34423,0.0],[-71.13905,42.34462,0.0],[-71.13955,42.34495,0.0],[-71.1398,42.3451,0.0],[-71.14017,42.34533,0.0],[-71.14052,42.34553,0.0],[-71.14075,42.34564,0.0],[-71.1412,42.34584,0.0],[-71.14124,42.34586,0.0],[-71.14145,42.34594,0.0],[-71.1417,42.34603,0.0],[-71.14152,42.3463,0.0],[-71.1413,42.3467,0.0],[-71.14117,42.34697,0.0],[-71.14108,42.34719,0.0],[-71.14098,42.34749,0.0],[-71.14091,42.34773,0.0],[-71.14087,42.34789,0.0],[-71.14081,42.34809,0.0],[-71.14075,42.34826,0.0],[-71.14067,42.34839,0.0],[-71.14057,42.34851,0.0],[-71.14046,42.34862,0.0],[-71.14037,42.34869,0.0],[-71.14022,42.34878,0.0],[-71.14004,42.34887,0.0],[-71.13988,42.34894,0.0],[-71.13981,42.34897,0.0],[-71.13963,42.34901,0.0],[-71.13927,42.34905,0.0],[-71.13908,42.34906,0.0],[-71.1389,42.34904,0.0],[-71.13858,42.34898,0.0],[-71.13841,42.34893,0.0],[-71.13827,42.34889,0.0],[-71.13758,42.34866,0.0],[-71.13738,42.34899,0.0],[-71.13719,42.34927,0.0],[-71.13689,42.34971,0.0],[-71.13654,42.3502,0.0],[-71.13638,42.3504,0.0],[-71.13618,42.35022,0.0],[-71.1359,42.35007,0.0],[-71.13569,42.35,0.0],[-71.13573,42.34985,0.0],[-71.13577,42.34973,0.0],[-71.13583,42.34958,0.0],[-71.13585,42.34946,0.0],[-71.13585,42.34939,0.0],[-71.13584,42.34928,0.0],[-71.1358,42.34918,0.0],[-71.13572,42.34905,0.0],[-71.13551,42.34878,0.0],[-71.13524,42.3485,0.0],[-71.13521,42.34843,0.0],[-71.13517,42.34837,0.0],[-71.13513,42.3483,0.0],[-71.13504,42.34817,0.0],[-71.13538,42.34806,0.0],[-71.13557,42.34801,0.0],[-71.13576,42.34798,0.0],[-71.13596,42.34797,0.0],[-71.13556,42.3476,0.0],[-71.13467,42.34686,0.0],[-71.13455,42.34674,0.0],[-71.13425,42.34659,0.0]]]]}},{"type":"Feature","properties":{"uesi_id":"USA_R2315704","nbhd_code":"USA_R2315704_66","nbhd_name":"14000US25025981201"},"geometry":{"type":"MultiPolygon","coordinates":[[[[-71.01828,42.33881,0.0],[-71.01841,42.33844,0.0],[-71.01888,42.33845,0.0],[-71.01917,42.33843,0.0],[-71.01971,42.33834,0.0],[-71.02067,42.33807,0.0],[-71.02096,42.33797,0.0],[-71.02152,42.33771,0.0],[-71.02179,42.33755,0.0],[-71.02203,42.33738,0.0],[-71.02274,42.3367,0.0],[-71.02291,42.33648,0.0],[-71.023,42.3363,0.0],[-71.02303,42.33623,0.0],[-71.02316,42.33577,0.0],[-71.02321,42.3355,0.0],[-71.0232,42.33503,0.0],[-71.02317,42.33481,0.0],[-71.02309,42.33455,0.0],[-71.02303,42.33446,0.0],[-71.02237,42.33361,0.0],[-71.0222,42.33344,0.0],[-71.02197,42.33323,0.0],[-71.02096,42.33263,0.0],[-71.01983,42.33201,0.0],[-71.0188,42.33155,0.0],[-71.01809,42.3313,0.0],[-71.01687,42.331,0.0],[-71.0164,42.33094,0.0],[-71.01591,42.33091,0.0],[-71.01573,42.33089,0.0],[-71.0156,42.33099,0.0],[-71.01547,42.33099,0.0],[-71.01537,42.33097,0.0],[-71.0152,42.33098,0.0],[-71.01487,42.33131,0.0],[-71.0147,42.33134,0.0],[-71.0147,42.33121,0.0],[-71.01502,42.33084,0.0],[-71.01491,42.33067,0.0],[-71.01496,42.33061,0.0],[-71.01513,42.33053,0.0],[-71.0154,42.33048,0.0],[-71.01557,42.3305,0.0],[-71.01576,42.3306,0.0],[-71.01678,42.33071,0.0],[-71.01793,42.33095,0.0],[-71.01885,42.33125,0.0],[-71.01993,42.33172,0.0],[-71.02004,42.33176,0.0],[-71.02098,42.33232,0.0],[-71.02179,42.33229,0.0],[-71.02206,42.33233,0.0],[-71.02268,42.33247,0.0],[-71.02353,42.33274,0.0],[-71.024,42.33285,0.0],[-71.02437,42.33285,0.0],[-71.02464,42.3328,0.0],[-71.02473,42.33275,0.0],[-71.02473,42.33265,0.0],[-71.02476,42.33261,0.0],[-71.02501,42.33255,0.0],[-71.02521,42.33251,0.0],[-71.02524,42.33253,0.0],[-71.02531,42.33267,0.0],[-71.02581,42.33255,0.0],[-71.02606,42.33232,0.0],[-71.02626,42.3322,0.0],[-71.02677,42.33201,0.0],[-71.02715,42.3319,0.0],[-71.02774,42.33167,0.0],[-71.02844,42.33142,0.0],[-71.02885,42.33122,0.0],[-71.02908,42.33114,0.0],[-71.02924,42.33114,0.0],[-71.02933,42.33118,0.0],[-71.02938,42.33118,0.0],[-71.02942,42.33118,0.0],[-71.02964,42.33109,0.0],[-71.03044,42.33063,0.0],[-71.03114,42.33012,0.0],[-71.03191,42.32975,0.0],[-71.03227,42.32954,0.0],[-71.03265,42.32928,0.0],[-71.03292,42.32915,0.0],[-71.03315,42.32915,0.0],[-71.03341,42.32914,0.0],[-71.03389,42.32895,0.0],[-71.03409,42.32895,0.0],[-71.03433,42.32891,0.0],[-71.03484,42.32877,0.0],[-71.03517,42.3287,0.0],[-71.03534,42.32867,0.0],[-71.0358,42.32854,0.0],[-71.03597,42.3285,0.0],[-71.03623,42.32849,0.0],[-71.03625,42.32851,0.0],[-71.03623,42.32866,0.0],[-71.03637,42.32872,0.0],[-71.0372,42.32891,0.0],[-71.03736,42.32894,0.0],[-71.03748,42.329,0.0],[-71.03806,42.32925,0.0],[-71.03814,42.3293,0.0],[-71.03868,42.32949,0.0],[-71.03925,42.3296,0.0],[-71.03988,42.32964,0.0],[-71.04051,42.32968,0.0],[-71.04227,42.3297,0.0],[-71.04306,42.32967,0.0],[-71.04367,42.32958,0.0],[-71.04411,42.32946,0.0],[-71.04448,42.32935,0.0],[-71.04469,42.32929,0.0],[-71.045,42.32925,0.0],[-71.04531,42.32915,0.0],[-71.04559,42.32905,0.0],[-71.04591,42.32888,0.0],[-71.04627,42.32863,0.0],[-71.04652,42.32841,0.0],[-71.04672,42.32821,0.0],[-71.0469,42.32797,0.0],[-71.04709,42.3277,0.0],[-71.04738,42.32719,0.0],[-71.04746,42.32707,0.0],[-71.04759,42.32675,0.0],[-71.04777,42.32609,0.0],[-71.04785,42.32563,0.0],[-71.04786,42.32483,0.0],[-71.04776,42.32455,0.0],[-71.04773,42.3243,0.0],[-71.0476,42.32383,0.0],[-71.04751,42.32371,0.0],[-71.0474,42.32362,0.0],[-71.04712,42.3235,0.0],[-71.0468,42.32344,0.0],[-71.04632,42.32343,0.0],[-71.04623,42.32329,0.0],[-71.04775,42.32258,0.0],[-71.04895,42.3235,0.0],[-71.04896,42.32344,0.0],[-71.04905,42.32313,0.0],[-71.0492,42.32286,0.0],[-71.04941,42.32259,0.0],[-71.04956,42.32244,0.0],[-71.04983,42.32223,0.0],[-71.05009,42.32208,0.0],[-71.05024,42.32203,0.0],[-71.05031,42.32178,0.0],[-71.05031,42.32152,0.0],[-71.05023,42.32121,0.0],[-71.05021,42.32116,0.0],[-71.05023,42.32104,0.0],[-71.05024,42.32097,0.0],[-71.05031,42.3209,0.0],[-71.0504,42.32082,0.0],[-71.05047,42.3208,0.0],[-71.0506,42.32077,0.0],[-71.05079,42.32084,0.0],[-71.05093,42.32088,0.0],[-71.05104,42.32108,0.0],[-71.05113,42.3212,0.0],[-71.05125,42.32132,0.0],[-71.05137,42.32142,0.0],[-71.05151,42.32149,0.0],[-71.05158,42.32155,0.0],[-71.05164,42.32165,0.0],[-71.05165,42.32172,0.0],[-71.05175,42.32168,0.0],[-71.05199,42.32147,0.0],[-71.05204,42.32147,0.0],[-71.05209,42.32148,0.0],[-71.05212,42.32159,0.0],[-71.05231,42.32263,0.0],[-71.05239,42.32298,0.0],[-71.0524,42.32307,0.0],[-71.05242,42.32345,0.0],[-71.05244,42.32434,0.0],[-71.05247,42.32532,0.0],[-71.05249,42.32608,0.0],[-71.05253,42.32682,0.0],[-71.05257,42.32712,0.0],[-71.05259,42.32752,0.0],[-71.05262,42.32844,0.0],[-71.05262,42.32861,0.0],[-71.05265,42.32916,0.0],[-71.05264,42.32917,0.0],[-71.0525,42.32915,0.0],[-71.05247,42.32912,0.0],[-71.05235,42.32909,0.0],[-71.05223,42.32907,0.0],[-71.05212,42.32907,0.0],[-71.05202,42.3291,0.0],[-71.05193,42.32916,0.0],[-71.0516,42.32935,0.0],[-71.05152,42.32943,0.0],[-71.0513,42.32957,0.0],[-71.05107,42.32971,0.0],[-71.0509,42.32979,0.0],[-71.05061,42.3299,0.0],[-71.05048,42.32994,0.0],[-71.05022,42.33,0.0],[-71.0498,42.33005,0.0],[-71.04914,42.33009,0.0],[-71.04822,42.33011,0.0],[-71.04807,42.33011,0.0],[-71.04739,42.33014,0.0],[-71.04617,42.33017,0.0],[-71.04533,42.33019,0.0],[-71.0449,42.33019,0.0],[-71.04405,42.3302,0.0],[-71.04279,42.33023,0.0],[-71.04204,42.33025,0.0],[-71.04153,42.33024,0.0],[-71.0409,42.33022,0.0],[-71.04012,42.33014,0.0],[-71.03979,42.3301,0.0],[-71.03954,42.33006,0.0],[-71.03904,42.32997,0.0],[-71.03775,42.32965,0.0],[-71.03725,42.32953,0.0],[-71.03708,42.32949,0.0],[-71.03646,42.3294,0.0],[-71.03604,42.32936,0.0],[-71.03559,42.32934,0.0],[-71.03521,42.32936,0.0],[-71.03485,42.3294,0.0],[-71.03431,42.3295,0.0],[-71.03377,42.32966,0.0],[-71.03318,42.32985,0.0],[-71.03286,42.32996,0.0],[-71.03234,42.33016,0.0],[-71.03166,42.33043,0.0],[-71.03114,42.33066,0.0],[-71.03066,42.33089,0.0],[-71.02953,42.33144,0.0],[-71.0291,42.33163,0.0],[-71.02865,42.33183,0.0],[-71.02807,42.33207,0.0],[-71.02708,42.33242,0.0],[-71.02639,42.33263,0.0],[-71.02516,42.33293,0.0],[-71.025,42.33303,0.0],[-71.02501,42.33329,0.0],[-71.02503,42.3341,0.0],[-71.02505,42.33494,0.0],[-71.02507,42.33581,0.0],[-71.02509,42.33667,0.0],[-71.02511,42.33749,0.0],[-71.02513,42.33832,0.0],[-71.0249,42.33847,0.0],[-71.02455,42.33865,0.0],[-71.02444,42.33869,0.0],[-71.02429,42.33872,0.0],[-71.02413,42.33873,0.0],[-71.02398,42.33872,0.0],[-71.02384,42.3387,0.0],[-71.02372,42.33865,0.0],[-71.02245,42.3382,0.0],[-71.02225,42.3381,0.0],[-71.02207,42.33797,0.0],[-71.02195,42.33786,0.0],[-71.02179,42.33795,0.0],[-71.02149,42.33809,0.0],[-71.02105,42.33829,0.0],[-71.0205,42.33848,0.0],[-71.02009,42.33859,0.0],[-71.01967,42.33866,0.0],[-71.01931,42.33871,0.0],[-71.01869,42.33878,0.0],[-71.01828,42.33881,0.0]]],[[[-71.01426,42.33186,0.0],[-71.01411,42.3321,0.0],[-71.01386,42.3324,0.0],[-71.01365,42.33268,0.0],[-71.01342,42.33303,0.0],[-71.01318,42.33345,0.0],[-71.01316,42.33349,0.0],[-71.01298,42.33384,0.0],[-71.01282,42.33389,0.0],[-71.01278,42.33375,0.0],[-71.01299,42.33339,0.0],[-71.01317,42.33309,0.0],[-71.01336,42.3327,0.0],[-71.01352,42.33244,0.0],[-71.01376,42.33212,0.0],[-71.01407,42.33177,0.0],[-71.01427,42.33174,0.0],[-71.01426,42.33186,0.0]]],[[[-71.01731,42.33886,0.0],[-71.01653,42.33888,0.0],[-71.01568,42.33888,0.0],[-71.01513,42.33885,0.0],[-71.01484,42.33883,0.0],[-71.01337,42.3389,0.0],[-71.01164,42.33932,0.0],[-71.01099,42.33965,0.0],[-71.01075,42.33941,0.0],[-71.01067,42.33933,0.0],[-71.01024,42.33929,0.0],[-71.01012,42.33922,0.0],[-71.00966,42.33863,0.0],[-71.00958,42.33851,0.0],[-71.00958,42.33833,0.0],[-71.00944,42.33804,0.0],[-71.0094,42.33789,0.0],[-71.00929,42.33723,0.0],[-71.00931,42.33692,0.0],[-71.00946,42.33676,0.0],[-71.00965,42.33668,0.0],[-71.01002,42.33661,0.0],[-71.01054,42.33643,0.0],[-71.01085,42.33631,0.0],[-71.01098,42.33623,0.0],[-71.01115,42.33615,0.0],[-71.01143,42.33592,0.0],[-71.01157,42.33572,0.0],[-71.01163,42.3356,0.0],[-71.01169,42.33547,0.0],[-71.01171,42.33541,0.0],[-71.01175,42.33534,0.0],[-71.0118,42.33529,0.0],[-71.01196,42.33517,0.0],[-71.01206,42.33507,0.0],[-71.01218,42.33473,0.0],[-71.01219,42.33471,0.0],[-71.01252,42.33409,0.0],[-71.01272,42.33405,0.0],[-71.01277,42.33416,0.0],[-71.01271,42.33428,0.0],[-71.0126,42.33446,0.0],[-71.01256,42.33466,0.0],[-71.01254,42.3348,0.0],[-71.01257,42.33492,0.0],[-71.01269,42.33515,0.0],[-71.01271,42.33524,0.0],[-71.01272,42.33539,0.0],[-71.01269,42.3355,0.0],[-71.01257,42.33573,0.0],[-71.01229,42.33602,0.0],[-71.0122,42.33619,0.0],[-71.01221,42.3365,0.0],[-71.0123,42.33682,0.0],[-71.01247,42.33715,0.0],[-71.01254,42.33723,0.0],[-71.01279,42.33724,0.0],[-71.01304,42.33715,0.0],[-71.01317,42.33732,0.0],[-71.013,42.33739,0.0],[-71.01276,42.33771,0.0],[-71.01305,42.33802,0.0],[-71.0132,42.33819,0.0],[-71.01328,42.33825,0.0],[-71.01334,42.33826,0.0],[-71.01357,42.33826,0.0],[-71.0141,42.33822,0.0],[-71.01454,42.33822,0.0],[-71.01475,42.33837,0.0],[-71.01485,42.33844,0.0],[-71.01556,42.33844,0.0],[-71.01646,42.3385,0.0],[-71.01707,42.3385,0.0],[-71.01807,42.33844,0.0],[-71.01828,42.33881,0.0],[-71.01801,42.33883,0.0],[-71.01731,42.33886,0.0]]]]}},{"type":"Feature","properties":{"uesi_id":"USA_R2315704","nbhd_code":"USA_R2315704_67","nbhd_name":"14000US25025981501"},"geometry":{"type":"MultiPolygon","coordinates":[[[[-71.07776,42.35549,0.0],[-71.07792,42.3555,0.0],[-71.07821,42.35552,0.0],[-71.07835,42.35551,0.0],[-71.08074,42.35489,0.0],[-71.08082,42.35487,0.0],[-71.08089,42.35481,0.0],[-71.08096,42.35459,0.0],[-71.08108,42.35452,0.0],[-71.08151,42.3544,0.0],[-71.08161,42.3544,0.0],[-71.08176,42.35446,0.0],[-71.08201,42.35444,0.0],[-71.08238,42.35435,0.0],[-71.0842,42.35387,0.0],[-71.08438,42.3538,0.0],[-71.08455,42.35369,0.0],[-71.08465,42.3535,0.0],[-71.08486,42.35343,0.0],[-71.08502,42.35341,0.0],[-71.08528,42.35343,0.0],[-71.08533,42.35346,0.0],[-71.08523,42.35361,0.0],[-71.08515,42.35376,0.0],[-71.08505,42.35387,0.0],[-71.08483,42.354,0.0],[-71.08232,42.35468,0.0],[-71.08157,42.35489,0.0],[-71.08108,42.35505,0.0],[-71.07904,42.3556,0.0],[-71.07859,42.35573,0.0],[-71.07825,42.35589,0.0],[-71.07813,42.35593,0.0],[-71.07804,42.35596,0.0],[-71.07702,42.3562,0.0],[-71.07662,42.35632,0.0],[-71.07631,42.35646,0.0],[-71.07608,42.35659,0.0],[-71.07598,42.35666,0.0],[-71.07581,42.35678,0.0],[-71.07537,42.35714,0.0],[-71.07507,42.35724,0.0],[-71.07495,42.35725,0.0],[-71.07484,42.35715,0.0],[-71.07474,42.35714,0.0],[-71.07473,42.35713,0.0],[-71.07479,42.35707,0.0],[-71.07492,42.357,0.0],[-71.07504,42.35696,0.0],[-71.07512,42.35691,0.0],[-71.07515,42.35684,0.0],[-71.07515,42.35667,0.0],[-71.07515,42.35661,0.0],[-71.07518,42.35651,0.0],[-71.07531,42.35635,0.0],[-71.07557,42.35612,0.0],[-71.07569,42.35607,0.0],[-71.07577,42.35604,0.0],[-71.07733,42.35559,0.0],[-71.07776,42.35549,0.0]]],[[[-71.1273,42.37272,0.0],[-71.12707,42.3725,0.0],[-71.1269,42.3723,0.0],[-71.12678,42.37201,0.0],[-71.12673,42.37189,0.0],[-71.12647,42.37117,0.0],[-71.12645,42.37099,0.0],[-71.12641,42.37088,0.0],[-71.12605,42.37052,0.0],[-71.12584,42.37016,0.0],[-71.12578,42.37011,0.0],[-71.12565,42.3701,0.0],[-71.12556,42.37003,0.0],[-71.12544,42.36988,0.0],[-71.12535,42.36974,0.0],[-71.12536,42.36956,0.0],[-71.12521,42.36931,0.0],[-71.12507,42.3692,0.0],[-71.12489,42.36913,0.0],[-71.12461,42.36907,0.0],[-71.12421,42.36893,0.0],[-71.12367,42.36882,0.0],[-71.12342,42.36869,0.0],[-71.1231,42.36853,0.0],[-71.12265,42.36838,0.0],[-71.12203,42.36826,0.0],[-71.12129,42.36825,0.0],[-71.12063,42.36833,0.0],[-71.12021,42.36841,0.0],[-71.11978,42.36842,0.0],[-71.11933,42.36837,0.0],[-71.11881,42.36827,0.0],[-71.11866,42.36821,0.0],[-71.11844,42.36805,0.0],[-71.11823,42.36779,0.0],[-71.11801,42.36744,0.0],[-71.11778,42.36692,0.0],[-71.11769,42.3666,0.0],[-71.11758,42.36571,0.0],[-71.11757,42.36487,0.0],[-71.11753,42.36446,0.0],[-71.11752,42.36422,0.0],[-71.11751,42.36405,0.0],[-71.11756,42.36377,0.0],[-71.11756,42.36332,0.0],[-71.11742,42.36263,0.0],[-71.11739,42.36213,0.0],[-71.11726,42.36126,0.0],[-71.11726,42.36111,0.0],[-71.11726,42.36106,0.0],[-71.11726,42.36098,0.0],[-71.11721,42.36078,0.0],[-71.11717,42.36001,0.0],[-71.11722,42.35926,0.0],[-71.11751,42.35838,0.0],[-71.11778,42.35779,0.0],[-71.11801,42.3571,0.0],[-71.1181,42.35669,0.0],[-71.11813,42.35647,0.0],[-71.11811,42.356,0.0],[-71.11795,42.35548,0.0],[-71.11775,42.35506,0.0],[-71.11762,42.35486,0.0],[-71.11738,42.35455,0.0],[-71.1172,42.35436,0.0],[-71.11691,42.35415,0.0],[-71.11635,42.35381,0.0],[-71.11544,42.35332,0.0],[-71.11427,42.35268,0.0],[-71.11364,42.35243,0.0],[-71.1131,42.35229,0.0],[-71.11278,42.35224,0.0],[-71.11236,42.35224,0.0],[-71.11172,42.35231,0.0],[-71.11142,42.35231,0.0],[-71.11101,42.35224,0.0],[-71.11094,42.35223,0.0],[-71.11065,42.35219,0.0],[-71.11054,42.35217,0.0],[-71.1101,42.3521,0.0],[-71.10899,42.35211,0.0],[-71.10869,42.35209,0.0],[-71.10695,42.35174,0.0],[-71.10637,42.35166,0.0],[-71.10567,42.35162,0.0],[-71.10438,42.35151,0.0],[-71.10327,42.35148,0.0],[-71.10316,42.35149,0.0],[-71.10208,42.35159,0.0],[-71.10117,42.35172,0.0],[-71.1004,42.35172,0.0],[-71.0999,42.35164,0.0],[-71.0994,42.35152,0.0],[-71.09893,42.35135,0.0],[-71.09855,42.35115,0.0],[-71.09835,42.3511,0.0],[-71.09833,42.35109,0.0],[-71.09807,42.35107,0.0],[-71.0969,42.35106,0.0],[-71.096,42.35118,0.0],[-71.09565,42.3512,0.0],[-71.09514,42.35119,0.0],[-71.09485,42.35114,0.0],[-71.09457,42.35114,0.0],[-71.09386,42.3514,0.0],[-71.09364,42.35154,0.0],[-71.09346,42.35161,0.0],[-71.09324,42.35165,0.0],[-71.09275,42.35175,0.0],[-71.09212,42.35197,0.0],[-71.09113,42.35204,0.0],[-71.09043,42.35213,0.0],[-71.09016,42.35215,0.0],[-71.08983,42.35218,0.0],[-71.08626,42.35297,0.0],[-71.08621,42.35298,0.0],[-71.08612,42.35305,0.0],[-71.08601,42.35311,0.0],[-71.0858,42.35309,0.0],[-71.08465,42.35336,0.0],[-71.08454,42.35337,0.0],[-71.08438,42.35328,0.0],[-71.08417,42.35328,0.0],[-71.08247,42.35376,0.0],[-71.0819,42.35392,0.0],[-71.08181,42.35395,0.0],[-71.08171,42.35398,0.0],[-71.08161,42.35407,0.0],[-71.08156,42.35419,0.0],[-71.0815,42.35424,0.0],[-71.08074,42.35445,0.0],[-71.08011,42.35463,0.0],[-71.0778,42.35528,0.0],[-71.07576,42.35586,0.0],[-71.07557,42.35593,0.0],[-71.07549,42.35596,0.0],[-71.07532,42.35606,0.0],[-71.07495,42.35634,0.0],[-71.07475,42.35656,0.0],[-71.07464,42.35668,0.0],[-71.07449,42.35691,0.0],[-71.0744,42.35712,0.0],[-71.07435,42.35724,0.0],[-71.07425,42.35734,0.0],[-71.07425,42.35752,0.0],[-71.07422,42.35761,0.0],[-71.07416,42.35765,0.0],[-71.0739,42.35766,0.0],[-71.07384,42.35771,0.0],[-71.07384,42.3578,0.0],[-71.07371,42.35806,0.0],[-71.07368,42.35809,0.0],[-71.07356,42.35798,0.0],[-71.07346,42.35802,0.0],[-71.07318,42.35892,0.0],[-71.07318,42.35907,0.0],[-71.07321,42.35912,0.0],[-71.07334,42.35922,0.0],[-71.07349,42.35926,0.0],[-71.07355,42.35931,0.0],[-71.07355,42.35936,0.0],[-71.0734,42.35956,0.0],[-71.07337,42.3597,0.0],[-71.07337,42.36004,0.0],[-71.07321,42.3601,0.0],[-71.07316,42.36013,0.0],[-71.07316,42.36025,0.0],[-71.07324,42.36062,0.0],[-71.07324,42.36102,0.0],[-71.07317,42.3613,0.0],[-71.07314,42.36144,0.0],[-71.07311,42.36155,0.0],[-71.07311,42.36175,0.0],[-71.07323,42.36204,0.0],[-71.07325,42.36236,0.0],[-71.07319,42.36273,0.0],[-71.07295,42.36354,0.0],[-71.07287,42.36404,0.0],[-71.07281,42.3642,0.0],[-71.07267,42.36441,0.0],[-71.0725,42.36458,0.0],[-71.07228,42.36471,0.0],[-71.07177,42.36489,0.0],[-71.07127,42.36501,0.0],[-71.07094,42.36505,0.0],[-71.07086,42.3651,0.0],[-71.07042,42.3649,0.0],[-71.07016,42.3656,0.0],[-71.0703,42.36571,0.0],[-71.06998,42.36608,0.0],[-71.06907,42.36709,0.0],[-71.06895,42.36703,0.0],[-71.06868,42.36689,0.0],[-71.06857,42.36684,0.0],[-71.06851,42.36679,0.0],[-71.06847,42.36671,0.0],[-71.06845,42.36665,0.0],[-71.06845,42.3666,0.0],[-71.0685,42.36651,0.0],[-71.06863,42.36641,0.0],[-71.06934,42.36578,0.0],[-71.06946,42.36564,0.0],[-71.06961,42.36543,0.0],[-71.06977,42.365,0.0],[-71.06985,42.36483,0.0],[-71.07005,42.36442,0.0],[-71.07011,42.36429,0.0],[-71.07016,42.36418,0.0],[-71.07038,42.3637,0.0],[-71.07048,42.36357,0.0],[-71.07063,42.36342,0.0],[-71.0708,42.36328,0.0],[-71.07133,42.36295,0.0],[-71.07156,42.3628,0.0],[-71.07166,42.36271,0.0],[-71.07175,42.36259,0.0],[-71.0718,42.36247,0.0],[-71.07181,42.36236,0.0],[-71.0718,42.36227,0.0],[-71.07178,42.36216,0.0],[-71.07185,42.36214,0.0],[-71.072,42.36205,0.0],[-71.0721,42.36198,0.0],[-71.07219,42.36189,0.0],[-71.07226,42.36177,0.0],[-71.07231,42.36164,0.0],[-71.07235,42.36138,0.0],[-71.07235,42.36135,0.0],[-71.07236,42.36122,0.0],[-71.07237,42.36115,0.0],[-71.07237,42.36101,0.0],[-71.07236,42.36089,0.0],[-71.07233,42.36077,0.0],[-71.07227,42.36061,0.0],[-71.07216,42.36042,0.0],[-71.07209,42.36026,0.0],[-71.07206,42.36015,0.0],[-71.07205,42.36005,0.0],[-71.07205,42.35997,0.0],[-71.07204,42.35973,0.0],[-71.07207,42.35946,0.0],[-71.07211,42.35925,0.0],[-71.07224,42.35881,0.0],[-71.07234,42.35851,0.0],[-71.07257,42.35777,0.0],[-71.0728,42.35729,0.0],[-71.07293,42.357,0.0],[-71.07313,42.35656,0.0],[-71.07317,42.35646,0.0],[-71.07327,42.3563,0.0],[-71.07344,42.35615,0.0],[-71.07349,42.3561,0.0],[-71.07378,42.35595,0.0],[-71.07394,42.35587,0.0],[-71.07439,42.35576,0.0],[-71.07519,42.35552,0.0],[-71.07522,42.35552,0.0],[-71.07552,42.35543,0.0],[-71.07582,42.35535,0.0],[-71.07736,42.35495,0.0],[-71.07758,42.35488,0.0],[-71.0789,42.35451,0.0],[-71.0791,42.35443,0.0],[-71.07937,42.35433,0.0],[-71.07944,42.3543,0.0],[-71.07995,42.35416,0.0],[-71.08044,42.35403,0.0],[-71.0816,42.35371,0.0],[-71.08171,42.35368,0.0],[-71.08223,42.35354,0.0],[-71.08294,42.35335,0.0],[-71.08385,42.3531,0.0],[-71.08395,42.35307,0.0],[-71.08454,42.35293,0.0],[-71.08578,42.35257,0.0],[-71.08592,42.35253,0.0],[-71.08656,42.35238,0.0],[-71.08733,42.35216,0.0],[-71.08741,42.35214,0.0],[-71.08798,42.35199,0.0],[-71.08982,42.3515,0.0],[-71.08986,42.35158,0.0],[-71.09041,42.35144,0.0],[-71.09067,42.35138,0.0],[-71.09097,42.35131,0.0],[-71.09126,42.35125,0.0],[-71.09147,42.35122,0.0],[-71.09162,42.35121,0.0],[-71.09207,42.35117,0.0],[-71.09218,42.35116,0.0],[-71.0923,42.35114,0.0],[-71.09259,42.3511,0.0],[-71.0929,42.35105,0.0],[-71.09295,42.35104,0.0],[-71.09307,42.35101,0.0],[-71.09319,42.35099,0.0],[-71.09358,42.35091,0.0],[-71.09432,42.3507,0.0],[-71.09444,42.35067,0.0],[-71.09468,42.35062,0.0],[-71.09499,42.35058,0.0],[-71.09531,42.35057,0.0],[-71.09545,42.35057,0.0],[-71.09583,42.35059,0.0],[-71.09818,42.35074,0.0],[-71.09778,42.3506,0.0],[-71.09947,42.35072,0.0],[-71.10026,42.35079,0.0],[-71.10211,42.3509,0.0],[-71.10332,42.35099,0.0],[-71.10391,42.35104,0.0],[-71.10407,42.35103,0.0],[-71.1042,42.35102,0.0],[-71.10443,42.35098,0.0],[-71.10447,42.35096,0.0],[-71.10455,42.35097,0.0],[-71.10492,42.351,0.0],[-71.10626,42.35109,0.0],[-71.10644,42.35111,0.0],[-71.10652,42.35115,0.0],[-71.10658,42.3512,0.0],[-71.10662,42.35122,0.0],[-71.10832,42.35145,0.0],[-71.10847,42.35142,0.0],[-71.10869,42.35139,0.0],[-71.10885,42.35138,0.0],[-71.109,42.3514,0.0],[-71.10931,42.3515,0.0],[-71.10924,42.35155,0.0],[-71.10913,42.35157,0.0],[-71.10896,42.35157,0.0],[-71.10827,42.35154,0.0],[-71.10819,42.35155,0.0],[-71.10813,42.35158,0.0],[-71.10869,42.35163,0.0],[-71.10949,42.35172,0.0],[-71.11058,42.35182,0.0],[-71.11071,42.35183,0.0],[-71.11147,42.35189,0.0],[-71.11157,42.35189,0.0],[-71.11224,42.35194,0.0],[-71.11249,42.35196,0.0],[-71.11288,42.35202,0.0],[-71.11317,42.35208,0.0],[-71.11345,42.35215,0.0],[-71.11381,42.35227,0.0],[-71.11412,42.3524,0.0],[-71.11446,42.35256,0.0],[-71.11503,42.35288,0.0],[-71.11542,42.35309,0.0],[-71.11619,42.35353,0.0],[-71.11705,42.35398,0.0],[-71.11719,42.35408,0.0],[-71.11724,42.35412,0.0],[-71.11747,42.35428,0.0],[-71.11763,42.35443,0.0],[-71.11783,42.35464,0.0],[-71.11793,42.35477,0.0],[-71.11796,42.35482,0.0],[-71.11809,42.35503,0.0],[-71.11821,42.35527,0.0],[-71.11829,42.35551,0.0],[-71.11836,42.35579,0.0],[-71.1184,42.35601,0.0],[-71.11841,42.35612,0.0],[-71.11842,42.35636,0.0],[-71.11842,42.35655,0.0],[-71.1184,42.3567,0.0],[-71.11838,42.35679,0.0],[-71.11836,42.35693,0.0],[-71.11831,42.35711,0.0],[-71.11811,42.35765,0.0],[-71.1177,42.35884,0.0],[-71.11757,42.35922,0.0],[-71.11753,42.35942,0.0],[-71.1175,42.35973,0.0],[-71.1175,42.35987,0.0],[-71.11752,42.36004,0.0],[-71.11763,42.36074,0.0],[-71.11765,42.36092,0.0],[-71.11766,42.361,0.0],[-71.11768,42.36108,0.0],[-71.11801,42.36327,0.0],[-71.11803,42.36345,0.0],[-71.11805,42.36407,0.0],[-71.11804,42.36419,0.0],[-71.11804,42.36458,0.0],[-71.11805,42.3652,0.0],[-71.11808,42.36572,0.0],[-71.11805,42.36603,0.0],[-71.11806,42.36624,0.0],[-71.11811,42.36647,0.0],[-71.1182,42.36669,0.0],[-71.11835,42.36692,0.0],[-71.11858,42.36717,0.0],[-71.11885,42.36737,0.0],[-71.11907,42.36748,0.0],[-71.11921,42.36755,0.0],[-71.11953,42.36763,0.0],[-71.11979,42.36768,0.0],[-71.12001,42.36772,0.0],[-71.12023,42.36774,0.0],[-71.12069,42.36773,0.0],[-71.12123,42.36776,0.0],[-71.12175,42.3678,0.0],[-71.12196,42.36782,0.0],[-71.12235,42.36789,0.0],[-71.12266,42.36797,0.0],[-71.12299,42.36806,0.0],[-71.1236,42.36828,0.0],[-71.12374,42.36833,0.0],[-71.12442,42.36855,0.0],[-71.12492,42.36874,0.0],[-71.12531,42.36887,0.0],[-71.12558,42.36898,0.0],[-71.12586,42.36911,0.0],[-71.12606,42.36924,0.0],[-71.12627,42.36939,0.0],[-71.12643,42.36955,0.0],[-71.12655,42.36969,0.0],[-71.12666,42.36984,0.0],[-71.12677,42.37008,0.0],[-71.12682,42.37028,0.0],[-71.12704,42.37154,0.0],[-71.12709,42.37171,0.0],[-71.12712,42.37183,0.0],[-71.12718,42.37195,0.0],[-71.12722,42.37202,0.0],[-71.12735,42.3722,0.0],[-71.12756,42.37239,0.0],[-71.12775,42.37253,0.0],[-71.1279,42.37261,0.0],[-71.12809,42.37266,0.0],[-71.12829,42.37271,0.0],[-71.12855,42.37274,0.0],[-71.12881,42.37275,0.0],[-71.12934,42.37274,0.0],[-71.12955,42.37272,0.0],[-71.12995,42.37269,0.0],[-71.13007,42.37261,0.0],[-71.13019,42.37243,0.0],[-71.13026,42.37222,0.0],[-71.13027,42.37212,0.0],[-71.13029,42.37199,0.0],[-71.1303,42.37114,0.0],[-71.1303,42.37074,0.0],[-71.13033,42.37004,0.0],[-71.13033,42.36981,0.0],[-71.13037,42.36952,0.0],[-71.13041,42.36926,0.0],[-71.13053,42.36886,0.0],[-71.13058,42.36873,0.0],[-71.13065,42.36854,0.0],[-71.1308,42.36824,0.0],[-71.13097,42.36796,0.0],[-71.13115,42.36768,0.0],[-71.13134,42.36743,0.0],[-71.13154,42.3672,0.0],[-71.1318,42.36692,0.0],[-71.13216,42.3666,0.0],[-71.13252,42.36633,0.0],[-71.1328,42.36614,0.0],[-71.13316,42.36592,0.0],[-71.13353,42.36572,0.0],[-71.13397,42.36549,0.0],[-71.13417,42.3654,0.0],[-71.13482,42.3651,0.0],[-71.13523,42.36494,0.0],[-71.13545,42.36486,0.0],[-71.13628,42.36456,0.0],[-71.13727,42.36424,0.0],[-71.13765,42.36413,0.0],[-71.13888,42.36385,0.0],[-71.13955,42.36371,0.0],[-71.13995,42.36364,0.0],[-71.14036,42.36358,0.0],[-71.14106,42.36348,0.0],[-71.142,42.36336,0.0],[-71.14342,42.36319,0.0],[-71.14394,42.3631,0.0],[-71.14423,42.36303,0.0],[-71.14451,42.36294,0.0],[-71.14474,42.36283,0.0],[-71.14495,42.36273,0.0],[-71.14537,42.36243,0.0],[-71.14575,42.36207,0.0],[-71.14612,42.36172,0.0],[-71.14617,42.36167,0.0],[-71.1463,42.36157,0.0],[-71.14632,42.36155,0.0],[-71.14639,42.36148,0.0],[-71.1465,42.36137,0.0],[-71.14669,42.36121,0.0],[-71.14722,42.3609,0.0],[-71.14793,42.36065,0.0],[-71.14847,42.36053,0.0],[-71.14941,42.3604,0.0],[-71.14992,42.36035,0.0],[-71.15031,42.36031,0.0],[-71.15115,42.3602,0.0],[-71.15185,42.36009,0.0],[-71.1521,42.36003,0.0],[-71.15245,42.35992,0.0],[-71.1528,42.35978,0.0],[-71.15327,42.35957,0.0],[-71.15369,42.35942,0.0],[-71.15399,42.35932,0.0],[-71.15436,42.35925,0.0],[-71.15478,42.35917,0.0],[-71.15587,42.35908,0.0],[-71.15732,42.35897,0.0],[-71.15765,42.35893,0.0],[-71.15794,42.35887,0.0],[-71.15826,42.35878,0.0],[-71.15835,42.35884,0.0],[-71.15855,42.35896,0.0],[-71.15872,42.35901,0.0],[-71.15893,42.35906,0.0],[-71.15918,42.35909,0.0],[-71.15947,42.35909,0.0],[-71.15979,42.35904,0.0],[-71.16003,42.35897,0.0],[-71.16021,42.35891,0.0],[-71.16048,42.35882,0.0],[-71.16087,42.35865,0.0],[-71.16101,42.35857,0.0],[-71.16123,42.35845,0.0],[-71.16157,42.35827,0.0],[-71.16187,42.35815,0.0],[-71.16213,42.35806,0.0],[-71.16256,42.358,0.0],[-71.16289,42.35796,0.0],[-71.16337,42.35795,0.0],[-71.16578,42.35796,0.0],[-71.16636,42.35797,0.0],[-71.16771,42.35799,0.0],[-71.16947,42.35806,0.0],[-71.16862,42.35896,0.0],[-71.16853,42.35906,0.0],[-71.16807,42.35954,0.0],[-71.16757,42.35968,0.0],[-71.16719,42.35968,0.0],[-71.16688,42.35974,0.0],[-71.16669,42.35974,0.0],[-71.16632,42.35963,0.0],[-71.16614,42.35954,0.0],[-71.16551,42.35901,0.0],[-71.16505,42.35869,0.0],[-71.16454,42.35841,0.0],[-71.16404,42.35828,0.0],[-71.16381,42.35826,0.0],[-71.16372,42.35826,0.0],[-71.1631,42.35825,0.0],[-71.16258,42.35829,0.0],[-71.16212,42.35838,0.0],[-71.16185,42.35848,0.0],[-71.1617,42.35858,0.0],[-71.16141,42.35879,0.0],[-71.16131,42.35888,0.0],[-71.16143,42.35894,0.0],[-71.16168,42.35906,0.0],[-71.1619,42.35914,0.0],[-71.16188,42.35915,0.0],[-71.16165,42.35908,0.0],[-71.16139,42.35897,0.0],[-71.16127,42.35892,0.0],[-71.16122,42.35896,0.0],[-71.16099,42.35911,0.0],[-71.16059,42.35931,0.0],[-71.15992,42.35955,0.0],[-71.15938,42.35968,0.0],[-71.15912,42.35973,0.0],[-71.15858,42.35977,0.0],[-71.15784,42.35974,0.0],[-71.15709,42.35965,0.0],[-71.15658,42.35963,0.0],[-71.1552,42.35966,0.0],[-71.15486,42.3597,0.0],[-71.15422,42.35985,0.0],[-71.15334,42.3602,0.0],[-71.15297,42.36038,0.0],[-71.15256,42.3605,0.0],[-71.15164,42.36063,0.0],[-71.15045,42.36074,0.0],[-71.14872,42.36096,0.0],[-71.14832,42.36105,0.0],[-71.14794,42.36119,0.0],[-71.14732,42.36153,0.0],[-71.14711,42.36169,0.0],[-71.14703,42.36175,0.0],[-71.14675,42.36196,0.0],[-71.14616,42.36248,0.0],[-71.14593,42.36265,0.0],[-71.14568,42.36289,0.0],[-71.1456,42.363,0.0],[-71.14548,42.36329,0.0],[-71.14528,42.36369,0.0],[-71.14509,42.36399,0.0],[-71.14469,42.36446,0.0],[-71.14452,42.36457,0.0],[-71.14415,42.36475,0.0],[-71.1435,42.36492,0.0],[-71.14318,42.36493,0.0],[-71.14284,42.36487,0.0],[-71.14205,42.36463,0.0],[-71.142,42.36459,0.0],[-71.14151,42.36441,0.0],[-71.14114,42.36433,0.0],[-71.14077,42.36428,0.0],[-71.14029,42.36428,0.0],[-71.13965,42.36436,0.0],[-71.13921,42.36449,0.0],[-71.13858,42.36481,0.0],[-71.1381,42.3651,0.0],[-71.13764,42.36545,0.0],[-71.137,42.36604,0.0],[-71.1366,42.36638,0.0],[-71.13628,42.36662,0.0],[-71.13623,42.36664,0.0],[-71.13558,42.36701,0.0],[-71.13543,42.36703,0.0],[-71.13537,42.36698,0.0],[-71.13534,42.36663,0.0],[-71.13523,42.36634,0.0],[-71.13472,42.36594,0.0],[-71.13464,42.36591,0.0],[-71.13452,42.3659,0.0],[-71.13396,42.36596,0.0],[-71.13384,42.36602,0.0],[-71.13375,42.36609,0.0],[-71.13364,42.36629,0.0],[-71.13362,42.36655,0.0],[-71.13365,42.36664,0.0],[-71.13376,42.3668,0.0],[-71.13389,42.36691,0.0],[-71.13399,42.36708,0.0],[-71.13407,42.36714,0.0],[-71.13422,42.36715,0.0],[-71.1344,42.36713,0.0],[-71.1345,42.36711,0.0],[-71.13469,42.36712,0.0],[-71.13489,42.36712,0.0],[-71.13493,42.36715,0.0],[-71.13493,42.36719,0.0],[-71.13486,42.36724,0.0],[-71.13433,42.36738,0.0],[-71.13391,42.36754,0.0],[-71.13299,42.36804,0.0],[-71.1324,42.36841,0.0],[-71.13198,42.36872,0.0],[-71.13155,42.36912,0.0],[-71.13138,42.3693,0.0],[-71.13122,42.36956,0.0],[-71.13119,42.36988,0.0],[-71.13124,42.37017,0.0],[-71.13136,42.3705,0.0],[-71.13151,42.37077,0.0],[-71.13168,42.37102,0.0],[-71.13185,42.37121,0.0],[-71.13245,42.37173,0.0],[-71.13255,42.37185,0.0],[-71.13262,42.37193,0.0],[-71.1327,42.37202,0.0],[-71.13276,42.37211,0.0],[-71.13282,42.37231,0.0],[-71.13281,42.37266,0.0],[-71.13267,42.37298,0.0],[-71.13253,42.37313,0.0],[-71.13233,42.37329,0.0],[-71.13214,42.3734,0.0],[-71.13189,42.3735,0.0],[-71.13151,42.37361,0.0],[-71.13101,42.37369,0.0],[-71.1304,42.37374,0.0],[-71.12984,42.37372,0.0],[-71.1293,42.37362,0.0],[-71.12888,42.37352,0.0],[-71.12838,42.37336,0.0],[-71.12804,42.37321,0.0],[-71.12776,42.37306,0.0],[-71.1273,42.37272,0.0]]]]}},{"type":"Feature","properties":{"uesi_id":"USA_R2315704","nbhd_code":"USA_R2315704_68","nbhd_name":"14000US25025981700"},"geometry":{"type":"MultiPolygon","coordinates":[[[[-71.06456,42.35239,0.0],[-71.06592,42.35246,0.0],[-71.06691,42.35249,0.0],[-71.06747,42.3525,0.0],[-71.06837,42.35236,0.0],[-71.06918,42.35218,0.0],[-71.07051,42.35189,0.0],[-71.07066,42.35186,0.0],[-71.0707,42.35195,0.0],[-71.0709,42.35232,0.0],[-71.07108,42.35268,0.0],[-71.07128,42.35309,0.0],[-71.07145,42.35345,0.0],[-71.07164,42.35384,0.0],[-71.07187,42.35423,0.0],[-71.07212,42.35465,0.0],[-71.0723,42.35501,0.0],[-71.07251,42.35546,0.0],[-71.07204,42.35559,0.0],[-71.07138,42.35575,0.0],[-71.0713,42.35578,0.0],[-71.07019,42.35604,0.0],[-71.06983,42.35613,0.0],[-71.06941,42.35622,0.0],[-71.06892,42.35633,0.0],[-71.06873,42.35637,0.0],[-71.06764,42.35661,0.0],[-71.067,42.35676,0.0],[-71.06672,42.35682,0.0],[-71.06579,42.35701,0.0],[-71.06517,42.35715,0.0],[-71.06499,42.3572,0.0],[-71.06451,42.35733,0.0],[-71.06405,42.35746,0.0],[-71.06365,42.35757,0.0],[-71.06317,42.35776,0.0],[-71.06299,42.35752,0.0],[-71.06294,42.35747,0.0],[-71.06279,42.35731,0.0],[-71.06246,42.35696,0.0],[-71.06196,42.35654,0.0],[-71.06226,42.35628,0.0],[-71.06251,42.35603,0.0],[-71.06288,42.35568,0.0],[-71.06304,42.35552,0.0],[-71.06321,42.35534,0.0],[-71.06331,42.35522,0.0],[-71.06342,42.35507,0.0],[-71.06359,42.35477,0.0],[-71.06399,42.35398,0.0],[-71.06414,42.35364,0.0],[-71.06424,42.3534,0.0],[-71.06437,42.35307,0.0],[-71.06447,42.3527,0.0],[-71.06456,42.35239,0.0]]]]}},{"type":"Feature","properties":{"uesi_id":"USA_R2315704","nbhd_code":"USA_R2315704_69","nbhd_name":"14000US25025981800"},"geometry":{"type":"MultiPolygon","coordinates":[[[[-71.0909,42.34655,0.0],[-71.09085,42.3465,0.0],[-71.09083,42.34644,0.0],[-71.09079,42.34632,0.0],[-71.09067,42.34579,0.0],[-71.09064,42.34562,0.0],[-71.09063,42.34545,0.0],[-71.09065,42.34527,0.0],[-71.09076,42.34487,0.0],[-71.0908,42.34465,0.0],[-71.09078,42.3445,0.0],[-71.0908,42.34436,0.0],[-71.09084,42.34409,0.0],[-71.09088,42.34401,0.0],[-71.09092,42.34389,0.0],[-71.09102,42.34373,0.0],[-71.09122,42.3435,0.0],[-71.09135,42.34336,0.0],[-71.09145,42.34319,0.0],[-71.0915,42.34306,0.0],[-71.09151,42.34297,0.0],[-71.09153,42.34255,0.0],[-71.09156,42.34233,0.0],[-71.09163,42.34213,0.0],[-71.09171,42.34199,0.0],[-71.09176,42.34189,0.0],[-71.09206,42.34154,0.0],[-71.09221,42.34139,0.0],[-71.09245,42.34124,0.0],[-71.09267,42.34113,0.0],[-71.09279,42.34108,0.0],[-71.09298,42.34102,0.0],[-71.09321,42.34095,0.0],[-71.09363,42.34084,0.0],[-71.09394,42.34077,0.0],[-71.09447,42.34062,0.0],[-71.0949,42.34046,0.0],[-71.09568,42.34015,0.0],[-71.09599,42.33998,0.0],[-71.09619,42.33986,0.0],[-71.09632,42.33975,0.0],[-71.09667,42.33927,0.0],[-71.09689,42.33903,0.0],[-71.09708,42.3389,0.0],[-71.09729,42.33879,0.0],[-71.09754,42.33871,0.0],[-71.09774,42.33871,0.0],[-71.09793,42.33872,0.0],[-71.09824,42.33878,0.0],[-71.09838,42.33883,0.0],[-71.09867,42.33895,0.0],[-71.09899,42.3391,0.0],[-71.09954,42.33941,0.0],[-71.0998,42.33959,0.0],[-71.10024,42.33991,0.0],[-71.1006,42.34021,0.0],[-71.10082,42.34038,0.0],[-71.10105,42.34058,0.0],[-71.10156,42.34105,0.0],[-71.1017,42.34117,0.0],[-71.10295,42.34244,0.0],[-71.10328,42.34275,0.0],[-71.10379,42.34315,0.0],[-71.10417,42.34333,0.0],[-71.10436,42.34337,0.0],[-71.1045,42.34338,0.0],[-71.10472,42.34338,0.0],[-71.10493,42.34336,0.0],[-71.10513,42.34333,0.0],[-71.10536,42.3433,0.0],[-71.10546,42.34327,0.0],[-71.10553,42.34325,0.0],[-71.10575,42.34308,0.0],[-71.10592,42.34294,0.0],[-71.10605,42.34279,0.0],[-71.10616,42.34265,0.0],[-71.10633,42.34241,0.0],[-71.10656,42.34212,0.0],[-71.10677,42.3419,0.0],[-71.10691,42.34178,0.0],[-71.10708,42.34166,0.0],[-71.10726,42.34157,0.0],[-71.10757,42.34143,0.0],[-71.1078,42.34134,0.0],[-71.10822,42.3412,0.0],[-71.10832,42.34118,0.0],[-71.10908,42.34102,0.0],[-71.10929,42.34094,0.0],[-71.10947,42.34085,0.0],[-71.10963,42.34073,0.0],[-71.11,42.34033,0.0],[-71.11016,42.34008,0.0],[-71.11035,42.33968,0.0],[-71.11039,42.33958,0.0],[-71.11042,42.33945,0.0],[-71.11044,42.33921,0.0],[-71.11044,42.33891,0.0],[-71.11045,42.33874,0.0],[-71.11045,42.33862,0.0],[-71.11049,42.33839,0.0],[-71.11053,42.33823,0.0],[-71.1106,42.33805,0.0],[-71.11067,42.33787,0.0],[-71.11073,42.33766,0.0],[-71.11076,42.33752,0.0],[-71.11074,42.33735,0.0],[-71.1107,42.33719,0.0],[-71.11064,42.33707,0.0],[-71.11056,42.33694,0.0],[-71.11041,42.33673,0.0],[-71.11029,42.3366,0.0],[-71.11006,42.33632,0.0],[-71.10993,42.33602,0.0],[-71.10989,42.33585,0.0],[-71.10987,42.33571,0.0],[-71.10987,42.33553,0.0],[-71.10989,42.33539,0.0],[-71.10997,42.33524,0.0],[-71.11009,42.33505,0.0],[-71.11026,42.33487,0.0],[-71.11044,42.33473,0.0],[-71.11075,42.33452,0.0],[-71.11107,42.33429,0.0],[-71.11137,42.33407,0.0],[-71.11156,42.33393,0.0],[-71.11179,42.33374,0.0],[-71.11209,42.33344,0.0],[-71.11223,42.33327,0.0],[-71.11242,42.33308,0.0],[-71.11274,42.3327,0.0],[-71.11284,42.33254,0.0],[-71.11291,42.33239,0.0],[-71.11297,42.33217,0.0],[-71.11302,42.33194,0.0],[-71.11305,42.33185,0.0],[-71.11306,42.33181,0.0],[-71.11306,42.33178,0.0],[-71.11311,42.33154,0.0],[-71.11315,42.33133,0.0],[-71.11314,42.33116,0.0],[-71.11307,42.33091,0.0],[-71.11306,42.33086,0.0],[-71.11299,42.33074,0.0],[-71.11289,42.3306,0.0],[-71.11255,42.33017,0.0],[-71.11228,42.32982,0.0],[-71.11203,42.32937,0.0],[-71.11198,42.32922,0.0],[-71.11194,42.32892,0.0],[-71.11193,42.32866,0.0],[-71.11196,42.3284,0.0],[-71.1121,42.32794,0.0],[-71.11223,42.32767,0.0],[-71.11236,42.32744,0.0],[-71.11262,42.32707,0.0],[-71.11275,42.32683,0.0],[-71.11281,42.32665,0.0],[-71.11282,42.32653,0.0],[-71.11283,42.32588,0.0],[-71.11286,42.32572,0.0],[-71.11292,42.32555,0.0],[-71.11303,42.32541,0.0],[-71.11317,42.32529,0.0],[-71.11335,42.32519,0.0],[-71.1136,42.32508,0.0],[-71.11404,42.32488,0.0],[-71.11431,42.32474,0.0],[-71.1145,42.3246,0.0],[-71.11466,42.3244,0.0],[-71.11471,42.32431,0.0],[-71.11481,42.32407,0.0],[-71.11491,42.32383,0.0],[-71.11502,42.32365,0.0],[-71.11508,42.32358,0.0],[-71.1153,42.32337,0.0],[-71.11555,42.32322,0.0],[-71.11569,42.32316,0.0],[-71.11629,42.32295,0.0],[-71.1165,42.32284,0.0],[-71.11663,42.32274,0.0],[-71.11674,42.32264,0.0],[-71.11683,42.32247,0.0],[-71.11685,42.32229,0.0],[-71.11683,42.32201,0.0],[-71.11679,42.32174,0.0],[-71.11669,42.32142,0.0],[-71.11661,42.32121,0.0],[-71.11657,42.32103,0.0],[-71.11659,42.32086,0.0],[-71.11661,42.32075,0.0],[-71.11668,42.32063,0.0],[-71.11678,42.32048,0.0],[-71.11697,42.32019,0.0],[-71.11702,42.32013,0.0],[-71.11711,42.31999,0.0],[-71.11716,42.31984,0.0],[-71.11717,42.31968,0.0],[-71.11715,42.31954,0.0],[-71.11708,42.31939,0.0],[-71.11699,42.31926,0.0],[-71.11686,42.31911,0.0],[-71.11667,42.31893,0.0],[-71.11655,42.31878,0.0],[-71.11649,42.31866,0.0],[-71.11647,42.31859,0.0],[-71.11646,42.31844,0.0],[-71.11648,42.31831,0.0],[-71.11655,42.31811,0.0],[-71.11668,42.31784,0.0],[-71.11674,42.31764,0.0],[-71.11675,42.31749,0.0],[-71.11674,42.31708,0.0],[-71.11673,42.3167,0.0],[-71.11675,42.31639,0.0],[-71.11679,42.3161,0.0],[-71.1169,42.31576,0.0],[-71.117,42.31559,0.0],[-71.11709,42.31549,0.0],[-71.11718,42.31542,0.0],[-71.11741,42.31528,0.0],[-71.11771,42.3151,0.0],[-71.11798,42.31493,0.0],[-71.1185,42.31451,0.0],[-71.11883,42.3143,0.0],[-71.1191,42.3141,0.0],[-71.11934,42.31398,0.0],[-71.11957,42.3139,0.0],[-71.11979,42.31385,0.0],[-71.12001,42.31381,0.0],[-71.12048,42.31374,0.0],[-71.12078,42.3137,0.0],[-71.1209,42.31371,0.0],[-71.12105,42.31375,0.0],[-71.12119,42.31382,0.0],[-71.12133,42.3139,0.0],[-71.12144,42.31393,0.0],[-71.12155,42.31394,0.0],[-71.12164,42.31392,0.0],[-71.12172,42.31389,0.0],[-71.12178,42.31385,0.0],[-71.12208,42.31356,0.0],[-71.12224,42.31334,0.0],[-71.12254,42.31367,0.0],[-71.12326,42.31438,0.0],[-71.1233,42.31442,0.0],[-71.12338,42.31453,0.0],[-71.12345,42.31467,0.0],[-71.12349,42.31482,0.0],[-71.1235,42.31504,0.0],[-71.12345,42.31564,0.0],[-71.12346,42.31574,0.0],[-71.1235,42.31585,0.0],[-71.12363,42.31611,0.0],[-71.12388,42.31652,0.0],[-71.12417,42.31697,0.0],[-71.12443,42.31731,0.0],[-71.12475,42.31767,0.0],[-71.12502,42.31801,0.0],[-71.12518,42.31817,0.0],[-71.12541,42.31829,0.0],[-71.12572,42.31844,0.0],[-71.12578,42.31848,0.0],[-71.12583,42.31854,0.0],[-71.12584,42.31858,0.0],[-71.12584,42.31861,0.0],[-71.12585,42.3187,0.0],[-71.12576,42.31871,0.0],[-71.12531,42.3188,0.0],[-71.12499,42.31891,0.0],[-71.12479,42.31898,0.0],[-71.12471,42.31901,0.0],[-71.12419,42.31923,0.0],[-71.12396,42.31932,0.0],[-71.12384,42.31938,0.0],[-71.12327,42.31964,0.0],[-71.12287,42.31983,0.0],[-71.12256,42.32001,0.0],[-71.12236,42.32015,0.0],[-71.1222,42.3203,0.0],[-71.12204,42.32046,0.0],[-71.12195,42.32058,0.0],[-71.12184,42.32068,0.0],[-71.12169,42.32079,0.0],[-71.12155,42.32086,0.0],[-71.1214,42.32098,0.0],[-71.12126,42.32113,0.0],[-71.12113,42.32124,0.0],[-71.12097,42.32133,0.0],[-71.12074,42.32142,0.0],[-71.12052,42.32147,0.0],[-71.12021,42.32149,0.0],[-71.11992,42.32154,0.0],[-71.11982,42.32159,0.0],[-71.1197,42.32165,0.0],[-71.11961,42.32172,0.0],[-71.11955,42.32183,0.0],[-71.11952,42.32206,0.0],[-71.11953,42.32227,0.0],[-71.11952,42.32238,0.0],[-71.11955,42.32256,0.0],[-71.11956,42.32259,0.0],[-71.11958,42.32267,0.0],[-71.11959,42.32269,0.0],[-71.11954,42.32275,0.0],[-71.11944,42.32274,0.0],[-71.11894,42.32285,0.0],[-71.11887,42.32287,0.0],[-71.11879,42.32292,0.0],[-71.1188,42.32293,0.0],[-71.1188,42.323,0.0],[-71.11872,42.32307,0.0],[-71.11858,42.32331,0.0],[-71.11851,42.32337,0.0],[-71.11843,42.32339,0.0],[-71.11778,42.3235,0.0],[-71.11737,42.3236,0.0],[-71.11687,42.32378,0.0],[-71.11661,42.32396,0.0],[-71.11658,42.32403,0.0],[-71.1165,42.32423,0.0],[-71.1165,42.32426,0.0],[-71.11648,42.32434,0.0],[-71.11642,42.32449,0.0],[-71.11626,42.32495,0.0],[-71.11621,42.3251,0.0],[-71.11617,42.32522,0.0],[-71.1161,42.32539,0.0],[-71.11604,42.32557,0.0],[-71.116,42.32569,0.0],[-71.11599,42.32571,0.0],[-71.11599,42.32572,0.0],[-71.11594,42.32583,0.0],[-71.11593,42.32586,0.0],[-71.11586,42.32605,0.0],[-71.11566,42.32662,0.0],[-71.11559,42.32681,0.0],[-71.1156,42.32687,0.0],[-71.11558,42.3269,0.0],[-71.11544,42.32702,0.0],[-71.11538,42.32712,0.0],[-71.1153,42.32725,0.0],[-71.1153,42.32787,0.0],[-71.11526,42.32798,0.0],[-71.11506,42.32811,0.0],[-71.11501,42.32817,0.0],[-71.11501,42.32822,0.0],[-71.11513,42.32832,0.0],[-71.11512,42.32844,0.0],[-71.11508,42.32849,0.0],[-71.11499,42.32863,0.0],[-71.11495,42.32862,0.0],[-71.11493,42.32855,0.0],[-71.11487,42.32848,0.0],[-71.11482,42.32849,0.0],[-71.11478,42.32849,0.0],[-71.11472,42.32857,0.0],[-71.11471,42.32861,0.0],[-71.11468,42.32874,0.0],[-71.11478,42.32881,0.0],[-71.11481,42.32887,0.0],[-71.11478,42.329,0.0],[-71.11467,42.32913,0.0],[-71.11447,42.32951,0.0],[-71.1143,42.32962,0.0],[-71.11425,42.32971,0.0],[-71.11423,42.32988,0.0],[-71.11409,42.33006,0.0],[-71.11408,42.33011,0.0],[-71.11405,42.33026,0.0],[-71.11391,42.33044,0.0],[-71.11388,42.33054,0.0],[-71.11378,42.3306,0.0],[-71.11376,42.33071,0.0],[-71.11367,42.33103,0.0],[-71.11364,42.33114,0.0],[-71.11363,42.33116,0.0],[-71.11361,42.33124,0.0],[-71.11361,42.33126,0.0],[-71.1136,42.33128,0.0],[-71.11359,42.33132,0.0],[-71.11359,42.33133,0.0],[-71.11357,42.33142,0.0],[-71.1135,42.33167,0.0],[-71.11348,42.33174,0.0],[-71.11348,42.33176,0.0],[-71.11348,42.33178,0.0],[-71.11347,42.33179,0.0],[-71.11344,42.33187,0.0],[-71.11344,42.3319,0.0],[-71.11343,42.33192,0.0],[-71.11342,42.33198,0.0],[-71.11341,42.332,0.0],[-71.11336,42.33212,0.0],[-71.11329,42.33229,0.0],[-71.11321,42.33247,0.0],[-71.11316,42.33258,0.0],[-71.1131,42.33264,0.0],[-71.11304,42.33269,0.0],[-71.11295,42.33283,0.0],[-71.11293,42.33285,0.0],[-71.11288,42.33292,0.0],[-71.11287,42.33293,0.0],[-71.11285,42.33296,0.0],[-71.11285,42.33297,0.0],[-71.11282,42.333,0.0],[-71.11281,42.33302,0.0],[-71.11268,42.3332,0.0],[-71.11265,42.33324,0.0],[-71.11264,42.33325,0.0],[-71.11264,42.33326,0.0],[-71.11262,42.3333,0.0],[-71.11262,42.33331,0.0],[-71.11261,42.33332,0.0],[-71.11259,42.33335,0.0],[-71.11258,42.33337,0.0],[-71.1125,42.33355,0.0],[-71.11246,42.33363,0.0],[-71.11245,42.33365,0.0],[-71.11238,42.33374,0.0],[-71.11227,42.33386,0.0],[-71.11222,42.33392,0.0],[-71.11183,42.33428,0.0],[-71.11174,42.33437,0.0],[-71.1116,42.33451,0.0],[-71.11157,42.33454,0.0],[-71.11149,42.3346,0.0],[-71.11129,42.33475,0.0],[-71.11119,42.33481,0.0],[-71.11088,42.33508,0.0],[-71.11082,42.33514,0.0],[-71.11074,42.33525,0.0],[-71.11072,42.33526,0.0],[-71.11069,42.33533,0.0],[-71.1107,42.33536,0.0],[-71.11074,42.33538,0.0],[-71.11077,42.33541,0.0],[-71.11077,42.33544,0.0],[-71.11079,42.33546,0.0],[-71.11087,42.3355,0.0],[-71.11089,42.33551,0.0],[-71.11099,42.33557,0.0],[-71.11116,42.33566,0.0],[-71.11126,42.33575,0.0],[-71.11135,42.33582,0.0],[-71.11138,42.33585,0.0],[-71.11146,42.33591,0.0],[-71.11146,42.33592,0.0],[-71.11148,42.33595,0.0],[-71.11151,42.3361,0.0],[-71.11151,42.33611,0.0],[-71.11151,42.33615,0.0],[-71.11154,42.33629,0.0],[-71.11158,42.33643,0.0],[-71.11159,42.33646,0.0],[-71.11162,42.33655,0.0],[-71.11163,42.3366,0.0],[-71.11164,42.33667,0.0],[-71.11165,42.3367,0.0],[-71.11164,42.33674,0.0],[-71.11162,42.33681,0.0],[-71.11158,42.33683,0.0],[-71.11155,42.33684,0.0],[-71.11151,42.33685,0.0],[-71.11147,42.33686,0.0],[-71.11141,42.33688,0.0],[-71.11138,42.33689,0.0],[-71.11139,42.33695,0.0],[-71.1114,42.33705,0.0],[-71.11144,42.33714,0.0],[-71.11144,42.33715,0.0],[-71.11147,42.33719,0.0],[-71.11155,42.33731,0.0],[-71.1116,42.33741,0.0],[-71.1116,42.33752,0.0],[-71.1116,42.33759,0.0],[-71.11158,42.33766,0.0],[-71.11152,42.33783,0.0],[-71.11146,42.33796,0.0],[-71.11143,42.33803,0.0],[-71.11134,42.33827,0.0],[-71.11118,42.3386,0.0],[-71.11115,42.33867,0.0],[-71.11109,42.3388,0.0],[-71.11106,42.33891,0.0],[-71.11102,42.33908,0.0],[-71.11091,42.33975,0.0],[-71.1109,42.33978,0.0],[-71.11087,42.33989,0.0],[-71.11079,42.3401,0.0],[-71.11075,42.3402,0.0],[-71.11073,42.34023,0.0],[-71.11068,42.34033,0.0],[-71.11066,42.34038,0.0],[-71.11064,42.34042,0.0],[-71.11061,42.34044,0.0],[-71.11057,42.34046,0.0],[-71.11053,42.34049,0.0],[-71.1105,42.34051,0.0],[-71.11013,42.34076,0.0],[-71.10899,42.34151,0.0],[-71.10862,42.34176,0.0],[-71.10855,42.34181,0.0],[-71.10844,42.34188,0.0],[-71.10841,42.3419,0.0],[-71.10792,42.34228,0.0],[-71.10774,42.34241,0.0],[-71.10768,42.34247,0.0],[-71.10757,42.34255,0.0],[-71.10747,42.34263,0.0],[-71.1074,42.34268,0.0],[-71.10734,42.34273,0.0],[-71.10724,42.3428,0.0],[-71.10715,42.34288,0.0],[-71.10708,42.34293,0.0],[-71.10685,42.3431,0.0],[-71.10617,42.34364,0.0],[-71.10604,42.34374,0.0],[-71.10598,42.34378,0.0],[-71.10596,42.3438,0.0],[-71.10594,42.34382,0.0],[-71.10588,42.34384,0.0],[-71.10567,42.34387,0.0],[-71.10562,42.34389,0.0],[-71.10553,42.34392,0.0],[-71.10529,42.34416,0.0],[-71.1052,42.34422,0.0],[-71.10513,42.34423,0.0],[-71.10501,42.34422,0.0],[-71.10488,42.34419,0.0],[-71.10482,42.34415,0.0],[-71.10482,42.34411,0.0],[-71.10492,42.34409,0.0],[-71.10513,42.34406,0.0],[-71.10519,42.34403,0.0],[-71.10523,42.34399,0.0],[-71.10471,42.34407,0.0],[-71.10439,42.34413,0.0],[-71.10431,42.34409,0.0],[-71.10421,42.34411,0.0],[-71.10405,42.34413,0.0],[-71.10389,42.34412,0.0],[-71.10374,42.3441,0.0],[-71.10361,42.34407,0.0],[-71.1034,42.34397,0.0],[-71.1031,42.34372,0.0],[-71.10282,42.34352,0.0],[-71.10252,42.34338,0.0],[-71.10247,42.3432,0.0],[-71.10235,42.34306,0.0],[-71.10207,42.34276,0.0],[-71.10182,42.34251,0.0],[-71.10107,42.34175,0.0],[-71.10077,42.34145,0.0],[-71.10045,42.34117,0.0],[-71.10031,42.34105,0.0],[-71.10018,42.34098,0.0],[-71.09999,42.34089,0.0],[-71.0998,42.34081,0.0],[-71.09954,42.34071,0.0],[-71.09926,42.34064,0.0],[-71.09906,42.34062,0.0],[-71.09888,42.34064,0.0],[-71.09863,42.34071,0.0],[-71.09841,42.3408,0.0],[-71.09836,42.34082,0.0],[-71.09819,42.34093,0.0],[-71.0979,42.34116,0.0],[-71.09752,42.34147,0.0],[-71.09735,42.34159,0.0],[-71.09716,42.34168,0.0],[-71.09649,42.34185,0.0],[-71.0959,42.34202,0.0],[-71.09563,42.34209,0.0],[-71.09549,42.34214,0.0],[-71.09531,42.34223,0.0],[-71.09507,42.34236,0.0],[-71.09484,42.34257,0.0],[-71.09469,42.34276,0.0],[-71.09461,42.34295,0.0],[-71.09458,42.3431,0.0],[-71.09458,42.34314,0.0],[-71.09461,42.34352,0.0],[-71.09468,42.34381,0.0],[-71.0947,42.34405,0.0],[-71.0947,42.34425,0.0],[-71.09464,42.34456,0.0],[-71.09461,42.3447,0.0],[-71.09457,42.34486,0.0],[-71.0944,42.34533,0.0],[-71.0943,42.34559,0.0],[-71.09419,42.34571,0.0],[-71.0933,42.34652,0.0],[-71.0931,42.34668,0.0],[-71.0929,42.34677,0.0],[-71.0927,42.34684,0.0],[-71.09249,42.34692,0.0],[-71.09239,42.34697,0.0],[-71.0923,42.34705,0.0],[-71.09227,42.34712,0.0],[-71.09223,42.347,0.0],[-71.09216,42.34694,0.0],[-71.09212,42.34691,0.0],[-71.09208,42.34688,0.0],[-71.09204,42.34686,0.0],[-71.09201,42.34684,0.0],[-71.09185,42.34676,0.0],[-71.0916,42.34669,0.0],[-71.09137,42.34663,0.0],[-71.09109,42.34658,0.0],[-71.0909,42.34655,0.0]]]]}},{"type":"Feature","properties":{"uesi_id":"USA_R2315704","nbhd_code":"USA_R2315704_70","nbhd_name":"14000US25025100200"},"geometry":{"type":"MultiPolygon","coordinates":[[[[-71.07919,42.28815,0.0],[-71.07951,42.28769,0.0],[-71.07986,42.28727,0.0],[-71.07999,42.28715,0.0],[-71.08037,42.28679,0.0],[-71.08056,42.28663,0.0],[-71.08089,42.28631,0.0],[-71.08122,42.28602,0.0],[-71.08205,42.28528,0.0],[-71.08243,42.28493,0.0],[-71.0828,42.28454,0.0],[-71.08305,42.28425,0.0],[-71.08328,42.28394,0.0],[-71.08382,42.28325,0.0],[-71.08546,42.28105,0.0],[-71.0855,42.281,0.0],[-71.08551,42.281,0.0],[-71.08603,42.28111,0.0],[-71.0863,42.28118,0.0],[-71.08654,42.28126,0.0],[-71.0867,42.28135,0.0],[-71.08705,42.28157,0.0],[-71.08741,42.28181,0.0],[-71.08797,42.2822,0.0],[-71.08821,42.28234,0.0],[-71.08855,42.28256,0.0],[-71.08878,42.28271,0.0],[-71.08893,42.28286,0.0],[-71.08901,42.28298,0.0],[-71.08911,42.28314,0.0],[-71.08915,42.28327,0.0],[-71.08924,42.28349,0.0],[-71.0893,42.28358,0.0],[-71.08943,42.28372,0.0],[-71.08956,42.28383,0.0],[-71.08967,42.28389,0.0],[-71.08979,42.28394,0.0],[-71.09068,42.28411,0.0],[-71.09138,42.28425,0.0],[-71.09155,42.28428,0.0],[-71.09127,42.28503,0.0],[-71.09115,42.28544,0.0],[-71.09111,42.28557,0.0],[-71.09088,42.28565,0.0],[-71.08975,42.28591,0.0],[-71.08876,42.28612,0.0],[-71.08816,42.28625,0.0],[-71.08777,42.28634,0.0],[-71.08707,42.28649,0.0],[-71.08655,42.28662,0.0],[-71.08599,42.28674,0.0],[-71.08578,42.28678,0.0],[-71.08512,42.28693,0.0],[-71.08427,42.28711,0.0],[-71.0833,42.28734,0.0],[-71.08125,42.2878,0.0],[-71.08079,42.2879,0.0],[-71.08027,42.28801,0.0],[-71.08002,42.28807,0.0],[-71.07976,42.28812,0.0],[-71.0795,42.28816,0.0],[-71.07928,42.28815,0.0],[-71.07919,42.28815,0.0]]]]}},{"type":"Feature","properties":{"uesi_id":"USA_R2315704","nbhd_code":"USA_R2315704_71","nbhd_name":"14000US25025081200"},"geometry":{"type":"MultiPolygon","coordinates":[[[[-71.10011,42.32643,0.0],[-71.09976,42.3264,0.0],[-71.09963,42.32638,0.0],[-71.09928,42.32637,0.0],[-71.09937,42.32623,0.0],[-71.09949,42.32595,0.0],[-71.09963,42.32557,0.0],[-71.09971,42.32543,0.0],[-71.09963,42.32536,0.0],[-71.09948,42.3252,0.0],[-71.09938,42.32514,0.0],[-71.09915,42.32507,0.0],[-71.099,42.32504,0.0],[-71.09892,42.32503,0.0],[-71.09907,42.32458,0.0],[-71.09932,42.324,0.0],[-71.0995,42.32362,0.0],[-71.09975,42.32318,0.0],[-71.10002,42.32278,0.0],[-71.10036,42.32282,0.0],[-71.10059,42.32282,0.0],[-71.10062,42.32283,0.0],[-71.10134,42.32287,0.0],[-71.10174,42.3229,0.0],[-71.10211,42.32292,0.0],[-71.10218,42.32292,0.0],[-71.10247,42.32293,0.0],[-71.10286,42.32293,0.0],[-71.10322,42.32291,0.0],[-71.10351,42.32289,0.0],[-71.10361,42.32288,0.0],[-71.10402,42.32283,0.0],[-71.10487,42.32273,0.0],[-71.10516,42.32271,0.0],[-71.10583,42.32264,0.0],[-71.10657,42.32257,0.0],[-71.10685,42.32253,0.0],[-71.10784,42.32245,0.0],[-71.10799,42.32245,0.0],[-71.10845,42.3224,0.0],[-71.10844,42.32248,0.0],[-71.10837,42.32284,0.0],[-71.10827,42.32319,0.0],[-71.10848,42.32323,0.0],[-71.10873,42.32327,0.0],[-71.10889,42.32327,0.0],[-71.10897,42.32326,0.0],[-71.10955,42.32338,0.0],[-71.10945,42.32351,0.0],[-71.10933,42.32364,0.0],[-71.10914,42.32383,0.0],[-71.10895,42.32402,0.0],[-71.10871,42.32422,0.0],[-71.10835,42.32444,0.0],[-71.10827,42.32449,0.0],[-71.10805,42.32462,0.0],[-71.10793,42.32473,0.0],[-71.10785,42.32481,0.0],[-71.10782,42.32491,0.0],[-71.10779,42.32496,0.0],[-71.10778,42.32509,0.0],[-71.10776,42.32522,0.0],[-71.10772,42.32532,0.0],[-71.10764,42.32542,0.0],[-71.10751,42.32551,0.0],[-71.10741,42.32553,0.0],[-71.10734,42.32553,0.0],[-71.10725,42.32552,0.0],[-71.10681,42.32574,0.0],[-71.10679,42.32586,0.0],[-71.10654,42.32652,0.0],[-71.10629,42.32638,0.0],[-71.10594,42.32626,0.0],[-71.10565,42.32617,0.0],[-71.10545,42.32614,0.0],[-71.10523,42.32612,0.0],[-71.10489,42.3261,0.0],[-71.10462,42.3261,0.0],[-71.10436,42.32611,0.0],[-71.10419,42.32613,0.0],[-71.10406,42.32615,0.0],[-71.10367,42.32619,0.0],[-71.10291,42.32629,0.0],[-71.10229,42.32636,0.0],[-71.10213,42.32637,0.0],[-71.10179,42.3264,0.0],[-71.10169,42.32641,0.0],[-71.10135,42.32643,0.0],[-71.10119,42.32643,0.0],[-71.10079,42.32643,0.0],[-71.10011,42.32643,0.0]]]]}},{"type":"Feature","properties":{"uesi_id":"USA_R2315704","nbhd_code":"USA_R2315704_72","nbhd_name":"14000US25025081100"},"geometry":{"type":"MultiPolygon","coordinates":[[[[-71.09937,42.328,0.0],[-71.09943,42.32783,0.0],[-71.09953,42.32755,0.0],[-71.09962,42.3271,0.0],[-71.09968,42.32686,0.0],[-71.09975,42.32672,0.0],[-71.09985,42.32662,0.0],[-71.10011,42.32643,0.0],[-71.10079,42.32643,0.0],[-71.10119,42.32643,0.0],[-71.10135,42.32643,0.0],[-71.10169,42.32641,0.0],[-71.10179,42.3264,0.0],[-71.10213,42.32637,0.0],[-71.10229,42.32636,0.0],[-71.10291,42.32629,0.0],[-71.10367,42.32619,0.0],[-71.10406,42.32615,0.0],[-71.10419,42.32613,0.0],[-71.10436,42.32611,0.0],[-71.10462,42.3261,0.0],[-71.10489,42.3261,0.0],[-71.10523,42.32612,0.0],[-71.10545,42.32614,0.0],[-71.10565,42.32617,0.0],[-71.10594,42.32626,0.0],[-71.10629,42.32638,0.0],[-71.10654,42.32652,0.0],[-71.10659,42.32654,0.0],[-71.10689,42.32673,0.0],[-71.10708,42.32686,0.0],[-71.10718,42.32691,0.0],[-71.1074,42.32698,0.0],[-71.10781,42.32713,0.0],[-71.10822,42.32727,0.0],[-71.10833,42.32733,0.0],[-71.10859,42.32747,0.0],[-71.10878,42.32759,0.0],[-71.10925,42.32794,0.0],[-71.1094,42.32805,0.0],[-71.10982,42.32835,0.0],[-71.10987,42.32838,0.0],[-71.11002,42.3285,0.0],[-71.11043,42.32877,0.0],[-71.11064,42.32892,0.0],[-71.11083,42.32908,0.0],[-71.11078,42.32894,0.0],[-71.11074,42.32877,0.0],[-71.11071,42.32865,0.0],[-71.11071,42.32849,0.0],[-71.11075,42.32826,0.0],[-71.11081,42.32799,0.0],[-71.1109,42.32767,0.0],[-71.111,42.32741,0.0],[-71.11114,42.32706,0.0],[-71.11131,42.3267,0.0],[-71.1114,42.32654,0.0],[-71.11145,42.32645,0.0],[-71.1119,42.32573,0.0],[-71.11201,42.3255,0.0],[-71.11211,42.32522,0.0],[-71.11219,42.32497,0.0],[-71.11223,42.32475,0.0],[-71.11226,42.32456,0.0],[-71.11227,42.32433,0.0],[-71.11226,42.32391,0.0],[-71.11224,42.3236,0.0],[-71.1122,42.32313,0.0],[-71.11283,42.3232,0.0],[-71.11326,42.32322,0.0],[-71.11385,42.32329,0.0],[-71.1141,42.32332,0.0],[-71.11435,42.32337,0.0],[-71.11467,42.32344,0.0],[-71.11508,42.32358,0.0],[-71.11502,42.32365,0.0],[-71.11491,42.32383,0.0],[-71.11481,42.32407,0.0],[-71.11471,42.32431,0.0],[-71.11466,42.3244,0.0],[-71.1145,42.3246,0.0],[-71.11431,42.32474,0.0],[-71.11404,42.32488,0.0],[-71.1136,42.32508,0.0],[-71.11335,42.32519,0.0],[-71.11317,42.32529,0.0],[-71.11303,42.32541,0.0],[-71.11292,42.32555,0.0],[-71.11286,42.32572,0.0],[-71.11283,42.32588,0.0],[-71.11282,42.32653,0.0],[-71.11281,42.32665,0.0],[-71.11275,42.32683,0.0],[-71.11262,42.32707,0.0],[-71.11236,42.32744,0.0],[-71.11223,42.32767,0.0],[-71.1121,42.32794,0.0],[-71.11196,42.3284,0.0],[-71.11193,42.32866,0.0],[-71.11194,42.32892,0.0],[-71.11198,42.32922,0.0],[-71.11203,42.32937,0.0],[-71.11228,42.32982,0.0],[-71.11255,42.33017,0.0],[-71.11289,42.3306,0.0],[-71.11299,42.33074,0.0],[-71.11306,42.33086,0.0],[-71.11307,42.33091,0.0],[-71.11314,42.33116,0.0],[-71.11315,42.33133,0.0],[-71.11311,42.33154,0.0],[-71.11306,42.33178,0.0],[-71.11306,42.33181,0.0],[-71.11305,42.33185,0.0],[-71.11302,42.33194,0.0],[-71.1129,42.33195,0.0],[-71.11272,42.33196,0.0],[-71.11231,42.33201,0.0],[-71.1123,42.33201,0.0],[-71.11212,42.33206,0.0],[-71.11188,42.33217,0.0],[-71.11183,42.33218,0.0],[-71.11152,42.33237,0.0],[-71.11121,42.33252,0.0],[-71.11097,42.33267,0.0],[-71.11081,42.33276,0.0],[-71.11042,42.33297,0.0],[-71.11024,42.33305,0.0],[-71.1101,42.33311,0.0],[-71.10987,42.33317,0.0],[-71.10959,42.33321,0.0],[-71.10959,42.33308,0.0],[-71.10957,42.33257,0.0],[-71.10957,42.33217,0.0],[-71.10958,42.33201,0.0],[-71.10959,42.33145,0.0],[-71.1096,42.33122,0.0],[-71.10958,42.33107,0.0],[-71.10956,42.33098,0.0],[-71.10954,42.33095,0.0],[-71.10951,42.33091,0.0],[-71.10935,42.33084,0.0],[-71.1089,42.33072,0.0],[-71.1085,42.33061,0.0],[-71.10812,42.3305,0.0],[-71.10803,42.33048,0.0],[-71.10695,42.33021,0.0],[-71.10677,42.33016,0.0],[-71.10646,42.33067,0.0],[-71.10351,42.32993,0.0],[-71.10285,42.32978,0.0],[-71.10261,42.32974,0.0],[-71.10201,42.3296,0.0],[-71.10153,42.32948,0.0],[-71.10139,42.32942,0.0],[-71.10128,42.32936,0.0],[-71.10116,42.32927,0.0],[-71.10078,42.3289,0.0],[-71.10039,42.3285,0.0],[-71.1001,42.32821,0.0],[-71.09962,42.32807,0.0],[-71.09937,42.328,0.0]]]]}},{"type":"Feature","properties":{"uesi_id":"USA_R2315704","nbhd_code":"USA_R2315704_73","nbhd_name":"14000US25025080900"},"geometry":{"type":"MultiPolygon","coordinates":[[[[-71.09719,42.33179,0.0],[-71.09731,42.33148,0.0],[-71.0975,42.33099,0.0],[-71.0976,42.33078,0.0],[-71.09768,42.3307,0.0],[-71.09795,42.33051,0.0],[-71.09804,42.33046,0.0],[-71.0984,42.33016,0.0],[-71.0985,42.33008,0.0],[-71.09865,42.3299,0.0],[-71.09874,42.32976,0.0],[-71.09876,42.32972,0.0],[-71.09882,42.32958,0.0],[-71.0989,42.32932,0.0],[-71.09891,42.32929,0.0],[-71.09894,42.32914,0.0],[-71.0995,42.3294,0.0],[-71.10019,42.32973,0.0],[-71.1005,42.32987,0.0],[-71.10064,42.32993,0.0],[-71.10086,42.33001,0.0],[-71.10105,42.33006,0.0],[-71.10157,42.33018,0.0],[-71.10229,42.33036,0.0],[-71.10308,42.33054,0.0],[-71.10437,42.33084,0.0],[-71.10517,42.33102,0.0],[-71.10508,42.33119,0.0],[-71.10498,42.3314,0.0],[-71.10481,42.33182,0.0],[-71.10474,42.33202,0.0],[-71.10512,42.3322,0.0],[-71.10561,42.33241,0.0],[-71.10526,42.33312,0.0],[-71.10516,42.33331,0.0],[-71.10497,42.33369,0.0],[-71.10488,42.33389,0.0],[-71.10486,42.33405,0.0],[-71.10491,42.3342,0.0],[-71.10445,42.33439,0.0],[-71.10378,42.33466,0.0],[-71.10323,42.33487,0.0],[-71.10307,42.33493,0.0],[-71.10243,42.33516,0.0],[-71.10195,42.33529,0.0],[-71.10143,42.33547,0.0],[-71.10123,42.33554,0.0],[-71.10093,42.33566,0.0],[-71.10068,42.33578,0.0],[-71.10031,42.33595,0.0],[-71.10022,42.33592,0.0],[-71.1001,42.33585,0.0],[-71.09998,42.33578,0.0],[-71.09989,42.33571,0.0],[-71.09983,42.33564,0.0],[-71.0998,42.33558,0.0],[-71.09974,42.33549,0.0],[-71.09979,42.33541,0.0],[-71.10005,42.335,0.0],[-71.10037,42.3345,0.0],[-71.10052,42.33428,0.0],[-71.10082,42.33381,0.0],[-71.10099,42.33354,0.0],[-71.10132,42.33297,0.0],[-71.10062,42.33271,0.0],[-71.10004,42.33249,0.0],[-71.09972,42.3324,0.0],[-71.09959,42.33237,0.0],[-71.09932,42.33228,0.0],[-71.09902,42.33219,0.0],[-71.0979,42.33191,0.0],[-71.09769,42.33188,0.0],[-71.09755,42.33185,0.0],[-71.09719,42.33179,0.0]]]]}},{"type":"Feature","properties":{"uesi_id":"USA_R2315704","nbhd_code":"USA_R2315704_74","nbhd_name":"14000US25025080801"},"geometry":{"type":"MultiPolygon","coordinates":[[[[-71.09052,42.33567,0.0],[-71.09241,42.33404,0.0],[-71.09308,42.33351,0.0],[-71.09351,42.33317,0.0],[-71.09438,42.33244,0.0],[-71.09445,42.33239,0.0],[-71.09535,42.33156,0.0],[-71.09592,42.33162,0.0],[-71.09614,42.33165,0.0],[-71.09719,42.33179,0.0],[-71.09755,42.33185,0.0],[-71.09769,42.33188,0.0],[-71.0979,42.33191,0.0],[-71.09902,42.33219,0.0],[-71.09932,42.33228,0.0],[-71.09959,42.33237,0.0],[-71.09972,42.3324,0.0],[-71.10004,42.33249,0.0],[-71.10062,42.33271,0.0],[-71.10132,42.33297,0.0],[-71.10099,42.33354,0.0],[-71.10082,42.33381,0.0],[-71.10052,42.33428,0.0],[-71.10037,42.3345,0.0],[-71.10005,42.335,0.0],[-71.09979,42.33541,0.0],[-71.09974,42.33549,0.0],[-71.0998,42.33558,0.0],[-71.09983,42.33564,0.0],[-71.09989,42.33571,0.0],[-71.09998,42.33578,0.0],[-71.1001,42.33585,0.0],[-71.10022,42.33592,0.0],[-71.10031,42.33595,0.0],[-71.09956,42.33626,0.0],[-71.09888,42.3365,0.0],[-71.09813,42.33679,0.0],[-71.09761,42.337,0.0],[-71.09725,42.33714,0.0],[-71.09695,42.33727,0.0],[-71.09683,42.33732,0.0],[-71.09575,42.33774,0.0],[-71.09566,42.3377,0.0],[-71.0956,42.33767,0.0],[-71.09549,42.33763,0.0],[-71.09524,42.33754,0.0],[-71.09501,42.33747,0.0],[-71.09426,42.33721,0.0],[-71.09367,42.33697,0.0],[-71.09306,42.33674,0.0],[-71.09299,42.33672,0.0],[-71.09252,42.33653,0.0],[-71.09203,42.33633,0.0],[-71.09124,42.33603,0.0],[-71.09105,42.33594,0.0],[-71.09081,42.33585,0.0],[-71.09065,42.33575,0.0],[-71.09058,42.33572,0.0],[-71.09052,42.33567,0.0]]]]}},{"type":"Feature","properties":{"uesi_id":"USA_R2315704","nbhd_code":"USA_R2315704_75","nbhd_name":"14000US25025080601"},"geometry":{"type":"MultiPolygon","coordinates":[[[[-71.08197,42.33842,0.0],[-71.08248,42.33816,0.0],[-71.08298,42.3379,0.0],[-71.08323,42.33777,0.0],[-71.08329,42.33774,0.0],[-71.08338,42.33769,0.0],[-71.0838,42.33745,0.0],[-71.08398,42.33735,0.0],[-71.08434,42.33715,0.0],[-71.08484,42.33687,0.0],[-71.08538,42.33658,0.0],[-71.08598,42.33626,0.0],[-71.08639,42.33603,0.0],[-71.08701,42.3357,0.0],[-71.0875,42.33549,0.0],[-71.08812,42.33523,0.0],[-71.08843,42.33508,0.0],[-71.08849,42.3349,0.0],[-71.08841,42.33475,0.0],[-71.08832,42.33465,0.0],[-71.08825,42.33459,0.0],[-71.08776,42.33431,0.0],[-71.08746,42.33413,0.0],[-71.08704,42.33385,0.0],[-71.08672,42.33368,0.0],[-71.08589,42.33318,0.0],[-71.08556,42.333,0.0],[-71.08504,42.33272,0.0],[-71.08535,42.33234,0.0],[-71.08538,42.33231,0.0],[-71.08568,42.33192,0.0],[-71.08579,42.33172,0.0],[-71.08616,42.3313,0.0],[-71.08626,42.33115,0.0],[-71.08625,42.33109,0.0],[-71.08618,42.33103,0.0],[-71.08575,42.33085,0.0],[-71.08535,42.33067,0.0],[-71.08522,42.33061,0.0],[-71.08503,42.33084,0.0],[-71.08463,42.33066,0.0],[-71.08416,42.33041,0.0],[-71.08405,42.33032,0.0],[-71.08372,42.33048,0.0],[-71.08334,42.33061,0.0],[-71.0832,42.33069,0.0],[-71.08299,42.33084,0.0],[-71.08306,42.33067,0.0],[-71.08311,42.33051,0.0],[-71.08316,42.33032,0.0],[-71.0832,42.33011,0.0],[-71.08336,42.32942,0.0],[-71.08346,42.3288,0.0],[-71.08347,42.32872,0.0],[-71.08345,42.32866,0.0],[-71.08393,42.32871,0.0],[-71.0844,42.32877,0.0],[-71.0849,42.32885,0.0],[-71.08499,42.32888,0.0],[-71.08616,42.32847,0.0],[-71.08637,42.32838,0.0],[-71.08658,42.32828,0.0],[-71.08674,42.32816,0.0],[-71.08679,42.32811,0.0],[-71.08685,42.32804,0.0],[-71.08694,42.3279,0.0],[-71.08696,42.32787,0.0],[-71.087,42.32779,0.0],[-71.08767,42.32792,0.0],[-71.08806,42.32803,0.0],[-71.08818,42.32808,0.0],[-71.08828,42.32813,0.0],[-71.08923,42.32876,0.0],[-71.08955,42.32896,0.0],[-71.08974,42.32909,0.0],[-71.0901,42.32946,0.0],[-71.09022,42.32961,0.0],[-71.09033,42.32963,0.0],[-71.09044,42.32967,0.0],[-71.09094,42.32985,0.0],[-71.09124,42.32995,0.0],[-71.09144,42.33005,0.0],[-71.09108,42.33013,0.0],[-71.09082,42.33017,0.0],[-71.09034,42.33026,0.0],[-71.0896,42.33033,0.0],[-71.08955,42.33033,0.0],[-71.08888,42.33038,0.0],[-71.08861,42.3304,0.0],[-71.08847,42.33043,0.0],[-71.08837,42.33049,0.0],[-71.08834,42.33051,0.0],[-71.08819,42.33062,0.0],[-71.08878,42.3308,0.0],[-71.08941,42.33098,0.0],[-71.09013,42.33112,0.0],[-71.09053,42.33118,0.0],[-71.09099,42.33122,0.0],[-71.09145,42.33125,0.0],[-71.09162,42.33126,0.0],[-71.09211,42.33128,0.0],[-71.0929,42.33128,0.0],[-71.09348,42.33131,0.0],[-71.09381,42.33134,0.0],[-71.09396,42.33136,0.0],[-71.0944,42.33142,0.0],[-71.0946,42.33145,0.0],[-71.0949,42.33149,0.0],[-71.09535,42.33156,0.0],[-71.09445,42.33239,0.0],[-71.09438,42.33244,0.0],[-71.09351,42.33317,0.0],[-71.09308,42.33351,0.0],[-71.09241,42.33404,0.0],[-71.09052,42.33567,0.0],[-71.09038,42.33578,0.0],[-71.09011,42.33599,0.0],[-71.08935,42.33662,0.0],[-71.08824,42.33756,0.0],[-71.08812,42.33765,0.0],[-71.08673,42.33869,0.0],[-71.08503,42.34001,0.0],[-71.08468,42.3403,0.0],[-71.08441,42.34,0.0],[-71.08427,42.33994,0.0],[-71.08368,42.33956,0.0],[-71.08366,42.33954,0.0],[-71.08331,42.33932,0.0],[-71.08261,42.33886,0.0],[-71.08197,42.33842,0.0]]]]}},{"type":"Feature","properties":{"uesi_id":"USA_R2315704","nbhd_code":"USA_R2315704_76","nbhd_name":"14000US25025080500"},"geometry":{"type":"MultiPolygon","coordinates":[[[[-71.07762,42.33601,0.0],[-71.07804,42.3357,0.0],[-71.07843,42.3354,0.0],[-71.07854,42.33531,0.0],[-71.07874,42.33514,0.0],[-71.07883,42.33507,0.0],[-71.07935,42.33466,0.0],[-71.07952,42.33452,0.0],[-71.07991,42.33419,0.0],[-71.0803,42.3338,0.0],[-71.08043,42.33364,0.0],[-71.08063,42.33338,0.0],[-71.08094,42.33294,0.0],[-71.08111,42.33302,0.0],[-71.08164,42.33329,0.0],[-71.08252,42.3338,0.0],[-71.08337,42.33427,0.0],[-71.08395,42.33456,0.0],[-71.08432,42.33472,0.0],[-71.08455,42.33481,0.0],[-71.08461,42.33483,0.0],[-71.08515,42.33502,0.0],[-71.08535,42.33508,0.0],[-71.08548,42.33497,0.0],[-71.08569,42.33481,0.0],[-71.08576,42.33479,0.0],[-71.08582,42.33474,0.0],[-71.08617,42.3343,0.0],[-71.08688,42.3346,0.0],[-71.08696,42.33461,0.0],[-71.08699,42.33461,0.0],[-71.08703,42.3346,0.0],[-71.08746,42.33413,0.0],[-71.08776,42.33431,0.0],[-71.08825,42.33459,0.0],[-71.08832,42.33465,0.0],[-71.08841,42.33475,0.0],[-71.08849,42.3349,0.0],[-71.08843,42.33508,0.0],[-71.08812,42.33523,0.0],[-71.0875,42.33549,0.0],[-71.08701,42.3357,0.0],[-71.08639,42.33603,0.0],[-71.08598,42.33626,0.0],[-71.08538,42.33658,0.0],[-71.08484,42.33687,0.0],[-71.08434,42.33715,0.0],[-71.08398,42.33735,0.0],[-71.0838,42.33745,0.0],[-71.08338,42.33769,0.0],[-71.08329,42.33774,0.0],[-71.08323,42.33777,0.0],[-71.08298,42.3379,0.0],[-71.08248,42.33816,0.0],[-71.08197,42.33842,0.0],[-71.08156,42.33811,0.0],[-71.08094,42.33766,0.0],[-71.0802,42.33717,0.0],[-71.07927,42.33655,0.0],[-71.07872,42.33689,0.0],[-71.07811,42.3364,0.0],[-71.07762,42.33601,0.0]]]]}},{"type":"Feature","properties":{"uesi_id":"USA_R2315704","nbhd_code":"USA_R2315704_77","nbhd_name":"14000US25025080401"},"geometry":{"type":"MultiPolygon","coordinates":[[[[-71.07436,42.33286,0.0],[-71.07454,42.33271,0.0],[-71.07477,42.33254,0.0],[-71.07514,42.3323,0.0],[-71.07565,42.332,0.0],[-71.07617,42.33171,0.0],[-71.07688,42.33126,0.0],[-71.07699,42.3312,0.0],[-71.07747,42.33091,0.0],[-71.07795,42.33061,0.0],[-71.07832,42.33038,0.0],[-71.07868,42.33014,0.0],[-71.0787,42.33002,0.0],[-71.07881,42.32974,0.0],[-71.07891,42.32952,0.0],[-71.07893,42.32946,0.0],[-71.07902,42.3293,0.0],[-71.07912,42.32895,0.0],[-71.07926,42.32852,0.0],[-71.07943,42.32853,0.0],[-71.08,42.32853,0.0],[-71.08025,42.32853,0.0],[-71.08089,42.32851,0.0],[-71.08131,42.3285,0.0],[-71.08134,42.32849,0.0],[-71.08152,42.32849,0.0],[-71.08275,42.32861,0.0],[-71.08345,42.32866,0.0],[-71.08347,42.32872,0.0],[-71.08346,42.3288,0.0],[-71.08336,42.32942,0.0],[-71.0832,42.33011,0.0],[-71.08316,42.33032,0.0],[-71.08311,42.33051,0.0],[-71.08306,42.33067,0.0],[-71.08299,42.33084,0.0],[-71.0832,42.33069,0.0],[-71.08334,42.33061,0.0],[-71.08372,42.33048,0.0],[-71.08405,42.33032,0.0],[-71.08416,42.33041,0.0],[-71.08463,42.33066,0.0],[-71.08503,42.33084,0.0],[-71.08522,42.33061,0.0],[-71.08535,42.33067,0.0],[-71.08575,42.33085,0.0],[-71.08618,42.33103,0.0],[-71.08625,42.33109,0.0],[-71.08626,42.33115,0.0],[-71.08616,42.3313,0.0],[-71.08579,42.33172,0.0],[-71.08568,42.33192,0.0],[-71.08538,42.33231,0.0],[-71.08535,42.33234,0.0],[-71.08504,42.33272,0.0],[-71.08556,42.333,0.0],[-71.08589,42.33318,0.0],[-71.08672,42.33368,0.0],[-71.08704,42.33385,0.0],[-71.08746,42.33413,0.0],[-71.08703,42.3346,0.0],[-71.08699,42.33461,0.0],[-71.08696,42.33461,0.0],[-71.08688,42.3346,0.0],[-71.08617,42.3343,0.0],[-71.08582,42.33474,0.0],[-71.08576,42.33479,0.0],[-71.08569,42.33481,0.0],[-71.08548,42.33497,0.0],[-71.08535,42.33508,0.0],[-71.08515,42.33502,0.0],[-71.08461,42.33483,0.0],[-71.08455,42.33481,0.0],[-71.08432,42.33472,0.0],[-71.08395,42.33456,0.0],[-71.08337,42.33427,0.0],[-71.08252,42.3338,0.0],[-71.08164,42.33329,0.0],[-71.08111,42.33302,0.0],[-71.08094,42.33294,0.0],[-71.08063,42.33338,0.0],[-71.08043,42.33364,0.0],[-71.0803,42.3338,0.0],[-71.07991,42.33419,0.0],[-71.07952,42.33452,0.0],[-71.07935,42.33466,0.0],[-71.07883,42.33507,0.0],[-71.07874,42.33514,0.0],[-71.07854,42.33531,0.0],[-71.07843,42.3354,0.0],[-71.07804,42.3357,0.0],[-71.07762,42.33601,0.0],[-71.07713,42.33557,0.0],[-71.07638,42.33497,0.0],[-71.07622,42.33484,0.0],[-71.07578,42.3345,0.0],[-71.07605,42.3343,0.0],[-71.07671,42.33386,0.0],[-71.07705,42.33362,0.0],[-71.07612,42.33282,0.0],[-71.07504,42.3335,0.0],[-71.07486,42.33324,0.0],[-71.07471,42.3331,0.0],[-71.07458,42.33298,0.0],[-71.07436,42.33286,0.0]]]]}},{"type":"Feature","properties":{"uesi_id":"USA_R2315704","nbhd_code":"USA_R2315704_78","nbhd_name":"14000US25025080300"},"geometry":{"type":"MultiPolygon","coordinates":[[[[-71.0796,42.32417,0.0],[-71.08015,42.32456,0.0],[-71.08054,42.32482,0.0],[-71.08121,42.3253,0.0],[-71.08161,42.32556,0.0],[-71.08176,42.32562,0.0],[-71.08187,42.32566,0.0],[-71.08219,42.32573,0.0],[-71.08331,42.32597,0.0],[-71.08327,42.32613,0.0],[-71.08327,42.32614,0.0],[-71.08318,42.32662,0.0],[-71.08309,42.32727,0.0],[-71.08307,42.32746,0.0],[-71.08304,42.32775,0.0],[-71.08304,42.32791,0.0],[-71.08306,42.328,0.0],[-71.08311,42.32813,0.0],[-71.08322,42.32833,0.0],[-71.08337,42.32853,0.0],[-71.08345,42.32866,0.0],[-71.08275,42.32861,0.0],[-71.08152,42.32849,0.0],[-71.08134,42.32849,0.0],[-71.08131,42.3285,0.0],[-71.08089,42.32851,0.0],[-71.08025,42.32853,0.0],[-71.08,42.32853,0.0],[-71.07943,42.32853,0.0],[-71.07926,42.32852,0.0],[-71.07912,42.32895,0.0],[-71.07902,42.3293,0.0],[-71.07893,42.32946,0.0],[-71.07891,42.32952,0.0],[-71.07881,42.32974,0.0],[-71.0787,42.33002,0.0],[-71.07868,42.33014,0.0],[-71.07832,42.33038,0.0],[-71.07795,42.33061,0.0],[-71.07747,42.33091,0.0],[-71.07722,42.33067,0.0],[-71.07687,42.33032,0.0],[-71.0768,42.33027,0.0],[-71.07625,42.32979,0.0],[-71.07561,42.32923,0.0],[-71.07544,42.32914,0.0],[-71.0753,42.32909,0.0],[-71.07515,42.32907,0.0],[-71.07499,42.32908,0.0],[-71.075,42.3289,0.0],[-71.07502,42.32869,0.0],[-71.07507,42.32833,0.0],[-71.07514,42.32773,0.0],[-71.0752,42.32728,0.0],[-71.07521,42.32704,0.0],[-71.07527,42.3265,0.0],[-71.07529,42.32613,0.0],[-71.07525,42.32597,0.0],[-71.07533,42.32607,0.0],[-71.07556,42.32628,0.0],[-71.07612,42.32672,0.0],[-71.07627,42.32684,0.0],[-71.07662,42.32713,0.0],[-71.07691,42.32689,0.0],[-71.07736,42.32653,0.0],[-71.0777,42.32626,0.0],[-71.07793,42.32608,0.0],[-71.07818,42.32589,0.0],[-71.07774,42.32558,0.0],[-71.07808,42.32533,0.0],[-71.07865,42.32488,0.0],[-71.07945,42.32427,0.0],[-71.0796,42.32417,0.0]]]]}},{"type":"Feature","properties":{"uesi_id":"USA_R2315704","nbhd_code":"USA_R2315704_79","nbhd_name":"14000US25025071101"},"geometry":{"type":"MultiPolygon","coordinates":[[[[-71.06922,42.33479,0.0],[-71.06945,42.33467,0.0],[-71.06989,42.33445,0.0],[-71.07017,42.3343,0.0],[-71.07035,42.33419,0.0],[-71.07082,42.33389,0.0],[-71.0713,42.33348,0.0],[-71.07152,42.33325,0.0],[-71.07189,42.33291,0.0],[-71.07219,42.33267,0.0],[-71.07276,42.33304,0.0],[-71.07298,42.33319,0.0],[-71.0732,42.33336,0.0],[-71.07344,42.33357,0.0],[-71.07352,42.33352,0.0],[-71.07391,42.33323,0.0],[-71.07436,42.33286,0.0],[-71.07458,42.33298,0.0],[-71.07471,42.3331,0.0],[-71.07486,42.33324,0.0],[-71.07504,42.3335,0.0],[-71.07612,42.33282,0.0],[-71.07705,42.33362,0.0],[-71.07671,42.33386,0.0],[-71.07605,42.3343,0.0],[-71.07578,42.3345,0.0],[-71.07622,42.33484,0.0],[-71.07638,42.33497,0.0],[-71.07713,42.33557,0.0],[-71.07762,42.33601,0.0],[-71.07694,42.33654,0.0],[-71.07638,42.33696,0.0],[-71.07567,42.33748,0.0],[-71.075,42.33794,0.0],[-71.07429,42.33843,0.0],[-71.07379,42.33877,0.0],[-71.07363,42.33888,0.0],[-71.07265,42.33952,0.0],[-71.0725,42.33962,0.0],[-71.07239,42.3395,0.0],[-71.07194,42.33914,0.0],[-71.07177,42.33899,0.0],[-71.07158,42.33883,0.0],[-71.07126,42.33857,0.0],[-71.07115,42.33847,0.0],[-71.07095,42.33831,0.0],[-71.07084,42.3384,0.0],[-71.07037,42.33879,0.0],[-71.06998,42.3385,0.0],[-71.06977,42.33834,0.0],[-71.06919,42.33787,0.0],[-71.06865,42.33743,0.0],[-71.06835,42.33718,0.0],[-71.06902,42.3367,0.0],[-71.06765,42.33559,0.0],[-71.06786,42.33551,0.0],[-71.06816,42.33537,0.0],[-71.06866,42.33505,0.0],[-71.06922,42.33479,0.0]]]]}},{"type":"Feature","properties":{"uesi_id":"USA_R2315704","nbhd_code":"USA_R2315704_80","nbhd_name":"14000US25025070900"},"geometry":{"type":"MultiPolygon","coordinates":[[[[-71.075,42.33794,0.0],[-71.07567,42.33748,0.0],[-71.07638,42.33696,0.0],[-71.07694,42.33654,0.0],[-71.07762,42.33601,0.0],[-71.07811,42.3364,0.0],[-71.07872,42.33689,0.0],[-71.07927,42.33655,0.0],[-71.0802,42.33717,0.0],[-71.08094,42.33766,0.0],[-71.08156,42.33811,0.0],[-71.08197,42.33842,0.0],[-71.08116,42.33889,0.0],[-71.08041,42.3393,0.0],[-71.08032,42.33934,0.0],[-71.0796,42.33972,0.0],[-71.07885,42.34012,0.0],[-71.07872,42.34018,0.0],[-71.07809,42.34052,0.0],[-71.07797,42.34058,0.0],[-71.07737,42.34094,0.0],[-71.07726,42.34084,0.0],[-71.07696,42.34061,0.0],[-71.07588,42.33977,0.0],[-71.07559,42.3395,0.0],[-71.07527,42.33922,0.0],[-71.07559,42.33899,0.0],[-71.07596,42.33873,0.0],[-71.07557,42.33842,0.0],[-71.07538,42.33827,0.0],[-71.075,42.33794,0.0]]]]}},{"type":"Feature","properties":{"uesi_id":"USA_R2315704","nbhd_code":"USA_R2315704_81","nbhd_name":"14000US25025100100"},"geometry":{"type":"MultiPolygon","coordinates":[[[[-71.07815,42.29203,0.0],[-71.07814,42.29163,0.0],[-71.07814,42.29135,0.0],[-71.07816,42.2911,0.0],[-71.0782,42.29078,0.0],[-71.07826,42.29043,0.0],[-71.07831,42.29018,0.0],[-71.0784,42.28982,0.0],[-71.07851,42.28944,0.0],[-71.07854,42.28934,0.0],[-71.07871,42.28899,0.0],[-71.07891,42.28859,0.0],[-71.07919,42.28815,0.0],[-71.07928,42.28815,0.0],[-71.0795,42.28816,0.0],[-71.07976,42.28812,0.0],[-71.08002,42.28807,0.0],[-71.08027,42.28801,0.0],[-71.08079,42.2879,0.0],[-71.08125,42.2878,0.0],[-71.0833,42.28734,0.0],[-71.08427,42.28711,0.0],[-71.08512,42.28693,0.0],[-71.08578,42.28678,0.0],[-71.08599,42.28674,0.0],[-71.08655,42.28662,0.0],[-71.08707,42.28649,0.0],[-71.08777,42.28634,0.0],[-71.08816,42.28625,0.0],[-71.08876,42.28612,0.0],[-71.08975,42.28591,0.0],[-71.09088,42.28565,0.0],[-71.09111,42.28557,0.0],[-71.09115,42.28544,0.0],[-71.09127,42.28503,0.0],[-71.09155,42.28428,0.0],[-71.09197,42.28445,0.0],[-71.09236,42.28464,0.0],[-71.09274,42.28486,0.0],[-71.09286,42.28496,0.0],[-71.09286,42.28514,0.0],[-71.09293,42.28533,0.0],[-71.0932,42.28594,0.0],[-71.09342,42.28652,0.0],[-71.09343,42.28657,0.0],[-71.09366,42.28713,0.0],[-71.09372,42.28729,0.0],[-71.09389,42.28768,0.0],[-71.094,42.28795,0.0],[-71.09413,42.28826,0.0],[-71.09449,42.28907,0.0],[-71.09499,42.29016,0.0],[-71.09502,42.29024,0.0],[-71.09545,42.29122,0.0],[-71.09573,42.29191,0.0],[-71.09576,42.29198,0.0],[-71.09538,42.29225,0.0],[-71.09484,42.29273,0.0],[-71.09458,42.29299,0.0],[-71.09444,42.29313,0.0],[-71.09435,42.29323,0.0],[-71.09427,42.29331,0.0],[-71.09323,42.29455,0.0],[-71.09317,42.29462,0.0],[-71.09168,42.29387,0.0],[-71.09157,42.29372,0.0],[-71.08978,42.29288,0.0],[-71.08963,42.29321,0.0],[-71.08942,42.29366,0.0],[-71.08938,42.29377,0.0],[-71.08921,42.29398,0.0],[-71.08903,42.29413,0.0],[-71.08885,42.29424,0.0],[-71.08856,42.29436,0.0],[-71.08836,42.29448,0.0],[-71.08822,42.29456,0.0],[-71.08809,42.29467,0.0],[-71.088,42.29495,0.0],[-71.08784,42.29492,0.0],[-71.08746,42.29478,0.0],[-71.08718,42.29469,0.0],[-71.08695,42.29462,0.0],[-71.08598,42.29433,0.0],[-71.08467,42.29396,0.0],[-71.08358,42.29362,0.0],[-71.08307,42.29348,0.0],[-71.08249,42.2933,0.0],[-71.08121,42.29293,0.0],[-71.08061,42.29276,0.0],[-71.07998,42.29258,0.0],[-71.07953,42.29245,0.0],[-71.07871,42.2922,0.0],[-71.07815,42.29203,0.0]]]]}},{"type":"Feature","properties":{"uesi_id":"USA_R2315704","nbhd_code":"USA_R2315704_82","nbhd_name":"14000US25025092400"},"geometry":{"type":"MultiPolygon","coordinates":[[[[-71.07885,42.29672,0.0],[-71.07869,42.29566,0.0],[-71.07848,42.29435,0.0],[-71.0782,42.29251,0.0],[-71.07815,42.29203,0.0],[-71.07871,42.2922,0.0],[-71.07953,42.29245,0.0],[-71.07998,42.29258,0.0],[-71.08061,42.29276,0.0],[-71.08121,42.29293,0.0],[-71.08249,42.2933,0.0],[-71.08307,42.29348,0.0],[-71.08358,42.29362,0.0],[-71.08467,42.29396,0.0],[-71.08598,42.29433,0.0],[-71.08695,42.29462,0.0],[-71.08718,42.29469,0.0],[-71.08746,42.29478,0.0],[-71.08784,42.29492,0.0],[-71.088,42.29495,0.0],[-71.08809,42.29467,0.0],[-71.08822,42.29456,0.0],[-71.08836,42.29448,0.0],[-71.08856,42.29436,0.0],[-71.08885,42.29424,0.0],[-71.08903,42.29413,0.0],[-71.08921,42.29398,0.0],[-71.08938,42.29377,0.0],[-71.08942,42.29366,0.0],[-71.08963,42.29321,0.0],[-71.08978,42.29288,0.0],[-71.09157,42.29372,0.0],[-71.09168,42.29387,0.0],[-71.09317,42.29462,0.0],[-71.09258,42.29544,0.0],[-71.09233,42.29576,0.0],[-71.09221,42.29589,0.0],[-71.09172,42.29657,0.0],[-71.09157,42.29676,0.0],[-71.09144,42.29687,0.0],[-71.09135,42.29693,0.0],[-71.09118,42.29701,0.0],[-71.09092,42.29712,0.0],[-71.09048,42.29727,0.0],[-71.09006,42.2974,0.0],[-71.08964,42.29751,0.0],[-71.0886,42.29775,0.0],[-71.08742,42.29805,0.0],[-71.08699,42.29815,0.0],[-71.08694,42.29837,0.0],[-71.08679,42.29878,0.0],[-71.08669,42.29911,0.0],[-71.08654,42.29957,0.0],[-71.0864,42.30001,0.0],[-71.08626,42.3004,0.0],[-71.08616,42.30064,0.0],[-71.08592,42.30134,0.0],[-71.0859,42.30139,0.0],[-71.08586,42.30132,0.0],[-71.08573,42.30126,0.0],[-71.08529,42.30092,0.0],[-71.0847,42.30043,0.0],[-71.08391,42.29972,0.0],[-71.0833,42.2992,0.0],[-71.08314,42.29906,0.0],[-71.08308,42.29899,0.0],[-71.08304,42.29894,0.0],[-71.08291,42.29867,0.0],[-71.0823,42.2988,0.0],[-71.08141,42.29901,0.0],[-71.08133,42.29877,0.0],[-71.08108,42.29813,0.0],[-71.08087,42.2975,0.0],[-71.08046,42.2964,0.0],[-71.08,42.29649,0.0],[-71.07954,42.29657,0.0],[-71.07885,42.29672,0.0]]]]}},{"type":"Feature","properties":{"uesi_id":"USA_R2315704","nbhd_code":"USA_R2315704_83","nbhd_name":"14000US25025092300"},"geometry":{"type":"MultiPolygon","coordinates":[[[[-71.07227,42.29668,0.0],[-71.07225,42.29653,0.0],[-71.07216,42.2959,0.0],[-71.07212,42.29562,0.0],[-71.07212,42.29552,0.0],[-71.07204,42.29504,0.0],[-71.072,42.29462,0.0],[-71.07198,42.29443,0.0],[-71.07191,42.29394,0.0],[-71.07187,42.2935,0.0],[-71.07187,42.2933,0.0],[-71.07181,42.29287,0.0],[-71.07177,42.29231,0.0],[-71.07175,42.29201,0.0],[-71.07171,42.2917,0.0],[-71.07166,42.291,0.0],[-71.07164,42.29066,0.0],[-71.07162,42.29041,0.0],[-71.0716,42.29023,0.0],[-71.072,42.29023,0.0],[-71.07211,42.29025,0.0],[-71.07223,42.29029,0.0],[-71.07255,42.29039,0.0],[-71.07331,42.29061,0.0],[-71.07415,42.29085,0.0],[-71.07465,42.29101,0.0],[-71.07519,42.29117,0.0],[-71.07541,42.29123,0.0],[-71.07584,42.29135,0.0],[-71.07611,42.29143,0.0],[-71.07718,42.29175,0.0],[-71.078,42.29198,0.0],[-71.07815,42.29203,0.0],[-71.0782,42.29251,0.0],[-71.07848,42.29435,0.0],[-71.07869,42.29566,0.0],[-71.07885,42.29672,0.0],[-71.07845,42.2968,0.0],[-71.07819,42.29686,0.0],[-71.07774,42.29696,0.0],[-71.07728,42.29707,0.0],[-71.07704,42.29712,0.0],[-71.07671,42.29718,0.0],[-71.07654,42.29722,0.0],[-71.0764,42.29727,0.0],[-71.07629,42.29732,0.0],[-71.07623,42.29726,0.0],[-71.0762,42.29723,0.0],[-71.07617,42.29721,0.0],[-71.07604,42.29715,0.0],[-71.07573,42.29703,0.0],[-71.07522,42.29684,0.0],[-71.07512,42.2968,0.0],[-71.07481,42.29668,0.0],[-71.07462,42.29661,0.0],[-71.07437,42.29657,0.0],[-71.07429,42.29656,0.0],[-71.07408,42.29656,0.0],[-71.0738,42.29657,0.0],[-71.07331,42.2966,0.0],[-71.07279,42.29664,0.0],[-71.07227,42.29668,0.0]]]]}},{"type":"Feature","properties":{"uesi_id":"USA_R2315704","nbhd_code":"USA_R2315704_84","nbhd_name":"14000US25025092200"},"geometry":{"type":"MultiPolygon","coordinates":[[[[-71.06016,42.30031,0.0],[-71.0602,42.30014,0.0],[-71.06026,42.29996,0.0],[-71.06031,42.29976,0.0],[-71.06048,42.29916,0.0],[-71.06065,42.29866,0.0],[-71.06077,42.2982,0.0],[-71.06104,42.29721,0.0],[-71.06117,42.29677,0.0],[-71.06132,42.29623,0.0],[-71.06137,42.29607,0.0],[-71.06145,42.29583,0.0],[-71.0615,42.29565,0.0],[-71.06154,42.29548,0.0],[-71.06167,42.29508,0.0],[-71.06182,42.29459,0.0],[-71.06197,42.29408,0.0],[-71.06209,42.29366,0.0],[-71.06214,42.29351,0.0],[-71.06226,42.29302,0.0],[-71.06413,42.29249,0.0],[-71.06459,42.29236,0.0],[-71.06506,42.29222,0.0],[-71.0654,42.29211,0.0],[-71.06554,42.29205,0.0],[-71.06559,42.29203,0.0],[-71.06592,42.29194,0.0],[-71.06616,42.29186,0.0],[-71.0667,42.29171,0.0],[-71.06736,42.29152,0.0],[-71.06758,42.29143,0.0],[-71.06846,42.29117,0.0],[-71.06865,42.29111,0.0],[-71.06986,42.29072,0.0],[-71.0704,42.2906,0.0],[-71.07062,42.29052,0.0],[-71.07068,42.29049,0.0],[-71.07073,42.29043,0.0],[-71.07076,42.29028,0.0],[-71.07162,42.29041,0.0],[-71.07164,42.29066,0.0],[-71.07166,42.291,0.0],[-71.07171,42.2917,0.0],[-71.07175,42.29201,0.0],[-71.07177,42.29231,0.0],[-71.07181,42.29287,0.0],[-71.07187,42.2933,0.0],[-71.07187,42.2935,0.0],[-71.07191,42.29394,0.0],[-71.07198,42.29443,0.0],[-71.072,42.29462,0.0],[-71.07204,42.29504,0.0],[-71.07212,42.29552,0.0],[-71.07133,42.29569,0.0],[-71.07115,42.29574,0.0],[-71.07025,42.296,0.0],[-71.06985,42.2961,0.0],[-71.06933,42.29623,0.0],[-71.06862,42.29644,0.0],[-71.06764,42.29671,0.0],[-71.06698,42.29688,0.0],[-71.06641,42.29703,0.0],[-71.06611,42.29759,0.0],[-71.06585,42.29797,0.0],[-71.06554,42.29832,0.0],[-71.06523,42.2986,0.0],[-71.06486,42.29887,0.0],[-71.06432,42.29921,0.0],[-71.06376,42.29947,0.0],[-71.06343,42.2996,0.0],[-71.06306,42.2997,0.0],[-71.06254,42.29983,0.0],[-71.06186,42.3,0.0],[-71.06128,42.30016,0.0],[-71.06092,42.30025,0.0],[-71.06055,42.3003,0.0],[-71.06038,42.30031,0.0],[-71.06031,42.30031,0.0],[-71.06016,42.30031,0.0]]]]}},{"type":"Feature","properties":{"uesi_id":"USA_R2315704","nbhd_code":"USA_R2315704_85","nbhd_name":"14000US25025092000"},"geometry":{"type":"MultiPolygon","coordinates":[[[[-71.06058,42.30315,0.0],[-71.06032,42.30251,0.0],[-71.06015,42.30216,0.0],[-71.05991,42.30174,0.0],[-71.0598,42.30155,0.0],[-71.05987,42.30132,0.0],[-71.06002,42.30077,0.0],[-71.06013,42.30046,0.0],[-71.06016,42.30031,0.0],[-71.06031,42.30031,0.0],[-71.06038,42.30031,0.0],[-71.06055,42.3003,0.0],[-71.06092,42.30025,0.0],[-71.06128,42.30016,0.0],[-71.06186,42.3,0.0],[-71.06254,42.29983,0.0],[-71.06306,42.2997,0.0],[-71.06343,42.2996,0.0],[-71.06376,42.29947,0.0],[-71.06432,42.29921,0.0],[-71.06486,42.29887,0.0],[-71.06523,42.2986,0.0],[-71.06554,42.29832,0.0],[-71.06585,42.29797,0.0],[-71.06611,42.29759,0.0],[-71.06641,42.29703,0.0],[-71.06698,42.29688,0.0],[-71.06764,42.29671,0.0],[-71.06862,42.29644,0.0],[-71.06933,42.29623,0.0],[-71.06985,42.2961,0.0],[-71.07025,42.296,0.0],[-71.07115,42.29574,0.0],[-71.07133,42.29569,0.0],[-71.07212,42.29552,0.0],[-71.07212,42.29562,0.0],[-71.07216,42.2959,0.0],[-71.07225,42.29653,0.0],[-71.07227,42.29668,0.0],[-71.07232,42.29691,0.0],[-71.07238,42.29711,0.0],[-71.07238,42.29713,0.0],[-71.07247,42.29735,0.0],[-71.07259,42.29763,0.0],[-71.0727,42.29782,0.0],[-71.07301,42.29847,0.0],[-71.07307,42.29859,0.0],[-71.07311,42.29865,0.0],[-71.07325,42.29884,0.0],[-71.07339,42.29906,0.0],[-71.07364,42.29938,0.0],[-71.07293,42.29959,0.0],[-71.07274,42.29967,0.0],[-71.07265,42.29971,0.0],[-71.07244,42.29983,0.0],[-71.0723,42.29995,0.0],[-71.07218,42.30005,0.0],[-71.07213,42.30014,0.0],[-71.07207,42.30028,0.0],[-71.07203,42.30044,0.0],[-71.07202,42.30069,0.0],[-71.07202,42.30127,0.0],[-71.07201,42.30147,0.0],[-71.07199,42.30157,0.0],[-71.07194,42.3017,0.0],[-71.07189,42.30179,0.0],[-71.07186,42.30185,0.0],[-71.0717,42.30212,0.0],[-71.07159,42.30236,0.0],[-71.07157,42.30244,0.0],[-71.07151,42.30275,0.0],[-71.07145,42.30332,0.0],[-71.07143,42.30342,0.0],[-71.07117,42.30326,0.0],[-71.0711,42.30322,0.0],[-71.07086,42.30308,0.0],[-71.07047,42.30284,0.0],[-71.07017,42.30267,0.0],[-71.06952,42.30229,0.0],[-71.06902,42.30199,0.0],[-71.0689,42.30191,0.0],[-71.0684,42.30163,0.0],[-71.06787,42.30131,0.0],[-71.06766,42.30119,0.0],[-71.06737,42.30102,0.0],[-71.06523,42.30154,0.0],[-71.06445,42.30175,0.0],[-71.06428,42.3018,0.0],[-71.06398,42.30188,0.0],[-71.06347,42.30201,0.0],[-71.06368,42.30235,0.0],[-71.06335,42.30245,0.0],[-71.06274,42.30263,0.0],[-71.06234,42.30274,0.0],[-71.0618,42.30287,0.0],[-71.06149,42.30294,0.0],[-71.06058,42.30315,0.0]]]]}},{"type":"Feature","properties":{"uesi_id":"USA_R2315704","nbhd_code":"USA_R2315704_86","nbhd_name":"14000US25025091900"},"geometry":{"type":"MultiPolygon","coordinates":[[[[-71.07143,42.30342,0.0],[-71.07145,42.30332,0.0],[-71.07151,42.30275,0.0],[-71.07157,42.30244,0.0],[-71.07159,42.30236,0.0],[-71.0717,42.30212,0.0],[-71.07186,42.30185,0.0],[-71.07189,42.30179,0.0],[-71.07194,42.3017,0.0],[-71.07199,42.30157,0.0],[-71.07201,42.30147,0.0],[-71.07202,42.30127,0.0],[-71.07202,42.30069,0.0],[-71.07203,42.30044,0.0],[-71.07207,42.30028,0.0],[-71.07213,42.30014,0.0],[-71.07218,42.30005,0.0],[-71.0723,42.29995,0.0],[-71.07244,42.29983,0.0],[-71.07265,42.29971,0.0],[-71.07274,42.29967,0.0],[-71.07293,42.29959,0.0],[-71.07364,42.29938,0.0],[-71.07339,42.29906,0.0],[-71.07325,42.29884,0.0],[-71.07311,42.29865,0.0],[-71.07307,42.29859,0.0],[-71.07301,42.29847,0.0],[-71.0727,42.29782,0.0],[-71.07259,42.29763,0.0],[-71.07247,42.29735,0.0],[-71.07238,42.29713,0.0],[-71.07238,42.29711,0.0],[-71.07232,42.29691,0.0],[-71.07227,42.29668,0.0],[-71.07279,42.29664,0.0],[-71.07331,42.2966,0.0],[-71.0738,42.29657,0.0],[-71.07408,42.29656,0.0],[-71.07429,42.29656,0.0],[-71.07437,42.29657,0.0],[-71.07462,42.29661,0.0],[-71.07481,42.29668,0.0],[-71.07512,42.2968,0.0],[-71.07522,42.29684,0.0],[-71.07573,42.29703,0.0],[-71.07604,42.29715,0.0],[-71.07617,42.29721,0.0],[-71.0762,42.29723,0.0],[-71.07623,42.29726,0.0],[-71.07629,42.29732,0.0],[-71.0764,42.29727,0.0],[-71.07654,42.29722,0.0],[-71.07671,42.29718,0.0],[-71.07704,42.29712,0.0],[-71.07728,42.29707,0.0],[-71.07774,42.29696,0.0],[-71.07819,42.29686,0.0],[-71.07845,42.2968,0.0],[-71.07885,42.29672,0.0],[-71.07915,42.2987,0.0],[-71.07923,42.29922,0.0],[-71.07928,42.29972,0.0],[-71.07928,42.3002,0.0],[-71.07926,42.30082,0.0],[-71.07922,42.3012,0.0],[-71.07915,42.30146,0.0],[-71.07907,42.30174,0.0],[-71.07897,42.30205,0.0],[-71.07887,42.30237,0.0],[-71.07861,42.30296,0.0],[-71.07843,42.30324,0.0],[-71.07818,42.30362,0.0],[-71.078,42.30388,0.0],[-71.07776,42.30421,0.0],[-71.07755,42.30445,0.0],[-71.07726,42.30475,0.0],[-71.07678,42.3052,0.0],[-71.0765,42.30512,0.0],[-71.07635,42.30508,0.0],[-71.07619,42.30505,0.0],[-71.07598,42.30505,0.0],[-71.07496,42.30498,0.0],[-71.07478,42.30498,0.0],[-71.0743,42.30494,0.0],[-71.07416,42.30492,0.0],[-71.07359,42.3048,0.0],[-71.07312,42.30468,0.0],[-71.07287,42.30459,0.0],[-71.07269,42.30451,0.0],[-71.07248,42.30437,0.0],[-71.07202,42.30399,0.0],[-71.07168,42.30358,0.0],[-71.07156,42.3035,0.0],[-71.07143,42.30342,0.0]]]]}},{"type":"Feature","properties":{"uesi_id":"USA_R2315704","nbhd_code":"USA_R2315704_87","nbhd_name":"14000US25025091800"},"geometry":{"type":"MultiPolygon","coordinates":[[[[-71.06503,42.30809,0.0],[-71.06551,42.30763,0.0],[-71.06584,42.30732,0.0],[-71.06649,42.30672,0.0],[-71.06701,42.30625,0.0],[-71.06736,42.30594,0.0],[-71.06747,42.30586,0.0],[-71.06788,42.30555,0.0],[-71.06834,42.30521,0.0],[-71.06871,42.30496,0.0],[-71.0688,42.3049,0.0],[-71.06947,42.30443,0.0],[-71.06977,42.30422,0.0],[-71.07,42.30408,0.0],[-71.07027,42.30396,0.0],[-71.07048,42.30388,0.0],[-71.07074,42.3038,0.0],[-71.07111,42.30369,0.0],[-71.07131,42.30358,0.0],[-71.07139,42.30349,0.0],[-71.07143,42.30342,0.0],[-71.07156,42.3035,0.0],[-71.07168,42.30358,0.0],[-71.07202,42.30399,0.0],[-71.07248,42.30437,0.0],[-71.07269,42.30451,0.0],[-71.07287,42.30459,0.0],[-71.07312,42.30468,0.0],[-71.07359,42.3048,0.0],[-71.07416,42.30492,0.0],[-71.0743,42.30494,0.0],[-71.07478,42.30498,0.0],[-71.07496,42.30498,0.0],[-71.07598,42.30505,0.0],[-71.07619,42.30505,0.0],[-71.07635,42.30508,0.0],[-71.0765,42.30512,0.0],[-71.07678,42.3052,0.0],[-71.0764,42.30552,0.0],[-71.07496,42.30673,0.0],[-71.07491,42.30677,0.0],[-71.07426,42.30736,0.0],[-71.07391,42.30769,0.0],[-71.07378,42.30785,0.0],[-71.07365,42.30802,0.0],[-71.0735,42.30822,0.0],[-71.07335,42.30848,0.0],[-71.07282,42.30948,0.0],[-71.07269,42.30979,0.0],[-71.07256,42.31008,0.0],[-71.07233,42.31022,0.0],[-71.0719,42.31049,0.0],[-71.07157,42.31067,0.0],[-71.07082,42.31103,0.0],[-71.0708,42.31104,0.0],[-71.07022,42.31134,0.0],[-71.07002,42.31128,0.0],[-71.06969,42.31114,0.0],[-71.06958,42.31109,0.0],[-71.06919,42.31092,0.0],[-71.06898,42.31085,0.0],[-71.0687,42.31077,0.0],[-71.06842,42.31067,0.0],[-71.06824,42.31058,0.0],[-71.06784,42.31031,0.0],[-71.06743,42.31006,0.0],[-71.06717,42.30991,0.0],[-71.06697,42.30978,0.0],[-71.06674,42.3096,0.0],[-71.06642,42.3093,0.0],[-71.0663,42.30917,0.0],[-71.0657,42.3086,0.0],[-71.06544,42.30835,0.0],[-71.06523,42.30817,0.0],[-71.06515,42.30812,0.0],[-71.06503,42.30809,0.0]]]]}},{"type":"Feature","properties":{"uesi_id":"USA_R2315704","nbhd_code":"USA_R2315704_88","nbhd_name":"14000US25025091700"},"geometry":{"type":"MultiPolygon","coordinates":[[[[-71.06058,42.30315,0.0],[-71.06149,42.30294,0.0],[-71.0618,42.30287,0.0],[-71.06234,42.30274,0.0],[-71.06274,42.30263,0.0],[-71.06335,42.30245,0.0],[-71.06368,42.30235,0.0],[-71.06347,42.30201,0.0],[-71.06398,42.30188,0.0],[-71.06428,42.3018,0.0],[-71.06445,42.30175,0.0],[-71.06523,42.30154,0.0],[-71.06737,42.30102,0.0],[-71.06766,42.30119,0.0],[-71.06787,42.30131,0.0],[-71.0684,42.30163,0.0],[-71.0689,42.30191,0.0],[-71.06902,42.30199,0.0],[-71.06952,42.30229,0.0],[-71.07017,42.30267,0.0],[-71.07047,42.30284,0.0],[-71.07086,42.30308,0.0],[-71.0711,42.30322,0.0],[-71.07117,42.30326,0.0],[-71.07143,42.30342,0.0],[-71.07139,42.30349,0.0],[-71.07131,42.30358,0.0],[-71.07111,42.30369,0.0],[-71.07074,42.3038,0.0],[-71.07048,42.30388,0.0],[-71.07027,42.30396,0.0],[-71.07,42.30408,0.0],[-71.06977,42.30422,0.0],[-71.06947,42.30443,0.0],[-71.0688,42.3049,0.0],[-71.06871,42.30496,0.0],[-71.06834,42.30521,0.0],[-71.06788,42.30555,0.0],[-71.06747,42.30586,0.0],[-71.06736,42.30594,0.0],[-71.06701,42.30625,0.0],[-71.06649,42.30672,0.0],[-71.06622,42.30655,0.0],[-71.06613,42.30648,0.0],[-71.06608,42.30643,0.0],[-71.06604,42.30637,0.0],[-71.06599,42.30626,0.0],[-71.06539,42.30532,0.0],[-71.06526,42.30511,0.0],[-71.06498,42.30469,0.0],[-71.06468,42.30421,0.0],[-71.06458,42.30403,0.0],[-71.06386,42.30422,0.0],[-71.06395,42.30438,0.0],[-71.06403,42.30454,0.0],[-71.06413,42.30472,0.0],[-71.06455,42.3054,0.0],[-71.06429,42.30547,0.0],[-71.06339,42.30572,0.0],[-71.06307,42.305,0.0],[-71.06234,42.30528,0.0],[-71.06233,42.30524,0.0],[-71.0623,42.30517,0.0],[-71.0615,42.30538,0.0],[-71.06137,42.30507,0.0],[-71.06116,42.30457,0.0],[-71.06086,42.30387,0.0],[-71.06058,42.30315,0.0]]]]}},{"type":"Feature","properties":{"uesi_id":"USA_R2315704","nbhd_code":"USA_R2315704_89","nbhd_name":"14000US25025091600"},"geometry":{"type":"MultiPolygon","coordinates":[[[[-71.05597,42.30453,0.0],[-71.05609,42.30445,0.0],[-71.05632,42.30434,0.0],[-71.05737,42.30392,0.0],[-71.05806,42.30363,0.0],[-71.05878,42.30334,0.0],[-71.05909,42.30324,0.0],[-71.0593,42.30316,0.0],[-71.05943,42.30314,0.0],[-71.05953,42.30277,0.0],[-71.05959,42.30242,0.0],[-71.05969,42.30196,0.0],[-71.0598,42.30155,0.0],[-71.05991,42.30174,0.0],[-71.06015,42.30216,0.0],[-71.06032,42.30251,0.0],[-71.06058,42.30315,0.0],[-71.06086,42.30387,0.0],[-71.06116,42.30457,0.0],[-71.06137,42.30507,0.0],[-71.0615,42.30538,0.0],[-71.0623,42.30517,0.0],[-71.06233,42.30524,0.0],[-71.06234,42.30528,0.0],[-71.06307,42.305,0.0],[-71.06339,42.30572,0.0],[-71.06429,42.30547,0.0],[-71.06455,42.3054,0.0],[-71.06413,42.30472,0.0],[-71.06403,42.30454,0.0],[-71.06395,42.30438,0.0],[-71.06386,42.30422,0.0],[-71.06458,42.30403,0.0],[-71.06468,42.30421,0.0],[-71.06498,42.30469,0.0],[-71.06526,42.30511,0.0],[-71.06539,42.30532,0.0],[-71.06599,42.30626,0.0],[-71.06604,42.30637,0.0],[-71.06608,42.30643,0.0],[-71.06613,42.30648,0.0],[-71.06622,42.30655,0.0],[-71.06649,42.30672,0.0],[-71.06584,42.30732,0.0],[-71.06551,42.30763,0.0],[-71.06503,42.30809,0.0],[-71.06458,42.30812,0.0],[-71.0643,42.30818,0.0],[-71.06403,42.30826,0.0],[-71.06391,42.30836,0.0],[-71.06381,42.30844,0.0],[-71.06373,42.30847,0.0],[-71.06325,42.30854,0.0],[-71.06257,42.30861,0.0],[-71.06197,42.30869,0.0],[-71.06139,42.30875,0.0],[-71.06109,42.30881,0.0],[-71.06094,42.30883,0.0],[-71.0608,42.30883,0.0],[-71.06067,42.30881,0.0],[-71.0606,42.3088,0.0],[-71.06043,42.30874,0.0],[-71.06031,42.30866,0.0],[-71.06016,42.30851,0.0],[-71.06006,42.30841,0.0],[-71.05997,42.30833,0.0],[-71.05984,42.30825,0.0],[-71.05965,42.30816,0.0],[-71.0595,42.30807,0.0],[-71.05942,42.308,0.0],[-71.05929,42.30775,0.0],[-71.05923,42.30761,0.0],[-71.05881,42.30759,0.0],[-71.05872,42.30759,0.0],[-71.05842,42.30759,0.0],[-71.0584,42.30769,0.0],[-71.05824,42.30753,0.0],[-71.05822,42.30748,0.0],[-71.05782,42.3071,0.0],[-71.05773,42.30701,0.0],[-71.05761,42.30677,0.0],[-71.05759,42.30666,0.0],[-71.05757,42.30649,0.0],[-71.05757,42.30629,0.0],[-71.0576,42.30595,0.0],[-71.05758,42.30583,0.0],[-71.05754,42.3057,0.0],[-71.05742,42.30552,0.0],[-71.05739,42.30549,0.0],[-71.05723,42.30535,0.0],[-71.05692,42.30512,0.0],[-71.05656,42.30487,0.0],[-71.05623,42.30467,0.0],[-71.05597,42.30453,0.0]]]]}},{"type":"Feature","properties":{"uesi_id":"USA_R2315704","nbhd_code":"USA_R2315704_90","nbhd_name":"14000US25025050101"},"geometry":{"type":"MultiPolygon","coordinates":[[[[-71.03931,42.38396,0.0],[-71.03931,42.38321,0.0],[-71.03932,42.38261,0.0],[-71.03611,42.3826,0.0],[-71.0334,42.38262,0.0],[-71.03341,42.38196,0.0],[-71.03341,42.38137,0.0],[-71.03342,42.38053,0.0],[-71.03342,42.38045,0.0],[-71.03319,42.38011,0.0],[-71.03278,42.37949,0.0],[-71.03492,42.37869,0.0],[-71.03534,42.37931,0.0],[-71.03576,42.37994,0.0],[-71.03683,42.37953,0.0],[-71.03794,42.3791,0.0],[-71.03921,42.37864,0.0],[-71.04003,42.37866,0.0],[-71.04005,42.37894,0.0],[-71.04324,42.37863,0.0],[-71.04324,42.37868,0.0],[-71.04353,42.37869,0.0],[-71.04352,42.37892,0.0],[-71.04188,42.379,0.0],[-71.04182,42.37929,0.0],[-71.04342,42.37921,0.0],[-71.04335,42.37933,0.0],[-71.04192,42.37943,0.0],[-71.04188,42.37992,0.0],[-71.04327,42.37984,0.0],[-71.04326,42.37993,0.0],[-71.04246,42.37998,0.0],[-71.04248,42.38006,0.0],[-71.04213,42.3801,0.0],[-71.0421,42.38003,0.0],[-71.042,42.38005,0.0],[-71.04204,42.38043,0.0],[-71.04326,42.38039,0.0],[-71.04326,42.38047,0.0],[-71.04217,42.38058,0.0],[-71.04219,42.38073,0.0],[-71.0422,42.38089,0.0],[-71.04228,42.38177,0.0],[-71.04231,42.38213,0.0],[-71.04198,42.38215,0.0],[-71.04066,42.3822,0.0],[-71.04068,42.38278,0.0],[-71.04038,42.38281,0.0],[-71.04037,42.38351,0.0],[-71.04037,42.38421,0.0],[-71.03986,42.38422,0.0],[-71.03981,42.38324,0.0],[-71.03954,42.38322,0.0],[-71.03952,42.38395,0.0],[-71.03934,42.38396,0.0],[-71.03931,42.38396,0.0]]]]}},{"type":"Feature","properties":{"uesi_id":"USA_R2315704","nbhd_code":"USA_R2315704_91","nbhd_name":"14000US25025050901"},"geometry":{"type":"MultiPolygon","coordinates":[[[[-71.02156,42.38015,0.0],[-71.02228,42.37991,0.0],[-71.02266,42.37976,0.0],[-71.02419,42.3792,0.0],[-71.0242,42.37926,0.0],[-71.02433,42.37927,0.0],[-71.02447,42.37924,0.0],[-71.02446,42.37927,0.0],[-71.02451,42.37935,0.0],[-71.02488,42.37959,0.0],[-71.02501,42.37968,0.0],[-71.0251,42.37974,0.0],[-71.02577,42.37894,0.0],[-71.02595,42.37874,0.0],[-71.026,42.3787,0.0],[-71.02647,42.37831,0.0],[-71.02743,42.37749,0.0],[-71.02774,42.37723,0.0],[-71.02785,42.37728,0.0],[-71.02802,42.37737,0.0],[-71.02808,42.37742,0.0],[-71.02858,42.37776,0.0],[-71.02919,42.37814,0.0],[-71.02936,42.37838,0.0],[-71.0294,42.37844,0.0],[-71.02982,42.37906,0.0],[-71.03024,42.37967,0.0],[-71.03085,42.37944,0.0],[-71.03236,42.37886,0.0],[-71.03451,42.37808,0.0],[-71.03492,42.37869,0.0],[-71.03278,42.37949,0.0],[-71.03319,42.38011,0.0],[-71.03342,42.38045,0.0],[-71.03342,42.38053,0.0],[-71.03341,42.38137,0.0],[-71.03341,42.38196,0.0],[-71.0334,42.38262,0.0],[-71.03611,42.3826,0.0],[-71.03932,42.38261,0.0],[-71.03931,42.38321,0.0],[-71.03931,42.38396,0.0],[-71.03915,42.38396,0.0],[-71.03897,42.38412,0.0],[-71.03898,42.38414,0.0],[-71.03882,42.38414,0.0],[-71.03867,42.38422,0.0],[-71.03847,42.38425,0.0],[-71.03847,42.38547,0.0],[-71.03831,42.38545,0.0],[-71.03828,42.38414,0.0],[-71.03747,42.38416,0.0],[-71.03749,42.3844,0.0],[-71.03748,42.38532,0.0],[-71.03733,42.38532,0.0],[-71.03734,42.38439,0.0],[-71.03732,42.38413,0.0],[-71.03688,42.38421,0.0],[-71.03666,42.3846,0.0],[-71.03669,42.38521,0.0],[-71.03655,42.38519,0.0],[-71.03648,42.38453,0.0],[-71.03617,42.38451,0.0],[-71.03615,42.38411,0.0],[-71.03608,42.38411,0.0],[-71.0354,42.38413,0.0],[-71.03538,42.38426,0.0],[-71.03526,42.38428,0.0],[-71.03524,42.38483,0.0],[-71.03343,42.38442,0.0],[-71.03341,42.38393,0.0],[-71.03341,42.3839,0.0],[-71.03338,42.38307,0.0],[-71.03334,42.38305,0.0],[-71.0329,42.38287,0.0],[-71.03119,42.38286,0.0],[-71.03116,42.38288,0.0],[-71.03115,42.38312,0.0],[-71.03112,42.38314,0.0],[-71.03033,42.38313,0.0],[-71.03003,42.38312,0.0],[-71.03,42.38315,0.0],[-71.03,42.38338,0.0],[-71.03002,42.3834,0.0],[-71.03001,42.38365,0.0],[-71.02884,42.38366,0.0],[-71.02883,42.38346,0.0],[-71.02883,42.3832,0.0],[-71.02883,42.38289,0.0],[-71.02877,42.38286,0.0],[-71.02739,42.38279,0.0],[-71.02736,42.38281,0.0],[-71.02738,42.3833,0.0],[-71.02734,42.38338,0.0],[-71.02732,42.38343,0.0],[-71.02713,42.38357,0.0],[-71.02647,42.38379,0.0],[-71.02644,42.38382,0.0],[-71.02646,42.38392,0.0],[-71.0252,42.38439,0.0],[-71.0253,42.38455,0.0],[-71.02415,42.38506,0.0],[-71.02405,42.38502,0.0],[-71.02403,42.38502,0.0],[-71.02282,42.38563,0.0],[-71.02263,42.38584,0.0],[-71.02246,42.38595,0.0],[-71.02241,42.38588,0.0],[-71.02218,42.3854,0.0],[-71.02216,42.38525,0.0],[-71.02215,42.3852,0.0],[-71.02218,42.38495,0.0],[-71.02228,42.38462,0.0],[-71.02241,42.38434,0.0],[-71.02257,42.38404,0.0],[-71.02266,42.38392,0.0],[-71.02198,42.38365,0.0],[-71.02187,42.38359,0.0],[-71.02182,42.38355,0.0],[-71.0217,42.38355,0.0],[-71.0216,42.38354,0.0],[-71.02144,42.38357,0.0],[-71.02148,42.38348,0.0],[-71.02155,42.38335,0.0],[-71.0217,42.38313,0.0],[-71.02177,42.38303,0.0],[-71.02194,42.38285,0.0],[-71.02287,42.382,0.0],[-71.02356,42.38139,0.0],[-71.02327,42.3815,0.0],[-71.02264,42.38175,0.0],[-71.02262,42.38171,0.0],[-71.02232,42.38121,0.0],[-71.02214,42.38117,0.0],[-71.02203,42.38102,0.0],[-71.02176,42.38055,0.0],[-71.02177,42.38052,0.0],[-71.02162,42.38027,0.0],[-71.02156,42.38015,0.0]]]]}},{"type":"Feature","properties":{"uesi_id":"USA_R2315704","nbhd_code":"USA_R2315704_92","nbhd_name":"14000US25025060501"},"geometry":{"type":"MultiPolygon","coordinates":[[[[-71.02932,42.33825,0.0],[-71.0293,42.33743,0.0],[-71.02926,42.3366,0.0],[-71.02923,42.33574,0.0],[-71.03129,42.3357,0.0],[-71.03335,42.33567,0.0],[-71.03542,42.33564,0.0],[-71.03638,42.33562,0.0],[-71.03743,42.3356,0.0],[-71.03996,42.33556,0.0],[-71.04073,42.33554,0.0],[-71.04155,42.33553,0.0],[-71.04427,42.33548,0.0],[-71.04544,42.33546,0.0],[-71.0457,42.33546,0.0],[-71.04629,42.33587,0.0],[-71.04694,42.33629,0.0],[-71.04776,42.33682,0.0],[-71.04727,42.33724,0.0],[-71.04685,42.3376,0.0],[-71.04652,42.33789,0.0],[-71.0462,42.33816,0.0],[-71.04587,42.33845,0.0],[-71.04556,42.33873,0.0],[-71.04529,42.33856,0.0],[-71.04477,42.33821,0.0],[-71.04438,42.33799,0.0],[-71.04398,42.338,0.0],[-71.04248,42.33802,0.0],[-71.04161,42.33804,0.0],[-71.04052,42.33806,0.0],[-71.03999,42.33806,0.0],[-71.03877,42.33809,0.0],[-71.03779,42.3381,0.0],[-71.03752,42.3381,0.0],[-71.03644,42.33813,0.0],[-71.03549,42.33815,0.0],[-71.03423,42.33816,0.0],[-71.03341,42.33818,0.0],[-71.03261,42.33819,0.0],[-71.0319,42.33821,0.0],[-71.03106,42.33823,0.0],[-71.02999,42.33824,0.0],[-71.02932,42.33825,0.0]]]]}},{"type":"Feature","properties":{"uesi_id":"USA_R2315704","nbhd_code":"USA_R2315704_93","nbhd_name":"14000US25025140107"},"geometry":{"type":"MultiPolygon","coordinates":[[[[-71.12357,42.26221,0.0],[-71.12371,42.26168,0.0],[-71.12382,42.26114,0.0],[-71.12391,42.26056,0.0],[-71.1243,42.25902,0.0],[-71.1245,42.25807,0.0],[-71.12471,42.25724,0.0],[-71.12487,42.25676,0.0],[-71.12506,42.25625,0.0],[-71.12531,42.25566,0.0],[-71.12559,42.25562,0.0],[-71.12564,42.25547,0.0],[-71.12578,42.25518,0.0],[-71.12581,42.25502,0.0],[-71.12588,42.25485,0.0],[-71.12602,42.25467,0.0],[-71.12614,42.25457,0.0],[-71.12639,42.25441,0.0],[-71.12665,42.25425,0.0],[-71.12672,42.2542,0.0],[-71.12681,42.25414,0.0],[-71.12716,42.25384,0.0],[-71.12733,42.25366,0.0],[-71.12742,42.25349,0.0],[-71.12754,42.2533,0.0],[-71.12773,42.25293,0.0],[-71.12786,42.25275,0.0],[-71.12805,42.25254,0.0],[-71.12822,42.25235,0.0],[-71.12837,42.25221,0.0],[-71.12853,42.25209,0.0],[-71.1286,42.25205,0.0],[-71.12882,42.25192,0.0],[-71.12961,42.25148,0.0],[-71.13012,42.25118,0.0],[-71.13048,42.25162,0.0],[-71.13059,42.25178,0.0],[-71.13076,42.25198,0.0],[-71.13096,42.25223,0.0],[-71.13114,42.25247,0.0],[-71.13127,42.25261,0.0],[-71.13159,42.253,0.0],[-71.13184,42.25333,0.0],[-71.13208,42.25358,0.0],[-71.1322,42.25369,0.0],[-71.13229,42.25376,0.0],[-71.13248,42.25387,0.0],[-71.13266,42.25394,0.0],[-71.13273,42.25398,0.0],[-71.13307,42.25408,0.0],[-71.13335,42.25416,0.0],[-71.13367,42.25424,0.0],[-71.13397,42.25432,0.0],[-71.13353,42.25477,0.0],[-71.13274,42.25562,0.0],[-71.13235,42.25605,0.0],[-71.13127,42.25718,0.0],[-71.13098,42.25706,0.0],[-71.13016,42.25678,0.0],[-71.13001,42.25696,0.0],[-71.12912,42.25792,0.0],[-71.12904,42.25798,0.0],[-71.12893,42.25809,0.0],[-71.12912,42.25811,0.0],[-71.12915,42.25808,0.0],[-71.12922,42.25805,0.0],[-71.12943,42.25808,0.0],[-71.13038,42.25824,0.0],[-71.13076,42.25831,0.0],[-71.13095,42.25846,0.0],[-71.13362,42.26103,0.0],[-71.13151,42.26223,0.0],[-71.13034,42.26115,0.0],[-71.12989,42.26087,0.0],[-71.12922,42.26111,0.0],[-71.12881,42.26074,0.0],[-71.1282,42.26052,0.0],[-71.1278,42.26094,0.0],[-71.1276,42.26104,0.0],[-71.1273,42.26128,0.0],[-71.12696,42.26162,0.0],[-71.12692,42.26188,0.0],[-71.1278,42.2634,0.0],[-71.12775,42.26356,0.0],[-71.12766,42.26375,0.0],[-71.12751,42.26414,0.0],[-71.12733,42.26451,0.0],[-71.12693,42.2642,0.0],[-71.1268,42.2641,0.0],[-71.12637,42.26373,0.0],[-71.12613,42.26354,0.0],[-71.12591,42.26343,0.0],[-71.12559,42.26327,0.0],[-71.1254,42.26317,0.0],[-71.12505,42.26299,0.0],[-71.12461,42.26276,0.0],[-71.1239,42.26237,0.0],[-71.12357,42.26221,0.0]]]]}},{"type":"Feature","properties":{"uesi_id":"USA_R2315704","nbhd_code":"USA_R2315704_94","nbhd_name":"14000US25025130404"},"geometry":{"type":"MultiPolygon","coordinates":[[[[-71.14729,42.27,0.0],[-71.14809,42.26933,0.0],[-71.14848,42.26903,0.0],[-71.14853,42.26898,0.0],[-71.14881,42.26872,0.0],[-71.14885,42.26869,0.0],[-71.14923,42.26837,0.0],[-71.14937,42.26823,0.0],[-71.14964,42.26798,0.0],[-71.15009,42.26759,0.0],[-71.15047,42.26725,0.0],[-71.15067,42.26707,0.0],[-71.15081,42.26695,0.0],[-71.15112,42.26667,0.0],[-71.15177,42.2661,0.0],[-71.1522,42.26571,0.0],[-71.15231,42.26562,0.0],[-71.15288,42.26511,0.0],[-71.15357,42.26449,0.0],[-71.15428,42.26387,0.0],[-71.15483,42.26336,0.0],[-71.15536,42.26287,0.0],[-71.15579,42.26246,0.0],[-71.15651,42.26174,0.0],[-71.15696,42.26131,0.0],[-71.15705,42.26121,0.0],[-71.15752,42.26075,0.0],[-71.15841,42.26004,0.0],[-71.15854,42.25997,0.0],[-71.15928,42.25937,0.0],[-71.15992,42.25884,0.0],[-71.16019,42.25864,0.0],[-71.16026,42.25858,0.0],[-71.16072,42.25824,0.0],[-71.16156,42.25757,0.0],[-71.16157,42.25755,0.0],[-71.1616,42.25756,0.0],[-71.16168,42.25759,0.0],[-71.16171,42.2576,0.0],[-71.16181,42.25767,0.0],[-71.1621,42.25789,0.0],[-71.1622,42.25796,0.0],[-71.16229,42.25804,0.0],[-71.16258,42.25827,0.0],[-71.16267,42.25835,0.0],[-71.1631,42.25881,0.0],[-71.1631,42.25881,0.0],[-71.1634,42.25903,0.0],[-71.16337,42.25928,0.0],[-71.1633,42.25985,0.0],[-71.16328,42.25998,0.0],[-71.1632,42.26026,0.0],[-71.16323,42.26068,0.0],[-71.1633,42.26118,0.0],[-71.16338,42.26154,0.0],[-71.16345,42.26171,0.0],[-71.16347,42.2618,0.0],[-71.16354,42.26225,0.0],[-71.16351,42.2626,0.0],[-71.16345,42.26281,0.0],[-71.16341,42.26293,0.0],[-71.16325,42.26346,0.0],[-71.16298,42.26428,0.0],[-71.16294,42.26451,0.0],[-71.16291,42.26481,0.0],[-71.16291,42.26558,0.0],[-71.1629,42.26592,0.0],[-71.16293,42.26629,0.0],[-71.16293,42.26672,0.0],[-71.16293,42.26691,0.0],[-71.16288,42.26728,0.0],[-71.16278,42.26762,0.0],[-71.16271,42.26776,0.0],[-71.16253,42.26801,0.0],[-71.16234,42.26822,0.0],[-71.16206,42.26852,0.0],[-71.16193,42.26866,0.0],[-71.16186,42.26882,0.0],[-71.16185,42.26889,0.0],[-71.16195,42.26907,0.0],[-71.162,42.26925,0.0],[-71.162,42.26949,0.0],[-71.16196,42.2703,0.0],[-71.1619,42.27095,0.0],[-71.16184,42.27116,0.0],[-71.16171,42.27145,0.0],[-71.16142,42.27205,0.0],[-71.16124,42.27241,0.0],[-71.1611,42.27263,0.0],[-71.16078,42.27314,0.0],[-71.16065,42.27335,0.0],[-71.16057,42.27357,0.0],[-71.16052,42.27373,0.0],[-71.16039,42.27419,0.0],[-71.16026,42.27464,0.0],[-71.16023,42.27472,0.0],[-71.16023,42.27481,0.0],[-71.16019,42.27501,0.0],[-71.16019,42.27519,0.0],[-71.16025,42.27552,0.0],[-71.16035,42.27599,0.0],[-71.16047,42.27641,0.0],[-71.16047,42.27658,0.0],[-71.16043,42.27686,0.0],[-71.16031,42.27728,0.0],[-71.16019,42.27759,0.0],[-71.1601,42.27782,0.0],[-71.16004,42.27806,0.0],[-71.16004,42.27818,0.0],[-71.16009,42.27827,0.0],[-71.15993,42.27836,0.0],[-71.15978,42.27846,0.0],[-71.15943,42.27884,0.0],[-71.15937,42.27884,0.0],[-71.15931,42.27883,0.0],[-71.15926,42.2788,0.0],[-71.15917,42.27875,0.0],[-71.15891,42.27853,0.0],[-71.15866,42.2783,0.0],[-71.15834,42.27802,0.0],[-71.15802,42.2778,0.0],[-71.15774,42.27762,0.0],[-71.15712,42.27725,0.0],[-71.15677,42.27706,0.0],[-71.15655,42.27696,0.0],[-71.15646,42.27693,0.0],[-71.15607,42.27685,0.0],[-71.15557,42.2767,0.0],[-71.15526,42.27662,0.0],[-71.15492,42.27652,0.0],[-71.1546,42.2764,0.0],[-71.15406,42.2762,0.0],[-71.15372,42.2761,0.0],[-71.1535,42.27598,0.0],[-71.1533,42.2758,0.0],[-71.15322,42.27565,0.0],[-71.1531,42.27544,0.0],[-71.15298,42.27527,0.0],[-71.15236,42.27479,0.0],[-71.15212,42.27461,0.0],[-71.15178,42.27441,0.0],[-71.1515,42.27425,0.0],[-71.15118,42.27404,0.0],[-71.151,42.27392,0.0],[-71.15087,42.2737,0.0],[-71.15078,42.27356,0.0],[-71.15072,42.27348,0.0],[-71.15047,42.27305,0.0],[-71.15005,42.27243,0.0],[-71.14989,42.27224,0.0],[-71.14963,42.27206,0.0],[-71.14939,42.27192,0.0],[-71.14918,42.27177,0.0],[-71.14909,42.27169,0.0],[-71.14881,42.27127,0.0],[-71.1487,42.27112,0.0],[-71.14856,42.271,0.0],[-71.14847,42.27093,0.0],[-71.14808,42.27061,0.0],[-71.14754,42.27019,0.0],[-71.14739,42.27007,0.0],[-71.14729,42.27,0.0]]]]}},{"type":"Feature","properties":{"uesi_id":"USA_R2315704","nbhd_code":"USA_R2315704_95","nbhd_name":"14000US25025981202"},"geometry":{"type":"MultiPolygon","coordinates":[[[[-71.04108,42.34447,0.0],[-71.03974,42.34449,0.0],[-71.03949,42.3445,0.0],[-71.03935,42.3444,0.0],[-71.03898,42.34417,0.0],[-71.03838,42.34379,0.0],[-71.03805,42.34364,0.0],[-71.03773,42.34342,0.0],[-71.03745,42.34322,0.0],[-71.03775,42.34322,0.0],[-71.03845,42.34369,0.0],[-71.03871,42.34369,0.0],[-71.03871,42.34283,0.0],[-71.04079,42.34061,0.0],[-71.04081,42.34044,0.0],[-71.04089,42.34027,0.0],[-71.04096,42.34019,0.0],[-71.04147,42.33981,0.0],[-71.04181,42.33966,0.0],[-71.04191,42.33958,0.0],[-71.04191,42.33954,0.0],[-71.04183,42.33949,0.0],[-71.04169,42.33945,0.0],[-71.04161,42.3394,0.0],[-71.04148,42.3392,0.0],[-71.0414,42.33914,0.0],[-71.04105,42.33895,0.0],[-71.04098,42.33895,0.0],[-71.04091,42.33906,0.0],[-71.04092,42.33929,0.0],[-71.04084,42.33944,0.0],[-71.04069,42.33956,0.0],[-71.0406,42.33958,0.0],[-71.04043,42.33957,0.0],[-71.0403,42.33949,0.0],[-71.04021,42.33937,0.0],[-71.04014,42.33918,0.0],[-71.04009,42.33889,0.0],[-71.04008,42.33867,0.0],[-71.04004,42.33847,0.0],[-71.04,42.33844,0.0],[-71.03998,42.33848,0.0],[-71.03997,42.33869,0.0],[-71.03997,42.33904,0.0],[-71.0399,42.33935,0.0],[-71.03987,42.33943,0.0],[-71.03992,42.33948,0.0],[-71.03992,42.33991,0.0],[-71.03978,42.33993,0.0],[-71.03963,42.33997,0.0],[-71.03954,42.34001,0.0],[-71.03949,42.34006,0.0],[-71.03941,42.34018,0.0],[-71.03936,42.34034,0.0],[-71.03907,42.34161,0.0],[-71.0382,42.34161,0.0],[-71.03775,42.3416,0.0],[-71.03769,42.34161,0.0],[-71.03735,42.34162,0.0],[-71.03624,42.34165,0.0],[-71.03592,42.34169,0.0],[-71.03575,42.34169,0.0],[-71.03527,42.34169,0.0],[-71.03522,42.34167,0.0],[-71.03521,42.34164,0.0],[-71.03521,42.34133,0.0],[-71.03523,42.34133,0.0],[-71.03522,42.34067,0.0],[-71.03471,42.34067,0.0],[-71.03471,42.34046,0.0],[-71.0338,42.34045,0.0],[-71.0338,42.34149,0.0],[-71.03248,42.34153,0.0],[-71.03248,42.34165,0.0],[-71.03057,42.34166,0.0],[-71.03041,42.34166,0.0],[-71.03037,42.34025,0.0],[-71.02952,42.34026,0.0],[-71.0295,42.34139,0.0],[-71.02942,42.34164,0.0],[-71.02929,42.34177,0.0],[-71.02822,42.34178,0.0],[-71.02784,42.34174,0.0],[-71.02777,42.3417,0.0],[-71.02771,42.34152,0.0],[-71.02765,42.34147,0.0],[-71.02731,42.34141,0.0],[-71.02704,42.34128,0.0],[-71.0269,42.34128,0.0],[-71.02653,42.34134,0.0],[-71.02639,42.34159,0.0],[-71.02634,42.34162,0.0],[-71.02617,42.34166,0.0],[-71.0256,42.34164,0.0],[-71.02535,42.34159,0.0],[-71.02513,42.34152,0.0],[-71.02513,42.34184,0.0],[-71.01956,42.34193,0.0],[-71.01421,42.34202,0.0],[-71.01076,42.33981,0.0],[-71.01099,42.33965,0.0],[-71.01164,42.33932,0.0],[-71.01337,42.3389,0.0],[-71.01484,42.33883,0.0],[-71.01513,42.33885,0.0],[-71.01568,42.33888,0.0],[-71.01653,42.33888,0.0],[-71.01731,42.33886,0.0],[-71.01801,42.33883,0.0],[-71.01828,42.33881,0.0],[-71.01869,42.33878,0.0],[-71.01931,42.33871,0.0],[-71.01967,42.33866,0.0],[-71.02009,42.33859,0.0],[-71.0205,42.33848,0.0],[-71.02105,42.33829,0.0],[-71.02149,42.33809,0.0],[-71.02179,42.33795,0.0],[-71.02195,42.33786,0.0],[-71.02207,42.33797,0.0],[-71.02225,42.3381,0.0],[-71.02245,42.3382,0.0],[-71.02372,42.33865,0.0],[-71.02384,42.3387,0.0],[-71.02398,42.33872,0.0],[-71.02413,42.33873,0.0],[-71.02429,42.33872,0.0],[-71.02444,42.33869,0.0],[-71.02455,42.33865,0.0],[-71.0249,42.33847,0.0],[-71.02513,42.33832,0.0],[-71.02523,42.33833,0.0],[-71.02593,42.33831,0.0],[-71.02622,42.33831,0.0],[-71.02679,42.3383,0.0],[-71.02726,42.33828,0.0],[-71.0288,42.33826,0.0],[-71.02932,42.33825,0.0],[-71.02999,42.33824,0.0],[-71.03106,42.33823,0.0],[-71.0319,42.33821,0.0],[-71.03261,42.33819,0.0],[-71.03341,42.33818,0.0],[-71.03423,42.33816,0.0],[-71.03549,42.33815,0.0],[-71.03644,42.33813,0.0],[-71.03752,42.3381,0.0],[-71.03779,42.3381,0.0],[-71.03877,42.33809,0.0],[-71.03999,42.33806,0.0],[-71.04052,42.33806,0.0],[-71.04161,42.33804,0.0],[-71.04248,42.33802,0.0],[-71.04398,42.338,0.0],[-71.04438,42.33799,0.0],[-71.04477,42.33821,0.0],[-71.04529,42.33856,0.0],[-71.04556,42.33873,0.0],[-71.04609,42.33906,0.0],[-71.04666,42.33944,0.0],[-71.04707,42.33971,0.0],[-71.04628,42.34038,0.0],[-71.0449,42.34154,0.0],[-71.04384,42.34246,0.0],[-71.04341,42.3428,0.0],[-71.04291,42.34324,0.0],[-71.04141,42.34453,0.0],[-71.04134,42.34452,0.0],[-71.04121,42.34449,0.0],[-71.04108,42.34447,0.0]]],[[[-71.03411,42.34838,0.0],[-71.03293,42.34964,0.0],[-71.03279,42.34957,0.0],[-71.03265,42.3495,0.0],[-71.03378,42.34822,0.0],[-71.03362,42.34815,0.0],[-71.03344,42.34807,0.0],[-71.03301,42.34788,0.0],[-71.03243,42.34832,0.0],[-71.03119,42.34927,0.0],[-71.03097,42.34915,0.0],[-71.03116,42.349,0.0],[-71.03272,42.34778,0.0],[-71.03195,42.34744,0.0],[-71.02952,42.34941,0.0],[-71.02942,42.34935,0.0],[-71.0293,42.34927,0.0],[-71.0317,42.34733,0.0],[-71.03071,42.34687,0.0],[-71.02921,42.34811,0.0],[-71.02912,42.34805,0.0],[-71.02902,42.34799,0.0],[-71.03039,42.34682,0.0],[-71.02989,42.34675,0.0],[-71.02976,42.34673,0.0],[-71.02908,42.34671,0.0],[-71.02686,42.3481,0.0],[-71.02654,42.3483,0.0],[-71.02552,42.34788,0.0],[-71.02328,42.34695,0.0],[-71.02324,42.34571,0.0],[-71.02658,42.34565,0.0],[-71.03063,42.34554,0.0],[-71.03097,42.34538,0.0],[-71.03097,42.3453,0.0],[-71.03063,42.34519,0.0],[-71.02658,42.34529,0.0],[-71.02656,42.34505,0.0],[-71.0254,42.34507,0.0],[-71.0254,42.34492,0.0],[-71.02581,42.34492,0.0],[-71.02575,42.34473,0.0],[-71.02548,42.34474,0.0],[-71.02547,42.34447,0.0],[-71.02197,42.34452,0.0],[-71.02196,42.34439,0.0],[-71.02194,42.34359,0.0],[-71.02194,42.34355,0.0],[-71.03433,42.34329,0.0],[-71.03731,42.34322,0.0],[-71.03731,42.34345,0.0],[-71.03729,42.34373,0.0],[-71.03726,42.34389,0.0],[-71.03727,42.34413,0.0],[-71.03727,42.34431,0.0],[-71.03707,42.34453,0.0],[-71.03693,42.34464,0.0],[-71.03686,42.34476,0.0],[-71.03681,42.34482,0.0],[-71.03646,42.34519,0.0],[-71.03582,42.34587,0.0],[-71.03513,42.34661,0.0],[-71.03561,42.34709,0.0],[-71.03573,42.3472,0.0],[-71.03575,42.34723,0.0],[-71.03564,42.34729,0.0],[-71.03599,42.34771,0.0],[-71.03578,42.34777,0.0],[-71.0354,42.34823,0.0],[-71.03536,42.34819,0.0],[-71.03505,42.34855,0.0],[-71.03492,42.34867,0.0],[-71.0334,42.35087,0.0],[-71.03317,42.35078,0.0],[-71.03478,42.34868,0.0],[-71.03411,42.34838,0.0]]]]}},{"type":"Feature","properties":{"uesi_id":"USA_R2315704","nbhd_code":"USA_R2315704_96","nbhd_name":"14000US25025040100"},"geometry":{"type":"MultiPolygon","coordinates":[[[[-71.06049,42.37693,0.0],[-71.05972,42.37666,0.0],[-71.06001,42.37608,0.0],[-71.05952,42.37591,0.0],[-71.05933,42.37584,0.0],[-71.05874,42.37594,0.0],[-71.0587,42.37578,0.0],[-71.05855,42.37544,0.0],[-71.05803,42.37441,0.0],[-71.05833,42.37434,0.0],[-71.05832,42.37416,0.0],[-71.05852,42.37401,0.0],[-71.0587,42.3739,0.0],[-71.05861,42.37379,0.0],[-71.05858,42.37375,0.0],[-71.05821,42.37384,0.0],[-71.05813,42.37368,0.0],[-71.058,42.37344,0.0],[-71.05798,42.37339,0.0],[-71.05792,42.37323,0.0],[-71.05791,42.373,0.0],[-71.05799,42.3728,0.0],[-71.05812,42.37269,0.0],[-71.05825,42.3726,0.0],[-71.05871,42.37237,0.0],[-71.05904,42.37221,0.0],[-71.05877,42.37188,0.0],[-71.05766,42.37224,0.0],[-71.05755,42.37218,0.0],[-71.05621,42.3715,0.0],[-71.05603,42.37141,0.0],[-71.05678,42.37107,0.0],[-71.05749,42.37074,0.0],[-71.05788,42.3709,0.0],[-71.05917,42.37143,0.0],[-71.05934,42.37147,0.0],[-71.05942,42.37146,0.0],[-71.05958,42.37144,0.0],[-71.05981,42.37131,0.0],[-71.06006,42.37109,0.0],[-71.06006,42.37103,0.0],[-71.05994,42.37087,0.0],[-71.0598,42.37074,0.0],[-71.05978,42.37064,0.0],[-71.05988,42.37058,0.0],[-71.06005,42.37058,0.0],[-71.06008,42.37056,0.0],[-71.06008,42.37051,0.0],[-71.05955,42.3699,0.0],[-71.05954,42.3698,0.0],[-71.05991,42.36963,0.0],[-71.06,42.36962,0.0],[-71.06008,42.36968,0.0],[-71.06042,42.37012,0.0],[-71.06051,42.37017,0.0],[-71.06055,42.37015,0.0],[-71.06066,42.37007,0.0],[-71.0609,42.37039,0.0],[-71.06108,42.37059,0.0],[-71.06129,42.37076,0.0],[-71.06181,42.37109,0.0],[-71.06185,42.3711,0.0],[-71.06196,42.37114,0.0],[-71.06202,42.37116,0.0],[-71.06224,42.37124,0.0],[-71.06238,42.3713,0.0],[-71.06263,42.3714,0.0],[-71.06267,42.37141,0.0],[-71.06271,42.37142,0.0],[-71.06304,42.37156,0.0],[-71.06319,42.37162,0.0],[-71.06361,42.3718,0.0],[-71.06384,42.37192,0.0],[-71.06396,42.37222,0.0],[-71.064,42.3723,0.0],[-71.06406,42.37241,0.0],[-71.06415,42.37269,0.0],[-71.06421,42.37284,0.0],[-71.06423,42.37313,0.0],[-71.0642,42.37327,0.0],[-71.06418,42.37338,0.0],[-71.06415,42.37342,0.0],[-71.064,42.37359,0.0],[-71.06375,42.37371,0.0],[-71.06339,42.37385,0.0],[-71.0632,42.37395,0.0],[-71.06279,42.3745,0.0],[-71.0625,42.37481,0.0],[-71.06222,42.3752,0.0],[-71.06205,42.3756,0.0],[-71.06187,42.37596,0.0],[-71.06153,42.37663,0.0],[-71.06124,42.37716,0.0],[-71.06049,42.37693,0.0]]]]}},{"type":"Feature","properties":{"uesi_id":"USA_R2315704","nbhd_code":"USA_R2315704_97","nbhd_name":"14000US25025040600"},"geometry":{"type":"MultiPolygon","coordinates":[[[[-71.06927,42.38491,0.0],[-71.06923,42.38492,0.0],[-71.06909,42.38502,0.0],[-71.069,42.38514,0.0],[-71.0689,42.3852,0.0],[-71.06877,42.38525,0.0],[-71.06858,42.38523,0.0],[-71.06844,42.38515,0.0],[-71.06835,42.38508,0.0],[-71.06767,42.38562,0.0],[-71.06764,42.38562,0.0],[-71.06744,42.3856,0.0],[-71.06601,42.38552,0.0],[-71.06616,42.38531,0.0],[-71.06501,42.38486,0.0],[-71.06472,42.3851,0.0],[-71.06377,42.38508,0.0],[-71.06373,42.38523,0.0],[-71.06483,42.38528,0.0],[-71.0648,42.38539,0.0],[-71.06362,42.3853,0.0],[-71.06333,42.38527,0.0],[-71.06333,42.38508,0.0],[-71.06424,42.38379,0.0],[-71.06399,42.38367,0.0],[-71.06384,42.38385,0.0],[-71.06357,42.38377,0.0],[-71.06259,42.3849,0.0],[-71.0624,42.38481,0.0],[-71.06221,42.38504,0.0],[-71.06171,42.385,0.0],[-71.06052,42.38489,0.0],[-71.06059,42.38472,0.0],[-71.06134,42.38475,0.0],[-71.06234,42.3835,0.0],[-71.06208,42.38349,0.0],[-71.06193,42.3837,0.0],[-71.06183,42.38369,0.0],[-71.06156,42.38405,0.0],[-71.06123,42.38396,0.0],[-71.06144,42.38372,0.0],[-71.06152,42.38373,0.0],[-71.06177,42.38343,0.0],[-71.06108,42.38334,0.0],[-71.06001,42.38482,0.0],[-71.05957,42.38469,0.0],[-71.06047,42.38333,0.0],[-71.05998,42.3833,0.0],[-71.05873,42.38497,0.0],[-71.0574,42.38481,0.0],[-71.05759,42.38463,0.0],[-71.05816,42.38468,0.0],[-71.05827,42.38467,0.0],[-71.05838,42.38462,0.0],[-71.0585,42.38451,0.0],[-71.05905,42.38374,0.0],[-71.0593,42.38336,0.0],[-71.06,42.38241,0.0],[-71.06021,42.38217,0.0],[-71.06033,42.38208,0.0],[-71.06082,42.38188,0.0],[-71.06096,42.38163,0.0],[-71.06107,42.38147,0.0],[-71.06125,42.38124,0.0],[-71.06148,42.38097,0.0],[-71.0616,42.3808,0.0],[-71.06182,42.38088,0.0],[-71.06214,42.38102,0.0],[-71.06236,42.38111,0.0],[-71.06286,42.38132,0.0],[-71.06329,42.3815,0.0],[-71.06367,42.38165,0.0],[-71.0642,42.38188,0.0],[-71.06435,42.38168,0.0],[-71.06465,42.38127,0.0],[-71.06493,42.38089,0.0],[-71.06503,42.38074,0.0],[-71.06534,42.38031,0.0],[-71.0645,42.37988,0.0],[-71.0647,42.37964,0.0],[-71.06494,42.37932,0.0],[-71.06578,42.37956,0.0],[-71.06635,42.37973,0.0],[-71.06669,42.37987,0.0],[-71.06672,42.37989,0.0],[-71.06702,42.38002,0.0],[-71.06723,42.3801,0.0],[-71.06762,42.38033,0.0],[-71.06793,42.38051,0.0],[-71.06837,42.38009,0.0],[-71.06843,42.38003,0.0],[-71.06869,42.37979,0.0],[-71.06911,42.37942,0.0],[-71.06952,42.37984,0.0],[-71.06969,42.38002,0.0],[-71.06999,42.38032,0.0],[-71.07051,42.38006,0.0],[-71.0709,42.37988,0.0],[-71.07069,42.37954,0.0],[-71.07043,42.37908,0.0],[-71.06994,42.37821,0.0],[-71.0696,42.37758,0.0],[-71.06935,42.37719,0.0],[-71.06877,42.37609,0.0],[-71.06868,42.37592,0.0],[-71.06832,42.37531,0.0],[-71.06822,42.37513,0.0],[-71.06791,42.37464,0.0],[-71.06804,42.37454,0.0],[-71.06819,42.37444,0.0],[-71.06821,42.37438,0.0],[-71.06822,42.37432,0.0],[-71.06826,42.37425,0.0],[-71.06837,42.37413,0.0],[-71.06841,42.3741,0.0],[-71.06851,42.37407,0.0],[-71.06887,42.37392,0.0],[-71.06914,42.37382,0.0],[-71.0692,42.37379,0.0],[-71.06936,42.37369,0.0],[-71.06938,42.37368,0.0],[-71.06942,42.37366,0.0],[-71.06949,42.3736,0.0],[-71.06952,42.37357,0.0],[-71.06955,42.37355,0.0],[-71.06959,42.37352,0.0],[-71.06966,42.37345,0.0],[-71.06968,42.37344,0.0],[-71.06988,42.37318,0.0],[-71.07,42.37303,0.0],[-71.07019,42.37277,0.0],[-71.07044,42.37248,0.0],[-71.07053,42.37239,0.0],[-71.07058,42.37239,0.0],[-71.07069,42.37241,0.0],[-71.07074,42.37241,0.0],[-71.07079,42.37241,0.0],[-71.07115,42.37245,0.0],[-71.07169,42.37251,0.0],[-71.07223,42.37257,0.0],[-71.0726,42.37261,0.0],[-71.07268,42.37276,0.0],[-71.07292,42.37324,0.0],[-71.07297,42.37335,0.0],[-71.07286,42.37334,0.0],[-71.07273,42.37333,0.0],[-71.07277,42.37345,0.0],[-71.07287,42.3737,0.0],[-71.07293,42.37385,0.0],[-71.07309,42.3742,0.0],[-71.07326,42.37459,0.0],[-71.07342,42.37499,0.0],[-71.07371,42.37566,0.0],[-71.07375,42.37576,0.0],[-71.07378,42.37582,0.0],[-71.07382,42.37592,0.0],[-71.07389,42.37608,0.0],[-71.07393,42.37617,0.0],[-71.07431,42.37705,0.0],[-71.0744,42.37726,0.0],[-71.0744,42.37731,0.0],[-71.07453,42.37761,0.0],[-71.07462,42.37782,0.0],[-71.0747,42.37801,0.0],[-71.07515,42.379,0.0],[-71.0753,42.37933,0.0],[-71.07568,42.38016,0.0],[-71.0757,42.38021,0.0],[-71.07588,42.38023,0.0],[-71.07613,42.38027,0.0],[-71.07619,42.38028,0.0],[-71.0764,42.38031,0.0],[-71.0765,42.38033,0.0],[-71.07651,42.38033,0.0],[-71.07651,42.38034,0.0],[-71.07657,42.38035,0.0],[-71.07658,42.38035,0.0],[-71.07662,42.38036,0.0],[-71.07663,42.38036,0.0],[-71.07664,42.38037,0.0],[-71.07669,42.38038,0.0],[-71.0767,42.38038,0.0],[-71.07679,42.3804,0.0],[-71.07706,42.38046,0.0],[-71.07715,42.38048,0.0],[-71.0772,42.38049,0.0],[-71.0773,42.38051,0.0],[-71.07737,42.38051,0.0],[-71.07742,42.38051,0.0],[-71.07748,42.38051,0.0],[-71.0776,42.38051,0.0],[-71.0776,42.38055,0.0],[-71.0776,42.38061,0.0],[-71.07762,42.38061,0.0],[-71.07765,42.38061,0.0],[-71.07774,42.38061,0.0],[-71.07777,42.38061,0.0],[-71.07779,42.38061,0.0],[-71.07785,42.38061,0.0],[-71.07787,42.38061,0.0],[-71.07789,42.38061,0.0],[-71.07797,42.38061,0.0],[-71.078,42.38061,0.0],[-71.07809,42.38063,0.0],[-71.07835,42.38069,0.0],[-71.07844,42.38071,0.0],[-71.07873,42.38077,0.0],[-71.0789,42.38081,0.0],[-71.0796,42.38088,0.0],[-71.0799,42.38091,0.0],[-71.08014,42.38094,0.0],[-71.0806,42.38101,0.0],[-71.08064,42.38128,0.0],[-71.08069,42.38152,0.0],[-71.08073,42.38164,0.0],[-71.08084,42.38202,0.0],[-71.08088,42.38215,0.0],[-71.0809,42.3822,0.0],[-71.08093,42.38234,0.0],[-71.08095,42.38239,0.0],[-71.08081,42.38245,0.0],[-71.08071,42.38249,0.0],[-71.08045,42.38261,0.0],[-71.08008,42.38278,0.0],[-71.08001,42.38282,0.0],[-71.07979,42.38294,0.0],[-71.07973,42.38302,0.0],[-71.07956,42.38327,0.0],[-71.0795,42.38336,0.0],[-71.07934,42.38355,0.0],[-71.07886,42.38411,0.0],[-71.0787,42.3843,0.0],[-71.07847,42.38461,0.0],[-71.07779,42.38552,0.0],[-71.07756,42.38582,0.0],[-71.07755,42.38584,0.0],[-71.07752,42.38588,0.0],[-71.07751,42.38589,0.0],[-71.07749,42.38591,0.0],[-71.07746,42.38595,0.0],[-71.07738,42.38607,0.0],[-71.07735,42.38611,0.0],[-71.07729,42.38618,0.0],[-71.0772,42.3863,0.0],[-71.07714,42.38641,0.0],[-71.0771,42.38649,0.0],[-71.0771,42.3865,0.0],[-71.07708,42.38651,0.0],[-71.07701,42.38656,0.0],[-71.07699,42.38658,0.0],[-71.07695,42.3866,0.0],[-71.07684,42.38668,0.0],[-71.0768,42.3867,0.0],[-71.07676,42.38677,0.0],[-71.07666,42.38698,0.0],[-71.07663,42.38704,0.0],[-71.07663,42.38707,0.0],[-71.07663,42.38713,0.0],[-71.07663,42.38715,0.0],[-71.07663,42.38721,0.0],[-71.07653,42.38735,0.0],[-71.07615,42.38793,0.0],[-71.0761,42.388,0.0],[-71.07602,42.38812,0.0],[-71.07567,42.38861,0.0],[-71.07462,42.3901,0.0],[-71.07427,42.3906,0.0],[-71.07423,42.39058,0.0],[-71.0737,42.38992,0.0],[-71.07364,42.38986,0.0],[-71.07345,42.38949,0.0],[-71.07324,42.38912,0.0],[-71.07299,42.38874,0.0],[-71.07271,42.38831,0.0],[-71.07263,42.38817,0.0],[-71.07257,42.38806,0.0],[-71.07242,42.38781,0.0],[-71.07228,42.38775,0.0],[-71.07217,42.3877,0.0],[-71.07213,42.38769,0.0],[-71.07142,42.38734,0.0],[-71.07074,42.38691,0.0],[-71.06991,42.38647,0.0],[-71.07053,42.38604,0.0],[-71.07023,42.38578,0.0],[-71.07,42.38563,0.0],[-71.06987,42.38559,0.0],[-71.06956,42.38554,0.0],[-71.06937,42.38544,0.0],[-71.06935,42.3854,0.0],[-71.06935,42.38521,0.0],[-71.06939,42.38496,0.0],[-71.06934,42.38492,0.0],[-71.06927,42.38491,0.0]]],[[[-71.06996,42.3906,0.0],[-71.0703,42.3902,0.0],[-71.07063,42.3897,0.0],[-71.07084,42.38977,0.0],[-71.07112,42.38987,0.0],[-71.0711,42.38994,0.0],[-71.07108,42.38997,0.0],[-71.07082,42.39033,0.0],[-71.07064,42.39059,0.0],[-71.07064,42.39062,0.0],[-71.0707,42.39072,0.0],[-71.07076,42.39095,0.0],[-71.07079,42.39097,0.0],[-71.07082,42.391,0.0],[-71.07094,42.39106,0.0],[-71.07099,42.39112,0.0],[-71.07106,42.39133,0.0],[-71.07119,42.39157,0.0],[-71.0712,42.3917,0.0],[-71.07113,42.39186,0.0],[-71.07102,42.39204,0.0],[-71.07082,42.39225,0.0],[-71.07058,42.39246,0.0],[-71.07038,42.39261,0.0],[-71.07023,42.39266,0.0],[-71.07008,42.39267,0.0],[-71.06995,42.39263,0.0],[-71.06985,42.39263,0.0],[-71.06979,42.39265,0.0],[-71.06963,42.39277,0.0],[-71.0693,42.39311,0.0],[-71.06917,42.39326,0.0],[-71.06907,42.39353,0.0],[-71.06891,42.39366,0.0],[-71.06876,42.39373,0.0],[-71.06873,42.39376,0.0],[-71.06873,42.39383,0.0],[-71.06878,42.39387,0.0],[-71.0691,42.39402,0.0],[-71.06923,42.39408,0.0],[-71.06924,42.39409,0.0],[-71.06889,42.39435,0.0],[-71.068,42.395,0.0],[-71.06782,42.395,0.0],[-71.0674,42.395,0.0],[-71.06735,42.39491,0.0],[-71.0672,42.3946,0.0],[-71.06718,42.3945,0.0],[-71.06716,42.39441,0.0],[-71.06712,42.39416,0.0],[-71.06711,42.39407,0.0],[-71.0671,42.394,0.0],[-71.06778,42.39319,0.0],[-71.06996,42.3906,0.0]]]]}},{"type":"Feature","properties":{"uesi_id":"USA_R2315704","nbhd_code":"USA_R2315704_98","nbhd_name":"14000US25025000602"},"geometry":{"type":"MultiPolygon","coordinates":[[[[-71.13456,42.35336,0.0],[-71.13446,42.35325,0.0],[-71.13452,42.35312,0.0],[-71.13511,42.35238,0.0],[-71.13555,42.35184,0.0],[-71.13564,42.3517,0.0],[-71.13574,42.35154,0.0],[-71.13589,42.35126,0.0],[-71.13615,42.3508,0.0],[-71.13638,42.3504,0.0],[-71.13654,42.3502,0.0],[-71.13689,42.34971,0.0],[-71.13719,42.34927,0.0],[-71.13738,42.34899,0.0],[-71.13758,42.34866,0.0],[-71.13827,42.34889,0.0],[-71.13841,42.34893,0.0],[-71.13858,42.34898,0.0],[-71.1389,42.34904,0.0],[-71.13908,42.34906,0.0],[-71.13927,42.34905,0.0],[-71.13963,42.34901,0.0],[-71.13981,42.34897,0.0],[-71.13988,42.34894,0.0],[-71.14004,42.34887,0.0],[-71.14022,42.34878,0.0],[-71.14037,42.34869,0.0],[-71.14046,42.34862,0.0],[-71.14057,42.34851,0.0],[-71.14067,42.34839,0.0],[-71.14075,42.34826,0.0],[-71.14081,42.34809,0.0],[-71.14087,42.34789,0.0],[-71.14091,42.34773,0.0],[-71.14098,42.34749,0.0],[-71.14108,42.34719,0.0],[-71.14117,42.34697,0.0],[-71.1413,42.3467,0.0],[-71.14152,42.3463,0.0],[-71.1417,42.34603,0.0],[-71.14173,42.34598,0.0],[-71.14209,42.34545,0.0],[-71.14231,42.34508,0.0],[-71.14244,42.34488,0.0],[-71.1427,42.34452,0.0],[-71.14279,42.34438,0.0],[-71.14311,42.34389,0.0],[-71.14373,42.3442,0.0],[-71.14454,42.34463,0.0],[-71.14505,42.34497,0.0],[-71.14534,42.34521,0.0],[-71.14556,42.34542,0.0],[-71.14566,42.34553,0.0],[-71.14586,42.34576,0.0],[-71.1461,42.34599,0.0],[-71.14624,42.34611,0.0],[-71.14635,42.34618,0.0],[-71.14651,42.34626,0.0],[-71.14732,42.34659,0.0],[-71.14774,42.34676,0.0],[-71.14804,42.34687,0.0],[-71.14834,42.34703,0.0],[-71.14865,42.34721,0.0],[-71.14905,42.34747,0.0],[-71.14937,42.34776,0.0],[-71.14976,42.34819,0.0],[-71.14996,42.34842,0.0],[-71.15027,42.34878,0.0],[-71.15036,42.34898,0.0],[-71.15015,42.34899,0.0],[-71.14994,42.34904,0.0],[-71.14953,42.34919,0.0],[-71.14934,42.34925,0.0],[-71.14898,42.34942,0.0],[-71.14862,42.34959,0.0],[-71.14816,42.34977,0.0],[-71.14803,42.34981,0.0],[-71.14739,42.35006,0.0],[-71.14708,42.35017,0.0],[-71.14651,42.35043,0.0],[-71.14561,42.35079,0.0],[-71.14496,42.35108,0.0],[-71.14455,42.35126,0.0],[-71.14429,42.35135,0.0],[-71.14416,42.35139,0.0],[-71.14398,42.35144,0.0],[-71.14315,42.35161,0.0],[-71.143,42.35164,0.0],[-71.14279,42.35168,0.0],[-71.14243,42.35178,0.0],[-71.14215,42.35188,0.0],[-71.14193,42.35196,0.0],[-71.1416,42.35207,0.0],[-71.14102,42.35229,0.0],[-71.14027,42.35255,0.0],[-71.13958,42.35281,0.0],[-71.13928,42.35291,0.0],[-71.139,42.353,0.0],[-71.13855,42.35318,0.0],[-71.13835,42.35326,0.0],[-71.13812,42.35335,0.0],[-71.13764,42.35354,0.0],[-71.13745,42.3536,0.0],[-71.13693,42.35358,0.0],[-71.13683,42.35358,0.0],[-71.1358,42.35351,0.0],[-71.1355,42.35347,0.0],[-71.13539,42.35346,0.0],[-71.13456,42.35336,0.0]]]]}},{"type":"Feature","properties":{"uesi_id":"USA_R2315704","nbhd_code":"USA_R2315704_99","nbhd_name":"14000US25025000601"},"geometry":{"type":"MultiPolygon","coordinates":[[[[-71.13907,42.3538,0.0],[-71.13809,42.35368,0.0],[-71.13763,42.35362,0.0],[-71.13745,42.3536,0.0],[-71.13764,42.35354,0.0],[-71.13812,42.35335,0.0],[-71.13835,42.35326,0.0],[-71.13855,42.35318,0.0],[-71.139,42.353,0.0],[-71.13928,42.35291,0.0],[-71.13958,42.35281,0.0],[-71.14027,42.35255,0.0],[-71.14102,42.35229,0.0],[-71.1416,42.35207,0.0],[-71.14193,42.35196,0.0],[-71.14215,42.35188,0.0],[-71.14243,42.35178,0.0],[-71.14279,42.35168,0.0],[-71.143,42.35164,0.0],[-71.14315,42.35161,0.0],[-71.14398,42.35144,0.0],[-71.14416,42.35139,0.0],[-71.14429,42.35135,0.0],[-71.14455,42.35126,0.0],[-71.14496,42.35108,0.0],[-71.14561,42.35079,0.0],[-71.14651,42.35043,0.0],[-71.14708,42.35017,0.0],[-71.14739,42.35006,0.0],[-71.14803,42.34981,0.0],[-71.14816,42.34977,0.0],[-71.14862,42.34959,0.0],[-71.14898,42.34942,0.0],[-71.14934,42.34925,0.0],[-71.14953,42.34919,0.0],[-71.14994,42.34904,0.0],[-71.15015,42.34899,0.0],[-71.15036,42.34898,0.0],[-71.15027,42.34878,0.0],[-71.14996,42.34842,0.0],[-71.14976,42.34819,0.0],[-71.15007,42.34768,0.0],[-71.15069,42.34672,0.0],[-71.1509,42.3464,0.0],[-71.15101,42.34621,0.0],[-71.15124,42.34582,0.0],[-71.15165,42.34592,0.0],[-71.15245,42.3461,0.0],[-71.15281,42.34616,0.0],[-71.15307,42.34616,0.0],[-71.15335,42.34665,0.0],[-71.15345,42.34679,0.0],[-71.15379,42.34726,0.0],[-71.15395,42.34756,0.0],[-71.154,42.3478,0.0],[-71.15399,42.34794,0.0],[-71.15395,42.34809,0.0],[-71.15384,42.34828,0.0],[-71.15372,42.34847,0.0],[-71.15351,42.34879,0.0],[-71.15348,42.34887,0.0],[-71.15345,42.34915,0.0],[-71.15342,42.34947,0.0],[-71.15333,42.34959,0.0],[-71.15307,42.3499,0.0],[-71.15296,42.35005,0.0],[-71.15282,42.35025,0.0],[-71.15238,42.35091,0.0],[-71.1521,42.35135,0.0],[-71.15192,42.35165,0.0],[-71.15095,42.35133,0.0],[-71.15027,42.35112,0.0],[-71.14907,42.35074,0.0],[-71.14802,42.3504,0.0],[-71.14786,42.35035,0.0],[-71.14736,42.3512,0.0],[-71.14728,42.35136,0.0],[-71.14714,42.35158,0.0],[-71.14674,42.3523,0.0],[-71.14726,42.35244,0.0],[-71.1481,42.35265,0.0],[-71.14864,42.35279,0.0],[-71.14928,42.35295,0.0],[-71.15039,42.35325,0.0],[-71.15088,42.35336,0.0],[-71.15071,42.35361,0.0],[-71.15053,42.35389,0.0],[-71.15036,42.3542,0.0],[-71.15009,42.35462,0.0],[-71.14997,42.35481,0.0],[-71.14981,42.35504,0.0],[-71.14954,42.35547,0.0],[-71.14908,42.35616,0.0],[-71.14841,42.35599,0.0],[-71.14839,42.35598,0.0],[-71.14799,42.35587,0.0],[-71.14754,42.35576,0.0],[-71.14659,42.35553,0.0],[-71.14632,42.35545,0.0],[-71.14612,42.3554,0.0],[-71.1459,42.35535,0.0],[-71.14562,42.35528,0.0],[-71.14516,42.35516,0.0],[-71.14418,42.3549,0.0],[-71.1438,42.35481,0.0],[-71.14335,42.35469,0.0],[-71.14258,42.3545,0.0],[-71.14237,42.35445,0.0],[-71.14166,42.35427,0.0],[-71.14068,42.35401,0.0],[-71.14052,42.35398,0.0],[-71.13993,42.35391,0.0],[-71.13962,42.35388,0.0],[-71.13907,42.3538,0.0]]]]}},{"type":"Feature","properties":{"uesi_id":"USA_R2315704","nbhd_code":"USA_R2315704_100","nbhd_name":"14000US25025000502"},"geometry":{"type":"MultiPolygon","coordinates":[[[[-71.15138,42.34043,0.0],[-71.15162,42.34022,0.0],[-71.15182,42.34003,0.0],[-71.15194,42.33991,0.0],[-71.15212,42.3397,0.0],[-71.15227,42.33948,0.0],[-71.15241,42.33926,0.0],[-71.15259,42.3389,0.0],[-71.15269,42.33872,0.0],[-71.15274,42.33865,0.0],[-71.15282,42.33855,0.0],[-71.15296,42.33843,0.0],[-71.15308,42.33834,0.0],[-71.15337,42.33819,0.0],[-71.15319,42.33805,0.0],[-71.15291,42.33781,0.0],[-71.1522,42.33718,0.0],[-71.15162,42.33731,0.0],[-71.15066,42.3375,0.0],[-71.14984,42.33767,0.0],[-71.15011,42.3372,0.0],[-71.15031,42.33685,0.0],[-71.15008,42.33685,0.0],[-71.14948,42.33694,0.0],[-71.14936,42.337,0.0],[-71.1492,42.3371,0.0],[-71.14896,42.3372,0.0],[-71.1487,42.33728,0.0],[-71.14774,42.33746,0.0],[-71.14735,42.33752,0.0],[-71.14726,42.3372,0.0],[-71.14725,42.33714,0.0],[-71.14755,42.33707,0.0],[-71.14847,42.33686,0.0],[-71.14877,42.33679,0.0],[-71.14874,42.33673,0.0],[-71.14866,42.33654,0.0],[-71.14863,42.33649,0.0],[-71.14863,42.33648,0.0],[-71.14861,42.33645,0.0],[-71.1486,42.33644,0.0],[-71.14858,42.3364,0.0],[-71.1485,42.3363,0.0],[-71.14848,42.33626,0.0],[-71.14842,42.33593,0.0],[-71.1484,42.33581,0.0],[-71.14853,42.33576,0.0],[-71.1496,42.33551,0.0],[-71.15006,42.3354,0.0],[-71.15006,42.33539,0.0],[-71.1501,42.33529,0.0],[-71.15013,42.33522,0.0],[-71.1502,42.33521,0.0],[-71.15023,42.33518,0.0],[-71.1505,42.335,0.0],[-71.15028,42.33478,0.0],[-71.15013,42.33463,0.0],[-71.15008,42.33459,0.0],[-71.14999,42.3345,0.0],[-71.1498,42.33451,0.0],[-71.15068,42.33396,0.0],[-71.15431,42.33175,0.0],[-71.15551,42.33101,0.0],[-71.15554,42.33099,0.0],[-71.15558,42.33096,0.0],[-71.15577,42.33083,0.0],[-71.15584,42.33078,0.0],[-71.15588,42.33075,0.0],[-71.15602,42.33066,0.0],[-71.15607,42.33063,0.0],[-71.15625,42.33052,0.0],[-71.15681,42.33021,0.0],[-71.15683,42.3302,0.0],[-71.15704,42.3304,0.0],[-71.15711,42.33047,0.0],[-71.15735,42.33072,0.0],[-71.15751,42.33089,0.0],[-71.15767,42.33107,0.0],[-71.15855,42.33199,0.0],[-71.15872,42.33217,0.0],[-71.15896,42.33243,0.0],[-71.15933,42.33278,0.0],[-71.15972,42.33304,0.0],[-71.16017,42.33328,0.0],[-71.16026,42.33333,0.0],[-71.16035,42.33337,0.0],[-71.16092,42.33365,0.0],[-71.1613,42.33379,0.0],[-71.16172,42.33389,0.0],[-71.1621,42.33395,0.0],[-71.1623,42.33397,0.0],[-71.16253,42.33397,0.0],[-71.16273,42.33397,0.0],[-71.16297,42.33396,0.0],[-71.16478,42.33376,0.0],[-71.16519,42.3337,0.0],[-71.16544,42.33368,0.0],[-71.16677,42.33354,0.0],[-71.16757,42.33345,0.0],[-71.16802,42.33443,0.0],[-71.16819,42.3348,0.0],[-71.16841,42.33503,0.0],[-71.16847,42.33509,0.0],[-71.16857,42.33515,0.0],[-71.16889,42.33583,0.0],[-71.16886,42.33631,0.0],[-71.16912,42.33738,0.0],[-71.16919,42.33789,0.0],[-71.16922,42.33808,0.0],[-71.16909,42.33825,0.0],[-71.16894,42.33846,0.0],[-71.16863,42.33864,0.0],[-71.16832,42.33875,0.0],[-71.16681,42.3393,0.0],[-71.16674,42.33986,0.0],[-71.1667,42.34002,0.0],[-71.16655,42.34004,0.0],[-71.16613,42.3401,0.0],[-71.16556,42.34017,0.0],[-71.1649,42.34022,0.0],[-71.16429,42.34023,0.0],[-71.16413,42.34023,0.0],[-71.16352,42.34022,0.0],[-71.16288,42.34021,0.0],[-71.16159,42.34017,0.0],[-71.16153,42.34017,0.0],[-71.16062,42.34014,0.0],[-71.15976,42.34007,0.0],[-71.15896,42.33996,0.0],[-71.15788,42.33974,0.0],[-71.15753,42.33979,0.0],[-71.15718,42.33988,0.0],[-71.15662,42.34003,0.0],[-71.15607,42.34017,0.0],[-71.15568,42.34025,0.0],[-71.15554,42.34027,0.0],[-71.15529,42.34035,0.0],[-71.15526,42.34044,0.0],[-71.15491,42.34098,0.0],[-71.15473,42.34121,0.0],[-71.15462,42.34124,0.0],[-71.15454,42.34123,0.0],[-71.15446,42.34121,0.0],[-71.15406,42.34099,0.0],[-71.15378,42.34086,0.0],[-71.15353,42.3408,0.0],[-71.15311,42.3407,0.0],[-71.15262,42.34064,0.0],[-71.1522,42.34063,0.0],[-71.15196,42.34061,0.0],[-71.15165,42.34054,0.0],[-71.15138,42.34043,0.0]]]]}},{"type":"Feature","properties":{"uesi_id":"USA_R2315704","nbhd_code":"USA_R2315704_101","nbhd_name":"14000US25025000402"},"geometry":{"type":"MultiPolygon","coordinates":[[[[-71.15307,42.34616,0.0],[-71.153,42.346,0.0],[-71.15294,42.34584,0.0],[-71.15291,42.34565,0.0],[-71.15295,42.34542,0.0],[-71.15304,42.34517,0.0],[-71.15307,42.34511,0.0],[-71.15327,42.34466,0.0],[-71.15337,42.34451,0.0],[-71.15343,42.34432,0.0],[-71.15346,42.34415,0.0],[-71.15345,42.34396,0.0],[-71.15342,42.34382,0.0],[-71.15339,42.34349,0.0],[-71.15342,42.3433,0.0],[-71.15346,42.34319,0.0],[-71.15363,42.34294,0.0],[-71.15384,42.34259,0.0],[-71.1542,42.34207,0.0],[-71.15436,42.34185,0.0],[-71.15455,42.34157,0.0],[-71.15473,42.34121,0.0],[-71.15491,42.34098,0.0],[-71.15526,42.34044,0.0],[-71.15529,42.34035,0.0],[-71.15554,42.34027,0.0],[-71.15568,42.34025,0.0],[-71.15607,42.34017,0.0],[-71.15662,42.34003,0.0],[-71.15718,42.33988,0.0],[-71.15753,42.33979,0.0],[-71.15788,42.33974,0.0],[-71.15896,42.33996,0.0],[-71.15976,42.34007,0.0],[-71.16062,42.34014,0.0],[-71.16153,42.34017,0.0],[-71.16159,42.34017,0.0],[-71.16288,42.34021,0.0],[-71.16352,42.34022,0.0],[-71.16413,42.34023,0.0],[-71.16429,42.34023,0.0],[-71.1649,42.34022,0.0],[-71.16556,42.34017,0.0],[-71.16613,42.3401,0.0],[-71.16613,42.34044,0.0],[-71.16612,42.3406,0.0],[-71.16611,42.34082,0.0],[-71.1661,42.34113,0.0],[-71.16605,42.34148,0.0],[-71.166,42.3416,0.0],[-71.16584,42.34188,0.0],[-71.16533,42.34268,0.0],[-71.16483,42.3433,0.0],[-71.16443,42.34369,0.0],[-71.16421,42.34393,0.0],[-71.16403,42.34418,0.0],[-71.1638,42.34459,0.0],[-71.16362,42.34487,0.0],[-71.16349,42.345,0.0],[-71.16336,42.34512,0.0],[-71.16315,42.34526,0.0],[-71.16289,42.34543,0.0],[-71.16273,42.34558,0.0],[-71.16246,42.34592,0.0],[-71.16225,42.34623,0.0],[-71.16212,42.34638,0.0],[-71.16202,42.34652,0.0],[-71.16168,42.34701,0.0],[-71.16131,42.34758,0.0],[-71.16084,42.34835,0.0],[-71.16044,42.34892,0.0],[-71.1599,42.3489,0.0],[-71.15961,42.3489,0.0],[-71.15933,42.34891,0.0],[-71.15916,42.34892,0.0],[-71.159,42.34894,0.0],[-71.15883,42.34896,0.0],[-71.15865,42.34899,0.0],[-71.15824,42.34904,0.0],[-71.15803,42.34906,0.0],[-71.15781,42.34907,0.0],[-71.15739,42.3491,0.0],[-71.15708,42.3491,0.0],[-71.15648,42.34911,0.0],[-71.15575,42.34912,0.0],[-71.15522,42.34913,0.0],[-71.15472,42.34914,0.0],[-71.15444,42.34915,0.0],[-71.15402,42.34915,0.0],[-71.15345,42.34915,0.0],[-71.15348,42.34887,0.0],[-71.15351,42.34879,0.0],[-71.15372,42.34847,0.0],[-71.15384,42.34828,0.0],[-71.15395,42.34809,0.0],[-71.15399,42.34794,0.0],[-71.154,42.3478,0.0],[-71.15395,42.34756,0.0],[-71.15379,42.34726,0.0],[-71.15345,42.34679,0.0],[-71.15335,42.34665,0.0],[-71.15307,42.34616,0.0]]]]}},{"type":"Feature","properties":{"uesi_id":"USA_R2315704","nbhd_code":"USA_R2315704_102","nbhd_name":"14000US25025130406"},"geometry":{"type":"MultiPolygon","coordinates":[[[[-71.14283,42.25595,0.0],[-71.14308,42.25556,0.0],[-71.14316,42.25538,0.0],[-71.14339,42.25493,0.0],[-71.14356,42.25469,0.0],[-71.1438,42.25444,0.0],[-71.14417,42.25412,0.0],[-71.14449,42.25387,0.0],[-71.14491,42.25359,0.0],[-71.14516,42.25346,0.0],[-71.14541,42.25336,0.0],[-71.14567,42.25327,0.0],[-71.1459,42.25315,0.0],[-71.14606,42.25304,0.0],[-71.1461,42.253,0.0],[-71.14612,42.2532,0.0],[-71.14618,42.2538,0.0],[-71.1462,42.25401,0.0],[-71.14621,42.25409,0.0],[-71.14626,42.25434,0.0],[-71.14628,42.25443,0.0],[-71.1463,42.25454,0.0],[-71.14637,42.25489,0.0],[-71.1464,42.25501,0.0],[-71.14645,42.25517,0.0],[-71.1466,42.25561,0.0],[-71.14662,42.25561,0.0],[-71.14664,42.25576,0.0],[-71.14774,42.25626,0.0],[-71.14873,42.25672,0.0],[-71.14943,42.25703,0.0],[-71.15039,42.25747,0.0],[-71.15158,42.25801,0.0],[-71.15212,42.25826,0.0],[-71.15231,42.25834,0.0],[-71.15316,42.25792,0.0],[-71.15421,42.25738,0.0],[-71.15522,42.25687,0.0],[-71.15596,42.25649,0.0],[-71.15628,42.25633,0.0],[-71.1567,42.25612,0.0],[-71.15739,42.25577,0.0],[-71.15813,42.25539,0.0],[-71.1583,42.25531,0.0],[-71.15858,42.25516,0.0],[-71.15988,42.25625,0.0],[-71.1603,42.2566,0.0],[-71.16038,42.25667,0.0],[-71.16046,42.25673,0.0],[-71.16069,42.25693,0.0],[-71.16077,42.25699,0.0],[-71.16092,42.25712,0.0],[-71.16095,42.25714,0.0],[-71.16139,42.2575,0.0],[-71.1614,42.2575,0.0],[-71.16157,42.25755,0.0],[-71.16156,42.25757,0.0],[-71.16072,42.25824,0.0],[-71.16026,42.25858,0.0],[-71.16019,42.25864,0.0],[-71.15992,42.25884,0.0],[-71.15928,42.25937,0.0],[-71.15854,42.25997,0.0],[-71.15841,42.26004,0.0],[-71.15752,42.26075,0.0],[-71.15705,42.26121,0.0],[-71.15696,42.26131,0.0],[-71.15651,42.26174,0.0],[-71.15579,42.26246,0.0],[-71.15536,42.26287,0.0],[-71.15483,42.26336,0.0],[-71.15428,42.26387,0.0],[-71.15357,42.26449,0.0],[-71.15288,42.26511,0.0],[-71.15231,42.26562,0.0],[-71.1522,42.26571,0.0],[-71.15177,42.2661,0.0],[-71.15112,42.26667,0.0],[-71.15081,42.26695,0.0],[-71.15067,42.26707,0.0],[-71.15047,42.26725,0.0],[-71.15009,42.26759,0.0],[-71.1498,42.26739,0.0],[-71.14956,42.26722,0.0],[-71.14941,42.26703,0.0],[-71.14928,42.2668,0.0],[-71.14889,42.26619,0.0],[-71.14873,42.26602,0.0],[-71.14849,42.2658,0.0],[-71.14839,42.2657,0.0],[-71.14814,42.26554,0.0],[-71.14782,42.26538,0.0],[-71.14729,42.26518,0.0],[-71.14702,42.26507,0.0],[-71.14689,42.265,0.0],[-71.14684,42.26497,0.0],[-71.14669,42.26486,0.0],[-71.14643,42.26459,0.0],[-71.14628,42.26432,0.0],[-71.14622,42.26408,0.0],[-71.14621,42.26386,0.0],[-71.14629,42.26342,0.0],[-71.1464,42.2628,0.0],[-71.14648,42.26249,0.0],[-71.14657,42.26227,0.0],[-71.14667,42.26202,0.0],[-71.1468,42.2618,0.0],[-71.147,42.26143,0.0],[-71.14704,42.26123,0.0],[-71.14699,42.261,0.0],[-71.14694,42.26091,0.0],[-71.14684,42.26077,0.0],[-71.14669,42.26065,0.0],[-71.14626,42.26047,0.0],[-71.14538,42.26019,0.0],[-71.14523,42.26013,0.0],[-71.14518,42.26008,0.0],[-71.14518,42.26005,0.0],[-71.14521,42.25993,0.0],[-71.14541,42.25946,0.0],[-71.14553,42.25924,0.0],[-71.14412,42.25933,0.0],[-71.14406,42.25847,0.0],[-71.1437,42.25784,0.0],[-71.14352,42.25716,0.0],[-71.14334,42.2567,0.0],[-71.14329,42.25624,0.0],[-71.14283,42.25595,0.0]]]]}},{"type":"Feature","properties":{"uesi_id":"USA_R2315704","nbhd_code":"USA_R2315704_103","nbhd_name":"14000US25025120103"},"geometry":{"type":"MultiPolygon","coordinates":[[[[-71.11547,42.30968,0.0],[-71.11566,42.30968,0.0],[-71.11583,42.30961,0.0],[-71.11606,42.30944,0.0],[-71.11621,42.30932,0.0],[-71.11642,42.30922,0.0],[-71.11653,42.30917,0.0],[-71.11672,42.30911,0.0],[-71.11716,42.30899,0.0],[-71.11731,42.30896,0.0],[-71.118,42.30881,0.0],[-71.11825,42.30878,0.0],[-71.11839,42.30876,0.0],[-71.11847,42.30876,0.0],[-71.11865,42.30877,0.0],[-71.11887,42.30879,0.0],[-71.11913,42.30882,0.0],[-71.11954,42.30888,0.0],[-71.12013,42.30896,0.0],[-71.1205,42.30902,0.0],[-71.12073,42.30902,0.0],[-71.12115,42.30914,0.0],[-71.12137,42.30924,0.0],[-71.12154,42.3094,0.0],[-71.1218,42.30971,0.0],[-71.12192,42.30984,0.0],[-71.12207,42.31015,0.0],[-71.12217,42.3104,0.0],[-71.12242,42.31125,0.0],[-71.12247,42.31161,0.0],[-71.12249,42.31178,0.0],[-71.12248,42.31195,0.0],[-71.12245,42.31211,0.0],[-71.12237,42.31225,0.0],[-71.12231,42.31238,0.0],[-71.1221,42.31273,0.0],[-71.12191,42.31292,0.0],[-71.12174,42.31304,0.0],[-71.1216,42.31313,0.0],[-71.12115,42.31339,0.0],[-71.1211,42.31348,0.0],[-71.12108,42.31354,0.0],[-71.12107,42.31363,0.0],[-71.12109,42.3137,0.0],[-71.12119,42.31382,0.0],[-71.12105,42.31375,0.0],[-71.1209,42.31371,0.0],[-71.12078,42.3137,0.0],[-71.12048,42.31374,0.0],[-71.12001,42.31381,0.0],[-71.11979,42.31385,0.0],[-71.11957,42.3139,0.0],[-71.11934,42.31398,0.0],[-71.1191,42.3141,0.0],[-71.11883,42.3143,0.0],[-71.1185,42.31451,0.0],[-71.11798,42.31493,0.0],[-71.11771,42.3151,0.0],[-71.11741,42.31528,0.0],[-71.11718,42.31542,0.0],[-71.11709,42.31549,0.0],[-71.117,42.31559,0.0],[-71.11622,42.31532,0.0],[-71.11567,42.31514,0.0],[-71.11621,42.31443,0.0],[-71.11634,42.31424,0.0],[-71.11636,42.31418,0.0],[-71.11636,42.31413,0.0],[-71.11634,42.3141,0.0],[-71.11629,42.31408,0.0],[-71.11591,42.31393,0.0],[-71.11582,42.3139,0.0],[-71.1154,42.31373,0.0],[-71.11482,42.31351,0.0],[-71.1141,42.31324,0.0],[-71.1141,42.31304,0.0],[-71.11415,42.31253,0.0],[-71.11418,42.31232,0.0],[-71.11423,42.31217,0.0],[-71.1144,42.31163,0.0],[-71.1145,42.31124,0.0],[-71.11457,42.31099,0.0],[-71.11465,42.31076,0.0],[-71.11476,42.31056,0.0],[-71.11485,42.3104,0.0],[-71.11513,42.31012,0.0],[-71.11536,42.30987,0.0],[-71.11547,42.30968,0.0]]]]}},{"type":"Feature","properties":{"uesi_id":"USA_R2315704","nbhd_code":"USA_R2315704_104","nbhd_name":"14000US25025100700"},"geometry":{"type":"MultiPolygon","coordinates":[[[[-71.04022,42.28468,0.0],[-71.04028,42.28462,0.0],[-71.04051,42.28443,0.0],[-71.04056,42.28441,0.0],[-71.04061,42.28439,0.0],[-71.04076,42.28437,0.0],[-71.04088,42.2843,0.0],[-71.04147,42.28356,0.0],[-71.0415,42.28349,0.0],[-71.04149,42.28312,0.0],[-71.04154,42.28275,0.0],[-71.04152,42.28211,0.0],[-71.04162,42.28178,0.0],[-71.0417,42.28118,0.0],[-71.04171,42.28088,0.0],[-71.04176,42.28069,0.0],[-71.04178,42.28068,0.0],[-71.04199,42.28057,0.0],[-71.04227,42.28052,0.0],[-71.04263,42.28052,0.0],[-71.04281,42.28056,0.0],[-71.04304,42.28065,0.0],[-71.0434,42.28086,0.0],[-71.04396,42.28102,0.0],[-71.04409,42.28104,0.0],[-71.04432,42.281,0.0],[-71.04445,42.28102,0.0],[-71.04465,42.28112,0.0],[-71.04506,42.28146,0.0],[-71.04508,42.28146,0.0],[-71.04513,42.28144,0.0],[-71.04516,42.28141,0.0],[-71.04516,42.28134,0.0],[-71.04503,42.28121,0.0],[-71.04503,42.28115,0.0],[-71.04495,42.28113,0.0],[-71.04466,42.28095,0.0],[-71.04443,42.28084,0.0],[-71.04336,42.28046,0.0],[-71.04299,42.28029,0.0],[-71.04278,42.28012,0.0],[-71.04266,42.27991,0.0],[-71.04266,42.27967,0.0],[-71.04274,42.27933,0.0],[-71.04272,42.27908,0.0],[-71.04265,42.27902,0.0],[-71.04252,42.27898,0.0],[-71.04215,42.27903,0.0],[-71.04198,42.27903,0.0],[-71.04192,42.27897,0.0],[-71.04195,42.27888,0.0],[-71.04257,42.2783,0.0],[-71.04325,42.2778,0.0],[-71.0437,42.27737,0.0],[-71.04392,42.27722,0.0],[-71.04424,42.27708,0.0],[-71.04466,42.27699,0.0],[-71.04504,42.27697,0.0],[-71.04566,42.27702,0.0],[-71.04621,42.27718,0.0],[-71.04643,42.27728,0.0],[-71.04669,42.27746,0.0],[-71.04704,42.27773,0.0],[-71.04744,42.27795,0.0],[-71.04808,42.27808,0.0],[-71.04819,42.27811,0.0],[-71.04828,42.27814,0.0],[-71.04835,42.27816,0.0],[-71.04867,42.27838,0.0],[-71.04879,42.27843,0.0],[-71.04927,42.27852,0.0],[-71.04969,42.27855,0.0],[-71.0501,42.27855,0.0],[-71.05021,42.27852,0.0],[-71.05035,42.27845,0.0],[-71.05067,42.2784,0.0],[-71.05126,42.27841,0.0],[-71.05138,42.27839,0.0],[-71.05172,42.27821,0.0],[-71.05198,42.27815,0.0],[-71.05209,42.27815,0.0],[-71.05277,42.27804,0.0],[-71.05317,42.2779,0.0],[-71.05351,42.27773,0.0],[-71.05362,42.27786,0.0],[-71.05375,42.278,0.0],[-71.05377,42.27804,0.0],[-71.05387,42.27821,0.0],[-71.05399,42.2785,0.0],[-71.05416,42.27895,0.0],[-71.05427,42.27923,0.0],[-71.05469,42.28035,0.0],[-71.05518,42.2803,0.0],[-71.05584,42.28026,0.0],[-71.05656,42.28021,0.0],[-71.0571,42.28017,0.0],[-71.05752,42.28014,0.0],[-71.05846,42.28007,0.0],[-71.05853,42.28007,0.0],[-71.05876,42.28065,0.0],[-71.05878,42.28088,0.0],[-71.05881,42.28109,0.0],[-71.05883,42.28128,0.0],[-71.05888,42.28187,0.0],[-71.0589,42.28201,0.0],[-71.05846,42.28214,0.0],[-71.05796,42.28227,0.0],[-71.05779,42.28232,0.0],[-71.05728,42.28246,0.0],[-71.05697,42.28252,0.0],[-71.05663,42.28258,0.0],[-71.05654,42.28259,0.0],[-71.05616,42.28282,0.0],[-71.05601,42.28293,0.0],[-71.0558,42.28322,0.0],[-71.05566,42.28361,0.0],[-71.05543,42.28436,0.0],[-71.05521,42.28492,0.0],[-71.05515,42.28508,0.0],[-71.05501,42.28543,0.0],[-71.05496,42.28558,0.0],[-71.05478,42.28602,0.0],[-71.05469,42.28628,0.0],[-71.05455,42.28662,0.0],[-71.05453,42.28668,0.0],[-71.05451,42.28681,0.0],[-71.05451,42.28687,0.0],[-71.05454,42.28712,0.0],[-71.05465,42.28734,0.0],[-71.05473,42.28745,0.0],[-71.05488,42.28768,0.0],[-71.0551,42.28794,0.0],[-71.05535,42.28825,0.0],[-71.05489,42.28841,0.0],[-71.05433,42.28856,0.0],[-71.05358,42.28877,0.0],[-71.05274,42.289,0.0],[-71.05216,42.28915,0.0],[-71.05191,42.28921,0.0],[-71.05147,42.28932,0.0],[-71.05136,42.28909,0.0],[-71.05115,42.28869,0.0],[-71.0509,42.28819,0.0],[-71.0507,42.28781,0.0],[-71.04937,42.28802,0.0],[-71.04909,42.2874,0.0],[-71.04852,42.28614,0.0],[-71.04746,42.2864,0.0],[-71.04529,42.28694,0.0],[-71.04446,42.2866,0.0],[-71.04415,42.28646,0.0],[-71.04386,42.28634,0.0],[-71.04332,42.28609,0.0],[-71.04315,42.28598,0.0],[-71.04303,42.28593,0.0],[-71.04294,42.28589,0.0],[-71.04282,42.28584,0.0],[-71.04272,42.2858,0.0],[-71.04253,42.28573,0.0],[-71.04219,42.28563,0.0],[-71.042,42.28555,0.0],[-71.04166,42.28542,0.0],[-71.04128,42.28524,0.0],[-71.041,42.28509,0.0],[-71.0409,42.28504,0.0],[-71.04039,42.28477,0.0],[-71.04022,42.28468,0.0]]]]}},{"type":"Feature","properties":{"uesi_id":"USA_R2315704","nbhd_code":"USA_R2315704_105","nbhd_name":"14000US25025100603"},"geometry":{"type":"MultiPolygon","coordinates":[[[[-71.04022,42.28468,0.0],[-71.04039,42.28477,0.0],[-71.0409,42.28504,0.0],[-71.041,42.28509,0.0],[-71.04128,42.28524,0.0],[-71.04166,42.28542,0.0],[-71.042,42.28555,0.0],[-71.04219,42.28563,0.0],[-71.04253,42.28573,0.0],[-71.04272,42.2858,0.0],[-71.04282,42.28584,0.0],[-71.04294,42.28589,0.0],[-71.04303,42.28593,0.0],[-71.04315,42.28598,0.0],[-71.04332,42.28609,0.0],[-71.04386,42.28634,0.0],[-71.04415,42.28646,0.0],[-71.04446,42.2866,0.0],[-71.04529,42.28694,0.0],[-71.04746,42.2864,0.0],[-71.04852,42.28614,0.0],[-71.04909,42.2874,0.0],[-71.04937,42.28802,0.0],[-71.0507,42.28781,0.0],[-71.0509,42.28819,0.0],[-71.05115,42.28869,0.0],[-71.05136,42.28909,0.0],[-71.05147,42.28932,0.0],[-71.05136,42.28934,0.0],[-71.05032,42.28962,0.0],[-71.04842,42.29007,0.0],[-71.04871,42.29043,0.0],[-71.04942,42.29131,0.0],[-71.04976,42.29173,0.0],[-71.05016,42.29219,0.0],[-71.05063,42.29279,0.0],[-71.04996,42.29304,0.0],[-71.04971,42.2931,0.0],[-71.049,42.29328,0.0],[-71.04842,42.29342,0.0],[-71.04847,42.2937,0.0],[-71.04842,42.29395,0.0],[-71.04834,42.29412,0.0],[-71.04823,42.29429,0.0],[-71.0482,42.29432,0.0],[-71.04802,42.29461,0.0],[-71.04787,42.29472,0.0],[-71.04775,42.29475,0.0],[-71.04765,42.29476,0.0],[-71.04748,42.2947,0.0],[-71.04729,42.29447,0.0],[-71.04723,42.2945,0.0],[-71.0473,42.29471,0.0],[-71.04737,42.29492,0.0],[-71.04748,42.2952,0.0],[-71.04758,42.29542,0.0],[-71.0476,42.29546,0.0],[-71.04756,42.29546,0.0],[-71.04766,42.2957,0.0],[-71.04759,42.29595,0.0],[-71.04754,42.29624,0.0],[-71.04753,42.29654,0.0],[-71.04758,42.29683,0.0],[-71.04768,42.29704,0.0],[-71.04819,42.29801,0.0],[-71.04829,42.29832,0.0],[-71.04776,42.29854,0.0],[-71.04762,42.2986,0.0],[-71.0475,42.29865,0.0],[-71.04737,42.29871,0.0],[-71.04707,42.29882,0.0],[-71.04637,42.29915,0.0],[-71.0456,42.29948,0.0],[-71.04496,42.29976,0.0],[-71.04447,42.29992,0.0],[-71.04409,42.30008,0.0],[-71.04406,42.30004,0.0],[-71.04386,42.29993,0.0],[-71.04386,42.29985,0.0],[-71.04401,42.29964,0.0],[-71.04417,42.29954,0.0],[-71.0445,42.2994,0.0],[-71.04466,42.29938,0.0],[-71.04478,42.29944,0.0],[-71.04484,42.29944,0.0],[-71.04484,42.29919,0.0],[-71.04526,42.29902,0.0],[-71.04548,42.29895,0.0],[-71.04557,42.29895,0.0],[-71.04575,42.29908,0.0],[-71.04583,42.29908,0.0],[-71.04605,42.29899,0.0],[-71.04633,42.29891,0.0],[-71.04639,42.29886,0.0],[-71.04639,42.29882,0.0],[-71.04622,42.29863,0.0],[-71.04622,42.29854,0.0],[-71.04627,42.29847,0.0],[-71.04625,42.29838,0.0],[-71.04619,42.29835,0.0],[-71.04597,42.29835,0.0],[-71.04592,42.29832,0.0],[-71.04556,42.29812,0.0],[-71.04534,42.29796,0.0],[-71.04508,42.29769,0.0],[-71.04481,42.29732,0.0],[-71.04474,42.29717,0.0],[-71.0447,42.29692,0.0],[-71.04455,42.29662,0.0],[-71.04459,42.29645,0.0],[-71.04459,42.29615,0.0],[-71.04466,42.29606,0.0],[-71.04475,42.296,0.0],[-71.04495,42.29603,0.0],[-71.04506,42.29605,0.0],[-71.04523,42.29601,0.0],[-71.04537,42.29601,0.0],[-71.0455,42.2961,0.0],[-71.04558,42.29639,0.0],[-71.04579,42.29676,0.0],[-71.04592,42.29703,0.0],[-71.04593,42.29748,0.0],[-71.04596,42.29757,0.0],[-71.0461,42.29777,0.0],[-71.04637,42.29804,0.0],[-71.04647,42.29811,0.0],[-71.0465,42.29811,0.0],[-71.04654,42.29806,0.0],[-71.04654,42.29797,0.0],[-71.04638,42.29743,0.0],[-71.04589,42.29623,0.0],[-71.04578,42.29589,0.0],[-71.04529,42.295,0.0],[-71.04522,42.29482,0.0],[-71.04496,42.29442,0.0],[-71.04459,42.29375,0.0],[-71.04444,42.29364,0.0],[-71.04414,42.29352,0.0],[-71.04399,42.29342,0.0],[-71.04377,42.29327,0.0],[-71.04333,42.293,0.0],[-71.0429,42.29268,0.0],[-71.04238,42.29213,0.0],[-71.04227,42.29193,0.0],[-71.04226,42.2918,0.0],[-71.04224,42.29172,0.0],[-71.04223,42.29155,0.0],[-71.04203,42.29127,0.0],[-71.04193,42.29101,0.0],[-71.04192,42.29045,0.0],[-71.04195,42.29027,0.0],[-71.04195,42.28992,0.0],[-71.04183,42.28948,0.0],[-71.04177,42.28942,0.0],[-71.04173,42.28942,0.0],[-71.04166,42.28949,0.0],[-71.04163,42.29005,0.0],[-71.04163,42.2908,0.0],[-71.04175,42.29139,0.0],[-71.04182,42.29166,0.0],[-71.04207,42.29219,0.0],[-71.04216,42.29252,0.0],[-71.04225,42.29315,0.0],[-71.04225,42.29324,0.0],[-71.0422,42.29329,0.0],[-71.04137,42.29326,0.0],[-71.04129,42.29325,0.0],[-71.04123,42.2932,0.0],[-71.04119,42.29312,0.0],[-71.04108,42.29304,0.0],[-71.041,42.29305,0.0],[-71.04094,42.2931,0.0],[-71.04086,42.2931,0.0],[-71.04054,42.29303,0.0],[-71.03977,42.29295,0.0],[-71.03968,42.29287,0.0],[-71.03962,42.29266,0.0],[-71.03953,42.29259,0.0],[-71.03937,42.29257,0.0],[-71.03928,42.29251,0.0],[-71.03928,42.29247,0.0],[-71.03957,42.29223,0.0],[-71.03957,42.29216,0.0],[-71.03948,42.29211,0.0],[-71.03931,42.29219,0.0],[-71.03923,42.29219,0.0],[-71.03917,42.29213,0.0],[-71.03917,42.29193,0.0],[-71.0391,42.29182,0.0],[-71.03911,42.29167,0.0],[-71.03891,42.29148,0.0],[-71.03905,42.29134,0.0],[-71.03905,42.29129,0.0],[-71.03898,42.29123,0.0],[-71.03891,42.29121,0.0],[-71.03888,42.29122,0.0],[-71.03871,42.29133,0.0],[-71.03859,42.29132,0.0],[-71.03814,42.29102,0.0],[-71.03787,42.29081,0.0],[-71.03785,42.29075,0.0],[-71.0379,42.2906,0.0],[-71.0379,42.29055,0.0],[-71.0379,42.29044,0.0],[-71.03784,42.29014,0.0],[-71.0379,42.28992,0.0],[-71.0379,42.28959,0.0],[-71.03787,42.28945,0.0],[-71.03775,42.28913,0.0],[-71.03741,42.28868,0.0],[-71.03731,42.28846,0.0],[-71.03731,42.28839,0.0],[-71.03742,42.28814,0.0],[-71.03742,42.28793,0.0],[-71.03768,42.28771,0.0],[-71.03774,42.28759,0.0],[-71.03777,42.28745,0.0],[-71.0379,42.28727,0.0],[-71.03836,42.28684,0.0],[-71.03849,42.28676,0.0],[-71.03887,42.28693,0.0],[-71.03899,42.28693,0.0],[-71.03904,42.2869,0.0],[-71.03904,42.28683,0.0],[-71.03899,42.28677,0.0],[-71.03899,42.28667,0.0],[-71.03895,42.28651,0.0],[-71.03843,42.2861,0.0],[-71.03843,42.28607,0.0],[-71.03844,42.28603,0.0],[-71.03871,42.28582,0.0],[-71.03942,42.28529,0.0],[-71.03976,42.28509,0.0],[-71.03997,42.28493,0.0],[-71.04014,42.28476,0.0],[-71.04022,42.28468,0.0]]]]}},{"type":"Feature","properties":{"uesi_id":"USA_R2315704","nbhd_code":"USA_R2315704_106","nbhd_name":"14000US25025092101"},"geometry":{"type":"MultiPolygon","coordinates":[[[[-71.04804,42.30324,0.0],[-71.04777,42.30315,0.0],[-71.04778,42.30314,0.0],[-71.04794,42.30266,0.0],[-71.04794,42.30227,0.0],[-71.04793,42.30224,0.0],[-71.04782,42.30217,0.0],[-71.04719,42.30218,0.0],[-71.04711,42.30223,0.0],[-71.0469,42.30265,0.0],[-71.0469,42.30276,0.0],[-71.04699,42.30288,0.0],[-71.04702,42.30298,0.0],[-71.047,42.30301,0.0],[-71.04686,42.30311,0.0],[-71.0437,42.30244,0.0],[-71.04337,42.30184,0.0],[-71.04346,42.30109,0.0],[-71.04351,42.30104,0.0],[-71.04388,42.3009,0.0],[-71.04404,42.3008,0.0],[-71.04424,42.30046,0.0],[-71.04425,42.30033,0.0],[-71.04419,42.30021,0.0],[-71.04409,42.30008,0.0],[-71.04447,42.29992,0.0],[-71.04496,42.29976,0.0],[-71.0456,42.29948,0.0],[-71.04637,42.29915,0.0],[-71.04707,42.29882,0.0],[-71.04737,42.29871,0.0],[-71.0475,42.29865,0.0],[-71.04762,42.2986,0.0],[-71.04776,42.29854,0.0],[-71.04829,42.29832,0.0],[-71.04819,42.29801,0.0],[-71.04768,42.29704,0.0],[-71.04758,42.29683,0.0],[-71.04753,42.29654,0.0],[-71.04754,42.29624,0.0],[-71.04759,42.29595,0.0],[-71.04766,42.2957,0.0],[-71.04756,42.29546,0.0],[-71.0476,42.29546,0.0],[-71.04758,42.29542,0.0],[-71.04748,42.2952,0.0],[-71.04737,42.29492,0.0],[-71.0473,42.29471,0.0],[-71.04723,42.2945,0.0],[-71.04729,42.29447,0.0],[-71.04748,42.2947,0.0],[-71.04765,42.29476,0.0],[-71.04775,42.29475,0.0],[-71.04787,42.29472,0.0],[-71.04802,42.29461,0.0],[-71.0482,42.29432,0.0],[-71.04823,42.29429,0.0],[-71.04834,42.29412,0.0],[-71.04842,42.29395,0.0],[-71.04847,42.2937,0.0],[-71.04842,42.29342,0.0],[-71.049,42.29328,0.0],[-71.04971,42.2931,0.0],[-71.04996,42.29304,0.0],[-71.05063,42.29279,0.0],[-71.05088,42.29309,0.0],[-71.05112,42.29339,0.0],[-71.05133,42.29361,0.0],[-71.05146,42.29375,0.0],[-71.05174,42.29399,0.0],[-71.05191,42.29411,0.0],[-71.05243,42.29448,0.0],[-71.05259,42.29442,0.0],[-71.05276,42.29436,0.0],[-71.05333,42.29415,0.0],[-71.0538,42.29398,0.0],[-71.05465,42.29371,0.0],[-71.05549,42.29351,0.0],[-71.05613,42.29339,0.0],[-71.0573,42.29313,0.0],[-71.05796,42.29297,0.0],[-71.05904,42.29271,0.0],[-71.06012,42.29242,0.0],[-71.06036,42.29236,0.0],[-71.06059,42.2923,0.0],[-71.06127,42.29214,0.0],[-71.06185,42.292,0.0],[-71.06261,42.29182,0.0],[-71.06249,42.29222,0.0],[-71.06234,42.29274,0.0],[-71.06226,42.29302,0.0],[-71.06214,42.29351,0.0],[-71.06209,42.29366,0.0],[-71.06197,42.29408,0.0],[-71.06182,42.29459,0.0],[-71.06167,42.29508,0.0],[-71.06154,42.29548,0.0],[-71.0615,42.29565,0.0],[-71.06145,42.29583,0.0],[-71.06137,42.29607,0.0],[-71.06132,42.29623,0.0],[-71.06117,42.29677,0.0],[-71.06104,42.29721,0.0],[-71.06077,42.2982,0.0],[-71.06065,42.29866,0.0],[-71.06048,42.29916,0.0],[-71.06031,42.29976,0.0],[-71.06026,42.29996,0.0],[-71.0602,42.30014,0.0],[-71.06016,42.30031,0.0],[-71.06013,42.30046,0.0],[-71.06002,42.30077,0.0],[-71.05987,42.30132,0.0],[-71.0598,42.30155,0.0],[-71.05969,42.30196,0.0],[-71.05959,42.30242,0.0],[-71.05953,42.30277,0.0],[-71.05943,42.30314,0.0],[-71.0593,42.30316,0.0],[-71.05909,42.30324,0.0],[-71.05878,42.30334,0.0],[-71.05806,42.30363,0.0],[-71.05737,42.30392,0.0],[-71.05632,42.30434,0.0],[-71.05609,42.30445,0.0],[-71.05597,42.30453,0.0],[-71.05587,42.30448,0.0],[-71.05556,42.30437,0.0],[-71.05551,42.30436,0.0],[-71.05543,42.30433,0.0],[-71.05532,42.30429,0.0],[-71.05428,42.30385,0.0],[-71.05384,42.30363,0.0],[-71.05333,42.30337,0.0],[-71.05256,42.30295,0.0],[-71.052,42.30251,0.0],[-71.05159,42.30222,0.0],[-71.0513,42.30199,0.0],[-71.05105,42.30176,0.0],[-71.05078,42.30155,0.0],[-71.05032,42.3013,0.0],[-71.04982,42.30103,0.0],[-71.04946,42.30083,0.0],[-71.04927,42.30121,0.0],[-71.0492,42.30135,0.0],[-71.04914,42.30145,0.0],[-71.04893,42.3019,0.0],[-71.04863,42.3024,0.0],[-71.04838,42.30286,0.0],[-71.04824,42.30314,0.0],[-71.04822,42.30315,0.0],[-71.04807,42.30316,0.0],[-71.04804,42.30324,0.0]]]]}},{"type":"Feature","properties":{"uesi_id":"USA_R2315704","nbhd_code":"USA_R2315704_107","nbhd_name":"14000US25025061101"},"geometry":{"type":"MultiPolygon","coordinates":[[[[-71.05209,42.32148,0.0],[-71.05229,42.32147,0.0],[-71.05246,42.32147,0.0],[-71.05258,42.32194,0.0],[-71.0527,42.32235,0.0],[-71.0529,42.32288,0.0],[-71.05316,42.32328,0.0],[-71.05329,42.32345,0.0],[-71.05379,42.324,0.0],[-71.0543,42.32443,0.0],[-71.05513,42.32502,0.0],[-71.05593,42.32557,0.0],[-71.05685,42.3263,0.0],[-71.05687,42.32688,0.0],[-71.0569,42.32738,0.0],[-71.05692,42.32804,0.0],[-71.05693,42.32856,0.0],[-71.05628,42.32858,0.0],[-71.05569,42.32858,0.0],[-71.05526,42.32859,0.0],[-71.0547,42.32859,0.0],[-71.05427,42.3286,0.0],[-71.05373,42.3286,0.0],[-71.05345,42.3286,0.0],[-71.05262,42.32861,0.0],[-71.05262,42.32844,0.0],[-71.05259,42.32752,0.0],[-71.05257,42.32712,0.0],[-71.05253,42.32682,0.0],[-71.05249,42.32608,0.0],[-71.05247,42.32532,0.0],[-71.05244,42.32434,0.0],[-71.05242,42.32345,0.0],[-71.0524,42.32307,0.0],[-71.05239,42.32298,0.0],[-71.05231,42.32263,0.0],[-71.05212,42.32159,0.0],[-71.05209,42.32148,0.0]]]]}},{"type":"Feature","properties":{"uesi_id":"USA_R2315704","nbhd_code":"USA_R2315704_108","nbhd_name":"14000US25025070800"},"geometry":{"type":"MultiPolygon","coordinates":[[[[-71.07853,42.3432,0.0],[-71.0787,42.34307,0.0],[-71.07919,42.3427,0.0],[-71.07911,42.34264,0.0],[-71.07901,42.34255,0.0],[-71.07883,42.34238,0.0],[-71.07875,42.34229,0.0],[-71.07836,42.34185,0.0],[-71.07759,42.34114,0.0],[-71.07737,42.34094,0.0],[-71.07797,42.34058,0.0],[-71.07809,42.34052,0.0],[-71.07872,42.34018,0.0],[-71.07885,42.34012,0.0],[-71.0796,42.33972,0.0],[-71.08032,42.33934,0.0],[-71.08041,42.3393,0.0],[-71.08116,42.33889,0.0],[-71.08197,42.33842,0.0],[-71.08261,42.33886,0.0],[-71.08331,42.33932,0.0],[-71.08366,42.33954,0.0],[-71.08368,42.33956,0.0],[-71.08427,42.33994,0.0],[-71.08441,42.34,0.0],[-71.08468,42.3403,0.0],[-71.08431,42.34062,0.0],[-71.0835,42.34127,0.0],[-71.08335,42.3417,0.0],[-71.08273,42.34214,0.0],[-71.08205,42.34268,0.0],[-71.08142,42.3432,0.0],[-71.08078,42.34375,0.0],[-71.08045,42.34397,0.0],[-71.08008,42.34423,0.0],[-71.07997,42.34416,0.0],[-71.07963,42.34391,0.0],[-71.07909,42.34355,0.0],[-71.07898,42.34348,0.0],[-71.07853,42.3432,0.0]]]]}},{"type":"Feature","properties":{"uesi_id":"USA_R2315704","nbhd_code":"USA_R2315704_109","nbhd_name":"14000US25025070700"},"geometry":{"type":"MultiPolygon","coordinates":[[[[-71.07487,42.34511,0.0],[-71.07474,42.34484,0.0],[-71.07463,42.34461,0.0],[-71.07449,42.34431,0.0],[-71.07497,42.34417,0.0],[-71.07569,42.34399,0.0],[-71.07594,42.34392,0.0],[-71.0768,42.34369,0.0],[-71.07712,42.34361,0.0],[-71.07739,42.34354,0.0],[-71.07752,42.34347,0.0],[-71.07765,42.34336,0.0],[-71.07853,42.3432,0.0],[-71.07898,42.34348,0.0],[-71.07909,42.34355,0.0],[-71.07963,42.34391,0.0],[-71.07997,42.34416,0.0],[-71.08008,42.34423,0.0],[-71.07947,42.34472,0.0],[-71.07939,42.34477,0.0],[-71.07875,42.34529,0.0],[-71.07809,42.34583,0.0],[-71.07777,42.34605,0.0],[-71.07598,42.34735,0.0],[-71.0761,42.34758,0.0],[-71.07619,42.34777,0.0],[-71.07626,42.34791,0.0],[-71.07645,42.3483,0.0],[-71.07539,42.34858,0.0],[-71.07521,42.34821,0.0],[-71.07516,42.34817,0.0],[-71.07513,42.34816,0.0],[-71.0751,42.34817,0.0],[-71.07411,42.34845,0.0],[-71.07358,42.34859,0.0],[-71.07282,42.3488,0.0],[-71.07227,42.34896,0.0],[-71.072,42.34903,0.0],[-71.07182,42.34866,0.0],[-71.07262,42.348,0.0],[-71.07266,42.34797,0.0],[-71.07269,42.34794,0.0],[-71.07282,42.34784,0.0],[-71.07304,42.34766,0.0],[-71.07329,42.34747,0.0],[-71.07353,42.34727,0.0],[-71.07392,42.34693,0.0],[-71.07473,42.34628,0.0],[-71.07524,42.34586,0.0],[-71.07514,42.34569,0.0],[-71.07509,42.34558,0.0],[-71.07487,42.34511,0.0]]]]}},{"type":"Feature","properties":{"uesi_id":"USA_R2315704","nbhd_code":"USA_R2315704_110","nbhd_name":"14000US25025070600"},"geometry":{"type":"MultiPolygon","coordinates":[[[[-71.07186,42.34384,0.0],[-71.07231,42.34362,0.0],[-71.07282,42.34335,0.0],[-71.07316,42.34317,0.0],[-71.07376,42.34284,0.0],[-71.07382,42.34281,0.0],[-71.07459,42.34242,0.0],[-71.07535,42.342,0.0],[-71.07598,42.34167,0.0],[-71.07659,42.34134,0.0],[-71.07737,42.34094,0.0],[-71.07759,42.34114,0.0],[-71.07836,42.34185,0.0],[-71.07875,42.34229,0.0],[-71.07883,42.34238,0.0],[-71.07901,42.34255,0.0],[-71.07911,42.34264,0.0],[-71.07919,42.3427,0.0],[-71.0787,42.34307,0.0],[-71.07853,42.3432,0.0],[-71.07765,42.34336,0.0],[-71.07752,42.34347,0.0],[-71.07739,42.34354,0.0],[-71.07712,42.34361,0.0],[-71.0768,42.34369,0.0],[-71.07594,42.34392,0.0],[-71.07569,42.34399,0.0],[-71.07497,42.34417,0.0],[-71.07449,42.34431,0.0],[-71.07463,42.34461,0.0],[-71.07474,42.34484,0.0],[-71.07487,42.34511,0.0],[-71.07275,42.34567,0.0],[-71.07256,42.34529,0.0],[-71.07238,42.34488,0.0],[-71.072,42.34413,0.0],[-71.07186,42.34384,0.0]]]]}},{"type":"Feature","properties":{"uesi_id":"USA_R2315704","nbhd_code":"USA_R2315704_111","nbhd_name":"14000US25025070500"},"geometry":{"type":"MultiPolygon","coordinates":[[[[-71.06593,42.34394,0.0],[-71.06606,42.34374,0.0],[-71.06635,42.34342,0.0],[-71.06682,42.34303,0.0],[-71.06705,42.34284,0.0],[-71.0672,42.34271,0.0],[-71.06748,42.34249,0.0],[-71.06758,42.34241,0.0],[-71.06774,42.34228,0.0],[-71.06793,42.34213,0.0],[-71.06808,42.34202,0.0],[-71.06829,42.34189,0.0],[-71.06833,42.34186,0.0],[-71.06851,42.34178,0.0],[-71.06878,42.34167,0.0],[-71.06967,42.34135,0.0],[-71.06983,42.34128,0.0],[-71.07007,42.34117,0.0],[-71.07071,42.3408,0.0],[-71.07109,42.34055,0.0],[-71.07131,42.34067,0.0],[-71.0718,42.34109,0.0],[-71.07185,42.34111,0.0],[-71.07197,42.3412,0.0],[-71.07208,42.34129,0.0],[-71.07275,42.34085,0.0],[-71.07253,42.34055,0.0],[-71.07243,42.34049,0.0],[-71.07183,42.34006,0.0],[-71.0725,42.33962,0.0],[-71.07265,42.33952,0.0],[-71.07363,42.33888,0.0],[-71.07379,42.33877,0.0],[-71.07429,42.33843,0.0],[-71.075,42.33794,0.0],[-71.07538,42.33827,0.0],[-71.07557,42.33842,0.0],[-71.07596,42.33873,0.0],[-71.07559,42.33899,0.0],[-71.07527,42.33922,0.0],[-71.07559,42.3395,0.0],[-71.07588,42.33977,0.0],[-71.07696,42.34061,0.0],[-71.07726,42.34084,0.0],[-71.07737,42.34094,0.0],[-71.07659,42.34134,0.0],[-71.07598,42.34167,0.0],[-71.07535,42.342,0.0],[-71.07459,42.34242,0.0],[-71.07382,42.34281,0.0],[-71.07376,42.34284,0.0],[-71.07316,42.34317,0.0],[-71.07282,42.34335,0.0],[-71.07231,42.34362,0.0],[-71.07186,42.34384,0.0],[-71.07158,42.34398,0.0],[-71.07107,42.34426,0.0],[-71.07068,42.34447,0.0],[-71.07063,42.34451,0.0],[-71.07054,42.34457,0.0],[-71.07039,42.3447,0.0],[-71.07021,42.34487,0.0],[-71.07002,42.34509,0.0],[-71.06986,42.34527,0.0],[-71.0694,42.34512,0.0],[-71.069,42.34499,0.0],[-71.06878,42.34491,0.0],[-71.06808,42.34466,0.0],[-71.06707,42.34432,0.0],[-71.06646,42.34412,0.0],[-71.06593,42.34394,0.0]]]]}},{"type":"Feature","properties":{"uesi_id":"USA_R2315704","nbhd_code":"USA_R2315704_112","nbhd_name":"14000US25025070300"},"geometry":{"type":"MultiPolygon","coordinates":[[[[-71.06819,42.34787,0.0],[-71.06834,42.34777,0.0],[-71.06844,42.34769,0.0],[-71.0685,42.34761,0.0],[-71.06861,42.34748,0.0],[-71.06868,42.34739,0.0],[-71.06884,42.34711,0.0],[-71.0691,42.34662,0.0],[-71.06986,42.34527,0.0],[-71.07002,42.34509,0.0],[-71.07021,42.34487,0.0],[-71.07039,42.3447,0.0],[-71.07054,42.34457,0.0],[-71.07063,42.34451,0.0],[-71.07068,42.34447,0.0],[-71.07107,42.34426,0.0],[-71.07158,42.34398,0.0],[-71.07186,42.34384,0.0],[-71.072,42.34413,0.0],[-71.07238,42.34488,0.0],[-71.07256,42.34529,0.0],[-71.07275,42.34567,0.0],[-71.07487,42.34511,0.0],[-71.07509,42.34558,0.0],[-71.07514,42.34569,0.0],[-71.07524,42.34586,0.0],[-71.07473,42.34628,0.0],[-71.07392,42.34693,0.0],[-71.07353,42.34727,0.0],[-71.07329,42.34747,0.0],[-71.07304,42.34766,0.0],[-71.07282,42.34784,0.0],[-71.07269,42.34794,0.0],[-71.07266,42.34797,0.0],[-71.07262,42.348,0.0],[-71.07182,42.34866,0.0],[-71.072,42.34903,0.0],[-71.07225,42.34954,0.0],[-71.07266,42.35042,0.0],[-71.07282,42.35076,0.0],[-71.07046,42.35143,0.0],[-71.07066,42.35186,0.0],[-71.07051,42.35189,0.0],[-71.06918,42.35218,0.0],[-71.06837,42.35236,0.0],[-71.06747,42.3525,0.0],[-71.06725,42.35182,0.0],[-71.06702,42.35131,0.0],[-71.06687,42.35097,0.0],[-71.06681,42.35076,0.0],[-71.06669,42.35024,0.0],[-71.06659,42.34973,0.0],[-71.06653,42.34942,0.0],[-71.06649,42.34905,0.0],[-71.06649,42.34899,0.0],[-71.06651,42.34888,0.0],[-71.06656,42.34882,0.0],[-71.06661,42.34877,0.0],[-71.06733,42.34839,0.0],[-71.06754,42.3483,0.0],[-71.06803,42.34799,0.0],[-71.06819,42.34787,0.0]]]]}},{"type":"Feature","properties":{"uesi_id":"USA_R2315704","nbhd_code":"USA_R2315704_113","nbhd_name":"14000US25025000401"},"geometry":{"type":"MultiPolygon","coordinates":[[[[-71.14311,42.34389,0.0],[-71.14343,42.34346,0.0],[-71.14359,42.34323,0.0],[-71.14366,42.34315,0.0],[-71.14382,42.34299,0.0],[-71.14407,42.34275,0.0],[-71.14436,42.34253,0.0],[-71.14473,42.34233,0.0],[-71.14512,42.34215,0.0],[-71.14548,42.34202,0.0],[-71.14592,42.34191,0.0],[-71.14612,42.34187,0.0],[-71.14646,42.34182,0.0],[-71.14674,42.3418,0.0],[-71.14701,42.34179,0.0],[-71.14731,42.34179,0.0],[-71.14763,42.34181,0.0],[-71.14807,42.34184,0.0],[-71.14863,42.34182,0.0],[-71.14884,42.34179,0.0],[-71.1493,42.3417,0.0],[-71.14966,42.34159,0.0],[-71.14997,42.34147,0.0],[-71.15027,42.34133,0.0],[-71.1504,42.34123,0.0],[-71.15049,42.34106,0.0],[-71.15092,42.34077,0.0],[-71.15115,42.34061,0.0],[-71.15131,42.34049,0.0],[-71.15138,42.34043,0.0],[-71.15165,42.34054,0.0],[-71.15196,42.34061,0.0],[-71.1522,42.34063,0.0],[-71.15262,42.34064,0.0],[-71.15311,42.3407,0.0],[-71.15353,42.3408,0.0],[-71.15378,42.34086,0.0],[-71.15406,42.34099,0.0],[-71.15446,42.34121,0.0],[-71.15454,42.34123,0.0],[-71.15462,42.34124,0.0],[-71.15473,42.34121,0.0],[-71.15455,42.34157,0.0],[-71.15436,42.34185,0.0],[-71.1542,42.34207,0.0],[-71.15384,42.34259,0.0],[-71.15363,42.34294,0.0],[-71.15346,42.34319,0.0],[-71.15342,42.3433,0.0],[-71.15339,42.34349,0.0],[-71.15342,42.34382,0.0],[-71.15345,42.34396,0.0],[-71.15346,42.34415,0.0],[-71.15343,42.34432,0.0],[-71.15337,42.34451,0.0],[-71.15327,42.34466,0.0],[-71.15307,42.34511,0.0],[-71.15304,42.34517,0.0],[-71.15295,42.34542,0.0],[-71.15291,42.34565,0.0],[-71.15294,42.34584,0.0],[-71.153,42.346,0.0],[-71.15307,42.34616,0.0],[-71.15281,42.34616,0.0],[-71.15245,42.3461,0.0],[-71.15165,42.34592,0.0],[-71.15124,42.34582,0.0],[-71.15101,42.34621,0.0],[-71.1509,42.3464,0.0],[-71.15069,42.34672,0.0],[-71.15007,42.34768,0.0],[-71.14976,42.34819,0.0],[-71.14937,42.34776,0.0],[-71.14905,42.34747,0.0],[-71.14865,42.34721,0.0],[-71.14834,42.34703,0.0],[-71.14804,42.34687,0.0],[-71.14774,42.34676,0.0],[-71.14732,42.34659,0.0],[-71.14651,42.34626,0.0],[-71.14635,42.34618,0.0],[-71.14624,42.34611,0.0],[-71.1461,42.34599,0.0],[-71.14586,42.34576,0.0],[-71.14566,42.34553,0.0],[-71.14556,42.34542,0.0],[-71.14534,42.34521,0.0],[-71.14505,42.34497,0.0],[-71.14454,42.34463,0.0],[-71.14373,42.3442,0.0],[-71.14311,42.34389,0.0]]]]}},{"type":"Feature","properties":{"uesi_id":"USA_R2315704","nbhd_code":"USA_R2315704_114","nbhd_name":"14000US25025000202"},"geometry":{"type":"MultiPolygon","coordinates":[[[[-71.14908,42.35616,0.0],[-71.14954,42.35547,0.0],[-71.14981,42.35504,0.0],[-71.14997,42.35481,0.0],[-71.15009,42.35462,0.0],[-71.15036,42.3542,0.0],[-71.15053,42.35389,0.0],[-71.15071,42.35361,0.0],[-71.15088,42.35336,0.0],[-71.15039,42.35325,0.0],[-71.14928,42.35295,0.0],[-71.14864,42.35279,0.0],[-71.1481,42.35265,0.0],[-71.14726,42.35244,0.0],[-71.14674,42.3523,0.0],[-71.14714,42.35158,0.0],[-71.14728,42.35136,0.0],[-71.14736,42.3512,0.0],[-71.14786,42.35035,0.0],[-71.14802,42.3504,0.0],[-71.14907,42.35074,0.0],[-71.15027,42.35112,0.0],[-71.15095,42.35133,0.0],[-71.15192,42.35165,0.0],[-71.1521,42.35135,0.0],[-71.15238,42.35091,0.0],[-71.15282,42.35025,0.0],[-71.15296,42.35005,0.0],[-71.15307,42.3499,0.0],[-71.15333,42.34959,0.0],[-71.15342,42.34947,0.0],[-71.15345,42.34915,0.0],[-71.15402,42.34915,0.0],[-71.15444,42.34915,0.0],[-71.15472,42.34914,0.0],[-71.15522,42.34913,0.0],[-71.15575,42.34912,0.0],[-71.15648,42.34911,0.0],[-71.15708,42.3491,0.0],[-71.15739,42.3491,0.0],[-71.15781,42.34907,0.0],[-71.15803,42.34906,0.0],[-71.15824,42.34904,0.0],[-71.15865,42.34899,0.0],[-71.15883,42.34896,0.0],[-71.159,42.34894,0.0],[-71.15916,42.34892,0.0],[-71.15933,42.34891,0.0],[-71.15961,42.3489,0.0],[-71.1599,42.3489,0.0],[-71.16044,42.34892,0.0],[-71.16039,42.34965,0.0],[-71.16036,42.35094,0.0],[-71.1603,42.35215,0.0],[-71.16051,42.35255,0.0],[-71.16057,42.35268,0.0],[-71.16018,42.3527,0.0],[-71.16005,42.35277,0.0],[-71.15987,42.35287,0.0],[-71.15973,42.35298,0.0],[-71.15901,42.35354,0.0],[-71.15859,42.35382,0.0],[-71.1585,42.35388,0.0],[-71.15806,42.35408,0.0],[-71.15747,42.35435,0.0],[-71.15709,42.35452,0.0],[-71.15671,42.35474,0.0],[-71.15641,42.35508,0.0],[-71.15614,42.35536,0.0],[-71.15585,42.35556,0.0],[-71.15568,42.35564,0.0],[-71.15547,42.35571,0.0],[-71.15525,42.35574,0.0],[-71.155,42.35574,0.0],[-71.15433,42.35568,0.0],[-71.15427,42.35608,0.0],[-71.15405,42.35674,0.0],[-71.15389,42.35715,0.0],[-71.15382,42.35733,0.0],[-71.15376,42.35753,0.0],[-71.15345,42.35734,0.0],[-71.15319,42.35723,0.0],[-71.15295,42.35716,0.0],[-71.1522,42.35696,0.0],[-71.1513,42.35673,0.0],[-71.15099,42.35665,0.0],[-71.14953,42.35627,0.0],[-71.14908,42.35616,0.0]]]]}},{"type":"Feature","properties":{"uesi_id":"USA_R2315704","nbhd_code":"USA_R2315704_115","nbhd_name":"14000US25025000201"},"geometry":{"type":"MultiPolygon","coordinates":[[[[-71.15376,42.35753,0.0],[-71.15382,42.35733,0.0],[-71.15389,42.35715,0.0],[-71.15405,42.35674,0.0],[-71.15427,42.35608,0.0],[-71.15433,42.35568,0.0],[-71.155,42.35574,0.0],[-71.15525,42.35574,0.0],[-71.15547,42.35571,0.0],[-71.15568,42.35564,0.0],[-71.15585,42.35556,0.0],[-71.15614,42.35536,0.0],[-71.15641,42.35508,0.0],[-71.15671,42.35474,0.0],[-71.15709,42.35452,0.0],[-71.15747,42.35435,0.0],[-71.15806,42.35408,0.0],[-71.1585,42.35388,0.0],[-71.15859,42.35382,0.0],[-71.15901,42.35354,0.0],[-71.15973,42.35298,0.0],[-71.15987,42.35287,0.0],[-71.16005,42.35277,0.0],[-71.16018,42.3527,0.0],[-71.16057,42.35268,0.0],[-71.16051,42.35255,0.0],[-71.1603,42.35215,0.0],[-71.16036,42.35094,0.0],[-71.16039,42.34965,0.0],[-71.16044,42.34892,0.0],[-71.1613,42.34897,0.0],[-71.16162,42.34897,0.0],[-71.16214,42.349,0.0],[-71.16243,42.349,0.0],[-71.16276,42.34903,0.0],[-71.16309,42.34905,0.0],[-71.16333,42.34912,0.0],[-71.16339,42.34914,0.0],[-71.16374,42.34934,0.0],[-71.16427,42.34967,0.0],[-71.1645,42.34982,0.0],[-71.16473,42.34997,0.0],[-71.16486,42.35005,0.0],[-71.16513,42.35018,0.0],[-71.16539,42.35028,0.0],[-71.16555,42.35032,0.0],[-71.16613,42.35044,0.0],[-71.16664,42.35051,0.0],[-71.16739,42.35058,0.0],[-71.16761,42.35061,0.0],[-71.1676,42.35079,0.0],[-71.16758,42.35122,0.0],[-71.16769,42.35195,0.0],[-71.16775,42.35261,0.0],[-71.16781,42.35285,0.0],[-71.16783,42.3532,0.0],[-71.16782,42.35329,0.0],[-71.16775,42.35352,0.0],[-71.16764,42.3538,0.0],[-71.16711,42.35371,0.0],[-71.16651,42.3536,0.0],[-71.16588,42.35347,0.0],[-71.16562,42.35344,0.0],[-71.16532,42.35336,0.0],[-71.1652,42.35332,0.0],[-71.16509,42.35326,0.0],[-71.16502,42.3532,0.0],[-71.16487,42.35353,0.0],[-71.1648,42.35368,0.0],[-71.16466,42.35386,0.0],[-71.16457,42.35414,0.0],[-71.1645,42.35446,0.0],[-71.1643,42.35529,0.0],[-71.16422,42.35553,0.0],[-71.16337,42.3551,0.0],[-71.16279,42.35483,0.0],[-71.16261,42.35539,0.0],[-71.16256,42.35554,0.0],[-71.16244,42.35597,0.0],[-71.16233,42.35633,0.0],[-71.16228,42.35654,0.0],[-71.16209,42.35734,0.0],[-71.16208,42.35736,0.0],[-71.16205,42.35744,0.0],[-71.16203,42.35752,0.0],[-71.16199,42.35768,0.0],[-71.1619,42.35801,0.0],[-71.16187,42.35815,0.0],[-71.16157,42.35827,0.0],[-71.16123,42.35845,0.0],[-71.16101,42.35857,0.0],[-71.16087,42.35865,0.0],[-71.16066,42.35861,0.0],[-71.16054,42.35859,0.0],[-71.16043,42.35858,0.0],[-71.1601,42.35858,0.0],[-71.15939,42.3586,0.0],[-71.15895,42.3586,0.0],[-71.1584,42.35851,0.0],[-71.1583,42.35849,0.0],[-71.15818,42.35846,0.0],[-71.15803,42.35843,0.0],[-71.15754,42.35829,0.0],[-71.15732,42.35826,0.0],[-71.15708,42.35824,0.0],[-71.1566,42.35824,0.0],[-71.15628,42.35824,0.0],[-71.15595,42.35823,0.0],[-71.15563,42.35821,0.0],[-71.15491,42.35816,0.0],[-71.15469,42.35815,0.0],[-71.1545,42.35801,0.0],[-71.15432,42.35791,0.0],[-71.15409,42.35777,0.0],[-71.15396,42.35767,0.0],[-71.15389,42.35762,0.0],[-71.15386,42.3576,0.0],[-71.15376,42.35753,0.0]]]]}},{"type":"Feature","properties":{"uesi_id":"USA_R2315704","nbhd_code":"USA_R2315704_116","nbhd_name":"14000US25025981100"},"geometry":{"type":"MultiPolygon","coordinates":[[[[-71.09576,42.29198,0.0],[-71.09573,42.29191,0.0],[-71.09545,42.29122,0.0],[-71.09502,42.29024,0.0],[-71.09499,42.29016,0.0],[-71.09449,42.28907,0.0],[-71.09413,42.28826,0.0],[-71.094,42.28795,0.0],[-71.09389,42.28768,0.0],[-71.09398,42.28764,0.0],[-71.09423,42.28754,0.0],[-71.09476,42.28731,0.0],[-71.09503,42.28715,0.0],[-71.09523,42.287,0.0],[-71.09545,42.28675,0.0],[-71.09611,42.28605,0.0],[-71.09632,42.28583,0.0],[-71.09677,42.28534,0.0],[-71.09739,42.28472,0.0],[-71.09772,42.28437,0.0],[-71.09866,42.28336,0.0],[-71.09945,42.2825,0.0],[-71.09963,42.28234,0.0],[-71.0993,42.28215,0.0],[-71.0988,42.28189,0.0],[-71.09832,42.28164,0.0],[-71.09972,42.2805,0.0],[-71.09939,42.28023,0.0],[-71.10062,42.2794,0.0],[-71.1005,42.27937,0.0],[-71.0999,42.2793,0.0],[-71.0995,42.27913,0.0],[-71.10115,42.27772,0.0],[-71.1026,42.2781,0.0],[-71.1032,42.27739,0.0],[-71.10412,42.27623,0.0],[-71.10391,42.27684,0.0],[-71.10437,42.27707,0.0],[-71.10465,42.27681,0.0],[-71.10754,42.27821,0.0],[-71.10754,42.27821,0.0],[-71.10765,42.2778,0.0],[-71.10774,42.27751,0.0],[-71.10789,42.27718,0.0],[-71.10816,42.27651,0.0],[-71.10839,42.27598,0.0],[-71.10846,42.27578,0.0],[-71.10855,42.2755,0.0],[-71.10858,42.2754,0.0],[-71.10865,42.27526,0.0],[-71.10877,42.27504,0.0],[-71.10919,42.27437,0.0],[-71.10932,42.27446,0.0],[-71.10948,42.27459,0.0],[-71.10964,42.27468,0.0],[-71.10981,42.27477,0.0],[-71.11037,42.27507,0.0],[-71.11082,42.27536,0.0],[-71.11126,42.27559,0.0],[-71.11133,42.27563,0.0],[-71.11186,42.27589,0.0],[-71.1125,42.27621,0.0],[-71.11274,42.27633,0.0],[-71.1128,42.27637,0.0],[-71.11323,42.27659,0.0],[-71.11379,42.27686,0.0],[-71.11419,42.27711,0.0],[-71.11453,42.27738,0.0],[-71.11534,42.27805,0.0],[-71.11524,42.2781,0.0],[-71.1147,42.2784,0.0],[-71.1146,42.27848,0.0],[-71.1145,42.2786,0.0],[-71.1138,42.27932,0.0],[-71.11366,42.27946,0.0],[-71.11355,42.2796,0.0],[-71.11356,42.27965,0.0],[-71.11359,42.28005,0.0],[-71.11343,42.27995,0.0],[-71.11234,42.28029,0.0],[-71.11223,42.28022,0.0],[-71.11214,42.2802,0.0],[-71.1114,42.28031,0.0],[-71.11089,42.28036,0.0],[-71.11085,42.28061,0.0],[-71.11124,42.28074,0.0],[-71.11135,42.28085,0.0],[-71.11138,42.28097,0.0],[-71.11138,42.28106,0.0],[-71.11143,42.28118,0.0],[-71.11154,42.28135,0.0],[-71.11179,42.28161,0.0],[-71.11218,42.28194,0.0],[-71.11184,42.28232,0.0],[-71.11091,42.2831,0.0],[-71.11104,42.28337,0.0],[-71.11088,42.28341,0.0],[-71.1107,42.28347,0.0],[-71.11056,42.28353,0.0],[-71.11038,42.28362,0.0],[-71.11021,42.28377,0.0],[-71.10975,42.28428,0.0],[-71.10956,42.28451,0.0],[-71.10943,42.28466,0.0],[-71.10937,42.28469,0.0],[-71.10931,42.28473,0.0],[-71.10897,42.28485,0.0],[-71.10876,42.28491,0.0],[-71.10869,42.28493,0.0],[-71.1086,42.28496,0.0],[-71.10797,42.2852,0.0],[-71.10741,42.28543,0.0],[-71.10684,42.28572,0.0],[-71.10641,42.28596,0.0],[-71.10587,42.28633,0.0],[-71.1054,42.28673,0.0],[-71.10568,42.28695,0.0],[-71.10635,42.28745,0.0],[-71.10665,42.28767,0.0],[-71.10676,42.28775,0.0],[-71.10705,42.28796,0.0],[-71.10737,42.28819,0.0],[-71.10795,42.28862,0.0],[-71.10941,42.28974,0.0],[-71.11033,42.29045,0.0],[-71.11114,42.29106,0.0],[-71.11199,42.29171,0.0],[-71.11246,42.29205,0.0],[-71.11263,42.2922,0.0],[-71.11295,42.29257,0.0],[-71.1134,42.29313,0.0],[-71.11376,42.29355,0.0],[-71.11397,42.29372,0.0],[-71.114,42.29375,0.0],[-71.11423,42.2939,0.0],[-71.11509,42.29441,0.0],[-71.11537,42.29458,0.0],[-71.11465,42.29519,0.0],[-71.11391,42.29584,0.0],[-71.11358,42.29609,0.0],[-71.11287,42.29667,0.0],[-71.11228,42.29628,0.0],[-71.11208,42.29619,0.0],[-71.11159,42.29655,0.0],[-71.11118,42.2969,0.0],[-71.11104,42.29703,0.0],[-71.11067,42.29748,0.0],[-71.11027,42.29778,0.0],[-71.11006,42.29794,0.0],[-71.10982,42.29817,0.0],[-71.11008,42.29852,0.0],[-71.1096,42.29911,0.0],[-71.1085,42.29901,0.0],[-71.10825,42.29891,0.0],[-71.10761,42.29865,0.0],[-71.10753,42.29862,0.0],[-71.10736,42.29838,0.0],[-71.10727,42.29839,0.0],[-71.10686,42.29842,0.0],[-71.10645,42.29844,0.0],[-71.10618,42.29848,0.0],[-71.10605,42.2985,0.0],[-71.10586,42.29856,0.0],[-71.1057,42.29865,0.0],[-71.1056,42.29875,0.0],[-71.10552,42.29884,0.0],[-71.10546,42.29899,0.0],[-71.10541,42.29916,0.0],[-71.10536,42.2993,0.0],[-71.10525,42.29947,0.0],[-71.10512,42.29968,0.0],[-71.10498,42.29984,0.0],[-71.10479,42.30004,0.0],[-71.10469,42.30018,0.0],[-71.10466,42.30028,0.0],[-71.10427,42.30024,0.0],[-71.10409,42.30019,0.0],[-71.10405,42.30018,0.0],[-71.10393,42.30014,0.0],[-71.10376,42.30009,0.0],[-71.10362,42.30002,0.0],[-71.10349,42.29994,0.0],[-71.10329,42.29981,0.0],[-71.10295,42.2995,0.0],[-71.10259,42.29918,0.0],[-71.10186,42.29852,0.0],[-71.10022,42.29697,0.0],[-71.09982,42.29658,0.0],[-71.09947,42.29625,0.0],[-71.09916,42.29595,0.0],[-71.099,42.29579,0.0],[-71.09885,42.29565,0.0],[-71.0974,42.29423,0.0],[-71.0969,42.29374,0.0],[-71.09662,42.29347,0.0],[-71.0964,42.29324,0.0],[-71.09633,42.29316,0.0],[-71.0962,42.29294,0.0],[-71.09603,42.29257,0.0],[-71.09579,42.29205,0.0],[-71.09576,42.29198,0.0]]]]}},{"type":"Feature","properties":{"uesi_id":"USA_R2315704","nbhd_code":"USA_R2315704_117","nbhd_name":"14000US25025140105"},"geometry":{"type":"MultiPolygon","coordinates":[[[[-71.12491,42.27271,0.0],[-71.1248,42.27259,0.0],[-71.12467,42.27247,0.0],[-71.12415,42.27196,0.0],[-71.12371,42.27153,0.0],[-71.12359,42.27142,0.0],[-71.12349,42.27136,0.0],[-71.12336,42.27132,0.0],[-71.12297,42.27123,0.0],[-71.12216,42.27105,0.0],[-71.12178,42.27068,0.0],[-71.12144,42.27039,0.0],[-71.12141,42.27046,0.0],[-71.12135,42.2706,0.0],[-71.12119,42.27069,0.0],[-71.121,42.27056,0.0],[-71.12078,42.27042,0.0],[-71.12061,42.27029,0.0],[-71.12025,42.26982,0.0],[-71.12,42.26942,0.0],[-71.11952,42.26867,0.0],[-71.1189,42.26765,0.0],[-71.11839,42.26685,0.0],[-71.11827,42.2666,0.0],[-71.11825,42.26638,0.0],[-71.11812,42.26545,0.0],[-71.11803,42.26478,0.0],[-71.118,42.26459,0.0],[-71.11803,42.26436,0.0],[-71.1181,42.26436,0.0],[-71.11816,42.26436,0.0],[-71.11825,42.26432,0.0],[-71.11829,42.26422,0.0],[-71.11827,42.26412,0.0],[-71.11825,42.26405,0.0],[-71.11818,42.26396,0.0],[-71.1181,42.26392,0.0],[-71.11804,42.26391,0.0],[-71.11819,42.26358,0.0],[-71.11837,42.26323,0.0],[-71.11896,42.26193,0.0],[-71.11948,42.26209,0.0],[-71.11971,42.26215,0.0],[-71.11997,42.26223,0.0],[-71.12042,42.26236,0.0],[-71.12081,42.26249,0.0],[-71.1216,42.26276,0.0],[-71.12204,42.26293,0.0],[-71.1229,42.2633,0.0],[-71.12297,42.26336,0.0],[-71.12308,42.26326,0.0],[-71.12315,42.26315,0.0],[-71.12333,42.26225,0.0],[-71.12326,42.26208,0.0],[-71.12334,42.26211,0.0],[-71.12357,42.26221,0.0],[-71.1239,42.26237,0.0],[-71.12461,42.26276,0.0],[-71.12505,42.26299,0.0],[-71.1254,42.26317,0.0],[-71.12559,42.26327,0.0],[-71.12591,42.26343,0.0],[-71.12613,42.26354,0.0],[-71.12637,42.26373,0.0],[-71.1268,42.2641,0.0],[-71.12693,42.2642,0.0],[-71.12733,42.26451,0.0],[-71.12734,42.26451,0.0],[-71.1277,42.26477,0.0],[-71.12777,42.26483,0.0],[-71.12808,42.26504,0.0],[-71.12865,42.26489,0.0],[-71.12889,42.26512,0.0],[-71.1292,42.26541,0.0],[-71.12952,42.26555,0.0],[-71.12979,42.26569,0.0],[-71.13004,42.26595,0.0],[-71.13015,42.26616,0.0],[-71.13044,42.26658,0.0],[-71.13005,42.26675,0.0],[-71.13021,42.26691,0.0],[-71.13038,42.26708,0.0],[-71.13071,42.26745,0.0],[-71.13094,42.2677,0.0],[-71.13113,42.26796,0.0],[-71.13143,42.26838,0.0],[-71.13162,42.26866,0.0],[-71.13208,42.26864,0.0],[-71.13225,42.26878,0.0],[-71.13238,42.26921,0.0],[-71.13255,42.26991,0.0],[-71.13253,42.2704,0.0],[-71.13241,42.27076,0.0],[-71.13231,42.27119,0.0],[-71.13214,42.27196,0.0],[-71.13199,42.27237,0.0],[-71.13177,42.27264,0.0],[-71.13112,42.27306,0.0],[-71.13086,42.27288,0.0],[-71.13056,42.27303,0.0],[-71.13017,42.27321,0.0],[-71.12967,42.27341,0.0],[-71.12943,42.27347,0.0],[-71.12913,42.27364,0.0],[-71.12867,42.2739,0.0],[-71.1284,42.27411,0.0],[-71.12825,42.27425,0.0],[-71.12769,42.27407,0.0],[-71.12685,42.27382,0.0],[-71.12635,42.27367,0.0],[-71.126,42.27356,0.0],[-71.12579,42.27348,0.0],[-71.12566,42.27341,0.0],[-71.12547,42.27324,0.0],[-71.12491,42.27271,0.0]]]]}},{"type":"Feature","properties":{"uesi_id":"USA_R2315704","nbhd_code":"USA_R2315704_118","nbhd_name":"14000US25025980700"},"geometry":{"type":"MultiPolygon","coordinates":[[[[-71.14065,42.27519,0.0],[-71.14069,42.2747,0.0],[-71.14075,42.27435,0.0],[-71.14079,42.27416,0.0],[-71.14087,42.27397,0.0],[-71.14065,42.27406,0.0],[-71.14038,42.27409,0.0],[-71.14025,42.27411,0.0],[-71.14018,42.2742,0.0],[-71.13996,42.27417,0.0],[-71.14004,42.27358,0.0],[-71.13953,42.27356,0.0],[-71.13902,42.27323,0.0],[-71.13851,42.27262,0.0],[-71.13776,42.27212,0.0],[-71.13757,42.272,0.0],[-71.13659,42.27152,0.0],[-71.13631,42.27184,0.0],[-71.13466,42.27351,0.0],[-71.13378,42.2744,0.0],[-71.13351,42.27455,0.0],[-71.1327,42.27405,0.0],[-71.13112,42.27306,0.0],[-71.13177,42.27264,0.0],[-71.13199,42.27237,0.0],[-71.13214,42.27196,0.0],[-71.13231,42.27119,0.0],[-71.13241,42.27076,0.0],[-71.13253,42.2704,0.0],[-71.13255,42.26991,0.0],[-71.13238,42.26921,0.0],[-71.13225,42.26878,0.0],[-71.13208,42.26864,0.0],[-71.13162,42.26866,0.0],[-71.13143,42.26838,0.0],[-71.13113,42.26796,0.0],[-71.13094,42.2677,0.0],[-71.13071,42.26745,0.0],[-71.13038,42.26708,0.0],[-71.13021,42.26691,0.0],[-71.13005,42.26675,0.0],[-71.13044,42.26658,0.0],[-71.13015,42.26616,0.0],[-71.13004,42.26595,0.0],[-71.12979,42.26569,0.0],[-71.12952,42.26555,0.0],[-71.1292,42.26541,0.0],[-71.12889,42.26512,0.0],[-71.12865,42.26489,0.0],[-71.12808,42.26504,0.0],[-71.12777,42.26483,0.0],[-71.1277,42.26477,0.0],[-71.12734,42.26451,0.0],[-71.12733,42.26451,0.0],[-71.12751,42.26414,0.0],[-71.12766,42.26375,0.0],[-71.12775,42.26356,0.0],[-71.1278,42.2634,0.0],[-71.12692,42.26188,0.0],[-71.12696,42.26162,0.0],[-71.1273,42.26128,0.0],[-71.1276,42.26104,0.0],[-71.1278,42.26094,0.0],[-71.1282,42.26052,0.0],[-71.12881,42.26074,0.0],[-71.12922,42.26111,0.0],[-71.12989,42.26087,0.0],[-71.13034,42.26115,0.0],[-71.13151,42.26223,0.0],[-71.13362,42.26103,0.0],[-71.13095,42.25846,0.0],[-71.13076,42.25831,0.0],[-71.13038,42.25824,0.0],[-71.12943,42.25808,0.0],[-71.12922,42.25805,0.0],[-71.12915,42.25808,0.0],[-71.12912,42.25811,0.0],[-71.12893,42.25809,0.0],[-71.12904,42.25798,0.0],[-71.12912,42.25792,0.0],[-71.13001,42.25696,0.0],[-71.13016,42.25678,0.0],[-71.13098,42.25706,0.0],[-71.13127,42.25718,0.0],[-71.13235,42.25605,0.0],[-71.13274,42.25562,0.0],[-71.13353,42.25477,0.0],[-71.13397,42.25432,0.0],[-71.13425,42.25403,0.0],[-71.13389,42.25387,0.0],[-71.13427,42.25357,0.0],[-71.13379,42.25339,0.0],[-71.13406,42.25313,0.0],[-71.13429,42.25291,0.0],[-71.13486,42.25235,0.0],[-71.13601,42.25126,0.0],[-71.13623,42.25105,0.0],[-71.13643,42.24966,0.0],[-71.13516,42.24925,0.0],[-71.13506,42.24919,0.0],[-71.13441,42.24889,0.0],[-71.13432,42.24886,0.0],[-71.13428,42.24886,0.0],[-71.13233,42.24824,0.0],[-71.13309,42.2479,0.0],[-71.13346,42.24775,0.0],[-71.13364,42.24767,0.0],[-71.13386,42.24762,0.0],[-71.1341,42.24757,0.0],[-71.13463,42.24745,0.0],[-71.13526,42.24729,0.0],[-71.13556,42.24714,0.0],[-71.13598,42.24686,0.0],[-71.13612,42.24673,0.0],[-71.1362,42.24658,0.0],[-71.13629,42.24632,0.0],[-71.13632,42.2464,0.0],[-71.13635,42.24648,0.0],[-71.13641,42.24662,0.0],[-71.13661,42.24692,0.0],[-71.13672,42.24706,0.0],[-71.13687,42.2472,0.0],[-71.13711,42.2474,0.0],[-71.13765,42.24781,0.0],[-71.13809,42.24815,0.0],[-71.1384,42.24839,0.0],[-71.13874,42.24864,0.0],[-71.139,42.24885,0.0],[-71.13914,42.24899,0.0],[-71.13926,42.24916,0.0],[-71.13934,42.24935,0.0],[-71.13936,42.24943,0.0],[-71.13938,42.2495,0.0],[-71.13941,42.24967,0.0],[-71.1394,42.24982,0.0],[-71.13936,42.25,0.0],[-71.13926,42.25022,0.0],[-71.13914,42.25046,0.0],[-71.13906,42.25066,0.0],[-71.13902,42.25091,0.0],[-71.13904,42.25117,0.0],[-71.13906,42.25123,0.0],[-71.13908,42.25134,0.0],[-71.13912,42.25144,0.0],[-71.13938,42.25186,0.0],[-71.13943,42.252,0.0],[-71.13945,42.25216,0.0],[-71.13945,42.25234,0.0],[-71.13939,42.25253,0.0],[-71.13933,42.25268,0.0],[-71.13924,42.25286,0.0],[-71.13919,42.25297,0.0],[-71.13916,42.25311,0.0],[-71.13915,42.25338,0.0],[-71.1391,42.25353,0.0],[-71.1391,42.25359,0.0],[-71.13904,42.25373,0.0],[-71.13896,42.25392,0.0],[-71.13887,42.25404,0.0],[-71.13872,42.25416,0.0],[-71.13835,42.25442,0.0],[-71.13821,42.25458,0.0],[-71.13813,42.25476,0.0],[-71.13809,42.25494,0.0],[-71.13807,42.25512,0.0],[-71.1381,42.25532,0.0],[-71.13821,42.25551,0.0],[-71.13839,42.25576,0.0],[-71.13858,42.25598,0.0],[-71.13876,42.2562,0.0],[-71.13884,42.25627,0.0],[-71.13894,42.25644,0.0],[-71.13905,42.25669,0.0],[-71.13924,42.25727,0.0],[-71.13936,42.25748,0.0],[-71.13952,42.25773,0.0],[-71.1398,42.25803,0.0],[-71.14001,42.25825,0.0],[-71.1402,42.25846,0.0],[-71.14043,42.25843,0.0],[-71.14059,42.25837,0.0],[-71.14081,42.25826,0.0],[-71.1411,42.25808,0.0],[-71.14153,42.25781,0.0],[-71.1417,42.25768,0.0],[-71.14184,42.25755,0.0],[-71.14197,42.25739,0.0],[-71.14211,42.25721,0.0],[-71.14226,42.25695,0.0],[-71.14241,42.25664,0.0],[-71.14257,42.25636,0.0],[-71.14283,42.25595,0.0],[-71.14329,42.25624,0.0],[-71.14334,42.2567,0.0],[-71.14352,42.25716,0.0],[-71.1437,42.25784,0.0],[-71.14406,42.25847,0.0],[-71.14412,42.25933,0.0],[-71.14553,42.25924,0.0],[-71.14541,42.25946,0.0],[-71.14521,42.25993,0.0],[-71.14518,42.26005,0.0],[-71.14518,42.26008,0.0],[-71.14523,42.26013,0.0],[-71.14538,42.26019,0.0],[-71.14626,42.26047,0.0],[-71.14669,42.26065,0.0],[-71.14684,42.26077,0.0],[-71.14694,42.26091,0.0],[-71.14699,42.261,0.0],[-71.14704,42.26123,0.0],[-71.147,42.26143,0.0],[-71.1468,42.2618,0.0],[-71.14667,42.26202,0.0],[-71.14657,42.26227,0.0],[-71.14648,42.26249,0.0],[-71.1464,42.2628,0.0],[-71.14629,42.26342,0.0],[-71.14621,42.26386,0.0],[-71.14622,42.26408,0.0],[-71.14628,42.26432,0.0],[-71.14643,42.26459,0.0],[-71.14669,42.26486,0.0],[-71.14684,42.26497,0.0],[-71.14689,42.265,0.0],[-71.14702,42.26507,0.0],[-71.14729,42.26518,0.0],[-71.14782,42.26538,0.0],[-71.14814,42.26554,0.0],[-71.14839,42.2657,0.0],[-71.14849,42.2658,0.0],[-71.14873,42.26602,0.0],[-71.14889,42.26619,0.0],[-71.14928,42.2668,0.0],[-71.14941,42.26703,0.0],[-71.14956,42.26722,0.0],[-71.1498,42.26739,0.0],[-71.15009,42.26759,0.0],[-71.14964,42.26798,0.0],[-71.14937,42.26823,0.0],[-71.14923,42.26837,0.0],[-71.14885,42.26869,0.0],[-71.14881,42.26872,0.0],[-71.14853,42.26898,0.0],[-71.14848,42.26903,0.0],[-71.14809,42.26933,0.0],[-71.14729,42.27,0.0],[-71.14681,42.2704,0.0],[-71.14569,42.27127,0.0],[-71.145,42.27181,0.0],[-71.14443,42.27227,0.0],[-71.14387,42.27272,0.0],[-71.14366,42.27286,0.0],[-71.14375,42.27296,0.0],[-71.14399,42.27325,0.0],[-71.14428,42.27359,0.0],[-71.14482,42.27421,0.0],[-71.14513,42.27456,0.0],[-71.14531,42.27475,0.0],[-71.14548,42.27488,0.0],[-71.14571,42.27506,0.0],[-71.14565,42.27522,0.0],[-71.14566,42.27539,0.0],[-71.14567,42.27554,0.0],[-71.14565,42.27574,0.0],[-71.14557,42.27592,0.0],[-71.14543,42.27611,0.0],[-71.14532,42.27625,0.0],[-71.14523,42.27634,0.0],[-71.14501,42.27648,0.0],[-71.14465,42.27666,0.0],[-71.14416,42.2768,0.0],[-71.14367,42.2769,0.0],[-71.14324,42.27697,0.0],[-71.14317,42.27699,0.0],[-71.14306,42.27702,0.0],[-71.14288,42.2771,0.0],[-71.14272,42.27721,0.0],[-71.14257,42.27739,0.0],[-71.14249,42.27758,0.0],[-71.14246,42.27782,0.0],[-71.14251,42.27816,0.0],[-71.14261,42.27846,0.0],[-71.14278,42.27876,0.0],[-71.14278,42.27877,0.0],[-71.14324,42.27932,0.0],[-71.14404,42.28012,0.0],[-71.14396,42.28051,0.0],[-71.14391,42.28047,0.0],[-71.14373,42.28031,0.0],[-71.14357,42.28014,0.0],[-71.14348,42.28004,0.0],[-71.1429,42.27939,0.0],[-71.14259,42.27905,0.0],[-71.14235,42.27882,0.0],[-71.14177,42.27823,0.0],[-71.14138,42.27774,0.0],[-71.14115,42.27736,0.0],[-71.14093,42.27692,0.0],[-71.14075,42.2763,0.0],[-71.14068,42.27589,0.0],[-71.14066,42.27575,0.0],[-71.14065,42.27533,0.0],[-71.14065,42.27519,0.0]]]]}},{"type":"Feature","properties":{"uesi_id":"USA_R2315704","nbhd_code":"USA_R2315704_119","nbhd_name":"14000US25025120105"},"geometry":{"type":"MultiPolygon","coordinates":[[[[-71.11954,42.32275,0.0],[-71.11959,42.32269,0.0],[-71.11958,42.32267,0.0],[-71.11956,42.32259,0.0],[-71.11955,42.32256,0.0],[-71.11952,42.32238,0.0],[-71.11953,42.32227,0.0],[-71.11952,42.32206,0.0],[-71.11955,42.32183,0.0],[-71.11961,42.32172,0.0],[-71.1197,42.32165,0.0],[-71.11982,42.32159,0.0],[-71.11992,42.32154,0.0],[-71.12021,42.32149,0.0],[-71.12052,42.32147,0.0],[-71.12074,42.32142,0.0],[-71.12097,42.32133,0.0],[-71.12113,42.32124,0.0],[-71.12126,42.32113,0.0],[-71.1214,42.32098,0.0],[-71.12155,42.32086,0.0],[-71.12169,42.32079,0.0],[-71.12184,42.32068,0.0],[-71.12195,42.32058,0.0],[-71.12204,42.32046,0.0],[-71.1222,42.3203,0.0],[-71.12236,42.32015,0.0],[-71.12256,42.32001,0.0],[-71.12287,42.31983,0.0],[-71.12327,42.31964,0.0],[-71.12384,42.31938,0.0],[-71.12396,42.31932,0.0],[-71.12419,42.31923,0.0],[-71.12471,42.31901,0.0],[-71.12479,42.31898,0.0],[-71.12499,42.31891,0.0],[-71.12531,42.3188,0.0],[-71.12576,42.31871,0.0],[-71.12585,42.3187,0.0],[-71.12584,42.31861,0.0],[-71.12584,42.31858,0.0],[-71.12583,42.31854,0.0],[-71.12578,42.31848,0.0],[-71.12572,42.31844,0.0],[-71.12541,42.31829,0.0],[-71.12518,42.31817,0.0],[-71.12502,42.31801,0.0],[-71.12475,42.31767,0.0],[-71.12443,42.31731,0.0],[-71.12417,42.31697,0.0],[-71.12388,42.31652,0.0],[-71.12363,42.31611,0.0],[-71.1235,42.31585,0.0],[-71.12346,42.31574,0.0],[-71.12345,42.31564,0.0],[-71.1235,42.31504,0.0],[-71.12349,42.31482,0.0],[-71.12345,42.31467,0.0],[-71.12338,42.31453,0.0],[-71.1233,42.31442,0.0],[-71.12326,42.31438,0.0],[-71.12254,42.31367,0.0],[-71.12224,42.31334,0.0],[-71.12208,42.31356,0.0],[-71.12178,42.31385,0.0],[-71.12172,42.31389,0.0],[-71.12164,42.31392,0.0],[-71.12155,42.31394,0.0],[-71.12144,42.31393,0.0],[-71.12133,42.3139,0.0],[-71.12119,42.31382,0.0],[-71.12109,42.3137,0.0],[-71.12107,42.31363,0.0],[-71.12108,42.31354,0.0],[-71.1211,42.31348,0.0],[-71.12115,42.31339,0.0],[-71.1216,42.31313,0.0],[-71.12174,42.31304,0.0],[-71.12191,42.31292,0.0],[-71.1221,42.31273,0.0],[-71.12231,42.31238,0.0],[-71.12237,42.31225,0.0],[-71.12245,42.31211,0.0],[-71.12248,42.31195,0.0],[-71.12249,42.31178,0.0],[-71.12247,42.31161,0.0],[-71.12242,42.31125,0.0],[-71.12217,42.3104,0.0],[-71.12207,42.31015,0.0],[-71.12192,42.30984,0.0],[-71.1218,42.30971,0.0],[-71.12154,42.3094,0.0],[-71.12137,42.30924,0.0],[-71.12124,42.30909,0.0],[-71.12121,42.30901,0.0],[-71.12119,42.3089,0.0],[-71.1213,42.30879,0.0],[-71.12136,42.30874,0.0],[-71.12146,42.30869,0.0],[-71.12156,42.30868,0.0],[-71.12167,42.30866,0.0],[-71.12105,42.30839,0.0],[-71.12223,42.30692,0.0],[-71.1219,42.30679,0.0],[-71.12308,42.30517,0.0],[-71.12455,42.30521,0.0],[-71.12467,42.3052,0.0],[-71.12467,42.3052,0.0],[-71.12474,42.30475,0.0],[-71.12478,42.30441,0.0],[-71.12483,42.30404,0.0],[-71.12488,42.30381,0.0],[-71.12499,42.3035,0.0],[-71.12516,42.3032,0.0],[-71.1254,42.30289,0.0],[-71.12566,42.30256,0.0],[-71.12582,42.30233,0.0],[-71.12598,42.30213,0.0],[-71.12616,42.30191,0.0],[-71.12625,42.30181,0.0],[-71.12645,42.30161,0.0],[-71.12712,42.30097,0.0],[-71.12793,42.30017,0.0],[-71.12823,42.30029,0.0],[-71.12857,42.30042,0.0],[-71.12876,42.3005,0.0],[-71.13018,42.30101,0.0],[-71.13056,42.30115,0.0],[-71.1309,42.30128,0.0],[-71.13107,42.30132,0.0],[-71.13142,42.30133,0.0],[-71.13191,42.30135,0.0],[-71.13223,42.30138,0.0],[-71.13258,42.30143,0.0],[-71.13326,42.30155,0.0],[-71.13382,42.30166,0.0],[-71.13405,42.30171,0.0],[-71.13436,42.30175,0.0],[-71.13462,42.30176,0.0],[-71.13487,42.30173,0.0],[-71.13544,42.30159,0.0],[-71.13576,42.30149,0.0],[-71.136,42.30143,0.0],[-71.13659,42.30127,0.0],[-71.13692,42.3012,0.0],[-71.1371,42.30119,0.0],[-71.13744,42.30126,0.0],[-71.1378,42.30136,0.0],[-71.13902,42.30174,0.0],[-71.13912,42.30176,0.0],[-71.13956,42.3019,0.0],[-71.13983,42.30201,0.0],[-71.14014,42.30216,0.0],[-71.1401,42.30218,0.0],[-71.13966,42.30267,0.0],[-71.13931,42.30306,0.0],[-71.13861,42.30384,0.0],[-71.13824,42.30426,0.0],[-71.1365,42.30621,0.0],[-71.13546,42.30776,0.0],[-71.13533,42.30792,0.0],[-71.13529,42.30798,0.0],[-71.13506,42.30836,0.0],[-71.13494,42.30854,0.0],[-71.1346,42.30908,0.0],[-71.13448,42.30926,0.0],[-71.13415,42.30975,0.0],[-71.13316,42.31121,0.0],[-71.13283,42.3117,0.0],[-71.1327,42.31191,0.0],[-71.13261,42.31202,0.0],[-71.13193,42.31296,0.0],[-71.1317,42.31327,0.0],[-71.13156,42.31346,0.0],[-71.13116,42.31401,0.0],[-71.13103,42.31419,0.0],[-71.13097,42.31427,0.0],[-71.1308,42.31451,0.0],[-71.13073,42.31458,0.0],[-71.13029,42.31505,0.0],[-71.12898,42.31647,0.0],[-71.12854,42.31694,0.0],[-71.12849,42.317,0.0],[-71.12833,42.31717,0.0],[-71.12828,42.31723,0.0],[-71.12803,42.31749,0.0],[-71.1273,42.31829,0.0],[-71.1271,42.31851,0.0],[-71.12705,42.31856,0.0],[-71.12704,42.31857,0.0],[-71.12701,42.31861,0.0],[-71.127,42.31862,0.0],[-71.12675,42.31893,0.0],[-71.12601,42.31984,0.0],[-71.12577,42.32015,0.0],[-71.12554,42.32043,0.0],[-71.12486,42.32127,0.0],[-71.12464,42.32155,0.0],[-71.12459,42.3216,0.0],[-71.1245,42.32168,0.0],[-71.12427,42.32186,0.0],[-71.12397,42.32232,0.0],[-71.12371,42.32272,0.0],[-71.12337,42.32258,0.0],[-71.12153,42.32389,0.0],[-71.12039,42.32305,0.0],[-71.12014,42.32286,0.0],[-71.12011,42.32284,0.0],[-71.12004,42.32282,0.0],[-71.11996,42.3228,0.0],[-71.11992,42.3228,0.0],[-71.11986,42.32279,0.0],[-71.11954,42.32275,0.0]]]]}},{"type":"Feature","properties":{"uesi_id":"USA_R2315704","nbhd_code":"USA_R2315704_120","nbhd_name":"14000US25025070200"},"geometry":{"type":"MultiPolygon","coordinates":[[[[-71.06456,42.35239,0.0],[-71.06473,42.35172,0.0],[-71.06422,42.35167,0.0],[-71.06328,42.35156,0.0],[-71.06276,42.35152,0.0],[-71.0627,42.35156,0.0],[-71.06261,42.35156,0.0],[-71.06246,42.35155,0.0],[-71.06225,42.35151,0.0],[-71.06212,42.35149,0.0],[-71.06184,42.35149,0.0],[-71.06176,42.35149,0.0],[-71.06136,42.3515,0.0],[-71.06119,42.35149,0.0],[-71.06089,42.35147,0.0],[-71.06052,42.35139,0.0],[-71.06031,42.35134,0.0],[-71.05988,42.35124,0.0],[-71.06,42.35094,0.0],[-71.06023,42.35027,0.0],[-71.06064,42.34925,0.0],[-71.06104,42.34825,0.0],[-71.0611,42.34812,0.0],[-71.06119,42.34794,0.0],[-71.06126,42.34782,0.0],[-71.06137,42.34765,0.0],[-71.06175,42.34723,0.0],[-71.06192,42.34713,0.0],[-71.06209,42.34706,0.0],[-71.06227,42.34702,0.0],[-71.06238,42.347,0.0],[-71.06245,42.34699,0.0],[-71.06264,42.347,0.0],[-71.06277,42.34701,0.0],[-71.06296,42.34707,0.0],[-71.06301,42.34694,0.0],[-71.06304,42.34686,0.0],[-71.06315,42.34689,0.0],[-71.06433,42.34717,0.0],[-71.06443,42.34719,0.0],[-71.06456,42.34722,0.0],[-71.06576,42.34752,0.0],[-71.06584,42.34753,0.0],[-71.06616,42.3476,0.0],[-71.06678,42.34769,0.0],[-71.06739,42.34777,0.0],[-71.06799,42.34784,0.0],[-71.06819,42.34787,0.0],[-71.06803,42.34799,0.0],[-71.06754,42.3483,0.0],[-71.06733,42.34839,0.0],[-71.06661,42.34877,0.0],[-71.06656,42.34882,0.0],[-71.06651,42.34888,0.0],[-71.06649,42.34899,0.0],[-71.06649,42.34905,0.0],[-71.06653,42.34942,0.0],[-71.06659,42.34973,0.0],[-71.06669,42.35024,0.0],[-71.06681,42.35076,0.0],[-71.06687,42.35097,0.0],[-71.06702,42.35131,0.0],[-71.06725,42.35182,0.0],[-71.06747,42.3525,0.0],[-71.06691,42.35249,0.0],[-71.06592,42.35246,0.0],[-71.06456,42.35239,0.0]]]]}},{"type":"Feature","properties":{"uesi_id":"USA_R2315704","nbhd_code":"USA_R2315704_121","nbhd_name":"14000US25025070101"},"geometry":{"type":"MultiPolygon","coordinates":[[[[-71.05043,42.35485,0.0],[-71.0506,42.35462,0.0],[-71.05078,42.35438,0.0],[-71.05085,42.35427,0.0],[-71.05087,42.35425,0.0],[-71.05176,42.35296,0.0],[-71.05191,42.35301,0.0],[-71.05205,42.35283,0.0],[-71.05225,42.35258,0.0],[-71.05209,42.35246,0.0],[-71.05216,42.35234,0.0],[-71.05228,42.35211,0.0],[-71.05231,42.352,0.0],[-71.05272,42.35138,0.0],[-71.05301,42.35095,0.0],[-71.05327,42.35061,0.0],[-71.05403,42.34949,0.0],[-71.05534,42.3476,0.0],[-71.05568,42.34707,0.0],[-71.05588,42.34693,0.0],[-71.05622,42.34682,0.0],[-71.0563,42.34677,0.0],[-71.0566,42.34668,0.0],[-71.05665,42.34667,0.0],[-71.05673,42.34664,0.0],[-71.05676,42.34664,0.0],[-71.05733,42.34647,0.0],[-71.05755,42.34636,0.0],[-71.05761,42.34633,0.0],[-71.05771,42.34629,0.0],[-71.05824,42.34611,0.0],[-71.05836,42.34604,0.0],[-71.05889,42.34584,0.0],[-71.0591,42.34577,0.0],[-71.05928,42.34572,0.0],[-71.05934,42.34567,0.0],[-71.05937,42.34555,0.0],[-71.05943,42.34549,0.0],[-71.05963,42.34545,0.0],[-71.05987,42.34531,0.0],[-71.05988,42.34531,0.0],[-71.06002,42.34529,0.0],[-71.06014,42.34518,0.0],[-71.06043,42.34537,0.0],[-71.06075,42.34562,0.0],[-71.06089,42.34556,0.0],[-71.06107,42.34555,0.0],[-71.0611,42.34555,0.0],[-71.06102,42.34572,0.0],[-71.061,42.3458,0.0],[-71.06092,42.34609,0.0],[-71.06091,42.34612,0.0],[-71.06084,42.34631,0.0],[-71.06095,42.34633,0.0],[-71.06099,42.34634,0.0],[-71.06106,42.34634,0.0],[-71.06108,42.34635,0.0],[-71.06113,42.34636,0.0],[-71.06124,42.34638,0.0],[-71.0613,42.34639,0.0],[-71.06199,42.34652,0.0],[-71.06209,42.34654,0.0],[-71.06285,42.3467,0.0],[-71.06308,42.34676,0.0],[-71.06304,42.34686,0.0],[-71.06301,42.34694,0.0],[-71.06296,42.34707,0.0],[-71.06277,42.34701,0.0],[-71.06264,42.347,0.0],[-71.06245,42.34699,0.0],[-71.06238,42.347,0.0],[-71.06227,42.34702,0.0],[-71.06209,42.34706,0.0],[-71.06192,42.34713,0.0],[-71.06175,42.34723,0.0],[-71.06137,42.34765,0.0],[-71.06126,42.34782,0.0],[-71.06119,42.34794,0.0],[-71.0611,42.34812,0.0],[-71.06104,42.34825,0.0],[-71.06064,42.34925,0.0],[-71.06023,42.35027,0.0],[-71.06,42.35094,0.0],[-71.05988,42.35124,0.0],[-71.06031,42.35134,0.0],[-71.06052,42.35139,0.0],[-71.06089,42.35147,0.0],[-71.06119,42.35149,0.0],[-71.06136,42.3515,0.0],[-71.06176,42.35149,0.0],[-71.06184,42.35149,0.0],[-71.06212,42.35149,0.0],[-71.06225,42.35151,0.0],[-71.06246,42.35155,0.0],[-71.06261,42.35156,0.0],[-71.0627,42.35156,0.0],[-71.06276,42.35152,0.0],[-71.06328,42.35156,0.0],[-71.06422,42.35167,0.0],[-71.06473,42.35172,0.0],[-71.06456,42.35239,0.0],[-71.06447,42.3527,0.0],[-71.06437,42.35307,0.0],[-71.06424,42.3534,0.0],[-71.06414,42.35364,0.0],[-71.06399,42.35398,0.0],[-71.06359,42.35477,0.0],[-71.06342,42.35507,0.0],[-71.06331,42.35522,0.0],[-71.06321,42.35534,0.0],[-71.06304,42.35552,0.0],[-71.06288,42.35568,0.0],[-71.06251,42.35603,0.0],[-71.06226,42.35628,0.0],[-71.06196,42.35654,0.0],[-71.06246,42.35696,0.0],[-71.06279,42.35731,0.0],[-71.06294,42.35747,0.0],[-71.06299,42.35752,0.0],[-71.06317,42.35776,0.0],[-71.06264,42.35799,0.0],[-71.06238,42.3581,0.0],[-71.06198,42.35825,0.0],[-71.06171,42.35833,0.0],[-71.06151,42.35834,0.0],[-71.06126,42.35829,0.0],[-71.06035,42.3581,0.0],[-71.05961,42.35787,0.0],[-71.0593,42.35777,0.0],[-71.05876,42.35759,0.0],[-71.05829,42.35742,0.0],[-71.05856,42.35717,0.0],[-71.05874,42.357,0.0],[-71.05824,42.35684,0.0],[-71.05799,42.3568,0.0],[-71.05771,42.35679,0.0],[-71.05719,42.35683,0.0],[-71.05659,42.35686,0.0],[-71.05629,42.35688,0.0],[-71.05576,42.35692,0.0],[-71.05554,42.35698,0.0],[-71.05519,42.35715,0.0],[-71.05502,42.35725,0.0],[-71.05485,42.35736,0.0],[-71.05452,42.35756,0.0],[-71.05437,42.35767,0.0],[-71.05427,42.35775,0.0],[-71.05396,42.35802,0.0],[-71.05377,42.35819,0.0],[-71.05352,42.35836,0.0],[-71.05332,42.35846,0.0],[-71.05325,42.35849,0.0],[-71.05319,42.3585,0.0],[-71.05275,42.35858,0.0],[-71.05229,42.35865,0.0],[-71.05216,42.35867,0.0],[-71.05207,42.35869,0.0],[-71.05201,42.3587,0.0],[-71.05198,42.35871,0.0],[-71.05194,42.35865,0.0],[-71.05178,42.3583,0.0],[-71.05161,42.35793,0.0],[-71.05151,42.3577,0.0],[-71.05141,42.35755,0.0],[-71.05137,42.35748,0.0],[-71.0512,42.35725,0.0],[-71.05101,42.35695,0.0],[-71.05082,42.35665,0.0],[-71.05075,42.35613,0.0],[-71.05076,42.35602,0.0],[-71.05086,42.35556,0.0],[-71.05089,42.35548,0.0],[-71.05098,42.35532,0.0],[-71.05106,42.35514,0.0],[-71.05089,42.35507,0.0],[-71.05047,42.35491,0.0],[-71.05043,42.35485,0.0]]]]}},{"type":"Feature","properties":{"uesi_id":"USA_R2315704","nbhd_code":"USA_R2315704_122","nbhd_name":"14000US25025061200"},"geometry":{"type":"MultiPolygon","coordinates":[[[[-71.05238,42.33981,0.0],[-71.05259,42.33994,0.0],[-71.05323,42.34035,0.0],[-71.05354,42.34055,0.0],[-71.05374,42.34068,0.0],[-71.05393,42.3408,0.0],[-71.05438,42.34044,0.0],[-71.05477,42.3401,0.0],[-71.05518,42.33977,0.0],[-71.05551,42.33949,0.0],[-71.05597,42.33909,0.0],[-71.05624,42.33888,0.0],[-71.05677,42.33839,0.0],[-71.05682,42.33837,0.0],[-71.05688,42.33834,0.0],[-71.05693,42.33832,0.0],[-71.05698,42.33831,0.0],[-71.05703,42.33832,0.0],[-71.05711,42.33834,0.0],[-71.05712,42.33791,0.0],[-71.05696,42.33772,0.0],[-71.05673,42.33738,0.0],[-71.05663,42.33722,0.0],[-71.05649,42.33699,0.0],[-71.0562,42.33652,0.0],[-71.05596,42.33611,0.0],[-71.05577,42.33579,0.0],[-71.05531,42.33506,0.0],[-71.05484,42.33427,0.0],[-71.0546,42.33387,0.0],[-71.05448,42.33367,0.0],[-71.05418,42.33317,0.0],[-71.05409,42.33303,0.0],[-71.05396,42.3328,0.0],[-71.05388,42.33267,0.0],[-71.05372,42.33243,0.0],[-71.05366,42.33233,0.0],[-71.05342,42.33196,0.0],[-71.05322,42.33163,0.0],[-71.05318,42.33158,0.0],[-71.05308,42.33138,0.0],[-71.05305,42.33133,0.0],[-71.05296,42.33114,0.0],[-71.05284,42.33079,0.0],[-71.0528,42.33064,0.0],[-71.05277,42.3305,0.0],[-71.05272,42.33022,0.0],[-71.0527,42.33004,0.0],[-71.05266,42.32936,0.0],[-71.05258,42.32921,0.0],[-71.0525,42.32915,0.0],[-71.05264,42.32917,0.0],[-71.05265,42.32916,0.0],[-71.05262,42.32861,0.0],[-71.05345,42.3286,0.0],[-71.05373,42.3286,0.0],[-71.05427,42.3286,0.0],[-71.0547,42.32859,0.0],[-71.05526,42.32859,0.0],[-71.05569,42.32858,0.0],[-71.05628,42.32858,0.0],[-71.05693,42.32856,0.0],[-71.05692,42.32804,0.0],[-71.0572,42.32804,0.0],[-71.05734,42.32804,0.0],[-71.05747,42.32805,0.0],[-71.05762,42.32808,0.0],[-71.05785,42.32815,0.0],[-71.05772,42.32838,0.0],[-71.05811,42.3285,0.0],[-71.0582,42.32854,0.0],[-71.05823,42.32858,0.0],[-71.05825,42.32862,0.0],[-71.05825,42.32917,0.0],[-71.05824,42.32974,0.0],[-71.05929,42.32998,0.0],[-71.06023,42.3302,0.0],[-71.06071,42.3303,0.0],[-71.06112,42.33038,0.0],[-71.06144,42.33044,0.0],[-71.06164,42.33048,0.0],[-71.06298,42.33069,0.0],[-71.06328,42.33074,0.0],[-71.06351,42.33079,0.0],[-71.06355,42.3308,0.0],[-71.06287,42.33187,0.0],[-71.06281,42.33197,0.0],[-71.06284,42.33199,0.0],[-71.06321,42.33241,0.0],[-71.06417,42.33358,0.0],[-71.06435,42.33376,0.0],[-71.06462,42.33403,0.0],[-71.06484,42.33431,0.0],[-71.06491,42.33442,0.0],[-71.06504,42.3346,0.0],[-71.06507,42.33465,0.0],[-71.06513,42.33475,0.0],[-71.06524,42.33497,0.0],[-71.06531,42.33511,0.0],[-71.0654,42.33533,0.0],[-71.06542,42.33541,0.0],[-71.06547,42.3356,0.0],[-71.06552,42.33585,0.0],[-71.06553,42.33615,0.0],[-71.06551,42.3365,0.0],[-71.06547,42.3367,0.0],[-71.06536,42.33707,0.0],[-71.06511,42.33763,0.0],[-71.06481,42.3383,0.0],[-71.06475,42.33841,0.0],[-71.06468,42.33854,0.0],[-71.06429,42.33923,0.0],[-71.06406,42.33963,0.0],[-71.06342,42.34081,0.0],[-71.06309,42.34145,0.0],[-71.06306,42.34151,0.0],[-71.06282,42.34217,0.0],[-71.06245,42.343,0.0],[-71.06233,42.34297,0.0],[-71.06225,42.34295,0.0],[-71.0619,42.34286,0.0],[-71.06164,42.34279,0.0],[-71.06119,42.34266,0.0],[-71.06106,42.34282,0.0],[-71.06094,42.34289,0.0],[-71.06068,42.3429,0.0],[-71.06058,42.3429,0.0],[-71.06049,42.34296,0.0],[-71.0604,42.34322,0.0],[-71.06027,42.34396,0.0],[-71.06018,42.34407,0.0],[-71.05976,42.34446,0.0],[-71.05948,42.34468,0.0],[-71.05935,42.34477,0.0],[-71.05929,42.34481,0.0],[-71.05924,42.34484,0.0],[-71.05914,42.3449,0.0],[-71.05874,42.34513,0.0],[-71.05846,42.34522,0.0],[-71.05823,42.34528,0.0],[-71.05755,42.3454,0.0],[-71.05729,42.34559,0.0],[-71.05713,42.34562,0.0],[-71.05705,42.34562,0.0],[-71.05687,42.34563,0.0],[-71.05475,42.34579,0.0],[-71.05388,42.34697,0.0],[-71.05375,42.34714,0.0],[-71.0534,42.34761,0.0],[-71.05165,42.34999,0.0],[-71.05116,42.35066,0.0],[-71.0511,42.35063,0.0],[-71.051,42.35058,0.0],[-71.04901,42.34966,0.0],[-71.04786,42.34913,0.0],[-71.04754,42.34899,0.0],[-71.04743,42.34895,0.0],[-71.0471,42.3488,0.0],[-71.04693,42.3487,0.0],[-71.04661,42.34851,0.0],[-71.04655,42.34848,0.0],[-71.04612,42.34827,0.0],[-71.04605,42.34824,0.0],[-71.04584,42.34813,0.0],[-71.04574,42.34809,0.0],[-71.04583,42.34808,0.0],[-71.04652,42.34785,0.0],[-71.04599,42.34749,0.0],[-71.04476,42.34668,0.0],[-71.04456,42.34655,0.0],[-71.0454,42.34582,0.0],[-71.04679,42.3446,0.0],[-71.04884,42.34281,0.0],[-71.04894,42.34273,0.0],[-71.04939,42.34237,0.0],[-71.04945,42.34232,0.0],[-71.04978,42.34203,0.0],[-71.05016,42.3417,0.0],[-71.05082,42.34113,0.0],[-71.05099,42.34098,0.0],[-71.05114,42.34086,0.0],[-71.05145,42.3406,0.0],[-71.0519,42.3402,0.0],[-71.05238,42.33981,0.0]]]]}},{"type":"Feature","properties":{"uesi_id":"USA_R2315704","nbhd_code":"USA_R2315704_123","nbhd_name":"14000US25025061000"},"geometry":{"type":"MultiPolygon","coordinates":[[[[-71.04739,42.33014,0.0],[-71.04807,42.33011,0.0],[-71.04822,42.33011,0.0],[-71.04914,42.33009,0.0],[-71.0498,42.33005,0.0],[-71.05022,42.33,0.0],[-71.05048,42.32994,0.0],[-71.05061,42.3299,0.0],[-71.0509,42.32979,0.0],[-71.05107,42.32971,0.0],[-71.0513,42.32957,0.0],[-71.05152,42.32943,0.0],[-71.0516,42.32935,0.0],[-71.05193,42.32916,0.0],[-71.05202,42.3291,0.0],[-71.05212,42.32907,0.0],[-71.05223,42.32907,0.0],[-71.05235,42.32909,0.0],[-71.05247,42.32912,0.0],[-71.0525,42.32915,0.0],[-71.05258,42.32921,0.0],[-71.05266,42.32936,0.0],[-71.0527,42.33004,0.0],[-71.05272,42.33022,0.0],[-71.05277,42.3305,0.0],[-71.0528,42.33064,0.0],[-71.05284,42.33079,0.0],[-71.05296,42.33114,0.0],[-71.05305,42.33133,0.0],[-71.05308,42.33138,0.0],[-71.05318,42.33158,0.0],[-71.05307,42.33165,0.0],[-71.05281,42.33177,0.0],[-71.05261,42.33188,0.0],[-71.0523,42.33206,0.0],[-71.05193,42.33233,0.0],[-71.05168,42.33249,0.0],[-71.05109,42.33282,0.0],[-71.05093,42.33293,0.0],[-71.05082,42.33302,0.0],[-71.05079,42.33303,0.0],[-71.05054,42.33319,0.0],[-71.05024,42.33335,0.0],[-71.04973,42.33357,0.0],[-71.04926,42.33379,0.0],[-71.04907,42.33387,0.0],[-71.04877,42.33402,0.0],[-71.04832,42.33421,0.0],[-71.04828,42.33423,0.0],[-71.04776,42.33449,0.0],[-71.04751,42.33461,0.0],[-71.04748,42.33425,0.0],[-71.04745,42.33365,0.0],[-71.04746,42.33297,0.0],[-71.04745,42.33232,0.0],[-71.04741,42.33174,0.0],[-71.04742,42.33125,0.0],[-71.04738,42.33043,0.0],[-71.04739,42.33014,0.0]]]]}},{"type":"Feature","properties":{"uesi_id":"USA_R2315704","nbhd_code":"USA_R2315704_124","nbhd_name":"14000US25025060800"},"geometry":{"type":"MultiPolygon","coordinates":[[[[-71.04776,42.33682,0.0],[-71.04694,42.33629,0.0],[-71.04629,42.33587,0.0],[-71.0457,42.33546,0.0],[-71.04596,42.33537,0.0],[-71.04628,42.33523,0.0],[-71.04676,42.33497,0.0],[-71.04724,42.33473,0.0],[-71.04751,42.33461,0.0],[-71.04776,42.33449,0.0],[-71.04828,42.33423,0.0],[-71.04832,42.33421,0.0],[-71.04877,42.33402,0.0],[-71.04907,42.33387,0.0],[-71.04926,42.33379,0.0],[-71.04973,42.33357,0.0],[-71.05024,42.33335,0.0],[-71.05054,42.33319,0.0],[-71.05079,42.33303,0.0],[-71.05082,42.33302,0.0],[-71.05093,42.33293,0.0],[-71.05109,42.33282,0.0],[-71.05168,42.33249,0.0],[-71.05193,42.33233,0.0],[-71.0523,42.33206,0.0],[-71.05261,42.33188,0.0],[-71.05281,42.33177,0.0],[-71.05307,42.33165,0.0],[-71.05318,42.33158,0.0],[-71.05322,42.33163,0.0],[-71.05342,42.33196,0.0],[-71.05366,42.33233,0.0],[-71.05372,42.33243,0.0],[-71.05388,42.33267,0.0],[-71.05396,42.3328,0.0],[-71.05409,42.33303,0.0],[-71.05418,42.33317,0.0],[-71.05448,42.33367,0.0],[-71.0546,42.33387,0.0],[-71.05484,42.33427,0.0],[-71.05531,42.33506,0.0],[-71.05577,42.33579,0.0],[-71.05596,42.33611,0.0],[-71.0562,42.33652,0.0],[-71.05649,42.33699,0.0],[-71.05663,42.33722,0.0],[-71.05673,42.33738,0.0],[-71.05696,42.33772,0.0],[-71.05712,42.33791,0.0],[-71.05711,42.33834,0.0],[-71.05702,42.33828,0.0],[-71.05695,42.33823,0.0],[-71.05682,42.33815,0.0],[-71.05648,42.33794,0.0],[-71.05609,42.33769,0.0],[-71.05584,42.33752,0.0],[-71.05538,42.33723,0.0],[-71.05464,42.33674,0.0],[-71.05441,42.33658,0.0],[-71.05389,42.33625,0.0],[-71.0535,42.33656,0.0],[-71.05314,42.33688,0.0],[-71.05279,42.33718,0.0],[-71.05241,42.3375,0.0],[-71.05204,42.3378,0.0],[-71.05167,42.33809,0.0],[-71.05128,42.33843,0.0],[-71.05101,42.33867,0.0],[-71.05084,42.3388,0.0],[-71.05062,42.33866,0.0],[-71.05014,42.33836,0.0],[-71.05003,42.33829,0.0],[-71.04975,42.33811,0.0],[-71.0493,42.33781,0.0],[-71.04776,42.33682,0.0]]]]}},{"type":"Feature","properties":{"uesi_id":"USA_R2315704","nbhd_code":"USA_R2315704_125","nbhd_name":"14000US25025060700"},"geometry":{"type":"MultiPolygon","coordinates":[[[[-71.05238,42.33981,0.0],[-71.05217,42.33967,0.0],[-71.05165,42.33934,0.0],[-71.05131,42.33913,0.0],[-71.05101,42.33891,0.0],[-71.05084,42.3388,0.0],[-71.05101,42.33867,0.0],[-71.05128,42.33843,0.0],[-71.05167,42.33809,0.0],[-71.05204,42.3378,0.0],[-71.05241,42.3375,0.0],[-71.05279,42.33718,0.0],[-71.05314,42.33688,0.0],[-71.0535,42.33656,0.0],[-71.05389,42.33625,0.0],[-71.05441,42.33658,0.0],[-71.05464,42.33674,0.0],[-71.05538,42.33723,0.0],[-71.05584,42.33752,0.0],[-71.05609,42.33769,0.0],[-71.05648,42.33794,0.0],[-71.05682,42.33815,0.0],[-71.05695,42.33823,0.0],[-71.05702,42.33828,0.0],[-71.05711,42.33834,0.0],[-71.05703,42.33832,0.0],[-71.05698,42.33831,0.0],[-71.05693,42.33832,0.0],[-71.05688,42.33834,0.0],[-71.05682,42.33837,0.0],[-71.05677,42.33839,0.0],[-71.05624,42.33888,0.0],[-71.05597,42.33909,0.0],[-71.05551,42.33949,0.0],[-71.05518,42.33977,0.0],[-71.05477,42.3401,0.0],[-71.05438,42.34044,0.0],[-71.05393,42.3408,0.0],[-71.05374,42.34068,0.0],[-71.05354,42.34055,0.0],[-71.05323,42.34035,0.0],[-71.05259,42.33994,0.0],[-71.05238,42.33981,0.0]]]]}},{"type":"Feature","properties":{"uesi_id":"USA_R2315704","nbhd_code":"USA_R2315704_126","nbhd_name":"14000US25025040401"},"geometry":{"type":"MultiPolygon","coordinates":[[[[-71.06911,42.37942,0.0],[-71.06875,42.37906,0.0],[-71.06847,42.3788,0.0],[-71.06813,42.37848,0.0],[-71.06783,42.37821,0.0],[-71.06704,42.37893,0.0],[-71.06666,42.37868,0.0],[-71.06659,42.37864,0.0],[-71.06639,42.37847,0.0],[-71.06622,42.37833,0.0],[-71.06592,42.37811,0.0],[-71.06566,42.37791,0.0],[-71.0655,42.3778,0.0],[-71.06531,42.37759,0.0],[-71.06497,42.37731,0.0],[-71.06426,42.37685,0.0],[-71.06393,42.37669,0.0],[-71.06378,42.37664,0.0],[-71.0635,42.37653,0.0],[-71.06369,42.37629,0.0],[-71.064,42.37598,0.0],[-71.06407,42.37592,0.0],[-71.06446,42.37555,0.0],[-71.06432,42.37547,0.0],[-71.06416,42.37539,0.0],[-71.06397,42.37528,0.0],[-71.06367,42.3751,0.0],[-71.06332,42.37488,0.0],[-71.06309,42.3747,0.0],[-71.0628,42.37538,0.0],[-71.06262,42.37579,0.0],[-71.0625,42.376,0.0],[-71.06244,42.37608,0.0],[-71.06239,42.37613,0.0],[-71.06187,42.37596,0.0],[-71.06205,42.3756,0.0],[-71.06222,42.3752,0.0],[-71.0625,42.37481,0.0],[-71.06279,42.3745,0.0],[-71.0632,42.37395,0.0],[-71.06339,42.37385,0.0],[-71.06375,42.37371,0.0],[-71.064,42.37359,0.0],[-71.06415,42.37342,0.0],[-71.06418,42.37338,0.0],[-71.0642,42.37327,0.0],[-71.06423,42.37313,0.0],[-71.06421,42.37284,0.0],[-71.06415,42.37269,0.0],[-71.06406,42.37241,0.0],[-71.064,42.3723,0.0],[-71.06396,42.37222,0.0],[-71.06384,42.37192,0.0],[-71.06361,42.3718,0.0],[-71.06319,42.37162,0.0],[-71.06304,42.37156,0.0],[-71.06271,42.37142,0.0],[-71.06267,42.37141,0.0],[-71.06263,42.3714,0.0],[-71.06238,42.3713,0.0],[-71.06224,42.37124,0.0],[-71.06202,42.37116,0.0],[-71.06196,42.37114,0.0],[-71.06185,42.3711,0.0],[-71.06181,42.37109,0.0],[-71.06129,42.37076,0.0],[-71.06108,42.37059,0.0],[-71.0609,42.37039,0.0],[-71.06066,42.37007,0.0],[-71.06078,42.36999,0.0],[-71.0609,42.36991,0.0],[-71.06122,42.36979,0.0],[-71.06133,42.36972,0.0],[-71.06133,42.36961,0.0],[-71.06112,42.36895,0.0],[-71.06091,42.36897,0.0],[-71.06085,42.36876,0.0],[-71.06166,42.36867,0.0],[-71.06187,42.36864,0.0],[-71.06193,42.36866,0.0],[-71.06197,42.36869,0.0],[-71.06198,42.36872,0.0],[-71.06197,42.36875,0.0],[-71.0619,42.3688,0.0],[-71.06184,42.36887,0.0],[-71.06184,42.36895,0.0],[-71.06186,42.36902,0.0],[-71.06198,42.36926,0.0],[-71.06212,42.36936,0.0],[-71.06227,42.3694,0.0],[-71.06253,42.3694,0.0],[-71.0626,42.36941,0.0],[-71.06274,42.36941,0.0],[-71.06281,42.36941,0.0],[-71.06403,42.36932,0.0],[-71.06423,42.36953,0.0],[-71.0645,42.36973,0.0],[-71.06531,42.37001,0.0],[-71.06532,42.37002,0.0],[-71.06533,42.37003,0.0],[-71.06545,42.37014,0.0],[-71.06546,42.37014,0.0],[-71.06551,42.3702,0.0],[-71.06568,42.37037,0.0],[-71.06568,42.37037,0.0],[-71.06573,42.37043,0.0],[-71.06604,42.37075,0.0],[-71.06627,42.371,0.0],[-71.06695,42.37171,0.0],[-71.06697,42.37172,0.0],[-71.06709,42.37185,0.0],[-71.06724,42.37188,0.0],[-71.06733,42.37189,0.0],[-71.06738,42.3719,0.0],[-71.06745,42.37191,0.0],[-71.06765,42.37195,0.0],[-71.06766,42.37195,0.0],[-71.06768,42.37194,0.0],[-71.06773,42.37194,0.0],[-71.06775,42.37194,0.0],[-71.06779,42.37194,0.0],[-71.06783,42.37194,0.0],[-71.06787,42.37195,0.0],[-71.0679,42.37196,0.0],[-71.06797,42.37197,0.0],[-71.068,42.37197,0.0],[-71.06801,42.37198,0.0],[-71.06803,42.37198,0.0],[-71.06812,42.37199,0.0],[-71.0682,42.37201,0.0],[-71.06821,42.37201,0.0],[-71.06825,42.37201,0.0],[-71.06826,42.37202,0.0],[-71.06861,42.37207,0.0],[-71.0688,42.37211,0.0],[-71.06965,42.37228,0.0],[-71.0698,42.37231,0.0],[-71.07,42.37233,0.0],[-71.07003,42.37233,0.0],[-71.07006,42.37233,0.0],[-71.07007,42.37234,0.0],[-71.07009,42.37234,0.0],[-71.07013,42.37234,0.0],[-71.07016,42.37235,0.0],[-71.07021,42.37235,0.0],[-71.0703,42.37236,0.0],[-71.07035,42.37237,0.0],[-71.0704,42.37237,0.0],[-71.07042,42.37238,0.0],[-71.0705,42.37238,0.0],[-71.07053,42.37239,0.0],[-71.07044,42.37248,0.0],[-71.07019,42.37277,0.0],[-71.07,42.37303,0.0],[-71.06988,42.37318,0.0],[-71.06968,42.37344,0.0],[-71.06966,42.37345,0.0],[-71.06959,42.37352,0.0],[-71.06955,42.37355,0.0],[-71.06952,42.37357,0.0],[-71.06949,42.3736,0.0],[-71.06942,42.37366,0.0],[-71.06938,42.37368,0.0],[-71.06936,42.37369,0.0],[-71.0692,42.37379,0.0],[-71.06914,42.37382,0.0],[-71.06887,42.37392,0.0],[-71.06851,42.37407,0.0],[-71.06841,42.3741,0.0],[-71.06837,42.37413,0.0],[-71.06826,42.37425,0.0],[-71.06822,42.37432,0.0],[-71.06821,42.37438,0.0],[-71.06819,42.37444,0.0],[-71.06804,42.37454,0.0],[-71.06791,42.37464,0.0],[-71.06822,42.37513,0.0],[-71.06832,42.37531,0.0],[-71.06868,42.37592,0.0],[-71.06877,42.37609,0.0],[-71.06935,42.37719,0.0],[-71.0696,42.37758,0.0],[-71.06994,42.37821,0.0],[-71.07043,42.37908,0.0],[-71.07069,42.37954,0.0],[-71.0709,42.37988,0.0],[-71.07051,42.38006,0.0],[-71.06999,42.38032,0.0],[-71.06969,42.38002,0.0],[-71.06952,42.37984,0.0],[-71.06911,42.37942,0.0]]]]}},{"type":"Feature","properties":{"uesi_id":"USA_R2315704","nbhd_code":"USA_R2315704_127","nbhd_name":"14000US25025020303"},"geometry":{"type":"MultiPolygon","coordinates":[[[[-71.06376,42.36845,0.0],[-71.0636,42.36841,0.0],[-71.06235,42.36803,0.0],[-71.06215,42.36798,0.0],[-71.06206,42.36798,0.0],[-71.06198,42.36803,0.0],[-71.06198,42.36808,0.0],[-71.06202,42.36818,0.0],[-71.06215,42.36841,0.0],[-71.06215,42.36848,0.0],[-71.06211,42.36851,0.0],[-71.06209,42.36853,0.0],[-71.062,42.36854,0.0],[-71.06142,42.3686,0.0],[-71.06083,42.36866,0.0],[-71.0607,42.36867,0.0],[-71.06061,42.36861,0.0],[-71.06053,42.36849,0.0],[-71.06049,42.36826,0.0],[-71.06064,42.36809,0.0],[-71.06098,42.36782,0.0],[-71.06103,42.36773,0.0],[-71.06103,42.3676,0.0],[-71.06091,42.36738,0.0],[-71.06088,42.36732,0.0],[-71.06078,42.36725,0.0],[-71.06073,42.36724,0.0],[-71.06058,42.36722,0.0],[-71.06043,42.36712,0.0],[-71.0592,42.36772,0.0],[-71.05905,42.36779,0.0],[-71.05886,42.36753,0.0],[-71.05869,42.3673,0.0],[-71.05859,42.36713,0.0],[-71.05854,42.36703,0.0],[-71.05853,42.36696,0.0],[-71.05848,42.36675,0.0],[-71.05846,42.36616,0.0],[-71.05844,42.36595,0.0],[-71.05841,42.36556,0.0],[-71.05838,42.36527,0.0],[-71.0583,42.36457,0.0],[-71.05829,42.36439,0.0],[-71.05827,42.36433,0.0],[-71.0582,42.36412,0.0],[-71.05819,42.36406,0.0],[-71.05812,42.36399,0.0],[-71.0579,42.36372,0.0],[-71.05771,42.36355,0.0],[-71.05778,42.36355,0.0],[-71.05788,42.36355,0.0],[-71.05798,42.36352,0.0],[-71.05804,42.36349,0.0],[-71.05822,42.36344,0.0],[-71.0584,42.36342,0.0],[-71.05856,42.36339,0.0],[-71.05877,42.36333,0.0],[-71.05949,42.36311,0.0],[-71.05961,42.36308,0.0],[-71.06004,42.36298,0.0],[-71.06088,42.36274,0.0],[-71.06122,42.36264,0.0],[-71.06167,42.3625,0.0],[-71.06186,42.36244,0.0],[-71.0622,42.36227,0.0],[-71.06227,42.36221,0.0],[-71.06235,42.36215,0.0],[-71.0625,42.36201,0.0],[-71.06263,42.36185,0.0],[-71.06276,42.36165,0.0],[-71.06291,42.36124,0.0],[-71.06322,42.36124,0.0],[-71.06376,42.36125,0.0],[-71.06386,42.36221,0.0],[-71.06411,42.36225,0.0],[-71.0644,42.3623,0.0],[-71.06474,42.36237,0.0],[-71.065,42.3624,0.0],[-71.06513,42.36241,0.0],[-71.06513,42.36269,0.0],[-71.06511,42.36288,0.0],[-71.06509,42.36307,0.0],[-71.06509,42.36316,0.0],[-71.0651,42.36321,0.0],[-71.06514,42.36325,0.0],[-71.06522,42.36361,0.0],[-71.06522,42.36387,0.0],[-71.06516,42.36419,0.0],[-71.06507,42.3645,0.0],[-71.06514,42.36478,0.0],[-71.06543,42.36491,0.0],[-71.06563,42.36492,0.0],[-71.06593,42.36495,0.0],[-71.06611,42.36508,0.0],[-71.06644,42.36506,0.0],[-71.06661,42.36516,0.0],[-71.06685,42.36515,0.0],[-71.0671,42.36508,0.0],[-71.06734,42.36506,0.0],[-71.06763,42.36526,0.0],[-71.06813,42.36533,0.0],[-71.0685,42.3656,0.0],[-71.06877,42.3658,0.0],[-71.06835,42.3662,0.0],[-71.06823,42.36628,0.0],[-71.06817,42.36633,0.0],[-71.06801,42.3664,0.0],[-71.06779,42.36644,0.0],[-71.06756,42.36648,0.0],[-71.0674,42.36656,0.0],[-71.06745,42.36659,0.0],[-71.06775,42.36669,0.0],[-71.06814,42.36682,0.0],[-71.06829,42.36687,0.0],[-71.06896,42.36721,0.0],[-71.06894,42.36723,0.0],[-71.06885,42.36719,0.0],[-71.06873,42.36713,0.0],[-71.06857,42.36705,0.0],[-71.06845,42.36706,0.0],[-71.06836,42.3671,0.0],[-71.06831,42.36714,0.0],[-71.06833,42.3672,0.0],[-71.06831,42.36733,0.0],[-71.06825,42.36738,0.0],[-71.06735,42.36778,0.0],[-71.06643,42.36808,0.0],[-71.06562,42.36825,0.0],[-71.06559,42.36828,0.0],[-71.06559,42.36838,0.0],[-71.06571,42.36865,0.0],[-71.06571,42.36876,0.0],[-71.06567,42.36879,0.0],[-71.06561,42.3688,0.0],[-71.06554,42.3688,0.0],[-71.06519,42.3685,0.0],[-71.06513,42.36846,0.0],[-71.06508,42.36847,0.0],[-71.06507,42.36851,0.0],[-71.0651,42.36857,0.0],[-71.06519,42.36871,0.0],[-71.06517,42.36879,0.0],[-71.06514,42.36881,0.0],[-71.06511,42.36883,0.0],[-71.06509,42.36884,0.0],[-71.06504,42.36886,0.0],[-71.065,42.36887,0.0],[-71.06497,42.36888,0.0],[-71.06488,42.3689,0.0],[-71.06473,42.36888,0.0],[-71.06419,42.36862,0.0],[-71.06386,42.36849,0.0],[-71.06376,42.36845,0.0]]],[[[-71.07069,42.36808,0.0],[-71.07069,42.36809,0.0],[-71.07068,42.3681,0.0],[-71.06914,42.36733,0.0],[-71.06917,42.36731,0.0],[-71.07069,42.36808,0.0]]],[[[-71.06899,42.36811,0.0],[-71.06906,42.36812,0.0],[-71.06921,42.36818,0.0],[-71.06954,42.36834,0.0],[-71.06972,42.36841,0.0],[-71.07026,42.36864,0.0],[-71.07015,42.36876,0.0],[-71.0698,42.36911,0.0],[-71.06963,42.36911,0.0],[-71.06924,42.36911,0.0],[-71.06808,42.36911,0.0],[-71.0677,42.36911,0.0],[-71.06764,42.36911,0.0],[-71.06747,42.36911,0.0],[-71.06741,42.36911,0.0],[-71.06787,42.36898,0.0],[-71.06801,42.36891,0.0],[-71.06815,42.36881,0.0],[-71.06822,42.36874,0.0],[-71.0685,42.3685,0.0],[-71.06864,42.36829,0.0],[-71.06873,42.3682,0.0],[-71.06884,42.36814,0.0],[-71.06892,42.3681,0.0],[-71.06899,42.36811,0.0]]]]}},{"type":"Feature","properties":{"uesi_id":"USA_R2315704","nbhd_code":"USA_R2315704_128","nbhd_name":"14000US25025070402"},"geometry":{"type":"MultiPolygon","coordinates":[[[[-71.06304,42.34686,0.0],[-71.06308,42.34676,0.0],[-71.06285,42.3467,0.0],[-71.06209,42.34654,0.0],[-71.06199,42.34652,0.0],[-71.0613,42.34639,0.0],[-71.06124,42.34638,0.0],[-71.06113,42.34636,0.0],[-71.06108,42.34635,0.0],[-71.06106,42.34634,0.0],[-71.06099,42.34634,0.0],[-71.06095,42.34633,0.0],[-71.06084,42.34631,0.0],[-71.06091,42.34612,0.0],[-71.06092,42.34609,0.0],[-71.061,42.3458,0.0],[-71.06102,42.34572,0.0],[-71.0611,42.34555,0.0],[-71.06107,42.34555,0.0],[-71.06089,42.34556,0.0],[-71.06075,42.34562,0.0],[-71.06043,42.34537,0.0],[-71.06014,42.34518,0.0],[-71.0603,42.34503,0.0],[-71.06064,42.34481,0.0],[-71.06084,42.34432,0.0],[-71.06087,42.34402,0.0],[-71.061,42.34344,0.0],[-71.06106,42.34326,0.0],[-71.06117,42.34314,0.0],[-71.06117,42.34308,0.0],[-71.06117,42.34304,0.0],[-71.06112,42.34296,0.0],[-71.06112,42.34284,0.0],[-71.06106,42.34282,0.0],[-71.06119,42.34266,0.0],[-71.06164,42.34279,0.0],[-71.0619,42.34286,0.0],[-71.06225,42.34295,0.0],[-71.06233,42.34297,0.0],[-71.06245,42.343,0.0],[-71.0625,42.34301,0.0],[-71.06402,42.3434,0.0],[-71.06441,42.34351,0.0],[-71.06483,42.34364,0.0],[-71.06536,42.34378,0.0],[-71.06593,42.34394,0.0],[-71.06646,42.34412,0.0],[-71.06707,42.34432,0.0],[-71.06808,42.34466,0.0],[-71.06878,42.34491,0.0],[-71.069,42.34499,0.0],[-71.0694,42.34512,0.0],[-71.06986,42.34527,0.0],[-71.0691,42.34662,0.0],[-71.06884,42.34711,0.0],[-71.06868,42.34739,0.0],[-71.06861,42.34748,0.0],[-71.0685,42.34761,0.0],[-71.06844,42.34769,0.0],[-71.06834,42.34777,0.0],[-71.06819,42.34787,0.0],[-71.06799,42.34784,0.0],[-71.06739,42.34777,0.0],[-71.06678,42.34769,0.0],[-71.06616,42.3476,0.0],[-71.06584,42.34753,0.0],[-71.06576,42.34752,0.0],[-71.06456,42.34722,0.0],[-71.06443,42.34719,0.0],[-71.06433,42.34717,0.0],[-71.06315,42.34689,0.0],[-71.06304,42.34686,0.0]]]]}},{"type":"Feature","properties":{"uesi_id":"USA_R2315704","nbhd_code":"USA_R2315704_129","nbhd_name":"14000US25025020302"},"geometry":{"type":"MultiPolygon","coordinates":[[[[-71.06291,42.36124,0.0],[-71.06286,42.3601,0.0],[-71.06288,42.35949,0.0],[-71.06286,42.35921,0.0],[-71.06285,42.3589,0.0],[-71.06282,42.35872,0.0],[-71.06282,42.35867,0.0],[-71.06273,42.35832,0.0],[-71.06264,42.35799,0.0],[-71.06317,42.35776,0.0],[-71.06365,42.35757,0.0],[-71.06405,42.35746,0.0],[-71.06451,42.35733,0.0],[-71.06499,42.3572,0.0],[-71.06504,42.35734,0.0],[-71.06509,42.35753,0.0],[-71.0651,42.35766,0.0],[-71.06511,42.35769,0.0],[-71.06511,42.35785,0.0],[-71.0651,42.35805,0.0],[-71.06508,42.35839,0.0],[-71.06507,42.35886,0.0],[-71.06505,42.35938,0.0],[-71.06507,42.35995,0.0],[-71.06508,42.36008,0.0],[-71.06513,42.36081,0.0],[-71.06516,42.36121,0.0],[-71.06445,42.36124,0.0],[-71.06412,42.36124,0.0],[-71.06376,42.36125,0.0],[-71.06322,42.36124,0.0],[-71.06291,42.36124,0.0]]]]}},{"type":"Feature","properties":{"uesi_id":"USA_R2315704","nbhd_code":"USA_R2315704_130","nbhd_name":"14000US25025020301"},"geometry":{"type":"MultiPolygon","coordinates":[[[[-71.06917,42.36731,0.0],[-71.06907,42.36726,0.0],[-71.06896,42.36721,0.0],[-71.06829,42.36687,0.0],[-71.06814,42.36682,0.0],[-71.06775,42.36669,0.0],[-71.06745,42.36659,0.0],[-71.0674,42.36656,0.0],[-71.06756,42.36648,0.0],[-71.06779,42.36644,0.0],[-71.06801,42.3664,0.0],[-71.06817,42.36633,0.0],[-71.06823,42.36628,0.0],[-71.06835,42.3662,0.0],[-71.06877,42.3658,0.0],[-71.0685,42.3656,0.0],[-71.06813,42.36533,0.0],[-71.06763,42.36526,0.0],[-71.06734,42.36506,0.0],[-71.0671,42.36508,0.0],[-71.06685,42.36515,0.0],[-71.06661,42.36516,0.0],[-71.06644,42.36506,0.0],[-71.06611,42.36508,0.0],[-71.06593,42.36495,0.0],[-71.06563,42.36492,0.0],[-71.06543,42.36491,0.0],[-71.06514,42.36478,0.0],[-71.06507,42.3645,0.0],[-71.06516,42.36419,0.0],[-71.06522,42.36387,0.0],[-71.06522,42.36361,0.0],[-71.06514,42.36325,0.0],[-71.0651,42.36321,0.0],[-71.06509,42.36316,0.0],[-71.06509,42.36307,0.0],[-71.06511,42.36288,0.0],[-71.06513,42.36269,0.0],[-71.06513,42.36241,0.0],[-71.065,42.3624,0.0],[-71.06474,42.36237,0.0],[-71.0644,42.3623,0.0],[-71.06411,42.36225,0.0],[-71.06386,42.36221,0.0],[-71.06376,42.36125,0.0],[-71.06412,42.36124,0.0],[-71.06445,42.36124,0.0],[-71.06516,42.36121,0.0],[-71.06599,42.3612,0.0],[-71.06638,42.36121,0.0],[-71.06692,42.3612,0.0],[-71.06785,42.36121,0.0],[-71.06874,42.36119,0.0],[-71.06912,42.36118,0.0],[-71.06942,42.36118,0.0],[-71.06976,42.36117,0.0],[-71.06994,42.36118,0.0],[-71.07009,42.36121,0.0],[-71.07033,42.36129,0.0],[-71.07047,42.36132,0.0],[-71.07057,42.36133,0.0],[-71.07091,42.36134,0.0],[-71.07115,42.36134,0.0],[-71.07165,42.36135,0.0],[-71.07202,42.36137,0.0],[-71.07235,42.36138,0.0],[-71.07231,42.36164,0.0],[-71.07226,42.36177,0.0],[-71.07219,42.36189,0.0],[-71.0721,42.36198,0.0],[-71.072,42.36205,0.0],[-71.07185,42.36214,0.0],[-71.07178,42.36216,0.0],[-71.0718,42.36227,0.0],[-71.07181,42.36236,0.0],[-71.0718,42.36247,0.0],[-71.07175,42.36259,0.0],[-71.07166,42.36271,0.0],[-71.07156,42.3628,0.0],[-71.07133,42.36295,0.0],[-71.0708,42.36328,0.0],[-71.07063,42.36342,0.0],[-71.07048,42.36357,0.0],[-71.07038,42.3637,0.0],[-71.07016,42.36418,0.0],[-71.07011,42.36429,0.0],[-71.07005,42.36442,0.0],[-71.06985,42.36483,0.0],[-71.06977,42.365,0.0],[-71.06961,42.36543,0.0],[-71.06946,42.36564,0.0],[-71.06934,42.36578,0.0],[-71.06863,42.36641,0.0],[-71.0685,42.36651,0.0],[-71.06845,42.3666,0.0],[-71.06845,42.36665,0.0],[-71.06847,42.36671,0.0],[-71.06851,42.36679,0.0],[-71.06857,42.36684,0.0],[-71.06868,42.36689,0.0],[-71.06895,42.36703,0.0],[-71.06907,42.36709,0.0],[-71.06918,42.36714,0.0],[-71.06928,42.3672,0.0],[-71.06933,42.36715,0.0],[-71.07019,42.36619,0.0],[-71.07022,42.36616,0.0],[-71.07086,42.36649,0.0],[-71.07062,42.36676,0.0],[-71.07151,42.36725,0.0],[-71.07162,42.36716,0.0],[-71.07163,42.36717,0.0],[-71.07157,42.36724,0.0],[-71.07145,42.36733,0.0],[-71.07141,42.36736,0.0],[-71.0709,42.36782,0.0],[-71.0708,42.36791,0.0],[-71.07074,42.368,0.0],[-71.07073,42.36802,0.0],[-71.0707,42.36806,0.0],[-71.07069,42.36808,0.0],[-71.06917,42.36731,0.0]]]]}},{"type":"Feature","properties":{"uesi_id":"USA_R2315704","nbhd_code":"USA_R2315704_131","nbhd_name":"14000US25025020101"},"geometry":{"type":"MultiPolygon","coordinates":[[[[-71.06505,42.35938,0.0],[-71.06507,42.35886,0.0],[-71.06508,42.35839,0.0],[-71.0651,42.35805,0.0],[-71.06511,42.35785,0.0],[-71.06511,42.35769,0.0],[-71.0651,42.35766,0.0],[-71.06509,42.35753,0.0],[-71.06504,42.35734,0.0],[-71.06499,42.3572,0.0],[-71.06517,42.35715,0.0],[-71.06579,42.35701,0.0],[-71.06672,42.35682,0.0],[-71.067,42.35676,0.0],[-71.06764,42.35661,0.0],[-71.06873,42.35637,0.0],[-71.06892,42.35633,0.0],[-71.06941,42.35622,0.0],[-71.06983,42.35613,0.0],[-71.07019,42.35604,0.0],[-71.0713,42.35578,0.0],[-71.07138,42.35575,0.0],[-71.07204,42.35559,0.0],[-71.07251,42.35546,0.0],[-71.07281,42.35539,0.0],[-71.07302,42.35532,0.0],[-71.07316,42.35555,0.0],[-71.0733,42.35582,0.0],[-71.07505,42.35533,0.0],[-71.07522,42.35552,0.0],[-71.07519,42.35552,0.0],[-71.07439,42.35576,0.0],[-71.07394,42.35587,0.0],[-71.07378,42.35595,0.0],[-71.07349,42.3561,0.0],[-71.07344,42.35615,0.0],[-71.07327,42.3563,0.0],[-71.07317,42.35646,0.0],[-71.07313,42.35656,0.0],[-71.07293,42.357,0.0],[-71.0728,42.35729,0.0],[-71.07257,42.35777,0.0],[-71.07234,42.35851,0.0],[-71.07224,42.35881,0.0],[-71.07211,42.35925,0.0],[-71.07207,42.35946,0.0],[-71.07079,42.35951,0.0],[-71.07015,42.35952,0.0],[-71.06969,42.35954,0.0],[-71.06933,42.35955,0.0],[-71.06905,42.35956,0.0],[-71.06863,42.35958,0.0],[-71.06858,42.35935,0.0],[-71.06836,42.35935,0.0],[-71.06819,42.35933,0.0],[-71.06798,42.35931,0.0],[-71.06769,42.35932,0.0],[-71.06733,42.35935,0.0],[-71.06682,42.35936,0.0],[-71.06631,42.35936,0.0],[-71.06593,42.35937,0.0],[-71.06505,42.35938,0.0]]]]}},{"type":"Feature","properties":{"uesi_id":"USA_R2315704","nbhd_code":"USA_R2315704_132","nbhd_name":"14000US25025081001"},"geometry":{"type":"MultiPolygon","coordinates":[[[[-71.10031,42.33595,0.0],[-71.10068,42.33578,0.0],[-71.10093,42.33566,0.0],[-71.10123,42.33554,0.0],[-71.10143,42.33547,0.0],[-71.10195,42.33529,0.0],[-71.10243,42.33516,0.0],[-71.10307,42.33493,0.0],[-71.10323,42.33487,0.0],[-71.10378,42.33466,0.0],[-71.10445,42.33439,0.0],[-71.10491,42.3342,0.0],[-71.10486,42.33405,0.0],[-71.10488,42.33389,0.0],[-71.10497,42.33369,0.0],[-71.10516,42.33331,0.0],[-71.10526,42.33312,0.0],[-71.10561,42.33241,0.0],[-71.10512,42.3322,0.0],[-71.10474,42.33202,0.0],[-71.10481,42.33182,0.0],[-71.10498,42.3314,0.0],[-71.10508,42.33119,0.0],[-71.10517,42.33102,0.0],[-71.10437,42.33084,0.0],[-71.10308,42.33054,0.0],[-71.10229,42.33036,0.0],[-71.10157,42.33018,0.0],[-71.10105,42.33006,0.0],[-71.10086,42.33001,0.0],[-71.10064,42.32993,0.0],[-71.1005,42.32987,0.0],[-71.10019,42.32973,0.0],[-71.0995,42.3294,0.0],[-71.09894,42.32914,0.0],[-71.09896,42.32897,0.0],[-71.09905,42.32855,0.0],[-71.0991,42.32844,0.0],[-71.09921,42.32825,0.0],[-71.09937,42.328,0.0],[-71.09962,42.32807,0.0],[-71.1001,42.32821,0.0],[-71.10039,42.3285,0.0],[-71.10078,42.3289,0.0],[-71.10116,42.32927,0.0],[-71.10128,42.32936,0.0],[-71.10139,42.32942,0.0],[-71.10153,42.32948,0.0],[-71.10201,42.3296,0.0],[-71.10261,42.32974,0.0],[-71.10285,42.32978,0.0],[-71.10351,42.32993,0.0],[-71.10646,42.33067,0.0],[-71.10677,42.33016,0.0],[-71.10695,42.33021,0.0],[-71.10803,42.33048,0.0],[-71.10812,42.3305,0.0],[-71.1085,42.33061,0.0],[-71.1089,42.33072,0.0],[-71.10935,42.33084,0.0],[-71.10951,42.33091,0.0],[-71.10954,42.33095,0.0],[-71.10956,42.33098,0.0],[-71.10958,42.33107,0.0],[-71.1096,42.33122,0.0],[-71.10959,42.33145,0.0],[-71.10958,42.33201,0.0],[-71.10957,42.33217,0.0],[-71.10957,42.33257,0.0],[-71.10959,42.33308,0.0],[-71.10959,42.33321,0.0],[-71.10987,42.33317,0.0],[-71.1101,42.33311,0.0],[-71.11024,42.33305,0.0],[-71.11042,42.33297,0.0],[-71.11081,42.33276,0.0],[-71.11097,42.33267,0.0],[-71.11121,42.33252,0.0],[-71.11152,42.33237,0.0],[-71.11183,42.33218,0.0],[-71.11188,42.33217,0.0],[-71.11212,42.33206,0.0],[-71.1123,42.33201,0.0],[-71.11231,42.33201,0.0],[-71.11272,42.33196,0.0],[-71.1129,42.33195,0.0],[-71.11302,42.33194,0.0],[-71.11297,42.33217,0.0],[-71.11291,42.33239,0.0],[-71.11284,42.33254,0.0],[-71.11274,42.3327,0.0],[-71.11242,42.33308,0.0],[-71.11223,42.33327,0.0],[-71.11209,42.33344,0.0],[-71.11179,42.33374,0.0],[-71.11156,42.33393,0.0],[-71.11137,42.33407,0.0],[-71.11107,42.33429,0.0],[-71.11075,42.33452,0.0],[-71.11044,42.33473,0.0],[-71.11026,42.33487,0.0],[-71.11009,42.33505,0.0],[-71.10997,42.33524,0.0],[-71.10989,42.33539,0.0],[-71.10987,42.33553,0.0],[-71.10987,42.33571,0.0],[-71.10989,42.33585,0.0],[-71.10993,42.33602,0.0],[-71.11006,42.33632,0.0],[-71.11029,42.3366,0.0],[-71.11041,42.33673,0.0],[-71.11056,42.33694,0.0],[-71.11064,42.33707,0.0],[-71.1107,42.33719,0.0],[-71.11074,42.33735,0.0],[-71.11076,42.33752,0.0],[-71.11073,42.33766,0.0],[-71.11067,42.33787,0.0],[-71.1106,42.33805,0.0],[-71.11053,42.33823,0.0],[-71.11049,42.33839,0.0],[-71.11045,42.33862,0.0],[-71.11045,42.33874,0.0],[-71.11044,42.33891,0.0],[-71.11044,42.33921,0.0],[-71.11042,42.33945,0.0],[-71.11039,42.33958,0.0],[-71.11035,42.33968,0.0],[-71.11016,42.34008,0.0],[-71.11,42.34033,0.0],[-71.10989,42.3403,0.0],[-71.10962,42.34025,0.0],[-71.10947,42.3402,0.0],[-71.10936,42.34013,0.0],[-71.10925,42.34007,0.0],[-71.10904,42.33996,0.0],[-71.10899,42.33993,0.0],[-71.10849,42.33963,0.0],[-71.10828,42.3395,0.0],[-71.10729,42.33894,0.0],[-71.10607,42.33824,0.0],[-71.10559,42.33796,0.0],[-71.10539,42.33787,0.0],[-71.10514,42.33778,0.0],[-71.10455,42.33755,0.0],[-71.10442,42.3375,0.0],[-71.10391,42.33732,0.0],[-71.1034,42.33712,0.0],[-71.1031,42.33699,0.0],[-71.10203,42.33658,0.0],[-71.10163,42.33643,0.0],[-71.10094,42.33618,0.0],[-71.10031,42.33595,0.0]]]]}},{"type":"Feature","properties":{"uesi_id":"USA_R2315704","nbhd_code":"USA_R2315704_133","nbhd_name":"14000US25025010403"},"geometry":{"type":"MultiPolygon","coordinates":[[[[-71.0858,42.34334,0.0],[-71.08598,42.34333,0.0],[-71.08632,42.34336,0.0],[-71.08681,42.34344,0.0],[-71.08769,42.34358,0.0],[-71.08949,42.34385,0.0],[-71.08997,42.34393,0.0],[-71.08985,42.34435,0.0],[-71.08977,42.34467,0.0],[-71.08955,42.34542,0.0],[-71.0894,42.34593,0.0],[-71.08931,42.34631,0.0],[-71.08927,42.34647,0.0],[-71.08922,42.34664,0.0],[-71.08923,42.34673,0.0],[-71.08926,42.3469,0.0],[-71.08776,42.34731,0.0],[-71.08759,42.34693,0.0],[-71.08746,42.34664,0.0],[-71.08737,42.34649,0.0],[-71.08708,42.34593,0.0],[-71.08683,42.34543,0.0],[-71.08677,42.34528,0.0],[-71.0866,42.34496,0.0],[-71.08655,42.34487,0.0],[-71.08591,42.34349,0.0],[-71.08585,42.3434,0.0],[-71.0858,42.34334,0.0]]]]}},{"type":"Feature","properties":{"uesi_id":"USA_R2315704","nbhd_code":"USA_R2315704_134","nbhd_name":"14000US25025000100"},"geometry":{"type":"MultiPolygon","coordinates":[[[[-71.12374,42.36833,0.0],[-71.1238,42.36826,0.0],[-71.12463,42.36738,0.0],[-71.12498,42.36701,0.0],[-71.12521,42.36679,0.0],[-71.12557,42.36641,0.0],[-71.12595,42.36605,0.0],[-71.12627,42.36578,0.0],[-71.12631,42.36576,0.0],[-71.12645,42.36563,0.0],[-71.12663,42.3655,0.0],[-71.12748,42.36488,0.0],[-71.12803,42.36449,0.0],[-71.12823,42.36434,0.0],[-71.12891,42.36384,0.0],[-71.12938,42.3635,0.0],[-71.1296,42.36334,0.0],[-71.12976,42.36321,0.0],[-71.12995,42.36304,0.0],[-71.13009,42.36288,0.0],[-71.13022,42.3627,0.0],[-71.1303,42.36252,0.0],[-71.13036,42.36236,0.0],[-71.13041,42.36213,0.0],[-71.13042,42.36197,0.0],[-71.13036,42.36178,0.0],[-71.13028,42.36162,0.0],[-71.1301,42.3614,0.0],[-71.12977,42.36108,0.0],[-71.12941,42.36079,0.0],[-71.12929,42.36071,0.0],[-71.12888,42.36038,0.0],[-71.12897,42.36022,0.0],[-71.12906,42.36009,0.0],[-71.12926,42.35989,0.0],[-71.12952,42.35972,0.0],[-71.12978,42.35957,0.0],[-71.13036,42.3593,0.0],[-71.13055,42.35922,0.0],[-71.13083,42.35903,0.0],[-71.13099,42.35893,0.0],[-71.13127,42.35873,0.0],[-71.13149,42.3586,0.0],[-71.13162,42.35881,0.0],[-71.13184,42.35874,0.0],[-71.13204,42.35865,0.0],[-71.13217,42.35861,0.0],[-71.13224,42.35859,0.0],[-71.13248,42.35858,0.0],[-71.13308,42.35856,0.0],[-71.1333,42.35859,0.0],[-71.1337,42.35867,0.0],[-71.13516,42.35896,0.0],[-71.13589,42.35911,0.0],[-71.13616,42.35918,0.0],[-71.13644,42.35924,0.0],[-71.13696,42.35932,0.0],[-71.1371,42.35906,0.0],[-71.13717,42.35897,0.0],[-71.13729,42.35887,0.0],[-71.13737,42.35877,0.0],[-71.13747,42.35859,0.0],[-71.13759,42.35834,0.0],[-71.13784,42.35789,0.0],[-71.13798,42.35762,0.0],[-71.13808,42.35743,0.0],[-71.13814,42.35729,0.0],[-71.13819,42.35714,0.0],[-71.1382,42.3571,0.0],[-71.1382,42.35709,0.0],[-71.13831,42.3568,0.0],[-71.13833,42.35676,0.0],[-71.13835,42.35662,0.0],[-71.13836,42.35657,0.0],[-71.13842,42.35632,0.0],[-71.1385,42.35606,0.0],[-71.1386,42.35567,0.0],[-71.13863,42.35545,0.0],[-71.13862,42.35535,0.0],[-71.13861,42.35527,0.0],[-71.13861,42.35518,0.0],[-71.13863,42.35507,0.0],[-71.13882,42.35456,0.0],[-71.13907,42.3538,0.0],[-71.13962,42.35388,0.0],[-71.13993,42.35391,0.0],[-71.14052,42.35398,0.0],[-71.14068,42.35401,0.0],[-71.14166,42.35427,0.0],[-71.14237,42.35445,0.0],[-71.14258,42.3545,0.0],[-71.14335,42.35469,0.0],[-71.1438,42.35481,0.0],[-71.14418,42.3549,0.0],[-71.14516,42.35516,0.0],[-71.14562,42.35528,0.0],[-71.1459,42.35535,0.0],[-71.14612,42.3554,0.0],[-71.14632,42.35545,0.0],[-71.14659,42.35553,0.0],[-71.14754,42.35576,0.0],[-71.14799,42.35587,0.0],[-71.14839,42.35598,0.0],[-71.14841,42.35599,0.0],[-71.14908,42.35616,0.0],[-71.14953,42.35627,0.0],[-71.15099,42.35665,0.0],[-71.1513,42.35673,0.0],[-71.1522,42.35696,0.0],[-71.15295,42.35716,0.0],[-71.15319,42.35723,0.0],[-71.15345,42.35734,0.0],[-71.15376,42.35753,0.0],[-71.15386,42.3576,0.0],[-71.15389,42.35762,0.0],[-71.15396,42.35767,0.0],[-71.15409,42.35777,0.0],[-71.15432,42.35791,0.0],[-71.1545,42.35801,0.0],[-71.15469,42.35815,0.0],[-71.15491,42.35816,0.0],[-71.15563,42.35821,0.0],[-71.15595,42.35823,0.0],[-71.15628,42.35824,0.0],[-71.1566,42.35824,0.0],[-71.15708,42.35824,0.0],[-71.15732,42.35826,0.0],[-71.15754,42.35829,0.0],[-71.15803,42.35843,0.0],[-71.15818,42.35846,0.0],[-71.1583,42.35849,0.0],[-71.1584,42.35851,0.0],[-71.15895,42.3586,0.0],[-71.15939,42.3586,0.0],[-71.1601,42.35858,0.0],[-71.16043,42.35858,0.0],[-71.16054,42.35859,0.0],[-71.16066,42.35861,0.0],[-71.16087,42.35865,0.0],[-71.16048,42.35882,0.0],[-71.16021,42.35891,0.0],[-71.16003,42.35897,0.0],[-71.15979,42.35904,0.0],[-71.15947,42.35909,0.0],[-71.15918,42.35909,0.0],[-71.15893,42.35906,0.0],[-71.15872,42.35901,0.0],[-71.15855,42.35896,0.0],[-71.15835,42.35884,0.0],[-71.15826,42.35878,0.0],[-71.15794,42.35887,0.0],[-71.15765,42.35893,0.0],[-71.15732,42.35897,0.0],[-71.15587,42.35908,0.0],[-71.15478,42.35917,0.0],[-71.15436,42.35925,0.0],[-71.15399,42.35932,0.0],[-71.15369,42.35942,0.0],[-71.15327,42.35957,0.0],[-71.1528,42.35978,0.0],[-71.15245,42.35992,0.0],[-71.1521,42.36003,0.0],[-71.15185,42.36009,0.0],[-71.15115,42.3602,0.0],[-71.15031,42.36031,0.0],[-71.14992,42.36035,0.0],[-71.14941,42.3604,0.0],[-71.14847,42.36053,0.0],[-71.14793,42.36065,0.0],[-71.14722,42.3609,0.0],[-71.14669,42.36121,0.0],[-71.1465,42.36137,0.0],[-71.14639,42.36148,0.0],[-71.14632,42.36155,0.0],[-71.1463,42.36157,0.0],[-71.14617,42.36167,0.0],[-71.14612,42.36172,0.0],[-71.14575,42.36207,0.0],[-71.14537,42.36243,0.0],[-71.14495,42.36273,0.0],[-71.14474,42.36283,0.0],[-71.14451,42.36294,0.0],[-71.14423,42.36303,0.0],[-71.14394,42.3631,0.0],[-71.14342,42.36319,0.0],[-71.142,42.36336,0.0],[-71.14106,42.36348,0.0],[-71.14036,42.36358,0.0],[-71.13995,42.36364,0.0],[-71.13955,42.36371,0.0],[-71.13888,42.36385,0.0],[-71.13765,42.36413,0.0],[-71.13727,42.36424,0.0],[-71.13628,42.36456,0.0],[-71.13545,42.36486,0.0],[-71.13523,42.36494,0.0],[-71.13482,42.3651,0.0],[-71.13417,42.3654,0.0],[-71.13397,42.36549,0.0],[-71.13353,42.36572,0.0],[-71.13316,42.36592,0.0],[-71.1328,42.36614,0.0],[-71.13252,42.36633,0.0],[-71.13216,42.3666,0.0],[-71.1318,42.36692,0.0],[-71.13154,42.3672,0.0],[-71.13134,42.36743,0.0],[-71.13115,42.36768,0.0],[-71.13097,42.36796,0.0],[-71.1308,42.36824,0.0],[-71.13065,42.36854,0.0],[-71.13058,42.36873,0.0],[-71.13053,42.36886,0.0],[-71.13041,42.36926,0.0],[-71.13037,42.36952,0.0],[-71.13033,42.36981,0.0],[-71.13033,42.37004,0.0],[-71.1303,42.37074,0.0],[-71.1303,42.37114,0.0],[-71.13029,42.37199,0.0],[-71.13027,42.37212,0.0],[-71.13026,42.37222,0.0],[-71.13019,42.37243,0.0],[-71.13007,42.37261,0.0],[-71.12995,42.37269,0.0],[-71.12955,42.37272,0.0],[-71.12934,42.37274,0.0],[-71.12881,42.37275,0.0],[-71.12855,42.37274,0.0],[-71.12829,42.37271,0.0],[-71.12809,42.37266,0.0],[-71.1279,42.37261,0.0],[-71.12775,42.37253,0.0],[-71.12756,42.37239,0.0],[-71.12735,42.3722,0.0],[-71.12722,42.37202,0.0],[-71.12718,42.37195,0.0],[-71.12712,42.37183,0.0],[-71.12709,42.37171,0.0],[-71.12704,42.37154,0.0],[-71.12682,42.37028,0.0],[-71.12677,42.37008,0.0],[-71.12666,42.36984,0.0],[-71.12655,42.36969,0.0],[-71.12643,42.36955,0.0],[-71.12627,42.36939,0.0],[-71.12606,42.36924,0.0],[-71.12586,42.36911,0.0],[-71.12558,42.36898,0.0],[-71.12531,42.36887,0.0],[-71.12492,42.36874,0.0],[-71.12442,42.36855,0.0],[-71.12374,42.36833,0.0]]]]}},{"type":"Feature","properties":{"uesi_id":"USA_R2315704","nbhd_code":"USA_R2315704_135","nbhd_name":"14000US25025120301"},"geometry":{"type":"MultiPolygon","coordinates":[[[[-71.09625,42.3125,0.0],[-71.09639,42.3124,0.0],[-71.09658,42.31232,0.0],[-71.09683,42.31225,0.0],[-71.09702,42.31219,0.0],[-71.09709,42.31216,0.0],[-71.0973,42.31202,0.0],[-71.09749,42.31187,0.0],[-71.09764,42.31169,0.0],[-71.09775,42.31155,0.0],[-71.0978,42.31143,0.0],[-71.09783,42.31127,0.0],[-71.09785,42.31108,0.0],[-71.09786,42.31094,0.0],[-71.09787,42.31059,0.0],[-71.09787,42.31045,0.0],[-71.0979,42.31022,0.0],[-71.09793,42.31004,0.0],[-71.09798,42.30989,0.0],[-71.09807,42.30973,0.0],[-71.09819,42.30959,0.0],[-71.09832,42.30951,0.0],[-71.09854,42.3094,0.0],[-71.0989,42.30925,0.0],[-71.09906,42.3092,0.0],[-71.09904,42.30889,0.0],[-71.10006,42.30821,0.0],[-71.09995,42.30791,0.0],[-71.10025,42.30801,0.0],[-71.10045,42.30751,0.0],[-71.10019,42.30736,0.0],[-71.10064,42.3062,0.0],[-71.10149,42.3064,0.0],[-71.10173,42.30588,0.0],[-71.10244,42.30601,0.0],[-71.1027,42.30604,0.0],[-71.10272,42.30643,0.0],[-71.10272,42.30664,0.0],[-71.1027,42.30685,0.0],[-71.10263,42.30727,0.0],[-71.10257,42.30766,0.0],[-71.10255,42.3078,0.0],[-71.10254,42.30829,0.0],[-71.10254,42.30848,0.0],[-71.10254,42.30862,0.0],[-71.10251,42.30875,0.0],[-71.10245,42.30889,0.0],[-71.10295,42.30901,0.0],[-71.10437,42.30939,0.0],[-71.10456,42.30944,0.0],[-71.10489,42.30957,0.0],[-71.10541,42.3098,0.0],[-71.10565,42.30989,0.0],[-71.10611,42.3101,0.0],[-71.10617,42.31013,0.0],[-71.10644,42.31024,0.0],[-71.107,42.31047,0.0],[-71.10735,42.31063,0.0],[-71.10699,42.31116,0.0],[-71.10661,42.31175,0.0],[-71.10629,42.31234,0.0],[-71.10609,42.3128,0.0],[-71.10579,42.31345,0.0],[-71.10538,42.31465,0.0],[-71.1052,42.31512,0.0],[-71.10506,42.3155,0.0],[-71.10494,42.3158,0.0],[-71.10462,42.3167,0.0],[-71.10448,42.31703,0.0],[-71.10421,42.31746,0.0],[-71.10397,42.31787,0.0],[-71.10368,42.3183,0.0],[-71.10343,42.31867,0.0],[-71.10294,42.31931,0.0],[-71.10292,42.31929,0.0],[-71.10258,42.31906,0.0],[-71.10151,42.31839,0.0],[-71.10136,42.3183,0.0],[-71.10125,42.31826,0.0],[-71.10119,42.31822,0.0],[-71.10076,42.31782,0.0],[-71.10033,42.31738,0.0],[-71.10004,42.31712,0.0],[-71.09969,42.31674,0.0],[-71.09962,42.31668,0.0],[-71.09944,42.31652,0.0],[-71.09895,42.31609,0.0],[-71.09845,42.31565,0.0],[-71.09864,42.31546,0.0],[-71.09897,42.31513,0.0],[-71.09916,42.31495,0.0],[-71.09948,42.31461,0.0],[-71.09942,42.31456,0.0],[-71.09919,42.31436,0.0],[-71.099,42.31424,0.0],[-71.09875,42.31408,0.0],[-71.09842,42.31387,0.0],[-71.09818,42.31372,0.0],[-71.09797,42.3136,0.0],[-71.09757,42.31334,0.0],[-71.0973,42.31317,0.0],[-71.09677,42.31284,0.0],[-71.09625,42.3125,0.0]]]]}},{"type":"Feature","properties":{"uesi_id":"USA_R2315704","nbhd_code":"USA_R2315704_136","nbhd_name":"14000US25025071201"},"geometry":{"type":"MultiPolygon","coordinates":[[[[-71.06245,42.343,0.0],[-71.06282,42.34217,0.0],[-71.06306,42.34151,0.0],[-71.06309,42.34145,0.0],[-71.06342,42.34081,0.0],[-71.06406,42.33963,0.0],[-71.06429,42.33923,0.0],[-71.06468,42.33854,0.0],[-71.06475,42.33841,0.0],[-71.06481,42.3383,0.0],[-71.06511,42.33763,0.0],[-71.06536,42.33707,0.0],[-71.06547,42.3367,0.0],[-71.06551,42.3365,0.0],[-71.06553,42.33615,0.0],[-71.06552,42.33585,0.0],[-71.06547,42.3356,0.0],[-71.06542,42.33541,0.0],[-71.06562,42.3354,0.0],[-71.06663,42.33535,0.0],[-71.06761,42.33525,0.0],[-71.06792,42.33519,0.0],[-71.0681,42.33516,0.0],[-71.06839,42.33508,0.0],[-71.06877,42.33492,0.0],[-71.06922,42.33479,0.0],[-71.06866,42.33505,0.0],[-71.06816,42.33537,0.0],[-71.06786,42.33551,0.0],[-71.06765,42.33559,0.0],[-71.06902,42.3367,0.0],[-71.06835,42.33718,0.0],[-71.06865,42.33743,0.0],[-71.06919,42.33787,0.0],[-71.06977,42.33834,0.0],[-71.06998,42.3385,0.0],[-71.07037,42.33879,0.0],[-71.07084,42.3384,0.0],[-71.07095,42.33831,0.0],[-71.07115,42.33847,0.0],[-71.07126,42.33857,0.0],[-71.07158,42.33883,0.0],[-71.07177,42.33899,0.0],[-71.07194,42.33914,0.0],[-71.07239,42.3395,0.0],[-71.0725,42.33962,0.0],[-71.07183,42.34006,0.0],[-71.07243,42.34049,0.0],[-71.07253,42.34055,0.0],[-71.07275,42.34085,0.0],[-71.07208,42.34129,0.0],[-71.07197,42.3412,0.0],[-71.07185,42.34111,0.0],[-71.0718,42.34109,0.0],[-71.07131,42.34067,0.0],[-71.07109,42.34055,0.0],[-71.07071,42.3408,0.0],[-71.07007,42.34117,0.0],[-71.06983,42.34128,0.0],[-71.06967,42.34135,0.0],[-71.06878,42.34167,0.0],[-71.06851,42.34178,0.0],[-71.06833,42.34186,0.0],[-71.06829,42.34189,0.0],[-71.06808,42.34202,0.0],[-71.06793,42.34213,0.0],[-71.06774,42.34228,0.0],[-71.06758,42.34241,0.0],[-71.06748,42.34249,0.0],[-71.0672,42.34271,0.0],[-71.06705,42.34284,0.0],[-71.06682,42.34303,0.0],[-71.06635,42.34342,0.0],[-71.06606,42.34374,0.0],[-71.06593,42.34394,0.0],[-71.06536,42.34378,0.0],[-71.06483,42.34364,0.0],[-71.06441,42.34351,0.0],[-71.06402,42.3434,0.0],[-71.0625,42.34301,0.0],[-71.06245,42.343,0.0]]]]}},{"type":"Feature","properties":{"uesi_id":"USA_R2315704","nbhd_code":"USA_R2315704_137","nbhd_name":"14000US25025091001"},"geometry":{"type":"MultiPolygon","coordinates":[[[[-71.05093,42.32088,0.0],[-71.05065,42.3204,0.0],[-71.04985,42.31894,0.0],[-71.04979,42.31874,0.0],[-71.04963,42.31842,0.0],[-71.0492,42.3176,0.0],[-71.04885,42.31697,0.0],[-71.0483,42.31595,0.0],[-71.04821,42.31579,0.0],[-71.04808,42.3155,0.0],[-71.0479,42.31507,0.0],[-71.04779,42.31483,0.0],[-71.04776,42.31476,0.0],[-71.04754,42.31438,0.0],[-71.04725,42.31395,0.0],[-71.04701,42.3136,0.0],[-71.04673,42.31307,0.0],[-71.0467,42.31302,0.0],[-71.04684,42.31304,0.0],[-71.04692,42.31307,0.0],[-71.04698,42.31309,0.0],[-71.04759,42.31356,0.0],[-71.04784,42.31371,0.0],[-71.04805,42.3138,0.0],[-71.04816,42.31382,0.0],[-71.04835,42.31382,0.0],[-71.0487,42.31374,0.0],[-71.04887,42.31364,0.0],[-71.04893,42.31356,0.0],[-71.04893,42.31349,0.0],[-71.04883,42.31341,0.0],[-71.04863,42.31336,0.0],[-71.04829,42.31334,0.0],[-71.0481,42.3133,0.0],[-71.04792,42.31315,0.0],[-71.04779,42.31295,0.0],[-71.04764,42.31284,0.0],[-71.04723,42.31271,0.0],[-71.04709,42.3127,0.0],[-71.04687,42.31283,0.0],[-71.04678,42.31283,0.0],[-71.04669,42.31283,0.0],[-71.04659,42.31281,0.0],[-71.04659,42.31281,0.0],[-71.04637,42.31281,0.0],[-71.04614,42.31281,0.0],[-71.04602,42.31276,0.0],[-71.04575,42.31255,0.0],[-71.0457,42.31249,0.0],[-71.0457,42.31238,0.0],[-71.04567,42.31236,0.0],[-71.04564,42.31235,0.0],[-71.04533,42.31246,0.0],[-71.04515,42.31246,0.0],[-71.04479,42.31222,0.0],[-71.04449,42.31194,0.0],[-71.04401,42.31141,0.0],[-71.04392,42.31123,0.0],[-71.04392,42.3111,0.0],[-71.04406,42.3109,0.0],[-71.04431,42.31073,0.0],[-71.04455,42.31067,0.0],[-71.04489,42.31067,0.0],[-71.045,42.31062,0.0],[-71.04494,42.31043,0.0],[-71.04499,42.31022,0.0],[-71.04488,42.31015,0.0],[-71.04398,42.31014,0.0],[-71.04317,42.31034,0.0],[-71.04277,42.31035,0.0],[-71.04255,42.3103,0.0],[-71.04239,42.31017,0.0],[-71.04238,42.31016,0.0],[-71.04235,42.30998,0.0],[-71.04238,42.30991,0.0],[-71.04252,42.30975,0.0],[-71.04266,42.30966,0.0],[-71.04332,42.30943,0.0],[-71.04358,42.30928,0.0],[-71.04368,42.30922,0.0],[-71.04385,42.30919,0.0],[-71.04413,42.30919,0.0],[-71.0444,42.30912,0.0],[-71.04467,42.30893,0.0],[-71.04507,42.30851,0.0],[-71.04549,42.30794,0.0],[-71.04586,42.3073,0.0],[-71.04597,42.30694,0.0],[-71.04619,42.30673,0.0],[-71.04629,42.30645,0.0],[-71.0464,42.306,0.0],[-71.04645,42.30553,0.0],[-71.04658,42.30521,0.0],[-71.04673,42.30497,0.0],[-71.04698,42.30466,0.0],[-71.04714,42.3045,0.0],[-71.04727,42.3044,0.0],[-71.04734,42.3044,0.0],[-71.04748,42.30443,0.0],[-71.04762,42.30447,0.0],[-71.04781,42.30451,0.0],[-71.04785,42.30454,0.0],[-71.04791,42.30458,0.0],[-71.04809,42.30486,0.0],[-71.04809,42.30499,0.0],[-71.04798,42.30561,0.0],[-71.04796,42.30599,0.0],[-71.04793,42.30609,0.0],[-71.04784,42.30618,0.0],[-71.04782,42.30649,0.0],[-71.04774,42.30668,0.0],[-71.04765,42.30685,0.0],[-71.04763,42.30715,0.0],[-71.04776,42.30733,0.0],[-71.04777,42.30741,0.0],[-71.04792,42.30753,0.0],[-71.04822,42.30767,0.0],[-71.04848,42.30776,0.0],[-71.04911,42.30792,0.0],[-71.05017,42.30788,0.0],[-71.05088,42.30795,0.0],[-71.05156,42.30801,0.0],[-71.05196,42.30801,0.0],[-71.05241,42.30794,0.0],[-71.05299,42.30778,0.0],[-71.05318,42.30766,0.0],[-71.05327,42.30749,0.0],[-71.0533,42.30734,0.0],[-71.0533,42.3071,0.0],[-71.05323,42.3067,0.0],[-71.05317,42.30662,0.0],[-71.05312,42.3066,0.0],[-71.05303,42.30657,0.0],[-71.05304,42.30643,0.0],[-71.05308,42.3064,0.0],[-71.05324,42.30641,0.0],[-71.05349,42.30643,0.0],[-71.05319,42.30566,0.0],[-71.05295,42.30526,0.0],[-71.05272,42.30492,0.0],[-71.05237,42.30452,0.0],[-71.05186,42.30407,0.0],[-71.05159,42.30382,0.0],[-71.05085,42.30319,0.0],[-71.05021,42.30262,0.0],[-71.04946,42.30192,0.0],[-71.04933,42.30203,0.0],[-71.04927,42.30212,0.0],[-71.04884,42.30292,0.0],[-71.04856,42.30316,0.0],[-71.04843,42.30332,0.0],[-71.04834,42.30331,0.0],[-71.04818,42.30328,0.0],[-71.0481,42.30325,0.0],[-71.04804,42.30324,0.0],[-71.04807,42.30316,0.0],[-71.04822,42.30315,0.0],[-71.04824,42.30314,0.0],[-71.04838,42.30286,0.0],[-71.04863,42.3024,0.0],[-71.04893,42.3019,0.0],[-71.04914,42.30145,0.0],[-71.0492,42.30135,0.0],[-71.04927,42.30121,0.0],[-71.04946,42.30083,0.0],[-71.04982,42.30103,0.0],[-71.05032,42.3013,0.0],[-71.05078,42.30155,0.0],[-71.05105,42.30176,0.0],[-71.0513,42.30199,0.0],[-71.05159,42.30222,0.0],[-71.052,42.30251,0.0],[-71.05256,42.30295,0.0],[-71.05333,42.30337,0.0],[-71.05384,42.30363,0.0],[-71.05428,42.30385,0.0],[-71.05532,42.30429,0.0],[-71.05543,42.30433,0.0],[-71.05551,42.30436,0.0],[-71.05556,42.30437,0.0],[-71.05587,42.30448,0.0],[-71.05597,42.30453,0.0],[-71.05623,42.30467,0.0],[-71.05656,42.30487,0.0],[-71.05692,42.30512,0.0],[-71.05723,42.30535,0.0],[-71.05739,42.30549,0.0],[-71.05742,42.30552,0.0],[-71.05754,42.3057,0.0],[-71.05758,42.30583,0.0],[-71.0576,42.30595,0.0],[-71.05757,42.30629,0.0],[-71.05757,42.30649,0.0],[-71.05759,42.30666,0.0],[-71.05761,42.30677,0.0],[-71.05773,42.30701,0.0],[-71.05782,42.3071,0.0],[-71.05822,42.30748,0.0],[-71.05824,42.30753,0.0],[-71.0584,42.30769,0.0],[-71.05842,42.30759,0.0],[-71.05872,42.30759,0.0],[-71.05881,42.30759,0.0],[-71.05923,42.30761,0.0],[-71.05929,42.30775,0.0],[-71.05942,42.308,0.0],[-71.0595,42.30807,0.0],[-71.05965,42.30816,0.0],[-71.05984,42.30825,0.0],[-71.05997,42.30833,0.0],[-71.06006,42.30841,0.0],[-71.06016,42.30851,0.0],[-71.06031,42.30866,0.0],[-71.06043,42.30874,0.0],[-71.0606,42.3088,0.0],[-71.06067,42.30881,0.0],[-71.0608,42.30883,0.0],[-71.06094,42.30883,0.0],[-71.06109,42.30881,0.0],[-71.06139,42.30875,0.0],[-71.06127,42.30908,0.0],[-71.06103,42.30962,0.0],[-71.061,42.30969,0.0],[-71.06083,42.31007,0.0],[-71.06075,42.31021,0.0],[-71.06045,42.31011,0.0],[-71.06022,42.31008,0.0],[-71.06006,42.31009,0.0],[-71.05999,42.31011,0.0],[-71.05989,42.31016,0.0],[-71.05981,42.3102,0.0],[-71.05977,42.31025,0.0],[-71.05957,42.31056,0.0],[-71.05951,42.31069,0.0],[-71.05943,42.31089,0.0],[-71.05938,42.31105,0.0],[-71.05926,42.31142,0.0],[-71.05893,42.31248,0.0],[-71.05888,42.31266,0.0],[-71.05888,42.31278,0.0],[-71.05865,42.31281,0.0],[-71.0581,42.31286,0.0],[-71.05803,42.31287,0.0],[-71.05775,42.3129,0.0],[-71.05721,42.31297,0.0],[-71.05654,42.31294,0.0],[-71.05621,42.3129,0.0],[-71.05602,42.31287,0.0],[-71.05597,42.31285,0.0],[-71.05565,42.3127,0.0],[-71.05539,42.31258,0.0],[-71.05527,42.3125,0.0],[-71.05498,42.31234,0.0],[-71.05442,42.312,0.0],[-71.0541,42.31182,0.0],[-71.05367,42.31161,0.0],[-71.05325,42.3114,0.0],[-71.05315,42.31134,0.0],[-71.05286,42.31204,0.0],[-71.05246,42.31305,0.0],[-71.05217,42.31385,0.0],[-71.05206,42.31435,0.0],[-71.052,42.31466,0.0],[-71.05198,42.31498,0.0],[-71.052,42.31554,0.0],[-71.05206,42.31619,0.0],[-71.05212,42.31724,0.0],[-71.05214,42.31789,0.0],[-71.05217,42.31882,0.0],[-71.05217,42.31903,0.0],[-71.05215,42.31935,0.0],[-71.05214,42.31963,0.0],[-71.05212,42.31984,0.0],[-71.05216,42.32006,0.0],[-71.05225,42.32068,0.0],[-71.05231,42.32101,0.0],[-71.05239,42.32126,0.0],[-71.05246,42.32147,0.0],[-71.05229,42.32147,0.0],[-71.05209,42.32148,0.0],[-71.05204,42.32147,0.0],[-71.05199,42.32147,0.0],[-71.05175,42.32168,0.0],[-71.05165,42.32172,0.0],[-71.05164,42.32165,0.0],[-71.05158,42.32155,0.0],[-71.05151,42.32149,0.0],[-71.05137,42.32142,0.0],[-71.05125,42.32132,0.0],[-71.05113,42.3212,0.0],[-71.05104,42.32108,0.0],[-71.05093,42.32088,0.0]]]]}},{"type":"Feature","properties":{"uesi_id":"USA_R2315704","nbhd_code":"USA_R2315704_138","nbhd_name":"14000US25025091500"},"geometry":{"type":"MultiPolygon","coordinates":[[[[-71.05888,42.31278,0.0],[-71.05888,42.31266,0.0],[-71.05893,42.31248,0.0],[-71.05926,42.31142,0.0],[-71.05938,42.31105,0.0],[-71.05943,42.31089,0.0],[-71.05951,42.31069,0.0],[-71.05957,42.31056,0.0],[-71.05977,42.31025,0.0],[-71.05981,42.3102,0.0],[-71.05989,42.31016,0.0],[-71.05999,42.31011,0.0],[-71.06006,42.31009,0.0],[-71.06022,42.31008,0.0],[-71.06045,42.31011,0.0],[-71.06075,42.31021,0.0],[-71.06083,42.31007,0.0],[-71.061,42.30969,0.0],[-71.06103,42.30962,0.0],[-71.06127,42.30908,0.0],[-71.06139,42.30875,0.0],[-71.06197,42.30869,0.0],[-71.06257,42.30861,0.0],[-71.06325,42.30854,0.0],[-71.06373,42.30847,0.0],[-71.06381,42.30844,0.0],[-71.06391,42.30836,0.0],[-71.06403,42.30826,0.0],[-71.0643,42.30818,0.0],[-71.06458,42.30812,0.0],[-71.06503,42.30809,0.0],[-71.06515,42.30812,0.0],[-71.06523,42.30817,0.0],[-71.06544,42.30835,0.0],[-71.0657,42.3086,0.0],[-71.0663,42.30917,0.0],[-71.06642,42.3093,0.0],[-71.06674,42.3096,0.0],[-71.06697,42.30978,0.0],[-71.06717,42.30991,0.0],[-71.06743,42.31006,0.0],[-71.06784,42.31031,0.0],[-71.06824,42.31058,0.0],[-71.06842,42.31067,0.0],[-71.0687,42.31077,0.0],[-71.06898,42.31085,0.0],[-71.06919,42.31092,0.0],[-71.06958,42.31109,0.0],[-71.06969,42.31114,0.0],[-71.07002,42.31128,0.0],[-71.07022,42.31134,0.0],[-71.06994,42.3115,0.0],[-71.06972,42.31165,0.0],[-71.0693,42.31199,0.0],[-71.06873,42.3125,0.0],[-71.06864,42.31258,0.0],[-71.0685,42.31273,0.0],[-71.06824,42.3132,0.0],[-71.0679,42.31377,0.0],[-71.06743,42.31461,0.0],[-71.06722,42.31462,0.0],[-71.06687,42.31467,0.0],[-71.06675,42.31469,0.0],[-71.06639,42.31474,0.0],[-71.06606,42.31481,0.0],[-71.06586,42.31484,0.0],[-71.06564,42.31486,0.0],[-71.06517,42.31483,0.0],[-71.0646,42.31478,0.0],[-71.06457,42.31464,0.0],[-71.06452,42.31449,0.0],[-71.06442,42.31433,0.0],[-71.0643,42.31419,0.0],[-71.06421,42.31411,0.0],[-71.06411,42.31404,0.0],[-71.064,42.31398,0.0],[-71.06377,42.31389,0.0],[-71.06326,42.3137,0.0],[-71.06301,42.3136,0.0],[-71.06237,42.31334,0.0],[-71.06147,42.31297,0.0],[-71.06074,42.31268,0.0],[-71.0604,42.31256,0.0],[-71.06023,42.31252,0.0],[-71.06027,42.31268,0.0],[-71.06031,42.31281,0.0],[-71.06039,42.31295,0.0],[-71.06041,42.31301,0.0],[-71.0604,42.31311,0.0],[-71.06014,42.31304,0.0],[-71.05955,42.31289,0.0],[-71.05915,42.3128,0.0],[-71.05896,42.31278,0.0],[-71.05888,42.31278,0.0]]]]}},{"type":"Feature","properties":{"uesi_id":"USA_R2315704","nbhd_code":"USA_R2315704_139","nbhd_name":"14000US25025091400"},"geometry":{"type":"MultiPolygon","coordinates":[[[[-71.0652,42.31708,0.0],[-71.06547,42.31692,0.0],[-71.06558,42.31683,0.0],[-71.06612,42.3162,0.0],[-71.0664,42.31589,0.0],[-71.0666,42.31566,0.0],[-71.06677,42.31546,0.0],[-71.06715,42.315,0.0],[-71.06743,42.31461,0.0],[-71.0679,42.31377,0.0],[-71.06824,42.3132,0.0],[-71.0685,42.31273,0.0],[-71.06864,42.31258,0.0],[-71.06873,42.3125,0.0],[-71.0693,42.31199,0.0],[-71.06972,42.31165,0.0],[-71.06994,42.3115,0.0],[-71.07022,42.31134,0.0],[-71.07039,42.31141,0.0],[-71.07093,42.31162,0.0],[-71.0713,42.31176,0.0],[-71.07151,42.31185,0.0],[-71.07162,42.31189,0.0],[-71.07193,42.31199,0.0],[-71.0722,42.31204,0.0],[-71.07279,42.31216,0.0],[-71.07317,42.31223,0.0],[-71.07305,42.31238,0.0],[-71.07261,42.31295,0.0],[-71.07223,42.31342,0.0],[-71.07214,42.31367,0.0],[-71.07298,42.31368,0.0],[-71.07321,42.31369,0.0],[-71.07315,42.31423,0.0],[-71.07312,42.31442,0.0],[-71.07308,42.31472,0.0],[-71.07303,42.31552,0.0],[-71.07299,42.31583,0.0],[-71.07296,42.31601,0.0],[-71.07284,42.31648,0.0],[-71.07283,42.31655,0.0],[-71.07283,42.31667,0.0],[-71.07285,42.31674,0.0],[-71.07293,42.31687,0.0],[-71.07301,42.31704,0.0],[-71.07279,42.31721,0.0],[-71.0724,42.31749,0.0],[-71.07218,42.31764,0.0],[-71.072,42.31775,0.0],[-71.07192,42.31778,0.0],[-71.07183,42.31779,0.0],[-71.07174,42.31779,0.0],[-71.07168,42.31779,0.0],[-71.07151,42.31775,0.0],[-71.07039,42.31745,0.0],[-71.07017,42.31794,0.0],[-71.06998,42.31835,0.0],[-71.0697,42.31896,0.0],[-71.0691,42.31874,0.0],[-71.06875,42.3186,0.0],[-71.06824,42.31841,0.0],[-71.06797,42.3183,0.0],[-71.06743,42.31807,0.0],[-71.06724,42.31799,0.0],[-71.06684,42.31782,0.0],[-71.06656,42.31769,0.0],[-71.06622,42.31755,0.0],[-71.06542,42.31719,0.0],[-71.0652,42.31708,0.0]]]]}},{"type":"Feature","properties":{"uesi_id":"USA_R2315704","nbhd_code":"USA_R2315704_140","nbhd_name":"14000US25025091300"},"geometry":{"type":"MultiPolygon","coordinates":[[[[-71.06148,42.32051,0.0],[-71.06176,42.32041,0.0],[-71.06211,42.3202,0.0],[-71.06252,42.3199,0.0],[-71.06268,42.31975,0.0],[-71.06285,42.31957,0.0],[-71.06316,42.3192,0.0],[-71.06357,42.31863,0.0],[-71.06372,42.31842,0.0],[-71.06398,42.31805,0.0],[-71.06416,42.3178,0.0],[-71.06431,42.31765,0.0],[-71.06464,42.31738,0.0],[-71.06486,42.31725,0.0],[-71.0652,42.31708,0.0],[-71.06542,42.31719,0.0],[-71.06622,42.31755,0.0],[-71.06656,42.31769,0.0],[-71.06684,42.31782,0.0],[-71.06724,42.31799,0.0],[-71.06743,42.31807,0.0],[-71.06797,42.3183,0.0],[-71.06824,42.31841,0.0],[-71.06875,42.3186,0.0],[-71.0691,42.31874,0.0],[-71.0697,42.31896,0.0],[-71.06997,42.31905,0.0],[-71.0702,42.31916,0.0],[-71.07036,42.31925,0.0],[-71.07046,42.31933,0.0],[-71.07067,42.31956,0.0],[-71.07087,42.31979,0.0],[-71.07128,42.32017,0.0],[-71.07193,42.32076,0.0],[-71.07203,42.32087,0.0],[-71.07209,42.32096,0.0],[-71.07215,42.32106,0.0],[-71.07218,42.32117,0.0],[-71.0722,42.32137,0.0],[-71.07174,42.32141,0.0],[-71.07139,42.32144,0.0],[-71.07056,42.32153,0.0],[-71.07011,42.32157,0.0],[-71.06984,42.32158,0.0],[-71.0697,42.32157,0.0],[-71.06948,42.32153,0.0],[-71.0692,42.32147,0.0],[-71.06894,42.32141,0.0],[-71.06854,42.32135,0.0],[-71.06852,42.32134,0.0],[-71.06811,42.32129,0.0],[-71.06806,42.32129,0.0],[-71.06751,42.32331,0.0],[-71.06691,42.32259,0.0],[-71.06648,42.3221,0.0],[-71.06609,42.32165,0.0],[-71.06594,42.32151,0.0],[-71.06576,42.32138,0.0],[-71.0656,42.3213,0.0],[-71.0655,42.32127,0.0],[-71.06538,42.32124,0.0],[-71.06443,42.32112,0.0],[-71.06359,42.32104,0.0],[-71.06333,42.32102,0.0],[-71.06315,42.32099,0.0],[-71.06293,42.32092,0.0],[-71.06213,42.32057,0.0],[-71.06187,42.32049,0.0],[-71.06172,42.32048,0.0],[-71.06148,42.32051,0.0]]]]}},{"type":"Feature","properties":{"uesi_id":"USA_R2315704","nbhd_code":"USA_R2315704_141","nbhd_name":"14000US25025091200"},"geometry":{"type":"MultiPolygon","coordinates":[[[[-71.05883,42.31861,0.0],[-71.0589,42.31845,0.0],[-71.05897,42.31813,0.0],[-71.05905,42.31781,0.0],[-71.05911,42.31759,0.0],[-71.05921,42.31726,0.0],[-71.05937,42.31673,0.0],[-71.05946,42.31649,0.0],[-71.05954,42.31621,0.0],[-71.05962,42.31599,0.0],[-71.05972,42.31567,0.0],[-71.05986,42.31523,0.0],[-71.05997,42.31489,0.0],[-71.06002,42.31475,0.0],[-71.06003,42.31467,0.0],[-71.06003,42.31458,0.0],[-71.06002,42.31443,0.0],[-71.05996,42.31427,0.0],[-71.05987,42.31418,0.0],[-71.05961,42.31399,0.0],[-71.05943,42.31386,0.0],[-71.05933,42.31376,0.0],[-71.05922,42.31353,0.0],[-71.05901,42.31306,0.0],[-71.05892,42.31291,0.0],[-71.05889,42.31282,0.0],[-71.05888,42.31278,0.0],[-71.05896,42.31278,0.0],[-71.05915,42.3128,0.0],[-71.05955,42.31289,0.0],[-71.06014,42.31304,0.0],[-71.0604,42.31311,0.0],[-71.06041,42.31301,0.0],[-71.06039,42.31295,0.0],[-71.06031,42.31281,0.0],[-71.06027,42.31268,0.0],[-71.06023,42.31252,0.0],[-71.0604,42.31256,0.0],[-71.06074,42.31268,0.0],[-71.06147,42.31297,0.0],[-71.06237,42.31334,0.0],[-71.06301,42.3136,0.0],[-71.06326,42.3137,0.0],[-71.06377,42.31389,0.0],[-71.064,42.31398,0.0],[-71.06411,42.31404,0.0],[-71.06421,42.31411,0.0],[-71.0643,42.31419,0.0],[-71.06442,42.31433,0.0],[-71.06452,42.31449,0.0],[-71.06457,42.31464,0.0],[-71.0646,42.31478,0.0],[-71.06517,42.31483,0.0],[-71.06564,42.31486,0.0],[-71.06586,42.31484,0.0],[-71.06606,42.31481,0.0],[-71.06639,42.31474,0.0],[-71.06675,42.31469,0.0],[-71.06687,42.31467,0.0],[-71.06722,42.31462,0.0],[-71.06743,42.31461,0.0],[-71.06715,42.315,0.0],[-71.06677,42.31546,0.0],[-71.0666,42.31566,0.0],[-71.0664,42.31589,0.0],[-71.06612,42.3162,0.0],[-71.06558,42.31683,0.0],[-71.06547,42.31692,0.0],[-71.0652,42.31708,0.0],[-71.06486,42.31725,0.0],[-71.06464,42.31738,0.0],[-71.06431,42.31765,0.0],[-71.06416,42.3178,0.0],[-71.06398,42.31805,0.0],[-71.06372,42.31842,0.0],[-71.06357,42.31863,0.0],[-71.06316,42.3192,0.0],[-71.06285,42.31957,0.0],[-71.06268,42.31975,0.0],[-71.06252,42.3199,0.0],[-71.06211,42.3202,0.0],[-71.06176,42.32041,0.0],[-71.06148,42.32051,0.0],[-71.06123,42.32021,0.0],[-71.06085,42.31992,0.0],[-71.06024,42.31943,0.0],[-71.0601,42.31929,0.0],[-71.05974,42.31901,0.0],[-71.0596,42.31888,0.0],[-71.05945,42.31878,0.0],[-71.05927,42.3187,0.0],[-71.05912,42.31866,0.0],[-71.05883,42.31861,0.0]]]]}},{"type":"Feature","properties":{"uesi_id":"USA_R2315704","nbhd_code":"USA_R2315704_142","nbhd_name":"14000US25025091100"},"geometry":{"type":"MultiPolygon","coordinates":[[[[-71.05888,42.31278,0.0],[-71.05889,42.31282,0.0],[-71.05892,42.31291,0.0],[-71.05901,42.31306,0.0],[-71.05922,42.31353,0.0],[-71.05933,42.31376,0.0],[-71.05943,42.31386,0.0],[-71.05961,42.31399,0.0],[-71.05987,42.31418,0.0],[-71.05996,42.31427,0.0],[-71.06002,42.31443,0.0],[-71.06003,42.31458,0.0],[-71.06003,42.31467,0.0],[-71.06002,42.31475,0.0],[-71.05997,42.31489,0.0],[-71.05986,42.31523,0.0],[-71.05972,42.31567,0.0],[-71.05962,42.31599,0.0],[-71.05954,42.31621,0.0],[-71.05946,42.31649,0.0],[-71.05937,42.31673,0.0],[-71.05921,42.31726,0.0],[-71.05911,42.31759,0.0],[-71.05905,42.31781,0.0],[-71.05897,42.31813,0.0],[-71.0589,42.31845,0.0],[-71.05883,42.31861,0.0],[-71.05879,42.31867,0.0],[-71.05872,42.31875,0.0],[-71.05862,42.3187,0.0],[-71.05762,42.31851,0.0],[-71.05736,42.31849,0.0],[-71.0571,42.31849,0.0],[-71.05673,42.3185,0.0],[-71.05672,42.31867,0.0],[-71.05633,42.31876,0.0],[-71.05595,42.31884,0.0],[-71.05576,42.31888,0.0],[-71.05552,42.31891,0.0],[-71.05516,42.31894,0.0],[-71.05486,42.31896,0.0],[-71.05447,42.31897,0.0],[-71.05392,42.31896,0.0],[-71.05385,42.31895,0.0],[-71.05365,42.31896,0.0],[-71.05351,42.31897,0.0],[-71.05339,42.319,0.0],[-71.05317,42.31908,0.0],[-71.05306,42.31913,0.0],[-71.05295,42.3192,0.0],[-71.05275,42.31931,0.0],[-71.05257,42.31937,0.0],[-71.05253,42.31941,0.0],[-71.05244,42.31947,0.0],[-71.05232,42.31962,0.0],[-71.05221,42.31975,0.0],[-71.05212,42.31984,0.0],[-71.05214,42.31963,0.0],[-71.05215,42.31935,0.0],[-71.05217,42.31903,0.0],[-71.05217,42.31882,0.0],[-71.05214,42.31789,0.0],[-71.05212,42.31724,0.0],[-71.05206,42.31619,0.0],[-71.052,42.31554,0.0],[-71.05198,42.31498,0.0],[-71.052,42.31466,0.0],[-71.05206,42.31435,0.0],[-71.05217,42.31385,0.0],[-71.05246,42.31305,0.0],[-71.05286,42.31204,0.0],[-71.05315,42.31134,0.0],[-71.05325,42.3114,0.0],[-71.05367,42.31161,0.0],[-71.0541,42.31182,0.0],[-71.05442,42.312,0.0],[-71.05498,42.31234,0.0],[-71.05527,42.3125,0.0],[-71.05539,42.31258,0.0],[-71.05565,42.3127,0.0],[-71.05597,42.31285,0.0],[-71.05602,42.31287,0.0],[-71.05621,42.3129,0.0],[-71.05654,42.31294,0.0],[-71.05721,42.31297,0.0],[-71.05775,42.3129,0.0],[-71.05803,42.31287,0.0],[-71.0581,42.31286,0.0],[-71.05865,42.31281,0.0],[-71.05888,42.31278,0.0]]]]}},{"type":"Feature","properties":{"uesi_id":"USA_R2315704","nbhd_code":"USA_R2315704_143","nbhd_name":"14000US25025090700"},"geometry":{"type":"MultiPolygon","coordinates":[[[[-71.05692,42.32804,0.0],[-71.0569,42.32738,0.0],[-71.05687,42.32688,0.0],[-71.05685,42.3263,0.0],[-71.05593,42.32557,0.0],[-71.05513,42.32502,0.0],[-71.0543,42.32443,0.0],[-71.05379,42.324,0.0],[-71.05329,42.32345,0.0],[-71.05316,42.32328,0.0],[-71.0529,42.32288,0.0],[-71.0527,42.32235,0.0],[-71.05258,42.32194,0.0],[-71.05246,42.32147,0.0],[-71.05239,42.32126,0.0],[-71.05231,42.32101,0.0],[-71.05225,42.32068,0.0],[-71.05216,42.32006,0.0],[-71.05212,42.31984,0.0],[-71.05221,42.31975,0.0],[-71.05232,42.31962,0.0],[-71.05244,42.31947,0.0],[-71.05253,42.31941,0.0],[-71.05257,42.31937,0.0],[-71.05275,42.31931,0.0],[-71.05295,42.3192,0.0],[-71.05306,42.31913,0.0],[-71.05317,42.31908,0.0],[-71.05339,42.319,0.0],[-71.05351,42.31897,0.0],[-71.05365,42.31896,0.0],[-71.05385,42.31895,0.0],[-71.05392,42.31896,0.0],[-71.05447,42.31897,0.0],[-71.05486,42.31896,0.0],[-71.05516,42.31894,0.0],[-71.05552,42.31891,0.0],[-71.05576,42.31888,0.0],[-71.05595,42.31884,0.0],[-71.05633,42.31876,0.0],[-71.05672,42.31867,0.0],[-71.05673,42.3185,0.0],[-71.0571,42.31849,0.0],[-71.05736,42.31849,0.0],[-71.05762,42.31851,0.0],[-71.05862,42.3187,0.0],[-71.05872,42.31875,0.0],[-71.05879,42.31867,0.0],[-71.05883,42.31861,0.0],[-71.05912,42.31866,0.0],[-71.05927,42.3187,0.0],[-71.05945,42.31878,0.0],[-71.0596,42.31888,0.0],[-71.05974,42.31901,0.0],[-71.0601,42.31929,0.0],[-71.06024,42.31943,0.0],[-71.06085,42.31992,0.0],[-71.06123,42.32021,0.0],[-71.06148,42.32051,0.0],[-71.06172,42.32048,0.0],[-71.06187,42.32049,0.0],[-71.06213,42.32057,0.0],[-71.06293,42.32092,0.0],[-71.06315,42.32099,0.0],[-71.06333,42.32102,0.0],[-71.06359,42.32104,0.0],[-71.06443,42.32112,0.0],[-71.06538,42.32124,0.0],[-71.0655,42.32127,0.0],[-71.0656,42.3213,0.0],[-71.06576,42.32138,0.0],[-71.06594,42.32151,0.0],[-71.06609,42.32165,0.0],[-71.06648,42.3221,0.0],[-71.06691,42.32259,0.0],[-71.06751,42.32331,0.0],[-71.06734,42.32392,0.0],[-71.06717,42.32447,0.0],[-71.06708,42.32478,0.0],[-71.06693,42.32516,0.0],[-71.06666,42.32585,0.0],[-71.06643,42.32626,0.0],[-71.06639,42.32633,0.0],[-71.06549,42.32774,0.0],[-71.06432,42.32958,0.0],[-71.06355,42.3308,0.0],[-71.06351,42.33079,0.0],[-71.06328,42.33074,0.0],[-71.06298,42.33069,0.0],[-71.06164,42.33048,0.0],[-71.06144,42.33044,0.0],[-71.06112,42.33038,0.0],[-71.06071,42.3303,0.0],[-71.06023,42.3302,0.0],[-71.05929,42.32998,0.0],[-71.05824,42.32974,0.0],[-71.05825,42.32917,0.0],[-71.05825,42.32862,0.0],[-71.05823,42.32858,0.0],[-71.0582,42.32854,0.0],[-71.05811,42.3285,0.0],[-71.05772,42.32838,0.0],[-71.05785,42.32815,0.0],[-71.05762,42.32808,0.0],[-71.05747,42.32805,0.0],[-71.05734,42.32804,0.0],[-71.0572,42.32804,0.0],[-71.05692,42.32804,0.0]]]]}},{"type":"Feature","properties":{"uesi_id":"USA_R2315704","nbhd_code":"USA_R2315704_144","nbhd_name":"14000US25025090600"},"geometry":{"type":"MultiPolygon","coordinates":[[[[-71.06751,42.32331,0.0],[-71.06806,42.32129,0.0],[-71.06811,42.32129,0.0],[-71.06852,42.32134,0.0],[-71.06854,42.32135,0.0],[-71.06894,42.32141,0.0],[-71.0692,42.32147,0.0],[-71.06948,42.32153,0.0],[-71.0697,42.32157,0.0],[-71.06984,42.32158,0.0],[-71.07011,42.32157,0.0],[-71.07056,42.32153,0.0],[-71.07139,42.32144,0.0],[-71.07174,42.32141,0.0],[-71.0722,42.32137,0.0],[-71.07235,42.32133,0.0],[-71.07241,42.32131,0.0],[-71.07317,42.32104,0.0],[-71.07371,42.32085,0.0],[-71.07395,42.32078,0.0],[-71.07406,42.32076,0.0],[-71.07428,42.32073,0.0],[-71.07486,42.32066,0.0],[-71.07501,42.32064,0.0],[-71.07552,42.32058,0.0],[-71.07668,42.32049,0.0],[-71.07712,42.32046,0.0],[-71.07725,42.32045,0.0],[-71.07733,42.32044,0.0],[-71.07754,42.32044,0.0],[-71.07775,42.32044,0.0],[-71.07771,42.32064,0.0],[-71.07765,42.32085,0.0],[-71.07763,42.32092,0.0],[-71.07749,42.32128,0.0],[-71.07728,42.32182,0.0],[-71.07722,42.32198,0.0],[-71.07719,42.3221,0.0],[-71.07715,42.3222,0.0],[-71.0771,42.32229,0.0],[-71.07693,42.32253,0.0],[-71.07666,42.3229,0.0],[-71.07644,42.32321,0.0],[-71.07616,42.32363,0.0],[-71.07594,42.32398,0.0],[-71.07581,42.32415,0.0],[-71.07575,42.32409,0.0],[-71.07563,42.324,0.0],[-71.07545,42.32389,0.0],[-71.07515,42.32368,0.0],[-71.07495,42.32348,0.0],[-71.07464,42.32325,0.0],[-71.07446,42.32342,0.0],[-71.07428,42.32356,0.0],[-71.07392,42.32377,0.0],[-71.07242,42.32436,0.0],[-71.07164,42.32466,0.0],[-71.07195,42.32508,0.0],[-71.07204,42.32522,0.0],[-71.07227,42.32553,0.0],[-71.07256,42.32593,0.0],[-71.07266,42.32603,0.0],[-71.07215,42.32636,0.0],[-71.0717,42.32659,0.0],[-71.07148,42.3267,0.0],[-71.07086,42.32628,0.0],[-71.07002,42.32573,0.0],[-71.06962,42.32544,0.0],[-71.06937,42.32524,0.0],[-71.06914,42.32506,0.0],[-71.06871,42.32462,0.0],[-71.0685,42.32438,0.0],[-71.0682,42.32408,0.0],[-71.06803,42.32388,0.0],[-71.06767,42.32347,0.0],[-71.06755,42.32335,0.0],[-71.06751,42.32331,0.0]]]]}},{"type":"Feature","properties":{"uesi_id":"USA_R2315704","nbhd_code":"USA_R2315704_145","nbhd_name":"14000US25025090400"},"geometry":{"type":"MultiPolygon","coordinates":[[[[-71.0697,42.31896,0.0],[-71.06998,42.31835,0.0],[-71.07017,42.31794,0.0],[-71.07039,42.31745,0.0],[-71.07151,42.31775,0.0],[-71.07168,42.31779,0.0],[-71.07174,42.31779,0.0],[-71.07183,42.31779,0.0],[-71.07192,42.31778,0.0],[-71.072,42.31775,0.0],[-71.07218,42.31764,0.0],[-71.0724,42.31749,0.0],[-71.07279,42.31721,0.0],[-71.07301,42.31704,0.0],[-71.07293,42.31687,0.0],[-71.07285,42.31674,0.0],[-71.07283,42.31667,0.0],[-71.07283,42.31655,0.0],[-71.07284,42.31648,0.0],[-71.07296,42.31601,0.0],[-71.07299,42.31583,0.0],[-71.07303,42.31552,0.0],[-71.07308,42.31472,0.0],[-71.07312,42.31442,0.0],[-71.07315,42.31423,0.0],[-71.07321,42.31369,0.0],[-71.07298,42.31368,0.0],[-71.07214,42.31367,0.0],[-71.07223,42.31342,0.0],[-71.07261,42.31295,0.0],[-71.07305,42.31238,0.0],[-71.07317,42.31223,0.0],[-71.07362,42.31241,0.0],[-71.07409,42.31262,0.0],[-71.07465,42.31285,0.0],[-71.07497,42.31299,0.0],[-71.07536,42.31313,0.0],[-71.07558,42.3132,0.0],[-71.07567,42.31323,0.0],[-71.07619,42.31343,0.0],[-71.07679,42.31364,0.0],[-71.07701,42.31372,0.0],[-71.07773,42.31407,0.0],[-71.07792,42.31416,0.0],[-71.07849,42.31444,0.0],[-71.07882,42.31462,0.0],[-71.07848,42.31524,0.0],[-71.07833,42.31556,0.0],[-71.07827,42.31569,0.0],[-71.07822,42.31588,0.0],[-71.07815,42.31623,0.0],[-71.07805,42.3169,0.0],[-71.07801,42.31721,0.0],[-71.07797,42.31739,0.0],[-71.0779,42.31781,0.0],[-71.07781,42.3183,0.0],[-71.07776,42.31861,0.0],[-71.07775,42.31875,0.0],[-71.07775,42.31885,0.0],[-71.07775,42.31907,0.0],[-71.07775,42.31929,0.0],[-71.07776,42.31975,0.0],[-71.07776,42.31988,0.0],[-71.07776,42.32022,0.0],[-71.07775,42.3204,0.0],[-71.07775,42.32044,0.0],[-71.07754,42.32044,0.0],[-71.07733,42.32044,0.0],[-71.07725,42.32045,0.0],[-71.07712,42.32046,0.0],[-71.07668,42.32049,0.0],[-71.07552,42.32058,0.0],[-71.07501,42.32064,0.0],[-71.07486,42.32066,0.0],[-71.07428,42.32073,0.0],[-71.07406,42.32076,0.0],[-71.07395,42.32078,0.0],[-71.07371,42.32085,0.0],[-71.07317,42.32104,0.0],[-71.07241,42.32131,0.0],[-71.07235,42.32133,0.0],[-71.0722,42.32137,0.0],[-71.07218,42.32117,0.0],[-71.07215,42.32106,0.0],[-71.07209,42.32096,0.0],[-71.07203,42.32087,0.0],[-71.07193,42.32076,0.0],[-71.07128,42.32017,0.0],[-71.07087,42.31979,0.0],[-71.07067,42.31956,0.0],[-71.07046,42.31933,0.0],[-71.07036,42.31925,0.0],[-71.0702,42.31916,0.0],[-71.06997,42.31905,0.0],[-71.0697,42.31896,0.0]]]]}},{"type":"Feature","properties":{"uesi_id":"USA_R2315704","nbhd_code":"USA_R2315704_146","nbhd_name":"14000US25025090300"},"geometry":{"type":"MultiPolygon","coordinates":[[[[-71.07317,42.31223,0.0],[-71.07279,42.31216,0.0],[-71.0722,42.31204,0.0],[-71.07193,42.31199,0.0],[-71.07162,42.31189,0.0],[-71.07151,42.31185,0.0],[-71.0713,42.31176,0.0],[-71.07093,42.31162,0.0],[-71.07039,42.31141,0.0],[-71.07022,42.31134,0.0],[-71.0708,42.31104,0.0],[-71.07082,42.31103,0.0],[-71.07157,42.31067,0.0],[-71.0719,42.31049,0.0],[-71.07233,42.31022,0.0],[-71.07256,42.31008,0.0],[-71.07269,42.30979,0.0],[-71.07282,42.30948,0.0],[-71.07335,42.30848,0.0],[-71.0735,42.30822,0.0],[-71.07365,42.30802,0.0],[-71.07378,42.30785,0.0],[-71.07391,42.30769,0.0],[-71.07415,42.3078,0.0],[-71.07437,42.30789,0.0],[-71.07472,42.30804,0.0],[-71.0751,42.30821,0.0],[-71.07523,42.30828,0.0],[-71.07553,42.30805,0.0],[-71.07608,42.30758,0.0],[-71.07777,42.3087,0.0],[-71.07902,42.30951,0.0],[-71.07959,42.30989,0.0],[-71.07985,42.30966,0.0],[-71.08027,42.30927,0.0],[-71.08089,42.30963,0.0],[-71.0812,42.3098,0.0],[-71.08166,42.31006,0.0],[-71.08201,42.31026,0.0],[-71.08171,42.31066,0.0],[-71.08157,42.31084,0.0],[-71.08115,42.31137,0.0],[-71.08074,42.3119,0.0],[-71.08031,42.31243,0.0],[-71.08009,42.3127,0.0],[-71.07968,42.31323,0.0],[-71.0795,42.31352,0.0],[-71.0794,42.31368,0.0],[-71.07917,42.31406,0.0],[-71.07882,42.31462,0.0],[-71.07849,42.31444,0.0],[-71.07792,42.31416,0.0],[-71.07773,42.31407,0.0],[-71.07701,42.31372,0.0],[-71.07679,42.31364,0.0],[-71.07619,42.31343,0.0],[-71.07567,42.31323,0.0],[-71.07558,42.3132,0.0],[-71.07536,42.31313,0.0],[-71.07497,42.31299,0.0],[-71.07465,42.31285,0.0],[-71.07409,42.31262,0.0],[-71.07362,42.31241,0.0],[-71.07317,42.31223,0.0]]]]}},{"type":"Feature","properties":{"uesi_id":"USA_R2315704","nbhd_code":"USA_R2315704_147","nbhd_name":"14000US25025090200"},"geometry":{"type":"MultiPolygon","coordinates":[[[[-71.07391,42.30769,0.0],[-71.07426,42.30736,0.0],[-71.07491,42.30677,0.0],[-71.07496,42.30673,0.0],[-71.0764,42.30552,0.0],[-71.07678,42.3052,0.0],[-71.07726,42.30475,0.0],[-71.07755,42.30445,0.0],[-71.07776,42.30421,0.0],[-71.078,42.30388,0.0],[-71.07818,42.30362,0.0],[-71.07843,42.30324,0.0],[-71.07853,42.3034,0.0],[-71.07881,42.30375,0.0],[-71.07894,42.30395,0.0],[-71.07925,42.30433,0.0],[-71.07942,42.30452,0.0],[-71.07956,42.30463,0.0],[-71.07992,42.30492,0.0],[-71.08036,42.30528,0.0],[-71.08045,42.30536,0.0],[-71.08056,42.30545,0.0],[-71.0808,42.30563,0.0],[-71.08136,42.30611,0.0],[-71.08163,42.30635,0.0],[-71.08181,42.30653,0.0],[-71.08217,42.30693,0.0],[-71.0822,42.30698,0.0],[-71.08234,42.30718,0.0],[-71.08252,42.30742,0.0],[-71.08264,42.30764,0.0],[-71.08274,42.30779,0.0],[-71.08287,42.30801,0.0],[-71.08316,42.30833,0.0],[-71.08325,42.30848,0.0],[-71.08309,42.30875,0.0],[-71.08308,42.30878,0.0],[-71.08297,42.30901,0.0],[-71.0828,42.30934,0.0],[-71.08274,42.30944,0.0],[-71.08267,42.30954,0.0],[-71.08251,42.30967,0.0],[-71.08201,42.31026,0.0],[-71.08166,42.31006,0.0],[-71.0812,42.3098,0.0],[-71.08089,42.30963,0.0],[-71.08027,42.30927,0.0],[-71.07985,42.30966,0.0],[-71.07959,42.30989,0.0],[-71.07902,42.30951,0.0],[-71.07777,42.3087,0.0],[-71.07608,42.30758,0.0],[-71.07553,42.30805,0.0],[-71.07523,42.30828,0.0],[-71.0751,42.30821,0.0],[-71.07472,42.30804,0.0],[-71.07437,42.30789,0.0],[-71.07415,42.3078,0.0],[-71.07391,42.30769,0.0]]]]}},{"type":"Feature","properties":{"uesi_id":"USA_R2315704","nbhd_code":"USA_R2315704_148","nbhd_name":"14000US25025080100"},"geometry":{"type":"MultiPolygon","coordinates":[[[[-71.06355,42.3308,0.0],[-71.06432,42.32958,0.0],[-71.06549,42.32774,0.0],[-71.06639,42.32633,0.0],[-71.06643,42.32626,0.0],[-71.06666,42.32585,0.0],[-71.06693,42.32516,0.0],[-71.06708,42.32478,0.0],[-71.06717,42.32447,0.0],[-71.06734,42.32392,0.0],[-71.06751,42.32331,0.0],[-71.06755,42.32335,0.0],[-71.06767,42.32347,0.0],[-71.06803,42.32388,0.0],[-71.0682,42.32408,0.0],[-71.0685,42.32438,0.0],[-71.06871,42.32462,0.0],[-71.06914,42.32506,0.0],[-71.06937,42.32524,0.0],[-71.06962,42.32544,0.0],[-71.07002,42.32573,0.0],[-71.07086,42.32628,0.0],[-71.07148,42.3267,0.0],[-71.0717,42.32659,0.0],[-71.07215,42.32636,0.0],[-71.07266,42.32603,0.0],[-71.07256,42.32593,0.0],[-71.07227,42.32553,0.0],[-71.07204,42.32522,0.0],[-71.07195,42.32508,0.0],[-71.07164,42.32466,0.0],[-71.07242,42.32436,0.0],[-71.07392,42.32377,0.0],[-71.07428,42.32356,0.0],[-71.07446,42.32342,0.0],[-71.07464,42.32325,0.0],[-71.07495,42.32348,0.0],[-71.07515,42.32368,0.0],[-71.07545,42.32389,0.0],[-71.07563,42.324,0.0],[-71.07575,42.32409,0.0],[-71.07581,42.32415,0.0],[-71.07594,42.32398,0.0],[-71.07616,42.32363,0.0],[-71.07644,42.32321,0.0],[-71.07666,42.3229,0.0],[-71.07752,42.32327,0.0],[-71.07785,42.3234,0.0],[-71.07833,42.32361,0.0],[-71.07881,42.32381,0.0],[-71.0792,42.32398,0.0],[-71.07941,42.32407,0.0],[-71.0796,42.32417,0.0],[-71.07945,42.32427,0.0],[-71.07865,42.32488,0.0],[-71.07808,42.32533,0.0],[-71.07774,42.32558,0.0],[-71.07818,42.32589,0.0],[-71.07793,42.32608,0.0],[-71.0777,42.32626,0.0],[-71.07736,42.32653,0.0],[-71.07691,42.32689,0.0],[-71.07662,42.32713,0.0],[-71.07627,42.32684,0.0],[-71.07612,42.32672,0.0],[-71.07556,42.32628,0.0],[-71.07533,42.32607,0.0],[-71.07525,42.32597,0.0],[-71.07529,42.32613,0.0],[-71.07527,42.3265,0.0],[-71.07521,42.32704,0.0],[-71.0752,42.32728,0.0],[-71.07514,42.32773,0.0],[-71.07507,42.32833,0.0],[-71.07502,42.32869,0.0],[-71.075,42.3289,0.0],[-71.07499,42.32908,0.0],[-71.07515,42.32907,0.0],[-71.0753,42.32909,0.0],[-71.07544,42.32914,0.0],[-71.07561,42.32923,0.0],[-71.07625,42.32979,0.0],[-71.0768,42.33027,0.0],[-71.07687,42.33032,0.0],[-71.07722,42.33067,0.0],[-71.07747,42.33091,0.0],[-71.07699,42.3312,0.0],[-71.07688,42.33126,0.0],[-71.07617,42.33171,0.0],[-71.07565,42.332,0.0],[-71.07514,42.3323,0.0],[-71.07477,42.33254,0.0],[-71.07454,42.33271,0.0],[-71.07436,42.33286,0.0],[-71.07391,42.33323,0.0],[-71.07352,42.33352,0.0],[-71.07344,42.33357,0.0],[-71.0732,42.33336,0.0],[-71.07298,42.33319,0.0],[-71.07276,42.33304,0.0],[-71.07219,42.33267,0.0],[-71.07189,42.33291,0.0],[-71.07152,42.33325,0.0],[-71.0713,42.33348,0.0],[-71.07082,42.33389,0.0],[-71.07035,42.33419,0.0],[-71.07017,42.3343,0.0],[-71.06989,42.33445,0.0],[-71.06945,42.33467,0.0],[-71.06922,42.33479,0.0],[-71.06877,42.33492,0.0],[-71.06839,42.33508,0.0],[-71.0681,42.33516,0.0],[-71.06792,42.33519,0.0],[-71.06761,42.33525,0.0],[-71.06663,42.33535,0.0],[-71.06562,42.3354,0.0],[-71.06542,42.33541,0.0],[-71.0654,42.33533,0.0],[-71.06531,42.33511,0.0],[-71.06524,42.33497,0.0],[-71.06513,42.33475,0.0],[-71.06507,42.33465,0.0],[-71.06504,42.3346,0.0],[-71.06491,42.33442,0.0],[-71.06484,42.33431,0.0],[-71.06462,42.33403,0.0],[-71.06435,42.33376,0.0],[-71.06417,42.33358,0.0],[-71.06321,42.33241,0.0],[-71.06284,42.33199,0.0],[-71.06281,42.33197,0.0],[-71.06287,42.33187,0.0],[-71.06355,42.3308,0.0]]]]}},{"type":"Feature","properties":{"uesi_id":"USA_R2315704","nbhd_code":"USA_R2315704_149","nbhd_name":"14000US25025060301"},"geometry":{"type":"MultiPolygon","coordinates":[[[[-71.03521,42.32936,0.0],[-71.03559,42.32934,0.0],[-71.03604,42.32936,0.0],[-71.03646,42.3294,0.0],[-71.03708,42.32949,0.0],[-71.03725,42.32953,0.0],[-71.03724,42.32972,0.0],[-71.03726,42.3302,0.0],[-71.03727,42.33062,0.0],[-71.03729,42.33144,0.0],[-71.03731,42.33227,0.0],[-71.03734,42.33309,0.0],[-71.03863,42.33309,0.0],[-71.03909,42.33307,0.0],[-71.03993,42.33304,0.0],[-71.04075,42.33303,0.0],[-71.04095,42.33303,0.0],[-71.04148,42.33302,0.0],[-71.0415,42.33343,0.0],[-71.04151,42.33384,0.0],[-71.04153,42.33467,0.0],[-71.04155,42.33553,0.0],[-71.04073,42.33554,0.0],[-71.03996,42.33556,0.0],[-71.03743,42.3356,0.0],[-71.03638,42.33562,0.0],[-71.03542,42.33564,0.0],[-71.03335,42.33567,0.0],[-71.03332,42.33481,0.0],[-71.03331,42.33463,0.0],[-71.0333,42.33399,0.0],[-71.03329,42.33347,0.0],[-71.03328,42.33315,0.0],[-71.03326,42.33234,0.0],[-71.03432,42.33232,0.0],[-71.03453,42.33231,0.0],[-71.0353,42.3323,0.0],[-71.03527,42.33148,0.0],[-71.03525,42.33065,0.0],[-71.03521,42.32953,0.0],[-71.03521,42.32936,0.0]]]]}},{"type":"Feature","properties":{"uesi_id":"USA_R2315704","nbhd_code":"USA_R2315704_150","nbhd_name":"14000US25025090901"},"geometry":{"type":"MultiPolygon","coordinates":[[[[-71.04623,42.32329,0.0],[-71.04604,42.32318,0.0],[-71.0455,42.32318,0.0],[-71.04543,42.32316,0.0],[-71.04386,42.32267,0.0],[-71.0437,42.32252,0.0],[-71.04353,42.322,0.0],[-71.04352,42.32197,0.0],[-71.04344,42.32183,0.0],[-71.04312,42.32162,0.0],[-71.04274,42.32143,0.0],[-71.04229,42.32125,0.0],[-71.04195,42.32112,0.0],[-71.04174,42.32102,0.0],[-71.04158,42.32097,0.0],[-71.04057,42.3205,0.0],[-71.03965,42.32001,0.0],[-71.0392,42.31976,0.0],[-71.03854,42.31944,0.0],[-71.03775,42.31914,0.0],[-71.03726,42.31898,0.0],[-71.03687,42.31881,0.0],[-71.03671,42.31867,0.0],[-71.03671,42.31858,0.0],[-71.03692,42.31843,0.0],[-71.03726,42.31828,0.0],[-71.03737,42.31819,0.0],[-71.03736,42.31803,0.0],[-71.03729,42.31794,0.0],[-71.03726,42.31784,0.0],[-71.03722,42.3177,0.0],[-71.03709,42.31762,0.0],[-71.03685,42.31753,0.0],[-71.03477,42.3168,0.0],[-71.03393,42.31656,0.0],[-71.03317,42.31633,0.0],[-71.03311,42.31629,0.0],[-71.03293,42.3154,0.0],[-71.03278,42.31434,0.0],[-71.03278,42.31393,0.0],[-71.03289,42.31377,0.0],[-71.03293,42.31371,0.0],[-71.03293,42.31361,0.0],[-71.03278,42.3135,0.0],[-71.03274,42.31335,0.0],[-71.03269,42.31331,0.0],[-71.03276,42.31325,0.0],[-71.03287,42.3132,0.0],[-71.03304,42.31317,0.0],[-71.03322,42.31322,0.0],[-71.03337,42.31324,0.0],[-71.03342,42.31322,0.0],[-71.03357,42.31309,0.0],[-71.03538,42.31165,0.0],[-71.03654,42.31073,0.0],[-71.03693,42.31043,0.0],[-71.03723,42.31033,0.0],[-71.03757,42.31029,0.0],[-71.0378,42.31035,0.0],[-71.03807,42.31047,0.0],[-71.03939,42.31128,0.0],[-71.04073,42.3121,0.0],[-71.04408,42.31415,0.0],[-71.04412,42.31419,0.0],[-71.04431,42.31425,0.0],[-71.04451,42.31423,0.0],[-71.04565,42.3137,0.0],[-71.04582,42.31361,0.0],[-71.04608,42.3134,0.0],[-71.04619,42.3132,0.0],[-71.04621,42.31305,0.0],[-71.04627,42.31298,0.0],[-71.04634,42.31299,0.0],[-71.04642,42.313,0.0],[-71.04646,42.313,0.0],[-71.0467,42.31302,0.0],[-71.04673,42.31307,0.0],[-71.04701,42.3136,0.0],[-71.04725,42.31395,0.0],[-71.04754,42.31438,0.0],[-71.04776,42.31476,0.0],[-71.04779,42.31483,0.0],[-71.0479,42.31507,0.0],[-71.04808,42.3155,0.0],[-71.04821,42.31579,0.0],[-71.0483,42.31595,0.0],[-71.04885,42.31697,0.0],[-71.0492,42.3176,0.0],[-71.04963,42.31842,0.0],[-71.04979,42.31874,0.0],[-71.04985,42.31894,0.0],[-71.05065,42.3204,0.0],[-71.05093,42.32088,0.0],[-71.05079,42.32084,0.0],[-71.0506,42.32077,0.0],[-71.05047,42.3208,0.0],[-71.0504,42.32082,0.0],[-71.05031,42.3209,0.0],[-71.05024,42.32097,0.0],[-71.05023,42.32104,0.0],[-71.05021,42.32116,0.0],[-71.05023,42.32121,0.0],[-71.05031,42.32152,0.0],[-71.05031,42.32178,0.0],[-71.05024,42.32203,0.0],[-71.05009,42.32208,0.0],[-71.04983,42.32223,0.0],[-71.04956,42.32244,0.0],[-71.04941,42.32259,0.0],[-71.0492,42.32286,0.0],[-71.04905,42.32313,0.0],[-71.04896,42.32344,0.0],[-71.04895,42.3235,0.0],[-71.04775,42.32258,0.0],[-71.04623,42.32329,0.0]]]]}},{"type":"Feature","properties":{"uesi_id":"USA_R2315704","nbhd_code":"USA_R2315704_151","nbhd_name":"14000US25025980101"},"geometry":{"type":"MultiPolygon","coordinates":[[[[-70.94933,42.31197,0.0],[-70.94943,42.3119,0.0],[-70.94953,42.31186,0.0],[-70.95009,42.31182,0.0],[-70.95079,42.31181,0.0],[-70.95102,42.3118,0.0],[-70.95136,42.31182,0.0],[-70.95157,42.31175,0.0],[-70.95173,42.31164,0.0],[-70.95193,42.31154,0.0],[-70.95242,42.31135,0.0],[-70.95247,42.31132,0.0],[-70.95248,42.31127,0.0],[-70.95254,42.31122,0.0],[-70.95265,42.31122,0.0],[-70.95277,42.31125,0.0],[-70.95304,42.31146,0.0],[-70.95306,42.3115,0.0],[-70.95307,42.31156,0.0],[-70.95305,42.31161,0.0],[-70.95297,42.31168,0.0],[-70.95277,42.31178,0.0],[-70.9527,42.31182,0.0],[-70.9527,42.31188,0.0],[-70.95274,42.3119,0.0],[-70.95289,42.3119,0.0],[-70.95333,42.31183,0.0],[-70.95378,42.31178,0.0],[-70.95415,42.31164,0.0],[-70.95421,42.3116,0.0],[-70.95425,42.31156,0.0],[-70.9543,42.31155,0.0],[-70.95443,42.31146,0.0],[-70.95457,42.31135,0.0],[-70.95462,42.31127,0.0],[-70.95462,42.31104,0.0],[-70.95458,42.31092,0.0],[-70.95455,42.31089,0.0],[-70.95454,42.31079,0.0],[-70.95448,42.3107,0.0],[-70.95436,42.31036,0.0],[-70.95435,42.31022,0.0],[-70.95448,42.31007,0.0],[-70.95471,42.30988,0.0],[-70.95481,42.30983,0.0],[-70.95491,42.30983,0.0],[-70.955,42.3099,0.0],[-70.9551,42.31002,0.0],[-70.9551,42.31004,0.0],[-70.95514,42.3101,0.0],[-70.95526,42.3104,0.0],[-70.95529,42.31042,0.0],[-70.95532,42.31047,0.0],[-70.95552,42.31064,0.0],[-70.95585,42.31091,0.0],[-70.95614,42.31102,0.0],[-70.95635,42.31105,0.0],[-70.95666,42.31103,0.0],[-70.95693,42.31096,0.0],[-70.95703,42.31091,0.0],[-70.95704,42.31088,0.0],[-70.95716,42.31084,0.0],[-70.95723,42.31078,0.0],[-70.9573,42.31072,0.0],[-70.95736,42.31062,0.0],[-70.95737,42.31053,0.0],[-70.95746,42.31053,0.0],[-70.95763,42.31059,0.0],[-70.95769,42.31064,0.0],[-70.95768,42.31066,0.0],[-70.95745,42.31077,0.0],[-70.95742,42.31092,0.0],[-70.95727,42.3113,0.0],[-70.95723,42.31144,0.0],[-70.95716,42.31154,0.0],[-70.95702,42.31161,0.0],[-70.95663,42.31166,0.0],[-70.95595,42.31163,0.0],[-70.95571,42.3116,0.0],[-70.95491,42.31163,0.0],[-70.95462,42.31173,0.0],[-70.95435,42.31185,0.0],[-70.95415,42.31198,0.0],[-70.95377,42.31226,0.0],[-70.95364,42.31226,0.0],[-70.95349,42.31224,0.0],[-70.95338,42.31226,0.0],[-70.95328,42.31233,0.0],[-70.95326,42.31242,0.0],[-70.95325,42.31254,0.0],[-70.95317,42.31274,0.0],[-70.95304,42.31294,0.0],[-70.95292,42.31308,0.0],[-70.95258,42.31332,0.0],[-70.95239,42.31339,0.0],[-70.95224,42.31342,0.0],[-70.95199,42.31341,0.0],[-70.95157,42.31338,0.0],[-70.95109,42.31327,0.0],[-70.95066,42.31315,0.0],[-70.95036,42.31302,0.0],[-70.94982,42.31272,0.0],[-70.94956,42.31251,0.0],[-70.94948,42.31242,0.0],[-70.94947,42.3124,0.0],[-70.94944,42.31238,0.0],[-70.94933,42.31224,0.0],[-70.94929,42.31215,0.0],[-70.9493,42.31204,0.0],[-70.94933,42.31197,0.0]]],[[[-70.99917,42.31935,0.0],[-70.99918,42.31918,0.0],[-70.99924,42.31909,0.0],[-70.99943,42.31899,0.0],[-70.99954,42.31895,0.0],[-70.99963,42.31894,0.0],[-70.99993,42.31894,0.0],[-71.00007,42.31898,0.0],[-71.00028,42.31913,0.0],[-71.00053,42.31942,0.0],[-71.0008,42.31965,0.0],[-71.00114,42.31979,0.0],[-71.00129,42.31982,0.0],[-71.00162,42.31984,0.0],[-71.00176,42.31983,0.0],[-71.00211,42.31975,0.0],[-71.00254,42.31971,0.0],[-71.00288,42.31961,0.0],[-71.00341,42.31935,0.0],[-71.00421,42.31878,0.0],[-71.00449,42.31849,0.0],[-71.00479,42.31814,0.0],[-71.0052,42.31773,0.0],[-71.0053,42.31758,0.0],[-71.00538,42.31737,0.0],[-71.00555,42.31711,0.0],[-71.0059,42.31673,0.0],[-71.00641,42.31621,0.0],[-71.00662,42.31589,0.0],[-71.00677,42.3154,0.0],[-71.00685,42.31472,0.0],[-71.00695,42.31446,0.0],[-71.00705,42.31433,0.0],[-71.00725,42.31426,0.0],[-71.00735,42.31419,0.0],[-71.00735,42.31408,0.0],[-71.0073,42.31404,0.0],[-71.00723,42.31391,0.0],[-71.00713,42.31359,0.0],[-71.00734,42.31351,0.0],[-71.00753,42.31362,0.0],[-71.00766,42.31365,0.0],[-71.00778,42.3136,0.0],[-71.00809,42.3134,0.0],[-71.00843,42.31325,0.0],[-71.00854,42.31317,0.0],[-71.00859,42.3131,0.0],[-71.00863,42.31286,0.0],[-71.00874,42.31268,0.0],[-71.00917,42.3122,0.0],[-71.00972,42.31173,0.0],[-71.01001,42.31147,0.0],[-71.01035,42.31111,0.0],[-71.01049,42.31091,0.0],[-71.01069,42.3105,0.0],[-71.01102,42.31003,0.0],[-71.01131,42.3097,0.0],[-71.01144,42.30945,0.0],[-71.01149,42.30906,0.0],[-71.01155,42.30891,0.0],[-71.01158,42.30889,0.0],[-71.01164,42.30889,0.0],[-71.01175,42.30897,0.0],[-71.01199,42.30927,0.0],[-71.01216,42.30943,0.0],[-71.01281,42.30995,0.0],[-71.01324,42.31008,0.0],[-71.01353,42.31025,0.0],[-71.01371,42.31029,0.0],[-71.01395,42.3103,0.0],[-71.01416,42.31025,0.0],[-71.01461,42.31027,0.0],[-71.0149,42.31025,0.0],[-71.01504,42.31021,0.0],[-71.01509,42.31018,0.0],[-71.01509,42.31013,0.0],[-71.01503,42.31009,0.0],[-71.01423,42.30966,0.0],[-71.01409,42.30962,0.0],[-71.0139,42.30962,0.0],[-71.01373,42.30966,0.0],[-71.01367,42.30966,0.0],[-71.01364,42.30964,0.0],[-71.01363,42.30956,0.0],[-71.01376,42.30946,0.0],[-71.01397,42.3094,0.0],[-71.01412,42.3094,0.0],[-71.0144,42.30948,0.0],[-71.0146,42.30958,0.0],[-71.01478,42.30964,0.0],[-71.01523,42.30983,0.0],[-71.01567,42.3101,0.0],[-71.01606,42.31041,0.0],[-71.01659,42.31118,0.0],[-71.0169,42.31154,0.0],[-71.01711,42.312,0.0],[-71.01711,42.31212,0.0],[-71.01713,42.31226,0.0],[-71.01716,42.31239,0.0],[-71.01708,42.31262,0.0],[-71.01705,42.3129,0.0],[-71.01708,42.31293,0.0],[-71.01709,42.31311,0.0],[-71.017,42.31337,0.0],[-71.01691,42.31351,0.0],[-71.01674,42.31368,0.0],[-71.01575,42.31433,0.0],[-71.01533,42.31457,0.0],[-71.01484,42.31479,0.0],[-71.01399,42.31503,0.0],[-71.0134,42.31526,0.0],[-71.01253,42.31568,0.0],[-71.01189,42.31606,0.0],[-71.01134,42.31641,0.0],[-71.01057,42.317,0.0],[-71.01006,42.31746,0.0],[-71.0097,42.31792,0.0],[-71.00945,42.31838,0.0],[-71.00945,42.31845,0.0],[-71.00952,42.31852,0.0],[-71.0095,42.31866,0.0],[-71.00936,42.31877,0.0],[-71.0088,42.31909,0.0],[-71.00846,42.31934,0.0],[-71.00786,42.31984,0.0],[-71.00744,42.32025,0.0],[-71.00718,42.32047,0.0],[-71.00678,42.3207,0.0],[-71.00638,42.32083,0.0],[-71.00594,42.32091,0.0],[-71.00497,42.32115,0.0],[-71.00449,42.32124,0.0],[-71.00386,42.32132,0.0],[-71.0034,42.32135,0.0],[-71.00214,42.32133,0.0],[-71.00055,42.32118,0.0],[-71.00013,42.32107,0.0],[-70.9998,42.32094,0.0],[-70.99961,42.32088,0.0],[-70.99949,42.32085,0.0],[-70.99924,42.32067,0.0],[-70.99919,42.32062,0.0],[-70.99915,42.32055,0.0],[-70.99914,42.32047,0.0],[-70.99918,42.32041,0.0],[-70.99933,42.32026,0.0],[-70.99938,42.32015,0.0],[-70.99939,42.31995,0.0],[-70.99937,42.31989,0.0],[-70.99935,42.3198,0.0],[-70.99933,42.31979,0.0],[-70.99917,42.31935,0.0]]],[[[-70.92649,42.31792,0.0],[-70.92661,42.31795,0.0],[-70.92685,42.31809,0.0],[-70.92702,42.31813,0.0],[-70.92713,42.3181,0.0],[-70.92728,42.31806,0.0],[-70.92742,42.31796,0.0],[-70.9275,42.3179,0.0],[-70.92815,42.31738,0.0],[-70.92822,42.31736,0.0],[-70.92832,42.31741,0.0],[-70.92851,42.31756,0.0],[-70.92873,42.31765,0.0],[-70.92886,42.31776,0.0],[-70.9291,42.31792,0.0],[-70.9292,42.31808,0.0],[-70.92927,42.31824,0.0],[-70.9293,42.31828,0.0],[-70.92943,42.31855,0.0],[-70.92966,42.31879,0.0],[-70.92985,42.31896,0.0],[-70.92997,42.31907,0.0],[-70.93017,42.31922,0.0],[-70.93021,42.31928,0.0],[-70.93021,42.3193,0.0],[-70.93027,42.31937,0.0],[-70.93029,42.31942,0.0],[-70.93036,42.3195,0.0],[-70.9304,42.31958,0.0],[-70.93057,42.31981,0.0],[-70.93056,42.31986,0.0],[-70.93052,42.31989,0.0],[-70.93037,42.31996,0.0],[-70.93037,42.32022,0.0],[-70.93039,42.32026,0.0],[-70.9304,42.32034,0.0],[-70.93045,42.32063,0.0],[-70.93048,42.32067,0.0],[-70.93055,42.32086,0.0],[-70.9306,42.32115,0.0],[-70.93063,42.32119,0.0],[-70.93072,42.32144,0.0],[-70.93069,42.32155,0.0],[-70.93064,42.32161,0.0],[-70.93057,42.32164,0.0],[-70.9305,42.32175,0.0],[-70.93047,42.32184,0.0],[-70.93047,42.32201,0.0],[-70.93044,42.32205,0.0],[-70.93039,42.32207,0.0],[-70.93029,42.3221,0.0],[-70.93015,42.32212,0.0],[-70.92953,42.32215,0.0],[-70.92908,42.32217,0.0],[-70.92834,42.32216,0.0],[-70.92817,42.32213,0.0],[-70.92752,42.32195,0.0],[-70.92711,42.32181,0.0],[-70.92665,42.32169,0.0],[-70.92638,42.32158,0.0],[-70.92607,42.32135,0.0],[-70.92607,42.32132,0.0],[-70.92601,42.32126,0.0],[-70.92595,42.32093,0.0],[-70.92592,42.32087,0.0],[-70.92591,42.32078,0.0],[-70.92588,42.32059,0.0],[-70.92587,42.32052,0.0],[-70.92581,42.32039,0.0],[-70.92578,42.32016,0.0],[-70.92571,42.3199,0.0],[-70.92568,42.31965,0.0],[-70.92564,42.31945,0.0],[-70.92562,42.31922,0.0],[-70.92571,42.31897,0.0],[-70.92578,42.31885,0.0],[-70.92598,42.31846,0.0],[-70.92601,42.31835,0.0],[-70.92621,42.318,0.0],[-70.92631,42.31794,0.0],[-70.92649,42.31792,0.0]]],[[[-70.95657,42.33099,0.0],[-70.95653,42.33097,0.0],[-70.95608,42.33098,0.0],[-70.95569,42.33094,0.0],[-70.9556,42.33091,0.0],[-70.95549,42.33091,0.0],[-70.95547,42.33088,0.0],[-70.95538,42.33087,0.0],[-70.95531,42.33084,0.0],[-70.95508,42.33079,0.0],[-70.95499,42.33075,0.0],[-70.95481,42.33072,0.0],[-70.95475,42.33068,0.0],[-70.95455,42.33064,0.0],[-70.95431,42.33053,0.0],[-70.9542,42.33047,0.0],[-70.95411,42.33045,0.0],[-70.95403,42.33041,0.0],[-70.95391,42.33028,0.0],[-70.95384,42.33016,0.0],[-70.95384,42.32993,0.0],[-70.95403,42.3296,0.0],[-70.95407,42.3295,0.0],[-70.95417,42.32941,0.0],[-70.9543,42.32931,0.0],[-70.95455,42.32919,0.0],[-70.95465,42.32917,0.0],[-70.95468,42.32915,0.0],[-70.95557,42.32898,0.0],[-70.95587,42.32891,0.0],[-70.95593,42.32887,0.0],[-70.95611,42.32882,0.0],[-70.95623,42.32875,0.0],[-70.95632,42.32869,0.0],[-70.95638,42.3286,0.0],[-70.95641,42.32853,0.0],[-70.95643,42.3285,0.0],[-70.95643,42.32848,0.0],[-70.95655,42.32839,0.0],[-70.95677,42.3283,0.0],[-70.95713,42.32817,0.0],[-70.9573,42.32806,0.0],[-70.95753,42.32787,0.0],[-70.95766,42.32771,0.0],[-70.95774,42.32758,0.0],[-70.95785,42.32746,0.0],[-70.95811,42.32728,0.0],[-70.9582,42.32725,0.0],[-70.9583,42.32719,0.0],[-70.95878,42.32696,0.0],[-70.9589,42.32689,0.0],[-70.95904,42.32675,0.0],[-70.95915,42.32661,0.0],[-70.9592,42.32658,0.0],[-70.95939,42.32626,0.0],[-70.95946,42.326,0.0],[-70.95949,42.32593,0.0],[-70.95956,42.32566,0.0],[-70.95957,42.32548,0.0],[-70.95959,42.32538,0.0],[-70.95963,42.3253,0.0],[-70.95968,42.32524,0.0],[-70.95971,42.32522,0.0],[-70.95973,42.32518,0.0],[-70.95991,42.32499,0.0],[-70.96007,42.32479,0.0],[-70.96025,42.32469,0.0],[-70.96033,42.32463,0.0],[-70.96055,42.32428,0.0],[-70.96062,42.32418,0.0],[-70.96063,42.32415,0.0],[-70.96065,42.32412,0.0],[-70.96069,42.32404,0.0],[-70.96083,42.32377,0.0],[-70.96099,42.32356,0.0],[-70.96107,42.32348,0.0],[-70.96108,42.32345,0.0],[-70.96114,42.32339,0.0],[-70.96134,42.32318,0.0],[-70.96134,42.32316,0.0],[-70.96141,42.32307,0.0],[-70.9617,42.32263,0.0],[-70.96201,42.32227,0.0],[-70.96203,42.32225,0.0],[-70.96205,42.32222,0.0],[-70.9621,42.32218,0.0],[-70.96215,42.32207,0.0],[-70.96217,42.32205,0.0],[-70.96218,42.32201,0.0],[-70.96234,42.32181,0.0],[-70.96239,42.32172,0.0],[-70.96256,42.3215,0.0],[-70.9629,42.32124,0.0],[-70.96298,42.3211,0.0],[-70.96301,42.32101,0.0],[-70.96306,42.32088,0.0],[-70.9631,42.32084,0.0],[-70.96313,42.32076,0.0],[-70.96316,42.32074,0.0],[-70.96316,42.32071,0.0],[-70.96323,42.32063,0.0],[-70.9633,42.3205,0.0],[-70.96332,42.32049,0.0],[-70.96335,42.32043,0.0],[-70.96339,42.3204,0.0],[-70.96343,42.32033,0.0],[-70.96346,42.32025,0.0],[-70.96355,42.32013,0.0],[-70.96355,42.32009,0.0],[-70.96361,42.32003,0.0],[-70.96362,42.31993,0.0],[-70.96384,42.31935,0.0],[-70.9639,42.31925,0.0],[-70.96392,42.3192,0.0],[-70.96395,42.31918,0.0],[-70.96395,42.31913,0.0],[-70.964,42.31909,0.0],[-70.964,42.31906,0.0],[-70.96406,42.31897,0.0],[-70.96409,42.31889,0.0],[-70.96411,42.31887,0.0],[-70.96412,42.31883,0.0],[-70.96417,42.31875,0.0],[-70.96421,42.31865,0.0],[-70.96427,42.31854,0.0],[-70.96428,42.31851,0.0],[-70.9643,42.31849,0.0],[-70.9643,42.31846,0.0],[-70.96433,42.31844,0.0],[-70.96435,42.31836,0.0],[-70.96443,42.31824,0.0],[-70.96447,42.31813,0.0],[-70.96449,42.31812,0.0],[-70.9645,42.31807,0.0],[-70.96455,42.31802,0.0],[-70.96456,42.31796,0.0],[-70.96462,42.31789,0.0],[-70.96462,42.31785,0.0],[-70.96466,42.31783,0.0],[-70.96468,42.31776,0.0],[-70.96472,42.31771,0.0],[-70.96472,42.31769,0.0],[-70.96478,42.3176,0.0],[-70.96479,42.31755,0.0],[-70.96484,42.31747,0.0],[-70.96485,42.31741,0.0],[-70.96488,42.3174,0.0],[-70.96492,42.31731,0.0],[-70.96494,42.3173,0.0],[-70.96499,42.31719,0.0],[-70.96502,42.31716,0.0],[-70.96502,42.31714,0.0],[-70.96506,42.31709,0.0],[-70.96508,42.31704,0.0],[-70.96523,42.31678,0.0],[-70.96528,42.31673,0.0],[-70.96533,42.31664,0.0],[-70.96562,42.31626,0.0],[-70.96562,42.31623,0.0],[-70.96566,42.31618,0.0],[-70.96568,42.3161,0.0],[-70.96578,42.31586,0.0],[-70.96579,42.31581,0.0],[-70.96582,42.31572,0.0],[-70.96592,42.31541,0.0],[-70.96596,42.31518,0.0],[-70.96599,42.31513,0.0],[-70.96599,42.31509,0.0],[-70.96601,42.31507,0.0],[-70.96605,42.31488,0.0],[-70.96609,42.31474,0.0],[-70.96611,42.31459,0.0],[-70.96613,42.31456,0.0],[-70.96614,42.31447,0.0],[-70.96616,42.31442,0.0],[-70.96617,42.31435,0.0],[-70.9662,42.31428,0.0],[-70.96629,42.31386,0.0],[-70.96632,42.31384,0.0],[-70.96632,42.31381,0.0],[-70.96639,42.3137,0.0],[-70.96639,42.31368,0.0],[-70.96646,42.31363,0.0],[-70.96646,42.3136,0.0],[-70.96656,42.31352,0.0],[-70.96678,42.31345,0.0],[-70.96706,42.3134,0.0],[-70.96777,42.3134,0.0],[-70.96861,42.31336,0.0],[-70.96897,42.31327,0.0],[-70.96924,42.31315,0.0],[-70.9697,42.31288,0.0],[-70.96991,42.31273,0.0],[-70.97017,42.31247,0.0],[-70.97018,42.31244,0.0],[-70.97023,42.3124,0.0],[-70.97024,42.31237,0.0],[-70.97046,42.31207,0.0],[-70.97064,42.31188,0.0],[-70.97069,42.31183,0.0],[-70.97074,42.31178,0.0],[-70.97079,42.31173,0.0],[-70.97092,42.31164,0.0],[-70.97107,42.31155,0.0],[-70.97172,42.31138,0.0],[-70.97252,42.31122,0.0],[-70.97333,42.31101,0.0],[-70.97431,42.31068,0.0],[-70.97462,42.31055,0.0],[-70.97492,42.31045,0.0],[-70.97525,42.3104,0.0],[-70.97547,42.31035,0.0],[-70.97625,42.31028,0.0],[-70.97667,42.31028,0.0],[-70.97695,42.31033,0.0],[-70.97705,42.31038,0.0],[-70.97711,42.31045,0.0],[-70.9771,42.31064,0.0],[-70.97692,42.31087,0.0],[-70.97654,42.31113,0.0],[-70.97628,42.31127,0.0],[-70.97588,42.31146,0.0],[-70.97554,42.31158,0.0],[-70.97519,42.31171,0.0],[-70.9749,42.31185,0.0],[-70.97441,42.31211,0.0],[-70.97393,42.31244,0.0],[-70.97306,42.3131,0.0],[-70.97243,42.31368,0.0],[-70.97228,42.31384,0.0],[-70.9722,42.31393,0.0],[-70.97188,42.31423,0.0],[-70.97166,42.31446,0.0],[-70.97132,42.31505,0.0],[-70.97122,42.31533,0.0],[-70.97102,42.31569,0.0],[-70.97083,42.31604,0.0],[-70.97037,42.31679,0.0],[-70.97031,42.31687,0.0],[-70.97019,42.31704,0.0],[-70.97015,42.31711,0.0],[-70.97013,42.31713,0.0],[-70.97009,42.31719,0.0],[-70.97005,42.31726,0.0],[-70.97002,42.31728,0.0],[-70.96995,42.31747,0.0],[-70.96992,42.31748,0.0],[-70.96992,42.3175,0.0],[-70.96968,42.31786,0.0],[-70.96965,42.3179,0.0],[-70.96962,42.31795,0.0],[-70.96948,42.31817,0.0],[-70.96929,42.31858,0.0],[-70.96928,42.31864,0.0],[-70.96927,42.31872,0.0],[-70.96924,42.31882,0.0],[-70.96922,42.31901,0.0],[-70.96918,42.3191,0.0],[-70.96915,42.31934,0.0],[-70.96912,42.31942,0.0],[-70.96905,42.31976,0.0],[-70.96902,42.32009,0.0],[-70.96899,42.32013,0.0],[-70.96892,42.32056,0.0],[-70.9689,42.3206,0.0],[-70.96889,42.32069,0.0],[-70.96882,42.32093,0.0],[-70.96873,42.32117,0.0],[-70.9687,42.32122,0.0],[-70.96867,42.32129,0.0],[-70.96855,42.32145,0.0],[-70.9685,42.32154,0.0],[-70.96835,42.3217,0.0],[-70.96821,42.3219,0.0],[-70.96819,42.32191,0.0],[-70.96803,42.32215,0.0],[-70.96757,42.32283,0.0],[-70.96752,42.32287,0.0],[-70.96745,42.32295,0.0],[-70.96739,42.32304,0.0],[-70.96722,42.32321,0.0],[-70.96707,42.3233,0.0],[-70.9669,42.32337,0.0],[-70.9667,42.32349,0.0],[-70.96611,42.3239,0.0],[-70.96579,42.32409,0.0],[-70.96532,42.32434,0.0],[-70.9652,42.32444,0.0],[-70.96508,42.32456,0.0],[-70.9649,42.32477,0.0],[-70.9648,42.32488,0.0],[-70.96477,42.325,0.0],[-70.96477,42.32509,0.0],[-70.96486,42.32519,0.0],[-70.96494,42.32523,0.0],[-70.96504,42.3253,0.0],[-70.96524,42.32544,0.0],[-70.96532,42.32548,0.0],[-70.96541,42.32554,0.0],[-70.96541,42.3256,0.0],[-70.96529,42.32565,0.0],[-70.96513,42.32557,0.0],[-70.965,42.32551,0.0],[-70.96491,42.32549,0.0],[-70.96467,42.32552,0.0],[-70.96441,42.3256,0.0],[-70.96427,42.32569,0.0],[-70.96389,42.3259,0.0],[-70.96358,42.32603,0.0],[-70.96316,42.32617,0.0],[-70.96289,42.32621,0.0],[-70.96273,42.32633,0.0],[-70.96263,42.32643,0.0],[-70.96249,42.3265,0.0],[-70.96154,42.32691,0.0],[-70.96096,42.32719,0.0],[-70.96061,42.32743,0.0],[-70.96018,42.32778,0.0],[-70.95998,42.32797,0.0],[-70.95965,42.32823,0.0],[-70.95961,42.32828,0.0],[-70.95948,42.32856,0.0],[-70.95923,42.32884,0.0],[-70.9591,42.32903,0.0],[-70.95908,42.32905,0.0],[-70.95903,42.32909,0.0],[-70.95898,42.32916,0.0],[-70.95898,42.32919,0.0],[-70.95882,42.32938,0.0],[-70.9588,42.32941,0.0],[-70.95879,42.32943,0.0],[-70.95876,42.32945,0.0],[-70.95873,42.32952,0.0],[-70.95869,42.32957,0.0],[-70.95868,42.32963,0.0],[-70.95866,42.32965,0.0],[-70.95864,42.32971,0.0],[-70.95859,42.32999,0.0],[-70.95857,42.33013,0.0],[-70.95854,42.33018,0.0],[-70.95853,42.3303,0.0],[-70.9585,42.33032,0.0],[-70.95847,42.33042,0.0],[-70.95837,42.33052,0.0],[-70.95796,42.33084,0.0],[-70.9578,42.3309,0.0],[-70.95763,42.33096,0.0],[-70.95729,42.33098,0.0],[-70.95716,42.331,0.0],[-70.95696,42.33102,0.0],[-70.95686,42.331,0.0],[-70.95673,42.331,0.0],[-70.95657,42.33099,0.0]]],[[[-70.98668,42.31911,0.0],[-70.98695,42.3193,0.0],[-70.98721,42.31944,0.0],[-70.98737,42.31947,0.0],[-70.9876,42.31949,0.0],[-70.98768,42.31956,0.0],[-70.98771,42.31963,0.0],[-70.98773,42.31987,0.0],[-70.98775,42.31988,0.0],[-70.98781,42.32026,0.0],[-70.98783,42.32074,0.0],[-70.98778,42.32092,0.0],[-70.98778,42.32103,0.0],[-70.98773,42.32137,0.0],[-70.98771,42.32169,0.0],[-70.98768,42.32197,0.0],[-70.98767,42.3223,0.0],[-70.98765,42.32232,0.0],[-70.98765,42.32259,0.0],[-70.98773,42.32264,0.0],[-70.98786,42.32268,0.0],[-70.98818,42.32271,0.0],[-70.98822,42.32273,0.0],[-70.9883,42.32278,0.0],[-70.9883,42.32286,0.0],[-70.98821,42.32306,0.0],[-70.98817,42.32321,0.0],[-70.98814,42.32327,0.0],[-70.98811,42.32335,0.0],[-70.98809,42.32337,0.0],[-70.98792,42.32339,0.0],[-70.98792,42.32352,0.0],[-70.98799,42.32355,0.0],[-70.98836,42.3237,0.0],[-70.98849,42.32379,0.0],[-70.98846,42.32383,0.0],[-70.98843,42.32387,0.0],[-70.98836,42.32391,0.0],[-70.98822,42.32396,0.0],[-70.98816,42.32402,0.0],[-70.98816,42.32409,0.0],[-70.98815,42.32411,0.0],[-70.98813,42.32429,0.0],[-70.98815,42.32442,0.0],[-70.98823,42.32455,0.0],[-70.98843,42.32471,0.0],[-70.98885,42.32491,0.0],[-70.98902,42.32497,0.0],[-70.98909,42.32502,0.0],[-70.98913,42.32507,0.0],[-70.98918,42.32511,0.0],[-70.98918,42.32513,0.0],[-70.98933,42.3253,0.0],[-70.98955,42.32547,0.0],[-70.98962,42.32554,0.0],[-70.99003,42.32571,0.0],[-70.99041,42.32577,0.0],[-70.99065,42.32582,0.0],[-70.99084,42.32589,0.0],[-70.99096,42.32597,0.0],[-70.99103,42.32604,0.0],[-70.99111,42.32614,0.0],[-70.99111,42.32617,0.0],[-70.99114,42.3262,0.0],[-70.99114,42.32623,0.0],[-70.99116,42.32624,0.0],[-70.99118,42.3264,0.0],[-70.9912,42.32647,0.0],[-70.99117,42.32667,0.0],[-70.99114,42.32675,0.0],[-70.99091,42.32716,0.0],[-70.99068,42.3274,0.0],[-70.99046,42.32754,0.0],[-70.99007,42.32775,0.0],[-70.98975,42.32789,0.0],[-70.98943,42.32797,0.0],[-70.98915,42.32808,0.0],[-70.98881,42.32819,0.0],[-70.98851,42.3283,0.0],[-70.98821,42.32837,0.0],[-70.9878,42.32845,0.0],[-70.98755,42.32848,0.0],[-70.98678,42.32852,0.0],[-70.98522,42.32846,0.0],[-70.9846,42.32838,0.0],[-70.98416,42.32825,0.0],[-70.98389,42.32814,0.0],[-70.98372,42.32804,0.0],[-70.98351,42.32787,0.0],[-70.98344,42.32777,0.0],[-70.98341,42.32769,0.0],[-70.98341,42.32762,0.0],[-70.98342,42.32756,0.0],[-70.9837,42.32736,0.0],[-70.98421,42.3271,0.0],[-70.98464,42.32679,0.0],[-70.98478,42.32668,0.0],[-70.98486,42.3266,0.0],[-70.98499,42.32612,0.0],[-70.98504,42.32586,0.0],[-70.98508,42.32576,0.0],[-70.98511,42.32544,0.0],[-70.98511,42.32504,0.0],[-70.98514,42.32489,0.0],[-70.98515,42.32444,0.0],[-70.98515,42.32414,0.0],[-70.98514,42.32399,0.0],[-70.9851,42.32389,0.0],[-70.9851,42.32381,0.0],[-70.98502,42.32357,0.0],[-70.98499,42.32352,0.0],[-70.98495,42.3234,0.0],[-70.98473,42.32314,0.0],[-70.98472,42.32311,0.0],[-70.98467,42.32303,0.0],[-70.98466,42.32298,0.0],[-70.98463,42.32297,0.0],[-70.98457,42.32274,0.0],[-70.98454,42.32267,0.0],[-70.98453,42.32258,0.0],[-70.9845,42.32256,0.0],[-70.98448,42.32243,0.0],[-70.98445,42.32239,0.0],[-70.98443,42.32229,0.0],[-70.9844,42.32227,0.0],[-70.9844,42.32223,0.0],[-70.98433,42.32199,0.0],[-70.98427,42.32174,0.0],[-70.98427,42.32141,0.0],[-70.98431,42.32127,0.0],[-70.98438,42.32115,0.0],[-70.98448,42.32098,0.0],[-70.98459,42.32083,0.0],[-70.98472,42.32071,0.0],[-70.98473,42.32067,0.0],[-70.98498,42.32044,0.0],[-70.98505,42.32034,0.0],[-70.98529,42.3201,0.0],[-70.98536,42.31997,0.0],[-70.98539,42.31995,0.0],[-70.98541,42.31991,0.0],[-70.9855,42.31982,0.0],[-70.98561,42.31966,0.0],[-70.9857,42.31957,0.0],[-70.98576,42.31949,0.0],[-70.98593,42.31926,0.0],[-70.98614,42.31906,0.0],[-70.98626,42.31904,0.0],[-70.98646,42.31908,0.0],[-70.98668,42.31911,0.0]]],[[[-70.93583,42.32669,0.0],[-70.93536,42.32668,0.0],[-70.9341,42.32661,0.0],[-70.93393,42.32652,0.0],[-70.93387,42.32646,0.0],[-70.93386,42.32642,0.0],[-70.93391,42.32634,0.0],[-70.93404,42.32631,0.0],[-70.93424,42.32622,0.0],[-70.9349,42.32603,0.0],[-70.93537,42.32598,0.0],[-70.9361,42.32597,0.0],[-70.93693,42.32592,0.0],[-70.93743,42.32582,0.0],[-70.93806,42.32559,0.0],[-70.93877,42.32528,0.0],[-70.93948,42.3249,0.0],[-70.9397,42.32477,0.0],[-70.93976,42.32474,0.0],[-70.93994,42.32459,0.0],[-70.94004,42.32455,0.0],[-70.94009,42.3246,0.0],[-70.94011,42.32465,0.0],[-70.94016,42.3247,0.0],[-70.94021,42.3248,0.0],[-70.94024,42.32488,0.0],[-70.94025,42.32498,0.0],[-70.94028,42.325,0.0],[-70.94028,42.32502,0.0],[-70.94031,42.32506,0.0],[-70.94035,42.32517,0.0],[-70.94044,42.32529,0.0],[-70.94049,42.32533,0.0],[-70.94074,42.32552,0.0],[-70.9408,42.32554,0.0],[-70.94095,42.32565,0.0],[-70.94102,42.32568,0.0],[-70.94124,42.32584,0.0],[-70.94131,42.32588,0.0],[-70.94158,42.32611,0.0],[-70.94163,42.32618,0.0],[-70.94163,42.32621,0.0],[-70.94165,42.32623,0.0],[-70.94171,42.32642,0.0],[-70.94171,42.32647,0.0],[-70.94173,42.32648,0.0],[-70.94174,42.32661,0.0],[-70.94176,42.32664,0.0],[-70.94176,42.32684,0.0],[-70.94178,42.32686,0.0],[-70.94177,42.32703,0.0],[-70.94164,42.32731,0.0],[-70.94155,42.32738,0.0],[-70.94123,42.32762,0.0],[-70.94111,42.32769,0.0],[-70.9409,42.32774,0.0],[-70.94058,42.32778,0.0],[-70.94039,42.32777,0.0],[-70.94017,42.32775,0.0],[-70.9398,42.32767,0.0],[-70.9396,42.32761,0.0],[-70.93945,42.32758,0.0],[-70.9388,42.32734,0.0],[-70.93869,42.32728,0.0],[-70.9384,42.32717,0.0],[-70.93832,42.32711,0.0],[-70.93781,42.32693,0.0],[-70.93759,42.32688,0.0],[-70.93747,42.32684,0.0],[-70.93703,42.32675,0.0],[-70.93643,42.32667,0.0],[-70.93621,42.32666,0.0],[-70.93614,42.32667,0.0],[-70.93583,42.32669,0.0]]],[[[-70.929,42.3322,0.0],[-70.92894,42.33216,0.0],[-70.92869,42.33192,0.0],[-70.92869,42.33188,0.0],[-70.92836,42.33153,0.0],[-70.92836,42.33151,0.0],[-70.92832,42.33148,0.0],[-70.92832,42.33146,0.0],[-70.92829,42.33144,0.0],[-70.92826,42.33141,0.0],[-70.92822,42.33138,0.0],[-70.92821,42.33134,0.0],[-70.92815,42.33129,0.0],[-70.92815,42.33127,0.0],[-70.92811,42.33125,0.0],[-70.92799,42.33111,0.0],[-70.92792,42.33105,0.0],[-70.92792,42.33102,0.0],[-70.92784,42.33095,0.0],[-70.92784,42.33093,0.0],[-70.92775,42.33083,0.0],[-70.92772,42.33077,0.0],[-70.92765,42.33067,0.0],[-70.92752,42.33059,0.0],[-70.92733,42.33039,0.0],[-70.92719,42.33028,0.0],[-70.92708,42.33016,0.0],[-70.92698,42.33004,0.0],[-70.92686,42.32994,0.0],[-70.92668,42.32976,0.0],[-70.92668,42.32973,0.0],[-70.92648,42.32954,0.0],[-70.92641,42.32945,0.0],[-70.92631,42.32935,0.0],[-70.92629,42.3293,0.0],[-70.92621,42.32924,0.0],[-70.92621,42.32922,0.0],[-70.92607,42.3291,0.0],[-70.92606,42.32906,0.0],[-70.92593,42.32896,0.0],[-70.9258,42.32882,0.0],[-70.92564,42.32867,0.0],[-70.9256,42.32858,0.0],[-70.92554,42.32853,0.0],[-70.92551,42.32851,0.0],[-70.92527,42.32829,0.0],[-70.92456,42.32763,0.0],[-70.92441,42.32751,0.0],[-70.9244,42.32747,0.0],[-70.92423,42.32733,0.0],[-70.92421,42.3273,0.0],[-70.92414,42.32726,0.0],[-70.92403,42.32716,0.0],[-70.92392,42.32708,0.0],[-70.92385,42.32699,0.0],[-70.92365,42.32684,0.0],[-70.92342,42.32661,0.0],[-70.92336,42.3265,0.0],[-70.92329,42.32644,0.0],[-70.92329,42.32639,0.0],[-70.92323,42.32634,0.0],[-70.9232,42.32625,0.0],[-70.9232,42.3261,0.0],[-70.92324,42.32596,0.0],[-70.92327,42.32593,0.0],[-70.92333,42.32578,0.0],[-70.92361,42.3255,0.0],[-70.92372,42.32541,0.0],[-70.92391,42.32535,0.0],[-70.92423,42.32532,0.0],[-70.92477,42.32543,0.0],[-70.9255,42.32552,0.0],[-70.92571,42.32555,0.0],[-70.92591,42.32564,0.0],[-70.92598,42.3257,0.0],[-70.92606,42.3258,0.0],[-70.92612,42.32603,0.0],[-70.92611,42.32637,0.0],[-70.92614,42.3264,0.0],[-70.92615,42.32651,0.0],[-70.92618,42.3266,0.0],[-70.92624,42.32667,0.0],[-70.92628,42.32677,0.0],[-70.92638,42.3269,0.0],[-70.92663,42.32712,0.0],[-70.92675,42.32721,0.0],[-70.92685,42.32732,0.0],[-70.9274,42.32773,0.0],[-70.92778,42.32798,0.0],[-70.92781,42.32799,0.0],[-70.92789,42.32805,0.0],[-70.92792,42.32806,0.0],[-70.9281,42.32817,0.0],[-70.92834,42.32829,0.0],[-70.92871,42.32843,0.0],[-70.92923,42.3286,0.0],[-70.92991,42.32879,0.0],[-70.9301,42.32882,0.0],[-70.93056,42.3288,0.0],[-70.93088,42.32876,0.0],[-70.93115,42.3287,0.0],[-70.93131,42.32871,0.0],[-70.93143,42.32874,0.0],[-70.93153,42.32879,0.0],[-70.93161,42.32889,0.0],[-70.93159,42.32898,0.0],[-70.93144,42.32925,0.0],[-70.93123,42.32958,0.0],[-70.93117,42.32975,0.0],[-70.93107,42.33008,0.0],[-70.93087,42.33054,0.0],[-70.93084,42.33064,0.0],[-70.93077,42.33079,0.0],[-70.93075,42.3309,0.0],[-70.93073,42.33113,0.0],[-70.93074,42.33143,0.0],[-70.93077,42.33159,0.0],[-70.93085,42.33177,0.0],[-70.93118,42.33217,0.0],[-70.93139,42.33233,0.0],[-70.93146,42.33236,0.0],[-70.93169,42.33235,0.0],[-70.93213,42.33271,0.0],[-70.93215,42.33279,0.0],[-70.93213,42.33286,0.0],[-70.93176,42.33309,0.0],[-70.93036,42.33378,0.0],[-70.93024,42.33382,0.0],[-70.93012,42.33384,0.0],[-70.93005,42.33382,0.0],[-70.92987,42.33376,0.0],[-70.92974,42.33366,0.0],[-70.92973,42.33357,0.0],[-70.92975,42.33354,0.0],[-70.9298,42.33336,0.0],[-70.92983,42.3333,0.0],[-70.92984,42.33318,0.0],[-70.92977,42.33307,0.0],[-70.92974,42.33305,0.0],[-70.92971,42.33298,0.0],[-70.92959,42.33286,0.0],[-70.92959,42.33285,0.0],[-70.92956,42.33284,0.0],[-70.92946,42.33269,0.0],[-70.92936,42.33261,0.0],[-70.92936,42.33258,0.0],[-70.92932,42.33254,0.0],[-70.92923,42.33246,0.0],[-70.9291,42.33232,0.0],[-70.92903,42.33226,0.0],[-70.929,42.3322,0.0]]],[[[-70.96205,42.35515,0.0],[-70.9619,42.35518,0.0],[-70.96176,42.35521,0.0],[-70.96145,42.35533,0.0],[-70.96123,42.35541,0.0],[-70.96116,42.3555,0.0],[-70.96088,42.35573,0.0],[-70.96066,42.35584,0.0],[-70.9606,42.35589,0.0],[-70.96047,42.35595,0.0],[-70.96039,42.35597,0.0],[-70.9601,42.35598,0.0],[-70.95987,42.35596,0.0],[-70.95939,42.35587,0.0],[-70.95909,42.35579,0.0],[-70.95902,42.35574,0.0],[-70.95875,42.35551,0.0],[-70.9586,42.35539,0.0],[-70.95834,42.35521,0.0],[-70.95799,42.35503,0.0],[-70.95748,42.35473,0.0],[-70.9571,42.35451,0.0],[-70.9568,42.35432,0.0],[-70.95669,42.35425,0.0],[-70.95596,42.35372,0.0],[-70.95593,42.35367,0.0],[-70.9559,42.35367,0.0],[-70.95586,42.3536,0.0],[-70.95575,42.35351,0.0],[-70.95569,42.35341,0.0],[-70.95566,42.35339,0.0],[-70.95562,42.35333,0.0],[-70.95553,42.35325,0.0],[-70.9555,42.3532,0.0],[-70.95532,42.35294,0.0],[-70.95525,42.35285,0.0],[-70.95517,42.35277,0.0],[-70.95513,42.3527,0.0],[-70.9551,42.35267,0.0],[-70.9551,42.35265,0.0],[-70.95507,42.35262,0.0],[-70.95507,42.3526,0.0],[-70.95474,42.3523,0.0],[-70.95443,42.35188,0.0],[-70.95443,42.35185,0.0],[-70.9544,42.35182,0.0],[-70.9544,42.3518,0.0],[-70.95431,42.35166,0.0],[-70.95429,42.35162,0.0],[-70.95424,42.35158,0.0],[-70.95421,42.35147,0.0],[-70.95414,42.35139,0.0],[-70.95412,42.35133,0.0],[-70.95408,42.35129,0.0],[-70.95406,42.35123,0.0],[-70.95399,42.35116,0.0],[-70.95396,42.35107,0.0],[-70.95393,42.35103,0.0],[-70.95392,42.35097,0.0],[-70.95382,42.35085,0.0],[-70.95382,42.35083,0.0],[-70.95373,42.35073,0.0],[-70.95373,42.3507,0.0],[-70.9537,42.35064,0.0],[-70.95369,42.35059,0.0],[-70.95363,42.35051,0.0],[-70.95361,42.35042,0.0],[-70.95357,42.35037,0.0],[-70.95347,42.3501,0.0],[-70.95346,42.35003,0.0],[-70.95343,42.34999,0.0],[-70.95334,42.34972,0.0],[-70.95333,42.34958,0.0],[-70.9534,42.34942,0.0],[-70.9535,42.34937,0.0],[-70.95366,42.34926,0.0],[-70.95388,42.34917,0.0],[-70.95404,42.34905,0.0],[-70.95407,42.34899,0.0],[-70.95405,42.34858,0.0],[-70.95403,42.34857,0.0],[-70.954,42.34837,0.0],[-70.95398,42.34833,0.0],[-70.95395,42.34818,0.0],[-70.9539,42.34808,0.0],[-70.9539,42.34796,0.0],[-70.95386,42.34792,0.0],[-70.95385,42.34786,0.0],[-70.95383,42.34784,0.0],[-70.95373,42.34758,0.0],[-70.95373,42.34752,0.0],[-70.9537,42.34751,0.0],[-70.95368,42.34739,0.0],[-70.95363,42.34732,0.0],[-70.95363,42.34723,0.0],[-70.95359,42.34718,0.0],[-70.95356,42.34703,0.0],[-70.95356,42.34696,0.0],[-70.95342,42.34651,0.0],[-70.9534,42.34637,0.0],[-70.95337,42.34631,0.0],[-70.95336,42.3462,0.0],[-70.95332,42.34616,0.0],[-70.95328,42.34591,0.0],[-70.95322,42.34551,0.0],[-70.95322,42.34513,0.0],[-70.95316,42.34499,0.0],[-70.9531,42.34493,0.0],[-70.9531,42.3449,0.0],[-70.95306,42.34485,0.0],[-70.95304,42.34476,0.0],[-70.95303,42.34465,0.0],[-70.95305,42.34457,0.0],[-70.95306,42.34429,0.0],[-70.95308,42.34425,0.0],[-70.95309,42.34413,0.0],[-70.95318,42.34406,0.0],[-70.95332,42.34395,0.0],[-70.95351,42.34394,0.0],[-70.95362,42.34396,0.0],[-70.95367,42.34398,0.0],[-70.95374,42.34413,0.0],[-70.95394,42.3443,0.0],[-70.95412,42.3444,0.0],[-70.95438,42.34449,0.0],[-70.95475,42.34454,0.0],[-70.95503,42.34453,0.0],[-70.95544,42.34445,0.0],[-70.95582,42.34434,0.0],[-70.95594,42.34433,0.0],[-70.95598,42.34434,0.0],[-70.95598,42.34443,0.0],[-70.95605,42.3445,0.0],[-70.95638,42.34476,0.0],[-70.95657,42.34489,0.0],[-70.9574,42.3454,0.0],[-70.95741,42.34544,0.0],[-70.95746,42.34549,0.0],[-70.95752,42.34564,0.0],[-70.95763,42.3459,0.0],[-70.95816,42.34639,0.0],[-70.9582,42.34645,0.0],[-70.95819,42.34648,0.0],[-70.95824,42.34653,0.0],[-70.95826,42.34659,0.0],[-70.95828,42.34661,0.0],[-70.95828,42.34664,0.0],[-70.95832,42.34675,0.0],[-70.95836,42.34694,0.0],[-70.95843,42.3472,0.0],[-70.95845,42.34722,0.0],[-70.95855,42.34744,0.0],[-70.95855,42.34749,0.0],[-70.95857,42.34751,0.0],[-70.95857,42.34754,0.0],[-70.95867,42.34767,0.0],[-70.95868,42.34772,0.0],[-70.95883,42.34785,0.0],[-70.95905,42.34809,0.0],[-70.95946,42.34846,0.0],[-70.95961,42.34857,0.0],[-70.96021,42.34903,0.0],[-70.96022,42.34906,0.0],[-70.96029,42.34909,0.0],[-70.96045,42.34919,0.0],[-70.9605,42.34922,0.0],[-70.96067,42.34924,0.0],[-70.96079,42.34932,0.0],[-70.96108,42.3494,0.0],[-70.96124,42.34947,0.0],[-70.96137,42.34953,0.0],[-70.96178,42.34973,0.0],[-70.96191,42.34981,0.0],[-70.9621,42.34992,0.0],[-70.96223,42.34995,0.0],[-70.96235,42.35001,0.0],[-70.96257,42.35017,0.0],[-70.96261,42.35021,0.0],[-70.96272,42.35032,0.0],[-70.96298,42.3504,0.0],[-70.96321,42.3504,0.0],[-70.96325,42.35041,0.0],[-70.96324,42.35047,0.0],[-70.96313,42.35062,0.0],[-70.96312,42.35074,0.0],[-70.96321,42.3508,0.0],[-70.96338,42.35085,0.0],[-70.96365,42.35082,0.0],[-70.96385,42.35082,0.0],[-70.96414,42.35084,0.0],[-70.96431,42.35091,0.0],[-70.9645,42.35102,0.0],[-70.96458,42.35108,0.0],[-70.96457,42.3511,0.0],[-70.96476,42.35123,0.0],[-70.9648,42.3513,0.0],[-70.96489,42.35139,0.0],[-70.9649,42.35144,0.0],[-70.96496,42.3515,0.0],[-70.96496,42.35153,0.0],[-70.96499,42.35154,0.0],[-70.96501,42.35159,0.0],[-70.96504,42.35161,0.0],[-70.96504,42.35163,0.0],[-70.96511,42.35171,0.0],[-70.96513,42.35177,0.0],[-70.96515,42.35177,0.0],[-70.96515,42.3518,0.0],[-70.9652,42.35187,0.0],[-70.9652,42.35191,0.0],[-70.96524,42.35195,0.0],[-70.96524,42.35198,0.0],[-70.96527,42.35201,0.0],[-70.96534,42.35218,0.0],[-70.96531,42.35226,0.0],[-70.96527,42.35233,0.0],[-70.96499,42.35251,0.0],[-70.9649,42.35265,0.0],[-70.9649,42.35279,0.0],[-70.96494,42.35287,0.0],[-70.96499,42.35291,0.0],[-70.965,42.35293,0.0],[-70.96519,42.35308,0.0],[-70.96554,42.35329,0.0],[-70.96648,42.35376,0.0],[-70.96678,42.35387,0.0],[-70.96693,42.3539,0.0],[-70.96731,42.35407,0.0],[-70.96778,42.35429,0.0],[-70.96831,42.35447,0.0],[-70.9686,42.35465,0.0],[-70.96864,42.35468,0.0],[-70.96867,42.3547,0.0],[-70.96869,42.35473,0.0],[-70.96872,42.35475,0.0],[-70.96876,42.35487,0.0],[-70.96875,42.35496,0.0],[-70.96871,42.35503,0.0],[-70.9684,42.35515,0.0],[-70.96796,42.35522,0.0],[-70.96787,42.3553,0.0],[-70.96785,42.35544,0.0],[-70.96785,42.35548,0.0],[-70.96791,42.35555,0.0],[-70.96813,42.35564,0.0],[-70.96844,42.3558,0.0],[-70.96875,42.35592,0.0],[-70.96868,42.35598,0.0],[-70.96844,42.35616,0.0],[-70.96829,42.35628,0.0],[-70.9675,42.35689,0.0],[-70.96739,42.35682,0.0],[-70.96734,42.35679,0.0],[-70.96721,42.35673,0.0],[-70.96673,42.35654,0.0],[-70.96594,42.35633,0.0],[-70.96481,42.35611,0.0],[-70.9646,42.35604,0.0],[-70.96399,42.3557,0.0],[-70.96384,42.3556,0.0],[-70.96378,42.35558,0.0],[-70.96349,42.35541,0.0],[-70.96306,42.35524,0.0],[-70.96299,42.35523,0.0],[-70.96291,42.35519,0.0],[-70.96254,42.35507,0.0],[-70.9624,42.35506,0.0],[-70.96215,42.35511,0.0],[-70.96205,42.35515,0.0]]]]}},{"type":"Feature","properties":{"uesi_id":"USA_R2315704","nbhd_code":"USA_R2315704_152","nbhd_name":"14000US25025060101"},"geometry":{"type":"MultiPolygon","coordinates":[[[[-71.02513,42.33832,0.0],[-71.02511,42.33749,0.0],[-71.02509,42.33667,0.0],[-71.02507,42.33581,0.0],[-71.02505,42.33494,0.0],[-71.02503,42.3341,0.0],[-71.02501,42.33329,0.0],[-71.025,42.33303,0.0],[-71.02516,42.33293,0.0],[-71.02639,42.33263,0.0],[-71.02708,42.33242,0.0],[-71.02807,42.33207,0.0],[-71.02865,42.33183,0.0],[-71.0291,42.33163,0.0],[-71.02953,42.33144,0.0],[-71.03066,42.33089,0.0],[-71.03114,42.33066,0.0],[-71.03116,42.33084,0.0],[-71.03118,42.33155,0.0],[-71.03119,42.33196,0.0],[-71.03119,42.33237,0.0],[-71.03123,42.33319,0.0],[-71.03124,42.33363,0.0],[-71.03125,42.33401,0.0],[-71.03128,42.33484,0.0],[-71.02921,42.33487,0.0],[-71.02923,42.33574,0.0],[-71.02926,42.3366,0.0],[-71.0293,42.33743,0.0],[-71.02932,42.33825,0.0],[-71.0288,42.33826,0.0],[-71.02726,42.33828,0.0],[-71.02679,42.3383,0.0],[-71.02622,42.33831,0.0],[-71.02593,42.33831,0.0],[-71.02523,42.33833,0.0],[-71.02513,42.33832,0.0]]]]}},{"type":"Feature","properties":{"uesi_id":"USA_R2315704","nbhd_code":"USA_R2315704_153","nbhd_name":"14000US25025981502"},"geometry":{"type":"MultiPolygon","coordinates":[[[[-71.00271,42.4044,0.0],[-71.00282,42.40426,0.0],[-71.00347,42.40345,0.0],[-71.0038,42.40302,0.0],[-71.00431,42.40238,0.0],[-71.00483,42.40173,0.0],[-71.00232,42.40095,0.0],[-71.00188,42.40082,0.0],[-71.00137,42.40138,0.0],[-71.00129,42.40149,0.0],[-71.00112,42.40151,0.0],[-71.0008,42.40147,0.0],[-71.00037,42.40135,0.0],[-70.99968,42.40108,0.0],[-70.99964,42.40106,0.0],[-70.99962,42.40103,0.0],[-70.99958,42.40101,0.0],[-70.9994,42.40089,0.0],[-70.99919,42.4008,0.0],[-70.99906,42.40075,0.0],[-70.99893,42.4007,0.0],[-70.99871,42.40062,0.0],[-70.99867,42.4006,0.0],[-70.99864,42.40058,0.0],[-70.99865,42.40054,0.0],[-70.99866,42.4004,0.0],[-70.99864,42.40022,0.0],[-70.99861,42.40012,0.0],[-70.99854,42.39999,0.0],[-70.99847,42.39982,0.0],[-70.99844,42.39975,0.0],[-70.99843,42.39972,0.0],[-70.9984,42.39965,0.0],[-70.99844,42.39961,0.0],[-70.99822,42.39924,0.0],[-70.99795,42.39948,0.0],[-70.99774,42.39966,0.0],[-70.99744,42.39993,0.0],[-70.99681,42.40047,0.0],[-70.99608,42.40002,0.0],[-70.99587,42.3999,0.0],[-70.99548,42.39967,0.0],[-70.99535,42.39955,0.0],[-70.99501,42.39931,0.0],[-70.9946,42.39908,0.0],[-70.99456,42.39906,0.0],[-70.99337,42.39834,0.0],[-70.99274,42.39794,0.0],[-70.99304,42.39746,0.0],[-70.99389,42.39616,0.0],[-70.99419,42.39476,0.0],[-70.99429,42.3946,0.0],[-70.99459,42.39417,0.0],[-70.99505,42.39357,0.0],[-70.99508,42.39354,0.0],[-70.99509,42.39352,0.0],[-70.99823,42.39027,0.0],[-70.99864,42.39084,0.0],[-70.99872,42.39089,0.0],[-70.99964,42.39121,0.0],[-71.00039,42.39158,0.0],[-71.0023,42.39239,0.0],[-71.00353,42.3927,0.0],[-71.00365,42.39248,0.0],[-71.00402,42.3926,0.0],[-71.00438,42.39267,0.0],[-71.00456,42.3927,0.0],[-71.00501,42.39277,0.0],[-71.0054,42.3928,0.0],[-71.00595,42.39282,0.0],[-71.00597,42.39283,0.0],[-71.00826,42.39334,0.0],[-71.00858,42.3934,0.0],[-71.00883,42.39343,0.0],[-71.00921,42.39346,0.0],[-71.00999,42.39347,0.0],[-71.01144,42.39348,0.0],[-71.01161,42.3935,0.0],[-71.0115,42.39364,0.0],[-71.0112,42.39401,0.0],[-71.01069,42.39464,0.0],[-71.01038,42.39504,0.0],[-71.01,42.3955,0.0],[-71.01168,42.39573,0.0],[-71.01193,42.39576,0.0],[-71.01127,42.3966,0.0],[-71.01103,42.39648,0.0],[-71.01033,42.3974,0.0],[-71.0102,42.39755,0.0],[-71.0097,42.39811,0.0],[-71.00904,42.39892,0.0],[-71.00709,42.40127,0.0],[-71.00577,42.40286,0.0],[-71.00525,42.40357,0.0],[-71.00476,42.40423,0.0],[-71.00458,42.40458,0.0],[-71.00447,42.40474,0.0],[-71.00438,42.40483,0.0],[-71.00428,42.40494,0.0],[-71.00364,42.40472,0.0],[-71.00282,42.40444,0.0],[-71.00271,42.4044,0.0]]]]}},{"type":"Feature","properties":{"uesi_id":"USA_R2315704","nbhd_code":"USA_R2315704_154","nbhd_name":"14000US25025060600"},"geometry":{"type":"MultiPolygon","coordinates":[[[[-71.0334,42.35087,0.0],[-71.03492,42.34867,0.0],[-71.03505,42.34855,0.0],[-71.03536,42.34819,0.0],[-71.0354,42.34823,0.0],[-71.03578,42.34777,0.0],[-71.03599,42.34771,0.0],[-71.03564,42.34729,0.0],[-71.03575,42.34723,0.0],[-71.03573,42.3472,0.0],[-71.03561,42.34709,0.0],[-71.03513,42.34661,0.0],[-71.03582,42.34587,0.0],[-71.03646,42.34519,0.0],[-71.03681,42.34482,0.0],[-71.03686,42.34476,0.0],[-71.03693,42.34464,0.0],[-71.03707,42.34453,0.0],[-71.03727,42.34431,0.0],[-71.03727,42.34413,0.0],[-71.03726,42.34389,0.0],[-71.03729,42.34373,0.0],[-71.03731,42.34345,0.0],[-71.03731,42.34322,0.0],[-71.03745,42.34322,0.0],[-71.03773,42.34342,0.0],[-71.03805,42.34364,0.0],[-71.03838,42.34379,0.0],[-71.03898,42.34417,0.0],[-71.03935,42.3444,0.0],[-71.03949,42.3445,0.0],[-71.03974,42.34449,0.0],[-71.04108,42.34447,0.0],[-71.04121,42.34449,0.0],[-71.04134,42.34452,0.0],[-71.04141,42.34453,0.0],[-71.04291,42.34324,0.0],[-71.04341,42.3428,0.0],[-71.04384,42.34246,0.0],[-71.0449,42.34154,0.0],[-71.04628,42.34038,0.0],[-71.04707,42.33971,0.0],[-71.04666,42.33944,0.0],[-71.04609,42.33906,0.0],[-71.04556,42.33873,0.0],[-71.04587,42.33845,0.0],[-71.0462,42.33816,0.0],[-71.04652,42.33789,0.0],[-71.04685,42.3376,0.0],[-71.04727,42.33724,0.0],[-71.04776,42.33682,0.0],[-71.0493,42.33781,0.0],[-71.04975,42.33811,0.0],[-71.05003,42.33829,0.0],[-71.05014,42.33836,0.0],[-71.05062,42.33866,0.0],[-71.05084,42.3388,0.0],[-71.05101,42.33891,0.0],[-71.05131,42.33913,0.0],[-71.05165,42.33934,0.0],[-71.05217,42.33967,0.0],[-71.05238,42.33981,0.0],[-71.0519,42.3402,0.0],[-71.05145,42.3406,0.0],[-71.05114,42.34086,0.0],[-71.05099,42.34098,0.0],[-71.05082,42.34113,0.0],[-71.05016,42.3417,0.0],[-71.04978,42.34203,0.0],[-71.04945,42.34232,0.0],[-71.04939,42.34237,0.0],[-71.04894,42.34273,0.0],[-71.04884,42.34281,0.0],[-71.04679,42.3446,0.0],[-71.0454,42.34582,0.0],[-71.04456,42.34655,0.0],[-71.04476,42.34668,0.0],[-71.04599,42.34749,0.0],[-71.04652,42.34785,0.0],[-71.04583,42.34808,0.0],[-71.04574,42.34809,0.0],[-71.04584,42.34813,0.0],[-71.04605,42.34824,0.0],[-71.04612,42.34827,0.0],[-71.04655,42.34848,0.0],[-71.04661,42.34851,0.0],[-71.04693,42.3487,0.0],[-71.0471,42.3488,0.0],[-71.04743,42.34895,0.0],[-71.04754,42.34899,0.0],[-71.04786,42.34913,0.0],[-71.04901,42.34966,0.0],[-71.051,42.35058,0.0],[-71.0511,42.35063,0.0],[-71.05116,42.35066,0.0],[-71.05083,42.3511,0.0],[-71.05045,42.35162,0.0],[-71.04931,42.35316,0.0],[-71.04912,42.3534,0.0],[-71.04905,42.3535,0.0],[-71.04858,42.35411,0.0],[-71.04853,42.35417,0.0],[-71.0485,42.35419,0.0],[-71.04812,42.35452,0.0],[-71.04757,42.35475,0.0],[-71.04693,42.35492,0.0],[-71.04646,42.35507,0.0],[-71.04599,42.35515,0.0],[-71.04559,42.35513,0.0],[-71.04552,42.35512,0.0],[-71.04549,42.35512,0.0],[-71.04548,42.35512,0.0],[-71.04546,42.35512,0.0],[-71.045,42.35506,0.0],[-71.04491,42.35503,0.0],[-71.04371,42.35467,0.0],[-71.04432,42.35342,0.0],[-71.04338,42.35301,0.0],[-71.04308,42.35334,0.0],[-71.04281,42.35322,0.0],[-71.04235,42.35301,0.0],[-71.04157,42.35402,0.0],[-71.04103,42.35377,0.0],[-71.04155,42.35306,0.0],[-71.04156,42.35304,0.0],[-71.04162,42.35296,0.0],[-71.04295,42.35115,0.0],[-71.04254,42.35094,0.0],[-71.0427,42.35073,0.0],[-71.04217,42.35049,0.0],[-71.04007,42.35338,0.0],[-71.03865,42.35278,0.0],[-71.04087,42.34993,0.0],[-71.03992,42.34953,0.0],[-71.03776,42.35242,0.0],[-71.03723,42.35218,0.0],[-71.03681,42.35198,0.0],[-71.0388,42.34936,0.0],[-71.03777,42.34889,0.0],[-71.03781,42.34883,0.0],[-71.03755,42.34872,0.0],[-71.0374,42.34889,0.0],[-71.03718,42.34893,0.0],[-71.0372,42.34915,0.0],[-71.03715,42.34919,0.0],[-71.03706,42.3492,0.0],[-71.03691,42.34919,0.0],[-71.03684,42.34921,0.0],[-71.03604,42.35029,0.0],[-71.03583,42.35019,0.0],[-71.03592,42.35007,0.0],[-71.03623,42.34963,0.0],[-71.0362,42.34955,0.0],[-71.03627,42.34946,0.0],[-71.03584,42.34927,0.0],[-71.03432,42.35125,0.0],[-71.03412,42.35116,0.0],[-71.03391,42.35107,0.0],[-71.03417,42.35074,0.0],[-71.03418,42.35072,0.0],[-71.03462,42.35015,0.0],[-71.03535,42.34922,0.0],[-71.03535,42.34919,0.0],[-71.03536,42.34916,0.0],[-71.03532,42.34911,0.0],[-71.0353,42.3491,0.0],[-71.03524,42.34908,0.0],[-71.03518,42.34908,0.0],[-71.03513,42.34909,0.0],[-71.03507,42.34912,0.0],[-71.03363,42.35097,0.0],[-71.0334,42.35087,0.0]]]]}},{"type":"Feature","properties":{"uesi_id":"USA_R2315704","nbhd_code":"USA_R2315704_155","nbhd_name":"14000US25025060400"},"geometry":{"type":"MultiPolygon","coordinates":[[[[-71.03725,42.32953,0.0],[-71.03775,42.32965,0.0],[-71.03904,42.32997,0.0],[-71.03954,42.33006,0.0],[-71.03979,42.3301,0.0],[-71.04012,42.33014,0.0],[-71.0409,42.33022,0.0],[-71.04153,42.33024,0.0],[-71.04204,42.33025,0.0],[-71.04279,42.33023,0.0],[-71.04405,42.3302,0.0],[-71.0449,42.33019,0.0],[-71.04533,42.33019,0.0],[-71.04617,42.33017,0.0],[-71.04739,42.33014,0.0],[-71.04738,42.33043,0.0],[-71.04742,42.33125,0.0],[-71.04741,42.33174,0.0],[-71.04745,42.33232,0.0],[-71.04746,42.33297,0.0],[-71.04745,42.33365,0.0],[-71.04748,42.33425,0.0],[-71.04751,42.33461,0.0],[-71.04724,42.33473,0.0],[-71.04676,42.33497,0.0],[-71.04628,42.33523,0.0],[-71.04596,42.33537,0.0],[-71.0457,42.33546,0.0],[-71.04544,42.33546,0.0],[-71.04427,42.33548,0.0],[-71.04155,42.33553,0.0],[-71.04153,42.33467,0.0],[-71.04151,42.33384,0.0],[-71.0415,42.33343,0.0],[-71.04148,42.33302,0.0],[-71.04095,42.33303,0.0],[-71.04075,42.33303,0.0],[-71.03993,42.33304,0.0],[-71.03909,42.33307,0.0],[-71.03863,42.33309,0.0],[-71.03734,42.33309,0.0],[-71.03731,42.33227,0.0],[-71.03729,42.33144,0.0],[-71.03727,42.33062,0.0],[-71.03726,42.3302,0.0],[-71.03724,42.32972,0.0],[-71.03725,42.32953,0.0]]]]}},{"type":"Feature","properties":{"uesi_id":"USA_R2315704","nbhd_code":"USA_R2315704_156","nbhd_name":"14000US25025060200"},"geometry":{"type":"MultiPolygon","coordinates":[[[[-71.03114,42.33066,0.0],[-71.03166,42.33043,0.0],[-71.03234,42.33016,0.0],[-71.03286,42.32996,0.0],[-71.03318,42.32985,0.0],[-71.03377,42.32966,0.0],[-71.03431,42.3295,0.0],[-71.03485,42.3294,0.0],[-71.03521,42.32936,0.0],[-71.03521,42.32953,0.0],[-71.03525,42.33065,0.0],[-71.03527,42.33148,0.0],[-71.0353,42.3323,0.0],[-71.03453,42.33231,0.0],[-71.03432,42.33232,0.0],[-71.03326,42.33234,0.0],[-71.03328,42.33315,0.0],[-71.03329,42.33347,0.0],[-71.0333,42.33399,0.0],[-71.03331,42.33463,0.0],[-71.03332,42.33481,0.0],[-71.03335,42.33567,0.0],[-71.03129,42.3357,0.0],[-71.02923,42.33574,0.0],[-71.02921,42.33487,0.0],[-71.03128,42.33484,0.0],[-71.03125,42.33401,0.0],[-71.03124,42.33363,0.0],[-71.03123,42.33319,0.0],[-71.03119,42.33237,0.0],[-71.03119,42.33196,0.0],[-71.03118,42.33155,0.0],[-71.03116,42.33084,0.0],[-71.03114,42.33066,0.0]]]]}},{"type":"Feature","properties":{"uesi_id":"USA_R2315704","nbhd_code":"USA_R2315704_157","nbhd_name":"14000US25025040801"},"geometry":{"type":"MultiPolygon","coordinates":[[[[-71.05766,42.37224,0.0],[-71.05877,42.37188,0.0],[-71.05904,42.37221,0.0],[-71.05871,42.37237,0.0],[-71.05825,42.3726,0.0],[-71.05812,42.37269,0.0],[-71.05799,42.3728,0.0],[-71.05791,42.373,0.0],[-71.05792,42.37323,0.0],[-71.05798,42.37339,0.0],[-71.058,42.37344,0.0],[-71.05813,42.37368,0.0],[-71.05821,42.37384,0.0],[-71.05806,42.37398,0.0],[-71.05801,42.37402,0.0],[-71.05775,42.37425,0.0],[-71.05735,42.37456,0.0],[-71.05696,42.37488,0.0],[-71.05665,42.37508,0.0],[-71.05624,42.37532,0.0],[-71.05586,42.37562,0.0],[-71.05584,42.37564,0.0],[-71.05579,42.37568,0.0],[-71.05552,42.37595,0.0],[-71.05523,42.37623,0.0],[-71.05457,42.37685,0.0],[-71.05376,42.37762,0.0],[-71.05364,42.37773,0.0],[-71.05321,42.37816,0.0],[-71.05294,42.37844,0.0],[-71.05321,42.37857,0.0],[-71.05324,42.37858,0.0],[-71.0535,42.3787,0.0],[-71.05415,42.37905,0.0],[-71.05441,42.37907,0.0],[-71.05454,42.37908,0.0],[-71.05488,42.3791,0.0],[-71.0555,42.37911,0.0],[-71.05591,42.37912,0.0],[-71.05605,42.37841,0.0],[-71.05618,42.37784,0.0],[-71.05629,42.37742,0.0],[-71.0563,42.37709,0.0],[-71.05646,42.37693,0.0],[-71.05705,42.37708,0.0],[-71.05712,42.3771,0.0],[-71.05722,42.37714,0.0],[-71.05741,42.37721,0.0],[-71.05841,42.37755,0.0],[-71.05874,42.37768,0.0],[-71.05908,42.3778,0.0],[-71.05961,42.37798,0.0],[-71.05987,42.37806,0.0],[-71.05968,42.37833,0.0],[-71.05935,42.37898,0.0],[-71.05896,42.37968,0.0],[-71.05961,42.37995,0.0],[-71.0597,42.37999,0.0],[-71.06035,42.38028,0.0],[-71.06117,42.38062,0.0],[-71.06139,42.3807,0.0],[-71.0616,42.3808,0.0],[-71.06148,42.38097,0.0],[-71.06125,42.38124,0.0],[-71.06107,42.38147,0.0],[-71.06096,42.38163,0.0],[-71.06082,42.38188,0.0],[-71.06033,42.38208,0.0],[-71.06021,42.38217,0.0],[-71.06,42.38241,0.0],[-71.0593,42.38336,0.0],[-71.05905,42.38374,0.0],[-71.0585,42.38451,0.0],[-71.05838,42.38462,0.0],[-71.05827,42.38467,0.0],[-71.05816,42.38468,0.0],[-71.05759,42.38463,0.0],[-71.0574,42.38481,0.0],[-71.05533,42.38456,0.0],[-71.05331,42.38437,0.0],[-71.0518,42.38425,0.0],[-71.05034,42.38413,0.0],[-71.05047,42.38393,0.0],[-71.05003,42.38376,0.0],[-71.04972,42.38399,0.0],[-71.0491,42.38391,0.0],[-71.04854,42.38379,0.0],[-71.04849,42.38378,0.0],[-71.04842,42.38377,0.0],[-71.04813,42.38368,0.0],[-71.04779,42.38358,0.0],[-71.04759,42.38345,0.0],[-71.04747,42.38314,0.0],[-71.04722,42.38281,0.0],[-71.04731,42.38227,0.0],[-71.04741,42.38191,0.0],[-71.0475,42.38169,0.0],[-71.04789,42.38178,0.0],[-71.04866,42.38195,0.0],[-71.04936,42.38209,0.0],[-71.0494,42.3821,0.0],[-71.04941,42.38207,0.0],[-71.04972,42.38166,0.0],[-71.04797,42.38134,0.0],[-71.04731,42.38128,0.0],[-71.04765,42.37988,0.0],[-71.04898,42.38004,0.0],[-71.05077,42.38032,0.0],[-71.05114,42.38036,0.0],[-71.05119,42.38041,0.0],[-71.05139,42.38058,0.0],[-71.05142,42.3806,0.0],[-71.05155,42.38072,0.0],[-71.05157,42.38076,0.0],[-71.05167,42.38077,0.0],[-71.05224,42.38081,0.0],[-71.05307,42.38096,0.0],[-71.05482,42.38118,0.0],[-71.05642,42.38141,0.0],[-71.05698,42.38149,0.0],[-71.05738,42.38155,0.0],[-71.05741,42.38161,0.0],[-71.05739,42.38165,0.0],[-71.0571,42.38166,0.0],[-71.05682,42.38163,0.0],[-71.0571,42.38175,0.0],[-71.05741,42.3818,0.0],[-71.05758,42.38183,0.0],[-71.05769,42.38161,0.0],[-71.05822,42.38163,0.0],[-71.05853,42.38157,0.0],[-71.05864,42.3814,0.0],[-71.05862,42.38117,0.0],[-71.05863,42.38103,0.0],[-71.05827,42.38085,0.0],[-71.05787,42.38072,0.0],[-71.05748,42.3806,0.0],[-71.05681,42.38042,0.0],[-71.05571,42.3802,0.0],[-71.05563,42.38019,0.0],[-71.05453,42.38007,0.0],[-71.05392,42.38003,0.0],[-71.05332,42.37996,0.0],[-71.05278,42.37994,0.0],[-71.05237,42.37989,0.0],[-71.05209,42.37985,0.0],[-71.05205,42.37984,0.0],[-71.05192,42.37982,0.0],[-71.0517,42.37978,0.0],[-71.05127,42.37965,0.0],[-71.05102,42.37954,0.0],[-71.05089,42.3797,0.0],[-71.05073,42.37967,0.0],[-71.05016,42.37959,0.0],[-71.04906,42.37947,0.0],[-71.04823,42.37934,0.0],[-71.04794,42.37846,0.0],[-71.04753,42.37698,0.0],[-71.04767,42.37692,0.0],[-71.04848,42.37758,0.0],[-71.04914,42.37813,0.0],[-71.04941,42.37795,0.0],[-71.04821,42.37692,0.0],[-71.04791,42.37667,0.0],[-71.04797,42.3766,0.0],[-71.04807,42.37647,0.0],[-71.04927,42.37719,0.0],[-71.04962,42.37674,0.0],[-71.04791,42.37575,0.0],[-71.04802,42.37557,0.0],[-71.04974,42.37649,0.0],[-71.04989,42.37605,0.0],[-71.04851,42.37511,0.0],[-71.04825,42.37494,0.0],[-71.04849,42.37472,0.0],[-71.04882,42.37493,0.0],[-71.04908,42.37511,0.0],[-71.04969,42.3755,0.0],[-71.05012,42.37526,0.0],[-71.05032,42.37535,0.0],[-71.05064,42.37518,0.0],[-71.05055,42.37511,0.0],[-71.04871,42.37346,0.0],[-71.04895,42.37306,0.0],[-71.05059,42.37453,0.0],[-71.05063,42.37441,0.0],[-71.05077,42.37394,0.0],[-71.04926,42.37263,0.0],[-71.04937,42.37243,0.0],[-71.04939,42.37245,0.0],[-71.05082,42.37367,0.0],[-71.05089,42.37349,0.0],[-71.05096,42.37344,0.0],[-71.05117,42.3733,0.0],[-71.0497,42.37193,0.0],[-71.05009,42.37171,0.0],[-71.05039,42.37199,0.0],[-71.05154,42.37306,0.0],[-71.05209,42.37273,0.0],[-71.05058,42.37136,0.0],[-71.05081,42.37123,0.0],[-71.05142,42.37179,0.0],[-71.05267,42.37296,0.0],[-71.05277,42.37289,0.0],[-71.05447,42.37438,0.0],[-71.05455,42.37437,0.0],[-71.05464,42.37435,0.0],[-71.0547,42.37429,0.0],[-71.05472,42.37422,0.0],[-71.0525,42.37208,0.0],[-71.05258,42.37204,0.0],[-71.05265,42.372,0.0],[-71.05376,42.37297,0.0],[-71.05382,42.3725,0.0],[-71.05324,42.37196,0.0],[-71.05354,42.37194,0.0],[-71.05457,42.37289,0.0],[-71.0547,42.37279,0.0],[-71.05574,42.37369,0.0],[-71.05593,42.37356,0.0],[-71.05488,42.37267,0.0],[-71.05499,42.3726,0.0],[-71.05413,42.37185,0.0],[-71.05485,42.37178,0.0],[-71.05504,42.37186,0.0],[-71.05691,42.37266,0.0],[-71.05728,42.37245,0.0],[-71.05766,42.37224,0.0]]]]}},{"type":"Feature","properties":{"uesi_id":"USA_R2315704","nbhd_code":"USA_R2315704_158","nbhd_name":"14000US25025010203"},"geometry":{"type":"MultiPolygon","coordinates":[[[[-71.08784,42.34747,0.0],[-71.08776,42.34731,0.0],[-71.08926,42.3469,0.0],[-71.08941,42.34686,0.0],[-71.09001,42.34669,0.0],[-71.09009,42.34667,0.0],[-71.0904,42.34658,0.0],[-71.09055,42.34656,0.0],[-71.0907,42.34654,0.0],[-71.0909,42.34655,0.0],[-71.09109,42.34658,0.0],[-71.09137,42.34663,0.0],[-71.0916,42.34669,0.0],[-71.09185,42.34676,0.0],[-71.09201,42.34684,0.0],[-71.09204,42.34686,0.0],[-71.09208,42.34688,0.0],[-71.09212,42.34691,0.0],[-71.09216,42.34694,0.0],[-71.09223,42.347,0.0],[-71.09227,42.34712,0.0],[-71.0923,42.34705,0.0],[-71.09239,42.34697,0.0],[-71.09249,42.34692,0.0],[-71.0927,42.34684,0.0],[-71.0929,42.34677,0.0],[-71.0931,42.34668,0.0],[-71.0933,42.34652,0.0],[-71.09419,42.34571,0.0],[-71.0943,42.34559,0.0],[-71.0944,42.34533,0.0],[-71.09457,42.34486,0.0],[-71.09461,42.3447,0.0],[-71.09464,42.34456,0.0],[-71.09477,42.34445,0.0],[-71.09484,42.34442,0.0],[-71.09493,42.34439,0.0],[-71.09574,42.34415,0.0],[-71.09651,42.34395,0.0],[-71.09741,42.3437,0.0],[-71.09722,42.34329,0.0],[-71.09713,42.34309,0.0],[-71.09702,42.34287,0.0],[-71.0968,42.34244,0.0],[-71.09661,42.34206,0.0],[-71.09649,42.34185,0.0],[-71.09716,42.34168,0.0],[-71.09735,42.34159,0.0],[-71.09752,42.34147,0.0],[-71.0979,42.34116,0.0],[-71.09819,42.34093,0.0],[-71.09836,42.34082,0.0],[-71.09841,42.3408,0.0],[-71.09863,42.34071,0.0],[-71.09888,42.34064,0.0],[-71.09906,42.34062,0.0],[-71.09926,42.34064,0.0],[-71.09954,42.34071,0.0],[-71.0998,42.34081,0.0],[-71.09999,42.34089,0.0],[-71.10018,42.34098,0.0],[-71.10031,42.34105,0.0],[-71.10045,42.34117,0.0],[-71.10077,42.34145,0.0],[-71.10107,42.34175,0.0],[-71.10182,42.34251,0.0],[-71.10207,42.34276,0.0],[-71.10235,42.34306,0.0],[-71.10247,42.3432,0.0],[-71.10252,42.34338,0.0],[-71.10242,42.34353,0.0],[-71.1019,42.34402,0.0],[-71.10182,42.34409,0.0],[-71.10167,42.34423,0.0],[-71.10098,42.34489,0.0],[-71.1008,42.34504,0.0],[-71.1006,42.34523,0.0],[-71.10032,42.34548,0.0],[-71.0997,42.34608,0.0],[-71.0995,42.34628,0.0],[-71.09935,42.34645,0.0],[-71.09896,42.34682,0.0],[-71.09858,42.34718,0.0],[-71.09817,42.34761,0.0],[-71.09812,42.34765,0.0],[-71.09485,42.34765,0.0],[-71.09287,42.34765,0.0],[-71.09244,42.34764,0.0],[-71.09232,42.34764,0.0],[-71.09212,42.34764,0.0],[-71.09194,42.34764,0.0],[-71.09155,42.34764,0.0],[-71.09005,42.34766,0.0],[-71.08964,42.34765,0.0],[-71.0894,42.34763,0.0],[-71.0891,42.3476,0.0],[-71.08872,42.34753,0.0],[-71.0883,42.34748,0.0],[-71.08805,42.34746,0.0],[-71.08784,42.34747,0.0]]]]}},{"type":"Feature","properties":{"uesi_id":"USA_R2315704","nbhd_code":"USA_R2315704_159","nbhd_name":"14000US25025110403"},"geometry":{"type":"MultiPolygon","coordinates":[[[[-71.11971,42.2803,0.0],[-71.11984,42.27955,0.0],[-71.11999,42.27883,0.0],[-71.12002,42.27883,0.0],[-71.12038,42.27878,0.0],[-71.1203,42.27866,0.0],[-71.1203,42.27856,0.0],[-71.1203,42.27843,0.0],[-71.12035,42.2782,0.0],[-71.12064,42.2769,0.0],[-71.12081,42.27607,0.0],[-71.12087,42.27588,0.0],[-71.12099,42.27565,0.0],[-71.12144,42.27465,0.0],[-71.12132,42.27439,0.0],[-71.12124,42.27423,0.0],[-71.12124,42.27411,0.0],[-71.12125,42.27396,0.0],[-71.12129,42.27383,0.0],[-71.12133,42.27381,0.0],[-71.12146,42.27378,0.0],[-71.12244,42.2738,0.0],[-71.12367,42.27383,0.0],[-71.12357,42.27355,0.0],[-71.12445,42.27301,0.0],[-71.12491,42.27271,0.0],[-71.12547,42.27324,0.0],[-71.12566,42.27341,0.0],[-71.12579,42.27348,0.0],[-71.126,42.27356,0.0],[-71.12635,42.27367,0.0],[-71.12685,42.27382,0.0],[-71.12769,42.27407,0.0],[-71.12825,42.27425,0.0],[-71.1284,42.27411,0.0],[-71.12867,42.2739,0.0],[-71.12913,42.27364,0.0],[-71.12943,42.27347,0.0],[-71.12967,42.27341,0.0],[-71.13017,42.27321,0.0],[-71.13056,42.27303,0.0],[-71.13086,42.27288,0.0],[-71.13112,42.27306,0.0],[-71.1327,42.27405,0.0],[-71.13244,42.27424,0.0],[-71.13164,42.27492,0.0],[-71.13212,42.27523,0.0],[-71.13286,42.27569,0.0],[-71.13315,42.27589,0.0],[-71.13375,42.27625,0.0],[-71.13408,42.27645,0.0],[-71.13463,42.27679,0.0],[-71.13479,42.27691,0.0],[-71.13421,42.27736,0.0],[-71.13336,42.27806,0.0],[-71.13305,42.27831,0.0],[-71.13276,42.27861,0.0],[-71.13269,42.27874,0.0],[-71.13268,42.27893,0.0],[-71.13267,42.27905,0.0],[-71.13263,42.27914,0.0],[-71.1326,42.27919,0.0],[-71.13256,42.27927,0.0],[-71.1325,42.27933,0.0],[-71.13217,42.27961,0.0],[-71.13155,42.28015,0.0],[-71.13132,42.28038,0.0],[-71.13058,42.28101,0.0],[-71.13013,42.28139,0.0],[-71.12995,42.28154,0.0],[-71.12975,42.28146,0.0],[-71.12945,42.28123,0.0],[-71.12908,42.28098,0.0],[-71.12861,42.28138,0.0],[-71.12819,42.28173,0.0],[-71.12777,42.28211,0.0],[-71.12758,42.28222,0.0],[-71.12781,42.28252,0.0],[-71.12794,42.28267,0.0],[-71.12726,42.28291,0.0],[-71.12679,42.28308,0.0],[-71.1267,42.28314,0.0],[-71.1266,42.28322,0.0],[-71.12594,42.28379,0.0],[-71.12513,42.2845,0.0],[-71.12476,42.28419,0.0],[-71.1245,42.28391,0.0],[-71.12437,42.28371,0.0],[-71.12425,42.28346,0.0],[-71.12416,42.28322,0.0],[-71.12404,42.28301,0.0],[-71.12398,42.28294,0.0],[-71.12376,42.28271,0.0],[-71.12354,42.28255,0.0],[-71.12297,42.28217,0.0],[-71.12243,42.28183,0.0],[-71.12201,42.28155,0.0],[-71.12132,42.2811,0.0],[-71.12107,42.28093,0.0],[-71.12068,42.2807,0.0],[-71.11971,42.2803,0.0]]]]}},{"type":"Feature","properties":{"uesi_id":"USA_R2315704","nbhd_code":"USA_R2315704_160","nbhd_name":"14000US25025110201"},"geometry":{"type":"MultiPolygon","coordinates":[[[[-71.11223,42.28022,0.0],[-71.11234,42.28029,0.0],[-71.11343,42.27995,0.0],[-71.11359,42.28005,0.0],[-71.11356,42.27965,0.0],[-71.11355,42.2796,0.0],[-71.11366,42.27946,0.0],[-71.1138,42.27932,0.0],[-71.1145,42.2786,0.0],[-71.1146,42.27848,0.0],[-71.1147,42.2784,0.0],[-71.11524,42.2781,0.0],[-71.11534,42.27805,0.0],[-71.11638,42.27887,0.0],[-71.11663,42.27901,0.0],[-71.11659,42.27874,0.0],[-71.1165,42.27852,0.0],[-71.11638,42.27835,0.0],[-71.11617,42.2781,0.0],[-71.11597,42.27786,0.0],[-71.11585,42.27765,0.0],[-71.11578,42.27748,0.0],[-71.11573,42.2773,0.0],[-71.11585,42.27721,0.0],[-71.11598,42.27717,0.0],[-71.11626,42.27707,0.0],[-71.11732,42.27664,0.0],[-71.11721,42.27588,0.0],[-71.11778,42.2761,0.0],[-71.11852,42.27643,0.0],[-71.11896,42.27663,0.0],[-71.11953,42.27688,0.0],[-71.11941,42.27744,0.0],[-71.11918,42.27865,0.0],[-71.11933,42.27867,0.0],[-71.11969,42.27878,0.0],[-71.11994,42.27882,0.0],[-71.11999,42.27883,0.0],[-71.11984,42.27955,0.0],[-71.11971,42.2803,0.0],[-71.11967,42.28086,0.0],[-71.11963,42.28149,0.0],[-71.11962,42.28269,0.0],[-71.11959,42.28392,0.0],[-71.11957,42.28503,0.0],[-71.11955,42.28552,0.0],[-71.11882,42.28551,0.0],[-71.11886,42.28531,0.0],[-71.11891,42.28497,0.0],[-71.11853,42.28476,0.0],[-71.11819,42.28453,0.0],[-71.11787,42.28431,0.0],[-71.11721,42.28386,0.0],[-71.11684,42.28361,0.0],[-71.11665,42.28349,0.0],[-71.11643,42.28334,0.0],[-71.11601,42.28309,0.0],[-71.11498,42.28243,0.0],[-71.11485,42.28237,0.0],[-71.11367,42.28162,0.0],[-71.11361,42.28159,0.0],[-71.11325,42.28136,0.0],[-71.11246,42.28076,0.0],[-71.11228,42.28059,0.0],[-71.11222,42.28051,0.0],[-71.11221,42.28035,0.0],[-71.11223,42.28022,0.0]]]]}},{"type":"Feature","properties":{"uesi_id":"USA_R2315704","nbhd_code":"USA_R2315704_161","nbhd_name":"14000US25025981000"},"geometry":{"type":"MultiPolygon","coordinates":[[[[-71.11766,42.30256,0.0],[-71.11716,42.30241,0.0],[-71.11678,42.30234,0.0],[-71.11696,42.30219,0.0],[-71.11713,42.30201,0.0],[-71.11724,42.30188,0.0],[-71.11733,42.3018,0.0],[-71.11744,42.30171,0.0],[-71.11756,42.30164,0.0],[-71.11768,42.30161,0.0],[-71.11793,42.30158,0.0],[-71.11817,42.30157,0.0],[-71.11852,42.30154,0.0],[-71.11875,42.30151,0.0],[-71.11908,42.30141,0.0],[-71.11919,42.30133,0.0],[-71.11929,42.30125,0.0],[-71.11938,42.30119,0.0],[-71.11951,42.30115,0.0],[-71.11966,42.30114,0.0],[-71.11967,42.30097,0.0],[-71.11991,42.30096,0.0],[-71.12004,42.30097,0.0],[-71.1202,42.30096,0.0],[-71.12018,42.30086,0.0],[-71.12015,42.30028,0.0],[-71.12006,42.29991,0.0],[-71.12011,42.29974,0.0],[-71.12002,42.29983,0.0],[-71.11978,42.29987,0.0],[-71.11967,42.29989,0.0],[-71.11938,42.29995,0.0],[-71.11924,42.29998,0.0],[-71.11839,42.30005,0.0],[-71.11802,42.30009,0.0],[-71.11762,42.30016,0.0],[-71.11742,42.30021,0.0],[-71.11678,42.29932,0.0],[-71.11612,42.29956,0.0],[-71.11549,42.29986,0.0],[-71.11492,42.30011,0.0],[-71.1149,42.29995,0.0],[-71.11501,42.29973,0.0],[-71.11524,42.29928,0.0],[-71.11529,42.2992,0.0],[-71.11541,42.29894,0.0],[-71.11543,42.29891,0.0],[-71.11638,42.29833,0.0],[-71.11718,42.29783,0.0],[-71.11794,42.29733,0.0],[-71.11807,42.29724,0.0],[-71.11865,42.29689,0.0],[-71.11953,42.29634,0.0],[-71.12011,42.29599,0.0],[-71.12071,42.2956,0.0],[-71.12129,42.29521,0.0],[-71.12186,42.2948,0.0],[-71.12217,42.29456,0.0],[-71.1225,42.2943,0.0],[-71.1228,42.29401,0.0],[-71.12308,42.29374,0.0],[-71.12313,42.29378,0.0],[-71.1242,42.29273,0.0],[-71.1264,42.29021,0.0],[-71.1269,42.29081,0.0],[-71.1276,42.29111,0.0],[-71.1293,42.29241,0.0],[-71.1292,42.29281,0.0],[-71.13055,42.29371,0.0],[-71.1306,42.29411,0.0],[-71.13061,42.29439,0.0],[-71.13058,42.29457,0.0],[-71.13044,42.29488,0.0],[-71.13021,42.29518,0.0],[-71.12953,42.29589,0.0],[-71.12943,42.29604,0.0],[-71.12936,42.29622,0.0],[-71.12933,42.29637,0.0],[-71.12933,42.29651,0.0],[-71.12935,42.29665,0.0],[-71.12939,42.29673,0.0],[-71.12945,42.29684,0.0],[-71.12956,42.29707,0.0],[-71.12973,42.29738,0.0],[-71.12982,42.29757,0.0],[-71.12982,42.29777,0.0],[-71.1298,42.29789,0.0],[-71.12988,42.29802,0.0],[-71.12993,42.29809,0.0],[-71.13007,42.29819,0.0],[-71.12989,42.29832,0.0],[-71.12962,42.29854,0.0],[-71.12939,42.29874,0.0],[-71.1288,42.2993,0.0],[-71.12807,42.30004,0.0],[-71.12793,42.30017,0.0],[-71.12712,42.30097,0.0],[-71.12645,42.30161,0.0],[-71.12625,42.30181,0.0],[-71.12616,42.30191,0.0],[-71.12598,42.30213,0.0],[-71.12582,42.30233,0.0],[-71.12566,42.30256,0.0],[-71.1254,42.30289,0.0],[-71.12516,42.3032,0.0],[-71.12499,42.3035,0.0],[-71.12488,42.30381,0.0],[-71.12483,42.30404,0.0],[-71.12478,42.30441,0.0],[-71.12474,42.30475,0.0],[-71.12467,42.3052,0.0],[-71.12467,42.3052,0.0],[-71.12455,42.30521,0.0],[-71.12308,42.30517,0.0],[-71.1219,42.30679,0.0],[-71.12223,42.30692,0.0],[-71.12105,42.30839,0.0],[-71.12167,42.30866,0.0],[-71.12156,42.30868,0.0],[-71.12146,42.30869,0.0],[-71.12117,42.3087,0.0],[-71.12099,42.30869,0.0],[-71.1208,42.30865,0.0],[-71.12062,42.30858,0.0],[-71.12035,42.30843,0.0],[-71.12025,42.30836,0.0],[-71.12001,42.30809,0.0],[-71.11984,42.3078,0.0],[-71.1198,42.30768,0.0],[-71.11966,42.30738,0.0],[-71.11963,42.3073,0.0],[-71.11957,42.30707,0.0],[-71.11952,42.30672,0.0],[-71.11954,42.30652,0.0],[-71.11961,42.30631,0.0],[-71.11976,42.30596,0.0],[-71.1199,42.30564,0.0],[-71.12003,42.30534,0.0],[-71.12007,42.3052,0.0],[-71.12008,42.30504,0.0],[-71.12008,42.30487,0.0],[-71.12,42.30458,0.0],[-71.11979,42.30406,0.0],[-71.11965,42.30383,0.0],[-71.11941,42.30352,0.0],[-71.11915,42.30326,0.0],[-71.1188,42.303,0.0],[-71.11845,42.30282,0.0],[-71.11811,42.30269,0.0],[-71.11766,42.30256,0.0]]]]}},{"type":"Feature","properties":{"uesi_id":"USA_R2315704","nbhd_code":"USA_R2315704_162","nbhd_name":"14000US25025090100"},"geometry":{"type":"MultiPolygon","coordinates":[[[[-71.07843,42.30324,0.0],[-71.07861,42.30296,0.0],[-71.07887,42.30237,0.0],[-71.07897,42.30205,0.0],[-71.07907,42.30174,0.0],[-71.07915,42.30146,0.0],[-71.07922,42.3012,0.0],[-71.07926,42.30082,0.0],[-71.07928,42.3002,0.0],[-71.07928,42.29972,0.0],[-71.07923,42.29922,0.0],[-71.07915,42.2987,0.0],[-71.07885,42.29672,0.0],[-71.07954,42.29657,0.0],[-71.08,42.29649,0.0],[-71.08046,42.2964,0.0],[-71.08087,42.2975,0.0],[-71.08108,42.29813,0.0],[-71.08133,42.29877,0.0],[-71.08141,42.29901,0.0],[-71.0823,42.2988,0.0],[-71.08291,42.29867,0.0],[-71.08304,42.29894,0.0],[-71.08308,42.29899,0.0],[-71.08314,42.29906,0.0],[-71.0833,42.2992,0.0],[-71.08391,42.29972,0.0],[-71.0847,42.30043,0.0],[-71.08529,42.30092,0.0],[-71.08573,42.30126,0.0],[-71.08586,42.30132,0.0],[-71.0859,42.30139,0.0],[-71.08573,42.30196,0.0],[-71.08556,42.3025,0.0],[-71.08536,42.3031,0.0],[-71.08525,42.30345,0.0],[-71.085,42.30419,0.0],[-71.08492,42.30444,0.0],[-71.08485,42.30471,0.0],[-71.08474,42.30529,0.0],[-71.08472,42.30546,0.0],[-71.08469,42.30562,0.0],[-71.08465,42.30594,0.0],[-71.08462,42.30612,0.0],[-71.08455,42.30639,0.0],[-71.08448,42.30662,0.0],[-71.0844,42.30681,0.0],[-71.0843,42.30702,0.0],[-71.08419,42.3072,0.0],[-71.08403,42.30743,0.0],[-71.0839,42.3076,0.0],[-71.08369,42.3079,0.0],[-71.08325,42.30848,0.0],[-71.08316,42.30833,0.0],[-71.08287,42.30801,0.0],[-71.08274,42.30779,0.0],[-71.08264,42.30764,0.0],[-71.08252,42.30742,0.0],[-71.08234,42.30718,0.0],[-71.0822,42.30698,0.0],[-71.08217,42.30693,0.0],[-71.08181,42.30653,0.0],[-71.08163,42.30635,0.0],[-71.08136,42.30611,0.0],[-71.0808,42.30563,0.0],[-71.08056,42.30545,0.0],[-71.08045,42.30536,0.0],[-71.08036,42.30528,0.0],[-71.07992,42.30492,0.0],[-71.07956,42.30463,0.0],[-71.07942,42.30452,0.0],[-71.07925,42.30433,0.0],[-71.07894,42.30395,0.0],[-71.07881,42.30375,0.0],[-71.07853,42.3034,0.0],[-71.07843,42.30324,0.0]]]]}},{"type":"Feature","properties":{"uesi_id":"USA_R2315704","nbhd_code":"USA_R2315704_163","nbhd_name":"14000US25025082100"},"geometry":{"type":"MultiPolygon","coordinates":[[[[-71.08267,42.30954,0.0],[-71.08274,42.30944,0.0],[-71.0828,42.30934,0.0],[-71.08297,42.30901,0.0],[-71.08308,42.30878,0.0],[-71.08309,42.30875,0.0],[-71.08325,42.30848,0.0],[-71.08369,42.3079,0.0],[-71.0839,42.3076,0.0],[-71.08403,42.30743,0.0],[-71.08419,42.3072,0.0],[-71.0843,42.30702,0.0],[-71.0844,42.30681,0.0],[-71.08448,42.30662,0.0],[-71.08455,42.30639,0.0],[-71.08462,42.30612,0.0],[-71.08465,42.30594,0.0],[-71.08469,42.30562,0.0],[-71.08472,42.30546,0.0],[-71.08474,42.30529,0.0],[-71.08485,42.30471,0.0],[-71.08492,42.30444,0.0],[-71.08491,42.30491,0.0],[-71.08493,42.305,0.0],[-71.08496,42.30509,0.0],[-71.08501,42.30518,0.0],[-71.08509,42.30525,0.0],[-71.0853,42.30542,0.0],[-71.08556,42.30554,0.0],[-71.08616,42.30588,0.0],[-71.08657,42.30612,0.0],[-71.08726,42.30655,0.0],[-71.08748,42.30668,0.0],[-71.08792,42.30691,0.0],[-71.08823,42.30705,0.0],[-71.08846,42.30717,0.0],[-71.08859,42.30724,0.0],[-71.08908,42.30754,0.0],[-71.08924,42.30765,0.0],[-71.08991,42.30818,0.0],[-71.09071,42.30879,0.0],[-71.09109,42.30906,0.0],[-71.0919,42.30967,0.0],[-71.09217,42.30987,0.0],[-71.09208,42.30996,0.0],[-71.09182,42.31027,0.0],[-71.09156,42.31055,0.0],[-71.0911,42.31116,0.0],[-71.09051,42.31191,0.0],[-71.08993,42.31264,0.0],[-71.0894,42.31327,0.0],[-71.08905,42.31316,0.0],[-71.08867,42.31303,0.0],[-71.08832,42.3129,0.0],[-71.08808,42.31279,0.0],[-71.08738,42.31244,0.0],[-71.08676,42.31215,0.0],[-71.08622,42.31188,0.0],[-71.08586,42.3117,0.0],[-71.08568,42.31159,0.0],[-71.08521,42.31133,0.0],[-71.08495,42.31116,0.0],[-71.08414,42.3107,0.0],[-71.08392,42.31058,0.0],[-71.08382,42.31055,0.0],[-71.08377,42.31055,0.0],[-71.0835,42.31057,0.0],[-71.08325,42.31061,0.0],[-71.08322,42.31049,0.0],[-71.08289,42.30995,0.0],[-71.08277,42.30976,0.0],[-71.08267,42.30954,0.0]]]]}},{"type":"Feature","properties":{"uesi_id":"USA_R2315704","nbhd_code":"USA_R2315704_164","nbhd_name":"14000US25025082000"},"geometry":{"type":"MultiPolygon","coordinates":[[[[-71.08285,42.31637,0.0],[-71.08265,42.31632,0.0],[-71.08181,42.31605,0.0],[-71.08144,42.31593,0.0],[-71.081,42.31576,0.0],[-71.08037,42.31542,0.0],[-71.07985,42.31513,0.0],[-71.0795,42.31495,0.0],[-71.07937,42.31488,0.0],[-71.07882,42.31462,0.0],[-71.07917,42.31406,0.0],[-71.0794,42.31368,0.0],[-71.0795,42.31352,0.0],[-71.07968,42.31323,0.0],[-71.08009,42.3127,0.0],[-71.08031,42.31243,0.0],[-71.08074,42.3119,0.0],[-71.08115,42.31137,0.0],[-71.08157,42.31084,0.0],[-71.08171,42.31066,0.0],[-71.08201,42.31026,0.0],[-71.08251,42.30967,0.0],[-71.08267,42.30954,0.0],[-71.08277,42.30976,0.0],[-71.08289,42.30995,0.0],[-71.08322,42.31049,0.0],[-71.08325,42.31061,0.0],[-71.0835,42.31057,0.0],[-71.08377,42.31055,0.0],[-71.08382,42.31055,0.0],[-71.08392,42.31058,0.0],[-71.08414,42.3107,0.0],[-71.08495,42.31116,0.0],[-71.08521,42.31133,0.0],[-71.08568,42.31159,0.0],[-71.08586,42.3117,0.0],[-71.08622,42.31188,0.0],[-71.08676,42.31215,0.0],[-71.08738,42.31244,0.0],[-71.08808,42.31279,0.0],[-71.08832,42.3129,0.0],[-71.08867,42.31303,0.0],[-71.08905,42.31316,0.0],[-71.0894,42.31327,0.0],[-71.08916,42.31357,0.0],[-71.08881,42.31402,0.0],[-71.08844,42.31446,0.0],[-71.08833,42.31462,0.0],[-71.08791,42.31514,0.0],[-71.08734,42.31584,0.0],[-71.08702,42.31623,0.0],[-71.0869,42.3164,0.0],[-71.0867,42.31673,0.0],[-71.08651,42.31706,0.0],[-71.08603,42.3169,0.0],[-71.08573,42.31681,0.0],[-71.08559,42.31677,0.0],[-71.08549,42.31675,0.0],[-71.08534,42.31675,0.0],[-71.08517,42.31678,0.0],[-71.08483,42.31679,0.0],[-71.08458,42.3168,0.0],[-71.08442,42.31678,0.0],[-71.08428,42.31675,0.0],[-71.08371,42.31659,0.0],[-71.08295,42.31639,0.0],[-71.08285,42.31637,0.0]]]]}},{"type":"Feature","properties":{"uesi_id":"USA_R2315704","nbhd_code":"USA_R2315704_165","nbhd_name":"14000US25025051200"},"geometry":{"type":"MultiPolygon","coordinates":[[[[-71.03475,42.36832,0.0],[-71.034,42.368,0.0],[-71.03339,42.36774,0.0],[-71.03265,42.36741,0.0],[-71.03204,42.36713,0.0],[-71.03122,42.36679,0.0],[-71.03068,42.36657,0.0],[-71.03024,42.36636,0.0],[-71.02887,42.36576,0.0],[-71.02789,42.36534,0.0],[-71.02763,42.36501,0.0],[-71.02766,42.36503,0.0],[-71.0278,42.36507,0.0],[-71.02789,42.36507,0.0],[-71.028,42.36502,0.0],[-71.02837,42.36453,0.0],[-71.02861,42.36423,0.0],[-71.02869,42.36412,0.0],[-71.02841,42.36397,0.0],[-71.02843,42.36389,0.0],[-71.02845,42.36383,0.0],[-71.02849,42.36378,0.0],[-71.02861,42.36366,0.0],[-71.02871,42.36359,0.0],[-71.02884,42.36352,0.0],[-71.02922,42.36351,0.0],[-71.02946,42.36347,0.0],[-71.02955,42.3634,0.0],[-71.02959,42.36328,0.0],[-71.02986,42.36329,0.0],[-71.02988,42.36284,0.0],[-71.03007,42.36285,0.0],[-71.03009,42.36375,0.0],[-71.03033,42.36375,0.0],[-71.03034,42.36372,0.0],[-71.03035,42.36369,0.0],[-71.03038,42.36367,0.0],[-71.03046,42.36366,0.0],[-71.03049,42.36367,0.0],[-71.03051,42.36368,0.0],[-71.03052,42.3637,0.0],[-71.03067,42.36371,0.0],[-71.03067,42.36305,0.0],[-71.03069,42.36298,0.0],[-71.03074,42.36295,0.0],[-71.0308,42.36293,0.0],[-71.03089,42.36291,0.0],[-71.03098,42.3629,0.0],[-71.03135,42.3629,0.0],[-71.03145,42.36291,0.0],[-71.03145,42.36308,0.0],[-71.03159,42.36308,0.0],[-71.03159,42.3638,0.0],[-71.03163,42.36383,0.0],[-71.03168,42.36384,0.0],[-71.03174,42.36385,0.0],[-71.03181,42.36383,0.0],[-71.03185,42.3638,0.0],[-71.03185,42.36323,0.0],[-71.03185,42.36315,0.0],[-71.03199,42.36315,0.0],[-71.032,42.36269,0.0],[-71.03254,42.36269,0.0],[-71.03255,42.3614,0.0],[-71.03308,42.3614,0.0],[-71.03307,42.36277,0.0],[-71.03368,42.36278,0.0],[-71.03372,42.36066,0.0],[-71.03394,42.36065,0.0],[-71.03393,42.36336,0.0],[-71.03404,42.36343,0.0],[-71.03561,42.36145,0.0],[-71.03577,42.36155,0.0],[-71.03425,42.36347,0.0],[-71.0342,42.36357,0.0],[-71.03418,42.36365,0.0],[-71.03419,42.36374,0.0],[-71.03422,42.36382,0.0],[-71.03429,42.36393,0.0],[-71.03442,42.36405,0.0],[-71.0347,42.36396,0.0],[-71.03449,42.36383,0.0],[-71.03547,42.36254,0.0],[-71.03552,42.36257,0.0],[-71.03567,42.36266,0.0],[-71.03484,42.36377,0.0],[-71.03522,42.36394,0.0],[-71.03518,42.36405,0.0],[-71.03545,42.36415,0.0],[-71.03556,42.36415,0.0],[-71.03566,42.36413,0.0],[-71.03589,42.36419,0.0],[-71.03599,42.36426,0.0],[-71.03605,42.36427,0.0],[-71.03608,42.36424,0.0],[-71.03609,42.36417,0.0],[-71.0374,42.36243,0.0],[-71.03817,42.3628,0.0],[-71.03682,42.36455,0.0],[-71.03749,42.36487,0.0],[-71.03758,42.3649,0.0],[-71.03893,42.36313,0.0],[-71.03916,42.36324,0.0],[-71.03968,42.3635,0.0],[-71.03865,42.36494,0.0],[-71.03919,42.36521,0.0],[-71.03927,42.36525,0.0],[-71.03932,42.36519,0.0],[-71.03939,42.36523,0.0],[-71.04065,42.3638,0.0],[-71.04187,42.36443,0.0],[-71.04086,42.36567,0.0],[-71.0407,42.36587,0.0],[-71.04166,42.3663,0.0],[-71.0417,42.36626,0.0],[-71.04189,42.36635,0.0],[-71.04155,42.36659,0.0],[-71.04086,42.3675,0.0],[-71.03997,42.36713,0.0],[-71.03953,42.36767,0.0],[-71.03892,42.36851,0.0],[-71.03869,42.36841,0.0],[-71.039,42.36805,0.0],[-71.03924,42.36774,0.0],[-71.03939,42.36748,0.0],[-71.03944,42.36728,0.0],[-71.03944,42.36705,0.0],[-71.03939,42.36685,0.0],[-71.03911,42.36671,0.0],[-71.03731,42.36593,0.0],[-71.03683,42.36572,0.0],[-71.03629,42.36641,0.0],[-71.03621,42.36652,0.0],[-71.03573,42.36713,0.0],[-71.03538,42.36757,0.0],[-71.03523,42.36774,0.0],[-71.03475,42.36832,0.0]]]]}},{"type":"Feature","properties":{"uesi_id":"USA_R2315704","nbhd_code":"USA_R2315704_166","nbhd_name":"14000US25025050700"},"geometry":{"type":"MultiPolygon","coordinates":[[[[-71.02774,42.37723,0.0],[-71.02836,42.37672,0.0],[-71.02937,42.37585,0.0],[-71.02974,42.37551,0.0],[-71.03018,42.37514,0.0],[-71.03072,42.37468,0.0],[-71.03157,42.37394,0.0],[-71.03197,42.37359,0.0],[-71.03221,42.37337,0.0],[-71.03232,42.37326,0.0],[-71.03248,42.37315,0.0],[-71.03261,42.37304,0.0],[-71.03278,42.37291,0.0],[-71.03298,42.3728,0.0],[-71.03306,42.37277,0.0],[-71.03316,42.37274,0.0],[-71.03336,42.37268,0.0],[-71.03354,42.37264,0.0],[-71.03356,42.37263,0.0],[-71.03369,42.37262,0.0],[-71.03398,42.37263,0.0],[-71.03414,42.37265,0.0],[-71.03431,42.37268,0.0],[-71.03445,42.37272,0.0],[-71.0346,42.37277,0.0],[-71.03509,42.37299,0.0],[-71.03515,42.37302,0.0],[-71.03622,42.37359,0.0],[-71.03625,42.3736,0.0],[-71.03698,42.37397,0.0],[-71.03709,42.37402,0.0],[-71.03719,42.37403,0.0],[-71.03734,42.37402,0.0],[-71.03747,42.37397,0.0],[-71.03754,42.37391,0.0],[-71.03809,42.37354,0.0],[-71.03776,42.37404,0.0],[-71.03771,42.37412,0.0],[-71.03774,42.37419,0.0],[-71.03777,42.37423,0.0],[-71.03783,42.37435,0.0],[-71.03797,42.37439,0.0],[-71.03873,42.37486,0.0],[-71.03878,42.37494,0.0],[-71.03871,42.37496,0.0],[-71.03583,42.37604,0.0],[-71.03626,42.37666,0.0],[-71.0341,42.37746,0.0],[-71.03368,42.37684,0.0],[-71.03154,42.37764,0.0],[-71.03104,42.37733,0.0],[-71.03054,42.37701,0.0],[-71.02919,42.37814,0.0],[-71.02858,42.37776,0.0],[-71.02808,42.37742,0.0],[-71.02802,42.37737,0.0],[-71.02785,42.37728,0.0],[-71.02774,42.37723,0.0]]]]}},{"type":"Feature","properties":{"uesi_id":"USA_R2315704","nbhd_code":"USA_R2315704_167","nbhd_name":"14000US25025050600"},"geometry":{"type":"MultiPolygon","coordinates":[[[[-71.03445,42.37272,0.0],[-71.03457,42.37262,0.0],[-71.03474,42.37247,0.0],[-71.03408,42.37204,0.0],[-71.03392,42.37194,0.0],[-71.03481,42.37115,0.0],[-71.03554,42.37053,0.0],[-71.03606,42.37009,0.0],[-71.03669,42.36955,0.0],[-71.03699,42.3693,0.0],[-71.03764,42.36959,0.0],[-71.03796,42.36973,0.0],[-71.03859,42.37,0.0],[-71.03866,42.37002,0.0],[-71.03897,42.37015,0.0],[-71.03962,42.37044,0.0],[-71.04029,42.37075,0.0],[-71.03918,42.37214,0.0],[-71.03902,42.37212,0.0],[-71.03903,42.37238,0.0],[-71.03904,42.37257,0.0],[-71.03905,42.37293,0.0],[-71.03906,42.37335,0.0],[-71.03908,42.37418,0.0],[-71.03908,42.37454,0.0],[-71.03909,42.37471,0.0],[-71.03909,42.37493,0.0],[-71.03878,42.37494,0.0],[-71.03873,42.37486,0.0],[-71.03797,42.37439,0.0],[-71.03783,42.37435,0.0],[-71.03777,42.37423,0.0],[-71.03774,42.37419,0.0],[-71.03771,42.37412,0.0],[-71.03776,42.37404,0.0],[-71.03809,42.37354,0.0],[-71.03754,42.37391,0.0],[-71.03747,42.37397,0.0],[-71.03734,42.37402,0.0],[-71.03719,42.37403,0.0],[-71.03709,42.37402,0.0],[-71.03698,42.37397,0.0],[-71.03625,42.3736,0.0],[-71.03622,42.37359,0.0],[-71.03515,42.37302,0.0],[-71.03509,42.37299,0.0],[-71.0346,42.37277,0.0],[-71.03445,42.37272,0.0]]]]}},{"type":"Feature","properties":{"uesi_id":"USA_R2315704","nbhd_code":"USA_R2315704_168","nbhd_name":"14000US25025050500"},"geometry":{"type":"MultiPolygon","coordinates":[[[[-71.03339,42.36774,0.0],[-71.034,42.368,0.0],[-71.03475,42.36832,0.0],[-71.03553,42.36866,0.0],[-71.0362,42.36895,0.0],[-71.03699,42.3693,0.0],[-71.03669,42.36955,0.0],[-71.03606,42.37009,0.0],[-71.03554,42.37053,0.0],[-71.03481,42.37115,0.0],[-71.03392,42.37194,0.0],[-71.03322,42.37148,0.0],[-71.03265,42.37111,0.0],[-71.03193,42.37067,0.0],[-71.03154,42.37042,0.0],[-71.031,42.37005,0.0],[-71.03169,42.36945,0.0],[-71.03232,42.36891,0.0],[-71.0326,42.36868,0.0],[-71.03269,42.3686,0.0],[-71.03287,42.36844,0.0],[-71.03339,42.36774,0.0]]]]}},{"type":"Feature","properties":{"uesi_id":"USA_R2315704","nbhd_code":"USA_R2315704_169","nbhd_name":"14000US25025050400"},"geometry":{"type":"MultiPolygon","coordinates":[[[[-71.03699,42.3693,0.0],[-71.0362,42.36895,0.0],[-71.03553,42.36866,0.0],[-71.03475,42.36832,0.0],[-71.03523,42.36774,0.0],[-71.03538,42.36757,0.0],[-71.03573,42.36713,0.0],[-71.03621,42.36652,0.0],[-71.03629,42.36641,0.0],[-71.03683,42.36572,0.0],[-71.03731,42.36593,0.0],[-71.03911,42.36671,0.0],[-71.03939,42.36685,0.0],[-71.03944,42.36705,0.0],[-71.03944,42.36728,0.0],[-71.03939,42.36748,0.0],[-71.03924,42.36774,0.0],[-71.039,42.36805,0.0],[-71.03869,42.36841,0.0],[-71.03892,42.36851,0.0],[-71.03959,42.36882,0.0],[-71.03987,42.36894,0.0],[-71.04059,42.36926,0.0],[-71.04094,42.36941,0.0],[-71.04126,42.36954,0.0],[-71.04047,42.37052,0.0],[-71.04029,42.37075,0.0],[-71.03962,42.37044,0.0],[-71.03897,42.37015,0.0],[-71.03866,42.37002,0.0],[-71.03859,42.37,0.0],[-71.03796,42.36973,0.0],[-71.03764,42.36959,0.0],[-71.03699,42.3693,0.0]]]]}},{"type":"Feature","properties":{"uesi_id":"USA_R2315704","nbhd_code":"USA_R2315704_170","nbhd_name":"14000US25025050300"},"geometry":{"type":"MultiPolygon","coordinates":[[[[-71.04003,42.37866,0.0],[-71.0399,42.37713,0.0],[-71.03978,42.37576,0.0],[-71.03974,42.37531,0.0],[-71.03992,42.3748,0.0],[-71.03998,42.37461,0.0],[-71.03977,42.37449,0.0],[-71.03954,42.37437,0.0],[-71.03933,42.37426,0.0],[-71.03908,42.37418,0.0],[-71.03906,42.37335,0.0],[-71.03905,42.37293,0.0],[-71.03904,42.37257,0.0],[-71.03903,42.37238,0.0],[-71.03902,42.37212,0.0],[-71.03918,42.37214,0.0],[-71.04029,42.37075,0.0],[-71.04047,42.37052,0.0],[-71.04126,42.36954,0.0],[-71.04094,42.36941,0.0],[-71.04059,42.36926,0.0],[-71.03987,42.36894,0.0],[-71.03959,42.36882,0.0],[-71.03892,42.36851,0.0],[-71.03953,42.36767,0.0],[-71.03997,42.36713,0.0],[-71.04086,42.3675,0.0],[-71.04155,42.36659,0.0],[-71.04189,42.36635,0.0],[-71.04233,42.36656,0.0],[-71.04189,42.36727,0.0],[-71.04224,42.3674,0.0],[-71.04262,42.36685,0.0],[-71.04303,42.36669,0.0],[-71.04304,42.36685,0.0],[-71.04309,42.36701,0.0],[-71.04315,42.36713,0.0],[-71.04324,42.36725,0.0],[-71.04234,42.3684,0.0],[-71.04231,42.36838,0.0],[-71.04217,42.36858,0.0],[-71.0425,42.36871,0.0],[-71.04255,42.36865,0.0],[-71.04294,42.36881,0.0],[-71.04303,42.36885,0.0],[-71.04296,42.36893,0.0],[-71.04323,42.36905,0.0],[-71.04387,42.36826,0.0],[-71.04399,42.36831,0.0],[-71.04327,42.36933,0.0],[-71.04367,42.36949,0.0],[-71.0437,42.36952,0.0],[-71.04382,42.36967,0.0],[-71.04398,42.36976,0.0],[-71.04403,42.3698,0.0],[-71.04453,42.36945,0.0],[-71.04472,42.36958,0.0],[-71.04419,42.37027,0.0],[-71.04438,42.37036,0.0],[-71.04495,42.37061,0.0],[-71.0448,42.37082,0.0],[-71.04496,42.37092,0.0],[-71.04497,42.37098,0.0],[-71.04516,42.37108,0.0],[-71.04516,42.37126,0.0],[-71.04569,42.37152,0.0],[-71.04556,42.37173,0.0],[-71.04478,42.37137,0.0],[-71.04477,42.37152,0.0],[-71.04494,42.37159,0.0],[-71.04494,42.3717,0.0],[-71.04527,42.37186,0.0],[-71.04527,42.37199,0.0],[-71.04542,42.37208,0.0],[-71.04538,42.37212,0.0],[-71.04462,42.37176,0.0],[-71.04455,42.37179,0.0],[-71.04445,42.37181,0.0],[-71.04436,42.37179,0.0],[-71.04432,42.37178,0.0],[-71.04429,42.37178,0.0],[-71.04422,42.37178,0.0],[-71.04414,42.37181,0.0],[-71.04408,42.37186,0.0],[-71.04406,42.3719,0.0],[-71.04407,42.37195,0.0],[-71.0441,42.37201,0.0],[-71.04416,42.37205,0.0],[-71.04427,42.3721,0.0],[-71.04516,42.37252,0.0],[-71.04511,42.37258,0.0],[-71.04487,42.37248,0.0],[-71.04484,42.37247,0.0],[-71.04425,42.37221,0.0],[-71.04424,42.3722,0.0],[-71.04403,42.37248,0.0],[-71.04419,42.37255,0.0],[-71.04498,42.37291,0.0],[-71.04481,42.3731,0.0],[-71.04401,42.37278,0.0],[-71.04383,42.37284,0.0],[-71.04377,42.37286,0.0],[-71.04281,42.37247,0.0],[-71.04275,42.37254,0.0],[-71.04298,42.37265,0.0],[-71.04291,42.37275,0.0],[-71.04267,42.37264,0.0],[-71.04232,42.37311,0.0],[-71.04246,42.37317,0.0],[-71.04243,42.37321,0.0],[-71.04231,42.37339,0.0],[-71.04267,42.37357,0.0],[-71.04258,42.3737,0.0],[-71.04386,42.37436,0.0],[-71.0438,42.37441,0.0],[-71.04352,42.37427,0.0],[-71.04342,42.37438,0.0],[-71.04207,42.37374,0.0],[-71.04181,42.37361,0.0],[-71.04165,42.37375,0.0],[-71.04155,42.37384,0.0],[-71.04158,42.37391,0.0],[-71.04156,42.37394,0.0],[-71.04153,42.37397,0.0],[-71.04137,42.37399,0.0],[-71.04127,42.37427,0.0],[-71.04151,42.37444,0.0],[-71.04165,42.37454,0.0],[-71.04169,42.37493,0.0],[-71.04205,42.37512,0.0],[-71.04201,42.37527,0.0],[-71.04328,42.37583,0.0],[-71.04326,42.37587,0.0],[-71.04272,42.37565,0.0],[-71.04263,42.3757,0.0],[-71.04199,42.37544,0.0],[-71.04189,42.37564,0.0],[-71.04252,42.37584,0.0],[-71.0425,42.37594,0.0],[-71.0431,42.37613,0.0],[-71.04303,42.37632,0.0],[-71.04199,42.3761,0.0],[-71.04135,42.37597,0.0],[-71.04128,42.37656,0.0],[-71.04154,42.37659,0.0],[-71.04158,42.37668,0.0],[-71.04192,42.3767,0.0],[-71.04193,42.37685,0.0],[-71.04154,42.37684,0.0],[-71.04152,42.37703,0.0],[-71.04343,42.37699,0.0],[-71.04343,42.37707,0.0],[-71.04343,42.37713,0.0],[-71.04229,42.37714,0.0],[-71.04228,42.37722,0.0],[-71.04171,42.37725,0.0],[-71.04171,42.37755,0.0],[-71.04228,42.37752,0.0],[-71.04229,42.37764,0.0],[-71.04243,42.37769,0.0],[-71.04247,42.37797,0.0],[-71.04325,42.37797,0.0],[-71.04324,42.37819,0.0],[-71.04312,42.37822,0.0],[-71.04314,42.3784,0.0],[-71.04325,42.37843,0.0],[-71.04324,42.37863,0.0],[-71.04005,42.37894,0.0],[-71.04003,42.37866,0.0]]]]}},{"type":"Feature","properties":{"uesi_id":"USA_R2315704","nbhd_code":"USA_R2315704_171","nbhd_name":"14000US25025050200"},"geometry":{"type":"MultiPolygon","coordinates":[[[[-71.03492,42.37869,0.0],[-71.03451,42.37808,0.0],[-71.03236,42.37886,0.0],[-71.03085,42.37944,0.0],[-71.03024,42.37967,0.0],[-71.02982,42.37906,0.0],[-71.0294,42.37844,0.0],[-71.02936,42.37838,0.0],[-71.02919,42.37814,0.0],[-71.03054,42.37701,0.0],[-71.03104,42.37733,0.0],[-71.03154,42.37764,0.0],[-71.03368,42.37684,0.0],[-71.0341,42.37746,0.0],[-71.03626,42.37666,0.0],[-71.03583,42.37604,0.0],[-71.03871,42.37496,0.0],[-71.03878,42.37494,0.0],[-71.03909,42.37493,0.0],[-71.03909,42.37471,0.0],[-71.03908,42.37454,0.0],[-71.03908,42.37418,0.0],[-71.03933,42.37426,0.0],[-71.03954,42.37437,0.0],[-71.03977,42.37449,0.0],[-71.03998,42.37461,0.0],[-71.03992,42.3748,0.0],[-71.03974,42.37531,0.0],[-71.03978,42.37576,0.0],[-71.0399,42.37713,0.0],[-71.04003,42.37866,0.0],[-71.03921,42.37864,0.0],[-71.03794,42.3791,0.0],[-71.03683,42.37953,0.0],[-71.03576,42.37994,0.0],[-71.03534,42.37931,0.0],[-71.03492,42.37869,0.0]]]]}},{"type":"Feature","properties":{"uesi_id":"USA_R2315704","nbhd_code":"USA_R2315704_172","nbhd_name":"14000US25025040300"},"geometry":{"type":"MultiPolygon","coordinates":[[[[-71.0616,42.3808,0.0],[-71.06139,42.3807,0.0],[-71.06117,42.38062,0.0],[-71.06035,42.38028,0.0],[-71.0597,42.37999,0.0],[-71.05961,42.37995,0.0],[-71.05896,42.37968,0.0],[-71.05935,42.37898,0.0],[-71.05968,42.37833,0.0],[-71.05987,42.37806,0.0],[-71.06004,42.37771,0.0],[-71.0603,42.37723,0.0],[-71.06049,42.37693,0.0],[-71.06124,42.37716,0.0],[-71.06153,42.37663,0.0],[-71.06187,42.37596,0.0],[-71.06239,42.37613,0.0],[-71.06244,42.37608,0.0],[-71.0625,42.376,0.0],[-71.06262,42.37579,0.0],[-71.0628,42.37538,0.0],[-71.06309,42.3747,0.0],[-71.06332,42.37488,0.0],[-71.06367,42.3751,0.0],[-71.06397,42.37528,0.0],[-71.06416,42.37539,0.0],[-71.06432,42.37547,0.0],[-71.06446,42.37555,0.0],[-71.06407,42.37592,0.0],[-71.064,42.37598,0.0],[-71.06369,42.37629,0.0],[-71.0635,42.37653,0.0],[-71.06378,42.37664,0.0],[-71.06393,42.37669,0.0],[-71.06426,42.37685,0.0],[-71.06497,42.37731,0.0],[-71.06531,42.37759,0.0],[-71.0655,42.3778,0.0],[-71.06566,42.37791,0.0],[-71.06592,42.37811,0.0],[-71.06622,42.37833,0.0],[-71.06639,42.37847,0.0],[-71.06659,42.37864,0.0],[-71.06666,42.37868,0.0],[-71.06704,42.37893,0.0],[-71.06783,42.37821,0.0],[-71.06813,42.37848,0.0],[-71.06847,42.3788,0.0],[-71.06875,42.37906,0.0],[-71.06911,42.37942,0.0],[-71.06869,42.37979,0.0],[-71.06843,42.38003,0.0],[-71.06837,42.38009,0.0],[-71.06793,42.38051,0.0],[-71.06762,42.38033,0.0],[-71.06723,42.3801,0.0],[-71.06702,42.38002,0.0],[-71.06672,42.37989,0.0],[-71.06669,42.37987,0.0],[-71.06635,42.37973,0.0],[-71.06578,42.37956,0.0],[-71.06494,42.37932,0.0],[-71.0647,42.37964,0.0],[-71.0645,42.37988,0.0],[-71.06534,42.38031,0.0],[-71.06503,42.38074,0.0],[-71.06493,42.38089,0.0],[-71.06465,42.38127,0.0],[-71.06435,42.38168,0.0],[-71.0642,42.38188,0.0],[-71.06367,42.38165,0.0],[-71.06329,42.3815,0.0],[-71.06286,42.38132,0.0],[-71.06236,42.38111,0.0],[-71.06214,42.38102,0.0],[-71.06182,42.38088,0.0],[-71.0616,42.3808,0.0]]]]}},{"type":"Feature","properties":{"uesi_id":"USA_R2315704","nbhd_code":"USA_R2315704_173","nbhd_name":"14000US25025040200"},"geometry":{"type":"MultiPolygon","coordinates":[[[[-71.05821,42.37384,0.0],[-71.05858,42.37375,0.0],[-71.05861,42.37379,0.0],[-71.0587,42.3739,0.0],[-71.05852,42.37401,0.0],[-71.05832,42.37416,0.0],[-71.05833,42.37434,0.0],[-71.05803,42.37441,0.0],[-71.05855,42.37544,0.0],[-71.0587,42.37578,0.0],[-71.05874,42.37594,0.0],[-71.05933,42.37584,0.0],[-71.05952,42.37591,0.0],[-71.06001,42.37608,0.0],[-71.05972,42.37666,0.0],[-71.06049,42.37693,0.0],[-71.0603,42.37723,0.0],[-71.06004,42.37771,0.0],[-71.05987,42.37806,0.0],[-71.05961,42.37798,0.0],[-71.05908,42.3778,0.0],[-71.05874,42.37768,0.0],[-71.05841,42.37755,0.0],[-71.05741,42.37721,0.0],[-71.05722,42.37714,0.0],[-71.05712,42.3771,0.0],[-71.05705,42.37708,0.0],[-71.05646,42.37693,0.0],[-71.0563,42.37709,0.0],[-71.05629,42.37742,0.0],[-71.05618,42.37784,0.0],[-71.05605,42.37841,0.0],[-71.05591,42.37912,0.0],[-71.0555,42.37911,0.0],[-71.05488,42.3791,0.0],[-71.05454,42.37908,0.0],[-71.05441,42.37907,0.0],[-71.05415,42.37905,0.0],[-71.0535,42.3787,0.0],[-71.05324,42.37858,0.0],[-71.05321,42.37857,0.0],[-71.05294,42.37844,0.0],[-71.05321,42.37816,0.0],[-71.05364,42.37773,0.0],[-71.05376,42.37762,0.0],[-71.05457,42.37685,0.0],[-71.05523,42.37623,0.0],[-71.05552,42.37595,0.0],[-71.05579,42.37568,0.0],[-71.05584,42.37564,0.0],[-71.05586,42.37562,0.0],[-71.05624,42.37532,0.0],[-71.05665,42.37508,0.0],[-71.05696,42.37488,0.0],[-71.05735,42.37456,0.0],[-71.05775,42.37425,0.0],[-71.05801,42.37402,0.0],[-71.05806,42.37398,0.0],[-71.05821,42.37384,0.0]]]]}},{"type":"Feature","properties":{"uesi_id":"USA_R2315704","nbhd_code":"USA_R2315704_174","nbhd_name":"14000US25025030500"},"geometry":{"type":"MultiPolygon","coordinates":[[[[-71.04941,42.36405,0.0],[-71.0496,42.36405,0.0],[-71.05109,42.36418,0.0],[-71.05109,42.36407,0.0],[-71.05112,42.36399,0.0],[-71.05122,42.36411,0.0],[-71.05133,42.36414,0.0],[-71.05155,42.36421,0.0],[-71.05177,42.36427,0.0],[-71.05222,42.36442,0.0],[-71.05231,42.36445,0.0],[-71.05296,42.36468,0.0],[-71.05315,42.36475,0.0],[-71.0534,42.36485,0.0],[-71.0532,42.36507,0.0],[-71.05301,42.36532,0.0],[-71.05298,42.36541,0.0],[-71.05297,42.36547,0.0],[-71.05293,42.36559,0.0],[-71.05291,42.36566,0.0],[-71.05286,42.36584,0.0],[-71.053,42.36606,0.0],[-71.05324,42.36631,0.0],[-71.05325,42.36633,0.0],[-71.05346,42.36661,0.0],[-71.05349,42.36665,0.0],[-71.05363,42.36681,0.0],[-71.05376,42.3669,0.0],[-71.05393,42.36697,0.0],[-71.0534,42.36753,0.0],[-71.05347,42.36755,0.0],[-71.05379,42.36765,0.0],[-71.05397,42.36771,0.0],[-71.05404,42.36773,0.0],[-71.05443,42.36788,0.0],[-71.05476,42.36795,0.0],[-71.05495,42.36799,0.0],[-71.05578,42.36821,0.0],[-71.05609,42.36829,0.0],[-71.05619,42.3683,0.0],[-71.05637,42.3683,0.0],[-71.05651,42.36827,0.0],[-71.05663,42.36823,0.0],[-71.05669,42.36819,0.0],[-71.05688,42.36808,0.0],[-71.05732,42.36781,0.0],[-71.05756,42.36766,0.0],[-71.05804,42.36729,0.0],[-71.05853,42.36696,0.0],[-71.05854,42.36703,0.0],[-71.05859,42.36713,0.0],[-71.05869,42.3673,0.0],[-71.05886,42.36753,0.0],[-71.05905,42.36779,0.0],[-71.05863,42.36799,0.0],[-71.0585,42.36798,0.0],[-71.05817,42.36795,0.0],[-71.05788,42.36816,0.0],[-71.05794,42.36825,0.0],[-71.0577,42.36837,0.0],[-71.05771,42.36854,0.0],[-71.05759,42.36861,0.0],[-71.05694,42.36887,0.0],[-71.05562,42.36903,0.0],[-71.05549,42.36899,0.0],[-71.05507,42.36887,0.0],[-71.05497,42.36902,0.0],[-71.05361,42.36873,0.0],[-71.05338,42.36909,0.0],[-71.05325,42.36906,0.0],[-71.05313,42.36902,0.0],[-71.05312,42.36881,0.0],[-71.0529,42.36872,0.0],[-71.05233,42.36943,0.0],[-71.05206,42.36976,0.0],[-71.05196,42.36971,0.0],[-71.05175,42.36962,0.0],[-71.05198,42.36928,0.0],[-71.05204,42.36919,0.0],[-71.05215,42.36903,0.0],[-71.05204,42.36898,0.0],[-71.05167,42.3688,0.0],[-71.05111,42.36942,0.0],[-71.05106,42.3694,0.0],[-71.05091,42.36933,0.0],[-71.05141,42.36871,0.0],[-71.05152,42.36856,0.0],[-71.05169,42.36835,0.0],[-71.05164,42.36833,0.0],[-71.05124,42.36809,0.0],[-71.05096,42.36832,0.0],[-71.05031,42.36888,0.0],[-71.05022,42.36881,0.0],[-71.05006,42.36868,0.0],[-71.05062,42.36818,0.0],[-71.05129,42.36759,0.0],[-71.05105,42.36733,0.0],[-71.05094,42.36722,0.0],[-71.05047,42.36748,0.0],[-71.05055,42.36766,0.0],[-71.05025,42.36777,0.0],[-71.05018,42.36763,0.0],[-71.04981,42.3679,0.0],[-71.04966,42.36763,0.0],[-71.04933,42.36703,0.0],[-71.05042,42.3668,0.0],[-71.0499,42.36663,0.0],[-71.04978,42.36659,0.0],[-71.04978,42.36647,0.0],[-71.0492,42.36643,0.0],[-71.04912,42.36643,0.0],[-71.049,42.36597,0.0],[-71.04986,42.366,0.0],[-71.04987,42.36583,0.0],[-71.0498,42.36582,0.0],[-71.04977,42.36541,0.0],[-71.04977,42.36536,0.0],[-71.04917,42.36533,0.0],[-71.04912,42.36543,0.0],[-71.04884,42.36538,0.0],[-71.04888,42.36493,0.0],[-71.04946,42.36496,0.0],[-71.04951,42.36506,0.0],[-71.05023,42.3651,0.0],[-71.05055,42.36512,0.0],[-71.05082,42.36485,0.0],[-71.05062,42.36484,0.0],[-71.04953,42.36477,0.0],[-71.04954,42.36465,0.0],[-71.04879,42.36457,0.0],[-71.04879,42.36446,0.0],[-71.04926,42.36445,0.0],[-71.04941,42.36405,0.0]]]]}},{"type":"Feature","properties":{"uesi_id":"USA_R2315704","nbhd_code":"USA_R2315704_175","nbhd_name":"14000US25025081900"},"geometry":{"type":"MultiPolygon","coordinates":[[[[-71.08192,42.31803,0.0],[-71.08199,42.31789,0.0],[-71.08217,42.31757,0.0],[-71.08237,42.31724,0.0],[-71.08256,42.31691,0.0],[-71.08278,42.31653,0.0],[-71.08285,42.31637,0.0],[-71.08295,42.31639,0.0],[-71.08371,42.31659,0.0],[-71.08428,42.31675,0.0],[-71.08442,42.31678,0.0],[-71.08458,42.3168,0.0],[-71.08483,42.31679,0.0],[-71.08517,42.31678,0.0],[-71.08534,42.31675,0.0],[-71.08549,42.31675,0.0],[-71.08559,42.31677,0.0],[-71.08573,42.31681,0.0],[-71.08603,42.3169,0.0],[-71.08651,42.31706,0.0],[-71.0867,42.31673,0.0],[-71.0869,42.3164,0.0],[-71.08702,42.31623,0.0],[-71.08734,42.31584,0.0],[-71.08791,42.31514,0.0],[-71.08833,42.31462,0.0],[-71.08844,42.31446,0.0],[-71.08881,42.31402,0.0],[-71.08916,42.31357,0.0],[-71.0894,42.31327,0.0],[-71.08993,42.31264,0.0],[-71.09051,42.31191,0.0],[-71.0911,42.31116,0.0],[-71.09156,42.31055,0.0],[-71.09182,42.31027,0.0],[-71.09208,42.30996,0.0],[-71.09217,42.30987,0.0],[-71.09269,42.31028,0.0],[-71.09295,42.31053,0.0],[-71.09298,42.31056,0.0],[-71.09313,42.31073,0.0],[-71.0933,42.311,0.0],[-71.09344,42.31138,0.0],[-71.09354,42.3118,0.0],[-71.09355,42.31187,0.0],[-71.09357,42.31207,0.0],[-71.09364,42.31227,0.0],[-71.09375,42.31246,0.0],[-71.09386,42.31259,0.0],[-71.09398,42.3127,0.0],[-71.09411,42.31278,0.0],[-71.09427,42.31285,0.0],[-71.09462,42.31298,0.0],[-71.09466,42.313,0.0],[-71.09482,42.31308,0.0],[-71.09515,42.31329,0.0],[-71.09504,42.31339,0.0],[-71.09479,42.31358,0.0],[-71.0944,42.31388,0.0],[-71.09417,42.31407,0.0],[-71.09409,42.31415,0.0],[-71.09394,42.31433,0.0],[-71.09386,42.31447,0.0],[-71.09382,42.31455,0.0],[-71.09376,42.31479,0.0],[-71.09368,42.31502,0.0],[-71.09362,42.31525,0.0],[-71.09356,42.31552,0.0],[-71.09347,42.3158,0.0],[-71.09333,42.31616,0.0],[-71.09323,42.31645,0.0],[-71.09318,42.31655,0.0],[-71.09309,42.31668,0.0],[-71.09296,42.31676,0.0],[-71.09272,42.31685,0.0],[-71.09247,42.3169,0.0],[-71.09229,42.31692,0.0],[-71.09197,42.31695,0.0],[-71.09178,42.31697,0.0],[-71.09162,42.31701,0.0],[-71.09129,42.31761,0.0],[-71.09113,42.31796,0.0],[-71.091,42.31828,0.0],[-71.09091,42.31851,0.0],[-71.09084,42.31868,0.0],[-71.0908,42.31876,0.0],[-71.09067,42.31888,0.0],[-71.09024,42.31922,0.0],[-71.09017,42.31919,0.0],[-71.08951,42.31903,0.0],[-71.08912,42.31894,0.0],[-71.08852,42.31878,0.0],[-71.08768,42.31859,0.0],[-71.08685,42.31839,0.0],[-71.08623,42.31825,0.0],[-71.08619,42.31842,0.0],[-71.08604,42.31903,0.0],[-71.08602,42.31917,0.0],[-71.08548,42.31902,0.0],[-71.08427,42.31867,0.0],[-71.08378,42.31853,0.0],[-71.08207,42.31807,0.0],[-71.08192,42.31803,0.0]]]]}},{"type":"Feature","properties":{"uesi_id":"USA_R2315704","nbhd_code":"USA_R2315704_176","nbhd_name":"14000US25025081800"},"geometry":{"type":"MultiPolygon","coordinates":[[[[-71.0796,42.32417,0.0],[-71.07941,42.32407,0.0],[-71.0792,42.32398,0.0],[-71.07881,42.32381,0.0],[-71.07833,42.32361,0.0],[-71.07785,42.3234,0.0],[-71.07752,42.32327,0.0],[-71.07666,42.3229,0.0],[-71.07693,42.32253,0.0],[-71.0771,42.32229,0.0],[-71.07715,42.3222,0.0],[-71.07719,42.3221,0.0],[-71.07722,42.32198,0.0],[-71.07728,42.32182,0.0],[-71.07749,42.32128,0.0],[-71.07763,42.32092,0.0],[-71.07765,42.32085,0.0],[-71.07771,42.32064,0.0],[-71.07775,42.32044,0.0],[-71.07775,42.3204,0.0],[-71.07776,42.32022,0.0],[-71.07776,42.31988,0.0],[-71.07776,42.31975,0.0],[-71.07775,42.31929,0.0],[-71.07775,42.31907,0.0],[-71.07775,42.31885,0.0],[-71.07775,42.31875,0.0],[-71.07776,42.31861,0.0],[-71.07781,42.3183,0.0],[-71.0779,42.31781,0.0],[-71.07797,42.31739,0.0],[-71.07801,42.31721,0.0],[-71.07805,42.3169,0.0],[-71.07815,42.31623,0.0],[-71.07822,42.31588,0.0],[-71.07827,42.31569,0.0],[-71.07833,42.31556,0.0],[-71.07848,42.31524,0.0],[-71.07882,42.31462,0.0],[-71.07937,42.31488,0.0],[-71.0795,42.31495,0.0],[-71.07985,42.31513,0.0],[-71.08037,42.31542,0.0],[-71.081,42.31576,0.0],[-71.08144,42.31593,0.0],[-71.08181,42.31605,0.0],[-71.08265,42.31632,0.0],[-71.08285,42.31637,0.0],[-71.08278,42.31653,0.0],[-71.08256,42.31691,0.0],[-71.08237,42.31724,0.0],[-71.08217,42.31757,0.0],[-71.08199,42.31789,0.0],[-71.08192,42.31803,0.0],[-71.08179,42.31828,0.0],[-71.08165,42.31857,0.0],[-71.08156,42.31881,0.0],[-71.08148,42.31907,0.0],[-71.08139,42.31946,0.0],[-71.08138,42.31968,0.0],[-71.08139,42.31981,0.0],[-71.08143,42.32007,0.0],[-71.08151,42.32034,0.0],[-71.08162,42.32074,0.0],[-71.08172,42.32107,0.0],[-71.0819,42.32167,0.0],[-71.08192,42.32174,0.0],[-71.082,42.322,0.0],[-71.08215,42.32241,0.0],[-71.08224,42.32268,0.0],[-71.08245,42.32327,0.0],[-71.08258,42.32363,0.0],[-71.0827,42.32401,0.0],[-71.08277,42.32422,0.0],[-71.08293,42.32472,0.0],[-71.08304,42.325,0.0],[-71.08316,42.32534,0.0],[-71.08328,42.32561,0.0],[-71.08331,42.32575,0.0],[-71.08331,42.32597,0.0],[-71.08219,42.32573,0.0],[-71.08187,42.32566,0.0],[-71.08176,42.32562,0.0],[-71.08161,42.32556,0.0],[-71.08121,42.3253,0.0],[-71.08054,42.32482,0.0],[-71.08015,42.32456,0.0],[-71.0796,42.32417,0.0]]]]}},{"type":"Feature","properties":{"uesi_id":"USA_R2315704","nbhd_code":"USA_R2315704_177","nbhd_name":"14000US25025081700"},"geometry":{"type":"MultiPolygon","coordinates":[[[[-71.08345,42.32866,0.0],[-71.08337,42.32853,0.0],[-71.08322,42.32833,0.0],[-71.08311,42.32813,0.0],[-71.08306,42.328,0.0],[-71.08304,42.32791,0.0],[-71.08304,42.32775,0.0],[-71.08307,42.32746,0.0],[-71.08309,42.32727,0.0],[-71.08318,42.32662,0.0],[-71.08327,42.32614,0.0],[-71.08327,42.32613,0.0],[-71.08331,42.32597,0.0],[-71.08331,42.32575,0.0],[-71.08328,42.32561,0.0],[-71.08316,42.32534,0.0],[-71.08304,42.325,0.0],[-71.08293,42.32472,0.0],[-71.08277,42.32422,0.0],[-71.0827,42.32401,0.0],[-71.08258,42.32363,0.0],[-71.08245,42.32327,0.0],[-71.08224,42.32268,0.0],[-71.08215,42.32241,0.0],[-71.082,42.322,0.0],[-71.08192,42.32174,0.0],[-71.0819,42.32167,0.0],[-71.08172,42.32107,0.0],[-71.08162,42.32074,0.0],[-71.08151,42.32034,0.0],[-71.08143,42.32007,0.0],[-71.08139,42.31981,0.0],[-71.08138,42.31968,0.0],[-71.08139,42.31946,0.0],[-71.08148,42.31907,0.0],[-71.08156,42.31881,0.0],[-71.08165,42.31857,0.0],[-71.08179,42.31828,0.0],[-71.08192,42.31803,0.0],[-71.08207,42.31807,0.0],[-71.08378,42.31853,0.0],[-71.08427,42.31867,0.0],[-71.08548,42.31902,0.0],[-71.08602,42.31917,0.0],[-71.08604,42.31903,0.0],[-71.08619,42.31842,0.0],[-71.08623,42.31825,0.0],[-71.08685,42.31839,0.0],[-71.08768,42.31859,0.0],[-71.08852,42.31878,0.0],[-71.08912,42.31894,0.0],[-71.08951,42.31903,0.0],[-71.09017,42.31919,0.0],[-71.09024,42.31922,0.0],[-71.09034,42.31929,0.0],[-71.09087,42.31987,0.0],[-71.09137,42.32043,0.0],[-71.09161,42.32066,0.0],[-71.09171,42.32074,0.0],[-71.09179,42.32079,0.0],[-71.09186,42.32084,0.0],[-71.09227,42.32116,0.0],[-71.09248,42.32132,0.0],[-71.09209,42.32158,0.0],[-71.09194,42.3217,0.0],[-71.0915,42.32202,0.0],[-71.09108,42.32233,0.0],[-71.08984,42.32324,0.0],[-71.0896,42.3234,0.0],[-71.08931,42.32366,0.0],[-71.08902,42.32397,0.0],[-71.08879,42.32423,0.0],[-71.08869,42.32433,0.0],[-71.08854,42.32449,0.0],[-71.08843,42.32463,0.0],[-71.0883,42.32483,0.0],[-71.08821,42.325,0.0],[-71.08813,42.3252,0.0],[-71.08796,42.32556,0.0],[-71.08789,42.32572,0.0],[-71.0877,42.32619,0.0],[-71.08739,42.32688,0.0],[-71.08726,42.32717,0.0],[-71.087,42.32779,0.0],[-71.08696,42.32787,0.0],[-71.08694,42.3279,0.0],[-71.08685,42.32804,0.0],[-71.08679,42.32811,0.0],[-71.08674,42.32816,0.0],[-71.08658,42.32828,0.0],[-71.08637,42.32838,0.0],[-71.08616,42.32847,0.0],[-71.08499,42.32888,0.0],[-71.0849,42.32885,0.0],[-71.0844,42.32877,0.0],[-71.08393,42.32871,0.0],[-71.08345,42.32866,0.0]]]]}},{"type":"Feature","properties":{"uesi_id":"USA_R2315704","nbhd_code":"USA_R2315704_178","nbhd_name":"14000US25025081500"},"geometry":{"type":"MultiPolygon","coordinates":[[[[-71.08879,42.32423,0.0],[-71.08902,42.32397,0.0],[-71.08931,42.32366,0.0],[-71.0896,42.3234,0.0],[-71.08984,42.32324,0.0],[-71.09108,42.32233,0.0],[-71.0915,42.32202,0.0],[-71.09194,42.3217,0.0],[-71.09209,42.32158,0.0],[-71.09248,42.32132,0.0],[-71.09227,42.32116,0.0],[-71.09186,42.32084,0.0],[-71.09179,42.32079,0.0],[-71.09171,42.32074,0.0],[-71.09161,42.32066,0.0],[-71.09137,42.32043,0.0],[-71.09087,42.31987,0.0],[-71.09034,42.31929,0.0],[-71.09024,42.31922,0.0],[-71.09067,42.31888,0.0],[-71.0908,42.31876,0.0],[-71.09084,42.31868,0.0],[-71.09091,42.31851,0.0],[-71.091,42.31828,0.0],[-71.09113,42.31796,0.0],[-71.09129,42.31761,0.0],[-71.09162,42.31701,0.0],[-71.09178,42.31697,0.0],[-71.09197,42.31695,0.0],[-71.09229,42.31692,0.0],[-71.09247,42.3169,0.0],[-71.09272,42.31685,0.0],[-71.09296,42.31676,0.0],[-71.09309,42.31668,0.0],[-71.09318,42.31655,0.0],[-71.09323,42.31645,0.0],[-71.09333,42.31616,0.0],[-71.09347,42.3158,0.0],[-71.09356,42.31552,0.0],[-71.09391,42.31557,0.0],[-71.09413,42.31561,0.0],[-71.09427,42.31564,0.0],[-71.09442,42.31569,0.0],[-71.09458,42.31577,0.0],[-71.0948,42.31588,0.0],[-71.09517,42.31608,0.0],[-71.09547,42.31622,0.0],[-71.09565,42.31632,0.0],[-71.09695,42.31698,0.0],[-71.09709,42.31704,0.0],[-71.09695,42.31717,0.0],[-71.0968,42.31733,0.0],[-71.09642,42.3177,0.0],[-71.09531,42.31883,0.0],[-71.09504,42.3191,0.0],[-71.09448,42.31965,0.0],[-71.09436,42.31976,0.0],[-71.09404,42.32008,0.0],[-71.09359,42.32046,0.0],[-71.09315,42.32081,0.0],[-71.09332,42.32093,0.0],[-71.09391,42.32125,0.0],[-71.0943,42.32148,0.0],[-71.09511,42.32193,0.0],[-71.0954,42.32206,0.0],[-71.09533,42.32212,0.0],[-71.0953,42.32224,0.0],[-71.09531,42.32248,0.0],[-71.09534,42.32301,0.0],[-71.09536,42.32314,0.0],[-71.0954,42.32326,0.0],[-71.09508,42.32321,0.0],[-71.09479,42.32314,0.0],[-71.09472,42.32312,0.0],[-71.09455,42.32309,0.0],[-71.09439,42.32309,0.0],[-71.09422,42.3231,0.0],[-71.09383,42.32315,0.0],[-71.09363,42.3232,0.0],[-71.09353,42.32325,0.0],[-71.09347,42.3233,0.0],[-71.09338,42.32342,0.0],[-71.09328,42.32357,0.0],[-71.09325,42.32372,0.0],[-71.09326,42.32387,0.0],[-71.09327,42.32411,0.0],[-71.09328,42.32448,0.0],[-71.09327,42.32481,0.0],[-71.09326,42.32512,0.0],[-71.09323,42.32543,0.0],[-71.0932,42.32579,0.0],[-71.09312,42.32631,0.0],[-71.0931,42.3264,0.0],[-71.09305,42.32656,0.0],[-71.09291,42.32689,0.0],[-71.09241,42.32675,0.0],[-71.09234,42.32672,0.0],[-71.09226,42.32667,0.0],[-71.09213,42.32653,0.0],[-71.0919,42.32614,0.0],[-71.0918,42.32599,0.0],[-71.09134,42.32532,0.0],[-71.09126,42.32524,0.0],[-71.09115,42.32516,0.0],[-71.09096,42.32503,0.0],[-71.09084,42.32498,0.0],[-71.09005,42.3247,0.0],[-71.08939,42.32445,0.0],[-71.08879,42.32423,0.0]]]]}},{"type":"Feature","properties":{"uesi_id":"USA_R2315704","nbhd_code":"USA_R2315704_179","nbhd_name":"14000US25025081400"},"geometry":{"type":"MultiPolygon","coordinates":[[[[-71.09535,42.33156,0.0],[-71.0949,42.33149,0.0],[-71.0946,42.33145,0.0],[-71.0944,42.33142,0.0],[-71.09396,42.33136,0.0],[-71.09381,42.33134,0.0],[-71.09348,42.33131,0.0],[-71.0929,42.33128,0.0],[-71.09211,42.33128,0.0],[-71.09162,42.33126,0.0],[-71.09145,42.33125,0.0],[-71.09099,42.33122,0.0],[-71.09053,42.33118,0.0],[-71.09013,42.33112,0.0],[-71.08941,42.33098,0.0],[-71.08878,42.3308,0.0],[-71.08819,42.33062,0.0],[-71.08834,42.33051,0.0],[-71.08837,42.33049,0.0],[-71.08847,42.33043,0.0],[-71.08861,42.3304,0.0],[-71.08888,42.33038,0.0],[-71.08955,42.33033,0.0],[-71.0896,42.33033,0.0],[-71.09034,42.33026,0.0],[-71.09082,42.33017,0.0],[-71.09108,42.33013,0.0],[-71.09144,42.33005,0.0],[-71.09124,42.32995,0.0],[-71.09094,42.32985,0.0],[-71.09044,42.32967,0.0],[-71.09033,42.32963,0.0],[-71.09022,42.32961,0.0],[-71.0901,42.32946,0.0],[-71.08974,42.32909,0.0],[-71.08955,42.32896,0.0],[-71.08923,42.32876,0.0],[-71.08828,42.32813,0.0],[-71.08818,42.32808,0.0],[-71.08806,42.32803,0.0],[-71.08767,42.32792,0.0],[-71.087,42.32779,0.0],[-71.08726,42.32717,0.0],[-71.08739,42.32688,0.0],[-71.0877,42.32619,0.0],[-71.08789,42.32572,0.0],[-71.08796,42.32556,0.0],[-71.08813,42.3252,0.0],[-71.08821,42.325,0.0],[-71.0883,42.32483,0.0],[-71.08843,42.32463,0.0],[-71.08854,42.32449,0.0],[-71.08869,42.32433,0.0],[-71.08879,42.32423,0.0],[-71.08939,42.32445,0.0],[-71.09005,42.3247,0.0],[-71.09084,42.32498,0.0],[-71.09096,42.32503,0.0],[-71.09115,42.32516,0.0],[-71.09126,42.32524,0.0],[-71.09134,42.32532,0.0],[-71.0918,42.32599,0.0],[-71.0919,42.32614,0.0],[-71.09213,42.32653,0.0],[-71.09226,42.32667,0.0],[-71.09234,42.32672,0.0],[-71.09241,42.32675,0.0],[-71.09291,42.32689,0.0],[-71.09305,42.32656,0.0],[-71.0931,42.3264,0.0],[-71.09312,42.32631,0.0],[-71.0932,42.32579,0.0],[-71.09323,42.32543,0.0],[-71.09326,42.32512,0.0],[-71.09327,42.32481,0.0],[-71.09328,42.32448,0.0],[-71.09327,42.32411,0.0],[-71.09326,42.32387,0.0],[-71.09325,42.32372,0.0],[-71.09328,42.32357,0.0],[-71.09338,42.32342,0.0],[-71.09347,42.3233,0.0],[-71.09353,42.32325,0.0],[-71.09363,42.3232,0.0],[-71.09383,42.32315,0.0],[-71.09422,42.3231,0.0],[-71.09439,42.32309,0.0],[-71.09455,42.32309,0.0],[-71.09472,42.32312,0.0],[-71.09479,42.32314,0.0],[-71.09508,42.32321,0.0],[-71.0954,42.32326,0.0],[-71.09552,42.32353,0.0],[-71.09556,42.32358,0.0],[-71.09565,42.32374,0.0],[-71.09585,42.32406,0.0],[-71.09595,42.32417,0.0],[-71.09613,42.32434,0.0],[-71.09628,42.32448,0.0],[-71.09639,42.32462,0.0],[-71.09655,42.32481,0.0],[-71.09664,42.32494,0.0],[-71.09668,42.32503,0.0],[-71.0967,42.32513,0.0],[-71.09672,42.32532,0.0],[-71.09671,42.32548,0.0],[-71.09666,42.32562,0.0],[-71.09661,42.32579,0.0],[-71.0967,42.32588,0.0],[-71.09663,42.32602,0.0],[-71.09652,42.32621,0.0],[-71.09672,42.32624,0.0],[-71.09723,42.32627,0.0],[-71.09782,42.32629,0.0],[-71.0979,42.32626,0.0],[-71.09796,42.32624,0.0],[-71.09825,42.3254,0.0],[-71.09833,42.32515,0.0],[-71.0984,42.32494,0.0],[-71.09888,42.32503,0.0],[-71.09892,42.32503,0.0],[-71.099,42.32504,0.0],[-71.09915,42.32507,0.0],[-71.09938,42.32514,0.0],[-71.09948,42.3252,0.0],[-71.09963,42.32536,0.0],[-71.09971,42.32543,0.0],[-71.09963,42.32557,0.0],[-71.09949,42.32595,0.0],[-71.09937,42.32623,0.0],[-71.09928,42.32637,0.0],[-71.09963,42.32638,0.0],[-71.09976,42.3264,0.0],[-71.10011,42.32643,0.0],[-71.09985,42.32662,0.0],[-71.09975,42.32672,0.0],[-71.09968,42.32686,0.0],[-71.09962,42.3271,0.0],[-71.09953,42.32755,0.0],[-71.09943,42.32783,0.0],[-71.09937,42.328,0.0],[-71.09921,42.32825,0.0],[-71.0991,42.32844,0.0],[-71.09905,42.32855,0.0],[-71.09896,42.32897,0.0],[-71.09894,42.32914,0.0],[-71.09891,42.32929,0.0],[-71.0989,42.32932,0.0],[-71.09882,42.32958,0.0],[-71.09876,42.32972,0.0],[-71.09874,42.32976,0.0],[-71.09865,42.3299,0.0],[-71.0985,42.33008,0.0],[-71.0984,42.33016,0.0],[-71.09804,42.33046,0.0],[-71.09795,42.33051,0.0],[-71.09768,42.3307,0.0],[-71.0976,42.33078,0.0],[-71.0975,42.33099,0.0],[-71.09731,42.33148,0.0],[-71.09719,42.33179,0.0],[-71.09614,42.33165,0.0],[-71.09592,42.33162,0.0],[-71.09535,42.33156,0.0]]]]}},{"type":"Feature","properties":{"uesi_id":"USA_R2315704","nbhd_code":"USA_R2315704_180","nbhd_name":"14000US25025081300"},"geometry":{"type":"MultiPolygon","coordinates":[[[[-71.0954,42.32326,0.0],[-71.09536,42.32314,0.0],[-71.09534,42.32301,0.0],[-71.09531,42.32248,0.0],[-71.0953,42.32224,0.0],[-71.09533,42.32212,0.0],[-71.0954,42.32206,0.0],[-71.09511,42.32193,0.0],[-71.0943,42.32148,0.0],[-71.09391,42.32125,0.0],[-71.09332,42.32093,0.0],[-71.09315,42.32081,0.0],[-71.09359,42.32046,0.0],[-71.09404,42.32008,0.0],[-71.09436,42.31976,0.0],[-71.09448,42.31965,0.0],[-71.09504,42.3191,0.0],[-71.09531,42.31883,0.0],[-71.09642,42.3177,0.0],[-71.0968,42.31733,0.0],[-71.09695,42.31717,0.0],[-71.09709,42.31704,0.0],[-71.09695,42.31698,0.0],[-71.09565,42.31632,0.0],[-71.09547,42.31622,0.0],[-71.09517,42.31608,0.0],[-71.0948,42.31588,0.0],[-71.09458,42.31577,0.0],[-71.09442,42.31569,0.0],[-71.09427,42.31564,0.0],[-71.09413,42.31561,0.0],[-71.09391,42.31557,0.0],[-71.09356,42.31552,0.0],[-71.09362,42.31525,0.0],[-71.09368,42.31502,0.0],[-71.09376,42.31479,0.0],[-71.09382,42.31455,0.0],[-71.09386,42.31447,0.0],[-71.09394,42.31433,0.0],[-71.09409,42.31415,0.0],[-71.09417,42.31407,0.0],[-71.0944,42.31388,0.0],[-71.09479,42.31358,0.0],[-71.09504,42.31339,0.0],[-71.09515,42.31329,0.0],[-71.09536,42.31314,0.0],[-71.09554,42.313,0.0],[-71.09598,42.31268,0.0],[-71.09625,42.3125,0.0],[-71.09677,42.31284,0.0],[-71.0973,42.31317,0.0],[-71.09757,42.31334,0.0],[-71.09797,42.3136,0.0],[-71.09818,42.31372,0.0],[-71.09842,42.31387,0.0],[-71.09875,42.31408,0.0],[-71.099,42.31424,0.0],[-71.09919,42.31436,0.0],[-71.09942,42.31456,0.0],[-71.09948,42.31461,0.0],[-71.09916,42.31495,0.0],[-71.09897,42.31513,0.0],[-71.09864,42.31546,0.0],[-71.09845,42.31565,0.0],[-71.09895,42.31609,0.0],[-71.09944,42.31652,0.0],[-71.09962,42.31668,0.0],[-71.09969,42.31674,0.0],[-71.10004,42.31712,0.0],[-71.10033,42.31738,0.0],[-71.10076,42.31782,0.0],[-71.10119,42.31822,0.0],[-71.10125,42.31826,0.0],[-71.10136,42.3183,0.0],[-71.10151,42.31839,0.0],[-71.10258,42.31906,0.0],[-71.10292,42.31929,0.0],[-71.10294,42.31931,0.0],[-71.1025,42.31984,0.0],[-71.10141,42.32111,0.0],[-71.10054,42.32214,0.0],[-71.10002,42.32278,0.0],[-71.09975,42.32318,0.0],[-71.0995,42.32362,0.0],[-71.09932,42.324,0.0],[-71.09907,42.32458,0.0],[-71.09892,42.32503,0.0],[-71.09888,42.32503,0.0],[-71.0984,42.32494,0.0],[-71.09833,42.32515,0.0],[-71.09825,42.3254,0.0],[-71.09796,42.32624,0.0],[-71.0979,42.32626,0.0],[-71.09782,42.32629,0.0],[-71.09723,42.32627,0.0],[-71.09672,42.32624,0.0],[-71.09652,42.32621,0.0],[-71.09663,42.32602,0.0],[-71.0967,42.32588,0.0],[-71.09661,42.32579,0.0],[-71.09666,42.32562,0.0],[-71.09671,42.32548,0.0],[-71.09672,42.32532,0.0],[-71.0967,42.32513,0.0],[-71.09668,42.32503,0.0],[-71.09664,42.32494,0.0],[-71.09655,42.32481,0.0],[-71.09639,42.32462,0.0],[-71.09628,42.32448,0.0],[-71.09613,42.32434,0.0],[-71.09595,42.32417,0.0],[-71.09585,42.32406,0.0],[-71.09565,42.32374,0.0],[-71.09556,42.32358,0.0],[-71.09552,42.32353,0.0],[-71.0954,42.32326,0.0]]]]}}]}