{"type":"FeatureCollection","name":"USA_R251075","crs":{"type":"name","properties":{"name":"urn:ogc:def:crs:OGC:1.3:CRS84"}},"features":[{"type":"Feature","properties":{"uesi_id":"USA_R251075","nbhd_code":"USA_R251075_1","nbhd_name":"Census Tract 1.01, Milwaukee, WI"},"geometry":{"type":"MultiPolygon","coordinates":[[[[-88.02434,43.17781,0.0],[-88.02431,43.17857,0.0],[-88.02421,43.18149,0.0],[-88.02418,43.18246,0.0],[-88.02417,43.18263,0.0],[-88.02416,43.18315,0.0],[-88.02415,43.18329,0.0],[-88.02417,43.18333,0.0],[-88.02407,43.18496,0.0],[-88.02372,43.19249,0.0],[-88.02176,43.1925,0.0],[-88.01585,43.19253,0.0],[-88.01389,43.19254,0.0],[-88.01368,43.19254,0.0],[-88.01239,43.19254,0.0],[-88.01188,43.19255,0.0],[-88.00588,43.19257,0.0],[-88.00387,43.19258,0.0],[-88.00381,43.19258,0.0],[-87.99429,43.19255,0.0],[-87.99417,43.19255,0.0],[-87.99425,43.18872,0.0],[-87.99425,43.18845,0.0],[-87.99435,43.18373,0.0],[-87.99441,43.18111,0.0],[-87.99442,43.18035,0.0],[-87.99447,43.17838,0.0],[-87.99448,43.17787,0.0],[-87.99448,43.17768,0.0],[-87.99511,43.17768,0.0],[-87.99702,43.17769,0.0],[-87.99765,43.1777,0.0],[-87.99947,43.17773,0.0],[-88.00249,43.17775,0.0],[-88.00321,43.17776,0.0],[-88.00449,43.17775,0.0],[-88.00457,43.17775,0.0],[-88.00482,43.17774,0.0],[-88.0049,43.17774,0.0],[-88.00494,43.17774,0.0],[-88.00502,43.17774,0.0],[-88.00538,43.17773,0.0],[-88.00549,43.17773,0.0],[-88.00562,43.17773,0.0],[-88.00601,43.17774,0.0],[-88.00613,43.17775,0.0],[-88.0062,43.17775,0.0],[-88.00624,43.17775,0.0],[-88.00657,43.17776,0.0],[-88.0066,43.17776,0.0],[-88.00668,43.17776,0.0],[-88.00738,43.17774,0.0],[-88.0077,43.17774,0.0],[-88.00866,43.17774,0.0],[-88.00898,43.17774,0.0],[-88.01035,43.17773,0.0],[-88.01148,43.17772,0.0],[-88.01443,43.17769,0.0],[-88.0158,43.17768,0.0],[-88.0175,43.17766,0.0],[-88.02263,43.17761,0.0],[-88.02434,43.1776,0.0],[-88.02434,43.17781,0.0]]]]}},{"type":"Feature","properties":{"uesi_id":"USA_R251075","nbhd_code":"USA_R251075_2","nbhd_name":"Census Tract 1.02, Milwaukee, WI"},"geometry":{"type":"MultiPolygon","coordinates":[[[[-88.02518,43.14877,0.0],[-88.02516,43.14919,0.0],[-88.02516,43.14933,0.0],[-88.02513,43.15001,0.0],[-88.02503,43.15203,0.0],[-88.025,43.1527,0.0],[-88.02498,43.15323,0.0],[-88.02491,43.15482,0.0],[-88.02488,43.15536,0.0],[-88.02488,43.15547,0.0],[-88.02486,43.15581,0.0],[-88.02485,43.15592,0.0],[-88.02484,43.15592,0.0],[-88.02479,43.15592,0.0],[-88.02475,43.15704,0.0],[-88.02473,43.15781,0.0],[-88.02463,43.16041,0.0],[-88.0246,43.16154,0.0],[-88.02458,43.16186,0.0],[-88.02453,43.16284,0.0],[-88.02451,43.16317,0.0],[-88.0245,43.1646,0.0],[-88.02446,43.16888,0.0],[-88.02445,43.17031,0.0],[-88.02444,43.17098,0.0],[-88.02441,43.17301,0.0],[-88.0244,43.17369,0.0],[-88.02439,43.1742,0.0],[-88.02437,43.17574,0.0],[-88.02437,43.17626,0.0],[-88.02436,43.17653,0.0],[-88.02435,43.17733,0.0],[-88.02434,43.1776,0.0],[-88.02263,43.17761,0.0],[-88.0175,43.17766,0.0],[-88.0158,43.17768,0.0],[-88.01443,43.17769,0.0],[-88.01148,43.17772,0.0],[-88.01035,43.17773,0.0],[-88.00898,43.17774,0.0],[-88.00866,43.17774,0.0],[-88.0077,43.17774,0.0],[-88.00738,43.17774,0.0],[-88.00668,43.17776,0.0],[-88.0066,43.17776,0.0],[-88.00657,43.17776,0.0],[-88.00624,43.17775,0.0],[-88.0062,43.17775,0.0],[-88.00613,43.17775,0.0],[-88.00601,43.17774,0.0],[-88.00562,43.17773,0.0],[-88.00549,43.17773,0.0],[-88.00538,43.17773,0.0],[-88.00502,43.17774,0.0],[-88.00494,43.17774,0.0],[-88.0049,43.17774,0.0],[-88.00482,43.17774,0.0],[-88.00457,43.17775,0.0],[-88.00449,43.17775,0.0],[-88.00321,43.17776,0.0],[-88.00249,43.17775,0.0],[-87.99947,43.17773,0.0],[-87.99765,43.1777,0.0],[-87.99702,43.17769,0.0],[-87.99511,43.17768,0.0],[-87.99448,43.17768,0.0],[-87.99451,43.1763,0.0],[-87.99451,43.17611,0.0],[-87.99451,43.17589,0.0],[-87.99459,43.17194,0.0],[-87.99461,43.17049,0.0],[-87.99463,43.17035,0.0],[-87.99463,43.16996,0.0],[-87.99463,43.1698,0.0],[-87.99465,43.16862,0.0],[-87.99473,43.16479,0.0],[-87.99476,43.16319,0.0],[-87.99489,43.16319,0.0],[-87.9952,43.16319,0.0],[-87.99613,43.16319,0.0],[-87.99644,43.1632,0.0],[-87.9967,43.1632,0.0],[-87.99749,43.16321,0.0],[-87.99776,43.16322,0.0],[-87.99779,43.16322,0.0],[-87.99845,43.16322,0.0],[-88.00055,43.16325,0.0],[-88.00125,43.16326,0.0],[-88.00193,43.16327,0.0],[-88.00398,43.16329,0.0],[-88.00467,43.1633,0.0],[-88.00468,43.16303,0.0],[-88.00472,43.16222,0.0],[-88.00473,43.16195,0.0],[-88.00473,43.16188,0.0],[-88.00473,43.16184,0.0],[-88.00474,43.1616,0.0],[-88.00479,43.16056,0.0],[-88.00481,43.16022,0.0],[-88.00483,43.15957,0.0],[-88.00484,43.15939,0.0],[-88.00496,43.15689,0.0],[-88.005,43.15606,0.0],[-88.0051,43.15177,0.0],[-88.00527,43.14872,0.0],[-88.00547,43.14872,0.0],[-88.0061,43.14872,0.0],[-88.00824,43.14872,0.0],[-88.00895,43.14872,0.0],[-88.00899,43.14872,0.0],[-88.01073,43.14871,0.0],[-88.01525,43.14869,0.0],[-88.01609,43.14868,0.0],[-88.01787,43.14867,0.0],[-88.01834,43.14867,0.0],[-88.01976,43.14866,0.0],[-88.02023,43.14866,0.0],[-88.02071,43.14866,0.0],[-88.02217,43.14865,0.0],[-88.02265,43.14865,0.0],[-88.02316,43.14864,0.0],[-88.02468,43.14864,0.0],[-88.02519,43.14863,0.0],[-88.02518,43.14877,0.0]]]]}},{"type":"Feature","properties":{"uesi_id":"USA_R251075","nbhd_code":"USA_R251075_3","nbhd_name":"Census Tract 2.01, Milwaukee, WI"},"geometry":{"type":"MultiPolygon","coordinates":[[[[-88.06426,43.16742,0.0],[-88.06426,43.16852,0.0],[-88.06414,43.17229,0.0],[-88.06412,43.17311,0.0],[-88.06409,43.17368,0.0],[-88.06402,43.1741,0.0],[-88.06383,43.17545,0.0],[-88.06367,43.17684,0.0],[-88.06367,43.17704,0.0],[-88.06365,43.17775,0.0],[-88.06362,43.17893,0.0],[-88.06362,43.17902,0.0],[-88.06351,43.18397,0.0],[-88.06349,43.18426,0.0],[-88.06347,43.18582,0.0],[-88.06347,43.18591,0.0],[-88.06351,43.18699,0.0],[-88.0634,43.19002,0.0],[-88.06338,43.1908,0.0],[-88.06335,43.19212,0.0],[-88.06326,43.19212,0.0],[-88.05681,43.19214,0.0],[-88.05676,43.19214,0.0],[-88.05368,43.19216,0.0],[-88.04373,43.19229,0.0],[-88.03826,43.19237,0.0],[-88.03819,43.19237,0.0],[-88.03814,43.19237,0.0],[-88.038,43.19237,0.0],[-88.03795,43.19237,0.0],[-88.03753,43.19238,0.0],[-88.03511,43.1924,0.0],[-88.03376,43.19242,0.0],[-88.03088,43.19244,0.0],[-88.02891,43.19245,0.0],[-88.02658,43.19247,0.0],[-88.02372,43.19249,0.0],[-88.02407,43.18496,0.0],[-88.02417,43.18333,0.0],[-88.02415,43.18329,0.0],[-88.02416,43.18315,0.0],[-88.02417,43.18263,0.0],[-88.02418,43.18246,0.0],[-88.02421,43.18149,0.0],[-88.02431,43.17857,0.0],[-88.02434,43.17781,0.0],[-88.02434,43.1776,0.0],[-88.02517,43.17759,0.0],[-88.02666,43.17758,0.0],[-88.02766,43.17757,0.0],[-88.0285,43.17756,0.0],[-88.02883,43.17756,0.0],[-88.02983,43.17755,0.0],[-88.03017,43.17755,0.0],[-88.03132,43.17754,0.0],[-88.03194,43.17753,0.0],[-88.03479,43.17751,0.0],[-88.03595,43.17747,0.0],[-88.03672,43.17753,0.0],[-88.03821,43.17755,0.0],[-88.04268,43.17759,0.0],[-88.04351,43.1776,0.0],[-88.04416,43.17749,0.0],[-88.04417,43.17736,0.0],[-88.0442,43.17697,0.0],[-88.04421,43.17684,0.0],[-88.04421,43.17676,0.0],[-88.04422,43.17649,0.0],[-88.04422,43.17641,0.0],[-88.04422,43.17637,0.0],[-88.04422,43.1761,0.0],[-88.04424,43.17518,0.0],[-88.04424,43.17487,0.0],[-88.04424,43.17485,0.0],[-88.04428,43.17265,0.0],[-88.04428,43.17235,0.0],[-88.0443,43.17145,0.0],[-88.0443,43.17115,0.0],[-88.0443,43.17114,0.0],[-88.04431,43.17064,0.0],[-88.04434,43.1691,0.0],[-88.04435,43.16859,0.0],[-88.04436,43.16792,0.0],[-88.0444,43.16591,0.0],[-88.04441,43.16524,0.0],[-88.04442,43.16478,0.0],[-88.04445,43.1634,0.0],[-88.04446,43.16293,0.0],[-88.04557,43.1629,0.0],[-88.04889,43.1628,0.0],[-88.05,43.16277,0.0],[-88.05214,43.16273,0.0],[-88.05289,43.16271,0.0],[-88.05535,43.16267,0.0],[-88.05756,43.16262,0.0],[-88.0576,43.16262,0.0],[-88.05857,43.16259,0.0],[-88.06062,43.16254,0.0],[-88.06071,43.16254,0.0],[-88.06096,43.16254,0.0],[-88.06103,43.16253,0.0],[-88.06169,43.16252,0.0],[-88.06194,43.16251,0.0],[-88.06406,43.16249,0.0],[-88.06428,43.16249,0.0],[-88.06426,43.16742,0.0]]]]}},{"type":"Feature","properties":{"uesi_id":"USA_R251075","nbhd_code":"USA_R251075_4","nbhd_name":"Census Tract 2.02, Milwaukee, WI"},"geometry":{"type":"MultiPolygon","coordinates":[[[[-88.06446,43.15668,0.0],[-88.06445,43.15678,0.0],[-88.0644,43.15772,0.0],[-88.06443,43.15813,0.0],[-88.06434,43.15837,0.0],[-88.0643,43.15848,0.0],[-88.0643,43.15856,0.0],[-88.0643,43.15862,0.0],[-88.06432,43.15967,0.0],[-88.06431,43.16026,0.0],[-88.06432,43.16041,0.0],[-88.0643,43.16103,0.0],[-88.06429,43.16136,0.0],[-88.0643,43.16172,0.0],[-88.06428,43.16249,0.0],[-88.06406,43.16249,0.0],[-88.06194,43.16251,0.0],[-88.06169,43.16252,0.0],[-88.06103,43.16253,0.0],[-88.06096,43.16254,0.0],[-88.06071,43.16254,0.0],[-88.06062,43.16254,0.0],[-88.05857,43.16259,0.0],[-88.0576,43.16262,0.0],[-88.05756,43.16262,0.0],[-88.05535,43.16267,0.0],[-88.05289,43.16271,0.0],[-88.05214,43.16273,0.0],[-88.05,43.16277,0.0],[-88.04889,43.1628,0.0],[-88.04557,43.1629,0.0],[-88.04446,43.16293,0.0],[-88.04445,43.1634,0.0],[-88.04442,43.16478,0.0],[-88.04441,43.16524,0.0],[-88.0444,43.16591,0.0],[-88.04436,43.16792,0.0],[-88.04435,43.16859,0.0],[-88.04434,43.1691,0.0],[-88.04431,43.17064,0.0],[-88.0443,43.17114,0.0],[-88.0443,43.17115,0.0],[-88.0443,43.17145,0.0],[-88.04428,43.17235,0.0],[-88.04428,43.17265,0.0],[-88.04424,43.17485,0.0],[-88.04424,43.17487,0.0],[-88.04424,43.17518,0.0],[-88.04422,43.1761,0.0],[-88.04422,43.17637,0.0],[-88.04422,43.17641,0.0],[-88.04422,43.17649,0.0],[-88.04421,43.17676,0.0],[-88.04421,43.17684,0.0],[-88.0442,43.17697,0.0],[-88.04417,43.17736,0.0],[-88.04416,43.17749,0.0],[-88.04351,43.1776,0.0],[-88.04268,43.17759,0.0],[-88.03821,43.17755,0.0],[-88.03672,43.17753,0.0],[-88.03595,43.17747,0.0],[-88.03479,43.17751,0.0],[-88.03194,43.17753,0.0],[-88.03132,43.17754,0.0],[-88.03017,43.17755,0.0],[-88.02983,43.17755,0.0],[-88.02883,43.17756,0.0],[-88.0285,43.17756,0.0],[-88.02766,43.17757,0.0],[-88.02666,43.17758,0.0],[-88.02517,43.17759,0.0],[-88.02434,43.1776,0.0],[-88.02435,43.17733,0.0],[-88.02436,43.17653,0.0],[-88.02437,43.17626,0.0],[-88.02437,43.17574,0.0],[-88.02439,43.1742,0.0],[-88.0244,43.17369,0.0],[-88.02441,43.17301,0.0],[-88.02444,43.17098,0.0],[-88.02445,43.17031,0.0],[-88.02446,43.16888,0.0],[-88.0245,43.1646,0.0],[-88.02451,43.16317,0.0],[-88.02453,43.16284,0.0],[-88.02458,43.16186,0.0],[-88.0246,43.16154,0.0],[-88.02463,43.16041,0.0],[-88.02473,43.15781,0.0],[-88.02475,43.15704,0.0],[-88.02479,43.15592,0.0],[-88.02484,43.15592,0.0],[-88.02485,43.15592,0.0],[-88.02486,43.15581,0.0],[-88.02488,43.15547,0.0],[-88.02488,43.15536,0.0],[-88.02491,43.15482,0.0],[-88.02498,43.15323,0.0],[-88.025,43.1527,0.0],[-88.02503,43.15203,0.0],[-88.02513,43.15001,0.0],[-88.02516,43.14933,0.0],[-88.02516,43.14919,0.0],[-88.02518,43.14877,0.0],[-88.02519,43.14863,0.0],[-88.02538,43.14863,0.0],[-88.02596,43.14862,0.0],[-88.02615,43.14862,0.0],[-88.02621,43.14862,0.0],[-88.02677,43.14861,0.0],[-88.02861,43.14857,0.0],[-88.02922,43.14856,0.0],[-88.0299,43.14855,0.0],[-88.03191,43.14851,0.0],[-88.03258,43.1485,0.0],[-88.03397,43.14847,0.0],[-88.03512,43.1484,0.0],[-88.03512,43.14845,0.0],[-88.03848,43.14843,0.0],[-88.04511,43.1484,0.0],[-88.04564,43.1484,0.0],[-88.04589,43.14839,0.0],[-88.04632,43.14839,0.0],[-88.04658,43.14839,0.0],[-88.0468,43.14839,0.0],[-88.0473,43.14834,0.0],[-88.04792,43.14825,0.0],[-88.04823,43.14819,0.0],[-88.0484,43.14815,0.0],[-88.04876,43.14806,0.0],[-88.04899,43.14799,0.0],[-88.04905,43.14797,0.0],[-88.04924,43.14791,0.0],[-88.04931,43.14789,0.0],[-88.04947,43.14783,0.0],[-88.04955,43.14781,0.0],[-88.05016,43.14762,0.0],[-88.05026,43.14759,0.0],[-88.05038,43.14755,0.0],[-88.05062,43.14747,0.0],[-88.05087,43.14739,0.0],[-88.051,43.14735,0.0],[-88.05113,43.14731,0.0],[-88.0514,43.14723,0.0],[-88.05156,43.1472,0.0],[-88.05199,43.14711,0.0],[-88.05201,43.14711,0.0],[-88.05273,43.14697,0.0],[-88.05328,43.14697,0.0],[-88.0541,43.14696,0.0],[-88.05415,43.14696,0.0],[-88.05469,43.14698,0.0],[-88.05487,43.14699,0.0],[-88.0551,43.14698,0.0],[-88.05525,43.14699,0.0],[-88.05554,43.147,0.0],[-88.05559,43.147,0.0],[-88.05575,43.147,0.0],[-88.0558,43.147,0.0],[-88.05631,43.14701,0.0],[-88.05641,43.14702,0.0],[-88.05672,43.14704,0.0],[-88.05705,43.1471,0.0],[-88.05726,43.14716,0.0],[-88.0575,43.14725,0.0],[-88.05766,43.14733,0.0],[-88.05778,43.14741,0.0],[-88.05802,43.14756,0.0],[-88.0582,43.1477,0.0],[-88.05831,43.14775,0.0],[-88.05842,43.14783,0.0],[-88.05863,43.14794,0.0],[-88.05887,43.14802,0.0],[-88.059,43.14805,0.0],[-88.05941,43.14808,0.0],[-88.05955,43.14808,0.0],[-88.06114,43.14804,0.0],[-88.06121,43.14804,0.0],[-88.0629,43.14801,0.0],[-88.06315,43.14801,0.0],[-88.0644,43.14799,0.0],[-88.06441,43.14987,0.0],[-88.06446,43.15483,0.0],[-88.06446,43.15668,0.0]]]]}},{"type":"Feature","properties":{"uesi_id":"USA_R251075","nbhd_code":"USA_R251075_5","nbhd_name":"Census Tract 3.01, Milwaukee, WI"},"geometry":{"type":"MultiPolygon","coordinates":[[[[-88.06562,43.12542,0.0],[-88.06527,43.12541,0.0],[-88.06526,43.12566,0.0],[-88.06525,43.12587,0.0],[-88.06523,43.12633,0.0],[-88.06523,43.12634,0.0],[-88.06515,43.12859,0.0],[-88.06512,43.12947,0.0],[-88.06514,43.13129,0.0],[-88.06514,43.13137,0.0],[-88.06508,43.13354,0.0],[-88.06506,43.13457,0.0],[-88.06506,43.13469,0.0],[-88.06506,43.13471,0.0],[-88.06504,43.13537,0.0],[-88.06503,43.13571,0.0],[-88.06498,43.13687,0.0],[-88.06495,43.13744,0.0],[-88.0649,43.13854,0.0],[-88.06487,43.13922,0.0],[-88.0648,43.1403,0.0],[-88.06473,43.14133,0.0],[-88.06472,43.14155,0.0],[-88.06472,43.14183,0.0],[-88.06464,43.14205,0.0],[-88.0644,43.14799,0.0],[-88.06315,43.14801,0.0],[-88.0629,43.14801,0.0],[-88.06121,43.14804,0.0],[-88.06114,43.14804,0.0],[-88.05955,43.14808,0.0],[-88.05941,43.14808,0.0],[-88.059,43.14805,0.0],[-88.05887,43.14802,0.0],[-88.05863,43.14794,0.0],[-88.05842,43.14783,0.0],[-88.05831,43.14775,0.0],[-88.0582,43.1477,0.0],[-88.05802,43.14756,0.0],[-88.05778,43.14741,0.0],[-88.05766,43.14733,0.0],[-88.0575,43.14725,0.0],[-88.05726,43.14716,0.0],[-88.05705,43.1471,0.0],[-88.05672,43.14704,0.0],[-88.05641,43.14702,0.0],[-88.05631,43.14701,0.0],[-88.0558,43.147,0.0],[-88.05575,43.147,0.0],[-88.05559,43.147,0.0],[-88.05554,43.147,0.0],[-88.05525,43.14699,0.0],[-88.0551,43.14698,0.0],[-88.05487,43.14699,0.0],[-88.05494,43.14463,0.0],[-88.05494,43.14403,0.0],[-88.05499,43.14011,0.0],[-88.05511,43.13902,0.0],[-88.05515,43.13872,0.0],[-88.05536,43.13737,0.0],[-88.05543,43.13694,0.0],[-88.05546,43.13628,0.0],[-88.05546,43.13625,0.0],[-88.05548,43.13598,0.0],[-88.05546,43.13567,0.0],[-88.05524,43.13397,0.0],[-88.0552,43.13365,0.0],[-88.05518,43.1334,0.0],[-88.0551,43.13281,0.0],[-88.05507,43.13258,0.0],[-88.05508,43.13232,0.0],[-88.05508,43.13227,0.0],[-88.05513,43.13179,0.0],[-88.05518,43.13128,0.0],[-88.05526,43.13082,0.0],[-88.05534,43.13045,0.0],[-88.05544,43.13015,0.0],[-88.05555,43.12988,0.0],[-88.05585,43.12915,0.0],[-88.05595,43.12886,0.0],[-88.05607,43.12859,0.0],[-88.05628,43.12811,0.0],[-88.05649,43.1276,0.0],[-88.05666,43.12715,0.0],[-88.05678,43.12683,0.0],[-88.05685,43.12644,0.0],[-88.0569,43.126,0.0],[-88.05695,43.12508,0.0],[-88.05693,43.12464,0.0],[-88.0572,43.12463,0.0],[-88.05731,43.12463,0.0],[-88.05745,43.12463,0.0],[-88.05787,43.12462,0.0],[-88.05801,43.12462,0.0],[-88.0585,43.12461,0.0],[-88.05995,43.12459,0.0],[-88.06044,43.12458,0.0],[-88.06092,43.12457,0.0],[-88.06163,43.12456,0.0],[-88.06235,43.12455,0.0],[-88.06283,43.12454,0.0],[-88.0633,43.12454,0.0],[-88.0647,43.12452,0.0],[-88.06491,43.12451,0.0],[-88.06516,43.12451,0.0],[-88.06523,43.12451,0.0],[-88.0656,43.1245,0.0],[-88.06562,43.12542,0.0]]]]}},{"type":"Feature","properties":{"uesi_id":"USA_R251075","nbhd_code":"USA_R251075_6","nbhd_name":"Census Tract 3.02, Milwaukee, WI"},"geometry":{"type":"MultiPolygon","coordinates":[[[[-88.05546,43.13625,0.0],[-88.05546,43.13628,0.0],[-88.05543,43.13694,0.0],[-88.05536,43.13737,0.0],[-88.05515,43.13872,0.0],[-88.05511,43.13902,0.0],[-88.05499,43.14011,0.0],[-88.05494,43.14403,0.0],[-88.05494,43.14463,0.0],[-88.05487,43.14699,0.0],[-88.05469,43.14698,0.0],[-88.05415,43.14696,0.0],[-88.0541,43.14696,0.0],[-88.05328,43.14697,0.0],[-88.05273,43.14697,0.0],[-88.05201,43.14711,0.0],[-88.05199,43.14711,0.0],[-88.05156,43.1472,0.0],[-88.0514,43.14723,0.0],[-88.05113,43.14731,0.0],[-88.051,43.14735,0.0],[-88.05087,43.14739,0.0],[-88.05062,43.14747,0.0],[-88.05038,43.14755,0.0],[-88.05003,43.14732,0.0],[-88.04886,43.14652,0.0],[-88.04764,43.14587,0.0],[-88.04514,43.14457,0.0],[-88.04385,43.14385,0.0],[-88.04238,43.14296,0.0],[-88.04082,43.14181,0.0],[-88.04005,43.14118,0.0],[-88.0398,43.14097,0.0],[-88.03742,43.13922,0.0],[-88.03444,43.13694,0.0],[-88.03344,43.1361,0.0],[-88.03322,43.13596,0.0],[-88.03336,43.13587,0.0],[-88.03338,43.13584,0.0],[-88.03358,43.13562,0.0],[-88.0336,43.13553,0.0],[-88.03365,43.13533,0.0],[-88.03354,43.13513,0.0],[-88.03326,43.13485,0.0],[-88.03268,43.13435,0.0],[-88.03246,43.13417,0.0],[-88.03251,43.13409,0.0],[-88.03256,43.13406,0.0],[-88.0326,43.13399,0.0],[-88.03261,43.13398,0.0],[-88.03263,43.13398,0.0],[-88.03318,43.13397,0.0],[-88.03484,43.13395,0.0],[-88.03539,43.13395,0.0],[-88.03564,43.13395,0.0],[-88.03639,43.13394,0.0],[-88.03664,43.13394,0.0],[-88.03688,43.13394,0.0],[-88.03763,43.13393,0.0],[-88.03788,43.13393,0.0],[-88.03812,43.13392,0.0],[-88.03884,43.13392,0.0],[-88.03909,43.13392,0.0],[-88.04031,43.13391,0.0],[-88.04143,43.1339,0.0],[-88.04153,43.1339,0.0],[-88.04276,43.13389,0.0],[-88.043,43.13389,0.0],[-88.04374,43.13388,0.0],[-88.04399,43.13388,0.0],[-88.04424,43.13388,0.0],[-88.04502,43.13388,0.0],[-88.04527,43.13387,0.0],[-88.04612,43.13385,0.0],[-88.04867,43.1338,0.0],[-88.0489,43.13379,0.0],[-88.04951,43.13382,0.0],[-88.04978,43.13384,0.0],[-88.04991,43.13385,0.0],[-88.05049,43.13391,0.0],[-88.0511,43.13403,0.0],[-88.05124,43.13405,0.0],[-88.05149,43.13414,0.0],[-88.05193,43.13418,0.0],[-88.05207,43.13419,0.0],[-88.05261,43.13422,0.0],[-88.05315,43.13421,0.0],[-88.05325,43.13421,0.0],[-88.05367,43.13419,0.0],[-88.0537,43.13418,0.0],[-88.05393,43.13416,0.0],[-88.05398,43.13415,0.0],[-88.05445,43.13409,0.0],[-88.05482,43.13403,0.0],[-88.05499,43.13401,0.0],[-88.05524,43.13397,0.0],[-88.05546,43.13567,0.0],[-88.05548,43.13598,0.0],[-88.05546,43.13625,0.0]]]]}},{"type":"Feature","properties":{"uesi_id":"USA_R251075","nbhd_code":"USA_R251075_7","nbhd_name":"Census Tract 3.03, Milwaukee, WI"},"geometry":{"type":"MultiPolygon","coordinates":[[[[-88.05678,43.12683,0.0],[-88.05666,43.12715,0.0],[-88.05649,43.1276,0.0],[-88.05628,43.12811,0.0],[-88.05607,43.12859,0.0],[-88.05595,43.12886,0.0],[-88.05585,43.12915,0.0],[-88.05555,43.12988,0.0],[-88.05544,43.13015,0.0],[-88.05534,43.13045,0.0],[-88.05526,43.13082,0.0],[-88.05518,43.13128,0.0],[-88.05513,43.13179,0.0],[-88.05508,43.13227,0.0],[-88.05508,43.13232,0.0],[-88.05507,43.13258,0.0],[-88.0551,43.13281,0.0],[-88.05518,43.1334,0.0],[-88.0552,43.13365,0.0],[-88.05524,43.13397,0.0],[-88.05499,43.13401,0.0],[-88.05482,43.13403,0.0],[-88.05445,43.13409,0.0],[-88.05398,43.13415,0.0],[-88.05393,43.13416,0.0],[-88.0537,43.13418,0.0],[-88.05367,43.13419,0.0],[-88.05325,43.13421,0.0],[-88.05315,43.13421,0.0],[-88.05261,43.13422,0.0],[-88.05207,43.13419,0.0],[-88.05193,43.13418,0.0],[-88.05149,43.13414,0.0],[-88.05124,43.13405,0.0],[-88.0511,43.13403,0.0],[-88.05049,43.13391,0.0],[-88.04991,43.13385,0.0],[-88.04978,43.13384,0.0],[-88.04951,43.13382,0.0],[-88.0489,43.13379,0.0],[-88.04867,43.1338,0.0],[-88.04612,43.13385,0.0],[-88.04527,43.13387,0.0],[-88.04502,43.13388,0.0],[-88.04424,43.13388,0.0],[-88.04399,43.13388,0.0],[-88.04374,43.13388,0.0],[-88.043,43.13389,0.0],[-88.04276,43.13389,0.0],[-88.04153,43.1339,0.0],[-88.04143,43.1339,0.0],[-88.04031,43.13391,0.0],[-88.03909,43.13392,0.0],[-88.03884,43.13392,0.0],[-88.03812,43.13392,0.0],[-88.03788,43.13393,0.0],[-88.03763,43.13393,0.0],[-88.03688,43.13394,0.0],[-88.03664,43.13394,0.0],[-88.03639,43.13394,0.0],[-88.03564,43.13395,0.0],[-88.03539,43.13395,0.0],[-88.03484,43.13395,0.0],[-88.03318,43.13397,0.0],[-88.03263,43.13398,0.0],[-88.03261,43.13398,0.0],[-88.03263,43.13395,0.0],[-88.03271,43.13384,0.0],[-88.03273,43.13376,0.0],[-88.03327,43.13275,0.0],[-88.03395,43.13164,0.0],[-88.03461,43.13055,0.0],[-88.03616,43.12918,0.0],[-88.03787,43.1277,0.0],[-88.03816,43.12749,0.0],[-88.03843,43.12724,0.0],[-88.03984,43.12619,0.0],[-88.04111,43.12524,0.0],[-88.04111,43.12522,0.0],[-88.04145,43.12503,0.0],[-88.04203,43.12463,0.0],[-88.04211,43.12469,0.0],[-88.04236,43.12487,0.0],[-88.04244,43.12493,0.0],[-88.04251,43.12498,0.0],[-88.04274,43.12514,0.0],[-88.04281,43.1252,0.0],[-88.04302,43.12505,0.0],[-88.0433,43.12485,0.0],[-88.04456,43.12483,0.0],[-88.0456,43.12482,0.0],[-88.04935,43.12476,0.0],[-88.05095,43.12473,0.0],[-88.05136,43.12472,0.0],[-88.05258,43.1247,0.0],[-88.05299,43.1247,0.0],[-88.05323,43.12469,0.0],[-88.05396,43.12468,0.0],[-88.0542,43.12468,0.0],[-88.05446,43.12468,0.0],[-88.05524,43.12466,0.0],[-88.0555,43.12466,0.0],[-88.05549,43.12502,0.0],[-88.05546,43.12611,0.0],[-88.05545,43.12647,0.0],[-88.0557,43.12647,0.0],[-88.05647,43.12645,0.0],[-88.05665,43.12645,0.0],[-88.05685,43.12644,0.0],[-88.05678,43.12683,0.0]]]]}},{"type":"Feature","properties":{"uesi_id":"USA_R251075","nbhd_code":"USA_R251075_8","nbhd_name":"Census Tract 3.04, Milwaukee, WI"},"geometry":{"type":"MultiPolygon","coordinates":[[[[-88.05026,43.14759,0.0],[-88.05016,43.14762,0.0],[-88.04955,43.14781,0.0],[-88.04947,43.14783,0.0],[-88.04931,43.14789,0.0],[-88.04924,43.14791,0.0],[-88.04905,43.14797,0.0],[-88.04899,43.14799,0.0],[-88.04876,43.14806,0.0],[-88.0484,43.14815,0.0],[-88.04823,43.14819,0.0],[-88.04792,43.14825,0.0],[-88.0473,43.14834,0.0],[-88.0468,43.14839,0.0],[-88.04658,43.14839,0.0],[-88.04632,43.14839,0.0],[-88.04589,43.14839,0.0],[-88.04564,43.1484,0.0],[-88.04511,43.1484,0.0],[-88.03848,43.14843,0.0],[-88.03512,43.14845,0.0],[-88.03512,43.1484,0.0],[-88.03397,43.14847,0.0],[-88.03258,43.1485,0.0],[-88.03191,43.14851,0.0],[-88.0299,43.14855,0.0],[-88.02922,43.14856,0.0],[-88.02861,43.14857,0.0],[-88.02677,43.14861,0.0],[-88.02621,43.14862,0.0],[-88.02615,43.14862,0.0],[-88.02596,43.14862,0.0],[-88.02538,43.14863,0.0],[-88.02519,43.14863,0.0],[-88.02468,43.14864,0.0],[-88.02316,43.14864,0.0],[-88.02265,43.14865,0.0],[-88.02217,43.14865,0.0],[-88.02071,43.14866,0.0],[-88.02023,43.14866,0.0],[-88.01976,43.14866,0.0],[-88.01834,43.14867,0.0],[-88.01787,43.14867,0.0],[-88.01609,43.14868,0.0],[-88.01525,43.14869,0.0],[-88.01073,43.14871,0.0],[-88.00899,43.14872,0.0],[-88.00895,43.14872,0.0],[-88.00824,43.14872,0.0],[-88.0061,43.14872,0.0],[-88.00547,43.14872,0.0],[-88.00527,43.14872,0.0],[-88.00534,43.14593,0.0],[-88.0054,43.14423,0.0],[-88.00541,43.14327,0.0],[-88.00548,43.14144,0.0],[-88.0057,43.14144,0.0],[-88.00576,43.14144,0.0],[-88.0063,43.14144,0.0],[-88.00648,43.14144,0.0],[-88.00728,43.14143,0.0],[-88.0097,43.14142,0.0],[-88.01051,43.14142,0.0],[-88.01105,43.14141,0.0],[-88.01219,43.1414,0.0],[-88.0125,43.14139,0.0],[-88.01268,43.14138,0.0],[-88.01271,43.14138,0.0],[-88.01322,43.14131,0.0],[-88.0136,43.14123,0.0],[-88.01371,43.1412,0.0],[-88.01401,43.14112,0.0],[-88.01423,43.14105,0.0],[-88.01449,43.14095,0.0],[-88.01471,43.14086,0.0],[-88.01511,43.14066,0.0],[-88.01524,43.1406,0.0],[-88.01556,43.14044,0.0],[-88.01561,43.14049,0.0],[-88.01575,43.14062,0.0],[-88.01579,43.14066,0.0],[-88.01594,43.1408,0.0],[-88.01606,43.14092,0.0],[-88.01608,43.14094,0.0],[-88.01637,43.14123,0.0],[-88.01651,43.14137,0.0],[-88.017,43.14109,0.0],[-88.01737,43.14088,0.0],[-88.01781,43.14065,0.0],[-88.01801,43.14054,0.0],[-88.01838,43.1404,0.0],[-88.01854,43.14035,0.0],[-88.01911,43.14028,0.0],[-88.0192,43.14026,0.0],[-88.01948,43.14028,0.0],[-88.01966,43.1403,0.0],[-88.01992,43.14036,0.0],[-88.02005,43.1404,0.0],[-88.02011,43.14042,0.0],[-88.02184,43.14109,0.0],[-88.02224,43.14122,0.0],[-88.02248,43.14127,0.0],[-88.02279,43.14132,0.0],[-88.02299,43.14133,0.0],[-88.02305,43.14134,0.0],[-88.02401,43.14134,0.0],[-88.02427,43.14133,0.0],[-88.02507,43.14133,0.0],[-88.02533,43.14133,0.0],[-88.02534,43.14098,0.0],[-88.02534,43.14088,0.0],[-88.02535,43.13993,0.0],[-88.02536,43.13958,0.0],[-88.02536,43.13924,0.0],[-88.02538,43.13823,0.0],[-88.02538,43.13789,0.0],[-88.02538,43.1378,0.0],[-88.02539,43.13752,0.0],[-88.02539,43.13743,0.0],[-88.0254,43.13684,0.0],[-88.02542,43.13509,0.0],[-88.02543,43.13451,0.0],[-88.02543,43.13442,0.0],[-88.02544,43.13415,0.0],[-88.02544,43.13406,0.0],[-88.02576,43.13406,0.0],[-88.02673,43.13405,0.0],[-88.02706,43.13404,0.0],[-88.02749,43.13404,0.0],[-88.02881,43.13402,0.0],[-88.02924,43.13402,0.0],[-88.02939,43.13402,0.0],[-88.02985,43.13401,0.0],[-88.03,43.13401,0.0],[-88.03013,43.13401,0.0],[-88.03059,43.134,0.0],[-88.03087,43.134,0.0],[-88.03105,43.134,0.0],[-88.03222,43.13398,0.0],[-88.03261,43.13398,0.0],[-88.0326,43.13399,0.0],[-88.03256,43.13406,0.0],[-88.03251,43.13409,0.0],[-88.03246,43.13417,0.0],[-88.03268,43.13435,0.0],[-88.03326,43.13485,0.0],[-88.03354,43.13513,0.0],[-88.03365,43.13533,0.0],[-88.0336,43.13553,0.0],[-88.03358,43.13562,0.0],[-88.03338,43.13584,0.0],[-88.03336,43.13587,0.0],[-88.03322,43.13596,0.0],[-88.03344,43.1361,0.0],[-88.03444,43.13694,0.0],[-88.03742,43.13922,0.0],[-88.0398,43.14097,0.0],[-88.04005,43.14118,0.0],[-88.04082,43.14181,0.0],[-88.04238,43.14296,0.0],[-88.04385,43.14385,0.0],[-88.04514,43.14457,0.0],[-88.04764,43.14587,0.0],[-88.04886,43.14652,0.0],[-88.05003,43.14732,0.0],[-88.05038,43.14755,0.0],[-88.05026,43.14759,0.0]]]]}},{"type":"Feature","properties":{"uesi_id":"USA_R251075","nbhd_code":"USA_R251075_9","nbhd_name":"Census Tract 4, Milwaukee, WI"},"geometry":{"type":"MultiPolygon","coordinates":[[[[-88.06601,43.10466,0.0],[-88.06601,43.10473,0.0],[-88.06598,43.10596,0.0],[-88.06597,43.10607,0.0],[-88.06597,43.10641,0.0],[-88.06596,43.10673,0.0],[-88.06595,43.10689,0.0],[-88.06592,43.10793,0.0],[-88.06591,43.10809,0.0],[-88.0659,43.10846,0.0],[-88.06589,43.10875,0.0],[-88.06589,43.10888,0.0],[-88.06589,43.10898,0.0],[-88.06585,43.11001,0.0],[-88.06582,43.11106,0.0],[-88.06579,43.11194,0.0],[-88.06581,43.11348,0.0],[-88.06577,43.11439,0.0],[-88.06577,43.1145,0.0],[-88.06576,43.11472,0.0],[-88.06575,43.11509,0.0],[-88.06569,43.11628,0.0],[-88.06567,43.11689,0.0],[-88.0656,43.11689,0.0],[-88.06411,43.11699,0.0],[-88.06364,43.11699,0.0],[-88.06359,43.11699,0.0],[-88.06274,43.117,0.0],[-88.06096,43.11703,0.0],[-88.06018,43.11704,0.0],[-88.05933,43.11706,0.0],[-88.05909,43.11706,0.0],[-88.05853,43.11707,0.0],[-88.05837,43.11707,0.0],[-88.05814,43.11708,0.0],[-88.05753,43.11709,0.0],[-88.05727,43.11709,0.0],[-88.05689,43.11709,0.0],[-88.05683,43.11709,0.0],[-88.05677,43.1171,0.0],[-88.05655,43.1171,0.0],[-88.05606,43.11711,0.0],[-88.0559,43.11711,0.0],[-88.05569,43.11711,0.0],[-88.05535,43.11713,0.0],[-88.05497,43.11714,0.0],[-88.05444,43.1172,0.0],[-88.05433,43.11721,0.0],[-88.054,43.11726,0.0],[-88.0537,43.11732,0.0],[-88.05302,43.11744,0.0],[-88.05279,43.1175,0.0],[-88.05249,43.11757,0.0],[-88.05191,43.11774,0.0],[-88.05182,43.11777,0.0],[-88.05125,43.11797,0.0],[-88.05027,43.11834,0.0],[-88.04986,43.11848,0.0],[-88.0492,43.11872,0.0],[-88.04872,43.11891,0.0],[-88.04871,43.11891,0.0],[-88.04839,43.119,0.0],[-88.04784,43.11914,0.0],[-88.04726,43.11924,0.0],[-88.04718,43.11925,0.0],[-88.04666,43.11932,0.0],[-88.04663,43.11933,0.0],[-88.04648,43.11934,0.0],[-88.0462,43.11936,0.0],[-88.04594,43.11937,0.0],[-88.04576,43.11937,0.0],[-88.04576,43.11917,0.0],[-88.04576,43.11858,0.0],[-88.04577,43.11838,0.0],[-88.04577,43.11765,0.0],[-88.04579,43.11545,0.0],[-88.0458,43.11471,0.0],[-88.0458,43.11463,0.0],[-88.0458,43.11457,0.0],[-88.0458,43.1145,0.0],[-88.04581,43.11385,0.0],[-88.04581,43.11363,0.0],[-88.04581,43.11333,0.0],[-88.04582,43.11243,0.0],[-88.04582,43.11214,0.0],[-88.04583,43.11178,0.0],[-88.04583,43.1107,0.0],[-88.04583,43.11035,0.0],[-88.04583,43.11009,0.0],[-88.04584,43.10933,0.0],[-88.04584,43.10908,0.0],[-88.04584,43.10859,0.0],[-88.04585,43.10713,0.0],[-88.04585,43.10665,0.0],[-88.04585,43.10629,0.0],[-88.04586,43.10521,0.0],[-88.04586,43.10489,0.0],[-88.04586,43.10485,0.0],[-88.04586,43.10476,0.0],[-88.04587,43.10456,0.0],[-88.04589,43.1045,0.0],[-88.04591,43.10442,0.0],[-88.04594,43.10434,0.0],[-88.0472,43.10433,0.0],[-88.04852,43.10432,0.0],[-88.04917,43.10432,0.0],[-88.04992,43.10431,0.0],[-88.05216,43.1043,0.0],[-88.05291,43.1043,0.0],[-88.05327,43.1043,0.0],[-88.05434,43.10429,0.0],[-88.05471,43.10429,0.0],[-88.0552,43.10428,0.0],[-88.05658,43.10428,0.0],[-88.05715,43.10427,0.0],[-88.05792,43.10427,0.0],[-88.05808,43.10427,0.0],[-88.05816,43.10426,0.0],[-88.05868,43.10426,0.0],[-88.05898,43.10426,0.0],[-88.05991,43.10426,0.0],[-88.0611,43.10425,0.0],[-88.06349,43.10424,0.0],[-88.06362,43.10424,0.0],[-88.06365,43.10423,0.0],[-88.0638,43.10423,0.0],[-88.06384,43.10423,0.0],[-88.06397,43.10423,0.0],[-88.06401,43.10423,0.0],[-88.06404,43.10423,0.0],[-88.06417,43.10423,0.0],[-88.06454,43.10422,0.0],[-88.06565,43.10422,0.0],[-88.06602,43.10422,0.0],[-88.06601,43.10466,0.0]]]]}},{"type":"Feature","properties":{"uesi_id":"USA_R251075","nbhd_code":"USA_R251075_10","nbhd_name":"Census Tract 5.01, Milwaukee, WI"},"geometry":{"type":"MultiPolygon","coordinates":[[[[-88.06567,43.11693,0.0],[-88.06566,43.11703,0.0],[-88.06562,43.11737,0.0],[-88.0656,43.11812,0.0],[-88.06558,43.11886,0.0],[-88.06558,43.11897,0.0],[-88.06558,43.1191,0.0],[-88.06557,43.11922,0.0],[-88.06559,43.12044,0.0],[-88.06559,43.12046,0.0],[-88.06559,43.12059,0.0],[-88.06559,43.12068,0.0],[-88.0656,43.12182,0.0],[-88.0656,43.12249,0.0],[-88.0656,43.1245,0.0],[-88.06523,43.12451,0.0],[-88.06516,43.12451,0.0],[-88.06491,43.12451,0.0],[-88.0647,43.12452,0.0],[-88.0633,43.12454,0.0],[-88.06283,43.12454,0.0],[-88.06235,43.12455,0.0],[-88.06163,43.12456,0.0],[-88.06092,43.12457,0.0],[-88.06044,43.12458,0.0],[-88.05995,43.12459,0.0],[-88.0585,43.12461,0.0],[-88.05801,43.12462,0.0],[-88.05787,43.12462,0.0],[-88.05745,43.12463,0.0],[-88.05731,43.12463,0.0],[-88.0572,43.12463,0.0],[-88.05693,43.12464,0.0],[-88.05695,43.12508,0.0],[-88.0569,43.126,0.0],[-88.05685,43.12644,0.0],[-88.05665,43.12645,0.0],[-88.05647,43.12645,0.0],[-88.0557,43.12647,0.0],[-88.05545,43.12647,0.0],[-88.05546,43.12611,0.0],[-88.05549,43.12502,0.0],[-88.0555,43.12466,0.0],[-88.05524,43.12466,0.0],[-88.05446,43.12468,0.0],[-88.0542,43.12468,0.0],[-88.05396,43.12468,0.0],[-88.05323,43.12469,0.0],[-88.05299,43.1247,0.0],[-88.05258,43.1247,0.0],[-88.05136,43.12472,0.0],[-88.05095,43.12473,0.0],[-88.04935,43.12476,0.0],[-88.0456,43.12482,0.0],[-88.04456,43.12483,0.0],[-88.0433,43.12485,0.0],[-88.04302,43.12505,0.0],[-88.04281,43.1252,0.0],[-88.04274,43.12514,0.0],[-88.04251,43.12498,0.0],[-88.04244,43.12493,0.0],[-88.04236,43.12487,0.0],[-88.04211,43.12469,0.0],[-88.04203,43.12463,0.0],[-88.042,43.12461,0.0],[-88.04174,43.12442,0.0],[-88.04087,43.1238,0.0],[-88.04058,43.12359,0.0],[-88.04009,43.12324,0.0],[-88.03987,43.12308,0.0],[-88.03863,43.12218,0.0],[-88.03814,43.12183,0.0],[-88.03767,43.12149,0.0],[-88.03625,43.12047,0.0],[-88.03591,43.12023,0.0],[-88.03578,43.12013,0.0],[-88.03568,43.12007,0.0],[-88.03539,43.11988,0.0],[-88.03535,43.11985,0.0],[-88.03529,43.11981,0.0],[-88.03522,43.11976,0.0],[-88.035,43.11962,0.0],[-88.03493,43.11957,0.0],[-88.03483,43.1195,0.0],[-88.03459,43.11931,0.0],[-88.03454,43.11928,0.0],[-88.03444,43.11921,0.0],[-88.03419,43.11904,0.0],[-88.03405,43.11894,0.0],[-88.03346,43.11851,0.0],[-88.03321,43.11833,0.0],[-88.03279,43.11801,0.0],[-88.03152,43.11704,0.0],[-88.0311,43.11672,0.0],[-88.03006,43.11589,0.0],[-88.02697,43.1134,0.0],[-88.02682,43.11328,0.0],[-88.02593,43.11258,0.0],[-88.02594,43.11178,0.0],[-88.02595,43.10958,0.0],[-88.02595,43.10939,0.0],[-88.02595,43.10859,0.0],[-88.02596,43.10843,0.0],[-88.02598,43.10817,0.0],[-88.02604,43.10795,0.0],[-88.02604,43.10779,0.0],[-88.02642,43.10726,0.0],[-88.02725,43.10612,0.0],[-88.0274,43.10582,0.0],[-88.02746,43.1056,0.0],[-88.0275,43.10545,0.0],[-88.02751,43.10496,0.0],[-88.02751,43.10485,0.0],[-88.02752,43.10455,0.0],[-88.02752,43.10445,0.0],[-88.03263,43.10442,0.0],[-88.03263,43.10437,0.0],[-88.03263,43.10427,0.0],[-88.03281,43.10427,0.0],[-88.03686,43.10424,0.0],[-88.0369,43.10424,0.0],[-88.0369,43.1044,0.0],[-88.03758,43.10441,0.0],[-88.03798,43.10442,0.0],[-88.0382,43.10442,0.0],[-88.0382,43.10425,0.0],[-88.04079,43.10424,0.0],[-88.04078,43.10433,0.0],[-88.04078,43.10437,0.0],[-88.04117,43.10437,0.0],[-88.04189,43.10437,0.0],[-88.04217,43.10436,0.0],[-88.04242,43.10436,0.0],[-88.04316,43.10435,0.0],[-88.04341,43.10435,0.0],[-88.04365,43.10435,0.0],[-88.0444,43.10435,0.0],[-88.04465,43.10435,0.0],[-88.0449,43.10434,0.0],[-88.04524,43.10434,0.0],[-88.04594,43.10434,0.0],[-88.04591,43.10442,0.0],[-88.04589,43.1045,0.0],[-88.04587,43.10456,0.0],[-88.04586,43.10476,0.0],[-88.04586,43.10485,0.0],[-88.04586,43.10489,0.0],[-88.04586,43.10521,0.0],[-88.04585,43.10629,0.0],[-88.04585,43.10665,0.0],[-88.04585,43.10713,0.0],[-88.04584,43.10859,0.0],[-88.04584,43.10908,0.0],[-88.04584,43.10933,0.0],[-88.04583,43.11009,0.0],[-88.04583,43.11035,0.0],[-88.04583,43.1107,0.0],[-88.04583,43.11178,0.0],[-88.04582,43.11214,0.0],[-88.04582,43.11243,0.0],[-88.04581,43.11333,0.0],[-88.04581,43.11363,0.0],[-88.04581,43.11385,0.0],[-88.0458,43.1145,0.0],[-88.0458,43.11457,0.0],[-88.0458,43.11463,0.0],[-88.0458,43.11471,0.0],[-88.04579,43.11545,0.0],[-88.04577,43.11765,0.0],[-88.04577,43.11838,0.0],[-88.04576,43.11858,0.0],[-88.04576,43.11917,0.0],[-88.04576,43.11937,0.0],[-88.04594,43.11937,0.0],[-88.0462,43.11936,0.0],[-88.04648,43.11934,0.0],[-88.04663,43.11933,0.0],[-88.04666,43.11932,0.0],[-88.04718,43.11925,0.0],[-88.04726,43.11924,0.0],[-88.04784,43.11914,0.0],[-88.04839,43.119,0.0],[-88.04871,43.11891,0.0],[-88.04872,43.11891,0.0],[-88.0492,43.11872,0.0],[-88.04986,43.11848,0.0],[-88.05027,43.11834,0.0],[-88.05125,43.11797,0.0],[-88.05182,43.11777,0.0],[-88.05191,43.11774,0.0],[-88.05249,43.11757,0.0],[-88.05279,43.1175,0.0],[-88.05302,43.11744,0.0],[-88.0537,43.11732,0.0],[-88.054,43.11726,0.0],[-88.05433,43.11721,0.0],[-88.05444,43.1172,0.0],[-88.05497,43.11714,0.0],[-88.05535,43.11713,0.0],[-88.05569,43.11711,0.0],[-88.0559,43.11711,0.0],[-88.05606,43.11711,0.0],[-88.05655,43.1171,0.0],[-88.05677,43.1171,0.0],[-88.05683,43.11709,0.0],[-88.05689,43.11709,0.0],[-88.05727,43.11709,0.0],[-88.05753,43.11709,0.0],[-88.05814,43.11708,0.0],[-88.05837,43.11707,0.0],[-88.05853,43.11707,0.0],[-88.05909,43.11706,0.0],[-88.05933,43.11706,0.0],[-88.06018,43.11704,0.0],[-88.06096,43.11703,0.0],[-88.06274,43.117,0.0],[-88.06359,43.11699,0.0],[-88.06364,43.11699,0.0],[-88.06411,43.11699,0.0],[-88.0656,43.11689,0.0],[-88.06567,43.11689,0.0],[-88.06567,43.11693,0.0]]]]}},{"type":"Feature","properties":{"uesi_id":"USA_R251075","nbhd_code":"USA_R251075_11","nbhd_name":"Census Tract 5.02, Milwaukee, WI"},"geometry":{"type":"MultiPolygon","coordinates":[[[[-88.04203,43.12463,0.0],[-88.04145,43.12503,0.0],[-88.04111,43.12522,0.0],[-88.04111,43.12524,0.0],[-88.03984,43.12619,0.0],[-88.03843,43.12724,0.0],[-88.03816,43.12749,0.0],[-88.03787,43.1277,0.0],[-88.03616,43.12918,0.0],[-88.03461,43.13055,0.0],[-88.03395,43.13164,0.0],[-88.03327,43.13275,0.0],[-88.03273,43.13376,0.0],[-88.03271,43.13384,0.0],[-88.03263,43.13395,0.0],[-88.03261,43.13398,0.0],[-88.03222,43.13398,0.0],[-88.03105,43.134,0.0],[-88.03087,43.134,0.0],[-88.03059,43.134,0.0],[-88.03013,43.13401,0.0],[-88.03,43.13401,0.0],[-88.02985,43.13401,0.0],[-88.02939,43.13402,0.0],[-88.02924,43.13402,0.0],[-88.02881,43.13402,0.0],[-88.02749,43.13404,0.0],[-88.02706,43.13404,0.0],[-88.02673,43.13405,0.0],[-88.02576,43.13406,0.0],[-88.02544,43.13406,0.0],[-88.02545,43.13368,0.0],[-88.02549,43.13253,0.0],[-88.02551,43.13215,0.0],[-88.02551,43.13194,0.0],[-88.02552,43.13178,0.0],[-88.02553,43.1313,0.0],[-88.02554,43.13109,0.0],[-88.02554,43.13097,0.0],[-88.02555,43.13061,0.0],[-88.02555,43.13049,0.0],[-88.02555,43.13041,0.0],[-88.02556,43.13025,0.0],[-88.02556,43.13019,0.0],[-88.02556,43.13011,0.0],[-88.02557,43.12979,0.0],[-88.0256,43.12883,0.0],[-88.02561,43.12851,0.0],[-88.02562,43.12804,0.0],[-88.02566,43.12678,0.0],[-88.02566,43.12663,0.0],[-88.02568,43.12616,0.0],[-88.02568,43.12612,0.0],[-88.02568,43.12584,0.0],[-88.02571,43.1249,0.0],[-88.02572,43.12459,0.0],[-88.02573,43.12429,0.0],[-88.02576,43.12341,0.0],[-88.02577,43.12311,0.0],[-88.02578,43.12275,0.0],[-88.02582,43.12166,0.0],[-88.02583,43.1213,0.0],[-88.02583,43.12114,0.0],[-88.02585,43.12066,0.0],[-88.02585,43.1205,0.0],[-88.02586,43.1203,0.0],[-88.02588,43.11971,0.0],[-88.02588,43.11951,0.0],[-88.02589,43.11878,0.0],[-88.02591,43.11656,0.0],[-88.02591,43.11583,0.0],[-88.02591,43.11575,0.0],[-88.02591,43.11553,0.0],[-88.02592,43.11546,0.0],[-88.02592,43.11488,0.0],[-88.02593,43.11315,0.0],[-88.02593,43.11258,0.0],[-88.02682,43.11328,0.0],[-88.02697,43.1134,0.0],[-88.03006,43.11589,0.0],[-88.0311,43.11672,0.0],[-88.03152,43.11704,0.0],[-88.03279,43.11801,0.0],[-88.03321,43.11833,0.0],[-88.03346,43.11851,0.0],[-88.03405,43.11894,0.0],[-88.03419,43.11904,0.0],[-88.03444,43.11921,0.0],[-88.03454,43.11928,0.0],[-88.03459,43.11931,0.0],[-88.03483,43.1195,0.0],[-88.03493,43.11957,0.0],[-88.035,43.11962,0.0],[-88.03522,43.11976,0.0],[-88.03529,43.11981,0.0],[-88.03535,43.11985,0.0],[-88.03539,43.11988,0.0],[-88.03568,43.12007,0.0],[-88.03578,43.12013,0.0],[-88.03591,43.12023,0.0],[-88.03625,43.12047,0.0],[-88.03767,43.12149,0.0],[-88.03814,43.12183,0.0],[-88.03863,43.12218,0.0],[-88.03987,43.12308,0.0],[-88.04009,43.12324,0.0],[-88.04058,43.12359,0.0],[-88.04087,43.1238,0.0],[-88.04174,43.12442,0.0],[-88.042,43.12461,0.0],[-88.04203,43.12463,0.0]]]]}},{"type":"Feature","properties":{"uesi_id":"USA_R251075","nbhd_code":"USA_R251075_12","nbhd_name":"Census Tract 6, Milwaukee, WI"},"geometry":{"type":"MultiPolygon","coordinates":[[[[-88.02544,43.13415,0.0],[-88.02543,43.13442,0.0],[-88.02543,43.13451,0.0],[-88.02542,43.13509,0.0],[-88.0254,43.13684,0.0],[-88.02539,43.13743,0.0],[-88.02539,43.13752,0.0],[-88.02538,43.1378,0.0],[-88.02538,43.13789,0.0],[-88.02538,43.13823,0.0],[-88.02536,43.13924,0.0],[-88.02536,43.13958,0.0],[-88.02535,43.13993,0.0],[-88.02534,43.14088,0.0],[-88.02534,43.14098,0.0],[-88.02533,43.14133,0.0],[-88.02507,43.14133,0.0],[-88.02427,43.14133,0.0],[-88.02401,43.14134,0.0],[-88.02305,43.14134,0.0],[-88.02299,43.14133,0.0],[-88.02279,43.14132,0.0],[-88.02248,43.14127,0.0],[-88.02224,43.14122,0.0],[-88.02184,43.14109,0.0],[-88.02011,43.14042,0.0],[-88.02005,43.1404,0.0],[-88.01992,43.14036,0.0],[-88.01966,43.1403,0.0],[-88.01948,43.14028,0.0],[-88.0192,43.14026,0.0],[-88.01911,43.14028,0.0],[-88.01854,43.14035,0.0],[-88.01838,43.1404,0.0],[-88.01801,43.14054,0.0],[-88.01781,43.14065,0.0],[-88.01737,43.14088,0.0],[-88.017,43.14109,0.0],[-88.01651,43.14137,0.0],[-88.01637,43.14123,0.0],[-88.01608,43.14094,0.0],[-88.01606,43.14092,0.0],[-88.01594,43.1408,0.0],[-88.01579,43.14066,0.0],[-88.01575,43.14062,0.0],[-88.01561,43.14049,0.0],[-88.01556,43.14044,0.0],[-88.01524,43.1406,0.0],[-88.01511,43.14066,0.0],[-88.01471,43.14086,0.0],[-88.01449,43.14095,0.0],[-88.01423,43.14105,0.0],[-88.01401,43.14112,0.0],[-88.01371,43.1412,0.0],[-88.0136,43.14123,0.0],[-88.01322,43.14131,0.0],[-88.01271,43.14138,0.0],[-88.01268,43.14138,0.0],[-88.0125,43.14139,0.0],[-88.01219,43.1414,0.0],[-88.01105,43.14141,0.0],[-88.01051,43.14142,0.0],[-88.0097,43.14142,0.0],[-88.00728,43.14143,0.0],[-88.00648,43.14144,0.0],[-88.0063,43.14144,0.0],[-88.00576,43.14144,0.0],[-88.0057,43.14144,0.0],[-88.00548,43.14144,0.0],[-88.00541,43.14327,0.0],[-88.0054,43.14423,0.0],[-88.00534,43.14593,0.0],[-88.00527,43.14872,0.0],[-88.0014,43.14868,0.0],[-87.99543,43.1486,0.0],[-87.98942,43.14857,0.0],[-87.98543,43.14854,0.0],[-87.98544,43.14809,0.0],[-87.9855,43.14676,0.0],[-87.98551,43.14631,0.0],[-87.98552,43.14593,0.0],[-87.98555,43.14479,0.0],[-87.98556,43.14441,0.0],[-87.98556,43.14424,0.0],[-87.98557,43.14373,0.0],[-87.98557,43.14355,0.0],[-87.98558,43.14347,0.0],[-87.98558,43.14323,0.0],[-87.98558,43.14314,0.0],[-87.98559,43.14304,0.0],[-87.98559,43.14273,0.0],[-87.9856,43.14263,0.0],[-87.9856,43.14236,0.0],[-87.98562,43.14156,0.0],[-87.98563,43.1413,0.0],[-87.98565,43.14021,0.0],[-87.98573,43.13702,0.0],[-87.98574,43.13695,0.0],[-87.98576,43.13679,0.0],[-87.98593,43.13588,0.0],[-87.98585,43.13585,0.0],[-87.9856,43.13575,0.0],[-87.98552,43.13571,0.0],[-87.98531,43.13556,0.0],[-87.98485,43.13522,0.0],[-87.98471,43.13506,0.0],[-87.98459,43.13493,0.0],[-87.98454,43.13486,0.0],[-87.98455,43.13467,0.0],[-87.98455,43.13465,0.0],[-87.98456,43.13412,0.0],[-87.98456,43.13394,0.0],[-87.98479,43.13394,0.0],[-87.9855,43.13394,0.0],[-87.98574,43.13394,0.0],[-87.98589,43.13391,0.0],[-87.98616,43.13394,0.0],[-87.98671,43.13394,0.0],[-87.98834,43.13396,0.0],[-87.98889,43.13397,0.0],[-87.98928,43.13397,0.0],[-87.99045,43.13398,0.0],[-87.99085,43.13399,0.0],[-87.99165,43.134,0.0],[-87.99408,43.13403,0.0],[-87.99488,43.13404,0.0],[-87.99493,43.13404,0.0],[-87.99509,43.13404,0.0],[-87.99514,43.13404,0.0],[-87.99551,43.13405,0.0],[-87.9958,43.13405,0.0],[-87.99611,43.13405,0.0],[-87.99902,43.13408,0.0],[-87.99999,43.13409,0.0],[-88.00044,43.1341,0.0],[-88.00179,43.13411,0.0],[-88.00191,43.13411,0.0],[-88.00224,43.13411,0.0],[-88.00295,43.13412,0.0],[-88.00332,43.13412,0.0],[-88.00508,43.13414,0.0],[-88.00567,43.13415,0.0],[-88.0059,43.13415,0.0],[-88.00608,43.13415,0.0],[-88.00697,43.13414,0.0],[-88.00727,43.13413,0.0],[-88.00796,43.13413,0.0],[-88.01003,43.13412,0.0],[-88.01072,43.13412,0.0],[-88.0112,43.13412,0.0],[-88.01261,43.13412,0.0],[-88.01309,43.13411,0.0],[-88.01359,43.13411,0.0],[-88.01511,43.13411,0.0],[-88.01561,43.13411,0.0],[-88.01565,43.1341,0.0],[-88.01616,43.1341,0.0],[-88.01643,43.1341,0.0],[-88.01691,43.1341,0.0],[-88.01874,43.13409,0.0],[-88.01893,43.13409,0.0],[-88.01951,43.13408,0.0],[-88.02021,43.13408,0.0],[-88.02039,43.13408,0.0],[-88.02229,43.13407,0.0],[-88.02298,43.13407,0.0],[-88.02347,43.13407,0.0],[-88.02495,43.13406,0.0],[-88.02544,43.13406,0.0],[-88.02544,43.13415,0.0]]]]}},{"type":"Feature","properties":{"uesi_id":"USA_R251075","nbhd_code":"USA_R251075_13","nbhd_name":"Census Tract 7, Milwaukee, WI"},"geometry":{"type":"MultiPolygon","coordinates":[[[[-88.0051,43.15177,0.0],[-88.005,43.15606,0.0],[-88.00496,43.15689,0.0],[-88.00484,43.15939,0.0],[-88.00483,43.15957,0.0],[-88.00481,43.16022,0.0],[-88.00479,43.16056,0.0],[-88.00474,43.1616,0.0],[-88.00473,43.16184,0.0],[-88.00473,43.16188,0.0],[-88.00473,43.16195,0.0],[-88.00472,43.16222,0.0],[-88.00468,43.16303,0.0],[-88.00467,43.1633,0.0],[-88.00398,43.16329,0.0],[-88.00193,43.16327,0.0],[-88.00125,43.16326,0.0],[-88.00055,43.16325,0.0],[-87.99845,43.16322,0.0],[-87.99779,43.16322,0.0],[-87.99776,43.16322,0.0],[-87.99749,43.16321,0.0],[-87.9967,43.1632,0.0],[-87.99644,43.1632,0.0],[-87.99613,43.16319,0.0],[-87.9952,43.16319,0.0],[-87.99489,43.16319,0.0],[-87.99476,43.16319,0.0],[-87.9945,43.16319,0.0],[-87.99334,43.16318,0.0],[-87.99295,43.16318,0.0],[-87.99271,43.16318,0.0],[-87.99199,43.16317,0.0],[-87.99175,43.16317,0.0],[-87.99125,43.16316,0.0],[-87.98976,43.16314,0.0],[-87.98926,43.16314,0.0],[-87.98838,43.16313,0.0],[-87.98572,43.1631,0.0],[-87.98483,43.16309,0.0],[-87.98441,43.16309,0.0],[-87.98314,43.1631,0.0],[-87.983,43.1631,0.0],[-87.98272,43.1631,0.0],[-87.98268,43.1631,0.0],[-87.98259,43.1631,0.0],[-87.98256,43.1631,0.0],[-87.98202,43.1631,0.0],[-87.9804,43.16311,0.0],[-87.97986,43.16311,0.0],[-87.97961,43.16311,0.0],[-87.97886,43.16311,0.0],[-87.97862,43.16312,0.0],[-87.97848,43.16312,0.0],[-87.97818,43.16312,0.0],[-87.97806,43.16312,0.0],[-87.97792,43.16312,0.0],[-87.9773,43.16312,0.0],[-87.97547,43.16313,0.0],[-87.97486,43.16313,0.0],[-87.97486,43.163,0.0],[-87.97488,43.16264,0.0],[-87.97488,43.16262,0.0],[-87.97489,43.16249,0.0],[-87.97491,43.1618,0.0],[-87.975,43.15973,0.0],[-87.97503,43.15904,0.0],[-87.97505,43.15842,0.0],[-87.97513,43.15655,0.0],[-87.97516,43.15592,0.0],[-87.97517,43.15591,0.0],[-87.97523,43.15587,0.0],[-87.97525,43.15586,0.0],[-87.97528,43.15521,0.0],[-87.97536,43.15329,0.0],[-87.97539,43.15265,0.0],[-87.9754,43.15229,0.0],[-87.97545,43.15122,0.0],[-87.97547,43.15086,0.0],[-87.97549,43.1504,0.0],[-87.97554,43.14903,0.0],[-87.97556,43.14857,0.0],[-87.97562,43.14857,0.0],[-87.97578,43.14857,0.0],[-87.97583,43.14857,0.0],[-87.97603,43.14857,0.0],[-87.97662,43.14857,0.0],[-87.97681,43.14857,0.0],[-87.97724,43.14857,0.0],[-87.97853,43.14856,0.0],[-87.97896,43.14856,0.0],[-87.97926,43.14856,0.0],[-87.98016,43.14856,0.0],[-87.98046,43.14856,0.0],[-87.98145,43.14855,0.0],[-87.98443,43.14854,0.0],[-87.98543,43.14854,0.0],[-87.98942,43.14857,0.0],[-87.99543,43.1486,0.0],[-88.0014,43.14868,0.0],[-88.00527,43.14872,0.0],[-88.0051,43.15177,0.0]]]]}},{"type":"Feature","properties":{"uesi_id":"USA_R251075","nbhd_code":"USA_R251075_14","nbhd_name":"Census Tract 8, Milwaukee, WI"},"geometry":{"type":"MultiPolygon","coordinates":[[[[-87.98593,43.13588,0.0],[-87.98576,43.13679,0.0],[-87.98574,43.13695,0.0],[-87.98573,43.13702,0.0],[-87.98565,43.14021,0.0],[-87.98563,43.1413,0.0],[-87.98562,43.14156,0.0],[-87.9856,43.14236,0.0],[-87.9856,43.14263,0.0],[-87.98559,43.14273,0.0],[-87.98559,43.14304,0.0],[-87.98558,43.14314,0.0],[-87.98558,43.14323,0.0],[-87.98558,43.14347,0.0],[-87.98557,43.14355,0.0],[-87.98557,43.14373,0.0],[-87.98556,43.14424,0.0],[-87.98556,43.14441,0.0],[-87.98555,43.14479,0.0],[-87.98552,43.14593,0.0],[-87.98551,43.14631,0.0],[-87.9855,43.14676,0.0],[-87.98544,43.14809,0.0],[-87.98543,43.14854,0.0],[-87.98443,43.14854,0.0],[-87.98145,43.14855,0.0],[-87.98046,43.14856,0.0],[-87.98016,43.14856,0.0],[-87.97926,43.14856,0.0],[-87.97896,43.14856,0.0],[-87.97853,43.14856,0.0],[-87.97724,43.14857,0.0],[-87.97681,43.14857,0.0],[-87.97662,43.14857,0.0],[-87.97603,43.14857,0.0],[-87.97583,43.14857,0.0],[-87.97578,43.14857,0.0],[-87.97562,43.14857,0.0],[-87.97556,43.14857,0.0],[-87.97491,43.14857,0.0],[-87.97296,43.14858,0.0],[-87.97231,43.14858,0.0],[-87.97184,43.14858,0.0],[-87.97044,43.14858,0.0],[-87.96998,43.14858,0.0],[-87.96944,43.14858,0.0],[-87.96783,43.14858,0.0],[-87.96729,43.14858,0.0],[-87.96693,43.14858,0.0],[-87.96616,43.14858,0.0],[-87.96584,43.14858,0.0],[-87.96548,43.14858,0.0],[-87.96552,43.14738,0.0],[-87.96564,43.14377,0.0],[-87.96568,43.14257,0.0],[-87.96568,43.14242,0.0],[-87.9657,43.14196,0.0],[-87.9657,43.1418,0.0],[-87.96555,43.1417,0.0],[-87.96507,43.14138,0.0],[-87.96491,43.14127,0.0],[-87.96451,43.141,0.0],[-87.96433,43.14089,0.0],[-87.96259,43.13973,0.0],[-87.96201,43.13935,0.0],[-87.96187,43.13925,0.0],[-87.96145,43.13896,0.0],[-87.96131,43.13887,0.0],[-87.96115,43.13876,0.0],[-87.96089,43.1386,0.0],[-87.96068,43.13846,0.0],[-87.96052,43.13835,0.0],[-87.95946,43.13764,0.0],[-87.95907,43.13738,0.0],[-87.95884,43.13722,0.0],[-87.95857,43.13704,0.0],[-87.95649,43.13565,0.0],[-87.95628,43.13551,0.0],[-87.95522,43.1348,0.0],[-87.95583,43.13436,0.0],[-87.9564,43.13406,0.0],[-87.95684,43.13392,0.0],[-87.95825,43.1339,0.0],[-87.96089,43.13389,0.0],[-87.96222,43.13389,0.0],[-87.96272,43.1339,0.0],[-87.96422,43.13391,0.0],[-87.96472,43.13392,0.0],[-87.96497,43.13392,0.0],[-87.96573,43.13393,0.0],[-87.96598,43.13393,0.0],[-87.96647,43.13393,0.0],[-87.96679,43.13393,0.0],[-87.96922,43.13394,0.0],[-87.97003,43.13394,0.0],[-87.9704,43.13394,0.0],[-87.97152,43.13394,0.0],[-87.97189,43.13394,0.0],[-87.97238,43.13394,0.0],[-87.97383,43.13394,0.0],[-87.97432,43.13394,0.0],[-87.97455,43.13394,0.0],[-87.97524,43.13394,0.0],[-87.97547,43.13394,0.0],[-87.97553,43.13394,0.0],[-87.97569,43.13394,0.0],[-87.97575,43.13394,0.0],[-87.97602,43.13394,0.0],[-87.97685,43.13394,0.0],[-87.97713,43.13394,0.0],[-87.97763,43.13394,0.0],[-87.97912,43.13394,0.0],[-87.97962,43.13394,0.0],[-87.98011,43.13394,0.0],[-87.9816,43.13394,0.0],[-87.98209,43.13394,0.0],[-87.98259,43.13394,0.0],[-87.98335,43.13394,0.0],[-87.98339,43.13394,0.0],[-87.98407,43.13394,0.0],[-87.98456,43.13394,0.0],[-87.98456,43.13412,0.0],[-87.98455,43.13465,0.0],[-87.98455,43.13467,0.0],[-87.98454,43.13486,0.0],[-87.98459,43.13493,0.0],[-87.98471,43.13506,0.0],[-87.98485,43.13522,0.0],[-87.98531,43.13556,0.0],[-87.98552,43.13571,0.0],[-87.9856,43.13575,0.0],[-87.98585,43.13585,0.0],[-87.98593,43.13588,0.0]]]]}},{"type":"Feature","properties":{"uesi_id":"USA_R251075","nbhd_code":"USA_R251075_15","nbhd_name":"Census Tract 9, Milwaukee, WI"},"geometry":{"type":"MultiPolygon","coordinates":[[[[-87.9657,43.14196,0.0],[-87.96568,43.14242,0.0],[-87.96568,43.14257,0.0],[-87.96564,43.14377,0.0],[-87.96552,43.14738,0.0],[-87.96548,43.14858,0.0],[-87.96548,43.14863,0.0],[-87.96546,43.14906,0.0],[-87.96541,43.15048,0.0],[-87.96539,43.15096,0.0],[-87.96539,43.15102,0.0],[-87.96538,43.15123,0.0],[-87.96535,43.15206,0.0],[-87.96534,43.15234,0.0],[-87.96532,43.15282,0.0],[-87.96526,43.15428,0.0],[-87.96524,43.15477,0.0],[-87.96524,43.15481,0.0],[-87.96523,43.15499,0.0],[-87.96521,43.15565,0.0],[-87.9652,43.15587,0.0],[-87.96444,43.15586,0.0],[-87.96219,43.15584,0.0],[-87.96166,43.15584,0.0],[-87.96144,43.15584,0.0],[-87.96094,43.15583,0.0],[-87.95946,43.15582,0.0],[-87.95897,43.15582,0.0],[-87.95875,43.15581,0.0],[-87.95811,43.15581,0.0],[-87.95789,43.15581,0.0],[-87.95781,43.15581,0.0],[-87.95758,43.15581,0.0],[-87.95751,43.15581,0.0],[-87.95807,43.15711,0.0],[-87.95975,43.16098,0.0],[-87.95993,43.16141,0.0],[-87.96031,43.16228,0.0],[-87.9598,43.16227,0.0],[-87.95869,43.16227,0.0],[-87.95814,43.16226,0.0],[-87.95812,43.16309,0.0],[-87.95805,43.16309,0.0],[-87.95766,43.16308,0.0],[-87.95755,43.16308,0.0],[-87.95752,43.16308,0.0],[-87.9574,43.16308,0.0],[-87.95176,43.16304,0.0],[-87.95168,43.16304,0.0],[-87.95091,43.16303,0.0],[-87.95079,43.16303,0.0],[-87.94995,43.16239,0.0],[-87.94743,43.16045,0.0],[-87.9471,43.1602,0.0],[-87.94691,43.16005,0.0],[-87.94659,43.15981,0.0],[-87.94648,43.15972,0.0],[-87.9463,43.15958,0.0],[-87.94543,43.15892,0.0],[-87.94514,43.15869,0.0],[-87.94517,43.15768,0.0],[-87.94522,43.15568,0.0],[-87.94524,43.15519,0.0],[-87.94525,43.15463,0.0],[-87.94528,43.15362,0.0],[-87.94531,43.15257,0.0],[-87.9454,43.14942,0.0],[-87.94543,43.14837,0.0],[-87.94648,43.14838,0.0],[-87.94961,43.14842,0.0],[-87.95061,43.14844,0.0],[-87.95065,43.14844,0.0],[-87.95147,43.14845,0.0],[-87.95394,43.14848,0.0],[-87.95476,43.14849,0.0],[-87.95462,43.14817,0.0],[-87.95452,43.14793,0.0],[-87.95378,43.14625,0.0],[-87.95354,43.1457,0.0],[-87.95335,43.14526,0.0],[-87.95279,43.14395,0.0],[-87.95261,43.14351,0.0],[-87.95253,43.14332,0.0],[-87.95228,43.14275,0.0],[-87.9522,43.14257,0.0],[-87.95208,43.14228,0.0],[-87.95171,43.14144,0.0],[-87.95158,43.14116,0.0],[-87.95115,43.14014,0.0],[-87.95095,43.13968,0.0],[-87.94985,43.13709,0.0],[-87.94906,43.13526,0.0],[-87.94842,43.13378,0.0],[-87.9497,43.1338,0.0],[-87.95176,43.13383,0.0],[-87.95174,43.13506,0.0],[-87.95179,43.13518,0.0],[-87.95189,43.13528,0.0],[-87.95201,43.13533,0.0],[-87.95213,43.13537,0.0],[-87.9522,43.13538,0.0],[-87.95341,43.13539,0.0],[-87.95439,43.13527,0.0],[-87.95482,43.13511,0.0],[-87.95522,43.1348,0.0],[-87.95628,43.13551,0.0],[-87.95649,43.13565,0.0],[-87.95857,43.13704,0.0],[-87.95884,43.13722,0.0],[-87.95907,43.13738,0.0],[-87.95946,43.13764,0.0],[-87.96052,43.13835,0.0],[-87.96068,43.13846,0.0],[-87.96089,43.1386,0.0],[-87.96115,43.13876,0.0],[-87.96131,43.13887,0.0],[-87.96145,43.13896,0.0],[-87.96187,43.13925,0.0],[-87.96201,43.13935,0.0],[-87.96259,43.13973,0.0],[-87.96433,43.14089,0.0],[-87.96451,43.141,0.0],[-87.96491,43.14127,0.0],[-87.96507,43.14138,0.0],[-87.96555,43.1417,0.0],[-87.9657,43.1418,0.0],[-87.9657,43.14196,0.0]]]]}},{"type":"Feature","properties":{"uesi_id":"USA_R251075","nbhd_code":"USA_R251075_16","nbhd_name":"Census Tract 10, Milwaukee, WI"},"geometry":{"type":"MultiPolygon","coordinates":[[[[-87.96349,43.11965,0.0],[-87.96346,43.12101,0.0],[-87.96345,43.12146,0.0],[-87.96342,43.12249,0.0],[-87.96335,43.12557,0.0],[-87.96333,43.1266,0.0],[-87.96309,43.1266,0.0],[-87.96238,43.12659,0.0],[-87.96214,43.12659,0.0],[-87.9619,43.12658,0.0],[-87.96117,43.12658,0.0],[-87.96093,43.12658,0.0],[-87.96069,43.12657,0.0],[-87.95997,43.12657,0.0],[-87.95973,43.12657,0.0],[-87.95949,43.12656,0.0],[-87.95878,43.12656,0.0],[-87.95855,43.12656,0.0],[-87.95831,43.12655,0.0],[-87.95759,43.12655,0.0],[-87.95735,43.12655,0.0],[-87.9571,43.12654,0.0],[-87.95636,43.12654,0.0],[-87.95611,43.12653,0.0],[-87.95189,43.12651,0.0],[-87.95208,43.12768,0.0],[-87.9523,43.13,0.0],[-87.95245,43.13135,0.0],[-87.95262,43.13207,0.0],[-87.95266,43.13223,0.0],[-87.95269,43.13235,0.0],[-87.95271,43.13247,0.0],[-87.95272,43.1325,0.0],[-87.95275,43.13262,0.0],[-87.95284,43.133,0.0],[-87.95287,43.13313,0.0],[-87.95289,43.13321,0.0],[-87.95297,43.13359,0.0],[-87.95303,43.13384,0.0],[-87.95329,43.13494,0.0],[-87.95341,43.13539,0.0],[-87.9522,43.13538,0.0],[-87.95213,43.13537,0.0],[-87.95201,43.13533,0.0],[-87.95189,43.13528,0.0],[-87.95179,43.13518,0.0],[-87.95174,43.13506,0.0],[-87.95176,43.13383,0.0],[-87.9497,43.1338,0.0],[-87.94842,43.13378,0.0],[-87.94829,43.13349,0.0],[-87.94788,43.1326,0.0],[-87.94774,43.1323,0.0],[-87.94754,43.1318,0.0],[-87.94712,43.13079,0.0],[-87.94693,43.13033,0.0],[-87.94671,43.12986,0.0],[-87.9463,43.12891,0.0],[-87.946,43.12823,0.0],[-87.94601,43.12773,0.0],[-87.94608,43.12536,0.0],[-87.94617,43.12457,0.0],[-87.94617,43.1244,0.0],[-87.94618,43.1239,0.0],[-87.94619,43.12373,0.0],[-87.94619,43.12353,0.0],[-87.94621,43.12295,0.0],[-87.94621,43.12276,0.0],[-87.94617,43.12221,0.0],[-87.94617,43.12216,0.0],[-87.94617,43.1221,0.0],[-87.94617,43.12206,0.0],[-87.9462,43.12113,0.0],[-87.9462,43.1211,0.0],[-87.9462,43.12103,0.0],[-87.94621,43.121,0.0],[-87.94621,43.12089,0.0],[-87.94553,43.12088,0.0],[-87.94557,43.11973,0.0],[-87.94557,43.11965,0.0],[-87.94542,43.11965,0.0],[-87.94543,43.11935,0.0],[-87.94544,43.11912,0.0],[-87.94548,43.11912,0.0],[-87.94574,43.11913,0.0],[-87.94606,43.11913,0.0],[-87.94626,43.11913,0.0],[-87.94632,43.11914,0.0],[-87.94663,43.11914,0.0],[-87.94774,43.11915,0.0],[-87.94812,43.11916,0.0],[-87.94815,43.11916,0.0],[-87.94861,43.11916,0.0],[-87.94903,43.11917,0.0],[-87.94956,43.11922,0.0],[-87.95008,43.11924,0.0],[-87.9501,43.11925,0.0],[-87.95059,43.11928,0.0],[-87.95075,43.11928,0.0],[-87.95103,43.11927,0.0],[-87.95121,43.11926,0.0],[-87.95137,43.11926,0.0],[-87.95139,43.11926,0.0],[-87.95159,43.11924,0.0],[-87.95162,43.11924,0.0],[-87.95215,43.11917,0.0],[-87.95238,43.11914,0.0],[-87.95261,43.11911,0.0],[-87.95263,43.11911,0.0],[-87.95287,43.11911,0.0],[-87.95321,43.11911,0.0],[-87.95359,43.11912,0.0],[-87.95383,43.11913,0.0],[-87.95407,43.11913,0.0],[-87.95413,43.11913,0.0],[-87.9548,43.11914,0.0],[-87.95504,43.11914,0.0],[-87.95528,43.11914,0.0],[-87.95601,43.11915,0.0],[-87.95625,43.11916,0.0],[-87.9565,43.11916,0.0],[-87.95725,43.11916,0.0],[-87.9575,43.11917,0.0],[-87.95774,43.11917,0.0],[-87.95846,43.11917,0.0],[-87.9587,43.11917,0.0],[-87.95894,43.11917,0.0],[-87.95967,43.11918,0.0],[-87.95991,43.11918,0.0],[-87.96015,43.11919,0.0],[-87.96087,43.11919,0.0],[-87.96111,43.11919,0.0],[-87.96135,43.11919,0.0],[-87.96207,43.1192,0.0],[-87.96231,43.1192,0.0],[-87.96254,43.1192,0.0],[-87.96326,43.1192,0.0],[-87.96349,43.1192,0.0],[-87.96349,43.11965,0.0]]]]}},{"type":"Feature","properties":{"uesi_id":"USA_R251075","nbhd_code":"USA_R251075_17","nbhd_name":"Census Tract 11, Milwaukee, WI"},"geometry":{"type":"MultiPolygon","coordinates":[[[[-87.9855,43.13394,0.0],[-87.98479,43.13394,0.0],[-87.98456,43.13394,0.0],[-87.98407,43.13394,0.0],[-87.98339,43.13394,0.0],[-87.98335,43.13394,0.0],[-87.98259,43.13394,0.0],[-87.98209,43.13394,0.0],[-87.9816,43.13394,0.0],[-87.98011,43.13394,0.0],[-87.97962,43.13394,0.0],[-87.97912,43.13394,0.0],[-87.97763,43.13394,0.0],[-87.97713,43.13394,0.0],[-87.97685,43.13394,0.0],[-87.97602,43.13394,0.0],[-87.97575,43.13394,0.0],[-87.97569,43.13394,0.0],[-87.97553,43.13394,0.0],[-87.97547,43.13394,0.0],[-87.97524,43.13394,0.0],[-87.97455,43.13394,0.0],[-87.97432,43.13394,0.0],[-87.97383,43.13394,0.0],[-87.97238,43.13394,0.0],[-87.97189,43.13394,0.0],[-87.97152,43.13394,0.0],[-87.9704,43.13394,0.0],[-87.97003,43.13394,0.0],[-87.96922,43.13394,0.0],[-87.96679,43.13393,0.0],[-87.96647,43.13393,0.0],[-87.96598,43.13393,0.0],[-87.96573,43.13393,0.0],[-87.96497,43.13392,0.0],[-87.96472,43.13392,0.0],[-87.96422,43.13391,0.0],[-87.96272,43.1339,0.0],[-87.96222,43.13389,0.0],[-87.96089,43.13389,0.0],[-87.95825,43.1339,0.0],[-87.95684,43.13392,0.0],[-87.9564,43.13406,0.0],[-87.95583,43.13436,0.0],[-87.95522,43.1348,0.0],[-87.95482,43.13511,0.0],[-87.95439,43.13527,0.0],[-87.95341,43.13539,0.0],[-87.95329,43.13494,0.0],[-87.95303,43.13384,0.0],[-87.95297,43.13359,0.0],[-87.95289,43.13321,0.0],[-87.95287,43.13313,0.0],[-87.95284,43.133,0.0],[-87.95275,43.13262,0.0],[-87.95272,43.1325,0.0],[-87.95271,43.13247,0.0],[-87.95269,43.13235,0.0],[-87.95266,43.13223,0.0],[-87.95262,43.13207,0.0],[-87.95245,43.13135,0.0],[-87.9523,43.13,0.0],[-87.95208,43.12768,0.0],[-87.95189,43.12651,0.0],[-87.95611,43.12653,0.0],[-87.95636,43.12654,0.0],[-87.9571,43.12654,0.0],[-87.95735,43.12655,0.0],[-87.95759,43.12655,0.0],[-87.95831,43.12655,0.0],[-87.95855,43.12656,0.0],[-87.95878,43.12656,0.0],[-87.95949,43.12656,0.0],[-87.95973,43.12657,0.0],[-87.95997,43.12657,0.0],[-87.96069,43.12657,0.0],[-87.96093,43.12658,0.0],[-87.96117,43.12658,0.0],[-87.9619,43.12658,0.0],[-87.96214,43.12659,0.0],[-87.96238,43.12659,0.0],[-87.96309,43.1266,0.0],[-87.96333,43.1266,0.0],[-87.96335,43.12557,0.0],[-87.96342,43.12249,0.0],[-87.96345,43.12146,0.0],[-87.96346,43.12101,0.0],[-87.96349,43.11965,0.0],[-87.96349,43.1192,0.0],[-87.96373,43.11921,0.0],[-87.96444,43.11927,0.0],[-87.96468,43.11929,0.0],[-87.965,43.11929,0.0],[-87.96595,43.11929,0.0],[-87.96627,43.11929,0.0],[-87.96629,43.11929,0.0],[-87.96647,43.11929,0.0],[-87.96703,43.1193,0.0],[-87.96721,43.11929,0.0],[-87.96723,43.1193,0.0],[-87.9676,43.1193,0.0],[-87.96771,43.1193,0.0],[-87.96785,43.1193,0.0],[-87.96793,43.1193,0.0],[-87.96817,43.1193,0.0],[-87.96825,43.1193,0.0],[-87.96846,43.1193,0.0],[-87.96912,43.11931,0.0],[-87.96933,43.11931,0.0],[-87.96937,43.11931,0.0],[-87.96943,43.11931,0.0],[-87.96949,43.11931,0.0],[-87.96966,43.11931,0.0],[-87.96996,43.11931,0.0],[-87.97012,43.11931,0.0],[-87.97068,43.11931,0.0],[-87.97134,43.11932,0.0],[-87.97501,43.11933,0.0],[-87.97624,43.11934,0.0],[-87.97648,43.11934,0.0],[-87.97722,43.11934,0.0],[-87.97746,43.11934,0.0],[-87.97771,43.11934,0.0],[-87.97845,43.11934,0.0],[-87.9787,43.11934,0.0],[-87.97894,43.11934,0.0],[-87.97967,43.11934,0.0],[-87.97992,43.11934,0.0],[-87.98013,43.11933,0.0],[-87.98078,43.11933,0.0],[-87.981,43.11933,0.0],[-87.98099,43.11962,0.0],[-87.98097,43.12046,0.0],[-87.98097,43.12068,0.0],[-87.98096,43.12075,0.0],[-87.98096,43.12082,0.0],[-87.98095,43.12105,0.0],[-87.98095,43.12112,0.0],[-87.98093,43.12139,0.0],[-87.9809,43.12221,0.0],[-87.98089,43.12248,0.0],[-87.98086,43.12297,0.0],[-87.98089,43.12331,0.0],[-87.98101,43.12481,0.0],[-87.981,43.1258,0.0],[-87.98099,43.12663,0.0],[-87.98098,43.12705,0.0],[-87.98097,43.12832,0.0],[-87.98096,43.12874,0.0],[-87.98096,43.12888,0.0],[-87.98095,43.1293,0.0],[-87.98095,43.12944,0.0],[-87.98095,43.12949,0.0],[-87.98097,43.12964,0.0],[-87.98097,43.12969,0.0],[-87.98148,43.13015,0.0],[-87.98181,43.13044,0.0],[-87.98258,43.13113,0.0],[-87.98294,43.13146,0.0],[-87.98303,43.13153,0.0],[-87.98355,43.13199,0.0],[-87.98358,43.13202,0.0],[-87.98398,43.13238,0.0],[-87.98471,43.13303,0.0],[-87.9853,43.13355,0.0],[-87.98574,43.13394,0.0],[-87.9855,43.13394,0.0]]]]}},{"type":"Feature","properties":{"uesi_id":"USA_R251075","nbhd_code":"USA_R251075_18","nbhd_name":"Census Tract 12, Milwaukee, WI"},"geometry":{"type":"MultiPolygon","coordinates":[[[[-87.99108,43.11977,0.0],[-87.99105,43.12087,0.0],[-87.99104,43.12124,0.0],[-87.99103,43.1216,0.0],[-87.991,43.12269,0.0],[-87.99099,43.12305,0.0],[-87.99097,43.12305,0.0],[-87.99096,43.12341,0.0],[-87.99095,43.12449,0.0],[-87.99094,43.12481,0.0],[-87.99094,43.12486,0.0],[-87.99093,43.12522,0.0],[-87.99091,43.12632,0.0],[-87.9909,43.12669,0.0],[-87.9909,43.12697,0.0],[-87.99089,43.12781,0.0],[-87.99089,43.12809,0.0],[-87.99089,43.12838,0.0],[-87.99089,43.12923,0.0],[-87.99089,43.12952,0.0],[-87.99089,43.12998,0.0],[-87.99089,43.13138,0.0],[-87.99089,43.13182,0.0],[-87.99089,43.13185,0.0],[-87.99088,43.13227,0.0],[-87.99085,43.13356,0.0],[-87.99085,43.13399,0.0],[-87.99045,43.13398,0.0],[-87.98928,43.13397,0.0],[-87.98889,43.13397,0.0],[-87.98834,43.13396,0.0],[-87.98671,43.13394,0.0],[-87.98616,43.13394,0.0],[-87.98589,43.13391,0.0],[-87.98574,43.13394,0.0],[-87.9853,43.13355,0.0],[-87.98471,43.13303,0.0],[-87.98398,43.13238,0.0],[-87.98358,43.13202,0.0],[-87.98355,43.13199,0.0],[-87.98303,43.13153,0.0],[-87.98294,43.13146,0.0],[-87.98258,43.13113,0.0],[-87.98181,43.13044,0.0],[-87.98148,43.13015,0.0],[-87.98097,43.12969,0.0],[-87.98097,43.12964,0.0],[-87.98095,43.12949,0.0],[-87.98095,43.12944,0.0],[-87.98095,43.1293,0.0],[-87.98096,43.12888,0.0],[-87.98096,43.12874,0.0],[-87.98097,43.12832,0.0],[-87.98098,43.12705,0.0],[-87.98099,43.12663,0.0],[-87.981,43.1258,0.0],[-87.98101,43.12481,0.0],[-87.98089,43.12331,0.0],[-87.98086,43.12297,0.0],[-87.98089,43.12248,0.0],[-87.9809,43.12221,0.0],[-87.98093,43.12139,0.0],[-87.98095,43.12112,0.0],[-87.98095,43.12105,0.0],[-87.98096,43.12082,0.0],[-87.98096,43.12075,0.0],[-87.98097,43.12068,0.0],[-87.98097,43.12046,0.0],[-87.98099,43.11962,0.0],[-87.981,43.11933,0.0],[-87.98152,43.11933,0.0],[-87.98233,43.11933,0.0],[-87.98309,43.11933,0.0],[-87.98361,43.11933,0.0],[-87.98375,43.11933,0.0],[-87.98408,43.11933,0.0],[-87.98414,43.11933,0.0],[-87.98428,43.11933,0.0],[-87.98465,43.11933,0.0],[-87.98576,43.11933,0.0],[-87.98613,43.11933,0.0],[-87.98637,43.11933,0.0],[-87.9871,43.11934,0.0],[-87.98734,43.11934,0.0],[-87.98754,43.11935,0.0],[-87.98814,43.11936,0.0],[-87.98834,43.11936,0.0],[-87.98889,43.11937,0.0],[-87.99054,43.1194,0.0],[-87.9911,43.11941,0.0],[-87.99108,43.11977,0.0]]]]}},{"type":"Feature","properties":{"uesi_id":"USA_R251075","nbhd_code":"USA_R251075_19","nbhd_name":"Census Tract 13, Milwaukee, WI"},"geometry":{"type":"MultiPolygon","coordinates":[[[[-88.006,43.11959,0.0],[-88.00599,43.1197,0.0],[-88.00599,43.11979,0.0],[-88.00599,43.11986,0.0],[-88.00599,43.11992,0.0],[-88.00599,43.12012,0.0],[-88.00599,43.12016,0.0],[-88.00599,43.12018,0.0],[-88.00599,43.12023,0.0],[-88.00599,43.12039,0.0],[-88.00599,43.12044,0.0],[-88.00599,43.12064,0.0],[-88.00599,43.12093,0.0],[-88.00599,43.12125,0.0],[-88.00598,43.12146,0.0],[-88.00598,43.12181,0.0],[-88.00598,43.12288,0.0],[-88.00598,43.12324,0.0],[-88.00597,43.12359,0.0],[-88.00597,43.12467,0.0],[-88.00597,43.12481,0.0],[-88.00597,43.12503,0.0],[-88.00597,43.12523,0.0],[-88.00596,43.12582,0.0],[-88.00596,43.12601,0.0],[-88.00596,43.12618,0.0],[-88.00596,43.1267,0.0],[-88.00596,43.12687,0.0],[-88.00594,43.1273,0.0],[-88.00591,43.1286,0.0],[-88.0059,43.12903,0.0],[-88.0059,43.12913,0.0],[-88.0059,43.12943,0.0],[-88.00589,43.12953,0.0],[-88.00588,43.13025,0.0],[-88.00582,43.13243,0.0],[-88.00581,43.13316,0.0],[-88.0058,43.13336,0.0],[-88.00579,43.13395,0.0],[-88.00567,43.13415,0.0],[-88.00508,43.13414,0.0],[-88.00332,43.13412,0.0],[-88.00295,43.13412,0.0],[-88.00224,43.13411,0.0],[-88.00191,43.13411,0.0],[-88.00179,43.13411,0.0],[-88.00044,43.1341,0.0],[-87.99999,43.13409,0.0],[-87.99902,43.13408,0.0],[-87.99611,43.13405,0.0],[-87.9958,43.13405,0.0],[-87.99551,43.13405,0.0],[-87.99514,43.13404,0.0],[-87.99509,43.13404,0.0],[-87.99493,43.13404,0.0],[-87.99488,43.13404,0.0],[-87.99408,43.13403,0.0],[-87.99165,43.134,0.0],[-87.99085,43.13399,0.0],[-87.99085,43.13356,0.0],[-87.99088,43.13227,0.0],[-87.99089,43.13185,0.0],[-87.99089,43.13182,0.0],[-87.99089,43.13138,0.0],[-87.99089,43.12998,0.0],[-87.99089,43.12952,0.0],[-87.99089,43.12923,0.0],[-87.99089,43.12838,0.0],[-87.99089,43.12809,0.0],[-87.99089,43.12781,0.0],[-87.9909,43.12697,0.0],[-87.9909,43.12669,0.0],[-87.99091,43.12632,0.0],[-87.99093,43.12522,0.0],[-87.99094,43.12486,0.0],[-87.99094,43.12481,0.0],[-87.99095,43.12449,0.0],[-87.99096,43.12341,0.0],[-87.99097,43.12305,0.0],[-87.99099,43.12305,0.0],[-87.991,43.12269,0.0],[-87.99103,43.1216,0.0],[-87.99104,43.12124,0.0],[-87.99105,43.12087,0.0],[-87.99108,43.11977,0.0],[-87.9911,43.11941,0.0],[-87.99134,43.11941,0.0],[-87.99209,43.11942,0.0],[-87.99234,43.11943,0.0],[-87.99259,43.11943,0.0],[-87.99332,43.11944,0.0],[-87.99356,43.11945,0.0],[-87.9938,43.11945,0.0],[-87.99453,43.11946,0.0],[-87.99477,43.11947,0.0],[-87.99503,43.11947,0.0],[-87.99579,43.11948,0.0],[-87.99605,43.11949,0.0],[-87.9963,43.11949,0.0],[-87.99705,43.1195,0.0],[-87.9973,43.1195,0.0],[-87.99754,43.1195,0.0],[-87.99828,43.11951,0.0],[-87.99853,43.11951,0.0],[-88.00102,43.11953,0.0],[-88.00221,43.11954,0.0],[-88.00306,43.11955,0.0],[-88.00341,43.11955,0.0],[-88.00346,43.11955,0.0],[-88.00347,43.11955,0.0],[-88.00351,43.11955,0.0],[-88.00353,43.11956,0.0],[-88.00402,43.11947,0.0],[-88.00408,43.11946,0.0],[-88.0055,43.11951,0.0],[-88.00597,43.11953,0.0],[-88.006,43.11953,0.0],[-88.006,43.11959,0.0]]]]}},{"type":"Feature","properties":{"uesi_id":"USA_R251075","nbhd_code":"USA_R251075_20","nbhd_name":"Census Tract 14, Milwaukee, WI"},"geometry":{"type":"MultiPolygon","coordinates":[[[[-88.02566,43.12663,0.0],[-88.02566,43.12678,0.0],[-88.02562,43.12804,0.0],[-88.02561,43.12851,0.0],[-88.0256,43.12883,0.0],[-88.02557,43.12979,0.0],[-88.02556,43.13011,0.0],[-88.02556,43.13019,0.0],[-88.02556,43.13025,0.0],[-88.02555,43.13041,0.0],[-88.02555,43.13049,0.0],[-88.02555,43.13061,0.0],[-88.02554,43.13097,0.0],[-88.02554,43.13109,0.0],[-88.02553,43.1313,0.0],[-88.02552,43.13178,0.0],[-88.02551,43.13194,0.0],[-88.02551,43.13215,0.0],[-88.02549,43.13253,0.0],[-88.02545,43.13368,0.0],[-88.02544,43.13406,0.0],[-88.02495,43.13406,0.0],[-88.02347,43.13407,0.0],[-88.02298,43.13407,0.0],[-88.02229,43.13407,0.0],[-88.02039,43.13408,0.0],[-88.02021,43.13408,0.0],[-88.01951,43.13408,0.0],[-88.01893,43.13409,0.0],[-88.01874,43.13409,0.0],[-88.01691,43.1341,0.0],[-88.01643,43.1341,0.0],[-88.01616,43.1341,0.0],[-88.01565,43.1341,0.0],[-88.01561,43.13411,0.0],[-88.01511,43.13411,0.0],[-88.01359,43.13411,0.0],[-88.01309,43.13411,0.0],[-88.01261,43.13412,0.0],[-88.0112,43.13412,0.0],[-88.01072,43.13412,0.0],[-88.01003,43.13412,0.0],[-88.00796,43.13413,0.0],[-88.00727,43.13413,0.0],[-88.00697,43.13414,0.0],[-88.00608,43.13415,0.0],[-88.0059,43.13415,0.0],[-88.00567,43.13415,0.0],[-88.00579,43.13395,0.0],[-88.0058,43.13336,0.0],[-88.00581,43.13316,0.0],[-88.00582,43.13243,0.0],[-88.00588,43.13025,0.0],[-88.00589,43.12953,0.0],[-88.00626,43.12949,0.0],[-88.00652,43.12945,0.0],[-88.00732,43.12931,0.0],[-88.00787,43.12921,0.0],[-88.01126,43.12863,0.0],[-88.01378,43.1282,0.0],[-88.01576,43.12786,0.0],[-88.0168,43.12768,0.0],[-88.01994,43.12714,0.0],[-88.02055,43.12703,0.0],[-88.02094,43.12696,0.0],[-88.02129,43.1269,0.0],[-88.02141,43.12688,0.0],[-88.02169,43.12684,0.0],[-88.02238,43.12673,0.0],[-88.02267,43.12667,0.0],[-88.02309,43.1266,0.0],[-88.0234,43.12655,0.0],[-88.02361,43.12652,0.0],[-88.02424,43.1264,0.0],[-88.02516,43.12625,0.0],[-88.02568,43.12616,0.0],[-88.02566,43.12663,0.0]]]]}},{"type":"Feature","properties":{"uesi_id":"USA_R251075","nbhd_code":"USA_R251075_21","nbhd_name":"Census Tract 15, Milwaukee, WI"},"geometry":{"type":"MultiPolygon","coordinates":[[[[-88.02588,43.11971,0.0],[-88.02586,43.1203,0.0],[-88.02585,43.1205,0.0],[-88.02585,43.12066,0.0],[-88.02583,43.12114,0.0],[-88.02583,43.1213,0.0],[-88.02582,43.12166,0.0],[-88.02578,43.12275,0.0],[-88.02577,43.12311,0.0],[-88.02576,43.12341,0.0],[-88.02573,43.12429,0.0],[-88.02572,43.12459,0.0],[-88.02571,43.1249,0.0],[-88.02568,43.12584,0.0],[-88.02568,43.12612,0.0],[-88.02568,43.12616,0.0],[-88.02516,43.12625,0.0],[-88.02424,43.1264,0.0],[-88.02361,43.12652,0.0],[-88.0234,43.12655,0.0],[-88.02309,43.1266,0.0],[-88.02267,43.12667,0.0],[-88.02238,43.12673,0.0],[-88.02169,43.12684,0.0],[-88.02141,43.12688,0.0],[-88.02129,43.1269,0.0],[-88.02094,43.12696,0.0],[-88.02055,43.12703,0.0],[-88.01994,43.12714,0.0],[-88.0168,43.12768,0.0],[-88.01576,43.12786,0.0],[-88.01378,43.1282,0.0],[-88.01126,43.12863,0.0],[-88.00787,43.12921,0.0],[-88.00732,43.12931,0.0],[-88.00652,43.12945,0.0],[-88.00626,43.12949,0.0],[-88.00589,43.12953,0.0],[-88.0059,43.12943,0.0],[-88.0059,43.12913,0.0],[-88.0059,43.12903,0.0],[-88.00591,43.1286,0.0],[-88.00594,43.1273,0.0],[-88.00596,43.12687,0.0],[-88.00596,43.1267,0.0],[-88.00596,43.12618,0.0],[-88.00596,43.12601,0.0],[-88.00596,43.12582,0.0],[-88.00597,43.12523,0.0],[-88.00597,43.12503,0.0],[-88.00597,43.12481,0.0],[-88.00597,43.12467,0.0],[-88.00597,43.12359,0.0],[-88.00598,43.12324,0.0],[-88.00598,43.12288,0.0],[-88.00598,43.12181,0.0],[-88.00598,43.12146,0.0],[-88.00599,43.12125,0.0],[-88.00599,43.12093,0.0],[-88.00599,43.12064,0.0],[-88.00599,43.12044,0.0],[-88.00599,43.12039,0.0],[-88.00599,43.12023,0.0],[-88.00599,43.12018,0.0],[-88.00599,43.12016,0.0],[-88.00599,43.12012,0.0],[-88.00599,43.11992,0.0],[-88.00599,43.11986,0.0],[-88.00599,43.11979,0.0],[-88.00599,43.1197,0.0],[-88.006,43.11959,0.0],[-88.006,43.11953,0.0],[-88.00647,43.11953,0.0],[-88.00788,43.11957,0.0],[-88.00835,43.11958,0.0],[-88.00837,43.11957,0.0],[-88.00841,43.11957,0.0],[-88.00852,43.11957,0.0],[-88.00855,43.11957,0.0],[-88.0088,43.11957,0.0],[-88.00953,43.11957,0.0],[-88.00978,43.11957,0.0],[-88.01001,43.11957,0.0],[-88.01071,43.11957,0.0],[-88.01094,43.11957,0.0],[-88.01206,43.11957,0.0],[-88.0122,43.11957,0.0],[-88.01224,43.11957,0.0],[-88.01235,43.11957,0.0],[-88.01239,43.11957,0.0],[-88.01272,43.11957,0.0],[-88.01371,43.11956,0.0],[-88.01404,43.11956,0.0],[-88.01494,43.11957,0.0],[-88.01592,43.11957,0.0],[-88.016,43.11957,0.0],[-88.01762,43.11956,0.0],[-88.01851,43.11955,0.0],[-88.01875,43.11955,0.0],[-88.0193,43.11955,0.0],[-88.01947,43.11955,0.0],[-88.01971,43.11955,0.0],[-88.01995,43.11955,0.0],[-88.02067,43.11954,0.0],[-88.02091,43.11954,0.0],[-88.02139,43.11954,0.0],[-88.02284,43.11953,0.0],[-88.02332,43.11953,0.0],[-88.02383,43.11953,0.0],[-88.02537,43.11952,0.0],[-88.02588,43.11951,0.0],[-88.02588,43.11971,0.0]]]]}},{"type":"Feature","properties":{"uesi_id":"USA_R251075","nbhd_code":"USA_R251075_22","nbhd_name":"Census Tract 16, Milwaukee, WI"},"geometry":{"type":"MultiPolygon","coordinates":[[[[-88.02593,43.11315,0.0],[-88.02592,43.11488,0.0],[-88.02592,43.11546,0.0],[-88.02591,43.11553,0.0],[-88.02591,43.11575,0.0],[-88.02591,43.11583,0.0],[-88.02591,43.11656,0.0],[-88.02589,43.11878,0.0],[-88.02588,43.11951,0.0],[-88.02537,43.11952,0.0],[-88.02383,43.11953,0.0],[-88.02332,43.11953,0.0],[-88.02284,43.11953,0.0],[-88.02139,43.11954,0.0],[-88.02091,43.11954,0.0],[-88.02067,43.11954,0.0],[-88.01995,43.11955,0.0],[-88.01971,43.11955,0.0],[-88.01947,43.11955,0.0],[-88.0193,43.11955,0.0],[-88.01875,43.11955,0.0],[-88.01851,43.11955,0.0],[-88.01762,43.11956,0.0],[-88.016,43.11957,0.0],[-88.01592,43.11957,0.0],[-88.01494,43.11957,0.0],[-88.01404,43.11956,0.0],[-88.01371,43.11956,0.0],[-88.01272,43.11957,0.0],[-88.01239,43.11957,0.0],[-88.01235,43.11957,0.0],[-88.01224,43.11957,0.0],[-88.0122,43.11957,0.0],[-88.01206,43.11957,0.0],[-88.01094,43.11957,0.0],[-88.01071,43.11957,0.0],[-88.01001,43.11957,0.0],[-88.00978,43.11957,0.0],[-88.00953,43.11957,0.0],[-88.0088,43.11957,0.0],[-88.00855,43.11957,0.0],[-88.00852,43.11957,0.0],[-88.00841,43.11957,0.0],[-88.00837,43.11957,0.0],[-88.00835,43.11958,0.0],[-88.00788,43.11957,0.0],[-88.00647,43.11953,0.0],[-88.006,43.11953,0.0],[-88.006,43.11927,0.0],[-88.006,43.11852,0.0],[-88.00601,43.11827,0.0],[-88.00601,43.11811,0.0],[-88.00601,43.11762,0.0],[-88.00601,43.11752,0.0],[-88.00601,43.11746,0.0],[-88.00601,43.1173,0.0],[-88.00602,43.11681,0.0],[-88.00602,43.11664,0.0],[-88.00603,43.11556,0.0],[-88.00603,43.11543,0.0],[-88.00603,43.11535,0.0],[-88.00603,43.11511,0.0],[-88.00603,43.11493,0.0],[-88.00604,43.11374,0.0],[-88.00604,43.11336,0.0],[-88.00605,43.11228,0.0],[-88.00635,43.11228,0.0],[-88.00725,43.11227,0.0],[-88.00755,43.11227,0.0],[-88.00839,43.11227,0.0],[-88.01093,43.11226,0.0],[-88.01178,43.11225,0.0],[-88.01234,43.11225,0.0],[-88.01404,43.11224,0.0],[-88.01461,43.11224,0.0],[-88.01485,43.11224,0.0],[-88.0152,43.11224,0.0],[-88.01556,43.11224,0.0],[-88.0158,43.11224,0.0],[-88.01603,43.11224,0.0],[-88.0167,43.11224,0.0],[-88.01693,43.11224,0.0],[-88.01785,43.11224,0.0],[-88.02062,43.11224,0.0],[-88.02155,43.11224,0.0],[-88.02195,43.11224,0.0],[-88.02316,43.11224,0.0],[-88.02334,43.11223,0.0],[-88.02356,43.11219,0.0],[-88.0238,43.11213,0.0],[-88.02391,43.11208,0.0],[-88.02404,43.11201,0.0],[-88.02441,43.11173,0.0],[-88.02461,43.11159,0.0],[-88.02487,43.11178,0.0],[-88.02567,43.11238,0.0],[-88.02593,43.11258,0.0],[-88.02593,43.11315,0.0]]]]}},{"type":"Feature","properties":{"uesi_id":"USA_R251075","nbhd_code":"USA_R251075_23","nbhd_name":"Census Tract 17, Milwaukee, WI"},"geometry":{"type":"MultiPolygon","coordinates":[[[[-88.0275,43.10545,0.0],[-88.02746,43.1056,0.0],[-88.0274,43.10582,0.0],[-88.02725,43.10612,0.0],[-88.02642,43.10726,0.0],[-88.02604,43.10779,0.0],[-88.02604,43.10795,0.0],[-88.02598,43.10817,0.0],[-88.02596,43.10843,0.0],[-88.02595,43.10859,0.0],[-88.02595,43.10939,0.0],[-88.02595,43.10958,0.0],[-88.02594,43.11178,0.0],[-88.02593,43.11258,0.0],[-88.02567,43.11238,0.0],[-88.02487,43.11178,0.0],[-88.02461,43.11159,0.0],[-88.02441,43.11173,0.0],[-88.02404,43.11201,0.0],[-88.02391,43.11208,0.0],[-88.0238,43.11213,0.0],[-88.02356,43.11219,0.0],[-88.02334,43.11223,0.0],[-88.02316,43.11224,0.0],[-88.02195,43.11224,0.0],[-88.02155,43.11224,0.0],[-88.02062,43.11224,0.0],[-88.01785,43.11224,0.0],[-88.01693,43.11224,0.0],[-88.0167,43.11224,0.0],[-88.01603,43.11224,0.0],[-88.0158,43.11224,0.0],[-88.01556,43.11224,0.0],[-88.0152,43.11224,0.0],[-88.01485,43.11224,0.0],[-88.01461,43.11224,0.0],[-88.01404,43.11224,0.0],[-88.01234,43.11225,0.0],[-88.01178,43.11225,0.0],[-88.01093,43.11226,0.0],[-88.00839,43.11227,0.0],[-88.00755,43.11227,0.0],[-88.00725,43.11227,0.0],[-88.00635,43.11228,0.0],[-88.00605,43.11228,0.0],[-88.00606,43.11144,0.0],[-88.00607,43.11042,0.0],[-88.00609,43.10863,0.0],[-88.00609,43.10827,0.0],[-88.0061,43.10717,0.0],[-88.00611,43.10681,0.0],[-88.00611,43.10643,0.0],[-88.00611,43.10626,0.0],[-88.00638,43.10536,0.0],[-88.00649,43.105,0.0],[-88.00683,43.105,0.0],[-88.00787,43.105,0.0],[-88.00821,43.105,0.0],[-88.00869,43.105,0.0],[-88.01013,43.10499,0.0],[-88.01061,43.10499,0.0],[-88.01085,43.10499,0.0],[-88.01156,43.10499,0.0],[-88.01179,43.10499,0.0],[-88.01203,43.10499,0.0],[-88.01274,43.10499,0.0],[-88.01298,43.10499,0.0],[-88.0131,43.10499,0.0],[-88.01347,43.10499,0.0],[-88.01359,43.10499,0.0],[-88.0138,43.10499,0.0],[-88.01444,43.10499,0.0],[-88.01465,43.10499,0.0],[-88.01494,43.10499,0.0],[-88.01583,43.10499,0.0],[-88.01612,43.10499,0.0],[-88.01633,43.10498,0.0],[-88.01698,43.10498,0.0],[-88.0172,43.10498,0.0],[-88.01747,43.10498,0.0],[-88.01828,43.10498,0.0],[-88.01855,43.10498,0.0],[-88.01878,43.10498,0.0],[-88.0195,43.10498,0.0],[-88.01973,43.10498,0.0],[-88.01997,43.10498,0.0],[-88.02069,43.10498,0.0],[-88.02093,43.10498,0.0],[-88.02117,43.10498,0.0],[-88.02189,43.10497,0.0],[-88.02214,43.10497,0.0],[-88.02237,43.10497,0.0],[-88.02309,43.10497,0.0],[-88.02333,43.10497,0.0],[-88.0236,43.10497,0.0],[-88.02441,43.10497,0.0],[-88.02468,43.10497,0.0],[-88.02495,43.10497,0.0],[-88.02577,43.10497,0.0],[-88.02604,43.10497,0.0],[-88.02634,43.10496,0.0],[-88.02722,43.10496,0.0],[-88.02751,43.10496,0.0],[-88.0275,43.10545,0.0]]]]}},{"type":"Feature","properties":{"uesi_id":"USA_R251075","nbhd_code":"USA_R251075_24","nbhd_name":"Census Tract 18, Milwaukee, WI"},"geometry":{"type":"MultiPolygon","coordinates":[[[[-88.00604,43.11336,0.0],[-88.00604,43.11374,0.0],[-88.00603,43.11493,0.0],[-88.00603,43.11511,0.0],[-88.00603,43.11535,0.0],[-88.00603,43.11543,0.0],[-88.00603,43.11556,0.0],[-88.00602,43.11664,0.0],[-88.00602,43.11681,0.0],[-88.00601,43.1173,0.0],[-88.00601,43.11746,0.0],[-88.00601,43.11752,0.0],[-88.00601,43.11762,0.0],[-88.00601,43.11811,0.0],[-88.00601,43.11827,0.0],[-88.006,43.11852,0.0],[-88.006,43.11927,0.0],[-88.006,43.11953,0.0],[-88.00597,43.11953,0.0],[-88.0055,43.11951,0.0],[-88.00408,43.11946,0.0],[-88.00402,43.11947,0.0],[-88.00353,43.11956,0.0],[-88.00351,43.11955,0.0],[-88.00347,43.11955,0.0],[-88.00346,43.11955,0.0],[-88.00341,43.11955,0.0],[-88.00306,43.11955,0.0],[-88.00221,43.11954,0.0],[-88.00102,43.11953,0.0],[-87.99853,43.11951,0.0],[-87.99828,43.11951,0.0],[-87.99754,43.1195,0.0],[-87.9973,43.1195,0.0],[-87.99705,43.1195,0.0],[-87.9963,43.11949,0.0],[-87.99605,43.11949,0.0],[-87.99579,43.11948,0.0],[-87.99503,43.11947,0.0],[-87.99477,43.11947,0.0],[-87.99453,43.11946,0.0],[-87.9938,43.11945,0.0],[-87.99356,43.11945,0.0],[-87.99332,43.11944,0.0],[-87.99259,43.11943,0.0],[-87.99234,43.11943,0.0],[-87.99209,43.11942,0.0],[-87.99134,43.11941,0.0],[-87.9911,43.11941,0.0],[-87.99109,43.11921,0.0],[-87.99107,43.11863,0.0],[-87.99106,43.11844,0.0],[-87.99106,43.11821,0.0],[-87.99105,43.11752,0.0],[-87.99105,43.11729,0.0],[-87.99105,43.11709,0.0],[-87.99104,43.11646,0.0],[-87.99104,43.11625,0.0],[-87.99107,43.11542,0.0],[-87.99115,43.11293,0.0],[-87.99117,43.1121,0.0],[-87.99142,43.1121,0.0],[-87.99218,43.11211,0.0],[-87.99243,43.11211,0.0],[-87.99266,43.11212,0.0],[-87.99337,43.11212,0.0],[-87.99361,43.11213,0.0],[-87.99385,43.11213,0.0],[-87.9946,43.11214,0.0],[-87.99484,43.11214,0.0],[-87.99509,43.11214,0.0],[-87.99583,43.11215,0.0],[-87.99607,43.11216,0.0],[-87.99632,43.11216,0.0],[-87.99708,43.11217,0.0],[-87.99733,43.11217,0.0],[-87.99758,43.11218,0.0],[-87.99832,43.11218,0.0],[-87.99856,43.11219,0.0],[-87.9988,43.11219,0.0],[-87.99953,43.1122,0.0],[-87.99977,43.1122,0.0],[-88.00001,43.1122,0.0],[-88.00073,43.11221,0.0],[-88.00097,43.11222,0.0],[-88.0012,43.11222,0.0],[-88.00131,43.11222,0.0],[-88.00145,43.11225,0.0],[-88.00158,43.11229,0.0],[-88.00167,43.11236,0.0],[-88.00179,43.1125,0.0],[-88.00194,43.11267,0.0],[-88.00207,43.1126,0.0],[-88.00217,43.11254,0.0],[-88.00236,43.11243,0.0],[-88.00255,43.11232,0.0],[-88.00269,43.11224,0.0],[-88.00276,43.1122,0.0],[-88.003,43.11206,0.0],[-88.00353,43.11222,0.0],[-88.00437,43.11227,0.0],[-88.00466,43.11227,0.0],[-88.00605,43.11228,0.0],[-88.00604,43.11336,0.0]]]]}},{"type":"Feature","properties":{"uesi_id":"USA_R251075","nbhd_code":"USA_R251075_25","nbhd_name":"Census Tract 19, Milwaukee, WI"},"geometry":{"type":"MultiPolygon","coordinates":[[[[-87.99115,43.11293,0.0],[-87.99107,43.11542,0.0],[-87.99104,43.11625,0.0],[-87.99104,43.11646,0.0],[-87.99105,43.11709,0.0],[-87.99105,43.11729,0.0],[-87.99105,43.11752,0.0],[-87.99106,43.11821,0.0],[-87.99106,43.11844,0.0],[-87.99107,43.11863,0.0],[-87.99109,43.11921,0.0],[-87.9911,43.11941,0.0],[-87.99054,43.1194,0.0],[-87.98889,43.11937,0.0],[-87.98834,43.11936,0.0],[-87.98814,43.11936,0.0],[-87.98754,43.11935,0.0],[-87.98734,43.11934,0.0],[-87.9871,43.11934,0.0],[-87.98637,43.11933,0.0],[-87.98613,43.11933,0.0],[-87.98576,43.11933,0.0],[-87.98465,43.11933,0.0],[-87.98428,43.11933,0.0],[-87.98414,43.11933,0.0],[-87.98408,43.11933,0.0],[-87.98375,43.11933,0.0],[-87.98361,43.11933,0.0],[-87.98309,43.11933,0.0],[-87.98233,43.11933,0.0],[-87.98152,43.11933,0.0],[-87.981,43.11933,0.0],[-87.98078,43.11933,0.0],[-87.98013,43.11933,0.0],[-87.97992,43.11934,0.0],[-87.97967,43.11934,0.0],[-87.97894,43.11934,0.0],[-87.9787,43.11934,0.0],[-87.97845,43.11934,0.0],[-87.97771,43.11934,0.0],[-87.97746,43.11934,0.0],[-87.97722,43.11934,0.0],[-87.97648,43.11934,0.0],[-87.97624,43.11934,0.0],[-87.97624,43.11897,0.0],[-87.97625,43.11789,0.0],[-87.97626,43.11753,0.0],[-87.97626,43.11715,0.0],[-87.97627,43.11603,0.0],[-87.97628,43.11566,0.0],[-87.97628,43.1153,0.0],[-87.97629,43.1142,0.0],[-87.9763,43.11383,0.0],[-87.9763,43.11346,0.0],[-87.97631,43.11236,0.0],[-87.97632,43.11199,0.0],[-87.97657,43.11199,0.0],[-87.97731,43.112,0.0],[-87.97756,43.112,0.0],[-87.97781,43.112,0.0],[-87.97855,43.112,0.0],[-87.9788,43.112,0.0],[-87.97904,43.112,0.0],[-87.97978,43.11201,0.0],[-87.98002,43.11201,0.0],[-87.98027,43.11201,0.0],[-87.98101,43.11201,0.0],[-87.98125,43.11201,0.0],[-87.9815,43.11201,0.0],[-87.98223,43.11202,0.0],[-87.98247,43.11202,0.0],[-87.98272,43.11202,0.0],[-87.98347,43.11202,0.0],[-87.98372,43.11202,0.0],[-87.98397,43.11203,0.0],[-87.98471,43.11203,0.0],[-87.98495,43.11203,0.0],[-87.98619,43.11204,0.0],[-87.98743,43.11205,0.0],[-87.98768,43.11205,0.0],[-87.98841,43.11206,0.0],[-87.98866,43.11207,0.0],[-87.98891,43.11207,0.0],[-87.98967,43.11208,0.0],[-87.98992,43.11208,0.0],[-87.99003,43.11208,0.0],[-87.99035,43.11209,0.0],[-87.99046,43.11209,0.0],[-87.99061,43.11209,0.0],[-87.99103,43.11209,0.0],[-87.99117,43.1121,0.0],[-87.99115,43.11293,0.0]]]]}},{"type":"Feature","properties":{"uesi_id":"USA_R251075","nbhd_code":"USA_R251075_26","nbhd_name":"Census Tract 20, Milwaukee, WI"},"geometry":{"type":"MultiPolygon","coordinates":[[[[-87.97631,43.11236,0.0],[-87.9763,43.11346,0.0],[-87.9763,43.11383,0.0],[-87.97629,43.1142,0.0],[-87.97628,43.1153,0.0],[-87.97628,43.11566,0.0],[-87.97627,43.11603,0.0],[-87.97626,43.11715,0.0],[-87.97626,43.11753,0.0],[-87.97625,43.11789,0.0],[-87.97624,43.11897,0.0],[-87.97624,43.11934,0.0],[-87.97501,43.11933,0.0],[-87.97134,43.11932,0.0],[-87.97068,43.11931,0.0],[-87.97012,43.11931,0.0],[-87.96996,43.11931,0.0],[-87.96966,43.11931,0.0],[-87.96949,43.11931,0.0],[-87.96943,43.11931,0.0],[-87.96937,43.11931,0.0],[-87.96933,43.11931,0.0],[-87.96912,43.11931,0.0],[-87.96846,43.1193,0.0],[-87.96825,43.1193,0.0],[-87.96817,43.1193,0.0],[-87.96793,43.1193,0.0],[-87.96785,43.1193,0.0],[-87.96771,43.1193,0.0],[-87.9676,43.1193,0.0],[-87.96723,43.1193,0.0],[-87.96721,43.11929,0.0],[-87.96703,43.1193,0.0],[-87.96647,43.11929,0.0],[-87.96629,43.11929,0.0],[-87.96627,43.11929,0.0],[-87.96595,43.11929,0.0],[-87.965,43.11929,0.0],[-87.96468,43.11929,0.0],[-87.96444,43.11927,0.0],[-87.96373,43.11921,0.0],[-87.96349,43.1192,0.0],[-87.96326,43.1192,0.0],[-87.96254,43.1192,0.0],[-87.96231,43.1192,0.0],[-87.96207,43.1192,0.0],[-87.96135,43.11919,0.0],[-87.96111,43.11919,0.0],[-87.96087,43.11919,0.0],[-87.96015,43.11919,0.0],[-87.95991,43.11918,0.0],[-87.95992,43.11883,0.0],[-87.95995,43.11778,0.0],[-87.95996,43.11743,0.0],[-87.95996,43.11707,0.0],[-87.95999,43.11597,0.0],[-87.96,43.11561,0.0],[-87.96,43.11524,0.0],[-87.96003,43.11415,0.0],[-87.96004,43.11378,0.0],[-87.96004,43.11341,0.0],[-87.96007,43.1123,0.0],[-87.96008,43.11194,0.0],[-87.96028,43.11194,0.0],[-87.96088,43.11194,0.0],[-87.96108,43.11194,0.0],[-87.96115,43.11194,0.0],[-87.96135,43.11194,0.0],[-87.96142,43.11194,0.0],[-87.96163,43.11194,0.0],[-87.96226,43.11194,0.0],[-87.96247,43.11195,0.0],[-87.96332,43.11195,0.0],[-87.96503,43.11176,0.0],[-87.96503,43.11196,0.0],[-87.96641,43.11196,0.0],[-87.96667,43.11196,0.0],[-87.96746,43.11197,0.0],[-87.96772,43.11197,0.0],[-87.96796,43.11197,0.0],[-87.96869,43.11197,0.0],[-87.96893,43.11197,0.0],[-87.96918,43.11197,0.0],[-87.96991,43.11197,0.0],[-87.97016,43.11197,0.0],[-87.97039,43.11197,0.0],[-87.97108,43.11198,0.0],[-87.97131,43.11198,0.0],[-87.97157,43.11198,0.0],[-87.97235,43.11198,0.0],[-87.97261,43.11198,0.0],[-87.97285,43.11198,0.0],[-87.97358,43.11198,0.0],[-87.97382,43.11198,0.0],[-87.97407,43.11198,0.0],[-87.97482,43.11199,0.0],[-87.97508,43.11199,0.0],[-87.97532,43.11199,0.0],[-87.97607,43.11199,0.0],[-87.97632,43.11199,0.0],[-87.97631,43.11236,0.0]]]]}},{"type":"Feature","properties":{"uesi_id":"USA_R251075","nbhd_code":"USA_R251075_27","nbhd_name":"Census Tract 21, Milwaukee, WI"},"geometry":{"type":"MultiPolygon","coordinates":[[[[-87.96007,43.1123,0.0],[-87.96004,43.11341,0.0],[-87.96004,43.11378,0.0],[-87.96003,43.11415,0.0],[-87.96,43.11524,0.0],[-87.96,43.11561,0.0],[-87.95999,43.11597,0.0],[-87.95996,43.11707,0.0],[-87.95996,43.11743,0.0],[-87.95995,43.11778,0.0],[-87.95992,43.11883,0.0],[-87.95991,43.11918,0.0],[-87.95967,43.11918,0.0],[-87.95894,43.11917,0.0],[-87.9587,43.11917,0.0],[-87.95846,43.11917,0.0],[-87.95774,43.11917,0.0],[-87.9575,43.11917,0.0],[-87.95725,43.11916,0.0],[-87.9565,43.11916,0.0],[-87.95625,43.11916,0.0],[-87.95601,43.11915,0.0],[-87.95528,43.11914,0.0],[-87.95504,43.11914,0.0],[-87.9548,43.11914,0.0],[-87.95413,43.11913,0.0],[-87.95407,43.11913,0.0],[-87.95383,43.11913,0.0],[-87.95359,43.11912,0.0],[-87.95321,43.11911,0.0],[-87.95287,43.11911,0.0],[-87.95263,43.11911,0.0],[-87.95261,43.11911,0.0],[-87.95238,43.11914,0.0],[-87.95215,43.11917,0.0],[-87.95162,43.11924,0.0],[-87.95159,43.11924,0.0],[-87.95139,43.11926,0.0],[-87.95137,43.11926,0.0],[-87.95121,43.11926,0.0],[-87.95103,43.11927,0.0],[-87.95075,43.11928,0.0],[-87.95059,43.11928,0.0],[-87.9501,43.11925,0.0],[-87.95008,43.11924,0.0],[-87.94956,43.11922,0.0],[-87.94903,43.11917,0.0],[-87.94861,43.11916,0.0],[-87.94815,43.11916,0.0],[-87.94812,43.11916,0.0],[-87.94774,43.11915,0.0],[-87.94663,43.11914,0.0],[-87.94632,43.11914,0.0],[-87.94626,43.11913,0.0],[-87.94628,43.11841,0.0],[-87.94634,43.11624,0.0],[-87.94636,43.11551,0.0],[-87.94637,43.11537,0.0],[-87.94638,43.11493,0.0],[-87.94638,43.11481,0.0],[-87.94639,43.11479,0.0],[-87.94639,43.11456,0.0],[-87.94641,43.11389,0.0],[-87.94642,43.11366,0.0],[-87.94643,43.11329,0.0],[-87.94646,43.11219,0.0],[-87.94647,43.11186,0.0],[-87.94647,43.11182,0.0],[-87.94672,43.11182,0.0],[-87.94749,43.11183,0.0],[-87.94775,43.11183,0.0],[-87.94799,43.11183,0.0],[-87.94871,43.11184,0.0],[-87.94895,43.11184,0.0],[-87.94915,43.11185,0.0],[-87.94975,43.11185,0.0],[-87.94995,43.11185,0.0],[-87.95027,43.11186,0.0],[-87.95123,43.11187,0.0],[-87.95155,43.11187,0.0],[-87.95173,43.11187,0.0],[-87.95229,43.11188,0.0],[-87.95247,43.11188,0.0],[-87.95256,43.11188,0.0],[-87.95284,43.11188,0.0],[-87.95293,43.11189,0.0],[-87.95315,43.11189,0.0],[-87.95379,43.11189,0.0],[-87.954,43.11189,0.0],[-87.95424,43.1119,0.0],[-87.95497,43.1119,0.0],[-87.95521,43.11191,0.0],[-87.95545,43.11191,0.0],[-87.95619,43.11192,0.0],[-87.95644,43.11192,0.0],[-87.95669,43.11192,0.0],[-87.95742,43.11192,0.0],[-87.95767,43.11192,0.0],[-87.95791,43.11193,0.0],[-87.95863,43.11193,0.0],[-87.95887,43.11193,0.0],[-87.95911,43.11193,0.0],[-87.95983,43.11193,0.0],[-87.96008,43.11194,0.0],[-87.96007,43.1123,0.0]]]]}},{"type":"Feature","properties":{"uesi_id":"USA_R251075","nbhd_code":"USA_R251075_28","nbhd_name":"Census Tract 22, Milwaukee, WI"},"geometry":{"type":"MultiPolygon","coordinates":[[[[-87.94647,43.11186,0.0],[-87.94646,43.11219,0.0],[-87.94643,43.11329,0.0],[-87.94642,43.11366,0.0],[-87.94641,43.11389,0.0],[-87.94639,43.11456,0.0],[-87.94639,43.11479,0.0],[-87.94638,43.11481,0.0],[-87.94638,43.11493,0.0],[-87.94637,43.11537,0.0],[-87.94636,43.11551,0.0],[-87.94634,43.11624,0.0],[-87.94628,43.11841,0.0],[-87.94626,43.11913,0.0],[-87.94606,43.11913,0.0],[-87.94574,43.11913,0.0],[-87.94548,43.11912,0.0],[-87.94544,43.11912,0.0],[-87.94541,43.11912,0.0],[-87.94528,43.11912,0.0],[-87.94522,43.11912,0.0],[-87.94505,43.11911,0.0],[-87.94499,43.11911,0.0],[-87.94491,43.11911,0.0],[-87.94469,43.11911,0.0],[-87.94465,43.11911,0.0],[-87.94461,43.11911,0.0],[-87.94467,43.11888,0.0],[-87.94469,43.11856,0.0],[-87.94396,43.11855,0.0],[-87.9438,43.11855,0.0],[-87.9438,43.11846,0.0],[-87.94381,43.11834,0.0],[-87.94381,43.11822,0.0],[-87.94405,43.11821,0.0],[-87.94478,43.11821,0.0],[-87.94502,43.11821,0.0],[-87.94502,43.11807,0.0],[-87.94503,43.11764,0.0],[-87.94504,43.1175,0.0],[-87.94504,43.11738,0.0],[-87.94511,43.11739,0.0],[-87.94566,43.1174,0.0],[-87.94566,43.11713,0.0],[-87.94598,43.11714,0.0],[-87.94602,43.11585,0.0],[-87.94603,43.11551,0.0],[-87.94598,43.11551,0.0],[-87.94589,43.11551,0.0],[-87.9458,43.1155,0.0],[-87.94554,43.1155,0.0],[-87.94545,43.1155,0.0],[-87.94538,43.1155,0.0],[-87.94516,43.11549,0.0],[-87.94509,43.11549,0.0],[-87.94485,43.11548,0.0],[-87.94413,43.11547,0.0],[-87.94389,43.11546,0.0],[-87.94392,43.11445,0.0],[-87.94392,43.11436,0.0],[-87.94395,43.11362,0.0],[-87.94395,43.11339,0.0],[-87.94396,43.11321,0.0],[-87.944,43.11321,0.0],[-87.94409,43.11321,0.0],[-87.94456,43.11321,0.0],[-87.94456,43.11333,0.0],[-87.94468,43.11332,0.0],[-87.9447,43.11332,0.0],[-87.94474,43.11332,0.0],[-87.9448,43.11333,0.0],[-87.94515,43.11334,0.0],[-87.94548,43.11334,0.0],[-87.94557,43.11335,0.0],[-87.94575,43.11335,0.0],[-87.94578,43.11226,0.0],[-87.9453,43.11227,0.0],[-87.94518,43.11229,0.0],[-87.94507,43.11232,0.0],[-87.94454,43.11237,0.0],[-87.94398,43.11236,0.0],[-87.94398,43.11241,0.0],[-87.94398,43.11251,0.0],[-87.94397,43.11263,0.0],[-87.94396,43.11298,0.0],[-87.94359,43.11297,0.0],[-87.94359,43.11307,0.0],[-87.94357,43.11361,0.0],[-87.94351,43.11361,0.0],[-87.94349,43.11361,0.0],[-87.94344,43.11444,0.0],[-87.9434,43.11544,0.0],[-87.94328,43.11544,0.0],[-87.94316,43.11543,0.0],[-87.94281,43.11543,0.0],[-87.94269,43.11543,0.0],[-87.94243,43.11542,0.0],[-87.94164,43.11541,0.0],[-87.94139,43.1154,0.0],[-87.941,43.1154,0.0],[-87.93985,43.11538,0.0],[-87.93946,43.11538,0.0],[-87.93939,43.11542,0.0],[-87.93915,43.11552,0.0],[-87.93903,43.11556,0.0],[-87.93887,43.11539,0.0],[-87.9385,43.11538,0.0],[-87.93957,43.11651,0.0],[-87.93958,43.11653,0.0],[-87.94005,43.11702,0.0],[-87.93994,43.11741,0.0],[-87.93995,43.11754,0.0],[-87.9401,43.11775,0.0],[-87.93998,43.11788,0.0],[-87.93999,43.11791,0.0],[-87.94,43.11798,0.0],[-87.94007,43.11838,0.0],[-87.94004,43.11857,0.0],[-87.94005,43.11886,0.0],[-87.94005,43.11896,0.0],[-87.94005,43.11903,0.0],[-87.93996,43.11903,0.0],[-87.9376,43.11899,0.0],[-87.93749,43.11899,0.0],[-87.93716,43.11898,0.0],[-87.93714,43.11898,0.0],[-87.93703,43.11898,0.0],[-87.93697,43.11898,0.0],[-87.9368,43.11897,0.0],[-87.93674,43.11897,0.0],[-87.93661,43.11897,0.0],[-87.93622,43.11896,0.0],[-87.93609,43.11896,0.0],[-87.93602,43.11896,0.0],[-87.93596,43.11896,0.0],[-87.93558,43.11895,0.0],[-87.93545,43.11895,0.0],[-87.93533,43.11895,0.0],[-87.93501,43.11894,0.0],[-87.93498,43.11894,0.0],[-87.93486,43.11894,0.0],[-87.93472,43.11894,0.0],[-87.93431,43.11893,0.0],[-87.93417,43.11893,0.0],[-87.93415,43.11893,0.0],[-87.93401,43.11859,0.0],[-87.93391,43.11836,0.0],[-87.93374,43.11793,0.0],[-87.93374,43.11776,0.0],[-87.93351,43.11658,0.0],[-87.93339,43.11599,0.0],[-87.93325,43.11527,0.0],[-87.93309,43.11526,0.0],[-87.93195,43.11525,0.0],[-87.93035,43.11522,0.0],[-87.92854,43.11519,0.0],[-87.92733,43.11517,0.0],[-87.92732,43.11563,0.0],[-87.9273,43.11619,0.0],[-87.9273,43.11636,0.0],[-87.92756,43.11653,0.0],[-87.92771,43.11663,0.0],[-87.92777,43.11667,0.0],[-87.92771,43.11881,0.0],[-87.92758,43.11881,0.0],[-87.92746,43.11881,0.0],[-87.9267,43.11879,0.0],[-87.92645,43.11879,0.0],[-87.92621,43.11879,0.0],[-87.92552,43.11878,0.0],[-87.92529,43.11877,0.0],[-87.92505,43.11877,0.0],[-87.92436,43.11876,0.0],[-87.92412,43.11876,0.0],[-87.92388,43.11875,0.0],[-87.92316,43.11874,0.0],[-87.92292,43.11873,0.0],[-87.92266,43.11873,0.0],[-87.92213,43.11872,0.0],[-87.92187,43.11871,0.0],[-87.92161,43.11871,0.0],[-87.92145,43.11871,0.0],[-87.92099,43.1187,0.0],[-87.92083,43.1187,0.0],[-87.92095,43.11858,0.0],[-87.92097,43.11852,0.0],[-87.92105,43.11842,0.0],[-87.92122,43.11827,0.0],[-87.92149,43.118,0.0],[-87.9216,43.11785,0.0],[-87.92171,43.11771,0.0],[-87.92173,43.1177,0.0],[-87.92192,43.11743,0.0],[-87.922,43.11722,0.0],[-87.922,43.1172,0.0],[-87.92205,43.11711,0.0],[-87.92212,43.11701,0.0],[-87.9223,43.11683,0.0],[-87.92243,43.11673,0.0],[-87.92272,43.11642,0.0],[-87.92295,43.11608,0.0],[-87.92308,43.11595,0.0],[-87.92314,43.11591,0.0],[-87.92323,43.11577,0.0],[-87.92332,43.11569,0.0],[-87.92347,43.11549,0.0],[-87.92352,43.11545,0.0],[-87.92365,43.11524,0.0],[-87.92368,43.11515,0.0],[-87.9237,43.11512,0.0],[-87.92374,43.11507,0.0],[-87.92377,43.11498,0.0],[-87.92389,43.11478,0.0],[-87.92395,43.11451,0.0],[-87.92401,43.11434,0.0],[-87.92403,43.11412,0.0],[-87.92407,43.11404,0.0],[-87.92407,43.11401,0.0],[-87.9241,43.11394,0.0],[-87.92413,43.11375,0.0],[-87.92416,43.11368,0.0],[-87.92422,43.1133,0.0],[-87.92421,43.11322,0.0],[-87.9242,43.11313,0.0],[-87.92417,43.11302,0.0],[-87.92414,43.11292,0.0],[-87.92412,43.11257,0.0],[-87.92408,43.112,0.0],[-87.92397,43.11169,0.0],[-87.92386,43.11153,0.0],[-87.92395,43.11137,0.0],[-87.92402,43.11131,0.0],[-87.92422,43.11117,0.0],[-87.92456,43.11109,0.0],[-87.92482,43.11102,0.0],[-87.92506,43.11093,0.0],[-87.92537,43.11078,0.0],[-87.9256,43.11063,0.0],[-87.92587,43.11059,0.0],[-87.92599,43.11066,0.0],[-87.92667,43.11072,0.0],[-87.92678,43.11074,0.0],[-87.92708,43.11068,0.0],[-87.92732,43.11062,0.0],[-87.92758,43.11051,0.0],[-87.92784,43.1103,0.0],[-87.92808,43.11023,0.0],[-87.92831,43.11009,0.0],[-87.92836,43.11004,0.0],[-87.9289,43.10964,0.0],[-87.92914,43.10948,0.0],[-87.92925,43.10941,0.0],[-87.92934,43.10936,0.0],[-87.92938,43.10934,0.0],[-87.92968,43.10912,0.0],[-87.92981,43.10903,0.0],[-87.9299,43.10913,0.0],[-87.93015,43.10935,0.0],[-87.93043,43.10987,0.0],[-87.93057,43.11017,0.0],[-87.93057,43.11018,0.0],[-87.93074,43.11055,0.0],[-87.93086,43.11138,0.0],[-87.93103,43.11227,0.0],[-87.93138,43.11318,0.0],[-87.93175,43.11345,0.0],[-87.93212,43.11368,0.0],[-87.93221,43.11369,0.0],[-87.93277,43.1138,0.0],[-87.93349,43.11381,0.0],[-87.93286,43.11161,0.0],[-87.93307,43.11162,0.0],[-87.93335,43.11162,0.0],[-87.93424,43.11163,0.0],[-87.93453,43.11163,0.0],[-87.93492,43.11164,0.0],[-87.93608,43.11165,0.0],[-87.93646,43.11165,0.0],[-87.93657,43.11166,0.0],[-87.9369,43.11166,0.0],[-87.937,43.11167,0.0],[-87.93743,43.11168,0.0],[-87.93869,43.1117,0.0],[-87.93912,43.11171,0.0],[-87.93916,43.11171,0.0],[-87.93929,43.11172,0.0],[-87.93934,43.11172,0.0],[-87.93958,43.11177,0.0],[-87.94033,43.11194,0.0],[-87.94045,43.11197,0.0],[-87.94053,43.11199,0.0],[-87.94057,43.112,0.0],[-87.94066,43.11202,0.0],[-87.94074,43.11204,0.0],[-87.94086,43.11207,0.0],[-87.94118,43.11213,0.0],[-87.94125,43.11214,0.0],[-87.94158,43.11218,0.0],[-87.94204,43.11221,0.0],[-87.94238,43.11222,0.0],[-87.94277,43.11219,0.0],[-87.94309,43.11216,0.0],[-87.94332,43.11212,0.0],[-87.944,43.11201,0.0],[-87.94424,43.11198,0.0],[-87.94496,43.11188,0.0],[-87.9452,43.11185,0.0],[-87.94545,43.11182,0.0],[-87.94555,43.11181,0.0],[-87.94621,43.11182,0.0],[-87.94647,43.11182,0.0],[-87.94647,43.11186,0.0]]]]}},{"type":"Feature","properties":{"uesi_id":"USA_R251075","nbhd_code":"USA_R251075_29","nbhd_name":"Census Tract 23, Milwaukee, WI"},"geometry":{"type":"MultiPolygon","coordinates":[[[[-87.94665,43.10473,0.0],[-87.94663,43.10544,0.0],[-87.94662,43.10567,0.0],[-87.94662,43.1058,0.0],[-87.94661,43.10619,0.0],[-87.9466,43.10632,0.0],[-87.94659,43.10668,0.0],[-87.94656,43.10777,0.0],[-87.94655,43.10813,0.0],[-87.94654,43.10838,0.0],[-87.94651,43.10968,0.0],[-87.9465,43.10977,0.0],[-87.9465,43.11036,0.0],[-87.9465,43.1104,0.0],[-87.94651,43.11044,0.0],[-87.94651,43.11046,0.0],[-87.94651,43.11056,0.0],[-87.94652,43.1106,0.0],[-87.94651,43.11084,0.0],[-87.94648,43.11158,0.0],[-87.94647,43.11182,0.0],[-87.94621,43.11182,0.0],[-87.94555,43.11181,0.0],[-87.94545,43.11182,0.0],[-87.9452,43.11185,0.0],[-87.94496,43.11188,0.0],[-87.94424,43.11198,0.0],[-87.944,43.11201,0.0],[-87.94332,43.11212,0.0],[-87.94309,43.11216,0.0],[-87.94277,43.11219,0.0],[-87.94238,43.11222,0.0],[-87.94204,43.11221,0.0],[-87.94158,43.11218,0.0],[-87.94125,43.11214,0.0],[-87.94118,43.11213,0.0],[-87.94086,43.11207,0.0],[-87.94074,43.11204,0.0],[-87.94066,43.11202,0.0],[-87.94057,43.112,0.0],[-87.94053,43.11199,0.0],[-87.94045,43.11197,0.0],[-87.94033,43.11194,0.0],[-87.93958,43.11177,0.0],[-87.93934,43.11172,0.0],[-87.93929,43.11172,0.0],[-87.93916,43.11171,0.0],[-87.93912,43.11171,0.0],[-87.93869,43.1117,0.0],[-87.93743,43.11168,0.0],[-87.937,43.11167,0.0],[-87.9369,43.11166,0.0],[-87.93657,43.11166,0.0],[-87.93646,43.11165,0.0],[-87.93608,43.11165,0.0],[-87.93492,43.11164,0.0],[-87.93453,43.11163,0.0],[-87.93424,43.11163,0.0],[-87.93335,43.11162,0.0],[-87.93307,43.11162,0.0],[-87.93286,43.11161,0.0],[-87.93349,43.11381,0.0],[-87.93277,43.1138,0.0],[-87.93221,43.11369,0.0],[-87.93212,43.11368,0.0],[-87.93175,43.11345,0.0],[-87.93138,43.11318,0.0],[-87.93103,43.11227,0.0],[-87.93086,43.11138,0.0],[-87.93074,43.11055,0.0],[-87.93057,43.11018,0.0],[-87.93057,43.11017,0.0],[-87.93043,43.10987,0.0],[-87.93015,43.10935,0.0],[-87.9299,43.10913,0.0],[-87.92981,43.10903,0.0],[-87.93008,43.10883,0.0],[-87.93039,43.10861,0.0],[-87.9305,43.10853,0.0],[-87.9308,43.10824,0.0],[-87.93095,43.10799,0.0],[-87.93097,43.10772,0.0],[-87.93087,43.10742,0.0],[-87.93085,43.10735,0.0],[-87.93074,43.10719,0.0],[-87.93057,43.10706,0.0],[-87.93044,43.10699,0.0],[-87.93018,43.10689,0.0],[-87.93003,43.10686,0.0],[-87.92976,43.10684,0.0],[-87.92919,43.10676,0.0],[-87.92902,43.10672,0.0],[-87.92897,43.10672,0.0],[-87.92848,43.10664,0.0],[-87.92824,43.10656,0.0],[-87.92812,43.10654,0.0],[-87.92795,43.10649,0.0],[-87.92793,43.10648,0.0],[-87.92791,43.10647,0.0],[-87.92764,43.10638,0.0],[-87.92728,43.10621,0.0],[-87.92695,43.10602,0.0],[-87.92689,43.10598,0.0],[-87.92668,43.10585,0.0],[-87.9265,43.10572,0.0],[-87.92645,43.10567,0.0],[-87.9263,43.10546,0.0],[-87.9263,43.10544,0.0],[-87.92622,43.10531,0.0],[-87.92622,43.10528,0.0],[-87.92618,43.10522,0.0],[-87.92615,43.10513,0.0],[-87.92613,43.10502,0.0],[-87.92615,43.10493,0.0],[-87.92615,43.10453,0.0],[-87.92613,43.10449,0.0],[-87.92613,43.10426,0.0],[-87.92609,43.10412,0.0],[-87.92607,43.10385,0.0],[-87.92607,43.10358,0.0],[-87.92606,43.1034,0.0],[-87.92603,43.10313,0.0],[-87.92597,43.10297,0.0],[-87.9259,43.10278,0.0],[-87.92586,43.10269,0.0],[-87.92577,43.10257,0.0],[-87.92555,43.10241,0.0],[-87.92536,43.10229,0.0],[-87.92509,43.10215,0.0],[-87.92501,43.10209,0.0],[-87.92503,43.10155,0.0],[-87.92503,43.10142,0.0],[-87.92503,43.1012,0.0],[-87.92505,43.10053,0.0],[-87.92505,43.10031,0.0],[-87.92582,43.10033,0.0],[-87.92814,43.10041,0.0],[-87.92854,43.10042,0.0],[-87.92859,43.10042,0.0],[-87.92723,43.09809,0.0],[-87.92707,43.09781,0.0],[-87.92705,43.09779,0.0],[-87.92704,43.09776,0.0],[-87.92755,43.09792,0.0],[-87.92766,43.09796,0.0],[-87.92798,43.09806,0.0],[-87.9285,43.09823,0.0],[-87.92964,43.0986,0.0],[-87.93081,43.09896,0.0],[-87.93156,43.0992,0.0],[-87.93297,43.09966,0.0],[-87.9361,43.10065,0.0],[-87.93656,43.10079,0.0],[-87.9367,43.10086,0.0],[-87.93676,43.10089,0.0],[-87.93703,43.10098,0.0],[-87.93985,43.10188,0.0],[-87.94286,43.10285,0.0],[-87.94356,43.10307,0.0],[-87.94507,43.10356,0.0],[-87.94567,43.10375,0.0],[-87.94613,43.10389,0.0],[-87.94637,43.10397,0.0],[-87.94643,43.10407,0.0],[-87.9466,43.10439,0.0],[-87.94666,43.1045,0.0],[-87.94665,43.10473,0.0]]]]}},{"type":"Feature","properties":{"uesi_id":"USA_R251075","nbhd_code":"USA_R251075_30","nbhd_name":"Census Tract 24, Milwaukee, WI"},"geometry":{"type":"MultiPolygon","coordinates":[[[[-87.96108,43.11194,0.0],[-87.96088,43.11194,0.0],[-87.96028,43.11194,0.0],[-87.96008,43.11194,0.0],[-87.95983,43.11193,0.0],[-87.95911,43.11193,0.0],[-87.95887,43.11193,0.0],[-87.95863,43.11193,0.0],[-87.95791,43.11193,0.0],[-87.95767,43.11192,0.0],[-87.95742,43.11192,0.0],[-87.95669,43.11192,0.0],[-87.95644,43.11192,0.0],[-87.95619,43.11192,0.0],[-87.95545,43.11191,0.0],[-87.95521,43.11191,0.0],[-87.95497,43.1119,0.0],[-87.95424,43.1119,0.0],[-87.954,43.11189,0.0],[-87.95379,43.11189,0.0],[-87.95315,43.11189,0.0],[-87.95293,43.11189,0.0],[-87.95284,43.11188,0.0],[-87.95256,43.11188,0.0],[-87.95247,43.11188,0.0],[-87.95229,43.11188,0.0],[-87.95173,43.11187,0.0],[-87.95155,43.11187,0.0],[-87.95123,43.11187,0.0],[-87.95027,43.11186,0.0],[-87.94995,43.11185,0.0],[-87.94975,43.11185,0.0],[-87.94915,43.11185,0.0],[-87.94895,43.11184,0.0],[-87.94871,43.11184,0.0],[-87.94799,43.11183,0.0],[-87.94775,43.11183,0.0],[-87.94749,43.11183,0.0],[-87.94672,43.11182,0.0],[-87.94647,43.11182,0.0],[-87.94648,43.11158,0.0],[-87.94651,43.11084,0.0],[-87.94652,43.1106,0.0],[-87.94651,43.11056,0.0],[-87.94651,43.11046,0.0],[-87.94651,43.11044,0.0],[-87.9465,43.1104,0.0],[-87.9465,43.11036,0.0],[-87.9465,43.10977,0.0],[-87.94651,43.10968,0.0],[-87.94654,43.10838,0.0],[-87.94655,43.10813,0.0],[-87.94656,43.10777,0.0],[-87.94659,43.10668,0.0],[-87.9466,43.10632,0.0],[-87.94661,43.10619,0.0],[-87.94662,43.1058,0.0],[-87.94662,43.10567,0.0],[-87.94663,43.10544,0.0],[-87.94665,43.10473,0.0],[-87.94666,43.1045,0.0],[-87.9466,43.10439,0.0],[-87.94643,43.10407,0.0],[-87.94637,43.10397,0.0],[-87.94619,43.10362,0.0],[-87.94566,43.10258,0.0],[-87.94548,43.10224,0.0],[-87.94539,43.10207,0.0],[-87.94511,43.10155,0.0],[-87.94502,43.10138,0.0],[-87.94496,43.10126,0.0],[-87.94478,43.10092,0.0],[-87.94472,43.10081,0.0],[-87.94452,43.10043,0.0],[-87.94392,43.09931,0.0],[-87.94372,43.09893,0.0],[-87.94395,43.09894,0.0],[-87.94463,43.09895,0.0],[-87.94485,43.09895,0.0],[-87.94495,43.09895,0.0],[-87.94525,43.09895,0.0],[-87.94535,43.09896,0.0],[-87.94543,43.09933,0.0],[-87.94569,43.10045,0.0],[-87.94577,43.10082,0.0],[-87.94597,43.10082,0.0],[-87.94656,43.10083,0.0],[-87.94676,43.10083,0.0],[-87.947,43.10083,0.0],[-87.94773,43.10083,0.0],[-87.94797,43.10083,0.0],[-87.94821,43.10083,0.0],[-87.94892,43.10083,0.0],[-87.94916,43.10084,0.0],[-87.94942,43.10084,0.0],[-87.95018,43.10084,0.0],[-87.95043,43.10084,0.0],[-87.9507,43.10084,0.0],[-87.95151,43.10084,0.0],[-87.95177,43.10084,0.0],[-87.95202,43.10084,0.0],[-87.95276,43.10085,0.0],[-87.95301,43.10085,0.0],[-87.95308,43.10078,0.0],[-87.95319,43.10074,0.0],[-87.95332,43.10074,0.0],[-87.9536,43.10081,0.0],[-87.95376,43.10077,0.0],[-87.95425,43.10066,0.0],[-87.95441,43.10062,0.0],[-87.95447,43.10065,0.0],[-87.95462,43.10073,0.0],[-87.95467,43.10076,0.0],[-87.9547,43.10076,0.0],[-87.95479,43.10074,0.0],[-87.95481,43.10074,0.0],[-87.95516,43.10081,0.0],[-87.95521,43.10083,0.0],[-87.95621,43.10077,0.0],[-87.95647,43.10076,0.0],[-87.95656,43.10076,0.0],[-87.95661,43.10076,0.0],[-87.95676,43.10076,0.0],[-87.95681,43.10076,0.0],[-87.9568,43.10112,0.0],[-87.95678,43.1022,0.0],[-87.95677,43.10256,0.0],[-87.95673,43.10413,0.0],[-87.95658,43.10461,0.0],[-87.95655,43.10641,0.0],[-87.95778,43.10642,0.0],[-87.95774,43.10826,0.0],[-87.95757,43.10825,0.0],[-87.95707,43.10825,0.0],[-87.95691,43.10825,0.0],[-87.95698,43.10831,0.0],[-87.95718,43.10848,0.0],[-87.95725,43.10854,0.0],[-87.95759,43.10883,0.0],[-87.95859,43.10971,0.0],[-87.95892,43.11,0.0],[-87.95917,43.11022,0.0],[-87.9599,43.11089,0.0],[-87.96015,43.11111,0.0],[-87.96034,43.11127,0.0],[-87.96089,43.11177,0.0],[-87.96108,43.11194,0.0]]]]}},{"type":"Feature","properties":{"uesi_id":"USA_R251075","nbhd_code":"USA_R251075_31","nbhd_name":"Census Tract 25, Milwaukee, WI"},"geometry":{"type":"MultiPolygon","coordinates":[[[[-87.96652,43.10481,0.0],[-87.96651,43.10536,0.0],[-87.96651,43.10555,0.0],[-87.96651,43.10573,0.0],[-87.9665,43.10627,0.0],[-87.9665,43.10645,0.0],[-87.96649,43.10682,0.0],[-87.96647,43.10793,0.0],[-87.96647,43.10831,0.0],[-87.96646,43.10862,0.0],[-87.96645,43.10955,0.0],[-87.96644,43.10986,0.0],[-87.96644,43.11006,0.0],[-87.96643,43.11068,0.0],[-87.96643,43.11089,0.0],[-87.96642,43.11111,0.0],[-87.96641,43.11175,0.0],[-87.96641,43.11196,0.0],[-87.96503,43.11196,0.0],[-87.96503,43.11176,0.0],[-87.96332,43.11195,0.0],[-87.96247,43.11195,0.0],[-87.96226,43.11194,0.0],[-87.96163,43.11194,0.0],[-87.96142,43.11194,0.0],[-87.96135,43.11194,0.0],[-87.96115,43.11194,0.0],[-87.96108,43.11194,0.0],[-87.96089,43.11177,0.0],[-87.96034,43.11127,0.0],[-87.96015,43.11111,0.0],[-87.9599,43.11089,0.0],[-87.95917,43.11022,0.0],[-87.95892,43.11,0.0],[-87.95859,43.10971,0.0],[-87.95759,43.10883,0.0],[-87.95725,43.10854,0.0],[-87.95718,43.10848,0.0],[-87.95698,43.10831,0.0],[-87.95691,43.10825,0.0],[-87.95707,43.10825,0.0],[-87.95757,43.10825,0.0],[-87.95774,43.10826,0.0],[-87.95778,43.10642,0.0],[-87.95655,43.10641,0.0],[-87.95658,43.10461,0.0],[-87.95781,43.10475,0.0],[-87.95798,43.10461,0.0],[-87.95916,43.10462,0.0],[-87.9599,43.10462,0.0],[-87.96039,43.10462,0.0],[-87.96155,43.10462,0.0],[-87.96273,43.10462,0.0],[-87.96297,43.10462,0.0],[-87.96368,43.10462,0.0],[-87.96392,43.10462,0.0],[-87.96415,43.10462,0.0],[-87.96486,43.10462,0.0],[-87.96509,43.10462,0.0],[-87.96538,43.10462,0.0],[-87.96624,43.10462,0.0],[-87.96653,43.10462,0.0],[-87.96652,43.10481,0.0]]]]}},{"type":"Feature","properties":{"uesi_id":"USA_R251075","nbhd_code":"USA_R251075_32","nbhd_name":"Census Tract 26, Milwaukee, WI"},"geometry":{"type":"MultiPolygon","coordinates":[[[[-87.96698,43.09692,0.0],[-87.96697,43.09712,0.0],[-87.96697,43.09719,0.0],[-87.96696,43.09723,0.0],[-87.96696,43.09737,0.0],[-87.96696,43.09741,0.0],[-87.96696,43.09754,0.0],[-87.96695,43.0979,0.0],[-87.96694,43.09803,0.0],[-87.96694,43.09821,0.0],[-87.96692,43.09877,0.0],[-87.96691,43.09895,0.0],[-87.9669,43.09931,0.0],[-87.96688,43.1004,0.0],[-87.96687,43.10076,0.0],[-87.96686,43.10079,0.0],[-87.96686,43.10094,0.0],[-87.96684,43.10148,0.0],[-87.96684,43.10167,0.0],[-87.96683,43.10185,0.0],[-87.96682,43.10239,0.0],[-87.96681,43.10257,0.0],[-87.96681,43.10281,0.0],[-87.9668,43.1034,0.0],[-87.96677,43.10351,0.0],[-87.96672,43.10374,0.0],[-87.96668,43.10391,0.0],[-87.96657,43.10444,0.0],[-87.96653,43.10462,0.0],[-87.96624,43.10462,0.0],[-87.96538,43.10462,0.0],[-87.96509,43.10462,0.0],[-87.96486,43.10462,0.0],[-87.96415,43.10462,0.0],[-87.96392,43.10462,0.0],[-87.96368,43.10462,0.0],[-87.96297,43.10462,0.0],[-87.96273,43.10462,0.0],[-87.96155,43.10462,0.0],[-87.96039,43.10462,0.0],[-87.9599,43.10462,0.0],[-87.95916,43.10462,0.0],[-87.95798,43.10461,0.0],[-87.95781,43.10475,0.0],[-87.95658,43.10461,0.0],[-87.95673,43.10413,0.0],[-87.95677,43.10256,0.0],[-87.95678,43.1022,0.0],[-87.9568,43.10112,0.0],[-87.95681,43.10076,0.0],[-87.95705,43.10076,0.0],[-87.95778,43.10076,0.0],[-87.95802,43.10076,0.0],[-87.95833,43.10076,0.0],[-87.95803,43.10005,0.0],[-87.95794,43.09983,0.0],[-87.95767,43.09916,0.0],[-87.95758,43.09895,0.0],[-87.95743,43.09858,0.0],[-87.95697,43.0975,0.0],[-87.95682,43.09714,0.0],[-87.95682,43.0971,0.0],[-87.95682,43.09696,0.0],[-87.95681,43.09692,0.0],[-87.95682,43.09684,0.0],[-87.95684,43.09661,0.0],[-87.95685,43.09654,0.0],[-87.9571,43.09653,0.0],[-87.95786,43.09652,0.0],[-87.95811,43.09652,0.0],[-87.95835,43.09652,0.0],[-87.95906,43.09653,0.0],[-87.9593,43.09653,0.0],[-87.95954,43.09653,0.0],[-87.95989,43.09652,0.0],[-87.96025,43.09655,0.0],[-87.96049,43.09657,0.0],[-87.96072,43.09658,0.0],[-87.96143,43.09663,0.0],[-87.96167,43.09665,0.0],[-87.96191,43.09666,0.0],[-87.96261,43.09671,0.0],[-87.96284,43.09672,0.0],[-87.96307,43.09674,0.0],[-87.96378,43.09679,0.0],[-87.96401,43.0968,0.0],[-87.96421,43.09681,0.0],[-87.96451,43.09683,0.0],[-87.96478,43.09683,0.0],[-87.96497,43.09684,0.0],[-87.96519,43.09684,0.0],[-87.96583,43.09684,0.0],[-87.96604,43.09684,0.0],[-87.96623,43.09684,0.0],[-87.9668,43.09685,0.0],[-87.96699,43.09685,0.0],[-87.96698,43.09692,0.0]]]]}},{"type":"Feature","properties":{"uesi_id":"USA_R251075","nbhd_code":"USA_R251075_33","nbhd_name":"Census Tract 27, Milwaukee, WI"},"geometry":{"type":"MultiPolygon","coordinates":[[[[-87.97688,43.09761,0.0],[-87.97685,43.09882,0.0],[-87.97684,43.09923,0.0],[-87.97684,43.09927,0.0],[-87.97683,43.09941,0.0],[-87.97683,43.09945,0.0],[-87.97683,43.09949,0.0],[-87.97683,43.09955,0.0],[-87.97682,43.09982,0.0],[-87.97682,43.09992,0.0],[-87.97682,43.10011,0.0],[-87.9768,43.10069,0.0],[-87.9768,43.10088,0.0],[-87.97679,43.10134,0.0],[-87.97675,43.10271,0.0],[-87.97674,43.10316,0.0],[-87.97673,43.10346,0.0],[-87.97672,43.10391,0.0],[-87.97661,43.10436,0.0],[-87.97654,43.10465,0.0],[-87.97634,43.10465,0.0],[-87.97573,43.10465,0.0],[-87.97553,43.10465,0.0],[-87.9753,43.10465,0.0],[-87.9746,43.10465,0.0],[-87.97437,43.10465,0.0],[-87.97393,43.10464,0.0],[-87.9732,43.10464,0.0],[-87.97285,43.10464,0.0],[-87.97181,43.10464,0.0],[-87.97146,43.10464,0.0],[-87.97122,43.10464,0.0],[-87.97052,43.10463,0.0],[-87.97028,43.10463,0.0],[-87.97004,43.10463,0.0],[-87.9693,43.10463,0.0],[-87.96905,43.10463,0.0],[-87.96881,43.10463,0.0],[-87.96809,43.10462,0.0],[-87.96784,43.10462,0.0],[-87.96758,43.10462,0.0],[-87.96723,43.10462,0.0],[-87.96679,43.10462,0.0],[-87.96653,43.10462,0.0],[-87.96657,43.10444,0.0],[-87.96668,43.10391,0.0],[-87.96672,43.10374,0.0],[-87.96677,43.10351,0.0],[-87.9668,43.1034,0.0],[-87.96681,43.10281,0.0],[-87.96681,43.10257,0.0],[-87.96682,43.10239,0.0],[-87.96683,43.10185,0.0],[-87.96684,43.10167,0.0],[-87.96684,43.10148,0.0],[-87.96686,43.10094,0.0],[-87.96686,43.10079,0.0],[-87.96687,43.10076,0.0],[-87.96688,43.1004,0.0],[-87.9669,43.09931,0.0],[-87.96691,43.09895,0.0],[-87.96692,43.09877,0.0],[-87.96694,43.09821,0.0],[-87.96694,43.09803,0.0],[-87.96695,43.0979,0.0],[-87.96696,43.09754,0.0],[-87.96696,43.09741,0.0],[-87.96696,43.09737,0.0],[-87.96696,43.09723,0.0],[-87.96697,43.09719,0.0],[-87.96697,43.09712,0.0],[-87.96698,43.09692,0.0],[-87.96699,43.09685,0.0],[-87.96737,43.09685,0.0],[-87.96851,43.09686,0.0],[-87.96889,43.09686,0.0],[-87.96915,43.09686,0.0],[-87.96995,43.09687,0.0],[-87.97021,43.09687,0.0],[-87.97061,43.09687,0.0],[-87.97092,43.09687,0.0],[-87.97181,43.09688,0.0],[-87.97221,43.09688,0.0],[-87.97245,43.09694,0.0],[-87.97317,43.09713,0.0],[-87.9734,43.0972,0.0],[-87.97364,43.0972,0.0],[-87.97434,43.09721,0.0],[-87.97458,43.09721,0.0],[-87.97481,43.09721,0.0],[-87.97549,43.09721,0.0],[-87.97572,43.09722,0.0],[-87.97595,43.09721,0.0],[-87.97665,43.09721,0.0],[-87.97689,43.09721,0.0],[-87.97688,43.09761,0.0]]]]}},{"type":"Feature","properties":{"uesi_id":"USA_R251075","nbhd_code":"USA_R251075_34","nbhd_name":"Census Tract 28, Milwaukee, WI"},"geometry":{"type":"MultiPolygon","coordinates":[[[[-87.97645,43.10502,0.0],[-87.97641,43.10519,0.0],[-87.97639,43.10613,0.0],[-87.97639,43.10651,0.0],[-87.97639,43.10687,0.0],[-87.97637,43.10795,0.0],[-87.97637,43.10832,0.0],[-87.97636,43.10905,0.0],[-87.97633,43.11126,0.0],[-87.97632,43.11199,0.0],[-87.97607,43.11199,0.0],[-87.97532,43.11199,0.0],[-87.97508,43.11199,0.0],[-87.97482,43.11199,0.0],[-87.97407,43.11198,0.0],[-87.97382,43.11198,0.0],[-87.97358,43.11198,0.0],[-87.97285,43.11198,0.0],[-87.97261,43.11198,0.0],[-87.97235,43.11198,0.0],[-87.97157,43.11198,0.0],[-87.97131,43.11198,0.0],[-87.97108,43.11198,0.0],[-87.97039,43.11197,0.0],[-87.97016,43.11197,0.0],[-87.96991,43.11197,0.0],[-87.96918,43.11197,0.0],[-87.96893,43.11197,0.0],[-87.96869,43.11197,0.0],[-87.96796,43.11197,0.0],[-87.96772,43.11197,0.0],[-87.96746,43.11197,0.0],[-87.96667,43.11196,0.0],[-87.96641,43.11196,0.0],[-87.96641,43.11175,0.0],[-87.96642,43.11111,0.0],[-87.96643,43.11089,0.0],[-87.96643,43.11068,0.0],[-87.96644,43.11006,0.0],[-87.96644,43.10986,0.0],[-87.96645,43.10955,0.0],[-87.96646,43.10862,0.0],[-87.96647,43.10831,0.0],[-87.96647,43.10793,0.0],[-87.96649,43.10682,0.0],[-87.9665,43.10645,0.0],[-87.9665,43.10627,0.0],[-87.96651,43.10573,0.0],[-87.96651,43.10555,0.0],[-87.96651,43.10536,0.0],[-87.96652,43.10481,0.0],[-87.96653,43.10462,0.0],[-87.96679,43.10462,0.0],[-87.96723,43.10462,0.0],[-87.96758,43.10462,0.0],[-87.96784,43.10462,0.0],[-87.96809,43.10462,0.0],[-87.96881,43.10463,0.0],[-87.96905,43.10463,0.0],[-87.9693,43.10463,0.0],[-87.97004,43.10463,0.0],[-87.97028,43.10463,0.0],[-87.97052,43.10463,0.0],[-87.97122,43.10464,0.0],[-87.97146,43.10464,0.0],[-87.97181,43.10464,0.0],[-87.97285,43.10464,0.0],[-87.9732,43.10464,0.0],[-87.97393,43.10464,0.0],[-87.97437,43.10465,0.0],[-87.9746,43.10465,0.0],[-87.9753,43.10465,0.0],[-87.97553,43.10465,0.0],[-87.97573,43.10465,0.0],[-87.97634,43.10465,0.0],[-87.97654,43.10465,0.0],[-87.97645,43.10502,0.0]]]]}},{"type":"Feature","properties":{"uesi_id":"USA_R251075","nbhd_code":"USA_R251075_35","nbhd_name":"Census Tract 29, Milwaukee, WI"},"geometry":{"type":"MultiPolygon","coordinates":[[[[-87.98631,43.10567,0.0],[-87.98625,43.10855,0.0],[-87.98619,43.11204,0.0],[-87.98495,43.11203,0.0],[-87.98471,43.11203,0.0],[-87.98397,43.11203,0.0],[-87.98372,43.11202,0.0],[-87.98347,43.11202,0.0],[-87.98272,43.11202,0.0],[-87.98247,43.11202,0.0],[-87.98223,43.11202,0.0],[-87.9815,43.11201,0.0],[-87.98125,43.11201,0.0],[-87.98101,43.11201,0.0],[-87.98027,43.11201,0.0],[-87.98002,43.11201,0.0],[-87.97978,43.11201,0.0],[-87.97904,43.112,0.0],[-87.9788,43.112,0.0],[-87.97855,43.112,0.0],[-87.97781,43.112,0.0],[-87.97756,43.112,0.0],[-87.97731,43.112,0.0],[-87.97657,43.11199,0.0],[-87.97632,43.11199,0.0],[-87.97633,43.11126,0.0],[-87.97636,43.10905,0.0],[-87.97637,43.10832,0.0],[-87.97637,43.10795,0.0],[-87.97639,43.10687,0.0],[-87.97639,43.10651,0.0],[-87.97639,43.10613,0.0],[-87.97641,43.10519,0.0],[-87.97645,43.10502,0.0],[-87.97654,43.10465,0.0],[-87.97677,43.10465,0.0],[-87.97745,43.10466,0.0],[-87.97767,43.10466,0.0],[-87.97771,43.10466,0.0],[-87.97783,43.10466,0.0],[-87.97787,43.10466,0.0],[-87.97808,43.10466,0.0],[-87.97868,43.10466,0.0],[-87.97889,43.10466,0.0],[-87.97892,43.10466,0.0],[-87.97901,43.10466,0.0],[-87.97904,43.10466,0.0],[-87.97925,43.10466,0.0],[-87.9799,43.10467,0.0],[-87.98012,43.10467,0.0],[-87.98023,43.10467,0.0],[-87.98055,43.10467,0.0],[-87.98066,43.10467,0.0],[-87.9808,43.10467,0.0],[-87.98122,43.10468,0.0],[-87.98136,43.10468,0.0],[-87.98156,43.10468,0.0],[-87.98215,43.10468,0.0],[-87.98235,43.10468,0.0],[-87.9824,43.10468,0.0],[-87.98255,43.10468,0.0],[-87.9826,43.10468,0.0],[-87.98283,43.10468,0.0],[-87.98353,43.10469,0.0],[-87.98376,43.10469,0.0],[-87.98406,43.10469,0.0],[-87.98495,43.10469,0.0],[-87.98525,43.1047,0.0],[-87.98539,43.10471,0.0],[-87.98649,43.10471,0.0],[-87.98631,43.10567,0.0]]]]}},{"type":"Feature","properties":{"uesi_id":"USA_R251075","nbhd_code":"USA_R251075_36","nbhd_name":"Census Tract 30, Milwaukee, WI"},"geometry":{"type":"MultiPolygon","coordinates":[[[[-88.00638,43.10536,0.0],[-88.00611,43.10626,0.0],[-88.00611,43.10643,0.0],[-88.00611,43.10681,0.0],[-88.0061,43.10717,0.0],[-88.00609,43.10827,0.0],[-88.00609,43.10863,0.0],[-88.00607,43.11042,0.0],[-88.00606,43.11144,0.0],[-88.00605,43.11228,0.0],[-88.00466,43.11227,0.0],[-88.00437,43.11227,0.0],[-88.00353,43.11222,0.0],[-88.003,43.11206,0.0],[-88.00276,43.1122,0.0],[-88.00269,43.11224,0.0],[-88.00255,43.11232,0.0],[-88.00236,43.11243,0.0],[-88.00217,43.11254,0.0],[-88.00207,43.1126,0.0],[-88.00194,43.11267,0.0],[-88.00179,43.1125,0.0],[-88.00167,43.11236,0.0],[-88.00158,43.11229,0.0],[-88.00145,43.11225,0.0],[-88.00131,43.11222,0.0],[-88.0012,43.11222,0.0],[-88.00097,43.11222,0.0],[-88.00073,43.11221,0.0],[-88.00001,43.1122,0.0],[-87.99977,43.1122,0.0],[-87.99953,43.1122,0.0],[-87.9988,43.11219,0.0],[-87.99856,43.11219,0.0],[-87.99832,43.11218,0.0],[-87.99758,43.11218,0.0],[-87.99733,43.11217,0.0],[-87.99708,43.11217,0.0],[-87.99632,43.11216,0.0],[-87.99607,43.11216,0.0],[-87.99583,43.11215,0.0],[-87.99509,43.11214,0.0],[-87.99484,43.11214,0.0],[-87.9946,43.11214,0.0],[-87.99385,43.11213,0.0],[-87.99361,43.11213,0.0],[-87.99337,43.11212,0.0],[-87.99266,43.11212,0.0],[-87.99243,43.11211,0.0],[-87.99218,43.11211,0.0],[-87.99142,43.1121,0.0],[-87.99117,43.1121,0.0],[-87.99103,43.11209,0.0],[-87.99061,43.11209,0.0],[-87.99046,43.11209,0.0],[-87.99035,43.11209,0.0],[-87.99003,43.11208,0.0],[-87.98992,43.11208,0.0],[-87.98967,43.11208,0.0],[-87.98891,43.11207,0.0],[-87.98866,43.11207,0.0],[-87.98841,43.11206,0.0],[-87.98768,43.11205,0.0],[-87.98743,43.11205,0.0],[-87.98619,43.11204,0.0],[-87.98625,43.10855,0.0],[-87.98631,43.10567,0.0],[-87.98649,43.10471,0.0],[-87.98648,43.1047,0.0],[-87.98713,43.10472,0.0],[-87.98906,43.10475,0.0],[-87.98953,43.10476,0.0],[-87.98971,43.10476,0.0],[-87.98977,43.10476,0.0],[-87.98996,43.10476,0.0],[-87.99003,43.10476,0.0],[-87.99027,43.10477,0.0],[-87.991,43.10478,0.0],[-87.99125,43.10478,0.0],[-87.99128,43.10478,0.0],[-87.99136,43.10478,0.0],[-87.99139,43.10479,0.0],[-87.99163,43.10479,0.0],[-87.99235,43.1048,0.0],[-87.99259,43.10481,0.0],[-87.99268,43.10481,0.0],[-87.99296,43.10481,0.0],[-87.99306,43.10481,0.0],[-87.9932,43.10482,0.0],[-87.99363,43.10482,0.0],[-87.99377,43.10482,0.0],[-87.99403,43.10483,0.0],[-87.99482,43.10484,0.0],[-87.99508,43.10485,0.0],[-87.99534,43.10485,0.0],[-87.99657,43.10487,0.0],[-87.99701,43.10487,0.0],[-87.99717,43.10488,0.0],[-87.99763,43.10488,0.0],[-87.99779,43.10489,0.0],[-87.99811,43.10489,0.0],[-87.99909,43.1049,0.0],[-87.99942,43.10491,0.0],[-87.99968,43.10491,0.0],[-88.00045,43.10492,0.0],[-88.00071,43.10492,0.0],[-88.00097,43.10493,0.0],[-88.00174,43.10493,0.0],[-88.002,43.10494,0.0],[-88.00226,43.10494,0.0],[-88.00305,43.10495,0.0],[-88.00331,43.10496,0.0],[-88.00357,43.10496,0.0],[-88.00436,43.10497,0.0],[-88.00462,43.10497,0.0],[-88.00499,43.10498,0.0],[-88.00611,43.10499,0.0],[-88.00649,43.105,0.0],[-88.00638,43.10536,0.0]]]]}},{"type":"Feature","properties":{"uesi_id":"USA_R251075","nbhd_code":"USA_R251075_37","nbhd_name":"Census Tract 31, Milwaukee, WI"},"geometry":{"type":"MultiPolygon","coordinates":[[[[-87.99568,43.09764,0.0],[-87.99565,43.09878,0.0],[-87.99565,43.09916,0.0],[-87.99564,43.09951,0.0],[-87.99562,43.10053,0.0],[-87.99562,43.10088,0.0],[-87.9956,43.10133,0.0],[-87.99556,43.10266,0.0],[-87.99556,43.10269,0.0],[-87.99553,43.10281,0.0],[-87.99549,43.10292,0.0],[-87.99547,43.10296,0.0],[-87.99537,43.1031,0.0],[-87.9953,43.10314,0.0],[-87.9951,43.10327,0.0],[-87.99504,43.10331,0.0],[-87.99483,43.10345,0.0],[-87.99422,43.10385,0.0],[-87.99415,43.1039,0.0],[-87.99402,43.10398,0.0],[-87.99383,43.1041,0.0],[-87.99326,43.10447,0.0],[-87.99307,43.1046,0.0],[-87.99306,43.10464,0.0],[-87.99306,43.10477,0.0],[-87.99306,43.10481,0.0],[-87.99296,43.10481,0.0],[-87.99268,43.10481,0.0],[-87.99259,43.10481,0.0],[-87.99235,43.1048,0.0],[-87.99163,43.10479,0.0],[-87.99139,43.10479,0.0],[-87.99136,43.10478,0.0],[-87.99128,43.10478,0.0],[-87.99125,43.10478,0.0],[-87.991,43.10478,0.0],[-87.99027,43.10477,0.0],[-87.99003,43.10476,0.0],[-87.98996,43.10476,0.0],[-87.98977,43.10476,0.0],[-87.98971,43.10476,0.0],[-87.98953,43.10476,0.0],[-87.98906,43.10475,0.0],[-87.98713,43.10472,0.0],[-87.98648,43.1047,0.0],[-87.98649,43.10471,0.0],[-87.98539,43.10471,0.0],[-87.98525,43.1047,0.0],[-87.98495,43.10469,0.0],[-87.98406,43.10469,0.0],[-87.98376,43.10469,0.0],[-87.98353,43.10469,0.0],[-87.98283,43.10468,0.0],[-87.9826,43.10468,0.0],[-87.98255,43.10468,0.0],[-87.9824,43.10468,0.0],[-87.98235,43.10468,0.0],[-87.98215,43.10468,0.0],[-87.98156,43.10468,0.0],[-87.98136,43.10468,0.0],[-87.98122,43.10468,0.0],[-87.9808,43.10467,0.0],[-87.98066,43.10467,0.0],[-87.98055,43.10467,0.0],[-87.98023,43.10467,0.0],[-87.98012,43.10467,0.0],[-87.9799,43.10467,0.0],[-87.97925,43.10466,0.0],[-87.97904,43.10466,0.0],[-87.97901,43.10466,0.0],[-87.97892,43.10466,0.0],[-87.97889,43.10466,0.0],[-87.97868,43.10466,0.0],[-87.97808,43.10466,0.0],[-87.97787,43.10466,0.0],[-87.97783,43.10466,0.0],[-87.97771,43.10466,0.0],[-87.97767,43.10466,0.0],[-87.97745,43.10466,0.0],[-87.97677,43.10465,0.0],[-87.97654,43.10465,0.0],[-87.97661,43.10436,0.0],[-87.97672,43.10391,0.0],[-87.97673,43.10346,0.0],[-87.97674,43.10316,0.0],[-87.97675,43.10271,0.0],[-87.97679,43.10134,0.0],[-87.9768,43.10088,0.0],[-87.9768,43.10069,0.0],[-87.97682,43.10011,0.0],[-87.97682,43.09992,0.0],[-87.97682,43.09982,0.0],[-87.97683,43.09955,0.0],[-87.97683,43.09949,0.0],[-87.97683,43.09945,0.0],[-87.97683,43.09941,0.0],[-87.97684,43.09927,0.0],[-87.97684,43.09923,0.0],[-87.97685,43.09882,0.0],[-87.97688,43.09761,0.0],[-87.97689,43.09721,0.0],[-87.97715,43.09721,0.0],[-87.97792,43.09721,0.0],[-87.97818,43.09721,0.0],[-87.97843,43.09722,0.0],[-87.97916,43.09722,0.0],[-87.9794,43.09722,0.0],[-87.97965,43.09722,0.0],[-87.98038,43.09723,0.0],[-87.98062,43.09723,0.0],[-87.98086,43.09723,0.0],[-87.98159,43.09723,0.0],[-87.98184,43.09724,0.0],[-87.98207,43.09724,0.0],[-87.98279,43.09724,0.0],[-87.98303,43.09724,0.0],[-87.98327,43.09724,0.0],[-87.98398,43.09725,0.0],[-87.98422,43.09725,0.0],[-87.98507,43.09726,0.0],[-87.98536,43.09714,0.0],[-87.98551,43.09708,0.0],[-87.98571,43.097,0.0],[-87.98575,43.09699,0.0],[-87.98599,43.09694,0.0],[-87.98614,43.09692,0.0],[-87.98631,43.0969,0.0],[-87.9865,43.0969,0.0],[-87.98677,43.0969,0.0],[-87.98677,43.09697,0.0],[-87.98677,43.09719,0.0],[-87.98677,43.09726,0.0],[-87.9869,43.09726,0.0],[-87.98731,43.09726,0.0],[-87.98744,43.09726,0.0],[-87.98757,43.09726,0.0],[-87.98796,43.09726,0.0],[-87.98809,43.09726,0.0],[-87.98834,43.09726,0.0],[-87.98911,43.09726,0.0],[-87.98936,43.09726,0.0],[-87.98962,43.09726,0.0],[-87.99038,43.09726,0.0],[-87.99063,43.09726,0.0],[-87.99088,43.09726,0.0],[-87.99165,43.09726,0.0],[-87.9919,43.09726,0.0],[-87.99215,43.09726,0.0],[-87.99292,43.09726,0.0],[-87.99317,43.09726,0.0],[-87.99343,43.09726,0.0],[-87.9942,43.09726,0.0],[-87.99445,43.09726,0.0],[-87.9947,43.09726,0.0],[-87.99544,43.09726,0.0],[-87.99568,43.09726,0.0],[-87.99568,43.09764,0.0]]]]}},{"type":"Feature","properties":{"uesi_id":"USA_R251075","nbhd_code":"USA_R251075_38","nbhd_name":"Census Tract 32, Milwaukee, WI"},"geometry":{"type":"MultiPolygon","coordinates":[[[[-88.00709,43.09759,0.0],[-88.00705,43.09873,0.0],[-88.00705,43.09911,0.0],[-88.00704,43.0995,0.0],[-88.007,43.10068,0.0],[-88.00699,43.10107,0.0],[-88.00699,43.10127,0.0],[-88.00698,43.10146,0.0],[-88.00695,43.10264,0.0],[-88.00694,43.10303,0.0],[-88.0069,43.10343,0.0],[-88.00687,43.10372,0.0],[-88.0066,43.10461,0.0],[-88.00649,43.105,0.0],[-88.00611,43.10499,0.0],[-88.00499,43.10498,0.0],[-88.00462,43.10497,0.0],[-88.00436,43.10497,0.0],[-88.00357,43.10496,0.0],[-88.00331,43.10496,0.0],[-88.00305,43.10495,0.0],[-88.00226,43.10494,0.0],[-88.002,43.10494,0.0],[-88.00174,43.10493,0.0],[-88.00097,43.10493,0.0],[-88.00071,43.10492,0.0],[-88.00045,43.10492,0.0],[-87.99968,43.10491,0.0],[-87.99942,43.10491,0.0],[-87.99909,43.1049,0.0],[-87.99811,43.10489,0.0],[-87.99779,43.10489,0.0],[-87.99763,43.10488,0.0],[-87.99717,43.10488,0.0],[-87.99701,43.10487,0.0],[-87.99657,43.10487,0.0],[-87.99534,43.10485,0.0],[-87.99508,43.10485,0.0],[-87.99482,43.10484,0.0],[-87.99403,43.10483,0.0],[-87.99377,43.10482,0.0],[-87.99363,43.10482,0.0],[-87.9932,43.10482,0.0],[-87.99306,43.10481,0.0],[-87.99306,43.10477,0.0],[-87.99306,43.10464,0.0],[-87.99307,43.1046,0.0],[-87.99326,43.10447,0.0],[-87.99383,43.1041,0.0],[-87.99402,43.10398,0.0],[-87.99415,43.1039,0.0],[-87.99422,43.10385,0.0],[-87.99483,43.10345,0.0],[-87.99504,43.10331,0.0],[-87.9951,43.10327,0.0],[-87.9953,43.10314,0.0],[-87.99537,43.1031,0.0],[-87.99547,43.10296,0.0],[-87.99549,43.10292,0.0],[-87.99553,43.10281,0.0],[-87.99556,43.10269,0.0],[-87.99556,43.10266,0.0],[-87.9956,43.10133,0.0],[-87.99562,43.10088,0.0],[-87.99562,43.10053,0.0],[-87.99564,43.09951,0.0],[-87.99565,43.09916,0.0],[-87.99565,43.09878,0.0],[-87.99568,43.09764,0.0],[-87.99568,43.09726,0.0],[-87.99593,43.09726,0.0],[-87.99667,43.09726,0.0],[-87.99692,43.09726,0.0],[-87.99717,43.09726,0.0],[-87.99795,43.09725,0.0],[-87.9982,43.09725,0.0],[-87.99845,43.09725,0.0],[-87.9992,43.09725,0.0],[-87.99945,43.09725,0.0],[-87.9997,43.09724,0.0],[-88.00043,43.09724,0.0],[-88.00068,43.09724,0.0],[-88.00092,43.09724,0.0],[-88.00166,43.09723,0.0],[-88.0019,43.09723,0.0],[-88.00215,43.09723,0.0],[-88.00289,43.09723,0.0],[-88.00314,43.09723,0.0],[-88.0034,43.09723,0.0],[-88.00418,43.09722,0.0],[-88.00444,43.09722,0.0],[-88.00468,43.09722,0.0],[-88.00539,43.09721,0.0],[-88.00563,43.09721,0.0],[-88.00592,43.09721,0.0],[-88.00647,43.09721,0.0],[-88.0068,43.09721,0.0],[-88.0071,43.09721,0.0],[-88.00709,43.09759,0.0]]]]}},{"type":"Feature","properties":{"uesi_id":"USA_R251075","nbhd_code":"USA_R251075_39","nbhd_name":"Census Tract 33, Milwaukee, WI"},"geometry":{"type":"MultiPolygon","coordinates":[[[[-88.02764,43.0973,0.0],[-88.02762,43.09827,0.0],[-88.02762,43.09853,0.0],[-88.02762,43.0986,0.0],[-88.02762,43.09879,0.0],[-88.0276,43.09933,0.0],[-88.0276,43.09936,0.0],[-88.0276,43.09955,0.0],[-88.02759,43.09991,0.0],[-88.02758,43.10096,0.0],[-88.02757,43.10132,0.0],[-88.02756,43.10194,0.0],[-88.02753,43.10382,0.0],[-88.02752,43.10445,0.0],[-88.02752,43.10455,0.0],[-88.02751,43.10485,0.0],[-88.02751,43.10496,0.0],[-88.02722,43.10496,0.0],[-88.02634,43.10496,0.0],[-88.02604,43.10497,0.0],[-88.02577,43.10497,0.0],[-88.02495,43.10497,0.0],[-88.02468,43.10497,0.0],[-88.02441,43.10497,0.0],[-88.0236,43.10497,0.0],[-88.02333,43.10497,0.0],[-88.02309,43.10497,0.0],[-88.02237,43.10497,0.0],[-88.02214,43.10497,0.0],[-88.02189,43.10497,0.0],[-88.02117,43.10498,0.0],[-88.02093,43.10498,0.0],[-88.02069,43.10498,0.0],[-88.01997,43.10498,0.0],[-88.01973,43.10498,0.0],[-88.0195,43.10498,0.0],[-88.01878,43.10498,0.0],[-88.01855,43.10498,0.0],[-88.01828,43.10498,0.0],[-88.01747,43.10498,0.0],[-88.0172,43.10498,0.0],[-88.01698,43.10498,0.0],[-88.01633,43.10498,0.0],[-88.01612,43.10499,0.0],[-88.01583,43.10499,0.0],[-88.01494,43.10499,0.0],[-88.01465,43.10499,0.0],[-88.01444,43.10499,0.0],[-88.0138,43.10499,0.0],[-88.01359,43.10499,0.0],[-88.01347,43.10499,0.0],[-88.0131,43.10499,0.0],[-88.01298,43.10499,0.0],[-88.01274,43.10499,0.0],[-88.01203,43.10499,0.0],[-88.01179,43.10499,0.0],[-88.01156,43.10499,0.0],[-88.01085,43.10499,0.0],[-88.01061,43.10499,0.0],[-88.01013,43.10499,0.0],[-88.00869,43.105,0.0],[-88.00821,43.105,0.0],[-88.00787,43.105,0.0],[-88.00683,43.105,0.0],[-88.00649,43.105,0.0],[-88.0066,43.10461,0.0],[-88.00687,43.10372,0.0],[-88.0069,43.10343,0.0],[-88.00694,43.10303,0.0],[-88.00695,43.10264,0.0],[-88.00698,43.10146,0.0],[-88.00699,43.10127,0.0],[-88.00699,43.10107,0.0],[-88.007,43.10068,0.0],[-88.00704,43.0995,0.0],[-88.00705,43.09911,0.0],[-88.00705,43.09873,0.0],[-88.00709,43.09759,0.0],[-88.0071,43.09721,0.0],[-88.00736,43.09721,0.0],[-88.00814,43.0972,0.0],[-88.00841,43.09719,0.0],[-88.0087,43.09719,0.0],[-88.0096,43.09718,0.0],[-88.00989,43.09718,0.0],[-88.01035,43.09717,0.0],[-88.01174,43.09715,0.0],[-88.0122,43.09715,0.0],[-88.01247,43.09715,0.0],[-88.01329,43.09714,0.0],[-88.01357,43.09713,0.0],[-88.01382,43.09713,0.0],[-88.01457,43.09712,0.0],[-88.01483,43.09712,0.0],[-88.01508,43.09712,0.0],[-88.01583,43.09711,0.0],[-88.01608,43.0971,0.0],[-88.01634,43.0971,0.0],[-88.01713,43.09709,0.0],[-88.01739,43.09709,0.0],[-88.01759,43.09681,0.0],[-88.0187,43.09708,0.0],[-88.02125,43.09705,0.0],[-88.0215,43.09705,0.0],[-88.02227,43.09704,0.0],[-88.02252,43.09704,0.0],[-88.0228,43.09703,0.0],[-88.02364,43.09702,0.0],[-88.02391,43.09702,0.0],[-88.02416,43.09702,0.0],[-88.02491,43.09701,0.0],[-88.02516,43.09701,0.0],[-88.0254,43.09701,0.0],[-88.02611,43.097,0.0],[-88.02635,43.09699,0.0],[-88.02661,43.09699,0.0],[-88.02738,43.09698,0.0],[-88.02758,43.09698,0.0],[-88.02764,43.09698,0.0],[-88.02764,43.0973,0.0]]]]}},{"type":"Feature","properties":{"uesi_id":"USA_R251075","nbhd_code":"USA_R251075_40","nbhd_name":"Census Tract 34, Milwaukee, WI"},"geometry":{"type":"MultiPolygon","coordinates":[[[[-88.0477,43.08978,0.0],[-88.0477,43.0901,0.0],[-88.0477,43.09021,0.0],[-88.04763,43.09021,0.0],[-88.0433,43.09022,0.0],[-88.04328,43.09024,0.0],[-88.04325,43.09026,0.0],[-88.04323,43.09028,0.0],[-88.04321,43.0903,0.0],[-88.04318,43.09032,0.0],[-88.04316,43.09034,0.0],[-88.04314,43.09036,0.0],[-88.04311,43.09038,0.0],[-88.04309,43.0904,0.0],[-88.04306,43.09042,0.0],[-88.04304,43.09043,0.0],[-88.04301,43.09045,0.0],[-88.04299,43.09047,0.0],[-88.04296,43.09049,0.0],[-88.04294,43.09051,0.0],[-88.04291,43.09053,0.0],[-88.04289,43.09054,0.0],[-88.04286,43.09056,0.0],[-88.04283,43.09058,0.0],[-88.04281,43.0906,0.0],[-88.04278,43.09061,0.0],[-88.04275,43.09063,0.0],[-88.0427,43.09067,0.0],[-88.0427,43.09078,0.0],[-88.04264,43.09696,0.0],[-88.04266,43.09775,0.0],[-88.04266,43.09806,0.0],[-88.04221,43.09806,0.0],[-88.03781,43.09806,0.0],[-88.03764,43.09806,0.0],[-88.03764,43.09801,0.0],[-88.03764,43.098,0.0],[-88.03735,43.098,0.0],[-88.0365,43.098,0.0],[-88.03621,43.098,0.0],[-88.03138,43.09799,0.0],[-88.03099,43.09798,0.0],[-88.031,43.09765,0.0],[-88.03068,43.09698,0.0],[-88.03066,43.09694,0.0],[-88.031,43.09682,0.0],[-88.03103,43.09681,0.0],[-88.03207,43.09622,0.0],[-88.03242,43.09603,0.0],[-88.0329,43.09576,0.0],[-88.03436,43.09494,0.0],[-88.03484,43.09467,0.0],[-88.03495,43.09477,0.0],[-88.03527,43.09508,0.0],[-88.03538,43.09518,0.0],[-88.03558,43.09518,0.0],[-88.03618,43.09518,0.0],[-88.03638,43.09518,0.0],[-88.03637,43.09552,0.0],[-88.03636,43.09656,0.0],[-88.03636,43.09691,0.0],[-88.03649,43.09691,0.0],[-88.0369,43.09691,0.0],[-88.03698,43.09691,0.0],[-88.03698,43.09661,0.0],[-88.03698,43.09635,0.0],[-88.03749,43.09635,0.0],[-88.03749,43.09612,0.0],[-88.03697,43.09612,0.0],[-88.03697,43.09554,0.0],[-88.03698,43.09538,0.0],[-88.03749,43.09538,0.0],[-88.0375,43.09518,0.0],[-88.0372,43.09518,0.0],[-88.03709,43.09518,0.0],[-88.03699,43.09518,0.0],[-88.037,43.09446,0.0],[-88.037,43.09442,0.0],[-88.037,43.09411,0.0],[-88.03741,43.09388,0.0],[-88.03711,43.0936,0.0],[-88.03698,43.09347,0.0],[-88.03685,43.09334,0.0],[-88.03655,43.09305,0.0],[-88.03704,43.09276,0.0],[-88.03709,43.09275,0.0],[-88.0371,43.09199,0.0],[-88.0371,43.09186,0.0],[-88.03752,43.09186,0.0],[-88.03753,43.09163,0.0],[-88.03753,43.09141,0.0],[-88.0371,43.09141,0.0],[-88.0371,43.09129,0.0],[-88.0371,43.09085,0.0],[-88.03707,43.09083,0.0],[-88.03668,43.09074,0.0],[-88.03654,43.09074,0.0],[-88.0358,43.09072,0.0],[-88.03579,43.09064,0.0],[-88.0358,43.0902,0.0],[-88.03539,43.09021,0.0],[-88.03538,43.09053,0.0],[-88.03538,43.09064,0.0],[-88.03538,43.09067,0.0],[-88.03538,43.09075,0.0],[-88.03538,43.09077,0.0],[-88.03538,43.09094,0.0],[-88.03538,43.09096,0.0],[-88.0351,43.09096,0.0],[-88.03472,43.09096,0.0],[-88.03471,43.09119,0.0],[-88.0341,43.09119,0.0],[-88.0341,43.09121,0.0],[-88.0341,43.09131,0.0],[-88.03404,43.09131,0.0],[-88.03404,43.09136,0.0],[-88.03352,43.09136,0.0],[-88.03337,43.09136,0.0],[-88.03337,43.09141,0.0],[-88.03281,43.0914,0.0],[-88.03271,43.0914,0.0],[-88.03271,43.09125,0.0],[-88.03271,43.09079,0.0],[-88.03271,43.09069,0.0],[-88.03271,43.09064,0.0],[-88.03271,43.09021,0.0],[-88.03289,43.09022,0.0],[-88.03289,43.09018,0.0],[-88.03302,43.09018,0.0],[-88.03302,43.08985,0.0],[-88.03285,43.08984,0.0],[-88.03159,43.08984,0.0],[-88.03158,43.09064,0.0],[-88.03153,43.09064,0.0],[-88.03147,43.09064,0.0],[-88.03146,43.09154,0.0],[-88.03085,43.09154,0.0],[-88.03087,43.09067,0.0],[-88.03079,43.09067,0.0],[-88.03044,43.09067,0.0],[-88.03025,43.09066,0.0],[-88.03006,43.09067,0.0],[-88.02963,43.09067,0.0],[-88.02964,43.0902,0.0],[-88.02903,43.0902,0.0],[-88.02771,43.09019,0.0],[-88.02771,43.09036,0.0],[-88.0277,43.0913,0.0],[-88.0277,43.09162,0.0],[-88.02769,43.09197,0.0],[-88.02768,43.093,0.0],[-88.02768,43.09335,0.0],[-88.02768,43.09369,0.0],[-88.02766,43.09473,0.0],[-88.02766,43.09508,0.0],[-88.02766,43.09546,0.0],[-88.02765,43.0966,0.0],[-88.02764,43.09671,0.0],[-88.02764,43.09698,0.0],[-88.02758,43.09698,0.0],[-88.02738,43.09698,0.0],[-88.02661,43.09699,0.0],[-88.02635,43.09699,0.0],[-88.02611,43.097,0.0],[-88.0254,43.09701,0.0],[-88.02516,43.09701,0.0],[-88.02491,43.09701,0.0],[-88.02416,43.09702,0.0],[-88.02391,43.09702,0.0],[-88.02364,43.09702,0.0],[-88.0228,43.09703,0.0],[-88.02252,43.09704,0.0],[-88.02227,43.09704,0.0],[-88.0215,43.09705,0.0],[-88.02125,43.09705,0.0],[-88.0187,43.09708,0.0],[-88.01759,43.09681,0.0],[-88.01739,43.09709,0.0],[-88.01713,43.09709,0.0],[-88.01634,43.0971,0.0],[-88.01608,43.0971,0.0],[-88.01583,43.09711,0.0],[-88.01508,43.09712,0.0],[-88.01483,43.09712,0.0],[-88.01457,43.09712,0.0],[-88.01382,43.09713,0.0],[-88.01357,43.09713,0.0],[-88.01329,43.09714,0.0],[-88.01247,43.09715,0.0],[-88.0122,43.09715,0.0],[-88.01174,43.09715,0.0],[-88.01035,43.09717,0.0],[-88.00989,43.09718,0.0],[-88.0096,43.09718,0.0],[-88.0087,43.09719,0.0],[-88.00841,43.09719,0.0],[-88.00814,43.0972,0.0],[-88.00736,43.09721,0.0],[-88.0071,43.09721,0.0],[-88.0071,43.09685,0.0],[-88.00712,43.09576,0.0],[-88.00713,43.0954,0.0],[-88.00714,43.09506,0.0],[-88.00716,43.09407,0.0],[-88.00716,43.09373,0.0],[-88.00717,43.09336,0.0],[-88.00719,43.09225,0.0],[-88.0072,43.09188,0.0],[-88.0072,43.09168,0.0],[-88.00721,43.09108,0.0],[-88.00722,43.09088,0.0],[-88.00722,43.09069,0.0],[-88.00723,43.09011,0.0],[-88.00724,43.08992,0.0],[-88.0075,43.08992,0.0],[-88.00829,43.08991,0.0],[-88.00856,43.08991,0.0],[-88.0088,43.08991,0.0],[-88.00952,43.0899,0.0],[-88.00976,43.0899,0.0],[-88.01,43.0899,0.0],[-88.01071,43.08989,0.0],[-88.01095,43.08989,0.0],[-88.01123,43.08989,0.0],[-88.01209,43.08988,0.0],[-88.01238,43.08988,0.0],[-88.01269,43.08987,0.0],[-88.01334,43.08987,0.0],[-88.0136,43.08987,0.0],[-88.0139,43.08987,0.0],[-88.01415,43.08986,0.0],[-88.0149,43.08986,0.0],[-88.01515,43.08986,0.0],[-88.01538,43.08985,0.0],[-88.01605,43.08985,0.0],[-88.01627,43.08985,0.0],[-88.01653,43.08984,0.0],[-88.01732,43.08984,0.0],[-88.01758,43.08984,0.0],[-88.01785,43.08983,0.0],[-88.01864,43.08982,0.0],[-88.0189,43.08982,0.0],[-88.01915,43.08981,0.0],[-88.0199,43.0898,0.0],[-88.02015,43.0898,0.0],[-88.0204,43.08979,0.0],[-88.02115,43.08978,0.0],[-88.0214,43.08978,0.0],[-88.02165,43.08977,0.0],[-88.02241,43.08976,0.0],[-88.02266,43.08976,0.0],[-88.02291,43.08975,0.0],[-88.02365,43.08974,0.0],[-88.0239,43.08974,0.0],[-88.02415,43.08973,0.0],[-88.0249,43.08972,0.0],[-88.02515,43.08972,0.0],[-88.0254,43.08971,0.0],[-88.02614,43.0897,0.0],[-88.02639,43.0897,0.0],[-88.02666,43.08969,0.0],[-88.02745,43.08968,0.0],[-88.02772,43.08968,0.0],[-88.02774,43.08967,0.0],[-88.02798,43.08967,0.0],[-88.02877,43.08967,0.0],[-88.02903,43.08967,0.0],[-88.02903,43.08963,0.0],[-88.02903,43.08948,0.0],[-88.02903,43.08891,0.0],[-88.02903,43.08872,0.0],[-88.02944,43.08872,0.0],[-88.03068,43.08872,0.0],[-88.03109,43.08872,0.0],[-88.03143,43.08872,0.0],[-88.03247,43.08872,0.0],[-88.03281,43.08872,0.0],[-88.03322,43.08872,0.0],[-88.03445,43.08872,0.0],[-88.03461,43.08872,0.0],[-88.03485,43.08865,0.0],[-88.03503,43.08882,0.0],[-88.03513,43.08893,0.0],[-88.03526,43.08908,0.0],[-88.03533,43.08918,0.0],[-88.03538,43.08928,0.0],[-88.0354,43.08937,0.0],[-88.0354,43.08944,0.0],[-88.03541,43.08947,0.0],[-88.0354,43.08964,0.0],[-88.03539,43.08968,0.0],[-88.03586,43.08968,0.0],[-88.03618,43.08968,0.0],[-88.03725,43.08968,0.0],[-88.03772,43.08969,0.0],[-88.03807,43.08968,0.0],[-88.03911,43.08968,0.0],[-88.03946,43.08968,0.0],[-88.03953,43.08968,0.0],[-88.03963,43.08968,0.0],[-88.04015,43.08968,0.0],[-88.04033,43.08968,0.0],[-88.04042,43.08968,0.0],[-88.04069,43.08968,0.0],[-88.04079,43.08968,0.0],[-88.04095,43.08968,0.0],[-88.04144,43.08968,0.0],[-88.0416,43.08968,0.0],[-88.0418,43.08968,0.0],[-88.04241,43.08968,0.0],[-88.04261,43.08968,0.0],[-88.04279,43.08968,0.0],[-88.04281,43.08968,0.0],[-88.04334,43.08968,0.0],[-88.04352,43.08968,0.0],[-88.04354,43.08968,0.0],[-88.04363,43.08968,0.0],[-88.04365,43.08968,0.0],[-88.0441,43.08967,0.0],[-88.04543,43.08967,0.0],[-88.04587,43.08967,0.0],[-88.04624,43.08967,0.0],[-88.04734,43.08967,0.0],[-88.0477,43.08967,0.0],[-88.0477,43.08978,0.0]]]]}},{"type":"Feature","properties":{"uesi_id":"USA_R251075","nbhd_code":"USA_R251075_41","nbhd_name":"Census Tract 35, Milwaukee, WI"},"geometry":{"type":"MultiPolygon","coordinates":[[[[-88.00723,43.09011,0.0],[-88.00722,43.09069,0.0],[-88.00722,43.09088,0.0],[-88.00721,43.09108,0.0],[-88.0072,43.09168,0.0],[-88.0072,43.09188,0.0],[-88.00719,43.09225,0.0],[-88.00717,43.09336,0.0],[-88.00716,43.09373,0.0],[-88.00716,43.09407,0.0],[-88.00714,43.09506,0.0],[-88.00713,43.0954,0.0],[-88.00712,43.09576,0.0],[-88.0071,43.09685,0.0],[-88.0071,43.09721,0.0],[-88.0068,43.09721,0.0],[-88.00647,43.09721,0.0],[-88.00592,43.09721,0.0],[-88.00563,43.09721,0.0],[-88.00539,43.09721,0.0],[-88.00468,43.09722,0.0],[-88.00444,43.09722,0.0],[-88.00418,43.09722,0.0],[-88.0034,43.09723,0.0],[-88.00314,43.09723,0.0],[-88.00289,43.09723,0.0],[-88.00215,43.09723,0.0],[-88.0019,43.09723,0.0],[-88.00166,43.09723,0.0],[-88.00092,43.09724,0.0],[-88.00068,43.09724,0.0],[-88.00043,43.09724,0.0],[-87.9997,43.09724,0.0],[-87.99945,43.09725,0.0],[-87.9992,43.09725,0.0],[-87.99845,43.09725,0.0],[-87.9982,43.09725,0.0],[-87.99795,43.09725,0.0],[-87.99717,43.09726,0.0],[-87.99692,43.09726,0.0],[-87.99667,43.09726,0.0],[-87.99593,43.09726,0.0],[-87.99568,43.09726,0.0],[-87.99544,43.09726,0.0],[-87.9947,43.09726,0.0],[-87.99445,43.09726,0.0],[-87.9942,43.09726,0.0],[-87.99343,43.09726,0.0],[-87.99317,43.09726,0.0],[-87.99292,43.09726,0.0],[-87.99215,43.09726,0.0],[-87.9919,43.09726,0.0],[-87.99165,43.09726,0.0],[-87.99088,43.09726,0.0],[-87.99063,43.09726,0.0],[-87.99038,43.09726,0.0],[-87.98962,43.09726,0.0],[-87.98936,43.09726,0.0],[-87.98937,43.0969,0.0],[-87.98939,43.09582,0.0],[-87.9894,43.09547,0.0],[-87.98941,43.0951,0.0],[-87.98943,43.09399,0.0],[-87.98944,43.09362,0.0],[-87.98945,43.09327,0.0],[-87.98947,43.09221,0.0],[-87.98948,43.09186,0.0],[-87.98949,43.09148,0.0],[-87.98951,43.09034,0.0],[-87.98952,43.08997,0.0],[-87.98978,43.08996,0.0],[-87.99054,43.08996,0.0],[-87.99079,43.08996,0.0],[-87.99105,43.08996,0.0],[-87.99181,43.08996,0.0],[-87.99206,43.08996,0.0],[-87.99231,43.08996,0.0],[-87.99304,43.08996,0.0],[-87.99329,43.08996,0.0],[-87.99355,43.08996,0.0],[-87.99434,43.08995,0.0],[-87.9946,43.08995,0.0],[-87.99485,43.08995,0.0],[-87.99559,43.08995,0.0],[-87.99583,43.08995,0.0],[-87.99608,43.08995,0.0],[-87.99682,43.08995,0.0],[-87.99707,43.08995,0.0],[-87.99731,43.08994,0.0],[-87.99802,43.08994,0.0],[-87.99826,43.08994,0.0],[-87.9985,43.08994,0.0],[-87.99921,43.08994,0.0],[-87.99945,43.08994,0.0],[-87.99968,43.08994,0.0],[-88.00039,43.08994,0.0],[-88.00062,43.08994,0.0],[-88.00086,43.08993,0.0],[-88.00158,43.08993,0.0],[-88.00181,43.08993,0.0],[-88.00205,43.08993,0.0],[-88.00278,43.08993,0.0],[-88.00302,43.08993,0.0],[-88.00323,43.08993,0.0],[-88.00387,43.08993,0.0],[-88.00408,43.08993,0.0],[-88.00422,43.08993,0.0],[-88.00463,43.08993,0.0],[-88.00476,43.08993,0.0],[-88.005,43.08992,0.0],[-88.00571,43.08992,0.0],[-88.00595,43.08992,0.0],[-88.00621,43.08992,0.0],[-88.00698,43.08992,0.0],[-88.00724,43.08992,0.0],[-88.00723,43.09011,0.0]]]]}},{"type":"Feature","properties":{"uesi_id":"USA_R251075","nbhd_code":"USA_R251075_42","nbhd_name":"Census Tract 36, Milwaukee, WI"},"geometry":{"type":"MultiPolygon","coordinates":[[[[-87.98954,43.08848,0.0],[-87.98953,43.08894,0.0],[-87.98953,43.08959,0.0],[-87.98952,43.08997,0.0],[-87.98951,43.09034,0.0],[-87.98949,43.09148,0.0],[-87.98948,43.09186,0.0],[-87.98947,43.09221,0.0],[-87.98945,43.09327,0.0],[-87.98944,43.09362,0.0],[-87.98943,43.09399,0.0],[-87.98941,43.0951,0.0],[-87.9894,43.09547,0.0],[-87.98939,43.09582,0.0],[-87.98937,43.0969,0.0],[-87.98936,43.09726,0.0],[-87.98911,43.09726,0.0],[-87.98834,43.09726,0.0],[-87.98809,43.09726,0.0],[-87.98796,43.09726,0.0],[-87.98757,43.09726,0.0],[-87.98744,43.09726,0.0],[-87.98731,43.09726,0.0],[-87.9869,43.09726,0.0],[-87.98677,43.09726,0.0],[-87.98677,43.09719,0.0],[-87.98677,43.09697,0.0],[-87.98677,43.0969,0.0],[-87.9865,43.0969,0.0],[-87.98631,43.0969,0.0],[-87.98614,43.09692,0.0],[-87.98599,43.09694,0.0],[-87.98575,43.09699,0.0],[-87.98571,43.097,0.0],[-87.98551,43.09708,0.0],[-87.98536,43.09714,0.0],[-87.98507,43.09726,0.0],[-87.98422,43.09725,0.0],[-87.98398,43.09725,0.0],[-87.98327,43.09724,0.0],[-87.98303,43.09724,0.0],[-87.98279,43.09724,0.0],[-87.98207,43.09724,0.0],[-87.98184,43.09724,0.0],[-87.98159,43.09723,0.0],[-87.98086,43.09723,0.0],[-87.98062,43.09723,0.0],[-87.98038,43.09723,0.0],[-87.97965,43.09722,0.0],[-87.9794,43.09722,0.0],[-87.97916,43.09722,0.0],[-87.97843,43.09722,0.0],[-87.97818,43.09721,0.0],[-87.97792,43.09721,0.0],[-87.97715,43.09721,0.0],[-87.97689,43.09721,0.0],[-87.9769,43.09684,0.0],[-87.97692,43.09572,0.0],[-87.97693,43.09535,0.0],[-87.97694,43.09499,0.0],[-87.97697,43.09391,0.0],[-87.97697,43.09355,0.0],[-87.97698,43.09318,0.0],[-87.97701,43.09206,0.0],[-87.97702,43.09169,0.0],[-87.97702,43.09145,0.0],[-87.97704,43.09071,0.0],[-87.97705,43.09057,0.0],[-87.97705,43.09047,0.0],[-87.97705,43.09035,0.0],[-87.97706,43.08999,0.0],[-87.97706,43.08988,0.0],[-87.97706,43.08967,0.0],[-87.97708,43.08904,0.0],[-87.97708,43.08883,0.0],[-87.97709,43.08867,0.0],[-87.9771,43.08818,0.0],[-87.9771,43.08802,0.0],[-87.97735,43.08802,0.0],[-87.97812,43.08803,0.0],[-87.97838,43.08803,0.0],[-87.97861,43.08803,0.0],[-87.97933,43.08804,0.0],[-87.97957,43.08804,0.0],[-87.97995,43.08805,0.0],[-87.98082,43.08806,0.0],[-87.98091,43.08806,0.0],[-87.98105,43.08811,0.0],[-87.98108,43.08812,0.0],[-87.98119,43.08817,0.0],[-87.98141,43.08829,0.0],[-87.98157,43.08842,0.0],[-87.98172,43.08852,0.0],[-87.98175,43.08854,0.0],[-87.98196,43.08866,0.0],[-87.98219,43.08875,0.0],[-87.98237,43.08881,0.0],[-87.98256,43.08886,0.0],[-87.98274,43.08889,0.0],[-87.98281,43.0889,0.0],[-87.983,43.08892,0.0],[-87.9832,43.08893,0.0],[-87.9834,43.08893,0.0],[-87.98351,43.08892,0.0],[-87.98369,43.0889,0.0],[-87.98387,43.08887,0.0],[-87.9841,43.08881,0.0],[-87.98428,43.08875,0.0],[-87.98446,43.08868,0.0],[-87.98464,43.08859,0.0],[-87.98482,43.08849,0.0],[-87.98492,43.08841,0.0],[-87.98503,43.08833,0.0],[-87.98525,43.08818,0.0],[-87.98534,43.08813,0.0],[-87.98558,43.0881,0.0],[-87.98698,43.08811,0.0],[-87.98827,43.08811,0.0],[-87.98852,43.08811,0.0],[-87.98929,43.0881,0.0],[-87.98954,43.0881,0.0],[-87.98954,43.08848,0.0]]]]}},{"type":"Feature","properties":{"uesi_id":"USA_R251075","nbhd_code":"USA_R251075_43","nbhd_name":"Census Tract 37, Milwaukee, WI"},"geometry":{"type":"MultiPolygon","coordinates":[[[[-87.98963,43.08302,0.0],[-87.98961,43.08411,0.0],[-87.9896,43.08447,0.0],[-87.98959,43.08519,0.0],[-87.98955,43.08738,0.0],[-87.98954,43.0881,0.0],[-87.98929,43.0881,0.0],[-87.98852,43.08811,0.0],[-87.98827,43.08811,0.0],[-87.98698,43.08811,0.0],[-87.98558,43.0881,0.0],[-87.98534,43.08813,0.0],[-87.98525,43.08818,0.0],[-87.98503,43.08833,0.0],[-87.98492,43.08841,0.0],[-87.98482,43.08849,0.0],[-87.98464,43.08859,0.0],[-87.98446,43.08868,0.0],[-87.98428,43.08875,0.0],[-87.9841,43.08881,0.0],[-87.98387,43.08887,0.0],[-87.98369,43.0889,0.0],[-87.98351,43.08892,0.0],[-87.9834,43.08893,0.0],[-87.9832,43.08893,0.0],[-87.983,43.08892,0.0],[-87.98281,43.0889,0.0],[-87.98274,43.08889,0.0],[-87.98256,43.08886,0.0],[-87.98237,43.08881,0.0],[-87.98219,43.08875,0.0],[-87.98196,43.08866,0.0],[-87.98175,43.08854,0.0],[-87.98172,43.08852,0.0],[-87.98157,43.08842,0.0],[-87.98141,43.08829,0.0],[-87.98119,43.08817,0.0],[-87.98108,43.08812,0.0],[-87.98105,43.08811,0.0],[-87.98091,43.08806,0.0],[-87.98082,43.08806,0.0],[-87.97995,43.08805,0.0],[-87.97957,43.08804,0.0],[-87.97933,43.08804,0.0],[-87.97861,43.08803,0.0],[-87.97838,43.08803,0.0],[-87.97812,43.08803,0.0],[-87.97735,43.08802,0.0],[-87.9771,43.08802,0.0],[-87.97711,43.08766,0.0],[-87.97713,43.08658,0.0],[-87.97714,43.08622,0.0],[-87.97714,43.08586,0.0],[-87.97717,43.08476,0.0],[-87.97717,43.0844,0.0],[-87.97718,43.08403,0.0],[-87.9772,43.08293,0.0],[-87.97721,43.08257,0.0],[-87.97771,43.08257,0.0],[-87.97921,43.08259,0.0],[-87.97971,43.08259,0.0],[-87.97996,43.08259,0.0],[-87.98072,43.0826,0.0],[-87.98097,43.08261,0.0],[-87.98121,43.08261,0.0],[-87.98193,43.08261,0.0],[-87.98217,43.08262,0.0],[-87.98239,43.08262,0.0],[-87.98307,43.08263,0.0],[-87.98329,43.08263,0.0],[-87.98353,43.08263,0.0],[-87.98425,43.08264,0.0],[-87.98449,43.08264,0.0],[-87.98474,43.08264,0.0],[-87.98549,43.08265,0.0],[-87.98574,43.08265,0.0],[-87.98602,43.08266,0.0],[-87.98686,43.08266,0.0],[-87.98713,43.08267,0.0],[-87.98738,43.08267,0.0],[-87.98812,43.08267,0.0],[-87.98836,43.08267,0.0],[-87.98862,43.08266,0.0],[-87.98938,43.08266,0.0],[-87.98964,43.08266,0.0],[-87.98963,43.08302,0.0]]]]}},{"type":"Feature","properties":{"uesi_id":"USA_R251075","nbhd_code":"USA_R251075_44","nbhd_name":"Census Tract 38, Milwaukee, WI"},"geometry":{"type":"MultiPolygon","coordinates":[[[[-87.9772,43.08293,0.0],[-87.97718,43.08403,0.0],[-87.97717,43.0844,0.0],[-87.97717,43.08476,0.0],[-87.97714,43.08586,0.0],[-87.97714,43.08622,0.0],[-87.97713,43.08658,0.0],[-87.97711,43.08766,0.0],[-87.9771,43.08802,0.0],[-87.9771,43.08818,0.0],[-87.97709,43.08867,0.0],[-87.97708,43.08883,0.0],[-87.97708,43.08904,0.0],[-87.97706,43.08967,0.0],[-87.97706,43.08988,0.0],[-87.9769,43.08987,0.0],[-87.97643,43.08987,0.0],[-87.97628,43.08987,0.0],[-87.97619,43.08987,0.0],[-87.97595,43.08987,0.0],[-87.97587,43.08987,0.0],[-87.97564,43.08987,0.0],[-87.97495,43.08986,0.0],[-87.97472,43.08986,0.0],[-87.97447,43.08986,0.0],[-87.97374,43.08985,0.0],[-87.97349,43.08985,0.0],[-87.97326,43.08985,0.0],[-87.97259,43.08984,0.0],[-87.97236,43.08984,0.0],[-87.97208,43.08984,0.0],[-87.97124,43.08984,0.0],[-87.97097,43.08983,0.0],[-87.97075,43.08983,0.0],[-87.97012,43.08983,0.0],[-87.9699,43.08983,0.0],[-87.96963,43.08982,0.0],[-87.9688,43.08982,0.0],[-87.96853,43.08982,0.0],[-87.96824,43.08981,0.0],[-87.96739,43.08981,0.0],[-87.9671,43.08981,0.0],[-87.96711,43.08942,0.0],[-87.96713,43.08826,0.0],[-87.96714,43.08787,0.0],[-87.96715,43.08742,0.0],[-87.96717,43.08607,0.0],[-87.96718,43.08562,0.0],[-87.96718,43.08535,0.0],[-87.9672,43.08453,0.0],[-87.9672,43.08426,0.0],[-87.96721,43.08397,0.0],[-87.96722,43.08308,0.0],[-87.96723,43.08286,0.0],[-87.96723,43.08273,0.0],[-87.96723,43.08256,0.0],[-87.96724,43.08251,0.0],[-87.9675,43.08251,0.0],[-87.96829,43.08251,0.0],[-87.96855,43.08252,0.0],[-87.96879,43.08252,0.0],[-87.96949,43.08252,0.0],[-87.96973,43.08252,0.0],[-87.96996,43.08252,0.0],[-87.97066,43.08253,0.0],[-87.9709,43.08253,0.0],[-87.97122,43.08253,0.0],[-87.97219,43.08254,0.0],[-87.97251,43.08254,0.0],[-87.97275,43.08254,0.0],[-87.97345,43.08254,0.0],[-87.97368,43.08255,0.0],[-87.97385,43.08255,0.0],[-87.97437,43.08255,0.0],[-87.97455,43.08255,0.0],[-87.97457,43.08255,0.0],[-87.97464,43.08255,0.0],[-87.97467,43.08255,0.0],[-87.97492,43.08255,0.0],[-87.97568,43.08256,0.0],[-87.97593,43.08256,0.0],[-87.97619,43.08256,0.0],[-87.97695,43.08257,0.0],[-87.97721,43.08257,0.0],[-87.9772,43.08293,0.0]]]]}},{"type":"Feature","properties":{"uesi_id":"USA_R251075","nbhd_code":"USA_R251075_45","nbhd_name":"Census Tract 39, Milwaukee, WI"},"geometry":{"type":"MultiPolygon","coordinates":[[[[-87.96723,43.08256,0.0],[-87.96723,43.08273,0.0],[-87.96723,43.08286,0.0],[-87.96722,43.08308,0.0],[-87.96721,43.08397,0.0],[-87.9672,43.08426,0.0],[-87.9672,43.08453,0.0],[-87.96718,43.08535,0.0],[-87.96718,43.08562,0.0],[-87.96717,43.08607,0.0],[-87.96715,43.08742,0.0],[-87.96714,43.08787,0.0],[-87.96713,43.08826,0.0],[-87.96711,43.08942,0.0],[-87.9671,43.08981,0.0],[-87.96676,43.08981,0.0],[-87.96571,43.08981,0.0],[-87.96536,43.08982,0.0],[-87.96514,43.08982,0.0],[-87.96445,43.08982,0.0],[-87.96422,43.08982,0.0],[-87.96401,43.08982,0.0],[-87.96335,43.08983,0.0],[-87.96313,43.08983,0.0],[-87.96293,43.08983,0.0],[-87.96234,43.08983,0.0],[-87.96215,43.08983,0.0],[-87.96187,43.08984,0.0],[-87.96103,43.08984,0.0],[-87.96076,43.08984,0.0],[-87.96052,43.08984,0.0],[-87.9598,43.08985,0.0],[-87.95956,43.08985,0.0],[-87.95932,43.08985,0.0],[-87.9586,43.08985,0.0],[-87.95836,43.08986,0.0],[-87.95822,43.08986,0.0],[-87.95781,43.08986,0.0],[-87.95768,43.08986,0.0],[-87.95756,43.08986,0.0],[-87.95721,43.08986,0.0],[-87.95709,43.08986,0.0],[-87.9571,43.08944,0.0],[-87.95712,43.08819,0.0],[-87.95712,43.08777,0.0],[-87.95713,43.08741,0.0],[-87.95714,43.08632,0.0],[-87.95715,43.08596,0.0],[-87.95715,43.08563,0.0],[-87.95716,43.08466,0.0],[-87.95717,43.08433,0.0],[-87.95717,43.08397,0.0],[-87.95719,43.08288,0.0],[-87.95719,43.08252,0.0],[-87.95745,43.08252,0.0],[-87.95822,43.08252,0.0],[-87.95848,43.08252,0.0],[-87.9587,43.08252,0.0],[-87.95936,43.08252,0.0],[-87.95958,43.08252,0.0],[-87.95981,43.08252,0.0],[-87.96053,43.08252,0.0],[-87.96076,43.08252,0.0],[-87.96106,43.08252,0.0],[-87.96193,43.08252,0.0],[-87.96223,43.08252,0.0],[-87.96241,43.08251,0.0],[-87.96297,43.08251,0.0],[-87.96316,43.08251,0.0],[-87.96339,43.08251,0.0],[-87.96408,43.08251,0.0],[-87.96431,43.08251,0.0],[-87.96455,43.08251,0.0],[-87.96525,43.08251,0.0],[-87.96549,43.08251,0.0],[-87.96576,43.08251,0.0],[-87.96659,43.0825,0.0],[-87.96682,43.0825,0.0],[-87.96694,43.0825,0.0],[-87.96716,43.08251,0.0],[-87.96724,43.08251,0.0],[-87.96723,43.08256,0.0]]]]}},{"type":"Feature","properties":{"uesi_id":"USA_R251075","nbhd_code":"USA_R251075_46","nbhd_name":"Census Tract 40, Milwaukee, WI"},"geometry":{"type":"MultiPolygon","coordinates":[[[[-87.97706,43.08999,0.0],[-87.97705,43.09035,0.0],[-87.97705,43.09047,0.0],[-87.97705,43.09057,0.0],[-87.97704,43.09071,0.0],[-87.97702,43.09145,0.0],[-87.97702,43.09169,0.0],[-87.97701,43.09206,0.0],[-87.97698,43.09318,0.0],[-87.97697,43.09355,0.0],[-87.97697,43.09391,0.0],[-87.97694,43.09499,0.0],[-87.97693,43.09535,0.0],[-87.97692,43.09572,0.0],[-87.9769,43.09684,0.0],[-87.97689,43.09721,0.0],[-87.97665,43.09721,0.0],[-87.97595,43.09721,0.0],[-87.97572,43.09722,0.0],[-87.97549,43.09721,0.0],[-87.97481,43.09721,0.0],[-87.97458,43.09721,0.0],[-87.97434,43.09721,0.0],[-87.97364,43.0972,0.0],[-87.9734,43.0972,0.0],[-87.97317,43.09713,0.0],[-87.97245,43.09694,0.0],[-87.97221,43.09688,0.0],[-87.97181,43.09688,0.0],[-87.97092,43.09687,0.0],[-87.97061,43.09687,0.0],[-87.97021,43.09687,0.0],[-87.96995,43.09687,0.0],[-87.96915,43.09686,0.0],[-87.96889,43.09686,0.0],[-87.96851,43.09686,0.0],[-87.96737,43.09685,0.0],[-87.96699,43.09685,0.0],[-87.96699,43.0967,0.0],[-87.967,43.09626,0.0],[-87.967,43.09611,0.0],[-87.967,43.09595,0.0],[-87.967,43.09545,0.0],[-87.96701,43.09529,0.0],[-87.96701,43.09528,0.0],[-87.96701,43.09525,0.0],[-87.96701,43.09524,0.0],[-87.96701,43.09511,0.0],[-87.96701,43.09473,0.0],[-87.96702,43.09461,0.0],[-87.96702,43.09437,0.0],[-87.96703,43.09365,0.0],[-87.96704,43.09341,0.0],[-87.96704,43.09305,0.0],[-87.96707,43.09195,0.0],[-87.96707,43.09158,0.0],[-87.96708,43.09123,0.0],[-87.9671,43.09016,0.0],[-87.9671,43.08981,0.0],[-87.96739,43.08981,0.0],[-87.96824,43.08981,0.0],[-87.96853,43.08982,0.0],[-87.9688,43.08982,0.0],[-87.96963,43.08982,0.0],[-87.9699,43.08983,0.0],[-87.97012,43.08983,0.0],[-87.97075,43.08983,0.0],[-87.97097,43.08983,0.0],[-87.97124,43.08984,0.0],[-87.97208,43.08984,0.0],[-87.97236,43.08984,0.0],[-87.97259,43.08984,0.0],[-87.97326,43.08985,0.0],[-87.97349,43.08985,0.0],[-87.97374,43.08985,0.0],[-87.97447,43.08986,0.0],[-87.97472,43.08986,0.0],[-87.97495,43.08986,0.0],[-87.97564,43.08987,0.0],[-87.97587,43.08987,0.0],[-87.97595,43.08987,0.0],[-87.97619,43.08987,0.0],[-87.97628,43.08987,0.0],[-87.97643,43.08987,0.0],[-87.9769,43.08987,0.0],[-87.97706,43.08988,0.0],[-87.97706,43.08999,0.0]]]]}},{"type":"Feature","properties":{"uesi_id":"USA_R251075","nbhd_code":"USA_R251075_47","nbhd_name":"Census Tract 41, Milwaukee, WI"},"geometry":{"type":"MultiPolygon","coordinates":[[[[-87.9671,43.09016,0.0],[-87.96708,43.09123,0.0],[-87.96707,43.09158,0.0],[-87.96707,43.09195,0.0],[-87.96704,43.09305,0.0],[-87.96704,43.09341,0.0],[-87.96703,43.09365,0.0],[-87.96702,43.09437,0.0],[-87.96702,43.09461,0.0],[-87.96701,43.09473,0.0],[-87.96701,43.09511,0.0],[-87.96701,43.09524,0.0],[-87.96701,43.09525,0.0],[-87.96701,43.09528,0.0],[-87.96701,43.09529,0.0],[-87.967,43.09545,0.0],[-87.967,43.09595,0.0],[-87.967,43.09611,0.0],[-87.967,43.09626,0.0],[-87.96699,43.0967,0.0],[-87.96699,43.09685,0.0],[-87.9668,43.09685,0.0],[-87.96623,43.09684,0.0],[-87.96604,43.09684,0.0],[-87.96583,43.09684,0.0],[-87.96519,43.09684,0.0],[-87.96497,43.09684,0.0],[-87.96478,43.09683,0.0],[-87.96451,43.09683,0.0],[-87.96421,43.09681,0.0],[-87.96401,43.0968,0.0],[-87.96378,43.09679,0.0],[-87.96307,43.09674,0.0],[-87.96284,43.09672,0.0],[-87.96261,43.09671,0.0],[-87.96191,43.09666,0.0],[-87.96167,43.09665,0.0],[-87.96143,43.09663,0.0],[-87.96072,43.09658,0.0],[-87.96049,43.09657,0.0],[-87.96025,43.09655,0.0],[-87.95989,43.09652,0.0],[-87.95954,43.09653,0.0],[-87.9593,43.09653,0.0],[-87.95906,43.09653,0.0],[-87.95835,43.09652,0.0],[-87.95811,43.09652,0.0],[-87.95786,43.09652,0.0],[-87.9571,43.09653,0.0],[-87.95685,43.09654,0.0],[-87.95684,43.09661,0.0],[-87.95682,43.09684,0.0],[-87.95681,43.09692,0.0],[-87.95682,43.09696,0.0],[-87.95682,43.0971,0.0],[-87.95682,43.09714,0.0],[-87.95697,43.0975,0.0],[-87.95743,43.09858,0.0],[-87.95758,43.09895,0.0],[-87.95767,43.09916,0.0],[-87.95794,43.09983,0.0],[-87.95803,43.10005,0.0],[-87.95833,43.10076,0.0],[-87.95802,43.10076,0.0],[-87.95778,43.10076,0.0],[-87.95705,43.10076,0.0],[-87.95681,43.10076,0.0],[-87.95676,43.10076,0.0],[-87.95661,43.10076,0.0],[-87.95656,43.10076,0.0],[-87.95647,43.10076,0.0],[-87.95621,43.10077,0.0],[-87.95521,43.10083,0.0],[-87.95516,43.10081,0.0],[-87.95481,43.10074,0.0],[-87.95479,43.10074,0.0],[-87.9547,43.10076,0.0],[-87.95467,43.10076,0.0],[-87.95462,43.10073,0.0],[-87.95447,43.10065,0.0],[-87.95441,43.10062,0.0],[-87.95425,43.10066,0.0],[-87.95376,43.10077,0.0],[-87.9536,43.10081,0.0],[-87.95332,43.10074,0.0],[-87.95319,43.10074,0.0],[-87.95308,43.10078,0.0],[-87.95301,43.10085,0.0],[-87.95276,43.10072,0.0],[-87.95203,43.1003,0.0],[-87.95179,43.10016,0.0],[-87.95152,43.10001,0.0],[-87.95072,43.09955,0.0],[-87.95045,43.0994,0.0],[-87.95045,43.09931,0.0],[-87.95045,43.09907,0.0],[-87.95045,43.09899,0.0],[-87.95046,43.09862,0.0],[-87.95047,43.09752,0.0],[-87.95047,43.09716,0.0],[-87.95048,43.09675,0.0],[-87.95051,43.09555,0.0],[-87.95051,43.09515,0.0],[-87.95028,43.09515,0.0],[-87.94956,43.09515,0.0],[-87.94932,43.09515,0.0],[-87.94908,43.09515,0.0],[-87.94838,43.09516,0.0],[-87.94814,43.09516,0.0],[-87.94789,43.09516,0.0],[-87.94713,43.09516,0.0],[-87.94687,43.09516,0.0],[-87.94688,43.09469,0.0],[-87.94692,43.09328,0.0],[-87.94693,43.09281,0.0],[-87.94695,43.09221,0.0],[-87.94699,43.0904,0.0],[-87.94701,43.0898,0.0],[-87.94726,43.0898,0.0],[-87.94801,43.08981,0.0],[-87.94827,43.08981,0.0],[-87.94851,43.08981,0.0],[-87.94923,43.08981,0.0],[-87.94948,43.08982,0.0],[-87.94971,43.08982,0.0],[-87.95043,43.08982,0.0],[-87.95067,43.08982,0.0],[-87.95092,43.08982,0.0],[-87.95166,43.08983,0.0],[-87.95191,43.08983,0.0],[-87.95198,43.08983,0.0],[-87.95216,43.08983,0.0],[-87.95223,43.08983,0.0],[-87.95254,43.08983,0.0],[-87.95347,43.08984,0.0],[-87.95378,43.08984,0.0],[-87.95381,43.08984,0.0],[-87.95384,43.08984,0.0],[-87.95391,43.08984,0.0],[-87.95416,43.08984,0.0],[-87.95448,43.08985,0.0],[-87.95545,43.08985,0.0],[-87.95577,43.08985,0.0],[-87.95603,43.08986,0.0],[-87.95683,43.08986,0.0],[-87.95709,43.08986,0.0],[-87.95721,43.08986,0.0],[-87.95756,43.08986,0.0],[-87.95768,43.08986,0.0],[-87.95781,43.08986,0.0],[-87.95822,43.08986,0.0],[-87.95836,43.08986,0.0],[-87.9586,43.08985,0.0],[-87.95932,43.08985,0.0],[-87.95956,43.08985,0.0],[-87.9598,43.08985,0.0],[-87.96052,43.08984,0.0],[-87.96076,43.08984,0.0],[-87.96103,43.08984,0.0],[-87.96187,43.08984,0.0],[-87.96215,43.08983,0.0],[-87.96234,43.08983,0.0],[-87.96293,43.08983,0.0],[-87.96313,43.08983,0.0],[-87.96335,43.08983,0.0],[-87.96401,43.08982,0.0],[-87.96422,43.08982,0.0],[-87.96445,43.08982,0.0],[-87.96514,43.08982,0.0],[-87.96536,43.08982,0.0],[-87.96571,43.08981,0.0],[-87.96676,43.08981,0.0],[-87.9671,43.08981,0.0],[-87.9671,43.09016,0.0]]]]}},{"type":"Feature","properties":{"uesi_id":"USA_R251075","nbhd_code":"USA_R251075_48","nbhd_name":"Census Tract 42, Milwaukee, WI"},"geometry":{"type":"MultiPolygon","coordinates":[[[[-87.95301,43.10085,0.0],[-87.95276,43.10085,0.0],[-87.95202,43.10084,0.0],[-87.95177,43.10084,0.0],[-87.95151,43.10084,0.0],[-87.9507,43.10084,0.0],[-87.95043,43.10084,0.0],[-87.95018,43.10084,0.0],[-87.94942,43.10084,0.0],[-87.94916,43.10084,0.0],[-87.94892,43.10083,0.0],[-87.94821,43.10083,0.0],[-87.94797,43.10083,0.0],[-87.94773,43.10083,0.0],[-87.947,43.10083,0.0],[-87.94676,43.10083,0.0],[-87.94656,43.10083,0.0],[-87.94597,43.10082,0.0],[-87.94577,43.10082,0.0],[-87.94569,43.10045,0.0],[-87.94543,43.09933,0.0],[-87.94535,43.09896,0.0],[-87.94525,43.09895,0.0],[-87.94495,43.09895,0.0],[-87.94485,43.09895,0.0],[-87.94463,43.09895,0.0],[-87.94395,43.09894,0.0],[-87.94372,43.09893,0.0],[-87.94357,43.09862,0.0],[-87.94312,43.09768,0.0],[-87.94297,43.09736,0.0],[-87.94294,43.09731,0.0],[-87.94286,43.09715,0.0],[-87.94284,43.0971,0.0],[-87.94274,43.09694,0.0],[-87.94245,43.09647,0.0],[-87.94236,43.09632,0.0],[-87.94227,43.09615,0.0],[-87.94199,43.09563,0.0],[-87.9419,43.09546,0.0],[-87.94164,43.09495,0.0],[-87.94087,43.09341,0.0],[-87.94061,43.09289,0.0],[-87.94049,43.09271,0.0],[-87.93963,43.09113,0.0],[-87.9388,43.08963,0.0],[-87.93893,43.08964,0.0],[-87.93934,43.08964,0.0],[-87.93947,43.08965,0.0],[-87.93976,43.08965,0.0],[-87.94062,43.08967,0.0],[-87.94091,43.08968,0.0],[-87.94113,43.08968,0.0],[-87.94179,43.08969,0.0],[-87.94201,43.0897,0.0],[-87.94231,43.08971,0.0],[-87.94323,43.08972,0.0],[-87.94354,43.08973,0.0],[-87.94378,43.08973,0.0],[-87.94448,43.08975,0.0],[-87.94472,43.08975,0.0],[-87.94492,43.08976,0.0],[-87.94554,43.08977,0.0],[-87.94574,43.08978,0.0],[-87.94599,43.08978,0.0],[-87.9464,43.08979,0.0],[-87.94675,43.0898,0.0],[-87.94701,43.0898,0.0],[-87.94699,43.0904,0.0],[-87.94695,43.09221,0.0],[-87.94693,43.09281,0.0],[-87.94692,43.09328,0.0],[-87.94688,43.09469,0.0],[-87.94687,43.09516,0.0],[-87.94713,43.09516,0.0],[-87.94789,43.09516,0.0],[-87.94814,43.09516,0.0],[-87.94838,43.09516,0.0],[-87.94908,43.09515,0.0],[-87.94932,43.09515,0.0],[-87.94956,43.09515,0.0],[-87.95028,43.09515,0.0],[-87.95051,43.09515,0.0],[-87.95051,43.09555,0.0],[-87.95048,43.09675,0.0],[-87.95047,43.09716,0.0],[-87.95047,43.09752,0.0],[-87.95046,43.09862,0.0],[-87.95045,43.09899,0.0],[-87.95045,43.09907,0.0],[-87.95045,43.09931,0.0],[-87.95045,43.0994,0.0],[-87.95072,43.09955,0.0],[-87.95152,43.10001,0.0],[-87.95179,43.10016,0.0],[-87.95203,43.1003,0.0],[-87.95276,43.10072,0.0],[-87.95301,43.10085,0.0]]]]}},{"type":"Feature","properties":{"uesi_id":"USA_R251075","nbhd_code":"USA_R251075_49","nbhd_name":"Census Tract 43, Milwaukee, WI"},"geometry":{"type":"MultiPolygon","coordinates":[[[[-87.94637,43.10397,0.0],[-87.94613,43.10389,0.0],[-87.94567,43.10375,0.0],[-87.94507,43.10356,0.0],[-87.94356,43.10307,0.0],[-87.94286,43.10285,0.0],[-87.93985,43.10188,0.0],[-87.93703,43.10098,0.0],[-87.93676,43.10089,0.0],[-87.9367,43.10086,0.0],[-87.93656,43.10079,0.0],[-87.9361,43.10065,0.0],[-87.93297,43.09966,0.0],[-87.93156,43.0992,0.0],[-87.93081,43.09896,0.0],[-87.92964,43.0986,0.0],[-87.9285,43.09823,0.0],[-87.92798,43.09806,0.0],[-87.92766,43.09796,0.0],[-87.92755,43.09792,0.0],[-87.92704,43.09776,0.0],[-87.92695,43.09761,0.0],[-87.92541,43.09712,0.0],[-87.9259,43.09712,0.0],[-87.92665,43.09711,0.0],[-87.92662,43.09704,0.0],[-87.92555,43.09518,0.0],[-87.92509,43.09517,0.0],[-87.92509,43.09471,0.0],[-87.92506,43.09471,0.0],[-87.92506,43.09457,0.0],[-87.92207,43.09454,0.0],[-87.92195,43.09454,0.0],[-87.92193,43.09454,0.0],[-87.92184,43.09454,0.0],[-87.91899,43.09452,0.0],[-87.91899,43.09457,0.0],[-87.91907,43.09462,0.0],[-87.91914,43.09467,0.0],[-87.91926,43.09476,0.0],[-87.91936,43.09483,0.0],[-87.91929,43.09482,0.0],[-87.91908,43.09482,0.0],[-87.91918,43.09489,0.0],[-87.91924,43.09493,0.0],[-87.91939,43.09503,0.0],[-87.91948,43.09509,0.0],[-87.91957,43.09515,0.0],[-87.91969,43.09523,0.0],[-87.91977,43.09528,0.0],[-87.91707,43.09525,0.0],[-87.91707,43.09501,0.0],[-87.91708,43.09491,0.0],[-87.91708,43.09478,0.0],[-87.91904,43.09479,0.0],[-87.91901,43.09477,0.0],[-87.91893,43.09471,0.0],[-87.91888,43.09468,0.0],[-87.91884,43.09465,0.0],[-87.9188,43.09461,0.0],[-87.91875,43.09458,0.0],[-87.91871,43.09454,0.0],[-87.91867,43.09451,0.0],[-87.91863,43.09447,0.0],[-87.91858,43.09444,0.0],[-87.91854,43.0944,0.0],[-87.9185,43.09437,0.0],[-87.91845,43.09433,0.0],[-87.91841,43.09429,0.0],[-87.91837,43.09426,0.0],[-87.91833,43.09422,0.0],[-87.91829,43.09419,0.0],[-87.91825,43.09415,0.0],[-87.91821,43.09411,0.0],[-87.91817,43.09407,0.0],[-87.91813,43.09404,0.0],[-87.91809,43.094,0.0],[-87.91805,43.09396,0.0],[-87.91801,43.09393,0.0],[-87.91797,43.09389,0.0],[-87.91793,43.09385,0.0],[-87.91789,43.09381,0.0],[-87.91786,43.09378,0.0],[-87.91782,43.09374,0.0],[-87.91778,43.0937,0.0],[-87.91774,43.09366,0.0],[-87.91771,43.09362,0.0],[-87.91758,43.0935,0.0],[-87.91711,43.093,0.0],[-87.91699,43.09288,0.0],[-87.917,43.0927,0.0],[-87.917,43.0926,0.0],[-87.91712,43.09273,0.0],[-87.91712,43.09249,0.0],[-87.91714,43.09178,0.0],[-87.91715,43.09154,0.0],[-87.91715,43.09116,0.0],[-87.91715,43.09111,0.0],[-87.91718,43.09005,0.0],[-87.91718,43.09001,0.0],[-87.91719,43.08963,0.0],[-87.91719,43.08956,0.0],[-87.91719,43.08937,0.0],[-87.91719,43.08931,0.0],[-87.91755,43.08931,0.0],[-87.91841,43.08932,0.0],[-87.91863,43.08932,0.0],[-87.91899,43.08932,0.0],[-87.91908,43.08932,0.0],[-87.91937,43.08932,0.0],[-87.91947,43.08932,0.0],[-87.9195,43.08932,0.0],[-87.91957,43.08932,0.0],[-87.9196,43.08933,0.0],[-87.91969,43.08933,0.0],[-87.91998,43.08933,0.0],[-87.92008,43.08933,0.0],[-87.92084,43.08933,0.0],[-87.92165,43.08934,0.0],[-87.92173,43.08934,0.0],[-87.92185,43.08934,0.0],[-87.92194,43.08934,0.0],[-87.92274,43.08935,0.0],[-87.92287,43.08935,0.0],[-87.92326,43.08935,0.0],[-87.92339,43.08935,0.0],[-87.92363,43.08935,0.0],[-87.9239,43.08936,0.0],[-87.92437,43.08936,0.0],[-87.92461,43.08936,0.0],[-87.92486,43.08937,0.0],[-87.9256,43.08937,0.0],[-87.92585,43.08937,0.0],[-87.9261,43.08937,0.0],[-87.92685,43.08938,0.0],[-87.92709,43.08938,0.0],[-87.92735,43.08939,0.0],[-87.92809,43.0894,0.0],[-87.92835,43.08941,0.0],[-87.92859,43.08942,0.0],[-87.92933,43.08943,0.0],[-87.92957,43.08944,0.0],[-87.92982,43.08944,0.0],[-87.93055,43.08946,0.0],[-87.9308,43.08946,0.0],[-87.93105,43.08947,0.0],[-87.93181,43.08949,0.0],[-87.93207,43.08949,0.0],[-87.9323,43.0895,0.0],[-87.933,43.08951,0.0],[-87.93324,43.08952,0.0],[-87.93348,43.08952,0.0],[-87.93421,43.08954,0.0],[-87.93446,43.08954,0.0],[-87.93471,43.08955,0.0],[-87.93546,43.08956,0.0],[-87.9357,43.08957,0.0],[-87.93591,43.08957,0.0],[-87.93706,43.0896,0.0],[-87.9373,43.0896,0.0],[-87.93803,43.08962,0.0],[-87.93827,43.08962,0.0],[-87.93838,43.08962,0.0],[-87.93869,43.08963,0.0],[-87.9388,43.08963,0.0],[-87.93963,43.09113,0.0],[-87.94049,43.09271,0.0],[-87.94061,43.09289,0.0],[-87.94087,43.09341,0.0],[-87.94164,43.09495,0.0],[-87.9419,43.09546,0.0],[-87.94199,43.09563,0.0],[-87.94227,43.09615,0.0],[-87.94236,43.09632,0.0],[-87.94245,43.09647,0.0],[-87.94274,43.09694,0.0],[-87.94284,43.0971,0.0],[-87.94286,43.09715,0.0],[-87.94294,43.09731,0.0],[-87.94297,43.09736,0.0],[-87.94312,43.09768,0.0],[-87.94357,43.09862,0.0],[-87.94372,43.09893,0.0],[-87.94392,43.09931,0.0],[-87.94452,43.10043,0.0],[-87.94472,43.10081,0.0],[-87.94478,43.10092,0.0],[-87.94496,43.10126,0.0],[-87.94502,43.10138,0.0],[-87.94511,43.10155,0.0],[-87.94539,43.10207,0.0],[-87.94548,43.10224,0.0],[-87.94566,43.10258,0.0],[-87.94619,43.10362,0.0],[-87.94637,43.10397,0.0]]]]}},{"type":"Feature","properties":{"uesi_id":"USA_R251075","nbhd_code":"USA_R251075_50","nbhd_name":"Census Tract 44, Milwaukee, WI"},"geometry":{"type":"MultiPolygon","coordinates":[[[[-87.9173,43.08552,0.0],[-87.91729,43.08583,0.0],[-87.91726,43.08678,0.0],[-87.91726,43.08709,0.0],[-87.91725,43.08732,0.0],[-87.91723,43.08802,0.0],[-87.91722,43.08825,0.0],[-87.91722,43.08837,0.0],[-87.91721,43.08865,0.0],[-87.91721,43.08874,0.0],[-87.9172,43.08886,0.0],[-87.9172,43.08889,0.0],[-87.9172,43.08897,0.0],[-87.9172,43.08898,0.0],[-87.91719,43.08922,0.0],[-87.91719,43.08931,0.0],[-87.91719,43.08937,0.0],[-87.91719,43.08956,0.0],[-87.91719,43.08963,0.0],[-87.91718,43.09001,0.0],[-87.91718,43.09005,0.0],[-87.91715,43.09111,0.0],[-87.91715,43.09116,0.0],[-87.91715,43.09154,0.0],[-87.91714,43.09178,0.0],[-87.91712,43.09249,0.0],[-87.91712,43.09273,0.0],[-87.917,43.0926,0.0],[-87.917,43.09241,0.0],[-87.91652,43.0919,0.0],[-87.91654,43.0911,0.0],[-87.91656,43.0898,0.0],[-87.9159,43.0898,0.0],[-87.91489,43.0898,0.0],[-87.91425,43.08979,0.0],[-87.91055,43.08976,0.0],[-87.90959,43.08977,0.0],[-87.90925,43.08976,0.0],[-87.90788,43.08975,0.0],[-87.90786,43.09079,0.0],[-87.90782,43.0915,0.0],[-87.90781,43.0925,0.0],[-87.9078,43.09391,0.0],[-87.90775,43.09651,0.0],[-87.90773,43.09754,0.0],[-87.90772,43.09811,0.0],[-87.90771,43.09851,0.0],[-87.9077,43.0988,0.0],[-87.9077,43.09895,0.0],[-87.90783,43.09913,0.0],[-87.90798,43.09934,0.0],[-87.90815,43.09956,0.0],[-87.9082,43.0996,0.0],[-87.90904,43.10016,0.0],[-87.90972,43.10062,0.0],[-87.9101,43.10087,0.0],[-87.91179,43.10118,0.0],[-87.91281,43.10137,0.0],[-87.91387,43.10192,0.0],[-87.91471,43.1026,0.0],[-87.91486,43.10267,0.0],[-87.91527,43.10286,0.0],[-87.91564,43.10297,0.0],[-87.91604,43.10309,0.0],[-87.91643,43.10321,0.0],[-87.91665,43.10328,0.0],[-87.91688,43.10334,0.0],[-87.91687,43.10356,0.0],[-87.91687,43.10365,0.0],[-87.91696,43.10413,0.0],[-87.91695,43.10463,0.0],[-87.91642,43.10461,0.0],[-87.91565,43.1046,0.0],[-87.91449,43.10458,0.0],[-87.91326,43.10457,0.0],[-87.91203,43.10455,0.0],[-87.90989,43.10452,0.0],[-87.90959,43.10452,0.0],[-87.90886,43.10403,0.0],[-87.90838,43.10402,0.0],[-87.90818,43.10402,0.0],[-87.90797,43.10402,0.0],[-87.90734,43.10401,0.0],[-87.90712,43.10401,0.0],[-87.90708,43.10401,0.0],[-87.90709,43.10381,0.0],[-87.9071,43.10323,0.0],[-87.90711,43.10304,0.0],[-87.90711,43.10286,0.0],[-87.90699,43.10278,0.0],[-87.90698,43.10262,0.0],[-87.90702,43.10173,0.0],[-87.90705,43.10054,0.0],[-87.90706,43.10031,0.0],[-87.90708,43.09922,0.0],[-87.90709,43.09871,0.0],[-87.90709,43.09861,0.0],[-87.90705,43.09854,0.0],[-87.90664,43.09809,0.0],[-87.9066,43.098,0.0],[-87.90656,43.09794,0.0],[-87.90643,43.09786,0.0],[-87.90635,43.0978,0.0],[-87.90575,43.09757,0.0],[-87.90566,43.09754,0.0],[-87.9056,43.09756,0.0],[-87.90551,43.09754,0.0],[-87.90541,43.09746,0.0],[-87.90532,43.09742,0.0],[-87.90518,43.0974,0.0],[-87.905,43.09731,0.0],[-87.90488,43.09728,0.0],[-87.90474,43.09728,0.0],[-87.90459,43.09731,0.0],[-87.90432,43.09736,0.0],[-87.90419,43.09736,0.0],[-87.90413,43.09735,0.0],[-87.9041,43.09731,0.0],[-87.90417,43.09725,0.0],[-87.90412,43.0972,0.0],[-87.904,43.09718,0.0],[-87.90387,43.09717,0.0],[-87.9038,43.09719,0.0],[-87.90373,43.09721,0.0],[-87.90364,43.09722,0.0],[-87.90355,43.09719,0.0],[-87.90349,43.09713,0.0],[-87.90346,43.09708,0.0],[-87.90338,43.09706,0.0],[-87.90322,43.09703,0.0],[-87.90312,43.09699,0.0],[-87.90295,43.09696,0.0],[-87.90286,43.09693,0.0],[-87.90274,43.09689,0.0],[-87.90262,43.09683,0.0],[-87.90253,43.09678,0.0],[-87.90233,43.09655,0.0],[-87.90218,43.09641,0.0],[-87.90215,43.09638,0.0],[-87.90191,43.0962,0.0],[-87.90181,43.09614,0.0],[-87.90161,43.09606,0.0],[-87.90137,43.09594,0.0],[-87.90116,43.09579,0.0],[-87.90097,43.09566,0.0],[-87.90093,43.09561,0.0],[-87.90085,43.09554,0.0],[-87.90078,43.09546,0.0],[-87.90078,43.0954,0.0],[-87.90074,43.09537,0.0],[-87.90069,43.09528,0.0],[-87.90064,43.0952,0.0],[-87.90063,43.09511,0.0],[-87.90061,43.09495,0.0],[-87.90058,43.09484,0.0],[-87.90055,43.09479,0.0],[-87.90053,43.09467,0.0],[-87.90053,43.0946,0.0],[-87.90053,43.09454,0.0],[-87.90052,43.09447,0.0],[-87.90053,43.0944,0.0],[-87.90056,43.09434,0.0],[-87.90057,43.09433,0.0],[-87.9006,43.09426,0.0],[-87.90061,43.09422,0.0],[-87.9006,43.09419,0.0],[-87.90065,43.09409,0.0],[-87.90066,43.09403,0.0],[-87.90065,43.094,0.0],[-87.90067,43.09398,0.0],[-87.90068,43.09396,0.0],[-87.90071,43.09394,0.0],[-87.90071,43.09392,0.0],[-87.90069,43.09389,0.0],[-87.90068,43.09388,0.0],[-87.90071,43.09386,0.0],[-87.90078,43.09381,0.0],[-87.90081,43.09375,0.0],[-87.90084,43.09368,0.0],[-87.90085,43.09362,0.0],[-87.90083,43.09353,0.0],[-87.90087,43.09349,0.0],[-87.9009,43.09333,0.0],[-87.90091,43.09323,0.0],[-87.90093,43.09318,0.0],[-87.90093,43.09314,0.0],[-87.90092,43.09308,0.0],[-87.90092,43.09303,0.0],[-87.90093,43.09299,0.0],[-87.90095,43.09298,0.0],[-87.90097,43.09295,0.0],[-87.90095,43.09293,0.0],[-87.90091,43.09288,0.0],[-87.90091,43.09284,0.0],[-87.90089,43.0928,0.0],[-87.90089,43.09269,0.0],[-87.90085,43.09231,0.0],[-87.90084,43.09223,0.0],[-87.90085,43.0922,0.0],[-87.90085,43.09214,0.0],[-87.90083,43.09212,0.0],[-87.90071,43.09204,0.0],[-87.90059,43.09199,0.0],[-87.90053,43.09196,0.0],[-87.90045,43.09188,0.0],[-87.90044,43.09186,0.0],[-87.90042,43.09186,0.0],[-87.90041,43.09184,0.0],[-87.90036,43.09181,0.0],[-87.90034,43.09179,0.0],[-87.9003,43.09172,0.0],[-87.90026,43.09164,0.0],[-87.9002,43.0916,0.0],[-87.90016,43.09155,0.0],[-87.90015,43.09152,0.0],[-87.90011,43.09145,0.0],[-87.90009,43.09141,0.0],[-87.90008,43.09137,0.0],[-87.90008,43.0913,0.0],[-87.90006,43.09121,0.0],[-87.89999,43.09111,0.0],[-87.89995,43.09107,0.0],[-87.89993,43.09104,0.0],[-87.89991,43.091,0.0],[-87.89988,43.09092,0.0],[-87.89988,43.09083,0.0],[-87.89986,43.09078,0.0],[-87.89985,43.09073,0.0],[-87.89984,43.09069,0.0],[-87.89986,43.09066,0.0],[-87.89984,43.09062,0.0],[-87.89982,43.09059,0.0],[-87.89981,43.09057,0.0],[-87.89981,43.09054,0.0],[-87.89974,43.09043,0.0],[-87.8997,43.09037,0.0],[-87.8997,43.09035,0.0],[-87.89969,43.09032,0.0],[-87.8997,43.09027,0.0],[-87.89967,43.0902,0.0],[-87.89963,43.09014,0.0],[-87.89957,43.09008,0.0],[-87.89952,43.08999,0.0],[-87.89949,43.08997,0.0],[-87.89941,43.08993,0.0],[-87.89934,43.08983,0.0],[-87.89931,43.0898,0.0],[-87.89925,43.08975,0.0],[-87.89914,43.08971,0.0],[-87.89903,43.08963,0.0],[-87.89896,43.08958,0.0],[-87.89885,43.0895,0.0],[-87.89873,43.08944,0.0],[-87.89847,43.08937,0.0],[-87.89836,43.08931,0.0],[-87.89822,43.08917,0.0],[-87.89805,43.08901,0.0],[-87.89803,43.08898,0.0],[-87.89785,43.08885,0.0],[-87.89777,43.08876,0.0],[-87.89772,43.08867,0.0],[-87.89752,43.08848,0.0],[-87.8974,43.08839,0.0],[-87.89724,43.08828,0.0],[-87.89707,43.08821,0.0],[-87.89653,43.08789,0.0],[-87.89614,43.08764,0.0],[-87.89569,43.08731,0.0],[-87.89561,43.08726,0.0],[-87.89554,43.08724,0.0],[-87.89525,43.08707,0.0],[-87.89516,43.08704,0.0],[-87.89486,43.08689,0.0],[-87.89462,43.0868,0.0],[-87.89453,43.08675,0.0],[-87.89432,43.08661,0.0],[-87.89417,43.0865,0.0],[-87.89406,43.0864,0.0],[-87.89401,43.08632,0.0],[-87.89393,43.08625,0.0],[-87.89386,43.08622,0.0],[-87.89375,43.08617,0.0],[-87.89372,43.08615,0.0],[-87.89363,43.08612,0.0],[-87.89348,43.08601,0.0],[-87.89326,43.08577,0.0],[-87.89319,43.08562,0.0],[-87.89305,43.0855,0.0],[-87.89295,43.08531,0.0],[-87.89283,43.08509,0.0],[-87.89281,43.085,0.0],[-87.89272,43.08482,0.0],[-87.89264,43.08465,0.0],[-87.89264,43.08458,0.0],[-87.89261,43.08444,0.0],[-87.89257,43.0843,0.0],[-87.89253,43.08423,0.0],[-87.89231,43.0838,0.0],[-87.89216,43.08349,0.0],[-87.8921,43.08335,0.0],[-87.89202,43.08313,0.0],[-87.89201,43.0831,0.0],[-87.89198,43.08306,0.0],[-87.89184,43.08286,0.0],[-87.89181,43.0828,0.0],[-87.89179,43.08269,0.0],[-87.89179,43.08259,0.0],[-87.89172,43.08236,0.0],[-87.89172,43.08231,0.0],[-87.89173,43.08228,0.0],[-87.89171,43.08226,0.0],[-87.8917,43.08222,0.0],[-87.89169,43.08201,0.0],[-87.89168,43.08197,0.0],[-87.89164,43.08196,0.0],[-87.89163,43.08194,0.0],[-87.89181,43.08193,0.0],[-87.89188,43.08193,0.0],[-87.89211,43.08191,0.0],[-87.89218,43.0819,0.0],[-87.89225,43.0819,0.0],[-87.89247,43.0819,0.0],[-87.89254,43.0819,0.0],[-87.89329,43.08192,0.0],[-87.89555,43.08196,0.0],[-87.89631,43.08197,0.0],[-87.89655,43.08197,0.0],[-87.89729,43.08197,0.0],[-87.89754,43.08197,0.0],[-87.89779,43.08197,0.0],[-87.89855,43.08198,0.0],[-87.8988,43.08198,0.0],[-87.89905,43.08199,0.0],[-87.89979,43.08199,0.0],[-87.90003,43.08199,0.0],[-87.90028,43.082,0.0],[-87.90101,43.082,0.0],[-87.90125,43.082,0.0],[-87.9015,43.08201,0.0],[-87.90225,43.08201,0.0],[-87.9025,43.08201,0.0],[-87.90276,43.08202,0.0],[-87.90351,43.08202,0.0],[-87.90377,43.08203,0.0],[-87.905,43.08204,0.0],[-87.90623,43.08204,0.0],[-87.90626,43.08204,0.0],[-87.90635,43.08204,0.0],[-87.90638,43.08205,0.0],[-87.9065,43.08205,0.0],[-87.90684,43.08205,0.0],[-87.90696,43.08205,0.0],[-87.90706,43.08205,0.0],[-87.90738,43.08205,0.0],[-87.90748,43.08205,0.0],[-87.90771,43.08205,0.0],[-87.90841,43.08205,0.0],[-87.90864,43.08206,0.0],[-87.90879,43.08206,0.0],[-87.90925,43.08206,0.0],[-87.9094,43.08206,0.0],[-87.90949,43.08206,0.0],[-87.90976,43.08206,0.0],[-87.90985,43.08206,0.0],[-87.91004,43.08206,0.0],[-87.91061,43.08207,0.0],[-87.9108,43.08207,0.0],[-87.91084,43.08207,0.0],[-87.91097,43.08207,0.0],[-87.91101,43.08207,0.0],[-87.91125,43.08207,0.0],[-87.91196,43.08207,0.0],[-87.9122,43.08207,0.0],[-87.91224,43.08207,0.0],[-87.91239,43.08207,0.0],[-87.91244,43.08207,0.0],[-87.91257,43.08207,0.0],[-87.91298,43.08208,0.0],[-87.91311,43.08208,0.0],[-87.91324,43.08208,0.0],[-87.91363,43.08208,0.0],[-87.91376,43.08208,0.0],[-87.91403,43.08208,0.0],[-87.91484,43.08208,0.0],[-87.91511,43.08209,0.0],[-87.91532,43.08209,0.0],[-87.91594,43.08209,0.0],[-87.91615,43.08209,0.0],[-87.9174,43.0821,0.0],[-87.9173,43.08552,0.0]]]]}},{"type":"Feature","properties":{"uesi_id":"USA_R251075","nbhd_code":"USA_R251075_51","nbhd_name":"Census Tract 45, Milwaukee, WI"},"geometry":{"type":"MultiPolygon","coordinates":[[[[-87.9273,43.08202,0.0],[-87.92729,43.08214,0.0],[-87.92727,43.08306,0.0],[-87.92726,43.0834,0.0],[-87.92725,43.08365,0.0],[-87.92723,43.08438,0.0],[-87.92722,43.08463,0.0],[-87.92722,43.08481,0.0],[-87.9272,43.08537,0.0],[-87.9272,43.08556,0.0],[-87.92719,43.08576,0.0],[-87.92718,43.08637,0.0],[-87.92717,43.08657,0.0],[-87.92717,43.08679,0.0],[-87.92715,43.08744,0.0],[-87.92714,43.08765,0.0],[-87.92713,43.088,0.0],[-87.9271,43.08904,0.0],[-87.92709,43.08938,0.0],[-87.92685,43.08938,0.0],[-87.9261,43.08937,0.0],[-87.92585,43.08937,0.0],[-87.9256,43.08937,0.0],[-87.92486,43.08937,0.0],[-87.92461,43.08936,0.0],[-87.92437,43.08936,0.0],[-87.9239,43.08936,0.0],[-87.92363,43.08935,0.0],[-87.92339,43.08935,0.0],[-87.92326,43.08935,0.0],[-87.92287,43.08935,0.0],[-87.92274,43.08935,0.0],[-87.92194,43.08934,0.0],[-87.92185,43.08934,0.0],[-87.92173,43.08934,0.0],[-87.92165,43.08934,0.0],[-87.92084,43.08933,0.0],[-87.92008,43.08933,0.0],[-87.91998,43.08933,0.0],[-87.91969,43.08933,0.0],[-87.9196,43.08933,0.0],[-87.91957,43.08932,0.0],[-87.9195,43.08932,0.0],[-87.91947,43.08932,0.0],[-87.91937,43.08932,0.0],[-87.91908,43.08932,0.0],[-87.91899,43.08932,0.0],[-87.91863,43.08932,0.0],[-87.91841,43.08932,0.0],[-87.91755,43.08931,0.0],[-87.91719,43.08931,0.0],[-87.91719,43.08922,0.0],[-87.9172,43.08898,0.0],[-87.9172,43.08897,0.0],[-87.9172,43.08889,0.0],[-87.9172,43.08886,0.0],[-87.91721,43.08874,0.0],[-87.91721,43.08865,0.0],[-87.91722,43.08837,0.0],[-87.91722,43.08825,0.0],[-87.91723,43.08802,0.0],[-87.91725,43.08732,0.0],[-87.91726,43.08709,0.0],[-87.91726,43.08678,0.0],[-87.91729,43.08583,0.0],[-87.9173,43.08552,0.0],[-87.9174,43.0821,0.0],[-87.91839,43.08171,0.0],[-87.91877,43.08162,0.0],[-87.91927,43.08162,0.0],[-87.91984,43.08162,0.0],[-87.91985,43.08162,0.0],[-87.91998,43.08162,0.0],[-87.92038,43.08162,0.0],[-87.92051,43.08163,0.0],[-87.9206,43.08163,0.0],[-87.92064,43.08163,0.0],[-87.92105,43.08163,0.0],[-87.92119,43.08163,0.0],[-87.92143,43.08163,0.0],[-87.92214,43.08164,0.0],[-87.92238,43.08164,0.0],[-87.92263,43.08164,0.0],[-87.92337,43.08165,0.0],[-87.92362,43.08165,0.0],[-87.92387,43.08165,0.0],[-87.9246,43.08166,0.0],[-87.92485,43.08166,0.0],[-87.92509,43.08166,0.0],[-87.92583,43.08167,0.0],[-87.92608,43.08167,0.0],[-87.92633,43.08167,0.0],[-87.92706,43.08167,0.0],[-87.9273,43.08167,0.0],[-87.9273,43.08202,0.0]]]]}},{"type":"Feature","properties":{"uesi_id":"USA_R251075","nbhd_code":"USA_R251075_52","nbhd_name":"Census Tract 46, Milwaukee, WI"},"geometry":{"type":"MultiPolygon","coordinates":[[[[-87.93721,43.08257,0.0],[-87.9372,43.0832,0.0],[-87.93719,43.08341,0.0],[-87.93719,43.08364,0.0],[-87.93717,43.08432,0.0],[-87.93717,43.08454,0.0],[-87.93716,43.0846,0.0],[-87.93716,43.08477,0.0],[-87.93716,43.08483,0.0],[-87.93716,43.08486,0.0],[-87.93715,43.08506,0.0],[-87.93714,43.08578,0.0],[-87.93713,43.08602,0.0],[-87.93713,43.0861,0.0],[-87.93713,43.08633,0.0],[-87.93712,43.08641,0.0],[-87.93712,43.0867,0.0],[-87.9371,43.08758,0.0],[-87.93709,43.08787,0.0],[-87.93708,43.08821,0.0],[-87.93706,43.08925,0.0],[-87.93706,43.0896,0.0],[-87.93591,43.08957,0.0],[-87.9357,43.08957,0.0],[-87.93546,43.08956,0.0],[-87.93471,43.08955,0.0],[-87.93446,43.08954,0.0],[-87.93421,43.08954,0.0],[-87.93348,43.08952,0.0],[-87.93324,43.08952,0.0],[-87.933,43.08951,0.0],[-87.9323,43.0895,0.0],[-87.93207,43.08949,0.0],[-87.93181,43.08949,0.0],[-87.93105,43.08947,0.0],[-87.9308,43.08946,0.0],[-87.93055,43.08946,0.0],[-87.92982,43.08944,0.0],[-87.92957,43.08944,0.0],[-87.92933,43.08943,0.0],[-87.92859,43.08942,0.0],[-87.92835,43.08941,0.0],[-87.92809,43.0894,0.0],[-87.92735,43.08939,0.0],[-87.92709,43.08938,0.0],[-87.9271,43.08904,0.0],[-87.92713,43.088,0.0],[-87.92714,43.08765,0.0],[-87.92715,43.08744,0.0],[-87.92717,43.08679,0.0],[-87.92717,43.08657,0.0],[-87.92718,43.08637,0.0],[-87.92719,43.08576,0.0],[-87.9272,43.08556,0.0],[-87.9272,43.08537,0.0],[-87.92722,43.08481,0.0],[-87.92722,43.08463,0.0],[-87.92723,43.08438,0.0],[-87.92725,43.08365,0.0],[-87.92726,43.0834,0.0],[-87.92727,43.08306,0.0],[-87.92729,43.08214,0.0],[-87.9273,43.08202,0.0],[-87.9273,43.08167,0.0],[-87.92755,43.08168,0.0],[-87.9283,43.08169,0.0],[-87.92854,43.0817,0.0],[-87.92879,43.0817,0.0],[-87.92952,43.08171,0.0],[-87.92977,43.08172,0.0],[-87.93001,43.08172,0.0],[-87.93074,43.08174,0.0],[-87.93099,43.08174,0.0],[-87.93124,43.08175,0.0],[-87.93199,43.08176,0.0],[-87.93225,43.08177,0.0],[-87.93248,43.08177,0.0],[-87.93319,43.08178,0.0],[-87.93343,43.08179,0.0],[-87.93365,43.08179,0.0],[-87.93433,43.08181,0.0],[-87.93455,43.08181,0.0],[-87.93461,43.08191,0.0],[-87.93478,43.08221,0.0],[-87.93483,43.08231,0.0],[-87.93531,43.08232,0.0],[-87.93674,43.08235,0.0],[-87.93721,43.08236,0.0],[-87.93721,43.08257,0.0]]]]}},{"type":"Feature","properties":{"uesi_id":"USA_R251075","nbhd_code":"USA_R251075_53","nbhd_name":"Census Tract 47, Milwaukee, WI"},"geometry":{"type":"MultiPolygon","coordinates":[[[[-87.95721,43.08141,0.0],[-87.9572,43.08224,0.0],[-87.95719,43.08252,0.0],[-87.95719,43.08288,0.0],[-87.95717,43.08397,0.0],[-87.95717,43.08433,0.0],[-87.95716,43.08466,0.0],[-87.95715,43.08563,0.0],[-87.95715,43.08596,0.0],[-87.95714,43.08632,0.0],[-87.95713,43.08741,0.0],[-87.95712,43.08777,0.0],[-87.95712,43.08819,0.0],[-87.9571,43.08944,0.0],[-87.95709,43.08986,0.0],[-87.95683,43.08986,0.0],[-87.95603,43.08986,0.0],[-87.95577,43.08985,0.0],[-87.95545,43.08985,0.0],[-87.95448,43.08985,0.0],[-87.95416,43.08984,0.0],[-87.95391,43.08984,0.0],[-87.95384,43.08984,0.0],[-87.95381,43.08984,0.0],[-87.95378,43.08984,0.0],[-87.95347,43.08984,0.0],[-87.95254,43.08983,0.0],[-87.95223,43.08983,0.0],[-87.95216,43.08983,0.0],[-87.95198,43.08983,0.0],[-87.95191,43.08983,0.0],[-87.95166,43.08983,0.0],[-87.95092,43.08982,0.0],[-87.95067,43.08982,0.0],[-87.95043,43.08982,0.0],[-87.94971,43.08982,0.0],[-87.94948,43.08982,0.0],[-87.94923,43.08981,0.0],[-87.94851,43.08981,0.0],[-87.94827,43.08981,0.0],[-87.94801,43.08981,0.0],[-87.94726,43.0898,0.0],[-87.94701,43.0898,0.0],[-87.94675,43.0898,0.0],[-87.9464,43.08979,0.0],[-87.94599,43.08978,0.0],[-87.94574,43.08978,0.0],[-87.94554,43.08977,0.0],[-87.94492,43.08976,0.0],[-87.94472,43.08975,0.0],[-87.94448,43.08975,0.0],[-87.94378,43.08973,0.0],[-87.94354,43.08973,0.0],[-87.94323,43.08972,0.0],[-87.94231,43.08971,0.0],[-87.94201,43.0897,0.0],[-87.94179,43.08969,0.0],[-87.94113,43.08968,0.0],[-87.94091,43.08968,0.0],[-87.94062,43.08967,0.0],[-87.93976,43.08965,0.0],[-87.93947,43.08965,0.0],[-87.93934,43.08964,0.0],[-87.93893,43.08964,0.0],[-87.9388,43.08963,0.0],[-87.93869,43.08963,0.0],[-87.93838,43.08962,0.0],[-87.93827,43.08962,0.0],[-87.93803,43.08962,0.0],[-87.9373,43.0896,0.0],[-87.93706,43.0896,0.0],[-87.93706,43.08925,0.0],[-87.93708,43.08821,0.0],[-87.93709,43.08787,0.0],[-87.9371,43.08758,0.0],[-87.93712,43.0867,0.0],[-87.93712,43.08641,0.0],[-87.93713,43.08633,0.0],[-87.93713,43.0861,0.0],[-87.93713,43.08602,0.0],[-87.93714,43.08578,0.0],[-87.93715,43.08506,0.0],[-87.93716,43.08486,0.0],[-87.93716,43.08483,0.0],[-87.93716,43.08477,0.0],[-87.93716,43.0846,0.0],[-87.93717,43.08454,0.0],[-87.93717,43.08432,0.0],[-87.93719,43.08364,0.0],[-87.93719,43.08341,0.0],[-87.9372,43.0832,0.0],[-87.93721,43.08257,0.0],[-87.93721,43.08236,0.0],[-87.93747,43.08237,0.0],[-87.93822,43.08238,0.0],[-87.93847,43.08239,0.0],[-87.93871,43.08239,0.0],[-87.93945,43.08241,0.0],[-87.93969,43.08241,0.0],[-87.93998,43.08241,0.0],[-87.94082,43.08243,0.0],[-87.9411,43.08244,0.0],[-87.94132,43.08244,0.0],[-87.94198,43.08245,0.0],[-87.94219,43.08246,0.0],[-87.94249,43.08246,0.0],[-87.94339,43.08248,0.0],[-87.94369,43.08249,0.0],[-87.94393,43.08249,0.0],[-87.94464,43.0825,0.0],[-87.94487,43.08251,0.0],[-87.94508,43.08251,0.0],[-87.94569,43.08253,0.0],[-87.9459,43.08254,0.0],[-87.94614,43.08273,0.0],[-87.94658,43.08307,0.0],[-87.94689,43.08331,0.0],[-87.94714,43.08351,0.0],[-87.94714,43.08331,0.0],[-87.94716,43.08274,0.0],[-87.94716,43.08255,0.0],[-87.94717,43.08227,0.0],[-87.94718,43.08143,0.0],[-87.94718,43.08115,0.0],[-87.94743,43.08115,0.0],[-87.94819,43.08115,0.0],[-87.94844,43.08116,0.0],[-87.94869,43.08115,0.0],[-87.94944,43.08115,0.0],[-87.94969,43.08115,0.0],[-87.94993,43.08115,0.0],[-87.95067,43.08115,0.0],[-87.95091,43.08115,0.0],[-87.95138,43.08115,0.0],[-87.9528,43.08114,0.0],[-87.95327,43.08114,0.0],[-87.95331,43.08114,0.0],[-87.95409,43.08114,0.0],[-87.95643,43.08113,0.0],[-87.95722,43.08113,0.0],[-87.95721,43.08141,0.0]]]]}},{"type":"Feature","properties":{"uesi_id":"USA_R251075","nbhd_code":"USA_R251075_54","nbhd_name":"Census Tract 48, Milwaukee, WI"},"geometry":{"type":"MultiPolygon","coordinates":[[[[-87.96739,43.07338,0.0],[-87.96737,43.07519,0.0],[-87.96736,43.07555,0.0],[-87.96734,43.07663,0.0],[-87.96733,43.07699,0.0],[-87.96733,43.07713,0.0],[-87.96732,43.07757,0.0],[-87.96732,43.07771,0.0],[-87.96732,43.07785,0.0],[-87.96731,43.07827,0.0],[-87.96731,43.07841,0.0],[-87.96731,43.07855,0.0],[-87.9673,43.07898,0.0],[-87.9673,43.07912,0.0],[-87.96729,43.07928,0.0],[-87.96728,43.07976,0.0],[-87.96728,43.07992,0.0],[-87.96728,43.08016,0.0],[-87.96726,43.08087,0.0],[-87.96726,43.0811,0.0],[-87.96725,43.08138,0.0],[-87.96724,43.08223,0.0],[-87.96724,43.08251,0.0],[-87.96716,43.08251,0.0],[-87.96694,43.0825,0.0],[-87.96682,43.0825,0.0],[-87.96659,43.0825,0.0],[-87.96576,43.08251,0.0],[-87.96549,43.08251,0.0],[-87.96525,43.08251,0.0],[-87.96455,43.08251,0.0],[-87.96431,43.08251,0.0],[-87.96408,43.08251,0.0],[-87.96339,43.08251,0.0],[-87.96316,43.08251,0.0],[-87.96297,43.08251,0.0],[-87.96241,43.08251,0.0],[-87.96223,43.08252,0.0],[-87.96193,43.08252,0.0],[-87.96106,43.08252,0.0],[-87.96076,43.08252,0.0],[-87.96053,43.08252,0.0],[-87.95981,43.08252,0.0],[-87.95958,43.08252,0.0],[-87.95936,43.08252,0.0],[-87.9587,43.08252,0.0],[-87.95848,43.08252,0.0],[-87.95822,43.08252,0.0],[-87.95745,43.08252,0.0],[-87.95719,43.08252,0.0],[-87.9572,43.08224,0.0],[-87.95721,43.08141,0.0],[-87.95722,43.08113,0.0],[-87.95722,43.08072,0.0],[-87.95724,43.07952,0.0],[-87.95725,43.07912,0.0],[-87.95725,43.0787,0.0],[-87.95727,43.07744,0.0],[-87.95728,43.07702,0.0],[-87.95746,43.07521,0.0],[-87.95733,43.07337,0.0],[-87.95736,43.07156,0.0],[-87.9576,43.07156,0.0],[-87.95833,43.07156,0.0],[-87.95857,43.07156,0.0],[-87.9588,43.07155,0.0],[-87.95952,43.07155,0.0],[-87.95976,43.07155,0.0],[-87.95999,43.07155,0.0],[-87.96071,43.07155,0.0],[-87.96095,43.07155,0.0],[-87.96119,43.07155,0.0],[-87.9619,43.07155,0.0],[-87.96214,43.07155,0.0],[-87.96238,43.07155,0.0],[-87.96308,43.07155,0.0],[-87.96331,43.07155,0.0],[-87.96355,43.07155,0.0],[-87.96424,43.07154,0.0],[-87.96447,43.07154,0.0],[-87.96574,43.07154,0.0],[-87.96686,43.07157,0.0],[-87.96742,43.07155,0.0],[-87.96739,43.07338,0.0]]]]}},{"type":"Feature","properties":{"uesi_id":"USA_R251075","nbhd_code":"USA_R251075_55","nbhd_name":"Census Tract 49, Milwaukee, WI"},"geometry":{"type":"MultiPolygon","coordinates":[[[[-87.9774,43.07199,0.0],[-87.97737,43.07309,0.0],[-87.97737,43.07346,0.0],[-87.97736,43.07382,0.0],[-87.97734,43.0749,0.0],[-87.97733,43.07526,0.0],[-87.97732,43.07563,0.0],[-87.97731,43.07673,0.0],[-87.9773,43.0771,0.0],[-87.97729,43.07752,0.0],[-87.97727,43.07879,0.0],[-87.97727,43.07921,0.0],[-87.97726,43.07961,0.0],[-87.97724,43.08078,0.0],[-87.97723,43.08118,0.0],[-87.97723,43.08123,0.0],[-87.97723,43.08139,0.0],[-87.97723,43.08144,0.0],[-87.97723,43.08148,0.0],[-87.97723,43.0816,0.0],[-87.97723,43.08164,0.0],[-87.97722,43.08182,0.0],[-87.97721,43.08238,0.0],[-87.97721,43.08257,0.0],[-87.97695,43.08257,0.0],[-87.97619,43.08256,0.0],[-87.97593,43.08256,0.0],[-87.97568,43.08256,0.0],[-87.97492,43.08255,0.0],[-87.97467,43.08255,0.0],[-87.97464,43.08255,0.0],[-87.97457,43.08255,0.0],[-87.97455,43.08255,0.0],[-87.97437,43.08255,0.0],[-87.97385,43.08255,0.0],[-87.97368,43.08255,0.0],[-87.97345,43.08254,0.0],[-87.97275,43.08254,0.0],[-87.97251,43.08254,0.0],[-87.97219,43.08254,0.0],[-87.97122,43.08253,0.0],[-87.9709,43.08253,0.0],[-87.97066,43.08253,0.0],[-87.96996,43.08252,0.0],[-87.96973,43.08252,0.0],[-87.96949,43.08252,0.0],[-87.96879,43.08252,0.0],[-87.96855,43.08252,0.0],[-87.96829,43.08251,0.0],[-87.9675,43.08251,0.0],[-87.96724,43.08251,0.0],[-87.96724,43.08223,0.0],[-87.96725,43.08138,0.0],[-87.96726,43.0811,0.0],[-87.96726,43.08087,0.0],[-87.96728,43.08016,0.0],[-87.96728,43.07992,0.0],[-87.96728,43.07976,0.0],[-87.96729,43.07928,0.0],[-87.9673,43.07912,0.0],[-87.9673,43.07898,0.0],[-87.96731,43.07855,0.0],[-87.96731,43.07841,0.0],[-87.96731,43.07827,0.0],[-87.96732,43.07785,0.0],[-87.96732,43.07771,0.0],[-87.96732,43.07757,0.0],[-87.96733,43.07713,0.0],[-87.96733,43.07699,0.0],[-87.96734,43.07663,0.0],[-87.96736,43.07555,0.0],[-87.96737,43.07519,0.0],[-87.96739,43.07338,0.0],[-87.96742,43.07155,0.0],[-87.96872,43.07156,0.0],[-87.96896,43.07156,0.0],[-87.96967,43.07156,0.0],[-87.96991,43.07157,0.0],[-87.97015,43.07157,0.0],[-87.97089,43.07158,0.0],[-87.97114,43.07158,0.0],[-87.97139,43.07158,0.0],[-87.97212,43.07158,0.0],[-87.97237,43.07159,0.0],[-87.97262,43.07159,0.0],[-87.97338,43.0716,0.0],[-87.97364,43.0716,0.0],[-87.97388,43.0716,0.0],[-87.97463,43.0716,0.0],[-87.97487,43.07161,0.0],[-87.97513,43.07161,0.0],[-87.97588,43.07161,0.0],[-87.97613,43.07162,0.0],[-87.97638,43.07162,0.0],[-87.97715,43.07162,0.0],[-87.9774,43.07162,0.0],[-87.9774,43.07199,0.0]]]]}},{"type":"Feature","properties":{"uesi_id":"USA_R251075","nbhd_code":"USA_R251075_56","nbhd_name":"Census Tract 50, Milwaukee, WI"},"geometry":{"type":"MultiPolygon","coordinates":[[[[-87.99238,43.07536,0.0],[-87.99204,43.07536,0.0],[-87.99103,43.07536,0.0],[-87.99069,43.07536,0.0],[-87.99047,43.07536,0.0],[-87.98982,43.07536,0.0],[-87.9896,43.07536,0.0],[-87.98938,43.07536,0.0],[-87.98871,43.07536,0.0],[-87.98848,43.07536,0.0],[-87.98825,43.07536,0.0],[-87.98756,43.07536,0.0],[-87.98732,43.07536,0.0],[-87.98731,43.07602,0.0],[-87.98726,43.07798,0.0],[-87.98724,43.07864,0.0],[-87.98723,43.07908,0.0],[-87.98719,43.08041,0.0],[-87.98718,43.08086,0.0],[-87.98717,43.08113,0.0],[-87.98717,43.08122,0.0],[-87.98714,43.0823,0.0],[-87.98713,43.08267,0.0],[-87.98686,43.08266,0.0],[-87.98602,43.08266,0.0],[-87.98574,43.08265,0.0],[-87.98549,43.08265,0.0],[-87.98474,43.08264,0.0],[-87.98449,43.08264,0.0],[-87.98425,43.08264,0.0],[-87.98353,43.08263,0.0],[-87.98329,43.08263,0.0],[-87.98307,43.08263,0.0],[-87.98239,43.08262,0.0],[-87.98217,43.08262,0.0],[-87.98193,43.08261,0.0],[-87.98121,43.08261,0.0],[-87.98097,43.08261,0.0],[-87.98072,43.0826,0.0],[-87.97996,43.08259,0.0],[-87.97971,43.08259,0.0],[-87.97921,43.08259,0.0],[-87.97771,43.08257,0.0],[-87.97721,43.08257,0.0],[-87.97721,43.08238,0.0],[-87.97722,43.08182,0.0],[-87.97723,43.08164,0.0],[-87.97723,43.0816,0.0],[-87.97723,43.08148,0.0],[-87.97723,43.08144,0.0],[-87.97723,43.08139,0.0],[-87.97723,43.08123,0.0],[-87.97723,43.08118,0.0],[-87.97724,43.08078,0.0],[-87.97726,43.07961,0.0],[-87.97727,43.07921,0.0],[-87.97727,43.07879,0.0],[-87.97729,43.07752,0.0],[-87.9773,43.0771,0.0],[-87.97731,43.07673,0.0],[-87.97732,43.07563,0.0],[-87.97733,43.07526,0.0],[-87.97734,43.0749,0.0],[-87.97736,43.07382,0.0],[-87.97737,43.07346,0.0],[-87.97737,43.07309,0.0],[-87.9774,43.07199,0.0],[-87.9774,43.07162,0.0],[-87.97764,43.07163,0.0],[-87.97836,43.07163,0.0],[-87.97861,43.07164,0.0],[-87.97884,43.07164,0.0],[-87.97955,43.07164,0.0],[-87.97978,43.07164,0.0],[-87.98001,43.07165,0.0],[-87.9807,43.07165,0.0],[-87.98094,43.07166,0.0],[-87.98116,43.07166,0.0],[-87.98185,43.07166,0.0],[-87.98208,43.07167,0.0],[-87.98232,43.07167,0.0],[-87.98303,43.07167,0.0],[-87.98326,43.07168,0.0],[-87.98345,43.07168,0.0],[-87.98401,43.07168,0.0],[-87.9842,43.07169,0.0],[-87.98439,43.07169,0.0],[-87.98495,43.07169,0.0],[-87.98514,43.07169,0.0],[-87.98627,43.07171,0.0],[-87.98739,43.07168,0.0],[-87.9881,43.07168,0.0],[-87.98858,43.07168,0.0],[-87.99199,43.07168,0.0],[-87.99198,43.07263,0.0],[-87.99197,43.07281,0.0],[-87.99197,43.07335,0.0],[-87.99196,43.07354,0.0],[-87.99196,43.07372,0.0],[-87.99195,43.07426,0.0],[-87.99195,43.07444,0.0],[-87.99185,43.07444,0.0],[-87.99179,43.07444,0.0],[-87.99159,43.07456,0.0],[-87.99151,43.07461,0.0],[-87.99169,43.07476,0.0],[-87.99221,43.07521,0.0],[-87.99238,43.07536,0.0]]]]}},{"type":"Feature","properties":{"uesi_id":"USA_R251075","nbhd_code":"USA_R251075_57","nbhd_name":"Census Tract 51, Milwaukee, WI"},"geometry":{"type":"MultiPolygon","coordinates":[[[[-88.00736,43.07845,0.0],[-88.00734,43.08003,0.0],[-88.00734,43.08055,0.0],[-88.00733,43.08097,0.0],[-88.00732,43.08221,0.0],[-88.00732,43.08262,0.0],[-88.00731,43.08299,0.0],[-88.0073,43.08408,0.0],[-88.0073,43.08445,0.0],[-88.00729,43.08481,0.0],[-88.00728,43.0859,0.0],[-88.00728,43.08627,0.0],[-88.00727,43.08663,0.0],[-88.00726,43.08772,0.0],[-88.00726,43.08808,0.0],[-88.00725,43.08845,0.0],[-88.00724,43.08955,0.0],[-88.00724,43.08992,0.0],[-88.00698,43.08992,0.0],[-88.00621,43.08992,0.0],[-88.00595,43.08992,0.0],[-88.00571,43.08992,0.0],[-88.005,43.08992,0.0],[-88.00476,43.08993,0.0],[-88.00463,43.08993,0.0],[-88.00422,43.08993,0.0],[-88.00408,43.08993,0.0],[-88.00387,43.08993,0.0],[-88.00323,43.08993,0.0],[-88.00302,43.08993,0.0],[-88.00278,43.08993,0.0],[-88.00205,43.08993,0.0],[-88.00181,43.08993,0.0],[-88.00158,43.08993,0.0],[-88.00086,43.08993,0.0],[-88.00062,43.08994,0.0],[-88.00039,43.08994,0.0],[-87.99968,43.08994,0.0],[-87.99945,43.08994,0.0],[-87.99921,43.08994,0.0],[-87.9985,43.08994,0.0],[-87.99826,43.08994,0.0],[-87.99802,43.08994,0.0],[-87.99731,43.08994,0.0],[-87.99707,43.08995,0.0],[-87.99682,43.08995,0.0],[-87.99608,43.08995,0.0],[-87.99583,43.08995,0.0],[-87.99559,43.08995,0.0],[-87.99485,43.08995,0.0],[-87.9946,43.08995,0.0],[-87.99434,43.08995,0.0],[-87.99355,43.08996,0.0],[-87.99329,43.08996,0.0],[-87.99304,43.08996,0.0],[-87.99231,43.08996,0.0],[-87.99206,43.08996,0.0],[-87.99181,43.08996,0.0],[-87.99105,43.08996,0.0],[-87.99079,43.08996,0.0],[-87.99054,43.08996,0.0],[-87.98978,43.08996,0.0],[-87.98952,43.08997,0.0],[-87.98953,43.08959,0.0],[-87.98953,43.08894,0.0],[-87.98954,43.08848,0.0],[-87.98954,43.0881,0.0],[-87.98955,43.08738,0.0],[-87.98959,43.08519,0.0],[-87.9896,43.08447,0.0],[-87.98961,43.08411,0.0],[-87.98963,43.08302,0.0],[-87.98964,43.08266,0.0],[-87.98938,43.08266,0.0],[-87.98862,43.08266,0.0],[-87.98836,43.08267,0.0],[-87.98812,43.08267,0.0],[-87.98738,43.08267,0.0],[-87.98713,43.08267,0.0],[-87.98714,43.0823,0.0],[-87.98717,43.08122,0.0],[-87.98717,43.08113,0.0],[-87.98718,43.08086,0.0],[-87.98719,43.08041,0.0],[-87.98723,43.07908,0.0],[-87.98724,43.07864,0.0],[-87.98726,43.07798,0.0],[-87.98731,43.07602,0.0],[-87.98732,43.07536,0.0],[-87.98756,43.07536,0.0],[-87.98825,43.07536,0.0],[-87.98848,43.07536,0.0],[-87.98871,43.07536,0.0],[-87.98938,43.07536,0.0],[-87.9896,43.07536,0.0],[-87.98982,43.07536,0.0],[-87.99047,43.07536,0.0],[-87.99069,43.07536,0.0],[-87.99103,43.07536,0.0],[-87.99204,43.07536,0.0],[-87.99238,43.07536,0.0],[-87.99268,43.07536,0.0],[-87.99359,43.07536,0.0],[-87.99389,43.07536,0.0],[-87.99457,43.07536,0.0],[-87.99662,43.07536,0.0],[-87.9973,43.07536,0.0],[-87.99751,43.07536,0.0],[-87.99813,43.07536,0.0],[-87.99834,43.07536,0.0],[-87.99893,43.07536,0.0],[-88.0007,43.07535,0.0],[-88.00129,43.07535,0.0],[-88.00198,43.07571,0.0],[-88.00404,43.07679,0.0],[-88.00478,43.07704,0.0],[-88.005,43.07711,0.0],[-88.00565,43.07734,0.0],[-88.00587,43.07742,0.0],[-88.00602,43.07747,0.0],[-88.00617,43.07752,0.0],[-88.00706,43.07782,0.0],[-88.00736,43.07793,0.0],[-88.00736,43.07845,0.0]]]]}},{"type":"Feature","properties":{"uesi_id":"USA_R251075","nbhd_code":"USA_R251075_58","nbhd_name":"Census Tract 52, Milwaukee, WI"},"geometry":{"type":"MultiPolygon","coordinates":[[[[-88.01758,43.08984,0.0],[-88.01732,43.08984,0.0],[-88.01653,43.08984,0.0],[-88.01627,43.08985,0.0],[-88.01605,43.08985,0.0],[-88.01538,43.08985,0.0],[-88.01515,43.08986,0.0],[-88.0149,43.08986,0.0],[-88.01415,43.08986,0.0],[-88.0139,43.08987,0.0],[-88.0136,43.08987,0.0],[-88.01334,43.08987,0.0],[-88.01269,43.08987,0.0],[-88.01238,43.08988,0.0],[-88.01209,43.08988,0.0],[-88.01123,43.08989,0.0],[-88.01095,43.08989,0.0],[-88.01071,43.08989,0.0],[-88.01,43.0899,0.0],[-88.00976,43.0899,0.0],[-88.00952,43.0899,0.0],[-88.0088,43.08991,0.0],[-88.00856,43.08991,0.0],[-88.00829,43.08991,0.0],[-88.0075,43.08992,0.0],[-88.00724,43.08992,0.0],[-88.00724,43.08955,0.0],[-88.00725,43.08845,0.0],[-88.00726,43.08808,0.0],[-88.00726,43.08772,0.0],[-88.00727,43.08663,0.0],[-88.00728,43.08627,0.0],[-88.00728,43.0859,0.0],[-88.00729,43.08481,0.0],[-88.0073,43.08445,0.0],[-88.0073,43.08408,0.0],[-88.00731,43.08299,0.0],[-88.00732,43.08262,0.0],[-88.00758,43.08262,0.0],[-88.00836,43.08261,0.0],[-88.00863,43.08261,0.0],[-88.00887,43.08261,0.0],[-88.00958,43.0826,0.0],[-88.00982,43.08259,0.0],[-88.01005,43.08259,0.0],[-88.01072,43.08258,0.0],[-88.01095,43.08258,0.0],[-88.01124,43.08258,0.0],[-88.01214,43.08257,0.0],[-88.01243,43.08257,0.0],[-88.01269,43.08256,0.0],[-88.01347,43.08255,0.0],[-88.01373,43.08255,0.0],[-88.01399,43.08255,0.0],[-88.01476,43.08254,0.0],[-88.01502,43.08254,0.0],[-88.01527,43.08253,0.0],[-88.01601,43.08252,0.0],[-88.01625,43.08252,0.0],[-88.01651,43.08252,0.0],[-88.01729,43.08251,0.0],[-88.01755,43.08251,0.0],[-88.01755,43.08287,0.0],[-88.01755,43.08397,0.0],[-88.01756,43.08433,0.0],[-88.01756,43.0847,0.0],[-88.01756,43.08579,0.0],[-88.01757,43.08616,0.0],[-88.01757,43.08669,0.0],[-88.01758,43.08831,0.0],[-88.01758,43.08885,0.0],[-88.01758,43.08904,0.0],[-88.01758,43.08964,0.0],[-88.01758,43.08984,0.0]]]]}},{"type":"Feature","properties":{"uesi_id":"USA_R251075","nbhd_code":"USA_R251075_59","nbhd_name":"Census Tract 53, Milwaukee, WI"},"geometry":{"type":"MultiPolygon","coordinates":[[[[-88.01755,43.08251,0.0],[-88.01729,43.08251,0.0],[-88.01651,43.08252,0.0],[-88.01625,43.08252,0.0],[-88.01601,43.08252,0.0],[-88.01527,43.08253,0.0],[-88.01502,43.08254,0.0],[-88.01476,43.08254,0.0],[-88.01399,43.08255,0.0],[-88.01373,43.08255,0.0],[-88.01347,43.08255,0.0],[-88.01269,43.08256,0.0],[-88.01243,43.08257,0.0],[-88.01214,43.08257,0.0],[-88.01124,43.08258,0.0],[-88.01095,43.08258,0.0],[-88.01072,43.08258,0.0],[-88.01005,43.08259,0.0],[-88.00982,43.08259,0.0],[-88.00958,43.0826,0.0],[-88.00887,43.08261,0.0],[-88.00863,43.08261,0.0],[-88.00836,43.08261,0.0],[-88.00758,43.08262,0.0],[-88.00732,43.08262,0.0],[-88.00732,43.08221,0.0],[-88.00733,43.08097,0.0],[-88.00734,43.08055,0.0],[-88.00734,43.08003,0.0],[-88.00736,43.07845,0.0],[-88.00736,43.07793,0.0],[-88.00736,43.07771,0.0],[-88.00737,43.07705,0.0],[-88.00737,43.07683,0.0],[-88.00737,43.07653,0.0],[-88.00738,43.07562,0.0],[-88.00738,43.07532,0.0],[-88.00764,43.07532,0.0],[-88.0084,43.07531,0.0],[-88.00866,43.07531,0.0],[-88.0089,43.0753,0.0],[-88.00961,43.07529,0.0],[-88.00985,43.07529,0.0],[-88.0101,43.07529,0.0],[-88.01086,43.07528,0.0],[-88.01112,43.07528,0.0],[-88.01138,43.07528,0.0],[-88.01216,43.07527,0.0],[-88.01242,43.07526,0.0],[-88.01267,43.07526,0.0],[-88.01341,43.07525,0.0],[-88.01366,43.07525,0.0],[-88.01391,43.07525,0.0],[-88.01465,43.07524,0.0],[-88.0149,43.07524,0.0],[-88.01515,43.07523,0.0],[-88.0159,43.07522,0.0],[-88.01616,43.07522,0.0],[-88.01642,43.07522,0.0],[-88.0172,43.07521,0.0],[-88.01746,43.07521,0.0],[-88.01747,43.07557,0.0],[-88.01748,43.07668,0.0],[-88.01748,43.07704,0.0],[-88.01749,43.07741,0.0],[-88.0175,43.07849,0.0],[-88.0175,43.07885,0.0],[-88.01751,43.07921,0.0],[-88.01752,43.0803,0.0],[-88.01753,43.08066,0.0],[-88.01753,43.08077,0.0],[-88.01753,43.0811,0.0],[-88.01753,43.08121,0.0],[-88.01753,43.08147,0.0],[-88.01754,43.08225,0.0],[-88.01755,43.08251,0.0]]]]}},{"type":"Feature","properties":{"uesi_id":"USA_R251075","nbhd_code":"USA_R251075_60","nbhd_name":"Census Tract 54, Milwaukee, WI"},"geometry":{"type":"MultiPolygon","coordinates":[[[[-88.02772,43.08968,0.0],[-88.02745,43.08968,0.0],[-88.02666,43.08969,0.0],[-88.02639,43.0897,0.0],[-88.02614,43.0897,0.0],[-88.0254,43.08971,0.0],[-88.02515,43.08972,0.0],[-88.0249,43.08972,0.0],[-88.02415,43.08973,0.0],[-88.0239,43.08974,0.0],[-88.02365,43.08974,0.0],[-88.02291,43.08975,0.0],[-88.02266,43.08976,0.0],[-88.02241,43.08976,0.0],[-88.02165,43.08977,0.0],[-88.0214,43.08978,0.0],[-88.02115,43.08978,0.0],[-88.0204,43.08979,0.0],[-88.02015,43.0898,0.0],[-88.0199,43.0898,0.0],[-88.01915,43.08981,0.0],[-88.0189,43.08982,0.0],[-88.01864,43.08982,0.0],[-88.01785,43.08983,0.0],[-88.01758,43.08984,0.0],[-88.01758,43.08964,0.0],[-88.01758,43.08904,0.0],[-88.01758,43.08885,0.0],[-88.01758,43.08831,0.0],[-88.01757,43.08669,0.0],[-88.01757,43.08616,0.0],[-88.01756,43.08579,0.0],[-88.01756,43.0847,0.0],[-88.01756,43.08433,0.0],[-88.01755,43.08397,0.0],[-88.01755,43.08287,0.0],[-88.01755,43.08251,0.0],[-88.01754,43.08225,0.0],[-88.01753,43.08147,0.0],[-88.01753,43.08121,0.0],[-88.01753,43.0811,0.0],[-88.01753,43.08077,0.0],[-88.01753,43.08066,0.0],[-88.01752,43.0803,0.0],[-88.01751,43.07921,0.0],[-88.0175,43.07885,0.0],[-88.0175,43.07849,0.0],[-88.01749,43.07741,0.0],[-88.01748,43.07704,0.0],[-88.01748,43.07668,0.0],[-88.01747,43.07557,0.0],[-88.01746,43.07521,0.0],[-88.01773,43.0752,0.0],[-88.01854,43.07519,0.0],[-88.01881,43.07519,0.0],[-88.01906,43.07518,0.0],[-88.0198,43.07517,0.0],[-88.02005,43.07517,0.0],[-88.0203,43.07516,0.0],[-88.02105,43.07515,0.0],[-88.0213,43.07515,0.0],[-88.02154,43.07514,0.0],[-88.02227,43.07513,0.0],[-88.02251,43.07513,0.0],[-88.02277,43.07513,0.0],[-88.02353,43.07511,0.0],[-88.02378,43.07511,0.0],[-88.02403,43.07511,0.0],[-88.02478,43.0751,0.0],[-88.02503,43.07509,0.0],[-88.02529,43.07509,0.0],[-88.02604,43.07508,0.0],[-88.0263,43.07507,0.0],[-88.02656,43.07507,0.0],[-88.02733,43.07506,0.0],[-88.02759,43.07505,0.0],[-88.02759,43.07544,0.0],[-88.0276,43.07659,0.0],[-88.02761,43.07697,0.0],[-88.02761,43.07733,0.0],[-88.02762,43.07842,0.0],[-88.02763,43.07879,0.0],[-88.02763,43.07915,0.0],[-88.02764,43.08023,0.0],[-88.02765,43.08059,0.0],[-88.02765,43.08095,0.0],[-88.02766,43.08202,0.0],[-88.02766,43.08238,0.0],[-88.02767,43.08274,0.0],[-88.02768,43.08383,0.0],[-88.02768,43.08419,0.0],[-88.02768,43.08435,0.0],[-88.02768,43.08485,0.0],[-88.02768,43.08502,0.0],[-88.02769,43.08576,0.0],[-88.0277,43.08798,0.0],[-88.02771,43.08872,0.0],[-88.02771,43.08891,0.0],[-88.02772,43.08948,0.0],[-88.02772,43.08968,0.0]]]]}},{"type":"Feature","properties":{"uesi_id":"USA_R251075","nbhd_code":"USA_R251075_61","nbhd_name":"Census Tract 55, Milwaukee, WI"},"geometry":{"type":"MultiPolygon","coordinates":[[[[-88.03946,43.08968,0.0],[-88.03911,43.08968,0.0],[-88.03807,43.08968,0.0],[-88.03772,43.08969,0.0],[-88.03725,43.08968,0.0],[-88.03618,43.08968,0.0],[-88.03586,43.08968,0.0],[-88.03539,43.08968,0.0],[-88.0354,43.08964,0.0],[-88.03541,43.08947,0.0],[-88.0354,43.08944,0.0],[-88.0354,43.08937,0.0],[-88.03538,43.08928,0.0],[-88.03533,43.08918,0.0],[-88.03526,43.08908,0.0],[-88.03513,43.08893,0.0],[-88.03503,43.08882,0.0],[-88.03485,43.08865,0.0],[-88.03461,43.08872,0.0],[-88.03445,43.08872,0.0],[-88.03322,43.08872,0.0],[-88.03281,43.08872,0.0],[-88.03247,43.08872,0.0],[-88.03143,43.08872,0.0],[-88.03109,43.08872,0.0],[-88.03068,43.08872,0.0],[-88.02944,43.08872,0.0],[-88.02903,43.08872,0.0],[-88.02903,43.08891,0.0],[-88.02903,43.08948,0.0],[-88.02903,43.08963,0.0],[-88.02903,43.08967,0.0],[-88.02877,43.08967,0.0],[-88.02798,43.08967,0.0],[-88.02774,43.08967,0.0],[-88.02772,43.08968,0.0],[-88.02772,43.08948,0.0],[-88.02771,43.08891,0.0],[-88.02771,43.08872,0.0],[-88.0277,43.08798,0.0],[-88.02769,43.08576,0.0],[-88.02768,43.08502,0.0],[-88.02768,43.08485,0.0],[-88.02768,43.08435,0.0],[-88.02768,43.08419,0.0],[-88.02768,43.08383,0.0],[-88.02767,43.08274,0.0],[-88.02766,43.08238,0.0],[-88.02766,43.08202,0.0],[-88.02765,43.08095,0.0],[-88.02765,43.08059,0.0],[-88.02764,43.08023,0.0],[-88.02763,43.07915,0.0],[-88.02763,43.07879,0.0],[-88.02762,43.07842,0.0],[-88.02761,43.07733,0.0],[-88.02761,43.07697,0.0],[-88.0276,43.07659,0.0],[-88.02759,43.07544,0.0],[-88.02759,43.07505,0.0],[-88.02785,43.07505,0.0],[-88.02862,43.07505,0.0],[-88.02888,43.07505,0.0],[-88.02912,43.07505,0.0],[-88.02984,43.07504,0.0],[-88.03007,43.07504,0.0],[-88.03031,43.07504,0.0],[-88.03102,43.07504,0.0],[-88.03126,43.07503,0.0],[-88.03161,43.07503,0.0],[-88.03267,43.07503,0.0],[-88.03302,43.07502,0.0],[-88.03326,43.07502,0.0],[-88.03399,43.07502,0.0],[-88.03423,43.07502,0.0],[-88.03448,43.07502,0.0],[-88.03521,43.07501,0.0],[-88.03562,43.07501,0.0],[-88.03561,43.07479,0.0],[-88.03644,43.07478,0.0],[-88.03838,43.07476,0.0],[-88.03838,43.07498,0.0],[-88.03839,43.07515,0.0],[-88.03829,43.07532,0.0],[-88.03798,43.07542,0.0],[-88.03775,43.07551,0.0],[-88.03763,43.0755,0.0],[-88.0369,43.0755,0.0],[-88.0367,43.0755,0.0],[-88.03663,43.0755,0.0],[-88.03562,43.07552,0.0],[-88.03563,43.07556,0.0],[-88.03565,43.07561,0.0],[-88.03566,43.07565,0.0],[-88.03568,43.0757,0.0],[-88.0357,43.07574,0.0],[-88.03572,43.07579,0.0],[-88.03574,43.07583,0.0],[-88.03576,43.07587,0.0],[-88.0358,43.07594,0.0],[-88.03583,43.076,0.0],[-88.03589,43.07609,0.0],[-88.03559,43.07619,0.0],[-88.03494,43.07643,0.0],[-88.03472,43.07651,0.0],[-88.03467,43.07643,0.0],[-88.03459,43.07628,0.0],[-88.03454,43.07619,0.0],[-88.03452,43.07615,0.0],[-88.0345,43.07611,0.0],[-88.03445,43.076,0.0],[-88.03433,43.07603,0.0],[-88.03387,43.07614,0.0],[-88.03388,43.07617,0.0],[-88.03389,43.07619,0.0],[-88.0339,43.07622,0.0],[-88.03392,43.07625,0.0],[-88.03393,43.07626,0.0],[-88.03393,43.07628,0.0],[-88.03394,43.0763,0.0],[-88.03396,43.07633,0.0],[-88.03397,43.07636,0.0],[-88.03399,43.07639,0.0],[-88.034,43.07641,0.0],[-88.03401,43.07644,0.0],[-88.03403,43.07647,0.0],[-88.03405,43.0765,0.0],[-88.03406,43.07652,0.0],[-88.03408,43.07655,0.0],[-88.03409,43.07658,0.0],[-88.03411,43.07661,0.0],[-88.03413,43.07663,0.0],[-88.03414,43.07666,0.0],[-88.03416,43.07669,0.0],[-88.03417,43.0767,0.0],[-88.0342,43.07674,0.0],[-88.03422,43.07677,0.0],[-88.03423,43.07679,0.0],[-88.03425,43.07682,0.0],[-88.03427,43.07684,0.0],[-88.03429,43.07687,0.0],[-88.03431,43.07689,0.0],[-88.03433,43.07692,0.0],[-88.03435,43.07694,0.0],[-88.03437,43.07697,0.0],[-88.03439,43.07699,0.0],[-88.03441,43.07702,0.0],[-88.03443,43.07704,0.0],[-88.03445,43.07707,0.0],[-88.03447,43.07709,0.0],[-88.0345,43.07712,0.0],[-88.03452,43.07714,0.0],[-88.03454,43.07717,0.0],[-88.03456,43.07719,0.0],[-88.03458,43.07721,0.0],[-88.03461,43.07724,0.0],[-88.03463,43.07726,0.0],[-88.03465,43.07728,0.0],[-88.03468,43.07731,0.0],[-88.0347,43.07733,0.0],[-88.03472,43.07735,0.0],[-88.03475,43.07738,0.0],[-88.03477,43.0774,0.0],[-88.0348,43.07742,0.0],[-88.03482,43.07744,0.0],[-88.03485,43.07747,0.0],[-88.03487,43.07749,0.0],[-88.0349,43.07751,0.0],[-88.03493,43.07753,0.0],[-88.03495,43.07756,0.0],[-88.03498,43.07758,0.0],[-88.035,43.0776,0.0],[-88.03503,43.07762,0.0],[-88.03506,43.07764,0.0],[-88.03478,43.07783,0.0],[-88.03463,43.07794,0.0],[-88.03456,43.07789,0.0],[-88.03419,43.07813,0.0],[-88.03425,43.07827,0.0],[-88.03426,43.0783,0.0],[-88.03449,43.07829,0.0],[-88.03479,43.07846,0.0],[-88.03479,43.0787,0.0],[-88.03493,43.0787,0.0],[-88.03536,43.0787,0.0],[-88.0355,43.0787,0.0],[-88.0355,43.07858,0.0],[-88.03548,43.07853,0.0],[-88.03547,43.07851,0.0],[-88.03543,43.07847,0.0],[-88.03506,43.07823,0.0],[-88.03492,43.07813,0.0],[-88.03487,43.0781,0.0],[-88.03483,43.07807,0.0],[-88.03521,43.07778,0.0],[-88.03529,43.07784,0.0],[-88.03547,43.07795,0.0],[-88.0356,43.07802,0.0],[-88.03563,43.07803,0.0],[-88.0357,43.07804,0.0],[-88.03631,43.07827,0.0],[-88.03687,43.07842,0.0],[-88.03687,43.07869,0.0],[-88.03699,43.07869,0.0],[-88.03759,43.07869,0.0],[-88.03779,43.07869,0.0],[-88.03784,43.07869,0.0],[-88.03791,43.07869,0.0],[-88.03791,43.07886,0.0],[-88.03874,43.07891,0.0],[-88.03882,43.07922,0.0],[-88.03891,43.07956,0.0],[-88.03891,43.08046,0.0],[-88.03893,43.08226,0.0],[-88.0387,43.08226,0.0],[-88.03841,43.08227,0.0],[-88.03841,43.08233,0.0],[-88.03841,43.08314,0.0],[-88.0384,43.08378,0.0],[-88.03775,43.08378,0.0],[-88.03775,43.08403,0.0],[-88.03775,43.08411,0.0],[-88.0379,43.08411,0.0],[-88.03835,43.08411,0.0],[-88.0384,43.08411,0.0],[-88.03849,43.08411,0.0],[-88.03849,43.0843,0.0],[-88.03849,43.08444,0.0],[-88.03848,43.08503,0.0],[-88.03848,43.08515,0.0],[-88.03774,43.08515,0.0],[-88.03774,43.08518,0.0],[-88.03774,43.08526,0.0],[-88.03814,43.08526,0.0],[-88.03839,43.08526,0.0],[-88.03839,43.08531,0.0],[-88.03839,43.08571,0.0],[-88.03774,43.0857,0.0],[-88.03774,43.08586,0.0],[-88.03774,43.08592,0.0],[-88.03793,43.08592,0.0],[-88.03839,43.08592,0.0],[-88.03839,43.08626,0.0],[-88.03838,43.0868,0.0],[-88.03807,43.0868,0.0],[-88.03773,43.0868,0.0],[-88.03773,43.08772,0.0],[-88.03773,43.08774,0.0],[-88.03824,43.08773,0.0],[-88.03824,43.0892,0.0],[-88.03834,43.08924,0.0],[-88.03849,43.0893,0.0],[-88.03869,43.08938,0.0],[-88.03894,43.08948,0.0],[-88.03927,43.08961,0.0],[-88.03946,43.08968,0.0]]]]}},{"type":"Feature","properties":{"uesi_id":"USA_R251075","nbhd_code":"USA_R251075_62","nbhd_name":"Census Tract 56, Milwaukee, WI"},"geometry":{"type":"MultiPolygon","coordinates":[[[[-88.03843,43.06881,0.0],[-88.0378,43.06881,0.0],[-88.03776,43.06881,0.0],[-88.03771,43.06881,0.0],[-88.03758,43.06882,0.0],[-88.03705,43.06882,0.0],[-88.03688,43.06883,0.0],[-88.03688,43.06889,0.0],[-88.03682,43.06927,0.0],[-88.03678,43.06946,0.0],[-88.03675,43.06957,0.0],[-88.03666,43.06982,0.0],[-88.03657,43.06999,0.0],[-88.03644,43.07017,0.0],[-88.03627,43.07036,0.0],[-88.03608,43.07053,0.0],[-88.03591,43.07067,0.0],[-88.0357,43.07086,0.0],[-88.03563,43.07094,0.0],[-88.03557,43.07101,0.0],[-88.03547,43.07116,0.0],[-88.0354,43.07129,0.0],[-88.03532,43.0715,0.0],[-88.03522,43.07188,0.0],[-88.03523,43.0722,0.0],[-88.03528,43.0726,0.0],[-88.03544,43.0732,0.0],[-88.03549,43.07352,0.0],[-88.03552,43.07384,0.0],[-88.03558,43.07411,0.0],[-88.0356,43.07436,0.0],[-88.03561,43.07479,0.0],[-88.03562,43.07501,0.0],[-88.03521,43.07501,0.0],[-88.03448,43.07502,0.0],[-88.03423,43.07502,0.0],[-88.03399,43.07502,0.0],[-88.03326,43.07502,0.0],[-88.03302,43.07502,0.0],[-88.03267,43.07503,0.0],[-88.03161,43.07503,0.0],[-88.03126,43.07503,0.0],[-88.03102,43.07504,0.0],[-88.03031,43.07504,0.0],[-88.03007,43.07504,0.0],[-88.02984,43.07504,0.0],[-88.02912,43.07505,0.0],[-88.02888,43.07505,0.0],[-88.02862,43.07505,0.0],[-88.02785,43.07505,0.0],[-88.02759,43.07505,0.0],[-88.02733,43.07506,0.0],[-88.02656,43.07507,0.0],[-88.0263,43.07507,0.0],[-88.02604,43.07508,0.0],[-88.02529,43.07509,0.0],[-88.02503,43.07509,0.0],[-88.02478,43.0751,0.0],[-88.02403,43.07511,0.0],[-88.02378,43.07511,0.0],[-88.02353,43.07511,0.0],[-88.02277,43.07513,0.0],[-88.02251,43.07513,0.0],[-88.02227,43.07513,0.0],[-88.02154,43.07514,0.0],[-88.0213,43.07515,0.0],[-88.02105,43.07515,0.0],[-88.0203,43.07516,0.0],[-88.02005,43.07517,0.0],[-88.0198,43.07517,0.0],[-88.01906,43.07518,0.0],[-88.01881,43.07519,0.0],[-88.01881,43.07482,0.0],[-88.0188,43.07373,0.0],[-88.01879,43.07337,0.0],[-88.01879,43.073,0.0],[-88.01878,43.0719,0.0],[-88.01878,43.07153,0.0],[-88.01878,43.07118,0.0],[-88.01878,43.07013,0.0],[-88.01878,43.06977,0.0],[-88.01877,43.0694,0.0],[-88.01877,43.06826,0.0],[-88.01877,43.06788,0.0],[-88.01873,43.06788,0.0],[-88.01861,43.06788,0.0],[-88.01857,43.06788,0.0],[-88.01857,43.06784,0.0],[-88.01857,43.06777,0.0],[-88.01857,43.06742,0.0],[-88.0197,43.0674,0.0],[-88.02111,43.06738,0.0],[-88.02249,43.06736,0.0],[-88.02375,43.06734,0.0],[-88.02501,43.06732,0.0],[-88.02627,43.0673,0.0],[-88.02753,43.06728,0.0],[-88.02868,43.06725,0.0],[-88.02973,43.06724,0.0],[-88.03073,43.06722,0.0],[-88.03208,43.0672,0.0],[-88.03509,43.06715,0.0],[-88.03634,43.06714,0.0],[-88.03729,43.06712,0.0],[-88.0374,43.06712,0.0],[-88.03741,43.06717,0.0],[-88.03742,43.06723,0.0],[-88.03743,43.06732,0.0],[-88.03743,43.06742,0.0],[-88.03744,43.06749,0.0],[-88.03745,43.06758,0.0],[-88.03745,43.0676,0.0],[-88.03841,43.06759,0.0],[-88.03842,43.06799,0.0],[-88.03842,43.06827,0.0],[-88.03843,43.06881,0.0]]]]}},{"type":"Feature","properties":{"uesi_id":"USA_R251075","nbhd_code":"USA_R251075_63","nbhd_name":"Census Tract 57, Milwaukee, WI"},"geometry":{"type":"MultiPolygon","coordinates":[[[[-88.01881,43.07519,0.0],[-88.01854,43.07519,0.0],[-88.01773,43.0752,0.0],[-88.01746,43.07521,0.0],[-88.0172,43.07521,0.0],[-88.01642,43.07522,0.0],[-88.01616,43.07522,0.0],[-88.0159,43.07522,0.0],[-88.01515,43.07523,0.0],[-88.0149,43.07524,0.0],[-88.01465,43.07524,0.0],[-88.01391,43.07525,0.0],[-88.01366,43.07525,0.0],[-88.01341,43.07525,0.0],[-88.01267,43.07526,0.0],[-88.01242,43.07526,0.0],[-88.01216,43.07527,0.0],[-88.01138,43.07528,0.0],[-88.01112,43.07528,0.0],[-88.01086,43.07528,0.0],[-88.0101,43.07529,0.0],[-88.00985,43.07529,0.0],[-88.00961,43.07529,0.0],[-88.0089,43.0753,0.0],[-88.00866,43.07531,0.0],[-88.0084,43.07531,0.0],[-88.00764,43.07532,0.0],[-88.00738,43.07532,0.0],[-88.00738,43.07496,0.0],[-88.0074,43.07386,0.0],[-88.0074,43.0735,0.0],[-88.0074,43.07313,0.0],[-88.00741,43.07204,0.0],[-88.00741,43.07168,0.0],[-88.00741,43.07131,0.0],[-88.00742,43.07022,0.0],[-88.00743,43.06986,0.0],[-88.00743,43.06975,0.0],[-88.00743,43.06947,0.0],[-88.00743,43.06942,0.0],[-88.00743,43.06931,0.0],[-88.00743,43.06924,0.0],[-88.00743,43.06902,0.0],[-88.00744,43.06895,0.0],[-88.00744,43.06877,0.0],[-88.00744,43.06823,0.0],[-88.00744,43.06804,0.0],[-88.00744,43.06796,0.0],[-88.00744,43.0677,0.0],[-88.00744,43.06762,0.0],[-88.00855,43.06756,0.0],[-88.00992,43.06754,0.0],[-88.01245,43.06751,0.0],[-88.01371,43.06749,0.0],[-88.01494,43.06747,0.0],[-88.0162,43.06746,0.0],[-88.01686,43.06745,0.0],[-88.01745,43.06744,0.0],[-88.01857,43.06742,0.0],[-88.01857,43.06777,0.0],[-88.01857,43.06784,0.0],[-88.01857,43.06788,0.0],[-88.01861,43.06788,0.0],[-88.01873,43.06788,0.0],[-88.01877,43.06788,0.0],[-88.01877,43.06826,0.0],[-88.01877,43.0694,0.0],[-88.01878,43.06977,0.0],[-88.01878,43.07013,0.0],[-88.01878,43.07118,0.0],[-88.01878,43.07153,0.0],[-88.01878,43.0719,0.0],[-88.01879,43.073,0.0],[-88.01879,43.07337,0.0],[-88.0188,43.07373,0.0],[-88.01881,43.07482,0.0],[-88.01881,43.07519,0.0]]]]}},{"type":"Feature","properties":{"uesi_id":"USA_R251075","nbhd_code":"USA_R251075_64","nbhd_name":"Census Tract 58, Milwaukee, WI"},"geometry":{"type":"MultiPolygon","coordinates":[[[[-88.00743,43.06986,0.0],[-88.00742,43.07022,0.0],[-88.00741,43.07131,0.0],[-88.00741,43.07168,0.0],[-88.00741,43.07204,0.0],[-88.0074,43.07313,0.0],[-88.0074,43.0735,0.0],[-88.0074,43.07386,0.0],[-88.00738,43.07496,0.0],[-88.00738,43.07532,0.0],[-88.00738,43.07562,0.0],[-88.00737,43.07653,0.0],[-88.00737,43.07683,0.0],[-88.00737,43.07705,0.0],[-88.00736,43.07771,0.0],[-88.00736,43.07793,0.0],[-88.00706,43.07782,0.0],[-88.00617,43.07752,0.0],[-88.00602,43.07747,0.0],[-88.00587,43.07742,0.0],[-88.00565,43.07734,0.0],[-88.005,43.07711,0.0],[-88.00478,43.07704,0.0],[-88.00404,43.07679,0.0],[-88.00198,43.07571,0.0],[-88.00129,43.07535,0.0],[-88.0007,43.07535,0.0],[-87.99893,43.07536,0.0],[-87.99834,43.07536,0.0],[-87.99813,43.07536,0.0],[-87.99751,43.07536,0.0],[-87.9973,43.07536,0.0],[-87.99662,43.07536,0.0],[-87.99457,43.07536,0.0],[-87.99389,43.07536,0.0],[-87.99359,43.07536,0.0],[-87.99268,43.07536,0.0],[-87.99238,43.07536,0.0],[-87.99221,43.07521,0.0],[-87.99169,43.07476,0.0],[-87.99151,43.07461,0.0],[-87.99159,43.07456,0.0],[-87.99179,43.07444,0.0],[-87.99185,43.07444,0.0],[-87.99195,43.07444,0.0],[-87.99195,43.07426,0.0],[-87.99196,43.07372,0.0],[-87.99196,43.07354,0.0],[-87.99197,43.07335,0.0],[-87.99197,43.07281,0.0],[-87.99198,43.07263,0.0],[-87.99199,43.07168,0.0],[-87.992,43.07078,0.0],[-87.99205,43.07052,0.0],[-87.99311,43.06941,0.0],[-87.99325,43.06923,0.0],[-87.99335,43.06908,0.0],[-87.99343,43.06891,0.0],[-87.99347,43.06879,0.0],[-87.9935,43.06866,0.0],[-87.99352,43.06855,0.0],[-87.99353,43.06841,0.0],[-87.99353,43.06804,0.0],[-87.99481,43.06804,0.0],[-87.99502,43.06803,0.0],[-87.99605,43.06803,0.0],[-87.9962,43.06803,0.0],[-87.99644,43.06803,0.0],[-87.99718,43.06803,0.0],[-87.99743,43.06803,0.0],[-87.99765,43.06803,0.0],[-87.99833,43.06804,0.0],[-87.99856,43.06804,0.0],[-87.99877,43.06804,0.0],[-87.99943,43.06804,0.0],[-87.99965,43.06804,0.0],[-87.99986,43.06804,0.0],[-88.00048,43.06804,0.0],[-88.00069,43.06804,0.0],[-88.00093,43.06804,0.0],[-88.00162,43.06804,0.0],[-88.00186,43.06805,0.0],[-88.0023,43.06804,0.0],[-88.00243,43.06804,0.0],[-88.0024,43.06941,0.0],[-88.0024,43.06947,0.0],[-88.00296,43.06946,0.0],[-88.00408,43.06947,0.0],[-88.00517,43.06947,0.0],[-88.00625,43.06947,0.0],[-88.00743,43.06947,0.0],[-88.00743,43.06975,0.0],[-88.00743,43.06986,0.0]]]]}},{"type":"Feature","properties":{"uesi_id":"USA_R251075","nbhd_code":"USA_R251075_65","nbhd_name":"Census Tract 59, Milwaukee, WI"},"geometry":{"type":"MultiPolygon","coordinates":[[[[-87.99353,43.06774,0.0],[-87.99353,43.06804,0.0],[-87.99353,43.06841,0.0],[-87.99352,43.06855,0.0],[-87.9935,43.06866,0.0],[-87.99347,43.06879,0.0],[-87.99343,43.06891,0.0],[-87.99335,43.06908,0.0],[-87.99325,43.06923,0.0],[-87.99311,43.06941,0.0],[-87.99205,43.07052,0.0],[-87.992,43.07078,0.0],[-87.99199,43.07168,0.0],[-87.98858,43.07168,0.0],[-87.9881,43.07168,0.0],[-87.98739,43.07168,0.0],[-87.98627,43.07171,0.0],[-87.98514,43.07169,0.0],[-87.98495,43.07169,0.0],[-87.98439,43.07169,0.0],[-87.9842,43.07169,0.0],[-87.98401,43.07168,0.0],[-87.98345,43.07168,0.0],[-87.98326,43.07168,0.0],[-87.98303,43.07167,0.0],[-87.98232,43.07167,0.0],[-87.98208,43.07167,0.0],[-87.98185,43.07166,0.0],[-87.98116,43.07166,0.0],[-87.98094,43.07166,0.0],[-87.9807,43.07165,0.0],[-87.98001,43.07165,0.0],[-87.97978,43.07164,0.0],[-87.97955,43.07164,0.0],[-87.97884,43.07164,0.0],[-87.97861,43.07164,0.0],[-87.97861,43.07127,0.0],[-87.97863,43.07016,0.0],[-87.97864,43.06979,0.0],[-87.97865,43.06943,0.0],[-87.97866,43.06834,0.0],[-87.97867,43.06798,0.0],[-87.97867,43.06761,0.0],[-87.97869,43.06649,0.0],[-87.97869,43.06612,0.0],[-87.97869,43.06576,0.0],[-87.97871,43.06467,0.0],[-87.97871,43.0643,0.0],[-87.97895,43.0643,0.0],[-87.97965,43.06431,0.0],[-87.97989,43.06431,0.0],[-87.98018,43.06431,0.0],[-87.98094,43.06432,0.0],[-87.9819,43.06432,0.0],[-87.98213,43.06432,0.0],[-87.9828,43.06433,0.0],[-87.98303,43.06433,0.0],[-87.98325,43.06433,0.0],[-87.98392,43.06434,0.0],[-87.98415,43.06434,0.0],[-87.98437,43.06434,0.0],[-87.98504,43.06434,0.0],[-87.98526,43.06435,0.0],[-87.98548,43.06435,0.0],[-87.98615,43.06435,0.0],[-87.98637,43.06435,0.0],[-87.9866,43.06436,0.0],[-87.98728,43.06437,0.0],[-87.9875,43.06438,0.0],[-87.98773,43.06437,0.0],[-87.98812,43.06437,0.0],[-87.98841,43.06437,0.0],[-87.98861,43.06437,0.0],[-87.98864,43.06435,0.0],[-87.98871,43.06435,0.0],[-87.98892,43.06435,0.0],[-87.98899,43.06435,0.0],[-87.98914,43.06435,0.0],[-87.9892,43.06435,0.0],[-87.98918,43.06617,0.0],[-87.98918,43.06761,0.0],[-87.98932,43.06762,0.0],[-87.98932,43.06757,0.0],[-87.98973,43.06757,0.0],[-87.99085,43.06758,0.0],[-87.99211,43.06759,0.0],[-87.9921,43.06618,0.0],[-87.99354,43.06619,0.0],[-87.99353,43.06774,0.0]]]]}},{"type":"Feature","properties":{"uesi_id":"USA_R251075","nbhd_code":"USA_R251075_66","nbhd_name":"Census Tract 60, Milwaukee, WI"},"geometry":{"type":"MultiPolygon","coordinates":[[[[-87.97871,43.06467,0.0],[-87.97869,43.06576,0.0],[-87.97869,43.06612,0.0],[-87.97869,43.06649,0.0],[-87.97867,43.06761,0.0],[-87.97867,43.06798,0.0],[-87.97866,43.06834,0.0],[-87.97865,43.06943,0.0],[-87.97864,43.06979,0.0],[-87.97863,43.07016,0.0],[-87.97861,43.07127,0.0],[-87.97861,43.07164,0.0],[-87.97836,43.07163,0.0],[-87.97764,43.07163,0.0],[-87.9774,43.07162,0.0],[-87.97715,43.07162,0.0],[-87.97638,43.07162,0.0],[-87.97613,43.07162,0.0],[-87.97588,43.07161,0.0],[-87.97513,43.07161,0.0],[-87.97487,43.07161,0.0],[-87.97463,43.0716,0.0],[-87.97388,43.0716,0.0],[-87.97364,43.0716,0.0],[-87.97338,43.0716,0.0],[-87.97262,43.07159,0.0],[-87.97237,43.07159,0.0],[-87.97237,43.07122,0.0],[-87.97239,43.07012,0.0],[-87.97239,43.06975,0.0],[-87.9724,43.06939,0.0],[-87.97241,43.0683,0.0],[-87.97241,43.06793,0.0],[-87.97242,43.06757,0.0],[-87.97243,43.06646,0.0],[-87.97244,43.0661,0.0],[-87.97244,43.06573,0.0],[-87.97246,43.06464,0.0],[-87.97246,43.06428,0.0],[-87.97272,43.06428,0.0],[-87.9735,43.06428,0.0],[-87.97376,43.06428,0.0],[-87.974,43.06428,0.0],[-87.97475,43.06428,0.0],[-87.975,43.06428,0.0],[-87.97525,43.06429,0.0],[-87.976,43.06429,0.0],[-87.97625,43.06429,0.0],[-87.97651,43.06429,0.0],[-87.97727,43.06429,0.0],[-87.97752,43.0643,0.0],[-87.97776,43.0643,0.0],[-87.97847,43.0643,0.0],[-87.97871,43.0643,0.0],[-87.97871,43.06467,0.0]]]]}},{"type":"Feature","properties":{"uesi_id":"USA_R251075","nbhd_code":"USA_R251075_67","nbhd_name":"Census Tract 61, Milwaukee, WI"},"geometry":{"type":"MultiPolygon","coordinates":[[[[-87.97246,43.06464,0.0],[-87.97244,43.06573,0.0],[-87.97244,43.0661,0.0],[-87.97243,43.06646,0.0],[-87.97242,43.06757,0.0],[-87.97241,43.06793,0.0],[-87.97241,43.0683,0.0],[-87.9724,43.06939,0.0],[-87.97239,43.06975,0.0],[-87.97239,43.07012,0.0],[-87.97237,43.07122,0.0],[-87.97237,43.07159,0.0],[-87.97212,43.07158,0.0],[-87.97139,43.07158,0.0],[-87.97114,43.07158,0.0],[-87.97089,43.07158,0.0],[-87.97015,43.07157,0.0],[-87.96991,43.07157,0.0],[-87.96967,43.07156,0.0],[-87.96896,43.07156,0.0],[-87.96872,43.07156,0.0],[-87.96742,43.07155,0.0],[-87.96686,43.07157,0.0],[-87.96574,43.07154,0.0],[-87.96447,43.07154,0.0],[-87.96448,43.07118,0.0],[-87.9645,43.07008,0.0],[-87.96451,43.06971,0.0],[-87.96451,43.06935,0.0],[-87.96453,43.06826,0.0],[-87.96454,43.0679,0.0],[-87.96454,43.06753,0.0],[-87.96455,43.06643,0.0],[-87.96456,43.06607,0.0],[-87.96456,43.0657,0.0],[-87.96458,43.06462,0.0],[-87.96459,43.06426,0.0],[-87.96484,43.06426,0.0],[-87.96559,43.06426,0.0],[-87.96584,43.06426,0.0],[-87.96618,43.06426,0.0],[-87.96719,43.06426,0.0],[-87.96752,43.06426,0.0],[-87.96778,43.06426,0.0],[-87.96857,43.06426,0.0],[-87.96883,43.06426,0.0],[-87.96907,43.06426,0.0],[-87.96977,43.06426,0.0],[-87.97001,43.06426,0.0],[-87.97026,43.06427,0.0],[-87.971,43.06427,0.0],[-87.97125,43.06427,0.0],[-87.97149,43.06427,0.0],[-87.97222,43.06427,0.0],[-87.97246,43.06428,0.0],[-87.97246,43.06464,0.0]]]]}},{"type":"Feature","properties":{"uesi_id":"USA_R251075","nbhd_code":"USA_R251075_68","nbhd_name":"Census Tract 62, Milwaukee, WI"},"geometry":{"type":"MultiPolygon","coordinates":[[[[-87.96458,43.06462,0.0],[-87.96456,43.0657,0.0],[-87.96456,43.06607,0.0],[-87.96455,43.06643,0.0],[-87.96454,43.06753,0.0],[-87.96454,43.0679,0.0],[-87.96453,43.06826,0.0],[-87.96451,43.06935,0.0],[-87.96451,43.06971,0.0],[-87.9645,43.07008,0.0],[-87.96448,43.07118,0.0],[-87.96447,43.07154,0.0],[-87.96424,43.07154,0.0],[-87.96355,43.07155,0.0],[-87.96331,43.07155,0.0],[-87.96308,43.07155,0.0],[-87.96238,43.07155,0.0],[-87.96214,43.07155,0.0],[-87.9619,43.07155,0.0],[-87.96119,43.07155,0.0],[-87.96095,43.07155,0.0],[-87.96071,43.07155,0.0],[-87.95999,43.07155,0.0],[-87.95976,43.07155,0.0],[-87.95952,43.07155,0.0],[-87.9588,43.07155,0.0],[-87.95857,43.07156,0.0],[-87.95833,43.07156,0.0],[-87.9576,43.07156,0.0],[-87.95736,43.07156,0.0],[-87.95736,43.07119,0.0],[-87.95738,43.07009,0.0],[-87.95739,43.06973,0.0],[-87.95739,43.06936,0.0],[-87.95741,43.06827,0.0],[-87.95741,43.0679,0.0],[-87.95742,43.06754,0.0],[-87.95743,43.06644,0.0],[-87.95744,43.06607,0.0],[-87.95744,43.06571,0.0],[-87.95746,43.06462,0.0],[-87.95747,43.06426,0.0],[-87.95771,43.06426,0.0],[-87.95843,43.06426,0.0],[-87.95867,43.06425,0.0],[-87.95891,43.06425,0.0],[-87.95962,43.06425,0.0],[-87.95986,43.06426,0.0],[-87.96009,43.06426,0.0],[-87.96081,43.06426,0.0],[-87.96105,43.06426,0.0],[-87.96129,43.06426,0.0],[-87.96201,43.06426,0.0],[-87.96225,43.06426,0.0],[-87.96248,43.06426,0.0],[-87.96319,43.06426,0.0],[-87.96342,43.06426,0.0],[-87.96366,43.06426,0.0],[-87.96436,43.06426,0.0],[-87.96459,43.06426,0.0],[-87.96458,43.06462,0.0]]]]}},{"type":"Feature","properties":{"uesi_id":"USA_R251075","nbhd_code":"USA_R251075_69","nbhd_name":"Census Tract 63, Milwaukee, WI"},"geometry":{"type":"MultiPolygon","coordinates":[[[[-87.95746,43.07521,0.0],[-87.95728,43.07702,0.0],[-87.95727,43.07744,0.0],[-87.95725,43.0787,0.0],[-87.95725,43.07912,0.0],[-87.95724,43.07952,0.0],[-87.95722,43.08072,0.0],[-87.95722,43.08113,0.0],[-87.95643,43.08113,0.0],[-87.95409,43.08114,0.0],[-87.95331,43.08114,0.0],[-87.95327,43.08114,0.0],[-87.9528,43.08114,0.0],[-87.95138,43.08115,0.0],[-87.95091,43.08115,0.0],[-87.95067,43.08115,0.0],[-87.94993,43.08115,0.0],[-87.94969,43.08115,0.0],[-87.94944,43.08115,0.0],[-87.94869,43.08115,0.0],[-87.94844,43.08116,0.0],[-87.94819,43.08115,0.0],[-87.94743,43.08115,0.0],[-87.94718,43.08115,0.0],[-87.94719,43.08075,0.0],[-87.94721,43.07957,0.0],[-87.94722,43.07918,0.0],[-87.94723,43.07875,0.0],[-87.94725,43.07745,0.0],[-87.94726,43.07702,0.0],[-87.94727,43.07666,0.0],[-87.94729,43.07559,0.0],[-87.94729,43.07523,0.0],[-87.9473,43.07486,0.0],[-87.94731,43.07376,0.0],[-87.94732,43.07339,0.0],[-87.94732,43.07303,0.0],[-87.94734,43.07194,0.0],[-87.94734,43.07158,0.0],[-87.94759,43.07158,0.0],[-87.94834,43.07157,0.0],[-87.94859,43.07157,0.0],[-87.94884,43.07157,0.0],[-87.94958,43.07157,0.0],[-87.94982,43.07157,0.0],[-87.95007,43.07157,0.0],[-87.9508,43.07157,0.0],[-87.95105,43.07157,0.0],[-87.95137,43.07157,0.0],[-87.95235,43.07157,0.0],[-87.95254,43.07157,0.0],[-87.95268,43.07157,0.0],[-87.95272,43.07157,0.0],[-87.95295,43.07157,0.0],[-87.95297,43.07156,0.0],[-87.9537,43.07156,0.0],[-87.95395,43.07156,0.0],[-87.95418,43.07156,0.0],[-87.95489,43.07156,0.0],[-87.95513,43.07156,0.0],[-87.95534,43.07156,0.0],[-87.95597,43.07156,0.0],[-87.95619,43.07156,0.0],[-87.95642,43.07156,0.0],[-87.95713,43.07156,0.0],[-87.95736,43.07156,0.0],[-87.95733,43.07337,0.0],[-87.95746,43.07521,0.0]]]]}},{"type":"Feature","properties":{"uesi_id":"USA_R251075","nbhd_code":"USA_R251075_70","nbhd_name":"Census Tract 64, Milwaukee, WI"},"geometry":{"type":"MultiPolygon","coordinates":[[[[-87.94734,43.07194,0.0],[-87.94732,43.07303,0.0],[-87.94732,43.07339,0.0],[-87.94731,43.07376,0.0],[-87.9473,43.07486,0.0],[-87.94729,43.07523,0.0],[-87.94729,43.07559,0.0],[-87.94727,43.07666,0.0],[-87.94726,43.07702,0.0],[-87.94701,43.07701,0.0],[-87.94673,43.07701,0.0],[-87.94625,43.077,0.0],[-87.94599,43.07699,0.0],[-87.94575,43.07699,0.0],[-87.945,43.07698,0.0],[-87.94475,43.07697,0.0],[-87.9445,43.07697,0.0],[-87.94376,43.07696,0.0],[-87.94351,43.07695,0.0],[-87.94327,43.07695,0.0],[-87.94253,43.07694,0.0],[-87.94228,43.07694,0.0],[-87.94204,43.07693,0.0],[-87.94133,43.07692,0.0],[-87.9411,43.07692,0.0],[-87.93876,43.07688,0.0],[-87.93849,43.07691,0.0],[-87.93834,43.0769,0.0],[-87.93733,43.07683,0.0],[-87.93735,43.07577,0.0],[-87.93736,43.07563,0.0],[-87.93736,43.07522,0.0],[-87.93737,43.07508,0.0],[-87.93737,43.07471,0.0],[-87.93739,43.07361,0.0],[-87.9374,43.07324,0.0],[-87.9374,43.07288,0.0],[-87.93742,43.0718,0.0],[-87.93743,43.07144,0.0],[-87.93767,43.07144,0.0],[-87.93842,43.07146,0.0],[-87.93867,43.07146,0.0],[-87.93892,43.07146,0.0],[-87.93967,43.07147,0.0],[-87.93992,43.07147,0.0],[-87.94017,43.07147,0.0],[-87.94091,43.07148,0.0],[-87.94116,43.07149,0.0],[-87.94141,43.07149,0.0],[-87.94215,43.07149,0.0],[-87.9424,43.0715,0.0],[-87.94264,43.0715,0.0],[-87.94338,43.07151,0.0],[-87.94363,43.07151,0.0],[-87.94388,43.07151,0.0],[-87.94462,43.07152,0.0],[-87.94486,43.07152,0.0],[-87.94511,43.07152,0.0],[-87.94585,43.07153,0.0],[-87.9461,43.07153,0.0],[-87.94635,43.07154,0.0],[-87.94701,43.07156,0.0],[-87.94709,43.07157,0.0],[-87.94734,43.07158,0.0],[-87.94734,43.07194,0.0]]]]}},{"type":"Feature","properties":{"uesi_id":"USA_R251075","nbhd_code":"USA_R251075_71","nbhd_name":"Census Tract 65, Milwaukee, WI"},"geometry":{"type":"MultiPolygon","coordinates":[[[[-87.94725,43.07745,0.0],[-87.94723,43.07875,0.0],[-87.94722,43.07918,0.0],[-87.94721,43.07957,0.0],[-87.94719,43.08075,0.0],[-87.94718,43.08115,0.0],[-87.94718,43.08143,0.0],[-87.94717,43.08227,0.0],[-87.94716,43.08255,0.0],[-87.94716,43.08274,0.0],[-87.94714,43.08331,0.0],[-87.94714,43.08351,0.0],[-87.94689,43.08331,0.0],[-87.94658,43.08307,0.0],[-87.94614,43.08273,0.0],[-87.9459,43.08254,0.0],[-87.94569,43.08253,0.0],[-87.94508,43.08251,0.0],[-87.94487,43.08251,0.0],[-87.94464,43.0825,0.0],[-87.94393,43.08249,0.0],[-87.94369,43.08249,0.0],[-87.94339,43.08248,0.0],[-87.94249,43.08246,0.0],[-87.94219,43.08246,0.0],[-87.94198,43.08245,0.0],[-87.94132,43.08244,0.0],[-87.9411,43.08244,0.0],[-87.94082,43.08243,0.0],[-87.93998,43.08241,0.0],[-87.93969,43.08241,0.0],[-87.93945,43.08241,0.0],[-87.93871,43.08239,0.0],[-87.93847,43.08239,0.0],[-87.93822,43.08238,0.0],[-87.93747,43.08237,0.0],[-87.93721,43.08236,0.0],[-87.93722,43.08211,0.0],[-87.93724,43.08136,0.0],[-87.93724,43.0811,0.0],[-87.93725,43.08061,0.0],[-87.93728,43.07912,0.0],[-87.93729,43.07863,0.0],[-87.93733,43.07683,0.0],[-87.93834,43.0769,0.0],[-87.93849,43.07691,0.0],[-87.93876,43.07688,0.0],[-87.9411,43.07692,0.0],[-87.94133,43.07692,0.0],[-87.94204,43.07693,0.0],[-87.94228,43.07694,0.0],[-87.94253,43.07694,0.0],[-87.94327,43.07695,0.0],[-87.94351,43.07695,0.0],[-87.94376,43.07696,0.0],[-87.9445,43.07697,0.0],[-87.94475,43.07697,0.0],[-87.945,43.07698,0.0],[-87.94575,43.07699,0.0],[-87.94599,43.07699,0.0],[-87.94625,43.077,0.0],[-87.94673,43.07701,0.0],[-87.94701,43.07701,0.0],[-87.94726,43.07702,0.0],[-87.94725,43.07745,0.0]]]]}},{"type":"Feature","properties":{"uesi_id":"USA_R251075","nbhd_code":"USA_R251075_72","nbhd_name":"Census Tract 66, Milwaukee, WI"},"geometry":{"type":"MultiPolygon","coordinates":[[[[-87.93742,43.0718,0.0],[-87.9374,43.07288,0.0],[-87.9374,43.07324,0.0],[-87.93739,43.07361,0.0],[-87.93737,43.07471,0.0],[-87.93737,43.07508,0.0],[-87.93736,43.07522,0.0],[-87.93736,43.07563,0.0],[-87.93735,43.07577,0.0],[-87.93733,43.07683,0.0],[-87.93729,43.07863,0.0],[-87.93728,43.07912,0.0],[-87.93725,43.08061,0.0],[-87.93724,43.0811,0.0],[-87.93724,43.08136,0.0],[-87.93722,43.08211,0.0],[-87.93721,43.08236,0.0],[-87.93674,43.08235,0.0],[-87.93531,43.08232,0.0],[-87.93483,43.08231,0.0],[-87.93478,43.08221,0.0],[-87.93461,43.08191,0.0],[-87.93455,43.08181,0.0],[-87.93434,43.08143,0.0],[-87.93369,43.08027,0.0],[-87.93348,43.07989,0.0],[-87.93338,43.07972,0.0],[-87.9331,43.07922,0.0],[-87.93301,43.07905,0.0],[-87.93295,43.07884,0.0],[-87.93279,43.07819,0.0],[-87.93273,43.07797,0.0],[-87.93265,43.07797,0.0],[-87.93242,43.07796,0.0],[-87.93234,43.07796,0.0],[-87.93209,43.07796,0.0],[-87.93134,43.07794,0.0],[-87.93108,43.07794,0.0],[-87.93084,43.07793,0.0],[-87.9301,43.07792,0.0],[-87.92986,43.07791,0.0],[-87.92961,43.07791,0.0],[-87.92888,43.0779,0.0],[-87.92863,43.07789,0.0],[-87.92839,43.07789,0.0],[-87.92764,43.07788,0.0],[-87.9274,43.07788,0.0],[-87.9274,43.07784,0.0],[-87.9274,43.07773,0.0],[-87.9274,43.07769,0.0],[-87.92716,43.07769,0.0],[-87.92642,43.07768,0.0],[-87.92617,43.07768,0.0],[-87.92592,43.07767,0.0],[-87.92519,43.07767,0.0],[-87.92494,43.07767,0.0],[-87.9247,43.07766,0.0],[-87.92396,43.07766,0.0],[-87.92371,43.07766,0.0],[-87.92372,43.0771,0.0],[-87.92377,43.07544,0.0],[-87.92378,43.07489,0.0],[-87.92381,43.07489,0.0],[-87.9239,43.07489,0.0],[-87.92393,43.07489,0.0],[-87.92393,43.07453,0.0],[-87.92395,43.07346,0.0],[-87.92396,43.0731,0.0],[-87.92396,43.07272,0.0],[-87.92398,43.07158,0.0],[-87.92399,43.07121,0.0],[-87.92414,43.07121,0.0],[-87.92461,43.07121,0.0],[-87.92476,43.07121,0.0],[-87.92488,43.07121,0.0],[-87.92525,43.07122,0.0],[-87.92537,43.07122,0.0],[-87.9255,43.07122,0.0],[-87.92588,43.07122,0.0],[-87.92601,43.07122,0.0],[-87.92615,43.07122,0.0],[-87.92661,43.07122,0.0],[-87.92676,43.07123,0.0],[-87.92691,43.07123,0.0],[-87.92739,43.07123,0.0],[-87.92755,43.07123,0.0],[-87.92788,43.07123,0.0],[-87.92889,43.07124,0.0],[-87.92923,43.07124,0.0],[-87.92947,43.07125,0.0],[-87.93017,43.07126,0.0],[-87.9304,43.07126,0.0],[-87.93069,43.07126,0.0],[-87.93103,43.07129,0.0],[-87.93134,43.07131,0.0],[-87.93155,43.07135,0.0],[-87.93183,43.07139,0.0],[-87.9319,43.07138,0.0],[-87.93212,43.07137,0.0],[-87.93219,43.07137,0.0],[-87.93239,43.07137,0.0],[-87.933,43.07138,0.0],[-87.9332,43.07138,0.0],[-87.93344,43.07138,0.0],[-87.93416,43.07139,0.0],[-87.9344,43.0714,0.0],[-87.93464,43.0714,0.0],[-87.93536,43.07141,0.0],[-87.9356,43.07141,0.0],[-87.93584,43.07141,0.0],[-87.93655,43.07142,0.0],[-87.93679,43.07142,0.0],[-87.93691,43.07142,0.0],[-87.9373,43.07143,0.0],[-87.93743,43.07144,0.0],[-87.93742,43.0718,0.0]]]]}},{"type":"Feature","properties":{"uesi_id":"USA_R251075","nbhd_code":"USA_R251075_73","nbhd_name":"Census Tract 67, Milwaukee, WI"},"geometry":{"type":"MultiPolygon","coordinates":[[[[-87.92398,43.07158,0.0],[-87.92396,43.07272,0.0],[-87.92396,43.0731,0.0],[-87.92395,43.07346,0.0],[-87.92393,43.07453,0.0],[-87.92393,43.07489,0.0],[-87.9239,43.07489,0.0],[-87.92381,43.07489,0.0],[-87.92378,43.07489,0.0],[-87.92377,43.07544,0.0],[-87.92372,43.0771,0.0],[-87.92371,43.07766,0.0],[-87.92346,43.07765,0.0],[-87.92272,43.07764,0.0],[-87.92247,43.07764,0.0],[-87.92223,43.07764,0.0],[-87.92151,43.07763,0.0],[-87.92128,43.07763,0.0],[-87.92079,43.07762,0.0],[-87.92066,43.07762,0.0],[-87.92054,43.07762,0.0],[-87.91992,43.07762,0.0],[-87.91965,43.07762,0.0],[-87.91884,43.07761,0.0],[-87.91857,43.07761,0.0],[-87.91823,43.0776,0.0],[-87.91723,43.07759,0.0],[-87.91689,43.07759,0.0],[-87.9169,43.07733,0.0],[-87.91692,43.07657,0.0],[-87.91693,43.07632,0.0],[-87.91693,43.07602,0.0],[-87.91696,43.07512,0.0],[-87.91697,43.07492,0.0],[-87.91693,43.07483,0.0],[-87.91693,43.07447,0.0],[-87.91694,43.07339,0.0],[-87.91694,43.07304,0.0],[-87.91695,43.07266,0.0],[-87.91696,43.07153,0.0],[-87.91697,43.07115,0.0],[-87.91725,43.07115,0.0],[-87.91809,43.07116,0.0],[-87.91838,43.07117,0.0],[-87.91866,43.07117,0.0],[-87.91951,43.07117,0.0],[-87.91979,43.07117,0.0],[-87.91997,43.07118,0.0],[-87.92048,43.07118,0.0],[-87.92065,43.07118,0.0],[-87.9208,43.07118,0.0],[-87.92127,43.07118,0.0],[-87.92142,43.07119,0.0],[-87.92166,43.07119,0.0],[-87.92236,43.07119,0.0],[-87.9226,43.0712,0.0],[-87.92288,43.0712,0.0],[-87.92371,43.0712,0.0],[-87.92399,43.07121,0.0],[-87.92398,43.07158,0.0]]]]}},{"type":"Feature","properties":{"uesi_id":"USA_R251075","nbhd_code":"USA_R251075_74","nbhd_name":"Census Tract 68, Milwaukee, WI"},"geometry":{"type":"MultiPolygon","coordinates":[[[[-87.93455,43.08181,0.0],[-87.93433,43.08181,0.0],[-87.93365,43.08179,0.0],[-87.93343,43.08179,0.0],[-87.93319,43.08178,0.0],[-87.93248,43.08177,0.0],[-87.93225,43.08177,0.0],[-87.93199,43.08176,0.0],[-87.93124,43.08175,0.0],[-87.93099,43.08174,0.0],[-87.93074,43.08174,0.0],[-87.93001,43.08172,0.0],[-87.92977,43.08172,0.0],[-87.92952,43.08171,0.0],[-87.92879,43.0817,0.0],[-87.92854,43.0817,0.0],[-87.9283,43.08169,0.0],[-87.92755,43.08168,0.0],[-87.9273,43.08167,0.0],[-87.92706,43.08167,0.0],[-87.92633,43.08167,0.0],[-87.92608,43.08167,0.0],[-87.92583,43.08167,0.0],[-87.92509,43.08166,0.0],[-87.92485,43.08166,0.0],[-87.9246,43.08166,0.0],[-87.92387,43.08165,0.0],[-87.92362,43.08165,0.0],[-87.92337,43.08165,0.0],[-87.92263,43.08164,0.0],[-87.92238,43.08164,0.0],[-87.92214,43.08164,0.0],[-87.92143,43.08163,0.0],[-87.92119,43.08163,0.0],[-87.92105,43.08163,0.0],[-87.92064,43.08163,0.0],[-87.9206,43.08163,0.0],[-87.92051,43.08163,0.0],[-87.92038,43.08162,0.0],[-87.91998,43.08162,0.0],[-87.91985,43.08162,0.0],[-87.91984,43.08162,0.0],[-87.91927,43.08162,0.0],[-87.91877,43.08162,0.0],[-87.91839,43.08171,0.0],[-87.91744,43.08062,0.0],[-87.91656,43.07955,0.0],[-87.91647,43.07941,0.0],[-87.91639,43.07928,0.0],[-87.9162,43.07899,0.0],[-87.91611,43.07884,0.0],[-87.91598,43.07859,0.0],[-87.91558,43.07783,0.0],[-87.91544,43.07758,0.0],[-87.91573,43.07758,0.0],[-87.9166,43.07758,0.0],[-87.91689,43.07759,0.0],[-87.91723,43.07759,0.0],[-87.91823,43.0776,0.0],[-87.91857,43.07761,0.0],[-87.91884,43.07761,0.0],[-87.91965,43.07762,0.0],[-87.91992,43.07762,0.0],[-87.92054,43.07762,0.0],[-87.92066,43.07762,0.0],[-87.92079,43.07762,0.0],[-87.92128,43.07763,0.0],[-87.92151,43.07763,0.0],[-87.92223,43.07764,0.0],[-87.92247,43.07764,0.0],[-87.92272,43.07764,0.0],[-87.92346,43.07765,0.0],[-87.92371,43.07766,0.0],[-87.92396,43.07766,0.0],[-87.9247,43.07766,0.0],[-87.92494,43.07767,0.0],[-87.92519,43.07767,0.0],[-87.92592,43.07767,0.0],[-87.92617,43.07768,0.0],[-87.92642,43.07768,0.0],[-87.92716,43.07769,0.0],[-87.9274,43.07769,0.0],[-87.9274,43.07773,0.0],[-87.9274,43.07784,0.0],[-87.9274,43.07788,0.0],[-87.92764,43.07788,0.0],[-87.92839,43.07789,0.0],[-87.92863,43.07789,0.0],[-87.92888,43.0779,0.0],[-87.92961,43.07791,0.0],[-87.92986,43.07791,0.0],[-87.9301,43.07792,0.0],[-87.93084,43.07793,0.0],[-87.93108,43.07794,0.0],[-87.93134,43.07794,0.0],[-87.93209,43.07796,0.0],[-87.93234,43.07796,0.0],[-87.93242,43.07796,0.0],[-87.93265,43.07797,0.0],[-87.93273,43.07797,0.0],[-87.93279,43.07819,0.0],[-87.93295,43.07884,0.0],[-87.93301,43.07905,0.0],[-87.9331,43.07922,0.0],[-87.93338,43.07972,0.0],[-87.93348,43.07989,0.0],[-87.93369,43.08027,0.0],[-87.93434,43.08143,0.0],[-87.93455,43.08181,0.0]]]]}},{"type":"Feature","properties":{"uesi_id":"USA_R251075","nbhd_code":"USA_R251075_75","nbhd_name":"Census Tract 69, Milwaukee, WI"},"geometry":{"type":"MultiPolygon","coordinates":[[[[-87.91839,43.08171,0.0],[-87.9174,43.0821,0.0],[-87.91615,43.08209,0.0],[-87.91594,43.08209,0.0],[-87.91532,43.08209,0.0],[-87.91511,43.08209,0.0],[-87.91484,43.08208,0.0],[-87.91403,43.08208,0.0],[-87.91376,43.08208,0.0],[-87.91363,43.08208,0.0],[-87.91324,43.08208,0.0],[-87.91311,43.08208,0.0],[-87.91298,43.08208,0.0],[-87.91257,43.08207,0.0],[-87.91244,43.08207,0.0],[-87.91239,43.08207,0.0],[-87.91224,43.08207,0.0],[-87.9122,43.08207,0.0],[-87.91196,43.08207,0.0],[-87.91125,43.08207,0.0],[-87.91101,43.08207,0.0],[-87.91097,43.08207,0.0],[-87.91084,43.08207,0.0],[-87.9108,43.08207,0.0],[-87.91061,43.08207,0.0],[-87.91004,43.08206,0.0],[-87.90985,43.08206,0.0],[-87.90976,43.08206,0.0],[-87.90949,43.08206,0.0],[-87.9094,43.08206,0.0],[-87.90925,43.08206,0.0],[-87.90879,43.08206,0.0],[-87.90864,43.08206,0.0],[-87.90841,43.08205,0.0],[-87.90771,43.08205,0.0],[-87.90748,43.08205,0.0],[-87.90738,43.08205,0.0],[-87.90706,43.08205,0.0],[-87.90696,43.08205,0.0],[-87.90684,43.08205,0.0],[-87.9065,43.08205,0.0],[-87.90638,43.08205,0.0],[-87.90635,43.08204,0.0],[-87.90626,43.08204,0.0],[-87.90623,43.08204,0.0],[-87.905,43.08204,0.0],[-87.90488,43.08023,0.0],[-87.9052,43.08022,0.0],[-87.90498,43.08013,0.0],[-87.90506,43.07995,0.0],[-87.90507,43.07964,0.0],[-87.9051,43.07871,0.0],[-87.90511,43.0784,0.0],[-87.90512,43.07804,0.0],[-87.90516,43.07694,0.0],[-87.90517,43.07658,0.0],[-87.90542,43.07658,0.0],[-87.90616,43.07659,0.0],[-87.9064,43.07659,0.0],[-87.90665,43.07659,0.0],[-87.9074,43.07659,0.0],[-87.90765,43.0766,0.0],[-87.90764,43.07679,0.0],[-87.90762,43.07736,0.0],[-87.90762,43.07755,0.0],[-87.90785,43.07755,0.0],[-87.90857,43.07755,0.0],[-87.90881,43.07755,0.0],[-87.90906,43.07755,0.0],[-87.90983,43.07755,0.0],[-87.91008,43.07755,0.0],[-87.91025,43.07755,0.0],[-87.91075,43.07756,0.0],[-87.91092,43.07756,0.0],[-87.91125,43.07756,0.0],[-87.91225,43.07756,0.0],[-87.91258,43.07757,0.0],[-87.91285,43.07757,0.0],[-87.91364,43.07757,0.0],[-87.9139,43.07757,0.0],[-87.91421,43.07757,0.0],[-87.91513,43.07758,0.0],[-87.91544,43.07758,0.0],[-87.91558,43.07783,0.0],[-87.91598,43.07859,0.0],[-87.91611,43.07884,0.0],[-87.9162,43.07899,0.0],[-87.91639,43.07928,0.0],[-87.91647,43.07941,0.0],[-87.91656,43.07955,0.0],[-87.91744,43.08062,0.0],[-87.91839,43.08171,0.0]]]]}},{"type":"Feature","properties":{"uesi_id":"USA_R251075","nbhd_code":"USA_R251075_76","nbhd_name":"Census Tract 70, Milwaukee, WI"},"geometry":{"type":"MultiPolygon","coordinates":[[[[-87.91696,43.07153,0.0],[-87.91695,43.07266,0.0],[-87.91694,43.07304,0.0],[-87.91694,43.07339,0.0],[-87.91693,43.07447,0.0],[-87.91693,43.07483,0.0],[-87.91697,43.07492,0.0],[-87.91696,43.07512,0.0],[-87.91693,43.07602,0.0],[-87.91693,43.07632,0.0],[-87.91692,43.07657,0.0],[-87.9169,43.07733,0.0],[-87.91689,43.07759,0.0],[-87.9166,43.07758,0.0],[-87.91573,43.07758,0.0],[-87.91544,43.07758,0.0],[-87.91513,43.07758,0.0],[-87.91421,43.07757,0.0],[-87.9139,43.07757,0.0],[-87.91364,43.07757,0.0],[-87.91285,43.07757,0.0],[-87.91258,43.07757,0.0],[-87.91225,43.07756,0.0],[-87.91125,43.07756,0.0],[-87.91092,43.07756,0.0],[-87.91075,43.07756,0.0],[-87.91025,43.07755,0.0],[-87.91008,43.07755,0.0],[-87.90983,43.07755,0.0],[-87.90906,43.07755,0.0],[-87.90881,43.07755,0.0],[-87.90857,43.07755,0.0],[-87.90785,43.07755,0.0],[-87.90762,43.07755,0.0],[-87.90762,43.07736,0.0],[-87.90764,43.07679,0.0],[-87.90765,43.0766,0.0],[-87.9074,43.07659,0.0],[-87.90665,43.07659,0.0],[-87.9064,43.07659,0.0],[-87.90616,43.07659,0.0],[-87.90542,43.07658,0.0],[-87.90517,43.07658,0.0],[-87.90518,43.07621,0.0],[-87.90522,43.07511,0.0],[-87.90523,43.07475,0.0],[-87.90523,43.07439,0.0],[-87.90524,43.07331,0.0],[-87.90525,43.07295,0.0],[-87.90525,43.07259,0.0],[-87.90526,43.0715,0.0],[-87.90526,43.07114,0.0],[-87.90551,43.07111,0.0],[-87.90584,43.07106,0.0],[-87.90626,43.07106,0.0],[-87.90651,43.07107,0.0],[-87.90676,43.07107,0.0],[-87.9075,43.07107,0.0],[-87.90775,43.07107,0.0],[-87.90788,43.07107,0.0],[-87.90828,43.07107,0.0],[-87.90841,43.07108,0.0],[-87.90864,43.07108,0.0],[-87.90931,43.07108,0.0],[-87.90954,43.07108,0.0],[-87.90984,43.07109,0.0],[-87.91073,43.07109,0.0],[-87.91103,43.0711,0.0],[-87.91133,43.0711,0.0],[-87.91223,43.07111,0.0],[-87.91253,43.07111,0.0],[-87.91283,43.07111,0.0],[-87.91372,43.07112,0.0],[-87.91402,43.07112,0.0],[-87.91432,43.07113,0.0],[-87.9152,43.07113,0.0],[-87.9155,43.07114,0.0],[-87.91579,43.07114,0.0],[-87.91667,43.07115,0.0],[-87.91697,43.07115,0.0],[-87.91696,43.07153,0.0]]]]}},{"type":"Feature","properties":{"uesi_id":"USA_R251075","nbhd_code":"USA_R251075_77","nbhd_name":"Census Tract 71, Milwaukee, WI"},"geometry":{"type":"MultiPolygon","coordinates":[[[[-87.90526,43.0715,0.0],[-87.90525,43.07259,0.0],[-87.90525,43.07295,0.0],[-87.90524,43.07331,0.0],[-87.90523,43.07439,0.0],[-87.90523,43.07475,0.0],[-87.90522,43.07511,0.0],[-87.90518,43.07621,0.0],[-87.90517,43.07658,0.0],[-87.90492,43.07658,0.0],[-87.90418,43.07657,0.0],[-87.90394,43.07657,0.0],[-87.90368,43.07657,0.0],[-87.90292,43.07657,0.0],[-87.90266,43.07656,0.0],[-87.90247,43.07656,0.0],[-87.90191,43.07656,0.0],[-87.90172,43.07656,0.0],[-87.90166,43.07656,0.0],[-87.9015,43.07656,0.0],[-87.90144,43.07656,0.0],[-87.9012,43.07655,0.0],[-87.90047,43.07655,0.0],[-87.90023,43.07655,0.0],[-87.89999,43.07655,0.0],[-87.89925,43.07654,0.0],[-87.89901,43.07654,0.0],[-87.89875,43.07654,0.0],[-87.89796,43.07653,0.0],[-87.8977,43.07653,0.0],[-87.89771,43.07616,0.0],[-87.89774,43.07508,0.0],[-87.89776,43.07472,0.0],[-87.89776,43.07453,0.0],[-87.89776,43.07398,0.0],[-87.89777,43.0738,0.0],[-87.89777,43.07362,0.0],[-87.89777,43.07308,0.0],[-87.89778,43.07291,0.0],[-87.89778,43.07256,0.0],[-87.8978,43.07151,0.0],[-87.8978,43.07116,0.0],[-87.8978,43.07115,0.0],[-87.8978,43.07111,0.0],[-87.8978,43.07109,0.0],[-87.89788,43.07109,0.0],[-87.89801,43.07109,0.0],[-87.89811,43.07109,0.0],[-87.89819,43.07109,0.0],[-87.89837,43.07109,0.0],[-87.89893,43.0711,0.0],[-87.89911,43.0711,0.0],[-87.89935,43.0711,0.0],[-87.90008,43.07111,0.0],[-87.90032,43.07111,0.0],[-87.90057,43.07111,0.0],[-87.9013,43.07111,0.0],[-87.90154,43.07112,0.0],[-87.90178,43.07112,0.0],[-87.90251,43.07112,0.0],[-87.90275,43.07112,0.0],[-87.90301,43.07113,0.0],[-87.90377,43.07113,0.0],[-87.90403,43.07113,0.0],[-87.90428,43.07113,0.0],[-87.90502,43.07114,0.0],[-87.90526,43.07114,0.0],[-87.90526,43.0715,0.0]]]]}},{"type":"Feature","properties":{"uesi_id":"USA_R251075","nbhd_code":"USA_R251075_78","nbhd_name":"Census Tract 72, Milwaukee, WI"},"geometry":{"type":"MultiPolygon","coordinates":[[[[-87.9052,43.08022,0.0],[-87.90488,43.08023,0.0],[-87.905,43.08204,0.0],[-87.90377,43.08203,0.0],[-87.90351,43.08202,0.0],[-87.90276,43.08202,0.0],[-87.9025,43.08201,0.0],[-87.90225,43.08201,0.0],[-87.9015,43.08201,0.0],[-87.90125,43.082,0.0],[-87.90101,43.082,0.0],[-87.90028,43.082,0.0],[-87.90003,43.08199,0.0],[-87.89979,43.08199,0.0],[-87.89905,43.08199,0.0],[-87.8988,43.08198,0.0],[-87.89855,43.08198,0.0],[-87.89779,43.08197,0.0],[-87.89754,43.08197,0.0],[-87.89729,43.08197,0.0],[-87.89655,43.08197,0.0],[-87.89631,43.08197,0.0],[-87.89555,43.08196,0.0],[-87.89329,43.08192,0.0],[-87.89254,43.0819,0.0],[-87.89247,43.0819,0.0],[-87.89225,43.0819,0.0],[-87.89218,43.0819,0.0],[-87.89219,43.08112,0.0],[-87.89245,43.08044,0.0],[-87.89248,43.08035,0.0],[-87.89288,43.07899,0.0],[-87.89327,43.07802,0.0],[-87.89316,43.07711,0.0],[-87.89287,43.07609,0.0],[-87.89282,43.07589,0.0],[-87.89269,43.07475,0.0],[-87.89269,43.0746,0.0],[-87.89268,43.07413,0.0],[-87.89271,43.07389,0.0],[-87.89286,43.07243,0.0],[-87.89302,43.07178,0.0],[-87.89317,43.07118,0.0],[-87.8932,43.07109,0.0],[-87.89323,43.07109,0.0],[-87.89324,43.07109,0.0],[-87.8933,43.07109,0.0],[-87.89332,43.0711,0.0],[-87.89397,43.07111,0.0],[-87.89592,43.07113,0.0],[-87.89657,43.07114,0.0],[-87.89682,43.07114,0.0],[-87.89755,43.07115,0.0],[-87.8978,43.07116,0.0],[-87.8978,43.07151,0.0],[-87.89778,43.07256,0.0],[-87.89778,43.07291,0.0],[-87.89777,43.07308,0.0],[-87.89777,43.07362,0.0],[-87.89777,43.0738,0.0],[-87.89776,43.07398,0.0],[-87.89776,43.07453,0.0],[-87.89776,43.07472,0.0],[-87.89774,43.07508,0.0],[-87.89771,43.07616,0.0],[-87.8977,43.07653,0.0],[-87.89796,43.07653,0.0],[-87.89875,43.07654,0.0],[-87.89901,43.07654,0.0],[-87.89925,43.07654,0.0],[-87.89999,43.07655,0.0],[-87.90023,43.07655,0.0],[-87.90047,43.07655,0.0],[-87.9012,43.07655,0.0],[-87.90144,43.07656,0.0],[-87.9015,43.07656,0.0],[-87.90166,43.07656,0.0],[-87.90172,43.07656,0.0],[-87.90191,43.07656,0.0],[-87.90247,43.07656,0.0],[-87.90266,43.07656,0.0],[-87.90292,43.07657,0.0],[-87.90368,43.07657,0.0],[-87.90394,43.07657,0.0],[-87.90418,43.07657,0.0],[-87.90492,43.07658,0.0],[-87.90517,43.07658,0.0],[-87.90516,43.07694,0.0],[-87.90512,43.07804,0.0],[-87.90511,43.0784,0.0],[-87.9051,43.07871,0.0],[-87.90507,43.07964,0.0],[-87.90506,43.07995,0.0],[-87.90498,43.08013,0.0],[-87.9052,43.08022,0.0]]]]}},{"type":"Feature","properties":{"uesi_id":"USA_R251075","nbhd_code":"USA_R251075_79","nbhd_name":"Census Tract 73, Milwaukee, WI"},"geometry":{"type":"MultiPolygon","coordinates":[[[[-87.89327,43.07802,0.0],[-87.89288,43.07899,0.0],[-87.89248,43.08035,0.0],[-87.89245,43.08044,0.0],[-87.89219,43.08112,0.0],[-87.89218,43.0819,0.0],[-87.89211,43.08191,0.0],[-87.89188,43.08193,0.0],[-87.89181,43.08193,0.0],[-87.89163,43.08194,0.0],[-87.89158,43.08195,0.0],[-87.88959,43.08194,0.0],[-87.8889,43.08194,0.0],[-87.88813,43.08194,0.0],[-87.88795,43.08193,0.0],[-87.88766,43.08193,0.0],[-87.88741,43.08193,0.0],[-87.88668,43.08193,0.0],[-87.88644,43.08193,0.0],[-87.8862,43.08193,0.0],[-87.88546,43.08193,0.0],[-87.88522,43.08193,0.0],[-87.88519,43.08193,0.0],[-87.88495,43.08193,0.0],[-87.88425,43.08193,0.0],[-87.88402,43.08193,0.0],[-87.88397,43.08193,0.0],[-87.88373,43.08193,0.0],[-87.883,43.08193,0.0],[-87.88276,43.08193,0.0],[-87.88277,43.08143,0.0],[-87.88279,43.07995,0.0],[-87.8828,43.07946,0.0],[-87.88281,43.0791,0.0],[-87.88282,43.07801,0.0],[-87.88283,43.07765,0.0],[-87.88285,43.07705,0.0],[-87.88289,43.07524,0.0],[-87.8829,43.07464,0.0],[-87.88316,43.07464,0.0],[-87.88392,43.07464,0.0],[-87.88417,43.07464,0.0],[-87.88441,43.07464,0.0],[-87.88513,43.07465,0.0],[-87.88538,43.07465,0.0],[-87.88563,43.07465,0.0],[-87.88637,43.07465,0.0],[-87.88662,43.07465,0.0],[-87.88687,43.07465,0.0],[-87.88761,43.07465,0.0],[-87.88786,43.07465,0.0],[-87.88811,43.07465,0.0],[-87.88884,43.07466,0.0],[-87.88909,43.07466,0.0],[-87.88933,43.07466,0.0],[-87.89005,43.07467,0.0],[-87.89029,43.07467,0.0],[-87.89052,43.07467,0.0],[-87.89123,43.07468,0.0],[-87.89146,43.07468,0.0],[-87.89147,43.07431,0.0],[-87.89149,43.07322,0.0],[-87.8915,43.07286,0.0],[-87.8915,43.0725,0.0],[-87.89151,43.07143,0.0],[-87.89152,43.07107,0.0],[-87.89163,43.07107,0.0],[-87.89179,43.07108,0.0],[-87.89197,43.07108,0.0],[-87.89208,43.07108,0.0],[-87.89221,43.07108,0.0],[-87.89257,43.07109,0.0],[-87.8927,43.07109,0.0],[-87.8928,43.07109,0.0],[-87.8931,43.07109,0.0],[-87.8932,43.07109,0.0],[-87.89317,43.07118,0.0],[-87.89302,43.07178,0.0],[-87.89286,43.07243,0.0],[-87.89271,43.07389,0.0],[-87.89268,43.07413,0.0],[-87.89269,43.0746,0.0],[-87.89269,43.07475,0.0],[-87.89282,43.07589,0.0],[-87.89287,43.07609,0.0],[-87.89316,43.07711,0.0],[-87.89327,43.07802,0.0]]]]}},{"type":"Feature","properties":{"uesi_id":"USA_R251075","nbhd_code":"USA_R251075_80","nbhd_name":"Census Tract 74, Milwaukee, WI"},"geometry":{"type":"MultiPolygon","coordinates":[[[[-87.88289,43.07524,0.0],[-87.88285,43.07705,0.0],[-87.88283,43.07765,0.0],[-87.88282,43.07801,0.0],[-87.88281,43.0791,0.0],[-87.8828,43.07946,0.0],[-87.88279,43.07995,0.0],[-87.88277,43.08143,0.0],[-87.88276,43.08193,0.0],[-87.8827,43.08193,0.0],[-87.8822,43.08193,0.0],[-87.88071,43.08193,0.0],[-87.88022,43.08193,0.0],[-87.87972,43.08192,0.0],[-87.87823,43.08192,0.0],[-87.87773,43.08192,0.0],[-87.8775,43.08192,0.0],[-87.87681,43.08192,0.0],[-87.87658,43.08192,0.0],[-87.87635,43.08192,0.0],[-87.87568,43.08192,0.0],[-87.87546,43.08192,0.0],[-87.87541,43.08192,0.0],[-87.8752,43.08192,0.0],[-87.87454,43.08192,0.0],[-87.87433,43.08192,0.0],[-87.87427,43.08192,0.0],[-87.874,43.08192,0.0],[-87.87318,43.08192,0.0],[-87.87291,43.08192,0.0],[-87.87245,43.08192,0.0],[-87.87108,43.08194,0.0],[-87.87082,43.08194,0.0],[-87.87075,43.08194,0.0],[-87.87063,43.08194,0.0],[-87.86826,43.08194,0.0],[-87.86741,43.08193,0.0],[-87.86457,43.08196,0.0],[-87.86282,43.07816,0.0],[-87.85861,43.07563,0.0],[-87.85854,43.07428,0.0],[-87.86328,43.07441,0.0],[-87.86402,43.07447,0.0],[-87.86522,43.07456,0.0],[-87.86622,43.07464,0.0],[-87.86685,43.07469,0.0],[-87.86696,43.07469,0.0],[-87.8671,43.07469,0.0],[-87.86727,43.07469,0.0],[-87.86753,43.07469,0.0],[-87.86767,43.07469,0.0],[-87.86853,43.07469,0.0],[-87.86966,43.07469,0.0],[-87.87113,43.07469,0.0],[-87.87171,43.07469,0.0],[-87.87199,43.07462,0.0],[-87.87226,43.07462,0.0],[-87.87307,43.07463,0.0],[-87.87334,43.07463,0.0],[-87.87357,43.07463,0.0],[-87.87426,43.07463,0.0],[-87.87449,43.07463,0.0],[-87.87471,43.07463,0.0],[-87.8754,43.07463,0.0],[-87.87562,43.07463,0.0],[-87.87585,43.07463,0.0],[-87.87654,43.07463,0.0],[-87.87676,43.07463,0.0],[-87.877,43.07463,0.0],[-87.8777,43.07463,0.0],[-87.87794,43.07463,0.0],[-87.87819,43.07463,0.0],[-87.87895,43.07464,0.0],[-87.8792,43.07464,0.0],[-87.87945,43.07464,0.0],[-87.88019,43.07464,0.0],[-87.88044,43.07464,0.0],[-87.88069,43.07464,0.0],[-87.88143,43.07464,0.0],[-87.88168,43.07464,0.0],[-87.88192,43.07464,0.0],[-87.88263,43.07464,0.0],[-87.88266,43.07464,0.0],[-87.8829,43.07464,0.0],[-87.88289,43.07524,0.0]]]]}},{"type":"Feature","properties":{"uesi_id":"USA_R251075","nbhd_code":"USA_R251075_81","nbhd_name":"Census Tract 75, Milwaukee, WI"},"geometry":{"type":"MultiPolygon","coordinates":[[[[-87.88302,43.06775,0.0],[-87.883,43.06892,0.0],[-87.883,43.06931,0.0],[-87.88299,43.06965,0.0],[-87.88298,43.07066,0.0],[-87.88297,43.071,0.0],[-87.88296,43.07136,0.0],[-87.88295,43.07245,0.0],[-87.88294,43.07281,0.0],[-87.88293,43.07318,0.0],[-87.88291,43.0742,0.0],[-87.88291,43.07428,0.0],[-87.8829,43.07464,0.0],[-87.88266,43.07464,0.0],[-87.88263,43.07464,0.0],[-87.88192,43.07464,0.0],[-87.88168,43.07464,0.0],[-87.88143,43.07464,0.0],[-87.88069,43.07464,0.0],[-87.88044,43.07464,0.0],[-87.88019,43.07464,0.0],[-87.87945,43.07464,0.0],[-87.8792,43.07464,0.0],[-87.87895,43.07464,0.0],[-87.87819,43.07463,0.0],[-87.87794,43.07463,0.0],[-87.8777,43.07463,0.0],[-87.877,43.07463,0.0],[-87.87676,43.07463,0.0],[-87.87654,43.07463,0.0],[-87.87585,43.07463,0.0],[-87.87562,43.07463,0.0],[-87.8754,43.07463,0.0],[-87.87471,43.07463,0.0],[-87.87449,43.07463,0.0],[-87.87426,43.07463,0.0],[-87.87357,43.07463,0.0],[-87.87334,43.07463,0.0],[-87.87307,43.07463,0.0],[-87.87226,43.07462,0.0],[-87.87199,43.07462,0.0],[-87.87202,43.07425,0.0],[-87.87211,43.07314,0.0],[-87.87215,43.07277,0.0],[-87.87218,43.07241,0.0],[-87.87229,43.07132,0.0],[-87.87232,43.07096,0.0],[-87.87242,43.07062,0.0],[-87.87272,43.06961,0.0],[-87.87283,43.06927,0.0],[-87.87294,43.06888,0.0],[-87.87329,43.06771,0.0],[-87.87341,43.06732,0.0],[-87.87364,43.06732,0.0],[-87.87435,43.06732,0.0],[-87.87459,43.06732,0.0],[-87.87469,43.06732,0.0],[-87.87499,43.06732,0.0],[-87.87509,43.06732,0.0],[-87.87522,43.06732,0.0],[-87.87561,43.06732,0.0],[-87.87574,43.06733,0.0],[-87.87597,43.06733,0.0],[-87.87666,43.06733,0.0],[-87.87689,43.06733,0.0],[-87.87712,43.06733,0.0],[-87.87783,43.06733,0.0],[-87.87806,43.06733,0.0],[-87.87831,43.06734,0.0],[-87.87905,43.06734,0.0],[-87.8793,43.06734,0.0],[-87.87955,43.06734,0.0],[-87.88029,43.06735,0.0],[-87.88053,43.06735,0.0],[-87.88078,43.06735,0.0],[-87.88152,43.06735,0.0],[-87.88177,43.06735,0.0],[-87.88202,43.06736,0.0],[-87.88277,43.06736,0.0],[-87.88302,43.06737,0.0],[-87.88302,43.06775,0.0]]]]}},{"type":"Feature","properties":{"uesi_id":"USA_R251075","nbhd_code":"USA_R251075_82","nbhd_name":"Census Tract 76, Milwaukee, WI"},"geometry":{"type":"MultiPolygon","coordinates":[[[[-87.88376,43.06011,0.0],[-87.88311,43.06079,0.0],[-87.8831,43.06114,0.0],[-87.88308,43.06218,0.0],[-87.88308,43.06252,0.0],[-87.88308,43.06276,0.0],[-87.88307,43.06348,0.0],[-87.88306,43.06372,0.0],[-87.88306,43.06396,0.0],[-87.88305,43.06468,0.0],[-87.88304,43.06491,0.0],[-87.88304,43.06515,0.0],[-87.88303,43.06585,0.0],[-87.88303,43.06609,0.0],[-87.88303,43.06634,0.0],[-87.88302,43.06711,0.0],[-87.88302,43.06737,0.0],[-87.88277,43.06736,0.0],[-87.88202,43.06736,0.0],[-87.88177,43.06735,0.0],[-87.88152,43.06735,0.0],[-87.88078,43.06735,0.0],[-87.88053,43.06735,0.0],[-87.88029,43.06735,0.0],[-87.87955,43.06734,0.0],[-87.8793,43.06734,0.0],[-87.87905,43.06734,0.0],[-87.87831,43.06734,0.0],[-87.87806,43.06733,0.0],[-87.87783,43.06733,0.0],[-87.87712,43.06733,0.0],[-87.87689,43.06733,0.0],[-87.87666,43.06733,0.0],[-87.87597,43.06733,0.0],[-87.87574,43.06733,0.0],[-87.87561,43.06732,0.0],[-87.87522,43.06732,0.0],[-87.87509,43.06732,0.0],[-87.87499,43.06732,0.0],[-87.87469,43.06732,0.0],[-87.87459,43.06732,0.0],[-87.87435,43.06732,0.0],[-87.87364,43.06732,0.0],[-87.87341,43.06732,0.0],[-87.87326,43.06709,0.0],[-87.87323,43.06703,0.0],[-87.87296,43.06634,0.0],[-87.87287,43.06609,0.0],[-87.87282,43.06589,0.0],[-87.8728,43.06564,0.0],[-87.8728,43.06561,0.0],[-87.87281,43.06531,0.0],[-87.87285,43.06509,0.0],[-87.8729,43.06491,0.0],[-87.873,43.06465,0.0],[-87.87312,43.06444,0.0],[-87.87326,43.06425,0.0],[-87.87327,43.06422,0.0],[-87.87358,43.06389,0.0],[-87.87391,43.06355,0.0],[-87.87488,43.06255,0.0],[-87.8752,43.06221,0.0],[-87.87638,43.06099,0.0],[-87.8765,43.06088,0.0],[-87.87664,43.06078,0.0],[-87.87679,43.06068,0.0],[-87.87697,43.06059,0.0],[-87.87719,43.0605,0.0],[-87.87742,43.06043,0.0],[-87.87763,43.06039,0.0],[-87.87786,43.06036,0.0],[-87.87802,43.06035,0.0],[-87.87826,43.06032,0.0],[-87.87856,43.06023,0.0],[-87.87873,43.06009,0.0],[-87.87898,43.05987,0.0],[-87.8793,43.05951,0.0],[-87.87937,43.0594,0.0],[-87.87975,43.05958,0.0],[-87.87984,43.05963,0.0],[-87.87997,43.05969,0.0],[-87.88013,43.05978,0.0],[-87.88023,43.05983,0.0],[-87.8803,43.05986,0.0],[-87.88044,43.05994,0.0],[-87.88045,43.06002,0.0],[-87.88046,43.06011,0.0],[-87.8808,43.06011,0.0],[-87.88184,43.06011,0.0],[-87.88219,43.06011,0.0],[-87.88253,43.06011,0.0],[-87.88354,43.06011,0.0],[-87.88376,43.06011,0.0]]]]}},{"type":"Feature","properties":{"uesi_id":"USA_R251075","nbhd_code":"USA_R251075_83","nbhd_name":"Census Tract 77, Milwaukee, WI"},"geometry":{"type":"MultiPolygon","coordinates":[[[[-87.89505,43.06792,0.0],[-87.89497,43.06792,0.0],[-87.89473,43.06791,0.0],[-87.89466,43.06791,0.0],[-87.89467,43.06781,0.0],[-87.89468,43.06766,0.0],[-87.8947,43.06751,0.0],[-87.89472,43.06741,0.0],[-87.89411,43.06741,0.0],[-87.89231,43.06741,0.0],[-87.89171,43.06741,0.0],[-87.89155,43.06741,0.0],[-87.8911,43.06741,0.0],[-87.89095,43.06741,0.0],[-87.89084,43.06741,0.0],[-87.8905,43.06741,0.0],[-87.89039,43.06741,0.0],[-87.89015,43.06741,0.0],[-87.88944,43.06741,0.0],[-87.8892,43.0674,0.0],[-87.88895,43.0674,0.0],[-87.88822,43.0674,0.0],[-87.88797,43.0674,0.0],[-87.88772,43.06739,0.0],[-87.88697,43.06739,0.0],[-87.88672,43.06739,0.0],[-87.88647,43.06739,0.0],[-87.88573,43.06738,0.0],[-87.88548,43.06738,0.0],[-87.88524,43.06738,0.0],[-87.88451,43.06737,0.0],[-87.88426,43.06737,0.0],[-87.88402,43.06737,0.0],[-87.88327,43.06737,0.0],[-87.88302,43.06737,0.0],[-87.88302,43.06711,0.0],[-87.88303,43.06634,0.0],[-87.88303,43.06609,0.0],[-87.88303,43.06585,0.0],[-87.88304,43.06515,0.0],[-87.88304,43.06491,0.0],[-87.88305,43.06468,0.0],[-87.88306,43.06396,0.0],[-87.88306,43.06372,0.0],[-87.88307,43.06348,0.0],[-87.88308,43.06276,0.0],[-87.88308,43.06252,0.0],[-87.88308,43.06218,0.0],[-87.8831,43.06114,0.0],[-87.88311,43.06079,0.0],[-87.88376,43.06011,0.0],[-87.88388,43.06011,0.0],[-87.8842,43.06011,0.0],[-87.88518,43.06012,0.0],[-87.88551,43.06012,0.0],[-87.88552,43.06012,0.0],[-87.88558,43.06012,0.0],[-87.8856,43.06012,0.0],[-87.88585,43.06012,0.0],[-87.88659,43.06012,0.0],[-87.88684,43.06012,0.0],[-87.88705,43.06012,0.0],[-87.88769,43.06012,0.0],[-87.8879,43.06012,0.0],[-87.88793,43.06012,0.0],[-87.88804,43.06012,0.0],[-87.88808,43.06012,0.0],[-87.88833,43.06012,0.0],[-87.88907,43.06013,0.0],[-87.88931,43.06013,0.0],[-87.88955,43.06013,0.0],[-87.89025,43.06014,0.0],[-87.89049,43.06014,0.0],[-87.89072,43.06014,0.0],[-87.8914,43.06015,0.0],[-87.89163,43.06015,0.0],[-87.89169,43.06015,0.0],[-87.89186,43.06015,0.0],[-87.89191,43.06015,0.0],[-87.89215,43.06015,0.0],[-87.89286,43.06016,0.0],[-87.89309,43.06016,0.0],[-87.8932,43.06016,0.0],[-87.89353,43.06016,0.0],[-87.89365,43.06017,0.0],[-87.89354,43.06065,0.0],[-87.89323,43.06177,0.0],[-87.89323,43.06178,0.0],[-87.8934,43.0637,0.0],[-87.8935,43.06437,0.0],[-87.89444,43.06564,0.0],[-87.89478,43.06632,0.0],[-87.89498,43.06672,0.0],[-87.89509,43.0678,0.0],[-87.89505,43.06792,0.0]]]]}},{"type":"Feature","properties":{"uesi_id":"USA_R251075","nbhd_code":"USA_R251075_84","nbhd_name":"Census Tract 78, Milwaukee, WI"},"geometry":{"type":"MultiPolygon","coordinates":[[[[-87.89505,43.06792,0.0],[-87.89484,43.06861,0.0],[-87.89482,43.06863,0.0],[-87.89362,43.07006,0.0],[-87.89348,43.0704,0.0],[-87.8932,43.07109,0.0],[-87.8931,43.07109,0.0],[-87.8928,43.07109,0.0],[-87.8927,43.07109,0.0],[-87.89257,43.07109,0.0],[-87.89221,43.07108,0.0],[-87.89208,43.07108,0.0],[-87.89197,43.07108,0.0],[-87.89179,43.07108,0.0],[-87.89163,43.07107,0.0],[-87.89152,43.07107,0.0],[-87.89151,43.07143,0.0],[-87.8915,43.0725,0.0],[-87.8915,43.07286,0.0],[-87.89149,43.07322,0.0],[-87.89147,43.07431,0.0],[-87.89146,43.07468,0.0],[-87.89123,43.07468,0.0],[-87.89052,43.07467,0.0],[-87.89029,43.07467,0.0],[-87.89005,43.07467,0.0],[-87.88933,43.07466,0.0],[-87.88909,43.07466,0.0],[-87.88884,43.07466,0.0],[-87.88811,43.07465,0.0],[-87.88786,43.07465,0.0],[-87.88761,43.07465,0.0],[-87.88687,43.07465,0.0],[-87.88662,43.07465,0.0],[-87.88637,43.07465,0.0],[-87.88563,43.07465,0.0],[-87.88538,43.07465,0.0],[-87.88513,43.07465,0.0],[-87.88441,43.07464,0.0],[-87.88417,43.07464,0.0],[-87.88392,43.07464,0.0],[-87.88316,43.07464,0.0],[-87.8829,43.07464,0.0],[-87.88291,43.07428,0.0],[-87.88291,43.0742,0.0],[-87.88293,43.07318,0.0],[-87.88294,43.07281,0.0],[-87.88295,43.07245,0.0],[-87.88296,43.07136,0.0],[-87.88297,43.071,0.0],[-87.88298,43.07066,0.0],[-87.88299,43.06965,0.0],[-87.883,43.06931,0.0],[-87.883,43.06892,0.0],[-87.88302,43.06775,0.0],[-87.88302,43.06737,0.0],[-87.88327,43.06737,0.0],[-87.88402,43.06737,0.0],[-87.88426,43.06737,0.0],[-87.88451,43.06737,0.0],[-87.88524,43.06738,0.0],[-87.88548,43.06738,0.0],[-87.88573,43.06738,0.0],[-87.88647,43.06739,0.0],[-87.88672,43.06739,0.0],[-87.88697,43.06739,0.0],[-87.88772,43.06739,0.0],[-87.88797,43.0674,0.0],[-87.88822,43.0674,0.0],[-87.88895,43.0674,0.0],[-87.8892,43.0674,0.0],[-87.88944,43.06741,0.0],[-87.89015,43.06741,0.0],[-87.89039,43.06741,0.0],[-87.8905,43.06741,0.0],[-87.89084,43.06741,0.0],[-87.89095,43.06741,0.0],[-87.8911,43.06741,0.0],[-87.89155,43.06741,0.0],[-87.89171,43.06741,0.0],[-87.89231,43.06741,0.0],[-87.89411,43.06741,0.0],[-87.89472,43.06741,0.0],[-87.8947,43.06751,0.0],[-87.89468,43.06766,0.0],[-87.89467,43.06781,0.0],[-87.89466,43.06791,0.0],[-87.89473,43.06791,0.0],[-87.89497,43.06792,0.0],[-87.89505,43.06792,0.0]]]]}},{"type":"Feature","properties":{"uesi_id":"USA_R251075","nbhd_code":"USA_R251075_85","nbhd_name":"Census Tract 79, Milwaukee, WI"},"geometry":{"type":"MultiPolygon","coordinates":[[[[-87.9004,43.06418,0.0],[-87.90038,43.06527,0.0],[-87.90038,43.06563,0.0],[-87.90037,43.066,0.0],[-87.90036,43.0671,0.0],[-87.90035,43.06746,0.0],[-87.90035,43.06783,0.0],[-87.90034,43.06893,0.0],[-87.90034,43.06929,0.0],[-87.90033,43.06966,0.0],[-87.90032,43.07075,0.0],[-87.90032,43.07111,0.0],[-87.90008,43.07111,0.0],[-87.89935,43.0711,0.0],[-87.89911,43.0711,0.0],[-87.89893,43.0711,0.0],[-87.89837,43.07109,0.0],[-87.89819,43.07109,0.0],[-87.89811,43.07109,0.0],[-87.89801,43.07109,0.0],[-87.89788,43.07109,0.0],[-87.8978,43.07109,0.0],[-87.8978,43.07111,0.0],[-87.8978,43.07115,0.0],[-87.8978,43.07116,0.0],[-87.89755,43.07115,0.0],[-87.89682,43.07114,0.0],[-87.89657,43.07114,0.0],[-87.89592,43.07113,0.0],[-87.89397,43.07111,0.0],[-87.89332,43.0711,0.0],[-87.8933,43.07109,0.0],[-87.89324,43.07109,0.0],[-87.89323,43.07109,0.0],[-87.8932,43.07109,0.0],[-87.89348,43.0704,0.0],[-87.89362,43.07006,0.0],[-87.89482,43.06863,0.0],[-87.89484,43.06861,0.0],[-87.89505,43.06792,0.0],[-87.89509,43.0678,0.0],[-87.89498,43.06672,0.0],[-87.89478,43.06632,0.0],[-87.89444,43.06564,0.0],[-87.8935,43.06437,0.0],[-87.8934,43.0637,0.0],[-87.89323,43.06178,0.0],[-87.89323,43.06177,0.0],[-87.89354,43.06065,0.0],[-87.89365,43.06017,0.0],[-87.8938,43.06017,0.0],[-87.89427,43.06017,0.0],[-87.89443,43.06017,0.0],[-87.89449,43.06017,0.0],[-87.89455,43.06018,0.0],[-87.89554,43.06018,0.0],[-87.8957,43.06018,0.0],[-87.89617,43.06018,0.0],[-87.89627,43.06019,0.0],[-87.89633,43.06019,0.0],[-87.89665,43.06019,0.0],[-87.89761,43.0602,0.0],[-87.89793,43.0602,0.0],[-87.89793,43.06038,0.0],[-87.89792,43.06092,0.0],[-87.89792,43.0611,0.0],[-87.89792,43.06128,0.0],[-87.89791,43.06183,0.0],[-87.89791,43.06201,0.0],[-87.8979,43.06237,0.0],[-87.89789,43.06345,0.0],[-87.89789,43.06381,0.0],[-87.89815,43.06381,0.0],[-87.89892,43.06381,0.0],[-87.89918,43.06381,0.0],[-87.89943,43.06381,0.0],[-87.90016,43.06382,0.0],[-87.9004,43.06382,0.0],[-87.9004,43.06418,0.0]]]]}},{"type":"Feature","properties":{"uesi_id":"USA_R251075","nbhd_code":"USA_R251075_86","nbhd_name":"Census Tract 80, Milwaukee, WI"},"geometry":{"type":"MultiPolygon","coordinates":[[[[-87.90534,43.06421,0.0],[-87.90533,43.0653,0.0],[-87.90532,43.06566,0.0],[-87.90532,43.06603,0.0],[-87.9053,43.06713,0.0],[-87.9053,43.06749,0.0],[-87.9053,43.06786,0.0],[-87.90529,43.06896,0.0],[-87.90528,43.06933,0.0],[-87.90528,43.06969,0.0],[-87.90527,43.07078,0.0],[-87.90526,43.07114,0.0],[-87.90502,43.07114,0.0],[-87.90428,43.07113,0.0],[-87.90403,43.07113,0.0],[-87.90377,43.07113,0.0],[-87.90301,43.07113,0.0],[-87.90275,43.07112,0.0],[-87.90251,43.07112,0.0],[-87.90178,43.07112,0.0],[-87.90154,43.07112,0.0],[-87.9013,43.07111,0.0],[-87.90057,43.07111,0.0],[-87.90032,43.07111,0.0],[-87.90032,43.07075,0.0],[-87.90033,43.06966,0.0],[-87.90034,43.06929,0.0],[-87.90034,43.06893,0.0],[-87.90035,43.06783,0.0],[-87.90035,43.06746,0.0],[-87.90036,43.0671,0.0],[-87.90037,43.066,0.0],[-87.90038,43.06563,0.0],[-87.90038,43.06527,0.0],[-87.9004,43.06418,0.0],[-87.9004,43.06382,0.0],[-87.90064,43.06382,0.0],[-87.90138,43.06383,0.0],[-87.90162,43.06383,0.0],[-87.90187,43.06383,0.0],[-87.9026,43.06383,0.0],[-87.90285,43.06384,0.0],[-87.9031,43.06384,0.0],[-87.90385,43.06384,0.0],[-87.90411,43.06385,0.0],[-87.90435,43.06385,0.0],[-87.90509,43.06385,0.0],[-87.90534,43.06385,0.0],[-87.90534,43.06421,0.0]]]]}},{"type":"Feature","properties":{"uesi_id":"USA_R251075","nbhd_code":"USA_R251075_87","nbhd_name":"Census Tract 81, Milwaukee, WI"},"geometry":{"type":"MultiPolygon","coordinates":[[[[-87.90961,43.06425,0.0],[-87.9096,43.06533,0.0],[-87.9096,43.0657,0.0],[-87.90959,43.06606,0.0],[-87.90958,43.06716,0.0],[-87.90958,43.06752,0.0],[-87.90957,43.06789,0.0],[-87.90956,43.06898,0.0],[-87.90956,43.06935,0.0],[-87.90955,43.06969,0.0],[-87.90954,43.07074,0.0],[-87.90954,43.07108,0.0],[-87.90931,43.07108,0.0],[-87.90864,43.07108,0.0],[-87.90841,43.07108,0.0],[-87.90828,43.07107,0.0],[-87.90788,43.07107,0.0],[-87.90775,43.07107,0.0],[-87.9075,43.07107,0.0],[-87.90676,43.07107,0.0],[-87.90651,43.07107,0.0],[-87.90626,43.07106,0.0],[-87.90584,43.07106,0.0],[-87.90551,43.07111,0.0],[-87.90526,43.07114,0.0],[-87.90527,43.07078,0.0],[-87.90528,43.06969,0.0],[-87.90528,43.06933,0.0],[-87.90529,43.06896,0.0],[-87.9053,43.06786,0.0],[-87.9053,43.06749,0.0],[-87.9053,43.06713,0.0],[-87.90532,43.06603,0.0],[-87.90532,43.06566,0.0],[-87.90533,43.0653,0.0],[-87.90534,43.06421,0.0],[-87.90534,43.06385,0.0],[-87.90559,43.06385,0.0],[-87.90633,43.06386,0.0],[-87.90658,43.06386,0.0],[-87.90683,43.06386,0.0],[-87.90757,43.06387,0.0],[-87.90781,43.06387,0.0],[-87.90799,43.06387,0.0],[-87.90853,43.06388,0.0],[-87.90871,43.06388,0.0],[-87.90889,43.06388,0.0],[-87.90944,43.06388,0.0],[-87.90962,43.06389,0.0],[-87.90961,43.06425,0.0]]]]}},{"type":"Feature","properties":{"uesi_id":"USA_R251075","nbhd_code":"USA_R251075_88","nbhd_name":"Census Tract 84, Milwaukee, WI"},"geometry":{"type":"MultiPolygon","coordinates":[[[[-87.92685,43.06436,0.0],[-87.92685,43.06545,0.0],[-87.92685,43.06581,0.0],[-87.92684,43.06618,0.0],[-87.92683,43.06729,0.0],[-87.92682,43.06766,0.0],[-87.92682,43.06802,0.0],[-87.92679,43.06911,0.0],[-87.92679,43.06948,0.0],[-87.92678,43.06983,0.0],[-87.92676,43.07088,0.0],[-87.92676,43.07123,0.0],[-87.92661,43.07122,0.0],[-87.92615,43.07122,0.0],[-87.92601,43.07122,0.0],[-87.92588,43.07122,0.0],[-87.9255,43.07122,0.0],[-87.92537,43.07122,0.0],[-87.92525,43.07122,0.0],[-87.92488,43.07121,0.0],[-87.92476,43.07121,0.0],[-87.92461,43.07121,0.0],[-87.92414,43.07121,0.0],[-87.92399,43.07121,0.0],[-87.92371,43.0712,0.0],[-87.92288,43.0712,0.0],[-87.9226,43.0712,0.0],[-87.92236,43.07119,0.0],[-87.92166,43.07119,0.0],[-87.92142,43.07119,0.0],[-87.92127,43.07118,0.0],[-87.9208,43.07118,0.0],[-87.92065,43.07118,0.0],[-87.92048,43.07118,0.0],[-87.91997,43.07118,0.0],[-87.91979,43.07117,0.0],[-87.9198,43.07102,0.0],[-87.9198,43.07057,0.0],[-87.9198,43.07047,0.0],[-87.91981,43.07041,0.0],[-87.91981,43.07021,0.0],[-87.91982,43.06962,0.0],[-87.91982,43.06943,0.0],[-87.91982,43.06906,0.0],[-87.91984,43.06796,0.0],[-87.91984,43.0676,0.0],[-87.91984,43.06723,0.0],[-87.91985,43.06613,0.0],[-87.91985,43.06576,0.0],[-87.91985,43.0654,0.0],[-87.91987,43.06431,0.0],[-87.91987,43.06394,0.0],[-87.92004,43.06394,0.0],[-87.92052,43.06395,0.0],[-87.92055,43.06395,0.0],[-87.92062,43.06395,0.0],[-87.92069,43.06395,0.0],[-87.92085,43.06395,0.0],[-87.92096,43.06395,0.0],[-87.92132,43.06395,0.0],[-87.92148,43.06396,0.0],[-87.92172,43.06396,0.0],[-87.92245,43.06396,0.0],[-87.92269,43.06397,0.0],[-87.92297,43.06397,0.0],[-87.9238,43.06397,0.0],[-87.92408,43.06398,0.0],[-87.92435,43.06398,0.0],[-87.92519,43.06399,0.0],[-87.92547,43.06399,0.0],[-87.92574,43.06399,0.0],[-87.92658,43.064,0.0],[-87.92686,43.064,0.0],[-87.92685,43.06436,0.0]]]]}},{"type":"Feature","properties":{"uesi_id":"USA_R251075","nbhd_code":"USA_R251075_89","nbhd_name":"Census Tract 85, Milwaukee, WI"},"geometry":{"type":"MultiPolygon","coordinates":[[[[-87.93324,43.06811,0.0],[-87.93323,43.0692,0.0],[-87.93322,43.06957,0.0],[-87.93322,43.06993,0.0],[-87.9332,43.07102,0.0],[-87.9332,43.07138,0.0],[-87.933,43.07138,0.0],[-87.93239,43.07137,0.0],[-87.93219,43.07137,0.0],[-87.93212,43.07137,0.0],[-87.9319,43.07138,0.0],[-87.93183,43.07139,0.0],[-87.93155,43.07135,0.0],[-87.93134,43.07131,0.0],[-87.93103,43.07129,0.0],[-87.93069,43.07126,0.0],[-87.9304,43.07126,0.0],[-87.93017,43.07126,0.0],[-87.92947,43.07125,0.0],[-87.92923,43.07124,0.0],[-87.92889,43.07124,0.0],[-87.92788,43.07123,0.0],[-87.92755,43.07123,0.0],[-87.92739,43.07123,0.0],[-87.92691,43.07123,0.0],[-87.92676,43.07123,0.0],[-87.92676,43.07088,0.0],[-87.92678,43.06983,0.0],[-87.92679,43.06948,0.0],[-87.92679,43.06911,0.0],[-87.92682,43.06802,0.0],[-87.92682,43.06766,0.0],[-87.92683,43.06729,0.0],[-87.92684,43.06618,0.0],[-87.92685,43.06581,0.0],[-87.92685,43.06545,0.0],[-87.92685,43.06436,0.0],[-87.92686,43.064,0.0],[-87.92702,43.06399,0.0],[-87.9275,43.06398,0.0],[-87.92766,43.06398,0.0],[-87.92789,43.06399,0.0],[-87.92857,43.06401,0.0],[-87.9288,43.06402,0.0],[-87.92905,43.06402,0.0],[-87.92978,43.06403,0.0],[-87.93003,43.06404,0.0],[-87.9303,43.06404,0.0],[-87.9311,43.06406,0.0],[-87.93137,43.06406,0.0],[-87.93162,43.06406,0.0],[-87.93236,43.06408,0.0],[-87.93261,43.06408,0.0],[-87.9326,43.06444,0.0],[-87.93258,43.06553,0.0],[-87.93258,43.06589,0.0],[-87.93257,43.06626,0.0],[-87.93255,43.06736,0.0],[-87.93255,43.06773,0.0],[-87.93269,43.06773,0.0],[-87.93311,43.06774,0.0],[-87.93325,43.06774,0.0],[-87.93324,43.06811,0.0]]]]}},{"type":"Feature","properties":{"uesi_id":"USA_R251075","nbhd_code":"USA_R251075_90","nbhd_name":"Census Tract 86, Milwaukee, WI"},"geometry":{"type":"MultiPolygon","coordinates":[[[[-87.93754,43.06452,0.0],[-87.93752,43.06561,0.0],[-87.93751,43.06598,0.0],[-87.93751,43.06634,0.0],[-87.93749,43.06743,0.0],[-87.93748,43.0678,0.0],[-87.93748,43.06816,0.0],[-87.93746,43.06926,0.0],[-87.93745,43.06963,0.0],[-87.93745,43.06999,0.0],[-87.93743,43.07107,0.0],[-87.93743,43.07144,0.0],[-87.9373,43.07143,0.0],[-87.93691,43.07142,0.0],[-87.93679,43.07142,0.0],[-87.93655,43.07142,0.0],[-87.93584,43.07141,0.0],[-87.9356,43.07141,0.0],[-87.93536,43.07141,0.0],[-87.93464,43.0714,0.0],[-87.9344,43.0714,0.0],[-87.93416,43.07139,0.0],[-87.93344,43.07138,0.0],[-87.9332,43.07138,0.0],[-87.9332,43.07102,0.0],[-87.93322,43.06993,0.0],[-87.93322,43.06957,0.0],[-87.93323,43.0692,0.0],[-87.93324,43.06811,0.0],[-87.93325,43.06774,0.0],[-87.93311,43.06774,0.0],[-87.93269,43.06773,0.0],[-87.93255,43.06773,0.0],[-87.93255,43.06736,0.0],[-87.93257,43.06626,0.0],[-87.93258,43.06589,0.0],[-87.93258,43.06553,0.0],[-87.9326,43.06444,0.0],[-87.93261,43.06408,0.0],[-87.93285,43.06408,0.0],[-87.93359,43.0641,0.0],[-87.93384,43.0641,0.0],[-87.93409,43.0641,0.0],[-87.93482,43.06411,0.0],[-87.93507,43.06412,0.0],[-87.93532,43.06412,0.0],[-87.93606,43.06413,0.0],[-87.9363,43.06414,0.0],[-87.93655,43.06414,0.0],[-87.93729,43.06415,0.0],[-87.93754,43.06416,0.0],[-87.93754,43.06452,0.0]]]]}},{"type":"Feature","properties":{"uesi_id":"USA_R251075","nbhd_code":"USA_R251075_91","nbhd_name":"Census Tract 87, Milwaukee, WI"},"geometry":{"type":"MultiPolygon","coordinates":[[[[-87.94252,43.0643,0.0],[-87.94252,43.06464,0.0],[-87.94251,43.06476,0.0],[-87.94251,43.06501,0.0],[-87.9425,43.06577,0.0],[-87.94249,43.06603,0.0],[-87.94249,43.06639,0.0],[-87.94246,43.06749,0.0],[-87.94246,43.06785,0.0],[-87.94245,43.06822,0.0],[-87.94243,43.06931,0.0],[-87.94243,43.06968,0.0],[-87.94242,43.07004,0.0],[-87.9424,43.07113,0.0],[-87.9424,43.0715,0.0],[-87.94215,43.07149,0.0],[-87.94141,43.07149,0.0],[-87.94116,43.07149,0.0],[-87.94091,43.07148,0.0],[-87.94017,43.07147,0.0],[-87.93992,43.07147,0.0],[-87.93967,43.07147,0.0],[-87.93892,43.07146,0.0],[-87.93867,43.07146,0.0],[-87.93842,43.07146,0.0],[-87.93767,43.07144,0.0],[-87.93743,43.07144,0.0],[-87.93743,43.07107,0.0],[-87.93745,43.06999,0.0],[-87.93745,43.06963,0.0],[-87.93746,43.06926,0.0],[-87.93748,43.06816,0.0],[-87.93748,43.0678,0.0],[-87.93749,43.06743,0.0],[-87.93751,43.06634,0.0],[-87.93751,43.06598,0.0],[-87.93752,43.06561,0.0],[-87.93754,43.06452,0.0],[-87.93754,43.06416,0.0],[-87.93779,43.06415,0.0],[-87.93854,43.06415,0.0],[-87.93878,43.06414,0.0],[-87.93903,43.06415,0.0],[-87.93979,43.06415,0.0],[-87.94004,43.06416,0.0],[-87.94029,43.06416,0.0],[-87.94103,43.06417,0.0],[-87.94128,43.06417,0.0],[-87.94153,43.06417,0.0],[-87.94227,43.06418,0.0],[-87.94252,43.06419,0.0],[-87.94252,43.0643,0.0]]]]}},{"type":"Feature","properties":{"uesi_id":"USA_R251075","nbhd_code":"USA_R251075_92","nbhd_name":"Census Tract 88, Milwaukee, WI"},"geometry":{"type":"MultiPolygon","coordinates":[[[[-87.94993,43.0646,0.0],[-87.94991,43.06568,0.0],[-87.9499,43.06604,0.0],[-87.9499,43.06641,0.0],[-87.94988,43.06753,0.0],[-87.94988,43.06791,0.0],[-87.94987,43.06819,0.0],[-87.94986,43.06904,0.0],[-87.94985,43.06932,0.0],[-87.94985,43.0694,0.0],[-87.94985,43.06964,0.0],[-87.94985,43.06973,0.0],[-87.94984,43.0701,0.0],[-87.94983,43.0712,0.0],[-87.94982,43.07157,0.0],[-87.94958,43.07157,0.0],[-87.94884,43.07157,0.0],[-87.94859,43.07157,0.0],[-87.94834,43.07157,0.0],[-87.94759,43.07158,0.0],[-87.94734,43.07158,0.0],[-87.94709,43.07157,0.0],[-87.94701,43.07156,0.0],[-87.94635,43.07154,0.0],[-87.9461,43.07153,0.0],[-87.94585,43.07153,0.0],[-87.94511,43.07152,0.0],[-87.94486,43.07152,0.0],[-87.94462,43.07152,0.0],[-87.94388,43.07151,0.0],[-87.94363,43.07151,0.0],[-87.94338,43.07151,0.0],[-87.94264,43.0715,0.0],[-87.9424,43.0715,0.0],[-87.9424,43.07113,0.0],[-87.94242,43.07004,0.0],[-87.94243,43.06968,0.0],[-87.94243,43.06931,0.0],[-87.94245,43.06822,0.0],[-87.94246,43.06785,0.0],[-87.94246,43.06749,0.0],[-87.94249,43.06639,0.0],[-87.94249,43.06603,0.0],[-87.9425,43.06577,0.0],[-87.94251,43.06501,0.0],[-87.94251,43.06476,0.0],[-87.94252,43.06464,0.0],[-87.94252,43.0643,0.0],[-87.94252,43.06419,0.0],[-87.94271,43.06419,0.0],[-87.94325,43.06419,0.0],[-87.94344,43.0642,0.0],[-87.94352,43.06426,0.0],[-87.94375,43.06444,0.0],[-87.94382,43.06451,0.0],[-87.94404,43.06436,0.0],[-87.9447,43.06393,0.0],[-87.94491,43.06379,0.0],[-87.94515,43.06398,0.0],[-87.94585,43.06454,0.0],[-87.94609,43.06473,0.0],[-87.94618,43.06467,0.0],[-87.94621,43.06466,0.0],[-87.94621,43.06434,0.0],[-87.94621,43.06423,0.0],[-87.94646,43.06423,0.0],[-87.94684,43.06423,0.0],[-87.9472,43.06424,0.0],[-87.94745,43.06424,0.0],[-87.9477,43.06424,0.0],[-87.94845,43.06424,0.0],[-87.9487,43.06424,0.0],[-87.94895,43.06424,0.0],[-87.94969,43.06424,0.0],[-87.94993,43.06424,0.0],[-87.94993,43.0646,0.0]]]]}},{"type":"Feature","properties":{"uesi_id":"USA_R251075","nbhd_code":"USA_R251075_93","nbhd_name":"Census Tract 89, Milwaukee, WI"},"geometry":{"type":"MultiPolygon","coordinates":[[[[-87.95746,43.06462,0.0],[-87.95744,43.06571,0.0],[-87.95744,43.06607,0.0],[-87.95743,43.06644,0.0],[-87.95742,43.06754,0.0],[-87.95741,43.0679,0.0],[-87.95741,43.06827,0.0],[-87.95739,43.06936,0.0],[-87.95739,43.06973,0.0],[-87.95738,43.07009,0.0],[-87.95736,43.07119,0.0],[-87.95736,43.07156,0.0],[-87.95713,43.07156,0.0],[-87.95642,43.07156,0.0],[-87.95619,43.07156,0.0],[-87.95597,43.07156,0.0],[-87.95534,43.07156,0.0],[-87.95513,43.07156,0.0],[-87.95489,43.07156,0.0],[-87.95418,43.07156,0.0],[-87.95395,43.07156,0.0],[-87.9537,43.07156,0.0],[-87.95297,43.07156,0.0],[-87.95295,43.07157,0.0],[-87.95272,43.07157,0.0],[-87.95268,43.07157,0.0],[-87.95254,43.07157,0.0],[-87.95235,43.07157,0.0],[-87.95137,43.07157,0.0],[-87.95105,43.07157,0.0],[-87.9508,43.07157,0.0],[-87.95007,43.07157,0.0],[-87.94982,43.07157,0.0],[-87.94983,43.0712,0.0],[-87.94984,43.0701,0.0],[-87.94985,43.06973,0.0],[-87.94985,43.06964,0.0],[-87.94985,43.0694,0.0],[-87.94985,43.06932,0.0],[-87.94986,43.06904,0.0],[-87.94987,43.06819,0.0],[-87.94988,43.06791,0.0],[-87.94988,43.06753,0.0],[-87.9499,43.06641,0.0],[-87.9499,43.06604,0.0],[-87.94991,43.06568,0.0],[-87.94993,43.0646,0.0],[-87.94993,43.06424,0.0],[-87.94994,43.06388,0.0],[-87.94996,43.0628,0.0],[-87.94997,43.06244,0.0],[-87.95021,43.06244,0.0],[-87.95094,43.06244,0.0],[-87.95119,43.06245,0.0],[-87.95119,43.06228,0.0],[-87.95119,43.06178,0.0],[-87.9512,43.06161,0.0],[-87.9512,43.06141,0.0],[-87.9512,43.06101,0.0],[-87.95114,43.0608,0.0],[-87.95108,43.06061,0.0],[-87.95126,43.06061,0.0],[-87.95181,43.06061,0.0],[-87.95199,43.06061,0.0],[-87.95203,43.06061,0.0],[-87.95215,43.06061,0.0],[-87.95264,43.06061,0.0],[-87.9528,43.06061,0.0],[-87.95285,43.06061,0.0],[-87.95303,43.06061,0.0],[-87.95309,43.06061,0.0],[-87.95307,43.06098,0.0],[-87.95302,43.06208,0.0],[-87.95301,43.06245,0.0],[-87.95322,43.06245,0.0],[-87.95387,43.06245,0.0],[-87.95409,43.06245,0.0],[-87.95408,43.06281,0.0],[-87.95407,43.06389,0.0],[-87.95406,43.06425,0.0],[-87.9543,43.06425,0.0],[-87.955,43.06426,0.0],[-87.95524,43.06426,0.0],[-87.95545,43.06426,0.0],[-87.95608,43.06426,0.0],[-87.95629,43.06426,0.0],[-87.95653,43.06426,0.0],[-87.95723,43.06426,0.0],[-87.95747,43.06426,0.0],[-87.95746,43.06462,0.0]]]]}},{"type":"Feature","properties":{"uesi_id":"USA_R251075","nbhd_code":"USA_R251075_94","nbhd_name":"Census Tract 90, Milwaukee, WI"},"geometry":{"type":"MultiPolygon","coordinates":[[[[-87.9647,43.05667,0.0],[-87.96469,43.05727,0.0],[-87.96469,43.05747,0.0],[-87.96468,43.05783,0.0],[-87.96467,43.05889,0.0],[-87.96466,43.05924,0.0],[-87.96466,43.05952,0.0],[-87.96465,43.06034,0.0],[-87.96465,43.06061,0.0],[-87.96464,43.06098,0.0],[-87.96462,43.06208,0.0],[-87.96462,43.06244,0.0],[-87.96461,43.0628,0.0],[-87.9646,43.06389,0.0],[-87.96459,43.06426,0.0],[-87.96436,43.06426,0.0],[-87.96366,43.06426,0.0],[-87.96342,43.06426,0.0],[-87.96319,43.06426,0.0],[-87.96248,43.06426,0.0],[-87.96225,43.06426,0.0],[-87.96201,43.06426,0.0],[-87.96129,43.06426,0.0],[-87.96105,43.06426,0.0],[-87.96081,43.06426,0.0],[-87.96009,43.06426,0.0],[-87.95986,43.06426,0.0],[-87.95962,43.06425,0.0],[-87.95891,43.06425,0.0],[-87.95867,43.06425,0.0],[-87.95843,43.06426,0.0],[-87.95771,43.06426,0.0],[-87.95747,43.06426,0.0],[-87.95747,43.0639,0.0],[-87.95749,43.06281,0.0],[-87.95749,43.06245,0.0],[-87.9575,43.06208,0.0],[-87.95752,43.06098,0.0],[-87.95752,43.06062,0.0],[-87.95752,43.06034,0.0],[-87.95753,43.05952,0.0],[-87.95754,43.05924,0.0],[-87.95754,43.05897,0.0],[-87.95755,43.05815,0.0],[-87.95755,43.05787,0.0],[-87.95755,43.05779,0.0],[-87.95756,43.05756,0.0],[-87.95756,43.05748,0.0],[-87.95756,43.05727,0.0],[-87.95757,43.05666,0.0],[-87.95757,43.05645,0.0],[-87.95781,43.05645,0.0],[-87.95852,43.05645,0.0],[-87.95876,43.05645,0.0],[-87.959,43.05645,0.0],[-87.9597,43.05645,0.0],[-87.95994,43.05646,0.0],[-87.96018,43.05646,0.0],[-87.96091,43.05646,0.0],[-87.96116,43.05646,0.0],[-87.9614,43.05646,0.0],[-87.96211,43.05646,0.0],[-87.96235,43.05646,0.0],[-87.96259,43.05646,0.0],[-87.96329,43.05646,0.0],[-87.96353,43.05646,0.0],[-87.96376,43.05646,0.0],[-87.96447,43.05646,0.0],[-87.9647,43.05646,0.0],[-87.9647,43.05667,0.0]]]]}},{"type":"Feature","properties":{"uesi_id":"USA_R251075","nbhd_code":"USA_R251075_95","nbhd_name":"Census Tract 91, Milwaukee, WI"},"geometry":{"type":"MultiPolygon","coordinates":[[[[-87.97251,43.061,0.0],[-87.97249,43.0621,0.0],[-87.97249,43.06246,0.0],[-87.97248,43.06282,0.0],[-87.97247,43.06391,0.0],[-87.97246,43.06428,0.0],[-87.97222,43.06427,0.0],[-87.97149,43.06427,0.0],[-87.97125,43.06427,0.0],[-87.971,43.06427,0.0],[-87.97026,43.06427,0.0],[-87.97001,43.06426,0.0],[-87.96977,43.06426,0.0],[-87.96907,43.06426,0.0],[-87.96883,43.06426,0.0],[-87.96857,43.06426,0.0],[-87.96778,43.06426,0.0],[-87.96752,43.06426,0.0],[-87.96719,43.06426,0.0],[-87.96618,43.06426,0.0],[-87.96584,43.06426,0.0],[-87.96559,43.06426,0.0],[-87.96484,43.06426,0.0],[-87.96459,43.06426,0.0],[-87.9646,43.06389,0.0],[-87.96461,43.0628,0.0],[-87.96462,43.06244,0.0],[-87.96462,43.06208,0.0],[-87.96464,43.06098,0.0],[-87.96465,43.06061,0.0],[-87.96465,43.06034,0.0],[-87.96466,43.05952,0.0],[-87.96466,43.05924,0.0],[-87.96467,43.05889,0.0],[-87.96468,43.05783,0.0],[-87.96469,43.05747,0.0],[-87.96469,43.05727,0.0],[-87.9647,43.05667,0.0],[-87.9647,43.05646,0.0],[-87.96477,43.05646,0.0],[-87.96498,43.05646,0.0],[-87.96505,43.05646,0.0],[-87.96544,43.05667,0.0],[-87.96661,43.05729,0.0],[-87.967,43.05749,0.0],[-87.96712,43.05745,0.0],[-87.96746,43.05732,0.0],[-87.96758,43.05727,0.0],[-87.96783,43.05723,0.0],[-87.96849,43.0571,0.0],[-87.96859,43.0571,0.0],[-87.96885,43.05709,0.0],[-87.96909,43.05709,0.0],[-87.96983,43.05709,0.0],[-87.97008,43.0571,0.0],[-87.97031,43.0571,0.0],[-87.97101,43.0571,0.0],[-87.97124,43.0571,0.0],[-87.97135,43.0571,0.0],[-87.97168,43.0571,0.0],[-87.97173,43.0571,0.0],[-87.97179,43.0571,0.0],[-87.97192,43.0571,0.0],[-87.97231,43.0571,0.0],[-87.97244,43.05711,0.0],[-87.97243,43.0575,0.0],[-87.97243,43.05868,0.0],[-87.97243,43.05907,0.0],[-87.97243,43.05911,0.0],[-87.97243,43.05922,0.0],[-87.97243,43.05926,0.0],[-87.97243,43.05947,0.0],[-87.97243,43.06002,0.0],[-87.97243,43.06008,0.0],[-87.97243,43.06029,0.0],[-87.97244,43.06036,0.0],[-87.97249,43.06057,0.0],[-87.97251,43.06064,0.0],[-87.97251,43.061,0.0]]]]}},{"type":"Feature","properties":{"uesi_id":"USA_R251075","nbhd_code":"USA_R251075_96","nbhd_name":"Census Tract 92, Milwaukee, WI"},"geometry":{"type":"MultiPolygon","coordinates":[[[[-87.97878,43.05757,0.0],[-87.97877,43.05886,0.0],[-87.97877,43.05929,0.0],[-87.97876,43.05957,0.0],[-87.97875,43.06039,0.0],[-87.97875,43.06066,0.0],[-87.97875,43.06103,0.0],[-87.97874,43.06211,0.0],[-87.97873,43.06248,0.0],[-87.97873,43.06269,0.0],[-87.97872,43.06333,0.0],[-87.97872,43.06355,0.0],[-87.97872,43.0637,0.0],[-87.97871,43.06415,0.0],[-87.97871,43.0643,0.0],[-87.97847,43.0643,0.0],[-87.97776,43.0643,0.0],[-87.97752,43.0643,0.0],[-87.97727,43.06429,0.0],[-87.97651,43.06429,0.0],[-87.97625,43.06429,0.0],[-87.976,43.06429,0.0],[-87.97525,43.06429,0.0],[-87.975,43.06428,0.0],[-87.97475,43.06428,0.0],[-87.974,43.06428,0.0],[-87.97376,43.06428,0.0],[-87.9735,43.06428,0.0],[-87.97272,43.06428,0.0],[-87.97246,43.06428,0.0],[-87.97247,43.06391,0.0],[-87.97248,43.06282,0.0],[-87.97249,43.06246,0.0],[-87.97249,43.0621,0.0],[-87.97251,43.061,0.0],[-87.97251,43.06064,0.0],[-87.97249,43.06057,0.0],[-87.97244,43.06036,0.0],[-87.97243,43.06029,0.0],[-87.97243,43.06008,0.0],[-87.97243,43.06002,0.0],[-87.97243,43.05947,0.0],[-87.97243,43.05926,0.0],[-87.97243,43.05922,0.0],[-87.97243,43.05911,0.0],[-87.97243,43.05907,0.0],[-87.97243,43.05868,0.0],[-87.97243,43.0575,0.0],[-87.97244,43.05711,0.0],[-87.97266,43.05711,0.0],[-87.97334,43.05711,0.0],[-87.97357,43.05711,0.0],[-87.97379,43.05711,0.0],[-87.97448,43.05711,0.0],[-87.97471,43.05712,0.0],[-87.975,43.05712,0.0],[-87.97586,43.05712,0.0],[-87.97614,43.05712,0.0],[-87.97643,43.05712,0.0],[-87.97729,43.05713,0.0],[-87.97758,43.05713,0.0],[-87.97782,43.05713,0.0],[-87.97854,43.05714,0.0],[-87.97878,43.05714,0.0],[-87.97878,43.05757,0.0]]]]}},{"type":"Feature","properties":{"uesi_id":"USA_R251075","nbhd_code":"USA_R251075_97","nbhd_name":"Census Tract 93, Milwaukee, WI"},"geometry":{"type":"MultiPolygon","coordinates":[[[[-87.98755,43.05747,0.0],[-87.98755,43.05851,0.0],[-87.98755,43.05886,0.0],[-87.98755,43.05923,0.0],[-87.98754,43.06033,0.0],[-87.98754,43.0607,0.0],[-87.98754,43.06107,0.0],[-87.98753,43.06217,0.0],[-87.98752,43.06253,0.0],[-87.98752,43.0629,0.0],[-87.98751,43.06401,0.0],[-87.9875,43.06438,0.0],[-87.98728,43.06437,0.0],[-87.9866,43.06436,0.0],[-87.98637,43.06435,0.0],[-87.98615,43.06435,0.0],[-87.98548,43.06435,0.0],[-87.98526,43.06435,0.0],[-87.98504,43.06434,0.0],[-87.98437,43.06434,0.0],[-87.98415,43.06434,0.0],[-87.98392,43.06434,0.0],[-87.98325,43.06433,0.0],[-87.98303,43.06433,0.0],[-87.9828,43.06433,0.0],[-87.98213,43.06432,0.0],[-87.9819,43.06432,0.0],[-87.98094,43.06432,0.0],[-87.98018,43.06431,0.0],[-87.97989,43.06431,0.0],[-87.97965,43.06431,0.0],[-87.97895,43.0643,0.0],[-87.97871,43.0643,0.0],[-87.97871,43.06415,0.0],[-87.97872,43.0637,0.0],[-87.97872,43.06355,0.0],[-87.97872,43.06333,0.0],[-87.97873,43.06269,0.0],[-87.97873,43.06248,0.0],[-87.97874,43.06211,0.0],[-87.97875,43.06103,0.0],[-87.97875,43.06066,0.0],[-87.97875,43.06039,0.0],[-87.97876,43.05957,0.0],[-87.97877,43.05929,0.0],[-87.97877,43.05886,0.0],[-87.97878,43.05757,0.0],[-87.97878,43.05714,0.0],[-87.97903,43.05714,0.0],[-87.97977,43.05714,0.0],[-87.98002,43.05714,0.0],[-87.98018,43.05714,0.0],[-87.98066,43.05715,0.0],[-87.98082,43.05715,0.0],[-87.98104,43.05715,0.0],[-87.98171,43.05715,0.0],[-87.98193,43.05715,0.0],[-87.98216,43.05715,0.0],[-87.98283,43.05716,0.0],[-87.98306,43.05716,0.0],[-87.98328,43.05716,0.0],[-87.98396,43.05716,0.0],[-87.98418,43.05716,0.0],[-87.9844,43.05716,0.0],[-87.98508,43.05717,0.0],[-87.9853,43.05717,0.0],[-87.98552,43.05717,0.0],[-87.98619,43.05717,0.0],[-87.98642,43.05718,0.0],[-87.98665,43.05718,0.0],[-87.98725,43.05718,0.0],[-87.98733,43.05716,0.0],[-87.98756,43.05712,0.0],[-87.98755,43.05747,0.0]]]]}},{"type":"Feature","properties":{"uesi_id":"USA_R251075","nbhd_code":"USA_R251075_98","nbhd_name":"Census Tract 94, Milwaukee, WI"},"geometry":{"type":"MultiPolygon","coordinates":[[[[-87.98757,43.05297,0.0],[-87.98756,43.0533,0.0],[-87.98756,43.05346,0.0],[-87.98756,43.05492,0.0],[-87.98756,43.05542,0.0],[-87.98756,43.05575,0.0],[-87.98756,43.05676,0.0],[-87.98756,43.0571,0.0],[-87.98756,43.05712,0.0],[-87.98733,43.05716,0.0],[-87.98725,43.05718,0.0],[-87.98665,43.05718,0.0],[-87.98642,43.05718,0.0],[-87.98619,43.05717,0.0],[-87.98552,43.05717,0.0],[-87.9853,43.05717,0.0],[-87.98508,43.05717,0.0],[-87.9844,43.05716,0.0],[-87.98418,43.05716,0.0],[-87.98396,43.05716,0.0],[-87.98328,43.05716,0.0],[-87.98306,43.05716,0.0],[-87.98283,43.05716,0.0],[-87.98216,43.05715,0.0],[-87.98193,43.05715,0.0],[-87.98171,43.05715,0.0],[-87.98104,43.05715,0.0],[-87.98082,43.05715,0.0],[-87.98066,43.05715,0.0],[-87.98018,43.05714,0.0],[-87.98002,43.05714,0.0],[-87.97977,43.05714,0.0],[-87.97903,43.05714,0.0],[-87.97878,43.05714,0.0],[-87.97878,43.05675,0.0],[-87.97878,43.05559,0.0],[-87.97879,43.05521,0.0],[-87.97879,43.05475,0.0],[-87.9788,43.05339,0.0],[-87.9788,43.05293,0.0],[-87.9788,43.05266,0.0],[-87.9788,43.05185,0.0],[-87.9788,43.05158,0.0],[-87.9788,43.05108,0.0],[-87.97881,43.04959,0.0],[-87.97882,43.0491,0.0],[-87.97905,43.04912,0.0],[-87.97974,43.04919,0.0],[-87.97998,43.04921,0.0],[-87.9802,43.04924,0.0],[-87.98087,43.04931,0.0],[-87.9811,43.04933,0.0],[-87.98114,43.04933,0.0],[-87.98125,43.04935,0.0],[-87.98129,43.04935,0.0],[-87.98149,43.04937,0.0],[-87.98207,43.04943,0.0],[-87.98227,43.04945,0.0],[-87.98243,43.04946,0.0],[-87.98293,43.04952,0.0],[-87.9831,43.04953,0.0],[-87.98332,43.04955,0.0],[-87.98397,43.04962,0.0],[-87.98419,43.04964,0.0],[-87.98441,43.04967,0.0],[-87.98508,43.04973,0.0],[-87.9853,43.04976,0.0],[-87.98553,43.04978,0.0],[-87.98619,43.04985,0.0],[-87.98642,43.04987,0.0],[-87.98664,43.04989,0.0],[-87.98732,43.04996,0.0],[-87.98755,43.04999,0.0],[-87.98755,43.05031,0.0],[-87.98756,43.05128,0.0],[-87.98756,43.05161,0.0],[-87.98756,43.05188,0.0],[-87.98756,43.05264,0.0],[-87.98756,43.05268,0.0],[-87.98757,43.05295,0.0],[-87.98757,43.05297,0.0]]]]}},{"type":"Feature","properties":{"uesi_id":"USA_R251075","nbhd_code":"USA_R251075_99","nbhd_name":"Census Tract 95, Milwaukee, WI"},"geometry":{"type":"MultiPolygon","coordinates":[[[[-87.97881,43.04959,0.0],[-87.9788,43.05108,0.0],[-87.9788,43.05158,0.0],[-87.9788,43.05185,0.0],[-87.9788,43.05266,0.0],[-87.9788,43.05293,0.0],[-87.9788,43.05339,0.0],[-87.97879,43.05475,0.0],[-87.97879,43.05521,0.0],[-87.97878,43.05559,0.0],[-87.97878,43.05675,0.0],[-87.97878,43.05714,0.0],[-87.97854,43.05714,0.0],[-87.97782,43.05713,0.0],[-87.97758,43.05713,0.0],[-87.97729,43.05713,0.0],[-87.97643,43.05712,0.0],[-87.97614,43.05712,0.0],[-87.97586,43.05712,0.0],[-87.975,43.05712,0.0],[-87.97471,43.05712,0.0],[-87.97448,43.05711,0.0],[-87.97379,43.05711,0.0],[-87.97357,43.05711,0.0],[-87.97334,43.05711,0.0],[-87.97266,43.05711,0.0],[-87.97244,43.05711,0.0],[-87.97231,43.0571,0.0],[-87.97192,43.0571,0.0],[-87.97192,43.05678,0.0],[-87.97192,43.05582,0.0],[-87.97192,43.0555,0.0],[-87.97192,43.05525,0.0],[-87.97192,43.05448,0.0],[-87.97192,43.05423,0.0],[-87.97192,43.05403,0.0],[-87.97192,43.0536,0.0],[-87.97195,43.05294,0.0],[-87.97194,43.05267,0.0],[-87.97196,43.05104,0.0],[-87.97198,43.04969,0.0],[-87.97203,43.04907,0.0],[-87.97208,43.04881,0.0],[-87.97237,43.04881,0.0],[-87.97247,43.04881,0.0],[-87.97253,43.04881,0.0],[-87.97271,43.0488,0.0],[-87.97277,43.04879,0.0],[-87.97293,43.04879,0.0],[-87.97303,43.04878,0.0],[-87.97343,43.04879,0.0],[-87.9736,43.04879,0.0],[-87.97383,43.0488,0.0],[-87.97451,43.04883,0.0],[-87.97474,43.04885,0.0],[-87.97497,43.04886,0.0],[-87.97565,43.04889,0.0],[-87.97587,43.0489,0.0],[-87.97605,43.0489,0.0],[-87.97657,43.04893,0.0],[-87.97675,43.04893,0.0],[-87.97692,43.04894,0.0],[-87.97744,43.04897,0.0],[-87.97762,43.04897,0.0],[-87.97786,43.049,0.0],[-87.97858,43.04907,0.0],[-87.97882,43.0491,0.0],[-87.97881,43.04959,0.0]]]]}},{"type":"Feature","properties":{"uesi_id":"USA_R251075","nbhd_code":"USA_R251075_100","nbhd_name":"Census Tract 96, Milwaukee, WI"},"geometry":{"type":"MultiPolygon","coordinates":[[[[-87.97203,43.04907,0.0],[-87.97198,43.04969,0.0],[-87.97196,43.05104,0.0],[-87.97194,43.05267,0.0],[-87.97195,43.05294,0.0],[-87.97192,43.0536,0.0],[-87.97192,43.05403,0.0],[-87.97192,43.05423,0.0],[-87.97192,43.05448,0.0],[-87.97192,43.05525,0.0],[-87.97192,43.0555,0.0],[-87.97192,43.05582,0.0],[-87.97192,43.05678,0.0],[-87.97192,43.0571,0.0],[-87.97179,43.0571,0.0],[-87.97173,43.0571,0.0],[-87.97168,43.0571,0.0],[-87.97135,43.0571,0.0],[-87.97124,43.0571,0.0],[-87.97101,43.0571,0.0],[-87.97031,43.0571,0.0],[-87.97008,43.0571,0.0],[-87.96983,43.05709,0.0],[-87.96909,43.05709,0.0],[-87.96885,43.05709,0.0],[-87.96859,43.0571,0.0],[-87.96849,43.0571,0.0],[-87.96783,43.05723,0.0],[-87.96758,43.05727,0.0],[-87.96746,43.05732,0.0],[-87.96712,43.05745,0.0],[-87.967,43.05749,0.0],[-87.96661,43.05729,0.0],[-87.96544,43.05667,0.0],[-87.96505,43.05646,0.0],[-87.96498,43.05646,0.0],[-87.96477,43.05646,0.0],[-87.9647,43.05646,0.0],[-87.96447,43.05646,0.0],[-87.96376,43.05646,0.0],[-87.96353,43.05646,0.0],[-87.96329,43.05646,0.0],[-87.96259,43.05646,0.0],[-87.96235,43.05646,0.0],[-87.96211,43.05646,0.0],[-87.9614,43.05646,0.0],[-87.96116,43.05646,0.0],[-87.96091,43.05646,0.0],[-87.96018,43.05646,0.0],[-87.95994,43.05646,0.0],[-87.9597,43.05645,0.0],[-87.959,43.05645,0.0],[-87.95876,43.05645,0.0],[-87.95852,43.05645,0.0],[-87.95781,43.05645,0.0],[-87.95757,43.05645,0.0],[-87.95757,43.05618,0.0],[-87.95758,43.05538,0.0],[-87.95759,43.05512,0.0],[-87.95759,43.05502,0.0],[-87.95759,43.05474,0.0],[-87.95759,43.05465,0.0],[-87.95759,43.0543,0.0],[-87.95761,43.05322,0.0],[-87.95761,43.05286,0.0],[-87.95761,43.05282,0.0],[-87.95761,43.05269,0.0],[-87.95761,43.05265,0.0],[-87.95761,43.05242,0.0],[-87.95762,43.05172,0.0],[-87.95762,43.05149,0.0],[-87.95762,43.05122,0.0],[-87.95763,43.05039,0.0],[-87.95763,43.05012,0.0],[-87.95763,43.04984,0.0],[-87.95764,43.049,0.0],[-87.95764,43.04872,0.0],[-87.95789,43.04872,0.0],[-87.95862,43.04874,0.0],[-87.95887,43.04874,0.0],[-87.95901,43.04874,0.0],[-87.95943,43.04874,0.0],[-87.95957,43.04874,0.0],[-87.95972,43.04874,0.0],[-87.96018,43.04875,0.0],[-87.96034,43.04875,0.0],[-87.96042,43.04875,0.0],[-87.96068,43.04875,0.0],[-87.96077,43.04875,0.0],[-87.96084,43.04875,0.0],[-87.96104,43.04875,0.0],[-87.96111,43.04875,0.0],[-87.96128,43.04876,0.0],[-87.96178,43.04876,0.0],[-87.96195,43.04876,0.0],[-87.96202,43.04876,0.0],[-87.96222,43.04876,0.0],[-87.96229,43.04876,0.0],[-87.96255,43.04876,0.0],[-87.96332,43.04877,0.0],[-87.96357,43.04877,0.0],[-87.96394,43.04877,0.0],[-87.96505,43.04878,0.0],[-87.96541,43.04878,0.0],[-87.96575,43.04878,0.0],[-87.96676,43.04879,0.0],[-87.9671,43.04879,0.0],[-87.9673,43.04879,0.0],[-87.96791,43.04879,0.0],[-87.96812,43.04879,0.0],[-87.96832,43.0488,0.0],[-87.96893,43.0488,0.0],[-87.96913,43.0488,0.0],[-87.96935,43.0488,0.0],[-87.97002,43.0488,0.0],[-87.97024,43.0488,0.0],[-87.97046,43.0488,0.0],[-87.97113,43.04881,0.0],[-87.97136,43.04881,0.0],[-87.97148,43.04881,0.0],[-87.97163,43.04881,0.0],[-87.97174,43.04881,0.0],[-87.9718,43.04881,0.0],[-87.97185,43.04881,0.0],[-87.97189,43.04881,0.0],[-87.97198,43.04881,0.0],[-87.97208,43.04881,0.0],[-87.97203,43.04907,0.0]]]]}},{"type":"Feature","properties":{"uesi_id":"USA_R251075","nbhd_code":"USA_R251075_101","nbhd_name":"Census Tract 97, Milwaukee, WI"},"geometry":{"type":"MultiPolygon","coordinates":[[[[-87.95762,43.05172,0.0],[-87.95761,43.05242,0.0],[-87.95761,43.05265,0.0],[-87.95761,43.05269,0.0],[-87.95761,43.05282,0.0],[-87.95761,43.05286,0.0],[-87.95761,43.05322,0.0],[-87.95759,43.0543,0.0],[-87.95759,43.05465,0.0],[-87.95759,43.05474,0.0],[-87.95759,43.05502,0.0],[-87.95759,43.05512,0.0],[-87.95758,43.05538,0.0],[-87.95757,43.05618,0.0],[-87.95757,43.05645,0.0],[-87.95733,43.05645,0.0],[-87.95662,43.05644,0.0],[-87.95638,43.05643,0.0],[-87.95614,43.05643,0.0],[-87.95542,43.05643,0.0],[-87.95519,43.05643,0.0],[-87.95495,43.05642,0.0],[-87.95423,43.05642,0.0],[-87.95399,43.05642,0.0],[-87.95371,43.05642,0.0],[-87.95287,43.05641,0.0],[-87.95259,43.05641,0.0],[-87.95242,43.05641,0.0],[-87.9519,43.0564,0.0],[-87.95177,43.0564,0.0],[-87.95173,43.0564,0.0],[-87.95159,43.0564,0.0],[-87.95115,43.0564,0.0],[-87.95101,43.0564,0.0],[-87.9508,43.0564,0.0],[-87.95016,43.05639,0.0],[-87.94995,43.05639,0.0],[-87.94971,43.05639,0.0],[-87.949,43.05639,0.0],[-87.94876,43.05639,0.0],[-87.94853,43.05638,0.0],[-87.94781,43.05638,0.0],[-87.94757,43.05638,0.0],[-87.94758,43.05608,0.0],[-87.94759,43.0552,0.0],[-87.9476,43.05491,0.0],[-87.9476,43.05463,0.0],[-87.94761,43.05378,0.0],[-87.94762,43.0535,0.0],[-87.94764,43.05336,0.0],[-87.94772,43.05293,0.0],[-87.94775,43.05279,0.0],[-87.94775,43.05251,0.0],[-87.94775,43.05169,0.0],[-87.94775,43.05141,0.0],[-87.94796,43.05141,0.0],[-87.9486,43.05142,0.0],[-87.94882,43.05143,0.0],[-87.94905,43.05143,0.0],[-87.94976,43.05143,0.0],[-87.95,43.05144,0.0],[-87.95025,43.05144,0.0],[-87.951,43.05144,0.0],[-87.95125,43.05145,0.0],[-87.95146,43.05145,0.0],[-87.95208,43.05145,0.0],[-87.95228,43.05145,0.0],[-87.95234,43.05145,0.0],[-87.95241,43.05145,0.0],[-87.95279,43.05145,0.0],[-87.95292,43.05146,0.0],[-87.95316,43.05146,0.0],[-87.95386,43.05146,0.0],[-87.95409,43.05147,0.0],[-87.95433,43.05147,0.0],[-87.95503,43.05147,0.0],[-87.95527,43.05147,0.0],[-87.95551,43.05148,0.0],[-87.95621,43.05148,0.0],[-87.95645,43.05148,0.0],[-87.95668,43.05148,0.0],[-87.95739,43.05149,0.0],[-87.95762,43.05149,0.0],[-87.95762,43.05172,0.0]]]]}},{"type":"Feature","properties":{"uesi_id":"USA_R251075","nbhd_code":"USA_R251075_102","nbhd_name":"Census Tract 98, Milwaukee, WI"},"geometry":{"type":"MultiPolygon","coordinates":[[[[-87.95757,43.05666,0.0],[-87.95756,43.05727,0.0],[-87.95756,43.05748,0.0],[-87.95756,43.05756,0.0],[-87.95755,43.05779,0.0],[-87.95755,43.05787,0.0],[-87.95755,43.05815,0.0],[-87.95754,43.05897,0.0],[-87.95754,43.05924,0.0],[-87.95753,43.05952,0.0],[-87.95752,43.06034,0.0],[-87.95752,43.06062,0.0],[-87.95752,43.06098,0.0],[-87.9575,43.06208,0.0],[-87.95749,43.06245,0.0],[-87.95749,43.06281,0.0],[-87.95747,43.0639,0.0],[-87.95747,43.06426,0.0],[-87.95723,43.06426,0.0],[-87.95653,43.06426,0.0],[-87.95629,43.06426,0.0],[-87.95608,43.06426,0.0],[-87.95545,43.06426,0.0],[-87.95524,43.06426,0.0],[-87.955,43.06426,0.0],[-87.9543,43.06425,0.0],[-87.95406,43.06425,0.0],[-87.95407,43.06389,0.0],[-87.95408,43.06281,0.0],[-87.95409,43.06245,0.0],[-87.95387,43.06245,0.0],[-87.95322,43.06245,0.0],[-87.95301,43.06245,0.0],[-87.95302,43.06208,0.0],[-87.95307,43.06098,0.0],[-87.95309,43.06061,0.0],[-87.95303,43.06061,0.0],[-87.95285,43.06061,0.0],[-87.9528,43.06061,0.0],[-87.95264,43.06061,0.0],[-87.95215,43.06061,0.0],[-87.95203,43.06061,0.0],[-87.95199,43.06061,0.0],[-87.95181,43.06061,0.0],[-87.95126,43.06061,0.0],[-87.95108,43.06061,0.0],[-87.95114,43.0608,0.0],[-87.9512,43.06101,0.0],[-87.9512,43.06141,0.0],[-87.9512,43.06161,0.0],[-87.95119,43.06178,0.0],[-87.95119,43.06228,0.0],[-87.95119,43.06245,0.0],[-87.95094,43.06244,0.0],[-87.95021,43.06244,0.0],[-87.94997,43.06244,0.0],[-87.94995,43.06208,0.0],[-87.94991,43.06097,0.0],[-87.94989,43.0606,0.0],[-87.9499,43.06005,0.0],[-87.94992,43.05839,0.0],[-87.94992,43.05784,0.0],[-87.94993,43.05755,0.0],[-87.94994,43.05668,0.0],[-87.94995,43.05639,0.0],[-87.95016,43.05639,0.0],[-87.9508,43.0564,0.0],[-87.95101,43.0564,0.0],[-87.95115,43.0564,0.0],[-87.95159,43.0564,0.0],[-87.95173,43.0564,0.0],[-87.95177,43.0564,0.0],[-87.9519,43.0564,0.0],[-87.95242,43.05641,0.0],[-87.95259,43.05641,0.0],[-87.95287,43.05641,0.0],[-87.95371,43.05642,0.0],[-87.95399,43.05642,0.0],[-87.95423,43.05642,0.0],[-87.95495,43.05642,0.0],[-87.95519,43.05643,0.0],[-87.95542,43.05643,0.0],[-87.95614,43.05643,0.0],[-87.95638,43.05643,0.0],[-87.95662,43.05644,0.0],[-87.95733,43.05645,0.0],[-87.95757,43.05645,0.0],[-87.95757,43.05666,0.0]]]]}},{"type":"Feature","properties":{"uesi_id":"USA_R251075","nbhd_code":"USA_R251075_103","nbhd_name":"Census Tract 99, Milwaukee, WI"},"geometry":{"type":"MultiPolygon","coordinates":[[[[-87.94996,43.0628,0.0],[-87.94994,43.06388,0.0],[-87.94993,43.06424,0.0],[-87.94969,43.06424,0.0],[-87.94895,43.06424,0.0],[-87.9487,43.06424,0.0],[-87.94845,43.06424,0.0],[-87.9477,43.06424,0.0],[-87.94745,43.06424,0.0],[-87.9472,43.06424,0.0],[-87.94684,43.06423,0.0],[-87.94646,43.06423,0.0],[-87.94621,43.06423,0.0],[-87.94621,43.06434,0.0],[-87.94621,43.06466,0.0],[-87.94618,43.06467,0.0],[-87.94609,43.06473,0.0],[-87.94585,43.06454,0.0],[-87.94515,43.06398,0.0],[-87.94491,43.06379,0.0],[-87.9447,43.06393,0.0],[-87.94404,43.06436,0.0],[-87.94382,43.06451,0.0],[-87.94375,43.06444,0.0],[-87.94352,43.06426,0.0],[-87.94344,43.0642,0.0],[-87.94325,43.06419,0.0],[-87.94271,43.06419,0.0],[-87.94252,43.06419,0.0],[-87.94252,43.06404,0.0],[-87.94253,43.06361,0.0],[-87.94253,43.06347,0.0],[-87.94275,43.06332,0.0],[-87.9434,43.06288,0.0],[-87.94361,43.06274,0.0],[-87.94352,43.06266,0.0],[-87.94325,43.06244,0.0],[-87.94316,43.06237,0.0],[-87.94306,43.06229,0.0],[-87.94277,43.06206,0.0],[-87.94267,43.06198,0.0],[-87.94255,43.06171,0.0],[-87.94255,43.06148,0.0],[-87.94256,43.06078,0.0],[-87.94256,43.06054,0.0],[-87.94257,43.06026,0.0],[-87.9426,43.05942,0.0],[-87.94261,43.05914,0.0],[-87.94262,43.05886,0.0],[-87.94263,43.05804,0.0],[-87.94263,43.05776,0.0],[-87.94264,43.05747,0.0],[-87.94265,43.0566,0.0],[-87.94266,43.05631,0.0],[-87.94289,43.05631,0.0],[-87.94362,43.05632,0.0],[-87.94386,43.05632,0.0],[-87.9441,43.05632,0.0],[-87.94485,43.05633,0.0],[-87.94509,43.05633,0.0],[-87.94534,43.05633,0.0],[-87.94608,43.05634,0.0],[-87.94633,43.05634,0.0],[-87.94658,43.05635,0.0],[-87.94733,43.05637,0.0],[-87.94757,43.05638,0.0],[-87.94781,43.05638,0.0],[-87.94853,43.05638,0.0],[-87.94876,43.05639,0.0],[-87.949,43.05639,0.0],[-87.94971,43.05639,0.0],[-87.94995,43.05639,0.0],[-87.94994,43.05668,0.0],[-87.94993,43.05755,0.0],[-87.94992,43.05784,0.0],[-87.94992,43.05839,0.0],[-87.9499,43.06005,0.0],[-87.94989,43.0606,0.0],[-87.94991,43.06097,0.0],[-87.94995,43.06208,0.0],[-87.94997,43.06244,0.0],[-87.94996,43.0628,0.0]]]]}},{"type":"Feature","properties":{"uesi_id":"USA_R251075","nbhd_code":"USA_R251075_104","nbhd_name":"Census Tract 106, Milwaukee, WI"},"geometry":{"type":"MultiPolygon","coordinates":[[[[-87.90972,43.05672,0.0],[-87.9097,43.0575,0.0],[-87.9097,43.05777,0.0],[-87.9097,43.05803,0.0],[-87.90968,43.05881,0.0],[-87.90968,43.05907,0.0],[-87.90967,43.05931,0.0],[-87.90966,43.06002,0.0],[-87.90965,43.06025,0.0],[-87.90965,43.06062,0.0],[-87.90964,43.06172,0.0],[-87.90963,43.06208,0.0],[-87.90963,43.06244,0.0],[-87.90962,43.06352,0.0],[-87.90962,43.06389,0.0],[-87.90944,43.06388,0.0],[-87.90889,43.06388,0.0],[-87.90871,43.06388,0.0],[-87.90853,43.06388,0.0],[-87.90799,43.06387,0.0],[-87.90781,43.06387,0.0],[-87.90757,43.06387,0.0],[-87.90683,43.06386,0.0],[-87.90658,43.06386,0.0],[-87.90633,43.06386,0.0],[-87.90559,43.06385,0.0],[-87.90534,43.06385,0.0],[-87.90534,43.06349,0.0],[-87.90536,43.06241,0.0],[-87.90536,43.06205,0.0],[-87.90536,43.06168,0.0],[-87.90537,43.0606,0.0],[-87.90538,43.06023,0.0],[-87.90527,43.06013,0.0],[-87.90528,43.06003,0.0],[-87.90528,43.0593,0.0],[-87.90529,43.05906,0.0],[-87.90529,43.0588,0.0],[-87.90531,43.05802,0.0],[-87.90531,43.05777,0.0],[-87.90532,43.0575,0.0],[-87.90533,43.05671,0.0],[-87.90534,43.05645,0.0],[-87.90564,43.05645,0.0],[-87.90655,43.05646,0.0],[-87.90686,43.05646,0.0],[-87.90701,43.05645,0.0],[-87.90745,43.05645,0.0],[-87.9076,43.05644,0.0],[-87.90776,43.05644,0.0],[-87.90823,43.05645,0.0],[-87.90838,43.05645,0.0],[-87.90865,43.05645,0.0],[-87.90945,43.05645,0.0],[-87.90972,43.05645,0.0],[-87.90972,43.05672,0.0]]]]}},{"type":"Feature","properties":{"uesi_id":"USA_R251075","nbhd_code":"USA_R251075_105","nbhd_name":"Census Tract 107, Milwaukee, WI"},"geometry":{"type":"MultiPolygon","coordinates":[[[[-87.90537,43.0606,0.0],[-87.90536,43.06168,0.0],[-87.90536,43.06205,0.0],[-87.90536,43.06241,0.0],[-87.90534,43.06349,0.0],[-87.90534,43.06385,0.0],[-87.90509,43.06385,0.0],[-87.90435,43.06385,0.0],[-87.90411,43.06385,0.0],[-87.90385,43.06384,0.0],[-87.9031,43.06384,0.0],[-87.90285,43.06384,0.0],[-87.9026,43.06383,0.0],[-87.90187,43.06383,0.0],[-87.90162,43.06383,0.0],[-87.90138,43.06383,0.0],[-87.90064,43.06382,0.0],[-87.9004,43.06382,0.0],[-87.90016,43.06382,0.0],[-87.89943,43.06381,0.0],[-87.89918,43.06381,0.0],[-87.89892,43.06381,0.0],[-87.89815,43.06381,0.0],[-87.89789,43.06381,0.0],[-87.89789,43.06345,0.0],[-87.8979,43.06237,0.0],[-87.89791,43.06201,0.0],[-87.89791,43.06183,0.0],[-87.89792,43.06128,0.0],[-87.89792,43.0611,0.0],[-87.89792,43.06092,0.0],[-87.89793,43.06038,0.0],[-87.89793,43.0602,0.0],[-87.89761,43.0602,0.0],[-87.89665,43.06019,0.0],[-87.89633,43.06019,0.0],[-87.89627,43.06019,0.0],[-87.89617,43.06018,0.0],[-87.8957,43.06018,0.0],[-87.89554,43.06018,0.0],[-87.89455,43.06018,0.0],[-87.89449,43.06017,0.0],[-87.89443,43.06017,0.0],[-87.89427,43.06017,0.0],[-87.8938,43.06017,0.0],[-87.89365,43.06017,0.0],[-87.89382,43.05933,0.0],[-87.89391,43.05891,0.0],[-87.89472,43.05796,0.0],[-87.89546,43.05751,0.0],[-87.89574,43.05734,0.0],[-87.89626,43.05728,0.0],[-87.89661,43.05724,0.0],[-87.8976,43.05712,0.0],[-87.89766,43.05711,0.0],[-87.89802,43.05711,0.0],[-87.8988,43.0571,0.0],[-87.89942,43.05701,0.0],[-87.90027,43.0569,0.0],[-87.90117,43.05669,0.0],[-87.90289,43.05563,0.0],[-87.90323,43.05536,0.0],[-87.90436,43.0545,0.0],[-87.90439,43.05454,0.0],[-87.90451,43.05464,0.0],[-87.90454,43.05468,0.0],[-87.90459,43.05472,0.0],[-87.90466,43.05478,0.0],[-87.905,43.0551,0.0],[-87.90511,43.05521,0.0],[-87.90517,43.05526,0.0],[-87.90524,43.05533,0.0],[-87.90527,43.05537,0.0],[-87.90533,43.05545,0.0],[-87.90533,43.05546,0.0],[-87.90534,43.05553,0.0],[-87.90534,43.05557,0.0],[-87.90535,43.05571,0.0],[-87.90535,43.05575,0.0],[-87.90535,43.05589,0.0],[-87.90534,43.05631,0.0],[-87.90534,43.05645,0.0],[-87.90533,43.05671,0.0],[-87.90532,43.0575,0.0],[-87.90531,43.05777,0.0],[-87.90531,43.05802,0.0],[-87.90529,43.0588,0.0],[-87.90529,43.05906,0.0],[-87.90528,43.0593,0.0],[-87.90528,43.06003,0.0],[-87.90527,43.06013,0.0],[-87.90538,43.06023,0.0],[-87.90537,43.0606,0.0]]]]}},{"type":"Feature","properties":{"uesi_id":"USA_R251075","nbhd_code":"USA_R251075_106","nbhd_name":"Census Tract 108, Milwaukee, WI"},"geometry":{"type":"MultiPolygon","coordinates":[[[[-87.89372,43.05441,0.0],[-87.89371,43.05474,0.0],[-87.89368,43.05575,0.0],[-87.89368,43.05608,0.0],[-87.89367,43.0564,0.0],[-87.89365,43.05696,0.0],[-87.89334,43.0572,0.0],[-87.89309,43.05738,0.0],[-87.89294,43.05738,0.0],[-87.89249,43.05738,0.0],[-87.89235,43.05738,0.0],[-87.89225,43.05738,0.0],[-87.89204,43.05759,0.0],[-87.89197,43.05766,0.0],[-87.89197,43.05788,0.0],[-87.89195,43.05854,0.0],[-87.89195,43.05876,0.0],[-87.89194,43.05904,0.0],[-87.89192,43.05987,0.0],[-87.89191,43.06015,0.0],[-87.89186,43.06015,0.0],[-87.89169,43.06015,0.0],[-87.89163,43.06015,0.0],[-87.8914,43.06015,0.0],[-87.89072,43.06014,0.0],[-87.89049,43.06014,0.0],[-87.89025,43.06014,0.0],[-87.88955,43.06013,0.0],[-87.88931,43.06013,0.0],[-87.88907,43.06013,0.0],[-87.88833,43.06012,0.0],[-87.88808,43.06012,0.0],[-87.88804,43.06012,0.0],[-87.88793,43.06012,0.0],[-87.8879,43.06012,0.0],[-87.88769,43.06012,0.0],[-87.88705,43.06012,0.0],[-87.88684,43.06012,0.0],[-87.88659,43.06012,0.0],[-87.88585,43.06012,0.0],[-87.8856,43.06012,0.0],[-87.88558,43.06012,0.0],[-87.88552,43.06012,0.0],[-87.88551,43.06012,0.0],[-87.88518,43.06012,0.0],[-87.8842,43.06011,0.0],[-87.88388,43.06011,0.0],[-87.88376,43.06011,0.0],[-87.88441,43.0595,0.0],[-87.88457,43.05933,0.0],[-87.88503,43.05884,0.0],[-87.88519,43.05867,0.0],[-87.88534,43.0585,0.0],[-87.88581,43.05801,0.0],[-87.88596,43.05785,0.0],[-87.88611,43.05768,0.0],[-87.88658,43.05718,0.0],[-87.88673,43.05702,0.0],[-87.88749,43.05621,0.0],[-87.8886,43.05681,0.0],[-87.88873,43.05667,0.0],[-87.88911,43.05628,0.0],[-87.88923,43.05615,0.0],[-87.88942,43.05596,0.0],[-87.88996,43.05539,0.0],[-87.89014,43.0552,0.0],[-87.89038,43.05496,0.0],[-87.89108,43.05422,0.0],[-87.89132,43.05398,0.0],[-87.89152,43.05377,0.0],[-87.89213,43.05314,0.0],[-87.89233,43.05293,0.0],[-87.89268,43.05281,0.0],[-87.89376,43.05294,0.0],[-87.89372,43.05441,0.0]]]]}},{"type":"Feature","properties":{"uesi_id":"USA_R251075","nbhd_code":"USA_R251075_107","nbhd_name":"Census Tract 110, Milwaukee, WI"},"geometry":{"type":"MultiPolygon","coordinates":[[[[-87.89974,43.04594,0.0],[-87.89972,43.04667,0.0],[-87.89972,43.04691,0.0],[-87.89971,43.04715,0.0],[-87.8997,43.04787,0.0],[-87.8997,43.04812,0.0],[-87.89969,43.04836,0.0],[-87.89968,43.04909,0.0],[-87.89968,43.04933,0.0],[-87.89967,43.04957,0.0],[-87.89966,43.05029,0.0],[-87.89965,43.05053,0.0],[-87.89965,43.05077,0.0],[-87.89964,43.0515,0.0],[-87.89963,43.05174,0.0],[-87.89963,43.052,0.0],[-87.89961,43.05277,0.0],[-87.89961,43.05287,0.0],[-87.8995,43.05297,0.0],[-87.89922,43.05296,0.0],[-87.8984,43.05296,0.0],[-87.89812,43.05296,0.0],[-87.89786,43.05296,0.0],[-87.89709,43.05295,0.0],[-87.89683,43.05295,0.0],[-87.89655,43.05295,0.0],[-87.89571,43.05295,0.0],[-87.89543,43.05295,0.0],[-87.89534,43.05295,0.0],[-87.89506,43.05294,0.0],[-87.89496,43.05294,0.0],[-87.89476,43.05294,0.0],[-87.89414,43.05294,0.0],[-87.89394,43.05294,0.0],[-87.89376,43.05294,0.0],[-87.89268,43.05281,0.0],[-87.89233,43.05293,0.0],[-87.89283,43.0524,0.0],[-87.89434,43.05081,0.0],[-87.89485,43.05028,0.0],[-87.89495,43.05017,0.0],[-87.89527,43.04984,0.0],[-87.89538,43.04972,0.0],[-87.89562,43.04947,0.0],[-87.8957,43.0494,0.0],[-87.89665,43.04841,0.0],[-87.89696,43.04808,0.0],[-87.89697,43.04784,0.0],[-87.89699,43.04712,0.0],[-87.89699,43.04688,0.0],[-87.89699,43.04675,0.0],[-87.897,43.04638,0.0],[-87.89701,43.04626,0.0],[-87.89756,43.04568,0.0],[-87.89843,43.04569,0.0],[-87.89974,43.0457,0.0],[-87.89974,43.04594,0.0]]]]}},{"type":"Feature","properties":{"uesi_id":"USA_R251075","nbhd_code":"USA_R251075_108","nbhd_name":"Census Tract 111, Milwaukee, WI"},"geometry":{"type":"MultiPolygon","coordinates":[[[[-87.90352,43.04597,0.0],[-87.9035,43.04669,0.0],[-87.9035,43.04693,0.0],[-87.90349,43.04718,0.0],[-87.90348,43.0479,0.0],[-87.90348,43.04814,0.0],[-87.90347,43.04839,0.0],[-87.90346,43.04911,0.0],[-87.90345,43.04935,0.0],[-87.90345,43.04959,0.0],[-87.90344,43.05032,0.0],[-87.90343,43.05056,0.0],[-87.90341,43.05104,0.0],[-87.90336,43.0525,0.0],[-87.90334,43.05299,0.0],[-87.90312,43.05298,0.0],[-87.90245,43.05298,0.0],[-87.90223,43.05298,0.0],[-87.90196,43.05298,0.0],[-87.90113,43.05297,0.0],[-87.90086,43.05297,0.0],[-87.90059,43.05297,0.0],[-87.89977,43.05297,0.0],[-87.8995,43.05297,0.0],[-87.89961,43.05287,0.0],[-87.89961,43.05277,0.0],[-87.89963,43.052,0.0],[-87.89963,43.05174,0.0],[-87.89964,43.0515,0.0],[-87.89965,43.05077,0.0],[-87.89965,43.05053,0.0],[-87.89966,43.05029,0.0],[-87.89967,43.04957,0.0],[-87.89968,43.04933,0.0],[-87.89968,43.04909,0.0],[-87.89969,43.04836,0.0],[-87.8997,43.04812,0.0],[-87.8997,43.04787,0.0],[-87.89971,43.04715,0.0],[-87.89972,43.04691,0.0],[-87.89972,43.04667,0.0],[-87.89974,43.04594,0.0],[-87.89974,43.0457,0.0],[-87.89999,43.0457,0.0],[-87.90075,43.04571,0.0],[-87.901,43.04571,0.0],[-87.90126,43.04571,0.0],[-87.90201,43.04572,0.0],[-87.90226,43.04572,0.0],[-87.90251,43.04572,0.0],[-87.90327,43.04573,0.0],[-87.90352,43.04573,0.0],[-87.90352,43.04597,0.0]]]]}},{"type":"Feature","properties":{"uesi_id":"USA_R251075","nbhd_code":"USA_R251075_109","nbhd_name":"Census Tract 112, Milwaukee, WI"},"geometry":{"type":"MultiPolygon","coordinates":[[[[-87.90436,43.0545,0.0],[-87.90323,43.05536,0.0],[-87.90289,43.05563,0.0],[-87.90117,43.05669,0.0],[-87.90027,43.0569,0.0],[-87.89942,43.05701,0.0],[-87.8988,43.0571,0.0],[-87.89802,43.05711,0.0],[-87.89766,43.05711,0.0],[-87.8976,43.05712,0.0],[-87.89661,43.05724,0.0],[-87.89626,43.05728,0.0],[-87.89574,43.05734,0.0],[-87.89546,43.05751,0.0],[-87.89472,43.05796,0.0],[-87.89391,43.05891,0.0],[-87.89382,43.05933,0.0],[-87.89365,43.06017,0.0],[-87.89353,43.06016,0.0],[-87.8932,43.06016,0.0],[-87.89309,43.06016,0.0],[-87.89286,43.06016,0.0],[-87.89215,43.06015,0.0],[-87.89191,43.06015,0.0],[-87.89192,43.05987,0.0],[-87.89194,43.05904,0.0],[-87.89195,43.05876,0.0],[-87.89195,43.05854,0.0],[-87.89197,43.05788,0.0],[-87.89197,43.05766,0.0],[-87.89204,43.05759,0.0],[-87.89225,43.05738,0.0],[-87.89235,43.05738,0.0],[-87.89249,43.05738,0.0],[-87.89294,43.05738,0.0],[-87.89309,43.05738,0.0],[-87.89334,43.0572,0.0],[-87.89365,43.05696,0.0],[-87.89367,43.0564,0.0],[-87.89368,43.05608,0.0],[-87.89368,43.05575,0.0],[-87.89371,43.05474,0.0],[-87.89372,43.05441,0.0],[-87.89376,43.05294,0.0],[-87.89394,43.05294,0.0],[-87.89414,43.05294,0.0],[-87.89476,43.05294,0.0],[-87.89496,43.05294,0.0],[-87.89506,43.05294,0.0],[-87.89534,43.05295,0.0],[-87.89543,43.05295,0.0],[-87.89571,43.05295,0.0],[-87.89655,43.05295,0.0],[-87.89683,43.05295,0.0],[-87.89709,43.05295,0.0],[-87.89786,43.05296,0.0],[-87.89812,43.05296,0.0],[-87.8984,43.05296,0.0],[-87.89922,43.05296,0.0],[-87.8995,43.05297,0.0],[-87.89977,43.05297,0.0],[-87.90059,43.05297,0.0],[-87.90086,43.05297,0.0],[-87.90113,43.05297,0.0],[-87.90196,43.05298,0.0],[-87.90223,43.05298,0.0],[-87.90245,43.05298,0.0],[-87.90312,43.05298,0.0],[-87.90334,43.05299,0.0],[-87.90334,43.05312,0.0],[-87.90335,43.0532,0.0],[-87.90336,43.05332,0.0],[-87.90338,43.05341,0.0],[-87.90342,43.0535,0.0],[-87.90343,43.05354,0.0],[-87.90348,43.05362,0.0],[-87.90355,43.05374,0.0],[-87.90358,43.05377,0.0],[-87.90363,43.05383,0.0],[-87.90399,43.05417,0.0],[-87.90413,43.0543,0.0],[-87.90417,43.05434,0.0],[-87.90431,43.05446,0.0],[-87.90433,43.05448,0.0],[-87.90436,43.0545,0.0]]]]}},{"type":"Feature","properties":{"uesi_id":"USA_R251075","nbhd_code":"USA_R251075_110","nbhd_name":"Census Tract 113, Milwaukee, WI"},"geometry":{"type":"MultiPolygon","coordinates":[[[[-87.91337,43.0458,0.0],[-87.91334,43.04611,0.0],[-87.91334,43.04621,0.0],[-87.91327,43.04651,0.0],[-87.91312,43.0469,0.0],[-87.91296,43.04722,0.0],[-87.91272,43.04756,0.0],[-87.91213,43.0481,0.0],[-87.9119,43.0483,0.0],[-87.91153,43.04865,0.0],[-87.91066,43.0491,0.0],[-87.91017,43.04936,0.0],[-87.90919,43.05005,0.0],[-87.90864,43.05062,0.0],[-87.90838,43.05089,0.0],[-87.90771,43.05161,0.0],[-87.90749,43.05185,0.0],[-87.90711,43.05227,0.0],[-87.90667,43.05276,0.0],[-87.90581,43.0534,0.0],[-87.90506,43.05396,0.0],[-87.90436,43.0545,0.0],[-87.90433,43.05448,0.0],[-87.90431,43.05446,0.0],[-87.90417,43.05434,0.0],[-87.90413,43.0543,0.0],[-87.90399,43.05417,0.0],[-87.90363,43.05383,0.0],[-87.90358,43.05377,0.0],[-87.90355,43.05374,0.0],[-87.90348,43.05362,0.0],[-87.90343,43.05354,0.0],[-87.90342,43.0535,0.0],[-87.90338,43.05341,0.0],[-87.90336,43.05332,0.0],[-87.90335,43.0532,0.0],[-87.90334,43.05312,0.0],[-87.90334,43.05299,0.0],[-87.90336,43.0525,0.0],[-87.90341,43.05104,0.0],[-87.90343,43.05056,0.0],[-87.90344,43.05032,0.0],[-87.90345,43.04959,0.0],[-87.90345,43.04935,0.0],[-87.90346,43.04911,0.0],[-87.90347,43.04839,0.0],[-87.90348,43.04814,0.0],[-87.90348,43.0479,0.0],[-87.90349,43.04718,0.0],[-87.9035,43.04693,0.0],[-87.9035,43.04669,0.0],[-87.90352,43.04597,0.0],[-87.90352,43.04573,0.0],[-87.90377,43.04573,0.0],[-87.90453,43.04574,0.0],[-87.90478,43.04574,0.0],[-87.90528,43.04574,0.0],[-87.90613,43.04575,0.0],[-87.90679,43.04575,0.0],[-87.9073,43.04576,0.0],[-87.90755,43.04576,0.0],[-87.90804,43.04576,0.0],[-87.90833,43.04576,0.0],[-87.90859,43.04577,0.0],[-87.90884,43.04576,0.0],[-87.90962,43.04575,0.0],[-87.90988,43.04575,0.0],[-87.91012,43.04574,0.0],[-87.91083,43.04573,0.0],[-87.91107,43.04573,0.0],[-87.91134,43.04572,0.0],[-87.91215,43.04571,0.0],[-87.91242,43.04571,0.0],[-87.91254,43.0457,0.0],[-87.91291,43.0457,0.0],[-87.913,43.0457,0.0],[-87.91303,43.0457,0.0],[-87.9131,43.0457,0.0],[-87.91331,43.0457,0.0],[-87.91334,43.0457,0.0],[-87.91338,43.0457,0.0],[-87.91337,43.0458,0.0]]]]}},{"type":"Feature","properties":{"uesi_id":"USA_R251075","nbhd_code":"USA_R251075_111","nbhd_name":"Census Tract 114, Milwaukee, WI"},"geometry":{"type":"MultiPolygon","coordinates":[[[[-87.91441,43.04576,0.0],[-87.91441,43.04595,0.0],[-87.91441,43.04601,0.0],[-87.9144,43.04612,0.0],[-87.9144,43.04642,0.0],[-87.9144,43.04644,0.0],[-87.9144,43.04652,0.0],[-87.91439,43.04663,0.0],[-87.91439,43.04696,0.0],[-87.91439,43.04707,0.0],[-87.91438,43.04734,0.0],[-87.91436,43.04816,0.0],[-87.91436,43.04844,0.0],[-87.91435,43.04872,0.0],[-87.91434,43.04954,0.0],[-87.91433,43.04982,0.0],[-87.91433,43.04997,0.0],[-87.91432,43.05042,0.0],[-87.91432,43.05057,0.0],[-87.91431,43.0507,0.0],[-87.91431,43.05107,0.0],[-87.9143,43.05119,0.0],[-87.9143,43.05146,0.0],[-87.9143,43.05228,0.0],[-87.9143,43.05256,0.0],[-87.91429,43.05281,0.0],[-87.91428,43.05358,0.0],[-87.91427,43.05384,0.0],[-87.91427,43.05411,0.0],[-87.91425,43.0549,0.0],[-87.91425,43.05516,0.0],[-87.91424,43.05542,0.0],[-87.91423,43.05621,0.0],[-87.91422,43.05648,0.0],[-87.91392,43.05647,0.0],[-87.91302,43.05647,0.0],[-87.91272,43.05647,0.0],[-87.91242,43.05647,0.0],[-87.91152,43.05646,0.0],[-87.91122,43.05646,0.0],[-87.91092,43.05646,0.0],[-87.91002,43.05645,0.0],[-87.90972,43.05645,0.0],[-87.90945,43.05645,0.0],[-87.90865,43.05645,0.0],[-87.90838,43.05645,0.0],[-87.90823,43.05645,0.0],[-87.90776,43.05644,0.0],[-87.9076,43.05644,0.0],[-87.90745,43.05645,0.0],[-87.90701,43.05645,0.0],[-87.90686,43.05646,0.0],[-87.90655,43.05646,0.0],[-87.90564,43.05645,0.0],[-87.90534,43.05645,0.0],[-87.90534,43.05631,0.0],[-87.90535,43.05589,0.0],[-87.90535,43.05575,0.0],[-87.90535,43.05571,0.0],[-87.90534,43.05557,0.0],[-87.90534,43.05553,0.0],[-87.90533,43.05546,0.0],[-87.90533,43.05545,0.0],[-87.90527,43.05537,0.0],[-87.90524,43.05533,0.0],[-87.90517,43.05526,0.0],[-87.90511,43.05521,0.0],[-87.905,43.0551,0.0],[-87.90466,43.05478,0.0],[-87.90459,43.05472,0.0],[-87.90454,43.05468,0.0],[-87.90451,43.05464,0.0],[-87.90439,43.05454,0.0],[-87.90436,43.0545,0.0],[-87.90506,43.05396,0.0],[-87.90581,43.0534,0.0],[-87.90667,43.05276,0.0],[-87.90711,43.05227,0.0],[-87.90749,43.05185,0.0],[-87.90771,43.05161,0.0],[-87.90838,43.05089,0.0],[-87.90864,43.05062,0.0],[-87.90919,43.05005,0.0],[-87.91017,43.04936,0.0],[-87.91066,43.0491,0.0],[-87.91153,43.04865,0.0],[-87.9119,43.0483,0.0],[-87.91213,43.0481,0.0],[-87.91272,43.04756,0.0],[-87.91296,43.04722,0.0],[-87.91312,43.0469,0.0],[-87.91327,43.04651,0.0],[-87.91334,43.04621,0.0],[-87.91334,43.04611,0.0],[-87.91337,43.0458,0.0],[-87.91338,43.0457,0.0],[-87.91344,43.0457,0.0],[-87.91364,43.0457,0.0],[-87.91368,43.0457,0.0],[-87.9137,43.0457,0.0],[-87.91384,43.0457,0.0],[-87.91423,43.0457,0.0],[-87.91427,43.0457,0.0],[-87.91441,43.0457,0.0],[-87.91441,43.04576,0.0]]]]}},{"type":"Feature","properties":{"uesi_id":"USA_R251075","nbhd_code":"USA_R251075_112","nbhd_name":"Census Tract 122, Milwaukee, WI"},"geometry":{"type":"MultiPolygon","coordinates":[[[[-87.95766,43.04616,0.0],[-87.95765,43.047,0.0],[-87.95765,43.04727,0.0],[-87.95765,43.04733,0.0],[-87.95766,43.04749,0.0],[-87.95766,43.04754,0.0],[-87.95766,43.04757,0.0],[-87.95765,43.04778,0.0],[-87.95764,43.04848,0.0],[-87.95764,43.04872,0.0],[-87.95764,43.049,0.0],[-87.95763,43.04984,0.0],[-87.95763,43.05012,0.0],[-87.95763,43.05039,0.0],[-87.95762,43.05122,0.0],[-87.95762,43.05149,0.0],[-87.95739,43.05149,0.0],[-87.95668,43.05148,0.0],[-87.95645,43.05148,0.0],[-87.95621,43.05148,0.0],[-87.95551,43.05148,0.0],[-87.95527,43.05147,0.0],[-87.95503,43.05147,0.0],[-87.95433,43.05147,0.0],[-87.95409,43.05147,0.0],[-87.95386,43.05146,0.0],[-87.95316,43.05146,0.0],[-87.95292,43.05146,0.0],[-87.95279,43.05145,0.0],[-87.95241,43.05145,0.0],[-87.95234,43.05145,0.0],[-87.95228,43.05145,0.0],[-87.95208,43.05145,0.0],[-87.95146,43.05145,0.0],[-87.95125,43.05145,0.0],[-87.951,43.05144,0.0],[-87.95025,43.05144,0.0],[-87.95,43.05144,0.0],[-87.94976,43.05143,0.0],[-87.94905,43.05143,0.0],[-87.94882,43.05143,0.0],[-87.9486,43.05142,0.0],[-87.94796,43.05141,0.0],[-87.94775,43.05141,0.0],[-87.94775,43.05114,0.0],[-87.94776,43.05032,0.0],[-87.94776,43.05005,0.0],[-87.94776,43.04977,0.0],[-87.94776,43.04893,0.0],[-87.94776,43.04865,0.0],[-87.94776,43.04837,0.0],[-87.94777,43.04755,0.0],[-87.94777,43.04728,0.0],[-87.94777,43.047,0.0],[-87.94777,43.04615,0.0],[-87.94777,43.04587,0.0],[-87.94799,43.04587,0.0],[-87.94865,43.04588,0.0],[-87.94887,43.04588,0.0],[-87.9491,43.04588,0.0],[-87.94981,43.04588,0.0],[-87.95004,43.04588,0.0],[-87.95016,43.04588,0.0],[-87.9505,43.04588,0.0],[-87.95061,43.04588,0.0],[-87.95075,43.04588,0.0],[-87.95116,43.04588,0.0],[-87.95129,43.04588,0.0],[-87.95153,43.04588,0.0],[-87.95223,43.04588,0.0],[-87.95247,43.04588,0.0],[-87.9527,43.04588,0.0],[-87.9534,43.04588,0.0],[-87.95364,43.04588,0.0],[-87.95395,43.04588,0.0],[-87.95491,43.04588,0.0],[-87.95523,43.04588,0.0],[-87.95548,43.04588,0.0],[-87.95623,43.04588,0.0],[-87.95648,43.04588,0.0],[-87.95671,43.04588,0.0],[-87.95743,43.04589,0.0],[-87.95766,43.04589,0.0],[-87.95766,43.04616,0.0]]]]}},{"type":"Feature","properties":{"uesi_id":"USA_R251075","nbhd_code":"USA_R251075_113","nbhd_name":"Census Tract 123, Milwaukee, WI"},"geometry":{"type":"MultiPolygon","coordinates":[[[[-87.96734,43.04054,0.0],[-87.96733,43.04063,0.0],[-87.96731,43.04075,0.0],[-87.9673,43.04082,0.0],[-87.96725,43.04113,0.0],[-87.96722,43.04133,0.0],[-87.96713,43.04191,0.0],[-87.96707,43.04228,0.0],[-87.96702,43.04247,0.0],[-87.96702,43.0425,0.0],[-87.96696,43.04279,0.0],[-87.96694,43.04293,0.0],[-87.9669,43.04306,0.0],[-87.9669,43.04308,0.0],[-87.96687,43.04319,0.0],[-87.96685,43.04325,0.0],[-87.96675,43.0435,0.0],[-87.96671,43.0436,0.0],[-87.96663,43.04375,0.0],[-87.96662,43.04377,0.0],[-87.96657,43.04387,0.0],[-87.96649,43.04399,0.0],[-87.96642,43.04409,0.0],[-87.96634,43.04419,0.0],[-87.96624,43.04433,0.0],[-87.96614,43.04444,0.0],[-87.96606,43.04452,0.0],[-87.96597,43.0446,0.0],[-87.96589,43.04468,0.0],[-87.96577,43.04479,0.0],[-87.96566,43.04487,0.0],[-87.96559,43.04492,0.0],[-87.96552,43.04498,0.0],[-87.96546,43.04502,0.0],[-87.96538,43.04507,0.0],[-87.9653,43.04512,0.0],[-87.96524,43.04516,0.0],[-87.96515,43.04519,0.0],[-87.96496,43.04529,0.0],[-87.96499,43.04532,0.0],[-87.96547,43.04594,0.0],[-87.96545,43.04684,0.0],[-87.96545,43.04723,0.0],[-87.96542,43.04839,0.0],[-87.96541,43.04878,0.0],[-87.96505,43.04878,0.0],[-87.96394,43.04877,0.0],[-87.96357,43.04877,0.0],[-87.96332,43.04877,0.0],[-87.96255,43.04876,0.0],[-87.96229,43.04876,0.0],[-87.96222,43.04876,0.0],[-87.96202,43.04876,0.0],[-87.96195,43.04876,0.0],[-87.96178,43.04876,0.0],[-87.96128,43.04876,0.0],[-87.96111,43.04875,0.0],[-87.96104,43.04875,0.0],[-87.96084,43.04875,0.0],[-87.96077,43.04875,0.0],[-87.96068,43.04875,0.0],[-87.96042,43.04875,0.0],[-87.96034,43.04875,0.0],[-87.96018,43.04875,0.0],[-87.95972,43.04874,0.0],[-87.95957,43.04874,0.0],[-87.95943,43.04874,0.0],[-87.95901,43.04874,0.0],[-87.95887,43.04874,0.0],[-87.95862,43.04874,0.0],[-87.95789,43.04872,0.0],[-87.95764,43.04872,0.0],[-87.95764,43.04848,0.0],[-87.95765,43.04778,0.0],[-87.95766,43.04757,0.0],[-87.95766,43.04754,0.0],[-87.95766,43.04749,0.0],[-87.95765,43.04733,0.0],[-87.95765,43.04727,0.0],[-87.95765,43.047,0.0],[-87.95766,43.04616,0.0],[-87.95766,43.04589,0.0],[-87.95767,43.04562,0.0],[-87.95767,43.04481,0.0],[-87.95767,43.04454,0.0],[-87.95767,43.0444,0.0],[-87.95767,43.04398,0.0],[-87.95767,43.04383,0.0],[-87.95767,43.04373,0.0],[-87.95768,43.04344,0.0],[-87.95768,43.04334,0.0],[-87.95768,43.043,0.0],[-87.95768,43.042,0.0],[-87.95768,43.04167,0.0],[-87.95768,43.04139,0.0],[-87.95769,43.04057,0.0],[-87.95769,43.0403,0.0],[-87.95769,43.03999,0.0],[-87.9577,43.03907,0.0],[-87.9577,43.03877,0.0],[-87.95796,43.03876,0.0],[-87.95875,43.03876,0.0],[-87.95902,43.03876,0.0],[-87.95909,43.03871,0.0],[-87.95996,43.03876,0.0],[-87.96021,43.03875,0.0],[-87.96075,43.03875,0.0],[-87.96096,43.03876,0.0],[-87.96121,43.03877,0.0],[-87.96152,43.03878,0.0],[-87.96172,43.03878,0.0],[-87.96243,43.03881,0.0],[-87.96273,43.03882,0.0],[-87.96322,43.03882,0.0],[-87.96468,43.03882,0.0],[-87.96502,43.03882,0.0],[-87.9651,43.03882,0.0],[-87.96517,43.03882,0.0],[-87.96522,43.03888,0.0],[-87.96535,43.03907,0.0],[-87.96542,43.03912,0.0],[-87.96583,43.03936,0.0],[-87.96584,43.03937,0.0],[-87.96639,43.03959,0.0],[-87.96682,43.03986,0.0],[-87.96704,43.0401,0.0],[-87.96736,43.04046,0.0],[-87.96734,43.04054,0.0]]]]}},{"type":"Feature","properties":{"uesi_id":"USA_R251075","nbhd_code":"USA_R251075_114","nbhd_name":"Census Tract 124, Milwaukee, WI"},"geometry":{"type":"MultiPolygon","coordinates":[[[[-87.98755,43.04999,0.0],[-87.98732,43.04996,0.0],[-87.98664,43.04989,0.0],[-87.98642,43.04987,0.0],[-87.98619,43.04985,0.0],[-87.98553,43.04978,0.0],[-87.9853,43.04976,0.0],[-87.98508,43.04973,0.0],[-87.98441,43.04967,0.0],[-87.98419,43.04964,0.0],[-87.98397,43.04962,0.0],[-87.98332,43.04955,0.0],[-87.9831,43.04953,0.0],[-87.98293,43.04952,0.0],[-87.98243,43.04946,0.0],[-87.98227,43.04945,0.0],[-87.98207,43.04943,0.0],[-87.98149,43.04937,0.0],[-87.98129,43.04935,0.0],[-87.98125,43.04935,0.0],[-87.98114,43.04933,0.0],[-87.9811,43.04933,0.0],[-87.98087,43.04931,0.0],[-87.9802,43.04924,0.0],[-87.97998,43.04921,0.0],[-87.97974,43.04919,0.0],[-87.97905,43.04912,0.0],[-87.97882,43.0491,0.0],[-87.97858,43.04907,0.0],[-87.97786,43.049,0.0],[-87.97762,43.04897,0.0],[-87.97744,43.04897,0.0],[-87.97692,43.04894,0.0],[-87.97675,43.04893,0.0],[-87.97657,43.04893,0.0],[-87.97605,43.0489,0.0],[-87.97587,43.0489,0.0],[-87.97565,43.04889,0.0],[-87.97497,43.04886,0.0],[-87.97474,43.04885,0.0],[-87.97451,43.04883,0.0],[-87.97383,43.0488,0.0],[-87.9736,43.04879,0.0],[-87.97343,43.04879,0.0],[-87.97303,43.04878,0.0],[-87.97293,43.04879,0.0],[-87.97277,43.04879,0.0],[-87.97271,43.0488,0.0],[-87.97253,43.04881,0.0],[-87.97247,43.04881,0.0],[-87.97237,43.04881,0.0],[-87.97208,43.04881,0.0],[-87.97198,43.04881,0.0],[-87.97189,43.04881,0.0],[-87.97185,43.04881,0.0],[-87.9718,43.04881,0.0],[-87.97174,43.04881,0.0],[-87.97163,43.04881,0.0],[-87.97148,43.04881,0.0],[-87.97136,43.04881,0.0],[-87.97113,43.04881,0.0],[-87.97046,43.0488,0.0],[-87.97024,43.0488,0.0],[-87.97002,43.0488,0.0],[-87.96935,43.0488,0.0],[-87.96913,43.0488,0.0],[-87.96893,43.0488,0.0],[-87.96832,43.0488,0.0],[-87.96812,43.04879,0.0],[-87.96791,43.04879,0.0],[-87.9673,43.04879,0.0],[-87.9671,43.04879,0.0],[-87.96676,43.04879,0.0],[-87.96575,43.04878,0.0],[-87.96541,43.04878,0.0],[-87.96542,43.04839,0.0],[-87.96545,43.04723,0.0],[-87.96545,43.04684,0.0],[-87.96547,43.04594,0.0],[-87.96499,43.04532,0.0],[-87.96496,43.04529,0.0],[-87.96515,43.04519,0.0],[-87.96524,43.04516,0.0],[-87.9653,43.04512,0.0],[-87.96538,43.04507,0.0],[-87.96546,43.04502,0.0],[-87.96552,43.04498,0.0],[-87.96559,43.04492,0.0],[-87.96566,43.04487,0.0],[-87.96577,43.04479,0.0],[-87.96589,43.04468,0.0],[-87.96597,43.0446,0.0],[-87.96606,43.04452,0.0],[-87.96614,43.04444,0.0],[-87.96624,43.04433,0.0],[-87.96634,43.04419,0.0],[-87.96642,43.04409,0.0],[-87.96649,43.04399,0.0],[-87.96657,43.04387,0.0],[-87.96662,43.04377,0.0],[-87.96663,43.04375,0.0],[-87.96671,43.0436,0.0],[-87.96675,43.0435,0.0],[-87.96685,43.04325,0.0],[-87.96687,43.04319,0.0],[-87.9669,43.04308,0.0],[-87.9669,43.04306,0.0],[-87.96694,43.04293,0.0],[-87.96696,43.04279,0.0],[-87.96702,43.0425,0.0],[-87.96702,43.04247,0.0],[-87.96707,43.04228,0.0],[-87.96713,43.04191,0.0],[-87.96722,43.04133,0.0],[-87.96725,43.04113,0.0],[-87.9673,43.04082,0.0],[-87.96731,43.04075,0.0],[-87.96733,43.04063,0.0],[-87.96734,43.04054,0.0],[-87.96736,43.04046,0.0],[-87.9674,43.04051,0.0],[-87.9675,43.04072,0.0],[-87.96768,43.04112,0.0],[-87.96798,43.0415,0.0],[-87.96805,43.04158,0.0],[-87.96822,43.04169,0.0],[-87.96842,43.04183,0.0],[-87.9686,43.0419,0.0],[-87.96885,43.04201,0.0],[-87.96965,43.04221,0.0],[-87.96986,43.04221,0.0],[-87.97015,43.04222,0.0],[-87.97026,43.04224,0.0],[-87.9703,43.04224,0.0],[-87.97035,43.04225,0.0],[-87.97053,43.04228,0.0],[-87.97073,43.04234,0.0],[-87.97158,43.04259,0.0],[-87.97202,43.04264,0.0],[-87.97227,43.04254,0.0],[-87.97237,43.04238,0.0],[-87.97239,43.04234,0.0],[-87.97247,43.04221,0.0],[-87.9725,43.04217,0.0],[-87.97264,43.04195,0.0],[-87.97276,43.04182,0.0],[-87.97293,43.04172,0.0],[-87.97298,43.04171,0.0],[-87.9731,43.04167,0.0],[-87.97317,43.04165,0.0],[-87.97319,43.04165,0.0],[-87.97342,43.04159,0.0],[-87.97361,43.04165,0.0],[-87.97485,43.04227,0.0],[-87.975,43.04238,0.0],[-87.97525,43.04256,0.0],[-87.97532,43.0426,0.0],[-87.97545,43.04265,0.0],[-87.97619,43.04286,0.0],[-87.97685,43.04302,0.0],[-87.97838,43.04314,0.0],[-87.97841,43.04313,0.0],[-87.97846,43.04313,0.0],[-87.97849,43.04314,0.0],[-87.9786,43.04314,0.0],[-87.97919,43.04303,0.0],[-87.97969,43.04284,0.0],[-87.98025,43.04273,0.0],[-87.98087,43.04265,0.0],[-87.98172,43.04254,0.0],[-87.98285,43.04252,0.0],[-87.98289,43.04251,0.0],[-87.98293,43.04252,0.0],[-87.98334,43.04251,0.0],[-87.98379,43.04252,0.0],[-87.98417,43.04253,0.0],[-87.98547,43.04243,0.0],[-87.98614,43.04232,0.0],[-87.98638,43.04223,0.0],[-87.98646,43.04221,0.0],[-87.98688,43.04211,0.0],[-87.9872,43.04213,0.0],[-87.98735,43.04216,0.0],[-87.98739,43.04217,0.0],[-87.98752,43.04219,0.0],[-87.98753,43.04367,0.0],[-87.98753,43.04388,0.0],[-87.98751,43.0445,0.0],[-87.9875,43.04455,0.0],[-87.98749,43.04521,0.0],[-87.98751,43.0457,0.0],[-87.98752,43.04609,0.0],[-87.98754,43.04701,0.0],[-87.98754,43.04729,0.0],[-87.98754,43.04747,0.0],[-87.98754,43.04755,0.0],[-87.98754,43.04772,0.0],[-87.98754,43.04791,0.0],[-87.98754,43.04832,0.0],[-87.98755,43.04957,0.0],[-87.98755,43.04999,0.0]]]]}},{"type":"Feature","properties":{"uesi_id":"USA_R251075","nbhd_code":"USA_R251075_115","nbhd_name":"Census Tract 125, Milwaukee, WI"},"geometry":{"type":"MultiPolygon","coordinates":[[[[-87.98752,43.04219,0.0],[-87.98739,43.04217,0.0],[-87.98735,43.04216,0.0],[-87.9872,43.04213,0.0],[-87.98688,43.04211,0.0],[-87.98646,43.04221,0.0],[-87.98638,43.04223,0.0],[-87.98614,43.04232,0.0],[-87.98547,43.04243,0.0],[-87.98417,43.04253,0.0],[-87.98379,43.04252,0.0],[-87.98334,43.04251,0.0],[-87.98293,43.04252,0.0],[-87.98289,43.04251,0.0],[-87.98285,43.04252,0.0],[-87.98172,43.04254,0.0],[-87.98087,43.04265,0.0],[-87.98025,43.04273,0.0],[-87.97969,43.04284,0.0],[-87.97919,43.04303,0.0],[-87.9786,43.04314,0.0],[-87.97849,43.04314,0.0],[-87.97846,43.04313,0.0],[-87.97841,43.04313,0.0],[-87.97838,43.04314,0.0],[-87.97685,43.04302,0.0],[-87.97619,43.04286,0.0],[-87.97545,43.04265,0.0],[-87.97532,43.0426,0.0],[-87.97525,43.04256,0.0],[-87.975,43.04238,0.0],[-87.97485,43.04227,0.0],[-87.97361,43.04165,0.0],[-87.97342,43.04159,0.0],[-87.97319,43.04165,0.0],[-87.97317,43.04165,0.0],[-87.9731,43.04167,0.0],[-87.97298,43.04171,0.0],[-87.97293,43.04172,0.0],[-87.97276,43.04182,0.0],[-87.97264,43.04195,0.0],[-87.9725,43.04217,0.0],[-87.97247,43.04221,0.0],[-87.97239,43.04234,0.0],[-87.97237,43.04238,0.0],[-87.97227,43.04254,0.0],[-87.97202,43.04264,0.0],[-87.97158,43.04259,0.0],[-87.97073,43.04234,0.0],[-87.97053,43.04228,0.0],[-87.97035,43.04225,0.0],[-87.9703,43.04224,0.0],[-87.97026,43.04224,0.0],[-87.97015,43.04222,0.0],[-87.96986,43.04221,0.0],[-87.96965,43.04221,0.0],[-87.96885,43.04201,0.0],[-87.9686,43.0419,0.0],[-87.96842,43.04183,0.0],[-87.96822,43.04169,0.0],[-87.96805,43.04158,0.0],[-87.96798,43.0415,0.0],[-87.96768,43.04112,0.0],[-87.9675,43.04072,0.0],[-87.9674,43.04051,0.0],[-87.96736,43.04046,0.0],[-87.96704,43.0401,0.0],[-87.96682,43.03986,0.0],[-87.96639,43.03959,0.0],[-87.96584,43.03937,0.0],[-87.96583,43.03936,0.0],[-87.96542,43.03912,0.0],[-87.96535,43.03907,0.0],[-87.96522,43.03888,0.0],[-87.96517,43.03882,0.0],[-87.96515,43.03879,0.0],[-87.9651,43.03872,0.0],[-87.9651,43.03868,0.0],[-87.96509,43.03864,0.0],[-87.96502,43.03833,0.0],[-87.96497,43.03809,0.0],[-87.96494,43.03782,0.0],[-87.96511,43.03727,0.0],[-87.96534,43.03698,0.0],[-87.96543,43.03687,0.0],[-87.96549,43.03682,0.0],[-87.966,43.0364,0.0],[-87.96618,43.03626,0.0],[-87.96623,43.03621,0.0],[-87.96641,43.03607,0.0],[-87.96647,43.03602,0.0],[-87.96669,43.03583,0.0],[-87.96678,43.03576,0.0],[-87.96716,43.03541,0.0],[-87.96726,43.03517,0.0],[-87.96738,43.03491,0.0],[-87.96747,43.03471,0.0],[-87.96753,43.03459,0.0],[-87.96759,43.03417,0.0],[-87.96761,43.0341,0.0],[-87.96767,43.0339,0.0],[-87.96764,43.03383,0.0],[-87.96763,43.03381,0.0],[-87.96761,43.03375,0.0],[-87.96752,43.03357,0.0],[-87.96751,43.03354,0.0],[-87.96749,43.03348,0.0],[-87.96745,43.03341,0.0],[-87.96733,43.03322,0.0],[-87.96729,43.03317,0.0],[-87.96724,43.0331,0.0],[-87.96731,43.0331,0.0],[-87.96745,43.03311,0.0],[-87.96748,43.03311,0.0],[-87.96752,43.0331,0.0],[-87.9676,43.0331,0.0],[-87.96768,43.0331,0.0],[-87.96776,43.0331,0.0],[-87.96802,43.03309,0.0],[-87.96825,43.03307,0.0],[-87.96842,43.03306,0.0],[-87.9686,43.03304,0.0],[-87.96891,43.03301,0.0],[-87.96949,43.03294,0.0],[-87.96989,43.03289,0.0],[-87.96999,43.03287,0.0],[-87.97016,43.03285,0.0],[-87.9703,43.03283,0.0],[-87.9704,43.03282,0.0],[-87.97065,43.03279,0.0],[-87.97078,43.03277,0.0],[-87.97127,43.0327,0.0],[-87.97155,43.03267,0.0],[-87.97168,43.03266,0.0],[-87.97282,43.0325,0.0],[-87.97305,43.03246,0.0],[-87.97334,43.03241,0.0],[-87.97377,43.03232,0.0],[-87.97388,43.0323,0.0],[-87.97475,43.03206,0.0],[-87.97552,43.03181,0.0],[-87.97603,43.0316,0.0],[-87.97646,43.03144,0.0],[-87.97688,43.03127,0.0],[-87.97759,43.03103,0.0],[-87.97818,43.03087,0.0],[-87.97821,43.03086,0.0],[-87.97866,43.03077,0.0],[-87.97895,43.03072,0.0],[-87.97919,43.03068,0.0],[-87.97976,43.0306,0.0],[-87.98051,43.03052,0.0],[-87.98126,43.03043,0.0],[-87.98158,43.03041,0.0],[-87.98175,43.0304,0.0],[-87.98207,43.03052,0.0],[-87.9826,43.03052,0.0],[-87.98435,43.03051,0.0],[-87.98503,43.03051,0.0],[-87.98658,43.0305,0.0],[-87.98658,43.03055,0.0],[-87.98657,43.03072,0.0],[-87.98656,43.03083,0.0],[-87.98655,43.03086,0.0],[-87.98654,43.03092,0.0],[-87.98653,43.03097,0.0],[-87.98641,43.03103,0.0],[-87.98623,43.03113,0.0],[-87.9862,43.03131,0.0],[-87.98619,43.03144,0.0],[-87.98601,43.03154,0.0],[-87.98585,43.03163,0.0],[-87.98548,43.03181,0.0],[-87.9853,43.03189,0.0],[-87.98507,43.03208,0.0],[-87.98506,43.03209,0.0],[-87.98495,43.03223,0.0],[-87.98487,43.03239,0.0],[-87.98485,43.03246,0.0],[-87.98477,43.03287,0.0],[-87.98472,43.03316,0.0],[-87.9847,43.0336,0.0],[-87.98464,43.03494,0.0],[-87.98462,43.03538,0.0],[-87.9846,43.03563,0.0],[-87.98454,43.03637,0.0],[-87.98453,43.03662,0.0],[-87.98447,43.03683,0.0],[-87.98431,43.03748,0.0],[-87.98425,43.0377,0.0],[-87.9842,43.03788,0.0],[-87.98418,43.03794,0.0],[-87.98406,43.0384,0.0],[-87.98405,43.03842,0.0],[-87.98403,43.03853,0.0],[-87.98402,43.03861,0.0],[-87.98401,43.03864,0.0],[-87.98399,43.03876,0.0],[-87.98398,43.03879,0.0],[-87.98419,43.03879,0.0],[-87.98449,43.03879,0.0],[-87.98457,43.03879,0.0],[-87.98461,43.03879,0.0],[-87.9846,43.03923,0.0],[-87.98442,43.03923,0.0],[-87.98442,43.03928,0.0],[-87.98443,43.03965,0.0],[-87.98437,43.03965,0.0],[-87.98421,43.03965,0.0],[-87.98412,43.03965,0.0],[-87.98407,43.03965,0.0],[-87.98407,43.04001,0.0],[-87.9841,43.04018,0.0],[-87.98481,43.04019,0.0],[-87.98612,43.0402,0.0],[-87.98748,43.04021,0.0],[-87.98748,43.04031,0.0],[-87.98747,43.04062,0.0],[-87.98746,43.04073,0.0],[-87.98752,43.04169,0.0],[-87.98752,43.04219,0.0]]]]}},{"type":"Feature","properties":{"uesi_id":"USA_R251075","nbhd_code":"USA_R251075_116","nbhd_name":"Census Tract 126, Milwaukee, WI"},"geometry":{"type":"MultiPolygon","coordinates":[[[[-88.0073,43.03523,0.0],[-88.00605,43.03537,0.0],[-88.0058,43.0354,0.0],[-88.00508,43.03548,0.0],[-88.00484,43.03551,0.0],[-88.00459,43.03553,0.0],[-88.00414,43.03558,0.0],[-88.00386,43.0356,0.0],[-88.00362,43.03561,0.0],[-88.00338,43.03563,0.0],[-88.00267,43.03567,0.0],[-88.00244,43.03568,0.0],[-88.00242,43.03568,0.0],[-88.00236,43.03568,0.0],[-88.00234,43.03569,0.0],[-88.00223,43.03569,0.0],[-88.00189,43.03571,0.0],[-88.00178,43.03572,0.0],[-88.00167,43.03573,0.0],[-88.00167,43.03536,0.0],[-88.00169,43.03525,0.0],[-88.00133,43.03524,0.0],[-88.00133,43.03484,0.0],[-88.00132,43.03461,0.0],[-88.00129,43.03413,0.0],[-88.00109,43.03412,0.0],[-88.00086,43.03411,0.0],[-88.00065,43.03411,0.0],[-87.99999,43.03411,0.0],[-87.99978,43.03411,0.0],[-87.99955,43.03411,0.0],[-87.99888,43.0341,0.0],[-87.99866,43.0341,0.0],[-87.99841,43.0341,0.0],[-87.99765,43.0341,0.0],[-87.9974,43.0341,0.0],[-87.9974,43.03407,0.0],[-87.99682,43.03408,0.0],[-87.99677,43.03407,0.0],[-87.99677,43.03481,0.0],[-87.99677,43.03514,0.0],[-87.9968,43.03514,0.0],[-87.99681,43.03518,0.0],[-87.99681,43.03522,0.0],[-87.99681,43.03552,0.0],[-87.99665,43.03552,0.0],[-87.99653,43.03552,0.0],[-87.9965,43.03552,0.0],[-87.99612,43.03554,0.0],[-87.9961,43.03548,0.0],[-87.99599,43.03548,0.0],[-87.99599,43.03541,0.0],[-87.99554,43.0354,0.0],[-87.99555,43.03606,0.0],[-87.99539,43.03606,0.0],[-87.99518,43.03606,0.0],[-87.99519,43.03652,0.0],[-87.995,43.03652,0.0],[-87.995,43.03632,0.0],[-87.99451,43.03632,0.0],[-87.99451,43.03642,0.0],[-87.99452,43.03666,0.0],[-87.99337,43.03666,0.0],[-87.99337,43.03613,0.0],[-87.99218,43.03619,0.0],[-87.99209,43.0362,0.0],[-87.99185,43.03621,0.0],[-87.99183,43.03621,0.0],[-87.99174,43.03622,0.0],[-87.99174,43.03676,0.0],[-87.99106,43.03675,0.0],[-87.99106,43.03679,0.0],[-87.99107,43.0369,0.0],[-87.98993,43.03689,0.0],[-87.98993,43.03631,0.0],[-87.98872,43.03638,0.0],[-87.98872,43.03651,0.0],[-87.98872,43.0369,0.0],[-87.98872,43.03698,0.0],[-87.98872,43.03703,0.0],[-87.98843,43.03702,0.0],[-87.98805,43.03702,0.0],[-87.98805,43.03641,0.0],[-87.98796,43.03642,0.0],[-87.98787,43.03642,0.0],[-87.9876,43.03644,0.0],[-87.98751,43.03644,0.0],[-87.98751,43.03679,0.0],[-87.98751,43.03697,0.0],[-87.98751,43.037,0.0],[-87.98602,43.037,0.0],[-87.98546,43.037,0.0],[-87.98535,43.037,0.0],[-87.98535,43.03712,0.0],[-87.98535,43.03715,0.0],[-87.98498,43.03715,0.0],[-87.98498,43.03761,0.0],[-87.98498,43.03769,0.0],[-87.98487,43.03769,0.0],[-87.98479,43.03769,0.0],[-87.9848,43.0384,0.0],[-87.98459,43.0384,0.0],[-87.98436,43.0384,0.0],[-87.98406,43.0384,0.0],[-87.98418,43.03794,0.0],[-87.9842,43.03788,0.0],[-87.98425,43.0377,0.0],[-87.98431,43.03748,0.0],[-87.98447,43.03683,0.0],[-87.98453,43.03662,0.0],[-87.98454,43.03637,0.0],[-87.9846,43.03563,0.0],[-87.98462,43.03538,0.0],[-87.98464,43.03494,0.0],[-87.9847,43.0336,0.0],[-87.98472,43.03316,0.0],[-87.98477,43.03287,0.0],[-87.98485,43.03246,0.0],[-87.98487,43.03239,0.0],[-87.98495,43.03223,0.0],[-87.98506,43.03209,0.0],[-87.98507,43.03208,0.0],[-87.9853,43.03189,0.0],[-87.98548,43.03181,0.0],[-87.98585,43.03163,0.0],[-87.98601,43.03154,0.0],[-87.98619,43.03144,0.0],[-87.98622,43.03144,0.0],[-87.98632,43.03145,0.0],[-87.98636,43.03145,0.0],[-87.98652,43.03146,0.0],[-87.98701,43.03149,0.0],[-87.98718,43.0315,0.0],[-87.98719,43.0315,0.0],[-87.98739,43.03148,0.0],[-87.98743,43.03147,0.0],[-87.98751,43.03145,0.0],[-87.98769,43.03137,0.0],[-87.98797,43.03119,0.0],[-87.98809,43.03108,0.0],[-87.98812,43.03106,0.0],[-87.9883,43.03094,0.0],[-87.98842,43.03101,0.0],[-87.98866,43.03097,0.0],[-87.98874,43.03095,0.0],[-87.98874,43.03104,0.0],[-87.98873,43.03132,0.0],[-87.98873,43.03141,0.0],[-87.98847,43.03141,0.0],[-87.98802,43.03141,0.0],[-87.98773,43.03158,0.0],[-87.9875,43.03171,0.0],[-87.9875,43.03178,0.0],[-87.9875,43.03202,0.0],[-87.9875,43.0321,0.0],[-87.98798,43.0321,0.0],[-87.98943,43.0321,0.0],[-87.98991,43.0321,0.0],[-87.99014,43.0321,0.0],[-87.99082,43.0321,0.0],[-87.99104,43.0321,0.0],[-87.99104,43.03196,0.0],[-87.99104,43.03155,0.0],[-87.99104,43.03141,0.0],[-87.99107,43.03141,0.0],[-87.99114,43.03141,0.0],[-87.99117,43.03141,0.0],[-87.99137,43.03141,0.0],[-87.99196,43.03141,0.0],[-87.99216,43.03141,0.0],[-87.99221,43.03141,0.0],[-87.99236,43.03141,0.0],[-87.99241,43.03141,0.0],[-87.99259,43.03141,0.0],[-87.99316,43.03141,0.0],[-87.99335,43.03141,0.0],[-87.99335,43.03155,0.0],[-87.99335,43.03196,0.0],[-87.99335,43.0321,0.0],[-87.99358,43.03209,0.0],[-87.99426,43.03209,0.0],[-87.99449,43.03209,0.0],[-87.99482,43.03209,0.0],[-87.99581,43.03209,0.0],[-87.99614,43.03209,0.0],[-87.99639,43.03209,0.0],[-87.99714,43.03209,0.0],[-87.99739,43.03209,0.0],[-87.99764,43.03209,0.0],[-87.9984,43.03209,0.0],[-87.99865,43.0321,0.0],[-87.99888,43.0321,0.0],[-87.99955,43.0321,0.0],[-87.99977,43.0321,0.0],[-87.99999,43.03211,0.0],[-88.00065,43.03211,0.0],[-88.00086,43.03211,0.0],[-88.00118,43.03211,0.0],[-88.00212,43.03212,0.0],[-88.00243,43.03212,0.0],[-88.00267,43.03212,0.0],[-88.00339,43.03213,0.0],[-88.00363,43.03213,0.0],[-88.00387,43.03213,0.0],[-88.0046,43.03214,0.0],[-88.00485,43.03214,0.0],[-88.00508,43.03214,0.0],[-88.00578,43.03214,0.0],[-88.00602,43.03215,0.0],[-88.00708,43.03215,0.0],[-88.00728,43.03223,0.0],[-88.00728,43.03241,0.0],[-88.0073,43.03523,0.0]]]]}},{"type":"Feature","properties":{"uesi_id":"USA_R251075","nbhd_code":"USA_R251075_117","nbhd_name":"Census Tract 127, Milwaukee, WI"},"geometry":{"type":"MultiPolygon","coordinates":[[[[-88.01732,43.02988,0.0],[-88.01729,43.03041,0.0],[-88.01727,43.03062,0.0],[-88.01726,43.03076,0.0],[-88.01725,43.03119,0.0],[-88.01724,43.03133,0.0],[-88.01664,43.03133,0.0],[-88.01623,43.03133,0.0],[-88.01624,43.03176,0.0],[-88.01651,43.03175,0.0],[-88.01673,43.03175,0.0],[-88.01724,43.03174,0.0],[-88.01724,43.03205,0.0],[-88.01724,43.03219,0.0],[-88.01717,43.03255,0.0],[-88.01717,43.03259,0.0],[-88.01709,43.03295,0.0],[-88.01702,43.03325,0.0],[-88.01608,43.03601,0.0],[-88.01606,43.03601,0.0],[-88.01481,43.03598,0.0],[-88.01456,43.03596,0.0],[-88.01398,43.03586,0.0],[-88.01359,43.03578,0.0],[-88.01296,43.03562,0.0],[-88.01293,43.03561,0.0],[-88.01197,43.03535,0.0],[-88.01142,43.0352,0.0],[-88.01111,43.03514,0.0],[-88.01105,43.03513,0.0],[-88.01063,43.03505,0.0],[-88.01034,43.03501,0.0],[-88.01026,43.03501,0.0],[-88.00996,43.035,0.0],[-88.00955,43.03499,0.0],[-88.00867,43.03507,0.0],[-88.00864,43.03507,0.0],[-88.00858,43.03507,0.0],[-88.0084,43.0351,0.0],[-88.00835,43.0351,0.0],[-88.0073,43.03523,0.0],[-88.00728,43.03241,0.0],[-88.00728,43.03223,0.0],[-88.00729,43.03149,0.0],[-88.00728,43.0313,0.0],[-88.00728,43.03125,0.0],[-88.00727,43.03056,0.0],[-88.00727,43.03033,0.0],[-88.00727,43.03018,0.0],[-88.00726,43.02975,0.0],[-88.00726,43.02961,0.0],[-88.00726,43.02943,0.0],[-88.00726,43.02889,0.0],[-88.00726,43.02871,0.0],[-88.00726,43.02859,0.0],[-88.00726,43.02824,0.0],[-88.00726,43.02805,0.0],[-88.00725,43.02776,0.0],[-88.00725,43.02767,0.0],[-88.00725,43.02737,0.0],[-88.00725,43.02648,0.0],[-88.00725,43.02619,0.0],[-88.00724,43.0259,0.0],[-88.00724,43.02502,0.0],[-88.00724,43.02473,0.0],[-88.00724,43.02463,0.0],[-88.00724,43.02432,0.0],[-88.00724,43.02424,0.0],[-88.00724,43.02422,0.0],[-88.00724,43.02419,0.0],[-88.00724,43.02411,0.0],[-88.00724,43.02408,0.0],[-88.00749,43.02408,0.0],[-88.00824,43.02405,0.0],[-88.00849,43.02405,0.0],[-88.0086,43.02405,0.0],[-88.0086,43.02416,0.0],[-88.0086,43.02418,0.0],[-88.01139,43.02411,0.0],[-88.01727,43.02395,0.0],[-88.01727,43.02414,0.0],[-88.01728,43.02473,0.0],[-88.01728,43.02492,0.0],[-88.01728,43.02495,0.0],[-88.01728,43.02517,0.0],[-88.01729,43.02593,0.0],[-88.01729,43.02619,0.0],[-88.0173,43.02693,0.0],[-88.01729,43.02726,0.0],[-88.0173,43.02736,0.0],[-88.0173,43.02745,0.0],[-88.0173,43.02777,0.0],[-88.0173,43.02803,0.0],[-88.01731,43.0288,0.0],[-88.01731,43.02907,0.0],[-88.01731,43.02916,0.0],[-88.01731,43.02945,0.0],[-88.01731,43.02955,0.0],[-88.01732,43.02977,0.0],[-88.01732,43.02988,0.0]]]]}},{"type":"Feature","properties":{"uesi_id":"USA_R251075","nbhd_code":"USA_R251075_118","nbhd_name":"Census Tract 128, Milwaukee, WI"},"geometry":{"type":"MultiPolygon","coordinates":[[[[-88.0472,43.03399,0.0],[-88.04712,43.03459,0.0],[-88.04711,43.03468,0.0],[-88.04706,43.03498,0.0],[-88.04704,43.03508,0.0],[-88.04683,43.03506,0.0],[-88.04631,43.03502,0.0],[-88.04621,43.03501,0.0],[-88.046,43.035,0.0],[-88.04568,43.03497,0.0],[-88.04471,43.0349,0.0],[-88.04439,43.03487,0.0],[-88.04397,43.03484,0.0],[-88.04269,43.03475,0.0],[-88.04226,43.03471,0.0],[-88.042,43.03473,0.0],[-88.04121,43.03477,0.0],[-88.04094,43.03478,0.0],[-88.04008,43.03483,0.0],[-88.03748,43.03496,0.0],[-88.03729,43.03497,0.0],[-88.03662,43.03501,0.0],[-88.03636,43.03502,0.0],[-88.03559,43.03506,0.0],[-88.03534,43.03508,0.0],[-88.03521,43.03508,0.0],[-88.03506,43.03509,0.0],[-88.03424,43.03514,0.0],[-88.03412,43.03515,0.0],[-88.03397,43.03516,0.0],[-88.03387,43.03517,0.0],[-88.03358,43.0352,0.0],[-88.03336,43.03522,0.0],[-88.03138,43.03547,0.0],[-88.03148,43.03579,0.0],[-88.03155,43.03616,0.0],[-88.03159,43.03674,0.0],[-88.03162,43.03775,0.0],[-88.03158,43.03836,0.0],[-88.03149,43.03878,0.0],[-88.03066,43.03878,0.0],[-88.03015,43.03878,0.0],[-88.02812,43.03878,0.0],[-88.02742,43.03878,0.0],[-88.02742,43.03879,0.0],[-88.02729,43.03879,0.0],[-88.02585,43.03883,0.0],[-88.02439,43.03887,0.0],[-88.02419,43.03887,0.0],[-88.02397,43.03888,0.0],[-88.02311,43.0389,0.0],[-88.02281,43.03891,0.0],[-88.02276,43.03891,0.0],[-88.0225,43.03891,0.0],[-88.0219,43.03892,0.0],[-88.02189,43.03851,0.0],[-88.02187,43.03684,0.0],[-88.02186,43.03593,0.0],[-88.02203,43.03593,0.0],[-88.02322,43.03592,0.0],[-88.0233,43.03592,0.0],[-88.02355,43.03592,0.0],[-88.02363,43.03592,0.0],[-88.02362,43.03547,0.0],[-88.02361,43.03412,0.0],[-88.02361,43.03366,0.0],[-88.0236,43.03325,0.0],[-88.02358,43.032,0.0],[-88.02358,43.03159,0.0],[-88.02357,43.03117,0.0],[-88.02189,43.03122,0.0],[-88.01858,43.0313,0.0],[-88.01757,43.03132,0.0],[-88.01724,43.03133,0.0],[-88.01725,43.03119,0.0],[-88.01726,43.03076,0.0],[-88.01727,43.03062,0.0],[-88.01729,43.03041,0.0],[-88.01732,43.02988,0.0],[-88.01732,43.02977,0.0],[-88.01731,43.02955,0.0],[-88.01731,43.02945,0.0],[-88.01731,43.02916,0.0],[-88.01731,43.02907,0.0],[-88.01731,43.0288,0.0],[-88.0173,43.02803,0.0],[-88.0173,43.02777,0.0],[-88.0173,43.02745,0.0],[-88.0173,43.02736,0.0],[-88.01729,43.02726,0.0],[-88.0173,43.02693,0.0],[-88.01729,43.02619,0.0],[-88.01729,43.02593,0.0],[-88.01728,43.02517,0.0],[-88.01728,43.02495,0.0],[-88.01728,43.02492,0.0],[-88.01728,43.02473,0.0],[-88.01727,43.02414,0.0],[-88.01727,43.02395,0.0],[-88.01853,43.02393,0.0],[-88.02229,43.02387,0.0],[-88.02354,43.02385,0.0],[-88.02361,43.02385,0.0],[-88.02409,43.02384,0.0],[-88.02429,43.02384,0.0],[-88.0243,43.0243,0.0],[-88.02518,43.02428,0.0],[-88.02519,43.02433,0.0],[-88.02518,43.02493,0.0],[-88.0271,43.02497,0.0],[-88.02731,43.02497,0.0],[-88.02751,43.02497,0.0],[-88.02818,43.02499,0.0],[-88.02829,43.02499,0.0],[-88.0284,43.02499,0.0],[-88.02915,43.02501,0.0],[-88.02926,43.02501,0.0],[-88.02938,43.02501,0.0],[-88.03012,43.02502,0.0],[-88.03023,43.02501,0.0],[-88.03035,43.02502,0.0],[-88.03116,43.02504,0.0],[-88.03159,43.02504,0.0],[-88.03517,43.02512,0.0],[-88.03537,43.02512,0.0],[-88.0354,43.02512,0.0],[-88.03545,43.02513,0.0],[-88.03577,43.02513,0.0],[-88.03649,43.02514,0.0],[-88.03651,43.02514,0.0],[-88.03656,43.02515,0.0],[-88.03681,43.02515,0.0],[-88.03705,43.02515,0.0],[-88.03721,43.02516,0.0],[-88.03738,43.02516,0.0],[-88.03743,43.02517,0.0],[-88.0379,43.02519,0.0],[-88.03798,43.02519,0.0],[-88.03836,43.02522,0.0],[-88.03874,43.02526,0.0],[-88.03903,43.02529,0.0],[-88.03929,43.02532,0.0],[-88.03956,43.02535,0.0],[-88.03983,43.02539,0.0],[-88.04009,43.02542,0.0],[-88.04036,43.02546,0.0],[-88.04062,43.0255,0.0],[-88.04088,43.02554,0.0],[-88.04109,43.02558,0.0],[-88.04115,43.02559,0.0],[-88.04125,43.02561,0.0],[-88.04143,43.02564,0.0],[-88.04162,43.02568,0.0],[-88.04181,43.02571,0.0],[-88.04199,43.02575,0.0],[-88.04217,43.02579,0.0],[-88.04235,43.02583,0.0],[-88.04253,43.02587,0.0],[-88.0427,43.02592,0.0],[-88.04288,43.02597,0.0],[-88.04297,43.026,0.0],[-88.04304,43.02602,0.0],[-88.04321,43.02607,0.0],[-88.04337,43.02611,0.0],[-88.0435,43.02615,0.0],[-88.04381,43.02626,0.0],[-88.04388,43.02628,0.0],[-88.04395,43.02631,0.0],[-88.04469,43.02658,0.0],[-88.04489,43.02665,0.0],[-88.04493,43.02681,0.0],[-88.04529,43.02834,0.0],[-88.04533,43.0285,0.0],[-88.04535,43.02862,0.0],[-88.04587,43.03101,0.0],[-88.0459,43.03101,0.0],[-88.04624,43.03101,0.0],[-88.04708,43.03099,0.0],[-88.04717,43.03099,0.0],[-88.04717,43.03101,0.0],[-88.04717,43.03114,0.0],[-88.04718,43.03141,0.0],[-88.04719,43.0322,0.0],[-88.0472,43.03281,0.0],[-88.04721,43.03386,0.0],[-88.0472,43.03399,0.0]]]]}},{"type":"Feature","properties":{"uesi_id":"USA_R251075","nbhd_code":"USA_R251075_119","nbhd_name":"Census Tract 129, Milwaukee, WI"},"geometry":{"type":"MultiPolygon","coordinates":[[[[-88.00729,43.03149,0.0],[-88.00728,43.03223,0.0],[-88.00708,43.03215,0.0],[-88.00602,43.03215,0.0],[-88.00578,43.03214,0.0],[-88.00508,43.03214,0.0],[-88.00485,43.03214,0.0],[-88.0046,43.03214,0.0],[-88.00387,43.03213,0.0],[-88.00363,43.03213,0.0],[-88.00339,43.03213,0.0],[-88.00267,43.03212,0.0],[-88.00243,43.03212,0.0],[-88.00212,43.03212,0.0],[-88.00118,43.03211,0.0],[-88.00086,43.03211,0.0],[-88.00065,43.03211,0.0],[-87.99999,43.03211,0.0],[-87.99977,43.0321,0.0],[-87.99955,43.0321,0.0],[-87.99888,43.0321,0.0],[-87.99865,43.0321,0.0],[-87.9984,43.03209,0.0],[-87.99764,43.03209,0.0],[-87.99739,43.03209,0.0],[-87.99714,43.03209,0.0],[-87.99639,43.03209,0.0],[-87.99614,43.03209,0.0],[-87.99581,43.03209,0.0],[-87.99482,43.03209,0.0],[-87.99449,43.03209,0.0],[-87.99426,43.03209,0.0],[-87.99358,43.03209,0.0],[-87.99335,43.0321,0.0],[-87.99335,43.03196,0.0],[-87.99335,43.03155,0.0],[-87.99335,43.03141,0.0],[-87.99316,43.03141,0.0],[-87.99259,43.03141,0.0],[-87.99241,43.03141,0.0],[-87.99241,43.03122,0.0],[-87.99242,43.03065,0.0],[-87.99243,43.03053,0.0],[-87.99243,43.03037,0.0],[-87.99243,43.0303,0.0],[-87.99243,43.02979,0.0],[-87.99243,43.02962,0.0],[-87.99243,43.02926,0.0],[-87.99243,43.02817,0.0],[-87.99243,43.02781,0.0],[-87.99243,43.02745,0.0],[-87.99244,43.02638,0.0],[-87.99244,43.02603,0.0],[-87.99244,43.02573,0.0],[-87.99244,43.02484,0.0],[-87.99244,43.02454,0.0],[-87.99243,43.0243,0.0],[-87.99242,43.02414,0.0],[-87.99692,43.02427,0.0],[-87.99741,43.02428,0.0],[-87.99741,43.02415,0.0],[-88.0,43.02417,0.0],[-88.00238,43.02419,0.0],[-88.00335,43.02419,0.0],[-88.00352,43.02419,0.0],[-88.00474,43.0242,0.0],[-88.00596,43.02421,0.0],[-88.00627,43.02421,0.0],[-88.00724,43.02422,0.0],[-88.00724,43.02424,0.0],[-88.00724,43.02432,0.0],[-88.00724,43.02463,0.0],[-88.00724,43.02473,0.0],[-88.00724,43.02502,0.0],[-88.00724,43.0259,0.0],[-88.00725,43.02619,0.0],[-88.00725,43.02648,0.0],[-88.00725,43.02737,0.0],[-88.00725,43.02767,0.0],[-88.00725,43.02776,0.0],[-88.00726,43.02805,0.0],[-88.00726,43.02824,0.0],[-88.00726,43.02859,0.0],[-88.00726,43.02871,0.0],[-88.00726,43.02889,0.0],[-88.00726,43.02943,0.0],[-88.00726,43.02961,0.0],[-88.00726,43.02975,0.0],[-88.00727,43.03018,0.0],[-88.00727,43.03033,0.0],[-88.00727,43.03056,0.0],[-88.00728,43.03125,0.0],[-88.00728,43.0313,0.0],[-88.00729,43.03149,0.0]]]]}},{"type":"Feature","properties":{"uesi_id":"USA_R251075","nbhd_code":"USA_R251075_120","nbhd_name":"Census Tract 130, Milwaukee, WI"},"geometry":{"type":"MultiPolygon","coordinates":[[[[-87.99244,43.02484,0.0],[-87.99244,43.02573,0.0],[-87.99244,43.02603,0.0],[-87.99244,43.02638,0.0],[-87.99243,43.02745,0.0],[-87.99243,43.02781,0.0],[-87.99243,43.02817,0.0],[-87.99243,43.02926,0.0],[-87.99243,43.02962,0.0],[-87.99243,43.02979,0.0],[-87.99243,43.0303,0.0],[-87.99243,43.03037,0.0],[-87.99243,43.03053,0.0],[-87.99242,43.03065,0.0],[-87.99241,43.03122,0.0],[-87.99241,43.03141,0.0],[-87.99236,43.03141,0.0],[-87.99221,43.03141,0.0],[-87.99216,43.03141,0.0],[-87.99196,43.03141,0.0],[-87.99137,43.03141,0.0],[-87.99117,43.03141,0.0],[-87.99114,43.03141,0.0],[-87.99107,43.03141,0.0],[-87.99104,43.03141,0.0],[-87.99104,43.03155,0.0],[-87.99104,43.03196,0.0],[-87.99104,43.0321,0.0],[-87.99082,43.0321,0.0],[-87.99014,43.0321,0.0],[-87.98991,43.0321,0.0],[-87.98943,43.0321,0.0],[-87.98798,43.0321,0.0],[-87.9875,43.0321,0.0],[-87.9875,43.03202,0.0],[-87.9875,43.03178,0.0],[-87.9875,43.03171,0.0],[-87.98773,43.03158,0.0],[-87.98802,43.03141,0.0],[-87.98847,43.03141,0.0],[-87.98873,43.03141,0.0],[-87.98873,43.03132,0.0],[-87.98874,43.03104,0.0],[-87.98874,43.03095,0.0],[-87.98866,43.03097,0.0],[-87.98842,43.03101,0.0],[-87.9883,43.03094,0.0],[-87.98812,43.03106,0.0],[-87.98809,43.03108,0.0],[-87.98797,43.03119,0.0],[-87.98769,43.03137,0.0],[-87.98751,43.03145,0.0],[-87.98743,43.03147,0.0],[-87.98739,43.03148,0.0],[-87.98719,43.0315,0.0],[-87.98718,43.0315,0.0],[-87.98701,43.03149,0.0],[-87.98652,43.03146,0.0],[-87.98636,43.03145,0.0],[-87.98632,43.03145,0.0],[-87.98622,43.03144,0.0],[-87.98619,43.03144,0.0],[-87.9862,43.03131,0.0],[-87.98623,43.03113,0.0],[-87.98641,43.03103,0.0],[-87.98653,43.03097,0.0],[-87.98654,43.03092,0.0],[-87.98655,43.03086,0.0],[-87.98656,43.03083,0.0],[-87.98657,43.03072,0.0],[-87.98658,43.03055,0.0],[-87.98658,43.0305,0.0],[-87.98503,43.03051,0.0],[-87.98435,43.03051,0.0],[-87.9826,43.03052,0.0],[-87.9826,43.03039,0.0],[-87.98257,43.02921,0.0],[-87.98254,43.02778,0.0],[-87.98249,43.02551,0.0],[-87.98246,43.02428,0.0],[-87.98246,43.02413,0.0],[-87.9825,43.02413,0.0],[-87.98259,43.02413,0.0],[-87.98295,43.02408,0.0],[-87.98306,43.02407,0.0],[-87.98317,43.02406,0.0],[-87.98362,43.02403,0.0],[-87.98367,43.02403,0.0],[-87.98412,43.02401,0.0],[-87.98423,43.02401,0.0],[-87.98541,43.02403,0.0],[-87.98653,43.02405,0.0],[-87.98666,43.02405,0.0],[-87.9871,43.02406,0.0],[-87.98749,43.02412,0.0],[-87.98967,43.02412,0.0],[-87.99045,43.02413,0.0],[-87.99242,43.02414,0.0],[-87.99243,43.0243,0.0],[-87.99244,43.02454,0.0],[-87.99244,43.02484,0.0]]]]}},{"type":"Feature","properties":{"uesi_id":"USA_R251075","nbhd_code":"USA_R251075_121","nbhd_name":"Census Tract 133, Milwaukee, WI"},"geometry":{"type":"MultiPolygon","coordinates":[[[[-87.96767,43.0339,0.0],[-87.96761,43.0341,0.0],[-87.96759,43.03417,0.0],[-87.96753,43.03459,0.0],[-87.96747,43.03471,0.0],[-87.96738,43.03491,0.0],[-87.96726,43.03517,0.0],[-87.96716,43.03541,0.0],[-87.96678,43.03576,0.0],[-87.96669,43.03583,0.0],[-87.96647,43.03602,0.0],[-87.96641,43.03607,0.0],[-87.96623,43.03621,0.0],[-87.96618,43.03626,0.0],[-87.966,43.0364,0.0],[-87.96549,43.03682,0.0],[-87.96543,43.03687,0.0],[-87.96534,43.03698,0.0],[-87.96511,43.03727,0.0],[-87.96494,43.03782,0.0],[-87.96497,43.03809,0.0],[-87.96502,43.03833,0.0],[-87.96509,43.03864,0.0],[-87.9651,43.03868,0.0],[-87.9651,43.03872,0.0],[-87.96515,43.03879,0.0],[-87.96517,43.03882,0.0],[-87.9651,43.03882,0.0],[-87.96502,43.03882,0.0],[-87.96468,43.03882,0.0],[-87.96322,43.03882,0.0],[-87.96273,43.03882,0.0],[-87.96243,43.03881,0.0],[-87.96172,43.03878,0.0],[-87.96152,43.03878,0.0],[-87.96121,43.03877,0.0],[-87.96096,43.03876,0.0],[-87.96075,43.03875,0.0],[-87.96021,43.03875,0.0],[-87.95996,43.03876,0.0],[-87.95909,43.03871,0.0],[-87.95902,43.03876,0.0],[-87.95875,43.03876,0.0],[-87.95796,43.03876,0.0],[-87.9577,43.03877,0.0],[-87.9577,43.03852,0.0],[-87.95771,43.03778,0.0],[-87.95771,43.03754,0.0],[-87.95771,43.03726,0.0],[-87.95771,43.03644,0.0],[-87.95772,43.03616,0.0],[-87.95772,43.03589,0.0],[-87.95772,43.03506,0.0],[-87.95773,43.03479,0.0],[-87.95773,43.03457,0.0],[-87.95773,43.03391,0.0],[-87.95773,43.03369,0.0],[-87.95773,43.03349,0.0],[-87.95774,43.03288,0.0],[-87.95774,43.03268,0.0],[-87.95774,43.03263,0.0],[-87.95774,43.03258,0.0],[-87.95774,43.03227,0.0],[-87.95774,43.0321,0.0],[-87.95775,43.03197,0.0],[-87.95775,43.03186,0.0],[-87.95775,43.03157,0.0],[-87.95775,43.03149,0.0],[-87.95775,43.0314,0.0],[-87.95774,43.03115,0.0],[-87.95774,43.03106,0.0],[-87.95774,43.03105,0.0],[-87.95774,43.03104,0.0],[-87.95774,43.03101,0.0],[-87.95779,43.03102,0.0],[-87.95791,43.03105,0.0],[-87.95795,43.03106,0.0],[-87.95812,43.03106,0.0],[-87.95862,43.03106,0.0],[-87.95879,43.03107,0.0],[-87.96026,43.03107,0.0],[-87.96244,43.03107,0.0],[-87.96298,43.03108,0.0],[-87.96338,43.03109,0.0],[-87.96364,43.03111,0.0],[-87.96387,43.03114,0.0],[-87.96404,43.03116,0.0],[-87.96418,43.03119,0.0],[-87.96443,43.03124,0.0],[-87.96465,43.0313,0.0],[-87.9647,43.03132,0.0],[-87.96499,43.03141,0.0],[-87.9652,43.0315,0.0],[-87.96545,43.03161,0.0],[-87.96562,43.0317,0.0],[-87.96579,43.0318,0.0],[-87.96598,43.03191,0.0],[-87.96626,43.03212,0.0],[-87.96641,43.03224,0.0],[-87.96689,43.03273,0.0],[-87.96701,43.03284,0.0],[-87.96721,43.03306,0.0],[-87.96724,43.0331,0.0],[-87.96729,43.03317,0.0],[-87.96733,43.03322,0.0],[-87.96745,43.03341,0.0],[-87.96749,43.03348,0.0],[-87.96751,43.03354,0.0],[-87.96752,43.03357,0.0],[-87.96761,43.03375,0.0],[-87.96763,43.03381,0.0],[-87.96764,43.03383,0.0],[-87.96767,43.0339,0.0]]]]}},{"type":"Feature","properties":{"uesi_id":"USA_R251075","nbhd_code":"USA_R251075_122","nbhd_name":"Census Tract 134, Milwaukee, WI"},"geometry":{"type":"MultiPolygon","coordinates":[[[[-87.95775,43.03157,0.0],[-87.95775,43.03186,0.0],[-87.95775,43.03197,0.0],[-87.95774,43.0321,0.0],[-87.95774,43.03227,0.0],[-87.95774,43.03258,0.0],[-87.95774,43.03263,0.0],[-87.95774,43.03268,0.0],[-87.95774,43.03288,0.0],[-87.95773,43.03349,0.0],[-87.95773,43.03369,0.0],[-87.95773,43.03391,0.0],[-87.95773,43.03457,0.0],[-87.95773,43.03479,0.0],[-87.95772,43.03506,0.0],[-87.95772,43.03589,0.0],[-87.95772,43.03616,0.0],[-87.95771,43.03644,0.0],[-87.95771,43.03726,0.0],[-87.95771,43.03754,0.0],[-87.95771,43.03778,0.0],[-87.9577,43.03852,0.0],[-87.9577,43.03877,0.0],[-87.95739,43.03876,0.0],[-87.95647,43.03876,0.0],[-87.95616,43.03876,0.0],[-87.95581,43.03875,0.0],[-87.95477,43.03875,0.0],[-87.95442,43.03874,0.0],[-87.95433,43.03874,0.0],[-87.95407,43.03874,0.0],[-87.95398,43.03874,0.0],[-87.95382,43.03874,0.0],[-87.95335,43.03874,0.0],[-87.95319,43.03874,0.0],[-87.9531,43.03874,0.0],[-87.95283,43.03873,0.0],[-87.95274,43.03873,0.0],[-87.95249,43.03873,0.0],[-87.95175,43.03873,0.0],[-87.9515,43.03872,0.0],[-87.95135,43.03872,0.0],[-87.95089,43.03872,0.0],[-87.95073,43.03872,0.0],[-87.95066,43.03872,0.0],[-87.95044,43.03872,0.0],[-87.95037,43.03872,0.0],[-87.95037,43.03848,0.0],[-87.95039,43.03775,0.0],[-87.95039,43.03751,0.0],[-87.95039,43.03724,0.0],[-87.9504,43.03641,0.0],[-87.95041,43.03614,0.0],[-87.95041,43.03586,0.0],[-87.95042,43.03504,0.0],[-87.95042,43.03477,0.0],[-87.95027,43.03477,0.0],[-87.95024,43.03477,0.0],[-87.94983,43.03477,0.0],[-87.94969,43.03477,0.0],[-87.9496,43.03477,0.0],[-87.94935,43.03477,0.0],[-87.94926,43.03477,0.0],[-87.94896,43.03477,0.0],[-87.94804,43.03478,0.0],[-87.94774,43.03478,0.0],[-87.94774,43.03463,0.0],[-87.94775,43.03426,0.0],[-87.94775,43.03417,0.0],[-87.94775,43.03402,0.0],[-87.94775,43.03379,0.0],[-87.94775,43.03309,0.0],[-87.94775,43.03286,0.0],[-87.9483,43.03267,0.0],[-87.94881,43.03248,0.0],[-87.94992,43.03208,0.0],[-87.94995,43.03207,0.0],[-87.95047,43.03189,0.0],[-87.95134,43.03162,0.0],[-87.95145,43.03161,0.0],[-87.95164,43.03161,0.0],[-87.95272,43.03149,0.0],[-87.95373,43.03147,0.0],[-87.95407,43.03147,0.0],[-87.9548,43.03147,0.0],[-87.9553,43.03148,0.0],[-87.95701,43.03148,0.0],[-87.95775,43.03149,0.0],[-87.95775,43.03157,0.0]]]]}},{"type":"Feature","properties":{"uesi_id":"USA_R251075","nbhd_code":"USA_R251075_123","nbhd_name":"Census Tract 135, Milwaukee, WI"},"geometry":{"type":"MultiPolygon","coordinates":[[[[-87.9577,43.03907,0.0],[-87.95769,43.03999,0.0],[-87.95769,43.0403,0.0],[-87.95769,43.04057,0.0],[-87.95768,43.04139,0.0],[-87.95768,43.04167,0.0],[-87.95743,43.04167,0.0],[-87.95668,43.04167,0.0],[-87.95643,43.04167,0.0],[-87.95618,43.04167,0.0],[-87.95545,43.04167,0.0],[-87.9552,43.04167,0.0],[-87.9552,43.04139,0.0],[-87.95521,43.04079,0.0],[-87.95437,43.0408,0.0],[-87.95436,43.04099,0.0],[-87.95436,43.04117,0.0],[-87.95337,43.04118,0.0],[-87.95336,43.04166,0.0],[-87.9532,43.04166,0.0],[-87.95303,43.04166,0.0],[-87.95292,43.04166,0.0],[-87.95248,43.04166,0.0],[-87.95115,43.04166,0.0],[-87.9507,43.04165,0.0],[-87.95036,43.04165,0.0],[-87.94933,43.04165,0.0],[-87.94899,43.04165,0.0],[-87.94873,43.04165,0.0],[-87.94796,43.04165,0.0],[-87.9477,43.04165,0.0],[-87.9477,43.04137,0.0],[-87.94771,43.04055,0.0],[-87.94771,43.04027,0.0],[-87.94771,43.04012,0.0],[-87.94771,43.03968,0.0],[-87.94771,43.03954,0.0],[-87.94771,43.03937,0.0],[-87.94772,43.03887,0.0],[-87.94772,43.0387,0.0],[-87.94798,43.0387,0.0],[-87.94876,43.03871,0.0],[-87.94902,43.03871,0.0],[-87.94905,43.03871,0.0],[-87.94917,43.03871,0.0],[-87.94921,43.03871,0.0],[-87.94934,43.03871,0.0],[-87.94975,43.03871,0.0],[-87.94988,43.03871,0.0],[-87.94998,43.03871,0.0],[-87.95027,43.03872,0.0],[-87.95037,43.03872,0.0],[-87.95044,43.03872,0.0],[-87.95066,43.03872,0.0],[-87.95073,43.03872,0.0],[-87.95089,43.03872,0.0],[-87.95135,43.03872,0.0],[-87.9515,43.03872,0.0],[-87.95175,43.03873,0.0],[-87.95249,43.03873,0.0],[-87.95274,43.03873,0.0],[-87.95283,43.03873,0.0],[-87.9531,43.03874,0.0],[-87.95319,43.03874,0.0],[-87.95335,43.03874,0.0],[-87.95382,43.03874,0.0],[-87.95398,43.03874,0.0],[-87.95407,43.03874,0.0],[-87.95433,43.03874,0.0],[-87.95442,43.03874,0.0],[-87.95477,43.03875,0.0],[-87.95581,43.03875,0.0],[-87.95616,43.03876,0.0],[-87.95647,43.03876,0.0],[-87.95739,43.03876,0.0],[-87.9577,43.03877,0.0],[-87.9577,43.03907,0.0]]]]}},{"type":"Feature","properties":{"uesi_id":"USA_R251075","nbhd_code":"USA_R251075_124","nbhd_name":"Census Tract 136, Milwaukee, WI"},"geometry":{"type":"MultiPolygon","coordinates":[[[[-87.95768,43.042,0.0],[-87.95768,43.043,0.0],[-87.95768,43.04334,0.0],[-87.95768,43.04344,0.0],[-87.95767,43.04373,0.0],[-87.95767,43.04383,0.0],[-87.95767,43.04398,0.0],[-87.95767,43.0444,0.0],[-87.95767,43.04454,0.0],[-87.95767,43.04481,0.0],[-87.95767,43.04562,0.0],[-87.95766,43.04589,0.0],[-87.95743,43.04589,0.0],[-87.95671,43.04588,0.0],[-87.95648,43.04588,0.0],[-87.95623,43.04588,0.0],[-87.95548,43.04588,0.0],[-87.95523,43.04588,0.0],[-87.95491,43.04588,0.0],[-87.95395,43.04588,0.0],[-87.95364,43.04588,0.0],[-87.9534,43.04588,0.0],[-87.9527,43.04588,0.0],[-87.95247,43.04588,0.0],[-87.95223,43.04588,0.0],[-87.95153,43.04588,0.0],[-87.95129,43.04588,0.0],[-87.95116,43.04588,0.0],[-87.95075,43.04588,0.0],[-87.95061,43.04588,0.0],[-87.9505,43.04588,0.0],[-87.95016,43.04588,0.0],[-87.95004,43.04588,0.0],[-87.94981,43.04588,0.0],[-87.9491,43.04588,0.0],[-87.94887,43.04588,0.0],[-87.94865,43.04588,0.0],[-87.94799,43.04587,0.0],[-87.94777,43.04587,0.0],[-87.94777,43.0456,0.0],[-87.94778,43.0448,0.0],[-87.94778,43.04453,0.0],[-87.94776,43.04427,0.0],[-87.94771,43.0435,0.0],[-87.94769,43.04325,0.0],[-87.94769,43.04312,0.0],[-87.9477,43.04274,0.0],[-87.9477,43.04262,0.0],[-87.9477,43.04242,0.0],[-87.9477,43.04184,0.0],[-87.9477,43.04165,0.0],[-87.94796,43.04165,0.0],[-87.94873,43.04165,0.0],[-87.94899,43.04165,0.0],[-87.94933,43.04165,0.0],[-87.95036,43.04165,0.0],[-87.9507,43.04165,0.0],[-87.95115,43.04166,0.0],[-87.95248,43.04166,0.0],[-87.95292,43.04166,0.0],[-87.95303,43.04166,0.0],[-87.9532,43.04166,0.0],[-87.95336,43.04166,0.0],[-87.95337,43.04118,0.0],[-87.95436,43.04117,0.0],[-87.95436,43.04099,0.0],[-87.95437,43.0408,0.0],[-87.95521,43.04079,0.0],[-87.9552,43.04139,0.0],[-87.9552,43.04167,0.0],[-87.95545,43.04167,0.0],[-87.95618,43.04167,0.0],[-87.95643,43.04167,0.0],[-87.95668,43.04167,0.0],[-87.95743,43.04167,0.0],[-87.95768,43.04167,0.0],[-87.95768,43.042,0.0]]]]}},{"type":"Feature","properties":{"uesi_id":"USA_R251075","nbhd_code":"USA_R251075_125","nbhd_name":"Census Tract 137, Milwaukee, WI"},"geometry":{"type":"MultiPolygon","coordinates":[[[[-87.94778,43.0448,0.0],[-87.94777,43.0456,0.0],[-87.94777,43.04587,0.0],[-87.94748,43.04587,0.0],[-87.94659,43.04587,0.0],[-87.94629,43.04587,0.0],[-87.94608,43.04587,0.0],[-87.94546,43.04587,0.0],[-87.94525,43.04587,0.0],[-87.94518,43.04586,0.0],[-87.94494,43.04586,0.0],[-87.94486,43.04586,0.0],[-87.9447,43.04586,0.0],[-87.94424,43.04586,0.0],[-87.94408,43.04586,0.0],[-87.94403,43.04586,0.0],[-87.94387,43.04586,0.0],[-87.94382,43.04586,0.0],[-87.94363,43.04586,0.0],[-87.94305,43.04586,0.0],[-87.94285,43.04586,0.0],[-87.94279,43.04575,0.0],[-87.9428,43.04557,0.0],[-87.94284,43.04465,0.0],[-87.94286,43.04434,0.0],[-87.94286,43.04411,0.0],[-87.94286,43.04345,0.0],[-87.94286,43.04323,0.0],[-87.94287,43.04291,0.0],[-87.94287,43.04277,0.0],[-87.94287,43.04251,0.0],[-87.94287,43.04194,0.0],[-87.94288,43.04162,0.0],[-87.94288,43.04134,0.0],[-87.94288,43.04052,0.0],[-87.94289,43.04024,0.0],[-87.94289,43.03993,0.0],[-87.94289,43.039,0.0],[-87.94289,43.03869,0.0],[-87.9433,43.03869,0.0],[-87.94454,43.03869,0.0],[-87.94495,43.03869,0.0],[-87.94522,43.03869,0.0],[-87.94602,43.0387,0.0],[-87.94629,43.0387,0.0],[-87.94658,43.0387,0.0],[-87.94743,43.0387,0.0],[-87.94772,43.0387,0.0],[-87.94772,43.03887,0.0],[-87.94771,43.03937,0.0],[-87.94771,43.03954,0.0],[-87.94771,43.03968,0.0],[-87.94771,43.04012,0.0],[-87.94771,43.04027,0.0],[-87.94771,43.04055,0.0],[-87.9477,43.04137,0.0],[-87.9477,43.04165,0.0],[-87.9477,43.04184,0.0],[-87.9477,43.04242,0.0],[-87.9477,43.04262,0.0],[-87.9477,43.04274,0.0],[-87.94769,43.04312,0.0],[-87.94769,43.04325,0.0],[-87.94771,43.0435,0.0],[-87.94776,43.04427,0.0],[-87.94778,43.04453,0.0],[-87.94778,43.0448,0.0]]]]}},{"type":"Feature","properties":{"uesi_id":"USA_R251075","nbhd_code":"USA_R251075_126","nbhd_name":"Census Tract 141, Milwaukee, WI"},"geometry":{"type":"MultiPolygon","coordinates":[[[[-87.92718,43.04602,0.0],[-87.92716,43.04686,0.0],[-87.92716,43.04715,0.0],[-87.92715,43.04742,0.0],[-87.92714,43.04825,0.0],[-87.92714,43.04852,0.0],[-87.92713,43.0488,0.0],[-87.92711,43.04963,0.0],[-87.92711,43.0499,0.0],[-87.92711,43.05018,0.0],[-87.9271,43.05089,0.0],[-87.9271,43.05102,0.0],[-87.9271,43.0513,0.0],[-87.92709,43.05156,0.0],[-87.92709,43.05235,0.0],[-87.92709,43.05261,0.0],[-87.92691,43.05261,0.0],[-87.92638,43.05261,0.0],[-87.92621,43.05261,0.0],[-87.92613,43.05261,0.0],[-87.9259,43.05261,0.0],[-87.92579,43.05261,0.0],[-87.92557,43.0526,0.0],[-87.92521,43.0526,0.0],[-87.9251,43.0526,0.0],[-87.92489,43.05259,0.0],[-87.92444,43.05259,0.0],[-87.92429,43.05259,0.0],[-87.9243,43.05223,0.0],[-87.92431,43.05115,0.0],[-87.92432,43.05078,0.0],[-87.92404,43.05078,0.0],[-87.92321,43.05078,0.0],[-87.92293,43.05078,0.0],[-87.92293,43.05087,0.0],[-87.92292,43.05115,0.0],[-87.92292,43.05124,0.0],[-87.92264,43.05124,0.0],[-87.92181,43.05124,0.0],[-87.92153,43.05124,0.0],[-87.92148,43.05124,0.0],[-87.92135,43.05124,0.0],[-87.92131,43.05124,0.0],[-87.92107,43.05124,0.0],[-87.92037,43.05124,0.0],[-87.92014,43.05124,0.0],[-87.91983,43.05124,0.0],[-87.91893,43.05124,0.0],[-87.91863,43.05124,0.0],[-87.91835,43.05123,0.0],[-87.91754,43.05122,0.0],[-87.91727,43.05121,0.0],[-87.91697,43.05121,0.0],[-87.91609,43.05121,0.0],[-87.91579,43.0512,0.0],[-87.91549,43.0512,0.0],[-87.9146,43.05119,0.0],[-87.9143,43.05119,0.0],[-87.91431,43.05107,0.0],[-87.91431,43.0507,0.0],[-87.91432,43.05057,0.0],[-87.91432,43.05042,0.0],[-87.91433,43.04997,0.0],[-87.91433,43.04982,0.0],[-87.91434,43.04954,0.0],[-87.91435,43.04872,0.0],[-87.91436,43.04844,0.0],[-87.91436,43.04816,0.0],[-87.91438,43.04734,0.0],[-87.91439,43.04707,0.0],[-87.91439,43.04696,0.0],[-87.91439,43.04663,0.0],[-87.9144,43.04652,0.0],[-87.9144,43.04644,0.0],[-87.9144,43.04642,0.0],[-87.9144,43.04612,0.0],[-87.91441,43.04601,0.0],[-87.91441,43.04595,0.0],[-87.91441,43.04576,0.0],[-87.91441,43.0457,0.0],[-87.91471,43.0457,0.0],[-87.91559,43.0457,0.0],[-87.91589,43.0457,0.0],[-87.91618,43.0457,0.0],[-87.91707,43.0457,0.0],[-87.91736,43.0457,0.0],[-87.91767,43.0457,0.0],[-87.9186,43.0457,0.0],[-87.91891,43.0457,0.0],[-87.91916,43.04571,0.0],[-87.91991,43.04572,0.0],[-87.92016,43.04573,0.0],[-87.92045,43.04573,0.0],[-87.9213,43.04574,0.0],[-87.92159,43.04574,0.0],[-87.92187,43.04574,0.0],[-87.92271,43.04574,0.0],[-87.92299,43.04574,0.0],[-87.92326,43.04574,0.0],[-87.9241,43.04575,0.0],[-87.92438,43.04575,0.0],[-87.92464,43.04575,0.0],[-87.92545,43.04575,0.0],[-87.92572,43.04576,0.0],[-87.92588,43.04576,0.0],[-87.92599,43.04576,0.0],[-87.92617,43.04576,0.0],[-87.92634,43.04576,0.0],[-87.92636,43.04576,0.0],[-87.92652,43.04576,0.0],[-87.92664,43.04576,0.0],[-87.92679,43.04576,0.0],[-87.92693,43.04576,0.0],[-87.927,43.04576,0.0],[-87.92712,43.04576,0.0],[-87.92718,43.04585,0.0],[-87.92718,43.04602,0.0]]]]}},{"type":"Feature","properties":{"uesi_id":"USA_R251075","nbhd_code":"USA_R251075_127","nbhd_name":"Census Tract 143, Milwaukee, WI"},"geometry":{"type":"MultiPolygon","coordinates":[[[[-87.90352,43.04573,0.0],[-87.90327,43.04573,0.0],[-87.90251,43.04572,0.0],[-87.90226,43.04572,0.0],[-87.90201,43.04572,0.0],[-87.90126,43.04571,0.0],[-87.901,43.04571,0.0],[-87.90075,43.04571,0.0],[-87.89999,43.0457,0.0],[-87.89974,43.0457,0.0],[-87.89843,43.04569,0.0],[-87.89756,43.04568,0.0],[-87.89768,43.04556,0.0],[-87.89789,43.04536,0.0],[-87.89801,43.04518,0.0],[-87.89815,43.04494,0.0],[-87.89825,43.04446,0.0],[-87.89825,43.04412,0.0],[-87.89832,43.04397,0.0],[-87.89847,43.04369,0.0],[-87.89857,43.04355,0.0],[-87.89869,43.04343,0.0],[-87.89883,43.04334,0.0],[-87.89901,43.04321,0.0],[-87.89926,43.04314,0.0],[-87.89942,43.04309,0.0],[-87.89938,43.0428,0.0],[-87.8993,43.04215,0.0],[-87.89928,43.04194,0.0],[-87.89925,43.04165,0.0],[-87.89922,43.04139,0.0],[-87.8992,43.04118,0.0],[-87.89939,43.04065,0.0],[-87.89948,43.04041,0.0],[-87.89949,43.04021,0.0],[-87.89952,43.03961,0.0],[-87.89952,43.03949,0.0],[-87.89954,43.03942,0.0],[-87.89957,43.03936,0.0],[-87.89965,43.03929,0.0],[-87.89969,43.03925,0.0],[-87.89984,43.03919,0.0],[-87.90006,43.03913,0.0],[-87.90011,43.03913,0.0],[-87.90021,43.03912,0.0],[-87.90028,43.03912,0.0],[-87.90053,43.0391,0.0],[-87.90128,43.03906,0.0],[-87.90153,43.03904,0.0],[-87.90177,43.03903,0.0],[-87.90252,43.03898,0.0],[-87.90277,43.03896,0.0],[-87.90279,43.03921,0.0],[-87.90287,43.03995,0.0],[-87.9029,43.0402,0.0],[-87.90292,43.04044,0.0],[-87.903,43.04117,0.0],[-87.90302,43.04142,0.0],[-87.90305,43.04167,0.0],[-87.90313,43.04245,0.0],[-87.90316,43.04272,0.0],[-87.90316,43.04275,0.0],[-87.90317,43.04284,0.0],[-87.90318,43.04287,0.0],[-87.90319,43.04306,0.0],[-87.90326,43.04364,0.0],[-87.90328,43.04383,0.0],[-87.90332,43.04421,0.0],[-87.90347,43.04535,0.0],[-87.90352,43.04573,0.0]]]]}},{"type":"Feature","properties":{"uesi_id":"USA_R251075","nbhd_code":"USA_R251075_128","nbhd_name":"Census Tract 144, Milwaukee, WI"},"geometry":{"type":"MultiPolygon","coordinates":[[[[-87.91343,43.04516,0.0],[-87.91338,43.0457,0.0],[-87.91334,43.0457,0.0],[-87.91331,43.0457,0.0],[-87.9131,43.0457,0.0],[-87.91303,43.0457,0.0],[-87.913,43.0457,0.0],[-87.91291,43.0457,0.0],[-87.91254,43.0457,0.0],[-87.91242,43.04571,0.0],[-87.91215,43.04571,0.0],[-87.91134,43.04572,0.0],[-87.91107,43.04573,0.0],[-87.91083,43.04573,0.0],[-87.91012,43.04574,0.0],[-87.90988,43.04575,0.0],[-87.90962,43.04575,0.0],[-87.90884,43.04576,0.0],[-87.90859,43.04577,0.0],[-87.90833,43.04576,0.0],[-87.90804,43.04576,0.0],[-87.90755,43.04576,0.0],[-87.9073,43.04576,0.0],[-87.90679,43.04575,0.0],[-87.90613,43.04575,0.0],[-87.90528,43.04574,0.0],[-87.90478,43.04574,0.0],[-87.90453,43.04574,0.0],[-87.90377,43.04573,0.0],[-87.90352,43.04573,0.0],[-87.90347,43.04535,0.0],[-87.90332,43.04421,0.0],[-87.90328,43.04383,0.0],[-87.90326,43.04364,0.0],[-87.90319,43.04306,0.0],[-87.90318,43.04287,0.0],[-87.90317,43.04284,0.0],[-87.90316,43.04275,0.0],[-87.90316,43.04272,0.0],[-87.90313,43.04245,0.0],[-87.90305,43.04167,0.0],[-87.90302,43.04142,0.0],[-87.903,43.04117,0.0],[-87.90292,43.04044,0.0],[-87.9029,43.0402,0.0],[-87.90287,43.03995,0.0],[-87.90279,43.03921,0.0],[-87.90277,43.03896,0.0],[-87.90301,43.03895,0.0],[-87.90376,43.0389,0.0],[-87.90401,43.03889,0.0],[-87.90426,43.03887,0.0],[-87.90502,43.03882,0.0],[-87.90527,43.03881,0.0],[-87.90552,43.03879,0.0],[-87.90627,43.03875,0.0],[-87.90653,43.03873,0.0],[-87.90679,43.03871,0.0],[-87.90757,43.03867,0.0],[-87.90783,43.03865,0.0],[-87.90808,43.03863,0.0],[-87.90886,43.03859,0.0],[-87.90912,43.03857,0.0],[-87.90925,43.03857,0.0],[-87.90964,43.03854,0.0],[-87.90977,43.03856,0.0],[-87.90985,43.03858,0.0],[-87.91009,43.03862,0.0],[-87.91013,43.03863,0.0],[-87.91017,43.03863,0.0],[-87.91024,43.03894,0.0],[-87.91031,43.03907,0.0],[-87.91046,43.03936,0.0],[-87.91122,43.04011,0.0],[-87.91128,43.04017,0.0],[-87.91152,43.04047,0.0],[-87.91172,43.04072,0.0],[-87.91232,43.04146,0.0],[-87.91252,43.04171,0.0],[-87.91261,43.04181,0.0],[-87.91267,43.04195,0.0],[-87.91302,43.04274,0.0],[-87.91314,43.04301,0.0],[-87.91328,43.04332,0.0],[-87.91331,43.04352,0.0],[-87.91348,43.04461,0.0],[-87.91343,43.04516,0.0]]]]}},{"type":"Feature","properties":{"uesi_id":"USA_R251075","nbhd_code":"USA_R251075_129","nbhd_name":"Census Tract 146, Milwaukee, WI"},"geometry":{"type":"MultiPolygon","coordinates":[[[[-87.93402,43.0459,0.0],[-87.93368,43.04587,0.0],[-87.93266,43.0458,0.0],[-87.93232,43.04577,0.0],[-87.93216,43.04577,0.0],[-87.93168,43.04577,0.0],[-87.93153,43.04577,0.0],[-87.93124,43.04577,0.0],[-87.93037,43.04577,0.0],[-87.93008,43.04577,0.0],[-87.9298,43.04577,0.0],[-87.92897,43.04577,0.0],[-87.92869,43.04577,0.0],[-87.92853,43.04577,0.0],[-87.92807,43.04577,0.0],[-87.92791,43.04577,0.0],[-87.92775,43.04577,0.0],[-87.92728,43.04576,0.0],[-87.92712,43.04576,0.0],[-87.92712,43.04549,0.0],[-87.92714,43.04466,0.0],[-87.92714,43.04439,0.0],[-87.92714,43.04415,0.0],[-87.92715,43.04343,0.0],[-87.92715,43.0432,0.0],[-87.92716,43.04287,0.0],[-87.92717,43.04191,0.0],[-87.92717,43.04159,0.0],[-87.92718,43.04132,0.0],[-87.92719,43.0405,0.0],[-87.92719,43.04023,0.0],[-87.92719,43.03992,0.0],[-87.92721,43.03897,0.0],[-87.92721,43.03865,0.0],[-87.92741,43.03865,0.0],[-87.92788,43.03865,0.0],[-87.92801,43.03865,0.0],[-87.92822,43.03865,0.0],[-87.92832,43.03865,0.0],[-87.92864,43.03866,0.0],[-87.92875,43.03866,0.0],[-87.92903,43.03866,0.0],[-87.92987,43.03866,0.0],[-87.93015,43.03866,0.0],[-87.93047,43.03866,0.0],[-87.93145,43.03866,0.0],[-87.93151,43.03866,0.0],[-87.93178,43.03866,0.0],[-87.93202,43.03866,0.0],[-87.93272,43.03867,0.0],[-87.93296,43.03867,0.0],[-87.93296,43.03898,0.0],[-87.93294,43.03993,0.0],[-87.93294,43.04024,0.0],[-87.93294,43.04051,0.0],[-87.93293,43.04091,0.0],[-87.93293,43.04133,0.0],[-87.93292,43.04161,0.0],[-87.933,43.04189,0.0],[-87.93305,43.04198,0.0],[-87.93311,43.04206,0.0],[-87.93318,43.04216,0.0],[-87.93367,43.04268,0.0],[-87.93381,43.04287,0.0],[-87.93382,43.04288,0.0],[-87.93394,43.04305,0.0],[-87.93401,43.04322,0.0],[-87.93401,43.04344,0.0],[-87.934,43.04411,0.0],[-87.93399,43.04434,0.0],[-87.934,43.04465,0.0],[-87.93401,43.04558,0.0],[-87.93402,43.0459,0.0]]]]}},{"type":"Feature","properties":{"uesi_id":"USA_R251075","nbhd_code":"USA_R251075_130","nbhd_name":"Census Tract 147, Milwaukee, WI"},"geometry":{"type":"MultiPolygon","coordinates":[[[[-87.93795,43.04051,0.0],[-87.93788,43.04133,0.0],[-87.93786,43.04161,0.0],[-87.93786,43.04193,0.0],[-87.93784,43.0429,0.0],[-87.93784,43.04323,0.0],[-87.93784,43.04345,0.0],[-87.93783,43.04412,0.0],[-87.93783,43.04434,0.0],[-87.93783,43.04464,0.0],[-87.93781,43.04554,0.0],[-87.93781,43.04584,0.0],[-87.93756,43.04584,0.0],[-87.93682,43.04583,0.0],[-87.93658,43.04583,0.0],[-87.93633,43.04583,0.0],[-87.93569,43.04583,0.0],[-87.93558,43.04584,0.0],[-87.93534,43.04584,0.0],[-87.93507,43.04585,0.0],[-87.93428,43.04588,0.0],[-87.93402,43.0459,0.0],[-87.93401,43.04558,0.0],[-87.934,43.04465,0.0],[-87.93399,43.04434,0.0],[-87.934,43.04411,0.0],[-87.93401,43.04344,0.0],[-87.93401,43.04322,0.0],[-87.93394,43.04305,0.0],[-87.93382,43.04288,0.0],[-87.93381,43.04287,0.0],[-87.93367,43.04268,0.0],[-87.93318,43.04216,0.0],[-87.93311,43.04206,0.0],[-87.93305,43.04198,0.0],[-87.933,43.04189,0.0],[-87.93292,43.04161,0.0],[-87.93293,43.04133,0.0],[-87.93293,43.04091,0.0],[-87.93294,43.04051,0.0],[-87.93294,43.04024,0.0],[-87.93294,43.03993,0.0],[-87.93296,43.03898,0.0],[-87.93296,43.03867,0.0],[-87.93321,43.03867,0.0],[-87.93395,43.03867,0.0],[-87.93419,43.03867,0.0],[-87.93444,43.03867,0.0],[-87.93518,43.03867,0.0],[-87.93542,43.03867,0.0],[-87.93567,43.03867,0.0],[-87.93641,43.03868,0.0],[-87.93666,43.03868,0.0],[-87.93665,43.03899,0.0],[-87.93665,43.03959,0.0],[-87.93664,43.03993,0.0],[-87.93664,43.04025,0.0],[-87.93691,43.04025,0.0],[-87.9377,43.04024,0.0],[-87.93788,43.04024,0.0],[-87.93797,43.04024,0.0],[-87.93795,43.04051,0.0]]]]}},{"type":"Feature","properties":{"uesi_id":"USA_R251075","nbhd_code":"USA_R251075_131","nbhd_name":"Census Tract 148, Milwaukee, WI"},"geometry":{"type":"MultiPolygon","coordinates":[[[[-87.94289,43.039,0.0],[-87.94289,43.03993,0.0],[-87.94289,43.04024,0.0],[-87.94288,43.04052,0.0],[-87.94288,43.04134,0.0],[-87.94288,43.04162,0.0],[-87.94287,43.04194,0.0],[-87.94287,43.04251,0.0],[-87.94287,43.04277,0.0],[-87.94287,43.04291,0.0],[-87.94286,43.04323,0.0],[-87.94286,43.04345,0.0],[-87.94286,43.04411,0.0],[-87.94286,43.04434,0.0],[-87.94284,43.04465,0.0],[-87.9428,43.04557,0.0],[-87.94279,43.04575,0.0],[-87.94285,43.04586,0.0],[-87.94259,43.04586,0.0],[-87.9418,43.04586,0.0],[-87.94153,43.04586,0.0],[-87.94128,43.04585,0.0],[-87.94054,43.04585,0.0],[-87.94029,43.04585,0.0],[-87.94004,43.04585,0.0],[-87.9393,43.04585,0.0],[-87.93905,43.04584,0.0],[-87.9388,43.04584,0.0],[-87.93806,43.04584,0.0],[-87.93781,43.04584,0.0],[-87.93781,43.04554,0.0],[-87.93783,43.04464,0.0],[-87.93783,43.04434,0.0],[-87.93783,43.04412,0.0],[-87.93784,43.04345,0.0],[-87.93784,43.04323,0.0],[-87.93784,43.0429,0.0],[-87.93786,43.04193,0.0],[-87.93786,43.04161,0.0],[-87.93788,43.04133,0.0],[-87.93795,43.04051,0.0],[-87.93797,43.04024,0.0],[-87.93788,43.04024,0.0],[-87.9377,43.04024,0.0],[-87.93691,43.04025,0.0],[-87.93664,43.04025,0.0],[-87.93664,43.03993,0.0],[-87.93665,43.03959,0.0],[-87.93665,43.03899,0.0],[-87.93666,43.03868,0.0],[-87.93666,43.03865,0.0],[-87.9369,43.03866,0.0],[-87.93765,43.03867,0.0],[-87.9379,43.03868,0.0],[-87.93819,43.03868,0.0],[-87.93909,43.03868,0.0],[-87.93939,43.03868,0.0],[-87.93961,43.03868,0.0],[-87.94029,43.03869,0.0],[-87.94051,43.03869,0.0],[-87.94073,43.03869,0.0],[-87.94137,43.03869,0.0],[-87.94159,43.03869,0.0],[-87.94185,43.03869,0.0],[-87.94263,43.03869,0.0],[-87.94289,43.03869,0.0],[-87.94289,43.039,0.0]]]]}},{"type":"Feature","properties":{"uesi_id":"USA_R251075","nbhd_code":"USA_R251075_132","nbhd_name":"Census Tract 149, Milwaukee, WI"},"geometry":{"type":"MultiPolygon","coordinates":[[[[-87.95042,43.03504,0.0],[-87.95041,43.03586,0.0],[-87.95041,43.03614,0.0],[-87.9504,43.03641,0.0],[-87.95039,43.03724,0.0],[-87.95039,43.03751,0.0],[-87.95039,43.03775,0.0],[-87.95037,43.03848,0.0],[-87.95037,43.03872,0.0],[-87.95027,43.03872,0.0],[-87.94998,43.03871,0.0],[-87.94988,43.03871,0.0],[-87.94975,43.03871,0.0],[-87.94934,43.03871,0.0],[-87.94921,43.03871,0.0],[-87.94917,43.03871,0.0],[-87.94905,43.03871,0.0],[-87.94902,43.03871,0.0],[-87.94876,43.03871,0.0],[-87.94798,43.0387,0.0],[-87.94772,43.0387,0.0],[-87.94743,43.0387,0.0],[-87.94658,43.0387,0.0],[-87.94629,43.0387,0.0],[-87.94602,43.0387,0.0],[-87.94522,43.03869,0.0],[-87.94495,43.03869,0.0],[-87.94454,43.03869,0.0],[-87.9433,43.03869,0.0],[-87.94289,43.03869,0.0],[-87.94263,43.03869,0.0],[-87.94185,43.03869,0.0],[-87.94159,43.03869,0.0],[-87.94137,43.03869,0.0],[-87.94073,43.03869,0.0],[-87.94051,43.03869,0.0],[-87.94029,43.03869,0.0],[-87.93961,43.03868,0.0],[-87.93939,43.03868,0.0],[-87.93909,43.03868,0.0],[-87.93819,43.03868,0.0],[-87.9379,43.03868,0.0],[-87.9379,43.03844,0.0],[-87.9379,43.03772,0.0],[-87.9379,43.03748,0.0],[-87.93791,43.03721,0.0],[-87.93791,43.03639,0.0],[-87.93791,43.03612,0.0],[-87.93805,43.03612,0.0],[-87.93845,43.03612,0.0],[-87.93859,43.03612,0.0],[-87.93899,43.03612,0.0],[-87.94022,43.03612,0.0],[-87.94063,43.03613,0.0],[-87.9415,43.03613,0.0],[-87.94412,43.03613,0.0],[-87.945,43.03613,0.0],[-87.94499,43.03597,0.0],[-87.94499,43.03576,0.0],[-87.94499,43.03555,0.0],[-87.94499,43.0355,0.0],[-87.94499,43.03534,0.0],[-87.94499,43.03521,0.0],[-87.94499,43.03514,0.0],[-87.94499,43.03498,0.0],[-87.94491,43.03487,0.0],[-87.94483,43.03478,0.0],[-87.94514,43.03478,0.0],[-87.94607,43.03478,0.0],[-87.94617,43.03478,0.0],[-87.94638,43.03478,0.0],[-87.94649,43.03478,0.0],[-87.94671,43.03478,0.0],[-87.94683,43.03478,0.0],[-87.94694,43.03478,0.0],[-87.947,43.03478,0.0],[-87.94716,43.03478,0.0],[-87.94721,43.03478,0.0],[-87.94732,43.03478,0.0],[-87.94764,43.03478,0.0],[-87.94774,43.03478,0.0],[-87.94804,43.03478,0.0],[-87.94896,43.03477,0.0],[-87.94926,43.03477,0.0],[-87.94935,43.03477,0.0],[-87.9496,43.03477,0.0],[-87.94969,43.03477,0.0],[-87.94983,43.03477,0.0],[-87.95024,43.03477,0.0],[-87.95027,43.03477,0.0],[-87.95042,43.03477,0.0],[-87.95042,43.03504,0.0]]]]}},{"type":"Feature","properties":{"uesi_id":"USA_R251075","nbhd_code":"USA_R251075_133","nbhd_name":"Census Tract 157, Milwaukee, WI"},"geometry":{"type":"MultiPolygon","coordinates":[[[[-87.93304,43.02423,0.0],[-87.9281,43.02424,0.0],[-87.92673,43.02424,0.0],[-87.92533,43.02423,0.0],[-87.92505,43.02423,0.0],[-87.92421,43.02423,0.0],[-87.92394,43.02423,0.0],[-87.92253,43.02422,0.0],[-87.92254,43.02322,0.0],[-87.92254,43.02302,0.0],[-87.92254,43.0224,0.0],[-87.92254,43.02222,0.0],[-87.92254,43.02219,0.0],[-87.92254,43.02214,0.0],[-87.92254,43.02199,0.0],[-87.92254,43.02148,0.0],[-87.92254,43.02139,0.0],[-87.92254,43.02119,0.0],[-87.92254,43.02112,0.0],[-87.92254,43.02093,0.0],[-87.92253,43.02033,0.0],[-87.92253,43.02014,0.0],[-87.92253,43.01993,0.0],[-87.92253,43.01931,0.0],[-87.92253,43.01911,0.0],[-87.92281,43.01911,0.0],[-87.92366,43.01911,0.0],[-87.92394,43.01911,0.0],[-87.92422,43.0191,0.0],[-87.92507,43.0191,0.0],[-87.92535,43.0191,0.0],[-87.92563,43.0191,0.0],[-87.92647,43.0191,0.0],[-87.92675,43.0191,0.0],[-87.92726,43.01909,0.0],[-87.9281,43.01908,0.0],[-87.92877,43.01909,0.0],[-87.92928,43.01909,0.0],[-87.92953,43.01909,0.0],[-87.93029,43.01909,0.0],[-87.93054,43.01909,0.0],[-87.93078,43.01909,0.0],[-87.9315,43.01909,0.0],[-87.93174,43.01909,0.0],[-87.933,43.0191,0.0],[-87.933,43.02014,0.0],[-87.933,43.02034,0.0],[-87.933,43.02095,0.0],[-87.933,43.02116,0.0],[-87.933,43.02136,0.0],[-87.933,43.02197,0.0],[-87.933,43.02218,0.0],[-87.93299,43.02234,0.0],[-87.93299,43.02283,0.0],[-87.93299,43.02299,0.0],[-87.933,43.0237,0.0],[-87.933,43.024,0.0],[-87.93304,43.02423,0.0]]]]}},{"type":"Feature","properties":{"uesi_id":"USA_R251075","nbhd_code":"USA_R251075_134","nbhd_name":"Census Tract 158, Milwaukee, WI"},"geometry":{"type":"MultiPolygon","coordinates":[[[[-87.94225,43.0193,0.0],[-87.94225,43.0199,0.0],[-87.94225,43.02011,0.0],[-87.94225,43.02031,0.0],[-87.94224,43.02092,0.0],[-87.94224,43.02113,0.0],[-87.94224,43.02141,0.0],[-87.94224,43.02224,0.0],[-87.94224,43.02251,0.0],[-87.94224,43.02285,0.0],[-87.94224,43.02386,0.0],[-87.94224,43.0242,0.0],[-87.94196,43.0242,0.0],[-87.94113,43.02421,0.0],[-87.94086,43.02421,0.0],[-87.94058,43.02421,0.0],[-87.93975,43.02421,0.0],[-87.93947,43.02421,0.0],[-87.93919,43.02422,0.0],[-87.93836,43.02422,0.0],[-87.93808,43.02422,0.0],[-87.93788,43.02422,0.0],[-87.93746,43.02422,0.0],[-87.93725,43.02422,0.0],[-87.93705,43.02423,0.0],[-87.9341,43.02423,0.0],[-87.93304,43.02423,0.0],[-87.933,43.024,0.0],[-87.933,43.0237,0.0],[-87.93299,43.02299,0.0],[-87.93299,43.02283,0.0],[-87.93299,43.02234,0.0],[-87.933,43.02218,0.0],[-87.933,43.02197,0.0],[-87.933,43.02136,0.0],[-87.933,43.02116,0.0],[-87.933,43.02095,0.0],[-87.933,43.02034,0.0],[-87.933,43.02014,0.0],[-87.933,43.0191,0.0],[-87.93429,43.0191,0.0],[-87.93454,43.0191,0.0],[-87.93529,43.0191,0.0],[-87.93554,43.0191,0.0],[-87.9358,43.0191,0.0],[-87.93656,43.0191,0.0],[-87.93681,43.0191,0.0],[-87.93707,43.0191,0.0],[-87.93784,43.0191,0.0],[-87.9381,43.0191,0.0],[-87.93837,43.0191,0.0],[-87.9392,43.0191,0.0],[-87.93948,43.0191,0.0],[-87.94086,43.0191,0.0],[-87.94225,43.0191,0.0],[-87.94225,43.0193,0.0]]]]}},{"type":"Feature","properties":{"uesi_id":"USA_R251075","nbhd_code":"USA_R251075_135","nbhd_name":"Census Tract 159, Milwaukee, WI"},"geometry":{"type":"MultiPolygon","coordinates":[[[[-87.95264,43.02384,0.0],[-87.95149,43.02394,0.0],[-87.95125,43.02395,0.0],[-87.95052,43.02401,0.0],[-87.95028,43.02403,0.0],[-87.95004,43.02404,0.0],[-87.94934,43.0241,0.0],[-87.94911,43.02411,0.0],[-87.94884,43.02413,0.0],[-87.94844,43.02416,0.0],[-87.94817,43.02417,0.0],[-87.94806,43.02417,0.0],[-87.9478,43.02417,0.0],[-87.94752,43.02417,0.0],[-87.94668,43.02417,0.0],[-87.9464,43.02418,0.0],[-87.94612,43.02418,0.0],[-87.94529,43.02418,0.0],[-87.94501,43.02419,0.0],[-87.94473,43.02419,0.0],[-87.9439,43.02419,0.0],[-87.94363,43.02419,0.0],[-87.94335,43.02419,0.0],[-87.94252,43.0242,0.0],[-87.94224,43.0242,0.0],[-87.94224,43.02386,0.0],[-87.94224,43.02285,0.0],[-87.94224,43.02251,0.0],[-87.94224,43.02224,0.0],[-87.94224,43.02141,0.0],[-87.94224,43.02113,0.0],[-87.94224,43.02092,0.0],[-87.94225,43.02031,0.0],[-87.94225,43.02011,0.0],[-87.94225,43.0199,0.0],[-87.94225,43.0193,0.0],[-87.94225,43.0191,0.0],[-87.94253,43.01909,0.0],[-87.94336,43.01909,0.0],[-87.94364,43.01909,0.0],[-87.94391,43.01909,0.0],[-87.94474,43.01909,0.0],[-87.94502,43.01909,0.0],[-87.9453,43.01909,0.0],[-87.94613,43.01908,0.0],[-87.94641,43.01908,0.0],[-87.94669,43.01908,0.0],[-87.94708,43.01908,0.0],[-87.94752,43.01908,0.0],[-87.94772,43.01908,0.0],[-87.94786,43.01908,0.0],[-87.94806,43.01908,0.0],[-87.94884,43.01907,0.0],[-87.94911,43.01907,0.0],[-87.94934,43.01907,0.0],[-87.95004,43.01906,0.0],[-87.95028,43.01906,0.0],[-87.95052,43.01906,0.0],[-87.95125,43.01906,0.0],[-87.95149,43.01906,0.0],[-87.95171,43.01906,0.0],[-87.95236,43.01905,0.0],[-87.95258,43.01905,0.0],[-87.95258,43.01962,0.0],[-87.95258,43.02134,0.0],[-87.95258,43.02191,0.0],[-87.95259,43.02375,0.0],[-87.95264,43.02384,0.0]]]]}},{"type":"Feature","properties":{"uesi_id":"USA_R251075","nbhd_code":"USA_R251075_136","nbhd_name":"Census Tract 160, Milwaukee, WI"},"geometry":{"type":"MultiPolygon","coordinates":[[[[-87.96233,43.02175,0.0],[-87.96233,43.02232,0.0],[-87.96231,43.02301,0.0],[-87.96229,43.02343,0.0],[-87.96207,43.02344,0.0],[-87.96141,43.02348,0.0],[-87.96119,43.0235,0.0],[-87.96095,43.02351,0.0],[-87.96026,43.02355,0.0],[-87.96003,43.02357,0.0],[-87.9598,43.02358,0.0],[-87.95912,43.02362,0.0],[-87.95889,43.02364,0.0],[-87.95865,43.02365,0.0],[-87.95793,43.02368,0.0],[-87.95768,43.02369,0.0],[-87.95743,43.02369,0.0],[-87.95665,43.02371,0.0],[-87.95639,43.02371,0.0],[-87.95386,43.02372,0.0],[-87.9527,43.02385,0.0],[-87.95264,43.02384,0.0],[-87.95259,43.02375,0.0],[-87.95258,43.02191,0.0],[-87.95258,43.02134,0.0],[-87.95258,43.01962,0.0],[-87.95258,43.01905,0.0],[-87.95284,43.01905,0.0],[-87.95361,43.01905,0.0],[-87.95387,43.01905,0.0],[-87.95412,43.01905,0.0],[-87.95487,43.01904,0.0],[-87.95512,43.01904,0.0],[-87.95538,43.01904,0.0],[-87.95615,43.01904,0.0],[-87.9564,43.01904,0.0],[-87.95667,43.01903,0.0],[-87.95745,43.01902,0.0],[-87.95772,43.01902,0.0],[-87.95795,43.01902,0.0],[-87.95866,43.01901,0.0],[-87.95889,43.01901,0.0],[-87.95913,43.01901,0.0],[-87.95982,43.01901,0.0],[-87.96006,43.01901,0.0],[-87.9604,43.019,0.0],[-87.96144,43.019,0.0],[-87.96178,43.019,0.0],[-87.96178,43.01916,0.0],[-87.96176,43.01966,0.0],[-87.96175,43.01982,0.0],[-87.96175,43.01998,0.0],[-87.96173,43.02047,0.0],[-87.96172,43.02063,0.0],[-87.9617,43.02063,0.0],[-87.9617,43.02137,0.0],[-87.96233,43.02133,0.0],[-87.96233,43.02175,0.0]]]]}},{"type":"Feature","properties":{"uesi_id":"USA_R251075","nbhd_code":"USA_R251075_137","nbhd_name":"Census Tract 161, Milwaukee, WI"},"geometry":{"type":"MultiPolygon","coordinates":[[[[-87.96751,43.01434,0.0],[-87.96751,43.01441,0.0],[-87.96751,43.01472,0.0],[-87.96749,43.01563,0.0],[-87.96749,43.01594,0.0],[-87.96749,43.01612,0.0],[-87.9675,43.01667,0.0],[-87.9675,43.01685,0.0],[-87.96736,43.01685,0.0],[-87.96696,43.01685,0.0],[-87.96682,43.01685,0.0],[-87.9668,43.01685,0.0],[-87.96669,43.01685,0.0],[-87.96628,43.01686,0.0],[-87.96615,43.01686,0.0],[-87.96588,43.01686,0.0],[-87.96506,43.01686,0.0],[-87.96479,43.01686,0.0],[-87.96451,43.01687,0.0],[-87.96367,43.01687,0.0],[-87.96339,43.01687,0.0],[-87.96308,43.01687,0.0],[-87.96216,43.01688,0.0],[-87.96185,43.01688,0.0],[-87.96185,43.01704,0.0],[-87.96183,43.01754,0.0],[-87.96183,43.0177,0.0],[-87.96182,43.01779,0.0],[-87.96181,43.01808,0.0],[-87.96181,43.01818,0.0],[-87.9618,43.01834,0.0],[-87.96179,43.01884,0.0],[-87.96178,43.019,0.0],[-87.96144,43.019,0.0],[-87.9604,43.019,0.0],[-87.96006,43.01901,0.0],[-87.95982,43.01901,0.0],[-87.95913,43.01901,0.0],[-87.95889,43.01901,0.0],[-87.95866,43.01901,0.0],[-87.95795,43.01902,0.0],[-87.95772,43.01902,0.0],[-87.95745,43.01902,0.0],[-87.95667,43.01903,0.0],[-87.9564,43.01904,0.0],[-87.95615,43.01904,0.0],[-87.95538,43.01904,0.0],[-87.95512,43.01904,0.0],[-87.95487,43.01904,0.0],[-87.95412,43.01905,0.0],[-87.95387,43.01905,0.0],[-87.95361,43.01905,0.0],[-87.95284,43.01905,0.0],[-87.95258,43.01905,0.0],[-87.95258,43.0188,0.0],[-87.95258,43.01802,0.0],[-87.95258,43.01776,0.0],[-87.95258,43.0176,0.0],[-87.95258,43.0171,0.0],[-87.95258,43.01693,0.0],[-87.95265,43.01684,0.0],[-87.95265,43.01676,0.0],[-87.95266,43.01617,0.0],[-87.95267,43.01597,0.0],[-87.95268,43.0156,0.0],[-87.9527,43.01448,0.0],[-87.95271,43.01411,0.0],[-87.95296,43.01411,0.0],[-87.9537,43.01411,0.0],[-87.95395,43.01411,0.0],[-87.9542,43.01411,0.0],[-87.95496,43.0141,0.0],[-87.95521,43.0141,0.0],[-87.95547,43.0141,0.0],[-87.95624,43.0141,0.0],[-87.9565,43.0141,0.0],[-87.95672,43.01409,0.0],[-87.95738,43.01409,0.0],[-87.9576,43.01409,0.0],[-87.95784,43.01409,0.0],[-87.95858,43.01408,0.0],[-87.95883,43.01408,0.0],[-87.95912,43.01408,0.0],[-87.96,43.01407,0.0],[-87.96029,43.01407,0.0],[-87.96063,43.01407,0.0],[-87.96165,43.01406,0.0],[-87.962,43.01406,0.0],[-87.96202,43.01369,0.0],[-87.96204,43.01325,0.0],[-87.9618,43.01271,0.0],[-87.96176,43.01264,0.0],[-87.96155,43.01233,0.0],[-87.9618,43.01233,0.0],[-87.96257,43.01231,0.0],[-87.96272,43.01231,0.0],[-87.96269,43.01325,0.0],[-87.96611,43.01324,0.0],[-87.96618,43.01324,0.0],[-87.96636,43.01324,0.0],[-87.96645,43.01323,0.0],[-87.96651,43.01323,0.0],[-87.96655,43.01323,0.0],[-87.96664,43.01383,0.0],[-87.96665,43.01393,0.0],[-87.96671,43.01431,0.0],[-87.9674,43.01431,0.0],[-87.96751,43.01431,0.0],[-87.96751,43.01434,0.0]]]]}},{"type":"Feature","properties":{"uesi_id":"USA_R251075","nbhd_code":"USA_R251075_138","nbhd_name":"Census Tract 162, Milwaukee, WI"},"geometry":{"type":"MultiPolygon","coordinates":[[[[-87.9527,43.01448,0.0],[-87.95268,43.0156,0.0],[-87.95267,43.01597,0.0],[-87.95266,43.01617,0.0],[-87.95265,43.01676,0.0],[-87.95265,43.01684,0.0],[-87.95258,43.01693,0.0],[-87.95258,43.0171,0.0],[-87.95258,43.0176,0.0],[-87.95258,43.01776,0.0],[-87.95258,43.01802,0.0],[-87.95258,43.0188,0.0],[-87.95258,43.01905,0.0],[-87.95236,43.01905,0.0],[-87.95171,43.01906,0.0],[-87.95149,43.01906,0.0],[-87.95125,43.01906,0.0],[-87.95052,43.01906,0.0],[-87.95028,43.01906,0.0],[-87.95004,43.01906,0.0],[-87.94934,43.01907,0.0],[-87.94911,43.01907,0.0],[-87.94884,43.01907,0.0],[-87.94806,43.01908,0.0],[-87.94786,43.01908,0.0],[-87.94772,43.01908,0.0],[-87.94752,43.01908,0.0],[-87.94708,43.01908,0.0],[-87.94669,43.01908,0.0],[-87.94641,43.01908,0.0],[-87.94613,43.01908,0.0],[-87.9453,43.01909,0.0],[-87.94502,43.01909,0.0],[-87.94474,43.01909,0.0],[-87.94391,43.01909,0.0],[-87.94364,43.01909,0.0],[-87.94336,43.01909,0.0],[-87.94253,43.01909,0.0],[-87.94225,43.0191,0.0],[-87.94225,43.01868,0.0],[-87.94224,43.01744,0.0],[-87.94224,43.01702,0.0],[-87.94224,43.01682,0.0],[-87.94226,43.01621,0.0],[-87.94226,43.016,0.0],[-87.94226,43.01564,0.0],[-87.94227,43.01454,0.0],[-87.94228,43.01417,0.0],[-87.94256,43.01417,0.0],[-87.94339,43.01417,0.0],[-87.94367,43.01417,0.0],[-87.94395,43.01417,0.0],[-87.94478,43.01416,0.0],[-87.94505,43.01416,0.0],[-87.94533,43.01416,0.0],[-87.94616,43.01416,0.0],[-87.94643,43.01416,0.0],[-87.94672,43.01416,0.0],[-87.9471,43.01415,0.0],[-87.94757,43.01415,0.0],[-87.94777,43.01415,0.0],[-87.94789,43.01414,0.0],[-87.94811,43.01414,0.0],[-87.9489,43.01413,0.0],[-87.94916,43.01412,0.0],[-87.9494,43.01412,0.0],[-87.9501,43.01412,0.0],[-87.95033,43.01412,0.0],[-87.95057,43.01412,0.0],[-87.95131,43.01411,0.0],[-87.95155,43.01411,0.0],[-87.95178,43.01411,0.0],[-87.95248,43.01411,0.0],[-87.95271,43.01411,0.0],[-87.9527,43.01448,0.0]]]]}},{"type":"Feature","properties":{"uesi_id":"USA_R251075","nbhd_code":"USA_R251075_139","nbhd_name":"Census Tract 163, Milwaukee, WI"},"geometry":{"type":"MultiPolygon","coordinates":[[[[-87.9423,43.01255,0.0],[-87.94229,43.01285,0.0],[-87.94229,43.01295,0.0],[-87.94229,43.01319,0.0],[-87.94228,43.01393,0.0],[-87.94228,43.01417,0.0],[-87.94227,43.01454,0.0],[-87.94226,43.01564,0.0],[-87.94226,43.016,0.0],[-87.94226,43.01621,0.0],[-87.94224,43.01682,0.0],[-87.94224,43.01702,0.0],[-87.94224,43.01744,0.0],[-87.94225,43.01868,0.0],[-87.94225,43.0191,0.0],[-87.94086,43.0191,0.0],[-87.93948,43.0191,0.0],[-87.9392,43.0191,0.0],[-87.93837,43.0191,0.0],[-87.9381,43.0191,0.0],[-87.93784,43.0191,0.0],[-87.93707,43.0191,0.0],[-87.93681,43.0191,0.0],[-87.93656,43.0191,0.0],[-87.9358,43.0191,0.0],[-87.93554,43.0191,0.0],[-87.93529,43.0191,0.0],[-87.93454,43.0191,0.0],[-87.93429,43.0191,0.0],[-87.933,43.0191,0.0],[-87.93328,43.01701,0.0],[-87.93304,43.01684,0.0],[-87.933,43.0167,0.0],[-87.93296,43.01648,0.0],[-87.93295,43.01602,0.0],[-87.93295,43.01574,0.0],[-87.93296,43.01565,0.0],[-87.93296,43.01539,0.0],[-87.93297,43.0153,0.0],[-87.93297,43.01509,0.0],[-87.93299,43.01446,0.0],[-87.933,43.01425,0.0],[-87.93301,43.01401,0.0],[-87.93301,43.01389,0.0],[-87.93302,43.01353,0.0],[-87.93302,43.01341,0.0],[-87.93303,43.01319,0.0],[-87.93305,43.01255,0.0],[-87.93306,43.01233,0.0],[-87.93328,43.01233,0.0],[-87.93397,43.01234,0.0],[-87.9342,43.01234,0.0],[-87.93443,43.01234,0.0],[-87.93511,43.01235,0.0],[-87.93534,43.01235,0.0],[-87.93648,43.01236,0.0],[-87.93793,43.01236,0.0],[-87.93798,43.01236,0.0],[-87.93812,43.01238,0.0],[-87.93817,43.01239,0.0],[-87.93844,43.01239,0.0],[-87.93926,43.0124,0.0],[-87.93953,43.0124,0.0],[-87.93981,43.01241,0.0],[-87.94064,43.01242,0.0],[-87.94092,43.01242,0.0],[-87.94119,43.01243,0.0],[-87.94202,43.01244,0.0],[-87.9423,43.01244,0.0],[-87.9423,43.01255,0.0]]]]}},{"type":"Feature","properties":{"uesi_id":"USA_R251075","nbhd_code":"USA_R251075_140","nbhd_name":"Census Tract 164, Milwaukee, WI"},"geometry":{"type":"MultiPolygon","coordinates":[[[[-87.93328,43.01701,0.0],[-87.933,43.0191,0.0],[-87.93174,43.01909,0.0],[-87.9315,43.01909,0.0],[-87.93078,43.01909,0.0],[-87.93054,43.01909,0.0],[-87.93029,43.01909,0.0],[-87.92953,43.01909,0.0],[-87.92928,43.01909,0.0],[-87.92877,43.01909,0.0],[-87.9281,43.01908,0.0],[-87.92726,43.01909,0.0],[-87.92675,43.0191,0.0],[-87.92647,43.0191,0.0],[-87.92563,43.0191,0.0],[-87.92535,43.0191,0.0],[-87.92507,43.0191,0.0],[-87.92422,43.0191,0.0],[-87.92394,43.01911,0.0],[-87.92366,43.01911,0.0],[-87.92281,43.01911,0.0],[-87.92253,43.01911,0.0],[-87.92253,43.0189,0.0],[-87.92253,43.01828,0.0],[-87.92253,43.01807,0.0],[-87.92253,43.01787,0.0],[-87.92252,43.01725,0.0],[-87.92252,43.01704,0.0],[-87.92253,43.01682,0.0],[-87.92256,43.01618,0.0],[-87.92257,43.01597,0.0],[-87.92258,43.0156,0.0],[-87.92262,43.0145,0.0],[-87.92263,43.01414,0.0],[-87.92292,43.01414,0.0],[-87.92376,43.01414,0.0],[-87.92404,43.01414,0.0],[-87.92432,43.01414,0.0],[-87.92517,43.01414,0.0],[-87.92545,43.01414,0.0],[-87.92573,43.01414,0.0],[-87.92614,43.01414,0.0],[-87.92658,43.01417,0.0],[-87.92686,43.01419,0.0],[-87.92709,43.01419,0.0],[-87.92779,43.01422,0.0],[-87.92803,43.01423,0.0],[-87.9283,43.01423,0.0],[-87.92912,43.01424,0.0],[-87.92939,43.01425,0.0],[-87.92967,43.01425,0.0],[-87.93049,43.01425,0.0],[-87.93076,43.01425,0.0],[-87.93101,43.01425,0.0],[-87.93175,43.01425,0.0],[-87.93199,43.01425,0.0],[-87.93219,43.01425,0.0],[-87.9328,43.01425,0.0],[-87.933,43.01425,0.0],[-87.93299,43.01446,0.0],[-87.93297,43.01509,0.0],[-87.93297,43.0153,0.0],[-87.93296,43.01539,0.0],[-87.93296,43.01565,0.0],[-87.93295,43.01574,0.0],[-87.93295,43.01602,0.0],[-87.93296,43.01648,0.0],[-87.933,43.0167,0.0],[-87.93304,43.01684,0.0],[-87.93328,43.01701,0.0]]]]}},{"type":"Feature","properties":{"uesi_id":"USA_R251075","nbhd_code":"USA_R251075_141","nbhd_name":"Census Tract 165, Milwaukee, WI"},"geometry":{"type":"MultiPolygon","coordinates":[[[[-87.92262,43.0145,0.0],[-87.92258,43.0156,0.0],[-87.92257,43.01597,0.0],[-87.92256,43.01618,0.0],[-87.92253,43.01682,0.0],[-87.92252,43.01704,0.0],[-87.92252,43.01725,0.0],[-87.92253,43.01787,0.0],[-87.92253,43.01807,0.0],[-87.92253,43.01828,0.0],[-87.92253,43.0189,0.0],[-87.92253,43.01911,0.0],[-87.92225,43.01911,0.0],[-87.92139,43.01911,0.0],[-87.9211,43.01911,0.0],[-87.92082,43.01911,0.0],[-87.91996,43.01911,0.0],[-87.91967,43.01911,0.0],[-87.91938,43.01911,0.0],[-87.91852,43.01909,0.0],[-87.91824,43.01909,0.0],[-87.91778,43.01906,0.0],[-87.91728,43.01908,0.0],[-87.91699,43.01908,0.0],[-87.91675,43.01908,0.0],[-87.91544,43.01908,0.0],[-87.91516,43.01908,0.0],[-87.91432,43.01908,0.0],[-87.91404,43.01908,0.0],[-87.91376,43.01908,0.0],[-87.91293,43.01908,0.0],[-87.91265,43.01908,0.0],[-87.91237,43.01908,0.0],[-87.91153,43.01908,0.0],[-87.91125,43.01908,0.0],[-87.91122,43.01908,0.0],[-87.91097,43.01908,0.0],[-87.91013,43.01908,0.0],[-87.90986,43.01909,0.0],[-87.90985,43.01929,0.0],[-87.90985,43.0199,0.0],[-87.90985,43.02011,0.0],[-87.90961,43.0201,0.0],[-87.9089,43.02009,0.0],[-87.90866,43.02009,0.0],[-87.90862,43.02009,0.0],[-87.9085,43.02008,0.0],[-87.90846,43.02008,0.0],[-87.90839,43.02008,0.0],[-87.90834,43.02008,0.0],[-87.90817,43.02008,0.0],[-87.9081,43.02008,0.0],[-87.90795,43.02007,0.0],[-87.90752,43.02007,0.0],[-87.90738,43.02007,0.0],[-87.90739,43.0196,0.0],[-87.90739,43.01948,0.0],[-87.9033,43.01947,0.0],[-87.90318,43.01927,0.0],[-87.90239,43.01755,0.0],[-87.90275,43.01595,0.0],[-87.90279,43.01586,0.0],[-87.90356,43.01434,0.0],[-87.90428,43.01361,0.0],[-87.90454,43.01335,0.0],[-87.90494,43.0124,0.0],[-87.90591,43.01007,0.0],[-87.90707,43.00886,0.0],[-87.90711,43.00882,0.0],[-87.90829,43.0083,0.0],[-87.90834,43.00827,0.0],[-87.90837,43.00834,0.0],[-87.90848,43.00852,0.0],[-87.90851,43.00859,0.0],[-87.90857,43.00871,0.0],[-87.90876,43.00906,0.0],[-87.90883,43.00918,0.0],[-87.90884,43.00919,0.0],[-87.90884,43.00922,0.0],[-87.90886,43.00923,0.0],[-87.90905,43.00959,0.0],[-87.90909,43.00968,0.0],[-87.90934,43.01015,0.0],[-87.90962,43.01068,0.0],[-87.90981,43.01104,0.0],[-87.90994,43.01129,0.0],[-87.91034,43.01205,0.0],[-87.91047,43.0123,0.0],[-87.91053,43.01243,0.0],[-87.91073,43.01281,0.0],[-87.9108,43.01294,0.0],[-87.91084,43.01301,0.0],[-87.91094,43.01322,0.0],[-87.91098,43.01329,0.0],[-87.91107,43.01345,0.0],[-87.91117,43.01364,0.0],[-87.91117,43.01397,0.0],[-87.91117,43.01416,0.0],[-87.91146,43.01416,0.0],[-87.91231,43.01416,0.0],[-87.91259,43.01416,0.0],[-87.91287,43.01416,0.0],[-87.91371,43.01416,0.0],[-87.91399,43.01416,0.0],[-87.91427,43.01416,0.0],[-87.91437,43.01416,0.0],[-87.91509,43.01416,0.0],[-87.91537,43.01416,0.0],[-87.91552,43.01416,0.0],[-87.91574,43.01416,0.0],[-87.91601,43.01416,0.0],[-87.91608,43.01416,0.0],[-87.91623,43.01416,0.0],[-87.9164,43.01416,0.0],[-87.91657,43.01416,0.0],[-87.9166,43.01416,0.0],[-87.91665,43.01416,0.0],[-87.91668,43.01416,0.0],[-87.91672,43.01416,0.0],[-87.91683,43.01416,0.0],[-87.91716,43.01416,0.0],[-87.91814,43.01417,0.0],[-87.91847,43.01417,0.0],[-87.91874,43.01417,0.0],[-87.91954,43.01415,0.0],[-87.91981,43.01414,0.0],[-87.92009,43.01414,0.0],[-87.92094,43.01414,0.0],[-87.92122,43.01414,0.0],[-87.9215,43.01414,0.0],[-87.92235,43.01414,0.0],[-87.92263,43.01414,0.0],[-87.92262,43.0145,0.0]]]]}},{"type":"Feature","properties":{"uesi_id":"USA_R251075","nbhd_code":"USA_R251075_142","nbhd_name":"Census Tract 166, Milwaukee, WI"},"geometry":{"type":"MultiPolygon","coordinates":[[[[-87.91869,43.00684,0.0],[-87.91867,43.00793,0.0],[-87.91866,43.00829,0.0],[-87.91865,43.00865,0.0],[-87.91863,43.00972,0.0],[-87.91862,43.01008,0.0],[-87.91862,43.01012,0.0],[-87.91861,43.0103,0.0],[-87.91859,43.01085,0.0],[-87.91858,43.01103,0.0],[-87.91858,43.01129,0.0],[-87.91855,43.01206,0.0],[-87.91854,43.01232,0.0],[-87.91853,43.01269,0.0],[-87.91849,43.0138,0.0],[-87.91847,43.01417,0.0],[-87.91814,43.01417,0.0],[-87.91716,43.01416,0.0],[-87.91683,43.01416,0.0],[-87.91672,43.01416,0.0],[-87.91668,43.01416,0.0],[-87.91665,43.01416,0.0],[-87.9166,43.01416,0.0],[-87.91657,43.01416,0.0],[-87.9164,43.01416,0.0],[-87.91623,43.01416,0.0],[-87.91608,43.01416,0.0],[-87.91601,43.01416,0.0],[-87.91574,43.01416,0.0],[-87.91552,43.01416,0.0],[-87.91537,43.01416,0.0],[-87.91509,43.01416,0.0],[-87.91437,43.01416,0.0],[-87.91427,43.01416,0.0],[-87.91399,43.01416,0.0],[-87.91371,43.01416,0.0],[-87.91287,43.01416,0.0],[-87.91259,43.01416,0.0],[-87.91231,43.01416,0.0],[-87.91146,43.01416,0.0],[-87.91117,43.01416,0.0],[-87.91117,43.01397,0.0],[-87.91117,43.01364,0.0],[-87.91107,43.01345,0.0],[-87.91098,43.01329,0.0],[-87.91094,43.01322,0.0],[-87.91084,43.01301,0.0],[-87.9108,43.01294,0.0],[-87.91073,43.01281,0.0],[-87.91053,43.01243,0.0],[-87.91047,43.0123,0.0],[-87.91034,43.01205,0.0],[-87.90994,43.01129,0.0],[-87.90981,43.01104,0.0],[-87.90962,43.01068,0.0],[-87.90934,43.01015,0.0],[-87.90909,43.00968,0.0],[-87.90905,43.00959,0.0],[-87.90886,43.00923,0.0],[-87.90884,43.00922,0.0],[-87.90884,43.00919,0.0],[-87.90883,43.00918,0.0],[-87.90876,43.00906,0.0],[-87.90857,43.00871,0.0],[-87.90851,43.00859,0.0],[-87.90848,43.00852,0.0],[-87.90837,43.00834,0.0],[-87.90834,43.00827,0.0],[-87.90831,43.00823,0.0],[-87.90824,43.00808,0.0],[-87.90821,43.00804,0.0],[-87.90819,43.008,0.0],[-87.90814,43.0079,0.0],[-87.90794,43.00753,0.0],[-87.90792,43.0075,0.0],[-87.90783,43.00737,0.0],[-87.90782,43.00735,0.0],[-87.90766,43.00715,0.0],[-87.90713,43.0065,0.0],[-87.90748,43.0065,0.0],[-87.90837,43.0065,0.0],[-87.90877,43.0065,0.0],[-87.9088,43.0065,0.0],[-87.90886,43.0065,0.0],[-87.90888,43.0065,0.0],[-87.90891,43.0065,0.0],[-87.90916,43.0065,0.0],[-87.90999,43.0065,0.0],[-87.91026,43.00651,0.0],[-87.91046,43.00651,0.0],[-87.91105,43.00651,0.0],[-87.91124,43.00651,0.0],[-87.91171,43.0065,0.0],[-87.91284,43.0065,0.0],[-87.91312,43.0065,0.0],[-87.91358,43.0065,0.0],[-87.91372,43.00649,0.0],[-87.91396,43.00649,0.0],[-87.91402,43.00649,0.0],[-87.91413,43.00649,0.0],[-87.91427,43.00649,0.0],[-87.9149,43.00645,0.0],[-87.9153,43.00642,0.0],[-87.91545,43.00641,0.0],[-87.91559,43.00639,0.0],[-87.9158,43.00638,0.0],[-87.91602,43.00637,0.0],[-87.91625,43.00635,0.0],[-87.91631,43.00636,0.0],[-87.91651,43.00637,0.0],[-87.91671,43.00637,0.0],[-87.91683,43.00638,0.0],[-87.91685,43.00639,0.0],[-87.91699,43.00641,0.0],[-87.91706,43.00641,0.0],[-87.91733,43.00645,0.0],[-87.91759,43.00648,0.0],[-87.91779,43.00651,0.0],[-87.9187,43.00647,0.0],[-87.91869,43.00684,0.0]]]]}},{"type":"Feature","properties":{"uesi_id":"USA_R251075","nbhd_code":"USA_R251075_143","nbhd_name":"Census Tract 167, Milwaukee, WI"},"geometry":{"type":"MultiPolygon","coordinates":[[[[-87.92573,43.00647,0.0],[-87.92573,43.00653,0.0],[-87.92572,43.00673,0.0],[-87.92572,43.0068,0.0],[-87.92571,43.0071,0.0],[-87.92567,43.00799,0.0],[-87.92566,43.00829,0.0],[-87.92565,43.00867,0.0],[-87.92561,43.00979,0.0],[-87.9256,43.01016,0.0],[-87.9256,43.01033,0.0],[-87.92558,43.01085,0.0],[-87.92557,43.01102,0.0],[-87.92556,43.01128,0.0],[-87.92553,43.01204,0.0],[-87.92552,43.01229,0.0],[-87.92551,43.01266,0.0],[-87.92547,43.01377,0.0],[-87.92545,43.01414,0.0],[-87.92517,43.01414,0.0],[-87.92432,43.01414,0.0],[-87.92404,43.01414,0.0],[-87.92376,43.01414,0.0],[-87.92292,43.01414,0.0],[-87.92263,43.01414,0.0],[-87.92235,43.01414,0.0],[-87.9215,43.01414,0.0],[-87.92122,43.01414,0.0],[-87.92094,43.01414,0.0],[-87.92009,43.01414,0.0],[-87.91981,43.01414,0.0],[-87.91954,43.01415,0.0],[-87.91874,43.01417,0.0],[-87.91847,43.01417,0.0],[-87.91849,43.0138,0.0],[-87.91853,43.01269,0.0],[-87.91854,43.01232,0.0],[-87.91855,43.01206,0.0],[-87.91858,43.01129,0.0],[-87.91858,43.01103,0.0],[-87.91859,43.01085,0.0],[-87.91861,43.0103,0.0],[-87.91862,43.01012,0.0],[-87.91862,43.01008,0.0],[-87.91863,43.00972,0.0],[-87.91865,43.00865,0.0],[-87.91866,43.00829,0.0],[-87.91867,43.00793,0.0],[-87.91869,43.00684,0.0],[-87.9187,43.00647,0.0],[-87.91896,43.00647,0.0],[-87.91976,43.00647,0.0],[-87.92003,43.00647,0.0],[-87.92031,43.00647,0.0],[-87.92116,43.00647,0.0],[-87.92144,43.00647,0.0],[-87.92207,43.00647,0.0],[-87.92397,43.00647,0.0],[-87.92461,43.00647,0.0],[-87.92483,43.00646,0.0],[-87.92551,43.00645,0.0],[-87.92573,43.00645,0.0],[-87.92573,43.00647,0.0]]]]}},{"type":"Feature","properties":{"uesi_id":"USA_R251075","nbhd_code":"USA_R251075_144","nbhd_name":"Census Tract 168, Milwaukee, WI"},"geometry":{"type":"MultiPolygon","coordinates":[[[[-87.93322,43.00691,0.0],[-87.93318,43.00801,0.0],[-87.93317,43.00838,0.0],[-87.93317,43.00856,0.0],[-87.93315,43.00913,0.0],[-87.93314,43.00932,0.0],[-87.93313,43.00949,0.0],[-87.93313,43.00965,0.0],[-87.93309,43.01002,0.0],[-87.93308,43.01019,0.0],[-87.93306,43.01233,0.0],[-87.93305,43.01255,0.0],[-87.93303,43.01319,0.0],[-87.93302,43.01341,0.0],[-87.93302,43.01353,0.0],[-87.93301,43.01389,0.0],[-87.93301,43.01401,0.0],[-87.933,43.01425,0.0],[-87.9328,43.01425,0.0],[-87.93219,43.01425,0.0],[-87.93199,43.01425,0.0],[-87.93175,43.01425,0.0],[-87.93101,43.01425,0.0],[-87.93076,43.01425,0.0],[-87.93049,43.01425,0.0],[-87.92967,43.01425,0.0],[-87.92939,43.01425,0.0],[-87.92912,43.01424,0.0],[-87.9283,43.01423,0.0],[-87.92803,43.01423,0.0],[-87.92779,43.01422,0.0],[-87.92709,43.01419,0.0],[-87.92686,43.01419,0.0],[-87.92658,43.01417,0.0],[-87.92614,43.01414,0.0],[-87.92573,43.01414,0.0],[-87.92545,43.01414,0.0],[-87.92547,43.01377,0.0],[-87.92551,43.01266,0.0],[-87.92552,43.01229,0.0],[-87.92553,43.01204,0.0],[-87.92556,43.01128,0.0],[-87.92557,43.01102,0.0],[-87.92558,43.01085,0.0],[-87.9256,43.01033,0.0],[-87.9256,43.01016,0.0],[-87.92561,43.00979,0.0],[-87.92565,43.00867,0.0],[-87.92566,43.00829,0.0],[-87.92567,43.00799,0.0],[-87.92571,43.0071,0.0],[-87.92572,43.0068,0.0],[-87.92572,43.00673,0.0],[-87.92573,43.00653,0.0],[-87.92573,43.00647,0.0],[-87.92581,43.00647,0.0],[-87.92603,43.00647,0.0],[-87.9261,43.00647,0.0],[-87.92631,43.00647,0.0],[-87.92693,43.00647,0.0],[-87.92714,43.00647,0.0],[-87.92737,43.00646,0.0],[-87.92809,43.00646,0.0],[-87.92833,43.00646,0.0],[-87.9286,43.00647,0.0],[-87.92942,43.00648,0.0],[-87.92969,43.00649,0.0],[-87.92996,43.00649,0.0],[-87.93078,43.00651,0.0],[-87.93106,43.00651,0.0],[-87.9313,43.00652,0.0],[-87.93203,43.00653,0.0],[-87.93228,43.00653,0.0],[-87.93247,43.00653,0.0],[-87.93304,43.00654,0.0],[-87.93323,43.00655,0.0],[-87.93322,43.00691,0.0]]]]}},{"type":"Feature","properties":{"uesi_id":"USA_R251075","nbhd_code":"USA_R251075_145","nbhd_name":"Census Tract 169, Milwaukee, WI"},"geometry":{"type":"MultiPolygon","coordinates":[[[[-87.94238,43.00791,0.0],[-87.94237,43.00837,0.0],[-87.94237,43.00852,0.0],[-87.94237,43.00888,0.0],[-87.94235,43.00997,0.0],[-87.94235,43.01034,0.0],[-87.94234,43.01052,0.0],[-87.94232,43.01108,0.0],[-87.94231,43.01127,0.0],[-87.94231,43.0115,0.0],[-87.9423,43.01221,0.0],[-87.9423,43.01244,0.0],[-87.94202,43.01244,0.0],[-87.94119,43.01243,0.0],[-87.94092,43.01242,0.0],[-87.94064,43.01242,0.0],[-87.93981,43.01241,0.0],[-87.93953,43.0124,0.0],[-87.93926,43.0124,0.0],[-87.93844,43.01239,0.0],[-87.93817,43.01239,0.0],[-87.93812,43.01238,0.0],[-87.93798,43.01236,0.0],[-87.93793,43.01236,0.0],[-87.93648,43.01236,0.0],[-87.93534,43.01235,0.0],[-87.93511,43.01235,0.0],[-87.93443,43.01234,0.0],[-87.9342,43.01234,0.0],[-87.93397,43.01234,0.0],[-87.93328,43.01233,0.0],[-87.93306,43.01233,0.0],[-87.93308,43.01019,0.0],[-87.93309,43.01002,0.0],[-87.93313,43.00965,0.0],[-87.93313,43.00949,0.0],[-87.93314,43.00932,0.0],[-87.93315,43.00913,0.0],[-87.93317,43.00856,0.0],[-87.93317,43.00838,0.0],[-87.93318,43.00801,0.0],[-87.93322,43.00691,0.0],[-87.93323,43.00655,0.0],[-87.93346,43.00655,0.0],[-87.93415,43.00656,0.0],[-87.93437,43.00657,0.0],[-87.93458,43.00657,0.0],[-87.93521,43.00658,0.0],[-87.93542,43.00658,0.0],[-87.93569,43.00659,0.0],[-87.93651,43.0066,0.0],[-87.93679,43.00661,0.0],[-87.93706,43.00661,0.0],[-87.93788,43.00662,0.0],[-87.93816,43.00664,0.0],[-87.93898,43.00665,0.0],[-87.94166,43.00667,0.0],[-87.94179,43.00667,0.0],[-87.94207,43.00667,0.0],[-87.94219,43.00668,0.0],[-87.94233,43.00668,0.0],[-87.94222,43.00689,0.0],[-87.94188,43.00753,0.0],[-87.94177,43.00775,0.0],[-87.94189,43.00775,0.0],[-87.94226,43.00776,0.0],[-87.94239,43.00776,0.0],[-87.94238,43.00791,0.0]]]]}},{"type":"Feature","properties":{"uesi_id":"USA_R251075","nbhd_code":"USA_R251075_146","nbhd_name":"Census Tract 170, Milwaukee, WI"},"geometry":{"type":"MultiPolygon","coordinates":[[[[-87.95288,43.00707,0.0],[-87.95286,43.00816,0.0],[-87.95285,43.00853,0.0],[-87.95284,43.00889,0.0],[-87.9528,43.00999,0.0],[-87.95279,43.01035,0.0],[-87.95278,43.01078,0.0],[-87.95275,43.01205,0.0],[-87.95274,43.01248,0.0],[-87.95274,43.0128,0.0],[-87.95271,43.01378,0.0],[-87.95271,43.01411,0.0],[-87.95248,43.01411,0.0],[-87.95178,43.01411,0.0],[-87.95155,43.01411,0.0],[-87.95131,43.01411,0.0],[-87.95057,43.01412,0.0],[-87.95033,43.01412,0.0],[-87.9501,43.01412,0.0],[-87.9494,43.01412,0.0],[-87.94916,43.01412,0.0],[-87.9489,43.01413,0.0],[-87.94811,43.01414,0.0],[-87.94789,43.01414,0.0],[-87.94777,43.01415,0.0],[-87.94757,43.01415,0.0],[-87.9471,43.01415,0.0],[-87.94672,43.01416,0.0],[-87.94643,43.01416,0.0],[-87.94616,43.01416,0.0],[-87.94533,43.01416,0.0],[-87.94505,43.01416,0.0],[-87.94478,43.01416,0.0],[-87.94395,43.01417,0.0],[-87.94367,43.01417,0.0],[-87.94339,43.01417,0.0],[-87.94256,43.01417,0.0],[-87.94228,43.01417,0.0],[-87.94228,43.01393,0.0],[-87.94229,43.01319,0.0],[-87.94229,43.01295,0.0],[-87.94229,43.01285,0.0],[-87.9423,43.01255,0.0],[-87.9423,43.01244,0.0],[-87.9423,43.01221,0.0],[-87.94231,43.0115,0.0],[-87.94231,43.01127,0.0],[-87.94232,43.01108,0.0],[-87.94234,43.01052,0.0],[-87.94235,43.01034,0.0],[-87.94235,43.00997,0.0],[-87.94237,43.00888,0.0],[-87.94237,43.00852,0.0],[-87.94237,43.00837,0.0],[-87.94238,43.00791,0.0],[-87.94239,43.00776,0.0],[-87.94226,43.00776,0.0],[-87.94189,43.00775,0.0],[-87.94177,43.00775,0.0],[-87.94188,43.00753,0.0],[-87.94222,43.00689,0.0],[-87.94233,43.00668,0.0],[-87.94262,43.00668,0.0],[-87.9435,43.00669,0.0],[-87.9438,43.0067,0.0],[-87.94407,43.0067,0.0],[-87.9449,43.00671,0.0],[-87.94517,43.00672,0.0],[-87.94545,43.00672,0.0],[-87.94627,43.00673,0.0],[-87.94654,43.00674,0.0],[-87.94683,43.00674,0.0],[-87.94771,43.00675,0.0],[-87.94793,43.00676,0.0],[-87.94804,43.00676,0.0],[-87.94826,43.00676,0.0],[-87.94904,43.00676,0.0],[-87.9493,43.00676,0.0],[-87.94953,43.00675,0.0],[-87.95024,43.00675,0.0],[-87.95047,43.00674,0.0],[-87.95072,43.00674,0.0],[-87.95146,43.00673,0.0],[-87.95171,43.00673,0.0],[-87.95194,43.00672,0.0],[-87.95265,43.00671,0.0],[-87.95289,43.00671,0.0],[-87.95288,43.00707,0.0]]]]}},{"type":"Feature","properties":{"uesi_id":"USA_R251075","nbhd_code":"USA_R251075_147","nbhd_name":"Census Tract 171, Milwaukee, WI"},"geometry":{"type":"MultiPolygon","coordinates":[[[[-87.96641,43.01226,0.0],[-87.96623,43.01226,0.0],[-87.96619,43.01226,0.0],[-87.9661,43.01226,0.0],[-87.96607,43.01227,0.0],[-87.96542,43.01227,0.0],[-87.96347,43.0123,0.0],[-87.96282,43.01231,0.0],[-87.96272,43.01231,0.0],[-87.96257,43.01231,0.0],[-87.9618,43.01233,0.0],[-87.96155,43.01233,0.0],[-87.96176,43.01264,0.0],[-87.9618,43.01271,0.0],[-87.96204,43.01325,0.0],[-87.96202,43.01369,0.0],[-87.962,43.01406,0.0],[-87.96165,43.01406,0.0],[-87.96063,43.01407,0.0],[-87.96029,43.01407,0.0],[-87.96,43.01407,0.0],[-87.95912,43.01408,0.0],[-87.95883,43.01408,0.0],[-87.95858,43.01408,0.0],[-87.95784,43.01409,0.0],[-87.9576,43.01409,0.0],[-87.95738,43.01409,0.0],[-87.95672,43.01409,0.0],[-87.9565,43.0141,0.0],[-87.95624,43.0141,0.0],[-87.95547,43.0141,0.0],[-87.95521,43.0141,0.0],[-87.95496,43.0141,0.0],[-87.9542,43.01411,0.0],[-87.95395,43.01411,0.0],[-87.9537,43.01411,0.0],[-87.95296,43.01411,0.0],[-87.95271,43.01411,0.0],[-87.95271,43.01378,0.0],[-87.95274,43.0128,0.0],[-87.95274,43.01248,0.0],[-87.95275,43.01205,0.0],[-87.95278,43.01078,0.0],[-87.95279,43.01035,0.0],[-87.9528,43.00999,0.0],[-87.95284,43.00889,0.0],[-87.95285,43.00853,0.0],[-87.95286,43.00816,0.0],[-87.95288,43.00707,0.0],[-87.95289,43.00671,0.0],[-87.95314,43.0067,0.0],[-87.95389,43.0067,0.0],[-87.95414,43.00669,0.0],[-87.95439,43.00669,0.0],[-87.95514,43.00668,0.0],[-87.95539,43.00667,0.0],[-87.95564,43.00667,0.0],[-87.95641,43.00666,0.0],[-87.95667,43.00666,0.0],[-87.95689,43.00665,0.0],[-87.95756,43.00664,0.0],[-87.95778,43.00664,0.0],[-87.95803,43.00664,0.0],[-87.95879,43.00663,0.0],[-87.95904,43.00662,0.0],[-87.95933,43.00662,0.0],[-87.96021,43.00661,0.0],[-87.9605,43.00661,0.0],[-87.96105,43.00662,0.0],[-87.96104,43.0067,0.0],[-87.96098,43.00981,0.0],[-87.96249,43.0098,0.0],[-87.96274,43.00981,0.0],[-87.96273,43.01021,0.0],[-87.96274,43.01021,0.0],[-87.96279,43.01021,0.0],[-87.96347,43.0102,0.0],[-87.96408,43.0102,0.0],[-87.96552,43.01017,0.0],[-87.9662,43.01017,0.0],[-87.96633,43.01016,0.0],[-87.96634,43.01104,0.0],[-87.96636,43.01155,0.0],[-87.96639,43.01197,0.0],[-87.96639,43.01205,0.0],[-87.9664,43.01212,0.0],[-87.96641,43.01219,0.0],[-87.96641,43.01226,0.0]]]]}},{"type":"Feature","properties":{"uesi_id":"USA_R251075","nbhd_code":"USA_R251075_148","nbhd_name":"Census Tract 172, Milwaukee, WI"},"geometry":{"type":"MultiPolygon","coordinates":[[[[-87.96111,43.00314,0.0],[-87.9611,43.00363,0.0],[-87.96108,43.00475,0.0],[-87.96107,43.00503,0.0],[-87.96106,43.00578,0.0],[-87.96104,43.00621,0.0],[-87.96105,43.0066,0.0],[-87.96105,43.00662,0.0],[-87.9605,43.00661,0.0],[-87.96021,43.00661,0.0],[-87.95933,43.00662,0.0],[-87.95904,43.00662,0.0],[-87.95879,43.00663,0.0],[-87.95803,43.00664,0.0],[-87.95778,43.00664,0.0],[-87.95756,43.00664,0.0],[-87.95689,43.00665,0.0],[-87.95667,43.00666,0.0],[-87.95641,43.00666,0.0],[-87.95564,43.00667,0.0],[-87.95539,43.00667,0.0],[-87.95514,43.00668,0.0],[-87.95439,43.00669,0.0],[-87.95414,43.00669,0.0],[-87.95389,43.0067,0.0],[-87.95314,43.0067,0.0],[-87.95289,43.00671,0.0],[-87.95289,43.00634,0.0],[-87.95291,43.00525,0.0],[-87.95292,43.00488,0.0],[-87.95293,43.00452,0.0],[-87.95295,43.00346,0.0],[-87.95296,43.0031,0.0],[-87.95296,43.00272,0.0],[-87.95298,43.0016,0.0],[-87.95298,43.00149,0.0],[-87.95292,43.00149,0.0],[-87.95293,43.00128,0.0],[-87.95293,43.00092,0.0],[-87.95295,42.99983,0.0],[-87.95296,42.99947,0.0],[-87.95297,42.99916,0.0],[-87.95298,42.99823,0.0],[-87.95299,42.99792,0.0],[-87.95325,42.99777,0.0],[-87.95403,42.9973,0.0],[-87.95429,42.99714,0.0],[-87.95452,42.997,0.0],[-87.95522,42.99659,0.0],[-87.95545,42.99645,0.0],[-87.95549,42.99653,0.0],[-87.9556,42.99672,0.0],[-87.9556,42.99679,0.0],[-87.9556,42.99688,0.0],[-87.95559,42.99739,0.0],[-87.95555,42.99892,0.0],[-87.95554,42.99943,0.0],[-87.95579,42.99943,0.0],[-87.95654,42.99942,0.0],[-87.95679,42.99942,0.0],[-87.95702,42.99941,0.0],[-87.95768,42.99941,0.0],[-87.95791,42.99941,0.0],[-87.9579,42.9996,0.0],[-87.95789,42.99973,0.0],[-87.95792,42.99993,0.0],[-87.95798,43.00017,0.0],[-87.95802,43.00036,0.0],[-87.95801,43.00053,0.0],[-87.958,43.00075,0.0],[-87.958,43.00105,0.0],[-87.95799,43.00122,0.0],[-87.95799,43.00158,0.0],[-87.95798,43.00267,0.0],[-87.95798,43.00276,0.0],[-87.95793,43.00303,0.0],[-87.95818,43.00303,0.0],[-87.95894,43.00302,0.0],[-87.95911,43.00302,0.0],[-87.95919,43.00301,0.0],[-87.95948,43.00301,0.0],[-87.96036,43.003,0.0],[-87.96058,43.003,0.0],[-87.96065,43.003,0.0],[-87.96076,43.00299,0.0],[-87.96108,43.00299,0.0],[-87.96112,43.00299,0.0],[-87.96111,43.00314,0.0]]]]}},{"type":"Feature","properties":{"uesi_id":"USA_R251075","nbhd_code":"USA_R251075_149","nbhd_name":"Census Tract 173, Milwaukee, WI"},"geometry":{"type":"MultiPolygon","coordinates":[[[[-87.95298,43.0016,0.0],[-87.95296,43.00272,0.0],[-87.95296,43.0031,0.0],[-87.95295,43.00346,0.0],[-87.95293,43.00452,0.0],[-87.95292,43.00488,0.0],[-87.95291,43.00525,0.0],[-87.95289,43.00634,0.0],[-87.95289,43.00671,0.0],[-87.95265,43.00671,0.0],[-87.95194,43.00672,0.0],[-87.95171,43.00673,0.0],[-87.95146,43.00673,0.0],[-87.95072,43.00674,0.0],[-87.95047,43.00674,0.0],[-87.95024,43.00675,0.0],[-87.94953,43.00675,0.0],[-87.9493,43.00676,0.0],[-87.94904,43.00676,0.0],[-87.94826,43.00676,0.0],[-87.94804,43.00676,0.0],[-87.94793,43.00676,0.0],[-87.94771,43.00675,0.0],[-87.94683,43.00674,0.0],[-87.94654,43.00674,0.0],[-87.94627,43.00673,0.0],[-87.94545,43.00672,0.0],[-87.94517,43.00672,0.0],[-87.9449,43.00671,0.0],[-87.94407,43.0067,0.0],[-87.9438,43.0067,0.0],[-87.9435,43.00669,0.0],[-87.94262,43.00668,0.0],[-87.94233,43.00668,0.0],[-87.94247,43.0064,0.0],[-87.9429,43.00558,0.0],[-87.94305,43.0053,0.0],[-87.94309,43.00522,0.0],[-87.94323,43.00496,0.0],[-87.94327,43.00487,0.0],[-87.94343,43.00458,0.0],[-87.94388,43.0037,0.0],[-87.94404,43.00341,0.0],[-87.94414,43.00335,0.0],[-87.94443,43.00317,0.0],[-87.94453,43.00311,0.0],[-87.94495,43.00286,0.0],[-87.94621,43.00209,0.0],[-87.94664,43.00184,0.0],[-87.94679,43.00174,0.0],[-87.94724,43.00144,0.0],[-87.9474,43.00134,0.0],[-87.94758,43.00122,0.0],[-87.94813,43.00084,0.0],[-87.94819,43.0008,0.0],[-87.94817,42.99956,0.0],[-87.94839,42.99956,0.0],[-87.94934,42.99952,0.0],[-87.95059,42.99936,0.0],[-87.95183,42.99949,0.0],[-87.95296,42.99947,0.0],[-87.95295,42.99983,0.0],[-87.95293,43.00092,0.0],[-87.95293,43.00128,0.0],[-87.95292,43.00149,0.0],[-87.95298,43.00149,0.0],[-87.95298,43.0016,0.0]]]]}},{"type":"Feature","properties":{"uesi_id":"USA_R251075","nbhd_code":"USA_R251075_150","nbhd_name":"Census Tract 174, Milwaukee, WI"},"geometry":{"type":"MultiPolygon","coordinates":[[[[-87.94443,43.00317,0.0],[-87.94414,43.00335,0.0],[-87.94404,43.00341,0.0],[-87.94388,43.0037,0.0],[-87.94343,43.00458,0.0],[-87.94327,43.00487,0.0],[-87.94323,43.00496,0.0],[-87.94309,43.00522,0.0],[-87.94305,43.0053,0.0],[-87.9429,43.00558,0.0],[-87.94247,43.0064,0.0],[-87.94233,43.00668,0.0],[-87.94219,43.00668,0.0],[-87.94207,43.00667,0.0],[-87.94179,43.00667,0.0],[-87.94166,43.00667,0.0],[-87.93898,43.00665,0.0],[-87.93816,43.00664,0.0],[-87.93788,43.00662,0.0],[-87.93706,43.00661,0.0],[-87.93679,43.00661,0.0],[-87.93651,43.0066,0.0],[-87.93569,43.00659,0.0],[-87.93542,43.00658,0.0],[-87.93521,43.00658,0.0],[-87.93458,43.00657,0.0],[-87.93437,43.00657,0.0],[-87.93415,43.00656,0.0],[-87.93346,43.00655,0.0],[-87.93323,43.00655,0.0],[-87.93325,43.00618,0.0],[-87.93328,43.00509,0.0],[-87.9333,43.00472,0.0],[-87.93331,43.00437,0.0],[-87.93335,43.00329,0.0],[-87.93337,43.00293,0.0],[-87.9336,43.00294,0.0],[-87.93429,43.00295,0.0],[-87.93452,43.00295,0.0],[-87.93472,43.00296,0.0],[-87.93533,43.00297,0.0],[-87.93554,43.00297,0.0],[-87.93581,43.00297,0.0],[-87.93661,43.00299,0.0],[-87.93688,43.00299,0.0],[-87.93692,43.00299,0.0],[-87.93705,43.00299,0.0],[-87.93709,43.00299,0.0],[-87.93825,43.00301,0.0],[-87.93977,43.00304,0.0],[-87.94055,43.00305,0.0],[-87.94087,43.00306,0.0],[-87.94119,43.00306,0.0],[-87.94215,43.00307,0.0],[-87.94248,43.00308,0.0],[-87.9425,43.00308,0.0],[-87.94289,43.00309,0.0],[-87.94412,43.0031,0.0],[-87.94453,43.00311,0.0],[-87.94443,43.00317,0.0]]]]}},{"type":"Feature","properties":{"uesi_id":"USA_R251075","nbhd_code":"USA_R251075_151","nbhd_name":"Census Tract 175, Milwaukee, WI"},"geometry":{"type":"MultiPolygon","coordinates":[[[[-87.93351,42.99944,0.0],[-87.93345,42.99996,0.0],[-87.93343,43.00013,0.0],[-87.93342,43.00034,0.0],[-87.93341,43.00095,0.0],[-87.93341,43.00115,0.0],[-87.9334,43.00151,0.0],[-87.93338,43.00258,0.0],[-87.93337,43.00293,0.0],[-87.93335,43.00329,0.0],[-87.93331,43.00437,0.0],[-87.9333,43.00472,0.0],[-87.93328,43.00509,0.0],[-87.93325,43.00618,0.0],[-87.93323,43.00655,0.0],[-87.93304,43.00654,0.0],[-87.93247,43.00653,0.0],[-87.93228,43.00653,0.0],[-87.93203,43.00653,0.0],[-87.9313,43.00652,0.0],[-87.93106,43.00651,0.0],[-87.93078,43.00651,0.0],[-87.92996,43.00649,0.0],[-87.92969,43.00649,0.0],[-87.92942,43.00648,0.0],[-87.9286,43.00647,0.0],[-87.92833,43.00646,0.0],[-87.92809,43.00646,0.0],[-87.92737,43.00646,0.0],[-87.92714,43.00647,0.0],[-87.92693,43.00647,0.0],[-87.92631,43.00647,0.0],[-87.9261,43.00647,0.0],[-87.92603,43.00647,0.0],[-87.92581,43.00647,0.0],[-87.92573,43.00647,0.0],[-87.92573,43.00645,0.0],[-87.92575,43.00609,0.0],[-87.92579,43.005,0.0],[-87.92581,43.00464,0.0],[-87.92582,43.0044,0.0],[-87.92585,43.00367,0.0],[-87.92586,43.00342,0.0],[-87.92586,43.00331,0.0],[-87.92588,43.00296,0.0],[-87.92588,43.00285,0.0],[-87.92591,43.00285,0.0],[-87.92601,43.00285,0.0],[-87.92604,43.00285,0.0],[-87.92605,43.00253,0.0],[-87.92607,43.00158,0.0],[-87.92607,43.00126,0.0],[-87.92608,43.00085,0.0],[-87.92611,42.99961,0.0],[-87.92612,42.9992,0.0],[-87.92636,42.9992,0.0],[-87.92708,42.9992,0.0],[-87.92733,42.9992,0.0],[-87.92757,42.9992,0.0],[-87.9283,42.99919,0.0],[-87.92855,42.99919,0.0],[-87.92882,42.9992,0.0],[-87.92963,42.99921,0.0],[-87.92991,42.99921,0.0],[-87.93018,42.99922,0.0],[-87.93101,42.99923,0.0],[-87.93129,42.99924,0.0],[-87.93153,42.99924,0.0],[-87.93226,42.99925,0.0],[-87.93251,42.99926,0.0],[-87.93269,42.99926,0.0],[-87.93322,42.99927,0.0],[-87.9334,42.99927,0.0],[-87.93343,42.99927,0.0],[-87.93351,42.99927,0.0],[-87.93354,42.99927,0.0],[-87.93351,42.99944,0.0]]]]}},{"type":"Feature","properties":{"uesi_id":"USA_R251075","nbhd_code":"USA_R251075_152","nbhd_name":"Census Tract 176, Milwaukee, WI"},"geometry":{"type":"MultiPolygon","coordinates":[[[[-87.92611,42.99961,0.0],[-87.92608,43.00085,0.0],[-87.92607,43.00126,0.0],[-87.92607,43.00158,0.0],[-87.92605,43.00253,0.0],[-87.92604,43.00285,0.0],[-87.92601,43.00285,0.0],[-87.92591,43.00285,0.0],[-87.92588,43.00285,0.0],[-87.92588,43.00296,0.0],[-87.92586,43.00331,0.0],[-87.92586,43.00342,0.0],[-87.92585,43.00367,0.0],[-87.92582,43.0044,0.0],[-87.92581,43.00464,0.0],[-87.92579,43.005,0.0],[-87.92575,43.00609,0.0],[-87.92573,43.00645,0.0],[-87.92551,43.00645,0.0],[-87.92483,43.00646,0.0],[-87.92461,43.00647,0.0],[-87.92397,43.00647,0.0],[-87.92207,43.00647,0.0],[-87.92144,43.00647,0.0],[-87.92116,43.00647,0.0],[-87.92031,43.00647,0.0],[-87.92003,43.00647,0.0],[-87.91976,43.00647,0.0],[-87.91896,43.00647,0.0],[-87.9187,43.00647,0.0],[-87.91874,43.00465,0.0],[-87.91876,43.00374,0.0],[-87.91876,43.00365,0.0],[-87.91878,43.0034,0.0],[-87.91881,43.00282,0.0],[-87.91878,43.00282,0.0],[-87.91878,43.00261,0.0],[-87.91879,43.00199,0.0],[-87.9188,43.00178,0.0],[-87.9188,43.00168,0.0],[-87.9188,43.00136,0.0],[-87.91881,43.00126,0.0],[-87.91881,43.00084,0.0],[-87.91884,42.99959,0.0],[-87.91884,42.99938,0.0],[-87.91885,42.99917,0.0],[-87.91899,42.99921,0.0],[-87.91908,42.99921,0.0],[-87.91982,42.99921,0.0],[-87.92007,42.99921,0.0],[-87.92031,42.99921,0.0],[-87.92104,42.99921,0.0],[-87.92128,42.99921,0.0],[-87.92152,42.9992,0.0],[-87.92225,42.9992,0.0],[-87.92249,42.9992,0.0],[-87.92273,42.9992,0.0],[-87.92345,42.9992,0.0],[-87.92369,42.9992,0.0],[-87.92394,42.9992,0.0],[-87.92466,42.9992,0.0],[-87.92491,42.9992,0.0],[-87.92515,42.9992,0.0],[-87.92587,42.9992,0.0],[-87.92612,42.9992,0.0],[-87.92611,42.99961,0.0]]]]}},{"type":"Feature","properties":{"uesi_id":"USA_R251075","nbhd_code":"USA_R251075_153","nbhd_name":"Census Tract 179, Milwaukee, WI"},"geometry":{"type":"MultiPolygon","coordinates":[[[[-87.91064,42.9952,0.0],[-87.91038,42.99574,0.0],[-87.91,42.99657,0.0],[-87.90984,42.9969,0.0],[-87.90963,42.99737,0.0],[-87.90963,42.99738,0.0],[-87.90943,42.99793,0.0],[-87.90936,42.9982,0.0],[-87.90931,42.99837,0.0],[-87.90922,42.99868,0.0],[-87.90917,42.99894,0.0],[-87.90916,42.999,0.0],[-87.90911,42.99928,0.0],[-87.90907,42.99964,0.0],[-87.90907,42.99971,0.0],[-87.90905,42.99993,0.0],[-87.90903,43.0003,0.0],[-87.90901,43.00078,0.0],[-87.90901,43.001,0.0],[-87.909,43.00143,0.0],[-87.90899,43.00172,0.0],[-87.90899,43.00185,0.0],[-87.90898,43.00228,0.0],[-87.90897,43.00259,0.0],[-87.90897,43.00288,0.0],[-87.90893,43.00288,0.0],[-87.90884,43.00288,0.0],[-87.90881,43.00288,0.0],[-87.9085,43.00304,0.0],[-87.90756,43.00351,0.0],[-87.90725,43.00367,0.0],[-87.90708,43.00375,0.0],[-87.90656,43.00402,0.0],[-87.90639,43.0041,0.0],[-87.90622,43.00419,0.0],[-87.90571,43.00444,0.0],[-87.90554,43.00453,0.0],[-87.90538,43.00433,0.0],[-87.90491,43.00375,0.0],[-87.90475,43.00356,0.0],[-87.90465,43.00343,0.0],[-87.90434,43.00304,0.0],[-87.90423,43.00291,0.0],[-87.90405,43.00269,0.0],[-87.90349,43.00202,0.0],[-87.9033,43.0018,0.0],[-87.90319,43.00166,0.0],[-87.90284,43.00125,0.0],[-87.90272,43.00111,0.0],[-87.90265,43.00102,0.0],[-87.90243,43.00076,0.0],[-87.90236,43.00067,0.0],[-87.90226,43.00055,0.0],[-87.90197,43.0002,0.0],[-87.90187,43.00009,0.0],[-87.90176,42.99996,0.0],[-87.90144,42.99957,0.0],[-87.90133,42.99944,0.0],[-87.90128,42.99938,0.0],[-87.90114,42.99921,0.0],[-87.90074,42.99873,0.0],[-87.90061,42.99857,0.0],[-87.90054,42.99849,0.0],[-87.90033,42.99824,0.0],[-87.90026,42.99816,0.0],[-87.90018,42.99806,0.0],[-87.89993,42.99779,0.0],[-87.89985,42.9977,0.0],[-87.89978,42.99763,0.0],[-87.89976,42.99761,0.0],[-87.89955,42.9975,0.0],[-87.89947,42.99745,0.0],[-87.89936,42.99739,0.0],[-87.89902,42.99721,0.0],[-87.89891,42.99715,0.0],[-87.89868,42.99704,0.0],[-87.89849,42.99693,0.0],[-87.89791,42.99661,0.0],[-87.89772,42.9965,0.0],[-87.89754,42.9964,0.0],[-87.897,42.99609,0.0],[-87.89682,42.99599,0.0],[-87.89671,42.99593,0.0],[-87.8966,42.99587,0.0],[-87.89628,42.99568,0.0],[-87.89617,42.99562,0.0],[-87.8963,42.99562,0.0],[-87.89666,42.99563,0.0],[-87.89679,42.99563,0.0],[-87.89704,42.99563,0.0],[-87.89779,42.99564,0.0],[-87.89804,42.99564,0.0],[-87.89828,42.99565,0.0],[-87.899,42.99565,0.0],[-87.89924,42.99565,0.0],[-87.89948,42.99565,0.0],[-87.9002,42.99565,0.0],[-87.90044,42.99565,0.0],[-87.90068,42.99564,0.0],[-87.9014,42.99564,0.0],[-87.90164,42.99564,0.0],[-87.90187,42.99564,0.0],[-87.90257,42.99563,0.0],[-87.90281,42.99563,0.0],[-87.90296,42.99563,0.0],[-87.90343,42.99563,0.0],[-87.90358,42.99563,0.0],[-87.90372,42.99562,0.0],[-87.90412,42.99562,0.0],[-87.90426,42.99562,0.0],[-87.90426,42.99554,0.0],[-87.90426,42.9953,0.0],[-87.90426,42.99522,0.0],[-87.90476,42.99522,0.0],[-87.90626,42.99521,0.0],[-87.90676,42.9952,0.0],[-87.90703,42.9952,0.0],[-87.90786,42.9952,0.0],[-87.90813,42.9952,0.0],[-87.90837,42.99519,0.0],[-87.90907,42.99519,0.0],[-87.90931,42.99519,0.0],[-87.90944,42.99519,0.0],[-87.90983,42.99519,0.0],[-87.90997,42.9952,0.0],[-87.91009,42.9952,0.0],[-87.91046,42.9952,0.0],[-87.91059,42.9952,0.0],[-87.91063,42.99515,0.0],[-87.91064,42.9952,0.0]]]]}},{"type":"Feature","properties":{"uesi_id":"USA_R251075","nbhd_code":"USA_R251075_154","nbhd_name":"Census Tract 180, Milwaukee, WI"},"geometry":{"type":"MultiPolygon","coordinates":[[[[-87.90834,43.00827,0.0],[-87.90829,43.0083,0.0],[-87.90711,43.00882,0.0],[-87.90707,43.00886,0.0],[-87.90591,43.01007,0.0],[-87.90494,43.0124,0.0],[-87.90454,43.01335,0.0],[-87.90428,43.01361,0.0],[-87.90356,43.01434,0.0],[-87.90279,43.01586,0.0],[-87.90275,43.01595,0.0],[-87.90239,43.01755,0.0],[-87.90318,43.01927,0.0],[-87.9033,43.01947,0.0],[-87.9041,43.02077,0.0],[-87.90473,43.02189,0.0],[-87.90473,43.02296,0.0],[-87.90438,43.02327,0.0],[-87.90331,43.0242,0.0],[-87.90284,43.02466,0.0],[-87.90238,43.02513,0.0],[-87.90166,43.02504,0.0],[-87.90148,43.02502,0.0],[-87.90123,43.02499,0.0],[-87.89949,43.02506,0.0],[-87.89893,43.02508,0.0],[-87.89877,43.02509,0.0],[-87.89867,43.0251,0.0],[-87.89826,43.02513,0.0],[-87.89671,43.02526,0.0],[-87.8962,43.02531,0.0],[-87.89616,43.02531,0.0],[-87.89608,43.02532,0.0],[-87.89596,43.02533,0.0],[-87.89581,43.02534,0.0],[-87.89498,43.02541,0.0],[-87.8944,43.02546,0.0],[-87.88927,43.02562,0.0],[-87.88929,43.02536,0.0],[-87.88774,43.01933,0.0],[-87.88022,43.00781,0.0],[-87.8788,43.00608,0.0],[-87.88009,43.00561,0.0],[-87.88432,43.003,0.0],[-87.8868,43.00147,0.0],[-87.88668,43.00139,0.0],[-87.88678,43.00132,0.0],[-87.88684,43.00127,0.0],[-87.88775,43.00064,0.0],[-87.88779,43.00059,0.0],[-87.88802,43.00055,0.0],[-87.88824,43.00043,0.0],[-87.88831,43.00039,0.0],[-87.88834,43.00037,0.0],[-87.88844,43.00033,0.0],[-87.88848,43.00031,0.0],[-87.88856,43.00025,0.0],[-87.88882,43.00006,0.0],[-87.88891,42.99999,0.0],[-87.8891,42.99986,0.0],[-87.88965,42.99946,0.0],[-87.88984,42.99932,0.0],[-87.88995,42.99924,0.0],[-87.89029,42.99899,0.0],[-87.89041,42.9989,0.0],[-87.89062,42.99875,0.0],[-87.89123,42.99831,0.0],[-87.89144,42.99816,0.0],[-87.89162,42.99808,0.0],[-87.89216,42.99784,0.0],[-87.89234,42.99776,0.0],[-87.89243,42.99772,0.0],[-87.89263,42.99764,0.0],[-87.8927,42.99761,0.0],[-87.8928,42.99757,0.0],[-87.89286,42.99754,0.0],[-87.89296,42.99749,0.0],[-87.89304,42.99746,0.0],[-87.89311,42.99743,0.0],[-87.89316,42.9974,0.0],[-87.89334,42.99732,0.0],[-87.8934,42.99729,0.0],[-87.89366,42.99718,0.0],[-87.89443,42.99687,0.0],[-87.89468,42.99676,0.0],[-87.89509,42.99659,0.0],[-87.8963,42.99609,0.0],[-87.89671,42.99593,0.0],[-87.89682,42.99599,0.0],[-87.897,42.99609,0.0],[-87.89754,42.9964,0.0],[-87.89772,42.9965,0.0],[-87.89791,42.99661,0.0],[-87.89849,42.99693,0.0],[-87.89868,42.99704,0.0],[-87.89891,42.99715,0.0],[-87.89902,42.99721,0.0],[-87.89936,42.99739,0.0],[-87.89947,42.99745,0.0],[-87.89955,42.9975,0.0],[-87.89976,42.99761,0.0],[-87.89978,42.99763,0.0],[-87.89985,42.9977,0.0],[-87.89993,42.99779,0.0],[-87.90018,42.99806,0.0],[-87.90026,42.99816,0.0],[-87.90033,42.99824,0.0],[-87.90054,42.99849,0.0],[-87.90061,42.99857,0.0],[-87.90074,42.99873,0.0],[-87.90114,42.99921,0.0],[-87.90128,42.99938,0.0],[-87.90133,42.99944,0.0],[-87.90144,42.99957,0.0],[-87.90176,42.99996,0.0],[-87.90187,43.00009,0.0],[-87.90197,43.0002,0.0],[-87.90226,43.00055,0.0],[-87.90236,43.00067,0.0],[-87.90243,43.00076,0.0],[-87.90265,43.00102,0.0],[-87.90272,43.00111,0.0],[-87.90284,43.00125,0.0],[-87.90319,43.00166,0.0],[-87.9033,43.0018,0.0],[-87.90349,43.00202,0.0],[-87.90405,43.00269,0.0],[-87.90423,43.00291,0.0],[-87.90434,43.00304,0.0],[-87.90465,43.00343,0.0],[-87.90475,43.00356,0.0],[-87.90491,43.00375,0.0],[-87.90538,43.00433,0.0],[-87.90554,43.00453,0.0],[-87.90566,43.00468,0.0],[-87.90603,43.00514,0.0],[-87.90616,43.00529,0.0],[-87.90657,43.00581,0.0],[-87.90713,43.0065,0.0],[-87.90766,43.00715,0.0],[-87.90782,43.00735,0.0],[-87.90783,43.00737,0.0],[-87.90792,43.0075,0.0],[-87.90794,43.00753,0.0],[-87.90814,43.0079,0.0],[-87.90819,43.008,0.0],[-87.90821,43.00804,0.0],[-87.90824,43.00808,0.0],[-87.90831,43.00823,0.0],[-87.90834,43.00827,0.0]]]]}},{"type":"Feature","properties":{"uesi_id":"USA_R251075","nbhd_code":"USA_R251075_155","nbhd_name":"Census Tract 181, Milwaukee, WI"},"geometry":{"type":"MultiPolygon","coordinates":[[[[-87.89671,42.99593,0.0],[-87.8963,42.99609,0.0],[-87.89509,42.99659,0.0],[-87.89468,42.99676,0.0],[-87.89443,42.99687,0.0],[-87.89366,42.99718,0.0],[-87.8934,42.99729,0.0],[-87.89334,42.99732,0.0],[-87.89316,42.9974,0.0],[-87.89311,42.99743,0.0],[-87.89304,42.99746,0.0],[-87.89296,42.99749,0.0],[-87.89286,42.99754,0.0],[-87.8928,42.99757,0.0],[-87.8927,42.99761,0.0],[-87.89263,42.99764,0.0],[-87.89243,42.99772,0.0],[-87.89234,42.99776,0.0],[-87.89216,42.99784,0.0],[-87.89162,42.99808,0.0],[-87.89144,42.99816,0.0],[-87.89123,42.99831,0.0],[-87.89062,42.99875,0.0],[-87.89041,42.9989,0.0],[-87.89029,42.99899,0.0],[-87.88995,42.99924,0.0],[-87.88984,42.99932,0.0],[-87.88965,42.99946,0.0],[-87.8891,42.99986,0.0],[-87.88891,42.99999,0.0],[-87.88882,43.00006,0.0],[-87.88856,43.00025,0.0],[-87.88848,43.00031,0.0],[-87.88844,43.00033,0.0],[-87.88834,43.00037,0.0],[-87.88831,43.00039,0.0],[-87.88824,43.00043,0.0],[-87.88802,43.00055,0.0],[-87.88779,43.00059,0.0],[-87.88775,43.00064,0.0],[-87.88684,43.00127,0.0],[-87.88678,43.00132,0.0],[-87.88668,43.00139,0.0],[-87.8868,43.00147,0.0],[-87.88432,43.003,0.0],[-87.88009,43.00561,0.0],[-87.8788,43.00608,0.0],[-87.87397,43.00025,0.0],[-87.88065,42.99763,0.0],[-87.88167,42.99718,0.0],[-87.88272,42.99671,0.0],[-87.88273,42.9967,0.0],[-87.88304,42.99654,0.0],[-87.88337,42.99637,0.0],[-87.88404,42.99601,0.0],[-87.88437,42.99583,0.0],[-87.88412,42.99561,0.0],[-87.88396,42.99546,0.0],[-87.88338,42.99495,0.0],[-87.88313,42.99474,0.0],[-87.88336,42.99461,0.0],[-87.88404,42.99424,0.0],[-87.88426,42.99412,0.0],[-87.88445,42.99401,0.0],[-87.88502,42.9937,0.0],[-87.88521,42.9936,0.0],[-87.8854,42.9935,0.0],[-87.88596,42.99319,0.0],[-87.88615,42.99308,0.0],[-87.88635,42.99297,0.0],[-87.88694,42.99265,0.0],[-87.88714,42.99254,0.0],[-87.88723,42.99247,0.0],[-87.88751,42.99225,0.0],[-87.88761,42.99218,0.0],[-87.88775,42.99221,0.0],[-87.88777,42.99221,0.0],[-87.88827,42.99229,0.0],[-87.88844,42.99232,0.0],[-87.88866,42.99236,0.0],[-87.88932,42.99247,0.0],[-87.88954,42.99251,0.0],[-87.88971,42.99254,0.0],[-87.89022,42.99264,0.0],[-87.89023,42.99264,0.0],[-87.89039,42.99269,0.0],[-87.89046,42.99272,0.0],[-87.89057,42.99277,0.0],[-87.89065,42.9928,0.0],[-87.89068,42.99282,0.0],[-87.89076,42.99285,0.0],[-87.89096,42.99293,0.0],[-87.89125,42.99309,0.0],[-87.89271,42.99384,0.0],[-87.89319,42.99409,0.0],[-87.8934,42.99419,0.0],[-87.89401,42.99451,0.0],[-87.89421,42.99462,0.0],[-87.89513,42.99508,0.0],[-87.89554,42.99528,0.0],[-87.89617,42.99562,0.0],[-87.89628,42.99568,0.0],[-87.8966,42.99587,0.0],[-87.89671,42.99593,0.0]]]]}},{"type":"Feature","properties":{"uesi_id":"USA_R251075","nbhd_code":"USA_R251075_156","nbhd_name":"Census Tract 182, Milwaukee, WI"},"geometry":{"type":"MultiPolygon","coordinates":[[[[-87.88751,42.99225,0.0],[-87.88723,42.99247,0.0],[-87.88714,42.99254,0.0],[-87.88694,42.99265,0.0],[-87.88635,42.99297,0.0],[-87.88615,42.99308,0.0],[-87.88596,42.99319,0.0],[-87.8854,42.9935,0.0],[-87.88521,42.9936,0.0],[-87.88502,42.9937,0.0],[-87.88445,42.99401,0.0],[-87.88426,42.99412,0.0],[-87.88404,42.99424,0.0],[-87.88336,42.99461,0.0],[-87.88313,42.99474,0.0],[-87.88338,42.99495,0.0],[-87.88396,42.99546,0.0],[-87.88412,42.99561,0.0],[-87.88437,42.99583,0.0],[-87.88404,42.99601,0.0],[-87.88337,42.99637,0.0],[-87.88304,42.99654,0.0],[-87.88273,42.9967,0.0],[-87.88272,42.99671,0.0],[-87.88167,42.99718,0.0],[-87.88065,42.99763,0.0],[-87.87397,43.00025,0.0],[-87.87209,42.99798,0.0],[-87.85591,42.98809,0.0],[-87.86614,42.98787,0.0],[-87.86819,42.98796,0.0],[-87.87133,42.98807,0.0],[-87.87169,42.98807,0.0],[-87.87275,42.98809,0.0],[-87.8731,42.98809,0.0],[-87.87318,42.98809,0.0],[-87.87342,42.98809,0.0],[-87.8735,42.9881,0.0],[-87.87373,42.9881,0.0],[-87.87443,42.98811,0.0],[-87.87466,42.98811,0.0],[-87.87468,42.98811,0.0],[-87.87472,42.98811,0.0],[-87.87473,42.98811,0.0],[-87.87484,42.98811,0.0],[-87.87515,42.98812,0.0],[-87.87525,42.98812,0.0],[-87.8753,42.98812,0.0],[-87.87537,42.98812,0.0],[-87.87572,42.98812,0.0],[-87.87584,42.98812,0.0],[-87.87607,42.98813,0.0],[-87.87677,42.98814,0.0],[-87.87701,42.98814,0.0],[-87.87709,42.98814,0.0],[-87.87732,42.98814,0.0],[-87.8774,42.98814,0.0],[-87.87756,42.98815,0.0],[-87.87764,42.98815,0.0],[-87.87803,42.98815,0.0],[-87.87818,42.98815,0.0],[-87.87822,42.98815,0.0],[-87.87844,42.98816,0.0],[-87.87913,42.98817,0.0],[-87.87936,42.98817,0.0],[-87.87979,42.98816,0.0],[-87.88109,42.98815,0.0],[-87.88152,42.98814,0.0],[-87.8819,42.98815,0.0],[-87.88305,42.98816,0.0],[-87.88344,42.98817,0.0],[-87.88353,42.98835,0.0],[-87.88383,42.98891,0.0],[-87.88393,42.98909,0.0],[-87.88395,42.98912,0.0],[-87.884,42.98922,0.0],[-87.88402,42.98925,0.0],[-87.88414,42.9895,0.0],[-87.88415,42.98951,0.0],[-87.88477,42.99006,0.0],[-87.88498,42.99024,0.0],[-87.88528,42.99051,0.0],[-87.88618,42.99132,0.0],[-87.88649,42.99158,0.0],[-87.88661,42.99169,0.0],[-87.88693,42.99198,0.0],[-87.88699,42.99202,0.0],[-87.88714,42.9921,0.0],[-87.88723,42.99212,0.0],[-87.88751,42.99217,0.0],[-87.88761,42.99218,0.0],[-87.88751,42.99225,0.0]]]]}},{"type":"Feature","properties":{"uesi_id":"USA_R251075","nbhd_code":"USA_R251075_157","nbhd_name":"Census Tract 183, Milwaukee, WI"},"geometry":{"type":"MultiPolygon","coordinates":[[[[-87.90045,42.99415,0.0],[-87.90044,42.99527,0.0],[-87.90044,42.99565,0.0],[-87.9002,42.99565,0.0],[-87.89948,42.99565,0.0],[-87.89924,42.99565,0.0],[-87.899,42.99565,0.0],[-87.89828,42.99565,0.0],[-87.89804,42.99564,0.0],[-87.89779,42.99564,0.0],[-87.89704,42.99563,0.0],[-87.89679,42.99563,0.0],[-87.89666,42.99563,0.0],[-87.8963,42.99562,0.0],[-87.89617,42.99562,0.0],[-87.89554,42.99528,0.0],[-87.89513,42.99508,0.0],[-87.89421,42.99462,0.0],[-87.89401,42.99451,0.0],[-87.8934,42.99419,0.0],[-87.89319,42.99409,0.0],[-87.89271,42.99384,0.0],[-87.89125,42.99309,0.0],[-87.89096,42.99293,0.0],[-87.89076,42.99285,0.0],[-87.89068,42.99282,0.0],[-87.89065,42.9928,0.0],[-87.89057,42.99277,0.0],[-87.89046,42.99272,0.0],[-87.89039,42.99269,0.0],[-87.89023,42.99264,0.0],[-87.89022,42.99264,0.0],[-87.88971,42.99254,0.0],[-87.88954,42.99251,0.0],[-87.88932,42.99247,0.0],[-87.88866,42.99236,0.0],[-87.88844,42.99232,0.0],[-87.88827,42.99229,0.0],[-87.88777,42.99221,0.0],[-87.88775,42.99221,0.0],[-87.88761,42.99218,0.0],[-87.88751,42.99217,0.0],[-87.88723,42.99212,0.0],[-87.88714,42.9921,0.0],[-87.88699,42.99202,0.0],[-87.88693,42.99198,0.0],[-87.88661,42.99169,0.0],[-87.88649,42.99158,0.0],[-87.88618,42.99132,0.0],[-87.88528,42.99051,0.0],[-87.88498,42.99024,0.0],[-87.88477,42.99006,0.0],[-87.88415,42.98951,0.0],[-87.88414,42.9895,0.0],[-87.88402,42.98925,0.0],[-87.884,42.98922,0.0],[-87.88395,42.98912,0.0],[-87.88393,42.98909,0.0],[-87.88383,42.98891,0.0],[-87.88353,42.98835,0.0],[-87.88344,42.98817,0.0],[-87.8842,42.98817,0.0],[-87.88641,42.9882,0.0],[-87.88651,42.9882,0.0],[-87.88714,42.98821,0.0],[-87.88728,42.98821,0.0],[-87.88742,42.98821,0.0],[-87.88783,42.98821,0.0],[-87.88789,42.98821,0.0],[-87.88796,42.98821,0.0],[-87.88809,42.98821,0.0],[-87.88818,42.98821,0.0],[-87.8883,42.98822,0.0],[-87.88846,42.98822,0.0],[-87.88859,42.98822,0.0],[-87.88872,42.98822,0.0],[-87.88913,42.98823,0.0],[-87.88927,42.98823,0.0],[-87.88955,42.98823,0.0],[-87.89039,42.98824,0.0],[-87.89067,42.98824,0.0],[-87.89072,42.98824,0.0],[-87.89088,42.98824,0.0],[-87.89094,42.98824,0.0],[-87.89114,42.98824,0.0],[-87.89174,42.98825,0.0],[-87.89194,42.98825,0.0],[-87.89196,42.98825,0.0],[-87.89202,42.98825,0.0],[-87.89204,42.98825,0.0],[-87.89327,42.98826,0.0],[-87.89437,42.98827,0.0],[-87.89463,42.98827,0.0],[-87.89541,42.98828,0.0],[-87.89567,42.98828,0.0],[-87.89592,42.98828,0.0],[-87.89667,42.98829,0.0],[-87.89692,42.98829,0.0],[-87.89691,42.98857,0.0],[-87.89687,42.98941,0.0],[-87.89686,42.98969,0.0],[-87.89686,42.98996,0.0],[-87.89684,42.99078,0.0],[-87.89684,42.99105,0.0],[-87.89709,42.99105,0.0],[-87.89785,42.99106,0.0],[-87.8981,42.99106,0.0],[-87.89834,42.99106,0.0],[-87.89907,42.99107,0.0],[-87.89931,42.99107,0.0],[-87.8993,42.99134,0.0],[-87.89929,42.99216,0.0],[-87.89929,42.99243,0.0],[-87.89928,42.9927,0.0],[-87.89927,42.99352,0.0],[-87.89927,42.99379,0.0],[-87.8995,42.99379,0.0],[-87.90021,42.99378,0.0],[-87.90045,42.99378,0.0],[-87.90045,42.99415,0.0]]]]}},{"type":"Feature","properties":{"uesi_id":"USA_R251075","nbhd_code":"USA_R251075_158","nbhd_name":"Census Tract 184, Milwaukee, WI"},"geometry":{"type":"MultiPolygon","coordinates":[[[[-87.91112,42.99416,0.0],[-87.91102,42.99437,0.0],[-87.91073,42.99499,0.0],[-87.91064,42.9952,0.0],[-87.91063,42.99515,0.0],[-87.91059,42.9952,0.0],[-87.91046,42.9952,0.0],[-87.91009,42.9952,0.0],[-87.90997,42.9952,0.0],[-87.90983,42.99519,0.0],[-87.90944,42.99519,0.0],[-87.90931,42.99519,0.0],[-87.90907,42.99519,0.0],[-87.90837,42.99519,0.0],[-87.90813,42.9952,0.0],[-87.90786,42.9952,0.0],[-87.90703,42.9952,0.0],[-87.90676,42.9952,0.0],[-87.90626,42.99521,0.0],[-87.90476,42.99522,0.0],[-87.90426,42.99522,0.0],[-87.90426,42.9953,0.0],[-87.90426,42.99554,0.0],[-87.90426,42.99562,0.0],[-87.90412,42.99562,0.0],[-87.90372,42.99562,0.0],[-87.90358,42.99563,0.0],[-87.90343,42.99563,0.0],[-87.90296,42.99563,0.0],[-87.90281,42.99563,0.0],[-87.90257,42.99563,0.0],[-87.90187,42.99564,0.0],[-87.90164,42.99564,0.0],[-87.9014,42.99564,0.0],[-87.90068,42.99564,0.0],[-87.90044,42.99565,0.0],[-87.90044,42.99527,0.0],[-87.90045,42.99415,0.0],[-87.90045,42.99378,0.0],[-87.90021,42.99378,0.0],[-87.8995,42.99379,0.0],[-87.89927,42.99379,0.0],[-87.89927,42.99352,0.0],[-87.89928,42.9927,0.0],[-87.89929,42.99243,0.0],[-87.89929,42.99216,0.0],[-87.8993,42.99134,0.0],[-87.89931,42.99107,0.0],[-87.89907,42.99107,0.0],[-87.89834,42.99106,0.0],[-87.8981,42.99106,0.0],[-87.89785,42.99106,0.0],[-87.89709,42.99105,0.0],[-87.89684,42.99105,0.0],[-87.89684,42.99078,0.0],[-87.89686,42.98996,0.0],[-87.89686,42.98969,0.0],[-87.89687,42.98941,0.0],[-87.89691,42.98857,0.0],[-87.89692,42.98829,0.0],[-87.89717,42.98829,0.0],[-87.89793,42.9883,0.0],[-87.89818,42.9883,0.0],[-87.89841,42.9883,0.0],[-87.8991,42.98831,0.0],[-87.89933,42.98831,0.0],[-87.89957,42.98831,0.0],[-87.90027,42.98831,0.0],[-87.9005,42.98831,0.0],[-87.90073,42.98831,0.0],[-87.90141,42.98831,0.0],[-87.90164,42.98831,0.0],[-87.90188,42.9883,0.0],[-87.9026,42.9883,0.0],[-87.9028,42.9883,0.0],[-87.90284,42.9883,0.0],[-87.90306,42.9883,0.0],[-87.90373,42.9883,0.0],[-87.90395,42.9883,0.0],[-87.90404,42.9883,0.0],[-87.90431,42.9883,0.0],[-87.9044,42.9883,0.0],[-87.90466,42.9883,0.0],[-87.90546,42.9883,0.0],[-87.90573,42.9883,0.0],[-87.90595,42.98829,0.0],[-87.9066,42.98829,0.0],[-87.90681,42.98829,0.0],[-87.90708,42.98829,0.0],[-87.90786,42.98829,0.0],[-87.90813,42.98829,0.0],[-87.90836,42.98829,0.0],[-87.90908,42.98828,0.0],[-87.90932,42.98828,0.0],[-87.90932,42.98846,0.0],[-87.90931,42.989,0.0],[-87.90931,42.98918,0.0],[-87.90931,42.98934,0.0],[-87.9093,42.98985,0.0],[-87.9093,42.99001,0.0],[-87.90932,42.99038,0.0],[-87.90933,42.99069,0.0],[-87.90968,42.99138,0.0],[-87.90985,42.99171,0.0],[-87.90994,42.99188,0.0],[-87.9102,42.99238,0.0],[-87.91029,42.99255,0.0],[-87.91042,42.99279,0.0],[-87.91079,42.9935,0.0],[-87.91091,42.99374,0.0],[-87.91095,42.99382,0.0],[-87.91108,42.99408,0.0],[-87.91112,42.99416,0.0]]]]}},{"type":"Feature","properties":{"uesi_id":"USA_R251075","nbhd_code":"USA_R251075_159","nbhd_name":"Census Tract 185, Milwaukee, WI"},"geometry":{"type":"MultiPolygon","coordinates":[[[[-87.91933,42.97486,0.0],[-87.91928,42.97814,0.0],[-87.91926,42.97923,0.0],[-87.91926,42.9794,0.0],[-87.91925,42.97992,0.0],[-87.91925,42.98009,0.0],[-87.91925,42.98017,0.0],[-87.91925,42.98039,0.0],[-87.91924,42.98101,0.0],[-87.91923,42.9813,0.0],[-87.91923,42.98161,0.0],[-87.91923,42.98174,0.0],[-87.91923,42.98213,0.0],[-87.91923,42.98226,0.0],[-87.91921,42.98275,0.0],[-87.9192,42.9829,0.0],[-87.91917,42.98421,0.0],[-87.91916,42.9847,0.0],[-87.91915,42.98506,0.0],[-87.91913,42.98615,0.0],[-87.91913,42.98652,0.0],[-87.91912,42.98687,0.0],[-87.9191,42.98793,0.0],[-87.9191,42.98829,0.0],[-87.91909,42.98866,0.0],[-87.91906,42.98978,0.0],[-87.91905,42.99015,0.0],[-87.91904,42.99051,0.0],[-87.91901,42.9916,0.0],[-87.919,42.99196,0.0],[-87.919,42.9921,0.0],[-87.91899,42.99254,0.0],[-87.91899,42.99267,0.0],[-87.91898,42.99269,0.0],[-87.91894,42.99442,0.0],[-87.91893,42.99468,0.0],[-87.91891,42.99561,0.0],[-87.9189,42.99628,0.0],[-87.9189,42.99634,0.0],[-87.91878,42.9963,0.0],[-87.91866,42.99624,0.0],[-87.9185,42.9961,0.0],[-87.91841,42.996,0.0],[-87.9184,42.99595,0.0],[-87.91836,42.99589,0.0],[-87.91836,42.99587,0.0],[-87.91827,42.99569,0.0],[-87.91824,42.99562,0.0],[-87.91822,42.99554,0.0],[-87.91818,42.99549,0.0],[-87.91807,42.99543,0.0],[-87.91758,42.99523,0.0],[-87.91755,42.99523,0.0],[-87.9175,42.99521,0.0],[-87.91732,42.99518,0.0],[-87.9173,42.99518,0.0],[-87.91711,42.99516,0.0],[-87.91703,42.99516,0.0],[-87.91693,42.99516,0.0],[-87.91665,42.99521,0.0],[-87.91654,42.99523,0.0],[-87.91631,42.99527,0.0],[-87.91621,42.99528,0.0],[-87.91609,42.99528,0.0],[-87.91587,42.99525,0.0],[-87.91568,42.99526,0.0],[-87.91552,42.9953,0.0],[-87.91522,42.99541,0.0],[-87.91516,42.99543,0.0],[-87.91507,42.99546,0.0],[-87.91501,42.99547,0.0],[-87.91498,42.99548,0.0],[-87.91495,42.99549,0.0],[-87.91478,42.99554,0.0],[-87.91444,42.99565,0.0],[-87.91427,42.99571,0.0],[-87.91387,42.99589,0.0],[-87.91332,42.99621,0.0],[-87.91305,42.99638,0.0],[-87.91284,42.99654,0.0],[-87.91277,42.99659,0.0],[-87.91268,42.99667,0.0],[-87.91249,42.99692,0.0],[-87.91247,42.99687,0.0],[-87.91246,42.99685,0.0],[-87.91228,42.99652,0.0],[-87.91225,42.99646,0.0],[-87.91197,42.99592,0.0],[-87.91113,42.99419,0.0],[-87.91112,42.99416,0.0],[-87.91108,42.99408,0.0],[-87.91095,42.99382,0.0],[-87.91091,42.99374,0.0],[-87.91079,42.9935,0.0],[-87.91042,42.99279,0.0],[-87.91029,42.99255,0.0],[-87.9102,42.99238,0.0],[-87.90994,42.99188,0.0],[-87.90985,42.99171,0.0],[-87.90968,42.99138,0.0],[-87.90933,42.99069,0.0],[-87.90932,42.99038,0.0],[-87.9093,42.99001,0.0],[-87.9093,42.98985,0.0],[-87.90931,42.98934,0.0],[-87.90931,42.98918,0.0],[-87.90931,42.989,0.0],[-87.90932,42.98846,0.0],[-87.90932,42.98828,0.0],[-87.90934,42.98825,0.0],[-87.90939,42.98815,0.0],[-87.90941,42.98812,0.0],[-87.90941,42.98779,0.0],[-87.90943,42.9868,0.0],[-87.90943,42.98647,0.0],[-87.90943,42.9861,0.0],[-87.90944,42.98501,0.0],[-87.90945,42.98465,0.0],[-87.90945,42.98457,0.0],[-87.90946,42.98434,0.0],[-87.90946,42.9843,0.0],[-87.90946,42.98426,0.0],[-87.90946,42.98389,0.0],[-87.90947,42.98277,0.0],[-87.90947,42.9824,0.0],[-87.90947,42.98213,0.0],[-87.90948,42.98131,0.0],[-87.90948,42.98104,0.0],[-87.90948,42.98067,0.0],[-87.90949,42.97957,0.0],[-87.90949,42.97921,0.0],[-87.9095,42.97895,0.0],[-87.9095,42.97835,0.0],[-87.9095,42.97817,0.0],[-87.9095,42.97791,0.0],[-87.9095,42.97784,0.0],[-87.9095,42.97764,0.0],[-87.9095,42.97757,0.0],[-87.9095,42.97754,0.0],[-87.9095,42.97744,0.0],[-87.90951,42.9774,0.0],[-87.90951,42.97722,0.0],[-87.90951,42.97669,0.0],[-87.90951,42.97651,0.0],[-87.90951,42.97631,0.0],[-87.90952,42.97572,0.0],[-87.90952,42.97552,0.0],[-87.90952,42.97517,0.0],[-87.90953,42.97411,0.0],[-87.90953,42.97376,0.0],[-87.90979,42.97376,0.0],[-87.91056,42.97376,0.0],[-87.91082,42.97376,0.0],[-87.91088,42.97376,0.0],[-87.91105,42.97376,0.0],[-87.91111,42.97376,0.0],[-87.91129,42.97376,0.0],[-87.91184,42.97376,0.0],[-87.91202,42.97377,0.0],[-87.91225,42.97377,0.0],[-87.91295,42.97377,0.0],[-87.91318,42.97377,0.0],[-87.91345,42.97377,0.0],[-87.91425,42.97377,0.0],[-87.91452,42.97377,0.0],[-87.91457,42.97377,0.0],[-87.91473,42.97377,0.0],[-87.91478,42.97377,0.0],[-87.91487,42.97377,0.0],[-87.91506,42.97377,0.0],[-87.91515,42.97377,0.0],[-87.91524,42.97377,0.0],[-87.91531,42.97377,0.0],[-87.91539,42.97377,0.0],[-87.91544,42.97377,0.0],[-87.91551,42.97377,0.0],[-87.91553,42.97377,0.0],[-87.91569,42.97377,0.0],[-87.91585,42.97377,0.0],[-87.91665,42.97377,0.0],[-87.91692,42.97377,0.0],[-87.91711,42.97375,0.0],[-87.91717,42.97376,0.0],[-87.91722,42.97376,0.0],[-87.91791,42.97376,0.0],[-87.91794,42.97377,0.0],[-87.91813,42.97377,0.0],[-87.91837,42.97377,0.0],[-87.91911,42.97377,0.0],[-87.91935,42.97377,0.0],[-87.91933,42.97486,0.0]]]]}},{"type":"Feature","properties":{"uesi_id":"USA_R251075","nbhd_code":"USA_R251075_160","nbhd_name":"Census Tract 186, Milwaukee, WI"},"geometry":{"type":"MultiPolygon","coordinates":[[[[-87.92627,42.99228,0.0],[-87.92624,42.99332,0.0],[-87.92624,42.99367,0.0],[-87.92623,42.99377,0.0],[-87.92622,42.99408,0.0],[-87.92621,42.99418,0.0],[-87.92621,42.99421,0.0],[-87.92622,42.99431,0.0],[-87.92622,42.99434,0.0],[-87.92622,42.99458,0.0],[-87.92622,42.99506,0.0],[-87.9262,42.99531,0.0],[-87.92619,42.99555,0.0],[-87.92618,42.9959,0.0],[-87.92616,42.99696,0.0],[-87.92615,42.99731,0.0],[-87.92615,42.99737,0.0],[-87.92615,42.9974,0.0],[-87.92615,42.99744,0.0],[-87.92615,42.99759,0.0],[-87.92615,42.99764,0.0],[-87.92614,42.99795,0.0],[-87.92612,42.99889,0.0],[-87.92612,42.9992,0.0],[-87.92587,42.9992,0.0],[-87.92515,42.9992,0.0],[-87.92491,42.9992,0.0],[-87.92466,42.9992,0.0],[-87.92394,42.9992,0.0],[-87.92369,42.9992,0.0],[-87.92345,42.9992,0.0],[-87.92273,42.9992,0.0],[-87.92249,42.9992,0.0],[-87.92225,42.9992,0.0],[-87.92152,42.9992,0.0],[-87.92128,42.99921,0.0],[-87.92104,42.99921,0.0],[-87.92031,42.99921,0.0],[-87.92007,42.99921,0.0],[-87.91982,42.99921,0.0],[-87.91908,42.99921,0.0],[-87.91899,42.99921,0.0],[-87.91885,42.99917,0.0],[-87.91885,42.99886,0.0],[-87.91887,42.99795,0.0],[-87.91887,42.99764,0.0],[-87.91887,42.99761,0.0],[-87.9189,42.99634,0.0],[-87.9189,42.99628,0.0],[-87.91891,42.99561,0.0],[-87.91893,42.99468,0.0],[-87.91894,42.99442,0.0],[-87.91898,42.99269,0.0],[-87.91899,42.99267,0.0],[-87.91899,42.99254,0.0],[-87.919,42.9921,0.0],[-87.919,42.99196,0.0],[-87.91925,42.99196,0.0],[-87.91998,42.99195,0.0],[-87.92023,42.99195,0.0],[-87.92047,42.99195,0.0],[-87.92119,42.99195,0.0],[-87.92143,42.99195,0.0],[-87.92167,42.99195,0.0],[-87.9224,42.99195,0.0],[-87.92264,42.99195,0.0],[-87.92288,42.99195,0.0],[-87.92361,42.99194,0.0],[-87.92386,42.99194,0.0],[-87.9241,42.99194,0.0],[-87.92482,42.99194,0.0],[-87.92507,42.99194,0.0],[-87.92531,42.99194,0.0],[-87.92603,42.99194,0.0],[-87.92628,42.99194,0.0],[-87.92627,42.99228,0.0]]]]}},{"type":"Feature","properties":{"uesi_id":"USA_R251075","nbhd_code":"USA_R251075_161","nbhd_name":"Census Tract 187, Milwaukee, WI"},"geometry":{"type":"MultiPolygon","coordinates":[[[[-87.93372,42.99368,0.0],[-87.93372,42.9937,0.0],[-87.93361,42.99563,0.0],[-87.93358,42.99715,0.0],[-87.93358,42.99721,0.0],[-87.93357,42.99771,0.0],[-87.93356,42.99802,0.0],[-87.93354,42.99896,0.0],[-87.93354,42.99927,0.0],[-87.93351,42.99927,0.0],[-87.93343,42.99927,0.0],[-87.9334,42.99927,0.0],[-87.93322,42.99927,0.0],[-87.93269,42.99926,0.0],[-87.93251,42.99926,0.0],[-87.93226,42.99925,0.0],[-87.93153,42.99924,0.0],[-87.93129,42.99924,0.0],[-87.93101,42.99923,0.0],[-87.93018,42.99922,0.0],[-87.92991,42.99921,0.0],[-87.92963,42.99921,0.0],[-87.92882,42.9992,0.0],[-87.92855,42.99919,0.0],[-87.9283,42.99919,0.0],[-87.92757,42.9992,0.0],[-87.92733,42.9992,0.0],[-87.92708,42.9992,0.0],[-87.92636,42.9992,0.0],[-87.92612,42.9992,0.0],[-87.92612,42.99889,0.0],[-87.92614,42.99795,0.0],[-87.92615,42.99764,0.0],[-87.92615,42.99759,0.0],[-87.92615,42.99744,0.0],[-87.92615,42.9974,0.0],[-87.92615,42.99737,0.0],[-87.92615,42.99731,0.0],[-87.92616,42.99696,0.0],[-87.92618,42.9959,0.0],[-87.92619,42.99555,0.0],[-87.9262,42.99531,0.0],[-87.92622,42.99506,0.0],[-87.92622,42.99458,0.0],[-87.92622,42.99434,0.0],[-87.92622,42.99431,0.0],[-87.92621,42.99421,0.0],[-87.92621,42.99418,0.0],[-87.92622,42.99408,0.0],[-87.92623,42.99377,0.0],[-87.92624,42.99367,0.0],[-87.92624,42.99332,0.0],[-87.92627,42.99228,0.0],[-87.92628,42.99194,0.0],[-87.92652,42.99194,0.0],[-87.92725,42.99193,0.0],[-87.92749,42.99193,0.0],[-87.92774,42.99193,0.0],[-87.92847,42.99193,0.0],[-87.92871,42.99193,0.0],[-87.92898,42.99193,0.0],[-87.92981,42.99195,0.0],[-87.93008,42.99195,0.0],[-87.93035,42.99195,0.0],[-87.93115,42.99197,0.0],[-87.93142,42.99197,0.0],[-87.93165,42.99198,0.0],[-87.93236,42.99199,0.0],[-87.9326,42.99199,0.0],[-87.93283,42.992,0.0],[-87.93352,42.99201,0.0],[-87.93375,42.99201,0.0],[-87.93372,42.99368,0.0]]]]}},{"type":"Feature","properties":{"uesi_id":"USA_R251075","nbhd_code":"USA_R251075_162","nbhd_name":"Census Tract 188, Milwaukee, WI"},"geometry":{"type":"MultiPolygon","coordinates":[[[[-87.94819,42.99774,0.0],[-87.94817,42.99956,0.0],[-87.94819,43.0008,0.0],[-87.94813,43.00084,0.0],[-87.94758,43.00122,0.0],[-87.9474,43.00134,0.0],[-87.94724,43.00144,0.0],[-87.94679,43.00174,0.0],[-87.94664,43.00184,0.0],[-87.94621,43.00209,0.0],[-87.94495,43.00286,0.0],[-87.94453,43.00311,0.0],[-87.94412,43.0031,0.0],[-87.94289,43.00309,0.0],[-87.9425,43.00308,0.0],[-87.94248,43.00308,0.0],[-87.94215,43.00307,0.0],[-87.94119,43.00306,0.0],[-87.94087,43.00306,0.0],[-87.94055,43.00305,0.0],[-87.93977,43.00304,0.0],[-87.93825,43.00301,0.0],[-87.93709,43.00299,0.0],[-87.93705,43.00299,0.0],[-87.93692,43.00299,0.0],[-87.93688,43.00299,0.0],[-87.93661,43.00299,0.0],[-87.93581,43.00297,0.0],[-87.93554,43.00297,0.0],[-87.93533,43.00297,0.0],[-87.93472,43.00296,0.0],[-87.93452,43.00295,0.0],[-87.93429,43.00295,0.0],[-87.9336,43.00294,0.0],[-87.93337,43.00293,0.0],[-87.93338,43.00258,0.0],[-87.9334,43.00151,0.0],[-87.93341,43.00115,0.0],[-87.93341,43.00095,0.0],[-87.93342,43.00034,0.0],[-87.93343,43.00013,0.0],[-87.93345,42.99996,0.0],[-87.93351,42.99944,0.0],[-87.93354,42.99927,0.0],[-87.93354,42.99896,0.0],[-87.93356,42.99802,0.0],[-87.93357,42.99771,0.0],[-87.93358,42.99721,0.0],[-87.93358,42.99715,0.0],[-87.93361,42.99563,0.0],[-87.93575,42.99567,0.0],[-87.93577,42.99567,0.0],[-87.9372,42.99569,0.0],[-87.93744,42.9957,0.0],[-87.93815,42.99571,0.0],[-87.93839,42.99572,0.0],[-87.94038,42.99575,0.0],[-87.94638,42.99586,0.0],[-87.94821,42.99589,0.0],[-87.94819,42.99774,0.0]]]]}},{"type":"Feature","properties":{"uesi_id":"USA_R251075","nbhd_code":"USA_R251075_163","nbhd_name":"Census Tract 189, Milwaukee, WI"},"geometry":{"type":"MultiPolygon","coordinates":[[[[-87.95894,42.99615,0.0],[-87.95891,42.9965,0.0],[-87.95885,42.99679,0.0],[-87.95881,42.99693,0.0],[-87.95872,42.99728,0.0],[-87.95871,42.9973,0.0],[-87.95871,42.99732,0.0],[-87.95869,42.99739,0.0],[-87.95868,42.99742,0.0],[-87.95868,42.99744,0.0],[-87.95866,42.99749,0.0],[-87.95865,42.9975,0.0],[-87.95864,42.99755,0.0],[-87.95859,42.99771,0.0],[-87.95857,42.99777,0.0],[-87.95842,42.99834,0.0],[-87.9584,42.9984,0.0],[-87.95836,42.99855,0.0],[-87.95826,42.9989,0.0],[-87.95808,42.99957,0.0],[-87.95806,42.99983,0.0],[-87.95805,42.99999,0.0],[-87.95802,43.00036,0.0],[-87.95798,43.00017,0.0],[-87.95792,42.99993,0.0],[-87.95789,42.99973,0.0],[-87.9579,42.9996,0.0],[-87.95791,42.99941,0.0],[-87.95768,42.99941,0.0],[-87.95702,42.99941,0.0],[-87.95679,42.99942,0.0],[-87.95654,42.99942,0.0],[-87.95579,42.99943,0.0],[-87.95554,42.99943,0.0],[-87.95555,42.99892,0.0],[-87.95559,42.99739,0.0],[-87.9556,42.99688,0.0],[-87.9556,42.99679,0.0],[-87.9556,42.99672,0.0],[-87.95549,42.99653,0.0],[-87.95545,42.99645,0.0],[-87.95522,42.99659,0.0],[-87.95452,42.997,0.0],[-87.95429,42.99714,0.0],[-87.95403,42.9973,0.0],[-87.95325,42.99777,0.0],[-87.95299,42.99792,0.0],[-87.95298,42.99823,0.0],[-87.95297,42.99916,0.0],[-87.95296,42.99947,0.0],[-87.95183,42.99949,0.0],[-87.95059,42.99936,0.0],[-87.94934,42.99952,0.0],[-87.94839,42.99956,0.0],[-87.94817,42.99956,0.0],[-87.94819,42.99774,0.0],[-87.94821,42.99589,0.0],[-87.94823,42.99562,0.0],[-87.94814,42.99373,0.0],[-87.94815,42.99325,0.0],[-87.94819,42.99228,0.0],[-87.94839,42.99228,0.0],[-87.94877,42.99227,0.0],[-87.95021,42.99225,0.0],[-87.95069,42.99224,0.0],[-87.95117,42.99223,0.0],[-87.95263,42.99221,0.0],[-87.95312,42.99221,0.0],[-87.95337,42.9922,0.0],[-87.95411,42.9922,0.0],[-87.95436,42.99219,0.0],[-87.9546,42.99219,0.0],[-87.95532,42.99218,0.0],[-87.95556,42.99218,0.0],[-87.95581,42.99218,0.0],[-87.95616,42.99217,0.0],[-87.95655,42.99217,0.0],[-87.95679,42.99216,0.0],[-87.95705,42.99216,0.0],[-87.95738,42.99216,0.0],[-87.95781,42.99215,0.0],[-87.95807,42.99215,0.0],[-87.95807,42.99251,0.0],[-87.95806,42.99359,0.0],[-87.95806,42.99396,0.0],[-87.95806,42.99412,0.0],[-87.95813,42.99432,0.0],[-87.95828,42.99458,0.0],[-87.95837,42.99472,0.0],[-87.95846,42.99486,0.0],[-87.95873,42.99526,0.0],[-87.95875,42.99529,0.0],[-87.95882,42.99545,0.0],[-87.95891,42.99569,0.0],[-87.95893,42.99581,0.0],[-87.95895,42.99591,0.0],[-87.95894,42.99615,0.0]]]]}},{"type":"Feature","properties":{"uesi_id":"USA_R251075","nbhd_code":"USA_R251075_164","nbhd_name":"Census Tract 190, Milwaukee, WI"},"geometry":{"type":"MultiPolygon","coordinates":[[[[-87.97792,42.99922,0.0],[-87.97765,42.99921,0.0],[-87.97764,42.99928,0.0],[-87.97764,42.99954,0.0],[-87.97763,42.9998,0.0],[-87.97763,42.99989,0.0],[-87.97762,43.00031,0.0],[-87.97763,43.0011,0.0],[-87.97758,43.00292,0.0],[-87.97718,43.00291,0.0],[-87.977,43.0029,0.0],[-87.97692,43.0029,0.0],[-87.97668,43.00289,0.0],[-87.9766,43.00289,0.0],[-87.97634,43.00289,0.0],[-87.9757,43.00289,0.0],[-87.97581,43.00295,0.0],[-87.97686,43.0033,0.0],[-87.97749,43.00353,0.0],[-87.97753,43.00362,0.0],[-87.97757,43.00371,0.0],[-87.97757,43.0038,0.0],[-87.97757,43.00385,0.0],[-87.97526,43.00307,0.0],[-87.97481,43.00292,0.0],[-87.97477,43.0029,0.0],[-87.96884,43.0009,0.0],[-87.96853,43.00079,0.0],[-87.96851,43.00079,0.0],[-87.96853,43.00105,0.0],[-87.9685,43.0029,0.0],[-87.96848,43.0029,0.0],[-87.9679,43.00291,0.0],[-87.96786,43.00291,0.0],[-87.96771,43.00291,0.0],[-87.96766,43.00291,0.0],[-87.96752,43.00291,0.0],[-87.96748,43.00291,0.0],[-87.96728,43.00292,0.0],[-87.96668,43.00292,0.0],[-87.96651,43.00292,0.0],[-87.96648,43.00292,0.0],[-87.96553,43.00293,0.0],[-87.96268,43.00297,0.0],[-87.96173,43.00298,0.0],[-87.96162,43.00298,0.0],[-87.9613,43.00299,0.0],[-87.96119,43.00299,0.0],[-87.96114,43.00299,0.0],[-87.96112,43.00299,0.0],[-87.96108,43.00299,0.0],[-87.96076,43.00299,0.0],[-87.96065,43.003,0.0],[-87.96058,43.003,0.0],[-87.96036,43.003,0.0],[-87.95948,43.00301,0.0],[-87.95919,43.00301,0.0],[-87.95911,43.00302,0.0],[-87.95894,43.00302,0.0],[-87.95818,43.00303,0.0],[-87.95793,43.00303,0.0],[-87.95798,43.00276,0.0],[-87.95798,43.00267,0.0],[-87.95799,43.00158,0.0],[-87.95799,43.00122,0.0],[-87.958,43.00105,0.0],[-87.958,43.00075,0.0],[-87.95801,43.00053,0.0],[-87.95802,43.00036,0.0],[-87.95805,42.99999,0.0],[-87.95806,42.99983,0.0],[-87.95808,42.99957,0.0],[-87.95826,42.9989,0.0],[-87.95836,42.99855,0.0],[-87.9584,42.9984,0.0],[-87.95842,42.99834,0.0],[-87.95857,42.99777,0.0],[-87.95859,42.99771,0.0],[-87.95864,42.99755,0.0],[-87.95865,42.9975,0.0],[-87.95866,42.99749,0.0],[-87.95868,42.99744,0.0],[-87.95868,42.99742,0.0],[-87.95869,42.99739,0.0],[-87.95871,42.99732,0.0],[-87.95871,42.9973,0.0],[-87.95872,42.99728,0.0],[-87.95881,42.99693,0.0],[-87.95885,42.99679,0.0],[-87.95891,42.9965,0.0],[-87.95894,42.99615,0.0],[-87.95895,42.99591,0.0],[-87.95893,42.99581,0.0],[-87.95891,42.99569,0.0],[-87.95882,42.99545,0.0],[-87.95875,42.99529,0.0],[-87.95873,42.99526,0.0],[-87.95846,42.99486,0.0],[-87.95837,42.99472,0.0],[-87.95828,42.99458,0.0],[-87.95813,42.99432,0.0],[-87.95806,42.99412,0.0],[-87.95806,42.99396,0.0],[-87.95806,42.99359,0.0],[-87.95807,42.99251,0.0],[-87.95807,42.99215,0.0],[-87.95807,42.99193,0.0],[-87.95808,42.99146,0.0],[-87.95808,42.99129,0.0],[-87.95808,42.99108,0.0],[-87.95808,42.99102,0.0],[-87.95808,42.99086,0.0],[-87.95808,42.99081,0.0],[-87.95808,42.99067,0.0],[-87.95808,42.99065,0.0],[-87.95808,42.99024,0.0],[-87.95808,42.9901,0.0],[-87.95808,42.99,0.0],[-87.95809,42.98971,0.0],[-87.95809,42.98961,0.0],[-87.95809,42.98938,0.0],[-87.95809,42.98869,0.0],[-87.9581,42.98846,0.0],[-87.95834,42.98846,0.0],[-87.95906,42.98845,0.0],[-87.95931,42.98844,0.0],[-87.95955,42.98844,0.0],[-87.96028,42.98843,0.0],[-87.96053,42.98843,0.0],[-87.96077,42.98843,0.0],[-87.96151,42.98842,0.0],[-87.96176,42.98842,0.0],[-87.962,42.98841,0.0],[-87.96273,42.98841,0.0],[-87.96297,42.9884,0.0],[-87.96322,42.9884,0.0],[-87.96394,42.98839,0.0],[-87.96419,42.98839,0.0],[-87.96443,42.98839,0.0],[-87.96517,42.98838,0.0],[-87.96542,42.98838,0.0],[-87.96566,42.98837,0.0],[-87.96638,42.98837,0.0],[-87.96662,42.98836,0.0],[-87.96688,42.98836,0.0],[-87.96763,42.98835,0.0],[-87.96789,42.98835,0.0],[-87.96811,42.98835,0.0],[-87.96877,42.98836,0.0],[-87.969,42.98836,0.0],[-87.96914,42.98836,0.0],[-87.97038,42.98837,0.0],[-87.97064,42.98837,0.0],[-87.9714,42.98837,0.0],[-87.97165,42.98838,0.0],[-87.9719,42.98838,0.0],[-87.97264,42.98838,0.0],[-87.97288,42.98839,0.0],[-87.97313,42.98839,0.0],[-87.97387,42.98839,0.0],[-87.97412,42.98839,0.0],[-87.97437,42.98839,0.0],[-87.97512,42.9884,0.0],[-87.97537,42.9884,0.0],[-87.97561,42.9884,0.0],[-87.97635,42.98841,0.0],[-87.9766,42.98841,0.0],[-87.97685,42.98841,0.0],[-87.9776,42.98842,0.0],[-87.97785,42.98842,0.0],[-87.97785,42.98864,0.0],[-87.97783,42.98931,0.0],[-87.97783,42.98953,0.0],[-87.97782,42.98967,0.0],[-87.97782,42.9901,0.0],[-87.97782,42.99024,0.0],[-87.97781,42.9906,0.0],[-87.97778,42.99168,0.0],[-87.97778,42.99204,0.0],[-87.97776,42.99276,0.0],[-87.97772,42.99492,0.0],[-87.97771,42.99564,0.0],[-87.97769,42.99612,0.0],[-87.97769,42.99627,0.0],[-87.97768,42.99638,0.0],[-87.97764,42.99651,0.0],[-87.97759,42.99665,0.0],[-87.97753,42.99677,0.0],[-87.97725,42.9972,0.0],[-87.97717,42.99735,0.0],[-87.97713,42.99741,0.0],[-87.97712,42.99744,0.0],[-87.97708,42.99755,0.0],[-87.97704,42.99767,0.0],[-87.977,42.99787,0.0],[-87.977,42.99805,0.0],[-87.97699,42.99859,0.0],[-87.97699,42.99877,0.0],[-87.97713,42.99893,0.0],[-87.97714,42.99894,0.0],[-87.97727,42.99909,0.0],[-87.97776,42.99917,0.0],[-87.97792,42.99922,0.0]]]]}},{"type":"Feature","properties":{"uesi_id":"USA_R251075","nbhd_code":"USA_R251075_165","nbhd_name":"Census Tract 191, Milwaukee, WI"},"geometry":{"type":"MultiPolygon","coordinates":[[[[-87.97791,42.98513,0.0],[-87.97789,42.98622,0.0],[-87.97789,42.98659,0.0],[-87.97788,42.98696,0.0],[-87.97786,42.9879,0.0],[-87.97786,42.98805,0.0],[-87.97785,42.98842,0.0],[-87.9776,42.98842,0.0],[-87.97685,42.98841,0.0],[-87.9766,42.98841,0.0],[-87.97635,42.98841,0.0],[-87.97561,42.9884,0.0],[-87.97537,42.9884,0.0],[-87.97512,42.9884,0.0],[-87.97437,42.98839,0.0],[-87.97412,42.98839,0.0],[-87.97387,42.98839,0.0],[-87.97313,42.98839,0.0],[-87.97288,42.98839,0.0],[-87.97264,42.98838,0.0],[-87.9719,42.98838,0.0],[-87.97165,42.98838,0.0],[-87.9714,42.98837,0.0],[-87.97064,42.98837,0.0],[-87.97038,42.98837,0.0],[-87.96914,42.98836,0.0],[-87.969,42.98836,0.0],[-87.96877,42.98836,0.0],[-87.96811,42.98835,0.0],[-87.96789,42.98835,0.0],[-87.96763,42.98835,0.0],[-87.96688,42.98836,0.0],[-87.96662,42.98836,0.0],[-87.96638,42.98837,0.0],[-87.96566,42.98837,0.0],[-87.96542,42.98838,0.0],[-87.96517,42.98838,0.0],[-87.96443,42.98839,0.0],[-87.96419,42.98839,0.0],[-87.96394,42.98839,0.0],[-87.96322,42.9884,0.0],[-87.96297,42.9884,0.0],[-87.96273,42.98841,0.0],[-87.962,42.98841,0.0],[-87.96176,42.98842,0.0],[-87.96151,42.98842,0.0],[-87.96077,42.98843,0.0],[-87.96053,42.98843,0.0],[-87.96028,42.98843,0.0],[-87.95955,42.98844,0.0],[-87.95931,42.98844,0.0],[-87.95906,42.98845,0.0],[-87.95834,42.98846,0.0],[-87.9581,42.98846,0.0],[-87.9581,42.9882,0.0],[-87.95811,42.98741,0.0],[-87.95812,42.98715,0.0],[-87.95812,42.98686,0.0],[-87.95813,42.98601,0.0],[-87.95813,42.98572,0.0],[-87.95813,42.98555,0.0],[-87.95814,42.98502,0.0],[-87.95814,42.98485,0.0],[-87.95815,42.98468,0.0],[-87.95815,42.98415,0.0],[-87.95816,42.98398,0.0],[-87.95816,42.98361,0.0],[-87.95817,42.98295,0.0],[-87.95817,42.98249,0.0],[-87.95818,42.98212,0.0],[-87.95818,42.98194,0.0],[-87.95819,42.98138,0.0],[-87.95819,42.98125,0.0],[-87.95819,42.9812,0.0],[-87.9582,42.98084,0.0],[-87.95822,42.97975,0.0],[-87.95823,42.97939,0.0],[-87.95824,42.97909,0.0],[-87.95825,42.97849,0.0],[-87.95825,42.97821,0.0],[-87.95826,42.97792,0.0],[-87.95826,42.97784,0.0],[-87.95826,42.97769,0.0],[-87.95828,42.97699,0.0],[-87.95829,42.97676,0.0],[-87.95829,42.97671,0.0],[-87.95829,42.97656,0.0],[-87.95829,42.97651,0.0],[-87.95829,42.97639,0.0],[-87.95999,42.97639,0.0],[-87.9601,42.97639,0.0],[-87.96012,42.97592,0.0],[-87.96013,42.9752,0.0],[-87.96079,42.97519,0.0],[-87.96104,42.97519,0.0],[-87.96177,42.97519,0.0],[-87.96201,42.97519,0.0],[-87.96326,42.97519,0.0],[-87.96447,42.97518,0.0],[-87.9648,42.97518,0.0],[-87.96481,42.975,0.0],[-87.96483,42.97406,0.0],[-87.96483,42.97391,0.0],[-87.96619,42.97391,0.0],[-87.96622,42.97391,0.0],[-87.96634,42.97391,0.0],[-87.96638,42.97391,0.0],[-87.96667,42.9739,0.0],[-87.96755,42.9739,0.0],[-87.96784,42.9739,0.0],[-87.96783,42.97367,0.0],[-87.96782,42.97343,0.0],[-87.96737,42.97342,0.0],[-87.96729,42.97342,0.0],[-87.96733,42.97271,0.0],[-87.96825,42.9727,0.0],[-87.96825,42.97284,0.0],[-87.96823,42.97364,0.0],[-87.96823,42.9739,0.0],[-87.96822,42.97402,0.0],[-87.96821,42.97436,0.0],[-87.96821,42.97441,0.0],[-87.96888,42.97442,0.0],[-87.96888,42.97449,0.0],[-87.96997,42.97449,0.0],[-87.96995,42.97496,0.0],[-87.96995,42.97498,0.0],[-87.96994,42.97508,0.0],[-87.97057,42.97508,0.0],[-87.97055,42.9761,0.0],[-87.97066,42.9761,0.0],[-87.97067,42.97628,0.0],[-87.97062,42.97863,0.0],[-87.96843,42.97861,0.0],[-87.9681,42.97862,0.0],[-87.9681,42.97873,0.0],[-87.96803,42.98118,0.0],[-87.96796,42.98488,0.0],[-87.96796,42.98493,0.0],[-87.96796,42.98494,0.0],[-87.96794,42.98573,0.0],[-87.96843,42.98572,0.0],[-87.96859,42.98572,0.0],[-87.96859,42.98618,0.0],[-87.96876,42.98619,0.0],[-87.96922,42.98619,0.0],[-87.96922,42.98617,0.0],[-87.96922,42.98615,0.0],[-87.96922,42.98607,0.0],[-87.97042,42.98606,0.0],[-87.97062,42.98606,0.0],[-87.97064,42.98605,0.0],[-87.97132,42.98564,0.0],[-87.97143,42.98557,0.0],[-87.97184,42.98593,0.0],[-87.9699,42.9871,0.0],[-87.97028,42.98743,0.0],[-87.97041,42.98751,0.0],[-87.9704,42.98777,0.0],[-87.9704,42.98785,0.0],[-87.9704,42.98788,0.0],[-87.97076,42.98788,0.0],[-87.97076,42.98786,0.0],[-87.97076,42.98774,0.0],[-87.97077,42.98756,0.0],[-87.97077,42.9875,0.0],[-87.97078,42.98729,0.0],[-87.97081,42.98727,0.0],[-87.97087,42.98723,0.0],[-87.97111,42.98708,0.0],[-87.97111,42.98737,0.0],[-87.9711,42.98752,0.0],[-87.97111,42.98755,0.0],[-87.97133,42.98755,0.0],[-87.97167,42.98755,0.0],[-87.97167,42.98759,0.0],[-87.97166,42.98764,0.0],[-87.97166,42.98768,0.0],[-87.97166,42.98778,0.0],[-87.97166,42.98781,0.0],[-87.97165,42.98787,0.0],[-87.97224,42.98788,0.0],[-87.97225,42.98778,0.0],[-87.97226,42.98701,0.0],[-87.97168,42.98701,0.0],[-87.97168,42.98721,0.0],[-87.97168,42.98729,0.0],[-87.97167,42.9873,0.0],[-87.97167,42.98735,0.0],[-87.97167,42.98737,0.0],[-87.97167,42.98742,0.0],[-87.97167,42.98752,0.0],[-87.9714,42.98751,0.0],[-87.97141,42.98741,0.0],[-87.97142,42.9869,0.0],[-87.97143,42.98689,0.0],[-87.97145,42.98688,0.0],[-87.97152,42.98684,0.0],[-87.97154,42.98682,0.0],[-87.97157,42.98681,0.0],[-87.97166,42.98675,0.0],[-87.97169,42.98673,0.0],[-87.97174,42.9867,0.0],[-87.97189,42.98661,0.0],[-87.97194,42.98658,0.0],[-87.9721,42.98648,0.0],[-87.97259,42.98619,0.0],[-87.97273,42.9861,0.0],[-87.97276,42.98609,0.0],[-87.97279,42.98607,0.0],[-87.9729,42.986,0.0],[-87.97293,42.98598,0.0],[-87.97315,42.98585,0.0],[-87.97381,42.98545,0.0],[-87.97403,42.98532,0.0],[-87.97406,42.9853,0.0],[-87.97415,42.98524,0.0],[-87.97418,42.98522,0.0],[-87.9744,42.98509,0.0],[-87.97504,42.9847,0.0],[-87.97526,42.98457,0.0],[-87.9753,42.98455,0.0],[-87.97541,42.98448,0.0],[-87.97545,42.98446,0.0],[-87.97554,42.98441,0.0],[-87.97583,42.98423,0.0],[-87.97592,42.98418,0.0],[-87.97594,42.98417,0.0],[-87.97599,42.98413,0.0],[-87.97601,42.98412,0.0],[-87.97613,42.98405,0.0],[-87.97576,42.98373,0.0],[-87.97592,42.98361,0.0],[-87.97601,42.98356,0.0],[-87.9768,42.98311,0.0],[-87.97703,42.98296,0.0],[-87.97709,42.98302,0.0],[-87.9774,42.98329,0.0],[-87.97741,42.98328,0.0],[-87.97773,42.98308,0.0],[-87.97775,42.98307,0.0],[-87.9778,42.98304,0.0],[-87.97785,42.98302,0.0],[-87.97789,42.98299,0.0],[-87.97789,42.98334,0.0],[-87.97791,42.98441,0.0],[-87.97792,42.98477,0.0],[-87.97791,42.98513,0.0]]]]}},{"type":"Feature","properties":{"uesi_id":"USA_R251075","nbhd_code":"USA_R251075_166","nbhd_name":"Census Tract 192, Milwaukee, WI"},"geometry":{"type":"MultiPolygon","coordinates":[[[[-88.00209,42.98851,0.0],[-88.00208,42.98909,0.0],[-88.00208,42.98928,0.0],[-88.00205,42.98936,0.0],[-88.00204,42.99011,0.0],[-88.00204,42.99026,0.0],[-88.00203,42.99034,0.0],[-88.002,42.99034,0.0],[-88.00196,42.99035,0.0],[-88.00185,42.99034,0.0],[-88.00153,42.99034,0.0],[-88.00142,42.99034,0.0],[-88.00117,42.99034,0.0],[-88.00043,42.99035,0.0],[-88.00018,42.99035,0.0],[-87.99993,42.99036,0.0],[-87.99919,42.99037,0.0],[-87.99895,42.99038,0.0],[-87.99869,42.99037,0.0],[-87.99793,42.99036,0.0],[-87.99768,42.99036,0.0],[-87.99742,42.99036,0.0],[-87.99666,42.99039,0.0],[-87.99641,42.99039,0.0],[-87.99517,42.99039,0.0],[-87.99492,42.99039,0.0],[-87.99469,42.9904,0.0],[-87.99419,42.99047,0.0],[-87.99391,42.99056,0.0],[-87.99273,42.9913,0.0],[-87.99163,42.99243,0.0],[-87.99087,42.99393,0.0],[-87.99003,42.99565,0.0],[-87.98993,42.99589,0.0],[-87.98987,42.99599,0.0],[-87.98985,42.99602,0.0],[-87.98981,42.99608,0.0],[-87.98966,42.99627,0.0],[-87.98957,42.99637,0.0],[-87.98937,42.99656,0.0],[-87.98928,42.99664,0.0],[-87.98917,42.99673,0.0],[-87.98905,42.99681,0.0],[-87.98894,42.99688,0.0],[-87.98881,42.99698,0.0],[-87.98858,42.9971,0.0],[-87.98838,42.9972,0.0],[-87.988,42.99735,0.0],[-87.98758,42.99747,0.0],[-87.98734,42.99748,0.0],[-87.98718,42.99747,0.0],[-87.98702,42.99749,0.0],[-87.98687,42.9975,0.0],[-87.98667,42.99755,0.0],[-87.9865,42.99758,0.0],[-87.98636,42.99762,0.0],[-87.9861,42.9977,0.0],[-87.98597,42.99775,0.0],[-87.98586,42.99781,0.0],[-87.98572,42.99788,0.0],[-87.98559,42.99796,0.0],[-87.98545,42.99806,0.0],[-87.98535,42.99815,0.0],[-87.98524,42.99824,0.0],[-87.98515,42.99834,0.0],[-87.98507,42.99844,0.0],[-87.98496,42.99859,0.0],[-87.98472,42.99903,0.0],[-87.98467,42.99912,0.0],[-87.9846,42.99921,0.0],[-87.98453,42.99929,0.0],[-87.98452,42.99929,0.0],[-87.9827,42.99929,0.0],[-87.98261,42.99929,0.0],[-87.98142,42.99927,0.0],[-87.98126,42.99929,0.0],[-87.97937,42.99928,0.0],[-87.97875,42.99928,0.0],[-87.97764,42.99928,0.0],[-87.97765,42.99921,0.0],[-87.97792,42.99922,0.0],[-87.97776,42.99917,0.0],[-87.97727,42.99909,0.0],[-87.97714,42.99894,0.0],[-87.97713,42.99893,0.0],[-87.97699,42.99877,0.0],[-87.97699,42.99859,0.0],[-87.977,42.99805,0.0],[-87.977,42.99787,0.0],[-87.97704,42.99767,0.0],[-87.97708,42.99755,0.0],[-87.97712,42.99744,0.0],[-87.97713,42.99741,0.0],[-87.97717,42.99735,0.0],[-87.97725,42.9972,0.0],[-87.97753,42.99677,0.0],[-87.97759,42.99665,0.0],[-87.97764,42.99651,0.0],[-87.97768,42.99638,0.0],[-87.97769,42.99627,0.0],[-87.97769,42.99612,0.0],[-87.97771,42.99564,0.0],[-87.97772,42.99492,0.0],[-87.97776,42.99276,0.0],[-87.97778,42.99204,0.0],[-87.97778,42.99168,0.0],[-87.97781,42.9906,0.0],[-87.97782,42.99024,0.0],[-87.97782,42.9901,0.0],[-87.97782,42.98967,0.0],[-87.97783,42.98953,0.0],[-87.97783,42.98931,0.0],[-87.97785,42.98864,0.0],[-87.97785,42.98842,0.0],[-87.97835,42.98842,0.0],[-87.97984,42.98842,0.0],[-87.98034,42.98842,0.0],[-87.98059,42.98842,0.0],[-87.98134,42.98842,0.0],[-87.98159,42.98842,0.0],[-87.98184,42.98842,0.0],[-87.98259,42.98842,0.0],[-87.98284,42.98842,0.0],[-87.98309,42.98842,0.0],[-87.98384,42.98842,0.0],[-87.98409,42.98842,0.0],[-87.98433,42.98842,0.0],[-87.98504,42.98842,0.0],[-87.98528,42.98842,0.0],[-87.98558,42.98841,0.0],[-87.98646,42.98841,0.0],[-87.98676,42.98841,0.0],[-87.98697,42.98841,0.0],[-87.98707,42.98841,0.0],[-87.98758,42.98841,0.0],[-87.98779,42.98841,0.0],[-87.98806,42.98841,0.0],[-87.98885,42.98841,0.0],[-87.98911,42.98841,0.0],[-87.98929,42.9884,0.0],[-87.98983,42.9884,0.0],[-87.99001,42.9884,0.0],[-87.99101,42.98839,0.0],[-87.99402,42.98837,0.0],[-87.99503,42.98837,0.0],[-87.99533,42.98837,0.0],[-87.99623,42.98836,0.0],[-87.99653,42.98836,0.0],[-87.99677,42.98836,0.0],[-87.99749,42.98835,0.0],[-87.99773,42.98835,0.0],[-87.99816,42.98835,0.0],[-87.99946,42.98834,0.0],[-87.99989,42.98833,0.0],[-88.00033,42.98833,0.0],[-88.00165,42.98832,0.0],[-88.00209,42.98832,0.0],[-88.00209,42.98851,0.0]]]]}},{"type":"Feature","properties":{"uesi_id":"USA_R251075","nbhd_code":"USA_R251075_167","nbhd_name":"Census Tract 193, Milwaukee, WI"},"geometry":{"type":"MultiPolygon","coordinates":[[[[-88.00203,42.99048,0.0],[-88.00202,42.99058,0.0],[-88.00202,42.9911,0.0],[-88.00201,42.99195,0.0],[-88.00198,42.99376,0.0],[-88.00195,42.99557,0.0],[-88.00192,42.99739,0.0],[-88.00191,42.99825,0.0],[-88.00189,42.99902,0.0],[-88.00176,42.99902,0.0],[-88.00128,42.99902,0.0],[-88.00005,42.99902,0.0],[-88.00005,42.99891,0.0],[-88.00005,42.99885,0.0],[-87.99908,42.99886,0.0],[-87.99814,42.99886,0.0],[-87.99813,42.99904,0.0],[-87.99806,42.99904,0.0],[-87.99749,42.99905,0.0],[-87.99749,42.999,0.0],[-87.99749,42.9988,0.0],[-87.99749,42.99879,0.0],[-87.9958,42.9988,0.0],[-87.99576,42.99883,0.0],[-87.99573,42.99884,0.0],[-87.99502,42.99886,0.0],[-87.99502,42.99887,0.0],[-87.99447,42.99887,0.0],[-87.99341,42.99888,0.0],[-87.99238,42.99888,0.0],[-87.99126,42.99889,0.0],[-87.99098,42.99889,0.0],[-87.99087,42.99888,0.0],[-87.99014,42.99887,0.0],[-87.98953,42.99888,0.0],[-87.98954,42.99877,0.0],[-87.98893,42.99876,0.0],[-87.98829,42.99874,0.0],[-87.98831,42.99777,0.0],[-87.98825,42.99776,0.0],[-87.98758,42.99776,0.0],[-87.98758,42.99751,0.0],[-87.98758,42.99747,0.0],[-87.988,42.99735,0.0],[-87.98838,42.9972,0.0],[-87.98858,42.9971,0.0],[-87.98881,42.99698,0.0],[-87.98894,42.99688,0.0],[-87.98905,42.99681,0.0],[-87.98917,42.99673,0.0],[-87.98928,42.99664,0.0],[-87.98937,42.99656,0.0],[-87.98957,42.99637,0.0],[-87.98966,42.99627,0.0],[-87.98981,42.99608,0.0],[-87.98985,42.99602,0.0],[-87.98987,42.99599,0.0],[-87.98993,42.99589,0.0],[-87.99003,42.99565,0.0],[-87.99087,42.99393,0.0],[-87.99163,42.99243,0.0],[-87.99273,42.9913,0.0],[-87.99391,42.99056,0.0],[-87.99419,42.99047,0.0],[-87.99469,42.9904,0.0],[-87.99492,42.99039,0.0],[-87.99517,42.99039,0.0],[-87.99641,42.99039,0.0],[-87.99666,42.99039,0.0],[-87.99742,42.99036,0.0],[-87.99768,42.99036,0.0],[-87.99793,42.99036,0.0],[-87.99869,42.99037,0.0],[-87.99895,42.99038,0.0],[-87.99919,42.99037,0.0],[-87.99993,42.99036,0.0],[-88.00018,42.99035,0.0],[-88.00043,42.99035,0.0],[-88.00117,42.99034,0.0],[-88.00142,42.99034,0.0],[-88.00153,42.99034,0.0],[-88.00185,42.99034,0.0],[-88.00196,42.99035,0.0],[-88.002,42.99034,0.0],[-88.00203,42.99034,0.0],[-88.00203,42.99048,0.0]]]]}},{"type":"Feature","properties":{"uesi_id":"USA_R251075","nbhd_code":"USA_R251075_168","nbhd_name":"Census Tract 194, Milwaukee, WI"},"geometry":{"type":"MultiPolygon","coordinates":[[[[-88.03769,42.9881,0.0],[-88.03729,42.9881,0.0],[-88.03723,42.98811,0.0],[-88.03629,42.98812,0.0],[-88.03622,42.98811,0.0],[-88.03594,42.98812,0.0],[-88.03509,42.98813,0.0],[-88.03488,42.98813,0.0],[-88.03481,42.98813,0.0],[-88.03479,42.98813,0.0],[-88.03457,42.98813,0.0],[-88.03386,42.98814,0.0],[-88.03362,42.98814,0.0],[-88.03337,42.98814,0.0],[-88.03263,42.98815,0.0],[-88.03239,42.98815,0.0],[-88.03214,42.98815,0.0],[-88.03141,42.98816,0.0],[-88.03116,42.98816,0.0],[-88.03114,42.98816,0.0],[-88.03106,42.98816,0.0],[-88.03103,42.98816,0.0],[-88.03081,42.98817,0.0],[-88.03015,42.98817,0.0],[-88.02993,42.98818,0.0],[-88.02968,42.98818,0.0],[-88.02894,42.98818,0.0],[-88.0287,42.98819,0.0],[-88.02845,42.98819,0.0],[-88.02771,42.9882,0.0],[-88.02746,42.9882,0.0],[-88.02681,42.9882,0.0],[-88.02486,42.98821,0.0],[-88.0242,42.98821,0.0],[-88.02287,42.98822,0.0],[-88.02241,42.98822,0.0],[-88.01888,42.98823,0.0],[-88.01756,42.98824,0.0],[-88.01756,42.98819,0.0],[-88.01756,42.98787,0.0],[-88.01757,42.98778,0.0],[-88.01757,42.98773,0.0],[-88.01757,42.98769,0.0],[-88.01758,42.98679,0.0],[-88.01759,42.98643,0.0],[-88.0176,42.98607,0.0],[-88.01762,42.98498,0.0],[-88.01762,42.98461,0.0],[-88.01763,42.98425,0.0],[-88.01765,42.98318,0.0],[-88.01766,42.98282,0.0],[-88.01766,42.98246,0.0],[-88.01769,42.98137,0.0],[-88.01769,42.98114,0.0],[-88.01769,42.98101,0.0],[-88.01795,42.98101,0.0],[-88.01872,42.98101,0.0],[-88.01897,42.98101,0.0],[-88.01922,42.981,0.0],[-88.01995,42.981,0.0],[-88.0202,42.981,0.0],[-88.02044,42.98099,0.0],[-88.02117,42.98099,0.0],[-88.02141,42.98099,0.0],[-88.02165,42.98099,0.0],[-88.0224,42.98098,0.0],[-88.02264,42.98098,0.0],[-88.02335,42.98098,0.0],[-88.02546,42.98096,0.0],[-88.02605,42.98096,0.0],[-88.02617,42.98096,0.0],[-88.02645,42.98095,0.0],[-88.02732,42.98095,0.0],[-88.02761,42.98095,0.0],[-88.02793,42.98094,0.0],[-88.0289,42.98094,0.0],[-88.02922,42.98094,0.0],[-88.02954,42.98093,0.0],[-88.0305,42.98093,0.0],[-88.03083,42.98093,0.0],[-88.03117,42.98092,0.0],[-88.03221,42.98092,0.0],[-88.03255,42.98092,0.0],[-88.03324,42.98091,0.0],[-88.03531,42.9809,0.0],[-88.03566,42.9809,0.0],[-88.03582,42.98091,0.0],[-88.03593,42.98092,0.0],[-88.03599,42.98094,0.0],[-88.03614,42.98098,0.0],[-88.03625,42.98103,0.0],[-88.03638,42.98111,0.0],[-88.03645,42.98117,0.0],[-88.03659,42.98137,0.0],[-88.03662,42.98141,0.0],[-88.03749,42.98092,0.0],[-88.0375,42.98097,0.0],[-88.03756,42.98154,0.0],[-88.03756,42.98168,0.0],[-88.03756,42.98212,0.0],[-88.03756,42.98226,0.0],[-88.0376,42.98264,0.0],[-88.03749,42.98636,0.0],[-88.03747,42.98744,0.0],[-88.03769,42.9881,0.0]]]]}},{"type":"Feature","properties":{"uesi_id":"USA_R251075","nbhd_code":"USA_R251075_169","nbhd_name":"Census Tract 195, Milwaukee, WI"},"geometry":{"type":"MultiPolygon","coordinates":[[[[-88.03762,42.97581,0.0],[-88.03762,42.97586,0.0],[-88.03756,42.97821,0.0],[-88.03756,42.97837,0.0],[-88.03754,42.97896,0.0],[-88.03754,42.97914,0.0],[-88.03753,42.97935,0.0],[-88.03752,42.97969,0.0],[-88.03751,42.98004,0.0],[-88.0375,42.98042,0.0],[-88.03749,42.98092,0.0],[-88.03662,42.98141,0.0],[-88.03659,42.98137,0.0],[-88.03645,42.98117,0.0],[-88.03638,42.98111,0.0],[-88.03625,42.98103,0.0],[-88.03614,42.98098,0.0],[-88.03599,42.98094,0.0],[-88.03593,42.98092,0.0],[-88.03582,42.98091,0.0],[-88.03566,42.9809,0.0],[-88.03531,42.9809,0.0],[-88.03324,42.98091,0.0],[-88.03255,42.98092,0.0],[-88.03221,42.98092,0.0],[-88.03117,42.98092,0.0],[-88.03083,42.98093,0.0],[-88.0305,42.98093,0.0],[-88.02954,42.98093,0.0],[-88.02922,42.98094,0.0],[-88.0289,42.98094,0.0],[-88.02793,42.98094,0.0],[-88.02761,42.98095,0.0],[-88.02732,42.98095,0.0],[-88.02645,42.98095,0.0],[-88.02617,42.98096,0.0],[-88.02605,42.98096,0.0],[-88.02546,42.98096,0.0],[-88.02335,42.98098,0.0],[-88.02264,42.98098,0.0],[-88.0224,42.98098,0.0],[-88.02165,42.98099,0.0],[-88.02141,42.98099,0.0],[-88.02117,42.98099,0.0],[-88.02044,42.98099,0.0],[-88.0202,42.981,0.0],[-88.01995,42.981,0.0],[-88.01922,42.981,0.0],[-88.01897,42.98101,0.0],[-88.01872,42.98101,0.0],[-88.01795,42.98101,0.0],[-88.01769,42.98101,0.0],[-88.0177,42.98065,0.0],[-88.01772,42.97956,0.0],[-88.01773,42.9792,0.0],[-88.01774,42.97883,0.0],[-88.01776,42.97774,0.0],[-88.01777,42.97738,0.0],[-88.01778,42.97701,0.0],[-88.0178,42.97591,0.0],[-88.01781,42.97555,0.0],[-88.01782,42.97518,0.0],[-88.01784,42.97409,0.0],[-88.01785,42.97373,0.0],[-88.0181,42.97373,0.0],[-88.01886,42.97373,0.0],[-88.01911,42.97373,0.0],[-88.01913,42.97373,0.0],[-88.01964,42.97372,0.0],[-88.02115,42.97372,0.0],[-88.02165,42.97371,0.0],[-88.02213,42.97371,0.0],[-88.02231,42.97371,0.0],[-88.02355,42.97371,0.0],[-88.02402,42.97371,0.0],[-88.02477,42.9737,0.0],[-88.027,42.97369,0.0],[-88.02775,42.97369,0.0],[-88.028,42.97369,0.0],[-88.02877,42.97368,0.0],[-88.02903,42.97368,0.0],[-88.02927,42.97368,0.0],[-88.02999,42.97368,0.0],[-88.03023,42.97367,0.0],[-88.03047,42.97367,0.0],[-88.03119,42.97367,0.0],[-88.03144,42.97366,0.0],[-88.03169,42.97366,0.0],[-88.03245,42.97366,0.0],[-88.03271,42.97366,0.0],[-88.03295,42.97366,0.0],[-88.03369,42.97365,0.0],[-88.03393,42.97365,0.0],[-88.03448,42.97364,0.0],[-88.03611,42.97364,0.0],[-88.03665,42.97364,0.0],[-88.03758,42.97363,0.0],[-88.03768,42.97363,0.0],[-88.03762,42.97581,0.0]]]]}},{"type":"Feature","properties":{"uesi_id":"USA_R251075","nbhd_code":"USA_R251075_170","nbhd_name":"Census Tract 196, Milwaukee, WI"},"geometry":{"type":"MultiPolygon","coordinates":[[[[-88.01769,42.98114,0.0],[-88.01769,42.98137,0.0],[-88.01766,42.98246,0.0],[-88.01766,42.98282,0.0],[-88.01765,42.98318,0.0],[-88.01763,42.98425,0.0],[-88.01762,42.98461,0.0],[-88.01762,42.98498,0.0],[-88.0176,42.98607,0.0],[-88.01759,42.98643,0.0],[-88.01758,42.98679,0.0],[-88.01757,42.98769,0.0],[-88.01757,42.98773,0.0],[-88.01757,42.98778,0.0],[-88.01756,42.98787,0.0],[-88.01756,42.98819,0.0],[-88.01756,42.98824,0.0],[-88.01731,42.98824,0.0],[-88.01656,42.98824,0.0],[-88.01632,42.98824,0.0],[-88.01607,42.98824,0.0],[-88.01546,42.98824,0.0],[-88.01533,42.98824,0.0],[-88.01508,42.98825,0.0],[-88.01458,42.98825,0.0],[-88.0131,42.98825,0.0],[-88.0126,42.98826,0.0],[-88.01248,42.98826,0.0],[-88.01216,42.98826,0.0],[-88.01083,42.98826,0.0],[-88.01039,42.98826,0.0],[-88.01015,42.98826,0.0],[-88.00942,42.98827,0.0],[-88.00918,42.98827,0.0],[-88.00907,42.98827,0.0],[-88.00887,42.98827,0.0],[-88.00795,42.98827,0.0],[-88.00764,42.98827,0.0],[-88.00724,42.98828,0.0],[-88.00602,42.98829,0.0],[-88.00567,42.98829,0.0],[-88.00561,42.98829,0.0],[-88.00552,42.98829,0.0],[-88.00525,42.98829,0.0],[-88.00517,42.98829,0.0],[-88.00481,42.9883,0.0],[-88.00373,42.9883,0.0],[-88.00337,42.98831,0.0],[-88.00311,42.98831,0.0],[-88.00235,42.98832,0.0],[-88.00209,42.98832,0.0],[-88.00165,42.98832,0.0],[-88.00033,42.98833,0.0],[-87.99989,42.98833,0.0],[-87.99946,42.98834,0.0],[-87.99816,42.98835,0.0],[-87.99773,42.98835,0.0],[-87.99773,42.98803,0.0],[-87.99775,42.98707,0.0],[-87.99776,42.98675,0.0],[-87.99776,42.98634,0.0],[-87.99778,42.98512,0.0],[-87.99779,42.98471,0.0],[-87.9978,42.98417,0.0],[-87.99783,42.98256,0.0],[-87.99784,42.98202,0.0],[-87.99784,42.98183,0.0],[-87.99785,42.98127,0.0],[-87.99785,42.98108,0.0],[-87.99814,42.98108,0.0],[-87.99902,42.98107,0.0],[-87.99929,42.98107,0.0],[-87.99931,42.98107,0.0],[-87.99937,42.98107,0.0],[-87.99955,42.98107,0.0],[-87.99961,42.98107,0.0],[-88.00006,42.98107,0.0],[-88.00142,42.98106,0.0],[-88.00188,42.98105,0.0],[-88.00218,42.98105,0.0],[-88.00308,42.98105,0.0],[-88.00338,42.98105,0.0],[-88.004,42.98104,0.0],[-88.00585,42.98103,0.0],[-88.00647,42.98103,0.0],[-88.00673,42.98102,0.0],[-88.00754,42.98102,0.0],[-88.00781,42.98102,0.0],[-88.00812,42.98102,0.0],[-88.00904,42.98102,0.0],[-88.00935,42.98102,0.0],[-88.00979,42.98101,0.0],[-88.01113,42.98101,0.0],[-88.01158,42.98101,0.0],[-88.01181,42.98101,0.0],[-88.01251,42.98101,0.0],[-88.01275,42.98101,0.0],[-88.01299,42.98101,0.0],[-88.01372,42.98101,0.0],[-88.01397,42.98101,0.0],[-88.01421,42.98101,0.0],[-88.01495,42.98101,0.0],[-88.01519,42.98101,0.0],[-88.01544,42.98101,0.0],[-88.01617,42.98101,0.0],[-88.01641,42.98101,0.0],[-88.01667,42.98101,0.0],[-88.01744,42.98101,0.0],[-88.01769,42.98101,0.0],[-88.01769,42.98114,0.0]]]]}},{"type":"Feature","properties":{"uesi_id":"USA_R251075","nbhd_code":"USA_R251075_171","nbhd_name":"Census Tract 197, Milwaukee, WI"},"geometry":{"type":"MultiPolygon","coordinates":[[[[-88.01784,42.97409,0.0],[-88.01782,42.97518,0.0],[-88.01781,42.97555,0.0],[-88.0178,42.97591,0.0],[-88.01778,42.97701,0.0],[-88.01777,42.97738,0.0],[-88.01776,42.97774,0.0],[-88.01774,42.97883,0.0],[-88.01773,42.9792,0.0],[-88.01772,42.97956,0.0],[-88.0177,42.98065,0.0],[-88.01769,42.98101,0.0],[-88.01744,42.98101,0.0],[-88.01667,42.98101,0.0],[-88.01641,42.98101,0.0],[-88.01617,42.98101,0.0],[-88.01544,42.98101,0.0],[-88.01519,42.98101,0.0],[-88.01495,42.98101,0.0],[-88.01421,42.98101,0.0],[-88.01397,42.98101,0.0],[-88.01372,42.98101,0.0],[-88.01299,42.98101,0.0],[-88.01275,42.98101,0.0],[-88.01251,42.98101,0.0],[-88.01181,42.98101,0.0],[-88.01158,42.98101,0.0],[-88.01113,42.98101,0.0],[-88.00979,42.98101,0.0],[-88.00935,42.98102,0.0],[-88.00904,42.98102,0.0],[-88.00812,42.98102,0.0],[-88.00781,42.98102,0.0],[-88.00754,42.98102,0.0],[-88.00673,42.98102,0.0],[-88.00647,42.98103,0.0],[-88.00585,42.98103,0.0],[-88.004,42.98104,0.0],[-88.00338,42.98105,0.0],[-88.00308,42.98105,0.0],[-88.00218,42.98105,0.0],[-88.00188,42.98105,0.0],[-88.00142,42.98106,0.0],[-88.00006,42.98107,0.0],[-87.99961,42.98107,0.0],[-87.99955,42.98107,0.0],[-87.99937,42.98107,0.0],[-87.99931,42.98107,0.0],[-87.99929,42.98107,0.0],[-87.99902,42.98107,0.0],[-87.99814,42.98108,0.0],[-87.99785,42.98108,0.0],[-87.99786,42.98087,0.0],[-87.99787,42.98022,0.0],[-87.99787,42.98,0.0],[-87.99788,42.97983,0.0],[-87.99788,42.97932,0.0],[-87.99789,42.97915,0.0],[-87.99789,42.97898,0.0],[-87.9979,42.97847,0.0],[-87.9979,42.9783,0.0],[-87.9979,42.97827,0.0],[-87.99791,42.97823,0.0],[-87.99791,42.97818,0.0],[-87.99791,42.97815,0.0],[-87.99791,42.97809,0.0],[-87.99791,42.97793,0.0],[-87.99791,42.97787,0.0],[-87.99792,42.97768,0.0],[-87.99792,42.97711,0.0],[-87.99793,42.97693,0.0],[-87.99794,42.97649,0.0],[-87.99795,42.97566,0.0],[-87.99796,42.9752,0.0],[-87.99797,42.97477,0.0],[-87.99797,42.97458,0.0],[-87.99798,42.97432,0.0],[-87.99798,42.97401,0.0],[-87.99798,42.97382,0.0],[-87.99797,42.9738,0.0],[-87.99799,42.97315,0.0],[-87.99806,42.97114,0.0],[-87.99808,42.97057,0.0],[-87.99808,42.97047,0.0],[-87.99827,42.97035,0.0],[-87.99869,42.97009,0.0],[-87.99876,42.97005,0.0],[-88.00163,42.97001,0.0],[-88.00484,42.96997,0.0],[-88.00626,42.96996,0.0],[-88.00807,42.96994,0.0],[-88.01004,42.96992,0.0],[-88.01203,42.96992,0.0],[-88.01302,42.96989,0.0],[-88.01477,42.96986,0.0],[-88.01478,42.97002,0.0],[-88.01477,42.97014,0.0],[-88.01477,42.97032,0.0],[-88.01469,42.97032,0.0],[-88.0147,42.97115,0.0],[-88.01472,42.97197,0.0],[-88.01465,42.97197,0.0],[-88.01465,42.97238,0.0],[-88.0148,42.97238,0.0],[-88.0148,42.97278,0.0],[-88.01478,42.9732,0.0],[-88.01476,42.97374,0.0],[-88.01507,42.97374,0.0],[-88.01599,42.97373,0.0],[-88.0163,42.97373,0.0],[-88.01661,42.97373,0.0],[-88.01754,42.97373,0.0],[-88.01785,42.97373,0.0],[-88.01784,42.97409,0.0]]]]}},{"type":"Feature","properties":{"uesi_id":"USA_R251075","nbhd_code":"USA_R251075_172","nbhd_name":"Census Tract 198, Milwaukee, WI"},"geometry":{"type":"MultiPolygon","coordinates":[[[[-87.99808,42.97057,0.0],[-87.99806,42.97114,0.0],[-87.99799,42.97315,0.0],[-87.99797,42.9738,0.0],[-87.99798,42.97382,0.0],[-87.99798,42.97401,0.0],[-87.99798,42.97432,0.0],[-87.99797,42.97458,0.0],[-87.99797,42.97477,0.0],[-87.99796,42.9752,0.0],[-87.99795,42.97566,0.0],[-87.99794,42.97649,0.0],[-87.99793,42.97693,0.0],[-87.99792,42.97711,0.0],[-87.99792,42.97768,0.0],[-87.99791,42.97787,0.0],[-87.99791,42.97793,0.0],[-87.99791,42.97809,0.0],[-87.99791,42.97815,0.0],[-87.99791,42.97818,0.0],[-87.99791,42.97823,0.0],[-87.9979,42.97827,0.0],[-87.9979,42.9783,0.0],[-87.9979,42.97847,0.0],[-87.99789,42.97898,0.0],[-87.99789,42.97915,0.0],[-87.99788,42.97932,0.0],[-87.99788,42.97983,0.0],[-87.99787,42.98,0.0],[-87.99787,42.98022,0.0],[-87.99786,42.98087,0.0],[-87.99785,42.98108,0.0],[-87.99785,42.98127,0.0],[-87.99784,42.98183,0.0],[-87.99784,42.98202,0.0],[-87.99783,42.98256,0.0],[-87.9978,42.98417,0.0],[-87.99779,42.98471,0.0],[-87.99778,42.98512,0.0],[-87.99776,42.98634,0.0],[-87.99776,42.98675,0.0],[-87.99775,42.98707,0.0],[-87.99773,42.98803,0.0],[-87.99773,42.98835,0.0],[-87.99749,42.98835,0.0],[-87.99677,42.98836,0.0],[-87.99653,42.98836,0.0],[-87.99623,42.98836,0.0],[-87.99533,42.98837,0.0],[-87.99503,42.98837,0.0],[-87.99402,42.98837,0.0],[-87.99101,42.98839,0.0],[-87.99001,42.9884,0.0],[-87.98983,42.9884,0.0],[-87.98929,42.9884,0.0],[-87.98911,42.98841,0.0],[-87.98885,42.98841,0.0],[-87.98806,42.98841,0.0],[-87.98779,42.98841,0.0],[-87.98758,42.98841,0.0],[-87.98707,42.98841,0.0],[-87.98697,42.98841,0.0],[-87.98676,42.98841,0.0],[-87.98646,42.98841,0.0],[-87.98558,42.98841,0.0],[-87.98528,42.98842,0.0],[-87.98504,42.98842,0.0],[-87.98433,42.98842,0.0],[-87.98409,42.98842,0.0],[-87.98384,42.98842,0.0],[-87.98309,42.98842,0.0],[-87.98284,42.98842,0.0],[-87.98259,42.98842,0.0],[-87.98184,42.98842,0.0],[-87.98159,42.98842,0.0],[-87.98134,42.98842,0.0],[-87.98059,42.98842,0.0],[-87.98034,42.98842,0.0],[-87.97984,42.98842,0.0],[-87.97835,42.98842,0.0],[-87.97785,42.98842,0.0],[-87.97786,42.98805,0.0],[-87.97786,42.9879,0.0],[-87.97788,42.98696,0.0],[-87.97789,42.98659,0.0],[-87.97789,42.98622,0.0],[-87.97791,42.98513,0.0],[-87.97792,42.98477,0.0],[-87.97791,42.98441,0.0],[-87.97789,42.98334,0.0],[-87.97789,42.98299,0.0],[-87.9781,42.98286,0.0],[-87.97855,42.98258,0.0],[-87.9787,42.98248,0.0],[-87.97878,42.98244,0.0],[-87.97902,42.98229,0.0],[-87.9791,42.98224,0.0],[-87.9792,42.98218,0.0],[-87.98005,42.98166,0.0],[-87.98014,42.98161,0.0],[-87.98027,42.98152,0.0],[-87.98074,42.98123,0.0],[-87.98086,42.98115,0.0],[-87.98099,42.98107,0.0],[-87.98139,42.98084,0.0],[-87.98152,42.98076,0.0],[-87.98187,42.98055,0.0],[-87.98219,42.98087,0.0],[-87.98225,42.98095,0.0],[-87.98241,42.98087,0.0],[-87.98259,42.98076,0.0],[-87.98246,42.98062,0.0],[-87.98418,42.9806,0.0],[-87.98418,42.9805,0.0],[-87.98418,42.98019,0.0],[-87.98397,42.98018,0.0],[-87.98398,42.97982,0.0],[-87.98419,42.97982,0.0],[-87.98419,42.97977,0.0],[-87.98436,42.97977,0.0],[-87.98437,42.97952,0.0],[-87.98471,42.97951,0.0],[-87.9848,42.97946,0.0],[-87.98544,42.97908,0.0],[-87.98544,42.97889,0.0],[-87.98594,42.97889,0.0],[-87.98602,42.97889,0.0],[-87.98603,42.97805,0.0],[-87.98618,42.97796,0.0],[-87.98627,42.9779,0.0],[-87.98656,42.97773,0.0],[-87.98665,42.97767,0.0],[-87.98691,42.97752,0.0],[-87.98768,42.97705,0.0],[-87.98794,42.97689,0.0],[-87.98811,42.97679,0.0],[-87.98859,42.97648,0.0],[-87.98876,42.97638,0.0],[-87.98931,42.97604,0.0],[-87.99096,42.97502,0.0],[-87.99151,42.97468,0.0],[-87.99178,42.97451,0.0],[-87.99258,42.97402,0.0],[-87.99282,42.97387,0.0],[-87.99285,42.97386,0.0],[-87.99296,42.97379,0.0],[-87.99329,42.97358,0.0],[-87.9934,42.97351,0.0],[-87.99353,42.97342,0.0],[-87.99395,42.97315,0.0],[-87.99408,42.97307,0.0],[-87.99488,42.97254,0.0],[-87.99693,42.9712,0.0],[-87.99727,42.97098,0.0],[-87.99808,42.97047,0.0],[-87.99808,42.97057,0.0]]]]}},{"type":"Feature","properties":{"uesi_id":"USA_R251075","nbhd_code":"USA_R251075_173","nbhd_name":"Census Tract 199, Milwaukee, WI"},"geometry":{"type":"MultiPolygon","coordinates":[[[[-87.99282,42.97387,0.0],[-87.99258,42.97402,0.0],[-87.99178,42.97451,0.0],[-87.99151,42.97468,0.0],[-87.99096,42.97502,0.0],[-87.98931,42.97604,0.0],[-87.98876,42.97638,0.0],[-87.98859,42.97648,0.0],[-87.98811,42.97679,0.0],[-87.98794,42.97689,0.0],[-87.98768,42.97705,0.0],[-87.98691,42.97752,0.0],[-87.98665,42.97767,0.0],[-87.98656,42.97773,0.0],[-87.98627,42.9779,0.0],[-87.98618,42.97796,0.0],[-87.98603,42.97805,0.0],[-87.98602,42.97889,0.0],[-87.98594,42.97889,0.0],[-87.98544,42.97889,0.0],[-87.98544,42.97908,0.0],[-87.9848,42.97946,0.0],[-87.98471,42.97951,0.0],[-87.98437,42.97952,0.0],[-87.98436,42.97977,0.0],[-87.98419,42.97977,0.0],[-87.98419,42.97982,0.0],[-87.98398,42.97982,0.0],[-87.98397,42.98018,0.0],[-87.98418,42.98019,0.0],[-87.98418,42.9805,0.0],[-87.98418,42.9806,0.0],[-87.98246,42.98062,0.0],[-87.98259,42.98076,0.0],[-87.98241,42.98087,0.0],[-87.98225,42.98095,0.0],[-87.98219,42.98087,0.0],[-87.98187,42.98055,0.0],[-87.98152,42.98076,0.0],[-87.98139,42.98084,0.0],[-87.98099,42.98107,0.0],[-87.98086,42.98115,0.0],[-87.98074,42.98123,0.0],[-87.98027,42.98152,0.0],[-87.98014,42.98161,0.0],[-87.98014,42.98156,0.0],[-87.98014,42.98153,0.0],[-87.98014,42.98115,0.0],[-87.98014,42.98067,0.0],[-87.98044,42.98067,0.0],[-87.98054,42.98067,0.0],[-87.98064,42.98067,0.0],[-87.98109,42.98067,0.0],[-87.98109,42.98049,0.0],[-87.98109,42.98022,0.0],[-87.9811,42.97997,0.0],[-87.9811,42.97957,0.0],[-87.98111,42.97887,0.0],[-87.98113,42.97806,0.0],[-87.98113,42.97754,0.0],[-87.98114,42.97736,0.0],[-87.98114,42.97702,0.0],[-87.98073,42.97703,0.0],[-87.98069,42.97702,0.0],[-87.98054,42.97702,0.0],[-87.98054,42.97699,0.0],[-87.98054,42.97687,0.0],[-87.98054,42.97673,0.0],[-87.98055,42.97652,0.0],[-87.98055,42.97644,0.0],[-87.98055,42.97641,0.0],[-87.98021,42.97641,0.0],[-87.97999,42.97642,0.0],[-87.97998,42.9772,0.0],[-87.97998,42.97754,0.0],[-87.97989,42.97754,0.0],[-87.97985,42.97754,0.0],[-87.97946,42.97754,0.0],[-87.97933,42.97754,0.0],[-87.97907,42.97754,0.0],[-87.9783,42.97755,0.0],[-87.97804,42.97755,0.0],[-87.97804,42.97742,0.0],[-87.97805,42.97703,0.0],[-87.97805,42.97697,0.0],[-87.97805,42.9769,0.0],[-87.97806,42.97666,0.0],[-87.97807,42.97596,0.0],[-87.97807,42.97573,0.0],[-87.97782,42.97573,0.0],[-87.97707,42.97573,0.0],[-87.97682,42.97573,0.0],[-87.97668,42.97573,0.0],[-87.97623,42.97573,0.0],[-87.97608,42.97573,0.0],[-87.97572,42.97574,0.0],[-87.9756,42.97574,0.0],[-87.97556,42.97863,0.0],[-87.97387,42.97863,0.0],[-87.97348,42.97861,0.0],[-87.97353,42.97853,0.0],[-87.9736,42.97843,0.0],[-87.97364,42.97825,0.0],[-87.97366,42.97815,0.0],[-87.97367,42.97783,0.0],[-87.97368,42.97711,0.0],[-87.97361,42.97689,0.0],[-87.9736,42.97685,0.0],[-87.97345,42.97662,0.0],[-87.97339,42.97656,0.0],[-87.9733,42.97647,0.0],[-87.97317,42.97639,0.0],[-87.9731,42.97633,0.0],[-87.97332,42.97623,0.0],[-87.97353,42.97613,0.0],[-87.97348,42.9761,0.0],[-87.97358,42.97602,0.0],[-87.97318,42.97569,0.0],[-87.97304,42.97581,0.0],[-87.973,42.97585,0.0],[-87.97292,42.97593,0.0],[-87.97285,42.97601,0.0],[-87.9727,42.97617,0.0],[-87.97263,42.97614,0.0],[-87.97258,42.97613,0.0],[-87.97251,42.97611,0.0],[-87.97242,42.97609,0.0],[-87.97213,42.97602,0.0],[-87.97204,42.976,0.0],[-87.97196,42.97598,0.0],[-87.97193,42.97598,0.0],[-87.97159,42.97595,0.0],[-87.97148,42.97594,0.0],[-87.97144,42.97594,0.0],[-87.97134,42.97593,0.0],[-87.97131,42.97593,0.0],[-87.97117,42.97594,0.0],[-87.97078,42.97597,0.0],[-87.97065,42.97598,0.0],[-87.97065,42.97584,0.0],[-87.97066,42.97543,0.0],[-87.97066,42.97529,0.0],[-87.97066,42.97523,0.0],[-87.97067,42.97504,0.0],[-87.97067,42.97498,0.0],[-87.9706,42.97498,0.0],[-87.97037,42.97498,0.0],[-87.97016,42.97498,0.0],[-87.97018,42.97449,0.0],[-87.97032,42.97449,0.0],[-87.97038,42.97449,0.0],[-87.97038,42.97435,0.0],[-87.97038,42.9739,0.0],[-87.9704,42.9739,0.0],[-87.97052,42.9739,0.0],[-87.97055,42.9739,0.0],[-87.97066,42.9739,0.0],[-87.9707,42.9739,0.0],[-87.97107,42.9739,0.0],[-87.97221,42.97391,0.0],[-87.97238,42.97391,0.0],[-87.97238,42.97339,0.0],[-87.97319,42.97339,0.0],[-87.97321,42.97295,0.0],[-87.97334,42.97295,0.0],[-87.97332,42.97391,0.0],[-87.9735,42.97391,0.0],[-87.97368,42.97391,0.0],[-87.97422,42.97391,0.0],[-87.9744,42.97391,0.0],[-87.97483,42.97391,0.0],[-87.97484,42.97294,0.0],[-87.97446,42.97294,0.0],[-87.97435,42.97295,0.0],[-87.97405,42.97295,0.0],[-87.97401,42.97295,0.0],[-87.97402,42.97254,0.0],[-87.97404,42.97216,0.0],[-87.97404,42.97214,0.0],[-87.97406,42.97128,0.0],[-87.97406,42.97107,0.0],[-87.97407,42.97083,0.0],[-87.97713,42.97083,0.0],[-87.97756,42.97083,0.0],[-87.97759,42.97018,0.0],[-87.97759,42.97008,0.0],[-87.97759,42.96998,0.0],[-87.9776,42.96973,0.0],[-87.97761,42.96947,0.0],[-87.97761,42.96943,0.0],[-87.97763,42.96857,0.0],[-87.97765,42.96788,0.0],[-87.97767,42.96753,0.0],[-87.97767,42.96726,0.0],[-87.97768,42.96719,0.0],[-87.97768,42.96708,0.0],[-87.97769,42.96678,0.0],[-87.97769,42.96665,0.0],[-87.97774,42.96665,0.0],[-87.97818,42.96665,0.0],[-87.97833,42.96665,0.0],[-87.97832,42.96683,0.0],[-87.97831,42.96738,0.0],[-87.9783,42.96756,0.0],[-87.97855,42.96756,0.0],[-87.9793,42.96756,0.0],[-87.97955,42.96756,0.0],[-87.98018,42.96756,0.0],[-87.98207,42.96756,0.0],[-87.9827,42.96756,0.0],[-87.98285,42.96756,0.0],[-87.98324,42.96756,0.0],[-87.98326,42.96756,0.0],[-87.98329,42.96664,0.0],[-87.98351,42.96664,0.0],[-87.98371,42.96664,0.0],[-87.98377,42.96664,0.0],[-87.98396,42.96664,0.0],[-87.98453,42.96664,0.0],[-87.98472,42.96664,0.0],[-87.98496,42.96664,0.0],[-87.98569,42.96663,0.0],[-87.98593,42.96663,0.0],[-87.98607,42.96663,0.0],[-87.9865,42.96663,0.0],[-87.98656,42.96663,0.0],[-87.98664,42.96663,0.0],[-87.98696,42.96663,0.0],[-87.98793,42.96663,0.0],[-87.98826,42.96663,0.0],[-87.98825,42.96687,0.0],[-87.98822,42.96761,0.0],[-87.98821,42.96785,0.0],[-87.98821,42.96795,0.0],[-87.9882,42.96803,0.0],[-87.9882,42.96826,0.0],[-87.98819,42.96836,0.0],[-87.98819,42.9684,0.0],[-87.98819,42.96854,0.0],[-87.98816,42.96909,0.0],[-87.98816,42.96927,0.0],[-87.98816,42.96929,0.0],[-87.98815,42.96939,0.0],[-87.98814,42.96976,0.0],[-87.98813,42.96988,0.0],[-87.98813,42.96995,0.0],[-87.98812,42.97019,0.0],[-87.98812,42.97026,0.0],[-87.98812,42.97032,0.0],[-87.98811,42.97048,0.0],[-87.98815,42.97048,0.0],[-87.98816,42.97014,0.0],[-87.98821,42.97014,0.0],[-87.98821,42.96997,0.0],[-87.98822,42.96988,0.0],[-87.98822,42.96987,0.0],[-87.98823,42.96986,0.0],[-87.98824,42.9696,0.0],[-87.98827,42.96959,0.0],[-87.98959,42.96958,0.0],[-87.98977,42.96972,0.0],[-87.98995,42.96983,0.0],[-87.98999,42.96986,0.0],[-87.9901,42.9699,0.0],[-87.99035,42.97,0.0],[-87.99063,42.9701,0.0],[-87.99098,42.9701,0.0],[-87.9912,42.97011,0.0],[-87.99138,42.97012,0.0],[-87.99138,42.97022,0.0],[-87.99138,42.97024,0.0],[-87.99143,42.97024,0.0],[-87.99276,42.97024,0.0],[-87.99276,42.97046,0.0],[-87.99272,42.97148,0.0],[-87.9927,42.972,0.0],[-87.99272,42.97205,0.0],[-87.99274,42.97207,0.0],[-87.9927,42.97207,0.0],[-87.99247,42.97207,0.0],[-87.99009,42.97208,0.0],[-87.99011,42.97221,0.0],[-87.99006,42.97388,0.0],[-87.99088,42.97387,0.0],[-87.99092,42.97387,0.0],[-87.99106,42.97387,0.0],[-87.9911,42.97387,0.0],[-87.99132,42.97387,0.0],[-87.9917,42.97387,0.0],[-87.992,42.97387,0.0],[-87.99222,42.97386,0.0],[-87.99235,42.97386,0.0],[-87.99272,42.97386,0.0],[-87.99285,42.97386,0.0],[-87.99282,42.97387,0.0]]]]}},{"type":"Feature","properties":{"uesi_id":"USA_R251075","nbhd_code":"USA_R251075_174","nbhd_name":"Census Tract 200, Milwaukee, WI"},"geometry":{"type":"MultiPolygon","coordinates":[[[[-87.95826,42.97792,0.0],[-87.95825,42.97821,0.0],[-87.95825,42.97849,0.0],[-87.95824,42.97909,0.0],[-87.95823,42.97939,0.0],[-87.95822,42.97975,0.0],[-87.9582,42.98084,0.0],[-87.95819,42.9812,0.0],[-87.95819,42.98125,0.0],[-87.95819,42.98138,0.0],[-87.95818,42.98194,0.0],[-87.95818,42.98212,0.0],[-87.95817,42.98249,0.0],[-87.95817,42.98295,0.0],[-87.95816,42.98361,0.0],[-87.95816,42.98398,0.0],[-87.95815,42.98415,0.0],[-87.95815,42.98468,0.0],[-87.95814,42.98485,0.0],[-87.95814,42.98502,0.0],[-87.95813,42.98555,0.0],[-87.95813,42.98572,0.0],[-87.95813,42.98601,0.0],[-87.95812,42.98686,0.0],[-87.95812,42.98715,0.0],[-87.95811,42.98741,0.0],[-87.9581,42.9882,0.0],[-87.9581,42.98846,0.0],[-87.95809,42.98869,0.0],[-87.95809,42.98938,0.0],[-87.95809,42.98961,0.0],[-87.95809,42.98971,0.0],[-87.95808,42.99,0.0],[-87.95808,42.9901,0.0],[-87.95808,42.99024,0.0],[-87.95808,42.99065,0.0],[-87.95808,42.99067,0.0],[-87.95808,42.99081,0.0],[-87.95808,42.99086,0.0],[-87.95808,42.99102,0.0],[-87.95808,42.99108,0.0],[-87.95808,42.99129,0.0],[-87.95808,42.99146,0.0],[-87.95807,42.99193,0.0],[-87.95807,42.99215,0.0],[-87.95781,42.99215,0.0],[-87.95738,42.99216,0.0],[-87.95705,42.99216,0.0],[-87.95679,42.99216,0.0],[-87.95655,42.99217,0.0],[-87.95616,42.99217,0.0],[-87.95581,42.99218,0.0],[-87.95556,42.99218,0.0],[-87.95532,42.99218,0.0],[-87.9546,42.99219,0.0],[-87.95436,42.99219,0.0],[-87.95411,42.9922,0.0],[-87.95337,42.9922,0.0],[-87.95312,42.99221,0.0],[-87.95263,42.99221,0.0],[-87.95117,42.99223,0.0],[-87.95069,42.99224,0.0],[-87.95021,42.99225,0.0],[-87.94877,42.99227,0.0],[-87.94839,42.99228,0.0],[-87.94819,42.99228,0.0],[-87.94815,42.99164,0.0],[-87.94816,42.9911,0.0],[-87.94814,42.98856,0.0],[-87.9482,42.98667,0.0],[-87.94818,42.98495,0.0],[-87.94823,42.98311,0.0],[-87.94825,42.98126,0.0],[-87.94827,42.97969,0.0],[-87.94827,42.9796,0.0],[-87.94828,42.97921,0.0],[-87.94833,42.97393,0.0],[-87.94851,42.97394,0.0],[-87.94943,42.97393,0.0],[-87.94987,42.97393,0.0],[-87.95154,42.97393,0.0],[-87.95234,42.97393,0.0],[-87.95243,42.97393,0.0],[-87.95331,42.97393,0.0],[-87.9534,42.97393,0.0],[-87.9537,42.97393,0.0],[-87.95379,42.97393,0.0],[-87.95388,42.97393,0.0],[-87.95387,42.97458,0.0],[-87.95387,42.9749,0.0],[-87.95387,42.97503,0.0],[-87.95487,42.97501,0.0],[-87.95535,42.975,0.0],[-87.95605,42.97501,0.0],[-87.95588,42.97514,0.0],[-87.95506,42.97579,0.0],[-87.9548,42.97599,0.0],[-87.95478,42.976,0.0],[-87.9536,42.97687,0.0],[-87.9532,42.97716,0.0],[-87.95329,42.97722,0.0],[-87.95414,42.97782,0.0],[-87.9541,42.97785,0.0],[-87.95406,42.97788,0.0],[-87.95393,42.97797,0.0],[-87.95392,42.97844,0.0],[-87.95392,42.97852,0.0],[-87.9533,42.97852,0.0],[-87.9533,42.97866,0.0],[-87.9533,42.97878,0.0],[-87.9533,42.97891,0.0],[-87.95329,42.97929,0.0],[-87.95329,42.97942,0.0],[-87.95328,42.97975,0.0],[-87.95326,42.9807,0.0],[-87.95388,42.9807,0.0],[-87.95388,42.98033,0.0],[-87.9545,42.98032,0.0],[-87.9545,42.98043,0.0],[-87.9545,42.98049,0.0],[-87.95511,42.98048,0.0],[-87.95511,42.98056,0.0],[-87.95532,42.98056,0.0],[-87.95547,42.98056,0.0],[-87.95573,42.98056,0.0],[-87.95573,42.98058,0.0],[-87.95572,42.98075,0.0],[-87.95572,42.98077,0.0],[-87.95633,42.98076,0.0],[-87.95634,42.98047,0.0],[-87.95652,42.98047,0.0],[-87.95679,42.98047,0.0],[-87.95696,42.98047,0.0],[-87.95696,42.98033,0.0],[-87.95697,42.98023,0.0],[-87.95697,42.97992,0.0],[-87.95698,42.97982,0.0],[-87.95721,42.97981,0.0],[-87.95761,42.97981,0.0],[-87.95761,42.97939,0.0],[-87.95765,42.97781,0.0],[-87.95769,42.97781,0.0],[-87.95781,42.97783,0.0],[-87.95815,42.97784,0.0],[-87.95826,42.97784,0.0],[-87.95826,42.97792,0.0]]]]}},{"type":"Feature","properties":{"uesi_id":"USA_R251075","nbhd_code":"USA_R251075_175","nbhd_name":"Census Tract 201, Milwaukee, WI"},"geometry":{"type":"MultiPolygon","coordinates":[[[[-87.94823,42.98311,0.0],[-87.94818,42.98495,0.0],[-87.9482,42.98667,0.0],[-87.94814,42.98856,0.0],[-87.94816,42.9911,0.0],[-87.94815,42.99164,0.0],[-87.94819,42.99228,0.0],[-87.94815,42.99325,0.0],[-87.94814,42.99373,0.0],[-87.94823,42.99562,0.0],[-87.94821,42.99589,0.0],[-87.94638,42.99586,0.0],[-87.94038,42.99575,0.0],[-87.93839,42.99572,0.0],[-87.93815,42.99571,0.0],[-87.93744,42.9957,0.0],[-87.9372,42.99569,0.0],[-87.93577,42.99567,0.0],[-87.93575,42.99567,0.0],[-87.93361,42.99563,0.0],[-87.93372,42.9937,0.0],[-87.93372,42.99368,0.0],[-87.93375,42.99201,0.0],[-87.93376,42.99165,0.0],[-87.93378,42.99056,0.0],[-87.93379,42.9902,0.0],[-87.9338,42.98982,0.0],[-87.93383,42.98871,0.0],[-87.93384,42.98833,0.0],[-87.93379,42.98798,0.0],[-87.93378,42.98795,0.0],[-87.9338,42.9869,0.0],[-87.93381,42.98655,0.0],[-87.93382,42.98618,0.0],[-87.93384,42.9851,0.0],[-87.93385,42.98474,0.0],[-87.93386,42.98437,0.0],[-87.93388,42.98328,0.0],[-87.93389,42.98291,0.0],[-87.9339,42.98255,0.0],[-87.93391,42.98145,0.0],[-87.93392,42.98109,0.0],[-87.93415,42.98109,0.0],[-87.93484,42.9811,0.0],[-87.93507,42.9811,0.0],[-87.93531,42.98111,0.0],[-87.93601,42.98111,0.0],[-87.93625,42.98112,0.0],[-87.93649,42.98112,0.0],[-87.93721,42.98113,0.0],[-87.93745,42.98113,0.0],[-87.93771,42.98113,0.0],[-87.93848,42.98114,0.0],[-87.93874,42.98114,0.0],[-87.9391,42.98115,0.0],[-87.94016,42.98116,0.0],[-87.94051,42.98117,0.0],[-87.94058,42.98117,0.0],[-87.94087,42.98117,0.0],[-87.94193,42.98118,0.0],[-87.94228,42.98119,0.0],[-87.94252,42.98119,0.0],[-87.94324,42.9812,0.0],[-87.94347,42.9812,0.0],[-87.94371,42.98121,0.0],[-87.94427,42.98121,0.0],[-87.94442,42.98121,0.0],[-87.94465,42.98122,0.0],[-87.94489,42.98122,0.0],[-87.9456,42.98123,0.0],[-87.94584,42.98123,0.0],[-87.94702,42.98125,0.0],[-87.94825,42.98126,0.0],[-87.94823,42.98311,0.0]]]]}},{"type":"Feature","properties":{"uesi_id":"USA_R251075","nbhd_code":"USA_R251075_176","nbhd_name":"Census Tract 202, Milwaukee, WI"},"geometry":{"type":"MultiPolygon","coordinates":[[[[-87.94828,42.97921,0.0],[-87.94827,42.9796,0.0],[-87.94827,42.97969,0.0],[-87.94825,42.98126,0.0],[-87.94702,42.98125,0.0],[-87.94584,42.98123,0.0],[-87.9456,42.98123,0.0],[-87.94489,42.98122,0.0],[-87.94465,42.98122,0.0],[-87.94442,42.98121,0.0],[-87.94427,42.98121,0.0],[-87.94371,42.98121,0.0],[-87.94347,42.9812,0.0],[-87.94324,42.9812,0.0],[-87.94252,42.98119,0.0],[-87.94228,42.98119,0.0],[-87.94193,42.98118,0.0],[-87.94087,42.98117,0.0],[-87.94058,42.98117,0.0],[-87.94051,42.98117,0.0],[-87.94016,42.98116,0.0],[-87.9391,42.98115,0.0],[-87.93874,42.98114,0.0],[-87.93848,42.98114,0.0],[-87.93771,42.98113,0.0],[-87.93745,42.98113,0.0],[-87.93721,42.98113,0.0],[-87.93649,42.98112,0.0],[-87.93625,42.98112,0.0],[-87.93601,42.98111,0.0],[-87.93531,42.98111,0.0],[-87.93507,42.9811,0.0],[-87.93484,42.9811,0.0],[-87.93415,42.98109,0.0],[-87.93392,42.98109,0.0],[-87.9339,42.98037,0.0],[-87.93388,42.97973,0.0],[-87.93392,42.97819,0.0],[-87.93394,42.97747,0.0],[-87.93395,42.97711,0.0],[-87.93396,42.97601,0.0],[-87.93397,42.97565,0.0],[-87.93397,42.97528,0.0],[-87.93399,42.97418,0.0],[-87.93399,42.97382,0.0],[-87.93424,42.97382,0.0],[-87.935,42.97382,0.0],[-87.93526,42.97383,0.0],[-87.9355,42.97383,0.0],[-87.93621,42.97384,0.0],[-87.93645,42.97384,0.0],[-87.93669,42.97384,0.0],[-87.9374,42.97385,0.0],[-87.93764,42.97385,0.0],[-87.93789,42.97385,0.0],[-87.93865,42.97386,0.0],[-87.9389,42.97386,0.0],[-87.93915,42.97386,0.0],[-87.9399,42.97387,0.0],[-87.94015,42.97387,0.0],[-87.9406,42.97387,0.0],[-87.94196,42.97389,0.0],[-87.94241,42.97389,0.0],[-87.94289,42.97389,0.0],[-87.94431,42.9739,0.0],[-87.94479,42.97391,0.0],[-87.94503,42.97391,0.0],[-87.94573,42.97391,0.0],[-87.94597,42.97392,0.0],[-87.94609,42.97392,0.0],[-87.94645,42.97392,0.0],[-87.94657,42.97392,0.0],[-87.94695,42.97392,0.0],[-87.94808,42.97393,0.0],[-87.94833,42.97393,0.0],[-87.94828,42.97921,0.0]]]]}},{"type":"Feature","properties":{"uesi_id":"USA_R251075","nbhd_code":"USA_R251075_177","nbhd_name":"Census Tract 203, Milwaukee, WI"},"geometry":{"type":"MultiPolygon","coordinates":[[[[-87.93399,42.97418,0.0],[-87.93397,42.97528,0.0],[-87.93397,42.97565,0.0],[-87.93396,42.97601,0.0],[-87.93395,42.97711,0.0],[-87.93394,42.97747,0.0],[-87.93392,42.97819,0.0],[-87.93388,42.97973,0.0],[-87.9339,42.98037,0.0],[-87.93392,42.98109,0.0],[-87.93391,42.98145,0.0],[-87.9339,42.98255,0.0],[-87.93389,42.98291,0.0],[-87.93388,42.98328,0.0],[-87.93386,42.98437,0.0],[-87.93385,42.98474,0.0],[-87.93363,42.98473,0.0],[-87.93298,42.98473,0.0],[-87.93277,42.98473,0.0],[-87.93253,42.98472,0.0],[-87.93182,42.98472,0.0],[-87.93159,42.98471,0.0],[-87.93132,42.98471,0.0],[-87.9305,42.9847,0.0],[-87.93023,42.9847,0.0],[-87.92996,42.9847,0.0],[-87.92915,42.98469,0.0],[-87.92887,42.98469,0.0],[-87.92863,42.98469,0.0],[-87.9279,42.98469,0.0],[-87.92765,42.98469,0.0],[-87.92741,42.98469,0.0],[-87.92668,42.98469,0.0],[-87.92644,42.9847,0.0],[-87.9262,42.9847,0.0],[-87.92547,42.9847,0.0],[-87.92523,42.9847,0.0],[-87.92499,42.9847,0.0],[-87.92427,42.9847,0.0],[-87.92403,42.9847,0.0],[-87.92379,42.9847,0.0],[-87.92305,42.9847,0.0],[-87.92281,42.9847,0.0],[-87.92257,42.9847,0.0],[-87.92184,42.9847,0.0],[-87.9216,42.9847,0.0],[-87.92135,42.9847,0.0],[-87.92063,42.9847,0.0],[-87.92039,42.9847,0.0],[-87.92014,42.9847,0.0],[-87.9194,42.9847,0.0],[-87.91916,42.9847,0.0],[-87.91917,42.98421,0.0],[-87.9192,42.9829,0.0],[-87.91921,42.98275,0.0],[-87.91923,42.98226,0.0],[-87.91923,42.98213,0.0],[-87.91923,42.98174,0.0],[-87.91923,42.98161,0.0],[-87.91923,42.9813,0.0],[-87.91924,42.98101,0.0],[-87.91925,42.98039,0.0],[-87.91925,42.98017,0.0],[-87.91925,42.98009,0.0],[-87.91925,42.97992,0.0],[-87.91926,42.9794,0.0],[-87.91926,42.97923,0.0],[-87.91928,42.97814,0.0],[-87.91933,42.97486,0.0],[-87.91935,42.97377,0.0],[-87.92085,42.97377,0.0],[-87.92536,42.97377,0.0],[-87.92687,42.97377,0.0],[-87.92691,42.97377,0.0],[-87.92732,42.97377,0.0],[-87.92866,42.97377,0.0],[-87.92911,42.97377,0.0],[-87.92936,42.97377,0.0],[-87.93009,42.97378,0.0],[-87.93033,42.97378,0.0],[-87.93057,42.97378,0.0],[-87.93129,42.97379,0.0],[-87.93152,42.97379,0.0],[-87.93176,42.97379,0.0],[-87.93249,42.9738,0.0],[-87.93273,42.9738,0.0],[-87.93298,42.9738,0.0],[-87.93374,42.97381,0.0],[-87.93399,42.97382,0.0],[-87.93399,42.97418,0.0]]]]}},{"type":"Feature","properties":{"uesi_id":"USA_R251075","nbhd_code":"USA_R251075_178","nbhd_name":"Census Tract 204, Milwaukee, WI"},"geometry":{"type":"MultiPolygon","coordinates":[[[[-87.93384,42.9851,0.0],[-87.93382,42.98618,0.0],[-87.93381,42.98655,0.0],[-87.9338,42.9869,0.0],[-87.93378,42.98795,0.0],[-87.93379,42.98798,0.0],[-87.93384,42.98833,0.0],[-87.93383,42.98871,0.0],[-87.9338,42.98982,0.0],[-87.93379,42.9902,0.0],[-87.93378,42.99056,0.0],[-87.93376,42.99165,0.0],[-87.93375,42.99201,0.0],[-87.93352,42.99201,0.0],[-87.93283,42.992,0.0],[-87.9326,42.99199,0.0],[-87.93236,42.99199,0.0],[-87.93165,42.99198,0.0],[-87.93142,42.99197,0.0],[-87.93115,42.99197,0.0],[-87.93035,42.99195,0.0],[-87.93008,42.99195,0.0],[-87.92981,42.99195,0.0],[-87.92898,42.99193,0.0],[-87.92871,42.99193,0.0],[-87.92847,42.99193,0.0],[-87.92774,42.99193,0.0],[-87.92749,42.99193,0.0],[-87.92725,42.99193,0.0],[-87.92652,42.99194,0.0],[-87.92628,42.99194,0.0],[-87.92628,42.99158,0.0],[-87.92631,42.99049,0.0],[-87.92632,42.99013,0.0],[-87.92633,42.98976,0.0],[-87.92635,42.98864,0.0],[-87.92636,42.98827,0.0],[-87.92637,42.98791,0.0],[-87.9264,42.98685,0.0],[-87.92641,42.9865,0.0],[-87.92641,42.98614,0.0],[-87.92643,42.98506,0.0],[-87.92644,42.9847,0.0],[-87.92668,42.98469,0.0],[-87.92741,42.98469,0.0],[-87.92765,42.98469,0.0],[-87.9279,42.98469,0.0],[-87.92863,42.98469,0.0],[-87.92887,42.98469,0.0],[-87.92915,42.98469,0.0],[-87.92996,42.9847,0.0],[-87.93023,42.9847,0.0],[-87.9305,42.9847,0.0],[-87.93132,42.98471,0.0],[-87.93159,42.98471,0.0],[-87.93182,42.98472,0.0],[-87.93253,42.98472,0.0],[-87.93277,42.98473,0.0],[-87.93298,42.98473,0.0],[-87.93363,42.98473,0.0],[-87.93385,42.98474,0.0],[-87.93384,42.9851,0.0]]]]}},{"type":"Feature","properties":{"uesi_id":"USA_R251075","nbhd_code":"USA_R251075_179","nbhd_name":"Census Tract 205, Milwaukee, WI"},"geometry":{"type":"MultiPolygon","coordinates":[[[[-87.92643,42.98506,0.0],[-87.92641,42.98614,0.0],[-87.92641,42.9865,0.0],[-87.9264,42.98685,0.0],[-87.92637,42.98791,0.0],[-87.92636,42.98827,0.0],[-87.92635,42.98864,0.0],[-87.92633,42.98976,0.0],[-87.92632,42.99013,0.0],[-87.92631,42.99049,0.0],[-87.92628,42.99158,0.0],[-87.92628,42.99194,0.0],[-87.92603,42.99194,0.0],[-87.92531,42.99194,0.0],[-87.92507,42.99194,0.0],[-87.92482,42.99194,0.0],[-87.9241,42.99194,0.0],[-87.92386,42.99194,0.0],[-87.92361,42.99194,0.0],[-87.92288,42.99195,0.0],[-87.92264,42.99195,0.0],[-87.9224,42.99195,0.0],[-87.92167,42.99195,0.0],[-87.92143,42.99195,0.0],[-87.92119,42.99195,0.0],[-87.92047,42.99195,0.0],[-87.92023,42.99195,0.0],[-87.91998,42.99195,0.0],[-87.91925,42.99196,0.0],[-87.919,42.99196,0.0],[-87.91901,42.9916,0.0],[-87.91904,42.99051,0.0],[-87.91905,42.99015,0.0],[-87.91906,42.98978,0.0],[-87.91909,42.98866,0.0],[-87.9191,42.98829,0.0],[-87.9191,42.98793,0.0],[-87.91912,42.98687,0.0],[-87.91913,42.98652,0.0],[-87.91913,42.98615,0.0],[-87.91915,42.98506,0.0],[-87.91916,42.9847,0.0],[-87.9194,42.9847,0.0],[-87.92014,42.9847,0.0],[-87.92039,42.9847,0.0],[-87.92063,42.9847,0.0],[-87.92135,42.9847,0.0],[-87.9216,42.9847,0.0],[-87.92184,42.9847,0.0],[-87.92257,42.9847,0.0],[-87.92281,42.9847,0.0],[-87.92305,42.9847,0.0],[-87.92379,42.9847,0.0],[-87.92403,42.9847,0.0],[-87.92427,42.9847,0.0],[-87.92499,42.9847,0.0],[-87.92523,42.9847,0.0],[-87.92547,42.9847,0.0],[-87.9262,42.9847,0.0],[-87.92644,42.9847,0.0],[-87.92643,42.98506,0.0]]]]}},{"type":"Feature","properties":{"uesi_id":"USA_R251075","nbhd_code":"USA_R251075_180","nbhd_name":"Census Tract 206, Milwaukee, WI"},"geometry":{"type":"MultiPolygon","coordinates":[[[[-87.90953,42.97411,0.0],[-87.90952,42.97517,0.0],[-87.90952,42.97552,0.0],[-87.90952,42.97572,0.0],[-87.90951,42.97631,0.0],[-87.90951,42.97651,0.0],[-87.90951,42.97669,0.0],[-87.90951,42.97722,0.0],[-87.90951,42.9774,0.0],[-87.9095,42.97744,0.0],[-87.9095,42.97754,0.0],[-87.9095,42.97757,0.0],[-87.9095,42.97764,0.0],[-87.9095,42.97784,0.0],[-87.9095,42.97791,0.0],[-87.9095,42.97817,0.0],[-87.9095,42.97835,0.0],[-87.9095,42.97895,0.0],[-87.90949,42.97921,0.0],[-87.90949,42.97957,0.0],[-87.90948,42.98067,0.0],[-87.90948,42.98104,0.0],[-87.90948,42.98131,0.0],[-87.90947,42.98213,0.0],[-87.90947,42.9824,0.0],[-87.90947,42.98277,0.0],[-87.90946,42.98389,0.0],[-87.90946,42.98426,0.0],[-87.90946,42.9843,0.0],[-87.90946,42.98434,0.0],[-87.90945,42.98457,0.0],[-87.90945,42.98465,0.0],[-87.90944,42.98501,0.0],[-87.90943,42.9861,0.0],[-87.90943,42.98647,0.0],[-87.90943,42.9868,0.0],[-87.90941,42.98779,0.0],[-87.90941,42.98812,0.0],[-87.90939,42.98815,0.0],[-87.90934,42.98825,0.0],[-87.90932,42.98828,0.0],[-87.90908,42.98828,0.0],[-87.90836,42.98829,0.0],[-87.90813,42.98829,0.0],[-87.90786,42.98829,0.0],[-87.90708,42.98829,0.0],[-87.90681,42.98829,0.0],[-87.9066,42.98829,0.0],[-87.90595,42.98829,0.0],[-87.90573,42.9883,0.0],[-87.90546,42.9883,0.0],[-87.90466,42.9883,0.0],[-87.9044,42.9883,0.0],[-87.90431,42.9883,0.0],[-87.90404,42.9883,0.0],[-87.90395,42.9883,0.0],[-87.90373,42.9883,0.0],[-87.90306,42.9883,0.0],[-87.90284,42.9883,0.0],[-87.9028,42.9883,0.0],[-87.9026,42.9883,0.0],[-87.90188,42.9883,0.0],[-87.90164,42.98831,0.0],[-87.90141,42.98831,0.0],[-87.90073,42.98831,0.0],[-87.9005,42.98831,0.0],[-87.90027,42.98831,0.0],[-87.89957,42.98831,0.0],[-87.89933,42.98831,0.0],[-87.89933,42.98795,0.0],[-87.89934,42.98688,0.0],[-87.89935,42.98653,0.0],[-87.89935,42.98616,0.0],[-87.89936,42.98507,0.0],[-87.89936,42.98471,0.0],[-87.89936,42.98451,0.0],[-87.89937,42.98428,0.0],[-87.89937,42.98391,0.0],[-87.89937,42.98371,0.0],[-87.89937,42.98357,0.0],[-87.89937,42.9834,0.0],[-87.89938,42.98316,0.0],[-87.89938,42.98307,0.0],[-87.89938,42.98302,0.0],[-87.89938,42.9829,0.0],[-87.89938,42.98254,0.0],[-87.89938,42.98242,0.0],[-87.89938,42.98214,0.0],[-87.89939,42.9813,0.0],[-87.89939,42.98102,0.0],[-87.8994,42.98048,0.0],[-87.89944,42.97885,0.0],[-87.89946,42.97831,0.0],[-87.89946,42.97794,0.0],[-87.89947,42.97734,0.0],[-87.89949,42.97684,0.0],[-87.8995,42.97647,0.0],[-87.89951,42.97592,0.0],[-87.89954,42.97428,0.0],[-87.89956,42.97373,0.0],[-87.89976,42.97373,0.0],[-87.90038,42.97372,0.0],[-87.90058,42.97371,0.0],[-87.90125,42.97372,0.0],[-87.90327,42.97374,0.0],[-87.90394,42.97375,0.0],[-87.90427,42.97375,0.0],[-87.90525,42.97375,0.0],[-87.90558,42.97375,0.0],[-87.906,42.97375,0.0],[-87.90727,42.97376,0.0],[-87.90769,42.97376,0.0],[-87.90806,42.97376,0.0],[-87.90916,42.97376,0.0],[-87.90953,42.97376,0.0],[-87.90953,42.97411,0.0]]]]}},{"type":"Feature","properties":{"uesi_id":"USA_R251075","nbhd_code":"USA_R251075_181","nbhd_name":"Census Tract 207, Milwaukee, WI"},"geometry":{"type":"MultiPolygon","coordinates":[[[[-87.89954,42.97428,0.0],[-87.89951,42.97592,0.0],[-87.8995,42.97647,0.0],[-87.89949,42.97684,0.0],[-87.89947,42.97734,0.0],[-87.89946,42.97794,0.0],[-87.89946,42.97831,0.0],[-87.89944,42.97885,0.0],[-87.8994,42.98048,0.0],[-87.89939,42.98102,0.0],[-87.89939,42.9813,0.0],[-87.89938,42.98214,0.0],[-87.89938,42.98242,0.0],[-87.89938,42.98254,0.0],[-87.89938,42.9829,0.0],[-87.89938,42.98302,0.0],[-87.89938,42.98307,0.0],[-87.89938,42.98316,0.0],[-87.89937,42.9834,0.0],[-87.89937,42.98357,0.0],[-87.89937,42.98371,0.0],[-87.89937,42.98391,0.0],[-87.89937,42.98428,0.0],[-87.89936,42.98451,0.0],[-87.89936,42.98471,0.0],[-87.89936,42.98507,0.0],[-87.89935,42.98616,0.0],[-87.89935,42.98653,0.0],[-87.89934,42.98688,0.0],[-87.89933,42.98795,0.0],[-87.89933,42.98831,0.0],[-87.8991,42.98831,0.0],[-87.89841,42.9883,0.0],[-87.89818,42.9883,0.0],[-87.89793,42.9883,0.0],[-87.89717,42.98829,0.0],[-87.89692,42.98829,0.0],[-87.89667,42.98829,0.0],[-87.89592,42.98828,0.0],[-87.89567,42.98828,0.0],[-87.89541,42.98828,0.0],[-87.89463,42.98827,0.0],[-87.89437,42.98827,0.0],[-87.89327,42.98826,0.0],[-87.89204,42.98825,0.0],[-87.89202,42.98825,0.0],[-87.89196,42.98825,0.0],[-87.89194,42.98825,0.0],[-87.89174,42.98825,0.0],[-87.89114,42.98824,0.0],[-87.89094,42.98824,0.0],[-87.89088,42.98824,0.0],[-87.89072,42.98824,0.0],[-87.89067,42.98824,0.0],[-87.89039,42.98824,0.0],[-87.88955,42.98823,0.0],[-87.88927,42.98823,0.0],[-87.88913,42.98823,0.0],[-87.88872,42.98822,0.0],[-87.88859,42.98822,0.0],[-87.88851,42.98807,0.0],[-87.88829,42.98763,0.0],[-87.88822,42.98748,0.0],[-87.88818,42.9874,0.0],[-87.88806,42.98715,0.0],[-87.88802,42.98707,0.0],[-87.88793,42.98687,0.0],[-87.88767,42.98631,0.0],[-87.88759,42.98612,0.0],[-87.88746,42.98585,0.0],[-87.88744,42.9858,0.0],[-87.88721,42.98542,0.0],[-87.88699,42.9851,0.0],[-87.88682,42.98486,0.0],[-87.88665,42.98461,0.0],[-87.88638,42.98422,0.0],[-87.88636,42.9842,0.0],[-87.88626,42.98407,0.0],[-87.8861,42.98385,0.0],[-87.88581,42.98352,0.0],[-87.88538,42.98301,0.0],[-87.88502,42.9826,0.0],[-87.8848,42.98234,0.0],[-87.88428,42.98172,0.0],[-87.88416,42.98157,0.0],[-87.884,42.98135,0.0],[-87.88378,42.98111,0.0],[-87.88365,42.98096,0.0],[-87.88356,42.98081,0.0],[-87.88342,42.9806,0.0],[-87.88339,42.98056,0.0],[-87.88448,42.98056,0.0],[-87.88486,42.98056,0.0],[-87.88521,42.98056,0.0],[-87.88536,42.98057,0.0],[-87.88551,42.98057,0.0],[-87.8856,42.98057,0.0],[-87.88567,42.98057,0.0],[-87.88582,42.98057,0.0],[-87.88585,42.98057,0.0],[-87.88597,42.98057,0.0],[-87.886,42.98057,0.0],[-87.88613,42.98057,0.0],[-87.88615,42.98057,0.0],[-87.88628,42.98057,0.0],[-87.8863,42.98057,0.0],[-87.88654,42.98057,0.0],[-87.88659,42.98057,0.0],[-87.88671,42.98057,0.0],[-87.88671,42.98054,0.0],[-87.88676,42.98054,0.0],[-87.88688,42.98054,0.0],[-87.88687,42.98057,0.0],[-87.88704,42.98058,0.0],[-87.88721,42.98058,0.0],[-87.88733,42.98058,0.0],[-87.88746,42.98058,0.0],[-87.88758,42.98058,0.0],[-87.88771,42.98058,0.0],[-87.88774,42.98058,0.0],[-87.88783,42.98058,0.0],[-87.88791,42.98058,0.0],[-87.88807,42.98058,0.0],[-87.88832,42.98058,0.0],[-87.88881,42.98058,0.0],[-87.88881,42.98009,0.0],[-87.88882,42.97919,0.0],[-87.88883,42.97874,0.0],[-87.88827,42.97874,0.0],[-87.88708,42.97873,0.0],[-87.88708,42.97865,0.0],[-87.88708,42.97852,0.0],[-87.88708,42.97847,0.0],[-87.88708,42.97834,0.0],[-87.88708,42.9783,0.0],[-87.88708,42.97795,0.0],[-87.8871,42.9769,0.0],[-87.8871,42.97662,0.0],[-87.88646,42.97661,0.0],[-87.88648,42.97644,0.0],[-87.88648,42.97607,0.0],[-87.8865,42.97498,0.0],[-87.8865,42.97462,0.0],[-87.88651,42.97444,0.0],[-87.88654,42.97389,0.0],[-87.88655,42.97371,0.0],[-87.8865,42.97371,0.0],[-87.88637,42.97371,0.0],[-87.88632,42.97371,0.0],[-87.88632,42.97353,0.0],[-87.88633,42.97299,0.0],[-87.88633,42.97281,0.0],[-87.8865,42.97278,0.0],[-87.88651,42.97245,0.0],[-87.88651,42.97221,0.0],[-87.88652,42.9719,0.0],[-87.88685,42.9719,0.0],[-87.88691,42.9719,0.0],[-87.88709,42.9719,0.0],[-87.88715,42.97191,0.0],[-87.88739,42.97191,0.0],[-87.88814,42.97191,0.0],[-87.88839,42.97191,0.0],[-87.88839,42.97201,0.0],[-87.88838,42.97231,0.0],[-87.88838,42.97241,0.0],[-87.88836,42.97311,0.0],[-87.88836,42.97323,0.0],[-87.88836,42.97327,0.0],[-87.88838,42.97327,0.0],[-87.88841,42.97327,0.0],[-87.88859,42.97327,0.0],[-87.88875,42.97327,0.0],[-87.88891,42.97327,0.0],[-87.88908,42.97327,0.0],[-87.88929,42.97327,0.0],[-87.88929,42.97325,0.0],[-87.88931,42.97192,0.0],[-87.8893,42.97178,0.0],[-87.88936,42.97178,0.0],[-87.88954,42.97178,0.0],[-87.89073,42.97178,0.0],[-87.89073,42.97175,0.0],[-87.89073,42.97173,0.0],[-87.89073,42.97133,0.0],[-87.89073,42.97119,0.0],[-87.89055,42.97119,0.0],[-87.89045,42.97119,0.0],[-87.89019,42.97118,0.0],[-87.88972,42.97118,0.0],[-87.88955,42.97118,0.0],[-87.88955,42.97115,0.0],[-87.88955,42.97109,0.0],[-87.88955,42.97101,0.0],[-87.88955,42.97076,0.0],[-87.88955,42.97075,0.0],[-87.89074,42.97079,0.0],[-87.89074,42.97074,0.0],[-87.89185,42.97078,0.0],[-87.89291,42.97082,0.0],[-87.89291,42.97145,0.0],[-87.89182,42.97144,0.0],[-87.89182,42.97145,0.0],[-87.89182,42.97176,0.0],[-87.89182,42.97187,0.0],[-87.89182,42.97205,0.0],[-87.89181,42.97261,0.0],[-87.89181,42.97279,0.0],[-87.89181,42.97289,0.0],[-87.89181,42.97318,0.0],[-87.89181,42.97328,0.0],[-87.894,42.97328,0.0],[-87.894,42.97319,0.0],[-87.89411,42.9733,0.0],[-87.89444,42.97362,0.0],[-87.89454,42.97373,0.0],[-87.89479,42.97373,0.0],[-87.89554,42.97373,0.0],[-87.8958,42.97373,0.0],[-87.89583,42.97373,0.0],[-87.89608,42.97373,0.0],[-87.89684,42.97373,0.0],[-87.89709,42.97373,0.0],[-87.89733,42.97373,0.0],[-87.89805,42.97373,0.0],[-87.8983,42.97373,0.0],[-87.89832,42.97373,0.0],[-87.89857,42.97373,0.0],[-87.89931,42.97373,0.0],[-87.89953,42.97373,0.0],[-87.89956,42.97373,0.0],[-87.89954,42.97428,0.0]]]]}},{"type":"Feature","properties":{"uesi_id":"USA_R251075","nbhd_code":"USA_R251075_182","nbhd_name":"Census Tract 208, Milwaukee, WI"},"geometry":{"type":"MultiPolygon","coordinates":[[[[-87.88859,42.98822,0.0],[-87.88846,42.98822,0.0],[-87.8883,42.98822,0.0],[-87.88818,42.98821,0.0],[-87.88809,42.98821,0.0],[-87.88796,42.98821,0.0],[-87.88789,42.98821,0.0],[-87.88783,42.98821,0.0],[-87.88742,42.98821,0.0],[-87.88728,42.98821,0.0],[-87.88714,42.98821,0.0],[-87.88651,42.9882,0.0],[-87.88641,42.9882,0.0],[-87.8842,42.98817,0.0],[-87.88344,42.98817,0.0],[-87.88305,42.98816,0.0],[-87.8819,42.98815,0.0],[-87.88152,42.98814,0.0],[-87.88109,42.98815,0.0],[-87.87979,42.98816,0.0],[-87.87936,42.98817,0.0],[-87.87913,42.98817,0.0],[-87.87844,42.98816,0.0],[-87.87822,42.98815,0.0],[-87.87818,42.98815,0.0],[-87.87803,42.98815,0.0],[-87.87764,42.98815,0.0],[-87.87756,42.98815,0.0],[-87.8774,42.98814,0.0],[-87.87732,42.98814,0.0],[-87.87709,42.98814,0.0],[-87.87701,42.98814,0.0],[-87.87677,42.98814,0.0],[-87.87607,42.98813,0.0],[-87.87584,42.98812,0.0],[-87.87572,42.98812,0.0],[-87.87537,42.98812,0.0],[-87.8753,42.98812,0.0],[-87.87525,42.98812,0.0],[-87.87515,42.98812,0.0],[-87.87484,42.98811,0.0],[-87.87473,42.98811,0.0],[-87.87472,42.98811,0.0],[-87.87468,42.98811,0.0],[-87.87466,42.98811,0.0],[-87.87443,42.98811,0.0],[-87.87373,42.9881,0.0],[-87.8735,42.9881,0.0],[-87.87342,42.98809,0.0],[-87.87318,42.98809,0.0],[-87.8731,42.98809,0.0],[-87.87275,42.98809,0.0],[-87.87169,42.98807,0.0],[-87.87133,42.98807,0.0],[-87.86819,42.98796,0.0],[-87.86614,42.98787,0.0],[-87.85591,42.98809,0.0],[-87.85325,42.98646,0.0],[-87.8684,42.98644,0.0],[-87.86847,42.98647,0.0],[-87.86887,42.98664,0.0],[-87.86893,42.98667,0.0],[-87.86979,42.98615,0.0],[-87.8702,42.98591,0.0],[-87.87025,42.98588,0.0],[-87.87093,42.98646,0.0],[-87.87144,42.98672,0.0],[-87.87188,42.98648,0.0],[-87.87215,42.98633,0.0],[-87.87217,42.98632,0.0],[-87.87231,42.98624,0.0],[-87.87245,42.98616,0.0],[-87.8726,42.98608,0.0],[-87.87274,42.986,0.0],[-87.87288,42.98592,0.0],[-87.87302,42.98584,0.0],[-87.87317,42.98576,0.0],[-87.87331,42.98568,0.0],[-87.87333,42.98567,0.0],[-87.87345,42.9856,0.0],[-87.8736,42.98553,0.0],[-87.8738,42.98541,0.0],[-87.87391,42.98535,0.0],[-87.8742,42.98519,0.0],[-87.87423,42.98517,0.0],[-87.87447,42.98504,0.0],[-87.8745,42.98502,0.0],[-87.87451,42.98486,0.0],[-87.87452,42.98448,0.0],[-87.87452,42.98412,0.0],[-87.87455,42.98303,0.0],[-87.87456,42.98267,0.0],[-87.87456,42.98258,0.0],[-87.87457,42.98226,0.0],[-87.87458,42.98193,0.0],[-87.87458,42.9816,0.0],[-87.87459,42.98127,0.0],[-87.87459,42.98113,0.0],[-87.8746,42.98102,0.0],[-87.8746,42.98094,0.0],[-87.87466,42.98094,0.0],[-87.87466,42.98051,0.0],[-87.8747,42.98051,0.0],[-87.87936,42.98054,0.0],[-87.87965,42.98054,0.0],[-87.88022,42.98054,0.0],[-87.88022,42.98049,0.0],[-87.88203,42.9805,0.0],[-87.88198,42.98044,0.0],[-87.88262,42.98017,0.0],[-87.88286,42.98055,0.0],[-87.88311,42.98055,0.0],[-87.88339,42.98056,0.0],[-87.88342,42.9806,0.0],[-87.88356,42.98081,0.0],[-87.88365,42.98096,0.0],[-87.88378,42.98111,0.0],[-87.884,42.98135,0.0],[-87.88416,42.98157,0.0],[-87.88428,42.98172,0.0],[-87.8848,42.98234,0.0],[-87.88502,42.9826,0.0],[-87.88538,42.98301,0.0],[-87.88581,42.98352,0.0],[-87.8861,42.98385,0.0],[-87.88626,42.98407,0.0],[-87.88636,42.9842,0.0],[-87.88638,42.98422,0.0],[-87.88665,42.98461,0.0],[-87.88682,42.98486,0.0],[-87.88699,42.9851,0.0],[-87.88721,42.98542,0.0],[-87.88744,42.9858,0.0],[-87.88746,42.98585,0.0],[-87.88759,42.98612,0.0],[-87.88767,42.98631,0.0],[-87.88793,42.98687,0.0],[-87.88802,42.98707,0.0],[-87.88806,42.98715,0.0],[-87.88818,42.9874,0.0],[-87.88822,42.98748,0.0],[-87.88829,42.98763,0.0],[-87.88851,42.98807,0.0],[-87.88859,42.98822,0.0]]]]}},{"type":"Feature","properties":{"uesi_id":"USA_R251075","nbhd_code":"USA_R251075_183","nbhd_name":"Census Tract 209, Milwaukee, WI"},"geometry":{"type":"MultiPolygon","coordinates":[[[[-87.9096,42.96683,0.0],[-87.90957,42.96792,0.0],[-87.90957,42.96828,0.0],[-87.90956,42.96865,0.0],[-87.90956,42.96973,0.0],[-87.90955,42.9701,0.0],[-87.90955,42.97046,0.0],[-87.90954,42.97156,0.0],[-87.90954,42.97193,0.0],[-87.90954,42.9721,0.0],[-87.90954,42.97263,0.0],[-87.90954,42.97281,0.0],[-87.90953,42.973,0.0],[-87.90953,42.97357,0.0],[-87.90953,42.97376,0.0],[-87.90916,42.97376,0.0],[-87.90806,42.97376,0.0],[-87.90769,42.97376,0.0],[-87.90727,42.97376,0.0],[-87.906,42.97375,0.0],[-87.90558,42.97375,0.0],[-87.90525,42.97375,0.0],[-87.90427,42.97375,0.0],[-87.90394,42.97375,0.0],[-87.90327,42.97374,0.0],[-87.90125,42.97372,0.0],[-87.90058,42.97371,0.0],[-87.90038,42.97372,0.0],[-87.89976,42.97373,0.0],[-87.89956,42.97373,0.0],[-87.89953,42.97373,0.0],[-87.89931,42.97373,0.0],[-87.89857,42.97373,0.0],[-87.89832,42.97373,0.0],[-87.8983,42.97373,0.0],[-87.89805,42.97373,0.0],[-87.89733,42.97373,0.0],[-87.89709,42.97373,0.0],[-87.89684,42.97373,0.0],[-87.89608,42.97373,0.0],[-87.89583,42.97373,0.0],[-87.8958,42.97373,0.0],[-87.89554,42.97373,0.0],[-87.89479,42.97373,0.0],[-87.89454,42.97373,0.0],[-87.89444,42.97362,0.0],[-87.89411,42.9733,0.0],[-87.894,42.97319,0.0],[-87.894,42.97311,0.0],[-87.894,42.97288,0.0],[-87.89401,42.9728,0.0],[-87.89401,42.97261,0.0],[-87.89401,42.97205,0.0],[-87.89401,42.97187,0.0],[-87.89401,42.97147,0.0],[-87.89402,42.97027,0.0],[-87.89403,42.96987,0.0],[-87.89403,42.96919,0.0],[-87.89405,42.96714,0.0],[-87.89406,42.96646,0.0],[-87.89406,42.9664,0.0],[-87.89406,42.96624,0.0],[-87.89406,42.96619,0.0],[-87.89442,42.96634,0.0],[-87.89469,42.96646,0.0],[-87.89552,42.96681,0.0],[-87.89589,42.96696,0.0],[-87.89614,42.96707,0.0],[-87.89688,42.96738,0.0],[-87.89713,42.96749,0.0],[-87.89713,42.96728,0.0],[-87.89712,42.96667,0.0],[-87.89712,42.96647,0.0],[-87.89738,42.96647,0.0],[-87.89815,42.96647,0.0],[-87.89841,42.96647,0.0],[-87.89865,42.96647,0.0],[-87.89939,42.96647,0.0],[-87.89963,42.96648,0.0],[-87.89969,42.96647,0.0],[-87.89989,42.96647,0.0],[-87.90065,42.96647,0.0],[-87.9009,42.96647,0.0],[-87.90115,42.96647,0.0],[-87.90189,42.96647,0.0],[-87.90214,42.96647,0.0],[-87.90241,42.96647,0.0],[-87.90322,42.96647,0.0],[-87.90349,42.96647,0.0],[-87.90374,42.96647,0.0],[-87.90448,42.96647,0.0],[-87.90472,42.96647,0.0],[-87.90521,42.96647,0.0],[-87.90668,42.96647,0.0],[-87.90718,42.96647,0.0],[-87.90742,42.96647,0.0],[-87.90816,42.96647,0.0],[-87.90841,42.96647,0.0],[-87.90865,42.96647,0.0],[-87.90937,42.96647,0.0],[-87.90961,42.96647,0.0],[-87.9096,42.96683,0.0]]]]}},{"type":"Feature","properties":{"uesi_id":"USA_R251075","nbhd_code":"USA_R251075_184","nbhd_name":"Census Tract 210, Milwaukee, WI"},"geometry":{"type":"MultiPolygon","coordinates":[[[[-87.90966,42.9597,0.0],[-87.90965,42.96128,0.0],[-87.90965,42.96181,0.0],[-87.90965,42.96199,0.0],[-87.90965,42.96254,0.0],[-87.90965,42.96272,0.0],[-87.90965,42.96326,0.0],[-87.90965,42.96444,0.0],[-87.90964,42.9649,0.0],[-87.90964,42.96544,0.0],[-87.90964,42.96565,0.0],[-87.90964,42.96594,0.0],[-87.90962,42.96626,0.0],[-87.90961,42.96647,0.0],[-87.90937,42.96647,0.0],[-87.90865,42.96647,0.0],[-87.90841,42.96647,0.0],[-87.90816,42.96647,0.0],[-87.90742,42.96647,0.0],[-87.90718,42.96647,0.0],[-87.90668,42.96647,0.0],[-87.90521,42.96647,0.0],[-87.90472,42.96647,0.0],[-87.90448,42.96647,0.0],[-87.90374,42.96647,0.0],[-87.90349,42.96647,0.0],[-87.90322,42.96647,0.0],[-87.90241,42.96647,0.0],[-87.90214,42.96647,0.0],[-87.90189,42.96647,0.0],[-87.90115,42.96647,0.0],[-87.9009,42.96647,0.0],[-87.90065,42.96647,0.0],[-87.89989,42.96647,0.0],[-87.89969,42.96647,0.0],[-87.89963,42.96648,0.0],[-87.89939,42.96647,0.0],[-87.89865,42.96647,0.0],[-87.89841,42.96647,0.0],[-87.89815,42.96647,0.0],[-87.89738,42.96647,0.0],[-87.89712,42.96647,0.0],[-87.89712,42.96667,0.0],[-87.89713,42.96728,0.0],[-87.89713,42.96749,0.0],[-87.89688,42.96738,0.0],[-87.89614,42.96707,0.0],[-87.89589,42.96696,0.0],[-87.89552,42.96681,0.0],[-87.89469,42.96646,0.0],[-87.89442,42.96634,0.0],[-87.89406,42.96619,0.0],[-87.8932,42.96583,0.0],[-87.89062,42.96473,0.0],[-87.88976,42.96437,0.0],[-87.88962,42.9643,0.0],[-87.88965,42.96128,0.0],[-87.88966,42.96108,0.0],[-87.88967,42.96033,0.0],[-87.88967,42.9601,0.0],[-87.88967,42.95976,0.0],[-87.88967,42.95972,0.0],[-87.88968,42.95939,0.0],[-87.88968,42.9592,0.0],[-87.88968,42.95916,0.0],[-87.89118,42.95916,0.0],[-87.89567,42.95916,0.0],[-87.89717,42.95916,0.0],[-87.89742,42.95916,0.0],[-87.89819,42.95916,0.0],[-87.89844,42.95916,0.0],[-87.89869,42.95916,0.0],[-87.89942,42.95916,0.0],[-87.89962,42.95916,0.0],[-87.89967,42.95916,0.0],[-87.89973,42.95916,0.0],[-87.90016,42.95916,0.0],[-87.90165,42.95916,0.0],[-87.90215,42.95917,0.0],[-87.90365,42.95917,0.0],[-87.90816,42.95917,0.0],[-87.90847,42.95918,0.0],[-87.90966,42.95918,0.0],[-87.90966,42.9597,0.0]]]]}},{"type":"Feature","properties":{"uesi_id":"USA_R251075","nbhd_code":"USA_R251075_185","nbhd_name":"Census Tract 211, Milwaukee, WI"},"geometry":{"type":"MultiPolygon","coordinates":[[[[-87.91936,42.9666,0.0],[-87.91936,42.96666,0.0],[-87.91936,42.96684,0.0],[-87.91936,42.96694,0.0],[-87.91936,42.96703,0.0],[-87.91936,42.9671,0.0],[-87.91936,42.96763,0.0],[-87.91936,42.96781,0.0],[-87.91936,42.96792,0.0],[-87.91936,42.96825,0.0],[-87.91936,42.96836,0.0],[-87.91936,42.9684,0.0],[-87.91936,42.96841,0.0],[-87.91936,42.96852,0.0],[-87.91936,42.96887,0.0],[-87.91936,42.96899,0.0],[-87.91936,42.96923,0.0],[-87.91935,42.96994,0.0],[-87.91935,42.97018,0.0],[-87.91935,42.97055,0.0],[-87.91935,42.97166,0.0],[-87.91935,42.97203,0.0],[-87.91935,42.97238,0.0],[-87.91935,42.97342,0.0],[-87.91935,42.97377,0.0],[-87.91911,42.97377,0.0],[-87.91837,42.97377,0.0],[-87.91813,42.97377,0.0],[-87.91794,42.97377,0.0],[-87.91791,42.97376,0.0],[-87.91722,42.97376,0.0],[-87.91717,42.97376,0.0],[-87.91711,42.97375,0.0],[-87.91692,42.97377,0.0],[-87.91665,42.97377,0.0],[-87.91585,42.97377,0.0],[-87.91569,42.97377,0.0],[-87.91553,42.97377,0.0],[-87.91551,42.97377,0.0],[-87.91544,42.97377,0.0],[-87.91539,42.97377,0.0],[-87.91531,42.97377,0.0],[-87.91524,42.97377,0.0],[-87.91515,42.97377,0.0],[-87.91506,42.97377,0.0],[-87.91487,42.97377,0.0],[-87.91478,42.97377,0.0],[-87.91473,42.97377,0.0],[-87.91457,42.97377,0.0],[-87.91452,42.97377,0.0],[-87.91425,42.97377,0.0],[-87.91345,42.97377,0.0],[-87.91318,42.97377,0.0],[-87.91295,42.97377,0.0],[-87.91225,42.97377,0.0],[-87.91202,42.97377,0.0],[-87.91184,42.97376,0.0],[-87.91129,42.97376,0.0],[-87.91111,42.97376,0.0],[-87.91105,42.97376,0.0],[-87.91088,42.97376,0.0],[-87.91082,42.97376,0.0],[-87.91056,42.97376,0.0],[-87.90979,42.97376,0.0],[-87.90953,42.97376,0.0],[-87.90953,42.97357,0.0],[-87.90953,42.973,0.0],[-87.90954,42.97281,0.0],[-87.90954,42.97263,0.0],[-87.90954,42.9721,0.0],[-87.90954,42.97193,0.0],[-87.90954,42.97156,0.0],[-87.90955,42.97046,0.0],[-87.90955,42.9701,0.0],[-87.90956,42.96973,0.0],[-87.90956,42.96865,0.0],[-87.90957,42.96828,0.0],[-87.90957,42.96792,0.0],[-87.9096,42.96683,0.0],[-87.90961,42.96647,0.0],[-87.90986,42.96647,0.0],[-87.91061,42.96648,0.0],[-87.91086,42.96648,0.0],[-87.9111,42.96649,0.0],[-87.91182,42.9665,0.0],[-87.91206,42.9665,0.0],[-87.9123,42.9665,0.0],[-87.91302,42.96651,0.0],[-87.91326,42.96652,0.0],[-87.91351,42.96652,0.0],[-87.91426,42.96653,0.0],[-87.91451,42.96653,0.0],[-87.91476,42.96654,0.0],[-87.91551,42.96655,0.0],[-87.91576,42.96655,0.0],[-87.916,42.96655,0.0],[-87.91671,42.96656,0.0],[-87.91695,42.96657,0.0],[-87.91844,42.96659,0.0],[-87.91863,42.96658,0.0],[-87.91885,42.96653,0.0],[-87.919,42.9665,0.0],[-87.91936,42.96649,0.0],[-87.91936,42.9666,0.0]]]]}},{"type":"Feature","properties":{"uesi_id":"USA_R251075","nbhd_code":"USA_R251075_186","nbhd_name":"Census Tract 212, Milwaukee, WI"},"geometry":{"type":"MultiPolygon","coordinates":[[[[-87.92921,42.95981,0.0],[-87.9292,42.96143,0.0],[-87.9292,42.96197,0.0],[-87.92919,42.96215,0.0],[-87.92919,42.96269,0.0],[-87.92919,42.96288,0.0],[-87.92919,42.9634,0.0],[-87.92918,42.96497,0.0],[-87.92917,42.9655,0.0],[-87.92917,42.9656,0.0],[-87.92917,42.96581,0.0],[-87.92917,42.96585,0.0],[-87.92917,42.96593,0.0],[-87.92917,42.966,0.0],[-87.92917,42.96609,0.0],[-87.92917,42.96617,0.0],[-87.92917,42.96654,0.0],[-87.92916,42.96702,0.0],[-87.92916,42.96717,0.0],[-87.92915,42.96908,0.0],[-87.92915,42.9693,0.0],[-87.92914,42.96995,0.0],[-87.92914,42.97016,0.0],[-87.92914,42.97088,0.0],[-87.92912,42.97305,0.0],[-87.92911,42.97377,0.0],[-87.92866,42.97377,0.0],[-87.92732,42.97377,0.0],[-87.92691,42.97377,0.0],[-87.92687,42.97377,0.0],[-87.92536,42.97377,0.0],[-87.92085,42.97377,0.0],[-87.91935,42.97377,0.0],[-87.91935,42.97342,0.0],[-87.91935,42.97238,0.0],[-87.91935,42.97203,0.0],[-87.91935,42.97166,0.0],[-87.91935,42.97055,0.0],[-87.91935,42.97018,0.0],[-87.91935,42.96994,0.0],[-87.91936,42.96923,0.0],[-87.91936,42.96899,0.0],[-87.91936,42.96887,0.0],[-87.91936,42.96852,0.0],[-87.91936,42.96841,0.0],[-87.91936,42.9684,0.0],[-87.91936,42.96836,0.0],[-87.91936,42.96825,0.0],[-87.91936,42.96792,0.0],[-87.91936,42.96781,0.0],[-87.91936,42.96763,0.0],[-87.91936,42.9671,0.0],[-87.91936,42.96703,0.0],[-87.91936,42.96694,0.0],[-87.91936,42.96684,0.0],[-87.91936,42.96666,0.0],[-87.91936,42.9666,0.0],[-87.91936,42.96649,0.0],[-87.919,42.9665,0.0],[-87.91885,42.96653,0.0],[-87.91863,42.96658,0.0],[-87.91844,42.96659,0.0],[-87.91695,42.96657,0.0],[-87.91671,42.96656,0.0],[-87.916,42.96655,0.0],[-87.91576,42.96655,0.0],[-87.91551,42.96655,0.0],[-87.91476,42.96654,0.0],[-87.91451,42.96653,0.0],[-87.91426,42.96653,0.0],[-87.91351,42.96652,0.0],[-87.91326,42.96652,0.0],[-87.91302,42.96651,0.0],[-87.9123,42.9665,0.0],[-87.91206,42.9665,0.0],[-87.91182,42.9665,0.0],[-87.9111,42.96649,0.0],[-87.91086,42.96648,0.0],[-87.91061,42.96648,0.0],[-87.90986,42.96647,0.0],[-87.90961,42.96647,0.0],[-87.90962,42.96626,0.0],[-87.90964,42.96594,0.0],[-87.90964,42.96565,0.0],[-87.90964,42.96544,0.0],[-87.90964,42.9649,0.0],[-87.90965,42.96444,0.0],[-87.90965,42.96326,0.0],[-87.90965,42.96272,0.0],[-87.90965,42.96254,0.0],[-87.90965,42.96199,0.0],[-87.90965,42.96181,0.0],[-87.90965,42.96128,0.0],[-87.90966,42.9597,0.0],[-87.90966,42.95918,0.0],[-87.90995,42.95918,0.0],[-87.91081,42.95918,0.0],[-87.9111,42.95918,0.0],[-87.91112,42.95918,0.0],[-87.91118,42.95918,0.0],[-87.9112,42.95918,0.0],[-87.91173,42.95918,0.0],[-87.91331,42.95919,0.0],[-87.91382,42.9592,0.0],[-87.91384,42.9592,0.0],[-87.91448,42.9592,0.0],[-87.91639,42.9592,0.0],[-87.91703,42.9592,0.0],[-87.91752,42.9592,0.0],[-87.91897,42.95921,0.0],[-87.91945,42.95921,0.0],[-87.91972,42.95921,0.0],[-87.92054,42.95922,0.0],[-87.92081,42.95922,0.0],[-87.92158,42.95923,0.0],[-87.92389,42.95924,0.0],[-87.92466,42.95924,0.0],[-87.92504,42.95924,0.0],[-87.92616,42.95925,0.0],[-87.92653,42.95925,0.0],[-87.92658,42.95925,0.0],[-87.92707,42.95925,0.0],[-87.92867,42.95927,0.0],[-87.92921,42.95927,0.0],[-87.92921,42.95981,0.0]]]]}},{"type":"Feature","properties":{"uesi_id":"USA_R251075","nbhd_code":"USA_R251075_187","nbhd_name":"Census Tract 213, Milwaukee, WI"},"geometry":{"type":"MultiPolygon","coordinates":[[[[-87.9486,42.96885,0.0],[-87.94851,42.97394,0.0],[-87.94833,42.97393,0.0],[-87.94808,42.97393,0.0],[-87.94695,42.97392,0.0],[-87.94657,42.97392,0.0],[-87.94645,42.97392,0.0],[-87.94609,42.97392,0.0],[-87.94597,42.97392,0.0],[-87.94573,42.97391,0.0],[-87.94503,42.97391,0.0],[-87.94479,42.97391,0.0],[-87.94431,42.9739,0.0],[-87.94289,42.97389,0.0],[-87.94241,42.97389,0.0],[-87.94196,42.97389,0.0],[-87.9406,42.97387,0.0],[-87.94015,42.97387,0.0],[-87.9399,42.97387,0.0],[-87.93915,42.97386,0.0],[-87.9389,42.97386,0.0],[-87.93865,42.97386,0.0],[-87.93789,42.97385,0.0],[-87.93764,42.97385,0.0],[-87.9374,42.97385,0.0],[-87.93669,42.97384,0.0],[-87.93645,42.97384,0.0],[-87.93621,42.97384,0.0],[-87.9355,42.97383,0.0],[-87.93526,42.97383,0.0],[-87.935,42.97382,0.0],[-87.93424,42.97382,0.0],[-87.93399,42.97382,0.0],[-87.93374,42.97381,0.0],[-87.93298,42.9738,0.0],[-87.93273,42.9738,0.0],[-87.93249,42.9738,0.0],[-87.93176,42.97379,0.0],[-87.93152,42.97379,0.0],[-87.93129,42.97379,0.0],[-87.93057,42.97378,0.0],[-87.93033,42.97378,0.0],[-87.93009,42.97378,0.0],[-87.92936,42.97377,0.0],[-87.92911,42.97377,0.0],[-87.92912,42.97305,0.0],[-87.92914,42.97088,0.0],[-87.92914,42.97016,0.0],[-87.92914,42.96995,0.0],[-87.92915,42.9693,0.0],[-87.92915,42.96908,0.0],[-87.92916,42.96717,0.0],[-87.92916,42.96702,0.0],[-87.92917,42.96654,0.0],[-87.93026,42.96654,0.0],[-87.93102,42.96655,0.0],[-87.93329,42.96656,0.0],[-87.93405,42.96657,0.0],[-87.93502,42.96658,0.0],[-87.93795,42.9666,0.0],[-87.93893,42.9666,0.0],[-87.93942,42.96661,0.0],[-87.94087,42.96661,0.0],[-87.94135,42.96661,0.0],[-87.94146,42.96661,0.0],[-87.94178,42.96662,0.0],[-87.94188,42.96662,0.0],[-87.94199,42.96662,0.0],[-87.94225,42.96662,0.0],[-87.94335,42.96662,0.0],[-87.94372,42.96663,0.0],[-87.94394,42.96663,0.0],[-87.94458,42.96663,0.0],[-87.94479,42.96663,0.0],[-87.94517,42.96663,0.0],[-87.94633,42.96664,0.0],[-87.94671,42.96664,0.0],[-87.94709,42.96664,0.0],[-87.94822,42.96665,0.0],[-87.94847,42.96665,0.0],[-87.9486,42.96639,0.0],[-87.94864,42.96665,0.0],[-87.9486,42.96885,0.0]]]]}},{"type":"Feature","properties":{"uesi_id":"USA_R251075","nbhd_code":"USA_R251075_188","nbhd_name":"Census Tract 214, Milwaukee, WI"},"geometry":{"type":"MultiPolygon","coordinates":[[[[-87.94868,42.9616,0.0],[-87.94868,42.96176,0.0],[-87.94868,42.96192,0.0],[-87.94868,42.96201,0.0],[-87.94867,42.96203,0.0],[-87.94867,42.96206,0.0],[-87.94867,42.96241,0.0],[-87.94867,42.96247,0.0],[-87.94867,42.96257,0.0],[-87.94866,42.96267,0.0],[-87.94866,42.96268,0.0],[-87.94866,42.96274,0.0],[-87.94866,42.96295,0.0],[-87.94866,42.96299,0.0],[-87.94866,42.96309,0.0],[-87.94865,42.96323,0.0],[-87.94865,42.96364,0.0],[-87.94865,42.96378,0.0],[-87.94864,42.9642,0.0],[-87.94864,42.96428,0.0],[-87.94863,42.96452,0.0],[-87.94863,42.9646,0.0],[-87.94863,42.96476,0.0],[-87.94863,42.96482,0.0],[-87.94862,42.96522,0.0],[-87.94862,42.96538,0.0],[-87.94861,42.96563,0.0],[-87.9486,42.96639,0.0],[-87.94847,42.96665,0.0],[-87.94822,42.96665,0.0],[-87.94709,42.96664,0.0],[-87.94671,42.96664,0.0],[-87.94633,42.96664,0.0],[-87.94517,42.96663,0.0],[-87.94479,42.96663,0.0],[-87.94458,42.96663,0.0],[-87.94394,42.96663,0.0],[-87.94372,42.96663,0.0],[-87.94335,42.96662,0.0],[-87.94225,42.96662,0.0],[-87.94199,42.96662,0.0],[-87.94188,42.96662,0.0],[-87.94178,42.96662,0.0],[-87.94146,42.96661,0.0],[-87.94135,42.96661,0.0],[-87.94087,42.96661,0.0],[-87.93942,42.96661,0.0],[-87.93893,42.9666,0.0],[-87.93795,42.9666,0.0],[-87.93502,42.96658,0.0],[-87.93405,42.96657,0.0],[-87.93329,42.96656,0.0],[-87.93102,42.96655,0.0],[-87.93026,42.96654,0.0],[-87.92917,42.96654,0.0],[-87.92917,42.96617,0.0],[-87.92917,42.96609,0.0],[-87.92917,42.966,0.0],[-87.92917,42.96593,0.0],[-87.92917,42.96585,0.0],[-87.92917,42.96581,0.0],[-87.92917,42.9656,0.0],[-87.92917,42.9655,0.0],[-87.92918,42.96497,0.0],[-87.92919,42.9634,0.0],[-87.92919,42.96288,0.0],[-87.92919,42.96269,0.0],[-87.92919,42.96215,0.0],[-87.9292,42.96197,0.0],[-87.9292,42.96143,0.0],[-87.92921,42.95981,0.0],[-87.92921,42.95927,0.0],[-87.92944,42.95927,0.0],[-87.93015,42.95927,0.0],[-87.93038,42.95927,0.0],[-87.93047,42.95927,0.0],[-87.93057,42.95928,0.0],[-87.93306,42.95929,0.0],[-87.93334,42.95929,0.0],[-87.9334,42.95929,0.0],[-87.93346,42.95929,0.0],[-87.93361,42.95929,0.0],[-87.93369,42.95929,0.0],[-87.93393,42.95929,0.0],[-87.93408,42.95929,0.0],[-87.93416,42.95929,0.0],[-87.93424,42.95929,0.0],[-87.93436,42.95929,0.0],[-87.93444,42.9593,0.0],[-87.93448,42.9593,0.0],[-87.93455,42.9593,0.0],[-87.93461,42.9593,0.0],[-87.93469,42.9593,0.0],[-87.93512,42.9593,0.0],[-87.93519,42.9593,0.0],[-87.93545,42.9593,0.0],[-87.93669,42.95931,0.0],[-87.93712,42.95931,0.0],[-87.93842,42.95931,0.0],[-87.93886,42.95931,0.0],[-87.93914,42.95931,0.0],[-87.93997,42.95932,0.0],[-87.94025,42.95933,0.0],[-87.94049,42.95933,0.0],[-87.9412,42.95934,0.0],[-87.94144,42.95934,0.0],[-87.94168,42.95934,0.0],[-87.9424,42.95935,0.0],[-87.94264,42.95935,0.0],[-87.94287,42.95935,0.0],[-87.94356,42.95936,0.0],[-87.94379,42.95936,0.0],[-87.94404,42.95936,0.0],[-87.94477,42.95937,0.0],[-87.94501,42.95937,0.0],[-87.94524,42.95938,0.0],[-87.94595,42.95938,0.0],[-87.94619,42.95938,0.0],[-87.94643,42.95939,0.0],[-87.94713,42.95939,0.0],[-87.94737,42.9594,0.0],[-87.94764,42.9594,0.0],[-87.94845,42.9594,0.0],[-87.94872,42.95941,0.0],[-87.94868,42.9616,0.0]]]]}},{"type":"Feature","properties":{"uesi_id":"USA_R251075","nbhd_code":"USA_R251075_189","nbhd_name":"Census Tract 215, Milwaukee, WI"},"geometry":{"type":"MultiPolygon","coordinates":[[[[-87.94904,42.94523,0.0],[-87.94902,42.94634,0.0],[-87.94901,42.94671,0.0],[-87.949,42.94691,0.0],[-87.94899,42.94752,0.0],[-87.94898,42.94773,0.0],[-87.94898,42.94788,0.0],[-87.94897,42.94834,0.0],[-87.94896,42.9485,0.0],[-87.94892,42.95028,0.0],[-87.94892,42.95031,0.0],[-87.94888,42.95041,0.0],[-87.94891,42.95068,0.0],[-87.94889,42.95122,0.0],[-87.94888,42.95177,0.0],[-87.94887,42.95213,0.0],[-87.94887,42.95216,0.0],[-87.94888,42.95222,0.0],[-87.94883,42.95417,0.0],[-87.9488,42.95577,0.0],[-87.94879,42.95613,0.0],[-87.94877,42.95722,0.0],[-87.94876,42.95758,0.0],[-87.94875,42.95795,0.0],[-87.94873,42.95904,0.0],[-87.94872,42.95941,0.0],[-87.94845,42.9594,0.0],[-87.94764,42.9594,0.0],[-87.94737,42.9594,0.0],[-87.94713,42.95939,0.0],[-87.94643,42.95939,0.0],[-87.94619,42.95938,0.0],[-87.94595,42.95938,0.0],[-87.94524,42.95938,0.0],[-87.94501,42.95937,0.0],[-87.94477,42.95937,0.0],[-87.94404,42.95936,0.0],[-87.94379,42.95936,0.0],[-87.94356,42.95936,0.0],[-87.94287,42.95935,0.0],[-87.94264,42.95935,0.0],[-87.9424,42.95935,0.0],[-87.94168,42.95934,0.0],[-87.94144,42.95934,0.0],[-87.9412,42.95934,0.0],[-87.94049,42.95933,0.0],[-87.94025,42.95933,0.0],[-87.93997,42.95932,0.0],[-87.93914,42.95931,0.0],[-87.93886,42.95931,0.0],[-87.93891,42.95822,0.0],[-87.9389,42.95808,0.0],[-87.93888,42.95798,0.0],[-87.93894,42.95752,0.0],[-87.93898,42.95716,0.0],[-87.939,42.95703,0.0],[-87.93901,42.95607,0.0],[-87.93902,42.9557,0.0],[-87.93902,42.95553,0.0],[-87.93903,42.955,0.0],[-87.93903,42.95483,0.0],[-87.93903,42.95481,0.0],[-87.93903,42.95477,0.0],[-87.93904,42.95475,0.0],[-87.93904,42.95458,0.0],[-87.93904,42.95406,0.0],[-87.93905,42.95389,0.0],[-87.93905,42.95352,0.0],[-87.93907,42.95244,0.0],[-87.93908,42.95207,0.0],[-87.9391,42.95119,0.0],[-87.93916,42.94855,0.0],[-87.93918,42.94767,0.0],[-87.93918,42.94746,0.0],[-87.9392,42.94683,0.0],[-87.9392,42.94662,0.0],[-87.93921,42.94626,0.0],[-87.93924,42.94517,0.0],[-87.93924,42.94481,0.0],[-87.94004,42.94481,0.0],[-87.94241,42.94482,0.0],[-87.9432,42.94483,0.0],[-87.94339,42.94483,0.0],[-87.94395,42.94483,0.0],[-87.94414,42.94483,0.0],[-87.94648,42.94485,0.0],[-87.94674,42.94485,0.0],[-87.94766,42.94485,0.0],[-87.94794,42.94485,0.0],[-87.94877,42.94486,0.0],[-87.94905,42.94486,0.0],[-87.94904,42.94523,0.0]]]]}},{"type":"Feature","properties":{"uesi_id":"USA_R251075","nbhd_code":"USA_R251075_190","nbhd_name":"Census Tract 216, Milwaukee, WI"},"geometry":{"type":"MultiPolygon","coordinates":[[[[-87.93924,42.94517,0.0],[-87.93921,42.94626,0.0],[-87.9392,42.94662,0.0],[-87.9392,42.94683,0.0],[-87.93918,42.94746,0.0],[-87.93918,42.94767,0.0],[-87.93916,42.94855,0.0],[-87.9391,42.95119,0.0],[-87.93908,42.95207,0.0],[-87.93907,42.95244,0.0],[-87.93905,42.95352,0.0],[-87.93905,42.95389,0.0],[-87.93904,42.95406,0.0],[-87.93904,42.95458,0.0],[-87.93904,42.95475,0.0],[-87.93903,42.95477,0.0],[-87.93903,42.95481,0.0],[-87.93903,42.95483,0.0],[-87.93903,42.955,0.0],[-87.93902,42.95553,0.0],[-87.93902,42.9557,0.0],[-87.93901,42.95607,0.0],[-87.939,42.95703,0.0],[-87.93898,42.95716,0.0],[-87.93894,42.95752,0.0],[-87.93888,42.95798,0.0],[-87.9389,42.95808,0.0],[-87.93891,42.95822,0.0],[-87.93886,42.95931,0.0],[-87.93842,42.95931,0.0],[-87.93712,42.95931,0.0],[-87.93669,42.95931,0.0],[-87.93545,42.9593,0.0],[-87.93519,42.9593,0.0],[-87.93512,42.9593,0.0],[-87.93469,42.9593,0.0],[-87.93461,42.9593,0.0],[-87.93455,42.9593,0.0],[-87.93448,42.9593,0.0],[-87.93444,42.9593,0.0],[-87.93436,42.95929,0.0],[-87.93424,42.95929,0.0],[-87.93416,42.95929,0.0],[-87.93408,42.95929,0.0],[-87.93393,42.95929,0.0],[-87.93369,42.95929,0.0],[-87.93361,42.95929,0.0],[-87.93346,42.95929,0.0],[-87.9334,42.95929,0.0],[-87.93334,42.95929,0.0],[-87.93306,42.95929,0.0],[-87.93057,42.95928,0.0],[-87.93047,42.95927,0.0],[-87.93038,42.95927,0.0],[-87.93015,42.95927,0.0],[-87.92944,42.95927,0.0],[-87.92921,42.95927,0.0],[-87.92867,42.95927,0.0],[-87.92707,42.95925,0.0],[-87.92658,42.95925,0.0],[-87.92653,42.95925,0.0],[-87.92616,42.95925,0.0],[-87.92504,42.95924,0.0],[-87.92466,42.95924,0.0],[-87.92389,42.95924,0.0],[-87.92158,42.95923,0.0],[-87.92081,42.95922,0.0],[-87.92054,42.95922,0.0],[-87.91972,42.95921,0.0],[-87.91945,42.95921,0.0],[-87.91897,42.95921,0.0],[-87.91752,42.9592,0.0],[-87.91703,42.9592,0.0],[-87.91639,42.9592,0.0],[-87.91448,42.9592,0.0],[-87.91384,42.9592,0.0],[-87.91382,42.9592,0.0],[-87.91331,42.95919,0.0],[-87.91173,42.95918,0.0],[-87.9112,42.95918,0.0],[-87.91118,42.95918,0.0],[-87.91112,42.95918,0.0],[-87.9111,42.95918,0.0],[-87.91081,42.95918,0.0],[-87.90995,42.95918,0.0],[-87.90966,42.95918,0.0],[-87.90966,42.95894,0.0],[-87.90966,42.95824,0.0],[-87.90967,42.95801,0.0],[-87.90967,42.95792,0.0],[-87.90967,42.95679,0.0],[-87.90968,42.95603,0.0],[-87.90969,42.95314,0.0],[-87.9097,42.95193,0.0],[-87.9097,42.95158,0.0],[-87.90971,42.95054,0.0],[-87.90971,42.95019,0.0],[-87.90971,42.94978,0.0],[-87.90971,42.94855,0.0],[-87.90971,42.94816,0.0],[-87.90971,42.94814,0.0],[-87.90971,42.94808,0.0],[-87.90971,42.94789,0.0],[-87.90971,42.94783,0.0],[-87.9101,42.94783,0.0],[-87.91017,42.94783,0.0],[-87.91028,42.94782,0.0],[-87.91043,42.9478,0.0],[-87.91056,42.94778,0.0],[-87.91098,42.94767,0.0],[-87.91137,42.94755,0.0],[-87.91149,42.94752,0.0],[-87.91193,42.9474,0.0],[-87.91247,42.94723,0.0],[-87.91408,42.94674,0.0],[-87.91462,42.94658,0.0],[-87.91516,42.94642,0.0],[-87.91678,42.94592,0.0],[-87.91732,42.94576,0.0],[-87.91758,42.94567,0.0],[-87.91778,42.9456,0.0],[-87.91796,42.94553,0.0],[-87.91825,42.9454,0.0],[-87.91881,42.94514,0.0],[-87.91911,42.94501,0.0],[-87.91955,42.94481,0.0],[-87.92005,42.94471,0.0],[-87.92035,42.94471,0.0],[-87.92278,42.94472,0.0],[-87.92359,42.94473,0.0],[-87.92395,42.94473,0.0],[-87.92504,42.94474,0.0],[-87.9254,42.94474,0.0],[-87.9262,42.94474,0.0],[-87.92861,42.94475,0.0],[-87.92942,42.94476,0.0],[-87.92967,42.94476,0.0],[-87.93042,42.94476,0.0],[-87.93067,42.94476,0.0],[-87.93155,42.94477,0.0],[-87.93419,42.94478,0.0],[-87.93465,42.94478,0.0],[-87.93479,42.94478,0.0],[-87.93491,42.94478,0.0],[-87.93507,42.94478,0.0],[-87.93519,42.94478,0.0],[-87.93522,42.94478,0.0],[-87.93538,42.94478,0.0],[-87.93542,42.94478,0.0],[-87.93563,42.94479,0.0],[-87.93733,42.94479,0.0],[-87.9379,42.9448,0.0],[-87.93817,42.9448,0.0],[-87.93897,42.9448,0.0],[-87.93924,42.94481,0.0],[-87.93924,42.94517,0.0]]]]}},{"type":"Feature","properties":{"uesi_id":"USA_R251075","nbhd_code":"USA_R251075_191","nbhd_name":"Census Tract 217, Milwaukee, WI"},"geometry":{"type":"MultiPolygon","coordinates":[[[[-87.94937,42.93083,0.0],[-87.94934,42.93221,0.0],[-87.94934,42.93267,0.0],[-87.94933,42.93293,0.0],[-87.94932,42.93369,0.0],[-87.94931,42.93395,0.0],[-87.94931,42.93414,0.0],[-87.9493,42.93472,0.0],[-87.94929,42.93491,0.0],[-87.94929,42.93545,0.0],[-87.94928,42.93611,0.0],[-87.94925,42.93708,0.0],[-87.94924,42.93762,0.0],[-87.94924,42.93784,0.0],[-87.94922,42.93852,0.0],[-87.94921,42.93875,0.0],[-87.9492,42.93925,0.0],[-87.94916,42.94074,0.0],[-87.94915,42.94124,0.0],[-87.94913,42.94173,0.0],[-87.9491,42.94322,0.0],[-87.94909,42.94368,0.0],[-87.94905,42.94486,0.0],[-87.94877,42.94486,0.0],[-87.94794,42.94485,0.0],[-87.94766,42.94485,0.0],[-87.94674,42.94485,0.0],[-87.94648,42.94485,0.0],[-87.94414,42.94483,0.0],[-87.94395,42.94483,0.0],[-87.94339,42.94483,0.0],[-87.9432,42.94483,0.0],[-87.94241,42.94482,0.0],[-87.94004,42.94481,0.0],[-87.93924,42.94481,0.0],[-87.93897,42.9448,0.0],[-87.93817,42.9448,0.0],[-87.9379,42.9448,0.0],[-87.93733,42.94479,0.0],[-87.93563,42.94479,0.0],[-87.93542,42.94478,0.0],[-87.93538,42.94478,0.0],[-87.93522,42.94478,0.0],[-87.93519,42.94478,0.0],[-87.93507,42.94478,0.0],[-87.93491,42.94478,0.0],[-87.93479,42.94478,0.0],[-87.93465,42.94478,0.0],[-87.93419,42.94478,0.0],[-87.93155,42.94477,0.0],[-87.93067,42.94476,0.0],[-87.93042,42.94476,0.0],[-87.92967,42.94476,0.0],[-87.92942,42.94476,0.0],[-87.92861,42.94475,0.0],[-87.9262,42.94474,0.0],[-87.9254,42.94474,0.0],[-87.92504,42.94474,0.0],[-87.92395,42.94473,0.0],[-87.92359,42.94473,0.0],[-87.92278,42.94472,0.0],[-87.92035,42.94471,0.0],[-87.92005,42.94471,0.0],[-87.91955,42.94481,0.0],[-87.91911,42.94501,0.0],[-87.91881,42.94514,0.0],[-87.91825,42.9454,0.0],[-87.91796,42.94553,0.0],[-87.91778,42.9456,0.0],[-87.91758,42.94567,0.0],[-87.91732,42.94576,0.0],[-87.91678,42.94592,0.0],[-87.91516,42.94642,0.0],[-87.91462,42.94658,0.0],[-87.91408,42.94674,0.0],[-87.91247,42.94723,0.0],[-87.91193,42.9474,0.0],[-87.91149,42.94752,0.0],[-87.91137,42.94755,0.0],[-87.91098,42.94767,0.0],[-87.91056,42.94778,0.0],[-87.91043,42.9478,0.0],[-87.91028,42.94782,0.0],[-87.91017,42.94783,0.0],[-87.9101,42.94783,0.0],[-87.90971,42.94783,0.0],[-87.90971,42.94789,0.0],[-87.90971,42.94808,0.0],[-87.90971,42.94814,0.0],[-87.90971,42.94816,0.0],[-87.90971,42.94855,0.0],[-87.90971,42.94978,0.0],[-87.90971,42.95019,0.0],[-87.90971,42.95054,0.0],[-87.9097,42.95158,0.0],[-87.9097,42.95193,0.0],[-87.90969,42.95314,0.0],[-87.90968,42.95603,0.0],[-87.90967,42.95679,0.0],[-87.90967,42.95792,0.0],[-87.90967,42.95801,0.0],[-87.90966,42.95824,0.0],[-87.90966,42.95894,0.0],[-87.90966,42.95918,0.0],[-87.90847,42.95918,0.0],[-87.90816,42.95917,0.0],[-87.90365,42.95917,0.0],[-87.90215,42.95917,0.0],[-87.90165,42.95916,0.0],[-87.90016,42.95916,0.0],[-87.89973,42.95916,0.0],[-87.89967,42.95916,0.0],[-87.89962,42.95916,0.0],[-87.89942,42.95916,0.0],[-87.89869,42.95916,0.0],[-87.89844,42.95916,0.0],[-87.89819,42.95916,0.0],[-87.89742,42.95916,0.0],[-87.89717,42.95916,0.0],[-87.89567,42.95916,0.0],[-87.89118,42.95916,0.0],[-87.88968,42.95916,0.0],[-87.8892,42.95916,0.0],[-87.8885,42.95915,0.0],[-87.88775,42.95915,0.0],[-87.88726,42.95915,0.0],[-87.88693,42.95914,0.0],[-87.88592,42.95914,0.0],[-87.88559,42.95914,0.0],[-87.88511,42.95914,0.0],[-87.88367,42.95913,0.0],[-87.88325,42.95913,0.0],[-87.88326,42.95852,0.0],[-87.88327,42.95683,0.0],[-87.88412,42.95183,0.0],[-87.88404,42.95183,0.0],[-87.88535,42.94458,0.0],[-87.88531,42.94457,0.0],[-87.8857,42.9423,0.0],[-87.88564,42.94229,0.0],[-87.88656,42.93731,0.0],[-87.88781,42.93018,0.0],[-87.88785,42.93003,0.0],[-87.88788,42.92988,0.0],[-87.88806,42.92887,0.0],[-87.88803,42.92887,0.0],[-87.88805,42.92871,0.0],[-87.88906,42.92308,0.0],[-87.88913,42.92269,0.0],[-87.88965,42.92269,0.0],[-87.88998,42.92269,0.0],[-87.89047,42.92269,0.0],[-87.89056,42.92269,0.0],[-87.89068,42.92269,0.0],[-87.89066,42.92292,0.0],[-87.89046,42.92728,0.0],[-87.89033,42.93004,0.0],[-87.89147,42.93004,0.0],[-87.89338,42.93005,0.0],[-87.89595,42.93006,0.0],[-87.89744,42.93007,0.0],[-87.89898,42.93008,0.0],[-87.90361,42.9301,0.0],[-87.90516,42.93011,0.0],[-87.90523,42.93011,0.0],[-87.90544,42.93011,0.0],[-87.90551,42.93011,0.0],[-87.90573,42.93011,0.0],[-87.9064,42.93011,0.0],[-87.90662,42.93012,0.0],[-87.9073,42.93012,0.0],[-87.90936,42.93013,0.0],[-87.91004,42.93013,0.0],[-87.91009,42.93013,0.0],[-87.91039,42.93013,0.0],[-87.91129,42.93014,0.0],[-87.91151,42.93014,0.0],[-87.9116,42.93014,0.0],[-87.91185,42.93014,0.0],[-87.91263,42.93015,0.0],[-87.91289,42.93015,0.0],[-87.91321,42.93015,0.0],[-87.91328,42.93015,0.0],[-87.91443,42.93016,0.0],[-87.91459,42.93016,0.0],[-87.91482,42.93016,0.0],[-87.91581,42.93017,0.0],[-87.91789,42.93018,0.0],[-87.91879,42.93019,0.0],[-87.91978,42.93019,0.0],[-87.91985,42.93019,0.0],[-87.91997,42.93019,0.0],[-87.92052,42.93019,0.0],[-87.92071,42.9302,0.0],[-87.92097,42.9302,0.0],[-87.92127,42.9302,0.0],[-87.92295,42.93021,0.0],[-87.92351,42.93021,0.0],[-87.92366,42.93021,0.0],[-87.92376,42.93021,0.0],[-87.9241,42.93022,0.0],[-87.92425,42.93022,0.0],[-87.92429,42.93022,0.0],[-87.92432,42.93022,0.0],[-87.92451,42.93022,0.0],[-87.92458,42.93022,0.0],[-87.92483,42.93022,0.0],[-87.9249,42.93022,0.0],[-87.92589,42.93023,0.0],[-87.92595,42.93023,0.0],[-87.92622,42.93023,0.0],[-87.92633,42.93023,0.0],[-87.92663,42.93024,0.0],[-87.92673,42.93024,0.0],[-87.92706,42.93024,0.0],[-87.92765,42.93024,0.0],[-87.92995,42.93028,0.0],[-87.92995,42.93026,0.0],[-87.93025,42.93027,0.0],[-87.93044,42.9252,0.0],[-87.93046,42.9248,0.0],[-87.93047,42.92441,0.0],[-87.93049,42.9238,0.0],[-87.93051,42.92326,0.0],[-87.93053,42.92288,0.0],[-87.93053,42.92275,0.0],[-87.93053,42.92266,0.0],[-87.93054,42.92247,0.0],[-87.93058,42.92123,0.0],[-87.9306,42.92082,0.0],[-87.9316,42.92083,0.0],[-87.93333,42.92083,0.0],[-87.93459,42.92084,0.0],[-87.93527,42.92084,0.0],[-87.93532,42.92084,0.0],[-87.93538,42.92084,0.0],[-87.93559,42.92084,0.0],[-87.93578,42.92085,0.0],[-87.93632,42.92085,0.0],[-87.93849,42.92088,0.0],[-87.93922,42.92089,0.0],[-87.93948,42.92089,0.0],[-87.94024,42.9209,0.0],[-87.9405,42.9209,0.0],[-87.94049,42.92094,0.0],[-87.94047,42.92144,0.0],[-87.94041,42.92307,0.0],[-87.94039,42.92362,0.0],[-87.94037,42.92409,0.0],[-87.94032,42.9255,0.0],[-87.9403,42.92597,0.0],[-87.9403,42.92598,0.0],[-87.94027,42.92701,0.0],[-87.9402,42.92897,0.0],[-87.9402,42.92901,0.0],[-87.94016,42.92992,0.0],[-87.94015,42.93031,0.0],[-87.9402,42.93031,0.0],[-87.94064,42.93031,0.0],[-87.94085,42.93031,0.0],[-87.94102,42.93032,0.0],[-87.94152,42.93032,0.0],[-87.94168,42.93032,0.0],[-87.9419,42.93032,0.0],[-87.94251,42.93033,0.0],[-87.94256,42.93033,0.0],[-87.94278,42.93033,0.0],[-87.94287,42.93033,0.0],[-87.94316,42.93033,0.0],[-87.94326,42.93033,0.0],[-87.94348,42.93033,0.0],[-87.94417,42.93034,0.0],[-87.9444,42.93034,0.0],[-87.94451,42.93034,0.0],[-87.94485,42.93034,0.0],[-87.94496,42.93034,0.0],[-87.94549,42.93035,0.0],[-87.94709,42.93036,0.0],[-87.94762,42.93036,0.0],[-87.94797,42.93036,0.0],[-87.94903,42.93037,0.0],[-87.94938,42.93037,0.0],[-87.94937,42.93083,0.0]]]]}},{"type":"Feature","properties":{"uesi_id":"USA_R251075","nbhd_code":"USA_R251075_192","nbhd_name":"Census Tract 218, Milwaukee, WI"},"geometry":{"type":"MultiPolygon","coordinates":[[[[-87.96466,42.93885,0.0],[-87.96456,42.94247,0.0],[-87.96453,42.94368,0.0],[-87.96451,42.94488,0.0],[-87.96408,42.94488,0.0],[-87.96404,42.94488,0.0],[-87.96392,42.94488,0.0],[-87.96388,42.94488,0.0],[-87.96385,42.94488,0.0],[-87.96376,42.94488,0.0],[-87.96373,42.94488,0.0],[-87.96364,42.94488,0.0],[-87.96339,42.94488,0.0],[-87.9633,42.94488,0.0],[-87.96326,42.94488,0.0],[-87.96327,42.94463,0.0],[-87.9633,42.94358,0.0],[-87.9633,42.94339,0.0],[-87.9633,42.9433,0.0],[-87.96273,42.94329,0.0],[-87.96274,42.94316,0.0],[-87.96271,42.94316,0.0],[-87.96235,42.94316,0.0],[-87.96228,42.9431,0.0],[-87.96222,42.94313,0.0],[-87.96205,42.94325,0.0],[-87.962,42.94329,0.0],[-87.9619,42.94329,0.0],[-87.96173,42.94316,0.0],[-87.96167,42.94311,0.0],[-87.96161,42.94315,0.0],[-87.96147,42.94315,0.0],[-87.96147,42.94322,0.0],[-87.96147,42.94328,0.0],[-87.96142,42.94328,0.0],[-87.96128,42.94327,0.0],[-87.96103,42.94328,0.0],[-87.96022,42.94328,0.0],[-87.96021,42.94369,0.0],[-87.96017,42.94488,0.0],[-87.96005,42.94488,0.0],[-87.95983,42.94487,0.0],[-87.95916,42.94487,0.0],[-87.95894,42.94487,0.0],[-87.95884,42.94487,0.0],[-87.95858,42.94487,0.0],[-87.95855,42.94487,0.0],[-87.95845,42.94487,0.0],[-87.95833,42.94487,0.0],[-87.95806,42.94487,0.0],[-87.95806,42.94423,0.0],[-87.95718,42.94423,0.0],[-87.95719,42.94369,0.0],[-87.95717,42.94369,0.0],[-87.95707,42.94369,0.0],[-87.95702,42.94369,0.0],[-87.95687,42.94369,0.0],[-87.95682,42.94369,0.0],[-87.95669,42.94369,0.0],[-87.95633,42.9437,0.0],[-87.9562,42.94371,0.0],[-87.95589,42.9437,0.0],[-87.95495,42.94368,0.0],[-87.95463,42.94367,0.0],[-87.9545,42.94368,0.0],[-87.95409,42.94368,0.0],[-87.95396,42.94369,0.0],[-87.95368,42.94369,0.0],[-87.95348,42.94369,0.0],[-87.95329,42.94369,0.0],[-87.9531,42.94369,0.0],[-87.95301,42.94369,0.0],[-87.95291,42.94369,0.0],[-87.95273,42.94369,0.0],[-87.95254,42.94369,0.0],[-87.95235,42.94369,0.0],[-87.95206,42.94368,0.0],[-87.95158,42.94368,0.0],[-87.95104,42.94368,0.0],[-87.94938,42.94368,0.0],[-87.94927,42.94368,0.0],[-87.94909,42.94368,0.0],[-87.9491,42.94322,0.0],[-87.94913,42.94173,0.0],[-87.94915,42.94124,0.0],[-87.94916,42.94074,0.0],[-87.9492,42.93925,0.0],[-87.94921,42.93875,0.0],[-87.94922,42.93852,0.0],[-87.94924,42.93784,0.0],[-87.94924,42.93762,0.0],[-87.94952,42.93762,0.0],[-87.95035,42.93762,0.0],[-87.95062,42.93762,0.0],[-87.95101,42.93762,0.0],[-87.95154,42.93762,0.0],[-87.95218,42.93762,0.0],[-87.95257,42.93762,0.0],[-87.95271,42.93762,0.0],[-87.95316,42.93762,0.0],[-87.95331,42.93762,0.0],[-87.9535,42.93762,0.0],[-87.95409,42.93762,0.0],[-87.95428,42.93762,0.0],[-87.95452,42.93762,0.0],[-87.95524,42.93762,0.0],[-87.95548,42.93762,0.0],[-87.95572,42.93762,0.0],[-87.95644,42.93763,0.0],[-87.95668,42.93763,0.0],[-87.95691,42.93763,0.0],[-87.95763,42.93763,0.0],[-87.95787,42.93763,0.0],[-87.95812,42.93763,0.0],[-87.95887,42.93763,0.0],[-87.95912,42.93763,0.0],[-87.95937,42.93763,0.0],[-87.96011,42.93763,0.0],[-87.96035,42.93763,0.0],[-87.9609,42.93763,0.0],[-87.96255,42.93764,0.0],[-87.9631,42.93764,0.0],[-87.96323,42.93764,0.0],[-87.96365,42.93764,0.0],[-87.96378,42.93764,0.0],[-87.96407,42.93764,0.0],[-87.96406,42.93798,0.0],[-87.96405,42.93836,0.0],[-87.96468,42.93836,0.0],[-87.96466,42.93885,0.0]]]]}},{"type":"Feature","properties":{"uesi_id":"USA_R251075","nbhd_code":"USA_R251075_193","nbhd_name":"Census Tract 1854, Milwaukee, WI"},"geometry":{"type":"MultiPolygon","coordinates":[[[[-87.94361,43.06274,0.0],[-87.9434,43.06288,0.0],[-87.94275,43.06332,0.0],[-87.94253,43.06347,0.0],[-87.94253,43.06361,0.0],[-87.94252,43.06404,0.0],[-87.94252,43.06419,0.0],[-87.94227,43.06418,0.0],[-87.94153,43.06417,0.0],[-87.94128,43.06417,0.0],[-87.94103,43.06417,0.0],[-87.94029,43.06416,0.0],[-87.94004,43.06416,0.0],[-87.93979,43.06415,0.0],[-87.93903,43.06415,0.0],[-87.93878,43.06414,0.0],[-87.93854,43.06415,0.0],[-87.93779,43.06415,0.0],[-87.93754,43.06416,0.0],[-87.93729,43.06415,0.0],[-87.93655,43.06414,0.0],[-87.9363,43.06414,0.0],[-87.93606,43.06413,0.0],[-87.93532,43.06412,0.0],[-87.93507,43.06412,0.0],[-87.93482,43.06411,0.0],[-87.93409,43.0641,0.0],[-87.93384,43.0641,0.0],[-87.93359,43.0641,0.0],[-87.93285,43.06408,0.0],[-87.93261,43.06408,0.0],[-87.93261,43.06371,0.0],[-87.93263,43.06261,0.0],[-87.93264,43.06224,0.0],[-87.93265,43.06188,0.0],[-87.93267,43.0608,0.0],[-87.93267,43.06044,0.0],[-87.93268,43.05994,0.0],[-87.9327,43.05843,0.0],[-87.93271,43.05793,0.0],[-87.93271,43.05772,0.0],[-87.93272,43.05711,0.0],[-87.93273,43.0569,0.0],[-87.93273,43.05676,0.0],[-87.93273,43.05631,0.0],[-87.93274,43.05616,0.0],[-87.93276,43.05618,0.0],[-87.93283,43.05623,0.0],[-87.93286,43.05625,0.0],[-87.93306,43.05625,0.0],[-87.93369,43.05625,0.0],[-87.9339,43.05626,0.0],[-87.93416,43.05626,0.0],[-87.93494,43.05627,0.0],[-87.9352,43.05627,0.0],[-87.93544,43.05627,0.0],[-87.93618,43.05628,0.0],[-87.93643,43.05628,0.0],[-87.93667,43.05628,0.0],[-87.93742,43.05628,0.0],[-87.93766,43.05628,0.0],[-87.93791,43.05628,0.0],[-87.93864,43.05628,0.0],[-87.93888,43.05629,0.0],[-87.939,43.05629,0.0],[-87.93936,43.05629,0.0],[-87.93949,43.05629,0.0],[-87.93961,43.05629,0.0],[-87.93998,43.05629,0.0],[-87.9401,43.05629,0.0],[-87.94035,43.05629,0.0],[-87.9411,43.0563,0.0],[-87.94135,43.0563,0.0],[-87.94161,43.05631,0.0],[-87.94239,43.05631,0.0],[-87.94266,43.05631,0.0],[-87.94265,43.0566,0.0],[-87.94264,43.05747,0.0],[-87.94263,43.05776,0.0],[-87.94263,43.05804,0.0],[-87.94262,43.05886,0.0],[-87.94261,43.05914,0.0],[-87.9426,43.05942,0.0],[-87.94257,43.06026,0.0],[-87.94256,43.06054,0.0],[-87.94256,43.06078,0.0],[-87.94255,43.06148,0.0],[-87.94255,43.06171,0.0],[-87.94267,43.06198,0.0],[-87.94277,43.06206,0.0],[-87.94306,43.06229,0.0],[-87.94316,43.06237,0.0],[-87.94325,43.06244,0.0],[-87.94352,43.06266,0.0],[-87.94361,43.06274,0.0]]]]}},{"type":"Feature","properties":{"uesi_id":"USA_R251075","nbhd_code":"USA_R251075_194","nbhd_name":"Census Tract 1855, Milwaukee, WI"},"geometry":{"type":"MultiPolygon","coordinates":[[[[-87.93273,43.05631,0.0],[-87.93273,43.05676,0.0],[-87.93273,43.0569,0.0],[-87.93272,43.05711,0.0],[-87.93271,43.05772,0.0],[-87.93271,43.05793,0.0],[-87.9327,43.05843,0.0],[-87.93268,43.05994,0.0],[-87.93267,43.06044,0.0],[-87.93267,43.0608,0.0],[-87.93265,43.06188,0.0],[-87.93264,43.06224,0.0],[-87.93263,43.06261,0.0],[-87.93261,43.06371,0.0],[-87.93261,43.06408,0.0],[-87.93236,43.06408,0.0],[-87.93162,43.06406,0.0],[-87.93137,43.06406,0.0],[-87.9311,43.06406,0.0],[-87.9303,43.06404,0.0],[-87.93003,43.06404,0.0],[-87.92978,43.06403,0.0],[-87.92905,43.06402,0.0],[-87.9288,43.06402,0.0],[-87.92857,43.06401,0.0],[-87.92789,43.06399,0.0],[-87.92766,43.06398,0.0],[-87.9275,43.06398,0.0],[-87.92702,43.06399,0.0],[-87.92686,43.064,0.0],[-87.92658,43.064,0.0],[-87.92574,43.06399,0.0],[-87.92547,43.06399,0.0],[-87.92519,43.06399,0.0],[-87.92435,43.06398,0.0],[-87.92408,43.06398,0.0],[-87.9238,43.06397,0.0],[-87.92297,43.06397,0.0],[-87.92269,43.06397,0.0],[-87.92245,43.06396,0.0],[-87.92172,43.06396,0.0],[-87.92148,43.06396,0.0],[-87.92132,43.06395,0.0],[-87.92096,43.06395,0.0],[-87.92085,43.06395,0.0],[-87.92069,43.06395,0.0],[-87.92062,43.06395,0.0],[-87.92055,43.06395,0.0],[-87.92052,43.06395,0.0],[-87.92004,43.06394,0.0],[-87.91987,43.06394,0.0],[-87.91988,43.06358,0.0],[-87.91989,43.06249,0.0],[-87.9199,43.06213,0.0],[-87.9199,43.06194,0.0],[-87.91991,43.06138,0.0],[-87.91991,43.06119,0.0],[-87.91991,43.06101,0.0],[-87.91992,43.06049,0.0],[-87.91992,43.06032,0.0],[-87.91993,43.06008,0.0],[-87.91996,43.05936,0.0],[-87.91997,43.05912,0.0],[-87.91997,43.05905,0.0],[-87.91998,43.0589,0.0],[-87.91998,43.05883,0.0],[-87.91997,43.05878,0.0],[-87.91997,43.05876,0.0],[-87.91989,43.05853,0.0],[-87.91989,43.05852,0.0],[-87.91981,43.05841,0.0],[-87.91971,43.0583,0.0],[-87.91948,43.05796,0.0],[-87.91934,43.05777,0.0],[-87.91924,43.05765,0.0],[-87.91894,43.05729,0.0],[-87.91883,43.05717,0.0],[-87.9188,43.05712,0.0],[-87.91875,43.05705,0.0],[-87.91866,43.0569,0.0],[-87.91858,43.05673,0.0],[-87.91856,43.05665,0.0],[-87.91853,43.05651,0.0],[-87.91883,43.05651,0.0],[-87.91972,43.05651,0.0],[-87.92002,43.05651,0.0],[-87.92033,43.05651,0.0],[-87.92128,43.05652,0.0],[-87.92159,43.05652,0.0],[-87.92217,43.05652,0.0],[-87.92391,43.05653,0.0],[-87.92428,43.05653,0.0],[-87.92449,43.05653,0.0],[-87.92463,43.05653,0.0],[-87.92471,43.05653,0.0],[-87.92487,43.05653,0.0],[-87.92537,43.05654,0.0],[-87.92559,43.05654,0.0],[-87.92587,43.05654,0.0],[-87.92671,43.05654,0.0],[-87.927,43.05654,0.0],[-87.92727,43.05654,0.0],[-87.9281,43.05656,0.0],[-87.92838,43.05656,0.0],[-87.92858,43.05656,0.0],[-87.92918,43.05657,0.0],[-87.92923,43.05657,0.0],[-87.92938,43.05657,0.0],[-87.92953,43.05658,0.0],[-87.92999,43.05658,0.0],[-87.93014,43.05658,0.0],[-87.93041,43.05658,0.0],[-87.93123,43.05659,0.0],[-87.9315,43.0566,0.0],[-87.9315,43.05634,0.0],[-87.93152,43.05557,0.0],[-87.93152,43.05531,0.0],[-87.93154,43.05533,0.0],[-87.93161,43.05537,0.0],[-87.93163,43.05539,0.0],[-87.93256,43.05604,0.0],[-87.93259,43.05606,0.0],[-87.9327,43.05614,0.0],[-87.93274,43.05616,0.0],[-87.93273,43.05631,0.0]]]]}},{"type":"Feature","properties":{"uesi_id":"USA_R251075","nbhd_code":"USA_R251075_195","nbhd_name":"Census Tract 1856, Milwaukee, WI"},"geometry":{"type":"MultiPolygon","coordinates":[[[[-87.91998,43.0589,0.0],[-87.91997,43.05905,0.0],[-87.91997,43.05912,0.0],[-87.91996,43.05936,0.0],[-87.91993,43.06008,0.0],[-87.91992,43.06032,0.0],[-87.91992,43.06049,0.0],[-87.91991,43.06101,0.0],[-87.91991,43.06119,0.0],[-87.91991,43.06138,0.0],[-87.9199,43.06194,0.0],[-87.9199,43.06213,0.0],[-87.91989,43.06249,0.0],[-87.91988,43.06358,0.0],[-87.91987,43.06394,0.0],[-87.91959,43.06394,0.0],[-87.91874,43.06393,0.0],[-87.91846,43.06392,0.0],[-87.91818,43.06393,0.0],[-87.91733,43.06394,0.0],[-87.91705,43.06394,0.0],[-87.91675,43.06394,0.0],[-87.91588,43.06394,0.0],[-87.91559,43.06393,0.0],[-87.91529,43.06393,0.0],[-87.9144,43.06392,0.0],[-87.91411,43.06392,0.0],[-87.91381,43.06392,0.0],[-87.91291,43.06391,0.0],[-87.91261,43.06391,0.0],[-87.91231,43.06391,0.0],[-87.91141,43.0639,0.0],[-87.91111,43.0639,0.0],[-87.91081,43.0639,0.0],[-87.90992,43.06389,0.0],[-87.90962,43.06389,0.0],[-87.90962,43.06352,0.0],[-87.90963,43.06244,0.0],[-87.90963,43.06208,0.0],[-87.90964,43.06172,0.0],[-87.90965,43.06062,0.0],[-87.90965,43.06025,0.0],[-87.90966,43.06002,0.0],[-87.90967,43.05931,0.0],[-87.90968,43.05907,0.0],[-87.90968,43.05881,0.0],[-87.9097,43.05803,0.0],[-87.9097,43.05777,0.0],[-87.9097,43.0575,0.0],[-87.90972,43.05672,0.0],[-87.90972,43.05645,0.0],[-87.91002,43.05645,0.0],[-87.91092,43.05646,0.0],[-87.91122,43.05646,0.0],[-87.91152,43.05646,0.0],[-87.91242,43.05647,0.0],[-87.91272,43.05647,0.0],[-87.91302,43.05647,0.0],[-87.91392,43.05647,0.0],[-87.91422,43.05648,0.0],[-87.91452,43.05648,0.0],[-87.91541,43.05648,0.0],[-87.91571,43.05648,0.0],[-87.916,43.05649,0.0],[-87.91687,43.05649,0.0],[-87.91716,43.0565,0.0],[-87.91744,43.0565,0.0],[-87.91826,43.0565,0.0],[-87.91853,43.05651,0.0],[-87.91856,43.05665,0.0],[-87.91858,43.05673,0.0],[-87.91866,43.0569,0.0],[-87.91875,43.05705,0.0],[-87.9188,43.05712,0.0],[-87.91883,43.05717,0.0],[-87.91894,43.05729,0.0],[-87.91924,43.05765,0.0],[-87.91934,43.05777,0.0],[-87.91948,43.05796,0.0],[-87.91971,43.0583,0.0],[-87.91981,43.05841,0.0],[-87.91989,43.05852,0.0],[-87.91989,43.05853,0.0],[-87.91997,43.05876,0.0],[-87.91997,43.05878,0.0],[-87.91998,43.05883,0.0],[-87.91998,43.0589,0.0]]]]}},{"type":"Feature","properties":{"uesi_id":"USA_R251075","nbhd_code":"USA_R251075_196","nbhd_name":"Census Tract 1857, Milwaukee, WI"},"geometry":{"type":"MultiPolygon","coordinates":[[[[-87.91987,43.06431,0.0],[-87.91985,43.0654,0.0],[-87.91985,43.06576,0.0],[-87.91985,43.06613,0.0],[-87.91984,43.06723,0.0],[-87.91984,43.0676,0.0],[-87.91984,43.06796,0.0],[-87.91982,43.06906,0.0],[-87.91982,43.06943,0.0],[-87.91982,43.06962,0.0],[-87.91981,43.07021,0.0],[-87.91981,43.07041,0.0],[-87.9198,43.07047,0.0],[-87.9198,43.07057,0.0],[-87.9198,43.07102,0.0],[-87.91979,43.07117,0.0],[-87.91951,43.07117,0.0],[-87.91866,43.07117,0.0],[-87.91838,43.07117,0.0],[-87.91809,43.07116,0.0],[-87.91725,43.07115,0.0],[-87.91697,43.07115,0.0],[-87.91667,43.07115,0.0],[-87.91579,43.07114,0.0],[-87.9155,43.07114,0.0],[-87.9152,43.07113,0.0],[-87.91432,43.07113,0.0],[-87.91402,43.07112,0.0],[-87.91372,43.07112,0.0],[-87.91283,43.07111,0.0],[-87.91253,43.07111,0.0],[-87.91223,43.07111,0.0],[-87.91133,43.0711,0.0],[-87.91103,43.0711,0.0],[-87.91073,43.07109,0.0],[-87.90984,43.07109,0.0],[-87.90954,43.07108,0.0],[-87.90954,43.07074,0.0],[-87.90955,43.06969,0.0],[-87.90956,43.06935,0.0],[-87.90956,43.06898,0.0],[-87.90957,43.06789,0.0],[-87.90958,43.06752,0.0],[-87.90958,43.06716,0.0],[-87.90959,43.06606,0.0],[-87.9096,43.0657,0.0],[-87.9096,43.06533,0.0],[-87.90961,43.06425,0.0],[-87.90962,43.06389,0.0],[-87.90992,43.06389,0.0],[-87.91081,43.0639,0.0],[-87.91111,43.0639,0.0],[-87.91141,43.0639,0.0],[-87.91231,43.06391,0.0],[-87.91261,43.06391,0.0],[-87.91291,43.06391,0.0],[-87.91381,43.06392,0.0],[-87.91411,43.06392,0.0],[-87.9144,43.06392,0.0],[-87.91529,43.06393,0.0],[-87.91559,43.06393,0.0],[-87.91588,43.06394,0.0],[-87.91675,43.06394,0.0],[-87.91705,43.06394,0.0],[-87.91733,43.06394,0.0],[-87.91818,43.06393,0.0],[-87.91846,43.06392,0.0],[-87.91874,43.06393,0.0],[-87.91959,43.06394,0.0],[-87.91987,43.06394,0.0],[-87.91987,43.06431,0.0]]]]}},{"type":"Feature","properties":{"uesi_id":"USA_R251075","nbhd_code":"USA_R251075_197","nbhd_name":"Census Tract 1858, Milwaukee, WI"},"geometry":{"type":"MultiPolygon","coordinates":[[[[-87.94775,43.05169,0.0],[-87.94775,43.05251,0.0],[-87.94775,43.05279,0.0],[-87.94772,43.05293,0.0],[-87.94764,43.05336,0.0],[-87.94762,43.0535,0.0],[-87.94761,43.05378,0.0],[-87.9476,43.05463,0.0],[-87.9476,43.05491,0.0],[-87.94759,43.0552,0.0],[-87.94758,43.05608,0.0],[-87.94757,43.05638,0.0],[-87.94733,43.05637,0.0],[-87.94658,43.05635,0.0],[-87.94633,43.05634,0.0],[-87.94608,43.05634,0.0],[-87.94534,43.05633,0.0],[-87.94509,43.05633,0.0],[-87.94485,43.05633,0.0],[-87.9441,43.05632,0.0],[-87.94386,43.05632,0.0],[-87.94362,43.05632,0.0],[-87.94289,43.05631,0.0],[-87.94266,43.05631,0.0],[-87.94239,43.05631,0.0],[-87.94161,43.05631,0.0],[-87.94135,43.0563,0.0],[-87.9411,43.0563,0.0],[-87.94035,43.05629,0.0],[-87.9401,43.05629,0.0],[-87.93998,43.05629,0.0],[-87.93961,43.05629,0.0],[-87.93949,43.05629,0.0],[-87.93936,43.05629,0.0],[-87.939,43.05629,0.0],[-87.93888,43.05629,0.0],[-87.93864,43.05628,0.0],[-87.93791,43.05628,0.0],[-87.93766,43.05628,0.0],[-87.93767,43.05598,0.0],[-87.93768,43.05511,0.0],[-87.93768,43.05482,0.0],[-87.93769,43.05472,0.0],[-87.93769,43.05441,0.0],[-87.93769,43.05431,0.0],[-87.93769,43.05425,0.0],[-87.9377,43.05407,0.0],[-87.9377,43.05401,0.0],[-87.9377,43.05373,0.0],[-87.93771,43.05318,0.0],[-87.93771,43.05291,0.0],[-87.93771,43.05264,0.0],[-87.93772,43.05239,0.0],[-87.93773,43.05162,0.0],[-87.93773,43.05137,0.0],[-87.93811,43.05137,0.0],[-87.93896,43.05138,0.0],[-87.93925,43.05137,0.0],[-87.94021,43.05138,0.0],[-87.94046,43.05138,0.0],[-87.94121,43.05139,0.0],[-87.94146,43.05139,0.0],[-87.94172,43.05139,0.0],[-87.94251,43.05139,0.0],[-87.94277,43.05139,0.0],[-87.94303,43.0514,0.0],[-87.94379,43.0514,0.0],[-87.94404,43.0514,0.0],[-87.94423,43.0514,0.0],[-87.94482,43.05141,0.0],[-87.94493,43.05141,0.0],[-87.94502,43.05142,0.0],[-87.9451,43.05147,0.0],[-87.94514,43.05149,0.0],[-87.9452,43.05156,0.0],[-87.94521,43.0517,0.0],[-87.94521,43.0518,0.0],[-87.94542,43.0518,0.0],[-87.94604,43.05181,0.0],[-87.94625,43.05181,0.0],[-87.94625,43.05173,0.0],[-87.94625,43.05165,0.0],[-87.94628,43.05157,0.0],[-87.94632,43.05153,0.0],[-87.94637,43.05147,0.0],[-87.94643,43.05145,0.0],[-87.94651,43.05142,0.0],[-87.94658,43.05141,0.0],[-87.94664,43.05141,0.0],[-87.94747,43.05141,0.0],[-87.94775,43.05141,0.0],[-87.94775,43.05169,0.0]]]]}},{"type":"Feature","properties":{"uesi_id":"USA_R251075","nbhd_code":"USA_R251075_198","nbhd_name":"Census Tract 1859, Milwaukee, WI"},"geometry":{"type":"MultiPolygon","coordinates":[[[[-87.93773,43.05162,0.0],[-87.93772,43.05239,0.0],[-87.93771,43.05264,0.0],[-87.93771,43.05291,0.0],[-87.93771,43.05318,0.0],[-87.9377,43.05373,0.0],[-87.9377,43.05401,0.0],[-87.9377,43.05407,0.0],[-87.93769,43.05425,0.0],[-87.93769,43.05431,0.0],[-87.93769,43.05441,0.0],[-87.93769,43.05472,0.0],[-87.93768,43.05482,0.0],[-87.93768,43.05511,0.0],[-87.93767,43.05598,0.0],[-87.93766,43.05628,0.0],[-87.93742,43.05628,0.0],[-87.93667,43.05628,0.0],[-87.93643,43.05628,0.0],[-87.93618,43.05628,0.0],[-87.93544,43.05627,0.0],[-87.9352,43.05627,0.0],[-87.93494,43.05627,0.0],[-87.93416,43.05626,0.0],[-87.9339,43.05626,0.0],[-87.93369,43.05625,0.0],[-87.93306,43.05625,0.0],[-87.93286,43.05625,0.0],[-87.93283,43.05623,0.0],[-87.93276,43.05618,0.0],[-87.93274,43.05616,0.0],[-87.9327,43.05614,0.0],[-87.93259,43.05606,0.0],[-87.93256,43.05604,0.0],[-87.93163,43.05539,0.0],[-87.93161,43.05537,0.0],[-87.93154,43.05533,0.0],[-87.93152,43.05531,0.0],[-87.93152,43.05557,0.0],[-87.9315,43.05634,0.0],[-87.9315,43.0566,0.0],[-87.93123,43.05659,0.0],[-87.93041,43.05658,0.0],[-87.93014,43.05658,0.0],[-87.92999,43.05658,0.0],[-87.92953,43.05658,0.0],[-87.92938,43.05657,0.0],[-87.92923,43.05657,0.0],[-87.92918,43.05657,0.0],[-87.92858,43.05656,0.0],[-87.92838,43.05656,0.0],[-87.9281,43.05656,0.0],[-87.92727,43.05654,0.0],[-87.927,43.05654,0.0],[-87.927,43.05637,0.0],[-87.92701,43.05587,0.0],[-87.92701,43.05571,0.0],[-87.92702,43.05535,0.0],[-87.92705,43.05428,0.0],[-87.92705,43.05392,0.0],[-87.92706,43.05366,0.0],[-87.92708,43.0531,0.0],[-87.92708,43.05287,0.0],[-87.92709,43.05261,0.0],[-87.92709,43.05235,0.0],[-87.92709,43.05156,0.0],[-87.9271,43.0513,0.0],[-87.92724,43.0513,0.0],[-87.92745,43.0513,0.0],[-87.9275,43.05131,0.0],[-87.92768,43.05131,0.0],[-87.92782,43.05131,0.0],[-87.9286,43.05129,0.0],[-87.93001,43.0513,0.0],[-87.93015,43.0513,0.0],[-87.93056,43.05131,0.0],[-87.9307,43.05131,0.0],[-87.93084,43.05131,0.0],[-87.93126,43.05131,0.0],[-87.9314,43.05131,0.0],[-87.93169,43.05132,0.0],[-87.93253,43.05132,0.0],[-87.93281,43.05133,0.0],[-87.93303,43.05133,0.0],[-87.93368,43.05133,0.0],[-87.9339,43.05134,0.0],[-87.93417,43.05134,0.0],[-87.93499,43.05134,0.0],[-87.93527,43.05135,0.0],[-87.93551,43.05135,0.0],[-87.93625,43.05136,0.0],[-87.9365,43.05136,0.0],[-87.93675,43.05136,0.0],[-87.93749,43.05136,0.0],[-87.93773,43.05137,0.0],[-87.93773,43.05162,0.0]]]]}},{"type":"Feature","properties":{"uesi_id":"USA_R251075","nbhd_code":"USA_R251075_199","nbhd_name":"Census Tract 1860, Milwaukee, WI"},"geometry":{"type":"MultiPolygon","coordinates":[[[[-87.92708,43.05287,0.0],[-87.92708,43.0531,0.0],[-87.92706,43.05366,0.0],[-87.92705,43.05392,0.0],[-87.92705,43.05428,0.0],[-87.92702,43.05535,0.0],[-87.92701,43.05571,0.0],[-87.92701,43.05587,0.0],[-87.927,43.05637,0.0],[-87.927,43.05654,0.0],[-87.92671,43.05654,0.0],[-87.92587,43.05654,0.0],[-87.92559,43.05654,0.0],[-87.92537,43.05654,0.0],[-87.92487,43.05653,0.0],[-87.92471,43.05653,0.0],[-87.92463,43.05653,0.0],[-87.92449,43.05653,0.0],[-87.92428,43.05653,0.0],[-87.92391,43.05653,0.0],[-87.92217,43.05652,0.0],[-87.92159,43.05652,0.0],[-87.92128,43.05652,0.0],[-87.92033,43.05651,0.0],[-87.92002,43.05651,0.0],[-87.91972,43.05651,0.0],[-87.91883,43.05651,0.0],[-87.91853,43.05651,0.0],[-87.91826,43.0565,0.0],[-87.91744,43.0565,0.0],[-87.91716,43.0565,0.0],[-87.91687,43.05649,0.0],[-87.916,43.05649,0.0],[-87.91571,43.05648,0.0],[-87.91541,43.05648,0.0],[-87.91452,43.05648,0.0],[-87.91422,43.05648,0.0],[-87.91423,43.05621,0.0],[-87.91424,43.05542,0.0],[-87.91425,43.05516,0.0],[-87.91425,43.0549,0.0],[-87.91427,43.05411,0.0],[-87.91427,43.05384,0.0],[-87.91428,43.05358,0.0],[-87.91429,43.05281,0.0],[-87.9143,43.05256,0.0],[-87.9143,43.05228,0.0],[-87.9143,43.05146,0.0],[-87.9143,43.05119,0.0],[-87.9146,43.05119,0.0],[-87.91549,43.0512,0.0],[-87.91579,43.0512,0.0],[-87.91609,43.05121,0.0],[-87.91697,43.05121,0.0],[-87.91727,43.05121,0.0],[-87.91754,43.05122,0.0],[-87.91835,43.05123,0.0],[-87.91863,43.05124,0.0],[-87.91893,43.05124,0.0],[-87.91983,43.05124,0.0],[-87.92014,43.05124,0.0],[-87.92037,43.05124,0.0],[-87.92107,43.05124,0.0],[-87.92131,43.05124,0.0],[-87.92135,43.05124,0.0],[-87.92148,43.05124,0.0],[-87.92153,43.05124,0.0],[-87.92181,43.05124,0.0],[-87.92264,43.05124,0.0],[-87.92292,43.05124,0.0],[-87.92292,43.05115,0.0],[-87.92293,43.05087,0.0],[-87.92293,43.05078,0.0],[-87.92321,43.05078,0.0],[-87.92404,43.05078,0.0],[-87.92432,43.05078,0.0],[-87.92431,43.05115,0.0],[-87.9243,43.05223,0.0],[-87.92429,43.05259,0.0],[-87.92444,43.05259,0.0],[-87.92489,43.05259,0.0],[-87.9251,43.0526,0.0],[-87.92521,43.0526,0.0],[-87.92557,43.0526,0.0],[-87.92579,43.05261,0.0],[-87.9259,43.05261,0.0],[-87.92613,43.05261,0.0],[-87.92621,43.05261,0.0],[-87.92638,43.05261,0.0],[-87.92691,43.05261,0.0],[-87.92709,43.05261,0.0],[-87.92708,43.05287,0.0]]]]}},{"type":"Feature","properties":{"uesi_id":"USA_R251075","nbhd_code":"USA_R251075_200","nbhd_name":"Census Tract 1861, Milwaukee, WI"},"geometry":{"type":"MultiPolygon","coordinates":[[[[-87.94777,43.04615,0.0],[-87.94777,43.047,0.0],[-87.94777,43.04728,0.0],[-87.94777,43.04755,0.0],[-87.94776,43.04837,0.0],[-87.94776,43.04865,0.0],[-87.94776,43.04893,0.0],[-87.94776,43.04977,0.0],[-87.94776,43.05005,0.0],[-87.94776,43.05032,0.0],[-87.94775,43.05114,0.0],[-87.94775,43.05141,0.0],[-87.94747,43.05141,0.0],[-87.94664,43.05141,0.0],[-87.94658,43.05141,0.0],[-87.94651,43.05142,0.0],[-87.94643,43.05145,0.0],[-87.94637,43.05147,0.0],[-87.94632,43.05153,0.0],[-87.94628,43.05157,0.0],[-87.94625,43.05165,0.0],[-87.94625,43.05173,0.0],[-87.94625,43.05181,0.0],[-87.94604,43.05181,0.0],[-87.94542,43.0518,0.0],[-87.94521,43.0518,0.0],[-87.94521,43.0517,0.0],[-87.9452,43.05156,0.0],[-87.94514,43.05149,0.0],[-87.9451,43.05147,0.0],[-87.94502,43.05142,0.0],[-87.94493,43.05141,0.0],[-87.94482,43.05141,0.0],[-87.94423,43.0514,0.0],[-87.94404,43.0514,0.0],[-87.94379,43.0514,0.0],[-87.94303,43.0514,0.0],[-87.94277,43.05139,0.0],[-87.94251,43.05139,0.0],[-87.94172,43.05139,0.0],[-87.94146,43.05139,0.0],[-87.94121,43.05139,0.0],[-87.94046,43.05138,0.0],[-87.94021,43.05138,0.0],[-87.93925,43.05137,0.0],[-87.93896,43.05138,0.0],[-87.93811,43.05137,0.0],[-87.93773,43.05137,0.0],[-87.93774,43.05109,0.0],[-87.93775,43.05027,0.0],[-87.93775,43.04999,0.0],[-87.93776,43.04971,0.0],[-87.93777,43.04888,0.0],[-87.93777,43.0486,0.0],[-87.93777,43.04851,0.0],[-87.93778,43.04825,0.0],[-87.93778,43.04816,0.0],[-87.93778,43.04798,0.0],[-87.93779,43.04742,0.0],[-87.93779,43.04723,0.0],[-87.93779,43.04695,0.0],[-87.93781,43.04612,0.0],[-87.93781,43.04584,0.0],[-87.93806,43.04584,0.0],[-87.9388,43.04584,0.0],[-87.93905,43.04584,0.0],[-87.9393,43.04585,0.0],[-87.94004,43.04585,0.0],[-87.94029,43.04585,0.0],[-87.94054,43.04585,0.0],[-87.94128,43.04585,0.0],[-87.94153,43.04586,0.0],[-87.9418,43.04586,0.0],[-87.94259,43.04586,0.0],[-87.94285,43.04586,0.0],[-87.94305,43.04586,0.0],[-87.94363,43.04586,0.0],[-87.94382,43.04586,0.0],[-87.94387,43.04586,0.0],[-87.94403,43.04586,0.0],[-87.94408,43.04586,0.0],[-87.94424,43.04586,0.0],[-87.9447,43.04586,0.0],[-87.94486,43.04586,0.0],[-87.94494,43.04586,0.0],[-87.94518,43.04586,0.0],[-87.94525,43.04587,0.0],[-87.94546,43.04587,0.0],[-87.94608,43.04587,0.0],[-87.94629,43.04587,0.0],[-87.94659,43.04587,0.0],[-87.94748,43.04587,0.0],[-87.94777,43.04587,0.0],[-87.94777,43.04615,0.0]]]]}},{"type":"Feature","properties":{"uesi_id":"USA_R251075","nbhd_code":"USA_R251075_201","nbhd_name":"Census Tract 1862, Milwaukee, WI"},"geometry":{"type":"MultiPolygon","coordinates":[[[[-87.93781,43.04612,0.0],[-87.93779,43.04695,0.0],[-87.93779,43.04723,0.0],[-87.93779,43.04742,0.0],[-87.93778,43.04798,0.0],[-87.93778,43.04816,0.0],[-87.93778,43.04825,0.0],[-87.93777,43.04851,0.0],[-87.93777,43.0486,0.0],[-87.93777,43.04888,0.0],[-87.93776,43.04971,0.0],[-87.93775,43.04999,0.0],[-87.93775,43.05027,0.0],[-87.93774,43.05109,0.0],[-87.93773,43.05137,0.0],[-87.93749,43.05136,0.0],[-87.93675,43.05136,0.0],[-87.9365,43.05136,0.0],[-87.93625,43.05136,0.0],[-87.93551,43.05135,0.0],[-87.93527,43.05135,0.0],[-87.93499,43.05134,0.0],[-87.93417,43.05134,0.0],[-87.9339,43.05134,0.0],[-87.93368,43.05133,0.0],[-87.93303,43.05133,0.0],[-87.93281,43.05133,0.0],[-87.93253,43.05132,0.0],[-87.93169,43.05132,0.0],[-87.9314,43.05131,0.0],[-87.93126,43.05131,0.0],[-87.93084,43.05131,0.0],[-87.9307,43.05131,0.0],[-87.93056,43.05131,0.0],[-87.93015,43.0513,0.0],[-87.93001,43.0513,0.0],[-87.9286,43.05129,0.0],[-87.92782,43.05131,0.0],[-87.92768,43.05131,0.0],[-87.9275,43.05131,0.0],[-87.92745,43.0513,0.0],[-87.92724,43.0513,0.0],[-87.9271,43.0513,0.0],[-87.9271,43.05102,0.0],[-87.9271,43.05089,0.0],[-87.92711,43.05018,0.0],[-87.92711,43.0499,0.0],[-87.92711,43.04963,0.0],[-87.92713,43.0488,0.0],[-87.92714,43.04852,0.0],[-87.92714,43.04825,0.0],[-87.92715,43.04742,0.0],[-87.92716,43.04715,0.0],[-87.92716,43.04686,0.0],[-87.92718,43.04602,0.0],[-87.92718,43.04585,0.0],[-87.92712,43.04576,0.0],[-87.92728,43.04576,0.0],[-87.92775,43.04577,0.0],[-87.92791,43.04577,0.0],[-87.92807,43.04577,0.0],[-87.92853,43.04577,0.0],[-87.92869,43.04577,0.0],[-87.92897,43.04577,0.0],[-87.9298,43.04577,0.0],[-87.93008,43.04577,0.0],[-87.93037,43.04577,0.0],[-87.93124,43.04577,0.0],[-87.93153,43.04577,0.0],[-87.93168,43.04577,0.0],[-87.93216,43.04577,0.0],[-87.93232,43.04577,0.0],[-87.93266,43.0458,0.0],[-87.93368,43.04587,0.0],[-87.93402,43.0459,0.0],[-87.93428,43.04588,0.0],[-87.93507,43.04585,0.0],[-87.93534,43.04584,0.0],[-87.93558,43.04584,0.0],[-87.93569,43.04583,0.0],[-87.93633,43.04583,0.0],[-87.93658,43.04583,0.0],[-87.93682,43.04583,0.0],[-87.93756,43.04584,0.0],[-87.93781,43.04584,0.0],[-87.93781,43.04612,0.0]]]]}},{"type":"Feature","properties":{"uesi_id":"USA_R251075","nbhd_code":"USA_R251075_202","nbhd_name":"Census Tract 1863, Milwaukee, WI"},"geometry":{"type":"MultiPolygon","coordinates":[[[[-87.92717,43.04191,0.0],[-87.92716,43.04287,0.0],[-87.92715,43.0432,0.0],[-87.92715,43.04343,0.0],[-87.92714,43.04415,0.0],[-87.92714,43.04439,0.0],[-87.92714,43.04466,0.0],[-87.92712,43.04549,0.0],[-87.92712,43.04576,0.0],[-87.927,43.04576,0.0],[-87.92693,43.04576,0.0],[-87.92679,43.04576,0.0],[-87.92664,43.04576,0.0],[-87.92652,43.04576,0.0],[-87.92636,43.04576,0.0],[-87.92634,43.04576,0.0],[-87.92617,43.04576,0.0],[-87.92599,43.04576,0.0],[-87.92588,43.04576,0.0],[-87.92572,43.04576,0.0],[-87.92545,43.04575,0.0],[-87.92464,43.04575,0.0],[-87.92438,43.04575,0.0],[-87.9241,43.04575,0.0],[-87.92326,43.04574,0.0],[-87.92299,43.04574,0.0],[-87.92271,43.04574,0.0],[-87.92187,43.04574,0.0],[-87.92159,43.04574,0.0],[-87.9213,43.04574,0.0],[-87.92045,43.04573,0.0],[-87.92016,43.04573,0.0],[-87.91991,43.04572,0.0],[-87.91916,43.04571,0.0],[-87.91891,43.0457,0.0],[-87.9186,43.0457,0.0],[-87.91767,43.0457,0.0],[-87.91736,43.0457,0.0],[-87.91707,43.0457,0.0],[-87.91618,43.0457,0.0],[-87.91589,43.0457,0.0],[-87.91559,43.0457,0.0],[-87.91471,43.0457,0.0],[-87.91441,43.0457,0.0],[-87.91427,43.0457,0.0],[-87.91423,43.0457,0.0],[-87.91384,43.0457,0.0],[-87.9137,43.0457,0.0],[-87.91368,43.0457,0.0],[-87.91364,43.0457,0.0],[-87.91344,43.0457,0.0],[-87.91338,43.0457,0.0],[-87.91343,43.04516,0.0],[-87.91348,43.04461,0.0],[-87.91331,43.04352,0.0],[-87.91328,43.04332,0.0],[-87.91314,43.04301,0.0],[-87.91302,43.04274,0.0],[-87.91267,43.04195,0.0],[-87.91261,43.04181,0.0],[-87.91252,43.04171,0.0],[-87.91232,43.04146,0.0],[-87.91172,43.04072,0.0],[-87.91152,43.04047,0.0],[-87.91128,43.04017,0.0],[-87.91122,43.04011,0.0],[-87.91046,43.03936,0.0],[-87.91031,43.03907,0.0],[-87.91024,43.03894,0.0],[-87.91017,43.03863,0.0],[-87.91005,43.03807,0.0],[-87.90999,43.03732,0.0],[-87.90995,43.03685,0.0],[-87.91008,43.03608,0.0],[-87.91011,43.03588,0.0],[-87.91016,43.0356,0.0],[-87.91017,43.03555,0.0],[-87.91018,43.03543,0.0],[-87.91022,43.0352,0.0],[-87.91027,43.03491,0.0],[-87.91029,43.03481,0.0],[-87.9103,43.03474,0.0],[-87.91036,43.03473,0.0],[-87.91055,43.0347,0.0],[-87.91062,43.03469,0.0],[-87.91074,43.03468,0.0],[-87.91121,43.0347,0.0],[-87.91181,43.03467,0.0],[-87.91306,43.03463,0.0],[-87.91336,43.03463,0.0],[-87.91426,43.03464,0.0],[-87.91456,43.03464,0.0],[-87.91486,43.03464,0.0],[-87.91573,43.03465,0.0],[-87.91603,43.03466,0.0],[-87.91747,43.03467,0.0],[-87.91841,43.03469,0.0],[-87.91876,43.03469,0.0],[-87.91876,43.03472,0.0],[-87.91876,43.03479,0.0],[-87.91876,43.03484,0.0],[-87.91876,43.03501,0.0],[-87.91876,43.03507,0.0],[-87.91876,43.03536,0.0],[-87.91876,43.03541,0.0],[-87.91876,43.03561,0.0],[-87.9198,43.03558,0.0],[-87.9204,43.03558,0.0],[-87.92044,43.03558,0.0],[-87.92051,43.03558,0.0],[-87.92042,43.03573,0.0],[-87.92041,43.03587,0.0],[-87.9204,43.03596,0.0],[-87.9204,43.03603,0.0],[-87.92039,43.03607,0.0],[-87.92039,43.03635,0.0],[-87.92039,43.03716,0.0],[-87.92038,43.03744,0.0],[-87.92068,43.03744,0.0],[-87.92155,43.03744,0.0],[-87.92184,43.03744,0.0],[-87.92184,43.03773,0.0],[-87.92184,43.0386,0.0],[-87.92184,43.0387,0.0],[-87.92169,43.03881,0.0],[-87.92168,43.03909,0.0],[-87.92167,43.03993,0.0],[-87.92167,43.04021,0.0],[-87.92195,43.04021,0.0],[-87.9228,43.04021,0.0],[-87.92309,43.04022,0.0],[-87.92335,43.04022,0.0],[-87.92414,43.04022,0.0],[-87.92418,43.04022,0.0],[-87.9244,43.04022,0.0],[-87.92455,43.04022,0.0],[-87.92473,43.04022,0.0],[-87.92488,43.04022,0.0],[-87.92497,43.04022,0.0],[-87.92511,43.04022,0.0],[-87.92526,43.04022,0.0],[-87.92534,43.04022,0.0],[-87.9257,43.04022,0.0],[-87.92585,43.04022,0.0],[-87.92584,43.04039,0.0],[-87.92583,43.04087,0.0],[-87.92583,43.04091,0.0],[-87.92583,43.04109,0.0],[-87.92583,43.04119,0.0],[-87.92582,43.04149,0.0],[-87.92582,43.04159,0.0],[-87.92609,43.04159,0.0],[-87.9269,43.04159,0.0],[-87.92717,43.04159,0.0],[-87.92717,43.04191,0.0]]]]}},{"type":"Feature","properties":{"uesi_id":"USA_R251075","nbhd_code":"USA_R251075_203","nbhd_name":"Census Tract 1864, Milwaukee, WI"},"geometry":{"type":"MultiPolygon","coordinates":[[[[-87.945,43.03613,0.0],[-87.94412,43.03613,0.0],[-87.9415,43.03613,0.0],[-87.94063,43.03613,0.0],[-87.94022,43.03612,0.0],[-87.93899,43.03612,0.0],[-87.93859,43.03612,0.0],[-87.93845,43.03612,0.0],[-87.93805,43.03612,0.0],[-87.93791,43.03612,0.0],[-87.93791,43.03639,0.0],[-87.93791,43.03721,0.0],[-87.9379,43.03748,0.0],[-87.9379,43.03772,0.0],[-87.9379,43.03844,0.0],[-87.9379,43.03868,0.0],[-87.93765,43.03867,0.0],[-87.9369,43.03866,0.0],[-87.93666,43.03865,0.0],[-87.93666,43.03868,0.0],[-87.93641,43.03868,0.0],[-87.93567,43.03867,0.0],[-87.93542,43.03867,0.0],[-87.93518,43.03867,0.0],[-87.93444,43.03867,0.0],[-87.93419,43.03867,0.0],[-87.93395,43.03867,0.0],[-87.93321,43.03867,0.0],[-87.93296,43.03867,0.0],[-87.93272,43.03867,0.0],[-87.93202,43.03866,0.0],[-87.93178,43.03866,0.0],[-87.93151,43.03866,0.0],[-87.93145,43.03866,0.0],[-87.93047,43.03866,0.0],[-87.93015,43.03866,0.0],[-87.92987,43.03866,0.0],[-87.92903,43.03866,0.0],[-87.92875,43.03866,0.0],[-87.92864,43.03866,0.0],[-87.92832,43.03865,0.0],[-87.92822,43.03865,0.0],[-87.92801,43.03865,0.0],[-87.92788,43.03865,0.0],[-87.92741,43.03865,0.0],[-87.92721,43.03865,0.0],[-87.92721,43.03897,0.0],[-87.92719,43.03992,0.0],[-87.92719,43.04023,0.0],[-87.92719,43.0405,0.0],[-87.92718,43.04132,0.0],[-87.92717,43.04159,0.0],[-87.9269,43.04159,0.0],[-87.92609,43.04159,0.0],[-87.92582,43.04159,0.0],[-87.92582,43.04149,0.0],[-87.92583,43.04119,0.0],[-87.92583,43.04109,0.0],[-87.92583,43.04091,0.0],[-87.92583,43.04087,0.0],[-87.92584,43.04039,0.0],[-87.92585,43.04022,0.0],[-87.9257,43.04022,0.0],[-87.92534,43.04022,0.0],[-87.92526,43.04022,0.0],[-87.92511,43.04022,0.0],[-87.92497,43.04022,0.0],[-87.92488,43.04022,0.0],[-87.92473,43.04022,0.0],[-87.92455,43.04022,0.0],[-87.9244,43.04022,0.0],[-87.92418,43.04022,0.0],[-87.92414,43.04022,0.0],[-87.92335,43.04022,0.0],[-87.92309,43.04022,0.0],[-87.9228,43.04021,0.0],[-87.92195,43.04021,0.0],[-87.92167,43.04021,0.0],[-87.92167,43.03993,0.0],[-87.92168,43.03909,0.0],[-87.92169,43.03881,0.0],[-87.92184,43.0387,0.0],[-87.92184,43.0386,0.0],[-87.92184,43.03773,0.0],[-87.92184,43.03744,0.0],[-87.92155,43.03744,0.0],[-87.92068,43.03744,0.0],[-87.92038,43.03744,0.0],[-87.92039,43.03716,0.0],[-87.92039,43.03635,0.0],[-87.92039,43.03607,0.0],[-87.9204,43.03603,0.0],[-87.9204,43.03596,0.0],[-87.92041,43.03587,0.0],[-87.92042,43.03573,0.0],[-87.92051,43.03558,0.0],[-87.92075,43.03556,0.0],[-87.92197,43.03547,0.0],[-87.92278,43.03543,0.0],[-87.92285,43.03543,0.0],[-87.92311,43.03542,0.0],[-87.92352,43.03543,0.0],[-87.92371,43.03544,0.0],[-87.92374,43.03544,0.0],[-87.92377,43.03544,0.0],[-87.92393,43.03545,0.0],[-87.92406,43.03545,0.0],[-87.92409,43.03545,0.0],[-87.92404,43.0354,0.0],[-87.92394,43.03527,0.0],[-87.92392,43.03525,0.0],[-87.92367,43.03492,0.0],[-87.92354,43.03472,0.0],[-87.92375,43.03472,0.0],[-87.92378,43.03472,0.0],[-87.9238,43.03472,0.0],[-87.92405,43.03472,0.0],[-87.92437,43.03472,0.0],[-87.92446,43.03472,0.0],[-87.92455,43.03472,0.0],[-87.92462,43.03472,0.0],[-87.92482,43.03473,0.0],[-87.9249,43.03473,0.0],[-87.9253,43.03473,0.0],[-87.92649,43.03475,0.0],[-87.92688,43.03476,0.0],[-87.92715,43.03476,0.0],[-87.92794,43.03475,0.0],[-87.92821,43.03475,0.0],[-87.92888,43.03475,0.0],[-87.93089,43.03475,0.0],[-87.93156,43.03475,0.0],[-87.93183,43.03475,0.0],[-87.93266,43.03475,0.0],[-87.93293,43.03476,0.0],[-87.93322,43.03476,0.0],[-87.93409,43.03476,0.0],[-87.9342,43.03476,0.0],[-87.93439,43.03476,0.0],[-87.93462,43.03476,0.0],[-87.93534,43.03476,0.0],[-87.93544,43.03476,0.0],[-87.93558,43.03476,0.0],[-87.93579,43.03476,0.0],[-87.93642,43.03476,0.0],[-87.93663,43.03476,0.0],[-87.93687,43.03476,0.0],[-87.93762,43.03477,0.0],[-87.93786,43.03477,0.0],[-87.93911,43.03477,0.0],[-87.94227,43.03477,0.0],[-87.94285,43.03477,0.0],[-87.94445,43.03478,0.0],[-87.94458,43.03478,0.0],[-87.94468,43.03478,0.0],[-87.94483,43.03478,0.0],[-87.94491,43.03487,0.0],[-87.94499,43.03498,0.0],[-87.94499,43.03514,0.0],[-87.94499,43.03521,0.0],[-87.94499,43.03534,0.0],[-87.94499,43.0355,0.0],[-87.94499,43.03555,0.0],[-87.94499,43.03576,0.0],[-87.94499,43.03597,0.0],[-87.945,43.03613,0.0]]]]}},{"type":"Feature","properties":{"uesi_id":"USA_R251075","nbhd_code":"USA_R251075_204","nbhd_name":"Census Tract 1865, Milwaukee, WI"},"geometry":{"type":"MultiPolygon","coordinates":[[[[-87.92254,43.02322,0.0],[-87.92253,43.02422,0.0],[-87.92253,43.02531,0.0],[-87.9224,43.02543,0.0],[-87.92203,43.02576,0.0],[-87.92202,43.02577,0.0],[-87.92194,43.02584,0.0],[-87.92189,43.02589,0.0],[-87.92181,43.02596,0.0],[-87.92168,43.02607,0.0],[-87.92158,43.02616,0.0],[-87.92139,43.02632,0.0],[-87.9204,43.02632,0.0],[-87.91998,43.02632,0.0],[-87.91963,43.02632,0.0],[-87.91858,43.02631,0.0],[-87.91823,43.02631,0.0],[-87.9182,43.02631,0.0],[-87.9181,43.02632,0.0],[-87.91779,43.02632,0.0],[-87.91769,43.02632,0.0],[-87.91762,43.0264,0.0],[-87.91744,43.02661,0.0],[-87.91738,43.02669,0.0],[-87.91736,43.02678,0.0],[-87.91728,43.02704,0.0],[-87.91725,43.02713,0.0],[-87.91681,43.02737,0.0],[-87.91655,43.02737,0.0],[-87.91578,43.02737,0.0],[-87.91552,43.02737,0.0],[-87.91541,43.02737,0.0],[-87.91521,43.02737,0.0],[-87.91429,43.02737,0.0],[-87.91399,43.02736,0.0],[-87.91371,43.02736,0.0],[-87.91287,43.02736,0.0],[-87.91259,43.02736,0.0],[-87.91227,43.02736,0.0],[-87.91134,43.02736,0.0],[-87.91103,43.02735,0.0],[-87.91083,43.02735,0.0],[-87.91025,43.02735,0.0],[-87.91005,43.02735,0.0],[-87.90998,43.02735,0.0],[-87.90975,43.02735,0.0],[-87.90967,43.02735,0.0],[-87.90958,43.02732,0.0],[-87.90929,43.02722,0.0],[-87.9092,43.02719,0.0],[-87.90911,43.02716,0.0],[-87.9089,43.0271,0.0],[-87.90883,43.02709,0.0],[-87.90874,43.02709,0.0],[-87.90859,43.02709,0.0],[-87.90814,43.02709,0.0],[-87.90799,43.02709,0.0],[-87.90762,43.02709,0.0],[-87.90681,43.02708,0.0],[-87.9066,43.02709,0.0],[-87.9065,43.02714,0.0],[-87.90615,43.02729,0.0],[-87.90613,43.02727,0.0],[-87.90609,43.02721,0.0],[-87.90606,43.02719,0.0],[-87.90605,43.02718,0.0],[-87.90602,43.02714,0.0],[-87.90601,43.02713,0.0],[-87.90587,43.02724,0.0],[-87.90546,43.02758,0.0],[-87.90532,43.02769,0.0],[-87.90525,43.02775,0.0],[-87.90518,43.02781,0.0],[-87.90506,43.02791,0.0],[-87.90499,43.02797,0.0],[-87.90483,43.0278,0.0],[-87.90453,43.02749,0.0],[-87.90372,43.02667,0.0],[-87.90322,43.02599,0.0],[-87.90296,43.02563,0.0],[-87.9028,43.02549,0.0],[-87.90271,43.02542,0.0],[-87.90246,43.0252,0.0],[-87.90238,43.02513,0.0],[-87.90284,43.02466,0.0],[-87.90331,43.0242,0.0],[-87.90438,43.02327,0.0],[-87.90473,43.02296,0.0],[-87.90473,43.02189,0.0],[-87.9041,43.02077,0.0],[-87.9033,43.01947,0.0],[-87.90739,43.01948,0.0],[-87.90739,43.0196,0.0],[-87.90738,43.02007,0.0],[-87.90752,43.02007,0.0],[-87.90795,43.02007,0.0],[-87.9081,43.02008,0.0],[-87.90817,43.02008,0.0],[-87.90834,43.02008,0.0],[-87.90839,43.02008,0.0],[-87.90846,43.02008,0.0],[-87.9085,43.02008,0.0],[-87.90862,43.02009,0.0],[-87.90866,43.02009,0.0],[-87.9089,43.02009,0.0],[-87.90961,43.0201,0.0],[-87.90985,43.02011,0.0],[-87.90985,43.0199,0.0],[-87.90985,43.01929,0.0],[-87.90986,43.01909,0.0],[-87.91013,43.01908,0.0],[-87.91097,43.01908,0.0],[-87.91122,43.01908,0.0],[-87.91125,43.01908,0.0],[-87.91153,43.01908,0.0],[-87.91237,43.01908,0.0],[-87.91265,43.01908,0.0],[-87.91293,43.01908,0.0],[-87.91376,43.01908,0.0],[-87.91404,43.01908,0.0],[-87.91432,43.01908,0.0],[-87.91516,43.01908,0.0],[-87.91544,43.01908,0.0],[-87.91675,43.01908,0.0],[-87.91699,43.01908,0.0],[-87.91728,43.01908,0.0],[-87.91778,43.01906,0.0],[-87.91824,43.01909,0.0],[-87.91852,43.01909,0.0],[-87.91938,43.01911,0.0],[-87.91967,43.01911,0.0],[-87.91996,43.01911,0.0],[-87.92082,43.01911,0.0],[-87.9211,43.01911,0.0],[-87.92139,43.01911,0.0],[-87.92225,43.01911,0.0],[-87.92253,43.01911,0.0],[-87.92253,43.01931,0.0],[-87.92253,43.01993,0.0],[-87.92253,43.02014,0.0],[-87.92253,43.02033,0.0],[-87.92254,43.02093,0.0],[-87.92254,43.02112,0.0],[-87.92254,43.02119,0.0],[-87.92254,43.02139,0.0],[-87.92254,43.02148,0.0],[-87.92254,43.02199,0.0],[-87.92254,43.02214,0.0],[-87.92254,43.02219,0.0],[-87.92254,43.02222,0.0],[-87.92254,43.0224,0.0],[-87.92254,43.02302,0.0],[-87.92254,43.02322,0.0]]]]}},{"type":"Feature","properties":{"uesi_id":"USA_R251075","nbhd_code":"USA_R251075_205","nbhd_name":"Census Tract 1866, Milwaukee, WI"},"geometry":{"type":"MultiPolygon","coordinates":[[[[-87.91887,42.99761,0.0],[-87.91887,42.99764,0.0],[-87.91887,42.99795,0.0],[-87.91885,42.99886,0.0],[-87.91885,42.99917,0.0],[-87.91884,42.99938,0.0],[-87.91884,42.99959,0.0],[-87.91881,43.00084,0.0],[-87.91881,43.00126,0.0],[-87.9188,43.00136,0.0],[-87.9188,43.00168,0.0],[-87.9188,43.00178,0.0],[-87.91879,43.00199,0.0],[-87.91878,43.00261,0.0],[-87.91878,43.00282,0.0],[-87.91881,43.00282,0.0],[-87.91878,43.0034,0.0],[-87.91876,43.00365,0.0],[-87.91876,43.00374,0.0],[-87.91874,43.00465,0.0],[-87.9187,43.00647,0.0],[-87.91779,43.00651,0.0],[-87.91759,43.00648,0.0],[-87.91733,43.00645,0.0],[-87.91706,43.00641,0.0],[-87.91699,43.00641,0.0],[-87.91685,43.00639,0.0],[-87.91683,43.00638,0.0],[-87.91671,43.00637,0.0],[-87.91651,43.00637,0.0],[-87.91631,43.00636,0.0],[-87.91625,43.00635,0.0],[-87.91602,43.00637,0.0],[-87.9158,43.00638,0.0],[-87.91559,43.00639,0.0],[-87.91545,43.00641,0.0],[-87.9153,43.00642,0.0],[-87.9149,43.00645,0.0],[-87.91427,43.00649,0.0],[-87.91413,43.00649,0.0],[-87.91402,43.00649,0.0],[-87.91396,43.00649,0.0],[-87.91372,43.00649,0.0],[-87.91358,43.0065,0.0],[-87.91312,43.0065,0.0],[-87.91284,43.0065,0.0],[-87.91171,43.0065,0.0],[-87.91124,43.00651,0.0],[-87.91105,43.00651,0.0],[-87.91046,43.00651,0.0],[-87.91026,43.00651,0.0],[-87.90999,43.0065,0.0],[-87.90916,43.0065,0.0],[-87.90891,43.0065,0.0],[-87.90888,43.0065,0.0],[-87.90886,43.0065,0.0],[-87.9088,43.0065,0.0],[-87.90877,43.0065,0.0],[-87.90837,43.0065,0.0],[-87.90748,43.0065,0.0],[-87.90713,43.0065,0.0],[-87.90657,43.00581,0.0],[-87.90616,43.00529,0.0],[-87.90603,43.00514,0.0],[-87.90566,43.00468,0.0],[-87.90554,43.00453,0.0],[-87.90571,43.00444,0.0],[-87.90622,43.00419,0.0],[-87.90639,43.0041,0.0],[-87.90656,43.00402,0.0],[-87.90708,43.00375,0.0],[-87.90725,43.00367,0.0],[-87.90756,43.00351,0.0],[-87.9085,43.00304,0.0],[-87.90881,43.00288,0.0],[-87.90884,43.00288,0.0],[-87.90893,43.00288,0.0],[-87.90897,43.00288,0.0],[-87.90897,43.00259,0.0],[-87.90898,43.00228,0.0],[-87.90899,43.00185,0.0],[-87.90899,43.00172,0.0],[-87.909,43.00143,0.0],[-87.90901,43.001,0.0],[-87.90901,43.00078,0.0],[-87.90903,43.0003,0.0],[-87.90905,42.99993,0.0],[-87.90907,42.99971,0.0],[-87.90907,42.99964,0.0],[-87.90911,42.99928,0.0],[-87.90916,42.999,0.0],[-87.90917,42.99894,0.0],[-87.90922,42.99868,0.0],[-87.90931,42.99837,0.0],[-87.90936,42.9982,0.0],[-87.90943,42.99793,0.0],[-87.90963,42.99738,0.0],[-87.90963,42.99737,0.0],[-87.90984,42.9969,0.0],[-87.91,42.99657,0.0],[-87.91038,42.99574,0.0],[-87.91064,42.9952,0.0],[-87.91073,42.99499,0.0],[-87.91102,42.99437,0.0],[-87.91112,42.99416,0.0],[-87.91113,42.99419,0.0],[-87.91197,42.99592,0.0],[-87.91225,42.99646,0.0],[-87.91228,42.99652,0.0],[-87.91246,42.99685,0.0],[-87.91247,42.99687,0.0],[-87.91249,42.99692,0.0],[-87.91268,42.99667,0.0],[-87.91277,42.99659,0.0],[-87.91284,42.99654,0.0],[-87.91305,42.99638,0.0],[-87.91332,42.99621,0.0],[-87.91387,42.99589,0.0],[-87.91427,42.99571,0.0],[-87.91444,42.99565,0.0],[-87.91478,42.99554,0.0],[-87.91495,42.99549,0.0],[-87.91498,42.99548,0.0],[-87.91501,42.99547,0.0],[-87.91507,42.99546,0.0],[-87.91516,42.99543,0.0],[-87.91522,42.99541,0.0],[-87.91552,42.9953,0.0],[-87.91568,42.99526,0.0],[-87.91587,42.99525,0.0],[-87.91609,42.99528,0.0],[-87.91621,42.99528,0.0],[-87.91631,42.99527,0.0],[-87.91654,42.99523,0.0],[-87.91665,42.99521,0.0],[-87.91693,42.99516,0.0],[-87.91703,42.99516,0.0],[-87.91711,42.99516,0.0],[-87.9173,42.99518,0.0],[-87.91732,42.99518,0.0],[-87.9175,42.99521,0.0],[-87.91755,42.99523,0.0],[-87.91758,42.99523,0.0],[-87.91807,42.99543,0.0],[-87.91818,42.99549,0.0],[-87.91822,42.99554,0.0],[-87.91824,42.99562,0.0],[-87.91827,42.99569,0.0],[-87.91836,42.99587,0.0],[-87.91836,42.99589,0.0],[-87.9184,42.99595,0.0],[-87.91841,42.996,0.0],[-87.9185,42.9961,0.0],[-87.91866,42.99624,0.0],[-87.91878,42.9963,0.0],[-87.9189,42.99634,0.0],[-87.91887,42.99761,0.0]]]]}},{"type":"Feature","properties":{"uesi_id":"USA_R251075","nbhd_code":"USA_R251075_206","nbhd_name":"Census Tract 1868, Milwaukee, WI"},"geometry":{"type":"MultiPolygon","coordinates":[[[[-87.9826,43.03052,0.0],[-87.98207,43.03052,0.0],[-87.98175,43.0304,0.0],[-87.98158,43.03041,0.0],[-87.98126,43.03043,0.0],[-87.98051,43.03052,0.0],[-87.97976,43.0306,0.0],[-87.97919,43.03068,0.0],[-87.97895,43.03072,0.0],[-87.97866,43.03077,0.0],[-87.97821,43.03086,0.0],[-87.97818,43.03087,0.0],[-87.97759,43.03103,0.0],[-87.97688,43.03127,0.0],[-87.97646,43.03144,0.0],[-87.97603,43.0316,0.0],[-87.97552,43.03181,0.0],[-87.97475,43.03206,0.0],[-87.97388,43.0323,0.0],[-87.97377,43.03232,0.0],[-87.97334,43.03241,0.0],[-87.97305,43.03246,0.0],[-87.97282,43.0325,0.0],[-87.97168,43.03266,0.0],[-87.97155,43.03267,0.0],[-87.97127,43.0327,0.0],[-87.97078,43.03277,0.0],[-87.97065,43.03279,0.0],[-87.9704,43.03282,0.0],[-87.9703,43.03283,0.0],[-87.97016,43.03285,0.0],[-87.96999,43.03287,0.0],[-87.96989,43.03289,0.0],[-87.96949,43.03294,0.0],[-87.96891,43.03301,0.0],[-87.9686,43.03304,0.0],[-87.96842,43.03306,0.0],[-87.96825,43.03307,0.0],[-87.96802,43.03309,0.0],[-87.96776,43.0331,0.0],[-87.96768,43.0331,0.0],[-87.9676,43.0331,0.0],[-87.96752,43.0331,0.0],[-87.96748,43.03311,0.0],[-87.96745,43.03311,0.0],[-87.96731,43.0331,0.0],[-87.96724,43.0331,0.0],[-87.96721,43.03306,0.0],[-87.96701,43.03284,0.0],[-87.96689,43.03273,0.0],[-87.96641,43.03224,0.0],[-87.96626,43.03212,0.0],[-87.96598,43.03191,0.0],[-87.96579,43.0318,0.0],[-87.96562,43.0317,0.0],[-87.96545,43.03161,0.0],[-87.9652,43.0315,0.0],[-87.96499,43.03141,0.0],[-87.9647,43.03132,0.0],[-87.96465,43.0313,0.0],[-87.96443,43.03124,0.0],[-87.96418,43.03119,0.0],[-87.96404,43.03116,0.0],[-87.96387,43.03114,0.0],[-87.96364,43.03111,0.0],[-87.96338,43.03109,0.0],[-87.96298,43.03108,0.0],[-87.96244,43.03107,0.0],[-87.96026,43.03107,0.0],[-87.95879,43.03107,0.0],[-87.95862,43.03106,0.0],[-87.95812,43.03106,0.0],[-87.95795,43.03106,0.0],[-87.95791,43.03105,0.0],[-87.95779,43.03102,0.0],[-87.95774,43.03101,0.0],[-87.95774,43.03104,0.0],[-87.95774,43.03105,0.0],[-87.95774,43.03106,0.0],[-87.95774,43.03115,0.0],[-87.95775,43.0314,0.0],[-87.95775,43.03149,0.0],[-87.95701,43.03148,0.0],[-87.9553,43.03148,0.0],[-87.9548,43.03147,0.0],[-87.95407,43.03147,0.0],[-87.95373,43.03147,0.0],[-87.95272,43.03149,0.0],[-87.95164,43.03161,0.0],[-87.95145,43.03161,0.0],[-87.95134,43.03162,0.0],[-87.95047,43.03189,0.0],[-87.94995,43.03207,0.0],[-87.94992,43.03208,0.0],[-87.94881,43.03248,0.0],[-87.9483,43.03267,0.0],[-87.94775,43.03286,0.0],[-87.94775,43.03309,0.0],[-87.94775,43.03379,0.0],[-87.94775,43.03402,0.0],[-87.94775,43.03417,0.0],[-87.94775,43.03426,0.0],[-87.94774,43.03463,0.0],[-87.94774,43.03478,0.0],[-87.94764,43.03478,0.0],[-87.94732,43.03478,0.0],[-87.94721,43.03478,0.0],[-87.94716,43.03478,0.0],[-87.947,43.03478,0.0],[-87.94694,43.03478,0.0],[-87.94683,43.03478,0.0],[-87.94671,43.03478,0.0],[-87.94649,43.03478,0.0],[-87.94638,43.03478,0.0],[-87.94617,43.03478,0.0],[-87.94607,43.03478,0.0],[-87.94514,43.03478,0.0],[-87.94483,43.03478,0.0],[-87.94468,43.03478,0.0],[-87.94458,43.03478,0.0],[-87.94445,43.03478,0.0],[-87.94285,43.03477,0.0],[-87.94227,43.03477,0.0],[-87.93911,43.03477,0.0],[-87.93786,43.03477,0.0],[-87.93762,43.03477,0.0],[-87.93687,43.03476,0.0],[-87.93663,43.03476,0.0],[-87.93642,43.03476,0.0],[-87.93579,43.03476,0.0],[-87.93558,43.03476,0.0],[-87.93544,43.03476,0.0],[-87.93534,43.03476,0.0],[-87.93462,43.03476,0.0],[-87.93439,43.03476,0.0],[-87.9342,43.03476,0.0],[-87.93409,43.03476,0.0],[-87.93322,43.03476,0.0],[-87.93293,43.03476,0.0],[-87.93266,43.03475,0.0],[-87.93183,43.03475,0.0],[-87.93156,43.03475,0.0],[-87.93089,43.03475,0.0],[-87.92888,43.03475,0.0],[-87.92821,43.03475,0.0],[-87.92794,43.03475,0.0],[-87.92715,43.03476,0.0],[-87.92688,43.03476,0.0],[-87.92649,43.03475,0.0],[-87.9253,43.03473,0.0],[-87.9249,43.03473,0.0],[-87.92482,43.03473,0.0],[-87.92462,43.03472,0.0],[-87.92455,43.03472,0.0],[-87.92446,43.03472,0.0],[-87.92437,43.03472,0.0],[-87.92405,43.03472,0.0],[-87.9238,43.03472,0.0],[-87.92378,43.03472,0.0],[-87.92375,43.03472,0.0],[-87.92354,43.03472,0.0],[-87.92367,43.03492,0.0],[-87.92392,43.03525,0.0],[-87.92394,43.03527,0.0],[-87.92404,43.0354,0.0],[-87.92409,43.03545,0.0],[-87.92406,43.03545,0.0],[-87.92393,43.03545,0.0],[-87.92377,43.03544,0.0],[-87.92374,43.03544,0.0],[-87.92371,43.03544,0.0],[-87.92352,43.03543,0.0],[-87.92311,43.03542,0.0],[-87.92285,43.03543,0.0],[-87.92278,43.03543,0.0],[-87.92197,43.03547,0.0],[-87.92075,43.03556,0.0],[-87.92051,43.03558,0.0],[-87.92044,43.03558,0.0],[-87.9204,43.03558,0.0],[-87.9198,43.03558,0.0],[-87.91876,43.03561,0.0],[-87.91876,43.03541,0.0],[-87.91876,43.03536,0.0],[-87.91876,43.03507,0.0],[-87.91876,43.03501,0.0],[-87.91876,43.03484,0.0],[-87.91876,43.03479,0.0],[-87.91876,43.03472,0.0],[-87.91876,43.03469,0.0],[-87.91872,43.03406,0.0],[-87.91872,43.03394,0.0],[-87.91872,43.03393,0.0],[-87.91872,43.03387,0.0],[-87.91872,43.03386,0.0],[-87.91871,43.03373,0.0],[-87.9187,43.03338,0.0],[-87.9187,43.03335,0.0],[-87.9187,43.03332,0.0],[-87.91869,43.03322,0.0],[-87.91867,43.033,0.0],[-87.91866,43.03291,0.0],[-87.91865,43.03277,0.0],[-87.91859,43.03196,0.0],[-87.91856,43.03165,0.0],[-87.91856,43.03162,0.0],[-87.91855,43.03153,0.0],[-87.91855,43.0315,0.0],[-87.91855,43.03146,0.0],[-87.91854,43.03136,0.0],[-87.91854,43.03133,0.0],[-87.91853,43.03119,0.0],[-87.9185,43.03096,0.0],[-87.91841,43.03028,0.0],[-87.9183,43.02987,0.0],[-87.91824,43.02965,0.0],[-87.91823,43.02958,0.0],[-87.91821,43.02951,0.0],[-87.91821,43.02939,0.0],[-87.91821,43.02937,0.0],[-87.91821,43.02926,0.0],[-87.91821,43.02896,0.0],[-87.91821,43.02882,0.0],[-87.91821,43.02861,0.0],[-87.91821,43.02839,0.0],[-87.91822,43.02798,0.0],[-87.91822,43.02778,0.0],[-87.9182,43.02772,0.0],[-87.91818,43.02761,0.0],[-87.91813,43.02754,0.0],[-87.9181,43.02749,0.0],[-87.91807,43.02743,0.0],[-87.91805,43.0274,0.0],[-87.91795,43.02727,0.0],[-87.9179,43.02722,0.0],[-87.91786,43.02717,0.0],[-87.91771,43.02701,0.0],[-87.91767,43.02696,0.0],[-87.91761,43.0269,0.0],[-87.91749,43.02676,0.0],[-87.91745,43.02673,0.0],[-87.91738,43.02669,0.0],[-87.91744,43.02661,0.0],[-87.91762,43.0264,0.0],[-87.91769,43.02632,0.0],[-87.91779,43.02632,0.0],[-87.9181,43.02632,0.0],[-87.9182,43.02631,0.0],[-87.91823,43.02631,0.0],[-87.91858,43.02631,0.0],[-87.91963,43.02632,0.0],[-87.91998,43.02632,0.0],[-87.9204,43.02632,0.0],[-87.92139,43.02632,0.0],[-87.92158,43.02616,0.0],[-87.92168,43.02607,0.0],[-87.92181,43.02596,0.0],[-87.92189,43.02589,0.0],[-87.92194,43.02584,0.0],[-87.92202,43.02577,0.0],[-87.92203,43.02576,0.0],[-87.9224,43.02543,0.0],[-87.92253,43.02531,0.0],[-87.92253,43.02422,0.0],[-87.92394,43.02423,0.0],[-87.92421,43.02423,0.0],[-87.92505,43.02423,0.0],[-87.92533,43.02423,0.0],[-87.92673,43.02424,0.0],[-87.9281,43.02424,0.0],[-87.93304,43.02423,0.0],[-87.9341,43.02423,0.0],[-87.93705,43.02423,0.0],[-87.93725,43.02422,0.0],[-87.93746,43.02422,0.0],[-87.93788,43.02422,0.0],[-87.93808,43.02422,0.0],[-87.93836,43.02422,0.0],[-87.93919,43.02422,0.0],[-87.93947,43.02421,0.0],[-87.93975,43.02421,0.0],[-87.94058,43.02421,0.0],[-87.94086,43.02421,0.0],[-87.94113,43.02421,0.0],[-87.94196,43.0242,0.0],[-87.94224,43.0242,0.0],[-87.94252,43.0242,0.0],[-87.94335,43.02419,0.0],[-87.94363,43.02419,0.0],[-87.9439,43.02419,0.0],[-87.94473,43.02419,0.0],[-87.94501,43.02419,0.0],[-87.94529,43.02418,0.0],[-87.94612,43.02418,0.0],[-87.9464,43.02418,0.0],[-87.94668,43.02417,0.0],[-87.94752,43.02417,0.0],[-87.9478,43.02417,0.0],[-87.94806,43.02417,0.0],[-87.94817,43.02417,0.0],[-87.94844,43.02416,0.0],[-87.94884,43.02413,0.0],[-87.94911,43.02411,0.0],[-87.94934,43.0241,0.0],[-87.95004,43.02404,0.0],[-87.95028,43.02403,0.0],[-87.95052,43.02401,0.0],[-87.95125,43.02395,0.0],[-87.95149,43.02394,0.0],[-87.95264,43.02384,0.0],[-87.9527,43.02385,0.0],[-87.95386,43.02372,0.0],[-87.95639,43.02371,0.0],[-87.95665,43.02371,0.0],[-87.95743,43.02369,0.0],[-87.95768,43.02369,0.0],[-87.95793,43.02368,0.0],[-87.95865,43.02365,0.0],[-87.95889,43.02364,0.0],[-87.95912,43.02362,0.0],[-87.9598,43.02358,0.0],[-87.96003,43.02357,0.0],[-87.96026,43.02355,0.0],[-87.96095,43.02351,0.0],[-87.96119,43.0235,0.0],[-87.96141,43.02348,0.0],[-87.96207,43.02344,0.0],[-87.96229,43.02343,0.0],[-87.96232,43.02354,0.0],[-87.96235,43.02371,0.0],[-87.96235,43.02396,0.0],[-87.96235,43.02417,0.0],[-87.9646,43.02416,0.0],[-87.96535,43.02416,0.0],[-87.9656,43.02416,0.0],[-87.96571,43.02416,0.0],[-87.96609,43.02416,0.0],[-87.96656,43.02417,0.0],[-87.96792,43.02414,0.0],[-87.96824,43.02416,0.0],[-87.96938,43.02416,0.0],[-87.96938,43.02329,0.0],[-87.96949,43.02101,0.0],[-87.9695,43.0207,0.0],[-87.96962,43.02069,0.0],[-87.96994,43.02063,0.0],[-87.97005,43.02062,0.0],[-87.97021,43.02059,0.0],[-87.97031,43.02057,0.0],[-87.9711,43.02041,0.0],[-87.97136,43.02036,0.0],[-87.9716,43.02032,0.0],[-87.97232,43.02018,0.0],[-87.9724,43.02017,0.0],[-87.97256,43.02014,0.0],[-87.97368,43.01995,0.0],[-87.97371,43.01994,0.0],[-87.97395,43.0199,0.0],[-87.97466,43.01978,0.0],[-87.9749,43.01974,0.0],[-87.97513,43.0197,0.0],[-87.97583,43.01958,0.0],[-87.97606,43.01954,0.0],[-87.97644,43.01947,0.0],[-87.97759,43.01926,0.0],[-87.97797,43.01919,0.0],[-87.9781,43.01917,0.0],[-87.97821,43.01914,0.0],[-87.97894,43.01902,0.0],[-87.97918,43.01898,0.0],[-87.9794,43.01894,0.0],[-87.98007,43.01882,0.0],[-87.98029,43.01878,0.0],[-87.98075,43.01869,0.0],[-87.98213,43.01843,0.0],[-87.98239,43.01838,0.0],[-87.98239,43.01877,0.0],[-87.9824,43.02006,0.0],[-87.9824,43.02089,0.0],[-87.98241,43.0227,0.0],[-87.98246,43.02413,0.0],[-87.98246,43.02428,0.0],[-87.98249,43.02551,0.0],[-87.98254,43.02778,0.0],[-87.98257,43.02921,0.0],[-87.9826,43.03039,0.0],[-87.9826,43.03052,0.0]]]]}},{"type":"Feature","properties":{"uesi_id":"USA_R251075","nbhd_code":"USA_R251075_207","nbhd_name":"Census Tract 1869, Milwaukee, WI"},"geometry":{"type":"MultiPolygon","coordinates":[[[[-87.89926,43.04314,0.0],[-87.89901,43.04321,0.0],[-87.89883,43.04334,0.0],[-87.89869,43.04343,0.0],[-87.89857,43.04355,0.0],[-87.89847,43.04369,0.0],[-87.89832,43.04397,0.0],[-87.89825,43.04412,0.0],[-87.89825,43.04446,0.0],[-87.89815,43.04494,0.0],[-87.89801,43.04518,0.0],[-87.89789,43.04536,0.0],[-87.89768,43.04556,0.0],[-87.89756,43.04568,0.0],[-87.89701,43.04626,0.0],[-87.89689,43.04638,0.0],[-87.89654,43.04675,0.0],[-87.89643,43.04687,0.0],[-87.89627,43.04703,0.0],[-87.89581,43.04752,0.0],[-87.89566,43.04768,0.0],[-87.89538,43.04798,0.0],[-87.89453,43.04886,0.0],[-87.89425,43.04915,0.0],[-87.89415,43.04926,0.0],[-87.89383,43.0496,0.0],[-87.89372,43.04971,0.0],[-87.89322,43.05024,0.0],[-87.8917,43.05184,0.0],[-87.89119,43.05237,0.0],[-87.89099,43.05257,0.0],[-87.89064,43.05292,0.0],[-87.89039,43.05317,0.0],[-87.8902,43.05337,0.0],[-87.88996,43.05361,0.0],[-87.88926,43.05435,0.0],[-87.88903,43.05459,0.0],[-87.88883,43.05449,0.0],[-87.88825,43.05418,0.0],[-87.88806,43.05407,0.0],[-87.88774,43.05441,0.0],[-87.8868,43.05541,0.0],[-87.88666,43.05552,0.0],[-87.88653,43.05557,0.0],[-87.88639,43.05562,0.0],[-87.88619,43.05563,0.0],[-87.88601,43.05564,0.0],[-87.8856,43.05563,0.0],[-87.8854,43.05563,0.0],[-87.88527,43.05563,0.0],[-87.88488,43.05562,0.0],[-87.88475,43.05562,0.0],[-87.88463,43.05562,0.0],[-87.88444,43.05561,0.0],[-87.88426,43.05561,0.0],[-87.88413,43.05561,0.0],[-87.88392,43.0556,0.0],[-87.88329,43.05559,0.0],[-87.88308,43.05559,0.0],[-87.88299,43.05568,0.0],[-87.88272,43.05595,0.0],[-87.88263,43.05604,0.0],[-87.88254,43.05613,0.0],[-87.88227,43.05641,0.0],[-87.88218,43.05651,0.0],[-87.88211,43.05658,0.0],[-87.8819,43.0568,0.0],[-87.88183,43.05687,0.0],[-87.88167,43.05703,0.0],[-87.88118,43.05754,0.0],[-87.88102,43.0577,0.0],[-87.88086,43.05787,0.0],[-87.88037,43.05837,0.0],[-87.88021,43.05854,0.0],[-87.87937,43.0594,0.0],[-87.87925,43.05944,0.0],[-87.87892,43.0597,0.0],[-87.87868,43.05982,0.0],[-87.87839,43.06001,0.0],[-87.87831,43.06004,0.0],[-87.87821,43.06006,0.0],[-87.87814,43.06006,0.0],[-87.87806,43.06003,0.0],[-87.878,43.06,0.0],[-87.87793,43.05988,0.0],[-87.8779,43.05984,0.0],[-87.87792,43.05976,0.0],[-87.87797,43.05967,0.0],[-87.87837,43.05946,0.0],[-87.87895,43.05896,0.0],[-87.87903,43.05883,0.0],[-87.87905,43.05867,0.0],[-87.87903,43.05849,0.0],[-87.87894,43.05833,0.0],[-87.87883,43.05822,0.0],[-87.87863,43.05811,0.0],[-87.87842,43.05804,0.0],[-87.87817,43.05798,0.0],[-87.87798,43.05788,0.0],[-87.87772,43.0578,0.0],[-87.87728,43.05773,0.0],[-87.87744,43.05757,0.0],[-87.87745,43.05756,0.0],[-87.87807,43.05707,0.0],[-87.87859,43.05666,0.0],[-87.87905,43.05631,0.0],[-87.87977,43.05576,0.0],[-87.87995,43.05563,0.0],[-87.88021,43.05543,0.0],[-87.88058,43.05516,0.0],[-87.88085,43.05494,0.0],[-87.88153,43.05444,0.0],[-87.88169,43.05433,0.0],[-87.88248,43.05395,0.0],[-87.88284,43.05385,0.0],[-87.88316,43.05377,0.0],[-87.88357,43.0537,0.0],[-87.88375,43.05368,0.0],[-87.88425,43.05363,0.0],[-87.88472,43.05363,0.0],[-87.88496,43.05361,0.0],[-87.88518,43.0536,0.0],[-87.88567,43.05355,0.0],[-87.88614,43.05347,0.0],[-87.88631,43.05356,0.0],[-87.88644,43.05363,0.0],[-87.8865,43.05373,0.0],[-87.88653,43.05392,0.0],[-87.88652,43.05403,0.0],[-87.88652,43.05409,0.0],[-87.88648,43.05422,0.0],[-87.88668,43.05397,0.0],[-87.88728,43.05322,0.0],[-87.88747,43.05297,0.0],[-87.88803,43.05262,0.0],[-87.88807,43.05259,0.0],[-87.88895,43.052,0.0],[-87.88965,43.05149,0.0],[-87.88969,43.05145,0.0],[-87.89015,43.05107,0.0],[-87.8913,43.04989,0.0],[-87.89202,43.04915,0.0],[-87.89359,43.04747,0.0],[-87.89463,43.04626,0.0],[-87.89468,43.04621,0.0],[-87.8951,43.04565,0.0],[-87.89544,43.0452,0.0],[-87.8956,43.04493,0.0],[-87.89633,43.04445,0.0],[-87.89849,43.04305,0.0],[-87.89854,43.04305,0.0],[-87.89942,43.04309,0.0],[-87.89926,43.04314,0.0]]]]}},{"type":"Feature","properties":{"uesi_id":"USA_R251075","nbhd_code":"USA_R251075_208","nbhd_name":"Census Tract 1870, Milwaukee, WI"},"geometry":{"type":"MultiPolygon","coordinates":[[[[-87.897,43.04638,0.0],[-87.89699,43.04675,0.0],[-87.89699,43.04688,0.0],[-87.89699,43.04712,0.0],[-87.89697,43.04784,0.0],[-87.89696,43.04808,0.0],[-87.89665,43.04841,0.0],[-87.8957,43.0494,0.0],[-87.89562,43.04947,0.0],[-87.89538,43.04972,0.0],[-87.89527,43.04984,0.0],[-87.89495,43.05017,0.0],[-87.89485,43.05028,0.0],[-87.89434,43.05081,0.0],[-87.89283,43.0524,0.0],[-87.89233,43.05293,0.0],[-87.89213,43.05314,0.0],[-87.89152,43.05377,0.0],[-87.89132,43.05398,0.0],[-87.89108,43.05422,0.0],[-87.89038,43.05496,0.0],[-87.89014,43.0552,0.0],[-87.88996,43.05539,0.0],[-87.88942,43.05596,0.0],[-87.88923,43.05615,0.0],[-87.88911,43.05628,0.0],[-87.88873,43.05667,0.0],[-87.8886,43.05681,0.0],[-87.88749,43.05621,0.0],[-87.88673,43.05702,0.0],[-87.88658,43.05718,0.0],[-87.88611,43.05768,0.0],[-87.88596,43.05785,0.0],[-87.88581,43.05801,0.0],[-87.88534,43.0585,0.0],[-87.88519,43.05867,0.0],[-87.88503,43.05884,0.0],[-87.88457,43.05933,0.0],[-87.88441,43.0595,0.0],[-87.88376,43.06011,0.0],[-87.88354,43.06011,0.0],[-87.88253,43.06011,0.0],[-87.88219,43.06011,0.0],[-87.88184,43.06011,0.0],[-87.8808,43.06011,0.0],[-87.88046,43.06011,0.0],[-87.88045,43.06002,0.0],[-87.88044,43.05994,0.0],[-87.8803,43.05986,0.0],[-87.88023,43.05983,0.0],[-87.88013,43.05978,0.0],[-87.87997,43.05969,0.0],[-87.87984,43.05963,0.0],[-87.87975,43.05958,0.0],[-87.87937,43.0594,0.0],[-87.88021,43.05854,0.0],[-87.88037,43.05837,0.0],[-87.88086,43.05787,0.0],[-87.88102,43.0577,0.0],[-87.88118,43.05754,0.0],[-87.88167,43.05703,0.0],[-87.88183,43.05687,0.0],[-87.8819,43.0568,0.0],[-87.88211,43.05658,0.0],[-87.88218,43.05651,0.0],[-87.88227,43.05641,0.0],[-87.88254,43.05613,0.0],[-87.88263,43.05604,0.0],[-87.88272,43.05595,0.0],[-87.88299,43.05568,0.0],[-87.88308,43.05559,0.0],[-87.88329,43.05559,0.0],[-87.88392,43.0556,0.0],[-87.88413,43.05561,0.0],[-87.88426,43.05561,0.0],[-87.88444,43.05561,0.0],[-87.88463,43.05562,0.0],[-87.88475,43.05562,0.0],[-87.88488,43.05562,0.0],[-87.88527,43.05563,0.0],[-87.8854,43.05563,0.0],[-87.8856,43.05563,0.0],[-87.88601,43.05564,0.0],[-87.88619,43.05563,0.0],[-87.88639,43.05562,0.0],[-87.88653,43.05557,0.0],[-87.88666,43.05552,0.0],[-87.8868,43.05541,0.0],[-87.88774,43.05441,0.0],[-87.88806,43.05407,0.0],[-87.88825,43.05418,0.0],[-87.88883,43.05449,0.0],[-87.88903,43.05459,0.0],[-87.88926,43.05435,0.0],[-87.88996,43.05361,0.0],[-87.8902,43.05337,0.0],[-87.89039,43.05317,0.0],[-87.89064,43.05292,0.0],[-87.89099,43.05257,0.0],[-87.89119,43.05237,0.0],[-87.8917,43.05184,0.0],[-87.89322,43.05024,0.0],[-87.89372,43.04971,0.0],[-87.89383,43.0496,0.0],[-87.89415,43.04926,0.0],[-87.89425,43.04915,0.0],[-87.89453,43.04886,0.0],[-87.89538,43.04798,0.0],[-87.89566,43.04768,0.0],[-87.89581,43.04752,0.0],[-87.89627,43.04703,0.0],[-87.89643,43.04687,0.0],[-87.89654,43.04675,0.0],[-87.89689,43.04638,0.0],[-87.89701,43.04626,0.0],[-87.897,43.04638,0.0]]]]}},{"type":"Feature","properties":{"uesi_id":"USA_R251075","nbhd_code":"USA_R251075_209","nbhd_name":"Census Tract 1874, Milwaukee, WI"},"geometry":{"type":"MultiPolygon","coordinates":[[[[-87.91876,43.03469,0.0],[-87.91841,43.03469,0.0],[-87.91747,43.03467,0.0],[-87.91603,43.03466,0.0],[-87.91573,43.03465,0.0],[-87.91486,43.03464,0.0],[-87.91456,43.03464,0.0],[-87.91426,43.03464,0.0],[-87.91336,43.03463,0.0],[-87.91306,43.03463,0.0],[-87.91181,43.03467,0.0],[-87.91121,43.0347,0.0],[-87.91074,43.03468,0.0],[-87.91062,43.03469,0.0],[-87.91055,43.0347,0.0],[-87.91036,43.03473,0.0],[-87.9103,43.03474,0.0],[-87.91029,43.03481,0.0],[-87.91027,43.03491,0.0],[-87.91022,43.0352,0.0],[-87.91018,43.03543,0.0],[-87.91017,43.03555,0.0],[-87.91016,43.0356,0.0],[-87.91011,43.03588,0.0],[-87.91008,43.03608,0.0],[-87.90995,43.03685,0.0],[-87.90999,43.03732,0.0],[-87.91005,43.03807,0.0],[-87.91017,43.03863,0.0],[-87.91013,43.03863,0.0],[-87.91009,43.03862,0.0],[-87.90985,43.03858,0.0],[-87.90977,43.03856,0.0],[-87.90964,43.03854,0.0],[-87.90925,43.03857,0.0],[-87.90912,43.03857,0.0],[-87.90886,43.03859,0.0],[-87.90808,43.03863,0.0],[-87.90783,43.03865,0.0],[-87.90757,43.03867,0.0],[-87.90679,43.03871,0.0],[-87.90653,43.03873,0.0],[-87.90627,43.03875,0.0],[-87.90552,43.03879,0.0],[-87.90527,43.03881,0.0],[-87.90502,43.03882,0.0],[-87.90426,43.03887,0.0],[-87.90401,43.03889,0.0],[-87.90376,43.0389,0.0],[-87.90301,43.03895,0.0],[-87.90277,43.03896,0.0],[-87.90252,43.03898,0.0],[-87.90177,43.03903,0.0],[-87.90153,43.03904,0.0],[-87.90128,43.03906,0.0],[-87.90053,43.0391,0.0],[-87.90028,43.03912,0.0],[-87.90021,43.03912,0.0],[-87.90011,43.03913,0.0],[-87.90006,43.03913,0.0],[-87.89984,43.03919,0.0],[-87.89969,43.03925,0.0],[-87.89965,43.03929,0.0],[-87.89957,43.03936,0.0],[-87.89954,43.03942,0.0],[-87.89952,43.03949,0.0],[-87.89952,43.03961,0.0],[-87.89949,43.04021,0.0],[-87.89948,43.04041,0.0],[-87.89924,43.04042,0.0],[-87.89852,43.04045,0.0],[-87.89828,43.04047,0.0],[-87.89836,43.04035,0.0],[-87.89827,43.04036,0.0],[-87.89827,43.04032,0.0],[-87.89826,43.04022,0.0],[-87.89825,43.04019,0.0],[-87.89825,43.04011,0.0],[-87.89822,43.03988,0.0],[-87.89822,43.03981,0.0],[-87.89818,43.0394,0.0],[-87.89818,43.03935,0.0],[-87.89819,43.03921,0.0],[-87.89832,43.03867,0.0],[-87.89855,43.03804,0.0],[-87.89871,43.03762,0.0],[-87.89874,43.03758,0.0],[-87.89945,43.03675,0.0],[-87.89965,43.03641,0.0],[-87.89968,43.03636,0.0],[-87.89976,43.03623,0.0],[-87.89977,43.03621,0.0],[-87.8998,43.03616,0.0],[-87.89996,43.03591,0.0],[-87.90018,43.03557,0.0],[-87.90037,43.03514,0.0],[-87.90043,43.035,0.0],[-87.90046,43.03486,0.0],[-87.90051,43.03467,0.0],[-87.90053,43.03454,0.0],[-87.90058,43.03424,0.0],[-87.9006,43.03357,0.0],[-87.90061,43.03325,0.0],[-87.90062,43.03303,0.0],[-87.90064,43.03262,0.0],[-87.9006,43.032,0.0],[-87.90057,43.03141,0.0],[-87.90026,43.03033,0.0],[-87.8991,43.02576,0.0],[-87.89893,43.02508,0.0],[-87.89949,43.02506,0.0],[-87.90123,43.02499,0.0],[-87.90148,43.02502,0.0],[-87.90166,43.02504,0.0],[-87.90238,43.02513,0.0],[-87.90246,43.0252,0.0],[-87.90271,43.02542,0.0],[-87.9028,43.02549,0.0],[-87.90296,43.02563,0.0],[-87.90322,43.02599,0.0],[-87.90372,43.02667,0.0],[-87.90453,43.02749,0.0],[-87.90483,43.0278,0.0],[-87.90499,43.02797,0.0],[-87.90506,43.02791,0.0],[-87.90518,43.02781,0.0],[-87.90525,43.02775,0.0],[-87.90532,43.02769,0.0],[-87.90546,43.02758,0.0],[-87.90587,43.02724,0.0],[-87.90601,43.02713,0.0],[-87.90602,43.02714,0.0],[-87.90605,43.02718,0.0],[-87.90606,43.02719,0.0],[-87.90609,43.02721,0.0],[-87.90613,43.02727,0.0],[-87.90615,43.02729,0.0],[-87.9065,43.02714,0.0],[-87.9066,43.02709,0.0],[-87.90681,43.02708,0.0],[-87.90762,43.02709,0.0],[-87.90799,43.02709,0.0],[-87.90814,43.02709,0.0],[-87.90859,43.02709,0.0],[-87.90874,43.02709,0.0],[-87.90883,43.02709,0.0],[-87.9089,43.0271,0.0],[-87.90911,43.02716,0.0],[-87.9092,43.02719,0.0],[-87.90929,43.02722,0.0],[-87.90958,43.02732,0.0],[-87.90967,43.02735,0.0],[-87.90975,43.02735,0.0],[-87.90998,43.02735,0.0],[-87.91005,43.02735,0.0],[-87.91025,43.02735,0.0],[-87.91083,43.02735,0.0],[-87.91103,43.02735,0.0],[-87.91134,43.02736,0.0],[-87.91227,43.02736,0.0],[-87.91259,43.02736,0.0],[-87.91287,43.02736,0.0],[-87.91371,43.02736,0.0],[-87.91399,43.02736,0.0],[-87.91429,43.02737,0.0],[-87.91521,43.02737,0.0],[-87.91541,43.02737,0.0],[-87.91552,43.02737,0.0],[-87.91578,43.02737,0.0],[-87.91655,43.02737,0.0],[-87.91681,43.02737,0.0],[-87.91725,43.02713,0.0],[-87.91728,43.02704,0.0],[-87.91736,43.02678,0.0],[-87.91738,43.02669,0.0],[-87.91745,43.02673,0.0],[-87.91749,43.02676,0.0],[-87.91761,43.0269,0.0],[-87.91767,43.02696,0.0],[-87.91771,43.02701,0.0],[-87.91786,43.02717,0.0],[-87.9179,43.02722,0.0],[-87.91795,43.02727,0.0],[-87.91805,43.0274,0.0],[-87.91807,43.02743,0.0],[-87.9181,43.02749,0.0],[-87.91813,43.02754,0.0],[-87.91818,43.02761,0.0],[-87.9182,43.02772,0.0],[-87.91822,43.02778,0.0],[-87.91822,43.02798,0.0],[-87.91821,43.02839,0.0],[-87.91821,43.02861,0.0],[-87.91821,43.02882,0.0],[-87.91821,43.02896,0.0],[-87.91821,43.02926,0.0],[-87.91821,43.02937,0.0],[-87.91821,43.02939,0.0],[-87.91821,43.02951,0.0],[-87.91823,43.02958,0.0],[-87.91824,43.02965,0.0],[-87.9183,43.02987,0.0],[-87.91841,43.03028,0.0],[-87.9185,43.03096,0.0],[-87.91853,43.03119,0.0],[-87.91854,43.03133,0.0],[-87.91854,43.03136,0.0],[-87.91855,43.03146,0.0],[-87.91855,43.0315,0.0],[-87.91855,43.03153,0.0],[-87.91856,43.03162,0.0],[-87.91856,43.03165,0.0],[-87.91859,43.03196,0.0],[-87.91865,43.03277,0.0],[-87.91866,43.03291,0.0],[-87.91867,43.033,0.0],[-87.91869,43.03322,0.0],[-87.9187,43.03332,0.0],[-87.9187,43.03335,0.0],[-87.9187,43.03338,0.0],[-87.91871,43.03373,0.0],[-87.91872,43.03386,0.0],[-87.91872,43.03387,0.0],[-87.91872,43.03393,0.0],[-87.91872,43.03394,0.0],[-87.91872,43.03406,0.0],[-87.91876,43.03469,0.0]]]]}},{"type":"Feature","properties":{"uesi_id":"USA_R251075","nbhd_code":"USA_R251075_210","nbhd_name":"Census Tract 9800, Milwaukee, WI"},"geometry":{"type":"MultiPolygon","coordinates":[[[[-87.90062,43.03303,0.0],[-87.90061,43.03325,0.0],[-87.9006,43.03357,0.0],[-87.90058,43.03424,0.0],[-87.90053,43.03454,0.0],[-87.90051,43.03467,0.0],[-87.90046,43.03486,0.0],[-87.90043,43.035,0.0],[-87.90037,43.03514,0.0],[-87.90018,43.03557,0.0],[-87.89996,43.03591,0.0],[-87.8998,43.03616,0.0],[-87.89977,43.03621,0.0],[-87.89976,43.03623,0.0],[-87.89968,43.03636,0.0],[-87.89965,43.03641,0.0],[-87.89945,43.03675,0.0],[-87.89874,43.03758,0.0],[-87.89871,43.03762,0.0],[-87.89855,43.03804,0.0],[-87.89832,43.03867,0.0],[-87.89819,43.03921,0.0],[-87.89818,43.03935,0.0],[-87.89818,43.0394,0.0],[-87.89822,43.03981,0.0],[-87.89822,43.03988,0.0],[-87.89825,43.04011,0.0],[-87.89825,43.04019,0.0],[-87.89826,43.04022,0.0],[-87.89827,43.04032,0.0],[-87.89827,43.04036,0.0],[-87.89836,43.04035,0.0],[-87.89828,43.04047,0.0],[-87.89852,43.04045,0.0],[-87.89924,43.04042,0.0],[-87.89948,43.04041,0.0],[-87.89939,43.04065,0.0],[-87.8992,43.04118,0.0],[-87.89922,43.04139,0.0],[-87.89925,43.04165,0.0],[-87.89928,43.04194,0.0],[-87.8993,43.04215,0.0],[-87.89938,43.0428,0.0],[-87.89942,43.04309,0.0],[-87.89854,43.04305,0.0],[-87.89849,43.04305,0.0],[-87.89633,43.04445,0.0],[-87.8956,43.04493,0.0],[-87.89544,43.0452,0.0],[-87.8951,43.04565,0.0],[-87.89468,43.04621,0.0],[-87.89463,43.04626,0.0],[-87.89359,43.04747,0.0],[-87.89202,43.04915,0.0],[-87.8913,43.04989,0.0],[-87.89015,43.05107,0.0],[-87.88969,43.05145,0.0],[-87.88965,43.05149,0.0],[-87.88895,43.052,0.0],[-87.88807,43.05259,0.0],[-87.88803,43.05262,0.0],[-87.88747,43.05297,0.0],[-87.88728,43.05322,0.0],[-87.88668,43.05397,0.0],[-87.88648,43.05422,0.0],[-87.88652,43.05409,0.0],[-87.88652,43.05403,0.0],[-87.88653,43.05392,0.0],[-87.8865,43.05373,0.0],[-87.88644,43.05363,0.0],[-87.88631,43.05356,0.0],[-87.88614,43.05347,0.0],[-87.88567,43.05355,0.0],[-87.88518,43.0536,0.0],[-87.88496,43.05361,0.0],[-87.88472,43.05363,0.0],[-87.88425,43.05363,0.0],[-87.88375,43.05368,0.0],[-87.88357,43.0537,0.0],[-87.88316,43.05377,0.0],[-87.88284,43.05385,0.0],[-87.88248,43.05395,0.0],[-87.88169,43.05433,0.0],[-87.88153,43.05444,0.0],[-87.88085,43.05494,0.0],[-87.88058,43.05516,0.0],[-87.88021,43.05543,0.0],[-87.87995,43.05563,0.0],[-87.87977,43.05576,0.0],[-87.87905,43.05631,0.0],[-87.87859,43.05666,0.0],[-87.87807,43.05707,0.0],[-87.87745,43.05756,0.0],[-87.87744,43.05757,0.0],[-87.87728,43.05773,0.0],[-87.87772,43.0578,0.0],[-87.87798,43.05788,0.0],[-87.87817,43.05798,0.0],[-87.87842,43.05804,0.0],[-87.87863,43.05811,0.0],[-87.87883,43.05822,0.0],[-87.87894,43.05833,0.0],[-87.87903,43.05849,0.0],[-87.87905,43.05867,0.0],[-87.87903,43.05883,0.0],[-87.87895,43.05896,0.0],[-87.87837,43.05946,0.0],[-87.87797,43.05967,0.0],[-87.87792,43.05976,0.0],[-87.8779,43.05984,0.0],[-87.87793,43.05988,0.0],[-87.878,43.06,0.0],[-87.87806,43.06003,0.0],[-87.87814,43.06006,0.0],[-87.87821,43.06006,0.0],[-87.87831,43.06004,0.0],[-87.87839,43.06001,0.0],[-87.87868,43.05982,0.0],[-87.87892,43.0597,0.0],[-87.87925,43.05944,0.0],[-87.87937,43.0594,0.0],[-87.8793,43.05951,0.0],[-87.87898,43.05987,0.0],[-87.87873,43.06009,0.0],[-87.87856,43.06023,0.0],[-87.87826,43.06032,0.0],[-87.87802,43.06035,0.0],[-87.87786,43.06036,0.0],[-87.87763,43.06039,0.0],[-87.87742,43.06043,0.0],[-87.87719,43.0605,0.0],[-87.87697,43.06059,0.0],[-87.87679,43.06068,0.0],[-87.87664,43.06078,0.0],[-87.8765,43.06088,0.0],[-87.87638,43.06099,0.0],[-87.8752,43.06221,0.0],[-87.87488,43.06255,0.0],[-87.87391,43.06355,0.0],[-87.87358,43.06389,0.0],[-87.87327,43.06422,0.0],[-87.87326,43.06425,0.0],[-87.87312,43.06444,0.0],[-87.873,43.06465,0.0],[-87.8729,43.06491,0.0],[-87.87285,43.06509,0.0],[-87.87281,43.06531,0.0],[-87.8728,43.06561,0.0],[-87.8728,43.06564,0.0],[-87.87282,43.06589,0.0],[-87.87287,43.06609,0.0],[-87.87296,43.06634,0.0],[-87.87323,43.06703,0.0],[-87.87326,43.06709,0.0],[-87.87341,43.06732,0.0],[-87.87329,43.06771,0.0],[-87.87294,43.06888,0.0],[-87.87283,43.06927,0.0],[-87.87272,43.06961,0.0],[-87.87242,43.07062,0.0],[-87.87232,43.07096,0.0],[-87.87229,43.07132,0.0],[-87.87218,43.07241,0.0],[-87.87215,43.07277,0.0],[-87.87211,43.07314,0.0],[-87.87202,43.07425,0.0],[-87.87199,43.07462,0.0],[-87.87171,43.07469,0.0],[-87.87113,43.07469,0.0],[-87.86966,43.07469,0.0],[-87.86853,43.07469,0.0],[-87.86767,43.07469,0.0],[-87.86753,43.07469,0.0],[-87.86727,43.07469,0.0],[-87.8671,43.07469,0.0],[-87.86696,43.07469,0.0],[-87.86685,43.07469,0.0],[-87.86622,43.07464,0.0],[-87.86522,43.07456,0.0],[-87.86402,43.07447,0.0],[-87.86328,43.07441,0.0],[-87.85854,43.07428,0.0],[-87.85832,43.06976,0.0],[-87.86584,43.06065,0.0],[-87.87086,43.05552,0.0],[-87.87118,43.05527,0.0],[-87.87588,43.05143,0.0],[-87.87389,43.04792,0.0],[-87.87433,43.04437,0.0],[-87.87551,43.04345,0.0],[-87.87812,43.04232,0.0],[-87.88149,43.04088,0.0],[-87.88399,43.0398,0.0],[-87.88842,43.03369,0.0],[-87.88927,43.02562,0.0],[-87.8944,43.02546,0.0],[-87.89498,43.02541,0.0],[-87.89581,43.02534,0.0],[-87.89596,43.02533,0.0],[-87.89608,43.02532,0.0],[-87.89616,43.02531,0.0],[-87.8962,43.02531,0.0],[-87.89671,43.02526,0.0],[-87.89826,43.02513,0.0],[-87.89867,43.0251,0.0],[-87.89877,43.02509,0.0],[-87.89893,43.02508,0.0],[-87.8991,43.02576,0.0],[-87.90026,43.03033,0.0],[-87.90057,43.03141,0.0],[-87.9006,43.032,0.0],[-87.90064,43.03262,0.0],[-87.90062,43.03303,0.0]]]]}},{"type":"Feature","properties":{"uesi_id":"USA_R251075","nbhd_code":"USA_R251075_211","nbhd_name":"Census Tract 4702.04, Washington, WI"},"geometry":{"type":"MultiPolygon","coordinates":[[[[-88.10319,43.22095,0.0],[-88.10268,43.22094,0.0],[-88.10233,43.22095,0.0],[-88.10146,43.22099,0.0],[-88.10057,43.22103,0.0],[-88.09974,43.22103,0.0],[-88.09888,43.22104,0.0],[-88.09851,43.22104,0.0],[-88.09742,43.22104,0.0],[-88.09705,43.22104,0.0],[-88.09611,43.22105,0.0],[-88.09329,43.22105,0.0],[-88.09235,43.22106,0.0],[-88.09201,43.22106,0.0],[-88.09134,43.22106,0.0],[-88.08854,43.22107,0.0],[-88.08832,43.22107,0.0],[-88.08731,43.22107,0.0],[-88.08658,43.22107,0.0],[-88.08493,43.22107,0.0],[-88.08439,43.22106,0.0],[-88.08366,43.22105,0.0],[-88.0822,43.22102,0.0],[-88.08168,43.22102,0.0],[-88.07859,43.22102,0.0],[-88.07719,43.22102,0.0],[-88.07657,43.22103,0.0],[-88.07574,43.22104,0.0],[-88.07526,43.22103,0.0],[-88.07376,43.22104,0.0],[-88.07269,43.22104,0.0],[-88.07176,43.22105,0.0],[-88.07164,43.22106,0.0],[-88.06881,43.22106,0.0],[-88.06578,43.22111,0.0],[-88.0649,43.22112,0.0],[-88.06379,43.22112,0.0],[-88.06377,43.21985,0.0],[-88.06371,43.21631,0.0],[-88.0637,43.21603,0.0],[-88.06369,43.21543,0.0],[-88.06369,43.21476,0.0],[-88.06367,43.21314,0.0],[-88.06363,43.2099,0.0],[-88.06359,43.20891,0.0],[-88.06356,43.20829,0.0],[-88.06354,43.20758,0.0],[-88.06352,43.20667,0.0],[-88.06351,43.20558,0.0],[-88.06346,43.20232,0.0],[-88.06346,43.20169,0.0],[-88.06345,43.20123,0.0],[-88.06344,43.19998,0.0],[-88.06344,43.19873,0.0],[-88.0634,43.19621,0.0],[-88.06339,43.19496,0.0],[-88.06338,43.19481,0.0],[-88.06338,43.19477,0.0],[-88.06338,43.19439,0.0],[-88.06336,43.19333,0.0],[-88.06335,43.19268,0.0],[-88.06335,43.19212,0.0],[-88.06359,43.19212,0.0],[-88.06429,43.19212,0.0],[-88.06479,43.19212,0.0],[-88.06543,43.19212,0.0],[-88.06557,43.19212,0.0],[-88.06569,43.19212,0.0],[-88.06615,43.19211,0.0],[-88.07014,43.1921,0.0],[-88.07034,43.1921,0.0],[-88.07363,43.19207,0.0],[-88.07737,43.19204,0.0],[-88.0779,43.19204,0.0],[-88.08152,43.192,0.0],[-88.08192,43.19199,0.0],[-88.08204,43.19199,0.0],[-88.08277,43.19199,0.0],[-88.08287,43.19199,0.0],[-88.08297,43.19199,0.0],[-88.08305,43.19199,0.0],[-88.0831,43.19199,0.0],[-88.08313,43.19199,0.0],[-88.08323,43.19199,0.0],[-88.08368,43.19198,0.0],[-88.0838,43.19198,0.0],[-88.08406,43.19198,0.0],[-88.08474,43.19199,0.0],[-88.08492,43.19199,0.0],[-88.08728,43.19197,0.0],[-88.08746,43.19196,0.0],[-88.08823,43.19196,0.0],[-88.08924,43.19194,0.0],[-88.09011,43.19194,0.0],[-88.09024,43.19192,0.0],[-88.09197,43.19192,0.0],[-88.09402,43.1919,0.0],[-88.09657,43.19189,0.0],[-88.09755,43.19188,0.0],[-88.09995,43.19187,0.0],[-88.10012,43.19187,0.0],[-88.10116,43.19187,0.0],[-88.10204,43.1919,0.0],[-88.1029,43.19194,0.0],[-88.10306,43.19194,0.0],[-88.10306,43.19203,0.0],[-88.10303,43.19257,0.0],[-88.10305,43.19292,0.0],[-88.10307,43.1945,0.0],[-88.10308,43.19515,0.0],[-88.10308,43.19553,0.0],[-88.10308,43.19571,0.0],[-88.10309,43.1967,0.0],[-88.10309,43.19708,0.0],[-88.1031,43.19796,0.0],[-88.10311,43.19862,0.0],[-88.10311,43.20058,0.0],[-88.10311,43.20076,0.0],[-88.10311,43.20145,0.0],[-88.10311,43.20149,0.0],[-88.10311,43.20159,0.0],[-88.10311,43.20163,0.0],[-88.10311,43.20176,0.0],[-88.1031,43.20217,0.0],[-88.1031,43.2023,0.0],[-88.1031,43.20284,0.0],[-88.1031,43.20313,0.0],[-88.10308,43.2051,0.0],[-88.10308,43.20562,0.0],[-88.10309,43.20645,0.0],[-88.10309,43.2067,0.0],[-88.10309,43.20748,0.0],[-88.10309,43.20774,0.0],[-88.10309,43.20805,0.0],[-88.10309,43.20897,0.0],[-88.10309,43.20928,0.0],[-88.1031,43.21017,0.0],[-88.10311,43.21167,0.0],[-88.10311,43.21283,0.0],[-88.10312,43.21372,0.0],[-88.10312,43.21388,0.0],[-88.10312,43.21434,0.0],[-88.10312,43.2145,0.0],[-88.10312,43.21486,0.0],[-88.10313,43.21593,0.0],[-88.10313,43.21629,0.0],[-88.10314,43.21722,0.0],[-88.10317,43.21979,0.0],[-88.10317,43.22002,0.0],[-88.10319,43.22095,0.0]]]]}},{"type":"Feature","properties":{"uesi_id":"USA_R251075","nbhd_code":"USA_R251075_212","nbhd_name":"Census Tract 2004, Waukesha, WI"},"geometry":{"type":"MultiPolygon","coordinates":[[[[-88.14228,43.13381,0.0],[-88.14223,43.13535,0.0],[-88.14223,43.13573,0.0],[-88.14222,43.13618,0.0],[-88.1422,43.13647,0.0],[-88.1422,43.13672,0.0],[-88.1422,43.13677,0.0],[-88.14217,43.13744,0.0],[-88.14212,43.13981,0.0],[-88.14213,43.14008,0.0],[-88.14209,43.14205,0.0],[-88.14207,43.14275,0.0],[-88.14202,43.14447,0.0],[-88.14198,43.14563,0.0],[-88.14197,43.14625,0.0],[-88.14196,43.14636,0.0],[-88.14195,43.14684,0.0],[-88.14192,43.14769,0.0],[-88.14191,43.14824,0.0],[-88.13964,43.14828,0.0],[-88.13941,43.14829,0.0],[-88.13594,43.14834,0.0],[-88.13432,43.14837,0.0],[-88.13133,43.14841,0.0],[-88.1275,43.14845,0.0],[-88.12428,43.14849,0.0],[-88.1235,43.14849,0.0],[-88.11717,43.14844,0.0],[-88.11405,43.14842,0.0],[-88.11144,43.14838,0.0],[-88.1082,43.14837,0.0],[-88.1081,43.14837,0.0],[-88.1045,43.14835,0.0],[-88.10438,43.14835,0.0],[-88.10377,43.14836,0.0],[-88.10311,43.14835,0.0],[-88.10277,43.14836,0.0],[-88.10232,43.14831,0.0],[-88.10213,43.1483,0.0],[-88.10024,43.14831,0.0],[-88.09709,43.14833,0.0],[-88.09676,43.14834,0.0],[-88.09656,43.14833,0.0],[-88.09616,43.14834,0.0],[-88.09436,43.14835,0.0],[-88.09075,43.14837,0.0],[-88.09053,43.14837,0.0],[-88.08875,43.14838,0.0],[-88.0871,43.14838,0.0],[-88.08581,43.14839,0.0],[-88.08557,43.14838,0.0],[-88.085,43.14839,0.0],[-88.08457,43.14839,0.0],[-88.08448,43.14839,0.0],[-88.0844,43.14838,0.0],[-88.08389,43.14838,0.0],[-88.08127,43.14832,0.0],[-88.08119,43.14831,0.0],[-88.07945,43.14828,0.0],[-88.07757,43.14824,0.0],[-88.07697,43.14823,0.0],[-88.07546,43.14824,0.0],[-88.07479,43.14824,0.0],[-88.0741,43.14821,0.0],[-88.0738,43.1482,0.0],[-88.07315,43.14818,0.0],[-88.07251,43.14817,0.0],[-88.07221,43.14816,0.0],[-88.07177,43.14816,0.0],[-88.07114,43.14814,0.0],[-88.06793,43.14806,0.0],[-88.06728,43.14804,0.0],[-88.06652,43.14801,0.0],[-88.06509,43.14799,0.0],[-88.0644,43.14799,0.0],[-88.06464,43.14205,0.0],[-88.06472,43.14183,0.0],[-88.06472,43.14155,0.0],[-88.06473,43.14133,0.0],[-88.0648,43.1403,0.0],[-88.06487,43.13922,0.0],[-88.0649,43.13854,0.0],[-88.06495,43.13744,0.0],[-88.06498,43.13687,0.0],[-88.06503,43.13571,0.0],[-88.06504,43.13537,0.0],[-88.06506,43.13471,0.0],[-88.06506,43.13469,0.0],[-88.06506,43.13457,0.0],[-88.06508,43.13354,0.0],[-88.06514,43.13137,0.0],[-88.06514,43.13129,0.0],[-88.06512,43.12947,0.0],[-88.06515,43.12859,0.0],[-88.06523,43.12634,0.0],[-88.06523,43.12633,0.0],[-88.06525,43.12587,0.0],[-88.06526,43.12566,0.0],[-88.06527,43.12541,0.0],[-88.06562,43.12542,0.0],[-88.0656,43.1245,0.0],[-88.0656,43.12249,0.0],[-88.0656,43.12182,0.0],[-88.06559,43.12068,0.0],[-88.06559,43.12059,0.0],[-88.06559,43.12046,0.0],[-88.06559,43.12044,0.0],[-88.06557,43.11922,0.0],[-88.06558,43.1191,0.0],[-88.06564,43.11909,0.0],[-88.06572,43.11909,0.0],[-88.06595,43.1191,0.0],[-88.06605,43.1191,0.0],[-88.06647,43.1191,0.0],[-88.06659,43.1191,0.0],[-88.06691,43.11911,0.0],[-88.06768,43.11912,0.0],[-88.06793,43.11912,0.0],[-88.06828,43.11913,0.0],[-88.06956,43.11913,0.0],[-88.06985,43.11914,0.0],[-88.07008,43.11915,0.0],[-88.07033,43.11914,0.0],[-88.07093,43.11915,0.0],[-88.07117,43.11915,0.0],[-88.07156,43.11916,0.0],[-88.07208,43.11916,0.0],[-88.07271,43.11916,0.0],[-88.0734,43.11917,0.0],[-88.07394,43.11917,0.0],[-88.07421,43.11918,0.0],[-88.07449,43.11918,0.0],[-88.07541,43.11917,0.0],[-88.0771,43.11918,0.0],[-88.0771,43.11915,0.0],[-88.07712,43.11867,0.0],[-88.07713,43.1185,0.0],[-88.07727,43.11853,0.0],[-88.07763,43.1186,0.0],[-88.07817,43.11869,0.0],[-88.07859,43.11876,0.0],[-88.07884,43.11879,0.0],[-88.07923,43.11884,0.0],[-88.07997,43.11891,0.0],[-88.08035,43.11893,0.0],[-88.08094,43.11896,0.0],[-88.0811,43.11897,0.0],[-88.08189,43.11899,0.0],[-88.08243,43.11899,0.0],[-88.08266,43.11899,0.0],[-88.08295,43.119,0.0],[-88.08425,43.11902,0.0],[-88.08446,43.11903,0.0],[-88.08476,43.11902,0.0],[-88.08493,43.11902,0.0],[-88.08529,43.11903,0.0],[-88.08548,43.11903,0.0],[-88.08604,43.11905,0.0],[-88.08673,43.11907,0.0],[-88.08687,43.11908,0.0],[-88.08825,43.11911,0.0],[-88.08876,43.11912,0.0],[-88.09035,43.11915,0.0],[-88.09092,43.11915,0.0],[-88.09208,43.11914,0.0],[-88.09368,43.11912,0.0],[-88.09483,43.11911,0.0],[-88.09625,43.1191,0.0],[-88.09752,43.1191,0.0],[-88.09906,43.1191,0.0],[-88.10324,43.1191,0.0],[-88.10368,43.1191,0.0],[-88.10528,43.11913,0.0],[-88.10665,43.11915,0.0],[-88.10721,43.11917,0.0],[-88.10902,43.1192,0.0],[-88.10923,43.1192,0.0],[-88.10957,43.11925,0.0],[-88.11276,43.11926,0.0],[-88.11521,43.11925,0.0],[-88.11528,43.11926,0.0],[-88.11597,43.11927,0.0],[-88.11617,43.11927,0.0],[-88.11668,43.11926,0.0],[-88.11728,43.11926,0.0],[-88.12018,43.11927,0.0],[-88.12292,43.11928,0.0],[-88.1245,43.11928,0.0],[-88.12723,43.11927,0.0],[-88.12773,43.11926,0.0],[-88.12833,43.11926,0.0],[-88.12873,43.11925,0.0],[-88.12937,43.11924,0.0],[-88.12995,43.11924,0.0],[-88.13236,43.11922,0.0],[-88.13485,43.11921,0.0],[-88.13507,43.1192,0.0],[-88.13507,43.1194,0.0],[-88.13507,43.11943,0.0],[-88.13506,43.1204,0.0],[-88.13504,43.12105,0.0],[-88.13504,43.12132,0.0],[-88.13503,43.1218,0.0],[-88.13502,43.12191,0.0],[-88.13502,43.12222,0.0],[-88.13497,43.12435,0.0],[-88.13497,43.12449,0.0],[-88.13496,43.12553,0.0],[-88.13494,43.12634,0.0],[-88.13492,43.12712,0.0],[-88.13492,43.12791,0.0],[-88.1349,43.12837,0.0],[-88.1349,43.12841,0.0],[-88.13489,43.12856,0.0],[-88.13489,43.12872,0.0],[-88.13489,43.12928,0.0],[-88.13489,43.12961,0.0],[-88.13488,43.12979,0.0],[-88.13488,43.1301,0.0],[-88.13483,43.1317,0.0],[-88.13483,43.1323,0.0],[-88.13481,43.13332,0.0],[-88.1348,43.13376,0.0],[-88.13646,43.13374,0.0],[-88.13841,43.13374,0.0],[-88.1397,43.13372,0.0],[-88.14004,43.13372,0.0],[-88.14042,43.13372,0.0],[-88.14075,43.13372,0.0],[-88.14129,43.13371,0.0],[-88.14229,43.13371,0.0],[-88.14228,43.13381,0.0]]]]}}]}